1.341032279902420e-07
1.000000000000000e-12
1.000000000000000e-17
3.533356156509461e-01
1.930613209295304e-01
1.095313214449017e+00
-1.500017464083440e+00
1.901109735892602e-07
64
64
3.995488492607833e-01
1
0 0 -1.000272903697599e+00 -1.883351657629938e-03 -9.598163640264595e-04 -1.007733309971981e+00
0 1 -1.000273376042163e+00 -1.884755638239466e-03 -9.584170175275927e-04 -1.007728976561980e+00
0 2 -1.000273866064218e+00 -1.886165037900218e-03 -9.570728414283205e-04 -1.007724521929136e+00
0 3 -1.000274369660264e+00 -1.887564665662065e-03 -9.558043152970890e-04 -1.007719991044148e+00
0 4 -1.000274882926069e+00 -1.888939974545230e-03 -9.546293166059324e-04 -1.007715428184192e+00
0 5 -1.000275402141710e+00 -1.890277150958506e-03 -9.535629495434337e-04 -1.007710876703549e+00
0 6 -1.000275923752327e+00 -1.891563230426604e-03 -9.526173769712241e-04 -1.007706378707084e+00
0 7 -1.000276444349136e+00 -1.892786242023077e-03 -9.518016538764291e-04 -1.007701974620277e+00
0 8 -1.000276960652464e+00 -1.893935364245860e-03 -9.511215992059648e-04 -1.007697702704900e+00
0 9 -1.000277469495375e+00 -1.895001063591034e-03 -9.505797593362429e-04 -1.007693598604783e+00
0 10 -1.000277967803983e+00 -1.895975187308308e-03 -9.501755052169270e-04 -1.007689695009585e+00
0 11 -1.000278452570370e+00 -1.896850993005167e-03 -9.499052735653611e-04 -1.007686021494738e+00
0 12 -1.000278920816499e+00 -1.897623114796882e-03 -9.497629260390092e-04 -1.007682604544058e+00
0 13 -1.000279369551714e+00 -1.898287481058372e-03 -9.497401750897035e-04 -1.007679467710598e+00
0 14 -1.000279795730415e+00 -1.898841206432480e-03 -9.498270203041308e-04 -1.007676631843004e+00
0 15 -1.000280196218593e+00 -1.899282478940290e-03 -9.500121543441833e-04 -1.007674115307534e+00
0 16 -1.000280567777263e+00 -1.899610454526858e-03 -9.502833256618902e-04 -1.007671934162485e+00
0 17 -1.000280907067668e+00 -1.899825160862718e-03 -9.506276743601926e-04 -1.007670102276588e+00
0 18 -1.000281210678541e+00 -1.899927404141525e-03 -9.510320759368102e-04 -1.007668631411211e+00
0 19 -1.000281475171761e+00 -1.899918669905726e-03 -9.514835275007258e-04 -1.007667531297282e+00
0 20 -1.000281697141087e+00 -1.899801012386502e-03 -9.519695923139517e-04 -1.007666809727990e+00
0 21 -1.000281873279569e+00 -1.899576934883554e-03 -9.524788882609848e-04 -1.007666472662993e+00
0 22 -1.000282000453652e+00 -1.899249272940855e-03 -9.530015751569186e-04 -1.007666524312633e+00
0 23 -1.000282075784087e+00 -1.898821098493472e-03 -9.535297766388683e-04 -1.007666967155626e+00
0 24 -1.000282096734527e+00 -1.898295663565885e-03 -9.540578742936131e-04 -1.007667801848160e+00
0 25 -1.000282061207688e+00 -1.897676395515724e-03 -9.545826366886297e-04 -1.007669027004781e+00
0 26 -1.000281967646576e+00 -1.896966944420310e-03 -9.551031846268457e-04 -1.007670638863416e+00
0 27 -1.000281815135595e+00 -1.896171271606797e-03 -9.556208283156079e-04 -1.007672630876417e+00
0 28 -1.000281603494378e+00 -1.895293760948209e-03 -9.561388260335337e-04 -1.007674993286353e+00
0 29 -1.000281333356560e+00 -1.894339333119719e-03 -9.566621022379015e-04 -1.007677712746396e+00
0 30 -1.000281006225782e+00 -1.893313546431860e-03 -9.571969337361641e-04 -1.007680772035376e+00
0 31 -1.000280624501829e+00 -1.892222673915242e-03 -9.577505816311418e-04 -1.007684149903492e+00
0 32 -1.000280191471619e+00 -1.891073752981824e-03 -9.583308318149079e-04 -1.007687821067801e+00
0 33 -1.000279711263891e+00 -1.889874609508099e-03 -9.589454192361129e-04 -1.007691756355561e+00
0 34 -1.000279188772564e+00 -1.888633861437903e-03 -9.596013486466186e-04 -1.007695922968951e+00
0 35 -1.000278629560007e+00 -1.887360908072214e-03 -9.603041693716669e-04 -1.007700284822633e+00
0 36 -1.000278039754934e+00 -1.886065911001896e-03 -9.610572903792344e-04 -1.007704802893813e+00
0 37 -1.000277425958474e+00 -1.884759771324581e-03 -9.618614203371784e-04 -1.007709435530294e+00
0 38 -1.000276795165505e+00 -1.883454104418675e-03 -9.627141883416513e-04 -1.007714138689023e+00
0 39 -1.000276154698661e+00 -1.882161207833299e-03 -9.636099599528827e-04 -1.007718866121250e+00
0 40 -1.000275512143213e+00 -1.880894011696952e-03 -9.645398277848524e-04 -1.007723569564840e+00
0 41 -1.000274875266894e+00 -1.879665997414828e-03 -9.654917388993177e-04 -1.007728199029007e+00
0 42 -1.000274251911922e+00 -1.878491070976692e-03 -9.664507267513115e-04 -1.007732703249342e+00
0 43 -1.000273649855667e+00 -1.877383381734190e-03 -9.673992369441067e-04 -1.007737030354393e+00
0 44 -1.000273076647618e+00 -1.876357085068008e-03 -9.683175587356311e-04 -1.007741128733550e+00
0 45 -1.000272539438797e+00 -1.875426056466446e-03 -9.691843833751633e-04 -1.007744948047353e+00
0 46 -1.000272044822460e+00 -1.874603572458581e-03 -9.699775004818180e-04 -1.007748440292524e+00
0 47 -1.000271598700635e+00 -1.873901977565223e-03 -9.706746200031796e-04 -1.007751560835999e+00
0 48 -1.000271206182216e+00 -1.873332355371643e-03 -9.712542794148220e-04 -1.007754269361175e+00
0 49 -1.000270871509323e+00 -1.872904218755506e-03 -9.716967721451114e-04 -1.007756530706100e+00
0 50 -1.000270598004193e+00 -1.872625232369002e-03 -9.719850205787326e-04 -1.007758315594239e+00
0 51 -1.000270388030517e+00 -1.872500979774191e-03 -9.721053212503978e-04 -1.007759601256477e+00
0 52 -1.000270242968438e+00 -1.872534785687838e-03 -9.720479126796818e-04 -1.007760371928855e+00
0 53 -1.000270163207626e+00 -1.872727599114812e-03 -9.718073512496162e-04 -1.007760619200005e+00
0 54 -1.000270148165059e+00 -1.873077937301716e-03 -9.713827139742773e-04 -1.007760342182053e+00
0 55 -1.000270196332927e+00 -1.873581886604572e-03 -9.707776647024953e-04 -1.007759547486875e+00
0 56 -1.000270305358147e+00 -1.874233156685876e-03 -9.700004147428006e-04 -1.007758249001295e+00
0 57 -1.000270472149948e+00 -1.875023188695032e-03 -9.690635833427911e-04 -1.007756467466199e+00
0 58 -1.000270693007752e+00 -1.875941323560031e-03 -9.679839316776102e-04 -1.007754229872708e+00
0 59 -1.000270963759577e+00 -1.876975038828778e-03 -9.667819251592975e-04 -1.007751568693864e+00
0 60 -1.000271279901474e+00 -1.878110257506041e-03 -9.654810883151756e-04 -1.007748520978838e+00
0 61 -1.000271636730147e+00 -1.879331719137043e-03 -9.641071564174879e-04 -1.007745127354100e+00
0 62 -1.000272029462598e+00 -1.880623386120680e-03 -9.626870842180998e-04 -1.007741431000001e+00
0 63 -1.000272453337922e+00 -1.881968844681137e-03 -9.612480194940270e-04 -1.007737476689283e+00
1 0 -1.000273444370885e+00 -1.882934746096164e-03 -9.637347071019003e-04 -1.007732733490873e+00
1 1 -1.000273916132314e+00 -1.884343774975449e-03 -9.623198827115075e-04 -1.007728400334190e+00
1 2 -1.000274403848912e+00 -1.885753871883234e-03 -9.609647378824302e-04 -1.007723959802705e+00
1 3 -1.000274903440520e+00 -1.887149816383076e-03 -9.596899298596733e-04 -1.007719456682434e+00
1 4 -1.000275411049451e+00 -1.888517096662529e-03 -9.585134365621937e-04 -1.007714934872267e+00
1 5 -1.000275923025500e+00 -1.889841995406672e-03 -9.574503887251328e-04 -1.007710437171484e+00
1 6 -1.000276435904306e+00 -1.891111697090462e-03 -9.565129161114568e-04 -1.007706004983552e+00
1 7 -1.000276946383889e+00 -1.892314422199167e-03 -9.557099991508246e-04 -1.007701677921252e+00
1 8 -1.000277451302264e+00 -1.893439574087315e-03 -9.550473549711880e-04 -1.007697493353469e+00
1 9 -1.000277947616241e+00 -1.894477871910678e-03 -9.545274050486307e-04 -1.007693485971727e+00
1 10 -1.000278432379045e+00 -1.895421442279831e-03 -9.541493652121335e-04 -1.007689687460717e+00
1 11 -1.000278902713318e+00 -1.896263851766596e-03 -9.539094726199987e-04 -1.007686126331735e+00
1 12 -1.000279355777237e+00 -1.897000077177279e-03 -9.538013310969901e-04 -1.007682827933231e+00
1 13 -1.000279788724487e+00 -1.897626424607798e-03 -9.538163305413713e-04 -1.007679814606765e+00
1 14 -1.000280198662653e+00 -1.898140416966384e-03 -9.539440881703456e-04 -1.007677105925603e+00
1 15 -1.000280582617715e+00 -1.898540670647160e-03 -9.541728704485328e-04 -1.007674718946654e+00
1 16 -1.000280937513121e+00 -1.898826776187067e-03 -9.544899779364477e-04 -1.007672668424112e+00
1 17 -1.000281260169789e+00 -1.898999188497625e-03 -9.548821010586514e-04 -1.007670966964811e+00
1 18 -1.000281547329132e+00 -1.899059124014967e-03 -9.553356736281002e-04 -1.007669625135180e+00
1 19 -1.000281795696963e+00 -1.899008458086524e-03 -9.558372557639915e-04 -1.007668651544651e+00
1 20 -1.000282002003481e+00 -1.898849617154620e-03 -9.563739653544900e-04 -1.007668052926434e+00
1 21 -1.000282163074163e+00 -1.898585465882043e-03 -9.569339507646902e-04 -1.007667834218692e+00
1 22 -1.000282275907552e+00 -1.898219196962283e-03 -9.575068674358918e-04 -1.007667998627436e+00
1 23 -1.000282337757889e+00 -1.897754237767889e-03 -9.580843004553085e-04 -1.007668547636801e+00
1 24 -1.000282346222228e+00 -1.897194190139867e-03 -9.586600734519422e-04 -1.007669480930199e+00
1 25 -1.000282299332104e+00 -1.896542815978318e-03 -9.592304029006439e-04 -1.007670796199515e+00
1 26 -1.000282195648685e+00 -1.895804072720954e-03 -9.597938895696773e-04 -1.007672488844711e+00
1 27 -1.000282034358110e+00 -1.894982192179716e-03 -9.603513725980344e-04 -1.007674551593853e+00
1 28 -1.000281815361603e+00 -1.894081787258357e-03 -9.609056915377412e-04 -1.007676974093953e+00
1 29 -1.000281539353458e+00 -1.893107966858850e-03 -9.614613977529352e-04 -1.007679742530699e+00
1 30 -1.000281207879060e+00 -1.892066440804841e-03 -9.620244312862106e-04 -1.007682839330932e+00
1 31 -1.000280823364852e+00 -1.890963602256856e-03 -9.626017480874578e-04 -1.007686242989679e+00
1 32 -1.000280389113568e+00 -1.889806581862046e-03 -9.632008651080662e-04 -1.007689928046850e+00
1 33 -1.000279909262121e+00 -1.888603273615912e-03 -9.638292992348622e-04 -1.007693865217461e+00
1 34 -1.000279388706036e+00 -1.887362336748418e-03 -9.644939079003281e-04 -1.007698021653253e+00
1 35 -1.000278833001303e+00 -1.886093181008962e-03 -9.652001795921908e-04 -1.007702361287247e+00
1 36 -1.000278248259016e+00 -1.884805943698910e-03 -9.659515522832462e-04 -1.007706845196896e+00
1 37 -1.000277641047564e+00 -1.883511464583809e-03 -9.667488429074981e-04 -1.007711431926806e+00
1 38 -1.000277018310909e+00 -1.882221259734765e-03 -9.675898489676707e-04 -1.007716077741017e+00
1 39 -1.000276387301332e+00 -1.880947489268338e-03 -9.684691446784619e-04 -1.007720736818636e+00
1 40 -1.000275755515407e+00 -1.879702908707701e-03 -9.693780568349702e-04 -1.007725361449187e+00
1 41 -1.000275130617078e+00 -1.878500790288467e-03 -9.703047857259680e-04 -1.007729902309769e+00
1 42 -1.000274520333960e+00 -1.877354800047336e-03 -9.712346391001378e-04 -1.007734308904221e+00
1 43 -1.000273932321673e+00 -1.876278820374944e-03 -9.721503653476698e-04 -1.007738530212514e+00
1 44 -1.000273374002537e+00 -1.875286715960524e-03 -9.730325919269666e-04 -1.007742515546028e+00
1 45 -1.000272852394674e+00 -1.874392050983837e-03 -9.738603845390422e-04 -1.007746215551508e+00
1 46 -1.000272373951121e+00 -1.873607772954153e-03 -9.746119365524054e-04 -1.007749583275616e+00
1 47 -1.000271944424717e+00 -1.872945881558562e-03 -9.752653789207020e-04 -1.007752575203581e+00
1 48 -1.000271568765493e+00 -1.872417100264217e-03 -9.757996749373329e-04 -1.007755152212092e+00
1 49 -1.000271251048145e+00 -1.872030566662108e-03 -9.761955398932155e-04 -1.007757280409261e+00
1 50 -1.000270994422143e+00 -1.871793556063537e-03 -9.764363113253724e-04 -1.007758931855897e+00
1 51 -1.000270801077650e+00 -1.871711251346512e-03 -9.765086975283109e-04 -1.007760085166255e+00
1 52 -1.000270672224971e+00 -1.871786569362521e-03 -9.764033520304490e-04 -1.007760725977785e+00
1 53 -1.000270608090650e+00 -1.872020049664054e-03 -9.761152543431777e-04 -1.007760847269085e+00
1 54 -1.000270607936601e+00 -1.872409805595708e-03 -9.756439107227192e-04 -1.007760449502500e+00
1 55 -1.000270670108350e+00 -1.872951533213418e-03 -9.749934095234769e-04 -1.007759540575107e+00
1 56 -1.000270792114622e+00 -1.873638572806537e-03 -9.741723650334585e-04 -1.007758135574451e+00
1 57 -1.000270970735277e+00 -1.874462021880020e-03 -9.731937619853904e-04 -1.007756256346042e+00
1 58 -1.000271202150061e+00 -1.875410904767255e-03 -9.720746817375679e-04 -1.007753930884919e+00
1 59 -1.000271482078475e+00 -1.876472407549611e-03 -9.708358691730364e-04 -1.007751192566935e+00
1 60 -1.000271805921014e+00 -1.877632183097474e-03 -9.695011035641126e-04 -1.007748079243834e+00
1 61 -1.000272168893335e+00 -1.878874718727490e-03 -9.680963715987787e-04 -1.007744632243847e+00
1 62 -1.000272566146722e+00 -1.880183741888996e-03 -9.666488941290481e-04 -1.007740895343403e+00
1 63 -1.000272992870143e+00 -1.881542624915796e-03 -9.651861059838254e-04 -1.007736913794326e+00
2 0 -1.000274056624287e+00 -1.882617162828648e-03 -9.672947736768118e-04 -1.007731897021601e+00
2 1 -1.000274529351223e+00 -1.884034489561040e-03 -9.658624034090188e-04 -1.007727553395071e+00
2 2 -1.000275016294797e+00 -1.885448550662522e-03 -9.644944014036154e-04 -1.007723116286057e+00
2 3 -1.000275513380373e+00 -1.886844065910987e-03 -9.632116132448386e-04 -1.007718630399722e+00
2 4 -1.000276016778634e+00 -1.888206527164509e-03 -9.620321258428355e-04 -1.007714139362867e+00
2 5 -1.000276522891238e+00 -1.889522281937663e-03 -9.609711000680384e-04 -1.007709685525084e+00
2 6 -1.000277028327846e+00 -1.890778633925873e-03 -9.600406292671598e-04 -1.007705309687884e+00
2 7 -1.000277529879062e+00 -1.891963967871234e-03 -9.592496090634003e-04 -1.007701050742022e+00
2 8 -1.000278024488876e+00 -1.893067886965203e-03 -9.586036397708923e-04 -1.007696945246454e+00
2 9 -1.000278509228419e+00 -1.894081339234587e-03 -9.581050018296062e-04 -1.007693027018188e+00
2 10 -1.000278981270475e+00 -1.894996707596835e-03 -9.577527421079080e-04 -1.007689326810802e+00
2 11 -1.000279437862004e+00 -1.895807845072536e-03 -9.575428884392847e-04 -1.007685872141797e+00
2 12 -1.000279876291766e+00 -1.896510048985893e-03 -9.574687807016453e-04 -1.007682687292085e+00
2 13 -1.000280293852319e+00 -1.897099981624201e-03 -9.575214817350702e-04 -1.007679793456858e+00
2 14 -1.000280687799481e+00 -1.897575554649547e-03 -9.576902210611175e-04 -1.007677208992368e+00
2 15 -1.000281055315730e+00 -1.897935797154855e-03 -9.579628312474232e-04 -1.007674949691367e+00
2 16 -1.000281393485655e+00 -1.898180723271781e-03 -9.583261551470999e-04 -1.007673029032393e+00
2 17 -1.000281699290751e+00 -1.898311208123196e-03 -9.587664240057620e-04 -1.007671458373861e+00
2 18 -1.000281969627769e+00 -1.898328873831129e-03 -9.592696248639788e-04 -1.007670247090087e+00
2 19 -1.000282201350401e+00 -1.898235982145223e-03 -9.598218843748118e-04 -1.007669402664353e+00
2 20 -1.000282391330140e+00 -1.898035328670480e-03 -9.604098893793707e-04 -1.007668930759205e+00
2 21 -1.000282536530226e+00 -1.897730136636877e-03 -9.610213426548125e-04 -1.007668835275065e+00
2 22 -1.000282634087074e+00 -1.897323954344418e-03 -9.616454245482873e-04 -1.007669118389991e+00
2 23 -1.000282681395336e+00 -1.896820566463505e-03 -9.622732106164539e-04 -1.007669780557025e+00
2 24 -1.000282676194711e+00 -1.896223932397172e-03 -9.628979901299395e-04 -1.007670820430211e+00
2 25 -1.000282616657941e+00 -1.895538163888577e-03 -9.635154420775174e-04 -1.007672234697628e+00
2 26 -1.000282501479827e+00 -1.894767548835500e-03 -9.641236514949889e-04 -1.007674017816400e+00
2 27 -1.000282329966116e+00 -1.893916619327837e-03 -9.647229816356819e-04 -1.007676161666689e+00
2 28 -1.000282102118940e+00 -1.892990251860241e-03 -9.653158421405709e-04 -1.007678655164074e+00
2 29 -1.000281818712980e+00 -1.891993781001976e-03 -9.659063958419113e-04 -1.007681483884709e+00
2 30 -1.000281481354461e+00 -1.890933107377578e-03 -9.665002259614487e-04 -1.007684629759720e+00
2 31 -1.000281092514185e+00 -1.889814785263275e-03 -9.671039562048550e-04 -1.007688070886225e+00
2 32 -1.000280655526747e+00 -1.888646081148287e-03 -9.677247982696881e-04 -1.007691781486975e+00
2 33 -1.000280174551751e+00 -1.887435000757541e-03 -9.683700053110725e-04 -1.007695732029336e+00
2 34 -1.000279654499636e+00 -1.886190288338335e-03 -9.690462344166686e-04 -1.007699889485511e+00
2 35 -1.000279100932468e+00 -1.884921407178932e-03 -9.697588563732744e-04 -1.007704217685078e+00
2 36 -1.000278519955560e+00 -1.883638511719476e-03 -9.705112822105474e-04 -1.007708677692530e+00
2 37 -1.000277918115694e+00 -1.882352418457157e-03 -9.713043873088704e-04 -1.007713228147711e+00
2 38 -1.000277302315805e+00 -1.881074577227965e-03 -9.721360973758434e-04 -1.007717825535428e+00
2 39 -1.000276679745967e+00 -1.879817038548308e-03 -9.730011643793573e-04 -1.007722424392513e+00
2 40 -1.000276057820348e+00 -1.878592407025677e-03 -9.738911240866789e-04 -1.007726977504030e+00
2 41 -1.000275444103679e+00 -1.877413766196603e-03 -9.747944065615668e-04 -1.007731436170988e+00
2 42 -1.000274846211936e+00 -1.876294559220001e-03 -9.756965703010977e-04 -1.007735750634403e+00
2 43 -1.000274271680446e+00 -1.875248414786933e-03 -9.765806430247245e-04 -1.007739870708356e+00
2 44 -1.000273727804910e+00 -1.874288916815997e-03 -9.774275680956223e-04 -1.007743746619957e+00
2 45 -1.000273221471076e+00 -1.873429325775090e-03 -9.782167663022776e-04 -1.007747330001651e+00
2 46 -1.000272758992858e+00 -1.872682265869372e-03 -9.789268210608929e-04 -1.007750574951641e+00
2 47 -1.000272345975394e+00 -1.872059395617227e-03 -9.795362790009656e-04 -1.007753439076627e+00
2 48 -1.000271987211255e+00 -1.871571080172447e-03 -9.800245330767461e-04 -1.007755884451171e+00
2 49 -1.000271686608794e+00 -1.871226082591094e-03 -9.803727318350225e-04 -1.007757878458025e+00
2 50 -1.000271447145419e+00 -1.871031289009249e-03 -9.805646445289371e-04 -1.007759394499476e+00
2 51 -1.000271270837897e+00 -1.870991480595623e-03 -9.805874117774823e-04 -1.007760412579539e+00
2 52 -1.000271158725942e+00 -1.871109162936394e-03 -9.804321270792346e-04 -1.007760919749876e+00
2 53 -1.000271110871304e+00 -1.871384459482062e-03 -9.800942235337565e-04 -1.007760910400619e+00
2 54 -1.000271126378530e+00 -1.871815069412518e-03 -9.795736737629025e-04 -1.007760386374651e+00
2 55 -1.000271203443640e+00 -1.872396284501936e-03 -9.788750353494295e-04 -1.007759356892930e+00
2 56 -1.000271339433412e+00 -1.873121058134397e-03 -9.780073778029631e-04 -1.007757838291020e+00
2 57 -1.000271530992987e+00 -1.873980123730226e-03 -9.769841088771850e-04 -1.007755853575027e+00
2 58 -1.000271774175004e+00 -1.874962166695341e-03 -9.758226883908072e-04 -1.007753431807710e+00
2 59 -1.000272064580798e+00 -1.876054058480978e-03 -9.745441942113159e-04 -1.007750607338016e+00
2 60 -1.000272397503567e+00 -1.877241158700908e-03 -9.731727046331127e-04 -1.007747418895686e+00
2 61 -1.000272768064368e+00 -1.878507679799618e-03 -9.717344906922707e-04 -1.007743908590317e+00
2 62 -1.000273171333833e+00 -1.879837091801330e-03 -9.702570614981054e-04 -1.007740120878010e+00
2 63 -1.000273602434930e+00 -1.881212529878122e-03 -9.687681531004603e-04 -1.007736101577877e+00
3 0 -1.000274733862552e+00 -1.882402947563915e-03 -9.704613961306183e-04 -1.007730806470210e+00
3 1 -1.000275209106186e+00 -1.883831765224254e-03 -9.690094377304972e-04 -1.007726441707732e+00
3 2 -1.000275696831171e+00 -1.885253045229475e-03 -9.676266646646206e-04 -1.007721997253283e+00
3 3 -1.000276192950179e+00 -1.886651417525771e-03 -9.663341212908529e-04 -1.007717517836630e+00
3 4 -1.000276693643383e+00 -1.888012345658330e-03 -9.651500127631849e-04 -1.007713046922610e+00
3 5 -1.000277195345445e+00 -1.889322209651115e-03 -9.640895352570682e-04 -1.007708626521606e+00
3 6 -1.000277694722043e+00 -1.890568400870514e-03 -9.631647451067468e-04 -1.007704296940504e+00
3 7 -1.000278188639986e+00 -1.891739437860599e-03 -9.623844467418133e-04 -1.007700096450810e+00
3 8 -1.000278674135126e+00 -1.892825094437072e-03 -9.617541129543869e-04 -1.007696060899060e+00
3 9 -1.000279148381388e+00 -1.893816519737248e-03 -9.612758709140970e-04 -1.007692223319089e+00
3 10 -1.000279608661865e+00 -1.894706326446397e-03 -9.609485880955729e-04 -1.007688613618888e+00
3 11 -1.000280052340069e+00 -1.895488627943730e-03 -9.607680765790103e-04 -1.007685258404267e+00
3 12 -1.000280476828279e+00 -1.896159016042161e-03 -9.607274097590926e-04 -1.007682180969045e+00
3 13 -1.000280879551391e+00 -1.896714484103688e-03 -9.608173227908835e-04 -1.007679401438754e+00
3 14 -1.000281257907812e+00 -1.897153310056027e-03 -9.610266562863772e-04 -1.007676937020197e+00
3 15 -1.000281609232328e+00 -1.897474917305195e-03 -9.613428050929340e-04 -1.007674802295504e+00
3 16 -1.000281930768376e+00 -1.897679729892773e-03 -9.617521471668907e-04 -1.007673009505095e+00
3 17 -1.000282219657888e+00 -1.897769033893142e-03 -9.622404456691383e-04 -1.007671568781023e+00
3 18 -1.000282472954882e+00 -1.897744851208289e-03 -9.627932346514582e-04 -1.007670488314225e+00
3 19 -1.000282687664442e+00 -1.897609825783986e-03 -9.633962089845685e-04 -1.007669774460923e+00
3 20 -1.000282860803662e+00 -1.897367118397096e-03 -9.640356369415054e-04 -1.007669431806627e+00
3 21 -1.000282989478103e+00 -1.897020306655237e-03 -9.646987982356903e-04 -1.007669463204128e+00
3 22 -1.000283070966887e+00 -1.896573290950566e-03 -9.653744274875406e-04 -1.007669869788075e+00
3 23 -1.000283102810815e+00 -1.896030212131108e-03 -9.660531227152528e-04 -1.007670650954292e+00
3 24 -1.000283082899751e+00 -1.895395390554907e-03 -9.667276685306988e-04 -1.007671804284725e+00
3 25 -1.000283009557769e+00 -1.894673297783268e-03 -9.673932289861564e-04 -1.007673325399502e+00
3 26 -1.000282881626477e+00 -1.893868569846480e-03 -9.680473862344176e-04 -1.007675207725379e+00
3 27 -1.000282698547210e+00 -1.892986063816687e-03 -9.686900319958790e-04 -1.007677442186141e+00
3 28 -1.000282460440917e+00 -1.892030949502346e-03 -9.693231449937989e-04 -1.007680016842765e+00
3 29 -1.000282168181308e+00 -1.891008820037800e-03 -9.699504947918422e-04 -1.007682916530710e+00
3 30 -1.000281823453772e+00 -1.889925802143056e-03 -9.705772981995713e-04 -1.007686122550622e+00
3 31 -1.000281428790777e+00 -1.888788648667916e-03 -9.712098299311928e-04 -1.007689612465836e+00
3 32 -1.000280987574661e+00 -1.887604801178673e-03 -9.718549706175829e-04 -1.007693360047160e+00
3 33 -1.000280504002150e+00 -1.886382417822967e-03 -9.725196734519582e-04 -1.007697335382332e+00
3 34 -1.000279983011872e+00 -1.885130370035216e-03 -9.732103482539635e-04 -1.007701505135203e+00
3 35 -1.000279430184547e+00 -1.883858217872752e-03 -9.739321930254549e-04 -1.007705832906758e+00
3 36 -1.000278851631734e+00 -1.882576175492554e-03 -9.746885344745688e-04 -1.007710279630035e+00
3 37 -1.000278253889866e+00 -1.881295075719199e-03 -9.754802533248015e-04 -1.007714803932920e+00
3 38 -1.000277643831029e+00 -1.880026337467106e-03 -9.763053583443685e-04 -1.007719362427724e+00
3 39 -1.000277028591988e+00 -1.878781932859322e-03 -9.771587419395661e-04 -1.007723909929061e+00
3 40 -1.000276415511940e+00 -1.877574343160806e-03 -9.780321172487858e-04 -1.007728399650011e+00
3 41 -1.000275812062130e+00 -1.876416487051384e-03 -9.789141158222528e-04 -1.007732783461416e+00
3 42 -1.000275225750867e+00 -1.875321604837223e-03 -9.797905195848867e-04 -1.007737012301662e+00
3 43 -1.000274663995917e+00 -1.874303088340061e-03 -9.806446074428067e-04 -1.007741036791244e+00
3 44 -1.000274133968633e+00 -1.873374255126988e-03 -9.814576098528720e-04 -1.007744808053468e+00
3 45 -1.000273642424820e+00 -1.872548074015476e-03 -9.822092758655109e-04 -1.007748278692728e+00
3 46 -1.000273195541988e+00 -1.871836855236109e-03 -9.828785576840276e-04 -1.007751403850095e+00
3 47 -1.000272798780520e+00 -1.871251922972114e-03 -9.834444041791571e-04 -1.007754142248395e+00
3 48 -1.000272456778621e+00 -1.870803289357725e-03 -9.838866325857609e-04 -1.007756457154861e+00
3 49 -1.000272173281322e+00 -1.870499347368593e-03 -9.841868264276233e-04 -1.007758317220268e+00
3 50 -1.000271951096438e+00 -1.870346597410452e-03 -9.843291942792604e-04 -1.007759697182368e+00
3 51 -1.000271792068772e+00 -1.870349420750004e-03 -9.843013214929871e-04 -1.007760578433037e+00
3 52 -1.000271697067738e+00 -1.870509911327214e-03 -9.840947582622046e-04 -1.007760949442413e+00
3 53 -1.000271665989720e+00 -1.870827773384449e-03 -9.837054130074903e-04 -1.007760806023266e+00
3 54 -1.000271697780740e+00 -1.871300285432046e-03 -9.831337532682754e-04 -1.007760151417869e+00
3 55 -1.000271790485527e+00 -1.871922324577012e-03 -9.823848430795842e-04 -1.007758996198849e+00
3 56 -1.000271941326180e+00 -1.872686443160052e-03 -9.814682535002463e-04 -1.007757357986711e+00
3 57 -1.000272146809043e+00 -1.873582993338066e-03 -9.803978687810790e-04 -1.007755260993160e+00
3 58 -1.000272402853859e+00 -1.874600302374557e-03 -9.791915835282634e-04 -1.007752735400623e+00
3 59 -1.000272704936006e+00 -1.875724906909687e-03 -9.778708622786860e-04 -1.007749816589377e+00
3 60 -1.000273048231404e+00 -1.876941853003988e-03 -9.764601284829238e-04 -1.007746544231367e+00
3 61 -1.000273427754427e+00 -1.878235058070714e-03 -9.749859732090329e-04 -1.007742961287530e+00
3 62 -1.000273838481253e+00 -1.879587714313088e-03 -9.734762185957707e-04 -1.007739112969448e+00
3 63 -1.000274275453874e+00 -1.880982698540658e-03 -9.719589174953762e-04 -1.007735045745041e+00
4 0 -1.000275468792912e+00 -1.882295180360791e-03 -9.732021746961156e-04 -1.007729470939559e+00
4 1 -1.000275948085509e+00 -1.883738582261872e-03 -9.717286691152282e-04 -1.007725074577609e+00
4 2 -1.000276438146887e+00 -1.885170278692182e-03 -9.703292378851289e-04 -1.007720612070220e+00
4 3 -1.000276934859030e+00 -1.886574780901065e-03 -9.690251338680278e-04 -1.007716128275788e+00
4 4 -1.000277434392642e+00 -1.887937493001208e-03 -9.678346900002785e-04 -1.007711666607043e+00
4 5 -1.000277933195912e+00 -1.889244795117525e-03 -9.667731446048862e-04 -1.007707268848212e+00
4 6 -1.000278427971083e+00 -1.890484132991289e-03 -9.658525194512572e-04 -1.007702974926512e+00
4 7 -1.000278915642698e+00 -1.891644125494457e-03 -9.650815253320735e-04 -1.007698822608595e+00
4 8 -1.000279393322111e+00 -1.892714684630378e-03 -9.644655009616086e-04 -1.007694847138179e+00
4 9 -1.000279858272387e+00 -1.893687129810070e-03 -9.640064118707539e-04 -1.007691080868424e+00
4 10 -1.000280307875609e+00 -1.894554273470062e-03 -9.637029392865015e-04 -1.007687552959263e+00
4 11 -1.000280739602035e+00 -1.895310459151555e-03 -9.635506768353858e-04 -1.007684289200674e+00
4 12 -1.000281150978718e+00 -1.895951543039668e-03 -9.635424332473504e-04 -1.007681311993122e+00
4 13 -1.000281539555209e+00 -1.896474820943397e-03 -9.636686204241866e-04 -1.007678640479899e+00
4 14 -1.000281902866003e+00 -1.896878911311766e-03 -9.639176941679684e-04 -1.007676290795402e+00
4 15 -1.000282238393014e+00 -1.897163609979695e-03 -9.642766126769034e-04 -1.007674276375298e+00
4 16 -1.000282543535132e+00 -1.897329733786326e-03 -9.647312857527575e-04 -1.007672608270507e+00
4 17 -1.000282815593731e+00 -1.897378967943791e-03 -9.652670021073252e-04 -1.007671295417338e+00
4 18 -1.000283051781563e+00 -1.897313726796757e-03 -9.658688372594394e-04 -1.007670344837076e+00
4 19 -1.000283249258233e+00 -1.897137031479036e-03 -9.665220545642883e-04 -1.007669761761573e+00
4 20 -1.000283405190232e+00 -1.896852403222343e-03 -9.672125134235941e-04 -1.007669549697267e+00
4 21 -1.000283516829418e+00 -1.896463768905372e-03 -9.679270905364570e-04 -1.007669710444639e+00
4 22 -1.000283581601892e+00 -1.895975376141515e-03 -9.686541034966274e-04 -1.007670244085354e+00
4 23 -1.000283597199490e+00 -1.895391718690386e-03 -9.693837062237156e-04 -1.007671148939717e+00
4 24 -1.000283561668278e+00 -1.894717478119814e-03 -9.701082114665473e-04 -1.007672421486238e+00
4 25 -1.000283473491718e+00 -1.893957491696610e-03 -9.708222955553684e-04 -1.007674056227726e+00
4 26 -1.000283331669133e+00 -1.893116756409213e-03 -9.715230572257071e-04 -1.007676045489448e+00
4 27 -1.000283135791381e+00 -1.892200473824921e-03 -9.722099293706938e-04 -1.007678379146346e+00
4 28 -1.000282886114425e+00 -1.891214131895224e-03 -9.728844678277488e-04 -1.007681044295742e+00
4 29 -1.000282583628304e+00 -1.890163610961576e-03 -9.735500533017658e-04 -1.007684024912996e+00
4 30 -1.000282230114937e+00 -1.889055295100660e-03 -9.742115366013966e-04 -1.007687301543696e+00
4 31 -1.000281828185112e+00 -1.887896168805880e-03 -9.748748383727523e-04 -1.007690851091127e+00
4 32 -1.000281381284371e+00 -1.886693883502898e-03 -9.755464948287897e-04 -1.007694646747844e+00
4 33 -1.000280893660758e+00 -1.885456786922261e-03 -9.762331340512181e-04 -1.007698658095464e+00
4 34 -1.000280370294321e+00 -1.884193917655235e-03 -9.769408799217055e-04 -1.007702851362668e+00
4 35 -1.000279816796980e+00 -1.882914974380451e-03 -9.776747079659294e-04 -1.007707189796844e+00
4 36 -1.000279239298453e+00 -1.881630272751217e-03 -9.784378057508432e-04 -1.007711634080304e+00
4 37 -1.000278644336076e+00 -1.880350702031858e-03 -9.792310052799725e-04 -1.007716142718289e+00
4 38 -1.000278038761676e+00 -1.879087687917051e-03 -9.800523487190748e-04 -1.007720672349384e+00
4 39 -1.000277429668416e+00 -1.877853158754803e-03 -9.808968253538985e-04 -1.007725177975519e+00
4 40 -1.000276824328813e+00 -1.876659503107405e-03 -9.817562884985684e-04 -1.007729613160828e+00
4 41 -1.000276230127116e+00 -1.875519501287694e-03 -9.826195385069230e-04 -1.007733930283823e+00
4 42 -1.000275654468950e+00 -1.874446214133418e-03 -9.834725488709597e-04 -1.007738080930438e+00
4 43 -1.000275104658730e+00 -1.873452817955181e-03 -9.842988158139756e-04 -1.007742016486327e+00
4 44 -1.000274587747485e+00 -1.872552383118896e-03 -9.850798216100804e-04 -1.007745688937206e+00
4 45 -1.000274110365059e+00 -1.871757602838612e-03 -9.857956102146078e-04 -1.007749051833876e+00
4 46 -1.000273678556674e+00 -1.871080486239850e-03 -9.864254743435128e-04 -1.007752061341534e+00
4 47 -1.000273297642497e+00 -1.870532033820898e-03 -9.869487434737171e-04 -1.007754677282901e+00
4 48 -1.000272972111354e+00 -1.870121913880971e-03 -9.873456448294285e-04 -1.007756864101117e+00
4 49 -1.000272705549775e+00 -1.869858156919291e-03 -9.875981903117630e-04 -1.007758591698741e+00
4 50 -1.000272500599838e+00 -1.869746883342770e-03 -9.876910281309283e-04 -1.007759836136077e+00
4 51 -1.000272358936896e+00 -1.869792078497441e-03 -9.876121936348680e-04 -1.007760580184535e+00
4 52 -1.000272281261403e+00 -1.869995426928336e-03 -9.873537025523644e-04 -1.007760813729192e+00
4 53 -1.000272267304797e+00 -1.870356213496769e-03 -9.869119519151513e-04 -1.007760534008023e+00
4 54 -1.000272315854165e+00 -1.870871292442224e-03 -9.862879244251540e-04 -1.007759745673638e+00
4 55 -1.000272424801709e+00 -1.871535118712493e-03 -9.854872198837370e-04 -1.007758460670584e+00
4 56 -1.000272591222810e+00 -1.872339832532351e-03 -9.845199496963453e-04 -1.007756697932643e+00
4 57 -1.000272811482082e+00 -1.873275390909135e-03 -9.834005214107335e-04 -1.007754482911751e+00
4 58 -1.000273081362181e+00 -1.874329747233953e-03 -9.821473158796218e-04 -1.007751846949988e+00
4 59 -1.000273396206555e+00 -1.875489086705069e-03 -9.807822355094632e-04 -1.007748826504458e+00
4 60 -1.000273751065715e+00 -1.876738124832544e-03 -9.793300945861315e-04 -1.007745462241104e+00
4 61 -1.000274140837002e+00 -1.878060466664536e-03 -9.778178405222121e-04 -1.007741798031088e+00
4 62 -1.000274560389939e+00 -1.879439008832425e-03 -9.762736340635694e-04 -1.007737879907197e+00
4 63 -1.000275004672077e+00 -1.880856351557039e-03 -9.747258608491237e-04 -1.007733755057610e+00
5 0 -1.000276253514614e+00 -1.882295875533106e-03 -9.754879088101560e-04 -1.007727902807157e+00
5 1 -1.000276738348578e+00 -1.883756813214722e-03 -9.739910422068430e-04 -1.007723464725377e+00
5 2 -1.000277232280442e+00 -1.885202022324757e-03 -9.725731491945522e-04 -1.007718973664697e+00
5 3 -1.000277731144530e+00 -1.886615869172063e-03 -9.712556996041873e-04 -1.007714474709767e+00
5 4 -1.000278231083582e+00 -1.887983668989107e-03 -9.700571638672324e-04 -1.007710011327836e+00
5 5 -1.000278728539465e+00 -1.889291769585833e-03 -9.689928313918390e-04 -1.007705625191964e+00
5 6 -1.000279220230500e+00 -1.890527636568594e-03 -9.680746951257195e-04 -1.007701355970518e+00
5 7 -1.000279703118998e+00 -1.891679954060229e-03 -9.673113734858715e-04 -1.007697241046987e+00
5 8 -1.000280174373528e+00 -1.892738737768967e-03 -9.667080684892266e-04 -1.007693315180545e+00
5 9 -1.000280631330224e+00 -1.893695443525562e-03 -9.662665797362291e-04 -1.007689610157704e+00
5 10 -1.000281071456291e+00 -1.894543049724241e-03 -9.659853992539517e-04 -1.007686154501491e+00
5 11 -1.000281492316771e+00 -1.895276096170454e-03 -9.658599033579987e-04 -1.007682973294674e+00
5 12 -1.000281891543120e+00 -1.895890669898858e-03 -9.658826424959261e-04 -1.007680088148952e+00
5 13 -1.000282266800424e+00 -1.896384336806376e-03 -9.660437154578200e-04 -1.007677517323942e+00
5 14 -1.000282615751243e+00 -1.896756025772549e-03 -9.663312035469133e-04 -1.007675275971784e+00
5 15 -1.000282936018052e+00 -1.897005878850768e-03 -9.667316352043905e-04 -1.007673376459149e+00
5 16 -1.000283225150802e+00 -1.897135084957192e-03 -9.672304540073362e-04 -1.007671828706976e+00
5 17 -1.000283480608593e+00 -1.897145713749979e-03 -9.678124721693476e-04 -1.007670640494790e+00
5 18 -1.000283699763686e+00 -1.897040562362452e-03 -9.684623034817827e-04 -1.007669817695180e+00
5 19 -1.000283879932734e+00 -1.896823022585309e-03 -9.691647794731771e-04 -1.007669364424375e+00
5 20 -1.000284018435095e+00 -1.896496970783887e-03 -9.699053576982563e-04 -1.007669283111619e+00
5 21 -1.000284112672789e+00 -1.896066677704465e-03 -9.706705292865351e-04 -1.007669574503000e+00
5 22 -1.000284160222841e+00 -1.895536732471286e-03 -9.714482222699678e-04 -1.007670237621642e+00
5 23 -1.000284158932202e+00 -1.894911976852796e-03 -9.722281798277989e-04 -1.007671269701087e+00
5 24 -1.000284107007942e+00 -1.894197451594626e-03 -9.730022765934459e-04 -1.007672666094687e+00
5 25 -1.000284003099384e+00 -1.893398362497085e-03 -9.737647312321946e-04 -1.007674420150200e+00
5 26 -1.000283846372583e+00 -1.892520076316579e-03 -9.745121837031655e-04 -1.007676523033970e+00
5 27 -1.000283636579731e+00 -1.891568154074046e-03 -9.752436272552679e-04 -1.007678963494665e+00
5 28 -1.000283374126023e+00 -1.890548422311160e-03 -9.759602095869225e-04 -1.007681727571392e+00
5 29 -1.000283060133563e+00 -1.889467073074278e-03 -9.766649345056900e-04 -1.007684798272868e+00
5 30 -1.000282696497028e+00 -1.888330774653777e-03 -9.773622969219951e-04 -1.007688155276814e+00
5 31 -1.000282285921329e+00 -1.887146771564724e-03 -9.780578700146049e-04 -1.007691774711204e+00
5 32 -1.000281831930092e+00 -1.885922955508666e-03 -9.787578443500526e-04 -1.007695629073328e+00
5 33 -1.000281338836526e+00 -1.884667897183095e-03 -9.794685092991968e-04 -1.007699687319369e+00
5 34 -1.000280811675014e+00 -1.883390838744631e-03 -9.801956749612051e-04 -1.007703915122103e+00
5 35 -1.000280256100834e+00 -1.882101656077023e-03 -9.809440538569533e-04 -1.007708275255434e+00
5 36 -1.000279678273527e+00 -1.880810806188298e-03 -9.817166450226894e-04 -1.007712728033582e+00
5 37 -1.000279084742720e+00 -1.879529275091870e-03 -9.825141783288078e-04 -1.007717231725273e+00
5 38 -1.000278482350993e+00 -1.878268534608590e-03 -9.833346769548312e-04 -1.007721742887602e+00
5 39 -1.000277878158053e+00 -1.877040505828218e-03 -9.841731796492708e-04 -1.007726216612595e+00
5 40 -1.000277279378499e+00 -1.875857517316518e-03 -9.850216384953733e-04 -1.007730606731607e+00
5 41 -1.000276693316903e+00 -1.874732240538173e-03 -9.858689850131617e-04 -1.007734866059111e+00
5 42 -1.000276127282446e+00 -1.873677584323388e-03 -9.867013468726003e-04 -1.007738946765989e+00
5 43 -1.000275588471787e+00 -1.872706535039067e-03 -9.875023984236393e-04 -1.007742800948634e+00
5 44 -1.000275083820867e+00 -1.871831938821791e-03 -9.882538332821537e-04 -1.007746381409792e+00
5 45 -1.000274619838797e+00 -1.871066233290384e-03 -9.889359507585670e-04 -1.007749642609564e+00
5 46 -1.000274202444180e+00 -1.870421143865400e-03 -9.895283481177930e-04 -1.007752541705195e+00
5 47 -1.000273836823321e+00 -1.869907362480050e-03 -9.900107055741461e-04 -1.007755039589512e+00
5 48 -1.000273527322337e+00 -1.869534226292743e-03 -9.903636384567850e-04 -1.007757101854098e+00
5 49 -1.000273277375504e+00 -1.869309413488986e-03 -9.905695736088719e-04 -1.007758699629433e+00
5 50 -1.000273089464335e+00 -1.869238672475252e-03 -9.906135925453418e-04 -1.007759810278555e+00
5 51 -1.000272965098558e+00 -1.869325598915635e-03 -9.904841791727793e-04 -1.007760417936779e+00
5 52 -1.000272904812104e+00 -1.869571472275516e-03 -9.901738168944371e-04 -1.007760513893973e+00
5 53 -1.000272908172585e+00 -1.869975159788474e-03 -9.896793976581686e-04 -1.007760096810689e+00
5 54 -1.000272973808142e+00 -1.870533090027541e-03 -9.890024317717920e-04 -1.007759172755726e+00
5 55 -1.000273099457645e+00 -1.871239290994876e-03 -9.881490753884459e-04 -1.007757755059239e+00
5 56 -1.000273282048408e+00 -1.872085482785801e-03 -9.871300099572344e-04 -1.007755863988455e+00
5 57 -1.000273517801369e+00 -1.873061216648030e-03 -9.859602045542311e-04 -1.007753526260899e+00
5 58 -1.000273802359168e+00 -1.874154059844332e-03 -9.846585706063578e-04 -1.007750774407931e+00
5 59 -1.000274130928902e+00 -1.875349833035665e-03 -9.832474944783329e-04 -1.007747645997371e+00
5 60 -1.000274498429339e+00 -1.876632907629502e-03 -9.817522237724617e-04 -1.007744182728428e+00
5 61 -1.000274899632454e+00 -1.877986562468424e-03 -9.802000965721867e-04 -1.007740429428245e+00
5 62 -1.000275329290987e+00 -1.879393384572369e-03 -9.786196364517203e-04 -1.007736433003231e+00
5 63 -1.000275782246432e+00 -1.880835682954812e-03 -9.770395770128254e-04 -1.007732241420956e+00
6 0 -1.000277079611881e+00 -1.882405880701539e-03 -9.772930332926668e-04 -1.007726117760960e+00
6 1 -1.000277571419943e+00 -1.883887123914099e-03 -9.757712014926367e-04 -1.007721628314776e+00
6 2 -1.000278070714831e+00 -1.885348798961622e-03 -9.743331859054077e-04 -1.007717098546665e+00
6 3 -1.000278573267709e+00 -1.886775104022647e-03 -9.730006808038486e-04 -1.007712573856446e+00
6 4 -1.000279075175724e+00 -1.888151237746478e-03 -9.717923042018807e-04 -1.007708097868158e+00
6 5 -1.000279572854806e+00 -1.889463483859985e-03 -9.707234074494648e-04 -1.007703712258123e+00
6 6 -1.000280063018631e+00 -1.890699293645870e-03 -9.698059633487442e-04 -1.007699456557545e+00
6 7 -1.000280542646510e+00 -1.891847381225564e-03 -9.690485027081028e-04 -1.007695367891151e+00
6 8 -1.000281008944207e+00 -1.892897829958413e-03 -9.684560922380048e-04 -1.007691480659093e+00
6 9 -1.000281459302379e+00 -1.893842195267288e-03 -9.680303656273510e-04 -1.007687826206963e+00
6 10 -1.000281891256939e+00 -1.894673584483425e-03 -9.677696269053089e-04 -1.007684432544248e+00
6 11 -1.000282302453672e+00 -1.895386696961961e-03 -9.676690401778724e-04 -1.007681324165268e+00
6 12 -1.000282690616206e+00 -1.895977813947941e-03 -9.677209084208108e-04 -1.007678522007747e+00
6 13 -1.000283053514064e+00 -1.896444734850679e-03 -9.679150329922892e-04 -1.007676043559379e+00
6 14 -1.000283388927918e+00 -1.896786664007596e-03 -9.682391375593317e-04 -1.007673903095197e+00
6 15 -1.000283694612715e+00 -1.897004058929501e-03 -9.686793346271040e-04 -1.007672112003833e+00
6 16 -1.000283968263932e+00 -1.897098455888770e-03 -9.692206100662887e-04 -1.007670679147103e+00
6 17 -1.000284207495556e+00 -1.897072290496939e-03 -9.698473029590897e-04 -1.007669611197802e+00
6 18 -1.000284409839007e+00 -1.896928729642809e-03 -9.705435654858829e-04 -1.007668912911576e+00
6 19 -1.000284572769798e+00 -1.896671527053280e-03 -9.712937978249758e-04 -1.007668587305545e+00
6 20 -1.000284693763517e+00 -1.896304908081978e-03 -9.720830615176073e-04 -1.007668635737139e+00
6 21 -1.000284770376261e+00 -1.895833481716351e-03 -9.728974774388665e-04 -1.007669057897822e+00
6 22 -1.000284800339660e+00 -1.895262172410411e-03 -9.737246093526929e-04 -1.007669851750044e+00
6 23 -1.000284781659229e+00 -1.894596163978634e-03 -9.745538216927837e-04 -1.007671013435213e+00
6 24 -1.000284712706980e+00 -1.893840852542002e-03 -9.753765851069956e-04 -1.007672537167459e+00
6 25 -1.000284592303432e+00 -1.893001812678196e-03 -9.761866931090133e-04 -1.007674415111142e+00
6 26 -1.000284419788763e+00 -1.892084786506488e-03 -9.769803552415993e-04 -1.007676637227669e+00
6 27 -1.000284195086355e+00 -1.891095706000091e-03 -9.777561483152062e-04 -1.007679191074833e+00
6 28 -1.000283918762911e+00 -1.890040753080712e-03 -9.785148312634513e-04 -1.007682061552241e+00
6 29 -1.000283592086682e+00 -1.888926451885098e-03 -9.792590493600856e-04 -1.007685230608666e+00
6 30 -1.000283217079962e+00 -1.887759777325460e-03 -9.799929602355201e-04 -1.007688676953850e+00
6 31 -1.000282796556557e+00 -1.886548258042183e-03 -9.807218060423155e-04 -1.007692375836456e+00
6 32 -1.000282334132319e+00 -1.885300052363745e-03 -9.814514411960137e-04 -1.007696298951443e+00
6 33 -1.000281834198854e+00 -1.884023982907049e-03 -9.821878147187775e-04 -1.007700414520209e+00
6 34 -1.000281301857155e+00 -1.882729527001512e-03 -9.829364077387514e-04 -1.007704687548967e+00
6 35 -1.000280742817467e+00 -1.881426772302947e-03 -9.837016401942019e-04 -1.007709080225873e+00
6 36 -1.000280163280595e+00 -1.880126354826303e-03 -9.844862801245561e-04 -1.007713552382550e+00
6 37 -1.000279569819898e+00 -1.878839396869165e-03 -9.852909047805081e-04 -1.007718061936676e+00
6 38 -1.000278969279794e+00 -1.877577455448179e-03 -9.861134665018762e-04 -1.007722565254535e+00
6 39 -1.000278368696788e+00 -1.876352481280428e-03 -9.869490049132664e-04 -1.007727017418158e+00
6 40 -1.000277775236833e+00 -1.875176777560239e-03 -9.877895261620831e-04 -1.007731372435278e+00
6 41 -1.000277196133169e+00 -1.874062939783547e-03 -9.886240503405824e-04 -1.007735583473377e+00
6 42 -1.000276638605934e+00 -1.873023755730394e-03 -9.894388170701590e-04 -1.007739603213911e+00
6 43 -1.000276109750534e+00 -1.872072050368160e-03 -9.902176357485329e-04 -1.007743384399611e+00
6 44 -1.000275616393912e+00 -1.871220471903975e-03 -9.909423665569125e-04 -1.007746880594430e+00
6 45 -1.000275164930908e+00 -1.870481226883929e-03 -9.915935183660728e-04 -1.007750047117001e+00
6 46 -1.000274761160795e+00 -1.869865779428852e-03 -9.921509493963237e-04 -1.007752842069289e+00
6 47 -1.000274410143908e+00 -1.869384532202025e-03 -9.925946534580178e-04 -1.007755227371603e+00
6 48 -1.000274116091628e+00 -1.869046507047007e-03 -9.929056057027526e-04 -1.007757169726937e+00
6 49 -1.000273882293560e+00 -1.868859042848028e-03 -9.930666281244037e-04 -1.007758641461056e+00
6 50 -1.000273711077366e+00 -1.868827526844275e-03 -9.930632226329093e-04 -1.007759621210751e+00
6 51 -1.000273603792443e+00 -1.868955173546815e-03 -9.928843142580275e-04 -1.007760094451822e+00
6 52 -1.000273560809660e+00 -1.869242863200379e-03 -9.925228509962171e-04 -1.007760053863758e+00
6 53 -1.000273581534514e+00 -1.869689048604910e-03 -9.919762202693879e-04 -1.007759499523317e+00
6 54 -1.000273664436666e+00 -1.870289733291245e-03 -9.912464647891547e-04 -1.007758438916541e+00
6 55 -1.000273807101412e+00 -1.871038516178650e-03 -9.903403082226299e-04 -1.007756886766429e+00
6 56 -1.000274006307314e+00 -1.871926692243407e-03 -9.892690217275582e-04 -1.007754864686450e+00
6 57 -1.000274258130466e+00 -1.872943399630870e-03 -9.880481643894429e-04 -1.007752400677023e+00
6 58 -1.000274558071569e+00 -1.874075810622843e-03 -9.866972134681420e-04 -1.007749528479351e+00
6 59 -1.000274901198274e+00 -1.875309371685431e-03 -9.852390774868775e-04 -1.007746286795467e+00
6 60 -1.000275282293013e+00 -1.876628100218265e-03 -9.836994736995032e-04 -1.007742718384884e+00
6 61 -1.000275695996140e+00 -1.878014939115019e-03 -9.821061608553305e-04 -1.007738869062297e+00
6 62 -1.000276136935643e+00 -1.879452155960171e-03 -9.804880466414985e-04 -1.007734786645490e+00
6 63 -1.000276599837263e+00 -1.880921757532836e-03 -9.788742257995399e-04 -1.007730519927921e+00
7 0 -1.000277938250159e+00 -1.882624790566884e-03 -9.785960422072654e-04 -1.007724134770876e+00
7 1 -1.000278438387023e+00 -1.884128889972169e-03 -9.770479152379503e-04 -1.007719584913805e+00
7 2 -1.000278944476342e+00 -1.885609802128080e-03 -9.755883198316167e-04 -1.007715006760059e+00
7 3 -1.000279452212157e+00 -1.887051536391355e-03 -9.742391817656297e-04 -1.007710446105642e+00
7 4 -1.000279957629750e+00 -1.888439149228660e-03 -9.730192769895195e-04 -1.007705946827377e+00
7 5 -1.000280457100643e+00 -1.889758830632496e-03 -9.719440308297294e-04 -1.007701550713554e+00
7 6 -1.000280947313708e+00 -1.890997984994428e-03 -9.710254071291103e-04 -1.007697297276209e+00
7 7 -1.000281425244067e+00 -1.892145321445665e-03 -9.702718574868719e-04 -1.007693223506675e+00
7 8 -1.000281888113328e+00 -1.893190953836305e-03 -9.696883187314673e-04 -1.007689363577238e+00
7 9 -1.000282333346272e+00 -1.894126498638194e-03 -9.692762626949969e-04 -1.007685748525953e+00
7 10 -1.000282758529061e+00 -1.894945153135397e-03 -9.690338107325817e-04 -1.007682405980241e+00
7 11 -1.000283161371902e+00 -1.895641736917288e-03 -9.689559240564947e-04 -1.007679359974441e+00
7 12 -1.000283539675967e+00 -1.896212685306808e-03 -9.690346732319717e-04 -1.007676630899311e+00
7 13 -1.000283891301889e+00 -1.896655990626904e-03 -9.692595826922782e-04 -1.007674235595665e+00
7 14 -1.000284214136634e+00 -1.896971093463522e-03 -9.696180416675124e-04 -1.007672187579381e+00
7 15 -1.000284506057842e+00 -1.897158731374373e-03 -9.700957683729075e-04 -1.007670497365160e+00
7 16 -1.000284764899188e+00 -1.897220758133601e-03 -9.706773072900852e-04 -1.007669172841400e+00
7 17 -1.000284988424926e+00 -1.897159951867181e-03 -9.713465338574968e-04 -1.007668219639433e+00
7 18 -1.000285174323930e+00 -1.896979832298891e-03 -9.720871428186039e-04 -1.007667641442106e+00
7 19 -1.000285320231653e+00 -1.896684503768003e-03 -9.728831058492595e-04 -1.007667440192141e+00
7 20 -1.000285423782924e+00 -1.896278532845993e-03 -9.737190948862410e-04 -1.007667616185897e+00
7 21 -1.000285482691601e+00 -1.895766860245664e-03 -9.745808743913997e-04 -1.007668168064097e+00
7 22 -1.000285494847418e+00 -1.895154739173111e-03 -9.754556666231621e-04 -1.007669092729881e+00
7 23 -1.000285458417712e+00 -1.894447688992717e-03 -9.763324877235769e-04 -1.007670385230801e+00
7 24 -1.000285371942924e+00 -1.893651456050138e-03 -9.772024390655133e-04 -1.007672038633187e+00
7 25 -1.000285234419136e+00 -1.892771981743158e-03 -9.780589235165759e-04 -1.007674043897835e+00
7 26 -1.000285045366622e+00 -1.891815386540838e-03 -9.788977508779968e-04 -1.007676389745367e+00
7 27 -1.000284804888164e+00 -1.890787982015401e-03 -9.797171074368487e-04 -1.007679062489217e+00
7 28 -1.000284513722566e+00 -1.889696318979447e-03 -9.805173865260284e-04 -1.007682045819942e+00
7 29 -1.000284173296684e+00 -1.888547270432567e-03 -9.813008981611310e-04 -1.007685320545106e+00
7 30 -1.000283785773854e+00 -1.887348136720316e-03 -9.820714870777192e-04 -1.007688864317998e+00
7 31 -1.000283354090316e+00 -1.886106750999600e-03 -9.828340880538534e-04 -1.007692651415376e+00
7 32 -1.000282881967225e+00 -1.884831560159101e-03 -9.835942385367598e-04 -1.007696652634998e+00
7 33 -1.000282373886865e+00 -1.883531662586427e-03 -9.843575574707136e-04 -1.007700835366909e+00
7 34 -1.000281835028347e+00 -1.882216797592198e-03 -9.851291940363581e-04 -1.007705163851193e+00
7 35 -1.000281271167987e+00 -1.880897295454446e-03 -9.859132566194804e-04 -1.007709599585735e+00
7 36 -1.000280688558916e+00 -1.879584005912814e-03 -9.867122481804329e-04 -1.007714101810567e+00
7 37 -1.000280093809280e+00 -1.878288224466757e-03 -9.875265489769139e-04 -1.007718627982533e+00
7 38 -1.000279493776172e+00 -1.877021630658085e-03 -9.883539919906309e-04 -1.007723134170287e+00
7 39 -1.000278895483363e+00 -1.875796241798254e-03 -9.891895692966915e-04 -1.007727575343267e+00
7 40 -1.000278306058130e+00 -1.874624372029870e-03 -9.900252942500612e-04 -1.007731905587598e+00
7 41 -1.000277732671556e+00 -1.873518575829586e-03 -9.908502301410598e-04 -1.007736078332563e+00
7 42 -1.000277182462815e+00 -1.872491552764995e-03 -9.916506837593130e-04 -1.007740046688286e+00
7 43 -1.000276662433234e+00 -1.871555997364698e-03 -9.924105535866509e-04 -1.007743763970577e+00
7 44 -1.000276179307790e+00 -1.870724389811305e-03 -9.931118175786151e-04 -1.007747184436572e+00
7 45 -1.000275739374674e+00 -1.870008734363136e-03 -9.937351432520211e-04 -1.007750264198785e+00
7 46 -1.000275348322211e+00 -1.869420260237532e-03 -9.942606004946144e-04 -1.007752962244009e+00
7 47 -1.000275011093678e+00 -1.868969103725077e-03 -9.946684535349949e-04 -1.007755241466442e+00
7 48 -1.000274731774893e+00 -1.868663990813174e-03 -9.949400026702658e-04 -1.007757069632250e+00
7 49 -1.000274513519849e+00 -1.868511937674867e-03 -9.950584388326508e-04 -1.007758420218248e+00
7 50 -1.000274358510637e+00 -1.868517984156741e-03 -9.950096656251562e-04 -1.007759273096035e+00
7 51 -1.000274267942978e+00 -1.868684974283675e-03 -9.947830368215674e-04 -1.007759615051192e+00
7 52 -1.000274242029250e+00 -1.869013396758415e-03 -9.943719571346950e-04 -1.007759440131780e+00
7 53 -1.000274280015507e+00 -1.869501295115047e-03 -9.937743041953527e-04 -1.007758749818421e+00
7 54 -1.000274380214236e+00 -1.870144250681982e-03 -9.929926503141708e-04 -1.007757553009375e+00
7 55 -1.000274540057585e+00 -1.870935433637134e-03 -9.920342885587623e-04 -1.007755865821914e+00
7 56 -1.000274756175257e+00 -1.871865711728105e-03 -9.909110891250870e-04 -1.007753711222340e+00
7 57 -1.000275024498022e+00 -1.872923805943103e-03 -9.896392187308013e-04 -1.007751118503773e+00
7 58 -1.000275340383684e+00 -1.874096488266353e-03 -9.882387447549435e-04 -1.007748122628852e+00
7 59 -1.000275698758700e+00 -1.875368825062606e-03 -9.867331257278483e-04 -1.007744763446905e+00
7 60 -1.000276094266231e+00 -1.876724473838932e-03 -9.851485762876334e-04 -1.007741084792849e+00
7 61 -1.000276521410573e+00 -1.878146035862293e-03 -9.835132997105698e-04 -1.007737133487499e+00
7 62 -1.000276974688832e+00 -1.879615453187083e-03 -9.818566049581512e-04 -1.007732958284904e+00
7 63 -1.000277448703163e+00 -1.881114422769259e-03 -9.802079578002036e-04 -1.007728608838695e+00
8 0 -1.000278820276241e+00 -1.882950885349258e-03 -9.793798841998234e-04 -1.007721975972308e+00
8 1 -1.000279330001488e+00 -1.884480137633474e-03 -9.778044686920924e-04 -1.007717357369157e+00
8 2 -1.000279844236883e+00 -1.885982838695884e-03 -9.763221006422583e-04 -1.007712721750081e+00
8 3 -1.000280358587062e+00 -1.887442790876032e-03 -9.749549436301526e-04 -1.007708115380038e+00
8 4 -1.000280869011070e+00 -1.888844885854834e-03 -9.737219416469016e-04 -1.007703582475172e+00
8 5 -1.000281371819289e+00 -1.890175193198979e-03 -9.726386068239164e-04 -1.007699165035406e+00
8 6 -1.000281863656602e+00 -1.891421039607329e-03 -9.717169076558670e-04 -1.007694902666636e+00
8 7 -1.000282341472848e+00 -1.892571094753024e-03 -9.709652285158377e-04 -1.007690832351648e+00
8 8 -1.000282802483651e+00 -1.893615466009191e-03 -9.703883854846790e-04 -1.007686988167067e+00
8 9 -1.000283244126593e+00 -1.894545792364087e-03 -9.699876961492968e-04 -1.007683400978614e+00
8 10 -1.000283664017957e+00 -1.895355320952325e-03 -9.697611083187104e-04 -1.007680098168482e+00
8 11 -1.000284059913668e+00 -1.896038949650498e-03 -9.697033936608122e-04 -1.007677103449670e+00
8 12 -1.000284429675309e+00 -1.896593224507294e-03 -9.698064093131749e-04 -1.007674436804798e+00
8 13 -1.000284771239205e+00 -1.897016287085340e-03 -9.700594276177779e-04 -1.007672114563293e+00
8 14 -1.000285082584907e+00 -1.897307771407205e-03 -9.704495325328831e-04 -1.007670149610685e+00
8 15 -1.000285361700784e+00 -1.897468654629766e-03 -9.709620774449007e-04 -1.007668551706592e+00
8 16 -1.000285606548946e+00 -1.897501072213696e-03 -9.715811899628482e-04 -1.007667327869614e+00
8 17 -1.000285815037176e+00 -1.897408115916483e-03 -9.722902983567214e-04 -1.007666482771556e+00
8 18 -1.000285985008574e+00 -1.897193637129272e-03 -9.730726494512292e-04 -1.007666019079523e+00
8 19 -1.000286114258447e+00 -1.896862076113965e-03 -9.739117929687420e-04 -1.007665937696926e+00
8 20 -1.000286200582898e+00 -1.896418330242426e-03 -9.747920192397422e-04 -1.007666237878804e+00
8 21 -1.000286241856674e+00 -1.895867663814974e-03 -9.756987495416176e-04 -1.007666917225645e+00
8 22 -1.000286236131073e+00 -1.895215651517464e-03 -9.766188858727029e-04 -1.007667971586265e+00
8 23 -1.000286181738601e+00 -1.894468141222634e-03 -9.775411257885347e-04 -1.007669394915347e+00
8 24 -1.000286077391351e+00 -1.893631223304813e-03 -9.784562365224949e-04 -1.007671179127249e+00
8 25 -1.000285922264577e+00 -1.892711202387649e-03 -9.793572658791736e-04 -1.007673313965984e+00
8 26 -1.000285716063529e+00 -1.891714578049627e-03 -9.802396563479421e-04 -1.007675786884444e+00
8 27 -1.000285459077263e+00 -1.890648047240884e-03 -9.811012324441614e-04 -1.007678582908534e+00
8 28 -1.000285152225773e+00 -1.889518540038295e-03 -9.819420484369612e-04 -1.007681684461129e+00
8 29 -1.000284797105447e+00 -1.888333292261792e-03 -9.827641052366535e-04 -1.007685071137719e+00
8 30 -1.000284396032674e+00 -1.887099945831512e-03 -9.835709619764612e-04 -1.007688719456829e+00
8 31 -1.000283952078338e+00 -1.885826655332443e-03 -9.843672747761199e-04 -1.007692602642438e+00
8 32 -1.000283469080633e+00 -1.884522173537428e-03 -9.851582915965270e-04 -1.007696690513946e+00
8 33 -1.000282951623622e+00 -1.883195893654156e-03 -9.859493217393763e-04 -1.007700949546782e+00
8 34 -1.000282404975188e+00 -1.881857839628321e-03 -9.867451896786376e-04 -1.007705343126133e+00
8 35 -1.000281834988157e+00 -1.880518611308472e-03 -9.875496832985426e-04 -1.007709831964573e+00
8 36 -1.000281247978309e+00 -1.879189302685853e-03 -9.883650163073235e-04 -1.007714374611341e+00
8 37 -1.000280650598949e+00 -1.877881415706264e-03 -9.891913358417042e-04 -1.007718927960828e+00
8 38 -1.000280049730481e+00 -1.876606787943944e-03 -9.900263115856843e-04 -1.007723447680145e+00
8 39 -1.000279452394760e+00 -1.875377540181965e-03 -9.908648408465009e-04 -1.007727888521321e+00
8 40 -1.000278865690863e+00 -1.874206034070028e-03 -9.916988974803251e-04 -1.007732204547465e+00
8 41 -1.000278296737261e+00 -1.873104818057410e-03 -9.925175429465864e-04 -1.007736349355549e+00
8 42 -1.000277752600702e+00 -1.872086537202534e-03 -9.933071060366260e-04 -1.007740276397240e+00
8 43 -1.000277240196425e+00 -1.871163788960881e-03 -9.940515264123769e-04 -1.007743939478405e+00
8 44 -1.000276766155414e+00 -1.870348918503048e-03 -9.947328483533094e-04 -1.007747293469538e+00
8 45 -1.000276336667506e+00 -1.869653759343985e-03 -9.953318445899148e-04 -1.007750295202116e+00
8 46 -1.000275957318936e+00 -1.869089334907086e-03 -9.958287441630116e-04 -1.007752904478649e+00
8 47 -1.000275632945574e+00 -1.868665541548494e-03 -9.962040333912269e-04 -1.007755085102491e+00
8 48 -1.000275367518014e+00 -1.868390832998147e-03 -9.964392966016072e-04 -1.007756805841639e+00
8 49 -1.000275164065060e+00 -1.868271922944153e-03 -9.965180615960690e-04 -1.007758041267730e+00
8 50 -1.000275024632814e+00 -1.868313520367068e-03 -9.964266103308949e-04 -1.007758772438799e+00
8 51 -1.000274950271296e+00 -1.868518111998959e-03 -9.961547084059500e-04 -1.007758987410908e+00
8 52 -1.000274941040438e+00 -1.868885805468276e-03 -9.956962038656708e-04 -1.007758681570279e+00
8 53 -1.000274996030976e+00 -1.869414243010559e-03 -9.950494528033218e-04 -1.007757857779928e+00
8 54 -1.000275113400687e+00 -1.870098589171849e-03 -9.942175469578338e-04 -1.007756526337853e+00
8 55 -1.000275290429845e+00 -1.870931588388886e-03 -9.932083418470422e-04 -1.007754704750712e+00
8 56 -1.000275523599898e+00 -1.871903682129257e-03 -9.920343052606485e-04 -1.007752417337530e+00
8 57 -1.000275808696611e+00 -1.873003173601705e-03 -9.907122169807146e-04 -1.007749694686101e+00
8 58 -1.000276140935008e+00 -1.874216432942853e-03 -9.892627463222883e-04 -1.007746572982930e+00
8 59 -1.000276515099966e+00 -1.875528144645805e-03 -9.877099179707446e-04 -1.007743093227139e+00
8 60 -1.000276925693968e+00 -1.876921604627615e-03 -9.860804616179399e-04 -1.007739300332747e+00
8 61 -1.000277367082345e+00 -1.878379070558450e-03 -9.844030410950395e-04 -1.007735242134216e+00
8 62 -1.000277833626762e+00 -1.879882156185188e-03 -9.827073780169465e-04 -1.007730968335931e+00
8 63 -1.000278319799743e+00 -1.881412244686752e-03 -9.810233144883307e-04 -1.007726529473883e+00
9 0 -1.000279716322814e+00 -1.883381101377109e-03 -9.796323160316651e-04 -1.007719666445162e+00
9 1 -1.000280236784630e+00 -1.884937516018389e-03 -9.780290130254139e-04 -1.007714971578960e+00
9 2 -1.000280760420237e+00 -1.886464302800010e-03 -9.765230023162548e-04 -1.007710270129590e+00
9 3 -1.000281282734588e+00 -1.887945042200004e-03 -9.751366897219774e-04 -1.007705608892908e+00
9 4 -1.000281799598203e+00 -1.889364441868507e-03 -9.738891968087181e-04 -1.007701032500055e+00
9 5 -1.000282307245376e+00 -1.890708426800446e-03 -9.727961362285532e-04 -1.007696583253887e+00
9 6 -1.000282802259144e+00 -1.891964216907549e-03 -9.718694968333584e-04 -1.007692300961659e+00
9 7 -1.000283281543910e+00 -1.893120409475847e-03 -9.711176107010799e-04 -1.007688222717854e+00
9 8 -1.000283742287945e+00 -1.894167069905757e-03 -9.705451857420521e-04 -1.007684382631763e+00
9 9 -1.000284181919912e+00 -1.895095821788164e-03 -9.701533964055228e-04 -1.007680811531378e+00
9 10 -1.000284598064737e+00 -1.895899921279116e-03 -9.699400292749416e-04 -1.007677536694685e+00
9 11 -1.000284988503487e+00 -1.896574301033875e-03 -9.698996827980449e-04 -1.007674581658867e+00
9 12 -1.000285351139111e+00 -1.897115572655807e-03 -9.700240229847618e-04 -1.007671966144369e+00
9 13 -1.000285683966228e+00 -1.897521980844230e-03 -9.703020991912379e-04 -1.007669706113002e+00
9 14 -1.000285985040946e+00 -1.897793306498389e-03 -9.707207247950297e-04 -1.007667813960755e+00
9 15 -1.000286252447796e+00 -1.897930720937160e-03 -9.712649246023643e-04 -1.007666298826656e+00
9 16 -1.000286484265069e+00 -1.897936600041310e-03 -9.719184416673516e-04 -1.007665166979687e+00
9 17 -1.000286678535117e+00 -1.897814314953684e-03 -9.726642816157361e-04 -1.007664422229803e+00
9 18 -1.000286833249957e+00 -1.897568022447704e-03 -9.734852598231703e-04 -1.007664066300707e+00
9 19 -1.000286946362695e+00 -1.897202479509227e-03 -9.743645152575564e-04 -1.007664099106109e+00
9 20 -1.000287015831286e+00 -1.896722900564941e-03 -9.752859668603438e-04 -1.007664518891126e+00
9 21 -1.000287039693781e+00 -1.896134863310576e-03 -9.762347066478302e-04 -1.007665322234000e+00
9 22 -1.000287016166324e+00 -1.895444255334069e-03 -9.771973377114441e-04 -1.007666503938939e+00
9 23 -1.000286943749847e+00 -1.894657244908745e-03 -9.781622686252469e-04 -1.007668056872990e+00
9 24 -1.000286821331066e+00 -1.893780259190066e-03 -9.791199676376723e-04 -1.007669971799240e+00
9 25 -1.000286648267602e+00 -1.892819961071647e-03 -9.800631639497134e-04 -1.007672237237511e+00
9 26 -1.000286424453881e+00 -1.891783227902129e-03 -9.809869673730470e-04 -1.007674839353537e+00
9 27 -1.000286150371032e+00 -1.890677145035871e-03 -9.818888722569359e-04 -1.007677761851982e+00
9 28 -1.000285827127914e+00 -1.889509029414267e-03 -9.827686225825224e-04 -1.007680985839698e+00
9 29 -1.000285456499894e+00 -1.888286491136656e-03 -9.836279376674031e-04 -1.007684489639384e+00
9 30 -1.000285040967012e+00 -1.887017527154902e-03 -9.844701200108607e-04 -1.007688248566969e+00
9 31 -1.000284583745638e+00 -1.885710627096404e-03 -9.852995791297346e-04 -1.007692234724352e+00
9 32 -1.000284088801416e+00 -1.884374863266708e-03 -9.861213063048564e-04 -1.007696416883538e+00
9 33 -1.000283560830052e+00 -1.883019938964505e-03 -9.869403286570180e-04 -1.007700760534045e+00
9 34 -1.000283005197709e+00 -1.881656181217174e-03 -9.877611618707692e-04 -1.007705228129866e+00
9 35 -1.000282427843020e+00 -1.880294481553215e-03 -9.885872744499872e-04 -1.007709779516518e+00
9 36 -1.000281835153763e+00 -1.878946204125259e-03 -9.894205767489407e-04 -1.007714372465142e+00
9 37 -1.000281233838214e+00 -1.877623087359921e-03 -9.902609547553409e-04 -1.007718963213496e+00
9 38 -1.000280630810599e+00 -1.876337160565949e-03 -9.911058762492584e-04 -1.007723506926387e+00
9 39 -1.000280033101732e+00 -1.875100683422680e-03 -9.919501000278292e-04 -1.007727958035484e+00
9 40 -1.000279447793035e+00 -1.873926100141171e-03 -9.927855165010669e-04 -1.007732270481123e+00
9 41 -1.000278881960189e+00 -1.872825987392008e-03 -9.936011423917989e-04 -1.007736397932828e+00
9 42 -1.000278342606702e+00 -1.871812970042943e-03 -9.943832844575002e-04 -1.007740294091267e+00
9 43 -1.000277836570487e+00 -1.870899583164706e-03 -9.951158761225341e-04 -1.007743913161713e+00
9 44 -1.000277370397007e+00 -1.870098071111212e-03 -9.957809770037270e-04 -1.007747210541306e+00
9 45 -1.000276950186249e+00 -1.869420129535960e-03 -9.963594116503495e-04 -1.007750143698882e+00
9 46 -1.000276581431521e+00 -1.868876607535643e-03 -9.968315140871102e-04 -1.007752673174503e+00
9 47 -1.000276268871533e+00 -1.868477191319458e-03 -9.971779405968258e-04 -1.007754763604459e+00
9 48 -1.000276016372792e+00 -1.868230089400154e-03 -9.973805135608423e-04 -1.007756384685863e+00
9 49 -1.000275826850225e+00 -1.868141736290534e-03 -9.974230609070280e-04 -1.007757512018806e+00
9 50 -1.000275702224651e+00 -1.868216529769976e-03 -9.972922150928937e-04 -1.007758127788869e+00
9 51 -1.000275643409906e+00 -1.868456615988605e-03 -9.969781314630934e-04 -1.007758221271213e+00
9 52 -1.000275650321267e+00 -1.868861735537631e-03 -9.964750819571122e-04 -1.007757789147539e+00
9 53 -1.000275721899923e+00 -1.869429140603077e-03 -9.957818828123654e-04 -1.007756835631036e+00
9 54 -1.000275856152826e+00 -1.870153587576712e-03 -9.949021277136740e-04 -1.007755372397457e+00
9 55 -1.000276050210894e+00 -1.871027401643180e-03 -9.938442185374572e-04 -1.007753418328572e+00
9 56 -1.000276300409082e+00 -1.872040602692361e-03 -9.926212076061445e-04 -1.007750999086653e+00
9 57 -1.000276602389584e+00 -1.873181079382055e-03 -9.912504799732826e-04 -1.007748146547155e+00
9 58 -1.000276951225885e+00 -1.874434802412148e-03 -9.897533055513213e-04 -1.007744898113829e+00
9 59 -1.000277341562153e+00 -1.875786076696796e-03 -9.881542792843589e-04 -1.007741295928286e+00
9 60 -1.000277767760190e+00 -1.877217838822658e-03 -9.864806527651445e-04 -1.007737385977007e+00
9 61 -1.000278224044988e+00 -1.878712004663066e-03 -9.847615568843275e-04 -1.007733217105096e+00
9 62 -1.000278704639833e+00 -1.880249860670503e-03 -9.830271296022884e-04 -1.007728839970252e+00
9 63 -1.000279203883246e+00 -1.881812476129142e-03 -9.813075891878954e-04 -1.007724306001307e+00
10 0 -1.000280616917825e+00 -1.883911038759043e-03 -9.793462027672302e-04 -1.007717233879668e+00
10 1 -1.000281149137325e+00 -1.885496306529301e-03 -9.777148578822745e-04 -1.007712456153053e+00
10 2 -1.000281683313079e+00 -1.887049187862553e-03 -9.761847097356663e-04 -1.007707681330984e+00
10 3 -1.000282214842073e+00 -1.888553030134757e-03 -9.747784083748291e-04 -1.007702956790685e+00
10 4 -1.000282739495880e+00 -1.889992340495377e-03 -9.735152617819099e-04 -1.007698327644663e+00
10 5 -1.000283253419535e+00 -1.891352877403335e-03 -9.724109973846625e-04 -1.007693836582397e+00
10 6 -1.000283753118245e+00 -1.892621727308277e-03 -9.714776413161585e-04 -1.007689523711706e+00
10 7 -1.000284235432501e+00 -1.893787384664791e-03 -9.707234905443579e-04 -1.007685426350671e+00
10 8 -1.000284697502718e+00 -1.894839838936420e-03 -9.701531608342364e-04 -1.007681578764623e+00
10 9 -1.000285136726795e+00 -1.895770660785386e-03 -9.697676981350844e-04 -1.007678011877932e+00
10 10 -1.000285550716149e+00 -1.896573074696462e-03 -9.695647425647944e-04 -1.007674753006461e+00
10 11 -1.000285937255533e+00 -1.897242004842236e-03 -9.695387374889757e-04 -1.007671825657863e+00
10 12 -1.000286294268894e+00 -1.897774082610259e-03 -9.696811826996175e-04 -1.007669249439319e+00
10 13 -1.000286619789715e+00 -1.898167607442716e-03 -9.699809375178497e-04 -1.007667040096884e+00
10 14 -1.000286911932169e+00 -1.898422457057317e-03 -9.704245840003692e-04 -1.007665209689762e+00
10 15 -1.000287168859982e+00 -1.898539947644209e-03 -9.709968601022963e-04 -1.007663766883454e+00
10 16 -1.000287388753049e+00 -1.898522649889710e-03 -9.716811639106696e-04 -1.007662717330540e+00
10 17 -1.000287569776775e+00 -1.898374174686409e-03 -9.724601116061160e-04 -1.007662064092606e+00
10 18 -1.000287710063975e+00 -1.898098951961675e-03 -9.733161115478746e-04 -1.007661808040555e+00
10 19 -1.000287807721038e+00 -1.897702031056679e-03 -9.742319087120744e-04 -1.007661948164794e+00
10 20 -1.000287860866629e+00 -1.897188925994241e-03 -9.751910642870907e-04 -1.007662481744324e+00
10 21 -1.000287867703475e+00 -1.896565515040224e-03 -9.761783571512979e-04 -1.007663404361959e+00
10 22 -1.000287826615135e+00 -1.895837988069670e-03 -9.771801139176750e-04 -1.007664709794328e+00
10 23 -1.000287736273748e+00 -1.895012824084948e-03 -9.781844838105255e-04 -1.007666389832550e+00
10 24 -1.000287595743390e+00 -1.894096778402649e-03 -9.791816714742282e-04 -1.007668434094858e+00
10 25 -1.000287404567047e+00 -1.893096865510387e-03 -9.801641256569486e-04 -1.007670829875494e+00
10 26 -1.000287162832036e+00 -1.892020336996058e-03 -9.811266607375516e-04 -1.007673562040875e+00
10 27 -1.000286871216469e+00 -1.890874667340759e-03 -9.820664744436167e-04 -1.007676612949195e+00
10 28 -1.000286531024531e+00 -1.889667565588458e-03 -9.829830301751603e-04 -1.007679962352500e+00
10 29 -1.000286144218597e+00 -1.888407024789990e-03 -9.838777941211490e-04 -1.007683587250895e+00
10 30 -1.000285713451488e+00 -1.887101407269299e-03 -9.847538425066121e-04 -1.007687461701543e+00
10 31 -1.000285242094530e+00 -1.885759548516944e-03 -9.856153716282052e-04 -1.007691556625701e+00
10 32 -1.000284734250004e+00 -1.884390851526500e-03 -9.864671506967799e-04 -1.007695839688844e+00
10 33 -1.000284194733821e+00 -1.883005341656323e-03 -9.873139564294867e-04 -1.007700275334997e+00
10 34 -1.000283629018416e+00 -1.881613662732647e-03 -9.881600194415504e-04 -1.007704825025556e+00
10 35 -1.000283043136094e+00 -1.880227015012593e-03 -9.890084994748454e-04 -1.007709447672203e+00
10 36 -1.000282443554993e+00 -1.878857054816516e-03 -9.898609980851520e-04 -1.007714100191586e+00
10 37 -1.000281837047640e+00 -1.877515784264560e-03 -9.907171193432312e-04 -1.007718738077792e+00
10 38 -1.000281230572182e+00 -1.876215455241350e-03 -9.915740972056941e-04 -1.007723315899228e+00
10 39 -1.000280631178887e+00 -1.874968498779124e-03 -9.924265141841768e-04 -1.007727787670784e+00
10 40 -1.000280045942058e+00 -1.873787474782551e-03 -9.932661375063813e-04 -1.007732107113242e+00
10 41 -1.000279481904929e+00 -1.872685021888442e-03 -9.940818989559879e-04 -1.007736227871571e+00
10 42 -1.000278946017626e+00 -1.871673778850471e-03 -9.948600421602659e-04 -1.007740103799362e+00
10 43 -1.000278445049848e+00 -1.870766252194122e-03 -9.955844508790484e-04 -1.007743689408707e+00
10 44 -1.000277985470093e+00 -1.869974619006124e-03 -9.962371527797256e-04 -1.007746940534533e+00
10 45 -1.000277573297168e+00 -1.869310470730803e-03 -9.967989725976139e-04 -1.007749815195610e+00
10 46 -1.000277213940928e+00 -1.868784515616330e-03 -9.972502949778996e-04 -1.007752274582366e+00
10 47 -1.000276912053431e+00 -1.868406261704420e-03 -9.975718927692715e-04 -1.007754284078957e+00
10 48 -1.000276671408438e+00 -1.868183701487002e-03 -9.977457781695709e-04 -1.007755814231031e+00
10 49 -1.000276494818822e+00 -1.868123016460338e-03 -9.977560386847770e-04 -1.007756841591217e+00
10 50 -1.000276384091959e+00 -1.868228316676120e-03 -9.975896242091747e-04 -1.007757349401011e+00
10 51 -1.000276340016580e+00 -1.868501428527327e-03 -9.972370520290198e-04 -1.007757328089222e+00
10 52 -1.000276362372822e+00 -1.868941743480919e-03 -9.966929927661208e-04 -1.007756775577155e+00
10 53 -1.000276449959808e+00 -1.869546138767495e-03 -9.959566980968901e-04 -1.007755697383416e+00
10 54 -1.000276600639273e+00 -1.870308975428917e-03 -9.950322382434810e-04 -1.007754106526552e+00
10 55 -1.000276811397020e+00 -1.871222170345856e-03 -9.939285353171756e-04 -1.007752023236022e+00
10 56 -1.000277078424885e+00 -1.872275331061881e-03 -9.926592010396067e-04 -1.007749474495671e+00
10 57 -1.000277397224351e+00 -1.873455939390996e-03 -9.912422046218171e-04 -1.007746493450778e+00
10 58 -1.000277762729878e+00 -1.874749573244198e-03 -9.896994019151189e-04 -1.007743118706000e+00
10 59 -1.000278169447024e+00 -1.876140164098309e-03 -9.880559497856269e-04 -1.007739393529062e+00
10 60 -1.000278611598321e+00 -1.877610295244243e-03 -9.863396171005401e-04 -1.007735364962739e+00
10 61 -1.000279083268727e+00 -1.879141546735188e-03 -9.845799978888336e-04 -1.007731082848694e+00
10 62 -1.000279578541990e+00 -1.880714883070549e-03 -9.828076415941338e-04 -1.007726598789007e+00
10 63 -1.000280091619773e+00 -1.882311063134819e-03 -9.810531365299750e-04 -1.007721965105426e+00
11 0 -1.000281512599247e+00 -1.884535009748373e-03 -9.785197539280415e-04 -1.007714708124640e+00
11 1 -1.000282057455300e+00 -1.886150473749523e-03 -9.768606970807689e-04 -1.007709841954670e+00
11 2 -1.000282603181161e+00 -1.887731140471003e-03 -9.753063359709741e-04 -1.007704987139169e+00
11 3 -1.000283145059088e+00 -1.889260115708410e-03 -9.738795643971274e-04 -1.007700191678640e+00
11 4 -1.000283678752943e+00 -1.890721692008161e-03 -9.725998842021829e-04 -1.007695501225386e+00
11 5 -1.000284200307384e+00 -1.892101442088233e-03 -9.714831513431712e-04 -1.007690958929626e+00
11 6 -1.000284706136022e+00 -1.893386295278070e-03 -9.705414467778596e-04 -1.007686605288370e+00
11 7 -1.000285192998714e+00 -1.894564614957260e-03 -9.697830516266238e-04 -1.007682477947217e+00
11 8 -1.000285657968494e+00 -1.895626281714477e-03 -9.692125086292111e-04 -1.007678611447006e+00
11 9 -1.000286098391136e+00 -1.896562776550907e-03 -9.688307528125857e-04 -1.007675036939993e+00
11 10 -1.000286511842629e+00 -1.897367252847263e-03 -9.686352946686291e-04 -1.007671781918467e+00
11 11 -1.000286896089670e+00 -1.898034584006755e-03 -9.686204422318926e-04 -1.007668870004587e+00
11 12 -1.000287249055721e+00 -1.898561375085006e-03 -9.687775558227602e-04 -1.007666320843473e+00
11 13 -1.000287568791995e+00 -1.898945930392140e-03 -9.690953399656259e-04 -1.007664150123313e+00
11 14 -1.000287853450434e+00 -1.899188172575110e-03 -9.695601876653379e-04 -1.007662369726022e+00
11 15 -1.000288101255104e+00 -1.899289511045794e-03 -9.701565963529031e-04 -1.007660987998215e+00
11 16 -1.000288310470543e+00 -1.899252661869422e-03 -9.708676655484856e-04 -1.007660010120909e+00
11 17 -1.000288479370710e+00 -1.899081430733026e-03 -9.716756634682487e-04 -1.007659438537250e+00
11 18 -1.000288606218096e+00 -1.898780482819029e-03 -9.725626239798750e-04 -1.007659273373687e+00
11 19 -1.000288689265304e+00 -1.898355130453835e-03 -9.735109215850064e-04 -1.007659512779352e+00
11 20 -1.000288726788508e+00 -1.897811165578032e-03 -9.745037784599963e-04 -1.007660153124259e+00
11 21 -1.000288717154724e+00 -1.897154750666793e-03 -9.755256797302185e-04 -1.007661189034561e+00
11 22 -1.000288658916178e+00 -1.896392364603512e-03 -9.765626993504834e-04 -1.007662613286403e+00
11 23 -1.000288550918283e+00 -1.895530785543463e-03 -9.776027572894676e-04 -1.007664416614314e+00
11 24 -1.000288392404905e+00 -1.894577086508284e-03 -9.786358310142212e-04 -1.007666587504734e+00
11 25 -1.000288183107035e+00 -1.893538624677867e-03 -9.796541290413839e-04 -1.007669112032407e+00
11 26 -1.000287923307999e+00 -1.892423019989957e-03 -9.806522096254403e-04 -1.007671973760706e+00
11 27 -1.000287613887002e+00 -1.891238134512674e-03 -9.816270086074488e-04 -1.007675153684924e+00
11 28 -1.000287256349019e+00 -1.889992072119503e-03 -9.825777392094683e-04 -1.007678630173217e+00
11 29 -1.000286852850203e+00 -1.888693214540017e-03 -9.835056436305865e-04 -1.007682378864368e+00
11 30 -1.000286406223850e+00 -1.887350296989416e-03 -9.844136023023499e-04 -1.007686372511806e+00
11 31 -1.000285920004335e+00 -1.885972509328944e-03 -9.853056309586836e-04 -1.007690580807845e+00
11 32 -1.000285398438410e+00 -1.884569593871815e-03 -9.861863113256556e-04 -1.007694970263012e+00
11 33 -1.000284846469290e+00 -1.883151906358807e-03 -9.870602043900731e-04 -1.007699504229429e+00
11 34 -1.000284269682122e+00 -1.881730416708121e-03 -9.879312855052764e-04 -1.007704143129061e+00
11 35 -1.000283674209377e+00 -1.880316646867387e-03 -9.888024237526332e-04 -1.007708844885950e+00
11 36 -1.000283066606842e+00 -1.878922563777824e-03 -9.896749139538192e-04 -1.007713565496727e+00
11 37 -1.000282453719614e+00 -1.877560456701817e-03 -9.905480651913783e-04 -1.007718259635439e+00
11 38 -1.000281842559014e+00 -1.876242826974422e-03 -9.914188535491361e-04 -1.007722881190424e+00
11 39 -1.000281240204842e+00 -1.874982306428336e-03 -9.922816542169176e-04 -1.007727383670281e+00
11 40 -1.000280653735028e+00 -1.873791602286266e-03 -9.931280762493868e-04 -1.007731720481258e+00
11 41 -1.000280090171197e+00 -1.872683447800616e-03 -9.939469303034900e-04 -1.007735845146450e+00
11 42 -1.000279556420268e+00 -1.871670527840084e-03 -9.947243609510672e-04 -1.007739711577528e+00
11 43 -1.000279059192950e+00 -1.870765352084636e-03 -9.954441650895090e-04 -1.007743274502386e+00
11 44 -1.000278604889487e+00 -1.869980062741995e-03 -9.960882966205083e-04 -1.007746490103483e+00
11 45 -1.000278199456396e+00 -1.869326180737451e-03 -9.966375325285433e-04 -1.007749316857540e+00
11 46 -1.000277848229579e+00 -1.868814307419073e-03 -9.970722561567830e-04 -1.007751716513079e+00
11 47 -1.000277555784749e+00 -1.868453805355836e-03 -9.973733049407783e-04 -1.007753655112187e+00
11 48 -1.000277325814206e+00 -1.868252481881751e-03 -9.975228320483066e-04 -1.007755103961496e+00
11 49 -1.000277161041014e+00 -1.868216294581453e-03 -9.975051407022102e-04 -1.007756040479845e+00
11 50 -1.000277063171818e+00 -1.868349092895177e-03 -9.973074601532061e-04 -1.007756448880620e+00
11 51 -1.000277032882544e+00 -1.868652408112725e-03 -9.969206365755677e-04 -1.007756320667918e+00
11 52 -1.000277069829248e+00 -1.869125304713224e-03 -9.963397086158357e-04 -1.007755654932668e+00
11 53 -1.000277172678367e+00 -1.869764304916996e-03 -9.955643318996668e-04 -1.007754458438129e+00
11 54 -1.000277339154067e+00 -1.870563392357391e-03 -9.945990190140060e-04 -1.007752745494145e+00
11 55 -1.000277566103228e+00 -1.871514091583077e-03 -9.934531758192661e-04 -1.007750537635184e+00
11 56 -1.000277849579745e+00 -1.872605611989291e-03 -9.921409367974626e-04 -1.007747863131166e+00
11 57 -1.000278184948921e+00 -1.873825041234805e-03 -9.906808216015460e-04 -1.007744756366440e+00
11 58 -1.000278567010270e+00 -1.875157575773758e-03 -9.890952439486950e-04 -1.007741257118587e+00
11 59 -1.000278990134352e+00 -1.876586783988329e-03 -9.874099010256105e-04 -1.007737409754895e+00
11 60 -1.000279448407434e+00 -1.878094905974066e-03 -9.856530623551787e-04 -1.007733262348337e+00
11 61 -1.000279935776492e+00 -1.879663196137039e-03 -9.838547710910241e-04 -1.007728865712308e+00
11 62 -1.000280446186273e+00 -1.881272306326104e-03 -9.820459751614025e-04 -1.007724272373696e+00
11 63 -1.000280973700238e+00 -1.882902691890030e-03 -9.802576203110855e-04 -1.007719535537875e+00
12 0 -1.000282394035250e+00 -1.885246128967558e-03 -9.771566878966429e-04 -1.007712120621224e+00
12 1 -1.000282952249696e+00 -1.886892758697831e-03 -9.754707607905748e-04 -1.007707161527395e+00
12 2 -1.000283510390307e+00 -1.888502555951555e-03 -9.738925646908218e-04 -1.007702221112614e+00
12 3 -1.000284063619094e+00 -1.890058378810940e-03 -9.724452335189063e-04 -1.007697348035944e+00
12 4 -1.000284607485158e+00 -1.891544293994705e-03 -9.711484676297961e-04 -1.007692588539026e+00
12 5 -1.000285137923779e+00 -1.892945672456276e-03 -9.700182639128000e-04 -1.007687986296201e+00
12 6 -1.000285651245169e+00 -1.894249265139985e-03 -9.690667764227378e-04 -1.007683582273377e+00
12 7 -1.000286144113372e+00 -1.895443277502327e-03 -9.683022916769974e-04 -1.007679414541795e+00
12 8 -1.000286613515861e+00 -1.896517449655902e-03 -9.677293006305241e-04 -1.007675518031959e+00
12 9 -1.000287056726147e+00 -1.897463137944843e-03 -9.673486471096192e-04 -1.007671924249126e+00
12 10 -1.000287471263559e+00 -1.898273386578234e-03 -9.671577311999515e-04 -1.007668660995639e+00
12 11 -1.000287854854793e+00 -1.898942976274855e-03 -9.671507473419389e-04 -1.007665752151315e+00
12 12 -1.000288205400558e+00 -1.899468439637022e-03 -9.673189439401078e-04 -1.007663217551681e+00
12 13 -1.000288520947843e+00 -1.899848036322886e-03 -9.676509062325760e-04 -1.007661072985192e+00
12 14 -1.000288799665150e+00 -1.900081682120780e-03 -9.681328819729839e-04 -1.007659330316265e+00
12 15 -1.000289039816465e+00 -1.900170826547694e-03 -9.687491782549515e-04 -1.007657997732003e+00
12 16 -1.000289239731600e+00 -1.900118278308205e-03 -9.694826482405004e-04 -1.007657080097364e+00
12 17 -1.000289397775793e+00 -1.899927988672291e-03 -9.703152607080214e-04 -1.007656579380586e+00
12 18 -1.000289512327377e+00 -1.899604815697875e-03 -9.712287154558004e-04 -1.007656495085768e+00
12 19 -1.000289581775482e+00 -1.899154300640573e-03 -9.722050479201377e-04 -1.007656824616907e+00
12 20 -1.000289604547947e+00 -1.898582486950666e-03 -9.732271663017896e-04 -1.007657563507216e+00
12 21 -1.000289579173329e+00 -1.897895800850417e-03 -9.742792851335172e-04 -1.007658705479187e+00
12 22 -1.000289504372114e+00 -1.897100993867758e-03 -9.753472515465333e-04 -1.007660242346871e+00
12 23 -1.000289379164067e+00 -1.896205129294560e-03 -9.764187879220925e-04 -1.007662163816361e+00
12 24 -1.000289202974553e+00 -1.895215585086595e-03 -9.774836824602178e-04 -1.007664457263688e+00
12 25 -1.000288975724481e+00 -1.894140049860773e-03 -9.785339447887051e-04 -1.007667107559174e+00
12 26 -1.000288697895516e+00 -1.892986503494245e-03 -9.795639173928164e-04 -1.007670096969209e+00
12 27 -1.000288370571210e+00 -1.891763191182843e-03 -9.805703103952204e-04 -1.007673405120443e+00
12 28 -1.000287995461792e+00 -1.890478611241427e-03 -9.815521184082980e-04 -1.007677008979267e+00
12 29 -1.000287574922792e+00 -1.889141537142449e-03 -9.825103883527345e-04 -1.007680882795019e+00
12 30 -1.000287111974407e+00 -1.887761082396719e-03 -9.834478333059051e-04 -1.007684997982334e+00
12 31 -1.000286610320742e+00 -1.886346797334309e-03 -9.843683191774668e-04 -1.007689322967248e+00
12 32 -1.000286074359315e+00 -1.884908768896472e-03 -9.852762746180076e-04 -1.007693823070080e+00
12 33 -1.000285509166203e+00 -1.883457687817932e-03 -9.861760812966429e-04 -1.007698460518309e+00
12 34 -1.000284920444347e+00 -1.882004855999506e-03 -9.870714924896590e-04 -1.007703194659821e+00
12 35 -1.000284314431586e+00 -1.880562126527586e-03 -9.879651101756099e-04 -1.007707982389083e+00
12 36 -1.000283697777215e+00 -1.879141790988856e-03 -9.888579323012144e-04 -1.007712778730923e+00
12 37 -1.000283077405812e+00 -1.877756444383700e-03 -9.897489687303261e-04 -1.007717537477236e+00
12 38 -1.000282460390186e+00 -1.876418860576276e-03 -9.906349214904519e-04 -1.007722211763026e+00
12 39 -1.000281853849495e+00 -1.875141899333767e-03 -9.915099336747326e-04 -1.007726754506290e+00
12 40 -1.000281264876119e+00 -1.873938444814599e-03 -9.923654269117410e-04 -1.007731118707241e+00
12 41 -1.000280700480984e+00 -1.872821354914133e-03 -9.931900607607958e-04 -1.007735257674354e+00
12 42 -1.000280167538094e+00 -1.871803390202134e-03 -9.939698513325649e-04 -1.007739125286406e+00
12 43 -1.000279672708749e+00 -1.870897093420451e-03 -9.946884778125166e-04 -1.007742676396590e+00
12 44 -1.000279222334040e+00 -1.870114603015159e-03 -9.953277848359556e-04 -1.007745867443101e+00
12 45 -1.000278822297107e+00 -1.869467401575786e-03 -9.958684600418516e-04 -1.007748657268109e+00
12 46 -1.000278477869030e+00 -1.868966016158405e-03 -9.962908389157636e-04 -1.007751008085898e+00
12 47 -1.000278193559152e+00 -1.868619696582347e-03 -9.965757743942030e-04 -1.007752886503284e+00
12 48 -1.000277972989580e+00 -1.868436097574221e-03 -9.967055116535510e-04 -1.007754264492743e+00
12 49 -1.000277818806030e+00 -1.868420984384357e-03 -9.966645234457305e-04 -1.007755120243639e+00
12 50 -1.000277732627501e+00 -1.868577975659899e-03 -9.964402768160247e-04 -1.007755438847767e+00
12 51 -1.000277715030203e+00 -1.868908335670216e-03 -9.960239094253625e-04 -1.007755212794601e+00
12 52 -1.000277765558616e+00 -1.869410828720202e-03 -9.954107916651344e-04 -1.007754442258969e+00
12 53 -1.000277882757836e+00 -1.870081647498192e-03 -9.946009443762376e-04 -1.007753135169521e+00
12 54 -1.000278064224212e+00 -1.870914421768638e-03 -9.935992796682438e-04 -1.007751307057790e+00
12 55 -1.000278306673855e+00 -1.871900305069871e-03 -9.924156410529466e-04 -1.007748980704219e+00
12 56 -1.000278606029729e+00 -1.873028128063374e-03 -9.910646386838539e-04 -1.007746185614103e+00
12 57 -1.000278957527318e+00 -1.874284602097303e-03 -9.895652972137371e-04 -1.007742957365620e+00
12 58 -1.000279355837123e+00 -1.875654558575687e-03 -9.879405470190762e-04 -1.007739336867762e+00
12 59 -1.000279795200218e+00 -1.877121218063925e-03 -9.862165905793515e-04 -1.007735369548372e+00
12 60 -1.000280269571467e+00 -1.878666492086852e-03 -9.844221695865726e-04 -1.007731104473321e+00
12 61 -1.000280772763649e+00 -1.880271323382646e-03 -9.825877528700387e-04 -1.007726593393237e+00
12 62 -1.000281298584706e+00 -1.881916063814118e-03 -9.807446660445741e-04 -1.007721889731361e+00
12 63 -1.000281840960316e+00 -1.883580875745553e-03 -9.789241924414739e-04 -1.007717047557452e+00
13 0 -1.000283252148084e+00 -1.886036441675780e-03 -9.752663218082150e-04 -1.007709503740812e+00
13 1 -1.000283824271473e+00 -1.887714810579917e-03 -9.735548919484696e-04 -1.007704448425410e+00
13 2 -1.000284395531252e+00 -1.889354712677912e-03 -9.719537149129681e-04 -1.007699417907786e+00
13 3 -1.000284960965158e+00 -1.890938755436205e-03 -9.704861565377102e-04 -1.007694461532139e+00
13 4 -1.000285516002211e+00 -1.892450771908544e-03 -9.691721164960976e-04 -1.007689626169251e+00
13 5 -1.000286056460957e+00 -1.893875917780463e-03 -9.680277432877798e-04 -1.007684956072856e+00
13 6 -1.000286578537906e+00 -1.895200745829082e-03 -9.670652827731083e-04 -1.007680492751601e+00
13 7 -1.000287078787752e+00 -1.896413278234776e-03 -9.662930494457137e-04 -1.007676274794123e+00
13 8 -1.000287554096023e+00 -1.897503085046081e-03 -9.657155052913629e-04 -1.007672337626667e+00
13 9 -1.000288001645240e+00 -1.898461364565099e-03 -9.653334248940661e-04 -1.007668713225918e+00
13 10 -1.000288418877412e+00 -1.899281014240996e-03 -9.651441198497889e-04 -1.007665429835352e+00
13 11 -1.000288803457320e+00 -1.899956680413836e-03 -9.651416944199654e-04 -1.007662511734779e+00
13 12 -1.000289153240699e+00 -1.900484778279550e-03 -9.653173124711211e-04 -1.007659979099543e+00
13 13 -1.000289466248361e+00 -1.900863475040968e-03 -9.656594746943449e-04 -1.007657847971840e+00
13 14 -1.000289740643599e+00 -1.901092628615940e-03 -9.661543279431669e-04 -1.007656130356586e+00
13 15 -1.000289974708588e+00 -1.901173674768981e-03 -9.667860415906840e-04 -1.007654834443742e+00
13 16 -1.000290166817314e+00 -1.901109460447192e-03 -9.675372786091831e-04 -1.007653964943392e+00
13 17 -1.000290315407066e+00 -1.900904030992762e-03 -9.683897625488262e-04 -1.007653523499480e+00
13 18 -1.000290418955811e+00 -1.900562391534982e-03 -9.693249071523953e-04 -1.007653509125965e+00
13 19 -1.000290475976595e+00 -1.900090273661628e-03 -9.703244483683695e-04 -1.007653918591867e+00
13 20 -1.000290485040099e+00 -1.899493941276789e-03 -9.713710120680211e-04 -1.007654746681034e+00
13 21 -1.000290444831215e+00 -1.898780059964475e-03 -9.724485697229356e-04 -1.007655986278682e+00
13 22 -1.000290354236389e+00 -1.897955634190962e-03 -9.735427705579891e-04 -1.007657628286617e+00
13 23 -1.000290212449253e+00 -1.897027995262813e-03 -9.746411733599933e-04 -1.007659661421593e+00
13 24 -1.000290019077038e+00 -1.896004810552009e-03 -9.757334160542126e-04 -1.007662071981296e+00
13 25 -1.000289774231395e+00 -1.894894086416434e-03 -9.768113508071836e-04 -1.007664843656910e+00
13 26 -1.000289478593704e+00 -1.893704151471718e-03 -9.778691452546635e-04 -1.007667957434757e+00
13 27 -1.000289133454046e+00 -1.892443626135260e-03 -9.789033214923572e-04 -1.007671391579521e+00
13 28 -1.000288740731130e+00 -1.891121399401952e-03 -9.799126878306313e-04 -1.007675121650636e+00
13 29 -1.000288302984212e+00 -1.889746636951124e-03 -9.808981229634855e-04 -1.007679120491193e+00
13 30 -1.000287823425541e+00 -1.888328833688686e-03 -9.818621979625468e-04 -1.007683358152802e+00
13 31 -1.000287305934242e+00 -1.886877903654099e-03 -9.828086573368479e-04 -1.007687801770051e+00
13 32 -1.000286755063422e+00 -1.885404280474666e-03 -9.837418101761276e-04 -1.007692415450767e+00
13 33 -1.000286176026207e+00 -1.883918991476917e-03 -9.846658952147994e-04 -1.007697160277109e+00
13 34 -1.000285574647079e+00 -1.882433673254688e-03 -9.855844784031529e-04 -1.007701994500251e+00
13 35 -1.000284957272922e+00 -1.880960515106357e-03 -9.864999231384557e-04 -1.007706873957626e+00
13 36 -1.000284330650722e+00 -1.879512141961389e-03 -9.874129486251576e-04 -1.007711752666716e+00
13 37 -1.000283701790061e+00 -1.878101468472811e-03 -9.883222702187248e-04 -1.007716583488840e+00
13 38 -1.000283077832707e+00 -1.876741560860715e-03 -9.892243072363372e-04 -1.007721318741412e+00
13 39 -1.000282465946492e+00 -1.875445531137196e-03 -9.901129526288786e-04 -1.007725910674659e+00
13 40 -1.000281873248643e+00 -1.874226466656963e-03 -9.909794186080531e-04 -1.007730311799162e+00
13 41 -1.000281306750101e+00 -1.873097376743749e-03 -9.918121910614409e-04 -1.007734475122772e+00
13 42 -1.000280773302560e+00 -1.872071125140622e-03 -9.925971346997871e-04 -1.007738354402934e+00
13 43 -1.000280279528074e+00 -1.871160316101098e-03 -9.933177862802682e-04 -1.007741904527372e+00
13 44 -1.000279831718009e+00 -1.870377113381960e-03 -9.939558529729030e-04 -1.007745082099206e+00
13 45 -1.000279435700902e+00 -1.869732990842949e-03 -9.944918996060161e-04 -1.007747846236188e+00
13 46 -1.000279096691862e+00 -1.869238432123507e-03 -9.949061738402606e-04 -1.007750159526730e+00
13 47 -1.000278819143641e+00 -1.868902606894854e-03 -9.951794984254354e-04 -1.007751989045897e+00
13 48 -1.000278606619257e+00 -1.868733050743499e-03 -9.952941623413204e-04 -1.007753307331399e+00
13 49 -1.000278461699349e+00 -1.868735369540232e-03 -9.952347609428489e-04 -1.007754093241522e+00
13 50 -1.000278385928415e+00 -1.868912983146981e-03 -9.949889553367381e-04 -1.007754332645056e+00
13 51 -1.000278379796649e+00 -1.869266920376306e-03 -9.945481332423432e-04 -1.007754018914932e+00
13 52 -1.000278442750678e+00 -1.869795676705999e-03 -9.939079549399267e-04 -1.007753153208613e+00
13 53 -1.000278573227220e+00 -1.870495145847683e-03 -9.930687613352348e-04 -1.007751744523776e+00
13 54 -1.000278768706381e+00 -1.871358632685825e-03 -9.920358140826850e-04 -1.007749809526341e+00
13 55 -1.000279025783597e+00 -1.872376946754546e-03 -9.908193399904065e-04 -1.007747372165801e+00
13 56 -1.000279340259817e+00 -1.873538564912874e-03 -9.894343681900503e-04 -1.007744463115136e+00
13 57 -1.000279707248928e+00 -1.874829845212788e-03 -9.879003720407280e-04 -1.007741119085863e+00
13 58 -1.000280121300282e+00 -1.876235275529466e-03 -9.862407455866386e-04 -1.007737382062760e+00
13 59 -1.000280576533009e+00 -1.877737749008519e-03 -9.844821496118614e-04 -1.007733298481717e+00
13 60 -1.000281066777461e+00 -1.879318867816722e-03 -9.826537584574780e-04 -1.007728918352173e+00
13 61 -1.000281585717918e+00 -1.880959280813598e-03 -9.807864336529772e-04 -1.007724294317446e+00
13 62 -1.000282127029706e+00 -1.882639056249886e-03 -9.789118493476355e-04 -1.007719480658850e+00
13 63 -1.000282684503269e+00 -1.884338078295494e-03 -9.770615990705716e-04 -1.007714532279984e+00
14 0 -1.000284078237984e+00 -1.886897081510204e-03 -9.728635873478828e-04 -1.007706890061592e+00
14 1 -1.000284664636802e+00 -1.888607349705076e-03 -9.711285468593744e-04 -1.007701736476961e+00
14 2 -1.000285249546383e+00 -1.890277939717861e-03 -9.695057273769712e-04 -1.007696612530531e+00
14 3 -1.000285827877982e+00 -1.891891209557902e-03 -9.680187129958636e-04 -1.007691568267249e+00
14 4 -1.000286394936693e+00 -1.893430753830696e-03 -9.666875994211525e-04 -1.007686651218572e+00
14 5 -1.000286946418189e+00 -1.894881501415471e-03 -9.655286948401859e-04 -1.007681906267331e+00
14 6 -1.000287478396455e+00 -1.896229789015733e-03 -9.645543544548811e-04 -1.007677375532384e+00
14 7 -1.000287987305184e+00 -1.897463432361390e-03 -9.637729438052331e-04 -1.007673098202970e+00
14 8 -1.000288469913298e+00 -1.898571803438659e-03 -9.631889209403492e-04 -1.007669110299797e+00
14 9 -1.000288923294634e+00 -1.899545909531870e-03 -9.628030162044433e-04 -1.007665444386099e+00
14 10 -1.000289344793828e+00 -1.900378463926075e-03 -9.626124769729111e-04 -1.007662129275755e+00
14 11 -1.000289731992549e+00 -1.901063938094207e-03 -9.626113415632845e-04 -1.007659189786445e+00
14 12 -1.000290082680061e+00 -1.901598586854923e-03 -9.627907163590639e-04 -1.007656646576168e+00
14 13 -1.000290394829251e+00 -1.901980438709742e-03 -9.631390516044338e-04 -1.007654516089689e+00
14 14 -1.000290666576002e+00 -1.902209243511486e-03 -9.636424371594153e-04 -1.007652810628803e+00
14 15 -1.000290896198341e+00 -1.902286370139340e-03 -9.642849575731893e-04 -1.007651538547369e+00
14 16 -1.000291082092692e+00 -1.902214649991099e-03 -9.650491437903784e-04 -1.007650704560048e+00
14 17 -1.000291222747974e+00 -1.901998170320084e-03 -9.659165328403633e-04 -1.007650310138628e+00
14 18 -1.000291316723380e+00 -1.901642034917140e-03 -9.668683070119351e-04 -1.007650353946986e+00
14 19 -1.000291362640441e+00 -1.901152123284240e-03 -9.678859495843947e-04 -1.007650832241533e+00
14 20 -1.000291359201099e+00 -1.900534884859625e-03 -9.689518423271844e-04 -1.007651739156689e+00
14 21 -1.000291305238940e+00 -1.899797196656541e-03 -9.700497464616696e-04 -1.007653066818296e+00
14 22 -1.000291199801807e+00 -1.898946292942150e-03 -9.711651458623777e-04 -1.007654805277512e+00
14 23 -1.000291042254557e+00 -1.897989752623136e-03 -9.722854715667055e-04 -1.007656942313248e+00
14 24 -1.000290832384826e+00 -1.896935513933243e-03 -9.734002507872143e-04 -1.007659463189097e+00
14 25 -1.000290570494383e+00 -1.895791884271421e-03 -9.745012199734748e-04 -1.007662350454273e+00
14 26 -1.000290257464380e+00 -1.894567526578175e-03 -9.755824133995341e-04 -1.007665583844277e+00
14 27 -1.000289894792214e+00 -1.893271425334364e-03 -9.766402030890974e-04 -1.007669140281394e+00
14 28 -1.000289484606834e+00 -1.891912853347049e-03 -9.776732425606049e-04 -1.007672993926015e+00
14 29 -1.000289029674080e+00 -1.890501365790313e-03 -9.786822674706613e-04 -1.007677116211703e+00
14 30 -1.000288533401919e+00 -1.889046838741896e-03 -9.796697297417805e-04 -1.007681475816593e+00
14 31 -1.000287999848415e+00 -1.887559550247866e-03 -9.806392779707089e-04 -1.007686038571208e+00
14 32 -1.000287433725896e+00 -1.886050280385552e-03 -9.815951322020519e-04 -1.007690767359185e+00
14 33 -1.000286840387533e+00 -1.884530392098742e-03 -9.825414229792237e-04 -1.007695622107676e+00
14 34 -1.000286225781627e+00 -1.883011855322753e-03 -9.834815652229470e-04 -1.007700559962999e+00
14 35 -1.000285596366076e+00 -1.881507195324884e-03 -9.844177174573748e-04 -1.007705535695148e+00
14 36 -1.000284958988187e+00 -1.880029373964071e-03 -9.853503457508946e-04 -1.007710502294182e+00
14 37 -1.000284320746859e+00 -1.878591635240622e-03 -9.862778838343347e-04 -1.007715411654593e+00
14 38 -1.000283688859226e+00 -1.877207353491606e-03 -9.871964680278631e-04 -1.007720215223286e+00
14 39 -1.000283070550035e+00 -1.875889912881707e-03 -9.880997316124617e-04 -1.007724864517506e+00
14 40 -1.000282472971017e+00 -1.874652626338250e-03 -9.889786634396207e-04 -1.007729311484455e+00
14 41 -1.000281903143771e+00 -1.873508678888852e-03 -9.898215600678657e-04 -1.007733508750257e+00
14 42 -1.000281367908670e+00 -1.872471063149903e-03 -9.906141181636209e-04 -1.007737409864449e+00
14 43 -1.000280873859056e+00 -1.871552471093524e-03 -9.913397142932493e-04 -1.007740969661143e+00
14 44 -1.000280427246167e+00 -1.870765118189929e-03 -9.919798978897379e-04 -1.007744144820991e+00
14 45 -1.000280033852888e+00 -1.870120497144366e-03 -9.925150851756077e-04 -1.007746894648687e+00
14 46 -1.000279698847344e+00 -1.869629078030968e-03 -9.929254020404434e-04 -1.007749182013547e+00
14 47 -1.000279426635334e+00 -1.869299982353869e-03 -9.931915994110647e-04 -1.007750974360507e+00
14 48 -1.000279220731413e+00 -1.869140659670190e-03 -9.932959641694447e-04 -1.007752244690452e+00
14 49 -1.000279083663021e+00 -1.869156590160044e-03 -9.932231676532447e-04 -1.007752972425005e+00
14 50 -1.000279016913370e+00 -1.869351029241738e-03 -9.929610192111657e-04 -1.007753144099918e+00
14 51 -1.000279020900825e+00 -1.869724805151382e-03 -9.925011112467132e-04 -1.007752753858040e+00
14 52 -1.000279094988589e+00 -1.870276179447482e-03 -9.918393475869618e-04 -1.007751803725903e+00
14 53 -1.000279237518957e+00 -1.871000781400824e-03 -9.909763397072079e-04 -1.007750303660243e+00
14 54 -1.000279445868833e+00 -1.871891624906795e-03 -9.899176439200322e-04 -1.007748271357528e+00
14 55 -1.000279716524872e+00 -1.872939208104241e-03 -9.886738093933430e-04 -1.007745731840803e+00
14 56 -1.000280045176801e+00 -1.874131684549480e-03 -9.872602191545309e-04 -1.007742716865336e+00
14 57 -1.000280426826907e+00 -1.875455087171210e-03 -9.856967296566956e-04 -1.007739264200037e+00
14 58 -1.000280855913048e+00 -1.876893586652428e-03 -9.840071361488776e-04 -1.007735416836083e+00
14 59 -1.000281326441836e+00 -1.878429773640095e-03 -9.822185011203349e-04 -1.007731222152170e+00
14 60 -1.000281832128028e+00 -1.880044964460856e-03 -9.803603820947027e-04 -1.007726731040002e+00
14 61 -1.000282366535397e+00 -1.881719536266131e-03 -9.784639904929894e-04 -1.007721996979005e+00
14 62 -1.000282923213313e+00 -1.883433294624601e-03 -9.765613111070196e-04 -1.007717075057833e+00
14 63 -1.000283495821866e+00 -1.885165864579160e-03 -9.746842131387573e-04 -1.007712020971750e+00
15 0 -1.000284864102491e+00 -1.887818447417408e-03 -9.699689731289498e-04 -1.007704311624939e+00
15 1 -1.000285464949405e+00 -1.889560352397059e-03 -9.682127205070416e-04 -1.007699059018439e+00
15 2 -1.000286063854676e+00 -1.891261808839895e-03 -9.665700742088880e-04 -1.007693839550333e+00
15 3 -1.000286655602558e+00 -1.892904930146501e-03 -9.650648174200673e-04 -1.007688703972272e+00
15 4 -1.000287235371691e+00 -1.894473070443314e-03 -9.637172339770930e-04 -1.007683700500880e+00
15 5 -1.000287798730198e+00 -1.895950923082473e-03 -9.625437955031965e-04 -1.007678874690200e+00
15 6 -1.000288341622520e+00 -1.897324593855890e-03 -9.615569810720456e-04 -1.007674269327355e+00
15 7 -1.000288860351433e+00 -1.898581671008324e-03 -9.607652303556846e-04 -1.007669924277366e+00
15 8 -1.000289351555831e+00 -1.899711301010456e-03 -9.601730252656977e-04 -1.007665876250121e+00
15 9 -1.000289812184130e+00 -1.900704267219931e-03 -9.597810800999417e-04 -1.007662158508073e+00
15 10 -1.000290239464639e+00 -1.901553062334904e-03 -9.595866042062624e-04 -1.007658800559946e+00
15 11 -1.000290630875842e+00 -1.902251944170450e-03 -9.595835951208332e-04 -1.007655827892452e+00
15 12 -1.000290984119728e+00 -1.902796965557601e-03 -9.597631292748079e-04 -1.007653261783972e+00
15 13 -1.000291297099710e+00 -1.903185971097442e-03 -9.601136400584556e-04 -1.007651119227509e+00
15 14 -1.000291567902260e+00 -1.903418554076964e-03 -9.606212024967360e-04 -1.007649412973579e+00
15 15 -1.000291794779262e+00 -1.903495965747061e-03 -9.612698676760074e-04 -1.007648151694040e+00
15 16 -1.000291976127849e+00 -1.903420969974264e-03 -9.620420932605606e-04 -1.007647340261885e+00
15 17 -1.000292110467299e+00 -1.903197643967035e-03 -9.629192915178824e-04 -1.007646980128142e+00
15 18 -1.000292196417987e+00 -1.902831140535131e-03 -9.638824725247136e-04 -1.007647069750636e+00
15 19 -1.000292232692434e+00 -1.902327442531231e-03 -9.649129194084459e-04 -1.007647605002185e+00
15 20 -1.000292218109937e+00 -1.901693147103424e-03 -9.659928144389617e-04 -1.007648579476515e+00
15 21 -1.000292151642546e+00 -1.900935311368610e-03 -9.671057470182309e-04 -1.007649984628972e+00
15 22 -1.000292032492280e+00 -1.900061373020428e-03 -9.682370714212893e-04 -1.007651809733536e+00
15 23 -1.000291860190214e+00 -1.899079135272567e-03 -9.693741277546137e-04 -1.007654041694370e+00
15 24 -1.000291634700865e+00 -1.897996785574824e-03 -9.705063726567138e-04 -1.007656664797344e+00
15 25 -1.000291356513545e+00 -1.896822912057020e-03 -9.716254695701557e-04 -1.007659660500488e+00
15 26 -1.000291026707336e+00 -1.895566494029118e-03 -9.727253611209912e-04 -1.007663007331868e+00
15 27 -1.000290646985968e+00 -1.894236865847684e-03 -9.738023059247887e-04 -1.007666680904352e+00
15 28 -1.000290219688718e+00 -1.892843674170817e-03 -9.748548324176753e-04 -1.007670654000834e+00
15 29 -1.000289747789156e+00 -1.891396857242645e-03 -9.758835569819869e-04 -1.007674896657170e+00
15 30 -1.000289234892978e+00 -1.889906668445836e-03 -9.768908331344583e-04 -1.007679376182513e+00
15 31 -1.000288685239717e+00 -1.888383747523182e-03 -9.778802350229867e-04 -1.007684057102908e+00
15 32 -1.000288103703428e+00 -1.886839218675745e-03 -9.788559195625442e-04 -1.007688901076513e+00
15 33 -1.000287495779146e+00 -1.885284776393977e-03 -9.798219416672742e-04 -1.007693866878169e+00
15 34 -1.000286867539860e+00 -1.883732718101234e-03 -9.807816030963084e-04 -1.007698910556540e+00
15 35 -1.000286225555012e+00 -1.882195899923760e-03 -9.817368954996310e-04 -1.007703985819326e+00
15 36 -1.000285576773541e+00 -1.880687619578923e-03 -9.826880634772361e-04 -1.007709044623257e+00
15 37 -1.000284928386574e+00 -1.879221454994723e-03 -9.836332801579910e-04 -1.007714037874497e+00
15 38 -1.000284287691466e+00 -1.877811098586401e-03 -9.845684085230152e-04 -1.007718916112722e+00
15 39 -1.000283661976804e+00 -1.876470221380124e-03 -9.854868224111039e-04 -1.007723630071106e+00
15 40 -1.000283058437803e+00 -1.875212380837250e-03 -9.863792812141469e-04 -1.007728131068228e+00
15 41 -1.000282484117234e+00 -1.874050959683956e-03 -9.872338830503142e-04 -1.007732371272005e+00
15 42 -1.000281945855177e+00 -1.872999102556768e-03 -9.880361468748420e-04 -1.007736303942301e+00
15 43 -1.000281450226875e+00 -1.872069612504298e-03 -9.887692789999972e-04 -1.007739883776556e+00
15 44 -1.000281003453405e+00 -1.871274781089585e-03 -9.894146580803015e-04 -1.007743067447550e+00
15 45 -1.000280611281524e+00 -1.870626146497588e-03 -9.899525320397284e-04 -1.007745814356616e+00
15 46 -1.000280278841718e+00 -1.870134194273545e-03 -9.903628764595456e-04 -1.007748087558942e+00
15 47 -1.000280010502307e+00 -1.869808028624708e-03 -9.906263335406613e-04 -1.007749854770901e+00
15 48 -1.000279809739626e+00 -1.869655045691912e-03 -9.907251450753034e-04 -1.007751089353454e+00
15 49 -1.000279679039602e+00 -1.869680634619639e-03 -9.906440118561039e-04 -1.007751771181066e+00
15 50 -1.000279619837393e+00 -1.869887922770689e-03 -9.903708434252515e-04 -1.007751887338626e+00
15 51 -1.000279632493790e+00 -1.870277574993698e-03 -9.898973884382917e-04 -1.007751432617213e+00
15 52 -1.000279716303199e+00 -1.870847656359783e-03 -9.892197451237966e-04 -1.007750409790142e+00
15 53 -1.000279869528046e+00 -1.871593569463724e-03 -9.883387435026887e-04 -1.007748829651784e+00
15 54 -1.000280089456140e+00 -1.872508075168274e-03 -9.872601766797297e-04 -1.007746710810650e+00
15 55 -1.000280372478638e+00 -1.873581397443645e-03 -9.859948510284047e-04 -1.007744079251742e+00
15 56 -1.000280714186345e+00 -1.874801401930889e-03 -9.845584327296379e-04 -1.007740967711281e+00
15 57 -1.000281109481524e+00 -1.876153829446109e-03 -9.829710891118841e-04 -1.007737414924655e+00
15 58 -1.000281552701759e+00 -1.877622564197780e-03 -9.812569470884281e-04 -1.007733464806695e+00
15 59 -1.000282037752241e+00 -1.879189923195050e-03 -9.794434065107176e-04 -1.007729165601852e+00
15 60 -1.000282558243053e+00 -1.880836964541285e-03 -9.775603499410945e-04 -1.007724569010981e+00
15 61 -1.000283107627869e+00 -1.882543820425548e-03 -9.756392869816455e-04 -1.007719729280110e+00
15 62 -1.000283679339320e+00 -1.884290059164622e-03 -9.737124672920163e-04 -1.007714702241653e+00
15 63 -1.000284266914412e+00 -1.886055069645196e-03 -9.718119945122865e-04 -1.007709544329255e+00
16 0 -1.000285602146232e+00 -1.888790389346783e-03 -9.666083949646168e-04 -1.007701799213497e+00
16 1 -1.000286217414764e+00 -1.890563246883564e-03 -9.648337989113454e-04 -1.007696448142583e+00
16 2 -1.000286830469348e+00 -1.892295338523940e-03 -9.631735957339604e-04 -1.007691132324625e+00
16 3 -1.000287435968264e+00 -1.893968541189261e-03 -9.616517423079969e-04 -1.007685903215937e+00
16 4 -1.000288028962809e+00 -1.895565970033815e-03 -9.602886965063731e-04 -1.007680809733791e+00
16 5 -1.000288604890833e+00 -1.897072078205714e-03 -9.591010914727025e-04 -1.007675898134341e+00
16 6 -1.000289159562066e+00 -1.898472729081036e-03 -9.581015410631687e-04 -1.007671211921091e+00
16 7 -1.000289689139850e+00 -1.899755264119112e-03 -9.572985814837425e-04 -1.007666791703984e+00
16 8 -1.000290190120871e+00 -1.900908577761398e-03 -9.566967477932225e-04 -1.007662674972300e+00
16 9 -1.000290659312867e+00 -1.901923197849592e-03 -9.562967687213956e-04 -1.007658895793969e+00
16 10 -1.000291093810316e+00 -1.902791361550265e-03 -9.560958442324201e-04 -1.007655484489903e+00
16 11 -1.000291490969339e+00 -1.903507075007129e-03 -9.560879585526800e-04 -1.007652467342667e+00
16 12 -1.000291848384281e+00 -1.904066147938285e-03 -9.562641868869680e-04 -1.007649866386334e+00
16 13 -1.000292163868177e+00 -1.904466197412658e-03 -9.566129784666103e-04 -1.007647699302742e+00
16 14 -1.000292435437086e+00 -1.904706614548722e-03 -9.571204331736775e-04 -1.007645979433942e+00
16 15 -1.000292661295574e+00 -1.904788485135464e-03 -9.577706177810318e-04 -1.007644715914907e+00
16 16 -1.000292839819864e+00 -1.904714455387763e-03 -9.585459747795346e-04 -1.007643913925274e+00
16 17 -1.000292969537901e+00 -1.904488541557056e-03 -9.594278544547422e-04 -1.007643575043882e+00
16 18 -1.000293049110505e+00 -1.904115896386685e-03 -9.603971564817336e-04 -1.007643697664708e+00
16 19 -1.000293077322501e+00 -1.903602561022603e-03 -9.614350206093616e-04 -1.007644277406932e+00
16 20 -1.000293053094595e+00 -1.902955240464249e-03 -9.625234794989992e-04 -1.007645307438441e+00
16 21 -1.000292975524393e+00 -1.902181137703022e-03 -9.636459936887502e-04 -1.007646778642990e+00
16 22 -1.000292843958225e+00 -1.901287864742659e-03 -9.647878260661532e-04 -1.007648679601349e+00
16 23 -1.000292658086017e+00 -1.900283423293777e-03 -9.659362635357013e-04 -1.007650996416075e+00
16 24 -1.000292418043362e+00 -1.899176225478289e-03 -9.670807328555888e-04 -1.007653712463076e+00
16 25 -1.000292124502148e+00 -1.897975116450703e-03 -9.682128674873648e-04 -1.007656808173631e+00
16 26 -1.000291778735164e+00 -1.896689370420839e-03 -9.693265595862426e-04 -1.007660260926596e+00
16 27 -1.000291382649305e+00 -1.895328653881084e-03 -9.704179897755313e-04 -1.007664045073538e+00
16 28 -1.000290938792251e+00 -1.893902973672304e-03 -9.714855898378219e-04 -1.007668132056740e+00
16 29 -1.000290450344589e+00 -1.892422641180119e-03 -9.725298790342669e-04 -1.007672490540892e+00
16 30 -1.000289921110103e+00 -1.890898280399691e-03 -9.735531301495460e-04 -1.007677086483744e+00
16 31 -1.000289355510892e+00 -1.889340887964222e-03 -9.745588598006253e-04 -1.007681883118649e+00
16 32 -1.000288758583915e+00 -1.887761926864203e-03 -9.755511833840267e-04 -1.007686840890109e+00
16 33 -1.000288135966644e+00 -1.886173415453801e-03 -9.765341103698322e-04 -1.007691917437138e+00
16 34 -1.000287493856589e+00 -1.884587969131821e-03 -9.775108671507254e-04 -1.007697067730819e+00
16 35 -1.000286838934286e+00 -1.883018765867877e-03 -9.784833188077678e-04 -1.007702244434400e+00
16 36 -1.000286178250278e+00 -1.881479432957158e-03 -9.794515255786905e-04 -1.007707398481104e+00
16 37 -1.000285519089091e+00 -1.879983880190051e-03 -9.804134297820616e-04 -1.007712479786421e+00
16 38 -1.000284868831441e+00 -1.878546121503548e-03 -9.813646410655910e-04 -1.007717437964220e+00
16 39 -1.000284234835467e+00 -1.877180124562112e-03 -9.822982835458547e-04 -1.007722222925603e+00
16 40 -1.000283624348069e+00 -1.875899706635759e-03 -9.832048890126397e-04 -1.007726785304577e+00
16 41 -1.000283044443103e+00 -1.874718466605789e-03 -9.840723555271445e-04 -1.007731076743121e+00
16 42 -1.000282501971006e+00 -1.873649720977871e-03 -9.848860222963214e-04 -1.007735050137283e+00
16 43 -1.000282003499720e+00 -1.872706405126059e-03 -9.856289223526564e-04 -1.007738659968132e+00
16 44 -1.000281555230763e+00 -1.871900910145602e-03 -9.862822564686820e-04 -1.007741862814379e+00
16 45 -1.000281162884901e+00 -1.871244845486720e-03 -9.868260900652594e-04 -1.007744618082430e+00
16 46 -1.000280831564608e+00 -1.870748740064117e-03 -9.872402253468080e-04 -1.007746888918155e+00
16 47 -1.000280565610347e+00 -1.870421711103218e-03 -9.875051632702860e-04 -1.007748643209440e+00
16 48 -1.000280368470650e+00 -1.870271134573485e-03 -9.876030594217337e-04 -1.007749854569685e+00
16 49 -1.000280242601634e+00 -1.870302344439078e-03 -9.875185969674839e-04 -1.007750503210148e+00
16 50 -1.000280189403345e+00 -1.870518377436185e-03 -9.872397360121319e-04 -1.007750576642754e+00
16 51 -1.000280209192928e+00 -1.870919773400341e-03 -9.867583314368074e-04 -1.007750070180770e+00
16 52 -1.000280301210608e+00 -1.871504440341218e-03 -9.860706251441284e-04 -1.007748987214823e+00
16 53 -1.000280463653875e+00 -1.872267594658223e-03 -9.851776120304932e-04 -1.007747339245394e+00
16 54 -1.000280693736144e+00 -1.873201785058131e-03 -9.840852627204051e-04 -1.007745145663434e+00
16 55 -1.000280987767108e+00 -1.874297001663899e-03 -9.828045744748584e-04 -1.007742433292852e+00
16 56 -1.000281341251936e+00 -1.875540861145637e-03 -9.813514241866982e-04 -1.007739235737017e+00
16 57 -1.000281749005598e+00 -1.876918849107607e-03 -9.797462146600374e-04 -1.007735592593779e+00
16 58 -1.000282205277926e+00 -1.878414597838704e-03 -9.780133299876078e-04 -1.007731548606425e+00
16 59 -1.000282703885317e+00 -1.880010183343092e-03 -9.761804368091771e-04 -1.007727152796507e+00
16 60 -1.000283238345954e+00 -1.881686436993464e-03 -9.742776778461760e-04 -1.007722457589436e+00
16 61 -1.000283802015923e+00 -1.883423276555713e-03 -9.723368025264093e-04 -1.007717517917119e+00
16 62 -1.000284388222569e+00 -1.885200062075197e-03 -9.703902730994067e-04 -1.007712390281533e+00
16 63 -1.000284990389527e+00 -1.886995973060160e-03 -9.684703796218211e-04 -1.007707131790187e+00
17 0 -1.000286285475766e+00 -1.889802391297839e-03 -9.628129978695621e-04 -1.007699381694869e+00
17 1 -1.000286914940297e+00 -1.891605107436608e-03 -9.610233435373462e-04 -1.007693934008464e+00
17 2 -1.000287542102296e+00 -1.893367197118997e-03 -9.593482690102322e-04 -1.007688522281447e+00
17 3 -1.000288161497029e+00 -1.895070313026161e-03 -9.578118715763621e-04 -1.007683198662522e+00
17 4 -1.000288768049649e+00 -1.896697337437683e-03 -9.564347613249842e-04 -1.007678012773186e+00
17 5 -1.000289357066974e+00 -1.898232482593130e-03 -9.552337251547911e-04 -1.007673011591733e+00
17 6 -1.000289924220497e+00 -1.899661360779636e-03 -9.542215188157782e-04 -1.007668239378027e+00
17 7 -1.000290465527224e+00 -1.900971049925908e-03 -9.534067949370501e-04 -1.007663737548224e+00
17 8 -1.000290977331406e+00 -1.902150168902864e-03 -9.527941699720753e-04 -1.007659544451035e+00
17 9 -1.000291456286800e+00 -1.903188961009004e-03 -9.523844189429836e-04 -1.007655695056003e+00
17 10 -1.000291899337884e+00 -1.904079374010369e-03 -9.521747644850189e-04 -1.007652220607582e+00
17 11 -1.000292303699964e+00 -1.904815124560132e-03 -9.521592082204620e-04 -1.007649148308353e+00
17 12 -1.000292666840170e+00 -1.905391739145044e-03 -9.523288540241580e-04 -1.007646501079017e+00
17 13 -1.000292986461435e+00 -1.905806566052569e-03 -9.526721988334595e-04 -1.007644297422562e+00
17 14 -1.000293260489594e+00 -1.906058751401890e-03 -9.531754053049110e-04 -1.007642551406227e+00
17 15 -1.000293487061428e+00 -1.906149170036509e-03 -9.538226028970695e-04 -1.007641272766088e+00
17 16 -1.000293664511038e+00 -1.906080302574466e-03 -9.545962749160227e-04 -1.007640467130643e+00
17 17 -1.000293791353659e+00 -1.905856055601240e-03 -9.554777714526879e-04 -1.007640136348499e+00
17 18 -1.000293866269812e+00 -1.905481534259046e-03 -9.564479447229788e-04 -1.007640278886699e+00
17 19 -1.000293888097086e+00 -1.904962793119013e-03 -9.574878506840034e-04 -1.007640890239804e+00
17 20 -1.000293855839885e+00 -1.904306604169076e-03 -9.585794253504841e-04 -1.007641963268382e+00
17 21 -1.000293768706261e+00 -1.903520280388331e-03 -9.597060458889977e-04 -1.007643488389828e+00
17 22 -1.000293626174650e+00 -1.902611576844784e-03 -9.608529240361058e-04 -1.007645453583617e+00
17 23 -1.000293428084004e+00 -1.901588665450833e-03 -9.620073324115978e-04 -1.007647844233395e+00
17 24 -1.000293174732630e+00 -1.900460155981312e-03 -9.631587082893724e-04 -1.007650642883553e+00
17 25 -1.000292866967482e+00 -1.899235124422313e-03 -9.642986968098654e-04 -1.007653829014645e+00
17 26 -1.000292506248339e+00 -1.897923115208459e-03 -9.654211799161036e-04 -1.007657378928257e+00
17 27 -1.000292094679568e+00 -1.896534105035453e-03 -9.665222957536480e-04 -1.007661265779202e+00
17 28 -1.000291635012887e+00 -1.895078443095133e-03 -9.676004075852229e-04 -1.007665459722668e+00
17 29 -1.000291130633118e+00 -1.893566800946599e-03 -9.686559574835517e-04 -1.007669928092580e+00
17 30 -1.000290585540828e+00 -1.892010164180080e-03 -9.696911514079410e-04 -1.007674635524637e+00
17 31 -1.000290004340284e+00 -1.890419878694442e-03 -9.707094615034654e-04 -1.007679543984036e+00
17 32 -1.000289392231106e+00 -1.888807737551647e-03 -9.717149797710290e-04 -1.007684612727350e+00
17 33 -1.000288754992687e+00 -1.887186072275527e-03 -9.727116969911534e-04 -1.007689798286570e+00
17 34 -1.000288098946120e+00 -1.885567803990134e-03 -9.737027995189900e-04 -1.007695054585912e+00
17 35 -1.000287430881692e+00 -1.883966419496864e-03 -9.746900669076893e-04 -1.007700333275136e+00
17 36 -1.000286757950158e+00 -1.882395863359689e-03 -9.756734172323379e-04 -1.007705584291731e+00
17 37 -1.000286087528965e+00 -1.880870368373762e-03 -9.766505999156292e-04 -1.007710756577614e+00
17 38 -1.000285427083855e+00 -1.879404267454512e-03 -9.776170002505353e-04 -1.007715798818824e+00
17 39 -1.000284784046949e+00 -1.878011829449393e-03 -9.785655112550789e-04 -1.007720660080467e+00
17 40 -1.000284165723773e+00 -1.876707141483339e-03 -9.794864478791785e-04 -1.007725290270068e+00
17 41 -1.000283579228102e+00 -1.875504032302435e-03 -9.803675149903186e-04 -1.007729640448494e+00
17 42 -1.000283031430973e+00 -1.874416007104036e-03 -9.811938771929476e-04 -1.007733663080912e+00
17 43 -1.000282528904105e+00 -1.873456153507103e-03 -9.819483971181125e-04 -1.007737312353753e+00
17 44 -1.000282077840578e+00 -1.872636984601986e-03 -9.826120962083676e-04 -1.007740544665433e+00
17 45 -1.000281683945714e+00 -1.871970205648190e-03 -9.831648490880613e-04 -1.007743319336460e+00
17 46 -1.000281352304079e+00 -1.871466416195421e-03 -9.835862667346279e-04 -1.007745599506878e+00
17 47 -1.000281087238574e+00 -1.871134777486574e-03 -9.838566795073733e-04 -1.007747353130972e+00
17 48 -1.000280892180875e+00 -1.870982679865127e-03 -9.839581165327438e-04 -1.007748553960562e+00
17 49 -1.000280769568990e+00 -1.871015438856257e-03 -9.838751957788226e-04 -1.007749182423630e+00
17 50 -1.000280720780415e+00 -1.871236038548392e-03 -9.835958774217402e-04 -1.007749226334705e+00
17 51 -1.000280746102242e+00 -1.871644933108752e-03 -9.831120715814209e-04 -1.007748681399419e+00
17 52 -1.000280844735070e+00 -1.872239914469707e-03 -9.824201120197311e-04 -1.007747551490145e+00
17 53 -1.000281014826415e+00 -1.873016055007714e-03 -9.815211040671889e-04 -1.007745848675252e+00
17 54 -1.000281253530074e+00 -1.873965733774659e-03 -9.804211369594173e-04 -1.007743592991974e+00
17 55 -1.000281557088546e+00 -1.875078749163249e-03 -9.791313341790606e-04 -1.007740811972584e+00
17 56 -1.000281920935101e+00 -1.876342509973798e-03 -9.776677126023998e-04 -1.007737539964812e+00
17 57 -1.000282339810820e+00 -1.877742286054505e-03 -9.760508350919626e-04 -1.007733817315121e+00
17 58 -1.000282807891218e+00 -1.879261495342659e-03 -9.743052660319036e-04 -1.007729689489850e+00
17 59 -1.000283318917722e+00 -1.880882008792311e-03 -9.724588644557975e-04 -1.007725206188550e+00
17 60 -1.000283866330849e+00 -1.882584465670659e-03 -9.705419642544025e-04 -1.007720420466752e+00
17 61 -1.000284443403224e+00 -1.884348602611185e-03 -9.685864918052524e-04 -1.007715387852750e+00
17 62 -1.000285043370308e+00 -1.886153603366296e-03 -9.666250640228402e-04 -1.007710165434655e+00
17 63 -1.000285659554524e+00 -1.887978468726672e-03 -9.646901028438810e-04 -1.007704810917697e+00
18 0 -1.000286907974031e+00 -1.890843740151250e-03 -9.586188945097957e-04 -1.007697085474130e+00
18 1 -1.000287551215888e+00 -1.892674834835252e-03 -9.568178128839923e-04 -1.007691544257264e+00
18 2 -1.000288192250168e+00 -1.894465894413490e-03 -9.551309122390045e-04 -1.007686038300883e+00
18 3 -1.000288825494505e+00 -1.896198364477726e-03 -9.535823886965372e-04 -1.007680620420652e+00
18 4 -1.000289445751208e+00 -1.897854904952105e-03 -9.521929749897251e-04 -1.007675340934365e+00
18 5 -1.000290048196984e+00 -1.899419489745040e-03 -9.509795978507087e-04 -1.007670247554105e+00
18 6 -1.000290628363371e+00 -1.900877474758209e-03 -9.499551566536903e-04 -1.007665385326904e+00
18 7 -1.000291182116536e+00 -1.902215662118072e-03 -9.491284354724251e-04 -1.007660796523044e+00
18 8 -1.000291705640627e+00 -1.903422376059281e-03 -9.485041577123846e-04 -1.007656520416183e+00
18 9 -1.000292195424113e+00 -1.904487549116800e-03 -9.480831773569268e-04 -1.007652592963183e+00
18 10 -1.000292648246711e+00 -1.905402807172043e-03 -9.478627747262185e-04 -1.007649046436926e+00
18 11 -1.000293061165846e+00 -1.906161541167288e-03 -9.478370020662065e-04 -1.007645909077091e+00
18 12 -1.000293431503361e+00 -1.906758956574332e-03 -9.479970229485907e-04 -1.007643204812832e+00
18 13 -1.000293756833602e+00 -1.907192093792051e-03 -9.483314142124027e-04 -1.007640953092557e+00
18 14 -1.000294034973130e+00 -1.907459812736738e-03 -9.488264386998364e-04 -1.007639168836766e+00
18 15 -1.000294263971235e+00 -1.907562733897802e-03 -9.494663334718873e-04 -1.007637862514406e+00
18 16 -1.000294442099686e+00 -1.907503127312534e-03 -9.502336755604141e-04 -1.007637040336102e+00
18 17 -1.000294567840478e+00 -1.907284743933094e-03 -9.511098745874569e-04 -1.007636704553516e+00
18 18 -1.000294639873113e+00 -1.906912595180942e-03 -9.520757982010568e-04 -1.007636853839150e+00
18 19 -1.000294657067607e+00 -1.906392704572276e-03 -9.531124790705955e-04 -1.007637483691221e+00
18 20 -1.000294618493146e+00 -1.905731870296954e-03 -9.542018103293108e-04 -1.007638586782108e+00
18 21 -1.000294523451566e+00 -1.904937478959148e-03 -9.553271322312468e-04 -1.007640153170347e+00
18 22 -1.000294371539094e+00 -1.904017395906991e-03 -9.564736468650422e-04 -1.007642170331888e+00
18 23 -1.000294162731312e+00 -1.902979932847229e-03 -9.576286517629386e-04 -1.007644623022999e+00
18 24 -1.000293897478274e+00 -1.901833868339656e-03 -9.587816334548967e-04 -1.007647493044187e+00
18 25 -1.000293576792070e+00 -1.900588481152186e-03 -9.599242881784356e-04 -1.007650759010662e+00
18 26 -1.000293202310309e+00 -1.899253558443875e-03 -9.610505271809374e-04 -1.007654396230529e+00
18 27 -1.000292776326491e+00 -1.897839361387770e-03 -9.621564822691667e-04 -1.007658376741239e+00
18 28 -1.000292301789392e+00 -1.896356559942267e-03 -9.632404762818384e-04 -1.007662669479835e+00
18 29 -1.000291782282975e+00 -1.894816169657115e-03 -9.643028923590144e-04 -1.007667240504053e+00
18 30 -1.000291222001354e+00 -1.893229525638271e-03 -9.653458810711729e-04 -1.007672053170247e+00
18 31 -1.000290625728969e+00 -1.891608312458044e-03 -9.663728803628445e-04 -1.007677068212638e+00
18 32 -1.000289998826691e+00 -1.889964642196902e-03 -9.673879730781148e-04 -1.007682243736307e+00
18 33 -1.000289347214480e+00 -1.888311146951261e-03 -9.683951531583173e-04 -1.007687535204360e+00
18 34 -1.000288677335270e+00 -1.886661038520575e-03 -9.693975985499493e-04 -1.007692895536049e+00
18 35 -1.000287996086751e+00 -1.885028095005111e-03 -9.703970441047209e-04 -1.007698275413528e+00
18 36 -1.000287310717369e+00 -1.883426560409591e-03 -9.713933112262681e-04 -1.007703623822936e+00
18 37 -1.000286628695866e+00 -1.881870976111180e-03 -9.723839998139426e-04 -1.007708888765661e+00
18 38 -1.000285957573340e+00 -1.880375985639263e-03 -9.733643068621144e-04 -1.007714018014237e+00
18 39 -1.000285304858683e+00 -1.878956157070673e-03 -9.743269216202299e-04 -1.007718959782008e+00
18 40 -1.000284677921371e+00 -1.877625851152353e-03 -9.752619621972553e-04 -1.007723663225496e+00
18 41 -1.000284083922852e+00 -1.876399135606205e-03 -9.761569550889779e-04 -1.007728078781503e+00
18 42 -1.000283529764553e+00 -1.875289718334451e-03 -9.769969017322359e-04 -1.007732158423887e+00
18 43 -1.000283022032940e+00 -1.874310856987210e-03 -9.777645031563505e-04 -1.007735855970516e+00
18 44 -1.000282566923880e+00 -1.873475207249615e-03 -9.784406064173763e-04 -1.007739127556494e+00
18 45 -1.000282170138312e+00 -1.872794593924968e-03 -9.790048930519107e-04 -1.007741932325066e+00
18 46 -1.000281836753913e+00 -1.872279715064634e-03 -9.794367693549189e-04 -1.007744233308948e+00
18 47 -1.000281571087179e+00 -1.871939808044228e-03 -9.797163684078937e-04 -1.007745998417404e+00
18 48 -1.000281376564303e+00 -1.871782312908342e-03 -9.798255540630265e-04 -1.007747201422268e+00
18 49 -1.000281255616955e+00 -1.871812564214857e-03 -9.797488317670289e-04 -1.007747822844911e+00
18 50 -1.000281209612634e+00 -1.872033532594693e-03 -9.794741102742649e-04 -1.007747850673668e+00
18 51 -1.000281238821915e+00 -1.872445627240634e-03 -9.789933024115995e-04 -1.007747280871759e+00
18 52 -1.000281342420059e+00 -1.873046565809203e-03 -9.783027811365258e-04 -1.007746117654292e+00
18 53 -1.000281518519197e+00 -1.873831319196110e-03 -9.774037084422829e-04 -1.007744373517184e+00
18 54 -1.000281764227991e+00 -1.874792139810131e-03 -9.763022355227949e-04 -1.007742069004813e+00
18 55 -1.000282075735913e+00 -1.875918677277401e-03 -9.750095507652824e-04 -1.007739232222493e+00
18 56 -1.000282448418134e+00 -1.877198174682581e-03 -9.735417437737199e-04 -1.007735898133751e+00
18 57 -1.000282876955452e+00 -1.878615726954586e-03 -9.719194645116536e-04 -1.007732107713552e+00
18 58 -1.000283355462898e+00 -1.880154577101904e-03 -9.701673816637105e-04 -1.007727907038998e+00
18 59 -1.000283877621346e+00 -1.881796429006958e-03 -9.683134718113976e-04 -1.007723346381511e+00
18 60 -1.000284436808673e+00 -1.883521766384091e-03 -9.663881893583717e-04 -1.007718479325588e+00
18 61 -1.000285026229415e+00 -1.885310180271204e-03 -9.644235715433165e-04 -1.007713361898950e+00
18 62 -1.000285639042356e+00 -1.887140713104848e-03 -9.624523274406671e-04 -1.007708051682984e+00
18 63 -1.000286268482977e+00 -1.888992220862633e-03 -9.605069515875391e-04 -1.007702606894365e+00
19 0 -1.000287464350630e+00 -1.891903672395216e-03 -9.540668416743362e-04 -1.007694934085684e+00
19 1 -1.000288120770840e+00 -1.893761315154284e-03 -9.522582235194153e-04 -1.007689303564776e+00
19 2 -1.000288775257945e+00 -1.895579953101040e-03 -9.505628289798252e-04 -1.007683706227279e+00
19 3 -1.000289422119488e+00 -1.897340845674110e-03 -9.490049053051702e-04 -1.007678195519604e+00
19 4 -1.000290056040045e+00 -1.899026444305413e-03 -9.476052715931345e-04 -1.007672822439188e+00
19 5 -1.000290672068980e+00 -1.900620490936086e-03 -9.463809728290432e-04 -1.007667635434031e+00
19 6 -1.000291265598611e+00 -1.902108084865941e-03 -9.453450458128201e-04 -1.007662680355297e+00
19 7 -1.000291832342616e+00 -1.903475745669199e-03 -9.445064148014446e-04 -1.007658000359016e+00
19 8 -1.000292368319980e+00 -1.904711488370064e-03 -9.438699324440047e-04 -1.007653635695070e+00
19 9 -1.000292869844814e+00 -1.905804911985597e-03 -9.434365636548026e-04 -1.007649623381550e+00
19 10 -1.000293333519598e+00 -1.906747291585238e-03 -9.432036820310159e-04 -1.007645996811946e+00
19 11 -1.000293756229130e+00 -1.907531659936659e-03 -9.431654249233540e-04 -1.007642785366279e+00
19 12 -1.000294135133716e+00 -1.908152866545201e-03 -9.433130484049333e-04 -1.007640014093029e+00
19 13 -1.000294467661643e+00 -1.908607606378396e-03 -9.436352428669134e-04 -1.007637703504088e+00
19 14 -1.000294751501950e+00 -1.908894413463686e-03 -9.441184086237015e-04 -1.007635869496036e+00
19 15 -1.000294984597872e+00 -1.909013613004654e-03 -9.447469333576180e-04 -1.007634523394437e+00
19 16 -1.000295165139874e+00 -1.908967222304753e-03 -9.455035381945020e-04 -1.007633672116155e+00
19 17 -1.000295291556839e+00 -1.908758792785490e-03 -9.463697498962632e-04 -1.007633318442808e+00
19 18 -1.000295362506478e+00 -1.908393197249520e-03 -9.473265129002770e-04 -1.007633461381612e+00
19 19 -1.000295376870473e+00 -1.907876384569379e-03 -9.483548960535079e-04 -1.007634096560702e+00
19 20 -1.000295333763133e+00 -1.907215138848718e-03 -9.494368030144829e-04 -1.007635216582329e+00
19 21 -1.000295232562048e+00 -1.906416883652050e-03 -9.505555836630003e-04 -1.007636811255354e+00
19 22 -1.000295072964901e+00 -1.905489560912657e-03 -9.516964714020798e-04 -1.007638867654666e+00
19 23 -1.000294855069198e+00 -1.904441590730783e-03 -9.528468259874833e-04 -1.007641370006607e+00
19 24 -1.000294579463488e+00 -1.903281890440939e-03 -9.539962193997765e-04 -1.007644299461962e+00
19 25 -1.000294247312777e+00 -1.902019911801452e-03 -9.551364364668274e-04 -1.007647633864102e+00
19 26 -1.000293860420911e+00 -1.900665654898348e-03 -9.562614563259907e-04 -1.007651347621400e+00
19 27 -1.000293421259712e+00 -1.899229637127572e-03 -9.573674401934969e-04 -1.007655411744397e+00
19 28 -1.000292932965578e+00 -1.897722824642880e-03 -9.584526985701066e-04 -1.007659794033407e+00
19 29 -1.000292399314100e+00 -1.896156557022901e-03 -9.595175743151983e-04 -1.007664459339140e+00
19 30 -1.000291824687474e+00 -1.894542502972886e-03 -9.605641739198895e-04 -1.007669369796066e+00
19 31 -1.000291214046665e+00 -1.892892672565646e-03 -9.615959091627587e-04 -1.007674484955914e+00
19 32 -1.000290572911362e+00 -1.891219484532441e-03 -9.626168633390589e-04 -1.007679761816423e+00
19 33 -1.000289907339973e+00 -1.889535857355669e-03 -9.636310501375494e-04 -1.007685154818128e+00
19 34 -1.000289223894710e+00 -1.887855275540836e-03 -9.646416668518591e-04 -1.007690615928637e+00
19 35 -1.000288529577499e+00 -1.886191787250045e-03 -9.656504425597612e-04 -1.007696094921253e+00
19 36 -1.000287831731254e+00 -1.884559914223138e-03 -9.666571474223989e-04 -1.007701539887616e+00
19 37 -1.000287137913480e+00 -1.882974487234019e-03 -9.676592775329688e-04 -1.007706897935900e+00
19 38 -1.000286455759519e+00 -1.881450445680316e-03 -9.686518830673387e-04 -1.007712115957927e+00
19 39 -1.000285792856087e+00 -1.880002647940399e-03 -9.696274844366404e-04 -1.007717141329416e+00
19 40 -1.000285156640478e+00 -1.878645726404027e-03 -9.705760305283653e-04 -1.007721922447386e+00
19 41 -1.000284554328549e+00 -1.877393992668621e-03 -9.714848907714680e-04 -1.007726409092962e+00
19 42 -1.000283992861039e+00 -1.876261367579487e-03 -9.723389209500705e-04 -1.007730552698276e+00
19 43 -1.000283478849445e+00 -1.875261293021426e-03 -9.731206758935880e-04 -1.007734306647909e+00
19 44 -1.000283018503567e+00 -1.874406585674509e-03 -9.738108398686419e-04 -1.007737626735070e+00
19 45 -1.000282617531725e+00 -1.873709213428466e-03 -9.743889046567537e-04 -1.007740471832114e+00
19 46 -1.000282281016664e+00 -1.873180001429369e-03 -9.748340628640507e-04 -1.007742804757753e+00
19 47 -1.000282013280286e+00 -1.872828295727639e-03 -9.751262274224022e-04 -1.007744593260950e+00
19 48 -1.000281817755061e+00 -1.872661621797631e-03 -9.752470610304386e-04 -1.007745811011940e+00
19 49 -1.000281696878541e+00 -1.872685371946157e-03 -9.751809102867234e-04 -1.007746438496844e+00
19 50 -1.000281652021185e+00 -1.872902544373433e-03 -9.749155798130199e-04 -1.007746463742464e+00
19 51 -1.000281683450617e+00 -1.873313545292195e-03 -9.744429306500752e-04 -1.007745882830539e+00
19 52 -1.000281790330665e+00 -1.873916060168533e-03 -9.737593216653281e-04 -1.007744700178868e+00
19 53 -1.000281970752138e+00 -1.874705000726744e-03 -9.728659193832254e-04 -1.007742928570526e+00
19 54 -1.000282221792627e+00 -1.875672535527087e-03 -9.717688836223021e-04 -1.007740588916912e+00
19 55 -1.000282539602387e+00 -1.876808208322719e-03 -9.704794103749934e-04 -1.007737709759208e+00
19 56 -1.000282919511982e+00 -1.878099138809642e-03 -9.690135989986797e-04 -1.007734326545726e+00
19 57 -1.000283356155359e+00 -1.879530288326755e-03 -9.673921180178648e-04 -1.007730480756579e+00
19 58 -1.000283843600779e+00 -1.881084764963597e-03 -9.656396683703030e-04 -1.007726218963908e+00
19 59 -1.000284375482882e+00 -1.882744144043134e-03 -9.637842716700404e-04 -1.007721591901931e+00
19 60 -1.000284945132122e+00 -1.884488791216927e-03 -9.618564322134860e-04 -1.007716653579353e+00
19 61 -1.000285545701128e+00 -1.886298189277345e-03 -9.598882303636566e-04 -1.007711460420301e+00
19 62 -1.000286170288543e+00 -1.888151276536594e-03 -9.579124028271304e-04 -1.007706070399025e+00
19 63 -1.000286812058576e+00 -1.890026799804474e-03 -9.559614555693395e-04 -1.007700542151043e+00
20 0 -1.000287950167162e+00 -1.892971496846648e-03 -9.492018529473181e-04 -1.007692947933680e+00
20 1 -1.000288619005561e+00 -1.894853553362049e-03 -9.473897508070285e-04 -1.007687233345258e+00
20 2 -1.000289286357040e+00 -1.896698053641391e-03 -9.456893959206543e-04 -1.007681548535798e+00
20 3 -1.000289946427930e+00 -1.898486093472381e-03 -9.441250357547847e-04 -1.007675947541422e+00
20 4 -1.000290593791836e+00 -1.900199932486922e-03 -9.427175335735831e-04 -1.007670482014918e+00
20 5 -1.000291223375931e+00 -1.901823091972847e-03 -9.414840222221923e-04 -1.007665201129025e+00
20 6 -1.000291830436822e+00 -1.903340420201185e-03 -9.404376607266428e-04 -1.007660151540052e+00
20 7 -1.000292410536733e+00 -1.904738152530936e-03 -9.395875154974015e-04 -1.007655377306838e+00
20 8 -1.000292959527132e+00 -1.906003984971906e-03 -9.389385859777438e-04 -1.007650919692382e+00
20 9 -1.000293473541839e+00 -1.907127165925069e-03 -9.384919762770430e-04 -1.007646816831987e+00
20 10 -1.000293948996954e+00 -1.908098596785945e-03 -9.382451868148563e-04 -1.007643103311797e+00
20 11 -1.000294382592671e+00 -1.908910924370049e-03 -9.381924751474801e-04 -1.007639809738875e+00
20 12 -1.000294771313323e+00 -1.909558610107509e-03 -9.383252248123586e-04 -1.007636962381214e+00
20 13 -1.000295112425084e+00 -1.910037968380092e-03 -9.386322746371801e-04 -1.007634582923561e+00
20 14 -1.000295403472719e+00 -1.910347170501863e-03 -9.391001991719896e-04 -1.007632688351541e+00
20 15 -1.000295642276204e+00 -1.910486208048818e-03 -9.397135785822935e-04 -1.007631290962157e+00
20 16 -1.000295826926523e+00 -1.910456805006510e-03 -9.404553272785959e-04 -1.007630398497384e+00
20 17 -1.000295955779891e+00 -1.910262270529936e-03 -9.413071448868192e-04 -1.007630014392555e+00
20 18 -1.000296027451670e+00 -1.909907295378795e-03 -9.422501113822986e-04 -1.007630138115046e+00
20 19 -1.000296040814414e+00 -1.909397711384710e-03 -9.432653893015778e-04 -1.007630765545892e+00
20 20 -1.000295995007143e+00 -1.908740248311301e-03 -9.443349455224592e-04 -1.007631889335615e+00
20 21 -1.000295889463658e+00 -1.907942329350604e-03 -9.454421851174634e-04 -1.007633499156119e+00
20 22 -1.000295723964925e+00 -1.907011939036285e-03 -9.465724110898072e-04 -1.007635581787129e+00
20 23 -1.000295498713875e+00 -1.905957574506212e-03 -9.477130791099106e-04 -1.007638121025059e+00
20 24 -1.000295214422413e+00 -1.904788261318801e-03 -9.488538798705146e-04 -1.007641097469145e+00
20 25 -1.000294872394072e+00 -1.903513593140878e-03 -9.499867221604130e-04 -1.007644488290898e+00
20 26 -1.000294474585082e+00 -1.902143751764692e-03 -9.511056895409641e-04 -1.007648267100091e+00
20 27 -1.000294023632588e+00 -1.900689480923967e-03 -9.522070070071696e-04 -1.007652403978653e+00
20 28 -1.000293522848987e+00 -1.899162015730669e-03 -9.532890014986602e-04 -1.007656865681787e+00
20 29 -1.000292976191692e+00 -1.897572996181971e-03 -9.543519964906586e-04 -1.007661615935149e+00
20 30 -1.000292388223378e+00 -1.895934405338222e-03 -9.553980668598165e-04 -1.007666615721240e+00
20 31 -1.000291764076182e+00 -1.894258563409766e-03 -9.564306045550024e-04 -1.007671823467578e+00
20 32 -1.000291109424947e+00 -1.892558181730190e-03 -9.574536991826200e-04 -1.007677195117029e+00
20 33 -1.000290430463534e+00 -1.890846449066129e-03 -9.584713964833892e-04 -1.007682684142466e+00
20 34 -1.000289733870267e+00 -1.889137102752153e-03 -9.594869363547386e-04 -1.007688241621417e+00
20 35 -1.000289026747780e+00 -1.887444438014949e-03 -9.605020764507864e-04 -1.007693816484666e+00
20 36 -1.000288316529727e+00 -1.885783229938656e-03 -9.615165779789847e-04 -1.007699355996005e+00
20 37 -1.000287610858889e+00 -1.884168574838974e-03 -9.625278790169349e-04 -1.007704806432544e+00
20 38 -1.000286917452405e+00 -1.882615687242739e-03 -9.635309275612531e-04 -1.007710113856123e+00
20 39 -1.000286243974539e+00 -1.881139701195752e-03 -9.645181146322045e-04 -1.007715224835525e+00
20 40 -1.000285597933029e+00 -1.879755513803501e-03 -9.654792522874187e-04 -1.007720087013902e+00
20 41 -1.000284986603572e+00 -1.878477680542383e-03 -9.664015794598791e-04 -1.007724649499102e+00
20 42 -1.000284416973878e+00 -1.877320340558860e-03 -9.672698297769066e-04 -1.007728863144965e+00
20 43 -1.000283895689951e+00 -1.876297130405602e-03 -9.680664334133474e-04 -1.007732680848109e+00
20 44 -1.000283428986580e+00 -1.875421044089694e-03 -9.687719293301211e-04 -1.007736057985452e+00
20 45 -1.000283022591545e+00 -1.874704215033890e-03 -9.693656288372069e-04 -1.007738953065560e+00
20 46 -1.000282681605033e+00 -1.874157623217041e-03 -9.698265080637609e-04 -1.007741328586356e+00
20 47 -1.000282410366653e+00 -1.873790755650220e-03 -9.701342426640704e-04 -1.007743152019388e+00
20 48 -1.000282212327646e+00 -1.873611259841937e-03 -9.702702624079000e-04 -1.007744396806475e+00
20 49 -1.000282089944400e+00 -1.873624626117167e-03 -9.702187105975104e-04 -1.007745043263043e+00
20 50 -1.000282044603703e+00 -1.873833922591121e-03 -9.699672349716069e-04 -1.007745079313960e+00
20 51 -1.000282076583792e+00 -1.874239595302727e-03 -9.695075893413373e-04 -1.007744501017925e+00
20 52 -1.000282185050751e+00 -1.874839340106428e-03 -9.688360647346062e-04 -1.007743312853974e+00
20 53 -1.000282368087843e+00 -1.875628051935127e-03 -9.679537812223015e-04 -1.007741527751022e+00
20 54 -1.000282622755204e+00 -1.876597857762227e-03 -9.668668568400339e-04 -1.007739166847635e+00
20 55 -1.000282945177129e+00 -1.877738237571338e-03 -9.655864420675221e-04 -1.007736258984718e+00
20 56 -1.000283330652531e+00 -1.879036229446200e-03 -9.641285881260302e-04 -1.007732839964673e+00
20 57 -1.000283773781392e+00 -1.880476702094978e-03 -9.625139193065545e-04 -1.007728951648896e+00
20 58 -1.000284268598331e+00 -1.882042668257166e-03 -9.607671021500259e-04 -1.007724640988467e+00
20 59 -1.000284808705553e+00 -1.883715612982312e-03 -9.589161343801991e-04 -1.007719959070928e+00
20 60 -1.000285387401080e+00 -1.885475821723881e-03 -9.569915011450079e-04 -1.007714960222845e+00
20 61 -1.000285997801907e+00 -1.887302706988660e-03 -9.550252591513474e-04 -1.007709701159294e+00
20 62 -1.000286632963398e+00 -1.889175140431068e-03 -9.530501094485668e-04 -1.007704240144863e+00
20 63 -1.000287285994814e+00 -1.891071795691015e-03 -9.510985087688347e-04 -1.007698636138748e+00
21 0 -1.000288361839205e+00 -1.894036695257523e-03 -9.440727465049905e-04 -1.007691144174075e+00
21 1 -1.000289042198396e+00 -1.895940781251165e-03 -9.422612704448897e-04 -1.007685351607532e+00
21 2 -1.000289721677179e+00 -1.897809149925530e-03 -9.405595967110663e-04 -1.007679584161529e+00
21 3 -1.000290394390393e+00 -1.899622756560715e-03 -9.389919202945334e-04 -1.007673896418599e+00
21 4 -1.000291054809118e+00 -1.901363688525443e-03 -9.375791013167701e-04 -1.007668340654424e+00
21 5 -1.000291697745773e+00 -1.903015262203870e-03 -9.363383226667253e-04 -1.007662966742825e+00
21 6 -1.000292318327123e+00 -1.904562084950855e-03 -9.352828425469085e-04 -1.007657822133771e+00
21 7 -1.000292911967517e+00 -1.905990111076508e-03 -9.344218638156274e-04 -1.007652951792616e+00
21 8 -1.000293474351873e+00 -1.907286714218470e-03 -9.337605425933623e-04 -1.007648398013548e+00
21 9 -1.000294001431805e+00 -1.908440782843752e-03 -9.333001438615270e-04 -1.007644200081127e+00
21 10 -1.000294489431640e+00 -1.909442828791321e-03 -9.330383248343673e-04 -1.007640393823757e+00
21 11 -1.000294934857854e+00 -1.910285090151267e-03 -9.329694980440510e-04 -1.007637011145360e+00
21 12 -1.000295334506744e+00 -1.910961612275049e-03 -9.330852102968511e-04 -1.007634079619389e+00
21 13 -1.000295685468658e+00 -1.911468298133587e-03 -9.333744838980747e-04 -1.007631622197858e+00
21 14 -1.000295985129367e+00 -1.911802923338323e-03 -9.338241039790538e-04 -1.007629657055185e+00
21 15 -1.000296231169569e+00 -1.911965109691789e-03 -9.344188847346155e-04 -1.007628197567083e+00
21 16 -1.000296421563109e+00 -1.911956248292471e-03 -9.351419823799075e-04 -1.007627252416331e+00
21 17 -1.000296554574434e+00 -1.911779364397649e-03 -9.359753234152736e-04 -1.007626825812565e+00
21 18 -1.000296628756418e+00 -1.911438924543594e-03 -9.369001799580804e-04 -1.007626917805052e+00
21 19 -1.000296642951528e+00 -1.910940601545566e-03 -9.378978642181284e-04 -1.007627524649734e+00
21 20 -1.000296596302093e+00 -1.910291030042224e-03 -9.389504577164759e-04 -1.007628639166574e+00
21 21 -1.000296488277147e+00 -1.909497594975927e-03 -9.400414639720079e-04 -1.007630251006857e+00
21 22 -1.000296318721314e+00 -1.908568289457673e-03 -9.411562902775139e-04 -1.007632346763367e+00
21 23 -1.000296087924918e+00 -1.907511656382063e-03 -9.422825179977779e-04 -1.007634909904588e+00
21 24 -1.000295796706344e+00 -1.906336798886810e-03 -9.434099860571331e-04 -1.007637920579173e+00
21 25 -1.000295446491441e+00 -1.905053421358601e-03 -9.445307587325594e-04 -1.007641355389964e+00
21 26 -1.000295039373172e+00 -1.903671855682882e-03 -9.456390571736006e-04 -1.007645187253102e+00
21 27 -1.000294578139148e+00 -1.902203040625279e-03 -9.467312032583272e-04 -1.007649385426299e+00
21 28 -1.000294066264142e+00 -1.900658450542222e-03 -9.478055705175822e-04 -1.007653915719849e+00
21 29 -1.000293507875606e+00 -1.899049999617796e-03 -9.488624862748802e-04 -1.007658740825407e+00
21 30 -1.000292907707264e+00 -1.897389963766549e-03 -9.499040075378255e-04 -1.007663820651861e+00
21 31 -1.000292271055407e+00 -1.895690955657313e-03 -9.509335125426577e-04 -1.007669112569787e+00
21 32 -1.000291603744905e+00 -1.893965962725174e-03 -9.519551015951328e-04 -1.007674571529215e+00
21 33 -1.000290912101108e+00 -1.892228426239165e-03 -9.529728614776623e-04 -1.007680150097738e+00
21 34 -1.000290202914910e+00 -1.890492315967264e-03 -9.539900923075716e-04 -1.007685798528618e+00
21 35 -1.000289483385898e+00 -1.888772150563865e-03 -9.550086081610584e-04 -1.007691464981090e+00
21 36 -1.000288761034247e+00 -1.887082931819365e-03 -9.560281987826067e-04 -1.007697095966712e+00
21 37 -1.000288043583772e+00 -1.885439994085441e-03 -9.570462879549969e-04 -1.007702637006024e+00
21 38 -1.000287338830181e+00 -1.883858802364061e-03 -9.580577658253805e-04 -1.007708033394023e+00
21 39 -1.000286654514068e+00 -1.882354747631258e-03 -9.590549341557794e-04 -1.007713230935859e+00
21 40 -1.000285998214895e+00 -1.880942979750319e-03 -9.600275027279293e-04 -1.007718176541737e+00
21 41 -1.000285377272069e+00 -1.879638292508497e-03 -9.609626103846699e-04 -1.007722818645338e+00
21 42 -1.000284798726750e+00 -1.878455044122358e-03 -9.618448965366990e-04 -1.007727107498989e+00
21 43 -1.000284269268313e+00 -1.877407073136493e-03 -9.626566925435050e-04 -1.007730995465023e+00
21 44 -1.000283795167153e+00 -1.876507564431610e-03 -9.633784146093547e-04 -1.007734437436582e+00
21 45 -1.000283382182141e+00 -1.875768836237086e-03 -9.639892098687078e-04 -1.007737391473087e+00
21 46 -1.000283035443170e+00 -1.875202048612640e-03 -9.644678434443531e-04 -1.007739819649731e+00
21 47 -1.000282759320420e+00 -1.874816861206517e-03 -9.647937440183809e-04 -1.007741689042186e+00
21 48 -1.000282557297232e+00 -1.874621080895214e-03 -9.649480820778588e-04 -1.007742972731802e+00
21 49 -1.000282431862361e+00 -1.874620336972888e-03 -9.649147569044031e-04 -1.007743650723587e+00
21 50 -1.000282384432517e+00 -1.874817810159545e-03 -9.646812090585988e-04 -1.007743710697809e+00
21 51 -1.000282415310289e+00 -1.875214029770604e-03 -9.642390307210115e-04 -1.007743148545998e+00
21 52 -1.000282523677871e+00 -1.875806745561235e-03 -9.635843912179485e-04 -1.007741968663711e+00
21 53 -1.000282707624662e+00 -1.876590878480956e-03 -9.627183132358377e-04 -1.007740183982766e+00
21 54 -1.000282964206590e+00 -1.877558555773178e-03 -9.616468243321239e-04 -1.007737815729892e+00
21 55 -1.000283289534757e+00 -1.878699234943377e-03 -9.603809802293974e-04 -1.007734892911261e+00
21 56 -1.000283678888765e+00 -1.879999913302398e-03 -9.589367315675440e-04 -1.007731451554230e+00
21 57 -1.000284126846700e+00 -1.881445406784314e-03 -9.573346015047807e-04 -1.007727533779536e+00
21 58 -1.000284627421754e+00 -1.883018671368148e-03 -9.555991607986834e-04 -1.007723186803059e+00
21 59 -1.000285174196742e+00 -1.884701139655293e-03 -9.537583185400635e-04 -1.007718461957049e+00
21 60 -1.000285760451597e+00 -1.886473054421958e-03 -9.518424752226996e-04 -1.007713413780189e+00
21 61 -1.000286379283221e+00 -1.888313794856792e-03 -9.498836005871505e-04 -1.007708099175330e+00
21 62 -1.000287023719944e+00 -1.890202202123562e-03 -9.479142998623207e-04 -1.007702576597796e+00
21 63 -1.000287686832474e+00 -1.892116912349578e-03 -9.459669219092323e-04 -1.007696905235009e+00
22 0 -1.000288696617844e+00 -1.895089003666913e-03 -9.387316298371980e-04 -1.007689536724108e+00
22 1 -1.000289387490014e+00 -1.897012541921393e-03 -9.369248430244095e-04 -1.007683672951497e+00
22 2 -1.000290078234412e+00 -1.898902558718039e-03 -9.352255027406892e-04 -1.007677828478119e+00
22 3 -1.000290762884998e+00 -1.900739892972616e-03 -9.336576979684015e-04 -1.007672058385786e+00
22 4 -1.000291435820061e+00 -1.902506481257374e-03 -9.322422355157111e-04 -1.007666415534560e+00
22 5 -1.000292091746112e+00 -1.904185452880744e-03 -9.309963063165842e-04 -1.007660950469681e+00
22 6 -1.000292725667726e+00 -1.905761187495778e-03 -9.299332383222541e-04 -1.007655711414893e+00
22 7 -1.000293332857753e+00 -1.907219367098483e-03 -9.290623561352655e-04 -1.007650744230262e+00
22 8 -1.000293908839340e+00 -1.908547047275867e-03 -9.283889727084430e-04 -1.007646092236936e+00
22 9 -1.000294449383992e+00 -1.909732755078022e-03 -9.279145278421006e-04 -1.007641795877227e+00
22 10 -1.000294950522544e+00 -1.910766603808635e-03 -9.276368606712230e-04 -1.007637892249995e+00
22 11 -1.000295408562096e+00 -1.911640406593496e-03 -9.275505705444349e-04 -1.007634414604981e+00
22 12 -1.000295820102267e+00 -1.912347771202579e-03 -9.276474015777265e-04 -1.007631391885627e+00
22 13 -1.000296182046800e+00 -1.912884163860163e-03 -9.279165940404633e-04 -1.007628848387037e+00
22 14 -1.000296491609720e+00 -1.913246935154068e-03 -9.283451801591686e-04 -1.007626803559684e+00
22 15 -1.000296746317659e+00 -1.913435303444944e-03 -9.289182493457050e-04 -1.007625271957263e+00
22 16 -1.000296944010704e+00 -1.913450289544001e-03 -9.296192468290241e-04 -1.007624263312237e+00
22 17 -1.000297082843290e+00 -1.913294594705082e-03 -9.304303786905768e-04 -1.007623782724018e+00
22 18 -1.000297161285844e+00 -1.912972419223200e-03 -9.313331651607805e-04 -1.007623830944780e+00
22 19 -1.000297178129193e+00 -1.912489234171673e-03 -9.323091233407617e-04 -1.007624404730400e+00
22 20 -1.000297132496633e+00 -1.911851537723377e-03 -9.333404989344346e-04 -1.007625497194647e+00
22 21 -1.000297023870444e+00 -1.911066638503841e-03 -9.344109344271147e-04 -1.007627098086640e+00
22 22 -1.000296852138026e+00 -1.910142503770557e-03 -9.355059731365603e-04 -1.007629193923247e+00
22 23 -1.000296617657450e+00 -1.909087690414464e-03 -9.366133482320732e-04 -1.007631767950737e+00
22 24 -1.000296321335075e+00 -1.907911348773358e-03 -9.377230712269899e-04 -1.007634799970421e+00
22 25 -1.000295964701505e+00 -1.906623263677769e-03 -9.388273876743411e-04 -1.007638266119789e+00
22 26 -1.000295549969536e+00 -1.905233885824031e-03 -9.399206854146747e-04 -1.007642138727155e+00
22 27 -1.000295080060907e+00 -1.903754316768905e-03 -9.409994150585500e-04 -1.007646386334248e+00
22 28 -1.000294558597452e+00 -1.902196238806502e-03 -9.420620275224754e-04 -1.007650973912325e+00
22 29 -1.000293989863207e+00 -1.900571812406285e-03 -9.431088785322668e-04 -1.007655863215948e+00
22 30 -1.000293378751910e+00 -1.898893582776231e-03 -9.441420227062155e-04 -1.007661013165516e+00
22 31 -1.000292730715403e+00 -1.897174434814594e-03 -9.451648324117037e-04 -1.007666380150114e+00
22 32 -1.000292051722112e+00 -1.895427613482689e-03 -9.461814231256403e-04 -1.007671918196358e+00
22 33 -1.000291348223996e+00 -1.893666793958858e-03 -9.471959285850302e-04 -1.007677579033503e+00
22 34 -1.000290627120441e+00 -1.891906157821212e-03 -9.482117209957863e-04 -1.007683312159810e+00
22 35 -1.000289895703809e+00 -1.890160422724651e-03 -9.492306922723952e-04 -1.007689065039016e+00
22 36 -1.000289161576230e+00 -1.888444789175760e-03 -9.502526924617586e-04 -1.007694783512384e+00
22 37 -1.000288432538103e+00 -1.886774800721067e-03 -9.512751699207271e-04 -1.007700412424149e+00
22 38 -1.000287716460175e+00 -1.885166146385114e-03 -9.522929974656882e-04 -1.007705896372434e+00
22 39 -1.000287021157310e+00 -1.883634451956310e-03 -9.532984256660328e-04 -1.007711180453461e+00
22 40 -1.000286354280626e+00 -1.882195103342266e-03 -9.542810964722550e-04 -1.007716210880704e+00
22 41 -1.000285723235849e+00 -1.880863122543059e-03 -9.552280800558656e-04 -1.007720935426965e+00
22 42 -1.000285135123179e+00 -1.879653084103771e-03 -9.561239509596641e-04 -1.007725303730442e+00
22 43 -1.000284596683412e+00 -1.878579032442500e-03 -9.569509699444456e-04 -1.007729267582954e+00
22 44 -1.000284114232179e+00 -1.877654352611274e-03 -9.576894576097398e-04 -1.007732781338495e+00
22 45 -1.000283693570237e+00 -1.876891562628437e-03 -9.583184203966685e-04 -1.007735802533336e+00
22 46 -1.000283339869234e+00 -1.876302024835213e-03 -9.588164266385702e-04 -1.007738292724368e+00
22 47 -1.000283057543054e+00 -1.875895601444930e-03 -9.591626571925969e-04 -1.007740218474757e+00
22 48 -1.000282850120761e+00 -1.875680294789581e-03 -9.593380048895248e-04 -1.007741552374018e+00
22 49 -1.000282720137183e+00 -1.875661913179093e-03 -9.593260909506934e-04 -1.007742273977429e+00
22 50 -1.000282669052836e+00 -1.875843792545562e-03 -9.591141034737447e-04 -1.007742370576324e+00
22 51 -1.000282697208843e+00 -1.876226589628786e-03 -9.586934215326644e-04 -1.007741837747208e+00
22 52 -1.000282803817671e+00 -1.876808152372012e-03 -9.580600398144627e-04 -1.007740679654266e+00
22 53 -1.000282986988571e+00 -1.877583470969548e-03 -9.572148327242164e-04 -1.007738909088068e+00
22 54 -1.000283243786392e+00 -1.878544714916287e-03 -9.561636895567037e-04 -1.007736547224252e+00
22 55 -1.000283570321560e+00 -1.879681360283950e-03 -9.549175249349284e-04 -1.007733623099953e+00
22 56 -1.000283961866187e+00 -1.880980403613798e-03 -9.534921409361016e-04 -1.007730172839812e+00
22 57 -1.000284412987674e+00 -1.882426646747472e-03 -9.519079075033198e-04 -1.007726238704815e+00
22 58 -1.000284917689006e+00 -1.884003026482311e-03 -9.501892429124198e-04 -1.007721868064361e+00
22 59 -1.000285469545615e+00 -1.885690959836248e-03 -9.483639078207041e-04 -1.007717112389433e+00
22 60 -1.000286061832485e+00 -1.887470682959700e-03 -9.464621577051847e-04 -1.007712026329000e+00
22 61 -1.000286687640651e+00 -1.889321576816219e-03 -9.445158164822921e-04 -1.007706666875798e+00
22 62 -1.000287339986647e+00 -1.891222486737041e-03 -9.425573368525269e-04 -1.007701092580519e+00
22 63 -1.000288011918561e+00 -1.893152046000502e-03 -9.406189047660069e-04 -1.007695362765324e+00
23 0 -1.000288952554794e+00 -1.896118478956696e-03 -9.332333236862078e-04 -1.007688136377132e+00
23 1 -1.000289652849772e+00 -1.898058756466336e-03 -9.314351429790671e-04 -1.007682208679670e+00
23 2 -1.000290353900015e+00 -1.899968029510931e-03 -9.297417019719155e-04 -1.007676293397596e+00
23 3 -1.000291049669852e+00 -1.901827045139105e-03 -9.281769321075084e-04 -1.007670446061987e+00
23 4 -1.000291734454999e+00 -1.903617610546771e-03 -9.267615373593391e-04 -1.007664720077847e+00
23 5 -1.000292402865533e+00 -1.905322686194707e-03 -9.255126729442887e-04 -1.007659166630896e+00
23 6 -1.000293049793135e+00 -1.906926440157544e-03 -9.244437014249621e-04 -1.007653834690702e+00
23 7 -1.000293670378336e+00 -1.908414296474222e-03 -9.235640456347283e-04 -1.007648770984336e+00
23 8 -1.000294259990595e+00 -1.909773003549196e-03 -9.228791663935212e-04 -1.007644019836891e+00
23 9 -1.000294814226839e+00 -1.910990732095748e-03 -9.223906844448497e-04 -1.007639622837770e+00
23 10 -1.000295328926524e+00 -1.912057195378645e-03 -9.220966390539406e-04 -1.007635618361994e+00
23 11 -1.000295800196030e+00 -1.912963773932429e-03 -9.219918421816093e-04 -1.007632041027310e+00
23 12 -1.000296224433658e+00 -1.913703624356579e-03 -9.220682654416024e-04 -1.007628921186395e+00
23 13 -1.000296598348696e+00 -1.914271756384109e-03 -9.223154003432209e-04 -1.007626284535018e+00
23 14 -1.000296918972733e+00 -1.914665070257215e-03 -9.227205623577458e-04 -1.007624151873972e+00
23 15 -1.000297183665429e+00 -1.914882351142188e-03 -9.232691559760358e-04 -1.007622539021698e+00
23 16 -1.000297390118238e+00 -1.914924215688009e-03 -9.239449608700545e-04 -1.007621456857807e+00
23 17 -1.000297536358315e+00 -1.914793002694829e-03 -9.247305146396433e-04 -1.007620911481390e+00
23 18 -1.000297620753696e+00 -1.914492603893513e-03 -9.256076416504984e-04 -1.007620904469566e+00
23 19 -1.000297642021538e+00 -1.914028245085655e-03 -9.265581185848271e-04 -1.007621433206297e+00
23 20 -1.000297599243180e+00 -1.913406246164267e-03 -9.275644034722119e-04 -1.007622491225769e+00
23 21 -1.000297491891319e+00 -1.912633800730176e-03 -9.286103167826754e-04 -1.007624068496213e+00
23 22 -1.000297319873911e+00 -1.911718814730437e-03 -9.296815676617369e-04 -1.007626151574247e+00
23 23 -1.000297083595579e+00 -1.910669826714473e-03 -9.307660633432556e-04 -1.007628723593901e+00
23 24 -1.000296784030805e+00 -1.909496004284933e-03 -9.318540063203883e-04 -1.007631764113923e+00
23 25 -1.000296422796334e+00 -1.908207183344605e-03 -9.329378430522113e-04 -1.007635248909416e+00
23 26 -1.000296002206926e+00 -1.906813902757887e-03 -9.340121526463965e-04 -1.007639149826372e+00
23 27 -1.000295525301071e+00 -1.905327394906539e-03 -9.350735435148790e-04 -1.007643434799098e+00
23 28 -1.000294995831180e+00 -1.903759518458683e-03 -9.361205734155423e-04 -1.007648068067231e+00
23 29 -1.000294418223026e+00 -1.902122650885064e-03 -9.371536516609921e-04 -1.007653010549469e+00
23 30 -1.000293797517769e+00 -1.900429580697829e-03 -9.381748485592902e-04 -1.007658220269743e+00
23 31 -1.000293139312761e+00 -1.898693442578476e-03 -9.391875410489634e-04 -1.007663652717455e+00
23 32 -1.000292449712378e+00 -1.896927719375698e-03 -9.401958644238251e-04 -1.007669261068960e+00
23 33 -1.000291735289419e+00 -1.895146301110126e-03 -9.412040026152587e-04 -1.007674996285084e+00
23 34 -1.000291003046868e+00 -1.893363559811152e-03 -9.422154074592193e-04 -1.007680807182693e+00
23 35 -1.000290260365178e+00 -1.891594387110682e-03 -9.432320647496717e-04 -1.007686640610154e+00
23 36 -1.000289514923820e+00 -1.889854154512002e-03 -9.442539099866772e-04 -1.007692441821808e+00
23 37 -1.000288774595447e+00 -1.888158586309664e-03 -9.452784478595737e-04 -1.007698155066858e+00
23 38 -1.000288047322038e+00 -1.886523568072398e-03 -9.463005685520716e-04 -1.007703724321648e+00
23 39 -1.000287340989982e+00 -1.884964935725580e-03 -9.473125057289590e-04 -1.007709094037598e+00
23 40 -1.000286663321270e+00 -1.883498291750630e-03 -9.483038651907176e-04 -1.007714209777329e+00
23 41 -1.000286021789884e+00 -1.882138873803110e-03 -9.492616772543825e-04 -1.007719018674580e+00
23 42 -1.000285423559695e+00 -1.880901466814856e-03 -9.501704793433646e-04 -1.007723469751497e+00
23 43 -1.000284875429674e+00 -1.879800320443916e-03 -9.510124905928347e-04 -1.007727514207506e+00
23 44 -1.000284383769140e+00 -1.878849024446649e-03 -9.517679665046576e-04 -1.007731105816361e+00
23 45 -1.000283954430866e+00 -1.878060307661764e-03 -9.524158018507840e-04 -1.007734201527769e+00
23 46 -1.000283592639894e+00 -1.877445753314626e-03 -9.529343901951473e-04 -1.007736762293215e+00
23 47 -1.000283302866443e+00 -1.877015452098934e-03 -9.533026737843947e-04 -1.007738754055925e+00
23 48 -1.000283088698477e+00 -1.876777634125611e-03 -9.535012604298945e-04 -1.007740148790508e+00
23 49 -1.000282952730567e+00 -1.876738324568012e-03 -9.535134690345230e-04 -1.007740925466790e+00
23 50 -1.000282896481272e+00 -1.876901056612796e-03 -9.533261971677951e-04 -1.007741070841776e+00
23 51 -1.000282920344788e+00 -1.877266658602747e-03 -9.529305640091603e-04 -1.007740580027044e+00
23 52 -1.000283023578265e+00 -1.877833121077945e-03 -9.523223393822005e-04 -1.007739456806235e+00
23 53 -1.000283204324789e+00 -1.878595547187817e-03 -9.515021999020306e-04 -1.007737713682715e+00
23 54 -1.000283459671502e+00 -1.879546191368072e-03 -9.504758498580780e-04 -1.007735371639267e+00
23 55 -1.000283785740659e+00 -1.880674589557702e-03 -9.492540181206818e-04 -1.007732459608395e+00
23 56 -1.000284177808330e+00 -1.881967777190196e-03 -9.478523128687206e-04 -1.007729013685072e+00
23 57 -1.000284630441858e+00 -1.883410580190070e-03 -9.462909021859730e-04 -1.007725076152936e+00
23 58 -1.000285137644375e+00 -1.884985952990862e-03 -9.445939994787068e-04 -1.007720694425866e+00
23 59 -1.000285692994592e+00 -1.886675332286482e-03 -9.427891623532675e-04 -1.007715920012289e+00
23 60 -1.000286289773999e+00 -1.888458981404519e-03 -9.409064461134315e-04 -1.007710807576452e+00
23 61 -1.000286921080462e+00 -1.890316316262246e-03 -9.389774743095182e-04 -1.007705414109145e+00
23 62 -1.000287579932774e+00 -1.892226219519619e-03 -9.370344944781235e-04 -1.007699798165567e+00
23 63 -1.000288259371214e+00 -1.894167354089254e-03 -9.351094801282154e-04 -1.007694019114727e+00
24 0 -1.000289128456785e+00 -1.897115557910579e-03 -9.276347269474678e-04 -1.007686950989772e+00
24 1 -1.000289837029943e+00 -1.899069780770227e-03 -9.258488332883328e-04 -1.007680966989161e+00
24 2 -1.000290547355694e+00 -1.900995801367418e-03 -9.241646793910493e-04 -1.007674987560384e+00
24 3 -1.000291253339761e+00 -1.902874297613479e-03 -9.226059936724746e-04 -1.007669068636447e+00
24 4 -1.000291949205365e+00 -1.904686967385529e-03 -9.211933312251641e-04 -1.007663264130293e+00
24 5 -1.000292629476193e+00 -1.906416621078944e-03 -9.199437671202493e-04 -1.007657625834959e+00
24 6 -1.000293288941801e+00 -1.908047234016606e-03 -9.188706590737270e-04 -1.007652203429969e+00
24 7 -1.000293922621559e+00 -1.909563990320190e-03 -9.179834984080633e-04 -1.007647044471285e+00
24 8 -1.000294525741607e+00 -1.910953346352461e-03 -9.172878776492333e-04 -1.007642194253108e+00
24 9 -1.000295093732881e+00 -1.912203127529864e-03 -9.167855963841118e-04 -1.007637695484254e+00
24 10 -1.000295622249637e+00 -1.913302653700777e-03 -9.164749035811399e-04 -1.007633587797359e+00
24 11 -1.000296107200567e+00 -1.914242873936066e-03 -9.163508423159354e-04 -1.007629907173557e+00
24 12 -1.000296544781758e+00 -1.915016487618425e-03 -9.164056370775979e-04 -1.007626685390689e+00
24 13 -1.000296931503241e+00 -1.915618034489027e-03 -9.166290608655468e-04 -1.007623949583426e+00
24 14 -1.000297264206274e+00 -1.916043944943990e-03 -9.170087459974564e-04 -1.007621721958844e+00
24 15 -1.000297540073234e+00 -1.916292546462915e-03 -9.175304495784427e-04 -1.007620019670018e+00
24 16 -1.000297756633957e+00 -1.916364021377737e-03 -9.181783295052026e-04 -1.007618854829257e+00
24 17 -1.000297911772108e+00 -1.916260309605474e-03 -9.189353057958514e-04 -1.007618234639096e+00
24 18 -1.000298003733973e+00 -1.915984953054070e-03 -9.197835621222699e-04 -1.007618161620574e+00
24 19 -1.000298031141305e+00 -1.915542889072026e-03 -9.207051889627895e-04 -1.007618633912697e+00
24 20 -1.000297993010289e+00 -1.914940216690077e-03 -9.216829050943498e-04 -1.007619645598860e+00
24 21 -1.000297888780211e+00 -1.914183974181277e-03 -9.227007482531241e-04 -1.007621186993176e+00
24 22 -1.000297718356066e+00 -1.913281969478540e-03 -9.237446218216866e-04 -1.007623244813101e+00
24 23 -1.000297482166695e+00 -1.912242690169355e-03 -9.248026256476198e-04 -1.007625802193308e+00
24 24 -1.000297181233836e+00 -1.911075291385866e-03 -9.258651664958975e-04 -1.007628838556193e+00
24 25 -1.000296817240726e+00 -1.909789631064752e-03 -9.269249059290681e-04 -1.007632329418529e+00
24 26 -1.000296392585295e+00 -1.908396306434997e-03 -9.279766333813021e-04 -1.007636246249090e+00
24 27 -1.000295910404741e+00 -1.906906649979426e-03 -9.290171390637791e-04 -1.007640556481173e+00
24 28 -1.000295374564866e+00 -1.905332665621727e-03 -9.300451140059653e-04 -1.007645223729383e+00
24 29 -1.000294789617228e+00 -1.903686917384330e-03 -9.310610464501112e-04 -1.007650208180842e+00
24 30 -1.000294160736425e+00 -1.901982409128993e-03 -9.320670427123258e-04 -1.007655467060239e+00
24 31 -1.000293493653959e+00 -1.900232501363975e-03 -9.330664966184100e-04 -1.007660955043258e+00
24 32 -1.000292794601420e+00 -1.898450894195786e-03 -9.340635680697319e-04 -1.007666624532248e+00
24 33 -1.000292070265616e+00 -1.896651672436222e-03 -9.350624930308240e-04 -1.007672425793108e+00
24 34 -1.000291327747443e+00 -1.894849376633304e-03 -9.360668076709409e-04 -1.007678307037794e+00
24 35 -1.000290574510467e+00 -1.893059047983009e-03 -9.370786028329357e-04 -1.007684214579285e+00
24 36 -1.000289818306945e+00 -1.891296202529688e-03 -9.380979177914900e-04 -1.007690093166747e+00
24 37 -1.000289067077367e+00 -1.889576717346636e-03 -9.391223380293252e-04 -1.007695886536611e+00
24 38 -1.000288328830876e+00 -1.887916646483683e-03 -9.401467994558073e-04 -1.007701538122507e+00
24 39 -1.000287611522517e+00 -1.886332010750131e-03 -9.411635476430672e-04 -1.007706991798626e+00
24 40 -1.000286922944383e+00 -1.884838609428582e-03 -9.421621785252437e-04 -1.007712192524982e+00
24 41 -1.000286270640218e+00 -1.883451881929256e-03 -9.431297062675668e-04 -1.007717086823898e+00
24 42 -1.000285661841086e+00 -1.882186814376357e-03 -9.440506552124344e-04 -1.007721623111386e+00
24 43 -1.000285103409610e+00 -1.881057856882669e-03 -9.449072302127415e-04 -1.007725751986681e+00
24 44 -1.000284601776370e+00 -1.880078804643617e-03 -9.456796526442189e-04 -1.007729426614115e+00
24 45 -1.000284162855573e+00 -1.879262604463402e-03 -9.463467376321523e-04 -1.007732603304578e+00
24 46 -1.000283791936285e+00 -1.878621073961730e-03 -9.468867325660701e-04 -1.007735242331186e+00
24 47 -1.000283493556531e+00 -1.878164552340081e-03 -9.472783606432792e-04 -1.007737308925448e+00
24 48 -1.000283271375604e+00 -1.877901524806981e-03 -9.475019497233071e-04 -1.007738774335867e+00
24 49 -1.000283128061306e+00 -1.877838267935733e-03 -9.475405040379780e-04 -1.007739616817311e+00
24 50 -1.000283065204421e+00 -1.877978552026109e-03 -9.473806021928380e-04 -1.007739822450606e+00
24 51 -1.000283083266697e+00 -1.878323419718036e-03 -9.470130637357241e-04 -1.007739385735129e+00
24 52 -1.000283181564585e+00 -1.878871048121203e-03 -9.464333882854525e-04 -1.007738309924809e+00
24 53 -1.000283358289537e+00 -1.879616697685287e-03 -9.456420082709581e-04 -1.007736607086602e+00
24 54 -1.000283610564858e+00 -1.880552751362849e-03 -9.446443979885902e-04 -1.007734297864924e+00
24 55 -1.000283934537279e+00 -1.881668846785273e-03 -9.434510570534947e-04 -1.007731410950181e+00
24 56 -1.000284325498210e+00 -1.882952098276423e-03 -9.420773559834608e-04 -1.007727982279832e+00
24 57 -1.000284778025323e+00 -1.884387394227523e-03 -9.405432150843582e-04 -1.007724054041799e+00
24 58 -1.000285286131554e+00 -1.885957743016093e-03 -9.388725942793216e-04 -1.007719673586671e+00
24 59 -1.000285843408160e+00 -1.887644634734278e-03 -9.370927976009901e-04 -1.007714892363955e+00
24 60 -1.000286443152855e+00 -1.889428391689458e-03 -9.352336290301713e-04 -1.007709764965087e+00
24 61 -1.000287078481364e+00 -1.891288495906185e-03 -9.333264616143961e-04 -1.007704348293892e+00
24 62 -1.000287742427149e+00 -1.893203898048625e-03 -9.314032906069948e-04 -1.007698700826611e+00
24 63 -1.000288428035754e+00 -1.895153319923232e-03 -9.294958340642079e-04 -1.007692881900194e+00
25 0 -1.000289223835356e+00 -1.898071116212751e-03 -9.219941279013477e-04 -1.007685985705281e+00
25 1 -1.000289939513670e+00 -1.900036459164553e-03 -9.202238912528741e-04 -1.007679953210407e+00
25 2 -1.000290658040323e+00 -1.901976652026849e-03 -9.185521552209299e-04 -1.007673916586642e+00
25 3 -1.000291373272545e+00 -1.903872323272265e-03 -9.170024078280856e-04 -1.007667932128077e+00
25 4 -1.000292079370925e+00 -1.905705080301766e-03 -9.155950140352970e-04 -1.007662054220231e+00
25 5 -1.000292770783302e+00 -1.907457602824752e-03 -9.143469255604834e-04 -1.007656335227259e+00
25 6 -1.000293442208620e+00 -1.909113693232576e-03 -9.132714548123560e-04 -1.007650825499273e+00
25 7 -1.000294088557133e+00 -1.910658315042545e-03 -9.123781288340653e-04 -1.007645573379507e+00
25 8 -1.000294704923709e+00 -1.912077650880944e-03 -9.116726497771248e-04 -1.007640625087808e+00
25 9 -1.000295286584740e+00 -1.913359197683202e-03 -9.111569857491401e-04 -1.007636024408186e+00
25 10 -1.000295829018983e+00 -1.914491895467994e-03 -9.108295968523338e-04 -1.007631812191825e+00
25 11 -1.000296327943924e+00 -1.915466269705357e-03 -9.106857692310417e-04 -1.007628025758519e+00
25 12 -1.000296779355916e+00 -1.916274563399863e-03 -9.107180000058532e-04 -1.007624698306568e+00
25 13 -1.000297179564482e+00 -1.916910840478351e-03 -9.109163683959789e-04 -1.007621858424445e+00
25 14 -1.000297525216130e+00 -1.917371049412079e-03 -9.112688524440686e-04 -1.007619529758516e+00
25 15 -1.000297813308354e+00 -1.917653041088794e-03 -9.117615962709259e-04 -1.007617730849022e+00
25 16 -1.000298041198296e+00 -1.917756537286404e-03 -9.123791774463304e-04 -1.007616475114723e+00
25 17 -1.000298206611589e+00 -1.917683046166440e-03 -9.131049467116601e-04 -1.007615770954815e+00
25 18 -1.000298307655036e+00 -1.917435721756565e-03 -9.139215000798928e-04 -1.007615621943243e+00
25 19 -1.000298342834283e+00 -1.917019171221428e-03 -9.148112958792550e-04 -1.007616027095819e+00
25 20 -1.000298311077148e+00 -1.916439229424895e-03 -9.157573635517820e-04 -1.007616981175661e+00
25 21 -1.000298211764954e+00 -1.915702737509112e-03 -9.167439984214238e-04 -1.007618474974461e+00
25 22 -1.000298044775408e+00 -1.914817367728920e-03 -9.177573257791464e-04 -1.007620495495403e+00
25 23 -1.000297810538443e+00 -1.913791523589691e-03 -9.187856545183969e-04 -1.007623025989253e+00
25 24 -1.000297510101270e+00 -1.912634317613789e-03 -9.198196058027098e-04 -1.007626045850940e+00
25 25 -1.000297145192965e+00 -1.911355600856693e-03 -9.208520656307928e-04 -1.007629530444766e+00
25 26 -1.000296718275053e+00 -1.909966000080688e-03 -9.218780463136583e-04 -1.007633450966883e+00
25 27 -1.000296232564824e+00 -1.908476918218682e-03 -9.228945376447056e-04 -1.007637774454468e+00
25 28 -1.000295692023652e+00 -1.906900473604284e-03 -9.239003865402272e-04 -1.007642464003415e+00
25 29 -1.000295101312095e+00 -1.905249385919227e-03 -9.248961842689625e-04 -1.007647479174689e+00
25 30 -1.000294465723161e+00 -1.903536845699701e-03 -9.258840935757026e-04 -1.007652776492718e+00
25 31 -1.000293791109912e+00 -1.901776414147481e-03 -9.268675381171136e-04 -1.007658309908572e+00
25 32 -1.000293083821069e+00 -1.899981986286969e-03 -9.278507079511702e-04 -1.007664031131652e+00
25 33 -1.000292350649477e+00 -1.898167820438987e-03 -9.288378927353576e-04 -1.007669889810078e+00
25 34 -1.000291598787636e+00 -1.896348604056267e-03 -9.298327152296067e-04 -1.007675833626914e+00
25 35 -1.000290835777041e+00 -1.894539504832791e-03 -9.308373777555443e-04 -1.007681808436891e+00
25 36 -1.000290069437992e+00 -1.892756157853907e-03 -9.318520359217383e-04 -1.007687758564655e+00
25 37 -1.000289307774219e+00 -1.891014565374399e-03 -9.328743745452793e-04 -1.007693627316982e+00
25 38 -1.000288558858069e+00 -1.889330922682913e-03 -9.338993973198580e-04 -1.007699357663196e+00
25 39 -1.000287830710764e+00 -1.887721411591968e-03 -9.349193837186065e-04 -1.007704892965303e+00
25 40 -1.000287131193853e+00 -1.886202008934917e-03 -9.359239394232133e-04 -1.007710177629136e+00
25 41 -1.000286467921896e+00 -1.884788340797861e-03 -9.369000801846591e-04 -1.007715157598934e+00
25 42 -1.000285848195969e+00 -1.883495583293168e-03 -9.378323358331045e-04 -1.007719780702864e+00
25 43 -1.000285278947217e+00 -1.882338380213365e-03 -9.387029193446356e-04 -1.007723996940155e+00
25 44 -1.000284766674338e+00 -1.881330730150410e-03 -9.394920458402862e-04 -1.007727758846343e+00
25 45 -1.000284317361196e+00 -1.880485800263797e-03 -9.401784833647667e-04 -1.007731022056489e+00
25 46 -1.000283936370009e+00 -1.879815649815222e-03 -9.407403667039120e-04 -1.007733746111217e+00
25 47 -1.000283628316829e+00 -1.879330880374465e-03 -9.411562284277374e-04 -1.007735895455592e+00
25 48 -1.000283396943887e+00 -1.879040254205711e-03 -9.414061330488751e-04 -1.007737440513995e+00
25 49 -1.000283245004987e+00 -1.878950328904591e-03 -9.414727704515528e-04 -1.007738358708280e+00
25 50 -1.000283174176643e+00 -1.879065147384858e-03 -9.413423838492343e-04 -1.007738635311524e+00
25 51 -1.000283185002273e+00 -1.879386006381460e-03 -9.410054632672868e-04 -1.007738264070046e+00
25 52 -1.000283276872402e+00 -1.879911312483577e-03 -9.404571999299075e-04 -1.007737247559943e+00
25 53 -1.000283448041859e+00 -1.880636527879436e-03 -9.396977403897470e-04 -1.007735597260395e+00
25 54 -1.000283695684477e+00 -1.881554208170464e-03 -9.387322867612607e-04 -1.007733333329123e+00
25 55 -1.000284015984577e+00 -1.882654135387549e-03 -9.375710676726362e-04 -1.007730484073760e+00
25 56 -1.000284404260628e+00 -1.883923543698074e-03 -9.362291741500182e-04 -1.007727085142937e+00
25 57 -1.000284855110998e+00 -1.885347422759471e-03 -9.347262355107718e-04 -1.007723178508542e+00
25 58 -1.000285362567470e+00 -1.886908870884505e-03 -9.330859125465838e-04 -1.007718811350882e+00
25 59 -1.000285920242059e+00 -1.888589464573683e-03 -9.313352078670244e-04 -1.007714034967052e+00
25 60 -1.000286521456989e+00 -1.890369615671953e-03 -9.295036260746655e-04 -1.007708903792424e+00
25 61 -1.000287159355000e+00 -1.892228900989340e-03 -9.276222442270961e-04 -1.007703474566984e+00
25 62 -1.000287826994442e+00 -1.894146366317443e-03 -9.257227640788979e-04 -1.007697805615489e+00
25 63 -1.000288517437251e+00 -1.896100818368689e-03 -9.238366110234852e-04 -1.007691956173677e+00
26 0 -1.000289238856866e+00 -1.898976530569405e-03 -9.163704746304723e-04 -1.007685243187756e+00
26 1 -1.000289960461490e+00 -1.900950178388970e-03 -9.146188964261396e-04 -1.007679170066968e+00
26 2 -1.000290686093439e+00 -1.902901944251586e-03 -9.129623887413817e-04 -1.007673083359618e+00
26 3 -1.000291409570750e+00 -1.904812424702630e-03 -9.114241692670741e-04 -1.007667039684435e+00
26 4 -1.000292125000987e+00 -1.906663154527645e-03 -9.100243774632399e-04 -1.007661093864900e+00
26 5 -1.000292826766509e+00 -1.908436701188566e-03 -9.087798030605068e-04 -1.007655298801059e+00
26 6 -1.000293509486928e+00 -1.910116712908964e-03 -9.077036752495730e-04 -1.007649705476403e+00
26 7 -1.000294167975794e+00 -1.911687952315722e-03 -9.068055230322951e-04 -1.007644362978434e+00
26 8 -1.000294797210201e+00 -1.913136349441429e-03 -9.060911315179148e-04 -1.007639318400959e+00
26 9 -1.000295392325564e+00 -1.914449093735995e-03 -9.055626208875111e-04 -1.007634616546960e+00
26 10 -1.000295948637083e+00 -1.915614763245364e-03 -9.052186579504209e-04 -1.007630299434994e+00
26 11 -1.000296461680068e+00 -1.916623472672592e-03 -9.050547780675465e-04 -1.007626405684509e+00
26 12 -1.000296927256898e+00 -1.917467016271344e-03 -9.050637642152940e-04 -1.007622969889342e+00
26 13 -1.000297341479026e+00 -1.918138984197181e-03 -9.052360199532677e-04 -1.007620022082836e+00
26 14 -1.000297700797041e+00 -1.918634837979639e-03 -9.055598924595634e-04 -1.007617587362424e+00
26 15 -1.000298002018566e+00 -1.918951938814235e-03 -9.060219427361846e-04 -1.007615685691089e+00
26 16 -1.000298242319485e+00 -1.919089527305478e-03 -9.066072047735716e-04 -1.007614331851399e+00
26 17 -1.000298419255504e+00 -1.919048652655640e-03 -9.072995037357444e-04 -1.007613535515319e+00
26 18 -1.000298530778498e+00 -1.918832047362051e-03 -9.080818981604561e-04 -1.007613301404844e+00
26 19 -1.000298575258740e+00 -1.918443948908682e-03 -9.089372678866821e-04 -1.007613629527012e+00
26 20 -1.000298551513178e+00 -1.917889885396351e-03 -9.098490038369474e-04 -1.007614515452547e+00
26 21 -1.000298458840936e+00 -1.917176459101555e-03 -9.108017001688366e-04 -1.007615950581654e+00
26 22 -1.000298297067969e+00 -1.916311168363706e-03 -9.117817325397413e-04 -1.007617922329427e+00
26 23 -1.000298066601512e+00 -1.915302298312591e-03 -9.127776356551668e-04 -1.007620414181950e+00
26 24 -1.000297768491549e+00 -1.914158887868540e-03 -9.137802536527528e-04 -1.007623405619408e+00
26 25 -1.000297404491599e+00 -1.912890752462778e-03 -9.147827018769878e-04 -1.007626871960938e+00
26 26 -1.000296977106587e+00 -1.911508520198121e-03 -9.157802218981747e-04 -1.007630784234768e+00
26 27 -1.000296489614580e+00 -1.910023635088746e-03 -9.167700150699285e-04 -1.007635109187687e+00
26 28 -1.000295946053942e+00 -1.908448299116265e-03 -9.177511022616326e-04 -1.007639809504207e+00
26 29 -1.000295351176708e+00 -1.906795356988782e-03 -9.187241983574030e-04 -1.007644844224468e+00
26 30 -1.000294710378408e+00 -1.905078157069957e-03 -9.196915407750304e-04 -1.007650169272162e+00
26 31 -1.000294029619874e+00 -1.903310434813322e-03 -9.206565957107627e-04 -1.007655737966277e+00
26 32 -1.000293315355522e+00 -1.901506256129190e-03 -9.216235898025341e-04 -1.007661501408800e+00
26 33 -1.000292574475222e+00 -1.899680030951969e-03 -9.225968678430651e-04 -1.007667408708783e+00
26 34 -1.000291814256107e+00 -1.897846572607022e-03 -9.235801389189749e-04 -1.007673407094994e+00
26 35 -1.000291042311871e+00 -1.896021152899963e-03 -9.245757192924538e-04 -1.007679442039847e+00
26 36 -1.000290266525757e+00 -1.894219501002059e-03 -9.255838891895137e-04 -1.007685457523548e+00
26 37 -1.000289494960271e+00 -1.892457718105006e-03 -9.266024465092716e-04 -1.007691396503320e+00
26 38 -1.000288735747541e+00 -1.890752115727428e-03 -9.276264788871111e-04 -1.007697201557023e+00
26 39 -1.000287996972833e+00 -1.889119014449709e-03 -9.286483151850973e-04 -1.007702815596113e+00
26 40 -1.000287286566379e+00 -1.887574549578979e-03 -9.296575842062750e-04 -1.007708182522053e+00
26 41 -1.000286612214456e+00 -1.886134518515527e-03 -9.306413147585830e-04 -1.007713247737162e+00
26 42 -1.000285981291040e+00 -1.884814276409637e-03 -9.315840535615676e-04 -1.007717958501284e+00
26 43 -1.000285400800563e+00 -1.883628653705679e-03 -9.324680365674914e-04 -1.007722264216938e+00
26 44 -1.000284877315845e+00 -1.882591847824854e-03 -9.332734947160858e-04 -1.007726116781783e+00
26 45 -1.000284416897229e+00 -1.881717243891924e-03 -9.339791794039536e-04 -1.007729471134615e+00
26 46 -1.000284024987879e+00 -1.881017144507763e-03 -9.345631483944206e-04 -1.007732286046892e+00
26 47 -1.000283706290956e+00 -1.880502421825353e-03 -9.350037779276088e-04 -1.007734525118727e+00
26 48 -1.000283464641970e+00 -1.880182130918116e-03 -9.352808952122091e-04 -1.007736157869401e+00
26 49 -1.000283302892133e+00 -1.880063133456103e-03 -9.353768882891602e-04 -1.007737160787329e+00
26 50 -1.000283222816169e+00 -1.880149774864985e-03 -9.352776616377984e-04 -1.007737518220390e+00
26 51 -1.000283225052820e+00 -1.880443641988995e-03 -9.349733577292156e-04 -1.007737223029274e+00
26 52 -1.000283309081294e+00 -1.880943411443408e-03 -9.344588305260362e-04 -1.007736276968592e+00
26 53 -1.000283473234786e+00 -1.881644790234329e-03 -9.337339056080776e-04 -1.007734690780795e+00
26 54 -1.000283714752427e+00 -1.882540550672114e-03 -9.328034751663549e-04 -1.007732483987576e+00
26 55 -1.000284029870051e+00 -1.883620662999347e-03 -9.316774583992219e-04 -1.007729684368255e+00
26 56 -1.000284413945591e+00 -1.884872523349907e-03 -9.303706280209108e-04 -1.007726327146114e+00
26 57 -1.000284861608540e+00 -1.886281261843296e-03 -9.289022821151230e-04 -1.007722453954433e+00
26 58 -1.000285366918193e+00 -1.887830102681801e-03 -9.272957394091864e-04 -1.007718111696227e+00
26 59 -1.000285923514876e+00 -1.889500741654068e-03 -9.255776558792270e-04 -1.007713351423415e+00
26 60 -1.000286524752458e+00 -1.891273709739776e-03 -9.237771918834329e-04 -1.007708227335396e+00
26 61 -1.000287163807949e+00 -1.893128704765125e-03 -9.219250869151921e-04 -1.007702795939566e+00
26 62 -1.000287833772615e+00 -1.895044891632607e-03 -9.200527121590677e-04 -1.007697115347179e+00
26 63 -1.000288527734067e+00 -1.897001185331112e-03 -9.181911675028665e-04 -1.007691244632245e+00
27 0 -1.000289174295487e+00 -1.899823742614979e-03 -9.108226224261404e-04 -1.007684723855748e+00
27 1 -1.000289900660043e+00 -1.901802922842246e-03 -9.090922950378056e-04 -1.007678617938052e+00
27 2 -1.000290632300317e+00 -1.903763673500785e-03 -9.074534580410722e-04 -1.007672488313593e+00
27 3 -1.000291363003882e+00 -1.905686575609981e-03 -9.059290353734330e-04 -1.007666391890712e+00
27 4 -1.000292086834219e+00 -1.907553107460186e-03 -9.045389130564507e-04 -1.007660383899129e+00
27 5 -1.000292798117627e+00 -1.909345740289397e-03 -9.032996872186491e-04 -1.007654517744820e+00
27 6 -1.000293491405045e+00 -1.911047985468024e-03 -9.022244700974400e-04 -1.007648845010525e+00
27 7 -1.000294161425956e+00 -1.912644424864167e-03 -9.013227595042407e-04 -1.007643415483009e+00
27 8 -1.000294803053927e+00 -1.914120758370068e-03 -9.006003953353521e-04 -1.007638277074052e+00
27 9 -1.000295411297828e+00 -1.915463890304391e-03 -9.000596309420503e-04 -1.007633475545497e+00
27 10 -1.000295981322512e+00 -1.916662056942088e-03 -8.996993315658925e-04 -1.007629054025735e+00
27 11 -1.000296508492346e+00 -1.917704979544944e-03 -8.995152823289886e-04 -1.007625052381951e+00
27 12 -1.000296988424404e+00 -1.918584017196814e-03 -8.995005590708848e-04 -1.007621506560921e+00
27 13 -1.000297417037354e+00 -1.919292294211632e-03 -8.996459021911293e-04 -1.007618448014519e+00
27 14 -1.000297790587297e+00 -1.919824785941311e-03 -8.999400458741669e-04 -1.007615903286464e+00
27 15 -1.000298105689868e+00 -1.920178357570903e-03 -9.003699912431841e-04 -1.007613893778692e+00
27 16 -1.000298359334435e+00 -1.920351755566621e-03 -9.009212581965560e-04 -1.007612435672549e+00
27 17 -1.000298548898076e+00 -1.920345549816762e-03 -9.015781839506373e-04 -1.007611539968430e+00
27 18 -1.000298672164837e+00 -1.920162022671773e-03 -9.023243358234239e-04 -1.007611212616451e+00
27 19 -1.000298727352442e+00 -1.919805006264668e-03 -9.031430665515910e-04 -1.007611454717620e+00
27 20 -1.000298713146393e+00 -1.919279682484898e-03 -9.040181784504707e-04 -1.007612262767765e+00
27 21 -1.000298628740807e+00 -1.918592374778798e-03 -9.049346067191296e-04 -1.007613628899628e+00
27 22 -1.000298473885880e+00 -1.917750369181483e-03 -9.058790083086077e-04 -1.007615541065506e+00
27 23 -1.000298248941996e+00 -1.916761797022434e-03 -9.068401624358304e-04 -1.007617983109117e+00
27 24 -1.000297954938642e+00 -1.915635591858008e-03 -9.078091442506491e-04 -1.007620934711597e+00
27 25 -1.000297593631866e+00 -1.914381504508012e-03 -9.087793003478310e-04 -1.007624371256106e+00
27 26 -1.000297167549168e+00 -1.913010135983094e-03 -9.097461036351008e-04 -1.007628263709885e+00
27 27 -1.000296680009256e+00 -1.911532941852558e-03 -9.107069739984551e-04 -1.007632578637492e+00
27 28 -1.000296135108077e+00 -1.909962177226563e-03 -9.116611187960967e-04 -1.007637278420640e+00
27 29 -1.000295537670808e+00 -1.908310781335665e-03 -9.126093920653053e-04 -1.007642321684968e+00
27 30 -1.000294893178599e+00 -1.906592230772348e-03 -9.135541210149038e-04 -1.007647663855682e+00
27 31 -1.000294207685034e+00 -1.904820407520680e-03 -9.144988260300516e-04 -1.007653257715875e+00
27 32 -1.000293487737638e+00 -1.903009523597269e-03 -9.154477763066031e-04 -1.007659053847533e+00
27 33 -1.000292740313319e+00 -1.901174118585583e-03 -9.164053720096021e-04 -1.007665000899365e+00
27 34 -1.000291972765936e+00 -1.899329110559511e-03 -9.173754061324795e-04 -1.007671045720898e+00
27 35 -1.000291192774883e+00 -1.897489853029737e-03 -9.183603084883898e-04 -1.007677133478688e+00
27 36 -1.000290408280993e+00 -1.895672145367779e-03 -9.193604885396774e-04 -1.007683207885817e+00
27 37 -1.000289627401426e+00 -1.893892163704349e-03 -9.203738665107278e-04 -1.007689211623716e+00
27 38 -1.000288858325076e+00 -1.892166312803119e-03 -9.213956253444462e-04 -1.007695086946196e+00
27 39 -1.000288109199214e+00 -1.890511030679076e-03 -9.224181540925261e-04 -1.007700776374215e+00
27 40 -1.000287388022074e+00 -1.888942592702973e-03 -9.234311128987268e-04 -1.007706223354055e+00
27 41 -1.000286702552918e+00 -1.887476953657564e-03 -9.244215485750247e-04 -1.007711372779448e+00
27 42 -1.000286060241903e+00 -1.886129638192120e-03 -9.253740282373851e-04 -1.007716171359098e+00
27 43 -1.000285468171313e+00 -1.884915656216283e-03 -9.262708174217985e-04 -1.007720567905359e+00
27 44 -1.000284932993345e+00 -1.883849397487129e-03 -9.270921775973672e-04 -1.007724513677962e+00
27 45 -1.000284460850795e+00 -1.882944459883959e-03 -9.278168685898044e-04 -1.007727962910153e+00
27 46 -1.000284057274699e+00 -1.882213387355305e-03 -9.284229046359541e-04 -1.007730873580222e+00
27 47 -1.000283727063108e+00 -1.881667325429162e-03 -9.288885422667816e-04 -1.007733208401852e+00
27 48 -1.000283474153399e+00 -1.881315630705136e-03 -9.291934043494339e-04 -1.007734935929424e+00
27 49 -1.000283301503957e+00 -1.881165484905477e-03 -9.293196000360051e-04 -1.007736031637583e+00
27 50 -1.000283210999090e+00 -1.881221560003693e-03 -9.292527039604377e-04 -1.007736478846672e+00
27 51 -1.000283203385731e+00 -1.881485764183066e-03 -9.289825052617091e-04 -1.007736269410612e+00
27 52 -1.000283278245637e+00 -1.881957080580851e-03 -9.285035026505526e-04 -1.007735404128771e+00
27 53 -1.000283434004955e+00 -1.882631501313306e-03 -9.278151744007167e-04 -1.007733892864615e+00
27 54 -1.000283667983159e+00 -1.883502058494728e-03 -9.269220717718271e-04 -1.007731754355419e+00
27 55 -1.000283976482255e+00 -1.884558954749713e-03 -9.258337713280041e-04 -1.007729015703177e+00
27 56 -1.000284354912706e+00 -1.885789790982839e-03 -9.245646928774552e-04 -1.007725711565147e+00
27 57 -1.000284797945911e+00 -1.887179877513635e-03 -9.231337667032430e-04 -1.007721883110433e+00
27 58 -1.000285299677353e+00 -1.888712600676189e-03 -9.215639302620720e-04 -1.007717576855897e+00
27 59 -1.000285853782818e+00 -1.890369808101606e-03 -9.198814516655116e-04 -1.007712843515654e+00
27 60 -1.000286453653894e+00 -1.892132178348250e-03 -9.181151057162107e-04 -1.007707736976531e+00
27 61 -1.000287092507581e+00 -1.893979554899588e-03 -9.162952552209656e-04 -1.007702313450307e+00
27 62 -1.000287763474399e+00 -1.895891244004793e-03 -9.144529058134181e-04 -1.007696630779396e+00
27 63 -1.000288459675167e+00 -1.897846289911386e-03 -9.126188025281318e-04 -1.007690747823616e+00
28 0 -1.000289031490941e+00 -1.900605322196943e-03 -9.054085756415126e-04 -1.007684426108883e+00
28 1 -1.000289761475681e+00 -1.902587330834432e-03 -9.037016559901106e-04 -1.007678295110666e+00
28 2 -1.000290498041858e+00 -1.904554517541218e-03 -9.020825300861794e-04 -1.007672129709827e+00
28 3 -1.000291234954447e+00 -1.906487462697352e-03 -9.005738114576232e-04 -1.007665987072069e+00
28 4 -1.000291966240662e+00 -1.908367601843114e-03 -8.991951127704792e-04 -1.007659922806632e+00
28 5 -1.000292686179161e+00 -1.910177324092483e-03 -8.979628117903272e-04 -1.007653990799348e+00
28 6 -1.000293389262364e+00 -1.911900020575786e-03 -8.968898746281245e-04 -1.007648243198652e+00
28 7 -1.000294070148011e+00 -1.913520112033623e-03 -8.959857379467250e-04 -1.007642730445881e+00
28 8 -1.000294723620012e+00 -1.915023089601823e-03 -8.952562706280221e-04 -1.007637501217289e+00
28 9 -1.000295344575135e+00 -1.916395594435678e-03 -8.947038406436951e-04 -1.007632602174391e+00
28 10 -1.000295928042071e+00 -1.917625543081853e-03 -8.943275008285053e-04 -1.007628077492356e+00
28 11 -1.000296469227234e+00 -1.918702284201885e-03 -8.941232823991454e-04 -1.007623968223787e+00
28 12 -1.000296963572891e+00 -1.919616758875970e-03 -8.940845569762806e-04 -1.007620311615511e+00
28 13 -1.000297406812034e+00 -1.920361637234612e-03 -8.942024100226016e-04 -1.007617140501311e+00
28 14 -1.000297795010073e+00 -1.920931414638991e-03 -8.944659745262647e-04 -1.007614482851207e+00
28 15 -1.000298124591662e+00 -1.921322461361326e-03 -8.948627069982284e-04 -1.007612361500990e+00
28 16 -1.000298392357756e+00 -1.921533024563123e-03 -8.953786345503020e-04 -1.007610794043284e+00
28 17 -1.000298595501206e+00 -1.921563181434187e-03 -8.959986368433137e-04 -1.007609792842766e+00
28 18 -1.000298731628379e+00 -1.921414742105031e-03 -8.967068297811209e-04 -1.007609365138940e+00
28 19 -1.000298798790494e+00 -1.921091104106279e-03 -8.974870850935788e-04 -1.007609513210116e+00
28 20 -1.000298795523992e+00 -1.920597068829522e-03 -8.983236638825904e-04 -1.007610234577933e+00
28 21 -1.000298720897246e+00 -1.919938643685214e-03 -8.992018855847118e-04 -1.007611522221615e+00
28 22 -1.000298574561769e+00 -1.919122864831496e-03 -9.001087221767098e-04 -1.007613364751915e+00
28 23 -1.000298356807409e+00 -1.918157674431596e-03 -9.010332182843156e-04 -1.007615746491211e+00
28 24 -1.000298068619945e+00 -1.917051868531499e-03 -9.019666888192462e-04 -1.007618647437861e+00
28 25 -1.000297711735620e+00 -1.915815103370141e-03 -9.029027129681010e-04 -1.007622043151460e+00
28 26 -1.000297288682915e+00 -1.914457923421131e-03 -9.038369948541033e-04 -1.007625904649580e+00
28 27 -1.000296802800234e+00 -1.912991765975741e-03 -9.047671754922637e-04 -1.007630198425679e+00
28 28 -1.000296258220897e+00 -1.911428908753596e-03 -9.056926556370385e-04 -1.007634886669332e+00
28 29 -1.000295659823886e+00 -1.909782354341565e-03 -9.066144391325356e-04 -1.007639927701596e+00
28 30 -1.000295013157842e+00 -1.908065676717397e-03 -9.075349548664162e-04 -1.007645276556234e+00
28 31 -1.000294324352847e+00 -1.906292875796328e-03 -9.084577867357994e-04 -1.007650885579864e+00
28 32 -1.000293600035816e+00 -1.904478284601153e-03 -9.093872502886277e-04 -1.007656704923053e+00
28 33 -1.000292847259577e+00 -1.902636549987280e-03 -9.103277993656105e-04 -1.007662682854144e+00
28 34 -1.000292073445799e+00 -1.900782673235713e-03 -9.112833066345723e-04 -1.007668765919703e+00
28 35 -1.000291286332480e+00 -1.898932067740215e-03 -9.122563124143393e-04 -1.007674899055222e+00
28 36 -1.000290493912568e+00 -1.897100580923266e-03 -9.132473560715018e-04 -1.007681025779048e+00
28 37 -1.000289704353740e+00 -1.895304441498025e-03 -9.142544851642939e-04 -1.007687088566056e+00
28 38 -1.000288925898598e+00 -1.893560125304714e-03 -9.152729858830465e-04 -1.007693029411395e+00
28 39 -1.000288166754586e+00 -1.891884167390026e-03 -9.162953151540802e-04 -1.007698790503081e+00
28 40 -1.000287434987835e+00 -1.890292966718750e-03 -9.173111684554581e-04 -1.007704314875979e+00
28 41 -1.000286738432434e+00 -1.888802623617180e-03 -9.183076096980831e-04 -1.007709546943307e+00
28 42 -1.000286084618056e+00 -1.887428823567511e-03 -9.192692229636465e-04 -1.007714432879234e+00
28 43 -1.000285480709144e+00 -1.886186748581412e-03 -9.201783023028298e-04 -1.007718920915773e+00
28 44 -1.000284933442367e+00 -1.885090974069319e-03 -9.210151460397756e-04 -1.007722961678152e+00
28 45 -1.000284449048772e+00 -1.884155304940007e-03 -9.217585393821260e-04 -1.007726508689164e+00
28 46 -1.000284033153462e+00 -1.883392522078194e-03 -9.223864808810806e-04 -1.007729519119969e+00
28 47 -1.000283690655769e+00 -1.882814042276604e-03 -9.228771427626178e-04 -1.007731954773372e+00
28 48 -1.000283425601919e+00 -1.882429526171530e-03 -9.232099801362015e-04 -1.007733783198691e+00
28 49 -1.000283241065778e+00 -1.882246485227200e-03 -9.233668537544189e-04 -1.007734978794793e+00
28 50 -1.000283139051190e+00 -1.882269935786744e-03 -9.233330273967149e-04 -1.007735523769350e+00
28 51 -1.000283120424715e+00 -1.882502132534852e-03 -9.230979423837042e-04 -1.007735408865026e+00
28 52 -1.000283184883430e+00 -1.882942396498530e-03 -9.226557353884345e-04 -1.007734633805884e+00
28 53 -1.000283330960513e+00 -1.883587041624265e-03 -9.220055212818108e-04 -1.007733207442625e+00
28 54 -1.000283556070747e+00 -1.884429400606521e-03 -9.211514882357595e-04 -1.007731147584088e+00
28 55 -1.000283856597124e+00 -1.885459951155408e-03 -9.201028442769379e-04 -1.007728480507976e+00
28 56 -1.000284228016121e+00 -1.886666541300090e-03 -9.188736276622919e-04 -1.007725240164149e+00
28 57 -1.000284665052462e+00 -1.888034701726927e-03 -9.174823696851888e-04 -1.007721467128451e+00
28 58 -1.000285161846911e+00 -1.889548017403273e-03 -9.159515928380361e-04 -1.007717207419509e+00
28 59 -1.000285712117571e+00 -1.891188519676302e-03 -9.143071413495788e-04 -1.007712511321231e+00
28 60 -1.000286309299013e+00 -1.892937062043307e-03 -9.125773668821536e-04 -1.007707432334027e+00
28 61 -1.000286946652923e+00 -1.894773657472340e-03 -9.107922185229877e-04 -1.007702026314016e+00
28 62 -1.000287617354134e+00 -1.896677774625962e-03 -9.089823032496359e-04 -1.007696350783752e+00
28 63 -1.000288314562439e+00 -1.898628605562585e-03 -9.071779847781490e-04 -1.007690464344432e+00
29 0 -1.000288812312237e+00 -1.901314527899585e-03 -9.001847403425789e-04 -1.007684346542296e+00
29 1 -1.000289544814373e+00 -1.903296749576604e-03 -8.985029349622246e-04 -1.007678198015858e+00
29 2 -1.000290285250412e+00 -1.905267884606188e-03 -8.969051386797067e-04 -1.007672003897592e+00
29 3 -1.000291027369279e+00 -1.907208525490829e-03 -8.954136442680791e-04 -1.007665821583438e+00
29 4 -1.000291765168634e+00 -1.909100077178270e-03 -8.940477776596769e-04 -1.007659707038581e+00
29 5 -1.000292492887266e+00 -1.910924860154877e-03 -8.928236792605292e-04 -1.007653714602578e+00
29 6 -1.000293204968549e+00 -1.912666161084081e-03 -8.917541455698098e-04 -1.007647896956674e+00
29 7 -1.000293896009718e+00 -1.914308257258779e-03 -8.908485279405644e-04 -1.007642305156518e+00
29 8 -1.000294560717915e+00 -1.915836450532997e-03 -8.901127027610786e-04 -1.007636988594169e+00
29 9 -1.000295193892099e+00 -1.917237140575637e-03 -8.895491355450991e-04 -1.007631994771783e+00
29 10 -1.000295790439629e+00 -1.918497947280134e-03 -8.891570552998173e-04 -1.007627368844523e+00
29 11 -1.000296345422696e+00 -1.919607868616453e-03 -8.889327346093489e-04 -1.007623152984719e+00
29 12 -1.000296854120045e+00 -1.920557446165821e-03 -8.888698420791797e-04 -1.007619385682886e+00
29 13 -1.000297312087559e+00 -1.921338910725026e-03 -8.889598126037826e-04 -1.007616101109413e+00
29 14 -1.000297715206127e+00 -1.921946289278086e-03 -8.891921834861515e-04 -1.007613328625239e+00
29 15 -1.000298059713132e+00 -1.922375464580642e-03 -8.895548744384436e-04 -1.007611092477161e+00
29 16 -1.000298342221867e+00 -1.922624185679851e-03 -8.900344331862378e-04 -1.007609411664282e+00
29 17 -1.000298559738386e+00 -1.922692030911711e-03 -8.906163033902741e-04 -1.007608299931694e+00
29 18 -1.000298709685331e+00 -1.922580324661610e-03 -8.912851799418685e-04 -1.007607765845098e+00
29 19 -1.000298789937524e+00 -1.922292008959888e-03 -8.920254919714553e-04 -1.007607812918342e+00
29 20 -1.000298798868169e+00 -1.921831476652048e-03 -8.928220028962587e-04 -1.007608439779982e+00
29 21 -1.000298735401710e+00 -1.921204385821486e-03 -8.936604592720069e-04 -1.007609640356564e+00
29 22 -1.000298599070026e+00 -1.920417487701854e-03 -8.945281833052304e-04 -1.007611404029176e+00
29 23 -1.000298390070190e+00 -1.919478501319126e-03 -8.954145080834285e-04 -1.007613715713641e+00
29 24 -1.000298109321654e+00 -1.918396052996336e-03 -8.963109994463982e-04 -1.007616555840470e+00
29 25 -1.000297758518285e+00 -1.917179673322909e-03 -8.972114720751769e-04 -1.007619900261077e+00
29 26 -1.000297340167326e+00 -1.915839819691100e-03 -8.981118604098431e-04 -1.007623720158867e+00
29 27 -1.000296857605200e+00 -1.914387880457003e-03 -8.990100260147223e-04 -1.007627982071354e+00
29 28 -1.000296314981474e+00 -1.912836124383253e-03 -8.999055658905498e-04 -1.007632648111545e+00
29 29 -1.000295717208441e+00 -1.911197584956591e-03 -9.007996406209557e-04 -1.007637676411475e+00
29 30 -1.000295069882868e+00 -1.909485901717666e-03 -9.016947892198117e-04 -1.007643021725037e+00
29 31 -1.000294379193856e+00 -1.907715163231062e-03 -9.025946650516049e-04 -1.007648636065047e+00
29 32 -1.000293651832645e+00 -1.905899797487544e-03 -9.035036309828907e-04 -1.007654469242784e+00
29 33 -1.000292894915570e+00 -1.904054535316924e-03 -9.044261907067764e-04 -1.007660469229249e+00
29 34 -1.000292115922338e+00 -1.902194439877506e-03 -9.053662899557426e-04 -1.007666582343738e+00
29 35 -1.000291322642084e+00 -1.900334964129273e-03 -9.063265729518877e-04 -1.007672753361056e+00
29 36 -1.000290523114104e+00 -1.898491982868518e-03 -9.073077053621365e-04 -1.007678925673182e+00
29 37 -1.000289725552028e+00 -1.896681755614102e-03 -9.083078633128035e-04 -1.007685041616515e+00
29 38 -1.000288938248934e+00 -1.894920807698422e-03 -9.093224412369031e-04 -1.007691042991415e+00
29 39 -1.000288169471012e+00 -1.893225752410621e-03 -9.103439688095034e-04 -1.007696871705428e+00
29 40 -1.000287427352778e+00 -1.891613097812474e-03 -9.113621775726943e-04 -1.007702470419713e+00
29 41 -1.000286719805158e+00 -1.890099078998774e-03 -9.123641437460551e-04 -1.007707783092598e+00
29 42 -1.000286054440592e+00 -1.888699534022122e-03 -9.133344599524682e-04 -1.007712755380700e+00
29 43 -1.000285438510134e+00 -1.887429810593550e-03 -9.142554407824770e-04 -1.007717334944691e+00
29 44 -1.000284878840327e+00 -1.886304664508471e-03 -9.151074189501840e-04 -1.007721471776975e+00
29 45 -1.000284381756170e+00 -1.885338102276551e-03 -9.158692127695148e-04 -1.007725118687381e+00
29 46 -1.000283952982312e+00 -1.884543135606718e-03 -9.165188253182735e-04 -1.007728232034746e+00
29 47 -1.000283597524837e+00 -1.883931447370088e-03 -9.170343754726947e-04 -1.007730772698666e+00
29 48 -1.000283319544862e+00 -1.883513000825927e-03 -9.173951867729839e-04 -1.007732707196458e+00
29 49 -1.000283122238714e+00 -1.883295641651024e-03 -9.175829059076920e-04 -1.007734008805369e+00
29 50 -1.000283007737894e+00 -1.883284741816844e-03 -9.175825121802230e-04 -1.007734658555196e+00
29 51 -1.000282977038238e+00 -1.883482921061855e-03 -9.173831141149037e-04 -1.007734645992388e+00
29 52 -1.000283029963720e+00 -1.883889864274096e-03 -9.169784898371210e-04 -1.007733969660395e+00
29 53 -1.000283165167865e+00 -1.884502239592788e-03 -9.163673849902591e-04 -1.007732637274232e+00
29 54 -1.000283380175027e+00 -1.885313717072670e-03 -9.155536123370847e-04 -1.007730665580156e+00
29 55 -1.000283671463530e+00 -1.886315088897438e-03 -9.145459945309427e-04 -1.007728079892667e+00
29 56 -1.000284034589517e+00 -1.887494490709029e-03 -9.133581679252513e-04 -1.007724913315980e+00
29 57 -1.000284464343076e+00 -1.888837713067049e-03 -9.120082414004981e-04 -1.007721205702263e+00
29 58 -1.000284954919785e+00 -1.890328575608496e-03 -9.105182959148234e-04 -1.007717002457968e+00
29 59 -1.000285500086900e+00 -1.891949324587361e-03 -9.089137217089791e-04 -1.007712353344201e+00
29 60 -1.000286093326877e+00 -1.893681015103876e-03 -9.072224142157729e-04 -1.007707311401929e+00
29 61 -1.000286727950129e+00 -1.895503852516043e-03 -9.054738753173449e-04 -1.007701932073579e+00
29 62 -1.000287397179679e+00 -1.897397487354599e-03 -9.036982830732353e-04 -1.007696272515504e+00
29 63 -1.000288094218497e+00 -1.899341276114126e-03 -9.019255951319577e-04 -1.007690391032313e+00
30 0 -1.000288519127552e+00 -1.901945360890823e-03 -8.952052055796183e-04 -1.007684480150723e+00
30 1 -1.000289253087762e+00 -1.903925284069339e-03 -8.935497652681753e-04 -1.007678321452891e+00
30 2 -1.000289996371446e+00 -1.905897955548913e-03 -8.919744878024110e-04 -1.007672105563204e+00
30 3 -1.000290742716836e+00 -1.907843991541848e-03 -8.905013386766279e-04 -1.007665890083598e+00
30 4 -1.000291486097972e+00 -1.909744778295703e-03 -8.891493481461265e-04 -1.007659731311180e+00
30 5 -1.000292220720755e+00 -1.911582580559087e-03 -8.879344061597163e-04 -1.007653684013047e+00
30 6 -1.000292940987769e+00 -1.913340594466257e-03 -8.868691232559701e-04 -1.007647801373917e+00
30 7 -1.000293641445655e+00 -1.915002969530432e-03 -8.859627476719715e-04 -1.007642135027981e+00
30 8 -1.000294316736881e+00 -1.916554836964279e-03 -8.852211458488497e-04 -1.007636735035749e+00
30 9 -1.000294961576655e+00 -1.917982376489072e-03 -8.846468661806597e-04 -1.007631649680367e+00
30 10 -1.000295570765639e+00 -1.919272933714189e-03 -8.842393046245033e-04 -1.007626925031560e+00
30 11 -1.000296139235411e+00 -1.920415177008733e-03 -8.839949719835300e-04 -1.007622604317841e+00
30 12 -1.000296662113042e+00 -1.921399267860205e-03 -8.839078343864423e-04 -1.007618727214389e+00
30 13 -1.000297134787346e+00 -1.922217015727148e-03 -8.839696772390113e-04 -1.007615329173740e+00
30 14 -1.000297552962687e+00 -1.922861994903677e-03 -8.841704428583012e-04 -1.007612440900990e+00
30 15 -1.000297912694679e+00 -1.923329612290100e-03 -8.844985160423767e-04 -1.007610088020040e+00
30 16 -1.000298210411902e+00 -1.923617125559362e-03 -8.849409705202406e-04 -1.007608290917359e+00
30 17 -1.000298442934220e+00 -1.923723615838771e-03 -8.854838251752717e-04 -1.007607064713331e+00
30 18 -1.000298607498461e+00 -1.923649917290421e-03 -8.861123735235822e-04 -1.007606419311017e+00
30 19 -1.000298701797154e+00 -1.923398503999981e-03 -8.868116317376679e-04 -1.007606359493513e+00
30 20 -1.000298724029752e+00 -1.922973339344489e-03 -8.875669032365985e-04 -1.007606885056080e+00
30 21 -1.000298672961929e+00 -1.922379704686378e-03 -8.883644014582206e-04 -1.007607990954713e+00
30 22 -1.000298547987859e+00 -1.921624035568954e-03 -8.891918336914853e-04 -1.007609667437796e+00
30 23 -1.000298349191573e+00 -1.920713796009118e-03 -8.900388468639544e-04 -1.007611900120710e+00
30 24 -1.000298077404545e+00 -1.919657410744850e-03 -8.908972724422131e-04 -1.007614669978146e+00
30 25 -1.000297734255980e+00 -1.918464253293165e-03 -8.917611660044850e-04 -1.007617953268801e+00
30 26 -1.000297322209518e+00 -1.917144662642686e-03 -8.926266918556150e-04 -1.007621721459592e+00
30 27 -1.000296844577316e+00 -1.915709946007885e-03 -8.934919305254838e-04 -1.007625941252577e+00
30 28 -1.000296305503003e+00 -1.914172329641559e-03 -8.943566763291969e-04 -1.007630574807201e+00
30 29 -1.000295709910503e+00 -1.912544843986714e-03 -8.952222508918735e-04 -1.007635580188373e+00
30 30 -1.000295063424211e+00 -1.910841161444216e-03 -8.960913084682302e-04 -1.007640911986047e+00
30 31 -1.000294372273531e+00 -1.909075428867805e-03 -8.969675747199310e-04 -1.007646521986423e+00
30 32 -1.000293643197600e+00 -1.907262141798551e-03 -8.978554584005259e-04 -1.007652359758679e+00
30 33 -1.000292883362631e+00 -1.905416091123966e-03 -8.987595067975243e-04 -1.007658373062046e+00
30 34 -1.000292100295761e+00 -1.903552381270993e-03 -8.996837286156489e-04 -1.007664508062620e+00
30 35 -1.000291301829230e+00 -1.901686485666493e-03 -9.006308609751874e-04 -1.007670709441785e+00
30 36 -1.000290496042386e+00 -1.899834286656381e-03 -9.016016878154711e-04 -1.007676920531584e+00
30 37 -1.000289691189927e+00 -1.898012053665133e-03 -9.025945110458368e-04 -1.007683083595886e+00
30 38 -1.000288895612221e+00 -1.896236341391723e-03 -9.036048346488967e-04 -1.007689140299957e+00
30 39 -1.000288117632924e+00 -1.894523823972380e-03 -9.046252628197231e-04 -1.007695032319176e+00
30 40 -1.000287365455336e+00 -1.892891104504512e-03 -9.056455617352543e-04 -1.007700701977536e+00
30 41 -1.000286647069099e+00 -1.891354542109781e-03 -9.066528132593933e-04 -1.007706092804298e+00
30 42 -1.000285970172863e+00 -1.889930120115640e-03 -9.076316068837849e-04 -1.007711149953151e+00
30 43 -1.000285342109180e+00 -1.888633347445977e-03 -9.085642639975961e-04 -1.007715820517926e+00
30 44 -1.000284769800054e+00 -1.887479156512002e-03 -9.094311413311812e-04 -1.007720053857908e+00
30 45 -1.000284259669898e+00 -1.886481750330979e-03 -9.102110892584772e-04 -1.007723802069963e+00
30 46 -1.000283817548100e+00 -1.885654365027019e-03 -9.108821272023300e-04 -1.007727020699787e+00
30 47 -1.000283448552741e+00 -1.885008943642913e-03 -9.114223448157385e-04 -1.007729669696347e+00
30 48 -1.000283156965292e+00 -1.884555748525675e-03 -9.118109663782349e-04 -1.007731714526606e+00
30 49 -1.000282946110236e+00 -1.884302959779164e-03 -9.120294589782620e-04 -1.007733127315126e+00
30 50 -1.000282818253175e+00 -1.884256310624746e-03 -9.120625479224777e-04 -1.007733887866864e+00
30 51 -1.000282774527302e+00 -1.884418798632149e-03 -9.118990309542601e-04 -1.007733984464491e+00
30 52 -1.000282814893645e+00 -1.884790492916407e-03 -9.115323396947472e-04 -1.007733414381524e+00
30 53 -1.000282938137940e+00 -1.885368442506641e-03 -9.109608539410109e-04 -1.007732184090462e+00
30 54 -1.000283141907088e+00 -1.886146686222790e-03 -9.101880082747034e-04 -1.007730309156028e+00
30 55 -1.000283422788346e+00 -1.887116365708971e-03 -9.092222330683273e-04 -1.007727813801996e+00
30 56 -1.000283776431037e+00 -1.888265941378801e-03 -9.080767525604576e-04 -1.007724730155625e+00
30 57 -1.000284197702795e+00 -1.889581500624536e-03 -9.067692394521860e-04 -1.007721097219099e+00
30 58 -1.000284680863747e+00 -1.891047132065891e-03 -9.053213150296478e-04 -1.007716959674754e+00
30 59 -1.000285219737383e+00 -1.892645327161373e-03 -9.037578926422328e-04 -1.007712366668162e+00
30 60 -1.000285807859016e+00 -1.894357368493088e-03 -9.021063848244990e-04 -1.007707370707503e+00
30 61 -1.000286438591338e+00 -1.896163675296813e-03 -9.003958181195529e-04 -1.007702026765647e+00
30 62 -1.000287105208470e+00 -1.898044097788572e-03 -8.986559145720695e-04 -1.007696391590507e+00
30 63 -1.000287800959755e+00 -1.899978172600529e-03 -8.969162017350480e-04 -1.007690523155225e+00
31 0 -1.000288154778846e+00 -1.902492606141693e-03 -8.905210714476483e-04 -1.007684820532809e+00
31 1 -1.000288889184223e+00 -1.904467834395124e-03 -8.888927933286025e-04 -1.007678658809815e+00
31 2 -1.000289634330755e+00 -1.906439716605096e-03 -8.873407958007990e-04 -1.007672427968758e+00
31 3 -1.000290383950665e+00 -1.908388904580463e-03 -8.858867120176568e-04 -1.007666185791830e+00
31 4 -1.000291131999552e+00 -1.910296777698695e-03 -8.845492713225195e-04 -1.007659988882881e+00
31 5 -1.000291872656133e+00 -1.912145556448198e-03 -8.833441064622147e-04 -1.007653892412867e+00
31 6 -1.000292600289011e+00 -1.913918358616738e-03 -8.822836324554321e-04 -1.007647950044175e+00
31 7 -1.000293309403153e+00 -1.915599220887865e-03 -8.813769817210598e-04 -1.007642213954313e+00
31 8 -1.000293994587820e+00 -1.917173122321971e-03 -8.806299970866226e-04 -1.007636734823882e+00
31 9 -1.000294650487780e+00 -1.918626043286026e-03 -8.800452990166796e-04 -1.007631561659131e+00
31 10 -1.000295271810877e+00 -1.919945076009115e-03 -8.796224447938625e-04 -1.007626741382661e+00
31 11 -1.000295853371612e+00 -1.921118580048494e-03 -8.793581820633048e-04 -1.007622318215991e+00
31 12 -1.000296390158016e+00 -1.922136357581721e-03 -8.792467746435238e-04 -1.007618332955255e+00
31 13 -1.000296877402903e+00 -1.922989816618579e-03 -8.792803580941780e-04 -1.007614822274932e+00
31 14 -1.000297310643036e+00 -1.923672096377148e-03 -8.794492780358354e-04 -1.007611818172709e+00
31 15 -1.000297685759079e+00 -1.924178142845097e-03 -8.797423813047750e-04 -1.007609347607692e+00
31 16 -1.000297999000099e+00 -1.924504734800966e-03 -8.801472647149453e-04 -1.007607432319529e+00
31 17 -1.000298247003375e+00 -1.924650465183413e-03 -8.806505232922231e-04 -1.007606088778819e+00
31 18 -1.000298426821054e+00 -1.924615681056022e-03 -8.812380585308359e-04 -1.007605328216614e+00
31 19 -1.000298535960917e+00 -1.924402383794786e-03 -8.818954938127491e-04 -1.007605156697902e+00
31 20 -1.000298572442034e+00 -1.924014094453190e-03 -8.826087019406661e-04 -1.007605575221066e+00
31 21 -1.000298534860469e+00 -1.923455697771559e-03 -8.833643972595500e-04 -1.007606579830450e+00
31 22 -1.000298422457916e+00 -1.922733288112951e-03 -8.841507053094909e-04 -1.007608161721082e+00
31 23 -1.000298235187323e+00 -1.921854045345470e-03 -8.849576141128279e-04 -1.007610307303759e+00
31 24 -1.000297973771969e+00 -1.920826162006175e-03 -8.857772386601071e-04 -1.007612998203642e+00
31 25 -1.000297639755047e+00 -1.919658823558757e-03 -8.866038836170560e-04 -1.007616211199034e+00
31 26 -1.000297235534555e+00 -1.918362218658740e-03 -8.874339447577501e-04 -1.007619918158683e+00
31 27 -1.000296764375718e+00 -1.916947539554366e-03 -8.882657212137515e-04 -1.007624086074493e+00
31 28 -1.000296230393235e+00 -1.915426934586213e-03 -8.890992055073477e-04 -1.007628677281922e+00
31 29 -1.000295638499983e+00 -1.913813395599467e-03 -8.899358830065417e-04 -1.007633649906944e+00
31 30 -1.000294994326367e+00 -1.912120593530373e-03 -8.907785262873379e-04 -1.007638958497721e+00
31 31 -1.000294304122188e+00 -1.910362701555970e-03 -8.916309344395565e-04 -1.007644554726946e+00
31 32 -1.000293574656950e+00 -1.908554254438763e-03 -8.924975588260458e-04 -1.007650388022540e+00
31 33 -1.000292813132150e+00 -1.906710079232120e-03 -8.933829811949637e-04 -1.007656406018395e+00
31 34 -1.000292027110779e+00 -1.904845301350271e-03 -8.942912591839991e-04 -1.007662554801544e+00
31 35 -1.000291224459213e+00 -1.902975395932709e-03 -8.952252073003776e-04 -1.007668779027279e+00
31 36 -1.000290413290052e+00 -1.901116234103588e-03 -8.961857148085480e-04 -1.007675022031867e+00
31 37 -1.000289601894162e+00 -1.899284076309915e-03 -8.971712013311478e-04 -1.007681226067154e+00
31 38 -1.000288798655997e+00 -1.897495488246950e-03 -8.981772768563708e-04 -1.007687332718313e+00
31 39 -1.000288011954967e+00 -1.895767187779623e-03 -8.991966185962700e-04 -1.007693283476730e+00
31 40 -1.000287250063016e+00 -1.894115858412986e-03 -9.002190243650691e-04 -1.007699020367904e+00
31 41 -1.000286521050257e+00 -1.892557972727499e-03 -9.012315739380177e-04 -1.007704486517231e+00
31 42 -1.000285832705208e+00 -1.891109653213163e-03 -9.022188399795789e-04 -1.007709626586493e+00
31 43 -1.000285192466863e+00 -1.889786566673028e-03 -9.031631331531410e-04 -1.007714387104717e+00
31 44 -1.000284607358116e+00 -1.888603819129529e-03 -9.040448180605428e-04 -1.007718716797755e+00
31 45 -1.000284083908305e+00 -1.887575806122163e-03 -9.048427685233591e-04 -1.007722567049009e+00
31 46 -1.000283628057055e+00 -1.886715983275526e-03 -9.055350236390224e-04 -1.007725892588491e+00
31 47 -1.000283245039725e+00 -1.886036548455943e-03 -9.060996600512812e-04 -1.007728652428358e+00
31 48 -1.000282939262989e+00 -1.885548058200737e-03 -9.065158292187560e-04 -1.007730810974176e+00
31 49 -1.000282714184253e+00 -1.885259024482791e-03 -9.067648502119131e-04 -1.007732339177814e+00
31 50 -1.000282572208705e+00 -1.885175543949584e-03 -9.068312253601700e-04 -1.007733215584212e+00
31 51 -1.000282514613734e+00 -1.885301000326920e-03 -9.067034674791468e-04 -1.007733427158575e+00
31 52 -1.000282541505751e+00 -1.885635861403942e-03 -9.063746800225410e-04 -1.007732969833476e+00
31 53 -1.000282651812543e+00 -1.886177577187661e-03 -9.058428879713425e-04 -1.007731848752567e+00
31 54 -1.000282843314947e+00 -1.886920580644505e-03 -9.051111534643206e-04 -1.007730078197948e+00
31 55 -1.000283112721791e+00 -1.887856392678589e-03 -9.041875171709691e-04 -1.007727681189055e+00
31 56 -1.000283455788402e+00 -1.888973830815761e-03 -9.030847912754571e-04 -1.007724688756809e+00
31 57 -1.000283867471677e+00 -1.890259311965433e-03 -9.018202088375286e-04 -1.007721138937179e+00
31 58 -1.000284342106014e+00 -1.891697224975194e-03 -9.004149231811247e-04 -1.007717075582495e+00
31 59 -1.000284873578514e+00 -1.893270334832424e-03 -8.988933572785633e-04 -1.007712547132184e+00
31 60 -1.000285455482424e+00 -1.894960175817571e-03 -8.972824225964925e-04 -1.007707605489495e+00
31 61 -1.000286081236011e+00 -1.896747401024797e-03 -8.956106484115150e-04 -1.007702305103670e+00
31 62 -1.000286744166997e+00 -1.898612077292124e-03 -8.939072768609028e-04 -1.007696702273110e+00
31 63 -1.000287437573813e+00 -1.900533936621755e-03 -8.922013827814027e-04 -1.007690854605185e+00
32 0 -1.000287722559472e+00 -1.902951856723864e-03 -8.861798374053403e-04 -1.007685360104664e+00
32 1 -1.000288456443726e+00 -1.904920118050700e-03 -8.845790722081257e-04 -1.007679202285765e+00
32 2 -1.000289202506561e+00 -1.906888979961222e-03 -8.830506945272853e-04 -1.007672963182914e+00
32 3 -1.000289954478312e+00 -1.908839141947193e-03 -8.816160018126140e-04 -1.007666700730903e+00
32 4 -1.000290706300303e+00 -1.910751987639688e-03 -8.802934212416208e-04 -1.007660471815631e+00
32 5 -1.000291452128480e+00 -1.912609703764460e-03 -8.790983267329894e-04 -1.007654331989540e+00
32 6 -1.000292186303209e+00 -1.914395341642851e-03 -8.780429329347875e-04 -1.007648335366228e+00
32 7 -1.000292903295833e+00 -1.916092839988782e-03 -8.771362480212066e-04 -1.007642534630001e+00
32 8 -1.000293597652828e+00 -1.917687043302296e-03 -8.763840820367333e-04 -1.007636981034551e+00
32 9 -1.000294263960730e+00 -1.919163751945687e-03 -8.757891208309006e-04 -1.007631724254144e+00
32 10 -1.000294896847991e+00 -1.920509825576800e-03 -8.753510797755127e-04 -1.007626812002130e+00
32 11 -1.000295491025965e+00 -1.921713336948697e-03 -8.750669426453694e-04 -1.007622289425440e+00
32 12 -1.000296041356907e+00 -1.922763750828247e-03 -8.749312714660029e-04 -1.007618198373569e+00
32 13 -1.000296542929113e+00 -1.923652094129560e-03 -8.749365519980270e-04 -1.007614576681442e+00
32 14 -1.000296991121284e+00 -1.924371089866079e-03 -8.750735302450049e-04 -1.007611457584755e+00
32 15 -1.000297381647372e+00 -1.924915241488184e-03 -8.753315076319312e-04 -1.007608869326832e+00
32 16 -1.000297710584203e+00 -1.925280866436822e-03 -8.756985939754242e-04 -1.007606834952802e+00
32 17 -1.000297974392266e+00 -1.925466083989979e-03 -8.761619527990103e-04 -1.007605372244413e+00
32 18 -1.000298169942530e+00 -1.925470763248729e-03 -8.767080934105174e-04 -1.007604493736312e+00
32 19 -1.000298294558657e+00 -1.925296435391634e-03 -8.773232561989306e-04 -1.007604206768757e+00
32 20 -1.000298346076482e+00 -1.924946174381252e-03 -8.779939029736329e-04 -1.007604513556760e+00
32 21 -1.000298322915408e+00 -1.924424455731696e-03 -8.787072762216864e-04 -1.007605411270149e+00
32 22 -1.000298224153073e+00 -1.923737012647702e-03 -8.794519501033999e-04 -1.007606892112547e+00
32 23 -1.000298049595873e+00 -1.922890715561547e-03 -8.802182812372131e-04 -1.007608943372753e+00
32 24 -1.000297799840711e+00 -1.921893496568832e-03 -8.809986880224336e-04 -1.007611547423247e+00
32 25 -1.000297476324747e+00 -1.920754322884209e-03 -8.817877354853236e-04 -1.007614681669620e+00
32 26 -1.000297081358897e+00 -1.919483200470375e-03 -8.825820558841410e-04 -1.007618318500491e+00
32 27 -1.000296618138910e+00 -1.918091171966245e-03 -8.833801690141867e-04 -1.007622425324694e+00
32 28 -1.000296090727364e+00 -1.916590271381439e-03 -8.841822672731746e-04 -1.007626964786340e+00
32 29 -1.000295504002840e+00 -1.914993414704295e-03 -8.849900023604144e-04 -1.007631895206272e+00
32 30 -1.000294863579183e+00 -1.913314234845134e-03 -8.858062682134374e-04 -1.007637171220530e+00
32 31 -1.000294175705672e+00 -1.911566897677644e-03 -8.866349382625901e-04 -1.007642744507261e+00
32 32 -1.000293447163830e+00 -1.909765948343570e-03 -8.874805019090706e-04 -1.007648564456342e+00
32 33 -1.000292685175026e+00 -1.907926226117611e-03 -8.883475636883429e-04 -1.007654578663773e+00
32 34 -1.000291897325566e+00 -1.906062856998568e-03 -8.892402127474611e-04 -1.007660733213142e+00
32 35 -1.000291091506185e+00 -1.904191299601237e-03 -8.901613211197772e-04 -1.007666972800727e+00
32 36 -1.000290275855543e+00 -1.902327396848622e-03 -8.911118647067022e-04 -1.007673240827101e+00
32 37 -1.000289458695578e+00 -1.900487383461466e-03 -8.920903662271667e-04 -1.007679479587525e+00
32 38 -1.000288648451157e+00 -1.898687818786873e-03 -8.930925324308759e-04 -1.007685630640400e+00
32 39 -1.000287853555078e+00 -1.896945447247999e-03 -8.941111083408735e-04 -1.007691635342523e+00
32 40 -1.000287082347347e+00 -1.895277018155286e-03 -8.951359184217558e-04 -1.007697435459927e+00
32 41 -1.000286342980064e+00 -1.893699107373050e-03 -8.961540314427653e-04 -1.007702973738202e+00
32 42 -1.000285643334869e+00 -1.892227970466449e-03 -8.971499885146063e-04 -1.007708194358530e+00
32 43 -1.000284990951571e+00 -1.890879428486658e-03 -8.981060704469015e-04 -1.007713043289061e+00
32 44 -1.000284392959181e+00 -1.889668758655076e-03 -8.990026302274798e-04 -1.007717468621481e+00
32 45 -1.000283855997843e+00 -1.888610546991604e-03 -8.998185506803897e-04 -1.007721421021066e+00
32 46 -1.000283386123306e+00 -1.887718465733060e-03 -9.005318862232152e-04 -1.007724854396015e+00
32 47 -1.000282988693398e+00 -1.887004963002059e-03 -9.011207087959532e-04 -1.007727726816553e+00
32 48 -1.000282668244511e+00 -1.886480884321399e-03 -9.015641167453734e-04 -1.007730001620087e+00
32 49 -1.000282428371490e+00 -1.886155070207543e-03 -9.018433079269817e-04 -1.007731648570470e+00
32 50 -1.000282271624137e+00 -1.886033981192934e-03 -9.019425904528491e-04 -1.007732644924227e+00
32 51 -1.000282199429642e+00 -1.886121391819833e-03 -9.018502187570207e-04 -1.007732976288122e+00
32 52 -1.000282212046222e+00 -1.886418177525366e-03 -9.015589899737388e-04 -1.007732637201081e+00
32 53 -1.000282308551583e+00 -1.886922203239369e-03 -9.010665908970600e-04 -1.007731631411231e+00
32 54 -1.000282486870222e+00 -1.887628315301347e-03 -9.003757238893791e-04 -1.007729971835567e+00
32 55 -1.000282743843618e+00 -1.888528437420215e-03 -8.994940503980799e-04 -1.007727680193870e+00
32 56 -1.000283075344549e+00 -1.889611770423267e-03 -8.984339795066952e-04 -1.007724786318937e+00
32 57 -1.000283476430049e+00 -1.890865088063314e-03 -8.972123112000246e-04 -1.007721327178443e+00
32 58 -1.000283941518295e+00 -1.892273106371356e-03 -8.958497335630516e-04 -1.007717345698229e+00
32 59 -1.000284464567416e+00 -1.893818888698964e-03 -8.943701767415086e-04 -1.007712889527123e+00
32 60 -1.000285039233656e+00 -1.895484242585791e-03 -8.928000424329079e-04 -1.007708009895339e+00
32 61 -1.000285658994167e+00 -1.897250073466274e-03 -8.911673476188781e-04 -1.007702760675806e+00
32 62 -1.000286317232829e+00 -1.899096681011339e-03 -8.895008354025624e-04 -1.007697197675844e+00
32 63 -1.000287007299607e+00 -1.901004006873923e-03 -8.878291088939298e-04 -1.007691378103241e+00
33 0 -1.000287226193899e+00 -1.903319521288252e-03 -8.822248579372462e-04 -1.007686090321228e+00
33 1 -1.000287958635699e+00 -1.905278676660420e-03 -8.806515223689574e-04 -1.007679943114840e+00
33 2 -1.000288704705261e+00 -1.907242389345645e-03 -8.791466962450598e-04 -1.007673702308557e+00
33 3 -1.000289458134294e+00 -1.909191417634810e-03 -8.777313413249714e-04 -1.007667425962913e+00
33 4 -1.000290212853032e+00 -1.911107159848462e-03 -8.764235849845269e-04 -1.007661171221284e+00
33 5 -1.000290962998325e+00 -1.912971779863674e-03 -8.752385437133704e-04 -1.007654993992148e+00
33 6 -1.000291702887284e+00 -1.914768274943050e-03 -8.741882303061008e-04 -1.007648948810495e+00
33 7 -1.000292426964477e+00 -1.916480500026253e-03 -8.732815247316816e-04 -1.007643088831446e+00
33 8 -1.000293129742604e+00 -1.918093181445294e-03 -8.725241993475466e-04 -1.007637465837436e+00
33 9 -1.000293805761377e+00 -1.919591958982041e-03 -8.719190008975931e-04 -1.007632130114748e+00
33 10 -1.000294449583337e+00 -1.920963482114903e-03 -8.714657998961744e-04 -1.007627130099881e+00
33 11 -1.000295055830987e+00 -1.922195560323031e-03 -8.711618157266982e-04 -1.007622511792441e+00
33 12 -1.000295619254320e+00 -1.923277343544672e-03 -8.710019099482701e-04 -1.007618318025478e+00
33 13 -1.000296134809071e+00 -1.924199498936200e-03 -8.709789187762216e-04 -1.007614587730055e+00
33 14 -1.000296597726497e+00 -1.924954354533983e-03 -8.710839840923256e-04 -1.007611355318442e+00
33 15 -1.000297003563483e+00 -1.925535992774059e-03 -8.713068512436379e-04 -1.007608650258369e+00
33 16 -1.000297348233185e+00 -1.925940290415812e-03 -8.716361284180985e-04 -1.007606496845124e+00
33 17 -1.000297628026472e+00 -1.926164911274137e-03 -8.720595334083650e-04 -1.007604914124219e+00
33 18 -1.000297839638680e+00 -1.926209260968138e-03 -8.725641740326246e-04 -1.007603915896478e+00
33 19 -1.000297980212732e+00 -1.926074409678686e-03 -8.731369070585933e-04 -1.007603510753399e+00
33 20 -1.000298047401390e+00 -1.925762986137929e-03 -8.737647935694643e-04 -1.007603702122383e+00
33 21 -1.000298039443274e+00 -1.925279049941369e-03 -8.744356245939888e-04 -1.007604488319480e+00
33 22 -1.000297955243337e+00 -1.924627958586712e-03 -8.751384490815260e-04 -1.007605862602606e+00
33 23 -1.000297794448811e+00 -1.923816252453153e-03 -8.758640181167446e-04 -1.007607813205718e+00
33 24 -1.000297557514344e+00 -1.922851577945474e-03 -8.766050744391225e-04 -1.007610323334274e+00
33 25 -1.000297245752556e+00 -1.921742655006000e-03 -8.773564577861608e-04 -1.007613371123197e+00
33 26 -1.000296861366784e+00 -1.920499274873316e-03 -8.781150454201193e-04 -1.007616929596292e+00
33 27 -1.000296407461477e+00 -1.919132296080119e-03 -8.788795825267018e-04 -1.007620966704494e+00
33 28 -1.000295888024372e+00 -1.917653601466238e-03 -8.796504648786854e-04 -1.007625445533345e+00
33 29 -1.000295307876517e+00 -1.916075992588064e-03 -8.804295146536993e-04 -1.007630324735833e+00
33 30 -1.000294672592233e+00 -1.914413026128586e-03 -8.812197515043478e-04 -1.007635559170609e+00
33 31 -1.000293988398783e+00 -1.912678825733049e-03 -8.820251247736889e-04 -1.007641100644557e+00
33 32 -1.000293262070655e+00 -1.910887917105069e-03 -8.828501571596245e-04 -1.007646898616082e+00
33 33 -1.000292500832950e+00 -1.909055127123854e-03 -8.836994632691537e-04 -1.007652900733323e+00
33 34 -1.000291712282158e+00 -1.907195562207681e-03 -8.845771439825122e-04 -1.007659053152121e+00
33 35 -1.000290904323197e+00 -1.905324647691383e-03 -8.854861047343258e-04 -1.007665300673533e+00
33 36 -1.000290085113167e+00 -1.903458183221265e-03 -8.864273833006275e-04 -1.007671586818545e+00
33 37 -1.000289262999301e+00 -1.901612362332249e-03 -8.873995840539237e-04 -1.007677853979607e+00
33 38 -1.000288446442495e+00 -1.899803721436289e-03 -8.883984950155485e-04 -1.007684043741458e+00
33 39 -1.000287643926075e+00 -1.898049015193765e-03 -8.894169190398955e-04 -1.007690097374496e+00
33 40 -1.000286863857070e+00 -1.896365044773182e-03 -8.904446992759452e-04 -1.007695956423054e+00
33 41 -1.000286114470288e+00 -1.894768478758927e-03 -8.914688832505118e-04 -1.007701563278898e+00
33 42 -1.000285403742696e+00 -1.893275698517608e-03 -8.924739655317148e-04 -1.007706861658416e+00
33 43 -1.000284739318558e+00 -1.891902675112143e-03 -8.934421776952099e-04 -1.007711796975318e+00
33 44 -1.000284128438025e+00 -1.890664855218938e-03 -8.943538401706980e-04 -1.007716316684939e+00
33 45 -1.000283577857885e+00 -1.889577014523756e-03 -8.951878267513014e-04 -1.007720370727407e+00
33 46 -1.000283093755788e+00 -1.888653040060386e-03 -8.959221969677460e-04 -1.007723912182402e+00
33 47 -1.000282681617259e+00 -1.887905626801070e-03 -8.965350191419847e-04 -1.007726898172767e+00
33 48 -1.000282346113259e+00 -1.887345905412759e-03 -8.970053511600681e-04 -1.007729290959487e+00
33 49 -1.000282090980760e+00 -1.886983042197550e-03 -8.973142908319778e-04 -1.007731059103478e+00
33 50 -1.000281918918657e+00 -1.886823860719150e-03 -8.974459771034235e-04 -1.007732178550810e+00
33 51 -1.000281831508362e+00 -1.886872527967572e-03 -8.973884309182522e-04 -1.007732633520668e+00
33 52 -1.000281829164910e+00 -1.887130332056140e-03 -8.971341655592681e-04 -1.007732417119632e+00
33 53 -1.000281911122268e+00 -1.887595561978237e-03 -8.966805491662595e-04 -1.007731531649299e+00
33 54 -1.000282075456402e+00 -1.888263490577532e-03 -8.960299415938112e-04 -1.007729988598471e+00
33 55 -1.000282319150384e+00 -1.889126460872940e-03 -8.951896412749372e-04 -1.007727808314367e+00
33 56 -1.000282638204086e+00 -1.890174076284651e-03 -8.941716702916152e-04 -1.007725019351065e+00
33 57 -1.000283027784429e+00 -1.891393488608570e-03 -8.929924113245512e-04 -1.007721657522847e+00
33 58 -1.000283482402271e+00 -1.892769762613193e-03 -8.916721007547747e-04 -1.007717764745686e+00
33 59 -1.000283996093865e+00 -1.894286280320214e-03 -8.902341842510520e-04 -1.007713387803274e+00
33 60 -1.000284562583487e+00 -1.895925140833901e-03 -8.887045546734548e-04 -1.007708577190763e+00
33 61 -1.000285175410633e+00 -1.897667518222988e-03 -8.871107102682265e-04 -1.007703386154742e+00
33 62 -1.000285828017923e+00 -1.899493959371866e-03 -8.854808835864529e-04 -1.007697869971396e+00
33 63 -1.000286513809060e+00 -1.901384628335790e-03 -8.838431925558865e-04 -1.007692085416360e+00
34 0 -1.000286669819231e+00 -1.903592817426447e-03 -8.786948702836251e-04 -1.007687001897250e+00
34 1 -1.000287399939142e+00 -1.905540867971761e-03 -8.771484668950475e-04 -1.007680871788129e+00
34 2 -1.000288145139580e+00 -1.907497409956877e-03 -8.756667374490347e-04 -1.007674635708456e+00
34 3 -1.000288899156164e+00 -1.909443270586956e-03 -8.742703117974889e-04 -1.007668351817896e+00
34 4 -1.000289655910674e+00 -1.911359873344206e-03 -8.729770227045524e-04 -1.007662077490207e+00
34 5 -1.000290409524084e+00 -1.913229370738045e-03 -8.718017333253293e-04 -1.007655868960384e+00
34 6 -1.000291154294324e+00 -1.915034718193780e-03 -8.707562568615689e-04 -1.007649781153414e+00
34 7 -1.000291884644679e+00 -1.916759700340449e-03 -8.698493450523072e-04 -1.007643867659990e+00
34 8 -1.000292595062025e+00 -1.918388941937120e-03 -8.690867297226217e-04 -1.007638180745576e+00
34 9 -1.000293280050252e+00 -1.919907943130406e-03 -8.684712138409257e-04 -1.007632771247509e+00
34 10 -1.000293934119388e+00 -1.921303167259539e-03 -8.680028193860080e-04 -1.007627688252676e+00
34 11 -1.000294551817353e+00 -1.922562185240673e-03 -8.676790006017052e-04 -1.007622978537067e+00
34 12 -1.000295127795808e+00 -1.923673856480341e-03 -8.674949193649902e-04 -1.007618685842369e+00
34 13 -1.000295656891026e+00 -1.924628512669473e-03 -8.674437609921803e-04 -1.007614850122465e+00
34 14 -1.000296134198837e+00 -1.925418111254386e-03 -8.675170568296773e-04 -1.007611506895232e+00
34 15 -1.000296555129709e+00 -1.926036337361542e-03 -8.677049838963409e-04 -1.007608686787105e+00
34 16 -1.000296915442438e+00 -1.926478649577113e-03 -8.679966315608470e-04 -1.007606415284219e+00
34 17 -1.000297211266618e+00 -1.926742277523739e-03 -8.683802522827919e-04 -1.007604712641474e+00
34 18 -1.000297439129254e+00 -1.926826182331553e-03 -8.688435350566614e-04 -1.007603593877467e+00
34 19 -1.000297595997887e+00 -1.926730987250260e-03 -8.693739436502948e-04 -1.007603068799195e+00
34 20 -1.000297679344335e+00 -1.926458882313821e-03 -8.699591406559173e-04 -1.007603142031068e+00
34 21 -1.000297687224581e+00 -1.926013509362344e-03 -8.705874790430103e-04 -1.007603813043617e+00
34 22 -1.000297618364870e+00 -1.925399840612485e-03 -8.712485033435226e-04 -1.007605076180465e+00
34 23 -1.000297472243210e+00 -1.924624069954026e-03 -8.719333824341212e-04 -1.007606920674675e+00
34 24 -1.000297249158209e+00 -1.923693535722098e-03 -8.726352048711321e-04 -1.007609330640337e+00
34 25 -1.000296950281113e+00 -1.922616683565943e-03 -8.733491017365761e-04 -1.007612285035940e+00
34 26 -1.000296577688695e+00 -1.921403059494988e-03 -8.740722063911484e-04 -1.007615757629060e+00
34 27 -1.000296134373548e+00 -1.920063304242395e-03 -8.748034967387378e-04 -1.007619717033291e+00
34 28 -1.000295624226764e+00 -1.918609112639664e-03 -8.755435782021059e-04 -1.007624126906633e+00
34 29 -1.000295051989270e+00 -1.917053132944577e-03 -8.762944500689258e-04 -1.007628946371230e+00
34 30 -1.000294423173329e+00 -1.915408807051555e-03 -8.770592637749368e-04 -1.007634130643456e+00
34 31 -1.000293743962726e+00 -1.913690180578037e-03 -8.778420474631028e-04 -1.007639631784361e+00
34 32 -1.000293021105501e+00 -1.911911728601393e-03 -8.786473537606863e-04 -1.007645399431358e+00
34 33 -1.000292261813896e+00 -1.910088240230659e-03 -8.794797953814244e-04 -1.007651381377077e+00
34 34 -1.000291473681224e+00 -1.908234782854229e-03 -8.803434639547703e-04 -1.007657523923577e+00
34 35 -1.000290664616172e+00 -1.906366733344819e-03 -8.812412705729630e-04 -1.007663772036795e+00
34 36 -1.000289842786121e+00 -1.904499834367525e-03 -8.821742847878218e-04 -1.007670069411950e+00
34 37 -1.000289016557129e+00 -1.902650224039641e-03 -8.831411649458695e-04 -1.007676358591120e+00
34 38 -1.000288194421212e+00 -1.900834400893515e-03 -8.841377583191715e-04 -1.007682581235839e+00
34 39 -1.000287384908826e+00 -1.899069115000321e-03 -8.851569098002113e-04 -1.007688678575723e+00
34 40 -1.000286596492010e+00 -1.897371205559820e-03 -8.861884694465859e-04 -1.007694591972532e+00
34 41 -1.000285837487670e+00 -1.895757422131325e-03 -8.872194518990314e-04 -1.007700263495163e+00
34 42 -1.000285115969197e+00 -1.894244263556814e-03 -8.882342902815341e-04 -1.007705636415001e+00
34 43 -1.000284439688247e+00 -1.892847846457286e-03 -8.892151478854526e-04 -1.007710655598781e+00
34 44 -1.000283816000412e+00 -1.891583785086924e-03 -8.901422913732227e-04 -1.007715267864471e+00
34 45 -1.000283251784082e+00 -1.890467043517511e-03 -8.909945658648562e-04 -1.007719422423231e+00
34 46 -1.000282753344084e+00 -1.889511721961248e-03 -8.917500220542213e-04 -1.007723071521310e+00
34 47 -1.000282326299153e+00 -1.888730760444609e-03 -8.923867198849485e-04 -1.007726171326109e+00
34 48 -1.000281975460212e+00 -1.888135572870128e-03 -8.928836828042306e-04 -1.007728683010290e+00
34 49 -1.000281704711057e+00 -1.887735649113517e-03 -8.932219239167283e-04 -1.007730573917915e+00
34 50 -1.000281516903588e+00 -1.887538173842932e-03 -8.933854336730935e-04 -1.007731818668784e+00
34 51 -1.000281413777154e+00 -1.887547706327896e-03 -8.933620214040526e-04 -1.007732400073323e+00
34 52 -1.000281395907806e+00 -1.887765949972506e-03 -8.931439374122782e-04 -1.007732309776202e+00
34 53 -1.000281462690702e+00 -1.888191623077341e-03 -8.927282507842785e-04 -1.007731548595185e+00
34 54 -1.000281612359011e+00 -1.888820432443809e-03 -8.921169978943802e-04 -1.007730126547346e+00
34 55 -1.000281842044150e+00 -1.889645150246874e-03 -8.913171338131528e-04 -1.007728062556651e+00
34 56 -1.000282147880864e+00 -1.890655794953039e-03 -8.903403151390576e-04 -1.007725383839292e+00
34 57 -1.000282525154208e+00 -1.891839910863521e-03 -8.892025304969292e-04 -1.007722124990717e+00
34 58 -1.000282968475469e+00 -1.893182926832897e-03 -8.879235869770333e-04 -1.007718326850726e+00
34 59 -1.000283471965540e+00 -1.894668558844258e-03 -8.865264636381081e-04 -1.007714035275856e+00
34 60 -1.000284029421704e+00 -1.896279212021229e-03 -8.850365555100552e-04 -1.007709299971905e+00
34 61 -1.000284634449285e+00 -1.897996341993573e-03 -8.834808461258259e-04 -1.007704173514504e+00
34 62 -1.000285280552052e+00 -1.899800754332765e-03 -8.818870553529682e-04 -1.007698710612848e+00
34 63 -1.000285961189596e+00 -1.901672846652972e-03 -8.802828089667426e-04 -1.007692967578841e+00
35 0 -1.000286057967911e+00 -1.903769753614569e-03 -8.756235997953420e-04 -1.007688085019938e+00
35 1 -1.000286784924257e+00 -1.905704845474371e-03 -8.741032467667071e-04 -1.007681978267301e+00
35 2 -1.000287528408788e+00 -1.907652306093932e-03 -8.726438034530627e-04 -1.007675753219789e+00
35 3 -1.000288282163580e+00 -1.909593041884446e-03 -8.712655746275467e-04 -1.007669468105509e+00
35 4 -1.000289040104441e+00 -1.911508512084300e-03 -8.699861068567464e-04 -1.007663180497831e+00
35 5 -1.000289796339003e+00 -1.913380868579748e-03 -8.688200182606105e-04 -1.007656946927974e+00
35 6 -1.000290545149042e+00 -1.915193036342726e-03 -8.677789287080115e-04 -1.007650822679724e+00
35 7 -1.000291280941172e+00 -1.916928743563496e-03 -8.668714637156248e-04 -1.007644861741297e+00
35 8 -1.000291998183825e+00 -1.918572531564350e-03 -8.661033116508833e-04 -1.007639116809965e+00
35 9 -1.000292691355519e+00 -1.920109783208716e-03 -8.654773260620189e-04 -1.007633639208790e+00
35 10 -1.000293354926610e+00 -1.921526800834674e-03 -8.649936753846834e-04 -1.007628478599475e+00
35 11 -1.000293983384717e+00 -1.922810943609817e-03 -8.646500457004352e-04 -1.007623682452343e+00
35 12 -1.000294571298064e+00 -1.923950808395196e-03 -8.644418967413065e-04 -1.007619295331842e+00
35 13 -1.000295113397986e+00 -1.924936419652638e-03 -8.643627586686849e-04 -1.007615358129371e+00
35 14 -1.000295604658056e+00 -1.925759391429642e-03 -8.644045443234877e-04 -1.007611907389210e+00
35 15 -1.000296040353814e+00 -1.926413037312106e-03 -8.645578490582995e-04 -1.007608974825298e+00
35 16 -1.000296416099984e+00 -1.926892422727606e-03 -8.648122238547876e-04 -1.007606587048879e+00
35 17 -1.000296727874406e+00 -1.927194367364751e-03 -8.651564319437845e-04 -1.007604765462413e+00
35 18 -1.000296972044161e+00 -1.927317409581000e-03 -8.655787205925139e-04 -1.007603526248068e+00
35 19 -1.000297145407758e+00 -1.927261742359788e-03 -8.660671448543208e-04 -1.007602880387892e+00
35 20 -1.000297245259550e+00 -1.927029126934137e-03 -8.666099640148396e-04 -1.007602833680877e+00
35 21 -1.000297269472875e+00 -1.926622789677026e-03 -8.671960993259652e-04 -1.007603386750169e+00
35 22 -1.000297216591256e+00 -1.926047311743458e-03 -8.678156062783800e-04 -1.007604535046472e+00
35 23 -1.000297085915193e+00 -1.925308526989343e-03 -8.684600922561684e-04 -1.007606268847762e+00
35 24 -1.000296877575170e+00 -1.924413445865877e-03 -8.691230129167033e-04 -1.007608573244215e+00
35 25 -1.000296592586113e+00 -1.923370215384508e-03 -8.697998084049958e-04 -1.007611428102394e+00
35 26 -1.000296232881127e+00 -1.922188108109571e-03 -8.704878810557718e-04 -1.007614808032967e+00
35 27 -1.000295801322019e+00 -1.920877514720799e-03 -8.711864512228847e-04 -1.007618682426100e+00
35 28 -1.000295301682804e+00 -1.919449906174431e-03 -8.718963428941275e-04 -1.007623015638414e+00
35 29 -1.000294738602977e+00 -1.917917739478552e-03 -8.726197413718788e-04 -1.007627767393741e+00
35 30 -1.000294117511326e+00 -1.916294303664644e-03 -8.733599378585326e-04 -1.007632893398195e+00
35 31 -1.000293444527431e+00 -1.914593530185608e-03 -8.741210443282445e-04 -1.007638346092068e+00
35 32 -1.000292726353803e+00 -1.912829811658753e-03 -8.749076424409090e-04 -1.007644075403174e+00
35 33 -1.000291970173344e+00 -1.911017873891524e-03 -8.757243329505431e-04 -1.007650029360843e+00
35 34 -1.000291183562708e+00 -1.909172726168089e-03 -8.765751774724739e-04 -1.007656154486162e+00
35 35 -1.000290374423600e+00 -1.907309682338020e-03 -8.774630631522188e-04 -1.007662395968972e+00
35 36 -1.000289550925120e+00 -1.905444415572783e-03 -8.783890575008658e-04 -1.007668697730420e+00
35 37 -1.000288721445427e+00 -1.903592996488192e-03 -8.793518399455095e-04 -1.007675002510020e+00
35 38 -1.000287894502372e+00 -1.901771873136080e-03 -8.803472888570907e-04 -1.007681252091712e+00
35 39 -1.000287078669263e+00 -1.899997777323528e-03 -8.813682694862457e-04 -1.007687387709164e+00
35 40 -1.000286282479773e+00 -1.898287572157277e-03 -8.824046228045529e-04 -1.007693350584176e+00
35 41 -1.000285514330962e+00 -1.896658075726454e-03 -8.834433171043943e-04 -1.007699082497500e+00
35 42 -1.000284782392667e+00 -1.895125895551565e-03 -8.844687092703922e-04 -1.007704526297394e+00
35 43 -1.000284094525702e+00 -1.893707288587653e-03 -8.854628760803064e-04 -1.007709626314107e+00
35 44 -1.000283458203968e+00 -1.892418033405751e-03 -8.864060096344475e-04 -1.007714328732910e+00
35 45 -1.000282880431179e+00 -1.891273280073011e-03 -8.872769060466976e-04 -1.007718582037485e+00
35 46 -1.000282367644024e+00 -1.890287340427080e-03 -8.880535910040169e-04 -1.007722337637337e+00
35 47 -1.000281925599847e+00 -1.889473398564463e-03 -8.887141073814802e-04 -1.007725550735882e+00
35 48 -1.000281559254776e+00 -1.888843150220417e-03 -8.892374449257483e-04 -1.007728181406788e+00
35 49 -1.000281272643879e+00 -1.888406406611329e-03 -8.896045417369809e-04 -1.007730195766639e+00
35 50 -1.000281068775841e+00 -1.888170711414439e-03 -8.897992555408472e-04 -1.007731567096302e+00
35 51 -1.000280949551498e+00 -1.888141015420058e-03 -8.898092022008826e-04 -1.007732276779947e+00
35 52 -1.000280915711393e+00 -1.888319438041563e-03 -8.896263870941742e-04 -1.007732314978698e+00
35 53 -1.000280966815333e+00 -1.888705128624370e-03 -8.892475978219026e-04 -1.007731681002785e+00
35 54 -1.000281101257612e+00 -1.889294230760415e-03 -8.886745655880243e-04 -1.007730383371010e+00
35 55 -1.000281316322927e+00 -1.890079950241460e-03 -8.879139229932011e-04 -1.007728439551737e+00
35 56 -1.000281608286869e+00 -1.891052726831209e-03 -8.869769858288448e-04 -1.007725875384015e+00
35 57 -1.000281972559058e+00 -1.892200505105296e-03 -8.858793765577661e-04 -1.007722724200014e+00
35 58 -1.000282403857500e+00 -1.893509087026203e-03 -8.846405016744325e-04 -1.007719025716052e+00
35 59 -1.000282896393424e+00 -1.894962532365295e-03 -8.832829000404539e-04 -1.007714824813986e+00
35 60 -1.000283444041738e+00 -1.896543561958264e-03 -8.818314904028225e-04 -1.007710170366468e+00
35 61 -1.000284040476873e+00 -1.898233921865999e-03 -8.803127563886617e-04 -1.007705114241174e+00
35 62 -1.000284679266100e+00 -1.900014684922966e-03 -8.787539122953803e-04 -1.007699710548744e+00
35 63 -1.000285353927244e+00 -1.901866491740604e-03 -8.771820922587881e-04 -1.007694015106549e+00
36 0 -1.000285395550937e+00 -1.903849103351105e-03 -8.730394473506945e-04 -1.007689329542982e+00
36 1 -1.000286118535295e+00 -1.905769530352228e-03 -8.715439184727300e-04 -1.007683252177182e+00
36 2 -1.000286859481274e+00 -1.907706112345835e-03 -8.701056343196156e-04 -1.007677044341917e+00
36 3 -1.000287612140531e+00 -1.909639845683981e-03 -8.687445849413525e-04 -1.007670764297183e+00
36 4 -1.000288370425356e+00 -1.911552235352058e-03 -8.674780438003072e-04 -1.007664469782713e+00
36 5 -1.000289128431944e+00 -1.913425442130577e-03 -8.663203971813913e-04 -1.007658217595884e+00
36 6 -1.000289880428303e+00 -1.915242371724746e-03 -8.652830808218034e-04 -1.007652063346161e+00
36 7 -1.000290620808553e+00 -1.916986710807121e-03 -8.643745967330714e-04 -1.007646061376317e+00
36 8 -1.000291344029407e+00 -1.918642936373352e-03 -8.636005867319948e-04 -1.007640264760279e+00
36 9 -1.000292044553512e+00 -1.920196336962961e-03 -8.629639484047500e-04 -1.007634725239655e+00
36 10 -1.000292716823838e+00 -1.921633080798334e-03 -8.624649886461496e-04 -1.007629492970887e+00
36 11 -1.000293355282414e+00 -1.922940345873450e-03 -8.621016171689290e-04 -1.007624616026142e+00
36 12 -1.000293954429959e+00 -1.924106498939868e-03 -8.618695839283311e-04 -1.007620139693966e+00
36 13 -1.000294508908406e+00 -1.925121288989548e-03 -8.617627564199942e-04 -1.007616105707819e+00
36 14 -1.000295013583185e+00 -1.925976016710612e-03 -8.617734190901347e-04 -1.007612551551037e+00
36 15 -1.000295463607611e+00 -1.926663653178322e-03 -8.618925701178959e-04 -1.007609509944444e+00
36 16 -1.000295854463962e+00 -1.927178899085504e-03 -8.621101998403805e-04 -1.007607008548923e+00
36 17 -1.000296181988787e+00 -1.927518190810205e-03 -8.624155556934079e-04 -1.007605069846826e+00
36 18 -1.000296442398133e+00 -1.927679666976300e-03 -8.627974171569537e-04 -1.007603711127945e+00
36 19 -1.000296632328422e+00 -1.927663108555457e-03 -8.632444100291744e-04 -1.007602944506944e+00
36 20 -1.000296748901066e+00 -1.927469860375893e-03 -8.637453791323085e-04 -1.007602776930207e+00
36 21 -1.000296789808016e+00 -1.927102738308556e-03 -8.642898142132421e-04 -1.007603210166127e+00
36 22 -1.000296753407213e+00 -1.926565928875509e-03 -8.648682925996023e-04 -1.007604240789447e+00
36 23 -1.000296638814590e+00 -1.925864894457875e-03 -8.654728781393273e-04 -1.007605860163863e+00
36 24 -1.000296445981954e+00 -1.925006300240267e-03 -8.660974135906894e-04 -1.007608054415688e+00
36 25 -1.000296175754720e+00 -1.923997972737537e-03 -8.667376661369115e-04 -1.007610804395233e+00
36 26 -1.000295829907024e+00 -1.922848885101448e-03 -8.673913214811921e-04 -1.007614085646930e+00
36 27 -1.000295411152782e+00 -1.921569147973198e-03 -8.680578539624483e-04 -1.007617868442620e+00
36 28 -1.000294923130409e+00 -1.920169974945785e-03 -8.687383164747996e-04 -1.007622117954404e+00
36 29 -1.000294370358521e+00 -1.918663595731113e-03 -8.694350906945613e-04 -1.007626794632272e+00
36 30 -1.000293758162625e+00 -1.917063109441890e-03 -8.701516177234913e-04 -1.007631854798785e+00
36 31 -1.000293092578731e+00 -1.915382297790007e-03 -8.708921011560275e-04 -1.007637251394889e+00
36 32 -1.000292380245835e+00 -1.913635439650385e-03 -8.716611535961957e-04 -1.007642934746806e+00
36 33 -1.000291628301633e+00 -1.911837172249793e-03 -8.724633563005735e-04 -1.007648853210640e+00
36 34 -1.000290844292707e+00 -1.910002427469605e-03 -8.733027220291590e-04 -1.007654953599285e+00
36 35 -1.000290036102853e+00 -1.908146441738404e-03 -8.741820848979258e-04 -1.007661181385089e+00
36 36 -1.000289211894271e+00 -1.906284807702739e-03 -8.751024749335131e-04 -1.007667480763083e+00
36 37 -1.000288380050378e+00 -1.904433518711685e-03 -8.760625561158856e-04 -1.007673794712401e+00
36 38 -1.000287549109038e+00 -1.902608961579269e-03 -8.770582050188685e-04 -1.007680065181611e+00
36 39 -1.000286727681164e+00 -1.900827837159964e-03 -8.780822806828332e-04 -1.007686233453001e+00
36 40 -1.000285924357661e+00 -1.899107019036573e-03 -8.791245949142355e-04 -1.007692240651405e+00
36 41 -1.000285147612705e+00 -1.897463381734509e-03 -8.801720539395805e-04 -1.007698028304827e+00
36 42 -1.000284405711072e+00 -1.895913631846156e-03 -8.812089235602554e-04 -1.007703538864080e+00
36 43 -1.000283706622595e+00 -1.894474159517352e-03 -8.822171769720244e-04 -1.007708716140732e+00
36 44 -1.000283057940678e+00 -1.893160902690427e-03 -8.831769116761943e-04 -1.007713505698782e+00
36 45 -1.000282466796938e+00 -1.891989194384391e-03 -8.840668540472384e-04 -1.007717855299452e+00
36 46 -1.000281939763663e+00 -1.890973556050762e-03 -8.848649872191938e-04 -1.007721715515454e+00
36 47 -1.000281482741057e+00 -1.890127413695187e-03 -8.855493259198740e-04 -1.007725040584056e+00
36 48 -1.000281100834712e+00 -1.889462742194149e-03 -8.860988230868035e-04 -1.007727789476633e+00
36 49 -1.000280798235101e+00 -1.888989671529693e-03 -8.864943464732823e-04 -1.007729927075754e+00
36 50 -1.000280578111580e+00 -1.888716102511430e-03 -8.867196318436282e-04 -1.007731425312294e+00
36 51 -1.000280442529801e+00 -1.888647376064961e-03 -8.867621156553651e-04 -1.007732264130835e+00
36 52 -1.000280392397393e+00 -1.888786026333443e-03 -8.866135730246846e-04 -1.007732432196271e+00
36 53 -1.000280427441103e+00 -1.889131632674735e-03 -8.862705246046901e-04 -1.007731927299079e+00
36 54 -1.000280546219014e+00 -1.889680775045261e-03 -8.857344125117786e-04 -1.007730756445662e+00
36 55 -1.000280746172546e+00 -1.890427093110702e-03 -8.850115668534519e-04 -1.007728935631298e+00
36 56 -1.000281023722298e+00 -1.891361448923217e-03 -8.841129875722820e-04 -1.007726489296785e+00
36 57 -1.000281374407146e+00 -1.892472189392435e-03 -8.830539605174382e-04 -1.007723449485665e+00
36 58 -1.000281793056751e+00 -1.893745492869841e-03 -8.818535245023696e-04 -1.007719854761107e+00
36 59 -1.000282273977313e+00 -1.895165766968629e-03 -8.805338121668309e-04 -1.007715748998523e+00
36 60 -1.000282811125199e+00 -1.896716052588333e-03 -8.791192971630118e-04 -1.007711180206729e+00
36 61 -1.000283398246892e+00 -1.898378391083135e-03 -8.776359876007485e-04 -1.007706199516841e+00
36 62 -1.000284028975674e+00 -1.900134128436102e-03 -8.761106082922299e-04 -1.007700860413055e+00
36 63 -1.000284696890131e+00 -1.901964155208490e-03 -8.745698114198942e-04 -1.007695218189719e+00
37 0 -1.000284687841762e+00 -1.903830377868532e-03 -8.709652597526451e-04 -1.007690725143456e+00
37 1 -1.000285406074908e+00 -1.905734582345344e-03 -8.694930335392941e-04 -1.007684682959308e+00
37 2 -1.000286143679495e+00 -1.907658603722680e-03 -8.680745125314122e-04 -1.007678498383389e+00
37 3 -1.000286894420419e+00 -1.909583538255195e-03 -8.667293877190780e-04 -1.007672229668210e+00
37 4 -1.000287652209110e+00 -1.911490945863603e-03 -8.654746776756447e-04 -1.007665934684318e+00
37 5 -1.000288411132312e+00 -1.913363005691628e-03 -8.643245537556351e-04 -1.007659670461460e+00
37 6 -1.000289165446631e+00 -1.915182615894600e-03 -8.632902788579833e-04 -1.007653492897098e+00
37 7 -1.000289909537371e+00 -1.916933436640928e-03 -8.623802356007170e-04 -1.007647456643279e+00
37 8 -1.000290637855253e+00 -1.918599899415877e-03 -8.616000167843233e-04 -1.007641615095287e+00
37 9 -1.000291344855662e+00 -1.920167222214080e-03 -8.609525557657292e-04 -1.007636020343552e+00
37 10 -1.000292024966261e+00 -1.921621468840855e-03 -8.604382850406613e-04 -1.007630722951315e+00
37 11 -1.000292672598517e+00 -1.922949670525560e-03 -8.600553233804914e-04 -1.007625771489606e+00
37 12 -1.000293282202029e+00 -1.924139999954771e-03 -8.597996977585409e-04 -1.007621211862793e+00
37 13 -1.000293848345533e+00 -1.925181965957976e-03 -8.596656012399921e-04 -1.007617086541267e+00
37 14 -1.000294365801623e+00 -1.926066590038599e-03 -8.596456762547689e-04 -1.007613433848076e+00
37 15 -1.000294829615556e+00 -1.926786533947757e-03 -8.597313050333061e-04 -1.007610287417917e+00
37 16 -1.000295235149914e+00 -1.927336165048738e-03 -8.599128928960876e-04 -1.007607675877344e+00
37 17 -1.000295578111053e+00 -1.927711564820592e-03 -8.601801435368494e-04 -1.007605622716674e+00
37 18 -1.000295854573442e+00 -1.927910496833014e-03 -8.605223402131796e-04 -1.007604146274101e+00
37 19 -1.000296061019119e+00 -1.927932350157149e-03 -8.609286546434796e-04 -1.007603259750955e+00
37 20 -1.000296194401772e+00 -1.927778067053019e-03 -8.613885008587598e-04 -1.007602971212125e+00
37 21 -1.000296252233711e+00 -1.927450058738842e-03 -8.618919326802905e-04 -1.007603283564233e+00
37 22 -1.000296232685091e+00 -1.926952114711287e-03 -8.624300563292870e-04 -1.007604194522062e+00
37 23 -1.000296134681325e+00 -1.926289316386510e-03 -8.629954068865050e-04 -1.007605696571412e+00
37 24 -1.000295957986363e+00 -1.925467968410110e-03 -8.635822322270628e-04 -1.007607776928676e+00
37 25 -1.000295703264269e+00 -1.924495556722202e-03 -8.641866444016295e-04 -1.007610417497753e+00
37 26 -1.000295372116364e+00 -1.923380731113858e-03 -8.648066279233519e-04 -1.007613594840383e+00
37 27 -1.000294967093469e+00 -1.922133295077158e-03 -8.654419235096153e-04 -1.007617280204824e+00
37 28 -1.000294491682156e+00 -1.920764174604467e-03 -8.660938236229197e-04 -1.007621439683408e+00
37 29 -1.000293950262987e+00 -1.919285338786743e-03 -8.667649173815826e-04 -1.007626034566028e+00
37 30 -1.000293348040468e+00 -1.917709661796805e-03 -8.674588077128169e-04 -1.007631021909797e+00
37 31 -1.000292690949535e+00 -1.916050741648086e-03 -8.681798001938468e-04 -1.007636355270474e+00
37 32 -1.000291985549177e+00 -1.914322713207593e-03 -8.689325431975553e-04 -1.007641985475378e+00
37 33 -1.000291238916988e+00 -1.912540100030633e-03 -8.697215942494547e-04 -1.007647861294877e+00
37 34 -1.000290458556632e+00 -1.910717737285201e-03 -8.705509019206975e-04 -1.007653929904826e+00
37 35 -1.000289652323446e+00 -1.908870770270099e-03 -8.714232208911933e-04 -1.007660137115521e+00
37 36 -1.000288828364231e+00 -1.907014701380876e-03 -8.723395090050136e-04 -1.007666427439764e+00
37 37 -1.000287995060454e+00 -1.905165438129672e-03 -8.732983769600714e-04 -1.007672744135961e+00
37 38 -1.000287160963512e+00 -1.903339296459827e-03 -8.742956639772427e-04 -1.007679029357998e+00
37 39 -1.000286334716152e+00 -1.901552935276869e-03 -8.753241930721016e-04 -1.007685224478136e+00
37 40 -1.000285524961575e+00 -1.899823227084101e-03 -8.763737237043724e-04 -1.007691270563309e+00
37 41 -1.000284740246892e+00 -1.898167091323897e-03 -8.774310822620000e-04 -1.007697108924410e+00
37 42 -1.000283988928390e+00 -1.896601322780907e-03 -8.784804282180399e-04 -1.007702681646604e+00
37 43 -1.000283279082747e+00 -1.895142435819911e-03 -8.795036149789599e-04 -1.007707932048071e+00
37 44 -1.000282618422464e+00 -1.893806521667400e-03 -8.804806263943932e-04 -1.007712805087746e+00
37 45 -1.000282014208205e+00 -1.892609092278289e-03 -8.813900985580180e-04 -1.007717247813927e+00
37 46 -1.000281473149788e+00 -1.891564874802100e-03 -8.822099536146062e-04 -1.007721209971034e+00
37 47 -1.000281001292629e+00 -1.890687532476399e-03 -8.829181650389736e-04 -1.007724644839357e+00
37 48 -1.000280603894761e+00 -1.889989314768828e-03 -8.834936426529522e-04 -1.007727510293846e+00
37 49 -1.000280285305598e+00 -1.889480666875766e-03 -8.839171844193886e-04 -1.007729769982435e+00
37 50 -1.000280048858550e+00 -1.889169843769736e-03 -8.841724105348175e-04 -1.007731394481245e+00
37 51 -1.000279896786623e+00 -1.889062573379479e-03 -8.842465880435663e-04 -1.007732362290548e+00
37 52 -1.000279830166349e+00 -1.889161801391759e-03 -8.841312728775679e-04 -1.007732660575111e+00
37 53 -1.000279848893069e+00 -1.889467534341810e-03 -8.838227300542949e-04 -1.007732285601195e+00
37 54 -1.000279951690468e+00 -1.889976785811312e-03 -8.833221256237950e-04 -1.007731242857881e+00
37 55 -1.000280136158753e+00 -1.890683626282012e-03 -8.826355042502978e-04 -1.007729546862753e+00
37 56 -1.000280398866127e+00 -1.891579337080890e-03 -8.817735727604148e-04 -1.007727220652304e+00
37 57 -1.000280735484075e+00 -1.892652665167743e-03 -8.807513096383504e-04 -1.007724294971023e+00
37 58 -1.000281140957688e+00 -1.893890163727483e-03 -8.795874215626640e-04 -1.007720807214036e+00
37 59 -1.000281609691659e+00 -1.895276587032661e-03 -8.783036743156063e-04 -1.007716800233397e+00
37 60 -1.000282135726749e+00 -1.896795295564968e-03 -8.769241348271524e-04 -1.007712321156174e+00
37 61 -1.000282712884075e+00 -1.898428626940314e-03 -8.754743685528253e-04 -1.007707420356939e+00
37 62 -1.000283334865387e+00 -1.900158202777269e-03 -8.739806366800818e-04 -1.007702150671194e+00
37 63 -1.000283995312470e+00 -1.901965167189759e-03 -8.724691294376679e-04 -1.007696566846580e+00
38 0 -1.000283940461721e+00 -1.903713804762150e-03 -8.694181825297763e-04 -1.007692261419437e+00
38 1 -1.000284653190380e+00 -1.905600375736027e-03 -8.679674996016123e-04 -1.007686259968579e+00
38 2 -1.000285386666960e+00 -1.907510269333193e-03 -8.665671326112304e-04 -1.007680104556312e+00
38 3 -1.000286134673654e+00 -1.909424690115606e-03 -8.652364950790697e-04 -1.007673853388020e+00
38 4 -1.000286891124399e+00 -1.911325262050401e-03 -8.639923727807848e-04 -1.007667564425227e+00
38 5 -1.000287650099284e+00 -1.913194192926437e-03 -8.628487416433869e-04 -1.007661294889654e+00
38 6 -1.000288405846092e+00 -1.915014385097174e-03 -8.618167058149412e-04 -1.007655100925454e+00
38 7 -1.000289152744409e+00 -1.916769486336299e-03 -8.609045351874512e-04 -1.007649037448945e+00
38 8 -1.000289885243879e+00 -1.918443901257708e-03 -8.601177713278582e-04 -1.007643158120816e+00
38 9 -1.000290597800738e+00 -1.920022802589242e-03 -8.594593721539364e-04 -1.007637515305844e+00
38 10 -1.000291284839078e+00 -1.921492181657074e-03 -8.589298780668012e-04 -1.007632159879887e+00
38 11 -1.000291940754422e+00 -1.922838959478725e-03 -8.585275970082207e-04 -1.007627140804559e+00
38 12 -1.000292559961576e+00 -1.924051153588838e-03 -8.582488140128784e-04 -1.007622504484563e+00
38 13 -1.000293136973034e+00 -1.925118072417426e-03 -8.580880297216804e-04 -1.007618294009769e+00
38 14 -1.000293666485146e+00 -1.926030497442031e-03 -8.580382255000050e-04 -1.007614548429140e+00
38 15 -1.000294143450364e+00 -1.926780817979442e-03 -8.580911456334134e-04 -1.007611302187519e+00
38 16 -1.000294563125012e+00 -1.927363101785288e-03 -8.582375845917769e-04 -1.007608584786749e+00
38 17 -1.000294921097082e+00 -1.927773106123277e-03 -8.584676728147826e-04 -1.007606420647044e+00
38 18 -1.000295213309905e+00 -1.928008246828526e-03 -8.587711661241337e-04 -1.007604829088750e+00
38 19 -1.000295436099644e+00 -1.928067543148328e-03 -8.591377537162542e-04 -1.007603824349685e+00
38 20 -1.000295586257868e+00 -1.927951549352809e-03 -8.595573986623095e-04 -1.007603415584744e+00
38 21 -1.000295661119313e+00 -1.927662278308634e-03 -8.600207104094061e-04 -1.007603606833307e+00
38 22 -1.000295658664847e+00 -1.927203121221576e-03 -8.605193270419106e-04 -1.007604396965143e+00
38 23 -1.000295577624442e+00 -1.926578770603937e-03 -8.610462662660755e-04 -1.007605779621413e+00
38 24 -1.000295417566032e+00 -1.925795156673256e-03 -8.615961971352002e-04 -1.007607743159400e+00
38 25 -1.000295178961514e+00 -1.924859406176514e-03 -8.621655937181885e-04 -1.007610270602445e+00
38 26 -1.000294863226894e+00 -1.923779823748181e-03 -8.627527546814869e-04 -1.007613339606108e+00
38 27 -1.000294472736504e+00 -1.922565881488775e-03 -8.633576995206514e-04 -1.007616922479625e+00
38 28 -1.000294010811007e+00 -1.921228190773602e-03 -8.639819709668695e-04 -1.007620986328602e+00
38 29 -1.000293481678159e+00 -1.919778430147628e-03 -8.646283768484598e-04 -1.007625493384126e+00
38 30 -1.000292890406198e+00 -1.918229217082814e-03 -8.653006945485269e-04 -1.007630401543709e+00
38 31 -1.000292242813647e+00 -1.916593934267976e-03 -8.660033437404906e-04 -1.007635665082393e+00
38 32 -1.000291545364669e+00 -1.914886543283259e-03 -8.667410165275423e-04 -1.007641235425640e+00
38 33 -1.000290805063151e+00 -1.913121429277777e-03 -8.675182467610188e-04 -1.007647061841930e+00
38 34 -1.000290029358083e+00 -1.911313312058733e-03 -8.683389082541776e-04 -1.007653091936712e+00
38 35 -1.000289226066543e+00 -1.909477232950361e-03 -8.692056542545627e-04 -1.007659271908929e+00
38 36 -1.000288403311546e+00 -1.907628594833906e-03 -8.701193389374750e-04 -1.007665546630633e+00
38 37 -1.000287569465094e+00 -1.905783211210270e-03 -8.710784832958098e-04 -1.007671859678235e+00
38 38 -1.000286733085359e+00 -1.903957318807560e-03 -8.720788533509115e-04 -1.007678153448664e+00
38 39 -1.000285902840928e+00 -1.902167525659930e-03 -8.731132050660204e-04 -1.007684369440290e+00
38 40 -1.000285087421764e+00 -1.900430693177069e-03 -8.741712210094434e-04 -1.007690448697950e+00
38 41 -1.000284295442504e+00 -1.898763774473473e-03 -8.752396287861164e-04 -1.007696332352238e+00
38 42 -1.000283535346008e+00 -1.897183641285712e-03 -8.763024656113901e-04 -1.007701962157701e+00
38 43 -1.000282815312108e+00 -1.895706922779979e-03 -8.773414491662619e-04 -1.007707280967418e+00
38 44 -1.000282143170200e+00 -1.894349856254878e-03 -8.783364317457175e-04 -1.007712233156438e+00
38 45 -1.000281526308838e+00 -1.893128126208994e-03 -8.792659395029984e-04 -1.007716765079303e+00
38 46 -1.000280971574878e+00 -1.892056658658945e-03 -8.801078144821240e-04 -1.007720825672932e+00
38 47 -1.000280485159340e+00 -1.891149346998530e-03 -8.808399734684901e-04 -1.007724367280820e+00
38 48 -1.000280072474155e+00 -1.890418708694543e-03 -8.814412737739489e-04 -1.007727346697168e+00
38 49 -1.000279738029717e+00 -1.889875498030795e-03 -8.818924408604420e-04 -1.007729726346383e+00
38 50 -1.000279485325342e+00 -1.889528318081022e-03 -8.821769822248359e-04 -1.007731475458746e+00
38 51 -1.000279316762799e+00 -1.889383277969221e-03 -8.822820018328777e-04 -1.007732571097392e+00
38 52 -1.000279233588711e+00 -1.889443729849110e-03 -8.821988442025264e-04 -1.007732998931421e+00
38 53 -1.000279235868101e+00 -1.889710102885211e-03 -8.819235269530993e-04 -1.007732753705701e+00
38 54 -1.000279322491213e+00 -1.890179839511968e-03 -8.814569494345772e-04 -1.007731839395884e+00
38 55 -1.000279491218088e+00 -1.890847435710363e-03 -8.808048836366209e-04 -1.007730269047164e+00
38 56 -1.000279738766162e+00 -1.891704586536666e-03 -8.799777624959885e-04 -1.007728064295761e+00
38 57 -1.000280060941910e+00 -1.892740433512998e-03 -8.789902850072720e-04 -1.007725254587658e+00
38 58 -1.000280452808594e+00 -1.893941899288022e-03 -8.778608619730720e-04 -1.007721876147138e+00
38 59 -1.000280908872033e+00 -1.895294079817878e-03 -8.766109340504347e-04 -1.007717970797364e+00
38 60 -1.000281423259754e+00 -1.896780651068533e-03 -8.752642045601919e-04 -1.007713584775234e+00
38 61 -1.000281989869634e+00 -1.898384243917312e-03 -8.738458371820784e-04 -1.007708767687569e+00
38 62 -1.000282602473856e+00 -1.900086753839483e-03 -8.723816655401637e-04 -1.007703571707502e+00
38 63 -1.000283254779527e+00 -1.901869578636668e-03 -8.708974476333933e-04 -1.007698051018248e+00
39 0 -1.000283159367266e+00 -1.903500317082664e-03 -8.684095959611798e-04 -1.007693927913799e+00
39 1 -1.000283865861666e+00 -1.905367984851912e-03 -8.669785232414310e-04 -1.007687972499979e+00
39 2 -1.000284594437078e+00 -1.907262294821493e-03 -8.655945505288785e-04 -1.007681852004347e+00
39 3 -1.000285338897709e+00 -1.909164567387462e-03 -8.642768399807621e-04 -1.007675624543825e+00
39 4 -1.000286093164466e+00 -1.911056499937404e-03 -8.630419694254833e-04 -1.007669348126090e+00
39 5 -1.000286851314461e+00 -1.912920339211146e-03 -8.619037418402071e-04 -1.007663080120213e+00
39 6 -1.000287607589492e+00 -1.914739002801010e-03 -8.608731202862451e-04 -1.007656876874124e+00
39 7 -1.000288356366414e+00 -1.916496139851517e-03 -8.599582707940846e-04 -1.007650793521657e+00
39 8 -1.000289092098558e+00 -1.918176147470495e-03 -8.591646808382197e-04 -1.007644883929129e+00
39 9 -1.000289809250677e+00 -1.919764179318855e-03 -8.584953191616449e-04 -1.007639200657902e+00
39 10 -1.000290502254091e+00 -1.921246186571348e-03 -8.579508132958754e-04 -1.007633794801522e+00
39 11 -1.000291165502108e+00 -1.922609017499325e-03 -8.575296362764058e-04 -1.007628715602156e+00
39 12 -1.000291793390899e+00 -1.923840576230339e-03 -8.572283059656288e-04 -1.007624009841957e+00
39 13 -1.000292380394244e+00 -1.924930014807840e-03 -8.570416054470186e-04 -1.007619721101066e+00
39 14 -1.000292921149502e+00 -1.925867917769711e-03 -8.569628305491969e-04 -1.007615889029675e+00
39 15 -1.000293410532105e+00 -1.926646441909915e-03 -8.569840626610493e-04 -1.007612548770649e+00
39 16 -1.000293843706264e+00 -1.927259392042492e-03 -8.570964574687839e-04 -1.007609730602264e+00
39 17 -1.000294216154437e+00 -1.927702235081127e-03 -8.572905400391239e-04 -1.007607459787250e+00
39 18 -1.000294523700154e+00 -1.927972069059825e-03 -8.575565046889208e-04 -1.007605756554771e+00
39 19 -1.000294762542826e+00 -1.928067567129944e-03 -8.578845268557005e-04 -1.007604636125567e+00
39 20 -1.000294929318120e+00 -1.927988911576344e-03 -8.582650949557857e-04 -1.007604108713850e+00
39 21 -1.000295021186198e+00 -1.927737724964234e-03 -8.586893608801279e-04 -1.007604179483154e+00
39 22 -1.000295035938159e+00 -1.927317000507235e-03 -8.591494927485184e-04 -1.007604848470544e+00
39 23 -1.000294972104428e+00 -1.926731034814800e-03 -8.596389988869342e-04 -1.007606110505045e+00
39 24 -1.000294829049540e+00 -1.925985370722922e-03 -8.601529835723351e-04 -1.007607955134507e+00
39 25 -1.000294607043482e+00 -1.925086758875227e-03 -8.606882984820431e-04 -1.007610366563161e+00
39 26 -1.000294307305856e+00 -1.924043139289111e-03 -8.612435704976699e-04 -1.007613323609540e+00
39 27 -1.000293932022690e+00 -1.922863630956700e-03 -8.618191097493738e-04 -1.007616799719838e+00
39 28 -1.000293484336522e+00 -1.921558506566564e-03 -8.624167199126817e-04 -1.007620763095762e+00
39 29 -1.000292968309781e+00 -1.920139127830378e-03 -8.630394385504373e-04 -1.007625176998213e+00
39 30 -1.000292388861608e+00 -1.918617827376892e-03 -8.636912298842198e-04 -1.007630000257807e+00
39 31 -1.000291751681011e+00 -1.917007743504658e-03 -8.643766408631274e-04 -1.007635187962966e+00
39 32 -1.000291063124395e+00 -1.915322636681763e-03 -8.651004185282788e-04 -1.007640692227047e+00
39 33 -1.000290330109959e+00 -1.913576729910966e-03 -8.658670780980597e-04 -1.007646462894363e+00
39 34 -1.000289560021491e+00 -1.911784609626680e-03 -8.666804138627186e-04 -1.007652448061587e+00
39 35 -1.000288760628654e+00 -1.909961200335559e-03 -8.675429616305453e-04 -1.007658594364352e+00
39 36 -1.000287940022565e+00 -1.908121796035741e-03 -8.684554459010108e-04 -1.007664847073778e+00
39 37 -1.000287106558521e+00 -1.906282108838448e-03 -8.694162655859111e-04 -1.007671150119351e+00
39 38 -1.000286268794906e+00 -1.904458289515363e-03 -8.704210799007266e-04 -1.007677446173533e+00
39 39 -1.000285435419834e+00 -1.902666887538444e-03 -8.714625477106046e-04 -1.007683676893860e+00
39 40 -1.000284615163619e+00 -1.900924743682660e-03 -8.725302505321801e-04 -1.007689783338827e+00
39 41 -1.000283816702157e+00 -1.899248834132904e-03 -8.736107982018903e-04 -1.007695706495011e+00
39 42 -1.000283048559252e+00 -1.897656097483480e-03 -8.746880895257857e-04 -1.007701387818973e+00
39 43 -1.000282319013009e+00 -1.896163268598547e-03 -8.757436908065243e-04 -1.007706769727364e+00
39 44 -1.000281636005353e+00 -1.894786721957475e-03 -8.767573058908239e-04 -1.007711796039898e+00
39 45 -1.000281007048887e+00 -1.893542305366852e-03 -8.777073320948551e-04 -1.007716412448219e+00
39 46 -1.000280439124637e+00 -1.892445134396427e-03 -8.785715115751592e-04 -1.007720567113361e+00
39 47 -1.000279938567552e+00 -1.891509323306753e-03 -8.793276868350658e-04 -1.007724211472515e+00
39 48 -1.000279510942608e+00 -1.890747647770744e-03 -8.799546504843212e-04 -1.007727301269033e+00
39 49 -1.000279160920689e+00 -1.890171160731417e-03 -8.804330498340606e-04 -1.007729797733252e+00
39 50 -1.000278892166809e+00 -1.889788803214876e-03 -8.807462794764086e-04 -1.007731668775825e+00
39 51 -1.000278707251620e+00 -1.889607056622226e-03 -8.808812836361102e-04 -1.007732890043023e+00
39 52 -1.000278607592044e+00 -1.889629671814101e-03 -8.808292005083950e-04 -1.007733445723787e+00
39 53 -1.000278593422814e+00 -1.889857493379804e-03 -8.805858057167737e-04 -1.007733329055497e+00
39 54 -1.000278663800774e+00 -1.890288385741113e-03 -8.801517375418899e-04 -1.007732542513646e+00
39 55 -1.000278816646347e+00 -1.890917263764343e-03 -8.795325036856124e-04 -1.007731097682574e+00
39 56 -1.000279048827424e+00 -1.891736229333513e-03 -8.787382785440338e-04 -1.007729014807889e+00
39 57 -1.000279356287157e+00 -1.892734810917976e-03 -8.777835067752269e-04 -1.007726322045400e+00
39 58 -1.000279734208961e+00 -1.893900292789122e-03 -8.766863379594484e-04 -1.007723054454378e+00
39 59 -1.000280177201975e+00 -1.895218105299957e-03 -8.754679295249710e-04 -1.007719252830580e+00
39 60 -1.000280679482599e+00 -1.896672233129814e-03 -8.741516677095043e-04 -1.007714962518618e+00
39 61 -1.000281235027113e+00 -1.898245593815952e-03 -8.727623622498356e-04 -1.007710232354204e+00
39 62 -1.000281837679476e+00 -1.899920351071352e-03 -8.713254638769843e-04 -1.007705113842601e+00
39 63 -1.000282481213962e+00 -1.901678153514890e-03 -8.698663363017753e-04 -1.007699660590264e+00
40 0 -1.000282350838373e+00 -1.903191554035783e-03 -8.679451348221178e-04 -1.007695714060534e+00
40 1 -1.000283050390766e+00 -1.905039181901814e-03 -8.665316328043900e-04 -1.007689809737842e+00
40 2 -1.000283773303795e+00 -1.906916558381531e-03 -8.651622082406793e-04 -1.007683729751888e+00
40 3 -1.000284513409337e+00 -1.908805126983781e-03 -8.638558011520692e-04 -1.007677532086769e+00
40 4 -1.000285264640701e+00 -1.910686667440775e-03 -8.626288092424124e-04 -1.007671274748894e+00
40 5 -1.000286021076421e+00 -1.912543474905445e-03 -8.614948883246049e-04 -1.007665015208787e+00
40 6 -1.000286776955781e+00 -1.914358493051910e-03 -8.604648806053480e-04 -1.007658809972390e+00
40 7 -1.000287526656496e+00 -1.916115386866774e-03 -8.595468581539529e-04 -1.007652714339260e+00
40 8 -1.000288264640462e+00 -1.917798565722596e-03 -8.587462515191763e-04 -1.007646782318268e+00
40 9 -1.000288985387909e+00 -1.919393189813363e-03 -8.580660260461107e-04 -1.007641066590412e+00
40 10 -1.000289683347114e+00 -1.920885202007112e-03 -8.575068738141041e-04 -1.007635618373414e+00
40 11 -1.000290352922111e+00 -1.922261416263144e-03 -8.570674047400158e-04 -1.007630487077575e+00
40 12 -1.000290988506223e+00 -1.923509667114584e-03 -8.567443384361841e-04 -1.007625719734301e+00
40 13 -1.000291584551723e+00 -1.924618996278181e-03 -8.565327096115439e-04 -1.007621360279823e+00
40 14 -1.000292135654061e+00 -1.925579836566422e-03 -8.564260996294374e-04 -1.007617448835559e+00
40 15 -1.000292636627791e+00 -1.926384155275276e-03 -8.564168983888877e-04 -1.007614021121421e+00
40 16 -1.000293082560009e+00 -1.927025534757922e-03 -8.564965914862626e-04 -1.007611108081863e+00
40 17 -1.000293468841253e+00 -1.927499188550698e-03 -8.566560635862052e-04 -1.007608735725787e+00
40 18 -1.000293791187075e+00 -1.927801928833815e-03 -8.568859109935221e-04 -1.007606925112758e+00
40 19 -1.000294045669921e+00 -1.927932108532807e-03 -8.571767611770353e-04 -1.007605692387657e+00
40 20 -1.000294228777065e+00 -1.927889557044252e-03 -8.575195996750660e-04 -1.007605048785197e+00
40 21 -1.000294337498646e+00 -1.927675517855288e-03 -8.579061019595475e-04 -1.007605000576449e+00
40 22 -1.000294369436792e+00 -1.927292588608817e-03 -8.583289589980810e-04 -1.007605548973888e+00
40 23 -1.000294322919254e+00 -1.926744664348423e-03 -8.587821736123135e-04 -1.007606690025177e+00
40 24 -1.000294197100867e+00 -1.926036889131361e-03 -8.592612962535301e-04 -1.007608414515322e+00
40 25 -1.000293992041291e+00 -1.925175622620215e-03 -8.597635693072604e-04 -1.007610707885505e+00
40 26 -1.000293708753982e+00 -1.924168422904781e-03 -8.602879601335880e-04 -1.007613550180155e+00
40 27 -1.000293349226221e+00 -1.923024036491247e-03 -8.608350803509337e-04 -1.007616916051230e+00
40 28 -1.000292916411783e+00 -1.921752376211806e-03 -8.614070046309753e-04 -1.007620774869909e+00
40 29 -1.000292414197125e+00 -1.920364463915711e-03 -8.620070106225927e-04 -1.007625091004348e+00
40 30 -1.000291847341464e+00 -1.918872322257465e-03 -8.626392614183940e-04 -1.007629824300138e+00
40 31 -1.000291221393246e+00 -1.917288818656686e-03 -8.633084454218687e-04 -1.007634930743199e+00
40 32 -1.000290542590219e+00 -1.915627486818657e-03 -8.640193789266254e-04 -1.007640363215016e+00
40 33 -1.000289817754602e+00 -1.913902365152696e-03 -8.647765687352676e-04 -1.007646072206093e+00
40 34 -1.000289054195505e+00 -1.912127888648942e-03 -8.655837315182377e-04 -1.007652006362763e+00
40 35 -1.000288259626594e+00 -1.910318851437429e-03 -8.664432770797821e-04 -1.007658112804511e+00
40 36 -1.000287442099580e+00 -1.908490429268037e-03 -8.673557816407259e-04 -1.007664337238368e+00
40 37 -1.000286609946490e+00 -1.906658226470749e-03 -8.683194961017249e-04 -1.007670623976320e+00
40 38 -1.000285771719629e+00 -1.904838302030500e-03 -8.693299440196547e-04 -1.007676915994618e+00
40 39 -1.000284936119985e+00 -1.903047139470822e-03 -8.703796600500967e-04 -1.007683155142183e+00
40 40 -1.000284111911338e+00 -1.901301549933123e-03 -8.714581021556766e-04 -1.007689282526079e+00
40 41 -1.000283307824305e+00 -1.899618523441153e-03 -8.725517445683820e-04 -1.007695239021483e+00
40 42 -1.000282532457521e+00 -1.898015056562646e-03 -8.736443326073337e-04 -1.007700965816426e+00
40 43 -1.000281794181200e+00 -1.896507980549051e-03 -8.747172664837144e-04 -1.007706404921818e+00
40 44 -1.000281101043443e+00 -1.895113796804680e-03 -8.757500852635377e-04 -1.007711499637061e+00
40 45 -1.000280460674971e+00 -1.893848505739653e-03 -8.767210385736879e-04 -1.007716195028847e+00
40 46 -1.000279880185950e+00 -1.892727401490341e-03 -8.776077483169417e-04 -1.007720438521957e+00
40 47 -1.000279366050901e+00 -1.891764806907169e-03 -8.783879637027319e-04 -1.007724180690972e+00
40 48 -1.000278923983814e+00 -1.890973741576035e-03 -8.790403981059332e-04 -1.007727376277489e+00
40 49 -1.000278558812605e+00 -1.890365541833359e-03 -8.795456121772217e-04 -1.007729985367659e+00
40 50 -1.000278274365520e+00 -1.889949472247146e-03 -8.798868846901641e-04 -1.007731974596493e+00
40 51 -1.000278073380410e+00 -1.889732373627258e-03 -8.800510011795501e-04 -1.007733318229807e+00
40 52 -1.000277957442966e+00 -1.889718383799489e-03 -8.800288964186969e-04 -1.007733999008074e+00
40 53 -1.000277926956171e+00 -1.889908752098589e-03 -8.798161069514338e-04 -1.007734008689414e+00
40 54 -1.000277981142641e+00 -1.890301755757941e-03 -8.794130127455053e-04 -1.007733348272078e+00
40 55 -1.000278118083341e+00 -1.890892720589441e-03 -8.788248622317120e-04 -1.007732027896750e+00
40 56 -1.000278334797541e+00 -1.891674147464474e-03 -8.780615824932711e-04 -1.007730066432480e+00
40 57 -1.000278627366465e+00 -1.892635943370837e-03 -8.771373844668839e-04 -1.007727490757392e+00
40 58 -1.000278991095520e+00 -1.893765745498901e-03 -8.760701876845432e-04 -1.007724334775105e+00
40 59 -1.000279420699314e+00 -1.895049309928042e-03 -8.748809074990943e-04 -1.007720638259055e+00
40 60 -1.000279910485030e+00 -1.896470921147968e-03 -8.735926619498922e-04 -1.007716445664195e+00
40 61 -1.000280454508670e+00 -1.898013774323791e-03 -8.722299591832262e-04 -1.007711805056891e+00
40 62 -1.000281046687063e+00 -1.899660293423273e-03 -8.708179176045486e-04 -1.007706767273421e+00
40 63 -1.000281680863294e+00 -1.901392372344192e-03 -8.693815517963248e-04 -1.007701385335667e+00
41 0 -1.000281521467156e+00 -1.902789873293214e-03 -8.680247880112224e-04 -1.007697609055384e+00
41 1 -1.000282213391674e+00 -1.904616448380619e-03 -8.666267759245845e-04 -1.007691760626376e+00
41 2 -1.000282929893211e+00 -1.906475641692027e-03 -8.652700283836392e-04 -1.007685726572953e+00
41 3 -1.000283664837602e+00 -1.908349026235520e-03 -8.639732955790130e-04 -1.007679564701451e+00
41 4 -1.000284412176708e+00 -1.910218472017733e-03 -8.627528260252042e-04 -1.007673332969141e+00
41 5 -1.000285165995830e+00 -1.912066331902119e-03 -8.616221561818611e-04 -1.007667088899294e+00
41 6 -1.000285920536377e+00 -1.913875587331526e-03 -8.605920284222918e-04 -1.007660889104499e+00
41 7 -1.000286670181334e+00 -1.915629934062974e-03 -8.596704317938208e-04 -1.007654788994060e+00
41 8 -1.000287409405995e+00 -1.917313812640443e-03 -8.588627389684664e-04 -1.007648842656609e+00
41 9 -1.000288132712427e+00 -1.918912414256155e-03 -8.581718986619997e-04 -1.007643102817662e+00
41 10 -1.000288834574969e+00 -1.920411705260818e-03 -8.575986432579401e-04 -1.007637620724973e+00
41 11 -1.000289509420681e+00 -1.921798504315299e-03 -8.571416876909922e-04 -1.007632445842851e+00
41 12 -1.000290151654814e+00 -1.923060620194193e-03 -8.567979184777412e-04 -1.007627625324489e+00
41 13 -1.000290755724216e+00 -1.924187030218317e-03 -8.565625876689623e-04 -1.007623203329559e+00
41 14 -1.000291316198958e+00 -1.925168061959266e-03 -8.564295292150215e-04 -1.007619220317688e+00
41 15 -1.000291827849046e+00 -1.925995539096031e-03 -8.563914084940289e-04 -1.007615712456570e+00
41 16 -1.000292285699838e+00 -1.926662864941497e-03 -8.564400061734533e-04 -1.007612711238020e+00
41 17 -1.000292685063753e+00 -1.927165038833464e-03 -8.565665291734249e-04 -1.007610243314737e+00
41 18 -1.000293021560624e+00 -1.927498621489241e-03 -8.567619366734109e-04 -1.007608330491635e+00
41 19 -1.000293291146853e+00 -1.927661675109502e-03 -8.570172696500348e-04 -1.007606989768575e+00
41 20 -1.000293490170482e+00 -1.927653699511630e-03 -8.573239767830025e-04 -1.007606233350095e+00
41 21 -1.000293615457871e+00 -1.927475574046748e-03 -8.576742321070286e-04 -1.007606068588551e+00
41 22 -1.000293664424612e+00 -1.927129506410516e-03 -8.580612361445573e-04 -1.007606497872337e+00
41 23 -1.000293635194445e+00 -1.926618987601652e-03 -8.584794842008591e-04 -1.007607518490687e+00
41 24 -1.000293526708036e+00 -1.925948754487995e-03 -8.589249788891303e-04 -1.007609122504527e+00
41 25 -1.000293338807850e+00 -1.925124763208499e-03 -8.593953630623533e-04 -1.007611296641977e+00
41 26 -1.000293072292742e+00 -1.924154174620642e-03 -8.598899547963911e-04 -1.007614022231138e+00
41 27 -1.000292728942095e+00 -1.923045345748389e-03 -8.604096764321462e-04 -1.007617275191826e+00
41 28 -1.000292311511695e+00 -1.921807811142551e-03 -8.609568821734607e-04 -1.007621026129511e+00
41 29 -1.000291823702836e+00 -1.920452232357668e-03 -8.615350991538110e-04 -1.007625240588428e+00
41 30 -1.000291270105520e+00 -1.918990299362314e-03 -8.621487014269174e-04 -1.007629879502605e+00
41 31 -1.000290656118298e+00 -1.917434584671289e-03 -8.628025343340662e-04 -1.007634899830404e+00
41 32 -1.000289987851069e+00 -1.915798371591783e-03 -8.635015007351672e-04 -1.007640255292988e+00
41 33 -1.000289272021140e+00 -1.914095492238068e-03 -8.642501144380072e-04 -1.007645897091897e+00
41 34 -1.000288515854411e+00 -1.912340211729404e-03 -8.650520236971160e-04 -1.007651774479105e+00
41 35 -1.000287727000802e+00 -1.910547179854290e-03 -8.659095123498581e-04 -1.007657835102640e+00
41 36 -1.000286913465861e+00 -1.908731444721931e-03 -8.668229986996939e-04 -1.007664025138619e+00
41 37 -1.000286083552212e+00 -1.906908496359053e-03 -8.677905681045631e-04 -1.007670289308121e+00
41 38 -1.000285245799912e+00 -1.905094295883437e-03 -8.688075863997410e-04 -1.007676570918045e+00
41 39 -1.000284408916345e+00 -1.903305253960395e-03 -8.698664414825911e-04 -1.007682812038344e+00
41 40 -1.000283581692197e+00 -1.901558144497201e-03 -8.709564481341771e-04 -1.007688953854760e+00
41 41 -1.000282772906226e+00 -1.899869963269400e-03 -8.720639294970706e-04 -1.007694937160207e+00
41 42 -1.000281991224997e+00 -1.898257755912266e-03 -8.731724645420886e-04 -1.007700702904436e+00
41 43 -1.000281245103468e+00 -1.896738440266787e-03 -8.742632741696093e-04 -1.007706192726035e+00
41 44 -1.000280542688435e+00 -1.895328634426572e-03 -8.753157167971762e-04 -1.007711349440445e+00
41 45 -1.000279891721412e+00 -1.894044480597040e-03 -8.763078754678854e-04 -1.007716117529422e+00
41 46 -1.000279299434397e+00 -1.892901438780896e-03 -8.772172312281873e-04 -1.007720443729379e+00
41 47 -1.000278772433993e+00 -1.891914024612341e-03 -8.780214200146782e-04 -1.007724277811367e+00
41 48 -1.000278316575938e+00 -1.891095483071363e-03 -8.786990593789191e-04 -1.007727573582585e+00
41 49 -1.000277936838813e+00 -1.890457414293145e-03 -8.792306123625238e-04 -1.007730290053338e+00
41 50 -1.000277637208857e+00 -1.890009387136052e-03 -8.795992370368658e-04 -1.007732392646898e+00
41 51 -1.000277420586692e+00 -1.889758583627644e-03 -8.797915596604707e-04 -1.007733854306576e+00
41 52 -1.000277288722964e+00 -1.889709512007069e-03 -8.797983126799017e-04 -1.007734656375597e+00
41 53 -1.000277242185930e+00 -1.889863812016094e-03 -8.796147947075258e-04 -1.007734789175704e+00
41 54 -1.000277280362105e+00 -1.890220161648715e-03 -8.792411286387102e-04 -1.007734252261884e+00
41 55 -1.000277401492297e+00 -1.890774287426833e-03 -8.786823063769922e-04 -1.007733054357444e+00
41 56 -1.000277602747603e+00 -1.891519080247127e-03 -8.779480146448371e-04 -1.007731212974562e+00
41 57 -1.000277880348855e+00 -1.892444817365922e-03 -8.770522457173516e-04 -1.007728753727108e+00
41 58 -1.000278229725738e+00 -1.893539480488808e-03 -8.760127158730546e-04 -1.007725709371643e+00
41 59 -1.000278645700661e+00 -1.894789142079327e-03 -8.748501378156153e-04 -1.007722118665660e+00
41 60 -1.000279122673444e+00 -1.896178376262541e-03 -8.735874106115199e-04 -1.007718025179898e+00
41 61 -1.000279654781189e+00 -1.897690645712530e-03 -8.722487949541204e-04 -1.007713476214850e+00
41 62 -1.000280236014806e+00 -1.899308625348914e-03 -8.708591314471405e-04 -1.007708521938010e+00
41 63 -1.000280860287625e+00 -1.901014446386569e-03 -8.694431371382970e-04 -1.007703214782737e+00
42 0 -1.000280678145624e+00 -1.902298374084774e-03 -8.686430697091983e-04 -1.007699601657216e+00
42 1 -1.000281361779556e+00 -1.904102998485802e-03 -8.672584847482305e-04 -1.007693813669802e+00
42 2 -1.000282071134136e+00 -1.905942852876045e-03 -8.659125743896627e-04 -1.007687830791940e+00
42 3 -1.000282800115604e+00 -1.907799644556669e-03 -8.646239342448927e-04 -1.007681710609600e+00
42 4 -1.000283542701205e+00 -1.909655341359633e-03 -8.634086962970794e-04 -1.007675510981594e+00
42 5 -1.000284292989633e+00 -1.911492364076948e-03 -8.622803058316282e-04 -1.007669289429679e+00
42 6 -1.000285045230347e+00 -1.913293744362373e-03 -8.612494269512923e-04 -1.007663102616563e+00
42 7 -1.000285793816648e+00 -1.915043223185120e-03 -8.603239786333354e-04 -1.007657006004066e+00
42 8 -1.000286533242162e+00 -1.916725290169410e-03 -8.595092772613092e-04 -1.007651053698358e+00
42 9 -1.000287258037098e+00 -1.918325191545730e-03 -8.588082427367545e-04 -1.007645298393602e+00
42 10 -1.000287962710646e+00 -1.919828948659408e-03 -8.582216226306113e-04 -1.007639791272970e+00
42 11 -1.000288641724235e+00 -1.921223422725855e-03 -8.577482034870863e-04 -1.007634581743807e+00
42 12 -1.000289289508421e+00 -1.922496438986430e-03 -8.573850022450763e-04 -1.007629716958836e+00
42 13 -1.000289900519551e+00 -1.923636955728096e-03 -8.571274514462029e-04 -1.007625241170750e+00
42 14 -1.000290469318189e+00 -1.924635242549776e-03 -8.569696008663691e-04 -1.007621195042497e+00
42 15 -1.000290990645615e+00 -1.925483026413902e-03 -8.569043545911984e-04 -1.007617615057868e+00
42 16 -1.000291459480268e+00 -1.926173575859945e-03 -8.569237510058567e-04 -1.007614533135390e+00
42 17 -1.000291871070138e+00 -1.926701717004448e-03 -8.570192798097772e-04 -1.007611976464123e+00
42 18 -1.000292220952314e+00 -1.927063797048829e-03 -8.571822204452109e-04 -1.007609967498560e+00
42 19 -1.000292504979387e+00 -1.927257621450346e-03 -8.574039835797353e-04 -1.007608524011198e+00
42 20 -1.000292719370775e+00 -1.927282388062380e-03 -8.576764408109978e-04 -1.007607659113823e+00
42 21 -1.000292860797039e+00 -1.927138631386851e-03 -8.579922329390345e-04 -1.007607381202207e+00
42 22 -1.000292926492008e+00 -1.926828179848531e-03 -8.583450491695304e-04 -1.007607693827201e+00
42 23 -1.000292914376775e+00 -1.926354123201860e-03 -8.587298673924322e-04 -1.007608595527688e+00
42 24 -1.000292823175815e+00 -1.925720787041865e-03 -8.591431417179057e-04 -1.007610079667416e+00
42 25 -1.000292652509446e+00 -1.924933714553485e-03 -8.595829207697566e-04 -1.007612134303290e+00
42 26 -1.000292402955038e+00 -1.923999656665418e-03 -8.600488806866994e-04 -1.007614742097936e+00
42 27 -1.000292076076318e+00 -1.922926566442608e-03 -8.605422613627760e-04 -1.007617880294049e+00
42 28 -1.000291674423063e+00 -1.921723584007889e-03 -8.610657030531628e-04 -1.007621520789701e+00
42 29 -1.000291201503326e+00 -1.920400992309322e-03 -8.616229907464621e-04 -1.007625630367733e+00
42 30 -1.000290661729829e+00 -1.918970128160829e-03 -8.622187217804295e-04 -1.007630171116727e+00
42 31 -1.000290060343161e+00 -1.917443247143839e-03 -8.628579153837598e-04 -1.007635101035056e+00
42 32 -1.000289403317239e+00 -1.915833359518194e-03 -8.635455813824354e-04 -1.007640374750198e+00
42 33 -1.000288697256376e+00 -1.914154069428430e-03 -8.642862613962362e-04 -1.007645944236919e+00
42 34 -1.000287949295672e+00 -1.912419453582182e-03 -8.650835522634174e-04 -1.007651759405622e+00
42 35 -1.000287167014505e+00 -1.910644003378541e-03 -8.659396213425064e-04 -1.007657768473524e+00
42 36 -1.000286358366059e+00 -1.908842629169988e-03 -8.668547293757885e-04 -1.007663918117079e+00
42 37 -1.000285531617541e+00 -1.907030698851796e-03 -8.678267881414416e-04 -1.007670153493658e+00
42 38 -1.000284695290820e+00 -1.905224068998581e-03 -8.688509917903716e-04 -1.007676418266686e+00
42 39 -1.000283858093874e+00 -1.903439071320260e-03 -8.699195651088787e-04 -1.007682654751858e+00
42 40 -1.000283028838305e+00 -1.901692435989112e-03 -8.710216645122721e-04 -1.007688804238789e+00
42 41 -1.000282216344278e+00 -1.900001156536903e-03 -8.721434498162016e-04 -1.007694807466819e+00
42 42 -1.000281429338757e+00 -1.898382318319178e-03 -8.732683232282670e-04 -1.007700605179687e+00
42 43 -1.000280676353569e+00 -1.896852916244997e-03 -8.743773148967356e-04 -1.007706138676791e+00
42 44 -1.000279965626157e+00 -1.895429675599011e-03 -8.754495879770175e-04 -1.007711350324179e+00
42 45 -1.000279305000180e+00 -1.894128869251609e-03 -8.764630408474068e-04 -1.007716184061168e+00
42 46 -1.000278701819850e+00 -1.892966108476485e-03 -8.773949932114727e-04 -1.007720585992516e+00
42 47 -1.000278162813706e+00 -1.891956083348921e-03 -8.782229468690305e-04 -1.007724505156520e+00
42 48 -1.000277693969314e+00 -1.891112242960625e-03 -8.789254053439343e-04 -1.007727894506094e+00
42 49 -1.000277300406593e+00 -1.890446427750649e-03 -8.794827214931064e-04 -1.007730712060955e+00
42 50 -1.000276986261093e+00 -1.889968486094822e-03 -8.798779265465573e-04 -1.007732922119344e+00
42 51 -1.000276754588482e+00 -1.889685917065913e-03 -8.800974858792091e-04 -1.007734496384171e+00
42 52 -1.000276607298084e+00 -1.889603577715421e-03 -8.801319298755975e-04 -1.007735414872651e+00
42 53 -1.000276545118684e+00 -1.889723479748474e-03 -8.799763198692093e-04 -1.007735666528849e+00
42 54 -1.000276567597265e+00 -1.890044686118678e-03 -8.796305223245929e-04 -1.007735249512864e+00
42 55 -1.000276673132443e+00 -1.890563310777689e-03 -8.790992735079221e-04 -1.007734171169190e+00
42 56 -1.000276859046977e+00 -1.891272624205638e-03 -8.783920229717501e-04 -1.007732447679641e+00
42 57 -1.000277121703012e+00 -1.892163265640802e-03 -8.775225544648175e-04 -1.007730103408474e+00
42 58 -1.000277456657227e+00 -1.893223553281652e-03 -8.765084030702336e-04 -1.007727169972904e+00
42 59 -1.000277858842549e+00 -1.894439866830096e-03 -8.753701145179701e-04 -1.007723685120247e+00
42 60 -1.000278322753710e+00 -1.895797059928358e-03 -8.741304158207587e-04 -1.007719691541733e+00
42 61 -1.000278842610725e+00 -1.897278852359325e-03 -8.728133743038748e-04 -1.007715235774671e+00
42 62 -1.000279412479984e+00 -1.898868159615883e-03 -8.714436100054222e-04 -1.007710367318680e+00
42 63 -1.000280026346305e+00 -1.900547340572055e-03 -8.700455985626719e-04 -1.007705138017064e+00
43 0 -1.000279828050668e+00 -1.901720927076292e-03 -8.697892525146902e-04 -1.007701679938122e+00
43 1 -1.000280502756873e+00 -1.903502809680212e-03 -8.684161015799105e-04 -1.007695956681804e+00
43 2 -1.000281204245153e+00 -1.905322256791793e-03 -8.670792693900275e-04 -1.007690030035333e+00
43 3 -1.000281926468662e+00 -1.907161113852805e-03 -8.657972336593360e-04 -1.007683957322873e+00
43 4 -1.000282663437622e+00 -1.909001454497250e-03 -8.645860424479830e-04 -1.007677796252333e+00
43 5 -1.000283409271861e+00 -1.910825778290541e-03 -8.634590783075146e-04 -1.007671604285423e+00
43 6 -1.000284158235743e+00 -1.912617179408492e-03 -8.624269502427455e-04 -1.007665438076135e+00
43 7 -1.000284904738669e+00 -1.914359458164122e-03 -8.614975222424286e-04 -1.007659353079761e+00
43 8 -1.000285643298217e+00 -1.916037171338624e-03 -8.606760575774748e-04 -1.007653403354675e+00
43 9 -1.000286368479346e+00 -1.917635644032729e-03 -8.599654363866104e-04 -1.007647641486231e+00
43 10 -1.000287074834360e+00 -1.919140982396755e-03 -8.593663976669586e-04 -1.007642118502074e+00
43 11 -1.000287756869244e+00 -1.920540125533501e-03 -8.588777669250246e-04 -1.007636883648448e+00
43 12 -1.000288409052128e+00 -1.921820955730528e-03 -8.584966540492871e-04 -1.007631983959873e+00
43 13 -1.000289025862921e+00 -1.922972457066115e-03 -8.582186326788106e-04 -1.007627463653097e+00
43 14 -1.000289601867529e+00 -1.923984887727849e-03 -8.580379290127231e-04 -1.007623363462109e+00
43 15 -1.000290131792997e+00 -1.924849923654735e-03 -8.579476471454929e-04 -1.007619720059734e+00
43 16 -1.000290610584675e+00 -1.925560742647181e-03 -8.579400439541658e-04 -1.007616565671920e+00
43 17 -1.000291033439707e+00 -1.926112040479849e-03 -8.580068496710741e-04 -1.007613927910833e+00
43 18 -1.000291395825952e+00 -1.926499992140391e-03 -8.581396175398346e-04 -1.007611829774491e+00
43 19 -1.000291693505191e+00 -1.926722184050933e-03 -8.583300792582987e-04 -1.007610289714999e+00
43 20 -1.000291922580046e+00 -1.926777544095864e-03 -8.585704828738826e-04 -1.007609321676618e+00
43 21 -1.000292079575397e+00 -1.926666287058522e-03 -8.588538961031448e-04 -1.007608935043787e+00
43 22 -1.000292161551045e+00 -1.926389879627965e-03 -8.591744666623699e-04 -1.007609134496189e+00
43 23 -1.000292166229922e+00 -1.925951019574035e-03 -8.595276359740610e-04 -1.007609919811866e+00
43 24 -1.000292092121098e+00 -1.925353622493457e-03 -8.599103011693477e-04 -1.007611285669473e+00
43 25 -1.000291938620316e+00 -1.924602813724257e-03 -8.603209158565840e-04 -1.007613221483926e+00
43 26 -1.000291706078766e+00 -1.923704925415271e-03 -8.607595170494726e-04 -1.007615711292113e+00
43 27 -1.000291395838423e+00 -1.922667495074882e-03 -8.612276657896486e-04 -1.007618733706503e+00
43 28 -1.000291010236164e+00 -1.921499254342445e-03 -8.617282927755177e-04 -1.007622261970724e+00
43 29 -1.000290552579646e+00 -1.920210091196984e-03 -8.622654480998996e-04 -1.007626264163638e+00
43 30 -1.000290027097171e+00 -1.918810970722211e-03 -8.628439646469118e-04 -1.007630703588742e+00
43 31 -1.000289438864081e+00 -1.917313810753859e-03 -8.634690537683259e-04 -1.007635539347605e+00
43 32 -1.000288793710741e+00 -1.915731326151718e-03 -8.641458558106635e-04 -1.007640727038638e+00
43 33 -1.000288098120940e+00 -1.914076871287616e-03 -8.648789666034340e-04 -1.007646219470455e+00
43 34 -1.000287359132032e+00 -1.912364315622862e-03 -8.656719567095502e-04 -1.007651967262304e+00
43 35 -1.000286584246594e+00 -1.910607977281404e-03 -8.665268964231347e-04 -1.007657919239636e+00
43 36 -1.000285781359538e+00 -1.908822617341486e-03 -8.674438996655173e-04 -1.007664022610631e+00
43 37 -1.000284958696943e+00 -1.907023472604094e-03 -8.684207064344266e-04 -1.007670222995844e+00
43 38 -1.000284124757077e+00 -1.905226288106689e-03 -8.694523341657038e-04 -1.007676464438537e+00
43 39 -1.000283288243188e+00 -1.903447310440432e-03 -8.705308358911888e-04 -1.007682689522083e+00
43 40 -1.000282457981938e+00 -1.901703219090814e-03 -8.716452003159288e-04 -1.007688839664776e+00
43 41 -1.000281642828172e+00 -1.900010996963803e-03 -8.727814154142338e-04 -1.007694855581640e+00
43 42 -1.000280851561869e+00 -1.898387760173751e-03 -8.739226986646760e-04 -1.007700677841221e+00
43 43 -1.000280092783890e+00 -1.896850571872708e-03 -8.750498803706261e-04 -1.007706247434475e+00
43 44 -1.000279374813640e+00 -1.895416254934865e-03 -8.761419162155983e-04 -1.007711506313347e+00
43 45 -1.000278705586869e+00 -1.894101200763322e-03 -8.771765034835334e-04 -1.007716397921770e+00
43 46 -1.000278092548723e+00 -1.892921156268852e-03 -8.781307805104417e-04 -1.007720867794898e+00
43 47 -1.000277542537759e+00 -1.891890966677109e-03 -8.789820938221309e-04 -1.007724864314463e+00
43 48 -1.000277061661167e+00 -1.891024261979773e-03 -8.797088141581172e-04 -1.007728339668588e+00
43 49 -1.000276655167814e+00 -1.890333095757611e-03 -8.802911707272524e-04 -1.007731250987901e+00
43 50 -1.000276327330491e+00 -1.889827566251368e-03 -8.807120607483761e-04 -1.007733561553033e+00
43 51 -1.000276081349106e+00 -1.889515460183386e-03 -8.809577867816072e-04 -1.007735241929758e+00
43 52 -1.000275919282676e+00 -1.889401956506963e-03 -8.810186782105228e-04 -1.007736270900969e+00
43 53 -1.000275842013277e+00 -1.889489415223235e-03 -8.808895607149612e-04 -1.007736636111678e+00
43 54 -1.000275849242792e+00 -1.889777264002552e-03 -8.805700447946836e-04 -1.007736334392924e+00
43 55 -1.000275939524184e+00 -1.890261987836535e-03 -8.800646104018822e-04 -1.007735371761565e+00
43 56 -1.000276110330916e+00 -1.890937224314124e-03 -8.793824706273090e-04 -1.007733763103769e+00
43 57 -1.000276358167725e+00 -1.891793965049068e-03 -8.785372072709921e-04 -1.007731531554400e+00
43 58 -1.000276678720955e+00 -1.892820856367105e-03 -8.775461911559598e-04 -1.007728707601608e+00
43 59 -1.000277067037274e+00 -1.894004576828216e-03 -8.764298308755349e-04 -1.007725327986832e+00
43 60 -1.000277517709455e+00 -1.895330250444920e-03 -8.752107239665704e-04 -1.007721434523013e+00
43 61 -1.000278025042882e+00 -1.896781843808349e-03 -8.739127970001935e-04 -1.007717072985045e+00
43 62 -1.000278583181029e+00 -1.898342501962397e-03 -8.725605073721411e-04 -1.007712292205761e+00
43 63 -1.000279186181504e+00 -1.899994801207645e-03 -8.711781470038543e-04 -1.007707143436870e+00
44 0 -1.000278978623099e+00 -1.901062203449724e-03 -8.714476530596116e-04 -1.007703831013400e+00
44 1 -1.000279643793466e+00 -1.902820653673908e-03 -8.700840560644902e-04 -1.007698176512095e+00
44 2 -1.000280336715701e+00 -1.904618707697116e-03 -8.687546642584379e-04 -1.007692310956242e+00
44 3 -1.000281051396638e+00 -1.906438353096956e-03 -8.674778740273539e-04 -1.007686291364869e+00
44 4 -1.000281781887630e+00 -1.908261777493346e-03 -8.662696818313710e-04 -1.007680175240251e+00
44 5 -1.000282522337973e+00 -1.910071569750259e-03 -8.651434369742360e-04 -1.007674019924444e+00
44 6 -1.000283267034551e+00 -1.911850898773168e-03 -8.641097183006862e-04 -1.007667882001761e+00
44 7 -1.000284010409750e+00 -1.913583639102697e-03 -8.631763511500733e-04 -1.007661816856950e+00
44 8 -1.000284747011691e+00 -1.915254433320368e-03 -8.623485501316260e-04 -1.007655878430826e+00
44 9 -1.000285471446893e+00 -1.916848708143626e-03 -8.616291472418052e-04 -1.007650119123447e+00
44 10 -1.000286178318460e+00 -1.918352681947891e-03 -8.610188523210615e-04 -1.007644589721435e+00
44 11 -1.000286862186384e+00 -1.919753404982010e-03 -8.605164986958423e-04 -1.007639339210710e+00
44 12 -1.000287517567966e+00 -1.921038855802230e-03 -8.601192508096513e-04 -1.007634414393044e+00
44 13 -1.000288138979766e+00 -1.922198087346051e-03 -8.598227823327420e-04 -1.007629859325343e+00
44 14 -1.000288721006412e+00 -1.923221390468578e-03 -8.596214554904403e-04 -1.007625714688247e+00
44 15 -1.000289258373832e+00 -1.924100433965452e-03 -8.595085346946265e-04 -1.007622017222510e+00
44 16 -1.000289746007326e+00 -1.924828348908029e-03 -8.594764539579519e-04 -1.007618799342455e+00
44 17 -1.000290179066383e+00 -1.925399744762669e-03 -8.595171388661119e-04 -1.007616088966701e+00
44 18 -1.000290552962859e+00 -1.925810667106008e-03 -8.596223670155377e-04 -1.007613909526590e+00
44 19 -1.000290863380862e+00 -1.926058523604151e-03 -8.597841386308535e-04 -1.007612280053558e+00
44 20 -1.000291106319296e+00 -1.926142009082009e-03 -8.599950253943722e-04 -1.007611215234996e+00
44 21 -1.000291278169899e+00 -1.926061050740734e-03 -8.602484730706693e-04 -1.007610725368198e+00
44 22 -1.000291375829190e+00 -1.925816778588670e-03 -8.605390476275565e-04 -1.007610816205777e+00
44 23 -1.000291396829558e+00 -1.925411514689488e-03 -8.608626252962836e-04 -1.007611488734154e+00
44 24 -1.000291339468683e+00 -1.924848772479949e-03 -8.612165288716451e-04 -1.007612738940042e+00
44 25 -1.000291202918448e+00 -1.924133260612909e-03 -8.615996082856516e-04 -1.007614557607828e+00
44 26 -1.000290987301917e+00 -1.923270888572644e-03 -8.620122580796346e-04 -1.007616930173866e+00
44 27 -1.000290693735248e+00 -1.922268770349745e-03 -8.624563599869037e-04 -1.007619836657010e+00
44 28 -1.000290324336956e+00 -1.921135217743431e-03 -8.629351370652461e-04 -1.007623251692148e+00
44 29 -1.000289882208123e+00 -1.919879709428320e-03 -8.634529101644827e-04 -1.007627144706315e+00
44 30 -1.000289371386072e+00 -1.918512821434844e-03 -8.640147593137724e-04 -1.007631480275219e+00
44 31 -1.000288796774004e+00 -1.917046113672235e-03 -8.646261071028852e-04 -1.007636218665267e+00
44 32 -1.000288164051570e+00 -1.915491983646357e-03 -8.652922509267889e-04 -1.007641316508778e+00
44 33 -1.000287479574897e+00 -1.913863514123319e-03 -8.660178726307395e-04 -1.007646727507347e+00
44 34 -1.000286750276779e+00 -1.912174347409906e-03 -8.668065495204213e-04 -1.007652403040162e+00
44 35 -1.000285983576663e+00 -1.910438611603021e-03 -8.676602839566510e-04 -1.007658292582351e+00
44 36 -1.000285187305471e+00 -1.908670905539882e-03 -8.685790641710360e-04 -1.007664343905720e+00
44 37 -1.000284369643006e+00 -1.906886325416724e-03 -8.695604703296624e-04 -1.007670503118289e+00
44 38 -1.000283539058953e+00 -1.905100497125106e-03 -8.705993476341387e-04 -1.007676714664423e+00
44 39 -1.000282704246480e+00 -1.903329574558920e-03 -8.716875770731529e-04 -1.007682921418616e+00
44 40 -1.000281874041387e+00 -1.901590178234887e-03 -8.728139766920820e-04 -1.007689064954904e+00
44 41 -1.000281057326843e+00 -1.899899271924222e-03 -8.739643584319441e-04 -1.007695085992185e+00
44 42 -1.000280262929001e+00 -1.898273994040838e-03 -8.751217503697550e-04 -1.007700924951885e+00
44 43 -1.000279499509873e+00 -1.896731466864122e-03 -8.762667771351454e-04 -1.007706522547692e+00
44 44 -1.000278775461413e+00 -1.895288600168029e-03 -8.773781777555273e-04 -1.007711820356509e+00
44 45 -1.000278098800575e+00 -1.893961891146022e-03 -8.784334340869408e-04 -1.007716761376587e+00
44 46 -1.000277477061358e+00 -1.892767206844327e-03 -8.794094843748684e-04 -1.007721290635984e+00
44 47 -1.000276917179087e+00 -1.891719527909348e-03 -8.802834998195054e-04 -1.007725355939041e+00
44 48 -1.000276425366156e+00 -1.890832640125815e-03 -8.810337002860433e-04 -1.007728908807514e+00
44 49 -1.000276006985374e+00 -1.890118780310025e-03 -8.816401775618070e-04 -1.007731905597054e+00
44 50 -1.000275666432190e+00 -1.889588263884176e-03 -8.820856870129842e-04 -1.007734308691703e+00
44 51 -1.000275407037304e+00 -1.889249131848164e-03 -8.823563669282003e-04 -1.007736087639727e+00
44 52 -1.000275230997396e+00 -1.889106852717195e-03 -8.824423486812169e-04 -1.007737220102482e+00
44 53 -1.000275139337550e+00 -1.889164105323385e-03 -8.823382258566665e-04 -1.007737692526893e+00
44 54 -1.000275131906640e+00 -1.889420657158842e-03 -8.820433541488071e-04 -1.007737500498862e+00
44 55 -1.000275207406900e+00 -1.889873344432379e-03 -8.815619561938405e-04 -1.007736648772038e+00
44 56 -1.000275363460171e+00 -1.890516156320743e-03 -8.809030082512959e-04 -1.007735150983434e+00
44 57 -1.000275596713856e+00 -1.891340424648210e-03 -8.800798939325247e-04 -1.007733029069333e+00
44 58 -1.000275902986119e+00 -1.892335114373976e-03 -8.791098313903211e-04 -1.007730312405141e+00
44 59 -1.000276277440965e+00 -1.893487194899703e-03 -8.780131153382432e-04 -1.007727036730996e+00
44 60 -1.000276714773062e+00 -1.894782052229729e-03 -8.768122509109352e-04 -1.007723242980481e+00
44 61 -1.000277209376222e+00 -1.896203889911342e-03 -8.755310729659266e-04 -1.007718976164924e+00
44 62 -1.000277755473072e+00 -1.897736071835636e-03 -8.741939319379780e-04 -1.007714284449686e+00
44 63 -1.000278347195725e+00 -1.899361381683333e-03 -8.728249927668400e-04 -1.007709218491496e+00
45 0 -1.000278137537150e+00 -1.900327695059951e-03 -8.735979590930282e-04 -1.007706040786751e+00
45 1 -1.000278792597493e+00 -1.902062120866323e-03 -8.722421824271492e-04 -1.007700458781315e+00
45 2 -1.000279476278433e+00 -1.903837877792966e-03 -8.709187442590498e-04 -1.007694658960229e+00
45 3 -1.000280182647499e+00 -1.905637099723312e-03 -8.696459960935557e-04 -1.007688697991842e+00
45 4 -1.000280905805525e+00 -1.907442096069156e-03 -8.684399156395718e-04 -1.007682633117423e+00
45 5 -1.000281639940034e+00 -1.909235555454357e-03 -8.673138491798630e-04 -1.007676521498062e+00
45 6 -1.000282379368995e+00 -1.911000734611705e-03 -8.662783709263966e-04 -1.007670419582501e+00
45 7 -1.000283118555771e+00 -1.912721598072892e-03 -8.653412850746567e-04 -1.007664382615648e+00
45 8 -1.000283852086285e+00 -1.914382892395957e-03 -8.645077647269631e-04 -1.007658464349758e+00
45 9 -1.000284574615524e+00 -1.915970167114763e-03 -8.637805891189998e-04 -1.007652716925268e+00
45 10 -1.000285280805028e+00 -1.917469778881723e-03 -8.631604214333668e-04 -1.007647190804105e+00
45 11 -1.000285965278083e+00 -1.918868921203473e-03 -8.626460730461884e-04 -1.007641934614305e+00
45 12 -1.000286622612088e+00 -1.920155706022976e-03 -8.622347247887469e-04 -1.007636994815819e+00
45 13 -1.000287247372054e+00 -1.921319295013426e-03 -8.619221092063379e-04 -1.007632415191352e+00
45 14 -1.000287834173470e+00 -1.922350053070440e-03 -8.617026835632512e-04 -1.007628236251899e+00
45 15 -1.000288377753444e+00 -1.923239684591297e-03 -8.615698313233644e-04 -1.007624494688145e+00
45 16 -1.000288873029559e+00 -1.923981317547722e-03 -8.615161201594807e-04 -1.007621222984862e+00
45 17 -1.000289315135819e+00 -1.924569518509882e-03 -8.615336239909333e-04 -1.007618449252932e+00
45 18 -1.000289699440368e+00 -1.925000246412192e-03 -8.616142934139368e-04 -1.007616197247541e+00
45 19 -1.000290021562769e+00 -1.925270772697016e-03 -8.617503411591191e-04 -1.007614486472355e+00
45 20 -1.000290277412411e+00 -1.925379600897315e-03 -8.619346035361224e-04 -1.007613332253549e+00
45 21 -1.000290463262355e+00 -1.925326409111520e-03 -8.621608470732768e-04 -1.007612745706430e+00
45 22 -1.000290575859097e+00 -1.925112022733356e-03 -8.624240062123231e-04 -1.007612733580010e+00
45 23 -1.000290612555294e+00 -1.924738412036999e-03 -8.627203533176477e-04 -1.007613298015505e+00
45 24 -1.000290571444883e+00 -1.924208704008151e-03 -8.630476095338749e-04 -1.007614436277003e+00
45 25 -1.000290451480146e+00 -1.923527198844306e-03 -8.634050034015509e-04 -1.007616140508715e+00
45 26 -1.000290252557041e+00 -1.922699385175707e-03 -8.637932765566111e-04 -1.007618397555143e+00
45 27 -1.000289975564331e+00 -1.921731950124334e-03 -8.642146260774737e-04 -1.007621188864824e+00
45 28 -1.000289622398672e+00 -1.920632777997449e-03 -8.646725658886484e-04 -1.007624490498770e+00
45 29 -1.000289195949637e+00 -1.919410926286721e-03 -8.651716906931086e-04 -1.007628273277660e+00
45 30 -1.000288700057563e+00 -1.918076565873269e-03 -8.657173377636352e-04 -1.007632503104441e+00
45 31 -1.000288139446889e+00 -1.916640879269339e-03 -8.663151602693335e-04 -1.007637141471149e+00
45 32 -1.000287519639708e+00 -1.915115925204923e-03 -8.669706415380957e-04 -1.007642146105530e+00
45 33 -1.000286846857536e+00 -1.913514492769420e-03 -8.676885857437891e-04 -1.007647471661061e+00
45 34 -1.000286127921626e+00 -1.911849975815469e-03 -8.684726165782191e-04 -1.007653070330606e+00
45 35 -1.000285370161737e+00 -1.910136293851450e-03 -8.693247062751449e-04 -1.007658892283559e+00
45 36 -1.000284581339134e+00 -1.908387869144045e-03 -8.702447487205583e-04 -1.007664885887908e+00
45 37 -1.000283769582371e+00 -1.906619646643809e-03 -8.712301868034964e-04 -1.007670997762725e+00
45 38 -1.000282943327568e+00 -1.904847123980123e-03 -8.722757076568543e-04 -1.007677172775665e+00
45 39 -1.000282111252382e+00 -1.903086353192407e-03 -8.733730279637639e-04 -1.007683354117818e+00
45 40 -1.000281282196028e+00 -1.901353886640985e-03 -8.745107986430205e-04 -1.007689483546448e+00
45 41 -1.000280465064027e+00 -1.899666659974536e-03 -8.756746568600723e-04 -1.007695501811963e+00
45 42 -1.000279668721910e+00 -1.898041824442321e-03 -8.768474413220067e-04 -1.007701349218562e+00
45 43 -1.000278901884625e+00 -1.896496550803982e-03 -8.780095691100408e-04 -1.007706966238144e+00
45 44 -1.000278173007010e+00 -1.895047824073545e-03 -8.791395567249811e-04 -1.007712294114359e+00
45 45 -1.000277490176253e+00 -1.893712234510145e-03 -8.802146592730213e-04 -1.007717275448980e+00
45 46 -1.000276861002655e+00 -1.892505753846546e-03 -8.812115990130069e-04 -1.007721854825418e+00
45 47 -1.000276292503804e+00 -1.891443477664584e-03 -8.821073540205123e-04 -1.007725979553525e+00
45 48 -1.000275790981221e+00 -1.890539321246364e-03 -8.828799764672044e-04 -1.007729600593103e+00
45 49 -1.000275361895041e+00 -1.889805673621716e-03 -8.835094074796787e-04 -1.007732673644836e+00
45 50 -1.000275009747007e+00 -1.889253033043746e-03 -8.839782533004272e-04 -1.007735160325104e+00
45 51 -1.000274737982759e+00 -1.888889658243504e-03 -8.842724876533761e-04 -1.007737029297789e+00
45 52 -1.000274548921726e+00 -1.888721270454806e-03 -8.843820486763241e-04 -1.007738257233774e+00
45 53 -1.000274443718967e+00 -1.888750833057575e-03 -8.843013036390557e-04 -1.007738829501654e+00
45 54 -1.000274422360066e+00 -1.888978423829853e-03 -8.840293569722651e-04 -1.007738740543462e+00
45 55 -1.000274483689153e+00 -1.889401205794164e-03 -8.835701747807700e-04 -1.007737993931160e+00
45 56 -1.000274625471899e+00 -1.890013499955143e-03 -8.829324961133180e-04 -1.007736602115664e+00
45 57 -1.000274844496778e+00 -1.890806963026697e-03 -8.821295075753040e-04 -1.007734585878794e+00
45 58 -1.000275136715069e+00 -1.891770867281771e-03 -8.811782814216879e-04 -1.007731973507991e+00
45 59 -1.000275497411440e+00 -1.892892464055041e-03 -8.800990156657444e-04 -1.007728799751521e+00
45 60 -1.000275921386390e+00 -1.894157392783422e-03 -8.789141536368684e-04 -1.007725104664816e+00
45 61 -1.000276403125654e+00 -1.895550084696714e-03 -8.776474814211697e-04 -1.007720932493791e+00
45 62 -1.000276936933792e+00 -1.897054112710723e-03 -8.763232934937693e-04 -1.007716330732862e+00
45 63 -1.000277517019706e+00 -1.898652458178115e-03 -8.749656820561153e-04 -1.007711349438247e+00
46 0 -1.000277312657388e+00 -1.899523719336523e-03 -8.762155859013394e-04 -1.007708293741830e+00
46 1 -1.000277957074168e+00 -1.901233631179416e-03 -8.748660652602193e-04 -1.007702787656904e+00
46 2 -1.000278630869562e+00 -1.902986273003431e-03 -8.735472653880378e-04 -1.007697057968539e+00
46 3 -1.000279328178831e+00 -1.904763928866240e-03 -8.722775295884767e-04 -1.007691160947982e+00
46 4 -1.000280043160785e+00 -1.906549037770496e-03 -8.710728499875757e-04 -1.007685153518321e+00
46 5 -1.000280770050595e+00 -1.908324399615290e-03 -8.699465995449746e-04 -1.007679092593227e+00
46 6 -1.000281503206846e+00 -1.910073373238073e-03 -8.689093733785931e-04 -1.007673034414075e+00
46 7 -1.000282237132592e+00 -1.911780028849839e-03 -8.679689743546077e-04 -1.007667034014253e+00
46 8 -1.000282966459171e+00 -1.913429234086890e-03 -8.671305452510249e-04 -1.007661144887021e+00
46 9 -1.000283685897318e+00 -1.915006681723862e-03 -8.663968115527470e-04 -1.007655418838532e+00
46 10 -1.000284390175028e+00 -1.916498892284409e-03 -8.657683747146007e-04 -1.007649905921186e+00
46 11 -1.000285073988064e+00 -1.917893233156426e-03 -8.652439964810486e-04 -1.007644654310151e+00
46 12 -1.000285731984035e+00 -1.919177983918882e-03 -8.648208378340976e-04 -1.007639710022132e+00
46 13 -1.000286358787294e+00 -1.920342452074717e-03 -8.644946495553649e-04 -1.007635116459131e+00
46 14 -1.000286949055745e+00 -1.921377116358171e-03 -8.642599414606801e-04 -1.007630913850412e+00
46 15 -1.000287497549458e+00 -1.922273758369197e-03 -8.641101726397296e-04 -1.007627138721654e+00
46 16 -1.000287999189620e+00 -1.923025544824208e-03 -8.640379996914805e-04 -1.007623823515682e+00
46 17 -1.000288449095660e+00 -1.923627041062176e-03 -8.640355971711694e-04 -1.007620996427160e+00
46 18 -1.000288842603502e+00 -1.924074162060866e-03 -8.640950356605151e-04 -1.007618681425926e+00
46 19 -1.000289175281220e+00 -1.924364087584973e-03 -8.642086809244299e-04 -1.007616898374352e+00
46 20 -1.000289442963342e+00 -1.924495174985319e-03 -8.643695698959931e-04 -1.007615663122861e+00
46 21 -1.000289641819702e+00 -1.924466896174371e-03 -8.645717261129466e-04 -1.007614987496849e+00
46 22 -1.000289768461989e+00 -1.924279810157904e-03 -8.648103943910063e-04 -1.007614879146673e+00
46 23 -1.000289820077021e+00 -1.923935567213971e-03 -8.650821946058624e-04 -1.007615341290503e+00
46 24 -1.000289794566311e+00 -1.923436931911256e-03 -8.653852086650639e-04 -1.007616372413482e+00
46 25 -1.000289690670334e+00 -1.922787811712340e-03 -8.657190168484659e-04 -1.007617965987422e+00
46 26 -1.000289508062172e+00 -1.921993282584116e-03 -8.660846900486426e-04 -1.007620110254708e+00
46 27 -1.000289247404457e+00 -1.921059606892993e-03 -8.664847295305856e-04 -1.007622788100443e+00
46 28 -1.000288910370853e+00 -1.919994238264643e-03 -8.669229339760276e-04 -1.007625977033296e+00
46 29 -1.000288499636157e+00 -1.918805804451460e-03 -8.674041713790400e-04 -1.007629649303891e+00
46 30 -1.000288018838728e+00 -1.917504057420053e-03 -8.679340437974586e-04 -1.007633772191924e+00
46 31 -1.000287472518180e+00 -1.916099784261065e-03 -8.685184533264194e-04 -1.007638308472936e+00
46 32 -1.000286866032431e+00 -1.914604683960578e-03 -8.691630990239503e-04 -1.007643217031123e+00
46 33 -1.000286205461434e+00 -1.913031229478377e-03 -8.698729465139149e-04 -1.007648453532137e+00
46 34 -1.000285497507879e+00 -1.911392544191697e-03 -8.706517102772784e-04 -1.007653971037881e+00
46 35 -1.000284749405227e+00 -1.909702319497564e-03 -8.715013773268167e-04 -1.007659720457819e+00
46 36 -1.000283968839150e+00 -1.907974785120754e-03 -8.724217879177869e-04 -1.007665650790922e+00
46 37 -1.000283163881511e+00 -1.906224721865388e-03 -8.734102805006891e-04 -1.007671709194598e+00
46 38 -1.000282342929570e+00 -1.904467488102336e-03 -8.744614076611394e-04 -1.007677840984571e+00
46 39 -1.000281514640194e+00 -1.902719023964859e-03 -8.755667373137420e-04 -1.007683989693610e+00
46 40 -1.000280687850542e+00 -1.900995803695616e-03 -8.767147637337491e-04 -1.007690097289242e+00
46 41 -1.000279871482317e+00 -1.899314724045773e-03 -8.778909571066683e-04 -1.007696104584549e+00
46 42 -1.000279074433144e+00 -1.897692937207608e-03 -8.790779724095143e-04 -1.007701951802896e+00
46 43 -1.000278305462502e+00 -1.896147650040616e-03 -8.802560217805211e-04 -1.007707579214421e+00
46 44 -1.000277573078629e+00 -1.894695910384906e-03 -8.814033975946416e-04 -1.007712927772449e+00
46 45 -1.000276885427950e+00 -1.893354388120132e-03 -8.824971216336470e-04 -1.007717939732634e+00
46 46 -1.000276250183939e+00 -1.892139143179526e-03 -8.835136886640489e-04 -1.007722559299245e+00
46 47 -1.000275674431203e+00 -1.891065365070397e-03 -8.844298686879089e-04 -1.007726733372843e+00
46 48 -1.000275164543739e+00 -1.890147072604312e-03 -8.852235309863713e-04 -1.007730412455511e+00
46 49 -1.000274726061595e+00 -1.889396776068485e-03 -8.858744544408266e-04 -1.007733551713913e+00
46 50 -1.000274363574923e+00 -1.888825120907239e-03 -8.863650908315677e-04 -1.007736112131835e+00
46 51 -1.000274080626425e+00 -1.888440544722829e-03 -8.866812505133096e-04 -1.007738061632255e+00
46 52 -1.000273879641356e+00 -1.888248982034912e-03 -8.868126844360141e-04 -1.007739376037863e+00
46 53 -1.000273761889707e+00 -1.888253643274277e-03 -8.867535417731976e-04 -1.007740039771285e+00
46 54 -1.000273727480948e+00 -1.888454882379964e-03 -8.865026831121211e-04 -1.007740046248941e+00
46 55 -1.000273775390770e+00 -1.888850159329516e-03 -8.860638222526298e-04 -1.007739397963093e+00
46 56 -1.000273903521415e+00 -1.889434102331721e-03 -8.854454616559851e-04 -1.007738106260659e+00
46 57 -1.000274108798815e+00 -1.890198674033776e-03 -8.846605904955506e-04 -1.007736190827926e+00
46 58 -1.000274387307167e+00 -1.891133439831471e-03 -8.837261384085801e-04 -1.007733678901268e+00
46 59 -1.000274734453937e+00 -1.892225921805785e-03 -8.826622185041620e-04 -1.007730604257027e+00
46 60 -1.000275145148777e+00 -1.893462003119848e-03 -8.814912356086118e-04 -1.007727006080654e+00
46 61 -1.000275613972988e+00 -1.894826333471024e-03 -8.802369622702914e-04 -1.007722927852891e+00
46 62 -1.000276135316403e+00 -1.896302685444003e-03 -8.789236819559298e-04 -1.007718416392969e+00
46 63 -1.000276703467464e+00 -1.897874228724594e-03 -8.775754643294635e-04 -1.007713521149705e+00
47 0 -1.000276511980527e+00 -1.898657403458071e-03 -8.792720523825887e-04 -1.007710572808097e+00
47 1 -1.000277145269497e+00 -1.900342424032772e-03 -8.779274056097987e-04 -1.007705145702584e+00
47 2 -1.000277808574143e+00 -1.902071227754477e-03 -8.766121129324255e-04 -1.007699490254002e+00
47 3 -1.000278496104617e+00 -1.903826252945467e-03 -8.753445450027358e-04 -1.007693662287876e+00
47 4 -1.000279202086613e+00 -1.905590076975773e-03 -8.741407402786513e-04 -1.007687718347241e+00
47 5 -1.000279920813060e+00 -1.907345623700870e-03 -8.730141271213666e-04 -1.007681715026233e+00
47 6 -1.000280646693309e+00 -1.909076368662862e-03 -8.719753478893224e-04 -1.007675708283568e+00
47 7 -1.000281374279305e+00 -1.910766503060529e-03 -8.710322268036595e-04 -1.007669752867812e+00
47 8 -1.000282098255984e+00 -1.912401032524521e-03 -8.701898910610183e-04 -1.007663901940494e+00
47 9 -1.000282813397687e+00 -1.913965813364961e-03 -8.694510146051938e-04 -1.007658206896483e+00
47 10 -1.000283514507024e+00 -1.915447554381348e-03 -8.688161253216179e-04 -1.007652717295101e+00
47 11 -1.000284196361007e+00 -1.916833825108069e-03 -8.682839111155005e-04 -1.007647480768906e+00
47 12 -1.000284853687150e+00 -1.918113104866858e-03 -8.678514792604080e-04 -1.007642542794750e+00
47 13 -1.000285481179901e+00 -1.919274882985591e-03 -8.675145580339090e-04 -1.007637946289414e+00
47 14 -1.000286073550964e+00 -1.920309790807749e-03 -8.672676654398788e-04 -1.007633731090809e+00
47 15 -1.000286625594455e+00 -1.921209726690950e-03 -8.671042911252296e-04 -1.007629933450868e+00
47 16 -1.000287132245502e+00 -1.921967935541080e-03 -8.670171351882114e-04 -1.007626585665368e+00
47 17 -1.000287588619114e+00 -1.922579021857580e-03 -8.669984243131218e-04 -1.007623715907685e+00
47 18 -1.000287990030012e+00 -1.923038899439249e-03 -8.670402942603904e-04 -1.007621348252316e+00
47 19 -1.000288332007353e+00 -1.923344701571934e-03 -8.671352019049466e-04 -1.007619502804753e+00
47 20 -1.000288610325076e+00 -1.923494685763083e-03 -8.672763178294951e-04 -1.007618195821607e+00
47 21 -1.000288821065582e+00 -1.923488163592340e-03 -8.674578542805210e-04 -1.007617439721432e+00
47 22 -1.000288960722469e+00 -1.923325471158826e-03 -8.676753012404479e-04 -1.007617242944474e+00
47 23 -1.000289026333052e+00 -1.923007977384671e-03 -8.679255684572308e-04 -1.007617609686856e+00
47 24 -1.000289015620760e+00 -1.922538115844148e-03 -8.682070517918979e-04 -1.007618539575839e+00
47 25 -1.000288927125437e+00 -1.921919424393588e-03 -8.685196480282512e-04 -1.007620027355736e+00
47 26 -1.000288760304944e+00 -1.921156581554563e-03 -8.688647320167130e-04 -1.007622062634573e+00
47 27 -1.000288515600134e+00 -1.920255433139220e-03 -8.692450914418381e-04 -1.007624629722140e+00
47 28 -1.000288194463058e+00 -1.919223003932468e-03 -8.696647980868131e-04 -1.007627707581495e+00
47 29 -1.000287799352578e+00 -1.918067487794115e-03 -8.701289881767284e-04 -1.007631269917052e+00
47 30 -1.000287333701818e+00 -1.916798207831056e-03 -8.706435323462733e-04 -1.007635285424155e+00
47 31 -1.000286801860625e+00 -1.915425540272450e-03 -8.712145969988765e-04 -1.007639718213139e+00
47 32 -1.000286209016575e+00 -1.913960804482677e-03 -8.718481251393135e-04 -1.007644528384036e+00
47 33 -1.000285561101246e+00 -1.912416135166610e-03 -8.725492834207909e-04 -1.007649672675414e+00
47 34 -1.000284864691932e+00 -1.910804363361565e-03 -8.733219243289049e-04 -1.007655105073388e+00
47 35 -1.000284126919181e+00 -1.909138932326742e-03 -8.741680997555564e-04 -1.007660777273873e+00
47 36 -1.000283355386685e+00 -1.907433861585139e-03 -8.750876443071980e-04 -1.007666638945139e+00
47 37 -1.000282558103545e+00 -1.905703752748911e-03 -8.760778333560099e-04 -1.007672637814685e+00
47 38 -1.000281743422575e+00 -1.903963812438735e-03 -8.771331172084828e-04 -1.007678719672893e+00
47 39 -1.000280919974486e+00 -1.902229857753284e-03 -8.782449388800598e-04 -1.007684828419521e+00
47 40 -1.000280096588538e+00 -1.900518273051319e-03 -8.794016541996037e-04 -1.007690906262389e+00
47 41 -1.000279282195802e+00 -1.898845902763320e-03 -8.805885810796340e-04 -1.007696894114912e+00
47 42 -1.000278485718306e+00 -1.897229885739345e-03 -8.817882024364258e-04 -1.007702732162057e+00
47 43 -1.000277715951658e+00 -1.895687450874131e-03 -8.829805337211463e-04 -1.007708360515915e+00
47 44 -1.000276981447917e+00 -1.894235694633907e-03 -8.841436475973837e-04 -1.007713719886521e+00
47 45 -1.000276290401277e+00 -1.892891350839161e-03 -8.852543322152199e-04 -1.007718752239737e+00
47 46 -1.000275650534864e+00 -1.891670549577958e-03 -8.862888487769625e-04 -1.007723401470332e+00
47 47 -1.000275068985156e+00 -1.890588553358257e-03 -8.872237481216807e-04 -1.007727614153729e+00
47 48 -1.000274552182109e+00 -1.889659459484023e-03 -8.880367041850925e-04 -1.007731340435286e+00
47 49 -1.000274105727767e+00 -1.888895868839310e-03 -8.887073244006011e-04 -1.007734535068469e+00
47 50 -1.000273734281749e+00 -1.888308537865414e-03 -8.892179027696946e-04 -1.007737158543049e+00
47 51 -1.000273441464865e+00 -1.887906043475721e-03 -8.895540889590344e-04 -1.007739178188612e+00
47 52 -1.000273229790205e+00 -1.887694493037341e-03 -8.897054544521285e-04 -1.007740569126689e+00
47 53 -1.000273100625944e+00 -1.887677304145343e-03 -8.896659414798421e-04 -1.007741314975761e+00
47 54 -1.000273054190096e+00 -1.887855068683882e-03 -8.894341782985809e-04 -1.007741408260530e+00
47 55 -1.000273089576718e+00 -1.888225508891953e-03 -8.890136344944100e-04 -1.007740850513952e+00
47 56 -1.000273204814673e+00 -1.888783530873033e-03 -8.884125789439647e-04 -1.007739652078899e+00
47 57 -1.000273396961186e+00 -1.889521379764338e-03 -8.876438033873749e-04 -1.007737831622534e+00
47 58 -1.000273662230674e+00 -1.890428895655551e-03 -8.867240962111557e-04 -1.007735415384545e+00
47 59 -1.000273996153532e+00 -1.891493856836018e-03 -8.856734926849395e-04 -1.007732436204475e+00
47 60 -1.000274393750757e+00 -1.892702378474737e-03 -8.845143753221823e-04 -1.007728932416375e+00
47 61 -1.000274849702507e+00 -1.894039318539365e-03 -8.832705305175873e-04 -1.007724946742093e+00
47 62 -1.000275358487249e+00 -1.895488639615593e-03 -8.819662685486746e-04 -1.007720525324433e+00
47 63 -1.000275914475985e+00 -1.897033690838778e-03 -8.806256805591065e-04 -1.007715716997797e+00
48 0 -1.000275743560102e+00 -1.897736642312522e-03 -8.827353713988201e-04 -1.007712859327248e+00
48 1 -1.000276365296800e+00 -1.899396521550321e-03 -8.813944020872512e-04 -1.007707513828975e+00
48 2 -1.000277017554445e+00 -1.901100873671724e-03 -8.800816749686944e-04 -1.007701936374864e+00
48 3 -1.000277694625709e+00 -1.902832296709911e-03 -8.788156198903786e-04 -1.007696182290853e+00
48 4 -1.000278390812653e+00 -1.904573516377624e-03 -8.776123509190818e-04 -1.007690307672674e+00
48 5 -1.000279100476476e+00 -1.906307593394536e-03 -8.764853800057190e-04 -1.007684368719929e+00
48 6 -1.000279818087781e+00 -1.908018134430497e-03 -8.754454242057492e-04 -1.007678421031445e+00
48 7 -1.000280538257239e+00 -1.909689467426308e-03 -8.745003535016905e-04 -1.007672518993523e+00
48 8 -1.000281255732390e+00 -1.911306753542893e-03 -8.736552966167152e-04 -1.007666715358331e+00
48 9 -1.000281965359394e+00 -1.912856032210066e-03 -8.729128819651731e-04 -1.007661061031875e+00
48 10 -1.000282662023326e+00 -1.914324222695208e-03 -8.722735568824192e-04 -1.007655605001330e+00
48 11 -1.000283340590872e+00 -1.915699122879874e-03 -8.717359152379409e-04 -1.007650394271076e+00
48 12 -1.000283995879218e+00 -1.916969443115738e-03 -8.712969784179944e-04 -1.007645473681869e+00
48 13 -1.000284622663843e+00 -1.918124890022141e-03 -8.709524112204276e-04 -1.007640885560706e+00
48 14 -1.000285215721369e+00 -1.919156284807965e-03 -8.706966946469968e-04 -1.007636669248390e+00
48 15 -1.000285769890502e+00 -1.920055680103579e-03 -8.705233029201837e-04 -1.007632860620284e+00
48 16 -1.000286280130351e+00 -1.920816437191988e-03 -8.704249328931132e-04 -1.007629491723178e+00
48 17 -1.000286741561529e+00 -1.921433239657537e-03 -8.703938132431322e-04 -1.007626590604581e+00
48 18 -1.000287149488053e+00 -1.921902042140852e-03 -8.704220888695156e-04 -1.007624181335455e+00
48 19 -1.000287499411766e+00 -1.922219975531252e-03 -8.705022451281969e-04 -1.007622284152189e+00
48 20 -1.000287787059567e+00 -1.922385243753589e-03 -8.706275179859542e-04 -1.007620915599474e+00
48 21 -1.000288008442316e+00 -1.922397045932055e-03 -8.707922368283488e-04 -1.007620088565189e+00
48 22 -1.000288159953088e+00 -1.922255542511345e-03 -8.709920660558147e-04 -1.007619812156049e+00
48 23 -1.000288238497457e+00 -1.921961864484468e-03 -8.712241407225119e-04 -1.007620091432590e+00
48 24 -1.000288241637258e+00 -1.921518151595256e-03 -8.714871165306019e-04 -1.007620927067567e+00
48 25 -1.000288167725838e+00 -1.920927601939276e-03 -8.717811642500646e-04 -1.007622315001206e+00
48 26 -1.000288016016836e+00 -1.920194518814311e-03 -8.721079302147224e-04 -1.007624246152414e+00
48 27 -1.000287786736765e+00 -1.919324346129508e-03 -8.724704640305606e-04 -1.007626706223740e+00
48 28 -1.000287481120175e+00 -1.918323687443569e-03 -8.728730930679089e-04 -1.007629675622089e+00
48 29 -1.000287101411350e+00 -1.917200303949334e-03 -8.733212116114044e-04 -1.007633129513452e+00
48 30 -1.000286650837183e+00 -1.915963084822488e-03 -8.738209576214396e-04 -1.007637038033359e+00
48 31 -1.000286133554543e+00 -1.914621983949974e-03 -8.743787719587237e-04 -1.007641366667530e+00
48 32 -1.000285554575625e+00 -1.913187924093966e-03 -8.750008652842680e-04 -1.007646076784570e+00
48 33 -1.000284919677548e+00 -1.911672681452181e-03 -8.756926425235467e-04 -1.007651126252943e+00
48 34 -1.000284235305703e+00 -1.910088773602177e-03 -8.764581418128913e-04 -1.007656470036902e+00
48 35 -1.000283508481069e+00 -1.908449375317707e-03 -8.772995326755796e-04 -1.007662060666425e+00
48 36 -1.000282746718727e+00 -1.906768277432337e-03 -8.782166963436792e-04 -1.007667848519546e+00
48 37 -1.000281957958701e+00 -1.905059886439895e-03 -8.792068925238002e-04 -1.007673781926993e+00
48 38 -1.000281150503384e+00 -1.903339243461759e-03 -8.802645093491705e-04 -1.007679807182080e+00
48 39 -1.000280332951210e+00 -1.901622029307700e-03 -8.813808974029806e-04 -1.007685868581133e+00
48 40 -1.000279514116759e+00 -1.899924524061378e-03 -8.825443002133131e-04 -1.007691908608557e+00
48 41 -1.000278702933030e+00 -1.898263504099838e-03 -8.837399051331336e-04 -1.007697868321188e+00
48 42 -1.000277908338516e+00 -1.896656078591584e-03 -8.849500416411561e-04 -1.007703687912405e+00
48 43 -1.000277139156173e+00 -1.895119481763854e-03 -8.861545442451473e-04 -1.007709307386331e+00
48 44 -1.000276403971627e+00 -1.893670841226685e-03 -8.873312778438498e-04 -1.007714667265726e+00
48 45 -1.000275711014867e+00 -1.892326936309814e-03 -8.884568035837620e-04 -1.007719709290482e+00
48 46 -1.000275068045257e+00 -1.891103947889729e-03 -8.895071494038724e-04 -1.007724377117980e+00
48 47 -1.000274482236347e+00 -1.890017190234387e-03 -8.904586417260340e-04 -1.007728617081913e+00
48 48 -1.000273960057580e+00 -1.889080814058738e-03 -8.912887512189001e-04 -1.007732379071343e+00
48 49 -1.000273507154894e+00 -1.888307480543785e-03 -8.919769071845476e-04 -1.007735617546732e+00
48 50 -1.000273128238394e+00 -1.887708021978994e-03 -8.925052436980167e-04 -1.007738292639909e+00
48 51 -1.000272826988021e+00 -1.887291115964972e-03 -8.928592538355799e-04 -1.007740371232166e+00
48 52 -1.000272605986009e+00 -1.887063001839029e-03 -8.930283398189661e-04 -1.007741827893260e+00
48 53 -1.000272466680411e+00 -1.887027262460571e-03 -8.930062512286964e-04 -1.007742645587659e+00
48 54 -1.000272409380458e+00 -1.887184686642645e-03 -8.927913988750400e-04 -1.007742816093411e+00
48 55 -1.000272433283255e+00 -1.887533220914130e-03 -8.923870199878980e-04 -1.007742340116969e+00
48 56 -1.000272536531774e+00 -1.888068015730907e-03 -8.918011567173352e-04 -1.007741227112831e+00
48 57 -1.000272716305202e+00 -1.888781570084144e-03 -8.910464058357340e-04 -1.007739494825513e+00
48 58 -1.000272968942274e+00 -1.889663975184633e-03 -8.901394154208053e-04 -1.007737168573517e+00
48 59 -1.000273290093896e+00 -1.890703246857502e-03 -8.891001465070806e-04 -1.007734280312644e+00
48 60 -1.000273674892908e+00 -1.891885717548520e-03 -8.879509698396878e-04 -1.007730867557888e+00
48 61 -1.000274118120524e+00 -1.893196441279246e-03 -8.867157058854475e-04 -1.007726972288726e+00
48 62 -1.000274614346658e+00 -1.894619560078829e-03 -8.854187214438852e-04 -1.007722639976639e+00
48 63 -1.000275158027902e+00 -1.896138593749613e-03 -8.840841653397025e-04 -1.007717918836783e+00
49 0 -1.000275015413109e+00 -1.896770026960842e-03 -8.865704508498122e-04 -1.007715133138093e+00
49 1 -1.000275625245290e+00 -1.898404662406060e-03 -8.852321420990011e-04 -1.007709871361702e+00
49 2 -1.000276265960901e+00 -1.900084079998042e-03 -8.839212243706272e-04 -1.007704375221847e+00
49 3 -1.000276931943307e+00 -1.901791044320394e-03 -8.826562133220598e-04 -1.007698699486018e+00
49 4 -1.000277617580839e+00 -1.903508439999284e-03 -8.814533246494753e-04 -1.007692899732026e+00
49 5 -1.000278317313747e+00 -1.905219477554272e-03 -8.803261808593111e-04 -1.007687031687885e+00
49 6 -1.000279025684854e+00 -1.906907909664472e-03 -8.792856007169135e-04 -1.007681150511738e+00
49 7 -1.000279737374109e+00 -1.908558217574886e-03 -8.783395245144099e-04 -1.007675310145222e+00
49 8 -1.000280447201183e+00 -1.910155735420942e-03 -8.774931017158242e-04 -1.007669562851027e+00
49 9 -1.000281150092283e+00 -1.911686703877252e-03 -8.767489257970807e-04 -1.007663958970344e+00
49 10 -1.000281841022614e+00 -1.913138273136772e-03 -8.761073617839863e-04 -1.007658546841747e+00
49 11 -1.000282514956903e+00 -1.914498494576031e-03 -8.755668929709715e-04 -1.007653372756699e+00
49 12 -1.000283166811763e+00 -1.915756339990714e-03 -8.751244245377206e-04 -1.007648480824302e+00
49 13 -1.000283791454434e+00 -1.916901767302877e-03 -8.747755178970241e-04 -1.007643912680133e+00
49 14 -1.000284383737366e+00 -1.917925823326529e-03 -8.745145722377460e-04 -1.007639707065439e+00
49 15 -1.000284938554576e+00 -1.918820751891992e-03 -8.743349993428518e-04 -1.007635899376603e+00
49 16 -1.000285450899586e+00 -1.919580068870076e-03 -8.742294439728504e-04 -1.007632521308159e+00
49 17 -1.000285915908655e+00 -1.920198576177646e-03 -8.741900851133871e-04 -1.007629600678417e+00
49 18 -1.000286328884987e+00 -1.920672309586312e-03 -8.742090206743381e-04 -1.007627161451328e+00
49 19 -1.000286685313875e+00 -1.920998439996773e-03 -8.742787022950622e-04 -1.007625223886275e+00
49 20 -1.000286980888115e+00 -1.921175163471190e-03 -8.743923625103513e-04 -1.007623804698532e+00
49 21 -1.000287211562614e+00 -1.921201615199537e-03 -8.745443742276872e-04 -1.007622917118803e+00
49 22 -1.000287373647503e+00 -1.921077828823013e-03 -8.747305022443263e-04 -1.007622570791763e+00
49 23 -1.000287463934988e+00 -1.920804743640582e-03 -8.749480379757828e-04 -1.007622771520034e+00
49 24 -1.000287479843272e+00 -1.920384247002673e-03 -8.751958373441796e-04 -1.007623520911443e+00
49 25 -1.000287419555584e+00 -1.919819232491969e-03 -8.754742963540192e-04 -1.007624816008023e+00
49 26 -1.000287282135008e+00 -1.919113656391445e-03 -8.757852941131346e-04 -1.007626648965702e+00
49 27 -1.000287067604071e+00 -1.918272581673140e-03 -8.761321118220450e-04 -1.007629006827924e+00
49 28 -1.000286776986927e+00 -1.917302204708297e-03 -8.765193093606648e-04 -1.007631871414517e+00
49 29 -1.000286412317491e+00 -1.916209861384336e-03 -8.769525231630746e-04 -1.007635219341607e+00
49 30 -1.000285976617958e+00 -1.915004007557818e-03 -8.774381509154251e-04 -1.007639022192560e+00
49 31 -1.000285473851269e+00 -1.913694168699996e-03 -8.779829110975242e-04 -1.007643246854105e+00
49 32 -1.000284908851160e+00 -1.912290858907169e-03 -8.785932988902096e-04 -1.007647856003139e+00
49 33 -1.000284287235601e+00 -1.910805479190162e-03 -8.792749893391756e-04 -1.007652808686039e+00
49 34 -1.000283615312290e+00 -1.909250214330408e-03 -8.800322508090082e-04 -1.007658060895481e+00
49 35 -1.000282899986273e+00 -1.907637950963796e-03 -8.808674224850434e-04 -1.007663566042474e+00
49 36 -1.000282148677550e+00 -1.905982233176872e-03 -8.817804859785904e-04 -1.007669275254560e+00
49 37 -1.000281369250671e+00 -1.904297256296478e-03 -8.827687366175113e-04 -1.007675137498734e+00
49 38 -1.000280569950988e+00 -1.902597880816251e-03 -8.838265466035484e-04 -1.007681099602717e+00
49 39 -1.000279759337507e+00 -1.900899635734462e-03 -8.849452138990346e-04 -1.007687106294807e+00
49 40 -1.000278946202492e+00 -1.899218680374792e-03 -8.861129033342377e-04 -1.007693100377349e+00
49 41 -1.000278139472857e+00 -1.897571705433177e-03 -8.873147010064951e-04 -1.007699023097711e+00
49 42 -1.000277348094896e+00 -1.895975771294968e-03 -8.885328099024498e-04 -1.007704814711192e+00
49 43 -1.000276580909128e+00 -1.894448096956416e-03 -8.897469081412533e-04 -1.007710415174534e+00
49 44 -1.000275846523718e+00 -1.893005820036257e-03 -8.909346731613309e-04 -1.007715764889229e+00
49 45 -1.000275153192382e+00 -1.891665744549530e-03 -8.920724534698977e-04 -1.007720805438611e+00
49 46 -1.000274508697480e+00 -1.890444081138927e-03 -8.931360518346778e-04 -1.007725480317805e+00
49 47 -1.000273920234771e+00 -1.889356172918386e-03 -8.941015726436423e-04 -1.007729735705759e+00
49 48 -1.000273394296595e+00 -1.888416197900838e-03 -8.949462812220571e-04 -1.007733521338047e+00
49 49 -1.000272936555081e+00 -1.887636847974658e-03 -8.956494250341589e-04 -1.007736791499601e+00
49 50 -1.000272551752639e+00 -1.887028998083889e-03 -8.961929772848453e-04 -1.007739506093833e+00
49 51 -1.000272243609715e+00 -1.886601389304628e-03 -8.965622799341932e-04 -1.007741631694632e+00
49 52 -1.000272014758521e+00 -1.886360352042451e-03 -8.967465783135004e-04 -1.007743142470601e+00
49 53 -1.000271866707743e+00 -1.886309591666624e-03 -8.967394461116985e-04 -1.007744020886499e+00
49 54 -1.000271799839426e+00 -1.886450051682875e-03 -8.965390944582498e-04 -1.007744258123794e+00
49 55 -1.000271813436813e+00 -1.886779862710812e-03 -8.961485440699435e-04 -1.007743854203480e+00
49 56 -1.000271905741934e+00 -1.887294382171417e-03 -8.955756219058584e-04 -1.007742817821797e+00
49 57 -1.000272074043375e+00 -1.887986329329941e-03 -8.948327358346726e-04 -1.007741165916329e+00
49 58 -1.000272314795046e+00 -1.888846017909483e-03 -8.939363956993903e-04 -1.007738922980080e+00
49 59 -1.000272623763096e+00 -1.889861677986408e-03 -8.929064904920072e-04 -1.007736120157209e+00
49 60 -1.000272996190281e+00 -1.891019840613313e-03 -8.917653859946748e-04 -1.007732794193195e+00
49 61 -1.000273426959237e+00 -1.892305740812608e-03 -8.905369508171423e-04 -1.007728986355581e+00
49 62 -1.000273910733086e+00 -1.893703687905922e-03 -8.892456300926703e-04 -1.007724741458991e+00
49 63 -1.000274442056643e+00 -1.895197362698423e-03 -8.879156587355128e-04 -1.007720107100242e+00
50 0 -1.000274335410000e+00 -1.895766745129796e-03 -8.907395008802600e-04 -1.007717372780861e+00
50 1 -1.000274933071875e+00 -1.897376207332264e-03 -8.894029980944208e-04 -1.007712196230127e+00
50 2 -1.000275561826334e+00 -1.899030365085596e-03 -8.880933052130328e-04 -1.007706784186760e+00
50 3 -1.000276216155715e+00 -1.900712156569965e-03 -8.868290450193806e-04 -1.007701190800292e+00
50 4 -1.000276890544693e+00 -1.902404636203039e-03 -8.856265565577978e-04 -1.007695471058288e+00
50 5 -1.000277579523845e+00 -1.904091178166611e-03 -8.844995960970924e-04 -1.007689680135999e+00
50 6 -1.000278277719827e+00 -1.905755697028685e-03 -8.834591083393007e-04 -1.007683872665308e+00
50 7 -1.000278979892835e+00 -1.907382843840096e-03 -8.825131278471217e-04 -1.007678102058973e+00
50 8 -1.000279680944223e+00 -1.908958141997324e-03 -8.816668461611709e-04 -1.007672420011336e+00
50 9 -1.000280375888512e+00 -1.910468050406199e-03 -8.809228362358446e-04 -1.007666876223566e+00
50 10 -1.000281059798848e+00 -1.911899969975117e-03 -8.802813831349587e-04 -1.007661518308284e+00
50 11 -1.000281727746268e+00 -1.913242229622655e-03 -8.797408468965309e-04 -1.007656391760128e+00
50 12 -1.000282374756017e+00 -1.914484090919503e-03 -8.792979897717243e-04 -1.007651539865522e+00
50 13 -1.000282995797316e+00 -1.915615795134583e-03 -8.789482325607563e-04 -1.007647003471270e+00
50 14 -1.000283585809534e+00 -1.916628649897497e-03 -8.786858485314128e-04 -1.007642820616105e+00
50 15 -1.000284139753405e+00 -1.917515127638300e-03 -8.785041388061742e-04 -1.007639026111426e+00
50 16 -1.000284652667787e+00 -1.918268936915241e-03 -8.783956456647384e-04 -1.007635651195061e+00
50 17 -1.000285119714623e+00 -1.918885035986328e-03 -8.783524463090620e-04 -1.007632723355473e+00
50 18 -1.000285536206004e+00 -1.919359580552340e-03 -8.783665361526304e-04 -1.007630266349261e+00
50 19 -1.000285897621214e+00 -1.919689822820538e-03 -8.784302714873419e-04 -1.007628300352582e+00
50 20 -1.000286199631344e+00 -1.919873995619474e-03 -8.785368125738382e-04 -1.007626842135954e+00
50 21 -1.000286438150085e+00 -1.919911217531951e-03 -8.786805017920037e-04 -1.007625905149619e+00
50 22 -1.000286609421589e+00 -1.919801443871366e-03 -8.788571293089748e-04 -1.007625499448420e+00
50 23 -1.000286710143233e+00 -1.919545469847139e-03 -8.790640715675904e-04 -1.007625631449574e+00
50 24 -1.000286737608460e+00 -1.919144974793310e-03 -8.793003209687433e-04 -1.007626303575624e+00
50 25 -1.000286689848109e+00 -1.918602586843992e-03 -8.795664449994908e-04 -1.007627513864184e+00
50 26 -1.000286565750252e+00 -1.917921948035567e-03 -8.798645120908239e-04 -1.007629255619896e+00
50 27 -1.000286365146310e+00 -1.917107766913509e-03 -8.801980003234198e-04 -1.007631517156971e+00
50 28 -1.000286088860102e+00 -1.916165853037236e-03 -8.805716740905307e-04 -1.007634281656188e+00
50 29 -1.000285738722332e+00 -1.915103130948975e-03 -8.809913899457711e-04 -1.007637527151328e+00
50 30 -1.000285317554820e+00 -1.913927630435181e-03 -8.814637905138183e-04 -1.007641226661316e+00
50 31 -1.000284829128315e+00 -1.912648449116380e-03 -8.819958671881636e-04 -1.007645348480244e+00
50 32 -1.000284278097523e+00 -1.911275686564460e-03 -8.825944081751455e-04 -1.007649856615456e+00
50 33 -1.000283669918599e+00 -1.909820357033214e-03 -8.832653821114364e-04 -1.007654711325657e+00
50 34 -1.000283010757216e+00 -1.908294296951085e-03 -8.840133250443167e-04 -1.007659869673200e+00
50 35 -1.000282307397096e+00 -1.906710087734926e-03 -8.848407934887131e-04 -1.007665285991386e+00
50 36 -1.000281567157171e+00 -1.905081009950988e-03 -8.857479221632728e-04 -1.007670912194371e+00
50 37 -1.000280797819911e+00 -1.903421031615585e-03 -8.867320949931470e-04 -1.007676697919448e+00
50 38 -1.000280007566354e+00 -1.901744816517006e-03 -8.877877180088286e-04 -1.007682590563501e+00
50 39 -1.000279204908282e+00 -1.900067725283518e-03 -8.889060814354167e-04 -1.007688535325075e+00
50 40 -1.000278398607434e+00 -1.898405778778069e-03 -8.900753117362327e-04 -1.007694475368413e+00
50 41 -1.000277597575729e+00 -1.896775562122818e-03 -8.912804311633147e-04 -1.007700352184169e+00
50 42 -1.000276810757291e+00 -1.895194064296497e-03 -8.925035519179007e-04 -1.007706106152967e+00
50 43 -1.000276046999280e+00 -1.893678464719640e-03 -8.937242292051274e-04 -1.007711677255374e+00
50 44 -1.000275314920893e+00 -1.892245886740362e-03 -8.949199824529711e-04 -1.007717005845476e+00
50 45 -1.000274622787378e+00 -1.890913135478958e-03 -8.960669713585269e-04 -1.007722033425638e+00
50 46 -1.000273978390577e+00 -1.889696427477213e-03 -8.971407908941214e-04 -1.007726703410730e+00
50 47 -1.000273388933283e+00 -1.888611109406693e-03 -8.981173339782593e-04 -1.007730961917910e+00
50 48 -1.000272860914375e+00 -1.887671359575948e-03 -8.989736649225553e-04 -1.007734758633376e+00
50 49 -1.000272400015213e+00 -1.886889871578474e-03 -8.996888501272925e-04 -1.007738047780640e+00
50 50 -1.000272010992978e+00 -1.886277530896274e-03 -9.002447036846882e-04 -1.007740789160190e+00
50 51 -1.000271697590253e+00 -1.885843105827247e-03 -9.006264232176435e-04 -1.007742949176937e+00
50 52 -1.000271462470163e+00 -1.885592977911396e-03 -9.008231103047221e-04 -1.007744501746815e+00
50 53 -1.000271307182870e+00 -1.885530933087578e-03 -9.008281809258222e-04 -1.007745428987053e+00
50 54 -1.000271232164385e+00 -1.885658027108396e-03 -9.006396671575718e-04 -1.007745721633645e+00
50 55 -1.000271236765736e+00 -1.885972532649241e-03 -9.002603931592711e-04 -1.007745379170220e+00
50 56 -1.000271319310693e+00 -1.886469973586638e-03 -8.996979867512083e-04 -1.007744409676893e+00
50 57 -1.000271477182053e+00 -1.887143252089055e-03 -8.989646770151935e-04 -1.007742829414555e+00
50 58 -1.000271706936941e+00 -1.887982871517884e-03 -8.980768404334216e-04 -1.007740662162871e+00
50 59 -1.000272004448436e+00 -1.888977248327168e-03 -8.970542968018044e-04 -1.007737938345045e+00
50 60 -1.000272365064347e+00 -1.890113089178693e-03 -8.959194116139528e-04 -1.007734694005434e+00
50 61 -1.000272783766775e+00 -1.891375791544894e-03 -8.946961110596890e-04 -1.007730969746342e+00
50 62 -1.000273255312276e+00 -1.892749817255774e-03 -8.934089343630630e-04 -1.007726809752615e+00
50 63 -1.000273774335563e+00 -1.894218996584464e-03 -8.920822243669050e-04 -1.007722261012931e+00
51 0 -1.000273711151657e+00 -1.894736459340286e-03 -8.952024419874747e-04 -1.007719555806202e+00
51 1 -1.000274296479185e+00 -1.896321020011956e-03 -8.938670249372021e-04 -1.007714465267909e+00
51 2 -1.000274912945645e+00 -1.897949780825484e-03 -8.925581210161068e-04 -1.007709139450319e+00
51 3 -1.000275555140237e+00 -1.899605859923750e-03 -8.912944758982583e-04 -1.007703631828736e+00
51 4 -1.000276217654050e+00 -1.901272492857470e-03 -8.900925674536269e-04 -1.007697996727368e+00
51 5 -1.000276895119670e+00 -1.902933232487611e-03 -8.889663026181069e-04 -1.007692288683784e+00
51 6 -1.000277582259633e+00 -1.904572171577263e-03 -8.879267719186464e-04 -1.007686561715704e+00
51 7 -1.000278273925439e+00 -1.906174146745318e-03 -8.869821267528213e-04 -1.007680868623610e+00
51 8 -1.000278965109699e+00 -1.907724886012070e-03 -8.861376227305745e-04 -1.007675260455692e+00
51 9 -1.000279650923651e+00 -1.909211082972136e-03 -8.853958284844193e-04 -1.007669786197301e+00
51 10 -1.000280326546173e+00 -1.910620408045304e-03 -8.847569546782846e-04 -1.007664492658260e+00
51 11 -1.000280987162360e+00 -1.911941489517928e-03 -8.842192302914648e-04 -1.007659424456818e+00
51 12 -1.000281627914511e+00 -1.913163904523535e-03 -8.837792530950050e-04 -1.007654623971140e+00
51 13 -1.000282243883724e+00 -1.914278208362143e-03 -8.834322694778953e-04 -1.007650131163615e+00
51 14 -1.000282830107660e+00 -1.915276004554365e-03 -8.831723838111529e-04 -1.007645983265392e+00
51 15 -1.000283381625637e+00 -1.916150031358470e-03 -8.829927383758836e-04 -1.007642214395164e+00
51 16 -1.000283893533088e+00 -1.916894227287702e-03 -8.828857228001997e-04 -1.007638855230153e+00
51 17 -1.000284361028033e+00 -1.917503744040772e-03 -8.828432610091348e-04 -1.007635932828863e+00
51 18 -1.000284779441604e+00 -1.917974895431993e-03 -8.828571911008523e-04 -1.007633470639566e+00
51 19 -1.000285144257751e+00 -1.918305055303796e-03 -8.829197132082364e-04 -1.007631488649860e+00
51 20 -1.000285451137729e+00 -1.918492535994727e-03 -8.830238475966290e-04 -1.007630003574697e+00
51 21 -1.000285695967796e+00 -1.918536484610761e-03 -8.831638331470058e-04 -1.007629028966391e+00
51 22 -1.000285874942345e+00 -1.918436825278656e-03 -8.833354105671098e-04 -1.007628575165091e+00
51 23 -1.000285984682217e+00 -1.918194256797206e-03 -8.835359686640294e-04 -1.007628649073826e+00
51 24 -1.000286022375173e+00 -1.917810296182096e-03 -8.837645698337795e-04 -1.007629253804955e+00
51 25 -1.000285985918091e+00 -1.917287347558310e-03 -8.840218959094840e-04 -1.007630388277887e+00
51 26 -1.000285874040908e+00 -1.916628774911980e-03 -8.843101578697158e-04 -1.007632046846197e+00
51 27 -1.000285686398805e+00 -1.915838963338078e-03 -8.846329926088751e-04 -1.007634219009354e+00
51 28 -1.000285423627781e+00 -1.914923361443933e-03 -8.849953368764311e-04 -1.007636889238795e+00
51 29 -1.000285087365232e+00 -1.913888502898528e-03 -8.854032397294515e-04 -1.007640036932686e+00
51 30 -1.000284680239886e+00 -1.912742005941853e-03 -8.858635669670168e-04 -1.007643636510537e+00
51 31 -1.000284205835047e+00 -1.911492548316405e-03 -8.863835699959511e-04 -1.007647657657440e+00
51 32 -1.000283668628633e+00 -1.910149816255493e-03 -8.869703290099641e-04 -1.007652065712702e+00
51 33 -1.000283073914868e+00 -1.908724432254550e-03 -8.876301191068352e-04 -1.007656822163848e+00
51 34 -1.000282427715261e+00 -1.907227874620222e-03 -8.883677713911373e-04 -1.007661885169161e+00
51 35 -1.000281736688424e+00 -1.905672406645582e-03 -8.891860999002982e-04 -1.007667210015117e+00
51 36 -1.000281008046944e+00 -1.904071030679563e-03 -8.900854411388093e-04 -1.007672749435245e+00
51 37 -1.000280249484670e+00 -1.902437471951840e-03 -8.910633192705081e-04 -1.007678453770960e+00
51 38 -1.000279469110877e+00 -1.900786181795441e-03 -8.921142246522754e-04 -1.007684271023387e+00
51 39 -1.000278675382035e+00 -1.899132335910334e-03 -8.932294877809159e-04 -1.007690146899987e+00
51 40 -1.000277877020441e+00 -1.897491797845033e-03 -8.943972427420923e-04 -1.007696024974140e+00
51 41 -1.000277082912934e+00 -1.895881024838990e-03 -8.956024925455278e-04 -1.007701847039732e+00
51 42 -1.000276301990348e+00 -1.894316909068072e-03 -8.968273020017805e-04 -1.007707553674334e+00
51 43 -1.000275543094822e+00 -1.892816563387074e-03 -8.980511453585319e-04 -1.007713084960641e+00
51 44 -1.000274814844530e+00 -1.891397069497464e-03 -8.992514235136833e-04 -1.007718381286904e+00
51 45 -1.000274125503373e+00 -1.890075206220582e-03 -9.004041421046520e-04 -1.007723384159965e+00
51 46 -1.000273482858594e+00 -1.888867168643835e-03 -9.014847157173045e-04 -1.007728037005460e+00
51 47 -1.000272894104914e+00 -1.887788279751636e-03 -9.024688446954022e-04 -1.007732285975794e+00
51 48 -1.000272365731918e+00 -1.886852690463034e-03 -9.033334038992520e-04 -1.007736080811803e+00
51 49 -1.000271903413630e+00 -1.886073066616553e-03 -9.040572857359322e-04 -1.007739375789559e+00
51 50 -1.000271511904578e+00 -1.885460271813791e-03 -9.046221511507445e-04 -1.007742130732758e+00
51 51 -1.000271194951416e+00 -1.885023066021221e-03 -9.050130616693055e-04 -1.007744312013908e+00
51 52 -1.000270955229874e+00 -1.884767843706968e-03 -9.052189883875729e-04 -1.007745893439394e+00
51 53 -1.000270794313010e+00 -1.884698430906365e-03 -9.052332087361262e-04 -1.007746856926404e+00
51 54 -1.000270712671704e+00 -1.884815953287972e-03 -9.050535988790780e-04 -1.007747192916771e+00
51 55 -1.000270709705367e+00 -1.885118782456948e-03 -9.046828097392818e-04 -1.007746900509531e+00
51 56 -1.000270783800726e+00 -1.885602566485837e-03 -9.041282898785553e-04 -1.007745987317579e+00
51 57 -1.000270932417773e+00 -1.886260350616377e-03 -9.034021040430533e-04 -1.007744469064360e+00
51 58 -1.000271152202428e+00 -1.887082791571987e-03 -9.025205042441697e-04 -1.007742368941287e+00
51 59 -1.000271439123451e+00 -1.888058460290042e-03 -9.015032459956034e-04 -1.007739716757678e+00
51 60 -1.000271788625942e+00 -1.889174211986431e-03 -9.003726985769362e-04 -1.007736547942502e+00
51 61 -1.000272195787055e+00 -1.890415584214166e-03 -8.991528526652516e-04 -1.007732902496008e+00
51 62 -1.000272655455052e+00 -1.891767173193423e-03 -8.978683535552109e-04 -1.007728824015048e+00
51 63 -1.000273162354775e+00 -1.893212944797852e-03 -8.965436685857276e-04 -1.007724358901809e+00
52 0 -1.000273149838319e+00 -1.893689169809558e-03 -8.999173093306195e-04 -1.007721659166006e+00
52 1 -1.000273722784348e+00 -1.895249329541344e-03 -8.985823552250900e-04 -1.007716654605683e+00
52 2 -1.000274326745219e+00 -1.896852776188200e-03 -8.972739212698703e-04 -1.007711416370555e+00
52 3 -1.000274956424179e+00 -1.898482813407982e-03 -8.960108853118903e-04 -1.007705997210404e+00
52 4 -1.000275606528423e+00 -1.900122869162358e-03 -8.948098719222429e-04 -1.007700450715135e+00
52 5 -1.000276271804016e+00 -1.901756689871137e-03 -8.936849483869950e-04 -1.007694830701254e+00
52 6 -1.000276947081288e+00 -1.903368562374346e-03 -8.926473654682443e-04 -1.007689190485952e+00
52 7 -1.000277627314220e+00 -1.904943524410657e-03 -8.917054102916057e-04 -1.007683582174135e+00
52 8 -1.000278307596492e+00 -1.906467523928545e-03 -8.908644224110784e-04 -1.007678056089111e+00
52 9 -1.000278983144417e+00 -1.907927504751632e-03 -8.901269824368766e-04 -1.007672660425999e+00
52 10 -1.000279649249837e+00 -1.909311423296592e-03 -8.894932352617581e-04 -1.007667441120303e+00
52 11 -1.000280301218839e+00 -1.910608226275498e-03 -8.889612761985070e-04 -1.007662441840466e+00
52 12 -1.000280934318659e+00 -1.911807830176051e-03 -8.885275222013958e-04 -1.007657703974042e+00
52 13 -1.000281543751893e+00 -1.912901133759942e-03 -8.881870153604236e-04 -1.007653266504249e+00
52 14 -1.000282124665673e+00 -1.913880070201364e-03 -8.879336510696238e-04 -1.007649165751006e+00
52 15 -1.000282672189738e+00 -1.914737679410026e-03 -8.877603670644361e-04 -1.007645435034340e+00
52 16 -1.000283181487786e+00 -1.915468166330053e-03 -8.876593520421869e-04 -1.007642104366356e+00
52 17 -1.000283647805133e+00 -1.916066913023059e-03 -8.876223262869511e-04 -1.007639200272669e+00
52 18 -1.000284066502763e+00 -1.916530429019139e-03 -8.876409168713572e-04 -1.007636745791085e+00
52 19 -1.000284433080086e+00 -1.916856248473444e-03 -8.877071089553788e-04 -1.007634760618044e+00
52 20 -1.000284743200092e+00 -1.917042803771376e-03 -8.878137176944364e-04 -1.007633261306757e+00
52 21 -1.000284992734930e+00 -1.917089313714436e-03 -8.879548074356147e-04 -1.007632261398025e+00
52 22 -1.000285177844837e+00 -1.916995716849216e-03 -8.881259950502345e-04 -1.007631771395652e+00
52 23 -1.000285295091723e+00 -1.916762662122073e-03 -8.883246082944909e-04 -1.007631798562589e+00
52 24 -1.000285341576370e+00 -1.916391549710624e-03 -8.885497116856054e-04 -1.007632346576539e+00
52 25 -1.000285315080460e+00 -1.915884602406736e-03 -8.888020423437601e-04 -1.007633415120261e+00
52 26 -1.000285214193663e+00 -1.915244944930319e-03 -8.890839044838894e-04 -1.007634999487102e+00
52 27 -1.000285038411205e+00 -1.914476673418421e-03 -8.893990527702718e-04 -1.007637090264201e+00
52 28 -1.000284788195561e+00 -1.913584905858935e-03 -8.897525608485888e-04 -1.007639673128610e+00
52 29 -1.000284465003065e+00 -1.912575811278884e-03 -8.901506385525661e-04 -1.007642728770739e+00
52 30 -1.000284071279463e+00 -1.911456617860540e-03 -8.906003472437408e-04 -1.007646232952954e+00
52 31 -1.000283610428403e+00 -1.910235599094402e-03 -8.911091772366402e-04 -1.007650156710813e+00
52 32 -1.000283086756322e+00 -1.908922036944616e-03 -8.916844893478819e-04 -1.007654466693584e+00
52 33 -1.000282505398333e+00 -1.907526164828827e-03 -8.923328665759137e-04 -1.007659125612335e+00
52 34 -1.000281872232201e+00 -1.906059099897669e-03 -8.930594512436230e-04 -1.007664092729215e+00
52 35 -1.000281193789518e+00 -1.904532779519159e-03 -8.938673452716790e-04 -1.007669324301753e+00
52 36 -1.000280477172520e+00 -1.902959916671795e-03 -8.947571280232789e-04 -1.007674773907511e+00
52 37 -1.000279729980723e+00 -1.901353980833027e-03 -8.957265107813429e-04 -1.007680392620573e+00
52 38 -1.000278960244565e+00 -1.899729196632467e-03 -8.967701171642716e-04 -1.007686129078543e+00
52 39 -1.000278176356791e+00 -1.898100538372556e-03 -8.978793673531107e-04 -1.007691929537571e+00
52 40 -1.000277386990427e+00 -1.896483692346996e-03 -8.990424525425632e-04 -1.007697738032033e+00
52 41 -1.000276600996280e+00 -1.894894964300781e-03 -9.002444058886164e-04 -1.007703496723811e+00
52 42 -1.000275827280258e+00 -1.893351123023550e-03 -9.014672943174656e-04 -1.007709146462561e+00
52 43 -1.000275074667292e+00 -1.891869185883085e-03 -9.026905610669675e-04 -1.007714627516497e+00
52 44 -1.000274351761588e+00 -1.890466162254536e-03 -9.038915377621369e-04 -1.007719880398796e+00
52 45 -1.000273666811919e+00 -1.889158773460821e-03 -9.050461212026016e-04 -1.007724846716707e+00
52 46 -1.000273027586584e+00 -1.887963162901694e-03 -9.061295830823331e-04 -1.007729470004509e+00
52 47 -1.000272441257405e+00 -1.886894600845373e-03 -9.071174595034470e-04 -1.007733696549699e+00
52 48 -1.000271914289037e+00 -1.885967181608152e-03 -9.079864561633503e-04 -1.007737476254227e+00
52 49 -1.000271452331490e+00 -1.885193512359469e-03 -9.087153057907096e-04 -1.007740763564055e+00
52 50 -1.000271060119274e+00 -1.884584401844105e-03 -9.092855269344650e-04 -1.007743518453473e+00
52 51 -1.000270741385629e+00 -1.884148566874102e-03 -9.096820556687792e-04 -1.007745707396401e+00
52 52 -1.000270498801281e+00 -1.883892377865054e-03 -9.098937471113128e-04 -1.007747304228668e+00
52 53 -1.000270333943936e+00 -1.883819661281445e-03 -9.099137604901279e-04 -1.007748290812750e+00
52 54 -1.000270247300198e+00 -1.883931570728502e-03 -9.097398407418852e-04 -1.007748657447301e+00
52 55 -1.000270238298238e+00 -1.884226533793845e-03 -9.093744910401174e-04 -1.007748402999425e+00
52 56 -1.000270305368425e+00 -1.884700280190525e-03 -9.088250038076913e-04 -1.007747534764798e+00
52 57 -1.000270446029662e+00 -1.885345957063176e-03 -9.081032981347406e-04 -1.007746068073599e+00
52 58 -1.000270657000220e+00 -1.886154335805599e-03 -9.072255145981066e-04 -1.007744025663502e+00
52 59 -1.000270934330872e+00 -1.887114106881486e-03 -9.062113521935113e-04 -1.007741436849276e+00
52 60 -1.000271273553817e+00 -1.888212243610570e-03 -9.050831892018960e-04 -1.007738336543936e+00
52 61 -1.000271669834512e+00 -1.889434397765029e-03 -9.038650872039355e-04 -1.007734764223399e+00
52 62 -1.000272118109074e+00 -1.890765278686444e-03 -9.025818072953966e-04 -1.007730762952396e+00
52 63 -1.000272613190981e+00 -1.892188971457637e-03 -9.012579538754329e-04 -1.007726378580495e+00
53 0 -1.000272658136225e+00 -1.892635070087350e-03 -9.048406477380370e-04 -1.007723659658360e+00
53 1 -1.000273218784322e+00 -1.894171583270171e-03 -9.035055873925958e-04 -1.007718740126076e+00
53 2 -1.000273810147891e+00 -1.895750049352799e-03 -9.021973806008858e-04 -1.007713589940607e+00
53 3 -1.000274427050292e+00 -1.897353961652978e-03 -9.009350401475459e-04 -1.007708261082672e+00
53 4 -1.000275064323455e+00 -1.898966950270582e-03 -8.997353380262649e-04 -1.007702806344648e+00
53 5 -1.000275716837404e+00 -1.900572968541605e-03 -8.986125043851629e-04 -1.007697278745814e+00
53 6 -1.000276379541627e+00 -1.902156512668135e-03 -8.975779574375313e-04 -1.007691730820170e+00
53 7 -1.000277047503754e+00 -1.903702837341899e-03 -8.966401322939599e-04 -1.007686213893754e+00
53 8 -1.000277715928431e+00 -1.905198125510149e-03 -8.958044678861709e-04 -1.007680777486934e+00
53 9 -1.000278380145036e+00 -1.906629585023668e-03 -8.950735721780692e-04 -1.007675468934875e+00
53 10 -1.000279035564856e+00 -1.907985472184166e-03 -8.944475351594832e-04 -1.007670333233958e+00
53 11 -1.000279677621225e+00 -1.909255068851470e-03 -8.939243197993114e-04 -1.007665413034509e+00
53 12 -1.000280301713605e+00 -1.910428652533662e-03 -8.935001504941224e-04 -1.007660748654966e+00
53 13 -1.000280903174983e+00 -1.911497492275593e-03 -8.931698402158626e-04 -1.007656378009826e+00
53 14 -1.000281477272420e+00 -1.912453881863674e-03 -8.929270405297576e-04 -1.007652336409796e+00
53 15 -1.000282019237766e+00 -1.913291196839070e-03 -8.927644433995555e-04 -1.007648656272425e+00
53 16 -1.000282524315268e+00 -1.914003944454650e-03 -8.926739914041268e-04 -1.007645366838061e+00
53 17 -1.000282987809574e+00 -1.914587773578379e-03 -8.926471530702137e-04 -1.007642493994260e+00
53 18 -1.000283405122826e+00 -1.915039425667742e-03 -8.926752933628156e-04 -1.007640060267291e+00
53 19 -1.000283771780891e+00 -1.915356631821128e-03 -8.927501271688798e-04 -1.007638084962913e+00
53 20 -1.000284083460216e+00 -1.915537983100248e-03 -8.928642030217253e-04 -1.007636584368793e+00
53 21 -1.000284336032122e+00 -1.915582811539278e-03 -8.930113421879225e-04 -1.007635571902716e+00
53 22 -1.000284525637814e+00 -1.915491114009505e-03 -8.931869642950536e-04 -1.007635058114124e+00
53 23 -1.000284648797120e+00 -1.915263534542667e-03 -8.933882625538100e-04 -1.007635050504311e+00
53 24 -1.000284702542073e+00 -1.914901401128563e-03 -8.936142350179875e-04 -1.007635553193561e+00
53 25 -1.000284684558015e+00 -1.914406798369318e-03 -8.938656135579962e-04 -1.007636566506878e+00
53 26 -1.000284593312791e+00 -1.913782652220451e-03 -8.941447439781776e-04 -1.007638086561946e+00
53 27 -1.000284428158859e+00 -1.913032807081337e-03 -8.944554550299776e-04 -1.007640104926883e+00
53 28 -1.000284189400832e+00 -1.912162084312197e-03 -8.948029194196784e-04 -1.007642608386892e+00
53 29 -1.000283878328094e+00 -1.911176319238357e-03 -8.951934733349040e-04 -1.007645578836156e+00
53 30 -1.000283497215883e+00 -1.910082377459186e-03 -8.956343414890404e-04 -1.007648993302120e+00
53 31 -1.000283049298756e+00 -1.908888151170092e-03 -8.961332245059243e-04 -1.007652824107069e+00
53 32 -1.000282538720028e+00 -1.907602535293394e-03 -8.966977426340749e-04 -1.007657039163387e+00
53 33 -1.000281970461528e+00 -1.906235384789577e-03 -8.973347772639305e-04 -1.007661602376877e+00
53 34 -1.000281350260328e+00 -1.904797459571419e-03 -8.980497866765090e-04 -1.007666474101893e+00
53 35 -1.000280684521300e+00 -1.903300369265039e-03 -8.988461795786866e-04 -1.007671611569309e+00
53 36 -1.000279980234213e+00 -1.901756531511462e-03 -8.997248090548616e-04 -1.007676969212562e+00
53 37 -1.000279244899999e+00 -1.900179150987118e-03 -9.006836131434177e-04 -1.007682498857538e+00
53 38 -1.000278486463827e+00 -1.898582213416935e-03 -9.017173939084977e-04 -1.007688149806540e+00
53 39 -1.000277713246096e+00 -1.896980475798629e-03 -9.028177093679714e-04 -1.007693868904941e+00
53 40 -1.000276933860279e+00 -1.895389427440624e-03 -9.039728576263148e-04 -1.007699600701767e+00
53 41 -1.000276157109910e+00 -1.893825199246325e-03 -9.051679535695599e-04 -1.007705287792390e+00
53 42 -1.000275391864044e+00 -1.892304409604471e-03 -9.063851203767322e-04 -1.007710871375497e+00
53 43 -1.000274646917597e+00 -1.890843949782070e-03 -9.076038267986644e-04 -1.007716291993526e+00
53 44 -1.000273930847131e+00 -1.889460723791482e-03 -9.088013920104936e-04 -1.007721490382479e+00
53 45 -1.000273251872179e+00 -1.888171362084847e-03 -9.099536576968137e-04 -1.007726408351609e+00
53 46 -1.000272617727763e+00 -1.886991924069545e-03 -9.110358000832111e-04 -1.007730989645921e+00
53 47 -1.000272035547887e+00 -1.885937595821677e-03 -9.120232301380799e-04 -1.007735180792929e+00
53 48 -1.000271511756338e+00 -1.885022383403302e-03 -9.128925144846408e-04 -1.007738931967774e+00
53 49 -1.000271051962354e+00 -1.884258802965610e-03 -9.136222480113408e-04 -1.007742197906618e+00
53 50 -1.000270660863423e+00 -1.883657575200018e-03 -9.141938231210055e-04 -1.007744938861017e+00
53 51 -1.000270342162316e+00 -1.883227339126816e-03 -9.145920652777862e-04 -1.007747121538642e+00
53 52 -1.000270098507292e+00 -1.882974404146649e-03 -9.148057310048482e-04 -1.007748719943839e+00
53 53 -1.000269931462535e+00 -1.882902557673868e-03 -9.148278831142788e-04 -1.007749716029845e+00
53 54 -1.000269841511585e+00 -1.883012940022713e-03 -9.146561608778431e-04 -1.007750100101010e+00
53 55 -1.000269828092208e+00 -1.883303992761891e-03 -9.142929468740107e-04 -1.007749870941816e+00
53 56 -1.000269889659054e+00 -1.883771485142438e-03 -9.137454033563289e-04 -1.007749035679125e+00
53 57 -1.000270023770899e+00 -1.884408624728480e-03 -9.130253258097757e-04 -1.007747609395603e+00
53 58 -1.000270227200659e+00 -1.885206257839835e-03 -9.121487597427060e-04 -1.007745614513998e+00
53 59 -1.000270496065883e+00 -1.886153157685326e-03 -9.111353585580481e-04 -1.007743079980736e+00
53 60 -1.000270825973776e+00 -1.887236382773131e-03 -9.100075172345689e-04 -1.007740040301866e+00
53 61 -1.000271212169263e+00 -1.888441670587690e-03 -9.087893754824007e-04 -1.007736534517933e+00
53 62 -1.000271649670479e+00 -1.889753819749290e-03 -9.075058187749949e-04 -1.007732605229124e+00
53 63 -1.000272133376264e+00 -1.891157015357796e-03 -9.061815989220333e-04 -1.007728297778580e+00
54 0 -1.000272242048359e+00 -1.891584404787310e-03 -9.099278892632711e-04 -1.007725534393595e+00
54 1 -1.000272790624327e+00 -1.893098300170677e-03 -9.085921585580967e-04 -1.007720697945842e+00
54 2 -1.000273369439829e+00 -1.894652398029407e-03 -9.072839641527977e-04 -1.007715635282153e+00
54 3 -1.000273973442557e+00 -1.896230382572508e-03 -9.060224518117902e-04 -1.007710397583626e+00
54 4 -1.000274597596013e+00 -1.897816092938091e-03 -9.048245359986909e-04 -1.007705036794483e+00
54 5 -1.000275236903201e+00 -1.899393700866987e-03 -9.037046049389750e-04 -1.007699605070182e+00
54 6 -1.000275886443182e+00 -1.900947926456289e-03 -9.026742427423065e-04 -1.007694154084582e+00
54 7 -1.000276541407816e+00 -1.902464256587900e-03 -9.017420364348489e-04 -1.007688734305898e+00
54 8 -1.000277197122101e+00 -1.903929123026371e-03 -9.009135340622679e-04 -1.007683394378695e+00
54 9 -1.000277849035987e+00 -1.905330009775607e-03 -9.001913838081745e-04 -1.007678180713797e+00
54 10 -1.000278492686232e+00 -1.906655485202578e-03 -8.995756316021636e-04 -1.007673137308101e+00
54 11 -1.000279123639028e+00 -1.907895180793801e-03 -8.990641115241526e-04 -1.007668305730928e+00
54 12 -1.000279737432301e+00 -1.909039753326172e-03 -8.986528481640732e-04 -1.007663725161690e+00
54 13 -1.000280329537116e+00 -1.910080864909681e-03 -8.983364068297578e-04 -1.007659432366482e+00
54 14 -1.000280895350097e+00 -1.911011197588879e-03 -8.981081668310361e-04 -1.007655461555547e+00
54 15 -1.000281430216707e+00 -1.911824494433123e-03 -8.979605384836010e-04 -1.007651844142438e+00
54 16 -1.000281929474275e+00 -1.912515599289507e-03 -8.978851775377474e-04 -1.007648608489855e+00
54 17 -1.000282388499204e+00 -1.913080462461885e-03 -8.978732571096646e-04 -1.007645779743759e+00
54 18 -1.000282802746582e+00 -1.913516091633843e-03 -8.979158337017899e-04 -1.007643379819601e+00
54 19 -1.000283167780268e+00 -1.913820449751182e-03 -8.980043012549581e-04 -1.007641427533832e+00
54 20 -1.000283479302232e+00 -1.913992323422902e-03 -8.981308843369221e-04 -1.007639938806049e+00
54 21 -1.000283733196213e+00 -1.914031197425963e-03 -8.982890960674729e-04 -1.007638926822594e+00
54 22 -1.000283925599198e+00 -1.913937168921580e-03 -8.984740877997283e-04 -1.007638402064183e+00
54 23 -1.000284053005467e+00 -1.913710920680749e-03 -8.986828454844513e-04 -1.007638372150830e+00
54 24 -1.000284112396327e+00 -1.913353752673091e-03 -8.989142312457231e-04 -1.007638841522499e+00
54 25 -1.000284101379552e+00 -1.912867654660524e-03 -8.991689091642468e-04 -1.007639811023843e+00
54 26 -1.000284018319778e+00 -1.912255395331215e-03 -8.994492126669123e-04 -1.007641277478020e+00
54 27 -1.000283862444500e+00 -1.911520606541780e-03 -8.997589988585197e-04 -1.007643233320530e+00
54 28 -1.000283633917193e+00 -1.910667849935221e-03 -9.001034998860083e-04 -1.007645666336605e+00
54 29 -1.000283333875849e+00 -1.909702661910351e-03 -9.004891416582910e-04 -1.007648559522061e+00
54 30 -1.000282964439484e+00 -1.908631577978737e-03 -9.009232763951635e-04 -1.007651891074883e+00
54 31 -1.000282528686397e+00 -1.907462138358379e-03 -9.014137807186554e-04 -1.007655634520010e+00
54 32 -1.000282030607744e+00 -1.906202875399172e-03 -9.019685052478561e-04 -1.007659758963389e+00
54 33 -1.000281475040633e+00 -1.904863283632921e-03 -9.025946104134850e-04 -1.007664229454173e+00
54 34 -1.000280867587181e+00 -1.903453776882882e-03 -9.032978637792279e-04 -1.007669007406427e+00
54 35 -1.000280214528422e+00 -1.901985642059347e-03 -9.040819878196375e-04 -1.007674051008043e+00
54 36 -1.000279522741759e+00 -1.900471001302839e-03 -9.049481294302514e-04 -1.007679315545128e+00
54 37 -1.000278799626819e+00 -1.898922789546547e-03 -9.058944845639894e-04 -1.007684753604728e+00
54 38 -1.000278053037920e+00 -1.897354744111678e-03 -9.069160726252484e-04 -1.007690315176780e+00
54 39 -1.000277291215048e+00 -1.895781391034914e-03 -9.080046330003721e-04 -1.007695947732580e+00
54 40 -1.000276522702224e+00 -1.894218004945133e-03 -9.091486178224516e-04 -1.007701596385952e+00
54 41 -1.000275756244485e+00 -1.892680519640802e-03 -9.103332752045554e-04 -1.007707204230174e+00
54 42 -1.000275000661668e+00 -1.891185375904476e-03 -9.115408409367553e-04 -1.007712712892433e+00
54 43 -1.000274264705443e+00 -1.889749307655415e-03 -9.127508692620395e-04 -1.007718063281436e+00
54 44 -1.000273556911061e+00 -1.888389080165166e-03 -9.139407282094951e-04 -1.007723196455224e+00
54 45 -1.000272885454939e+00 -1.887121199035152e-03 -9.150862646229378e-04 -1.007728054527565e+00
54 46 -1.000272258024423e+00 -1.885961605606131e-03 -9.161626157994931e-04 -1.007732581560141e+00
54 47 -1.000271681700391e+00 -1.884925367752554e-03 -9.171451170019126e-04 -1.007736724431503e+00
54 48 -1.000271162849650e+00 -1.884026369660909e-03 -9.180102354679342e-04 -1.007740433706155e+00
54 49 -1.000270707024140e+00 -1.883277003177392e-03 -9.187364583586268e-04 -1.007743664531309e+00
54 50 -1.000270318867565e+00 -1.882687867082260e-03 -9.193050754840713e-04 -1.007746377562563e+00
54 51 -1.000270002035057e+00 -1.882267487081451e-03 -9.197008225590342e-04 -1.007748539875689e+00
54 52 -1.000269759134802e+00 -1.882022074043761e-03 -9.199123787364661e-04 -1.007750125784594e+00
54 53 -1.000269591699587e+00 -1.881955337202626e-03 -9.199327340352345e-04 -1.007751117477813e+00
54 54 -1.000269500191734e+00 -1.882068363239869e-03 -9.197594489764741e-04 -1.007751505411157e+00
54 55 -1.000269484039924e+00 -1.882359566461465e-03 -9.193948146948176e-04 -1.007751288433046e+00
54 56 -1.000269541703873e+00 -1.882824714133239e-03 -9.188458916223112e-04 -1.007750473648077e+00
54 57 -1.000269670763102e+00 -1.883457033369902e-03 -9.181243759280630e-04 -1.007749076035215e+00
54 58 -1.000269868027142e+00 -1.884247406030413e-03 -9.172462368165645e-04 -1.007747117839799e+00
54 59 -1.000270129664282e+00 -1.885184650865285e-03 -9.162310958859003e-04 -1.007744627767660e+00
54 60 -1.000270451343281e+00 -1.886255877430594e-03 -9.151013751021990e-04 -1.007741640031978e+00
54 61 -1.000270828378042e+00 -1.887446878692461e-03 -9.138813008720974e-04 -1.007738193334428e+00
54 62 -1.000271255861179e+00 -1.888742516479240e-03 -9.125958918239360e-04 -1.007734329887596e+00
54 63 -1.000271728771891e+00 -1.890127053849626e-03 -9.112700573389775e-04 -1.007730094585916e+00
55 0 -1.000271906795665e+00 -1.890547338883255e-03 -9.151337038628820e-04 -1.007727261247116e+00
55 1 -1.000272443675787e+00 -1.892039933788816e-03 -9.137966937487976e-04 -1.007722504891619e+00
55 2 -1.000273010145431e+00 -1.893570576164802e-03 -9.124882732300343e-04 -1.007717528143333e+00
55 3 -1.000273601278376e+00 -1.895123138257919e-03 -9.112277167819168e-04 -1.007712381370223e+00
55 4 -1.000274212174236e+00 -1.896681671907159e-03 -9.100320719701809e-04 -1.007707115632558e+00
55 5 -1.000274837976149e+00 -1.898230576615101e-03 -9.089158732260981e-04 -1.007701782166784e+00
55 6 -1.000275473901624e+00 -1.899754809095751e-03 -9.078908603286504e-04 -1.007696431719721e+00
55 7 -1.000276115275976e+00 -1.901240101685034e-03 -9.069657678118092e-04 -1.007691113832677e+00
55 8 -1.000276757552967e+00 -1.902673147125300e-03 -9.061462557691577e-04 -1.007685876209361e+00
55 9 -1.000277396310136e+00 -1.904041716621056e-03 -9.054350205596010e-04 -1.007680764276527e+00
55 10 -1.000278027215319e+00 -1.905334701328426e-03 -9.048320724430231e-04 -1.007675820975906e+00
55 11 -1.000278645972292e+00 -1.906542093857631e-03 -9.043351209788764e-04 -1.007671086741514e+00
55 12 -1.000279248262397e+00 -1.907654944250337e-03 -9.039399879807465e-04 -1.007666599555458e+00
55 13 -1.000279829701252e+00 -1.908665326254293e-03 -9.036409786776097e-04 -1.007662394966182e+00
55 14 -1.000280385823840e+00 -1.909566334302908e-03 -9.034311779331658e-04 -1.007658505999669e+00
55 15 -1.000280912100141e+00 -1.910352107613118e-03 -9.033026844369702e-04 -1.007654962970397e+00
55 16 -1.000281403972690e+00 -1.911017857564839e-03 -9.032468325626696e-04 -1.007651793263917e+00
55 17 -1.000281856902134e+00 -1.911559867632333e-03 -9.032544629729038e-04 -1.007649021185358e+00
55 18 -1.000282266408883e+00 -1.911975443975124e-03 -9.033162837462977e-04 -1.007646667941121e+00
55 19 -1.000282628106950e+00 -1.912262814532314e-03 -9.034233228867775e-04 -1.007644751760134e+00
55 20 -1.000282937736126e+00 -1.912420996118825e-03 -9.035674289177568e-04 -1.007643288094088e+00
55 21 -1.000283191205732e+00 -1.912449663279913e-03 -9.037417468034195e-04 -1.007642289793395e+00
55 22 -1.000283384663315e+00 -1.912349053535893e-03 -9.039410925914764e-04 -1.007641767157713e+00
55 23 -1.000283514594246e+00 -1.912119931196404e-03 -9.041621738917158e-04 -1.007641727805467e+00
55 24 -1.000283577947154e+00 -1.911763612316120e-03 -9.044036464673226e-04 -1.007642176371656e+00
55 25 -1.000283572270992e+00 -1.911282035570605e-03 -9.046660417353399e-04 -1.007643114095973e+00
55 26 -1.000283495845967e+00 -1.910677854755332e-03 -9.049516244807973e-04 -1.007644538384706e+00
55 27 -1.000283347792929e+00 -1.909954529886785e-03 -9.052642325157995e-04 -1.007646442421126e+00
55 28 -1.000283128151717e+00 -1.909116402068069e-03 -9.056091158334004e-04 -1.007648814873907e+00
55 29 -1.000282837925490e+00 -1.908168746698732e-03 -9.059927511288206e-04 -1.007651639727490e+00
55 30 -1.000282479092669e+00 -1.907117805782278e-03 -9.064225796425723e-04 -1.007654896242145e+00
55 31 -1.000282054589793e+00 -1.905970801798822e-03 -9.069066161448678e-04 -1.007658559044973e+00
55 32 -1.000281568268780e+00 -1.904735934724275e-03 -9.074529069014935e-04 -1.007662598347460e+00
55 33 -1.000281024832837e+00 -1.903422363311799e-03 -9.080688635357555e-04 -1.007666980270591e+00
55 34 -1.000280429757483e+00 -1.902040173645373e-03 -9.087605456974368e-04 -1.007671667234640e+00
55 35 -1.000279789205406e+00 -1.900600341713378e-03 -9.095319857567095e-04 -1.007676618349024e+00
55 36 -1.000279109943871e+00 -1.899114699398327e-03 -9.103846344034099e-04 -1.007681789734938e+00
55 37 -1.000278399270019e+00 -1.897595911162260e-03 -9.113169673698575e-04 -1.007687134740052e+00
55 38 -1.000277664943094e+00 -1.896057460326063e-03 -9.123242518591996e-04 -1.007692604056280e+00
55 39 -1.000276915115918e+00 -1.894513632090266e-03 -9.133984452585321e-04 -1.007698145808991e+00
55 40 -1.000276158254049e+00 -1.892979471613842e-03 -9.145281960780329e-04 -1.007703705720854e+00
55 41 -1.000275403032961e+00 -1.891470694977502e-03 -9.156989341975648e-04 -1.007709227445558e+00
55 42 -1.000274658210805e+00 -1.890003539291039e-03 -9.168930625766337e-04 -1.007714653118021e+00
55 43 -1.000273932482987e+00 -1.888594551231041e-03 -9.180902804835579e-04 -1.007719924103400e+00
55 44 -1.000273234330296e+00 -1.887260325048928e-03 -9.192680679872391e-04 -1.007724981878426e+00
55 45 -1.000272571872416e+00 -1.886017207459971e-03 -9.204023420064034e-04 -1.007729768963902e+00
55 46 -1.000271952734562e+00 -1.884880986610448e-03 -9.214682641422401e-04 -1.007734229846723e+00
55 47 -1.000271383929267e+00 -1.883866577131070e-03 -9.224411512143449e-04 -1.007738311869228e+00
55 48 -1.000270871750627e+00 -1.882987707067074e-03 -9.232974194878281e-04 -1.007741966100981e+00
55 49 -1.000270421677009e+00 -1.882256609787671e-03 -9.240154879231036e-04 -1.007745148221177e+00
55 50 -1.000270038281324e+00 -1.881683726854921e-03 -9.245765762973046e-04 -1.007747819418892e+00
55 51 -1.000269725153568e+00 -1.881277433845667e-03 -9.249653585322711e-04 -1.007749947275447e+00
55 52 -1.000269484844347e+00 -1.881043805231057e-03 -9.251704623345019e-04 -1.007751506555725e+00
55 53 -1.000269318837667e+00 -1.880986433347348e-03 -9.251848316949249e-04 -1.007752479826132e+00
55 54 -1.000269227556962e+00 -1.881106311411691e-03 -9.250059778699836e-04 -1.007752857837778e+00
55 55 -1.000269210403501e+00 -1.881401785685509e-03 -9.246361319450966e-04 -1.007752639648109e+00
55 56 -1.000269265823295e+00 -1.881868580687147e-03 -9.240822827300915e-04 -1.007751832483266e+00
55 57 -1.000269391398012e+00 -1.882499903355299e-03 -9.233560531005442e-04 -1.007750451357888e+00
55 58 -1.000269583956027e+00 -1.883286632866922e-03 -9.224733566555152e-04 -1.007748518473046e+00
55 59 -1.000269839700050e+00 -1.884217597097607e-03 -9.214537989454444e-04 -1.007746062419327e+00
55 60 -1.000270154346213e+00 -1.885279922609202e-03 -9.203198408659264e-04 -1.007743117231527e+00
55 61 -1.000270523265838e+00 -1.886459426751059e-03 -9.190958054718960e-04 -1.007739721372609e+00
55 62 -1.000270941617124e+00 -1.887741006666785e-03 -9.178068546583089e-04 -1.007735916751541e+00
55 63 -1.000271404453031e+00 -1.889108978991192e-03 -9.164780665679498e-04 -1.007731747881200e+00
56 0 -1.000271656714032e+00 -1.889533845283579e-03 -9.204123160261637e-04 -1.007728819271967e+00
56 1 -1.000272182429228e+00 -1.891006751335671e-03 -9.190733254885077e-04 -1.007724138941979e+00
56 2 -1.000272736915962e+00 -1.892515164343349e-03 -9.177643658380616e-04 -1.007719245371421e+00
56 3 -1.000273315373236e+00 -1.894043137616198e-03 -9.165048353971738e-04 -1.007714188118932e+00
56 4 -1.000273913038672e+00 -1.895574935767967e-03 -9.153119023213518e-04 -1.007709017341434e+00
56 5 -1.000274525200216e+00 -1.897095192085799e-03 -9.142002299176664e-04 -1.007703783316902e+00
56 6 -1.000275147220470e+00 -1.898589109480608e-03 -9.131816964669568e-04 -1.007698535813074e+00
56 7 -1.000275774565663e+00 -1.900042676622373e-03 -9.122651717800733e-04 -1.007693323387230e+00
56 8 -1.000276402825563e+00 -1.901442857967519e-03 -9.114564229362757e-04 -1.007688192745292e+00
56 9 -1.000277027711502e+00 -1.902777721608820e-03 -9.107581957162784e-04 -1.007683188277098e+00
56 10 -1.000277645027154e+00 -1.904036489848253e-03 -9.101704693578262e-04 -1.007678351822386e+00
56 11 -1.000278250617586e+00 -1.905209524521066e-03 -9.096908331378426e-04 -1.007673722636279e+00
56 12 -1.000278840311438e+00 -1.906288279187545e-03 -9.093149059004033e-04 -1.007669337455677e+00
56 13 -1.000279409874319e+00 -1.907265253894272e-03 -9.090367249438389e-04 -1.007665230551998e+00
56 14 -1.000279954987219e+00 -1.908133975147510e-03 -9.088490641982406e-04 -1.007661433694321e+00
56 15 -1.000280471254383e+00 -1.908889002094552e-03 -9.087436873624600e-04 -1.007657976014990e+00
56 16 -1.000280954234929e+00 -1.909525940233512e-03 -9.087115801099700e-04 -1.007654883832489e+00
56 17 -1.000281399486145e+00 -1.910041434613206e-03 -9.087432209991466e-04 -1.007652180517102e+00
56 18 -1.000281802606440e+00 -1.910433119386293e-03 -9.088289370233425e-04 -1.007649886470966e+00
56 19 -1.000282159272425e+00 -1.910699517848673e-03 -9.089593525287989e-04 -1.007648019240912e+00
56 20 -1.000282465274128e+00 -1.910839908854337e-03 -9.091258951913149e-04 -1.007646593714913e+00
56 21 -1.000282716559736e+00 -1.910854191341150e-03 -9.093212885855832e-04 -1.007645622305395e+00
56 22 -1.000282909302303e+00 -1.910742781564560e-03 -9.095399516158602e-04 -1.007645115018971e+00
56 23 -1.000283039995033e+00 -1.910506567225338e-03 -9.097782451257964e-04 -1.007645079351320e+00
56 24 -1.000283105572032e+00 -1.910146924431123e-03 -9.100345481827607e-04 -1.007645520005839e+00
56 25 -1.000283103542430e+00 -1.909665785207821e-03 -9.103091930732739e-04 -1.007646438488641e+00
56 26 -1.000283032121269e+00 -1.909065732112808e-03 -9.106043173129628e-04 -1.007647832660937e+00
56 27 -1.000282890341640e+00 -1.908350095659839e-03 -9.109236890912308e-04 -1.007649696327600e+00
56 28 -1.000282678137817e+00 -1.907523037581141e-03 -9.112725319882768e-04 -1.007652018917197e+00
56 29 -1.000282396395353e+00 -1.906589612644011e-03 -9.116573324115916e-04 -1.007654785281518e+00
56 30 -1.000282046968538e+00 -1.905555808822984e-03 -9.120855805325746e-04 -1.007657975624632e+00
56 31 -1.000281632667734e+00 -1.904428568634094e-03 -9.125653892283069e-04 -1.007661565563008e+00
56 32 -1.000281157219941e+00 -1.903215794462762e-03 -9.131049614314548e-04 -1.007665526310910e+00
56 33 -1.000280625207109e+00 -1.901926339628000e-03 -9.137119254305642e-04 -1.007669824972446e+00
56 34 -1.000280041988622e+00 -1.900569986902325e-03 -9.143926075547473e-04 -1.007674424902679e+00
56 35 -1.000279413616425e+00 -1.899157418761042e-03 -9.151513372831128e-04 -1.007679286080966e+00
56 36 -1.000278746751845e+00 -1.897700187162181e-03 -9.159898695748643e-04 -1.007684365432375e+00
56 37 -1.000278048590282e+00 -1.896210690348103e-03 -9.169069720057645e-04 -1.007689617052165e+00
56 38 -1.000277326793540e+00 -1.894702156775715e-03 -9.178981810214878e-04 -1.007694992337010e+00
56 39 -1.000276589422008e+00 -1.893188624803791e-03 -9.189557011763554e-04 -1.007700440085515e+00
56 40 -1.000275844854713e+00 -1.891684898355775e-03 -9.200684131882058e-04 -1.007705906667205e+00
56 41 -1.000275101687199e+00 -1.890206458193682e-03 -9.212219707476646e-04 -1.007711336353209e+00
56 42 -1.000274368604214e+00 -1.888769315037699e-03 -9.223989926002333e-04 -1.007716671858756e+00
56 43 -1.000273654232634e+00 -1.887389801288379e-03 -9.235793788590041e-04 -1.007721855089707e+00
56 44 -1.000272966986067e+00 -1.886084309447689e-03 -9.247407840907319e-04 -1.007726828035382e+00
56 45 -1.000272314914106e+00 -1.884868993971495e-03 -9.258592616725320e-04 -1.007731533725281e+00
56 46 -1.000271705565891e+00 -1.883759455432243e-03 -9.269100637403998e-04 -1.007735917177673e+00
56 47 -1.000271145871216e+00 -1.882770421029903e-03 -9.278685510505599e-04 -1.007739926307208e+00
56 48 -1.000270642036375e+00 -1.881915428531447e-03 -9.287111450876223e-04 -1.007743512801384e+00
56 49 -1.000270199449969e+00 -1.881206517819587e-03 -9.294162454963319e-04 -1.007746632992610e+00
56 50 -1.000269822596964e+00 -1.880653936904147e-03 -9.299650435356956e-04 -1.007749248734150e+00
56 51 -1.000269514984784e+00 -1.880265873868256e-03 -9.303421868389119e-04 -1.007751328250127e+00
56 52 -1.000269279089261e+00 -1.880048228688772e-03 -9.305362839215361e-04 -1.007752846896795e+00
56 53 -1.000269116328510e+00 -1.880004437889443e-03 -9.305402646982316e-04 -1.007753787760600e+00
56 54 -1.000269027069687e+00 -1.880135361481707e-03 -9.303516242736814e-04 -1.007754142031206e+00
56 55 -1.000269010668892e+00 -1.880439237611925e-03 -9.299725672849405e-04 -1.007753909117525e+00
56 56 -1.000269065540513e+00 -1.880911708425774e-03 -9.294100428987170e-04 -1.007753096506492e+00
56 57 -1.000269189250533e+00 -1.881545922173664e-03 -9.286756287174979e-04 -1.007751719382901e+00
56 58 -1.000269378628797e+00 -1.882332718438987e-03 -9.277852052134967e-04 -1.007749800032090e+00
56 59 -1.000269629896202e+00 -1.883260899225867e-03 -9.267583786745866e-04 -1.007747367050207e+00
56 60 -1.000269938801914e+00 -1.884317575087862e-03 -9.256176615377339e-04 -1.007744454404819e+00
56 61 -1.000270300762604e+00 -1.885488556714262e-03 -9.243874844829090e-04 -1.007741100420328e+00
56 62 -1.000270710992168e+00 -1.886758747789795e-03 -9.230931641018157e-04 -1.007737346789900e+00
56 63 -1.000271164609377e+00 -1.888112492657692e-03 -9.217599595682291e-04 -1.007733237718645e+00
57 0 -1.000271495170540e+00 -1.888553613454857e-03 -9.257177843453260e-04 -1.007730189055543e+00
57 1 -1.000272010406189e+00 -1.890008733023052e-03 -9.243759804916469e-04 -1.007725579615767e+00
57 2 -1.000272553436740e+00 -1.891496459742385e-03 -9.230660479690631e-04 -1.007720765334492e+00
57 3 -1.000273119583025e+00 -1.893001017103890e-03 -9.218075048298751e-04 -1.007715794981116e+00
57 4 -1.000273704219683e+00 -1.894506878119010e-03 -9.206176262776558e-04 -1.007710717808552e+00
57 5 -1.000274302781121e+00 -1.895998911290319e-03 -9.195111843665850e-04 -1.007705583116526e+00
57 6 -1.000274910779038e+00 -1.897462571656366e-03 -9.185001737715880e-04 -1.007700439658467e+00
57 7 -1.000275523826087e+00 -1.898884112821701e-03 -9.175935801534131e-04 -1.007695334962687e+00
57 8 -1.000276137653812e+00 -1.900250779882010e-03 -9.167972643285780e-04 -1.007690314690497e+00
57 9 -1.000276748112241e+00 -1.901550945116964e-03 -9.161140157748140e-04 -1.007685422153019e+00
57 10 -1.000277351144490e+00 -1.902774167416193e-03 -9.155437830242612e-04 -1.007680698052664e+00
57 11 -1.000277942739713e+00 -1.903911183034363e-03 -9.150840375865720e-04 -1.007676180432053e+00
57 12 -1.000278518876858e+00 -1.904953856105303e-03 -9.147301956118558e-04 -1.007671904744575e+00
57 13 -1.000279075475740e+00 -1.905895123296215e-03 -9.144760213905851e-04 -1.007667903937592e+00
57 14 -1.000279608369519e+00 -1.906728957446138e-03 -9.143139665664390e-04 -1.007664208465696e+00
57 15 -1.000280113305168e+00 -1.907450356057477e-03 -9.142354431351436e-04 -1.007660846209902e+00
57 16 -1.000280585968982e+00 -1.908055340853041e-03 -9.142310677276441e-04 -1.007657842341818e+00
57 17 -1.000281022026819e+00 -1.908540942915149e-03 -9.142909341717525e-04 -1.007655219210829e+00
57 18 -1.000281417167426e+00 -1.908905149905031e-03 -9.144049634678992e-04 -1.007652996327486e+00
57 19 -1.000281767142311e+00 -1.909146806957787e-03 -9.145633474716814e-04 -1.007651190468892e+00
57 20 -1.000282067804309e+00 -1.909265483598963e-03 -9.147570574908960e-04 -1.007649815867566e+00
57 21 -1.000282315153971e+00 -1.909261335349443e-03 -9.149783508194296e-04 -1.007648884397498e+00
57 22 -1.000282505404851e+00 -1.909134993642958e-03 -9.152211938838773e-04 -1.007648405661188e+00
57 23 -1.000282635074703e+00 -1.908887510053658e-03 -9.154815367595457e-04 -1.007648386910501e+00
57 24 -1.000282701101450e+00 -1.908520364297929e-03 -9.157574137132867e-04 -1.007648832788056e+00
57 25 -1.000282700973917e+00 -1.908035526898139e-03 -9.160488912685307e-04 -1.007649744932066e+00
57 26 -1.000282632861913e+00 -1.907435554399593e-03 -9.163579187003641e-04 -1.007651121523036e+00
57 27 -1.000282495730326e+00 -1.906723692165138e-03 -9.166881408361594e-04 -1.007652956853635e+00
57 28 -1.000282289426582e+00 -1.905903965779358e-03 -9.170447076247798e-04 -1.007655240981473e+00
57 29 -1.000282014736371e+00 -1.904981251590320e-03 -9.174340723217070e-04 -1.007657959497543e+00
57 30 -1.000281673406749e+00 -1.903961324895531e-03 -9.178637326633679e-04 -1.007661093424285e+00
57 31 -1.000281268138044e+00 -1.902850888611069e-03 -9.183418576020810e-04 -1.007664619246074e+00
57 32 -1.000280802547624e+00 -1.901657586005459e-03 -9.188767644591375e-04 -1.007668509065648e+00
57 33 -1.000280281110120e+00 -1.900389999643376e-03 -9.194762591922118e-04 -1.007672730868241e+00
57 34 -1.000279709080612e+00 -1.899057637777312e-03 -9.201469037414178e-04 -1.007677248859377e+00
57 35 -1.000279092409431e+00 -1.897670911296530e-03 -9.208933046291831e-04 -1.007682023824223e+00
57 36 -1.000278437658075e+00 -1.896241107669974e-03 -9.217175127897571e-04 -1.007687013446793e+00
57 37 -1.000277751923155e+00 -1.894780368447926e-03 -9.226185906472358e-04 -1.007692172542793e+00
57 38 -1.000277042768585e+00 -1.893301670796254e-03 -9.235923571094426e-04 -1.007697453205058e+00
57 39 -1.000276318158425e+00 -1.891818803716699e-03 -9.246312853716151e-04 -1.007702804916739e+00
57 40 -1.000275586378313e+00 -1.890346321792894e-03 -9.257245159008569e-04 -1.007708174724531e+00
57 41 -1.000274855934895e+00 -1.888899457390605e-03 -9.268579592786728e-04 -1.007713507563815e+00
57 42 -1.000274135429142e+00 -1.887493976658737e-03 -9.280144903812696e-04 -1.007718746792304e+00
57 43 -1.000273433407954e+00 -1.886145974080900e-03 -9.291742596009617e-04 -1.007723834933893e+00
57 44 -1.000272758205531e+00 -1.884871612115206e-03 -9.303151539288321e-04 -1.007728714580159e+00
57 45 -1.000272117788787e+00 -1.883686822044589e-03 -9.314134267030272e-04 -1.007733329365519e+00
57 46 -1.000271519618007e+00 -1.882606985022831e-03 -9.324444864162664e-04 -1.007737624938297e+00
57 47 -1.000270970526886e+00 -1.881646608313701e-03 -9.333838031829157e-04 -1.007741549887720e+00
57 48 -1.000270476619407e+00 -1.880819005802127e-03 -9.342078659009285e-04 -1.007745056628733e+00
57 49 -1.000270043178659e+00 -1.880135989116201e-03 -9.348951110753304e-04 -1.007748102265308e+00
57 50 -1.000269674585131e+00 -1.879607576966647e-03 -9.354267504853098e-04 -1.007750649441103e+00
57 51 -1.000269374246847e+00 -1.879241733032571e-03 -9.357874487693278e-04 -1.007752667156109e+00
57 52 -1.000269144547910e+00 -1.879044144442220e-03 -9.359658352975014e-04 -1.007754131497069e+00
57 53 -1.000268986823546e+00 -1.879018052484853e-03 -9.359548643970401e-04 -1.007755026212967e+00
57 54 -1.000268901367709e+00 -1.879164144389993e-03 -9.357520525018219e-04 -1.007755343073676e+00
57 55 -1.000268887474502e+00 -1.879480511097846e-03 -9.353596142166341e-04 -1.007755081977600e+00
57 56 -1.000268943509767e+00 -1.879962673980529e-03 -9.347844935338306e-04 -1.007754250806603e+00
57 57 -1.000269067006688e+00 -1.880603685262783e-03 -9.340382531986113e-04 -1.007752865045657e+00
57 58 -1.000269254779709e+00 -1.881394309343090e-03 -9.331367646802643e-04 -1.007750947188264e+00
57 59 -1.000269503052055e+00 -1.882323288864501e-03 -9.320996524802293e-04 -1.007748525951659e+00
57 60 -1.000269807591710e+00 -1.883377686712672e-03 -9.309494934885383e-04 -1.007745635342756e+00
57 61 -1.000270163848335e+00 -1.884543276741621e-03 -9.297108373222244e-04 -1.007742313645232e+00
57 62 -1.000270567080936e+00 -1.885804940552494e-03 -9.284091670567523e-04 -1.007738602424981e+00
57 63 -1.000271012465077e+00 -1.887147023403720e-03 -9.270699357940668e-04 -1.007734545657570e+00
58 0 -1.000271424500932e+00 -1.887615978926201e-03 -9.310042450517581e-04 -1.007731353014098e+00
58 1 -1.000271930092637e+00 -1.889055492991547e-03 -9.296586330495106e-04 -1.007726808295790e+00
58 2 -1.000272462355884e+00 -1.890524387721126e-03 -9.283471347382137e-04 -1.007722068278148e+00
58 3 -1.000273016727453e+00 -1.892007041709183e-03 -9.270893861259469e-04 -1.007717180977812e+00
58 4 -1.000273588715090e+00 -1.893488126991932e-03 -9.259027574174408e-04 -1.007712194762655e+00
58 5 -1.000274173898262e+00 -1.894952744016713e-03 -9.248021088636478e-04 -1.007707157953899e+00
58 6 -1.000274767939017e+00 -1.896386602204810e-03 -9.237995262375443e-04 -1.007702118272241e+00
58 7 -1.000275366599642e+00 -1.897776225703749e-03 -9.229040859379545e-04 -1.007697122186724e+00
58 8 -1.000275965757316e+00 -1.899109146265834e-03 -9.221217224701025e-04 -1.007692214281163e+00
58 9 -1.000276561404167e+00 -1.900374044897525e-03 -9.214552568926204e-04 -1.007687436758762e+00
58 10 -1.000277149625311e+00 -1.901560820135542e-03 -9.209046022632555e-04 -1.007682829159475e+00
58 11 -1.000277726555922e+00 -1.902660585284358e-03 -9.204671114963575e-04 -1.007678428289531e+00
58 12 -1.000278288327138e+00 -1.903665618412222e-03 -9.201379971921555e-04 -1.007674268293061e+00
58 13 -1.000278831015724e+00 -1.904569298209767e-03 -9.199107470301419e-04 -1.007670380761861e+00
58 14 -1.000279350611711e+00 -1.905366052839306e-03 -9.197774828341805e-04 -1.007666794793645e+00
58 15 -1.000279843012102e+00 -1.906051331629969e-03 -9.197292533889537e-04 -1.007663536961836e+00
58 16 -1.000280304039938e+00 -1.906621589837367e-03 -9.197562917151244e-04 -1.007660631223387e+00
58 17 -1.000280729480592e+00 -1.907074264118202e-03 -9.198482907417016e-04 -1.007658098833112e+00
58 18 -1.000281115124712e+00 -1.907407716402610e-03 -9.199947484145746e-04 -1.007655958333737e+00
58 19 -1.000281456810690e+00 -1.907621135976775e-03 -9.201854046891445e-04 -1.007654225652735e+00
58 20 -1.000281750466687e+00 -1.907714408046388e-03 -9.204107491771786e-04 -1.007652914280535e+00
58 21 -1.000281992158981e+00 -1.907687973609037e-03 -9.206625378220284e-04 -1.007652035456676e+00
58 22 -1.000282178156372e+00 -1.907542712930608e-03 -9.209342379586445e-04 -1.007651598271864e+00
58 23 -1.000282305017839e+00 -1.907279880121911e-03 -9.212213319766172e-04 -1.007651609613359e+00
58 24 -1.000282369703776e+00 -1.906901101438729e-03 -9.215214458221160e-04 -1.007652073930331e+00
58 25 -1.000282369702740e+00 -1.906408431514104e-03 -9.218343149411589e-04 -1.007652992852937e+00
58 26 -1.000282303159836e+00 -1.905804447472340e-03 -9.221616378598706e-04 -1.007654364738336e+00
58 27 -1.000282168992056e+00 -1.905092355814231e-03 -9.225068795567973e-04 -1.007656184225215e+00
58 28 -1.000281966979486e+00 -1.904276091189588e-03 -9.228750666692160e-04 -1.007658441861188e+00
58 29 -1.000281697826296e+00 -1.903360395447522e-03 -9.232725744954141e-04 -1.007661123841337e+00
58 30 -1.000281363189494e+00 -1.902350874198690e-03 -9.237068650422129e-04 -1.007664211875294e+00
58 31 -1.000280965675768e+00 -1.901254033118974e-03 -9.241861192156691e-04 -1.007667683187802e+00
58 32 -1.000280508808569e+00 -1.900077297274349e-03 -9.247187242676857e-04 -1.007671510648272e+00
58 33 -1.000279996969769e+00 -1.898829015939489e-03 -9.253126220209473e-04 -1.007675663012518e+00
58 34 -1.000279435322832e+00 -1.897518454962430e-03 -9.259745745437979e-04 -1.007680105242738e+00
58 35 -1.000278829726838e+00 -1.896155779690762e-03 -9.267094391281033e-04 -1.007684798854700e+00
58 36 -1.000278186651271e+00 -1.894752033087794e-03 -9.275195473349421e-04 -1.007689702234178e+00
58 37 -1.000277513098743e+00 -1.893319113758389e-03 -9.284042523689068e-04 -1.007694770878788e+00
58 38 -1.000276816536533e+00 -1.891869754914142e-03 -9.293596614316214e-04 -1.007699957559289e+00
58 39 -1.000276104830105e+00 -1.890417497686396e-03 -9.303785294672741e-04 -1.007705212445052e+00
58 40 -1.000275386166581e+00 -1.888976643862239e-03 -9.314502750800350e-04 -1.007710483279011e+00
58 41 -1.000274668956408e+00 -1.887562169087332e-03 -9.325610896426830e-04 -1.007715715696173e+00
58 42 -1.000273961707675e+00 -1.886189581006674e-03 -9.336941354830632e-04 -1.007720853749439e+00
58 43 -1.000273272876805e+00 -1.884874716547089e-03 -9.348298535441158e-04 -1.007725840649819e+00
58 44 -1.000272610707453e+00 -1.883633484096365e-03 -9.359464124384364e-04 -1.007730619671416e+00
58 45 -1.000271983072633e+00 -1.882481565025555e-03 -9.370203224265935e-04 -1.007735135139397e+00
58 46 -1.000271397332256e+00 -1.881434092392319e-03 -9.380272112294370e-04 -1.007739333422212e+00
58 47 -1.000270860211478e+00 -1.880505323052992e-03 -9.389427241529733e-04 -1.007743163879784e+00
58 48 -1.000270377698373e+00 -1.879708315160965e-03 -9.397434823550861e-04 -1.007746579757584e+00
58 49 -1.000269954956003e+00 -1.879054619357114e-03 -9.404080197314054e-04 -1.007749539040776e+00
58 50 -1.000269596245140e+00 -1.878553991174199e-03 -9.409176237405250e-04 -1.007752005280599e+00
58 51 -1.000269304858429e+00 -1.878214134065108e-03 -9.412570267271109e-04 -1.007753948379670e+00
58 52 -1.000269083071745e+00 -1.878040484422568e-03 -9.414149263549027e-04 -1.007755345290642e+00
58 53 -1.000268932120976e+00 -1.878036049320198e-03 -9.413843461709598e-04 -1.007756180564075e+00
58 54 -1.000268852210852e+00 -1.878201304279372e-03 -9.411628665778311e-04 -1.007756446687444e+00
58 55 -1.000268842557650e+00 -1.878534154707659e-03 -9.407527529149873e-04 -1.007756144182382e+00
58 56 -1.000268901462581e+00 -1.879029963736398e-03 -9.401609820473317e-04 -1.007755281455654e+00
58 57 -1.000269026409696e+00 -1.879681651471515e-03 -9.393991349209482e-04 -1.007753874417565e+00
58 58 -1.000269214181912e+00 -1.880479872967957e-03 -9.384830999173463e-04 -1.007751945888135e+00
58 59 -1.000269460989432e+00 -1.881413279398453e-03 -9.374325383607981e-04 -1.007749524816215e+00
58 60 -1.000269762604880e+00 -1.882468855614398e-03 -9.362701049342531e-04 -1.007746645350873e+00
58 61 -1.000270114498186e+00 -1.883632309599331e-03 -9.350204792090970e-04 -1.007743345830383e+00
58 62 -1.000270511962278e+00 -1.884888472761214e-03 -9.337093220556463e-04 -1.007739667781453e+00
58 63 -1.000270950219606e+00 -1.886221663855729e-03 -9.323622936449613e-04 -1.007735655031414e+00
59 0 -1.000271445968923e+00 -1.886729871155637e-03 -9.362261248614994e-04 -1.007732295626271e+00
59 1 -1.000271942894682e+00 -1.888156219474285e-03 -9.348755291289629e-04 -1.007727808488472e+00
59 2 -1.000272465235606e+00 -1.889608432540762e-03 -9.335616853176167e-04 -1.007723136617686e+00
59 3 -1.000273008536166e+00 -1.891071024731545e-03 -9.323043491965418e-04 -1.007718327330145e+00
59 4 -1.000273568430654e+00 -1.892528853237394e-03 -9.311209770971103e-04 -1.007713428144989e+00
59 5 -1.000274140639442e+00 -1.893967242946056e-03 -9.300264981908227e-04 -1.007708486421923e+00
59 6 -1.000274720973380e+00 -1.895372155718208e-03 -9.290330629354663e-04 -1.007703548848209e+00
59 7 -1.000275305344947e+00 -1.896730387663868e-03 -9.281498102073426e-04 -1.007698660821355e+00
59 8 -1.000275889778709e+00 -1.898029759733161e-03 -9.273827234357004e-04 -1.007693865830391e+00
59 9 -1.000276470410907e+00 -1.899259263845628e-03 -9.267346374320083e-04 -1.007689204952721e+00
59 10 -1.000277043470233e+00 -1.900409139168046e-03 -9.262054194476399e-04 -1.007684716550296e+00
59 11 -1.000277605238727e+00 -1.901470875632544e-03 -9.257922989773254e-04 -1.007680436181120e+00
59 12 -1.000278152000263e+00 -1.902437164412181e-03 -9.254902825130958e-04 -1.007676396669346e+00
59 13 -1.000278679989943e+00 -1.903301827108660e-03 -9.252925778199365e-04 -1.007672628234716e+00
59 14 -1.000279185358087e+00 -1.904059751742622e-03 -9.251909710617325e-04 -1.007669158589264e+00
59 15 -1.000279664157666e+00 -1.904706848111625e-03 -9.251761391855426e-04 -1.007666012956502e+00
59 16 -1.000280112356601e+00 -1.905240016931966e-03 -9.252379212663058e-04 -1.007663214026282e+00
59 17 -1.000280525869487e+00 -1.905657114701842e-03 -9.253655988866120e-04 -1.007660781899479e+00
59 18 -1.000280900599648e+00 -1.905956893808618e-03 -9.255482370730787e-04 -1.007658734085589e+00
59 19 -1.000281232483821e+00 -1.906138905843851e-03 -9.257751131075936e-04 -1.007657085590951e+00
59 20 -1.000281517537430e+00 -1.906203372368854e-03 -9.260362196068418e-04 -1.007655849085783e+00
59 21 -1.000281751905205e+00 -1.906151044345830e-03 -9.263227872150621e-04 -1.007655035087556e+00
59 22 -1.000281931925472e+00 -1.905983080783012e-03 -9.266277488559185e-04 -1.007654652073110e+00
59 23 -1.000282054214991e+00 -1.905700974482458e-03 -9.269460721825317e-04 -1.007654706445477e+00
59 24 -1.000282115775443e+00 -1.905306539976338e-03 -9.272749181359395e-04 -1.007655202325330e+00
59 25 -1.000282114115490e+00 -1.904801961565288e-03 -9.276136290615739e-04 -1.007656141190064e+00
59 26 -1.000282047376616e+00 -1.904189884339700e-03 -9.279635908527016e-04 -1.007657521424659e+00
59 27 -1.000281914448941e+00 -1.903473523528999e-03 -9.283280313624424e-04 -1.007659337864655e+00
59 28 -1.000281715065482e+00 -1.902656769650864e-03 -9.287118025856622e-04 -1.007661581400907e+00
59 29 -1.000281449867916e+00 -1.901744275803130e-03 -9.291211546834291e-04 -1.007664238690095e+00
59 30 -1.000281120440869e+00 -1.900741522756067e-03 -9.295634681554970e-04 -1.007667291991489e+00
59 31 -1.000280729313928e+00 -1.899654862806586e-03 -9.300468899307867e-04 -1.007670719137859e+00
59 32 -1.000280279932264e+00 -1.898491544975290e-03 -9.305798312818683e-04 -1.007674493639792e+00
59 33 -1.000279776599613e+00 -1.897259724538735e-03 -9.311703256090719e-04 -1.007678584908258e+00
59 34 -1.000279224401086e+00 -1.895968460087161e-03 -9.318252953898464e-04 -1.007682958560354e+00
59 35 -1.000278629115937e+00 -1.894627701143966e-03 -9.325498172767130e-04 -1.007687576757415e+00
59 36 -1.000277997130641e+00 -1.893248269454399e-03 -9.333464830513137e-04 -1.007692398521028e+00
59 37 -1.000277335359873e+00 -1.891841837410176e-03 -9.342149271715725e-04 -1.007697379984581e+00
59 38 -1.000276651177131e+00 -1.890420905274984e-03 -9.351515440338625e-04 -1.007702474569171e+00
59 39 -1.000275952349032e+00 -1.888998772438158e-03 -9.361493752369522e-04 -1.007707633119803e+00
59 40 -1.000275246961017e+00 -1.887589489089818e-03 -9.371981275866930e-04 -1.007712804082497e+00
59 41 -1.000274543321519e+00 -1.886207769842604e-03 -9.382842887643982e-04 -1.007717933817633e+00
59 42 -1.000273849837832e+00 -1.884868854003016e-03 -9.393913301636058e-04 -1.007722967117003e+00
59 43 -1.000273174866808e+00 -1.883588306372820e-03 -9.405000122082384e-04 -1.007727847936194e+00
59 44 -1.000272526552040e+00 -1.882381762724173e-03 -9.415888232529394e-04 -1.007732520298780e+00
59 45 -1.000271912662827e+00 -1.881264632322358e-03 -9.426345788741441e-04 -1.007736929295418e+00
59 46 -1.000271340448285e+00 -1.880251774823819e-03 -9.436131832447142e-04 -1.007741022096546e+00
59 47 -1.000270816513811e+00 -1.879357169397152e-03 -9.445005192152294e-04 -1.007744748920072e+00
59 48 -1.000270346719599e+00 -1.878593590149342e-03 -9.452734038185860e-04 -1.007748063933409e+00
59 49 -1.000269936095907e+00 -1.877972297239852e-03 -9.459105306958194e-04 -1.007750926100280e+00
59 50 -1.000269588769971e+00 -1.877502751519920e-03 -9.463933226957372e-04 -1.007753299986531e+00
59 51 -1.000269307904229e+00 -1.877192362336106e-03 -9.467066361072803e-04 -1.007755156515319e+00
59 52 -1.000269095651052e+00 -1.877046279541414e-03 -9.468392895918464e-04 -1.007756473631159e+00
59 53 -1.000268953131872e+00 -1.877067238956718e-03 -9.467844259763413e-04 -1.007757236816037e+00
59 54 -1.000268880447332e+00 -1.877255466699855e-03 -9.465397379687302e-04 -1.007757439405847e+00
59 55 -1.000268876720972e+00 -1.877608645015588e-03 -9.461075879077331e-04 -1.007757082674969e+00
59 56 -1.000268940174199e+00 -1.878121942189364e-03 -9.454950279176237e-04 -1.007756175680610e+00
59 57 -1.000269068226598e+00 -1.878788111376634e-03 -9.447136934185467e-04 -1.007754734877806e+00
59 58 -1.000269257614281e+00 -1.879597665456137e-03 -9.437795183140164e-04 -1.007752783525900e+00
59 59 -1.000269504519442e+00 -1.880539133198700e-03 -9.427122214485896e-04 -1.007750350911928e+00
59 60 -1.000269804705038e+00 -1.881599392145119e-03 -9.415345494745417e-04 -1.007747471427358e+00
59 61 -1.000270153648073e+00 -1.882764056257519e-03 -9.402713225492666e-04 -1.007744183558894e+00
59 62 -1.000270546663523e+00 -1.884017879013386e-03 -9.389483899674033e-04 -1.007740528882279e+00
59 63 -1.000270979009935e+00 -1.885345125031347e-03 -9.375916319267255e-04 -1.007736551160168e+00
60 0 -1.000271559746754e+00 -1.885903774457526e-03 -9.413383334928582e-04 -1.007733003615061e+00
60 1 -1.000272049115932e+00 -1.887319628514207e-03 -9.399813907224107e-04 -1.007728566029853e+00
60 2 -1.000272562525657e+00 -1.888757582227671e-03 -9.386642200259501e-04 -1.007723955173903e+00
60 3 -1.000273095617793e+00 -1.890202263081000e-03 -9.374067023498644e-04 -1.007719217728139e+00
60 4 -1.000273644144331e+00 -1.891638695847755e-03 -9.362263749723481e-04 -1.007714400413463e+00
60 5 -1.000274203959824e+00 -1.893052418005876e-03 -9.351382194432900e-04 -1.007709549661736e+00
60 6 -1.000274771019604e+00 -1.894429637020465e-03 -9.341544257169065e-04 -1.007704711145007e+00
60 7 -1.000275341384347e+00 -1.895757417916738e-03 -9.332841662104700e-04 -1.007699929194931e+00
60 8 -1.000275911225799e+00 -1.897023870122881e-03 -9.325334456771000e-04 -1.007695246202654e+00
60 9 -1.000276476824895e+00 -1.898218296129857e-03 -9.319050903317512e-04 -1.007690702113587e+00
60 10 -1.000277034554208e+00 -1.899331273861431e-03 -9.313989064693913e-04 -1.007686334108561e+00
60 11 -1.000277580842272e+00 -1.900354666007001e-03 -9.310119916423450e-04 -1.007682176499249e+00
60 12 -1.000278112125169e+00 -1.901281572472663e-03 -9.307391415378373e-04 -1.007678260792249e+00
60 13 -1.000278624796663e+00 -1.902106255084011e-03 -9.305732797083403e-04 -1.007674615831203e+00
60 14 -1.000279115169387e+00 -1.902824062033131e-03 -9.305058506588087e-04 -1.007671267927882e+00
60 15 -1.000279579456479e+00 -1.903431367161716e-03 -9.305271518389130e-04 -1.007668240930182e+00
60 16 -1.000280013777262e+00 -1.903925523392643e-03 -9.306266205634561e-04 -1.007665556224348e+00
60 17 -1.000280414184121e+00 -1.904304816723180e-03 -9.307931207334018e-04 -1.007663232710593e+00
60 18 -1.000280776702956e+00 -1.904568401925264e-03 -9.310152801568345e-04 -1.007661286810378e+00
60 19 -1.000281097379331e+00 -1.904716206520371e-03 -9.312819099332186e-04 -1.007659732548587e+00
60 20 -1.000281372326848e+00 -1.904748804219797e-03 -9.315824998971484e-04 -1.007658581708717e+00
60 21 -1.000281597780551e+00 -1.904667275630095e-03 -9.319077431928607e-04 -1.007657844008443e+00
60 22 -1.000281770161946e+00 -1.904473084050974e-03 -9.322500157743007e-04 -1.007657527215802e+00
60 23 -1.000281886161574e+00 -1.904167993502098e-03 -9.326037353194293e-04 -1.007657637134728e+00
60 24 -1.000281942840861e+00 -1.903754046043497e-03 -9.329655504304201e-04 -1.007658177424186e+00
60 25 -1.000281937749072e+00 -1.903233600100251e-03 -9.333343547888345e-04 -1.007659149261946e+00
60 26 -1.000281869045686e+00 -1.902609416111983e-03 -9.337111635456247e-04 -1.007660550906620e+00
60 27 -1.000281735615601e+00 -1.901884766245470e-03 -9.340989114572606e-04 -1.007662377235062e+00
60 28 -1.000281537165648e+00 -1.901063544798289e-03 -9.345022237620987e-04 -1.007664619328263e+00
60 29 -1.000281274294688e+00 -1.900150363431381e-03 -9.349271764186454e-04 -1.007667264155351e+00
60 30 -1.000280948533228e+00 -1.899150624502582e-03 -9.353810208331557e-04 -1.007670294381310e+00
60 31 -1.000280562350500e+00 -1.898070571923778e-03 -9.358718225987576e-04 -1.007673688310160e+00
60 32 -1.000280119128806e+00 -1.896917321823517e-03 -9.364079692784525e-04 -1.007677419965443e+00
60 33 -1.000279623108205e+00 -1.895698876434480e-03 -9.369975386184741e-04 -1.007681459294220e+00
60 34 -1.000279079308997e+00 -1.894424124724296e-03 -9.376475699395548e-04 -1.007685772460701e+00
60 35 -1.000278493442643e+00 -1.893102832788015e-03 -9.383633237047441e-04 -1.007690322179904e+00
60 36 -1.000277871822375e+00 -1.891745626999651e-03 -9.391476270408771e-04 -1.007695068036901e+00
60 37 -1.000277221282063e+00 -1.890363973230317e-03 -9.400003808536919e-04 -1.007699966747448e+00
60 38 -1.000276549105900e+00 -1.888970153526390e-03 -9.409182595951401e-04 -1.007704972345629e+00
60 39 -1.000275862963294e+00 -1.887577235628436e-03 -9.418945901368555e-04 -1.007710036330601e+00
60 40 -1.000275170836532e+00 -1.886199023005457e-03 -9.429193708511180e-04 -1.007715107848483e+00
60 41 -1.000274480927686e+00 -1.884849968777452e-03 -9.439793930544420e-04 -1.007720134001191e+00
60 42 -1.000273801536935e+00 -1.883545038863361e-03 -9.450584485451535e-04 -1.007725060351361e+00
60 43 -1.000273140914198e+00 -1.882299516799428e-03 -9.461376347284813e-04 -1.007729831643170e+00
60 44 -1.000272507094976e+00 -1.881128752219989e-03 -9.471957867653781e-04 -1.007734392704608e+00
60 45 -1.000271907736204e+00 -1.880047864400707e-03 -9.482100639375721e-04 -1.007738689456765e+00
60 46 -1.000271349967109e+00 -1.879071418587981e-03 -9.491566951892954e-04 -1.007742669943433e+00
60 47 -1.000270840263941e+00 -1.878213093644307e-03 -9.500118561494619e-04 -1.007746285314577e+00
60 48 -1.000270384349068e+00 -1.877485355735612e-03 -9.507526192747123e-04 -1.007749490736948e+00
60 49 -1.000269987108904e+00 -1.876899148666722e-03 -9.513578996162140e-04 -1.007752246237745e+00
60 50 -1.000269652524899e+00 -1.876463610329375e-03 -9.518093166058109e-04 -1.007754517492467e+00
60 51 -1.000269383616275e+00 -1.876185825558709e-03 -9.520919090323376e-04 -1.007756276548968e+00
60 52 -1.000269182398636e+00 -1.876070625392644e-03 -9.521946722700122e-04 -1.007757502454944e+00
60 53 -1.000269049865592e+00 -1.876120440214983e-03 -9.521109226487941e-04 -1.007758181741309e+00
60 54 -1.000268986000162e+00 -1.876335211014222e-03 -9.518385185700703e-04 -1.007758308714265e+00
60 55 -1.000268989819449e+00 -1.876712360752859e-03 -9.513799706620994e-04 -1.007757885523181e+00
60 56 -1.000269059451189e+00 -1.877246827617455e-03 -9.507424532635548e-04 -1.007756921994291e+00
60 57 -1.000269192236318e+00 -1.877931164103234e-03 -9.499376969157464e-04 -1.007755435240878e+00
60 58 -1.000269384849528e+00 -1.878755708966188e-03 -9.489817138238680e-04 -1.007753449070375e+00
60 59 -1.000269633430184e+00 -1.879708838475750e-03 -9.478943042869329e-04 -1.007750993211882e+00
60 60 -1.000269933717079e+00 -1.880777294384358e-03 -9.466983227576158e-04 -1.007748102397644e+00
60 61 -1.000270281180616e+00 -1.881946569086979e-03 -9.454187408505184e-04 -1.007744815355934e+00
60 62 -1.000270671145132e+00 -1.883201310788418e-03 -9.440816063851227e-04 -1.007741173800507e+00
60 63 -1.000271098893451e+00 -1.884525702528059e-03 -9.427130317838164e-04 -1.007737221514881e+00
61 0 -1.000271764915406e+00 -1.885145694669308e-03 -9.462964501084494e-04 -1.007733466093426e+00
61 1 -1.000272247955059e+00 -1.886553924433711e-03 -9.449316138625032e-04 -1.007729069251601e+00
61 2 -1.000272753557864e+00 -1.887980282120434e-03 -9.436099309390898e-04 -1.007724511362328e+00
61 3 -1.000273277451105e+00 -1.889409483282157e-03 -9.423514156830435e-04 -1.007719838545737e+00
61 4 -1.000273815493554e+00 -1.890826699167247e-03 -9.411736848599308e-04 -1.007715096788039e+00
61 5 -1.000274363664770e+00 -1.892217663341344e-03 -9.400917597397772e-04 -1.007710331643744e+00
61 6 -1.000274918057771e+00 -1.893568817325719e-03 -9.391178474859295e-04 -1.007705587805347e+00
61 7 -1.000275474877262e+00 -1.894867488102904e-03 -9.382611261059584e-04 -1.007700908559471e+00
61 8 -1.000276030440114e+00 -1.896102069455302e-03 -9.375275930363545e-04 -1.007696335209946e+00
61 9 -1.000276581170862e+00 -1.897262170530232e-03 -9.369200410883194e-04 -1.007691906578471e+00
61 10 -1.000277123584840e+00 -1.898338702549959e-03 -9.364381973490095e-04 -1.007687658676252e+00
61 11 -1.000277654255680e+00 -1.899323894100749e-03 -9.360790157833947e-04 -1.007683624582751e+00
61 12 -1.000278169770360e+00 -1.900211246814421e-03 -9.358370739188089e-04 -1.007679834499749e+00
61 13 -1.000278666680567e+00 -1.900995456740581e-03 -9.357050049404651e-04 -1.007676315902992e+00
61 14 -1.000279141461707e+00 -1.901672328185189e-03 -9.356739047470914e-04 -1.007673093705157e+00
61 15 -1.000279590489563e+00 -1.902238697983589e-03 -9.357336835213548e-04 -1.007670190369015e+00
61 16 -1.000280010039926e+00 -1.902692373909203e-03 -9.358733696998188e-04 -1.007667625954046e+00
61 17 -1.000280396310313e+00 -1.903032077272128e-03 -9.360814048929709e-04 -1.007665418124512e+00
61 18 -1.000280745457855e+00 -1.903257372883822e-03 -9.363459787418092e-04 -1.007663582171352e+00
61 19 -1.000281053646148e+00 -1.903368573076084e-03 -9.366554384400022e-04 -1.007662131090906e+00
61 20 -1.000281317096779e+00 -1.903366614740817e-03 -9.369987739552755e-04 -1.007661075725296e+00
61 21 -1.000281532146063e+00 -1.903252923145292e-03 -9.373661399581271e-04 -1.007660424924545e+00
61 22 -1.000281695311350e+00 -1.903029286644186e-03 -9.377493454877491e-04 -1.007660185662462e+00
61 23 -1.000281803371869e+00 -1.902697768244124e-03 -9.381422358076809e-04 -1.007660363038360e+00
61 24 -1.000281853466407e+00 -1.902260672756761e-03 -9.385409118542753e-04 -1.007660960122941e+00
61 25 -1.000281843205041e+00 -1.901720574531749e-03 -9.389437731575337e-04 -1.007661977649227e+00
61 26 -1.000281770787099e+00 -1.901080395564204e-03 -9.393514128897697e-04 -1.007663413592663e+00
61 27 -1.000281635114401e+00 -1.900343513138411e-03 -9.397664200201063e-04 -1.007665262711188e+00
61 28 -1.000281435889021e+00 -1.899513873844663e-03 -9.401931417568597e-04 -1.007667516117622e+00
61 29 -1.000281173687243e+00 -1.898596095963241e-03 -9.406374308331350e-04 -1.007670160939327e+00
61 30 -1.000280850004163e+00 -1.897595550593268e-03 -9.411063617095928e-04 -1.007673180098432e+00
61 31 -1.000280467265641e+00 -1.896518419215684e-03 -9.416078700731664e-04 -1.007676552229222e+00
61 32 -1.000280028806540e+00 -1.895371729614977e-03 -9.421502696307856e-04 -1.007680251735919e+00
61 33 -1.000279538817586e+00 -1.894163373536664e-03 -9.427416322638811e-04 -1.007684248978838e+00
61 34 -1.000279002267700e+00 -1.892902109554465e-03 -9.433890673608466e-04 -1.007688510558088e+00
61 35 -1.000278424812713e+00 -1.891597554699849e-03 -9.440979795496278e-04 -1.007692999646172e+00
61 36 -1.000277812703002e+00 -1.890260168700074e-03 -9.448714010660036e-04 -1.007697676312519e+00
61 37 -1.000277172699914e+00 -1.888901234079635e-03 -9.457094788515358e-04 -1.007702497792968e+00
61 38 -1.000276512004201e+00 -1.887532832549669e-03 -9.466091556245184e-04 -1.007707418688782e+00
61 39 -1.000275838191066e+00 -1.886167812939142e-03 -9.475640378990981e-04 -1.007712391124650e+00
61 40 -1.000275159139650e+00 -1.884819739997872e-03 -9.485644132737932e-04 -1.007717364935456e+00
61 41 -1.000274482943102e+00 -1.883502809246529e-03 -9.495973760503707e-04 -1.007722287969019e+00
61 42 -1.000273817790054e+00 -1.882231713120408e-03 -9.506470404771837e-04 -1.007727106577412e+00
61 43 -1.000273171817663e+00 -1.881021449265839e-03 -9.516948487443955e-04 -1.007731766326039e+00
61 44 -1.000272552946480e+00 -1.879887071823087e-03 -9.527199994207620e-04 -1.007736212892821e+00
61 45 -1.000271968713740e+00 -1.878843396886405e-03 -9.537000223580173e-04 -1.007740393083339e+00
61 46 -1.000271426121475e+00 -1.877904679585204e-03 -9.546115083555077e-04 -1.007744255872403e+00
61 47 -1.000270931509409e+00 -1.877084280856091e-03 -9.554309721460655e-04 -1.007747753402055e+00
61 48 -1.000270490453981e+00 -1.876394339272089e-03 -9.561357951617779e-04 -1.007750841903170e+00
61 49 -1.000270107688553e+00 -1.875845460581405e-03 -9.567051714743274e-04 -1.007753482538082e+00
61 50 -1.000269787038687e+00 -1.875446436186583e-03 -9.571209755266489e-04 -1.007755642170646e+00
61 51 -1.000269531369790e+00 -1.875204000891072e-03 -9.573684861617738e-04 -1.007757294059531e+00
61 52 -1.000269342549677e+00 -1.875122638821644e-03 -9.574369323000927e-04 -1.007758418450632e+00
61 53 -1.000269221432624e+00 -1.875204444122512e-03 -9.573198605034589e-04 -1.007759003027663e+00
61 54 -1.000269167872219e+00 -1.875449039964871e-03 -9.570153512191919e-04 -1.007759043176419e+00
61 55 -1.000269180767210e+00 -1.875853556633105e-03 -9.565261181157651e-04 -1.007758542031562e+00
61 56 -1.000269258139430e+00 -1.876412668932504e-03 -9.558595092146679e-04 -1.007757510297517e+00
61 57 -1.000269397238112e+00 -1.877118696080860e-03 -9.550273962444426e-04 -1.007755965853539e+00
61 58 -1.000269594662486e+00 -1.877961771376569e-03 -9.540459078417284e-04 -1.007753933160629e+00
61 59 -1.000269846494459e+00 -1.878930088992783e-03 -9.529349540688340e-04 -1.007751442491541e+00
61 60 -1.000270148434035e+00 -1.880010226907544e-03 -9.517175160094949e-04 -1.007748529016232e+00
61 61 -1.000270495930812e+00 -1.881187528935228e-03 -9.504187290482851e-04 -1.007745231797463e+00
61 62 -1.000270884304892e+00 -1.882446511222964e-03 -9.490648495114844e-04 -1.007741592776958e+00
61 63 -1.000271308850380e+00 -1.883771248005930e-03 -9.476822331468840e-04 -1.007737655847132e+00
62 0 -1.000272059482684e+00 -1.884463124501135e-03 -9.510569189452784e-04 -1.007733674687939e+00
62 1 -1.000272537521832e+00 -1.885866760811144e-03 -9.496824747421420e-04 -1.007729309119528e+00
62 2 -1.000273036560009e+00 -1.887284390988194e-03 -9.483548993398102e-04 -1.007724795348021e+00
62 3 -1.000273552396382e+00 -1.888700791451336e-03 -9.470943506946850e-04 -1.007720179016041e+00
62 4 -1.000274080983661e+00 -1.890101255299242e-03 -9.459185271027419e-04 -1.007715505451224e+00
62 5 -1.000274618415125e+00 -1.891471691592440e-03 -9.448424810824980e-04 -1.007710819395665e+00
62 6 -1.000275160912617e+00 -1.892798760432266e-03 -9.438784183192526e-04 -1.007706164612118e+00
62 7 -1.000275704818690e+00 -1.894070039889057e-03 -9.430354966987362e-04 -1.007701583377263e+00
62 8 -1.000276246591316e+00 -1.895274199729162e-03 -9.423196785642675e-04 -1.007697115933737e+00
62 9 -1.000276782795853e+00 -1.896401147708660e-03 -9.417336981811179e-04 -1.007692800003231e+00
62 10 -1.000277310088117e+00 -1.897442119642696e-03 -9.412771836855488e-04 -1.007688670451510e+00
62 11 -1.000277825184650e+00 -1.898389700632402e-03 -9.409469314592932e-04 -1.007684759150252e+00
62 12 -1.000278324821086e+00 -1.899237784218121e-03 -9.407372910964615e-04 -1.007681095020443e+00
62 13 -1.000278805705048e+00 -1.899981491082467e-03 -9.406405975206486e-04 -1.007677704191896e+00
62 14 -1.000279264473812e+00 -1.900617073777343e-03 -9.406475900655773e-04 -1.007674610193514e+00
62 15 -1.000279697666968e+00 -1.901141827642614e-03 -9.407477830946919e-04 -1.007671834105836e+00
62 16 -1.000280101720429e+00 -1.901554014655287e-03 -9.409297882351184e-04 -1.007669394650055e+00
62 17 -1.000280472982625e+00 -1.901852793613200e-03 -9.411816198810241e-04 -1.007667308231814e+00
62 18 -1.000280807749070e+00 -1.902038143058477e-03 -9.414910298572208e-04 -1.007665588982039e+00
62 19 -1.000281102309424e+00 -1.902110765008269e-03 -9.418459076686663e-04 -1.007664248833023e+00
62 20 -1.000281353002052e+00 -1.902071966409004e-03 -9.422347532600084e-04 -1.007663297641377e+00
62 21 -1.000281556274308e+00 -1.901923527528378e-03 -9.426471914462115e-04 -1.007662743332975e+00
62 22 -1.000281708750662e+00 -1.901667577312459e-03 -9.430744661248086e-04 -1.007662592014567e+00
62 23 -1.000281807312598e+00 -1.901306500136084e-03 -9.435098409703724e-04 -1.007662847987404e+00
62 24 -1.000281849192721e+00 -1.900842893737397e-03 -9.439488476506917e-04 -1.007663513617163e+00
62 25 -1.000281832081271e+00 -1.900279586034803e-03 -9.443893583988169e-04 -1.007664589053636e+00
62 26 -1.000281754238864e+00 -1.899619704076964e-03 -9.448315024430186e-04 -1.007666071835059e+00
62 27 -1.000281614606549e+00 -1.898866777256688e-03 -9.452774762300051e-04 -1.007667956438955e+00
62 28 -1.000281412903609e+00 -1.898024852634949e-03 -9.457313014182450e-04 -1.007670233848084e+00
62 29 -1.000281149704445e+00 -1.897098602990462e-03 -9.461985609961577e-04 -1.007672891190354e+00
62 30 -1.000280826487707e+00 -1.896093415362213e-03 -9.466861057894807e-04 -1.007675911493634e+00
62 31 -1.000280445653076e+00 -1.895015455452303e-03 -9.472016925455307e-04 -1.007679273577938e+00
62 32 -1.000280010503617e+00 -1.893871708460966e-03 -9.477535093273253e-04 -1.007682952091530e+00
62 33 -1.000279525195051e+00 -1.892669999406209e-03 -9.483495696554682e-04 -1.007686917681450e+00
62 34 -1.000278994658100e+00 -1.891418997029155e-03 -9.489970028964294e-04 -1.007691137269490e+00
62 35 -1.000278424505124e+00 -1.890128205888895e-03 -9.497013132290731e-04 -1.007695574384758e+00
62 36 -1.000277820934607e+00 -1.888807950997885e-03 -9.504657017824589e-04 -1.007700189494328e+00
62 37 -1.000277190644611e+00 -1.887469357910549e-03 -9.512905357542596e-04 -1.007704940283630e+00
62 38 -1.000276540759281e+00 -1.886124328411264e-03 -9.521730101737884e-04 -1.007709781868682e+00
62 39 -1.000275878763765e+00 -1.884785507663207e-03 -9.531070014472192e-04 -1.007714666964451e+00
62 40 -1.000275212435661e+00 -1.883466233113166e-03 -9.540830787886234e-04 -1.007719546073721e+00
62 41 -1.000274549758499e+00 -1.882180450642921e-03 -9.550886325654321e-04 -1.007724367782851e+00
62 42 -1.000273898806538e+00 -1.880942582936434e-03 -9.561080946959096e-04 -1.007729079241287e+00
62 43 -1.000273267599599e+00 -1.879767340749247e-03 -9.571232518502438e-04 -1.007733626859224e+00
62 44 -1.000272663937765e+00 -1.878669477679071e-03 -9.581136722147267e-04 -1.007737957199597e+00
62 45 -1.000272095232968e+00 -1.877663498604947e-03 -9.590572711134588e-04 -1.007742017993507e+00
62 46 -1.000271568354549e+00 -1.876763337883122e-03 -9.599310269112278e-04 -1.007745759191351e+00
62 47 -1.000271089499957e+00 -1.875982025245156e-03 -9.607118302434672e-04 -1.007749133975923e+00
62 48 -1.000270664093359e+00 -1.875331356324471e-03 -9.613774168417193e-04 -1.007752099694952e+00
62 49 -1.000270296708111e+00 -1.874821582227522e-03 -9.619073098721408e-04 -1.007754618701596e+00
62 50 -1.000269991006405e+00 -1.874461129991091e-03 -9.622836911276739e-04 -1.007756659107804e+00
62 51 -1.000269749691687e+00 -1.874256364151643e-03 -9.624921334376763e-04 -1.007758195450732e+00
62 52 -1.000269574475084e+00 -1.874211398477142e-03 -9.625221546128247e-04 -1.007759209252807e+00
62 53 -1.000269466062156e+00 -1.874327964448130e-03 -9.623675876909597e-04 -1.007759689437991e+00
62 54 -1.000269424167488e+00 -1.874605338861768e-03 -9.620267918527693e-04 -1.007759632564543e+00
62 55 -1.000269447561638e+00 -1.875040329294075e-03 -9.615027405814344e-04 -1.007759042848543e+00
62 56 -1.000269534149915e+00 -1.875627316177980e-03 -9.608030111534897e-04 -1.007757931971535e+00
62 57 -1.000269681077993e+00 -1.876358354284465e-03 -9.599396679485083e-04 -1.007756318679447e+00
62 58 -1.000269884856494e+00 -1.877223341040229e-03 -9.589289998159887e-04 -1.007754228187197e+00
62 59 -1.000270141495718e+00 -1.878210259463121e-03 -9.577910602496959e-04 -1.007751691409509e+00
62 60 -1.000270446642176e+00 -1.879305496123716e-03 -9.565489803536395e-04 -1.007748744049827e+00
62 61 -1.000270795709847e+00 -1.880494219652394e-03 -9.552280744987767e-04 -1.007745425598748e+00
62 62 -1.000271184000029e+00 -1.881760787735017e-03 -9.538548182491158e-04 -1.007741778317504e+00
62 63 -1.000271606803917e+00 -1.883089138614594e-03 -9.524558209468300e-04 -1.007737846298464e+00
63 0 -1.000272440417386e+00 -1.883863002016224e-03 -9.555772682113182e-04 -1.007733623651185e+00
63 1 -1.000272914869626e+00 -1.885265196087788e-03 -9.541913577613428e-04 -1.007729279356555e+00
63 2 -1.000273408686625e+00 -1.886677132751407e-03 -9.528563338891037e-04 -1.007724800181511e+00
63 3 -1.000273917724368e+00 -1.888083619990487e-03 -9.515925095652082e-04 -1.007720231383342e+00
63 4 -1.000274438015016e+00 -1.889470045380648e-03 -9.504176694160384e-04 -1.007715617717556e+00
63 5 -1.000274965752567e+00 -1.890822469835585e-03 -9.493468925053126e-04 -1.007711003189582e+00
63 6 -1.000275497276905e+00 -1.892127752824948e-03 -9.483923683277262e-04 -1.007706430695070e+00
63 7 -1.000276029060124e+00 -1.893373708017013e-03 -9.475632123791765e-04 -1.007701941551738e+00
63 8 -1.000276557695280e+00 -1.894549268131235e-03 -9.468653264884054e-04 -1.007697574983471e+00
63 9 -1.000277079884365e+00 -1.895644627834126e-03 -9.463013621943041e-04 -1.007693367648751e+00
63 10 -1.000277592420502e+00 -1.896651336054444e-03 -9.458708286213952e-04 -1.007689353302316e+00
63 11 -1.000278092160065e+00 -1.897562322088379e-03 -9.455703495350108e-04 -1.007685562643639e+00
63 12 -1.000278575983980e+00 -1.898371858077118e-03 -9.453940357355937e-04 -1.007682023350359e+00
63 13 -1.000279040752681e+00 -1.899075476379921e-03 -9.453339151449713e-04 -1.007678760241347e+00
63 14 -1.000279483263424e+00 -1.899669867161629e-03 -9.453803617372913e-04 -1.007675795487603e+00
63 15 -1.000279900219639e+00 -1.900152777096892e-03 -9.455224843154367e-04 -1.007673148800454e+00
63 16 -1.000280288219467e+00 -1.900522918533417e-03 -9.457484682631733e-04 -1.007670837563469e+00
63 17 -1.000280643766346e+00 -1.900779886553336e-03 -9.460458945930661e-04 -1.007668876913862e+00
63 18 -1.000280963300016e+00 -1.900924074158042e-03 -9.464020774867093e-04 -1.007667279803518e+00
63 19 -1.000281243243255e+00 -1.900956575138606e-03 -9.468044565969589e-04 -1.007666057073694e+00
63 20 -1.000281480058880e+00 -1.900879069852141e-03 -9.472410558219429e-04 -1.007665217561402e+00
63 21 -1.000281670313598e+00 -1.900693699230930e-03 -9.477009860690374e-04 -1.007664768225053e+00
63 22 -1.000281810748724e+00 -1.900402942933175e-03 -9.481749385433768e-04 -1.007664714245759e+00
63 23 -1.000281898360133e+00 -1.900009523501371e-03 -9.486555992231453e-04 -1.007665059046420e+00
63 24 -1.000281930489313e+00 -1.899516356313304e-03 -9.491379225664125e-04 -1.007665804182949e+00
63 25 -1.000281904924605e+00 -1.898926555450261e-03 -9.496192330514352e-04 -1.007666949094396e+00
63 26 -1.000281820008308e+00 -1.898243492353734e-03 -9.500991650447526e-04 -1.007668490735973e+00
63 27 -1.000281674742649e+00 -1.897470892570393e-03 -9.505794849518140e-04 -1.007670423147110e+00
63 28 -1.000281468886264e+00 -1.896612950000620e-03 -9.510638483963981e-04 -1.007672737018730e+00
63 29 -1.000281203032676e+00 -1.895674438860023e-03 -9.515575267186570e-04 -1.007675419320085e+00
63 30 -1.000280878663293e+00 -1.894660808985921e-03 -9.520671031114942e-04 -1.007678453031398e+00
63 31 -1.000280498169027e+00 -1.893578256942184e-03 -9.526001079548914e-04 -1.007681817011574e+00
63 32 -1.000280064836942e+00 -1.892433771334310e-03 -9.531645524334099e-04 -1.007685486013570e+00
63 33 -1.000279582802078e+00 -1.891235155025309e-03 -9.537683378145458e-04 -1.007689430841185e+00
63 34 -1.000279056970111e+00 -1.889991029296951e-03 -9.544185595421605e-04 -1.007693618618791e+00
63 35 -1.000278492922202e+00 -1.888710825434617e-03 -9.551207714162538e-04 -1.007698013124898e+00
63 36 -1.000277896816246e+00 -1.887404768365776e-03 -9.558783017824755e-04 -1.007702575131014e+00
63 37 -1.000277275296770e+00 -1.886083855587694e-03 -9.566917071015372e-04 -1.007707262695484e+00
63 38 -1.000276635418991e+00 -1.884759832226560e-03 -9.575584134314485e-04 -1.007712031389384e+00
63 39 -1.000275984583445e+00 -1.883445158466885e-03 -9.584725520563062e-04 -1.007716834473276e+00
63 40 -1.000275330469374e+00 -1.882152959289482e-03 -9.594249617308532e-04 -1.007721623086978e+00
63 41 -1.000274680951461e+00 -1.880896941745448e-03 -9.604033181091722e-04 -1.007726346539617e+00
63 42 -1.000274043988028e+00 -1.879691265318696e-03 -9.613923610769224e-04 -1.007730952778154e+00
63 43 -1.000273427478387e+00 -1.878550356646055e-03 -9.623742139926790e-04 -1.007735389071067e+00
63 44 -1.000272839098382e+00 -1.877488668410204e-03 -9.633288111469880e-04 -1.007739602888833e+00
63 45 -1.000272286130751e+00 -1.876520390798096e-03 -9.642344577909972e-04 -1.007743542917162e+00
63 46 -1.000271775308109e+00 -1.875659130725636e-03 -9.650685352119607e-04 -1.007747160116813e+00
63 47 -1.000271312681386e+00 -1.874917577578964e-03 -9.658083362643623e-04 -1.007750408749650e+00
63 48 -1.000270903518161e+00 -1.874307173662175e-03 -9.664319857901844e-04 -1.007753247319017e+00
63 49 -1.000270552227332e+00 -1.873837804261938e-03 -9.669193766416579e-04 -1.007755639407850e+00
63 50 -1.000270262302662e+00 -1.873517519363910e-03 -9.672530427400760e-04 -1.007757554419102e+00
63 51 -1.000270036279653e+00 -1.873352298073605e-03 -9.674188988948998e-04 -1.007758968219379e+00
63 52 -1.000269875706087e+00 -1.873345865763708e-03 -9.674068020993422e-04 -1.007759863667585e+00
63 53 -1.000269781131877e+00 -1.873499570326828e-03 -9.672109241222061e-04 -1.007760230995736e+00
63 54 -1.000269752125406e+00 -1.873812318343055e-03 -9.668299576327644e-04 -1.007760068009673e+00
63 55 -1.000269787321128e+00 -1.874280568135308e-03 -9.662671933632913e-04 -1.007759380089212e+00
63 56 -1.000269884498791e+00 -1.874898377354569e-03 -9.655304962098022e-04 -1.007758179981012e+00
63 57 -1.000270040690141e+00 -1.875657507216262e-03 -9.646321788812812e-04 -1.007756487388763e+00
63 58 -1.000270252305372e+00 -1.876547590385921e-03 -9.635887395229164e-04 -1.007754328373785e+00
63 59 -1.000270515269827e+00 -1.877556370580350e-03 -9.624204147408080e-04 -1.007751734586264e+00
63 60 -1.000270825161888e+00 -1.878670015792267e-03 -9.611505147780743e-04 -1.007748742357210e+00
63 61 -1.000271177344582e+00 -1.879873493083653e-03 -9.598045523708882e-04 -1.007745391698913e+00
63 62 -1.000271567084981e+00 -1.881150975393167e-03 -9.584092349503142e-04 -1.007741725285490e+00
63 63 -1.000271989656168e+00 -1.882486238016092e-03 -9.569914356201701e-04 -1.007737787502623e+00
