1.643418576185428e-07
1.000000000000000e-12
1.000000000000000e-17
3.535888517832735e-01
1.935671311531244e-01
1.000000000000000e-02
-1.500017464083440e+00
1.901109735892602e-07
64
64
6.666666666666666e-03
1
0 0 -1.000275138587095e+00 -1.885913479006338e-03 -9.523720349249050e-04 -1.007724150262094e+00
0 1 -1.000275529767087e+00 -1.887037986017543e-03 -9.513302849552159e-04 -1.007720648306814e+00
0 2 -1.000275936579124e+00 -1.888170114386550e-03 -9.503225791663727e-04 -1.007717044793063e+00
0 3 -1.000276355402962e+00 -1.889297855494590e-03 -9.493633317383658e-04 -1.007713376095918e+00
0 4 -1.000276782708142e+00 -1.890409602792510e-03 -9.484653764241954e-04 -1.007709678211947e+00
0 5 -1.000277215065355e+00 -1.891494270910566e-03 -9.476397688233605e-04 -1.007705986441947e+00
0 6 -1.000277649148418e+00 -1.892541400695823e-03 -9.468956342651229e-04 -1.007702335107630e+00
0 7 -1.000278081728804e+00 -1.893541249953188e-03 -9.462400643395742e-04 -1.007698757297393e+00
0 8 -1.000278509665568e+00 -1.894484868653245e-03 -9.456780701426097e-04 -1.007695284638394e+00
0 9 -1.000278929893841e+00 -1.895364158112670e-03 -9.452125987401289e-04 -1.007691947092707e+00
0 10 -1.000279339414604e+00 -1.896171914875342e-03 -9.448446127557977e-04 -1.007688772776014e+00
0 11 -1.000279735287247e+00 -1.896901860382512e-03 -9.445732256975542e-04 -1.007685787799578e+00
0 12 -1.000280114625306e+00 -1.897548657363309e-03 -9.443958803857292e-04 -1.007683016138424e+00
0 13 -1.000280474595099e+00 -1.898107913873537e-03 -9.443085552334315e-04 -1.007680479528841e+00
0 14 -1.000280812416682e+00 -1.898576175354727e-03 -9.443059841753350e-04 -1.007678197398613e+00
0 15 -1.000281125366377e+00 -1.898950903285637e-03 -9.443818819763965e-04 -1.007676186835757e+00
0 16 -1.000281410780631e+00 -1.899230437505348e-03 -9.445291754746119e-04 -1.007674462601859e+00
0 17 -1.000281666062384e+00 -1.899413940598962e-03 -9.447402473197091e-04 -1.007673037189072e+00
0 18 -1.000281888692597e+00 -1.899501326857195e-03 -9.450071976448074e-04 -1.007671920907331e+00
0 19 -1.000282076249998e+00 -1.899493182498233e-03 -9.453221221742141e-04 -1.007671121978501e+00
0 20 -1.000282226441189e+00 -1.899390685956731e-03 -9.456773970828860e-04 -1.007670646611840e+00
0 21 -1.000282337141884e+00 -1.899195537382591e-03 -9.460659541868416e-04 -1.007670499038035e+00
0 22 -1.000282406448628e+00 -1.898909905614776e-03 -9.464815253175232e-04 -1.007670681485227e+00
0 23 -1.000282432738490e+00 -1.898536397928523e-03 -9.469188338659428e-04 -1.007671194092462e+00
0 24 -1.000282414732151e+00 -1.898078052407319e-03 -9.473737173967084e-04 -1.007672034773523e+00
0 25 -1.000282351554661e+00 -1.897538347124612e-03 -9.478431771470718e-04 -1.007673199058988e+00
0 26 -1.000282242788932e+00 -1.896921217622738e-03 -9.483253619937236e-04 -1.007674679947406e+00
0 27 -1.000282088519062e+00 -1.896231075175914e-03 -9.488194998294808e-04 -1.007676467788282e+00
0 28 -1.000281889362410e+00 -1.895472821148188e-03 -9.493257874103423e-04 -1.007678550208125e+00
0 29 -1.000281646490293e+00 -1.894651855699724e-03 -9.498452441125913e-04 -1.007680912081430e+00
0 30 -1.000281361637784e+00 -1.893774081794032e-03 -9.503795289038796e-04 -1.007683535541133e+00
0 31 -1.000281037103307e+00 -1.892845907424228e-03 -9.509307151669602e-04 -1.007686400018528e+00
0 32 -1.000280675738257e+00 -1.891874248913023e-03 -9.515010177702099e-04 -1.007689482304535e+00
0 33 -1.000280280925932e+00 -1.890866535602125e-03 -9.520924739942056e-04 -1.007692756632394e+00
0 34 -1.000279856548734e+00 -1.889830712789355e-03 -9.527065933446375e-04 -1.007696194789897e+00
0 35 -1.000279406943619e+00 -1.888775237549011e-03 -9.533440042876195e-04 -1.007699766270939e+00
0 36 -1.000278936847376e+00 -1.887709061887857e-03 -9.540041317146061e-04 -1.007703438471952e+00
0 37 -1.000278451334303e+00 -1.886641598974185e-03 -9.546849357713768e-04 -1.007707176933633e+00
0 38 -1.000277955748715e+00 -1.885582670122985e-03 -9.553827334023494e-04 -1.007710945625189e+00
0 39 -1.000277455633921e+00 -1.884542432239500e-03 -9.560921120542281e-04 -1.007714707267344e+00
0 40 -1.000276956658357e+00 -1.883531287020362e-03 -9.568059333079448e-04 -1.007718423690985e+00
0 41 -1.000276464538706e+00 -1.882559774112178e-03 -9.575154162222129e-04 -1.007722056229917e+00
0 42 -1.000275984959643e+00 -1.881638450615439e-03 -9.582102890688203e-04 -1.007725566147267e+00
0 43 -1.000275523490310e+00 -1.880777758674985e-03 -9.588790034829587e-04 -1.007728915095155e+00
0 44 -1.000275085498665e+00 -1.879987881374549e-03 -9.595090118219401e-04 -1.007732065607604e+00
0 45 -1.000274676065634e+00 -1.879278585670780e-03 -9.600871109099464e-04 -1.007734981627255e+00
0 46 -1.000274299901519e+00 -1.878659051346522e-03 -9.605998511753599e-04 -1.007737629064210e+00
0 47 -1.000273961267256e+00 -1.878137687536706e-03 -9.610340013737288e-04 -1.007739976378673e+00
0 48 -1.000273663902993e+00 -1.877721941868975e-03 -9.613770489179654e-04 -1.007741995171226e+00
0 49 -1.000273410965940e+00 -1.877418110024507e-03 -9.616177070741499e-04 -1.007743660759418e+00
0 50 -1.000273204979127e+00 -1.877231155617828e-03 -9.617463953212194e-04 -1.007744952715255e+00
0 51 -1.000273047793037e+00 -1.877164552334987e-03 -9.617556601059880e-04 -1.007745855331929e+00
0 52 -1.000272940562960e+00 -1.877220161102214e-03 -9.616405105433677e-04 -1.007746357983192e+00
0 53 -1.000272883744889e+00 -1.877398152518061e-03 -9.613986550505114e-04 -1.007746455343632e+00
0 54 -1.000272877111446e+00 -1.877696978981722e-03 -9.610306362309213e-04 -1.007746147454947e+00
0 55 -1.000272919787126e+00 -1.878113394994691e-03 -9.605398686870645e-04 -1.007745439643122e+00
0 56 -1.000273010300280e+00 -1.878642520796060e-03 -9.599325863355821e-04 -1.007744342304679e+00
0 57 -1.000273146647929e+00 -1.879277943643548e-03 -9.592177034596411e-04 -1.007742870585788e+00
0 58 -1.000273326368661e+00 -1.880011850973560e-03 -9.584065902516725e-04 -1.007741043980470e+00
0 59 -1.000273546618594e+00 -1.880835189732930e-03 -9.575127626288320e-04 -1.007738885873716e+00
0 60 -1.000273804246239e+00 -1.881737846609826e-03 -9.565514903478978e-04 -1.007736423050084e+00
0 61 -1.000274095863680e+00 -1.882708844140265e-03 -9.555393370011077e-04 -1.007733685180592e+00
0 62 -1.000274417913005e+00 -1.883736546757261e-03 -9.544936569839602e-04 -1.007730704296810e+00
0 63 -1.000274766727505e+00 -1.884808869200215e-03 -9.534320825925943e-04 -1.007727514263166e+00
1 0 -1.000275520747807e+00 -1.885515906210140e-03 -9.554914390818908e-04 -1.007723945518860e+00
1 1 -1.000275911729072e+00 -1.886643571387895e-03 -9.544397812571535e-04 -1.007720442813730e+00
1 2 -1.000276317349165e+00 -1.887776336857337e-03 -9.534248276274413e-04 -1.007716846528226e+00
1 3 -1.000276733998548e+00 -1.888902176992406e-03 -9.524610929977964e-04 -1.007713192954251e+00
1 4 -1.000277158167687e+00 -1.890009495808719e-03 -9.515614818777248e-04 -1.007709517919941e+00
1 5 -1.000277586459135e+00 -1.891087247280891e-03 -9.507370890735663e-04 -1.007705856470673e+00
1 6 -1.000278015589514e+00 -1.892125040407939e-03 -9.499970479657376e-04 -1.007702242588064e+00
1 7 -1.000278442383344e+00 -1.893113229223528e-03 -9.493484281310410e-04 -1.007698708941105e+00
1 8 -1.000278863761815e+00 -1.894042986821784e-03 -9.487961894191766e-04 -1.007695286665181e+00
1 9 -1.000279276729793e+00 -1.894906362573886e-03 -9.483431988876133e-04 -1.007692005167247e+00
1 10 -1.000279678363881e+00 -1.895696323133715e-03 -9.479903104882788e-04 -1.007688891955906e+00
1 11 -1.000280065803441e+00 -1.896406778977095e-03 -9.477364999907815e-04 -1.007685972495050e+00
1 12 -1.000280436245353e+00 -1.897032598014209e-03 -9.475790430660742e-04 -1.007683270081500e+00
1 13 -1.000280786942201e+00 -1.897569606961183e-03 -9.475137226294682e-04 -1.007680805749968e+00
1 14 -1.000281115202920e+00 -1.898014580433525e-03 -9.475350519774720e-04 -1.007678598210329e+00
1 15 -1.000281418394944e+00 -1.898365216691495e-03 -9.476365045784754e-04 -1.007676663822827e+00
1 16 -1.000281693947601e+00 -1.898620097687832e-03 -9.478107495714967e-04 -1.007675016616269e+00
1 17 -1.000281939357790e+00 -1.898778631515553e-03 -9.480498989291756e-04 -1.007673668349327e+00
1 18 -1.000282152200492e+00 -1.898840979020937e-03 -9.483457719045867e-04 -1.007672628603635e+00
1 19 -1.000282330147321e+00 -1.898807971343495e-03 -9.486901751392596e-04 -1.007671904885172e+00
1 20 -1.000282470995652e+00 -1.898681027914731e-03 -9.490751884461226e-04 -1.007671502706126e+00
1 21 -1.000282572709151e+00 -1.898462084007169e-03 -9.494934406159250e-04 -1.007671425624499e+00
1 22 -1.000282633468683e+00 -1.898153535129471e-03 -9.499383559473084e-04 -1.007671675227466e+00
1 23 -1.000282651730982e+00 -1.897758203318183e-03 -9.504043505950253e-04 -1.007672251054188e+00
1 24 -1.000282626290837e+00 -1.897279326403171e-03 -9.508869617411877e-04 -1.007673150467118e+00
1 25 -1.000282556341390e+00 -1.896720565604747e-03 -9.513829034666558e-04 -1.007674368496427e+00
1 26 -1.000282441527321e+00 -1.896086022606579e-03 -9.518900556051837e-04 -1.007675897690353e+00
1 27 -1.000282281987663e+00 -1.895380257576077e-03 -9.524073981465925e-04 -1.007677727997941e+00
1 28 -1.000282078387258e+00 -1.894608303370032e-03 -9.529349021319787e-04 -1.007679846695628e+00
1 29 -1.000281831937213e+00 -1.893775674761768e-03 -9.534733827200906e-04 -1.007682238357271e+00
1 30 -1.000281544404793e+00 -1.892888373331452e-03 -9.540243150379712e-04 -1.007684884862681e+00
1 31 -1.000281218112986e+00 -1.891952889655486e-03 -9.545896094861372e-04 -1.007687765438314e+00
1 32 -1.000280855929757e+00 -1.890976205032605e-03 -9.551713420351000e-04 -1.007690856723408e+00
1 33 -1.000280461246550e+00 -1.889965793938946e-03 -9.557714403166472e-04 -1.007694132858452e+00
1 34 -1.000280037945371e+00 -1.888929625341377e-03 -9.563913384659867e-04 -1.007697565600384e+00
1 35 -1.000279590354306e+00 -1.887876157940645e-03 -9.570316268687369e-04 -1.007701124474054e+00
1 36 -1.000279123192852e+00 -1.886814323577309e-03 -9.576917297032011e-04 -1.007704776967292e+00
1 37 -1.000278641509633e+00 -1.885753494378346e-03 -9.583696409145433e-04 -1.007708488770723e+00
1 38 -1.000278150615153e+00 -1.884703431204241e-03 -9.590617407341466e-04 -1.007712224059498e+00
1 39 -1.000277656011203e+00 -1.883674212657006e-03 -9.597627036282389e-04 -1.007715945813938e+00
1 40 -1.000277163317449e+00 -1.882676145379096e-03 -9.604654972039099e-04 -1.007719616177284e+00
1 41 -1.000276678194965e+00 -1.881719657561761e-03 -9.611614632129119e-04 -1.007723196849312e+00
1 42 -1.000276206266256e+00 -1.880815178059661e-03 -9.618404695842509e-04 -1.007726649514859e+00
1 43 -1.000275753031809e+00 -1.879973003064991e-03 -9.624911264346261e-04 -1.007729936306402e+00
1 44 -1.000275323784355e+00 -1.879203151182543e-03 -9.631010649798649e-04 -1.007733020299453e+00
1 45 -1.000274923523089e+00 -1.878515206593825e-03 -9.636572809307322e-04 -1.007735866038881e+00
1 46 -1.000274556870609e+00 -1.877918149808335e-03 -9.641465409053297e-04 -1.007738440092812e+00
1 47 -1.000274227995193e+00 -1.877420177143863e-03 -9.645558426460164e-04 -1.007740711626695e+00
1 48 -1.000273940540681e+00 -1.877028513230835e-03 -9.648729100962214e-04 -1.007742652983402e+00
1 49 -1.000273697565884e+00 -1.876749224029136e-03 -9.650866957315512e-04 -1.007744240248643e+00
1 50 -1.000273501495127e+00 -1.876587040097704e-03 -9.651878576922366e-04 -1.007745453776331e+00
1 51 -1.000273354081529e+00 -1.876545201429461e-03 -9.651691798671564e-04 -1.007746278644132e+00
1 52 -1.000273256385369e+00 -1.876625335972697e-03 -9.650259091473339e-04 -1.007746705005257e+00
1 53 -1.000273208770276e+00 -1.876827382418416e-03 -9.647559941011041e-04 -1.007746728304574e+00
1 54 -1.000273210919218e+00 -1.877149562872831e-03 -9.643602204867887e-04 -1.007746349340751e+00
1 55 -1.000273261870038e+00 -1.877588404630055e-03 -9.638422475714746e-04 -1.007745574176926e+00
1 56 -1.000273360068037e+00 -1.878138805993887e-03 -9.632085523138206e-04 -1.007744413918441e+00
1 57 -1.000273503431704e+00 -1.878794140153915e-03 -9.624682864649704e-04 -1.007742884382316e+00
1 58 -1.000273689426959e+00 -1.879546391469135e-03 -9.616330482155623e-04 -1.007741005683960e+00
1 59 -1.000273915144862e+00 -1.880386318291407e-03 -9.607165693391423e-04 -1.007738801767319e+00
1 60 -1.000274177378044e+00 -1.881303636155307e-03 -9.597343228422361e-04 -1.007736299902283e+00
1 61 -1.000274472692707e+00 -1.882287215587460e-03 -9.587030644052314e-04 -1.007733530165403e+00
1 62 -1.000274797495091e+00 -1.883325288980657e-03 -9.576403310190588e-04 -1.007730524912187e+00
1 63 -1.000275148092382e+00 -1.884405659819705e-03 -9.565639282368391e-04 -1.007727318249129e+00
2 0 -1.000275957574252e+00 -1.885196300614735e-03 -9.583290950386233e-04 -1.007723543161687e+00
2 1 -1.000276349234364e+00 -1.886328995340853e-03 -9.572664360695520e-04 -1.007720033556485e+00
2 2 -1.000276754529122e+00 -1.887464274797771e-03 -9.562432231081867e-04 -1.007716438394390e+00
2 3 -1.000277169850862e+00 -1.888590080403366e-03 -9.552740766411207e-04 -1.007712793938211e+00
2 4 -1.000277591702054e+00 -1.889694810429311e-03 -9.543719756946871e-04 -1.007709135902537e+00
2 5 -1.000278016708186e+00 -1.890767441688401e-03 -9.535480562415416e-04 -1.007705499132799e+00
2 6 -1.000278441619975e+00 -1.891797634861538e-03 -9.528114596030756e-04 -1.007701917325774e+00
2 7 -1.000278863306796e+00 -1.892775823948940e-03 -9.521692315514413e-04 -1.007698422785012e+00
2 8 -1.000279278744522e+00 -1.893693289177713e-03 -9.516262780694013e-04 -1.007695046206101e+00
2 9 -1.000279685001126e+00 -1.894542212412886e-03 -9.511853834316794e-04 -1.007691816490313e+00
2 10 -1.000280079223064e+00 -1.895315715636741e-03 -9.508472902481875e-04 -1.007688760585227e+00
2 11 -1.000280458624751e+00 -1.896007884605078e-03 -9.506108342073315e-04 -1.007685903349266e+00
2 12 -1.000280820482272e+00 -1.896613779591454e-03 -9.504731222147839e-04 -1.007683267438904e+00
2 13 -1.000281162131003e+00 -1.897129433981694e-03 -9.504297409242745e-04 -1.007680873221476e+00
2 14 -1.000281480965976e+00 -1.897551840714730e-03 -9.504749825779356e-04 -1.007678738718853e+00
2 15 -1.000281774443788e+00 -1.897878925647233e-03 -9.506020786879129e-04 -1.007676879587620e+00
2 16 -1.000282040085646e+00 -1.898109505454108e-03 -9.508034399441707e-04 -1.007675309141419e+00
2 17 -1.000282275482405e+00 -1.898243227867498e-03 -9.510709076072976e-04 -1.007674038416893e+00
2 18 -1.000282478304089e+00 -1.898280495944555e-03 -9.513960212846691e-04 -1.007673076272455e+00
2 19 -1.000282646317354e+00 -1.898222383433890e-03 -9.517703009248149e-04 -1.007672429495399e+00
2 20 -1.000282777413642e+00 -1.898070550848280e-03 -9.521855332470545e-04 -1.007672102889110e+00
2 21 -1.000282869648827e+00 -1.897827170817892e-03 -9.526340480864086e-04 -1.007672099319071e+00
2 22 -1.000282921293153e+00 -1.897494869627696e-03 -9.531089666891720e-04 -1.007672419704679e+00
2 23 -1.000282930888934e+00 -1.897076690476867e-03 -9.536044016531398e-04 -1.007673062950679e+00
2 24 -1.000282897312025e+00 -1.896576080377882e-03 -9.541155911908110e-04 -1.007674025824217e+00
2 25 -1.000282819831610e+00 -1.895996896183815e-03 -9.546389607639643e-04 -1.007675302801965e+00
2 26 -1.000282698162821e+00 -1.895343420413012e-03 -9.551721172957779e-04 -1.007676885922468e+00
2 27 -1.000282532508769e+00 -1.894620378315016e-03 -9.557137872749967e-04 -1.007678764670998e+00
2 28 -1.000282323591349e+00 -1.893832951976793e-03 -9.562637088147347e-04 -1.007680925906697e+00
2 29 -1.000282072671401e+00 -1.892986790331080e-03 -9.568224837374304e-04 -1.007683353831046e+00
2 30 -1.000281781558463e+00 -1.892088014647278e-03 -9.573913921053598e-04 -1.007686029995690e+00
2 31 -1.000281452609983e+00 -1.891143220045725e-03 -9.579721679398027e-04 -1.007688933346318e+00
2 32 -1.000281088719991e+00 -1.890159475323609e-03 -9.585667325644663e-04 -1.007692040295073e+00
2 33 -1.000280693297178e+00 -1.889144323185603e-03 -9.591768856824075e-04 -1.007695324815000e+00
2 34 -1.000280270231814e+00 -1.888105779684033e-03 -9.598039655394788e-04 -1.007698758559051e+00
2 35 -1.000279823851190e+00 -1.887052328131197e-03 -9.604485026818079e-04 -1.007702311013664e+00
2 36 -1.000279358864817e+00 -1.885992901923140e-03 -9.611098989722322e-04 -1.007705949694654e+00
2 37 -1.000278880302119e+00 -1.884936852127031e-03 -9.617861619490479e-04 -1.007709640386054e+00
2 38 -1.000278393445405e+00 -1.883893897234105e-03 -9.624737170287987e-04 -1.007713347419337e+00
2 39 -1.000277903759700e+00 -1.882874053681720e-03 -9.631673098300654e-04 -1.007717033991701e+00
2 40 -1.000277416819800e+00 -1.881887547268039e-03 -9.638600000819919e-04 -1.007720662522884e+00
2 41 -1.000276938234242e+00 -1.880944707141142e-03 -9.645432398480205e-04 -1.007724195049207e+00
2 42 -1.000276473565722e+00 -1.880055844718016e-03 -9.652070254408508e-04 -1.007727593653490e+00
2 43 -1.000276028247909e+00 -1.879231119618047e-03 -9.658401151034605e-04 -1.007730820929788e+00
2 44 -1.000275607499794e+00 -1.878480394016942e-03 -9.664303097575159e-04 -1.007733840480652e+00
2 45 -1.000275216240064e+00 -1.877813075957328e-03 -9.669647969027702e-04 -1.007736617442866e+00
2 46 -1.000274859004500e+00 -1.877237951592555e-03 -9.674305553762910e-04 -1.007739119036870e+00
2 47 -1.000274539869143e+00 -1.876763007332716e-03 -9.678148117119230e-04 -1.007741315132823e+00
2 48 -1.000274262381468e+00 -1.876395245778354e-03 -9.681055298687833e-04 -1.007743178820239e+00
2 49 -1.000274029501440e+00 -1.876140502573188e-03 -9.682919081651891e-04 -1.007744686961100e+00
2 50 -1.000273843553853e+00 -1.876003273343783e-03 -9.683648526721583e-04 -1.007745820702310e+00
2 51 -1.000273706193204e+00 -1.875986561220321e-03 -9.683173961914995e-04 -1.007746565920267e+00
2 52 -1.000273618383042e+00 -1.876091756691365e-03 -9.681450365587248e-04 -1.007746913565352e+00
2 53 -1.000273580392553e+00 -1.876318560937374e-03 -9.678459769748345e-04 -1.007746859873345e+00
2 54 -1.000273591812662e+00 -1.876664959181414e-03 -9.674212622548478e-04 -1.007746406422985e+00
2 55 -1.000273651591725e+00 -1.877127243711225e-03 -9.668748141157819e-04 -1.007745560040794e+00
2 56 -1.000273758088472e+00 -1.877700081558876e-03 -9.662133723431491e-04 -1.007744332571583e+00
2 57 -1.000273909138518e+00 -1.878376621010122e-03 -9.654463472648641e-04 -1.007742740538505e+00
2 58 -1.000274102129956e+00 -1.879148631387003e-03 -9.645855863684226e-04 -1.007740804717495e+00
2 59 -1.000274334082788e+00 -1.880006669622240e-03 -9.636450577623314e-04 -1.007738549653930e+00
2 60 -1.000274601726902e+00 -1.880940266421410e-03 -9.626404566055872e-04 -1.007736003149035e+00
2 61 -1.000274901575012e+00 -1.881938125896102e-03 -9.615887473174358e-04 -1.007733195734018e+00
2 62 -1.000275229989473e+00 -1.882988333667781e-03 -9.605076633735063e-04 -1.007730160139070e+00
2 63 -1.000275583243152e+00 -1.884078567258429e-03 -9.594151946892876e-04 -1.007726930763673e+00
3 0 -1.000276444445278e+00 -1.884958315836278e-03 -9.608570199776703e-04 -1.007722945786405e+00
3 1 -1.000276837661914e+00 -1.886097877183854e-03 -9.597823138719642e-04 -1.007719423164085e+00
3 2 -1.000277243508386e+00 -1.887237538153563e-03 -9.587498465914693e-04 -1.007715822973040e+00
3 3 -1.000277658370140e+00 -1.888365191825956e-03 -9.577743490796985e-04 -1.007712181500116e+00
3 4 -1.000278078752575e+00 -1.889469214449993e-03 -9.568688788462360e-04 -1.007708534402124e+00
3 5 -1.000278501294712e+00 -1.890538588489791e-03 -9.560446158157810e-04 -1.007704916383270e+00
3 6 -1.000278922772037e+00 -1.891563008806724e-03 -9.553107103940740e-04 -1.007701360914982e+00
3 7 -1.000279340089960e+00 -1.892532972002983e-03 -9.546741841888570e-04 -1.007697899993585e+00
3 8 -1.000279750270861e+00 -1.893439848174209e-03 -9.541398881613568e-04 -1.007694563931658e+00
3 9 -1.000280150438298e+00 -1.894275934517604e-03 -9.537105224867052e-04 -1.007691381180296e+00
3 10 -1.000280537801823e+00 -1.895034491691254e-03 -9.533867172790430e-04 -1.007688378179011e+00
3 11 -1.000280909645074e+00 -1.895709764983451e-03 -9.531671675184325e-04 -1.007685579229624e+00
3 12 -1.000281263318376e+00 -1.896296992206523e-03 -9.530488116695118e-04 -1.007683006392805e+00
3 13 -1.000281596235647e+00 -1.896792399496207e-03 -9.530270413524544e-04 -1.007680679409128e+00
3 14 -1.000281905874437e+00 -1.897193185413354e-03 -9.530959292432318e-04 -1.007678615648614e+00
3 15 -1.000282189777739e+00 -1.897497492271319e-03 -9.532484661558357e-04 -1.007676830094851e+00
3 16 -1.000282445556790e+00 -1.897704361895873e-03 -9.534768056399269e-04 -1.007675335371042e+00
3 17 -1.000282670895543e+00 -1.897813673631032e-03 -9.537725202502654e-04 -1.007674141810262e+00
3 18 -1.000282863559347e+00 -1.897826066609698e-03 -9.541268729368336e-04 -1.007673257558646e+00
3 19 -1.000283021411394e+00 -1.897742853316084e-03 -9.545311008990776e-04 -1.007672688687107e+00
3 20 -1.000283142439779e+00 -1.897565933565874e-03 -9.549767028177832e-04 -1.007672439284484e+00
3 21 -1.000283224796015e+00 -1.897297717285608e-03 -9.554557158961349e-04 -1.007672511511225e+00
3 22 -1.000283266843976e+00 -1.896941063415734e-03 -9.559609653490329e-04 -1.007672905599186e+00
3 23 -1.000283267216813e+00 -1.896499240886572e-03 -9.564862665883033e-04 -1.007673619789714e+00
3 24 -1.000283224877742e+00 -1.895975913456834e-03 -9.570265633729900e-04 -1.007674650216073e+00
3 25 -1.000283139179116e+00 -1.895375143670952e-03 -9.575779948284673e-04 -1.007675990755414e+00
3 26 -1.000283009914253e+00 -1.894701406913089e-03 -9.581378951360284e-04 -1.007677632885033e+00
3 27 -1.000282837358749e+00 -1.893959607590306e-03 -9.587047353722368e-04 -1.007679565569130e+00
3 28 -1.000282622300652e+00 -1.893155093296368e-03 -9.592780167299533e-04 -1.007681775186010e+00
3 29 -1.000282366060053e+00 -1.892293665166930e-03 -9.598581218654879e-04 -1.007684245496708e+00
3 30 -1.000282070498277e+00 -1.891381583284226e-03 -9.604461283081585e-04 -1.007686957654728e+00
3 31 -1.000281738016563e+00 -1.890425567354260e-03 -9.610435842033998e-04 -1.007689890253920e+00
3 32 -1.000281371544239e+00 -1.889432794913363e-03 -9.616522438714851e-04 -1.007693019406497e+00
3 33 -1.000280974516311e+00 -1.888410899266036e-03 -9.622737634252966e-04 -1.007696318844050e+00
3 34 -1.000280550839945e+00 -1.887367966374705e-03 -9.629093667093823e-04 -1.007699760042897e+00
3 35 -1.000280104849620e+00 -1.886312526692413e-03 -9.635595041258566e-04 -1.007703312382091e+00
3 36 -1.000279641252214e+00 -1.885253536960099e-03 -9.642235342585327e-04 -1.007706943340956e+00
3 37 -1.000279165064689e+00 -1.884200347858291e-03 -9.648994576510757e-04 -1.007710618737487e+00
3 38 -1.000278681547174e+00 -1.883162654566734e-03 -9.655837256162486e-04 -1.007714303006329e+00
3 39 -1.000278196133073e+00 -1.882150428475327e-03 -9.662711375074338e-04 -1.007717959515590e+00
3 40 -1.000277714356620e+00 -1.881173829838525e-03 -9.669548295546627e-04 -1.007721550922137e+00
3 41 -1.000277241777461e+00 -1.880243102607020e-03 -9.676263496786103e-04 -1.007725039564722e+00
3 42 -1.000276783901607e+00 -1.879368453390828e-03 -9.682758086356962e-04 -1.007728387894545e+00
3 43 -1.000276346098575e+00 -1.878559916694331e-03 -9.688920992535774e-04 -1.007731558942022e+00
3 44 -1.000275933515939e+00 -1.877827208465074e-03 -9.694631795949484e-04 -1.007734516815800e+00
3 45 -1.000275550993915e+00 -1.877179569347205e-03 -9.699764182984908e-04 -1.007737227227898e+00
3 46 -1.000275202983218e+00 -1.876625598193305e-03 -9.704189984642602e-04 -1.007739658038817e+00
3 47 -1.000274893469075e+00 -1.876173076843055e-03 -9.707783705540380e-04 -1.007741779815536e+00
3 48 -1.000274625903691e+00 -1.875828789610119e-03 -9.710427369845418e-04 -1.007743566390168e+00
3 49 -1.000274403148883e+00 -1.875598343954111e-03 -9.712015438437642e-04 -1.007744995400661e+00
3 50 -1.000274227430088e+00 -1.875486000937500e-03 -9.712459504041740e-04 -1.007746048790874e+00
3 51 -1.000274100302784e+00 -1.875494525574886e-03 -9.711692462269550e-04 -1.007746713244049e+00
3 52 -1.000274022632964e+00 -1.875625068553791e-03 -9.709671895242333e-04 -1.007746980518626e+00
3 53 -1.000273994594268e+00 -1.875877090414222e-03 -9.706382488147490e-04 -1.007746847654082e+00
3 54 -1.000274015684089e+00 -1.876248335198439e-03 -9.701837404517870e-04 -1.007746317024997e+00
3 55 -1.000274084759154e+00 -1.876734854204761e-03 -9.696078634639501e-04 -1.007745396241738e+00
3 56 -1.000274200088776e+00 -1.877331075628382e-03 -9.689176375085151e-04 -1.007744097913605e+00
3 57 -1.000274359422214e+00 -1.878029914189247e-03 -9.681227499346843e-04 -1.007742439298188e+00
3 58 -1.000274560065502e+00 -1.878822914451566e-03 -9.672353166571286e-04 -1.007740441863747e+00
3 59 -1.000274798962303e+00 -1.879700420764036e-03 -9.662695612951521e-04 -1.007738130794144e+00
3 60 -1.000275072773375e+00 -1.880651766486591e-03 -9.652414193391518e-04 -1.007735534464324e+00
3 61 -1.000275377950830e+00 -1.881665476259785e-03 -9.641680798375675e-04 -1.007732683905239e+00
3 62 -1.000275710805710e+00 -1.882729475937174e-03 -9.630674856749508e-04 -1.007729612267270e+00
3 63 -1.000276067568854e+00 -1.883831303858154e-03 -9.619578214186950e-04 -1.007726354289500e+00
4 0 -1.000276976195595e+00 -1.884804801849875e-03 -9.630495831376731e-04 -1.007722158462715e+00
4 1 -1.000277371835281e+00 -1.885953008236124e-03 -9.619618610209272e-04 -1.007718616819366e+00
4 2 -1.000277779109860e+00 -1.887098884308022e-03 -9.609191885469309e-04 -1.007715005479531e+00
4 3 -1.000278194389213e+00 -1.888230260010831e-03 -9.599364114249936e-04 -1.007711360806435e+00
4 4 -1.000278614172454e+00 -1.889335473468429e-03 -9.590266694969392e-04 -1.007707718455587e+00
4 5 -1.000279035102497e+00 -1.890403495388094e-03 -9.582011900326960e-04 -1.007704113050309e+00
4 6 -1.000279453969894e+00 -1.891424036628376e-03 -9.574691351006986e-04 -1.007700577898851e+00
4 7 -1.000279867706677e+00 -1.892387637971058e-03 -9.568375035675167e-04 -1.007697144752525e+00
4 8 -1.000280273372796e+00 -1.893285740945636e-03 -9.563110917610282e-04 -1.007693843602462e+00
4 9 -1.000280668139052e+00 -1.894110739700555e-03 -9.558925157760752e-04 -1.007690702510058e+00
4 10 -1.000281049270518e+00 -1.894856015388994e-03 -9.555822937349377e-04 -1.007687747465249e+00
4 11 -1.000281414113331e+00 -1.895515955136719e-03 -9.553789814333914e-04 -1.007685002268673e+00
4 12 -1.000281760086175e+00 -1.896085957433976e-03 -9.552793514325187e-04 -1.007682488436693e+00
4 13 -1.000282084676397e+00 -1.896562425420012e-03 -9.552786035298196e-04 -1.007680225130124e+00
4 14 -1.000282385439696e+00 -1.896942748754106e-03 -9.553705944008768e-04 -1.007678229109400e+00
4 15 -1.000282660001863e+00 -1.897225272940678e-03 -9.555480779123916e-04 -1.007676514722457e+00
4 16 -1.000282906061472e+00 -1.897409253173668e-03 -9.558029543120509e-04 -1.007675093933758e+00
4 17 -1.000283121393950e+00 -1.897494790546138e-03 -9.561265313950178e-04 -1.007673976397369e+00
4 18 -1.000283303859535e+00 -1.897482752579162e-03 -9.565097998552426e-04 -1.007673169563468e+00
4 19 -1.000283451418684e+00 -1.897374684779997e-03 -9.569437196460720e-04 -1.007672678795029e+00
4 20 -1.000283562157881e+00 -1.897172722239735e-03 -9.574195084804730e-04 -1.007672507467840e+00
4 21 -1.000283634326949e+00 -1.896879510022691e-03 -9.579289193554708e-04 -1.007672657031549e+00
4 22 -1.000283666387039e+00 -1.896498139988579e-03 -9.584644903988366e-04 -1.007673127015961e+00
4 23 -1.000283657066763e+00 -1.896032109735803e-03 -9.590197483586376e-04 -1.007673914975286e+00
4 24 -1.000283605422160e+00 -1.895485305096863e-03 -9.595893499523653e-04 -1.007675016377309e+00
4 25 -1.000283510894916e+00 -1.894862001761233e-03 -9.601691537553347e-04 -1.007676424461596e+00
4 26 -1.000283373363463e+00 -1.894166877739872e-03 -9.607562249043984e-04 -1.007678130099433e+00
4 27 -1.000283193183635e+00 -1.893405028888689e-03 -9.613487804547004e-04 -1.007680121681791e+00
4 28 -1.000282971218096e+00 -1.892581982799859e-03 -9.619460840152913e-04 -1.007682385047686e+00
4 29 -1.000282708855010e+00 -1.891703708796096e-03 -9.625482968437309e-04 -1.007684903455403e+00
4 30 -1.000282408016405e+00 -1.890776622868071e-03 -9.631562902488160e-04 -1.007687657595688e+00
4 31 -1.000282071156241e+00 -1.889807587666753e-03 -9.637714207776617e-04 -1.007690625643470e+00
4 32 -1.000281701248058e+00 -1.888803909266726e-03 -9.643952670618747e-04 -1.007693783341350e+00
4 33 -1.000281301761929e+00 -1.887773332580064e-03 -9.650293293817284e-04 -1.007697104108422e+00
4 34 -1.000280876630314e+00 -1.886724035193952e-03 -9.656747015197344e-04 -1.007700559173869e+00
4 35 -1.000280430202814e+00 -1.885664616637954e-03 -9.663317354279095e-04 -1.007704117740849e+00
4 36 -1.000279967191097e+00 -1.884604078675149e-03 -9.669997265401828e-04 -1.007707747186820e+00
4 37 -1.000279492606536e+00 -1.883551792448498e-03 -9.676766481088037e-04 -1.007711413302917e+00
4 38 -1.000279011693275e+00 -1.882517449334059e-03 -9.683589576406574e-04 -1.007715080571918e+00
4 39 -1.000278529858577e+00 -1.881510993617432e-03 -9.690414897678509e-04 -1.007718712483864e+00
4 40 -1.000278052600918e+00 -1.880542536468956e-03 -9.697174400443605e-04 -1.007722271889238e+00
4 41 -1.000277585435278e+00 -1.879622251843737e-03 -9.703784358305342e-04 -1.007725721390489e+00
4 42 -1.000277133814719e+00 -1.878760255713482e-03 -9.710146860918389e-04 -1.007729023772653e+00
4 43 -1.000276703047986e+00 -1.877966470697865e-03 -9.716152021074534e-04 -1.007732142471700e+00
4 44 -1.000276298214328e+00 -1.877250478672373e-03 -9.721680835628415e-04 -1.007735042075220e+00
4 45 -1.000275924078340e+00 -1.876621363694430e-03 -9.726608660843201e-04 -1.007737688847239e+00
4 46 -1.000275585008295e+00 -1.876087546631248e-03 -9.730809249369778e-04 -1.007740051269155e+00
4 47 -1.000275284901028e+00 -1.875656612577257e-03 -9.734159251249852e-04 -1.007742100589314e+00
4 48 -1.000275027115602e+00 -1.875335133799963e-03 -9.736543015243901e-04 -1.007743811370644e+00
4 49 -1.000274814417362e+00 -1.875128493963574e-03 -9.737857457429741e-04 -1.007745162019619e+00
4 50 -1.000274648933475e+00 -1.875040722039399e-03 -9.738016714058434e-04 -1.007746135274362e+00
4 51 -1.000274532120921e+00 -1.875074345890139e-03 -9.736956285074323e-04 -1.007746718626123e+00
4 52 -1.000274464748252e+00 -1.875230276337103e-03 -9.734636411327210e-04 -1.007746904645144e+00
4 53 -1.000274446893262e+00 -1.875507732171370e-03 -9.731044503577174e-04 -1.007746691180958e+00
4 54 -1.000274477958981e+00 -1.875904213727374e-03 -9.726196533132918e-04 -1.007746081414174e+00
4 55 -1.000274556709101e+00 -1.876415527273310e-03 -9.720137376682883e-04 -1.007745083753411e+00
4 56 -1.000274681321552e+00 -1.877035856908651e-03 -9.712940162412004e-04 -1.007743711590262e+00
4 57 -1.000274849456642e+00 -1.877757877405021e-03 -9.704704685239801e-04 -1.007741982937861e+00
4 58 -1.000275058334859e+00 -1.878572900704973e-03 -9.695554955299846e-04 -1.007739919982757e+00
4 59 -1.000275304818916e+00 -1.879471049039183e-03 -9.685635937091835e-04 -1.007737548579207e+00
4 60 -1.000275585494842e+00 -1.880441447739105e-03 -9.675109553327599e-04 -1.007734897712406e+00
4 61 -1.000275896747874e+00 -1.881472430898429e-03 -9.664150082895408e-04 -1.007731998951856e+00
4 62 -1.000276234830946e+00 -1.882551753276397e-03 -9.652939163996052e-04 -1.007728885908666e+00
4 63 -1.000276595925526e+00 -1.883666802012397e-03 -9.641660681402032e-04 -1.007725593705001e+00
5 0 -1.000277547180148e+00 -1.884737744414232e-03 -9.648838155446077e-04 -1.007721188748141e+00
5 1 -1.000277946087332e+00 -1.885896292111945e-03 -9.637822162581248e-04 -1.007717622269935e+00
5 2 -1.000278355654762e+00 -1.887050158974224e-03 -9.627284603365233e-04 -1.007713993772380e+00
5 3 -1.000278772228162e+00 -1.888187097477574e-03 -9.617375121872921e-04 -1.007710339746980e+00
5 4 -1.000279192291179e+00 -1.889295391877948e-03 -9.608225977980491e-04 -1.007706695904229e+00
5 5 -1.000279612481030e+00 -1.890363984043169e-03 -9.599949955971489e-04 -1.007703096846497e+00
5 6 -1.000280029593456e+00 -1.891382582500494e-03 -9.592638829663276e-04 -1.007699575782096e+00
5 7 -1.000280440577154e+00 -1.892341752985711e-03 -9.586362390404348e-04 -1.007696164283002e+00
5 8 -1.000280842519961e+00 -1.893232988898241e-03 -9.581168076379800e-04 -1.007692892085089e+00
5 9 -1.000281232630867e+00 -1.894048761798626e-03 -9.577081225452300e-04 -1.007689786924963e+00
5 10 -1.000281608222162e+00 -1.894782553870764e-03 -9.574105922999436e-04 -1.007686874406034e+00
5 11 -1.000281966694920e+00 -1.895428874807869e-03 -9.572226371271938e-04 -1.007684177888721e+00
5 12 -1.000282305529365e+00 -1.895983265113491e-03 -9.571408683725527e-04 -1.007681718402972e+00
5 13 -1.000282622280250e+00 -1.896442287261081e-03 -9.571602994602675e-04 -1.007679514583436e+00
5 14 -1.000282914576205e+00 -1.896803505446992e-03 -9.572745771446200e-04 -1.007677582629768e+00
5 15 -1.000283180121413e+00 -1.897065453032751e-03 -9.574762248174740e-04 -1.007675936298064e+00
5 16 -1.000283416698282e+00 -1.897227584891510e-03 -9.577568957780583e-04 -1.007674586931840e+00
5 17 -1.000283622171309e+00 -1.897290212231141e-03 -9.581076390505048e-04 -1.007673543536586e+00
5 18 -1.000283794494373e+00 -1.897254421348019e-03 -9.585191792449935e-04 -1.007672812889294e+00
5 19 -1.000283931725056e+00 -1.897121982922053e-03 -9.589822063608081e-04 -1.007672399660554e+00
5 20 -1.000284032049172e+00 -1.896895261314799e-03 -9.594876659728244e-04 -1.007672306521180e+00
5 21 -1.000284093816889e+00 -1.896577132979673e-03 -9.600270368911657e-04 -1.007672534209541e+00
5 22 -1.000284115589677e+00 -1.896170921378321e-03 -9.605925807670694e-04 -1.007673081544109e+00
5 23 -1.000284096195458e+00 -1.895680353675469e-03 -9.611775463704308e-04 -1.007673945374914e+00
5 24 -1.000284034787662e+00 -1.895109540785402e-03 -9.617763134793500e-04 -1.007675120480213e+00
5 25 -1.000283930902682e+00 -1.894462976939346e-03 -9.623844687532109e-04 -1.007676599430466e+00
5 26 -1.000283784510307e+00 -1.893745550778861e-03 -9.629988148228645e-04 -1.007678372451545e+00
5 27 -1.000283596053624e+00 -1.892962559939408e-03 -9.636173192167043e-04 -1.007680427314983e+00
5 28 -1.000283366477489e+00 -1.892119724159979e-03 -9.642390108595523e-04 -1.007682749269160e+00
5 29 -1.000283097246176e+00 -1.891223194682053e-03 -9.648638311361877e-04 -1.007685321013897e+00
5 30 -1.000282790350817e+00 -1.890279558723977e-03 -9.654924450524302e-04 -1.007688122717251e+00
5 31 -1.000282448306648e+00 -1.889295838667205e-03 -9.661260153631395e-04 -1.007691132071963e+00
5 32 -1.000282074139871e+00 -1.888279487137802e-03 -9.667659400788528e-04 -1.007694324385826e+00
5 33 -1.000281671363876e+00 -1.887238379829339e-03 -9.674135552919540e-04 -1.007697672698973e+00
5 34 -1.000281243944508e+00 -1.886180806300507e-03 -9.680698125195842e-04 -1.007701147925827e+00
5 35 -1.000280796254351e+00 -1.885115456320966e-03 -9.687349495090845e-04 -1.007704719026041e+00
5 36 -1.000280333017297e+00 -1.884051397865470e-03 -9.694081803178043e-04 -1.007708353210135e+00
5 37 -1.000279859245941e+00 -1.882998043036240e-03 -9.700874315580257e-04 -1.007712016181815e+00
5 38 -1.000279380174709e+00 -1.881965098951729e-03 -9.707691474874385e-04 -1.007715672416092e+00
5 39 -1.000278901190524e+00 -1.880962501398946e-03 -9.714481789809659e-04 -1.007719285473080e+00
5 40 -1.000278427761426e+00 -1.880000330063039e-03 -9.721177623997051e-04 -1.007722818349156e+00
5 41 -1.000277965362480e+00 -1.879088705376719e-03 -9.727695864335012e-04 -1.007726233867385e+00
5 42 -1.000277519398049e+00 -1.878237668072958e-03 -9.733939403135692e-04 -1.007729495107969e+00
5 43 -1.000277095120027e+00 -1.877457043425263e-03 -9.739799357531806e-04 -1.007732565877132e+00
5 44 -1.000276697543105e+00 -1.876756293051841e-03 -9.745157959596969e-04 -1.007735411208667e+00
5 45 -1.000276331359945e+00 -1.876144357407235e-03 -9.749892058642838e-04 -1.007737997888466e+00
5 46 -1.000276000859947e+00 -1.875629491172291e-03 -9.753877167322284e-04 -1.007740294991938e+00
5 47 -1.000275709854882e+00 -1.875219092841308e-03 -9.756991947847215e-04 -1.007742274426046e+00
5 48 -1.000275461613627e+00 -1.874919530815869e-03 -9.759122976931067e-04 -1.007743911466504e+00
5 49 -1.000275258807532e+00 -1.874735971270151e-03 -9.760169564923812e-04 -1.007745185274775e+00
5 50 -1.000275103467512e+00 -1.874672215871164e-03 -9.760048360159360e-04 -1.007746079373346e+00
5 51 -1.000274996953600e+00 -1.874730558775551e-03 -9.758697460519863e-04 -1.007746582054843e+00
5 52 -1.000274939937861e+00 -1.874911672900275e-03 -9.756079783177045e-04 -1.007746686698552e+00
5 53 -1.000274932402563e+00 -1.875214535712017e-03 -9.752185503957362e-04 -1.007746391965560e+00
5 54 -1.000274973656187e+00 -1.875636403055978e-03 -9.747033458724603e-04 -1.007745701847328e+00
5 55 -1.000275062368842e+00 -1.876172834494867e-03 -9.740671482713648e-04 -1.007744625557838e+00
5 56 -1.000275196626048e+00 -1.876817767219616e-03 -9.733175727548041e-04 -1.007743177281180e+00
5 57 -1.000275373997305e+00 -1.877563631561705e-03 -9.724649025745264e-04 -1.007741375801382e+00
5 58 -1.000275591614669e+00 -1.878401500611085e-03 -9.715218374761578e-04 -1.007739244044392e+00
5 59 -1.000275846256146e+00 -1.879321267071805e-03 -9.705031610368419e-04 -1.007736808560230e+00
5 60 -1.000276134428527e+00 -1.880311840127429e-03 -9.694253358314513e-04 -1.007734098972702e+00
5 61 -1.000276452444841e+00 -1.881361354396502e-03 -9.683060404938509e-04 -1.007731147421870e+00
5 62 -1.000276796493678e+00 -1.882457383579577e-03 -9.671636697439538e-04 -1.007727988016179e+00
5 63 -1.000277162700213e+00 -1.883587152800195e-03 -9.660168239244770e-04 -1.007724656301157e+00
6 0 -1.000278151343651e+00 -1.884758212891021e-03 -9.663397171116986e-04 -1.007720046659221e+00
6 1 -1.000278554330124e+00 -1.885928693496674e-03 -9.652235176345582e-04 -1.007716449796234e+00
6 2 -1.000278967032529e+00 -1.887092245429279e-03 -9.641579015385018e-04 -1.007712798320231e+00
6 3 -1.000279385764151e+00 -1.888236530113726e-03 -9.631579554637867e-04 -1.007709128901119e+00
6 4 -1.000279806984309e+00 -1.889349762889492e-03 -9.622369954674624e-04 -1.007705477358829e+00
6 5 -1.000280227315121e+00 -1.890420840290748e-03 -9.614063552886825e-04 -1.007701878333436e+00
6 6 -1.000280643547569e+00 -1.891439450408183e-03 -9.606752318733662e-04 -1.007698364996827e+00
6 7 -1.000281052636699e+00 -1.892396164374783e-03 -9.600505888104126e-04 -1.007694968809377e+00
6 8 -1.000281451688013e+00 -1.893282507049352e-03 -9.595371214039095e-04 -1.007691719321230e+00
6 9 -1.000281837938970e+00 -1.894091006735019e-03 -9.591372851008021e-04 -1.007688644013203e+00
6 10 -1.000282208740031e+00 -1.894815225986807e-03 -9.588513833137916e-04 -1.007685768169714e+00
6 11 -1.000282561538819e+00 -1.895449776516240e-03 -9.586777062141390e-04 -1.007683114776770e+00
6 12 -1.000282893869427e+00 -1.895990320606692e-03 -9.586127107698008e-04 -1.007680704441250e+00
6 13 -1.000283203347126e+00 -1.896433560488325e-03 -9.586512320526412e-04 -1.007678555331390e+00
6 14 -1.000283487667402e+00 -1.896777216343053e-03 -9.587867156778642e-04 -1.007676683141263e+00
6 15 -1.000283744607579e+00 -1.897019992205033e-03 -9.590114635721771e-04 -1.007675101085031e+00
6 16 -1.000283972029564e+00 -1.897161527076605e-03 -9.593168908906477e-04 -1.007673819929137e+00
6 17 -1.000284167883622e+00 -1.897202328520939e-03 -9.596937963945719e-04 -1.007672848067701e+00
6 18 -1.000284330215127e+00 -1.897143689755963e-03 -9.601326471549798e-04 -1.007672191634487e+00
6 19 -1.000284457177839e+00 -1.896987596861049e-03 -9.606238723466183e-04 -1.007671854629707e+00
6 20 -1.000284547057146e+00 -1.896736635928131e-03 -9.611581555628148e-04 -1.007671839032645e+00
6 21 -1.000284598304894e+00 -1.896393909451447e-03 -9.617267127630011e-04 -1.007672144875437e+00
6 22 -1.000284609585124e+00 -1.895962969185612e-03 -9.623215414567312e-04 -1.007672770262608e+00
6 23 -1.000284579828117e+00 -1.895447770636909e-03 -9.629356252169798e-04 -1.007673711330020e+00
6 24 -1.000284508288555e+00 -1.894852650957488e-03 -9.635630792303954e-04 -1.007674962148522e+00
6 25 -1.000284394602231e+00 -1.894182326643963e-03 -9.641992292560621e-04 -1.007676514593419e+00
6 26 -1.000284238835764e+00 -1.893441903063305e-03 -9.648406246277473e-04 -1.007678358211878e+00
6 27 -1.000284041525625e+00 -1.892636887735285e-03 -9.654849908492165e-04 -1.007680480116812e+00
6 28 -1.000283803705609e+00 -1.891773202488322e-03 -9.661311283033186e-04 -1.007682864921423e+00
6 29 -1.000283526923438e+00 -1.890857192238637e-03 -9.667787634174105e-04 -1.007685494717192e+00
6 30 -1.000283213247123e+00 -1.889895628842357e-03 -9.674283583344079e-04 -1.007688349095011e+00
6 31 -1.000282865261119e+00 -1.888895709195397e-03 -9.680808834709410e-04 -1.007691405207781e+00
6 32 -1.000282486052197e+00 -1.887865048530815e-03 -9.687375550269802e-04 -1.007694637868504e+00
6 33 -1.000282079184912e+00 -1.886811670774907e-03 -9.693995403290916e-04 -1.007698019676007e+00
6 34 -1.000281648666259e+00 -1.885743996300307e-03 -9.700676400602327e-04 -1.007701521165635e+00
6 35 -1.000281198899384e+00 -1.884670824942878e-03 -9.707419651649750e-04 -1.007705110988904e+00
6 36 -1.000280734627599e+00 -1.883601311056674e-03 -9.714216324443665e-04 -1.007708756126499e+00
6 37 -1.000280260871504e+00 -1.882544927690189e-03 -9.721045039368370e-04 -1.007712422134665e+00
6 38 -1.000279782862190e+00 -1.881511417238725e-03 -9.727869917690695e-04 -1.007716073423664e+00
6 39 -1.000279305972272e+00 -1.880510725935859e-03 -9.734639438735595e-04 -1.007719673569887e+00
6 40 -1.000278835644970e+00 -1.879552920208558e-03 -9.741286182134172e-04 -1.007723185665378e+00
6 41 -1.000278377320607e+00 -1.878648084344639e-03 -9.747727456808093e-04 -1.007726572707407e+00
6 42 -1.000277936359603e+00 -1.877806200330921e-03 -9.753866765822843e-04 -1.007729798028525e+00
6 43 -1.000277517961472e+00 -1.877037011871642e-03 -9.759596034099311e-04 -1.007732825765265e+00
6 44 -1.000277127080733e+00 -1.876349875664650e-03 -9.764798525264054e-04 -1.007735621359633e+00
6 45 -1.000276768342519e+00 -1.875753603455276e-03 -9.769352376238973e-04 -1.007738152083039e+00
6 46 -1.000276445961726e+00 -1.875256297634732e-03 -9.773134666309284e-04 -1.007740387571184e+00
6 47 -1.000276163669183e+00 -1.874865182236609e-03 -9.776025903256548e-04 -1.007742300360278e+00
6 48 -1.000275924647288e+00 -1.874586431904514e-03 -9.777914758951742e-04 -1.007743866414506e+00
6 49 -1.000275731476711e+00 -1.874425003744859e-03 -9.778702837901798e-04 -1.007745065630096e+00
6 50 -1.000275586095047e+00 -1.874384479169898e-03 -9.778309229972477e-04 -1.007745882296847e+00
6 51 -1.000275489767774e+00 -1.874466924114063e-03 -9.776674588403698e-04 -1.007746305495550e+00
6 52 -1.000275443072153e+00 -1.874672777264262e-03 -9.773764489226908e-04 -1.007746329406219e+00
6 53 -1.000275445895953e+00 -1.875000776978996e-03 -9.769571874736411e-04 -1.007745953497343e+00
6 54 -1.000275497453738e+00 -1.875447936015094e-03 -9.764118460469877e-04 -1.007745182569316e+00
6 55 -1.000275596322334e+00 -1.876009567846107e-03 -9.757455070841986e-04 -1.007744026641601e+00
6 56 -1.000275740494532e+00 -1.876679361923877e-03 -9.749660933629190e-04 -1.007742500695076e+00
6 57 -1.000275927447821e+00 -1.877449501472428e-03 -9.740841996074216e-04 -1.007740624294656e+00
6 58 -1.000276154223796e+00 -1.878310816681092e-03 -9.731128337780200e-04 -1.007738421120260e+00
6 59 -1.000276417513044e+00 -1.879252965910468e-03 -9.720670767269668e-04 -1.007735918435096e+00
6 60 -1.000276713739622e+00 -1.880264636520486e-03 -9.709636712935757e-04 -1.007733146522473e+00
6 61 -1.000277039139816e+00 -1.881333756633894e-03 -9.698205560759701e-04 -1.007730138119322e+00
6 62 -1.000277389832343e+00 -1.882447710575612e-03 -9.686563645834163e-04 -1.007726927863094e+00
6 63 -1.000277761879959e+00 -1.883593552464893e-03 -9.674899150556500e-04 -1.007723551757346e+00
7 0 -1.000278782294568e+00 -1.884866319814712e-03 -9.674005525931627e-04 -1.007718744593828e+00
7 1 -1.000279190129032e+00 -1.886050198484911e-03 -9.662691973892391e-04 -1.007715112131799e+00
7 2 -1.000279606775054e+00 -1.887225025436386e-03 -9.651910747300358e-04 -1.007711432120334e+00
7 3 -1.000280028505790e+00 -1.888378358754148e-03 -9.641813962733837e-04 -1.007707741454097e+00
7 4 -1.000280451747870e+00 -1.889498330832321e-03 -9.632535719229833e-04 -1.007704076113964e+00
7 5 -1.000280873099151e+00 -1.890573777004938e-03 -9.624189951326814e-04 -1.007700470835089e+00
7 6 -1.000281289335941e+00 -1.891594347177245e-03 -9.616868872264648e-04 -1.007696958816229e+00
7 7 -1.000281697409235e+00 -1.892550598410866e-03 -9.610642015131868e-04 -1.007693571474243e+00
7 8 -1.000282094431682e+00 -1.893434066261941e-03 -9.605555904948635e-04 -1.007690338244645e+00
7 9 -1.000282477658917e+00 -1.894237314286532e-03 -9.601634373179045e-04 -1.007687286424737e+00
7 10 -1.000282844469749e+00 -1.894953963651109e-03 -9.598879467813119e-04 -1.007684441051844e+00
7 11 -1.000283192349190e+00 -1.895578706284498e-03 -9.597272865634434e-04 -1.007681824807955e+00
7 12 -1.000283518876774e+00 -1.896107304584524e-03 -9.596777683691283e-04 -1.007679457944951e+00
7 13 -1.000283821720616e+00 -1.896536579363613e-03 -9.597340594452873e-04 -1.007677358229573e+00
7 14 -1.000284098636135e+00 -1.896864386554737e-03 -9.598894155649641e-04 -1.007675540911151e+00
7 15 -1.000284347467655e+00 -1.897089581842672e-03 -9.601359287105818e-04 -1.007674018717942e+00
7 16 -1.000284566151308e+00 -1.897211970673271e-03 -9.604647874045728e-04 -1.007672801890015e+00
7 17 -1.000284752718883e+00 -1.897232240917326e-03 -9.608665514743570e-04 -1.007671898254499e+00
7 18 -1.000284905304217e+00 -1.897151878821154e-03 -9.613314414570558e-04 -1.007671313338468e+00
7 19 -1.000285022155516e+00 -1.896973074410243e-03 -9.618496366402009e-04 -1.007671050499461e+00
7 20 -1.000285101657207e+00 -1.896698626276132e-03 -9.624115702242516e-04 -1.007671111044548e+00
7 21 -1.000285142363295e+00 -1.896331855629618e-03 -9.630082081562236e-04 -1.007671494311459e+00
7 22 -1.000285143041814e+00 -1.895876537210200e-03 -9.636312977969409e-04 -1.007672197695009e+00
7 23 -1.000285102727781e+00 -1.895336851958834e-03 -9.642735720004935e-04 -1.007673216612692e+00
7 24 -1.000285020780362e+00 -1.894717362851798e-03 -9.649288955847626e-04 -1.007674544415361e+00
7 25 -1.000284896938688e+00 -1.894023010452695e-03 -9.655923467749092e-04 -1.007676172263449e+00
7 26 -1.000284731370781e+00 -1.893259120707822e-03 -9.662602335973795e-04 -1.007678088999453e+00
7 27 -1.000284524711804e+00 -1.892431417058366e-03 -9.669300498422547e-04 -1.007680281045152e+00
7 28 -1.000284278090561e+00 -1.891546031623419e-03 -9.676003761449627e-04 -1.007682732339516e+00
7 29 -1.000283993144863e+00 -1.890609512908849e-03 -9.682707316899761e-04 -1.007685424321535e+00
7 30 -1.000283672026547e+00 -1.889628828588654e-03 -9.689413824808614e-04 -1.007688335957366e+00
7 31 -1.000283317396457e+00 -1.888611362572810e-03 -9.696131117185216e-04 -1.007691443809218e+00
7 32 -1.000282932409329e+00 -1.887564906848466e-03 -9.702869563079691e-04 -1.007694722140449e+00
7 33 -1.000282520688374e+00 -1.886497649372395e-03 -9.709639138407278e-04 -1.007698143050280e+00
7 34 -1.000282086289072e+00 -1.885418158392759e-03 -9.716446291856760e-04 -1.007701676635185e+00
7 35 -1.000281633652189e+00 -1.884335361811966e-03 -9.723290773261311e-04 -1.007705291178717e+00
7 36 -1.000281167547338e+00 -1.883258519193906e-03 -9.730162647515806e-04 -1.007708953371932e+00
7 37 -1.000280693009880e+00 -1.882197183947354e-03 -9.737039727994278e-04 -1.007712628564096e+00
7 38 -1.000280215274098e+00 -1.881161153171156e-03 -9.743885634394245e-04 -1.007716281042994e+00
7 39 -1.000279739704402e+00 -1.880160402445599e-03 -9.750648628070140e-04 -1.007719874346953e+00
7 40 -1.000279271724900e+00 -1.879205003182589e-03 -9.757261313631770e-04 -1.007723371612784e+00
7 41 -1.000278816746610e+00 -1.878305021284811e-03 -9.763641228298130e-04 -1.007726735963427e+00
7 42 -1.000278380091275e+00 -1.877470397421488e-03 -9.769692285290668e-04 -1.007729930936941e+00
7 43 -1.000277966911120e+00 -1.876710810855274e-03 -9.775307006092985e-04 -1.007732920955118e+00
7 44 -1.000277582105455e+00 -1.876035530141692e-03 -9.780369465303663e-04 -1.007735671825060e+00
7 45 -1.000277230236815e+00 -1.875453254546464e-03 -9.784758864924434e-04 -1.007738151262518e+00
7 46 -1.000276915450505e+00 -1.874971949458004e-03 -9.788353636696703e-04 -1.007740329424736e+00
7 47 -1.000276641401206e+00 -1.874598678391451e-03 -9.791035937739313e-04 -1.007742179441683e+00
7 48 -1.000276411189388e+00 -1.874339434612086e-03 -9.792696364998323e-04 -1.007743677934332e+00
7 49 -1.000276227309237e+00 -1.874198976852826e-03 -9.793238679893194e-04 -1.007744805506075e+00
7 50 -1.000276091608712e+00 -1.874180675125422e-03 -9.792584311515589e-04 -1.007745547190938e+00
7 51 -1.000276005261778e+00 -1.874286374153791e-03 -9.790676395564758e-04 -1.007745892839582e+00
7 52 -1.000275968753306e+00 -1.874516283934943e-03 -9.787483113347139e-04 -1.007745837418484e+00
7 53 -1.000275981878508e+00 -1.874868908276137e-03 -9.783000132700722e-04 -1.007745381192002e+00
7 54 -1.000276043759546e+00 -1.875341020507523e-03 -9.777252021549877e-04 -1.007744529760454e+00
7 55 -1.000276152880911e+00 -1.875927690442068e-03 -9.770292584396043e-04 -1.007743293943455e+00
7 56 -1.000276307142944e+00 -1.876622360770017e-03 -9.762204136133474e-04 -1.007741689517826e+00
7 57 -1.000276503930787e+00 -1.877416967343398e-03 -9.753095767777486e-04 -1.007739736832352e+00
7 58 -1.000276740194651e+00 -1.878302096204724e-03 -9.743100685174616e-04 -1.007737460326995e+00
7 59 -1.000277012536010e+00 -1.879267169026141e-03 -9.732372725459901e-04 -1.007734887988116e+00
7 60 -1.000277317293461e+00 -1.880300647615551e-03 -9.721082181712104e-04 -1.007732050773852e+00
7 61 -1.000277650622796e+00 -1.881390248545501e-03 -9.709411099307539e-04 -1.007728982038658e+00
7 62 -1.000278008568354e+00 -1.882523160788986e-03 -9.697548250280246e-04 -1.007725716973452e+00
7 63 -1.000278387125406e+00 -1.883686260798639e-03 -9.685684029903727e-04 -1.007722292067163e+00
8 0 -1.000279433382692e+00 -1.885061195101144e-03 -9.680531280822725e-04 -1.007717297200392e+00
8 1 -1.000279846780537e+00 -1.886259789755855e-03 -9.669062563058491e-04 -1.007713624329889e+00
8 2 -1.000280268134774e+00 -1.887447355520242e-03 -9.658151386564997e-04 -1.007709910561744e+00
8 3 -1.000280693671466e+00 -1.888611336422748e-03 -9.647951133944327e-04 -1.007706193057217e+00
8 4 -1.000281119776714e+00 -1.889739769087449e-03 -9.638596873611829e-04 -1.007702508006492e+00
8 5 -1.000281543015308e+00 -1.890821412566808e-03 -9.630203181736468e-04 -1.007698890295320e+00
8 6 -1.000281960139214e+00 -1.891845861341590e-03 -9.622862570946025e-04 -1.007695373211386e+00
8 7 -1.000282368085081e+00 -1.892803639250187e-03 -9.616644536012257e-04 -1.007691988195456e+00
8 8 -1.000282763962045e+00 -1.893686271818815e-03 -9.611595245066753e-04 -1.007688764639997e+00
8 9 -1.000283145033202e+00 -1.894486335972008e-03 -9.607737883450677e-04 -1.007685729733099e+00
8 10 -1.000283508695290e+00 -1.895197488880418e-03 -9.605073598044077e-04 -1.007682908340180e+00
8 11 -1.000283852460881e+00 -1.895814479760240e-03 -9.603582938383588e-04 -1.007680322913506e+00
8 12 -1.000284173945815e+00 -1.896333148255110e-03 -9.603227681814641e-04 -1.007677993422173e+00
8 13 -1.000284470862597e+00 -1.896750411297096e-03 -9.603952949354583e-04 -1.007675937300871e+00
8 14 -1.000284741018794e+00 -1.897064238742468e-03 -9.605689537361694e-04 -1.007674169420393e+00
8 15 -1.000284982318670e+00 -1.897273616921569e-03 -9.608356409384530e-04 -1.007672702085419e+00
8 16 -1.000285192766389e+00 -1.897378497925445e-03 -9.611863328430955e-04 -1.007671545066920e+00
8 17 -1.000285370470116e+00 -1.897379731944957e-03 -9.616113642841707e-04 -1.007670705675653e+00
8 18 -1.000285513648214e+00 -1.897278982533540e-03 -9.621007225206863e-04 -1.007670188874642e+00
8 19 -1.000285620640650e+00 -1.897078630214930e-03 -9.626443499579560e-04 -1.007669997413169e+00
8 20 -1.000285689929393e+00 -1.896781674704752e-03 -9.632324429307632e-04 -1.007670131952596e+00
8 21 -1.000285720170252e+00 -1.896391646671435e-03 -9.638557318947873e-04 -1.007670591154691e+00
8 22 -1.000285710235979e+00 -1.895912536964563e-03 -9.645057294938627e-04 -1.007671371714331e+00
8 23 -1.000285659268021e+00 -1.895348747518972e-03 -9.651749338328024e-04 -1.007672468331830e+00
8 24 -1.000285566732491e+00 -1.894705064847294e-03 -9.658569754461364e-04 -1.007673873631836e+00
8 25 -1.000285432474963e+00 -1.893986653266643e-03 -9.665467006765207e-04 -1.007675578047241e+00
8 26 -1.000285256768656e+00 -1.893199061161842e-03 -9.672401907550158e-04 -1.007677569696463e+00
8 27 -1.000285040352018e+00 -1.892348232126914e-03 -9.679347206173006e-04 -1.007679834283538e+00
8 28 -1.000284784454166e+00 -1.891440514901968e-03 -9.686286624203171e-04 -1.007682355040303e+00
8 29 -1.000284490808793e+00 -1.890482669440445e-03 -9.693213382838199e-04 -1.007685112715913e+00
8 30 -1.000284161657718e+00 -1.889481868340202e-03 -9.700128274676628e-04 -1.007688085610891e+00
8 31 -1.000283799744683e+00 -1.888445693055829e-03 -9.707037341771578e-04 -1.007691249651805e+00
8 32 -1.000283408299208e+00 -1.887382124489996e-03 -9.713949220433227e-04 -1.007694578503176e+00
8 33 -1.000282991010045e+00 -1.886299528320632e-03 -9.720872216013907e-04 -1.007698043712336e+00
8 34 -1.000282551987908e+00 -1.885206635661038e-03 -9.727811204522004e-04 -1.007701614882986e+00
8 35 -1.000282095717773e+00 -1.884112518706423e-03 -9.734764517377320e-04 -1.007705259875509e+00
8 36 -1.000281627002146e+00 -1.883026559702026e-03 -9.741721014729577e-04 -1.007708945034563e+00
8 37 -1.000281150897756e+00 -1.881958410866324e-03 -9.748657564258396e-04 -1.007712635444807e+00
8 38 -1.000280672648500e+00 -1.880917942809102e-03 -9.755537118768225e-04 -1.007716295215003e+00
8 39 -1.000280197616683e+00 -1.879915178999725e-03 -9.762307542124013e-04 -1.007719887791483e+00
8 40 -1.000279731213103e+00 -1.878960213901077e-03 -9.768901278463782e-04 -1.007723376304449e+00
8 41 -1.000279278825147e+00 -1.878063112876488e-03 -9.775235901652356e-04 -1.007726723952458e+00
8 42 -1.000278845741496e+00 -1.877233793256733e-03 -9.781215531698543e-04 -1.007729894429407e+00
8 43 -1.000278437072664e+00 -1.876481887983824e-03 -9.786733068911143e-04 -1.007732852393252e+00
8 44 -1.000278057668221e+00 -1.875816595341498e-03 -9.791673170659616e-04 -1.007735563968595e+00
8 45 -1.000277712033487e+00 -1.875246519329649e-03 -9.795915872019088e-04 -1.007737997270139e+00
8 46 -1.000277404249536e+00 -1.874779504782986e-03 -9.799340727066020e-04 -1.007740122933388e+00
8 47 -1.000277137900289e+00 -1.874422470347615e-03 -9.801831321322764e-04 -1.007741914640708e+00
8 48 -1.000276916009602e+00 -1.874181242357586e-03 -9.803279977157941e-04 -1.007743349631245e+00
8 49 -1.000276740990121e+00 -1.874060393749122e-03 -9.803592446390491e-04 -1.007744409181436e+00
8 50 -1.000276614604507e+00 -1.874063093577867e-03 -9.802692365955934e-04 -1.007745079040889e+00
8 51 -1.000276537938942e+00 -1.874190974138473e-03 -9.800525248428913e-04 -1.007745349805992e+00
8 52 -1.000276511389178e+00 -1.874444024492574e-03 -9.797061789718418e-04 -1.007745217208363e+00
8 53 -1.000276534660696e+00 -1.874820520714643e-03 -9.792300303919810e-04 -1.007744682289491e+00
8 54 -1.000276606785492e+00 -1.875317002262831e-03 -9.786268145403571e-04 -1.007743751434655e+00
8 55 -1.000276726157314e+00 -1.875928299532928e-03 -9.779022046778577e-04 -1.007742436252899e+00
8 56 -1.000276890585142e+00 -1.876647611767720e-03 -9.770647370598157e-04 -1.007740753309370e+00
8 57 -1.000277097362475e+00 -1.877466630021755e-03 -9.761256325806042e-04 -1.007738723731362e+00
8 58 -1.000277343348256e+00 -1.878375697641792e-03 -9.750985236073749e-04 -1.007736372716984e+00
8 59 -1.000277625054020e+00 -1.879363999476069e-03 -9.739990976442139e-04 -1.007733728979324e+00
8 60 -1.000277938731026e+00 -1.880419770150635e-03 -9.728446724530073e-04 -1.007730824160637e+00
8 61 -1.000278280451836e+00 -1.881530512051229e-03 -9.716537204956565e-04 -1.007727692246398e+00
8 62 -1.000278646182996e+00 -1.882683215367873e-03 -9.704453639232747e-04 -1.007724368997763e+00
8 63 -1.000279031848179e+00 -1.883864574388643e-03 -9.692388639048117e-04 -1.007720891409996e+00
9 0 -1.000280097779629e+00 -1.885340977397726e-03 -9.682880402526464e-04 -1.007715721190994e+00
9 1 -1.000280517393186e+00 -1.886555439493718e-03 -9.671255095941480e-04 -1.007712003571988e+00
9 2 -1.000280944166053e+00 -1.887757061409560e-03 -9.660210914851147e-04 -1.007708251229469e+00
9 3 -1.000281374270939e+00 -1.888933163950881e-03 -9.649902509048978e-04 -1.007704501628941e+00
9 4 -1.000281804046190e+00 -1.890071676488786e-03 -9.640465936978466e-04 -1.007700791214750e+00
9 5 -1.000282230015282e+00 -1.891161267818217e-03 -9.632016458704602e-04 -1.007697155075606e+00
9 6 -1.000282648896603e+00 -1.892191460555982e-03 -9.624646947673062e-04 -1.007693626647791e+00
9 7 -1.000283057602368e+00 -1.893152726660797e-03 -9.618426934878792e-04 -1.007690237462234e+00
9 8 -1.000283453227519e+00 -1.894036561107168e-03 -9.613402314680192e-04 -1.007687016939907e+00
9 9 -1.000283833031700e+00 -1.894835532168568e-03 -9.609595718248669e-04 -1.007683992234848e+00
9 10 -1.000284194418819e+00 -1.895543309941737e-03 -9.607007494850452e-04 -1.007681188117445e+00
9 11 -1.000284534918666e+00 -1.896154677318594e-03 -9.605617183477417e-04 -1.007678626887088e+00
9 12 -1.000284852173579e+00 -1.896665527453079e-03 -9.605385352711859e-04 -1.007676328305721e+00
9 13 -1.000285143931206e+00 -1.897072849689631e-03 -9.606255719015028e-04 -1.007674309549907e+00
9 14 -1.000285408042608e+00 -1.897374704277726e-03 -9.608157479789604e-04 -1.007672585183560e+00
9 15 -1.000285642464068e+00 -1.897570185342784e-03 -9.611007813803987e-04 -1.007671167155793e+00
9 16 -1.000285845260745e+00 -1.897659370169386e-03 -9.614714532352810e-04 -1.007670064831046e+00
9 17 -1.000286014611151e+00 -1.897643251641923e-03 -9.619178897059170e-04 -1.007669285059783e+00
9 18 -1.000286148813196e+00 -1.897523652843825e-03 -9.624298604571324e-04 -1.007668832290427e+00
9 19 -1.000286246294803e+00 -1.897303128961468e-03 -9.629970864946216e-04 -1.007668708706257e+00
9 20 -1.000286305633012e+00 -1.896984867357219e-03 -9.636095429280449e-04 -1.007668914356505e+00
9 21 -1.000286325584300e+00 -1.896572597345063e-03 -9.642577408280319e-04 -1.007669447250891e+00
9 22 -1.000286305126153e+00 -1.896070517505194e-03 -9.649329750199034e-04 -1.007670303399421e+00
9 23 -1.000286243507301e+00 -1.895483244382833e-03 -9.656275265918333e-04 -1.007671476793079e+00
9 24 -1.000286140302390e+00 -1.894815783623938e-03 -9.663348098421788e-04 -1.007672959331320e+00
9 25 -1.000285995465811e+00 -1.894073521216814e-03 -9.670494567829293e-04 -1.007674740712915e+00
9 26 -1.000285809379150e+00 -1.893262228288950e-03 -9.677673383252973e-04 -1.007676808318066e+00
9 27 -1.000285582887946e+00 -1.892388070894629e-03 -9.684855257292721e-04 -1.007679147112870e+00
9 28 -1.000285317325971e+00 -1.891457618382267e-03 -9.692021964945168e-04 -1.007681739596989e+00
9 29 -1.000285014527707e+00 -1.890477847855637e-03 -9.699164882007218e-04 -1.007684565799675e+00
9 30 -1.000284676830467e+00 -1.889456144273678e-03 -9.706283048357498e-04 -1.007687603320411e+00
9 31 -1.000284307066816e+00 -1.888400295483560e-03 -9.713380821300068e-04 -1.007690827410489e+00
9 32 -1.000283908547112e+00 -1.887318481246197e-03 -9.720465194089381e-04 -1.007694211093367e+00
9 33 -1.000283485031693e+00 -1.886219256156703e-03 -9.727542862509872e-04 -1.007697725319974e+00
9 34 -1.000283040692615e+00 -1.885111527064214e-03 -9.734617149278278e-04 -1.007701339153502e+00
9 35 -1.000282580065312e+00 -1.884004525089440e-03 -9.741684939567620e-04 -1.007705019980015e+00
9 36 -1.000282107991459e+00 -1.882907771180527e-03 -9.748733815626402e-04 -1.007708733744556e+00
9 37 -1.000281629555346e+00 -1.881831033325297e-03 -9.755739586911509e-04 -1.007712445213506e+00
9 38 -1.000281150016595e+00 -1.880784273227288e-03 -9.762664395818205e-04 -1.007716118263160e+00
9 39 -1.000280674741469e+00 -1.879777580140725e-03 -9.769455544252304e-04 -1.007719716194880e+00
9 40 -1.000280209133443e+00 -1.878821089486649e-03 -9.776045138810811e-04 -1.007723202080068e+00
9 41 -1.000279758562143e+00 -1.877924883961079e-03 -9.782350603335485e-04 -1.007726539141585e+00
9 42 -1.000279328288997e+00 -1.877098875602963e-03 -9.788276066609960e-04 -1.007729691178215e+00
9 43 -1.000278923388614e+00 -1.876352669352012e-03 -9.793714595903225e-04 -1.007732623033070e+00
9 44 -1.000278548666661e+00 -1.875695411600797e-03 -9.798551205116315e-04 -1.007735301097546e+00
9 45 -1.000278208577088e+00 -1.875135629246567e-03 -9.802666524170124e-04 -1.007737693835561e+00
9 46 -1.000277907142606e+00 -1.874681064335064e-03 -9.805940986119407e-04 -1.007739772312462e+00
9 47 -1.000277647882280e+00 -1.874338507700724e-03 -9.808259368464258e-04 -1.007741510716382e+00
9 48 -1.000277433749155e+00 -1.874113634521425e-03 -9.809515502643919e-04 -1.007742886860999e+00
9 49 -1.000277267079834e+00 -1.874010845968864e-03 -9.809616941863534e-04 -1.007743882656356e+00
9 50 -1.000277149556735e+00 -1.874033122494508e-03 -9.808489368266970e-04 -1.007744484532504e+00
9 51 -1.000277082182844e+00 -1.874181895003335e-03 -9.806080530149561e-04 -1.007744683799941e+00
9 52 -1.000277065268889e+00 -1.874456941495898e-03 -9.802363513815963e-04 -1.007744476927086e+00
9 53 -1.000277098434138e+00 -1.874856318926861e-03 -9.797339167802880e-04 -1.007743865707996e+00
9 54 -1.000277180623347e+00 -1.875376340335409e-03 -9.791037527998004e-04 -1.007742857292106e+00
9 55 -1.000277310141979e+00 -1.876011603375801e-03 -9.783518153952035e-04 -1.007741464059857e+00
9 56 -1.000277484709762e+00 -1.876755069920295e-03 -9.774869361649440e-04 -1.007739703348818e+00
9 57 -1.000277701530198e+00 -1.877598191381910e-03 -9.765206398125202e-04 -1.007737597051888e+00
9 58 -1.000277957371917e+00 -1.878531072197907e-03 -9.754668644499027e-04 -1.007735171116893e+00
9 59 -1.000278248656612e+00 -1.879542662726774e-03 -9.743415971524227e-04 -1.007732454980238e+00
9 60 -1.000278571547455e+00 -1.880620971515607e-03 -9.731624411398107e-04 -1.007729480969468e+00
9 61 -1.000278922032189e+00 -1.881753286750109e-03 -9.719481343243151e-04 -1.007726283706661e+00
9 62 -1.000279295997112e+00 -1.882926398592957e-03 -9.707180412912590e-04 -1.007722899533707e+00
9 63 -1.000279689290957e+00 -1.884126816562606e-03 -9.694916420567790e-04 -1.007719365968006e+00
10 0 -1.000280768561509e+00 -1.885702824561304e-03 -9.680998906531062e-04 -1.007714035097290e+00
10 1 -1.000281194970943e+00 -1.886934121884195e-03 -9.669217966925094e-04 -1.007710268917895e+00
10 2 -1.000281627808968e+00 -1.888150952225817e-03 -9.658039768166455e-04 -1.007706473650132e+00
10 3 -1.000282063189444e+00 -1.889340505600009e-03 -9.647620212733451e-04 -1.007702687096945e+00
10 4 -1.000282497396512e+00 -1.890490594153243e-03 -9.638096359281528e-04 -1.007698945997294e+00
10 5 -1.000282926904805e+00 -1.891589783786577e-03 -9.629584189433616e-04 -1.007695285691188e+00
10 6 -1.000283348390435e+00 -1.892627509890052e-03 -9.622176999359279e-04 -1.007691739820126e+00
10 7 -1.000283758731428e+00 -1.893594174636501e-03 -9.615944436133881e-04 -1.007688340069541e+00
10 8 -1.000284154998021e+00 -1.894481222304274e-03 -9.610932214243120e-04 -1.007685115959533e+00
10 9 -1.000284534435516e+00 -1.895281190558218e-03 -9.607162517519380e-04 -1.007682094685095e+00
10 10 -1.000284894444063e+00 -1.895987739237924e-03 -9.604635016291137e-04 -1.007679300999031e+00
10 11 -1.000285232559923e+00 -1.896595661025220e-03 -9.603328369548306e-04 -1.007676757126184e+00
10 12 -1.000285546441541e+00 -1.897100878171031e-03 -9.603202083649762e-04 -1.007674482699739e+00
10 13 -1.000285833861749e+00 -1.897500427528174e-03 -9.604198638000971e-04 -1.007672494716050e+00
10 14 -1.000286092705709e+00 -1.897792434775077e-03 -9.606245817377802e-04 -1.007670807508298e+00
10 15 -1.000286320973025e+00 -1.897976077636546e-03 -9.609259210637289e-04 -1.007669432742417e+00
10 16 -1.000286516781967e+00 -1.898051535744781e-03 -9.613144870899673e-04 -1.007668379443617e+00
10 17 -1.000286678374358e+00 -1.898019923213735e-03 -9.617802162290013e-04 -1.007667654064185e+00
10 18 -1.000286804121597e+00 -1.897883202641002e-03 -9.623126790864275e-04 -1.007667260594522e+00
10 19 -1.000286892534718e+00 -1.897644085938011e-03 -9.629013933023133e-04 -1.007667200701004e+00
10 20 -1.000286942282425e+00 -1.897305932957411e-03 -9.635361303098740e-04 -1.007667473860150e+00
10 21 -1.000286952219848e+00 -1.896872659228138e-03 -9.642071994900762e-04 -1.007668077459338e+00
10 22 -1.000286921428275e+00 -1.896348660715885e-03 -9.649056965201960e-04 -1.007669006845561e+00
10 23 -1.000286849263665e+00 -1.895738760075581e-03 -9.656237051760777e-04 -1.007670255315484e+00
10 24 -1.000286735410026e+00 -1.895048175879643e-03 -9.663544434021717e-04 -1.007671814050590e+00
10 25 -1.000286579932279e+00 -1.894282512189129e-03 -9.670923480489828e-04 -1.007673672014324e+00
10 26 -1.000286383322796e+00 -1.893447761462215e-03 -9.678330978829853e-04 -1.007675815840587e+00
10 27 -1.000286146537108e+00 -1.892550312390867e-03 -9.685735776801690e-04 -1.007678229744655e+00
10 28 -1.000285871017069e+00 -1.891596956710259e-03 -9.693117862988486e-04 -1.007680895476474e+00
10 29 -1.000285558702086e+00 -1.890594892426980e-03 -9.700466913957860e-04 -1.007683792321907e+00
10 30 -1.000285212029756e+00 -1.889551722484762e-03 -9.707780350485403e-04 -1.007686897150165e+00
10 31 -1.000284833926599e+00 -1.888475447978068e-03 -9.715060968931730e-04 -1.007690184504492e+00
10 32 -1.000284427788994e+00 -1.887374455255405e-03 -9.722314230590689e-04 -1.007693626732549e+00
10 33 -1.000283997454154e+00 -1.886257496818815e-03 -9.729545309117864e-04 -1.007697194151351e+00
10 34 -1.000283547161009e+00 -1.885133666090130e-03 -9.736756024067678e-04 -1.007700855241774e+00
10 35 -1.000283081501190e+00 -1.884012365866373e-03 -9.743941818183335e-04 -1.007704576869733e+00
10 36 -1.000282605361308e+00 -1.882903270023133e-03 -9.751088952291408e-04 -1.007708324532634e+00
10 37 -1.000282123858929e+00 -1.881816277586574e-03 -9.758172092245672e-04 -1.007712062629641e+00
10 38 -1.000281642275187e+00 -1.880761457498015e-03 -9.765152451059751e-04 -1.007715754754649e+00
10 39 -1.000281165986258e+00 -1.879748981713107e-03 -9.771976624145654e-04 -1.007719364012820e+00
10 40 -1.000280700394344e+00 -1.878789044059849e-03 -9.778576217497185e-04 -1.007722853364810e+00
10 41 -1.000280250857307e+00 -1.877891762242600e-03 -9.784868329357447e-04 -1.007726186006015e+00
10 42 -1.000279822615241e+00 -1.877067060768649e-03 -9.790756911991559e-04 -1.007729325788725e+00
10 43 -1.000279420712787e+00 -1.876324534557670e-03 -9.796135001427797e-04 -1.007732237689542e+00
10 44 -1.000279049917787e+00 -1.875673296562898e-03 -9.800887750582511e-04 -1.007734888314002e+00
10 45 -1.000278714639048e+00 -1.875121815470039e-03 -9.804896146657172e-04 -1.007737246421776e+00
10 46 -1.000278418847245e+00 -1.874677749339874e-03 -9.808041254288650e-04 -1.007739283455077e+00
10 47 -1.000278166002870e+00 -1.874347779182941e-03 -9.810208800795435e-04 -1.007740974056937e+00
10 48 -1.000277958994338e+00 -1.874137445795172e-03 -9.811293899282239e-04 -1.007742296567649e+00
10 49 -1.000277800088237e+00 -1.874050994181421e-03 -9.811205693928023e-04 -1.007743233485809e+00
10 50 -1.000277690892528e+00 -1.874091230647468e-03 -9.809871720050929e-04 -1.007743771879681e+00
10 51 -1.000277632332374e+00 -1.874259397806615e-03 -9.807241790431406e-04 -1.007743903735213e+00
10 52 -1.000277624638261e+00 -1.874555074215193e-03 -9.803291228477121e-04 -1.007743626223223e+00
10 53 -1.000277667347457e+00 -1.874976108208689e-03 -9.798023271075981e-04 -1.007742941859594e+00
10 54 -1.000277759321274e+00 -1.875518596336361e-03 -9.791470486840686e-04 -1.007741858529503e+00
10 55 -1.000277898780362e+00 -1.876176912962146e-03 -9.783695111331870e-04 -1.007740389358301e+00
10 56 -1.000278083358232e+00 -1.876943791171001e-03 -9.774788269600303e-04 -1.007738552432486e+00
10 57 -1.000278310170841e+00 -1.877810450149674e-03 -9.764868115984929e-04 -1.007736370391096e+00
10 58 -1.000278575898338e+00 -1.878766761739128e-03 -9.754076973507434e-04 -1.007733869916183e+00
10 59 -1.000278876873783e+00 -1.879801447079303e-03 -9.742577608737148e-04 -1.007731081155690e+00
10 60 -1.000279209172697e+00 -1.880902292611315e-03 -9.730548824973175e-04 -1.007728037115211e+00
10 61 -1.000279568697473e+00 -1.882056374702958e-03 -9.718180586124122e-04 -1.007724773051984e+00
10 62 -1.000279951252611e+00 -1.883250284323555e-03 -9.705668899625870e-04 -1.007721325893235e+00
10 63 -1.000280352609495e+00 -1.884470345726957e-03 -9.693210693385820e-04 -1.007717733688291e+00
11 0 -1.000281438793084e+00 -1.886142944351451e-03 -9.674874575351485e-04 -1.007712258971705e+00
11 1 -1.000281872497932e+00 -1.887391845964968e-03 -9.662941476757731e-04 -1.007708441001121e+00
11 2 -1.000282311974621e+00 -1.888624855275782e-03 -9.651630455498218e-04 -1.007704598982133e+00
11 3 -1.000282753273555e+00 -1.889829025675696e-03 -9.641098635764596e-04 -1.007700771083154e+00
11 4 -1.000283192619098e+00 -1.890992043724391e-03 -9.631484075691207e-04 -1.007696994373313e+00
11 5 -1.000283626430274e+00 -1.892102361225660e-03 -9.622903508726857e-04 -1.007693304488085e+00
11 6 -1.000284051332875e+00 -1.893149312238393e-03 -9.615450711561200e-04 -1.007689735327244e+00
11 7 -1.000284464161523e+00 -1.894123212243117e-03 -9.609195528833017e-04 -1.007686318792064e+00
11 8 -1.000284861951627e+00 -1.895015435348792e-03 -9.604183597048240e-04 -1.007683084570235e+00
11 9 -1.000285241923428e+00 -1.895818467059651e-03 -9.600436770455206e-04 -1.007680059971587e+00
11 10 -1.000285601462287e+00 -1.896525933938498e-03 -9.597954170032468e-04 -1.007677269808756e+00
11 11 -1.000285938099896e+00 -1.897132614348473e-03 -9.596713717651997e-04 -1.007674736311516e+00
11 12 -1.000286249499966e+00 -1.897634434578179e-03 -9.596674020000623e-04 -1.007672479064862e+00
11 13 -1.000286533450065e+00 -1.898028453298227e-03 -9.597776504891235e-04 -1.007670514965346e+00
11 14 -1.000286787859502e+00 -1.898312835937872e-03 -9.599947747890310e-04 -1.007668858194060e+00
11 15 -1.000287010761797e+00 -1.898486818692588e-03 -9.603101960881760e-04 -1.007667520209508e+00
11 16 -1.000287200319511e+00 -1.898550659125204e-03 -9.607143655958326e-04 -1.007666509770210e+00
11 17 -1.000287354829700e+00 -1.898505569091564e-03 -9.611970517800561e-04 -1.007665832998829e+00
11 18 -1.000287472730210e+00 -1.898353628850424e-03 -9.617476475205493e-04 -1.007665493490169e+00
11 19 -1.000287552609454e+00 -1.898097687622643e-03 -9.623554874160816e-04 -1.007665492447725e+00
11 20 -1.000287593223418e+00 -1.897741260961024e-03 -9.630101587419233e-04 -1.007665828820378e+00
11 21 -1.000287593522746e+00 -1.897288436076175e-03 -9.637017888424750e-04 -1.007666499410153e+00
11 22 -1.000287552690534e+00 -1.896743793843363e-03 -9.644212948007412e-04 -1.007667498930295e+00
11 23 -1.000287470189109e+00 -1.896112352846915e-03 -9.651605844367898e-04 -1.007668820004071e+00
11 24 -1.000287345811974e+00 -1.895399536873192e-03 -9.659127008073287e-04 -1.007670453107501e+00
11 25 -1.000287179735471e+00 -1.894611162559663e-03 -9.666719065236462e-04 -1.007672386474112e+00
11 26 -1.000286972564203e+00 -1.893753440081319e-03 -9.674337081826062e-04 -1.007674605991152e+00
11 27 -1.000286725365737e+00 -1.892832979007142e-03 -9.681948228403946e-04 -1.007677095117147e+00
11 28 -1.000286439692730e+00 -1.891856793620205e-03 -9.689530881538417e-04 -1.007679834840523e+00
11 29 -1.000286117592865e+00 -1.890832304710589e-03 -9.697073180697577e-04 -1.007682803686752e+00
11 30 -1.000285761607822e+00 -1.889767336452241e-03 -9.704571078915760e-04 -1.007685977773854e+00
11 31 -1.000285374762189e+00 -1.888670107657838e-03 -9.712025951855551e-04 -1.007689330912757e+00
11 32 -1.000284960542784e+00 -1.887549217060152e-03 -9.719441854995023e-04 -1.007692834747383e+00
11 33 -1.000284522868385e+00 -1.886413622295649e-03 -9.726822545928769e-04 -1.007696458929030e+00
11 34 -1.000284066049670e+00 -1.885272612092535e-03 -9.734168417326786e-04 -1.007700171320931e+00
11 35 -1.000283594739448e+00 -1.884135771305832e-03 -9.741473504652395e-04 -1.007703938230347e+00
11 36 -1.000283113874371e+00 -1.883012938840282e-03 -9.748722734634777e-04 -1.007707724665438e+00
11 37 -1.000282628610587e+00 -1.881914158370164e-03 -9.755889571509158e-04 -1.007711494613729e+00
11 38 -1.000282144256267e+00 -1.880849620820805e-03 -9.762934204525143e-04 -1.007715211340076e+00
11 39 -1.000281666203220e+00 -1.879829596495084e-03 -9.769802401165097e-04 -1.007718837705085e+00
11 40 -1.000281199858259e+00 -1.878864354041820e-03 -9.776425125551467e-04 -1.007722336508892e+00
11 41 -1.000280750573463e+00 -1.877964063107089e-03 -9.782718994904185e-04 -1.007725670868697e+00
11 42 -1.000280323573621e+00 -1.877138677882544e-03 -9.788587617697560e-04 -1.007728804638942e+00
11 43 -1.000279923879509e+00 -1.876397800883548e-03 -9.793923816102399e-04 -1.007731702877390e+00
11 44 -1.000279556227398e+00 -1.875750529964511e-03 -9.798612678388074e-04 -1.007734332349688e+00
11 45 -1.000279224987399e+00 -1.875205294605109e-03 -9.802535324229644e-04 -1.007736662055752e+00
11 46 -1.000278934084696e+00 -1.874769687968945e-03 -9.805573211457341e-04 -1.007738663759076e+00
11 47 -1.000278686927810e+00 -1.874450299878225e-03 -9.807612774599781e-04 -1.007740312503149e+00
11 48 -1.000278486347153e+00 -1.874252554803203e-03 -9.808550168544309e-04 -1.007741587101817e+00
11 49 -1.000278334545907e+00 -1.874180558931459e-03 -9.808295898218388e-04 -1.007742470590871e+00
11 50 -1.000278233063955e+00 -1.874236960581260e-03 -9.806779139310700e-04 -1.007742950628481e+00
11 51 -1.000278182754553e+00 -1.874422828679908e-03 -9.803951575619884e-04 -1.007743019831936e+00
11 52 -1.000278183773381e+00 -1.874737555759938e-03 -9.799790584568355e-04 -1.007742676033857e+00
11 53 -1.000278235580795e+00 -1.875178794497025e-03 -9.794301605906882e-04 -1.007741922433257e+00
11 54 -1.000278336959451e+00 -1.875742437616479e-03 -9.787519548522222e-04 -1.007740767613973e+00
11 55 -1.000278486049538e+00 -1.876422648087960e-03 -9.779509129823462e-04 -1.007739225412190e+00
11 56 -1.000278680402166e+00 -1.877211941026453e-03 -9.770364094191521e-04 -1.007737314633143e+00
11 57 -1.000278917049097e+00 -1.878101313360678e-03 -9.760205320122358e-04 -1.007735058635080e+00
11 58 -1.000279192584917e+00 -1.879080413605917e-03 -9.749177898962559e-04 -1.007732484810184e+00
11 59 -1.000279503256364e+00 -1.880137741819193e-03 -9.737447336276911e-04 -1.007729623997946e+00
11 60 -1.000279845052746e+00 -1.881260868767062e-03 -9.725195071989649e-04 -1.007726509867878e+00
11 61 -1.000280213791553e+00 -1.882436663692191e-03 -9.712613540134237e-04 -1.007723178304423e+00
11 62 -1.000280605195036e+00 -1.883651521659483e-03 -9.699901007204763e-04 -1.007719666817497e+00
11 63 -1.000281014955964e+00 -1.884891583601697e-03 -9.687256433784486e-04 -1.007716013990837e+00
12 0 -1.000282101612108e+00 -1.886656645215858e-03 -9.664538188321982e-04 -1.007710414040316e+00
12 1 -1.000282543023551e+00 -1.887923708834373e-03 -9.652459000132328e-04 -1.007706541675370e+00
12 2 -1.000282989631067e+00 -1.889173671626695e-03 -9.641018674325484e-04 -1.007702649655347e+00
12 3 -1.000283437417890e+00 -1.890393446255405e-03 -9.630375507922710e-04 -1.007698776537089e+00
12 4 -1.000283882543872e+00 -1.891570586926074e-03 -9.620668543636725e-04 -1.007694959750858e+00
12 5 -1.000284321366491e+00 -1.892693421707816e-03 -9.612015285673562e-04 -1.007691235267254e+00
12 6 -1.000284750453999e+00 -1.893751170656365e-03 -9.604510042649562e-04 -1.007687637292957e+00
12 7 -1.000285166589129e+00 -1.894734046811203e-03 -9.598222938119140e-04 -1.007684198002607e+00
12 8 -1.000285566762853e+00 -1.895633335570945e-03 -9.593199636067485e-04 -1.007680947317026e+00
12 9 -1.000285948159875e+00 -1.896441449466038e-03 -9.589461783808791e-04 -1.007677912732849e+00
12 10 -1.000286308139784e+00 -1.897151959096903e-03 -9.587008090629736e-04 -1.007675119199275e+00
12 11 -1.000286644218521e+00 -1.897759604202210e-03 -9.585815897306007e-04 -1.007672589031100e+00
12 12 -1.000286954053978e+00 -1.898260289650516e-03 -9.585843088121578e-04 -1.007670341846828e+00
12 13 -1.000287235437685e+00 -1.898651070031118e-03 -9.587030236331759e-04 -1.007668394524515e+00
12 14 -1.000287486292704e+00 -1.898930124612471e-03 -9.589302922325558e-04 -1.007666761173040e+00
12 15 -1.000287704676408e+00 -1.899096722087255e-03 -9.592574210718906e-04 -1.007665453122205e+00
12 16 -1.000287888785984e+00 -1.899151172029168e-03 -9.596747314307111e-04 -1.007664478941103e+00
12 17 -1.000288036964756e+00 -1.899094759001397e-03 -9.601718482510788e-04 -1.007663844496236e+00
12 18 -1.000288147709116e+00 -1.898929657814005e-03 -9.607380102993204e-04 -1.007663553053493e+00
12 19 -1.000288219678168e+00 -1.898658834181832e-03 -9.613623916390263e-04 -1.007663605412319e+00
12 20 -1.000288251709690e+00 -1.898285940617563e-03 -9.620344172940561e-04 -1.007664000045535e+00
12 21 -1.000288242845572e+00 -1.897815219362958e-03 -9.627440544853663e-04 -1.007664733213926e+00
12 22 -1.000288192367781e+00 -1.897251422052065e-03 -9.634820638922807e-04 -1.007665799032263e+00
12 23 -1.000288099843322e+00 -1.896599751635780e-03 -9.642401999438123e-04 -1.007667189476556e+00
12 24 -1.000287965174434e+00 -1.895865827632147e-03 -9.650113537175680e-04 -1.007668894336231e+00
12 25 -1.000287788648748e+00 -1.895055671480807e-03 -9.657896363558575e-04 -1.007670901128162e+00
12 26 -1.000287570983610e+00 -1.894175705296361e-03 -9.665704040023129e-04 -1.007673195000184e+00
12 27 -1.000287313359890e+00 -1.893232756090830e-03 -9.673502259922618e-04 -1.007675758654293e+00
12 28 -1.000287017442997e+00 -1.892234059240633e-03 -9.681267971627103e-04 -1.007678572311660e+00
12 29 -1.000286685391279e+00 -1.891187258109287e-03 -9.688987950052422e-04 -1.007681613728010e+00
12 30 -1.000286319853221e+00 -1.890100398936677e-03 -9.696656843726938e-04 -1.007684858257945e+00
12 31 -1.000285923954658e+00 -1.888981920526010e-03 -9.704274759678749e-04 -1.007688278963718e+00
12 32 -1.000285501276507e+00 -1.887840637905656e-03 -9.711844486142358e-04 -1.007691846764273e+00
12 33 -1.000285055823084e+00 -1.886685719119439e-03 -9.719368486650874e-04 -1.007695530620098e+00
12 34 -1.000284591980884e+00 -1.885526654663468e-03 -9.726845824816061e-04 -1.007699297749001e+00
12 35 -1.000284114468081e+00 -1.884373219434536e-03 -9.734269190800958e-04 -1.007703113868647e+00
12 36 -1.000283628275848e+00 -1.883235427277780e-03 -9.741622194221478e-04 -1.007706943462768e+00
12 37 -1.000283138603764e+00 -1.882123478280885e-03 -9.748877068874716e-04 -1.007710750067849e+00
12 38 -1.000282650792202e+00 -1.881047698525091e-03 -9.755992912785489e-04 -1.007714496577221e+00
12 39 -1.000282170254006e+00 -1.880018470847123e-03 -9.762914569964281e-04 -1.007718145562310e+00
12 40 -1.000281702406221e+00 -1.879046153706939e-03 -9.769572248193800e-04 -1.007721659616214e+00
12 41 -1.000281252600997e+00 -1.878140984367965e-03 -9.775881954629854e-04 -1.007725001729523e+00
12 42 -1.000280826053877e+00 -1.877312963073112e-03 -9.781746809319225e-04 -1.007728135708414e+00
12 43 -1.000280427768012e+00 -1.876571717114819e-03 -9.787059257187120e-04 -1.007731026639158e+00
12 44 -1.000280062454503e+00 -1.875926347250849e-03 -9.791704138307948e-04 -1.007733641392718e+00
12 45 -1.000279734451294e+00 -1.875385262350542e-03 -9.795562501456138e-04 -1.007735949152990e+00
12 46 -1.000279447644761e+00 -1.874956009653094e-03 -9.798515974605516e-04 -1.007737921947610e+00
12 47 -1.000279205398340e+00 -1.874645107072775e-03 -9.800451459024185e-04 -1.007739535162594e+00
12 48 -1.000279010491513e+00 -1.874457882076777e-03 -9.801265902821960e-04 -1.007740768027169e+00
12 49 -1.000278865071112e+00 -1.874398320700761e-03 -9.800870929494885e-04 -1.007741604057729e+00
12 50 -1.000278770615734e+00 -1.874468930658522e-03 -9.799197128120640e-04 -1.007742031449153e+00
12 51 -1.000278727913183e+00 -1.874670623412571e-03 -9.796197837616759e-04 -1.007742043400185e+00
12 52 -1.000278737050537e+00 -1.875002621172491e-03 -9.791852273651142e-04 -1.007741638357136e+00
12 53 -1.000278797417202e+00 -1.875462396415709e-03 -9.786167856828786e-04 -1.007740820155276e+00
12 54 -1.000278907722757e+00 -1.876045652935424e-03 -9.779181608624782e-04 -1.007739598032712e+00
12 55 -1.000279066032027e+00 -1.876746356356298e-03 -9.770960496229947e-04 -1.007737986495542e+00
12 56 -1.000279269818432e+00 -1.877556817237040e-03 -9.761600646834349e-04 -1.007736005029706e+00
12 57 -1.000279516033950e+00 -1.878467823199171e-03 -9.751225426092223e-04 -1.007733677676874e+00
12 58 -1.000279801191579e+00 -1.879468811504108e-03 -9.739982466721572e-04 -1.007731032506999e+00
12 59 -1.000280121455001e+00 -1.880548071662343e-03 -9.728039806980687e-04 -1.007728101024219e+00
12 60 -1.000280472729697e+00 -1.881692967568654e-03 -9.715581341234367e-04 -1.007724917541171e+00
12 61 -1.000280850749815e+00 -1.882890168650825e-03 -9.702801812656264e-04 -1.007721518554050e+00
12 62 -1.000281251156098e+00 -1.884125879974729e-03 -9.689901603015925e-04 -1.007717942145099e+00
12 63 -1.000281669562538e+00 -1.885386063388102e-03 -9.677081576305174e-04 -1.007714227428170e+00
13 0 -1.000282750312577e+00 -1.887238405652254e-03 -9.650064219633098e-04 -1.007708522317859e+00
13 1 -1.000283199746816e+00 -1.888523968059208e-03 -9.637847614534432e-04 -1.007704593620923e+00
13 2 -1.000283653888661e+00 -1.889791451239595e-03 -9.626283879738446e-04 -1.007700648969658e+00
13 3 -1.000284108651330e+00 -1.891027624694391e-03 -9.615532415539387e-04 -1.007696727327649e+00
13 4 -1.000284560126248e+00 -1.892219905153027e-03 -9.605733215536269e-04 -1.007692866512707e+00
13 5 -1.000285004604349e+00 -1.893356489039272e-03 -9.597004558553599e-04 -1.007689102865058e+00
13 6 -1.000285438590071e+00 -1.894426471325242e-03 -9.589441327736601e-04 -1.007685470941840e+00
13 7 -1.000285858806564e+00 -1.895419948165694e-03 -9.583114003664775e-04 -1.007682003244416e+00
13 8 -1.000286262191316e+00 -1.896328098771766e-03 -9.578068383010030e-04 -1.007678729989095e+00
13 9 -1.000286645883421e+00 -1.897143242693445e-03 -9.574326031478198e-04 -1.007675678928888e+00
13 10 -1.000287007205939e+00 -1.897858872344310e-03 -9.571885391479976e-04 -1.007672875224757e+00
13 11 -1.000287343647971e+00 -1.898469664755785e-03 -9.570723388721393e-04 -1.007670341355758e+00
13 12 -1.000287652850450e+00 -1.898971478114721e-03 -9.570797371016719e-04 -1.007668097055117e+00
13 13 -1.000287932597861e+00 -1.899361337116990e-03 -9.572047261018119e-04 -1.007666159263846e+00
13 14 -1.000288180816208e+00 -1.899637408635538e-03 -9.574397867939149e-04 -1.007664542099857e+00
13 15 -1.000288395576131e+00 -1.899798967166259e-03 -9.577761355059780e-04 -1.007663256845279e+00
13 16 -1.000288575099221e+00 -1.899846347613053e-03 -9.582039897334419e-04 -1.007662311959388e+00
13 17 -1.000288717765475e+00 -1.899780881478337e-03 -9.587128572572270e-04 -1.007661713128429e+00
13 18 -1.000288822121059e+00 -1.899604813889209e-03 -9.592918483571069e-04 -1.007661463359981e+00
13 19 -1.000288886887984e+00 -1.899321204519226e-03 -9.599300014073981e-04 -1.007661563114121e+00
13 20 -1.000288910979228e+00 -1.898933822246881e-03 -9.606166035439062e-04 -1.007662010445352e+00
13 21 -1.000288893522718e+00 -1.898447046194706e-03 -9.613414858138323e-04 -1.007662801122470e+00
13 22 -1.000288833895460e+00 -1.897865783245157e-03 -9.620952761290448e-04 -1.007663928702011e+00
13 23 -1.000288731766410e+00 -1.897195407417770e-03 -9.628695993005799e-04 -1.007665384545327e+00
13 24 -1.000288587144665e+00 -1.896441722409194e-03 -9.636572186430749e-04 -1.007667157781674e+00
13 25 -1.000288400428053e+00 -1.895610944756758e-03 -9.644521179805421e-04 -1.007669235231504e+00
13 26 -1.000288172446356e+00 -1.894709701019496e-03 -9.652495260172017e-04 -1.007671601316645e+00
13 27 -1.000287904494118e+00 -1.893745030291785e-03 -9.660458855197232e-04 -1.007674237989814e+00
13 28 -1.000287598350359e+00 -1.892724385330001e-03 -9.668387678135848e-04 -1.007677124707612e+00
13 29 -1.000287256285405e+00 -1.891655629702165e-03 -9.676267317690188e-04 -1.007680238454893e+00
13 30 -1.000286881056394e+00 -1.890547030744539e-03 -9.684091284649101e-04 -1.007683553817531e+00
13 31 -1.000286475892767e+00 -1.889407247696843e-03 -9.691858574943981e-04 -1.007687043099498e+00
13 32 -1.000286044472287e+00 -1.888245313548996e-03 -9.699570858655443e-04 -1.007690676481564e+00
13 33 -1.000285590887783e+00 -1.887070609556395e-03 -9.707229442109643e-04 -1.007694422217069e+00
13 34 -1.000285119604799e+00 -1.885892832167746e-03 -9.714832175371984e-04 -1.007698246858386e+00
13 35 -1.000284635410423e+00 -1.884721952208273e-03 -9.722370486907362e-04 -1.007702115509217e+00
13 36 -1.000284143354232e+00 -1.883568166185096e-03 -9.729826713452940e-04 -1.007705992100051e+00
13 37 -1.000283648683474e+00 -1.882441840125083e-03 -9.737171860887894e-04 -1.007709839683366e+00
13 38 -1.000283156775350e+00 -1.881353446451064e-03 -9.744363900135065e-04 -1.007713620744095e+00
13 39 -1.000282673068778e+00 -1.880313493051513e-03 -9.751346685825895e-04 -1.007717297524146e+00
13 40 -1.000282202996426e+00 -1.879332441651047e-03 -9.758049582985740e-04 -1.007720832366517e+00
13 41 -1.000281751916195e+00 -1.878420611381164e-03 -9.764387886953503e-04 -1.007724188089679e+00
13 42 -1.000281325040346e+00 -1.877588063751154e-03 -9.770264111764219e-04 -1.007727328403149e+00
13 43 -1.000280927360643e+00 -1.876844467123911e-03 -9.775570189067451e-04 -1.007730218370098e+00
13 44 -1.000280563569464e+00 -1.876198942411954e-03 -9.780190553787397e-04 -1.007732824912353e+00
13 45 -1.000280237979229e+00 -1.875659895997580e-03 -9.784006002383459e-04 -1.007735117340926e+00
13 46 -1.000279954444395e+00 -1.875234848257835e-03 -9.786898123935667e-04 -1.007737067888345e+00
13 47 -1.000279716290474e+00 -1.874930265018111e-03 -9.788754053140052e-04 -1.007738652222035e+00
13 48 -1.000279526253315e+00 -1.874751396640882e-03 -9.789471285634758e-04 -1.007739849925276e+00
13 49 -1.000279386430668e+00 -1.874702128329745e-03 -9.788962317704931e-04 -1.007740644935141e+00
13 50 -1.000279298247045e+00 -1.874784845895951e-03 -9.787158909510037e-04 -1.007741025924869e+00
13 51 -1.000279262431951e+00 -1.875000321730681e-03 -9.784015812707438e-04 -1.007740986617285e+00
13 52 -1.000279279010839e+00 -1.875347625762236e-03 -9.779513836142843e-04 -1.007740526016448e+00
13 53 -1.000279347308757e+00 -1.875824067604608e-03 -9.773662132964410e-04 -1.007739648540668e+00
13 54 -1.000279465968367e+00 -1.876425178768806e-03 -9.766499581653945e-04 -1.007738364032009e+00
13 55 -1.000279632985034e+00 -1.877144743977040e-03 -9.758095129690716e-04 -1.007736687617893e+00
13 56 -1.000279845760230e+00 -1.877974885606196e-03 -9.748547004138784e-04 -1.007734639417771e+00
13 57 -1.000280101171552e+00 -1.878906197668188e-03 -9.737980773480892e-04 -1.007732244112687e+00
13 58 -1.000280395655234e+00 -1.879927920494118e-03 -9.726546340943213e-04 -1.007729530411371e+00
13 59 -1.000280725296068e+00 -1.881028145895898e-03 -9.714414027428298e-04 -1.007726530448904e+00
13 60 -1.000281085919246e+00 -1.882194042450136e-03 -9.701769953203334e-04 -1.007723279152103e+00
13 61 -1.000281473178348e+00 -1.883412089843795e-03 -9.688810964262152e-04 -1.007719813605338e+00
13 62 -1.000281882634420e+00 -1.884668311317679e-03 -9.675739374646501e-04 -1.007716172446381e+00
13 63 -1.000282309823460e+00 -1.885948495834259e-03 -9.662757789563900e-04 -1.007712395309446e+00
14 0 -1.000283378425075e+00 -1.887881959257655e-03 -9.631570979324845e-04 -1.007706606199174e+00
14 1 -1.000283836098245e+00 -1.889186130437979e-03 -9.619228167384231e-04 -1.007702619925078e+00
14 2 -1.000284298083162e+00 -1.890471484822289e-03 -9.607549284072649e-04 -1.007698620666580e+00
14 3 -1.000284760221164e+00 -1.891724648254797e-03 -9.596694738873711e-04 -1.007694647806894e+00
14 4 -1.000285218532329e+00 -1.892932896726807e-03 -9.586805420527866e-04 -1.007690739572394e+00
14 5 -1.000285669236997e+00 -1.894084288816410e-03 -9.578000369479949e-04 -1.007686932702239e+00
14 6 -1.000286108770428e+00 -1.895167784938201e-03 -9.570375073682438e-04 -1.007683262142721e+00
14 7 -1.000286533789309e+00 -1.896173351431699e-03 -9.564000440224169e-04 -1.007679760770760e+00
14 8 -1.000286941169314e+00 -1.897092045059775e-03 -9.558922500689887e-04 -1.007676459156665e+00
14 9 -1.000287327994399e+00 -1.897916073177829e-03 -9.555162868031784e-04 -1.007673385376536e+00
14 10 -1.000287691540755e+00 -1.898638828425717e-03 -9.552719868422080e-04 -1.007670564875955e+00
14 11 -1.000288029259833e+00 -1.899254901829315e-03 -9.551570181817469e-04 -1.007668020375104e+00
14 12 -1.000288338764564e+00 -1.899760080333218e-03 -9.551670807707776e-04 -1.007665771801305e+00
14 13 -1.000288617821252e+00 -1.900151333064699e-03 -9.552961228500199e-04 -1.007663836239765e+00
14 14 -1.000288864347737e+00 -1.900426787918709e-03 -9.555365717552264e-04 -1.007662227899763e+00
14 15 -1.000289076417029e+00 -1.900585698262519e-03 -9.558795794637757e-04 -1.007660958097575e+00
14 16 -1.000289252264598e+00 -1.900628397663216e-03 -9.563152869526478e-04 -1.007660035262390e+00
14 17 -1.000289390296995e+00 -1.900556238437489e-03 -9.568331127019913e-04 -1.007659464977426e+00
14 18 -1.000289489100560e+00 -1.900371510640436e-03 -9.574220662564017e-04 -1.007659250066348e+00
14 19 -1.000289547451450e+00 -1.900077343878974e-03 -9.580710774441089e-04 -1.007659390719490e+00
14 20 -1.000289564330320e+00 -1.899677601588855e-03 -9.587693217784204e-04 -1.007659884635114e+00
14 21 -1.000289538945006e+00 -1.899176780484231e-03 -9.595065196221631e-04 -1.007660727143507e+00
14 22 -1.000289470762636e+00 -1.898579925541937e-03 -9.602731912605680e-04 -1.007661911289119e+00
14 23 -1.000289359550213e+00 -1.897892566517602e-03 -9.610608570625147e-04 -1.007663427858528e+00
14 24 -1.000289205420778e+00 -1.897120677981174e-03 -9.618621777791995e-04 -1.007665265353847e+00
14 25 -1.000289008880396e+00 -1.896270660484780e-03 -9.626710347254082e-04 -1.007667409924801e+00
14 26 -1.000288770870041e+00 -1.895349335838267e-03 -9.634825529731674e-04 -1.007669845287070e+00
14 27 -1.000288492797132e+00 -1.894363947485000e-03 -9.642930708982490e-04 -1.007672552659982e+00
14 28 -1.000288176553973e+00 -1.893322159397491e-03 -9.651000564251758e-04 -1.007675510747321e+00
14 29 -1.000287824523199e+00 -1.892232051095089e-03 -9.659019678834859e-04 -1.007678695769334e+00
14 30 -1.000287439571602e+00 -1.891102108461944e-03 -9.666980592153480e-04 -1.007682081544229e+00
14 31 -1.000287025033655e+00 -1.889941209648894e-03 -9.674881348323989e-04 -1.007685639615632e+00
14 32 -1.000286584685626e+00 -1.888758604813857e-03 -9.682722654322640e-04 -1.007689339421926e+00
14 33 -1.000286122710861e+00 -1.887563888784700e-03 -9.690504806042937e-04 -1.007693148501646e+00
14 34 -1.000285643656422e+00 -1.886366965981645e-03 -9.698224569956921e-04 -1.007697032729067e+00
14 35 -1.000285152381197e+00 -1.885178006899507e-03 -9.705872216729552e-04 -1.007700956576389e+00
14 36 -1.000284653996362e+00 -1.884007396070449e-03 -9.713428880796086e-04 -1.007704883399265e+00
14 37 -1.000284153800379e+00 -1.882865672552789e-03 -9.720864373803335e-04 -1.007708775740372e+00
14 38 -1.000283657211337e+00 -1.881763464035988e-03 -9.728135537419487e-04 -1.007712595645590e+00
14 39 -1.000283169698845e+00 -1.880711413993035e-03 -9.735185203860991e-04 -1.007716304992043e+00
14 40 -1.000282696716290e+00 -1.879720099179570e-03 -9.741941838352649e-04 -1.007719865833632e+00
14 41 -1.000282243632802e+00 -1.878799933419798e-03 -9.748319950080676e-04 -1.007723240774383e+00
14 42 -1.000281815663179e+00 -1.877961053371366e-03 -9.754221359357764e-04 -1.007726393381375e+00
14 43 -1.000281417793921e+00 -1.877213183431747e-03 -9.759537381278422e-04 -1.007729288645319e+00
14 44 -1.000281054705105e+00 -1.876565480871414e-03 -9.764151918176642e-04 -1.007731893485743e+00
14 45 -1.000280730690392e+00 -1.876026367307169e-03 -9.767945353861011e-04 -1.007734177283334e+00
14 46 -1.000280449579449e+00 -1.875603355427331e-03 -9.770799044638470e-04 -1.007736112414195e+00
14 47 -1.000280214667185e+00 -1.875302878908899e-03 -9.772600139311880e-04 -1.007737674763939e+00
14 48 -1.000280028653192e+00 -1.875130130997773e-03 -9.773246445194427e-04 -1.007738844206728e+00
14 49 -1.000279893593598e+00 -1.875088916057816e-03 -9.772651082796081e-04 -1.007739605037142e+00
14 50 -1.000279810866505e+00 -1.875181518309577e-03 -9.770746724149274e-04 -1.007739946342591e+00
14 51 -1.000279781150897e+00 -1.875408591475941e-03 -9.767489269161230e-04 -1.007739862305564e+00
14 52 -1.000279804418125e+00 -1.875769072956345e-03 -9.762860855100625e-04 -1.007739352425796e+00
14 53 -1.000279879935950e+00 -1.876260128379672e-03 -9.756872099203562e-04 -1.007738421645955e+00
14 54 -1.000280006286931e+00 -1.876877135642472e-03 -9.749563453950292e-04 -1.007737080355028e+00
14 55 -1.000280181403739e+00 -1.877613717561950e-03 -9.741005543104729e-04 -1.007735344244931e+00
14 56 -1.000280402622506e+00 -1.878461827187612e-03 -9.731298374930280e-04 -1.007733234013555e+00
14 57 -1.000280666752592e+00 -1.879411882722646e-03 -9.720569401465614e-04 -1.007730774930751e+00
14 58 -1.000280970159074e+00 -1.880452944044493e-03 -9.708970487974624e-04 -1.007727996298571e+00
14 59 -1.000281308853049e+00 -1.881572920704375e-03 -9.696673946081451e-04 -1.007724930841520e+00
14 60 -1.000281678584135e+00 -1.882758800255083e-03 -9.683867850849797e-04 -1.007721614063332e+00
14 61 -1.000282074929229e+00 -1.883996885117199e-03 -9.670750905348089e-04 -1.007718083605920e+00
14 62 -1.000282493372474e+00 -1.885273026939923e-03 -9.657527137096836e-04 -1.007714378639986e+00
14 63 -1.000282929373672e+00 -1.886572850056040e-03 -9.644400697873879e-04 -1.007710539304519e+00
15 0 -1.000283979792299e+00 -1.888580391723822e-03 -9.609220179181383e-04 -1.007704688044197e+00
15 1 -1.000284445817177e+00 -1.889903053152200e-03 -9.596764766437973e-04 -1.007700643654644e+00
15 2 -1.000284915854660e+00 -1.891206408754540e-03 -9.584981273838373e-04 -1.007696588490590e+00
15 3 -1.000285385673503e+00 -1.892476942513972e-03 -9.574030999311410e-04 -1.007692562360986e+00
15 4 -1.000285851220625e+00 -1.893701788450169e-03 -9.564055647941754e-04 -1.007688603915665e+00
15 5 -1.000286308642651e+00 -1.894868862689034e-03 -9.555174990941022e-04 -1.007684750317342e+00
15 6 -1.000286754301130e+00 -1.895966983156180e-03 -9.547485136054150e-04 -1.007681036935729e+00
15 7 -1.000287184780316e+00 -1.896985975118585e-03 -9.541057473678022e-04 -1.007677497067078e+00
15 8 -1.000287596886619e+00 -1.897916758114402e-03 -9.535938366356909e-04 -1.007674161689310e+00
15 9 -1.000287987640060e+00 -1.898751409176943e-03 -9.532149603895376e-04 -1.007671059264484e+00
15 10 -1.000288354260150e+00 -1.899483200518915e-03 -9.529689549052676e-04 -1.007668215592540e+00
15 11 -1.000288694150251e+00 -1.900106614824533e-03 -9.528534805346337e-04 -1.007665653708754e+00
15 12 -1.000289004884472e+00 -1.900617343993142e-03 -9.528642213079619e-04 -1.007663393811683e+00
15 13 -1.000289284199871e+00 -1.901012276286540e-03 -9.529951030343050e-04 -1.007661453210728e+00
15 14 -1.000289529994999e+00 -1.901289474295595e-03 -9.532385237511769e-04 -1.007659846287997e+00
15 15 -1.000289740334261e+00 -1.901448143673703e-03 -9.535855974425392e-04 -1.007658584474784e+00
15 16 -1.000289913456215e+00 -1.901488590133689e-03 -9.540264164957031e-04 -1.007657676249760e+00
15 17 -1.000290047783373e+00 -1.901412160308255e-03 -9.545503392679333e-04 -1.007657127171675e+00
15 18 -1.000290141932050e+00 -1.901221163104804e-03 -9.551463042137934e-04 -1.007656939956828e+00
15 19 -1.000290194723135e+00 -1.900918773390470e-03 -9.558031615555572e-04 -1.007657114597627e+00
15 20 -1.000290205196623e+00 -1.900508926548186e-03 -9.565100028289797e-04 -1.007657648501249e+00
15 21 -1.000290172633031e+00 -1.899996216208664e-03 -9.572564644778200e-04 -1.007658536618191e+00
15 22 -1.000290096583464e+00 -1.899385806486607e-03 -9.580329856744688e-04 -1.007659771533536e+00
15 23 -1.000289976908012e+00 -1.898683365951336e-03 -9.588310086542655e-04 -1.007661343504825e+00
15 24 -1.000289813819843e+00 -1.897895025476238e-03 -9.596431174027739e-04 -1.007663240445037e+00
15 25 -1.000289607930288e+00 -1.897027357027555e-03 -9.604631158594848e-04 -1.007665447864982e+00
15 26 -1.000289360289041e+00 -1.896087366389576e-03 -9.612860497182273e-04 -1.007667948802125e+00
15 27 -1.000289072414389e+00 -1.895082491425246e-03 -9.621081756611152e-04 -1.007670723766612e+00
15 28 -1.000288746310584e+00 -1.894020599299912e-03 -9.629268786282756e-04 -1.007673750728293e+00
15 29 -1.000288384471953e+00 -1.892909979458454e-03 -9.637405345710383e-04 -1.007677005156029e+00
15 30 -1.000287989874833e+00 -1.891759331656932e-03 -9.645483169832643e-04 -1.007680460109765e+00
15 31 -1.000287565958977e+00 -1.890577749080088e-03 -9.653499510750387e-04 -1.007684086379764e+00
15 32 -1.000287116599847e+00 -1.889374696110063e-03 -9.661454267810753e-04 -1.007687852665887e+00
15 33 -1.000286646072532e+00 -1.888159979526536e-03 -9.669346876773452e-04 -1.007691725791241e+00
15 34 -1.000286159007301e+00 -1.886943711518263e-03 -9.677173161915504e-04 -1.007695670946867e+00
15 35 -1.000285660336875e+00 -1.885736263439777e-03 -9.684922360487734e-04 -1.007699651964313e+00
15 36 -1.000285155236438e+00 -1.884548210652754e-03 -9.692574501613382e-04 -1.007703631610839e+00
15 37 -1.000284649058601e+00 -1.883390269953795e-03 -9.700098265870449e-04 -1.007707571900417e+00
15 38 -1.000284147265866e+00 -1.882273230903361e-03 -9.707449395275827e-04 -1.007711434415501e+00
15 39 -1.000283655362638e+00 -1.881207880850338e-03 -9.714569699479323e-04 -1.007715180639124e+00
15 40 -1.000283178827700e+00 -1.880204921411039e-03 -9.721386718811435e-04 -1.007718772302120e+00
15 41 -1.000282723046634e+00 -1.879274872331794e-03 -9.727814132596943e-04 -1.007722171755497e+00
15 42 -1.000282293242438e+00 -1.878427957835305e-03 -9.733753010337191e-04 -1.007725342381078e+00
15 43 -1.000281894402361e+00 -1.877673971958427e-03 -9.739093977676358e-04 -1.007728249050217e+00
15 44 -1.000281531200564e+00 -1.877022123521251e-03 -9.743720304971834e-04 -1.007730858628412e+00
15 45 -1.000281207918773e+00 -1.876480866476714e-03 -9.747511828096380e-04 -1.007733140508837e+00
15 46 -1.000280928369041e+00 -1.876057724536328e-03 -9.750349499249584e-04 -1.007735067149506e+00
15 47 -1.000280695823056e+00 -1.875759118913846e-03 -9.752120279249645e-04 -1.007736614590024e+00
15 48 -1.000280512951708e+00 -1.875590206131448e-03 -9.752722057515537e-04 -1.007737762929527e+00
15 49 -1.000280381777339e+00 -1.875554730887701e-03 -9.752068324674121e-04 -1.007738496752212e+00
15 50 -1.000280303639720e+00 -1.875654897490546e-03 -9.750092394672728e-04 -1.007738805490396e+00
15 51 -1.000280279175354e+00 -1.875891262461909e-03 -9.746751040812895e-04 -1.007738683717694e+00
15 52 -1.000280308309311e+00 -1.876262651571725e-03 -9.742027451209778e-04 -1.007738131363028e+00
15 53 -1.000280390259717e+00 -1.876766107191170e-03 -9.735933418214919e-04 -1.007737153828237e+00
15 54 -1.000280523556622e+00 -1.877396874603355e-03 -9.728510659479253e-04 -1.007735761984380e+00
15 55 -1.000280706077467e+00 -1.878148435759783e-03 -9.719831147216198e-04 -1.007733972024238e+00
15 56 -1.000280935100170e+00 -1.879012594858524e-03 -9.709996331115777e-04 -1.007731805163689e+00
15 57 -1.000281207372636e+00 -1.879979613954379e-03 -9.699135202024919e-04 -1.007729287204846e+00
15 58 -1.000281519195290e+00 -1.881038391364811e-03 -9.687401245088819e-04 -1.007726447990053e+00
15 59 -1.000281866511729e+00 -1.882176672283854e-03 -9.674968433876288e-04 -1.007723320784181e+00
15 60 -1.000282245001624e+00 -1.883381279611789e-03 -9.662026492963927e-04 -1.007719941624458e+00
15 61 -1.000282650170009e+00 -1.884638352978419e-03 -9.648775704498038e-04 -1.007716348673792e+00
15 62 -1.000283077428037e+00 -1.885933584993034e-03 -9.635421557755996e-04 -1.007712581606266e+00
15 63 -1.000283522162318e+00 -1.887252445962286e-03 -9.622169525110043e-04 -1.007708681042933e+00
16 0 -1.000284548637842e+00 -1.889326246038268e-03 -9.583215908075112e-04 -1.007702789773388e+00
16 1 -1.000285023022595e+00 -1.890667053433592e-03 -9.570663680508609e-04 -1.007698687437721e+00
16 2 -1.000285501220465e+00 -1.891988319277453e-03 -9.558788235461581e-04 -1.007694575756881e+00
16 3 -1.000285978928043e+00 -1.893276389615373e-03 -9.547751614377539e-04 -1.007690494965273e+00
16 4 -1.000286452018323e+00 -1.894518257210067e-03 -9.537696237232118e-04 -1.007686484145369e+00
16 5 -1.000286916562046e+00 -1.895701692859059e-03 -9.528742554492836e-04 -1.007682580903082e+00
16 6 -1.000287368843484e+00 -1.896815365732800e-03 -9.520987291193950e-04 -1.007678821060792e+00
16 7 -1.000287805369480e+00 -1.897848950456258e-03 -9.514502364437127e-04 -1.007675238372479e+00
16 8 -1.000288222870707e+00 -1.898793216265482e-03 -9.509334554011583e-04 -1.007671864271827e+00
16 9 -1.000288618295307e+00 -1.899640093355434e-03 -9.505505949588224e-04 -1.007668727664636e+00
16 10 -1.000288988796972e+00 -1.900382714164705e-03 -9.503015100782631e-04 -1.007665854770770e+00
16 11 -1.000289331721008e+00 -1.901015431571576e-03 -9.501838705684385e-04 -1.007663269011617e+00
16 12 -1.000289644592225e+00 -1.901533819311205e-03 -9.501933637729265e-04 -1.007660990931734e+00
16 13 -1.000289925107686e+00 -1.901934660374376e-03 -9.503239147855792e-04 -1.007659038141882e+00
16 14 -1.000290171135803e+00 -1.902215926756588e-03 -9.505679166091415e-04 -1.007657425275308e+00
16 15 -1.000290380721460e+00 -1.902376750466391e-03 -9.509164718109249e-04 -1.007656163957251e+00
16 16 -1.000290552095321e+00 -1.902417382905991e-03 -9.513596527929921e-04 -1.007655262795334e+00
16 17 -1.000290683684945e+00 -1.902339138426524e-03 -9.518867879259841e-04 -1.007654727402872e+00
16 18 -1.000290774126094e+00 -1.902144318783992e-03 -9.524867752685599e-04 -1.007654560465309e+00
16 19 -1.000290822274489e+00 -1.901836119270724e-03 -9.531484155628612e-04 -1.007654761849684e+00
16 20 -1.000290827220286e+00 -1.901418523683953e-03 -9.538607453406136e-04 -1.007655328740579e+00
16 21 -1.000290788308353e+00 -1.900896200479122e-03 -9.546133450747985e-04 -1.007656255772651e+00
16 22 -1.000290705166590e+00 -1.900274412748549e-03 -9.553966000869650e-04 -1.007657535129133e+00
16 23 -1.000290577742262e+00 -1.899558949995098e-03 -9.562019011912208e-04 -1.007659156588353e+00
16 24 -1.000290406343790e+00 -1.898756083449233e-03 -9.570217817493224e-04 -1.007661107517680e+00
16 25 -1.000290191683521e+00 -1.897872541877271e-03 -9.578499937764284e-04 -1.007663372828581e+00
16 26 -1.000289934916142e+00 -1.896915501753231e-03 -9.586815279409826e-04 -1.007665934916127e+00
16 27 -1.000289637667777e+00 -1.895892583904588e-03 -9.595125818052830e-04 -1.007668773611794e+00
16 28 -1.000289302052332e+00 -1.894811849168132e-03 -9.603404776437314e-04 -1.007671866176481e+00
16 29 -1.000288930674035e+00 -1.893681788782634e-03 -9.611635272354621e-04 -1.007675187349042e+00
16 30 -1.000288526617368e+00 -1.892511309195569e-03 -9.619808403154350e-04 -1.007678709450138e+00
16 31 -1.000288093426507e+00 -1.891309712549018e-03 -9.627920786743885e-04 -1.007682402532157e+00
16 32 -1.000287635075964e+00 -1.890086672724534e-03 -9.635971668131030e-04 -1.007686234567086e+00
16 33 -1.000287155933005e+00 -1.888852204905171e-03 -9.643959774774313e-04 -1.007690171668989e+00
16 34 -1.000286660711899e+00 -1.887616626427103e-03 -9.651880138650511e-04 -1.007694178348902e+00
16 35 -1.000286154420339e+00 -1.886390508050602e-03 -9.659721104789885e-04 -1.007698217797283e+00
16 36 -1.000285642299209e+00 -1.885184616227550e-03 -9.667461718222782e-04 -1.007702252187217e+00
16 37 -1.000285129757597e+00 -1.884009847747276e-03 -9.675069620132480e-04 -1.007706242992117e+00
16 38 -1.000284622305353e+00 -1.882877158221921e-03 -9.682499512010627e-04 -1.007710151313500e+00
16 39 -1.000284125485235e+00 -1.881797484890801e-03 -9.689692210934353e-04 -1.007713938217347e+00
16 40 -1.000283644805654e+00 -1.880781662008929e-03 -9.696574339542575e-04 -1.007717565082797e+00
16 41 -1.000283185673544e+00 -1.879840324588384e-03 -9.703058736954239e-04 -1.007720993973747e+00
16 42 -1.000282753325537e+00 -1.878983795178976e-03 -9.709045695043622e-04 -1.007724188047672e+00
16 43 -1.000282352755527e+00 -1.878221949823557e-03 -9.714425102987880e-04 -1.007727112012159e+00
16 44 -1.000281988638130e+00 -1.877564063164326e-03 -9.719079525717407e-04 -1.007729732628313e+00
16 45 -1.000281665249930e+00 -1.877018637646473e-03 -9.722888145158921e-04 -1.007732019245793e+00
16 46 -1.000281386392455e+00 -1.876593225811856e-03 -9.725731365340024e-04 -1.007733944343903e+00
16 47 -1.000281155321601e+00 -1.876294255862765e-03 -9.727495773005195e-04 -1.007735484051236e+00
16 48 -1.000280974687421e+00 -1.876126868738557e-03 -9.728079113320126e-04 -1.007736618622419e+00
16 49 -1.000280846486703e+00 -1.876094771761851e-03 -9.727394991017505e-04 -1.007737332858757e+00
16 50 -1.000280772029149e+00 -1.876200111750266e-03 -9.725377090650571e-04 -1.007737616464908e+00
16 51 -1.000280751916912e+00 -1.876443370075466e-03 -9.721982779887205e-04 -1.007737464334481e+00
16 52 -1.000280786036885e+00 -1.876823282973362e-03 -9.717196008037570e-04 -1.007736876754712e+00
16 53 -1.000280873565796e+00 -1.877336792162975e-03 -9.711029436323292e-04 -1.007735859514853e+00
16 54 -1.000281012989387e+00 -1.877979033118111e-03 -9.703525723575925e-04 -1.007734423896773e+00
16 55 -1.000281202137751e+00 -1.878743369300857e-03 -9.694757851153009e-04 -1.007732586525703e+00
16 56 -1.000281438238167e+00 -1.879621477924484e-03 -9.684828356934994e-04 -1.007730369070263e+00
16 57 -1.000281717984530e+00 -1.880603486494435e-03 -9.673867405911612e-04 -1.007727797801844e+00
16 58 -1.000282037619950e+00 -1.881678152808589e-03 -9.662029736377128e-04 -1.007724903043108e+00
16 59 -1.000282393027450e+00 -1.882833077405826e-03 -9.649490629478791e-04 -1.007721718544683e+00
16 60 -1.000282779823081e+00 -1.884054936510669e-03 -9.636441127911506e-04 -1.007718280829106e+00
16 61 -1.000283193445742e+00 -1.885329723410165e-03 -9.623082787288110e-04 -1.007714628537737e+00
16 62 -1.000283629238688e+00 -1.886642986575037e-03 -9.609622278835251e-04 -1.007710801811081e+00
16 63 -1.000284082519495e+00 -1.887980055065843e-03 -9.596266142950509e-04 -1.007706841722805e+00
17 0 -1.000285079626664e+00 -1.890111632467685e-03 -9.553803011067931e-04 -1.007700932488435e+00
17 1 -1.000285562275864e+00 -1.891470023225813e-03 -9.541171647751642e-04 -1.007696773069658e+00
17 2 -1.000286048640078e+00 -1.892808891778776e-03 -9.529218793684775e-04 -1.007692604942640e+00
17 3 -1.000286534345022e+00 -1.894114451672277e-03 -9.518107069632105e-04 -1.007688468762615e+00
17 4 -1.000287015189929e+00 -1.895373556901800e-03 -9.507979486990272e-04 -1.007684404048838e+00
17 5 -1.000287487168595e+00 -1.896573832178228e-03 -9.498957099508006e-04 -1.007680448863769e+00
17 6 -1.000287946485585e+00 -1.897703793650759e-03 -9.491137226648948e-04 -1.007676639505437e+00
17 7 -1.000288389566399e+00 -1.898752957430473e-03 -9.484592341693898e-04 -1.007673010218530e+00
17 8 -1.000288813060484e+00 -1.899711931111090e-03 -9.479369716080334e-04 -1.007669592935269e+00
17 9 -1.000289213837120e+00 -1.900572483432613e-03 -9.475491850947745e-04 -1.007666417057123e+00
17 10 -1.000289588975893e+00 -1.901327589342696e-03 -9.472957627064356e-04 -1.007663509284150e+00
17 11 -1.000289935754751e+00 -1.901971451558509e-03 -9.471744009569696e-04 -1.007660893490945e+00
17 12 -1.000290251639262e+00 -1.902499503532803e-03 -9.471808099574542e-04 -1.007658590639418e+00
17 13 -1.000290534276235e+00 -1.902908399862756e-03 -9.473089354954209e-04 -1.007656618714886e+00
17 14 -1.000290781493486e+00 -1.903195997924376e-03 -9.475511893319446e-04 -1.007654992676219e+00
17 15 -1.000290991305667e+00 -1.903361330950209e-03 -9.478986892406627e-04 -1.007653724418987e+00
17 16 -1.000291161924623e+00 -1.903404570063948e-03 -9.483415167103910e-04 -1.007652822757631e+00
17 17 -1.000291291772013e+00 -1.903326971280898e-03 -9.488690006043312e-04 -1.007652293437523e+00
17 18 -1.000291379492271e+00 -1.903130803560645e-03 -9.494700295670037e-04 -1.007652139189062e+00
17 19 -1.000291423965482e+00 -1.902819257439465e-03 -9.501333857696188e-04 -1.007652359827987e+00
17 20 -1.000291424321997e+00 -1.902396340710272e-03 -9.508480809199290e-04 -1.007652952387914e+00
17 21 -1.000291379961925e+00 -1.901866773826568e-03 -9.516036683018650e-04 -1.007653911254448e+00
17 22 -1.000291290581958e+00 -1.901235898192437e-03 -9.523905067270299e-04 -1.007655228269066e+00
17 23 -1.000291156209564e+00 -1.900509605393162e-03 -9.531999621303480e-04 -1.007656892785164e+00
17 24 -1.000290977242207e+00 -1.899694289340842e-03 -9.540245434467668e-04 -1.007658891674974e+00
17 25 -1.000290754487731e+00 -1.898796819155759e-03 -9.548579762598844e-04 -1.007661209297370e+00
17 26 -1.000290489201067e+00 -1.897824527350312e-03 -9.556952202618194e-04 -1.007663827446516e+00
17 27 -1.000290183112153e+00 -1.896785204951946e-03 -9.565324360718588e-04 -1.007666725311328e+00
17 28 -1.000289838441019e+00 -1.895687095040089e-03 -9.573669034928844e-04 -1.007669879476410e+00
17 29 -1.000289457898685e+00 -1.894538880202878e-03 -9.581968882815065e-04 -1.007673263980943e+00
17 30 -1.000289044675256e+00 -1.893349664373944e-03 -9.590214527160068e-04 -1.007676850433134e+00
17 31 -1.000288602417594e+00 -1.892128950913703e-03 -9.598402103893009e-04 -1.007680608169497e+00
17 32 -1.000288135198206e+00 -1.890886616607145e-03 -9.606530354759918e-04 -1.007684504451957e+00
17 33 -1.000287647475963e+00 -1.889632879168113e-03 -9.614597453344429e-04 -1.007688504700445e+00
17 34 -1.000287144049006e+00 -1.888378256039906e-03 -9.622597794896357e-04 -1.007692572757670e+00
17 35 -1.000286630000448e+00 -1.887133513648339e-03 -9.630518983635660e-04 -1.007696671179935e+00
17 36 -1.000286110637922e+00 -1.885909607402783e-03 -9.638339220419662e-04 -1.007700761547572e+00
17 37 -1.000285591428616e+00 -1.884717613702147e-03 -9.646025225339617e-04 -1.007704804789410e+00
17 38 -1.000285077931987e+00 -1.883568655815826e-03 -9.653530747516071e-04 -1.007708761516106e+00
17 39 -1.000284575732171e+00 -1.882473824639331e-03 -9.660795669672711e-04 -1.007712592359917e+00
17 40 -1.000284090371046e+00 -1.881444092783166e-03 -9.667745732942356e-04 -1.007716258324975e+00
17 41 -1.000283627281404e+00 -1.880490217854753e-03 -9.674292956165026e-04 -1.007719721159041e+00
17 42 -1.000283191718608e+00 -1.879622629725574e-03 -9.680336855372554e-04 -1.007722943760533e+00
17 43 -1.000282788688911e+00 -1.878851297462731e-03 -9.685766562109017e-04 -1.007725890631929e+00
17 44 -1.000282422873684e+00 -1.878185574696569e-03 -9.690463888553259e-04 -1.007728528381582e+00
17 45 -1.000282098551103e+00 -1.877634027519202e-03 -9.694307283900049e-04 -1.007730826261098e+00
17 46 -1.000281819519286e+00 -1.877204254476382e-03 -9.697176483355994e-04 -1.007732756710849e+00
17 47 -1.000281589025887e+00 -1.876902710178944e-03 -9.698957529071441e-04 -1.007734295882205e+00
17 48 -1.000281409708172e+00 -1.876734541428068e-03 -9.699547805647745e-04 -1.007735424113624e+00
17 49 -1.000281283545705e+00 -1.876703440750138e-03 -9.698860783498987e-04 -1.007736126348912e+00
17 50 -1.000281211826503e+00 -1.876811520356296e-03 -9.696830248851856e-04 -1.007736392490031e+00
17 51 -1.000281195126741e+00 -1.877059209525818e-03 -9.693413878571122e-04 -1.007736217675572e+00
17 52 -1.000281233303611e+00 -1.877445178406747e-03 -9.688596083358461e-04 -1.007735602475373e+00
17 53 -1.000281325500987e+00 -1.877966291788973e-03 -9.682390080919317e-04 -1.007734552990131e+00
17 54 -1.000281470168731e+00 -1.878617598983934e-03 -9.674839145418303e-04 -1.007733080837850e+00
17 55 -1.000281665097813e+00 -1.879392368455542e-03 -9.666016923442664e-04 -1.007731203003555e+00
17 56 -1.000281907472977e+00 -1.880282173888413e-03 -9.656026677552112e-04 -1.007728941537757e+00
17 57 -1.000282193942142e+00 -1.881277031432124e-03 -9.644999370644139e-04 -1.007726323112656e+00
17 58 -1.000282520698911e+00 -1.882365580687992e-03 -9.633090616702439e-04 -1.007723378466921e+00
17 59 -1.000282883573196e+00 -1.883535298573225e-03 -9.620476635552153e-04 -1.007720141778027e+00
17 60 -1.000283278124496e+00 -1.884772734364929e-03 -9.607349435381080e-04 -1.007716650000131e+00
17 61 -1.000283699732209e+00 -1.886063753365387e-03 -9.593911516578345e-04 -1.007712942204449e+00
17 62 -1.000284143677673e+00 -1.887393776486493e-03 -9.580370432477687e-04 -1.007709058955675e+00
17 63 -1.000284605214498e+00 -1.888748005952678e-03 -9.566933519059023e-04 -1.007705041745669e+00
18 0 -1.000285567915862e+00 -1.890928339759797e-03 -9.521264884128707e-04 -1.007699136132071e+00
18 1 -1.000286058633865e+00 -1.892303544937967e-03 -9.508573608104209e-04 -1.007694921158056e+00
18 2 -1.000286553070425e+00 -1.893659500620045e-03 -9.496559483878326e-04 -1.007690697319046e+00
18 3 -1.000287046782424e+00 -1.894982294542945e-03 -9.485385529951298e-04 -1.007686505682947e+00
18 4 -1.000287535496443e+00 -1.896258646182422e-03 -9.475195204132368e-04 -1.007682386204739e+00
18 5 -1.000288015129442e+00 -1.897476035656885e-03 -9.466110062498511e-04 -1.007678377409909e+00
18 6 -1.000288481805029e+00 -1.898622824032322e-03 -9.458227973135822e-04 -1.007674516088422e+00
18 7 -1.000288931864506e+00 -1.899688362935222e-03 -9.451621977548308e-04 -1.007670837002885e+00
18 8 -1.000289361871647e+00 -1.900663088772704e-03 -9.446339900255071e-04 -1.007667372621199e+00
18 9 -1.000289768610962e+00 -1.901538596069276e-03 -9.442404755160165e-04 -1.007664152886368e+00
18 10 -1.000290149080669e+00 -1.902307686416553e-03 -9.439815890958514e-04 -1.007661205032810e+00
18 11 -1.000290500482956e+00 -1.902964393780547e-03 -9.438550707647382e-04 -1.007658553449695e+00
18 12 -1.000290820214965e+00 -1.903503990841655e-03 -9.438566725086129e-04 -1.007656219582405e+00
18 13 -1.000291105863604e+00 -1.903922982061098e-03 -9.439803818380543e-04 -1.007654221859600e+00
18 14 -1.000291355206086e+00 -1.904219087296996e-03 -9.442186526822759e-04 -1.007652575636702e+00
18 15 -1.000291566216501e+00 -1.904391216983890e-03 -9.445626443369947e-04 -1.007651293152564e+00
18 16 -1.000291737077287e+00 -1.904439437204122e-03 -9.450024762171781e-04 -1.007650383502577e+00
18 17 -1.000291866193405e+00 -1.904364920501350e-03 -9.455275080318214e-04 -1.007649852638905e+00
18 18 -1.000291952206961e+00 -1.904169877583428e-03 -9.461266501141379e-04 -1.007649703412443e+00
18 19 -1.000291994011411e+00 -1.903857468716953e-03 -9.467886973817007e-04 -1.007649935663239e+00
18 20 -1.000291990766766e+00 -1.903431701021891e-03 -9.475026673607806e-04 -1.007650546346874e+00
18 21 -1.000291941918687e+00 -1.902897324004038e-03 -9.482581151389199e-04 -1.007651529667641e+00
18 22 -1.000291847223812e+00 -1.902259736125279e-03 -9.490454002368046e-04 -1.007652877188155e+00
18 23 -1.000291706781631e+00 -1.901524910910267e-03 -9.498558899071507e-04 -1.007654577896659e+00
18 24 -1.000291521071192e+00 -1.900699345872965e-03 -9.506820943629208e-04 -1.007656618226759e+00
18 25 -1.000291290989276e+00 -1.899790033021019e-03 -9.515177376505334e-04 -1.007658982036107e+00
18 26 -1.000291017885335e+00 -1.898804445207389e-03 -9.523577719849904e-04 -1.007661650564054e+00
18 27 -1.000290703587893e+00 -1.897750529179248e-03 -9.531983428938061e-04 -1.007664602399987e+00
18 28 -1.000290350418213e+00 -1.896636696645809e-03 -9.540367077275541e-04 -1.007667813493434e+00
18 29 -1.000289961189812e+00 -1.895471809213505e-03 -9.548711040521660e-04 -1.007671257221684e+00
18 30 -1.000289539194998e+00 -1.894265157675900e-03 -9.557005624009102e-04 -1.007674904513040e+00
18 31 -1.000289088180684e+00 -1.893026437308975e-03 -9.565246627605448e-04 -1.007678724016335e+00
18 32 -1.000288612315260e+00 -1.891765719102367e-03 -9.573432437411999e-04 -1.007682682309263e+00
18 33 -1.000288116147611e+00 -1.890493415108802e-03 -9.581560827743113e-04 -1.007686744141013e+00
18 34 -1.000287604558847e+00 -1.889220235695582e-03 -9.589625715637812e-04 -1.007690872705024e+00
18 35 -1.000287082707314e+00 -1.887957137123506e-03 -9.597614122228957e-04 -1.007695029937142e+00
18 36 -1.000286555967776e+00 -1.886715259295930e-03 -9.605503556521902e-04 -1.007699176833706e+00
18 37 -1.000286029866439e+00 -1.885505855312613e-03 -9.613259956184879e-04 -1.007703273782661e+00
18 38 -1.000285510014000e+00 -1.884340215215933e-03 -9.620836232638753e-04 -1.007707280901074e+00
18 39 -1.000285002038475e+00 -1.883229584947511e-03 -9.628171420349798e-04 -1.007711158377347e+00
18 40 -1.000284511518538e+00 -1.882185078958796e-03 -9.635190440485275e-04 -1.007714866823443e+00
18 41 -1.000284043916905e+00 -1.881217582833931e-03 -9.641804534680256e-04 -1.007718367647306e+00
18 42 -1.000283604512449e+00 -1.880337641118340e-03 -9.647912469235002e-04 -1.007721623457810e+00
18 43 -1.000283198329263e+00 -1.879555325395598e-03 -9.653402623953458e-04 -1.007724598514498e+00
18 44 -1.000282830061579e+00 -1.878880080042775e-03 -9.658156037653115e-04 -1.007727259227673e+00
18 45 -1.000282503995843e+00 -1.878320549034314e-03 -9.662050370347144e-04 -1.007729574697941e+00
18 46 -1.000282223933994e+00 -1.877884393816001e-03 -9.664964586327573e-04 -1.007731517266112e+00
18 47 -1.000281993123166e+00 -1.877578114716284e-03 -9.666784031448307e-04 -1.007733063039070e+00
18 48 -1.000281814195857e+00 -1.877406885458924e-03 -9.667405532601265e-04 -1.007734192367322e+00
18 49 -1.000281689122651e+00 -1.877374406083913e-03 -9.666742190637193e-04 -1.007734890262365e+00
18 50 -1.000281619178380e+00 -1.877482777622222e-03 -9.664727626835282e-04 -1.007735146745889e+00
18 51 -1.000281604921993e+00 -1.877732401524931e-03 -9.661319537793446e-04 -1.007734957121839e+00
18 52 -1.000281646189760e+00 -1.878121906272759e-03 -9.656502493929402e-04 -1.007734322163088e+00
18 53 -1.000281742101304e+00 -1.878648103852909e-03 -9.650289960482561e-04 -1.007733248203846e+00
18 54 -1.000281891079098e+00 -1.879305981540509e-03 -9.642725504766845e-04 -1.007731747121399e+00
18 55 -1.000282090883539e+00 -1.880088737352939e-03 -9.633883094624543e-04 -1.007729836183834e+00
18 56 -1.000282338665374e+00 -1.880987866115321e-03 -9.623866352532391e-04 -1.007727537748131e+00
18 57 -1.000282631034864e+00 -1.881993296644295e-03 -9.612806663467007e-04 -1.007724878815615e+00
18 58 -1.000282964144189e+00 -1.883093573440476e-03 -9.600860138304239e-04 -1.007721890473816e+00
18 59 -1.000283333778111e+00 -1.884276072172399e-03 -9.588203558263900e-04 -1.007718607263575e+00
18 60 -1.000283735447388e+00 -1.885527236615957e-03 -9.575029529931156e-04 -1.007715066511264e+00
18 61 -1.000284164479238e+00 -1.886832823828278e-03 -9.561541154933126e-04 -1.007711307664931e+00
18 62 -1.000284616099635e+00 -1.888178144757217e-03 -9.547946555443759e-04 -1.007707371668153e+00
18 63 -1.000285085504041e+00 -1.889548290572981e-03 -9.534453574741750e-04 -1.007703300392333e+00
19 0 -1.000286009194473e+00 -1.891767943748213e-03 -9.485920710073418e-04 -1.007697419200391e+00
19 1 -1.000286507691042e+00 -1.893159004084881e-03 -9.473189890326058e-04 -1.007693150821740e+00
19 2 -1.000287010009934e+00 -1.894531335504205e-03 -9.461131888251315e-04 -1.007688872638159e+00
19 3 -1.000287511642139e+00 -1.895870908235152e-03 -9.449909919623322e-04 -1.007684626117126e+00
19 4 -1.000288008243718e+00 -1.897164313269730e-03 -9.439667723437618e-04 -1.007680451642704e+00
19 5 -1.000288495655917e+00 -1.898398889499258e-03 -9.430527236653362e-04 -1.007676388204235e+00
19 6 -1.000288969921202e+00 -1.899562842911680e-03 -9.422586807832794e-04 -1.007672473093879e+00
19 7 -1.000289427294983e+00 -1.900645356902150e-03 -9.415920036854810e-04 -1.007668741612713e+00
19 8 -1.000289864252132e+00 -1.901636689244551e-03 -9.410575346880098e-04 -1.007665226794701e+00
19 9 -1.000290277487671e+00 -1.902528249406377e-03 -9.406576356473203e-04 -1.007661959163807e+00
19 10 -1.000290663912327e+00 -1.903312651814865e-03 -9.403923010229097e-04 -1.007658966536320e+00
19 11 -1.000291020645220e+00 -1.903983745375536e-03 -9.402593299778553e-04 -1.007656273870227e+00
19 12 -1.000291345006848e+00 -1.904536623564711e-03 -9.402545345884886e-04 -1.007653903153947e+00
19 13 -1.000291634515309e+00 -1.904967620475656e-03 -9.403719647364256e-04 -1.007651873323274e+00
19 14 -1.000291886887804e+00 -1.905274296851126e-03 -9.406041395951713e-04 -1.007650200196940e+00
19 15 -1.000292100048086e+00 -1.905455417816211e-03 -9.409422855287704e-04 -1.007648896425492e+00
19 16 -1.000292272139042e+00 -1.905510921099159e-03 -9.413765878516224e-04 -1.007647971455113e+00
19 17 -1.000292401538316e+00 -1.905441871474390e-03 -9.418964671292884e-04 -1.007647431516954e+00
19 18 -1.000292486874616e+00 -1.905250396261938e-03 -9.424908865515037e-04 -1.007647279657047e+00
19 19 -1.000292527043571e+00 -1.904939600292516e-03 -9.431486849548015e-04 -1.007647515814681e+00
19 20 -1.000292521223957e+00 -1.904513465699417e-03 -9.438589158799410e-04 -1.007648136939944e+00
19 21 -1.000292468896597e+00 -1.903976747826192e-03 -9.446111649125282e-04 -1.007649137125298e+00
19 22 -1.000292369868203e+00 -1.903334879911634e-03 -9.453958193874586e-04 -1.007650507721632e+00
19 23 -1.000292224301057e+00 -1.902593896221486e-03 -9.462042735864921e-04 -1.007652237416343e+00
19 24 -1.000292032747417e+00 -1.901760378208589e-03 -9.470290636390698e-04 -1.007654312264123e+00
19 25 -1.000291796185504e+00 -1.900841422681225e-03 -9.478639358508348e-04 -1.007656715676210e+00
19 26 -1.000291516052387e+00 -1.899844625800791e-03 -9.487038578121033e-04 -1.007659428388967e+00
19 27 -1.000291194268648e+00 -1.898778073735837e-03 -9.495449813972392e-04 -1.007662428442521e+00
19 28 -1.000290833250782e+00 -1.897650331623690e-03 -9.503845609789711e-04 -1.007665691198906e+00
19 29 -1.000290435909571e+00 -1.896470426465960e-03 -9.512208232053881e-04 -1.007669189416565e+00
19 30 -1.000290005635114e+00 -1.895247823756744e-03 -9.520527822241360e-04 -1.007672893382512e+00
19 31 -1.000289546270628e+00 -1.893992399459617e-03 -9.528799986385453e-04 -1.007676771093522e+00
19 32 -1.000289062077305e+00 -1.892714408175601e-03 -9.537022896031354e-04 -1.007680788476108e+00
19 33 -1.000288557691698e+00 -1.891424446410896e-03 -9.545194074611373e-04 -1.007684909638306e+00
19 34 -1.000288038076297e+00 -1.890133408406030e-03 -9.553307118956797e-04 -1.007689097149774e+00
19 35 -1.000287508463713e+00 -1.888852432177876e-03 -9.561348630118684e-04 -1.007693312347172e+00
19 36 -1.000286974295489e+00 -1.887592835365171e-03 -9.569295585374611e-04 -1.007697515659187e+00
19 37 -1.000286441157225e+00 -1.886366042763675e-03 -9.577113289943060e-04 -1.007701666942993e+00
19 38 -1.000285914712010e+00 -1.885183508124839e-03 -9.584753950992424e-04 -1.007705725825466e+00
19 39 -1.000285400633638e+00 -1.884056631330752e-03 -9.592155865445807e-04 -1.007709652048106e+00
19 40 -1.000284904540249e+00 -1.882996669720321e-03 -9.599243219140187e-04 -1.007713405820717e+00
19 41 -1.000284431928077e+00 -1.882014640336757e-03 -9.605926538024277e-04 -1.007716948193222e+00
19 42 -1.000283988104039e+00 -1.881121208281033e-03 -9.612103883373547e-04 -1.007720241458195e+00
19 43 -1.000283578115333e+00 -1.880326555684005e-03 -9.617662911967357e-04 -1.007723249597833e+00
19 44 -1.000283206674921e+00 -1.879640227987667e-03 -9.622483892884209e-04 -1.007725938782534e+00
19 45 -1.000282878084046e+00 -1.879070960225334e-03 -9.626443662394768e-04 -1.007728277911305e+00
19 46 -1.000282596155719e+00 -1.878626493006772e-03 -9.629420332881762e-04 -1.007730239165530e+00
19 47 -1.000282364144316e+00 -1.878313391185101e-03 -9.631298424605630e-04 -1.007731798540476e+00
19 48 -1.000282184685585e+00 -1.878136876051019e-03 -9.631974029630287e-04 -1.007732936326945e+00
19 49 -1.000282059749382e+00 -1.878100677420614e-03 -9.631359656722073e-04 -1.007733637528526e+00
19 50 -1.000281990605974e+00 -1.878206908933107e-03 -9.629388502673606e-04 -1.007733892207125e+00
19 51 -1.000281977805979e+00 -1.878455968906473e-03 -9.626018001190733e-04 -1.007733695750165e+00
19 52 -1.000282021173610e+00 -1.878846468907626e-03 -9.621232588055895e-04 -1.007733049052051e+00
19 53 -1.000282119812936e+00 -1.879375192700959e-03 -9.615045671994408e-04 -1.007731958600453e+00
19 54 -1.000282272127705e+00 -1.880037090304885e-03 -9.607500795228274e-04 -1.007730436452404e+00
19 55 -1.000282475856440e+00 -1.880825314384461e-03 -9.598671911086877e-04 -1.007728500079853e+00
19 56 -1.000282728124519e+00 -1.881731305860129e-03 -9.588662649373542e-04 -1.007726172069112e+00
19 57 -1.000283025512986e+00 -1.882744930656717e-03 -9.577604450163995e-04 -1.007723479676958e+00
19 58 -1.000283364140969e+00 -1.883854662178272e-03 -9.565653543680373e-04 -1.007720454269223e+00
19 59 -1.000283739756481e+00 -1.885047798356553e-03 -9.552986892675167e-04 -1.007717130682553e+00
19 60 -1.000284147829750e+00 -1.886310699828474e-03 -9.539797332463300e-04 -1.007713546552890e+00
19 61 -1.000284583643519e+00 -1.887629035925175e-03 -9.526288217074222e-04 -1.007709741649524e+00
19 62 -1.000285042375498e+00 -1.888988026306147e-03 -9.512667912921729e-04 -1.007705757246200e+00
19 63 -1.000285519169565e+00 -1.890372668290343e-03 -9.499144468320027e-04 -1.007701635550588e+00
20 0 -1.000286399711565e+00 -1.892621910340672e-03 -9.448122164389831e-04 -1.007695798517518e+00
20 1 -1.000286905609494e+00 -1.894027695731712e-03 -9.435372884247138e-04 -1.007691479453765e+00
20 2 -1.000287415530795e+00 -1.895415511815419e-03 -9.423289265228337e-04 -1.007687148882915e+00
20 3 -1.000287924904494e+00 -1.896771221412324e-03 -9.412034503030865e-04 -1.007682848653107e+00
20 4 -1.000288429319155e+00 -1.898081294643835e-03 -9.401752436274328e-04 -1.007678619565940e+00
20 5 -1.000288924542272e+00 -1.899332933950941e-03 -9.392565246366771e-04 -1.007674501071252e+00
20 6 -1.000289406535992e+00 -1.900514192084134e-03 -9.384571675334752e-04 -1.007670530968159e+00
20 7 -1.000289871469395e+00 -1.901614082845977e-03 -9.377845848509382e-04 -1.007666745109361e+00
20 8 -1.000290315726573e+00 -1.902622680422212e-03 -9.372436812598823e-04 -1.007663177117408e+00
20 9 -1.000290735909636e+00 -1.903531200719548e-03 -9.368368868379682e-04 -1.007659858129245e+00
20 10 -1.000291128836960e+00 -1.904332059519365e-03 -9.365642672923444e-04 -1.007656816583146e+00
20 11 -1.000291491538515e+00 -1.905018906709359e-03 -9.364236954434154e-04 -1.007654078052602e+00
20 12 -1.000291821251015e+00 -1.905586640288889e-03 -9.364110606268181e-04 -1.007651665121680e+00
20 13 -1.000292115415768e+00 -1.906031405665499e-03 -9.365204950112238e-04 -1.007649597290966e+00
20 14 -1.000292371681361e+00 -1.906350584705686e-03 -9.367446053722527e-04 -1.007647890903508e+00
20 15 -1.000292587912101e+00 -1.906542776409098e-03 -9.370747096937234e-04 -1.007646559084818e+00
20 16 -1.000292762201622e+00 -1.906607768104492e-03 -9.375010861493843e-04 -1.007645611697982e+00
20 17 -1.000292892889882e+00 -1.906546493388445e-03 -9.380132455140504e-04 -1.007645055322749e+00
20 18 -1.000292978581307e+00 -1.906360971958016e-03 -9.386002345464046e-04 -1.007644893272270e+00
20 19 -1.000293018162553e+00 -1.906054228937477e-03 -9.392509665356412e-04 -1.007645125657533e+00
20 20 -1.000293010819925e+00 -1.905630197455960e-03 -9.399545604686662e-04 -1.007645749495471e+00
20 21 -1.000292956058224e+00 -1.905093614922164e-03 -9.407006605614827e-04 -1.007646758839002e+00
20 22 -1.000292853723444e+00 -1.904449926277729e-03 -9.414797086033252e-04 -1.007648144897996e+00
20 23 -1.000292704030646e+00 -1.903705204928594e-03 -9.422831507818176e-04 -1.007649896125594e+00
20 24 -1.000292507596139e+00 -1.902866096290996e-03 -9.431035725148454e-04 -1.007651998259465e+00
20 25 -1.000292265471030e+00 -1.901939782995716e-03 -9.439347649332573e-04 -1.007654434323566e+00
20 26 -1.000291979171874e+00 -1.900933966109466e-03 -9.447717329377574e-04 -1.007657184609021e+00
20 27 -1.000291650703751e+00 -1.899856853758187e-03 -9.456106553681178e-04 -1.007660226661978e+00
20 28 -1.000291282571546e+00 -1.898717148442840e-03 -9.464488022477986e-04 -1.007663535308324e+00
20 29 -1.000290877777152e+00 -1.897524027723801e-03 -9.472844060038206e-04 -1.007667082735609e+00
20 30 -1.000290439802884e+00 -1.896287117784877e-03 -9.481164795791285e-04 -1.007670838635233e+00
20 31 -1.000289972583449e+00 -1.895016462146792e-03 -9.489445781607882e-04 -1.007674770394686e+00
20 32 -1.000289480468987e+00 -1.893722487007299e-03 -9.497685107659791e-04 -1.007678843327725e+00
20 33 -1.000288968180769e+00 -1.892415962173110e-03 -9.505880184672434e-04 -1.007683020935582e+00
20 34 -1.000288440760320e+00 -1.891107954991164e-03 -9.514024441806254e-04 -1.007687265195822e+00
20 35 -1.000287903512749e+00 -1.889809775030292e-03 -9.522104224221903e-04 -1.007691536874567e+00
20 36 -1.000287361945379e+00 -1.888532908851528e-03 -9.530096141628256e-04 -1.007695795855913e+00
20 37 -1.000286821703109e+00 -1.887288946067100e-03 -9.537965021797977e-04 -1.007700001482148e+00
20 38 -1.000286288502074e+00 -1.886089499063117e-03 -9.545662510132663e-04 -1.007704112899414e+00
20 39 -1.000285768063121e+00 -1.884946118298072e-03 -9.553126291975957e-04 -1.007708089406051e+00
20 40 -1.000285266045929e+00 -1.883870202825342e-03 -9.560279921000649e-04 -1.007711890806252e+00
20 41 -1.000284787983398e+00 -1.882872902721356e-03 -9.567033286135846e-04 -1.007715477779088e+00
20 42 -1.000284339214698e+00 -1.881965007942727e-03 -9.573283803005543e-04 -1.007718812278362e+00
20 43 -1.000283924815159e+00 -1.881156817846775e-03 -9.578918449145759e-04 -1.007721857978120e+00
20 44 -1.000283549522127e+00 -1.880457988006185e-03 -9.583816746565597e-04 -1.007724580770133e+00
20 45 -1.000283217657973e+00 -1.879877356378869e-03 -9.587854697422590e-04 -1.007726949304255e+00
20 46 -1.000282933053819e+00 -1.879422757700125e-03 -9.590909507681608e-04 -1.007728935545439e+00
20 47 -1.000282698978944e+00 -1.879100839286557e-03 -9.592864766105270e-04 -1.007730515311742e+00
20 48 -1.000282518080462e+00 -1.878916890482469e-03 -9.593615670342230e-04 -1.007731668761890e+00
20 49 -1.000282392335930e+00 -1.878874693286687e-03 -9.593073929422162e-04 -1.007732380814436e+00
20 50 -1.000282323019680e+00 -1.878976397550161e-03 -9.591172072777147e-04 -1.007732641491538e+00
20 51 -1.000282310682742e+00 -1.879222422729800e-03 -9.587867005396611e-04 -1.007732446182716e+00
20 52 -1.000282355146109e+00 -1.879611388257140e-03 -9.583142745290673e-04 -1.007731795821647e+00
20 53 -1.000282455507183e+00 -1.880140074861495e-03 -9.577012346546433e-04 -1.007730696966812e+00
20 54 -1.000282610159802e+00 -1.880803420548340e-03 -9.569519016969360e-04 -1.007729161773211e+00
20 55 -1.000282816829265e+00 -1.881594557595396e-03 -9.560736376405443e-04 -1.007727207837056e+00
20 56 -1.000283072624108e+00 -1.882504897826540e-03 -9.550767727795217e-04 -1.007724857896541e+00
20 57 -1.000283374104741e+00 -1.883524269218020e-03 -9.539744210802732e-04 -1.007722139387933e+00
20 58 -1.000283717365880e+00 -1.884641098893735e-03 -9.527821803246186e-04 -1.007719083881620e+00
20 59 -1.000284098127303e+00 -1.885842630937833e-03 -9.515177276607544e-04 -1.007715726440843e+00
20 60 -1.000284511826939e+00 -1.887115165301352e-03 -9.502003333015965e-04 -1.007712104947862e+00
20 61 -1.000284953711023e+00 -1.888444304743289e-03 -9.488503230604377e-04 -1.007708259435345e+00
20 62 -1.000285418916692e+00 -1.889815197603689e-03 -9.474885247142511e-04 -1.007704231454097e+00
20 63 -1.000285902543397e+00 -1.891212765675218e-03 -9.461357325402716e-04 -1.007700063500978e+00
21 0 -1.000286736292872e+00 -1.893481691732355e-03 -9.408249620467338e-04 -1.007694289074837e+00
21 1 -1.000287249137392e+00 -1.894900923655578e-03 -9.395503227282977e-04 -1.007689922550391e+00
21 2 -1.000287766299488e+00 -1.896303173485810e-03 -9.383412705438128e-04 -1.007685542083484e+00
21 3 -1.000288283150853e+00 -1.897674207948338e-03 -9.372141005814745e-04 -1.007681189879978e+00
21 4 -1.000288795216257e+00 -1.899000385081650e-03 -9.361831875173795e-04 -1.007676907143898e+00
21 5 -1.000289298192210e+00 -1.900268777015828e-03 -9.352607590217651e-04 -1.007672733778030e+00
21 6 -1.000289787962415e+00 -1.901467286902656e-03 -9.344567183143361e-04 -1.007668708087409e+00
21 7 -1.000290260610455e+00 -1.902584759867036e-03 -9.337785251345607e-04 -1.007664866482302e+00
21 8 -1.000290712429108e+00 -1.903611084191186e-03 -9.332311466856778e-04 -1.007661243188347e+00
21 9 -1.000291139925530e+00 -1.904537276484278e-03 -9.328170868957521e-04 -1.007657869979079e+00
21 10 -1.000291539822276e+00 -1.905355545003158e-03 -9.325364928409603e-04 -1.007654775946587e+00
21 11 -1.000291909055388e+00 -1.906059329001550e-03 -9.323873244451460e-04 -1.007651987318858e+00
21 12 -1.000292244771869e+00 -1.906643317006703e-03 -9.323655644399397e-04 -1.007649527320889e+00
21 13 -1.000292544329337e+00 -1.907103449773677e-03 -9.324654459492704e-04 -1.007647416068435e+00
21 14 -1.000292805300113e+00 -1.907436912713203e-03 -9.326796844631165e-04 -1.007645670483143e+00
21 15 -1.000293025480683e+00 -1.907642119593165e-03 -9.329997130886024e-04 -1.007644304223437e+00
21 16 -1.000293202906287e+00 -1.907718686664826e-03 -9.334159288033632e-04 -1.007643327631292e+00
21 17 -1.000293335869275e+00 -1.907667394299946e-03 -9.339179607777808e-04 -1.007642747700765e+00
21 18 -1.000293422939212e+00 -1.907490131592995e-03 -9.344949689188313e-04 -1.007642568080584e+00
21 19 -1.000293462982644e+00 -1.907189820365215e-03 -9.351359706789925e-04 -1.007642789124197e+00
21 20 -1.000293455181814e+00 -1.906770320731584e-03 -9.358301792968745e-04 -1.007643407988292e+00
21 21 -1.000293399053791e+00 -1.906236328238557e-03 -9.365673249521566e-04 -1.007644418759859e+00
21 22 -1.000293294472490e+00 -1.905593276463643e-03 -9.373379294454412e-04 -1.007645812579434e+00
21 23 -1.000293141695029e+00 -1.904847256184291e-03 -9.381335145723327e-04 -1.007647577734102e+00
21 24 -1.000292941391656e+00 -1.904004956095072e-03 -9.389467372242272e-04 -1.007649699709890e+00
21 25 -1.000292694676755e+00 -1.903073624709653e-03 -9.397714546025888e-04 -1.007652161207068e+00
21 26 -1.000292403137352e+00 -1.902061048898492e-03 -9.406027294482614e-04 -1.007654942132809e+00
21 27 -1.000292068854690e+00 -1.900975540750503e-03 -9.414367870176150e-04 -1.007658019597301e+00
21 28 -1.000291694414337e+00 -1.899825923158594e-03 -9.422709308769317e-04 -1.007661367945504e+00
21 29 -1.000291282902094e+00 -1.898621507997367e-03 -9.431034154498608e-04 -1.007664958847538e+00
21 30 -1.000290837885955e+00 -1.897372066660010e-03 -9.439332671831376e-04 -1.007668761450467e+00
21 31 -1.000290363386517e+00 -1.896087795835236e-03 -9.447600492770260e-04 -1.007672742579961e+00
21 32 -1.000289863838287e+00 -1.894779280037440e-03 -9.455835752708510e-04 -1.007676866980161e+00
21 33 -1.000289344043499e+00 -1.893457449763456e-03 -9.464035878690571e-04 -1.007681097585420e+00
21 34 -1.000288809119649e+00 -1.892133533216508e-03 -9.472194273997073e-04 -1.007685395818558e+00
21 35 -1.000288264442016e+00 -1.890818999890978e-03 -9.480297184326679e-04 -1.007689721908794e+00
21 36 -1.000287715582222e+00 -1.889525494822676e-03 -9.488321014434510e-04 -1.007694035223953e+00
21 37 -1.000287168243756e+00 -1.888264763556681e-03 -9.496230272030459e-04 -1.007698294613788e+00
21 38 -1.000286628195797e+00 -1.887048570000038e-03 -9.503976185826094e-04 -1.007702458759900e+00
21 39 -1.000286101207029e+00 -1.885888610097938e-03 -9.511495959504514e-04 -1.007706486526645e+00
21 40 -1.000285592980409e+00 -1.884796421855345e-03 -9.518712626862306e-04 -1.007710337313606e+00
21 41 -1.000285109088233e+00 -1.883783288157309e-03 -9.525535531956984e-04 -1.007713971421197e+00
21 42 -1.000284654905624e+00 -1.882860126242968e-03 -9.531861516940176e-04 -1.007717350447614e+00
21 43 -1.000284235540660e+00 -1.882037357831495e-03 -9.537576934948260e-04 -1.007720437732586e+00
21 44 -1.000283855760538e+00 -1.881324756456918e-03 -9.542560598215614e-04 -1.007723198853725e+00
21 45 -1.000283519914932e+00 -1.880731273558505e-03 -9.546687686312291e-04 -1.007725602167129e+00
21 46 -1.000283231859877e+00 -1.880264851551187e-03 -9.549834469881751e-04 -1.007727619367646e+00
21 47 -1.000282994887022e+00 -1.879932237077735e-03 -9.551883524304795e-04 -1.007729226033006e+00
21 48 -1.000282811662951e+00 -1.879738807449351e-03 -9.552729015746979e-04 -1.007730402118229e+00
21 49 -1.000282684181412e+00 -1.879688418823068e-03 -9.552281669442782e-04 -1.007731132379738e+00
21 50 -1.000282613729376e+00 -1.879783280318237e-03 -9.550473127448228e-04 -1.007731406720539e+00
21 51 -1.000282600866914e+00 -1.880023856391945e-03 -9.547259517907913e-04 -1.007731220451410e+00
21 52 -1.000282645420600e+00 -1.880408799074573e-03 -9.542624171033372e-04 -1.007730574462636e+00
21 53 -1.000282746490089e+00 -1.880934911292820e-03 -9.536579502409528e-04 -1.007729475299999e+00
21 54 -1.000282902468090e+00 -1.881597144089841e-03 -9.529168094274805e-04 -1.007727935134436e+00
21 55 -1.000283111075233e+00 -1.882388634103565e-03 -9.520462932642953e-04 -1.007725971606698e+00
21 56 -1.000283369411759e+00 -1.883300789010258e-03 -9.510566675216482e-04 -1.007723607528242e+00
21 57 -1.000283674026115e+00 -1.884323424113865e-03 -9.499609820647745e-04 -1.007720870437088e+00
21 58 -1.000284020997219e+00 -1.885444945109667e-03 -9.487747739155379e-04 -1.007717792033728e+00
21 59 -1.000284406024959e+00 -1.886652565892051e-03 -9.475156653750960e-04 -1.007714407539102e+00
21 60 -1.000284824523145e+00 -1.887932548260894e-03 -9.462028781226857e-04 -1.007710755017926e+00
21 61 -1.000285271709693e+00 -1.889270450188838e-03 -9.448566939090824e-04 -1.007706874705904e+00
21 62 -1.000285742689179e+00 -1.890651369381011e-03 -9.434978985253425e-04 -1.007702808375089e+00
21 63 -1.000286232524020e+00 -1.892060170798384e-03 -9.421472449012328e-04 -1.007698598763048e+00
22 0 -1.000287016347113e+00 -1.894338816049517e-03 -9.366707894545087e-04 -1.007692903930649e+00
22 1 -1.000287535616717e+00 -1.895770092151357e-03 -9.353985546114308e-04 -1.007688493602909e+00
22 2 -1.000288059586059e+00 -1.897185587297624e-03 -9.341906862672650e-04 -1.007684066200471e+00
22 3 -1.000288583574487e+00 -1.898570983840394e-03 -9.330634329432107e-04 -1.007679664262451e+00
22 4 -1.000289103047237e+00 -1.899912537437595e-03 -9.320311406257073e-04 -1.007675329377192e+00
22 5 -1.000289613633447e+00 -1.901197197575724e-03 -9.311060303869882e-04 -1.007671101887913e+00
22 6 -1.000290111141299e+00 -1.902412723274113e-03 -9.302980225776161e-04 -1.007667020598632e+00
22 7 -1.000290591570850e+00 -1.903547793955339e-03 -9.296146170982323e-04 -1.007663122476703e+00
22 8 -1.000291051124336e+00 -1.904592112169849e-03 -9.290608417798372e-04 -1.007659442357753e+00
22 9 -1.000291486213349e+00 -1.905536492310326e-03 -9.286392777174564e-04 -1.007656012666826e+00
22 10 -1.000291893462594e+00 -1.906372928993338e-03 -9.283501615512855e-04 -1.007652863172953e+00
22 11 -1.000292269710787e+00 -1.907094641803479e-03 -9.281915524308684e-04 -1.007650020789381e+00
22 12 -1.000292612010599e+00 -1.907696098377658e-03 -9.281595414084794e-04 -1.007647509419189e+00
22 13 -1.000292917630286e+00 -1.908173021391940e-03 -9.282484797432615e-04 -1.007645349835762e+00
22 14 -1.000293184059256e+00 -1.908522384436479e-03 -9.284512112240926e-04 -1.007643559586765e+00
22 15 -1.000293409018643e+00 -1.908742398817823e-03 -9.287593062895933e-04 -1.007642152915729e+00
22 16 -1.000293590476882e+00 -1.908832490864784e-03 -9.291633053792863e-04 -1.007641140700005e+00
22 17 -1.000293726669426e+00 -1.908793267414301e-03 -9.296529827454964e-04 -1.007640530408613e+00
22 18 -1.000293816120706e+00 -1.908626465111591e-03 -9.302176396290295e-04 -1.007640326091271e+00
22 19 -1.000293857665954e+00 -1.908334879262908e-03 -9.308464264343182e-04 -1.007640528413968e+00
22 20 -1.000293850471582e+00 -1.907922273179384e-03 -9.315286787335795e-04 -1.007641134745896e+00
22 21 -1.000293794055033e+00 -1.907393277114882e-03 -9.322542389425685e-04 -1.007642139280796e+00
22 22 -1.000293688306416e+00 -1.906753290568909e-03 -9.330137330409999e-04 -1.007643533161307e+00
22 23 -1.000293533513434e+00 -1.906008399566042e-03 -9.337987808070638e-04 -1.007645304578927e+00
22 24 -1.000293330389219e+00 -1.905165314633169e-03 -9.346021315209608e-04 -1.007647438837132e+00
22 25 -1.000293080101049e+00 -1.904231329799769e-03 -9.354177281539885e-04 -1.007649918378641e+00
22 26 -1.000292784296789e+00 -1.903214298515585e-03 -9.362407101213460e-04 -1.007652722789371e+00
22 27 -1.000292445124760e+00 -1.902122618279886e-03 -9.370673673066021e-04 -1.007655828804318e+00
22 28 -1.000292065242525e+00 -1.900965214205676e-03 -9.378950540958997e-04 -1.007659210347500e+00
22 29 -1.000291647811700e+00 -1.899751515064349e-03 -9.387220625926949e-04 -1.007662838629606e+00
22 30 -1.000291196478776e+00 -1.898491421255317e-03 -9.395474466057809e-04 -1.007666682307534e+00
22 31 -1.000290715344009e+00 -1.897195267475118e-03 -9.403707898942609e-04 -1.007670707695624e+00
22 32 -1.000290208920844e+00 -1.895873781931545e-03 -9.411919225291621e-04 -1.007674879016611e+00
22 33 -1.000289682087843e+00 -1.894538041654120e-03 -9.420106009501334e-04 -1.007679158683747e+00
22 34 -1.000289140034822e+00 -1.893199422349345e-03 -9.428261757078523e-04 -1.007683507606709e+00
22 35 -1.000288588204561e+00 -1.891869540985232e-03 -9.436372755202400e-04 -1.007687885514513e+00
22 36 -1.000288032231019e+00 -1.890560189342761e-03 -9.444415356852235e-04 -1.007692251291481e+00
22 37 -1.000287477874870e+00 -1.889283258133556e-03 -9.452353904853208e-04 -1.007696563323621e+00
22 38 -1.000286930957707e+00 -1.888050653832862e-03 -9.460139355512895e-04 -1.007700779850311e+00
22 39 -1.000286397296485e+00 -1.886874211433271e-03 -9.467708558199055e-04 -1.007704859315316e+00
22 40 -1.000285882638926e+00 -1.885765603941241e-03 -9.474984138216592e-04 -1.007708760718101e+00
22 41 -1.000285392599041e+00 -1.884736245290977e-03 -9.481874991484715e-04 -1.007712443977336e+00
22 42 -1.000284932591027e+00 -1.883797180556773e-03 -9.488277467991791e-04 -1.007715870324638e+00
22 43 -1.000284507759831e+00 -1.882958957141882e-03 -9.494077362203169e-04 -1.007719002744702e+00
22 44 -1.000284122907677e+00 -1.882231472896240e-03 -9.499152826110927e-04 -1.007721806469458e+00
22 45 -1.000283782417580e+00 -1.881623802123379e-03 -9.503378243437568e-04 -1.007724249519542e+00
22 46 -1.000283490177165e+00 -1.881144007366480e-03 -9.506628940717899e-04 -1.007726303268654e+00
22 47 -1.000283249507718e+00 -1.880798950164050e-03 -9.508786424664335e-04 -1.007727942994180e+00
22 48 -1.000283063103124e+00 -1.880594114229989e-03 -9.509743724853176e-04 -1.007729148379259e+00
22 49 -1.000282932981578e+00 -1.880533450611432e-03 -9.509410429905934e-04 -1.007729903943777e+00
22 50 -1.000282860451209e+00 -1.880619250160339e-03 -9.507717098402538e-04 -1.007730199393008e+00
22 51 -1.000282846089813e+00 -1.880852046047616e-03 -9.504618851118274e-04 -1.007730029877808e+00
22 52 -1.000282889738305e+00 -1.881230547285122e-03 -9.500098079389276e-04 -1.007729396162736e+00
22 53 -1.000282990507308e+00 -1.881751603505490e-03 -9.494166299936644e-04 -1.007728304698883e+00
22 54 -1.000283146797011e+00 -1.882410203319490e-03 -9.486865200553209e-04 -1.007726767592012e+00
22 55 -1.000283356331960e+00 -1.883199512542435e-03 -9.478266849532289e-04 -1.007724802446767e+00
22 56 -1.000283616212707e+00 -1.884110959825730e-03 -9.468472956882071e-04 -1.007722432067980e+00
22 57 -1.000283922984250e+00 -1.885134372735233e-03 -9.457613061972021e-04 -1.007719684018049e+00
22 58 -1.000284272718027e+00 -1.886258159789999e-03 -9.445841597190126e-04 -1.007716590054407e+00
22 59 -1.000284661102220e+00 -1.887469528232888e-03 -9.433333897397099e-04 -1.007713185486711e+00
22 60 -1.000285083534734e+00 -1.888754724629061e-03 -9.420281350696027e-04 -1.007709508496619e+00
22 61 -1.000285535213352e+00 -1.890099284122486e-03 -9.406885998244239e-04 -1.007705599461543e+00
22 62 -1.000286011217967e+00 -1.891488274171077e-03 -9.393354960653377e-04 -1.007701500319520e+00
22 63 -1.000286506581316e+00 -1.892906521450957e-03 -9.379895057916394e-04 -1.007697254000463e+00
23 0 -1.000287237863435e+00 -1.895184970523529e-03 -9.323921589726006e-04 -1.007691654164770e+00
23 1 -1.000287762981486e+00 -1.896626790119359e-03 -9.311243814999755e-04 -1.007687204048662e+00
23 2 -1.000288293263183e+00 -1.898054227967078e-03 -9.299195322083385e-04 -1.007682733072359e+00
23 3 -1.000288823980758e+00 -1.899452893952714e-03 -9.287937918974571e-04 -1.007678284082678e+00
23 4 -1.000289350544719e+00 -1.900808951900051e-03 -9.277614584532457e-04 -1.007673899030987e+00
23 5 -1.000289868521218e+00 -1.902109237699287e-03 -9.268347293928455e-04 -1.007669618683829e+00
23 6 -1.000290373646683e+00 -1.903341373342334e-03 -9.260235289958624e-04 -1.007665482332223e+00
23 7 -1.000290861840634e+00 -1.904493877416869e-03 -9.253353888088145e-04 -1.007661527494285e+00
23 8 -1.000291329216779e+00 -1.905556269180482e-03 -9.247753936963272e-04 -1.007657789615322e+00
23 9 -1.000291772091957e+00 -1.906519160491004e-03 -9.243462032264431e-04 -1.007654301778538e+00
23 10 -1.000292186992409e+00 -1.907374328988575e-03 -9.240481496803460e-04 -1.007651094444466e+00
23 11 -1.000292570657526e+00 -1.908114768399459e-03 -9.238794016692034e-04 -1.007648195233686e+00
23 12 -1.000292920042409e+00 -1.908734716847302e-03 -9.238361719046672e-04 -1.007645628755771e+00
23 13 -1.000293232321563e+00 -1.909229668095577e-03 -9.239129454532140e-04 -1.007643416475958e+00
23 14 -1.000293504895969e+00 -1.909596370902911e-03 -9.241027123662019e-04 -1.007641576608077e+00
23 15 -1.000293735404821e+00 -1.909832819095084e-03 -9.243972009164025e-04 -1.007640124026409e+00
23 16 -1.000293921742177e+00 -1.909938232275466e-03 -9.247871180040426e-04 -1.007639070194182e+00
23 17 -1.000294062077937e+00 -1.909913025087757e-03 -9.252624081129776e-04 -1.007638423111189e+00
23 18 -1.000294154881529e+00 -1.909758761040827e-03 -9.258125406084618e-04 -1.007638187290293e+00
23 19 -1.000294198945880e+00 -1.909478086586960e-03 -9.264268263867983e-04 -1.007638363777897e+00
23 20 -1.000294193409859e+00 -1.909074645211268e-03 -9.270947502901795e-04 -1.007638950226614e+00
23 21 -1.000294137779267e+00 -1.908552978954537e-03 -9.278062920901833e-04 -1.007639941008636e+00
23 22 -1.000294031948278e+00 -1.907918430583871e-03 -9.285522048454199e-04 -1.007641327340755e+00
23 23 -1.000293876223133e+00 -1.907177059050315e-03 -9.293242272681464e-04 -1.007643097391013e+00
23 24 -1.000293671348223e+00 -1.906335575179095e-03 -9.301152203781757e-04 -1.007645236350747e+00
23 25 -1.000293418532801e+00 -1.905401298140553e-03 -9.309192309667599e-04 -1.007647726472253e+00
23 26 -1.000293119475276e+00 -1.904382128433506e-03 -9.317314923698619e-04 -1.007650547084835e+00
23 27 -1.000292776381162e+00 -1.903286529701844e-03 -9.325483759877392e-04 -1.007653674612304e+00
23 28 -1.000292391970586e+00 -1.902123510332022e-03 -9.333673033321288e-04 -1.007657082620931e+00
23 29 -1.000291969472301e+00 -1.900902597993838e-03 -9.341866190873105e-04 -1.007660741922285e+00
23 30 -1.000291512603513e+00 -1.899633805297607e-03 -9.350054174457458e-04 -1.007664620739622e+00
23 31 -1.000291025537156e+00 -1.898327588902203e-03 -9.358233143128881e-04 -1.007668684930003e+00
23 32 -1.000290512859379e+00 -1.896994805010893e-03 -9.366401673047605e-04 -1.007672898247187e+00
23 33 -1.000289979519818e+00 -1.895646662061140e-03 -9.374557576204297e-04 -1.007677222632742e+00
23 34 -1.000289430776483e+00 -1.894294669084172e-03 -9.382694574602140e-04 -1.007681618527899e+00
23 35 -1.000288872136487e+00 -1.892950577178197e-03 -9.390799120574439e-04 -1.007686045201774e+00
23 36 -1.000288309293601e+00 -1.891626312081151e-03 -9.398847651779652e-04 -1.007690461092214e+00
23 37 -1.000287748063790e+00 -1.890333897747784e-03 -9.406804490077917e-04 -1.007694824154446e+00
23 38 -1.000287194320063e+00 -1.889085373050964e-03 -9.414620458011570e-04 -1.007699092211802e+00
23 39 -1.000286653927723e+00 -1.887892704300661e-03 -9.422232173452359e-04 -1.007703223304913e+00
23 40 -1.000286132680301e+00 -1.886767694243918e-03 -9.429561958548281e-04 -1.007707176042125e+00
23 41 -1.000285636235397e+00 -1.885721884796915e-03 -9.436518353342414e-04 -1.007710909961761e+00
23 42 -1.000285170049009e+00 -1.884766447980569e-03 -9.442997298574125e-04 -1.007714385922342e+00
23 43 -1.000284739306670e+00 -1.883912058548354e-03 -9.448884103153732e-04 -1.007717566537604e+00
23 44 -1.000284348850407e+00 -1.883168743377579e-03 -9.454056317825577e-04 -1.007720416667115e+00
23 45 -1.000284003102319e+00 -1.882545707649561e-03 -9.458387568594015e-04 -1.007722903958356e+00
23 46 -1.000283705988132e+00 -1.882051145212788e-03 -9.461752247452227e-04 -1.007724999416141e+00
23 47 -1.000283460865814e+00 -1.881692046490072e-03 -9.464030765607838e-04 -1.007726677961285e+00
23 48 -1.000283270464024e+00 -1.881474018207521e-03 -9.465114944937059e-04 -1.007727918941432e+00
23 49 -1.000283136833329e+00 -1.881401125545626e-03 -9.464913116304118e-04 -1.007728706569267e+00
23 50 -1.000283061311406e+00 -1.881475762693727e-03 -9.463354585509193e-04 -1.007729030275588e+00
23 51 -1.000283044502424e+00 -1.881698554614921e-03 -9.460393260874424e-04 -1.007728884971102e+00
23 52 -1.000283086270271e+00 -1.882068290860435e-03 -9.456010370099565e-04 -1.007728271213894e+00
23 53 -1.000283185745049e+00 -1.882581891497417e-03 -9.450216295072697e-04 -1.007727195280073e+00
23 54 -1.000283341342956e+00 -1.883234406900208e-03 -9.443051580353453e-04 -1.007725669129594e+00
23 55 -1.000283550801026e+00 -1.884019056762478e-03 -9.434587111886805e-04 -1.007723710250102e+00
23 56 -1.000283811228572e+00 -1.884927315369720e-03 -9.424923373234292e-04 -1.007721341360643e+00
23 57 -1.000284119175335e+00 -1.885949046715727e-03 -9.414188653421101e-04 -1.007718589972352e+00
23 58 -1.000284470713319e+00 -1.887072685961540e-03 -9.402536140760495e-04 -1.007715487827178e+00
23 59 -1.000284861527117e+00 -1.888285457341544e-03 -9.390139959452769e-04 -1.007712070253584e+00
23 60 -1.000285287006844e+00 -1.889573615145982e-03 -9.377190339984508e-04 -1.007708375484052e+00
23 61 -1.000285742338018e+00 -1.890922693150331e-03 -9.363888228456559e-04 -1.007704443977637e+00
23 62 -1.000286222583378e+00 -1.892317748305739e-03 -9.350439709304625e-04 -1.007700317784810e+00
23 63 -1.000286722753253e+00 -1.893743587404739e-03 -9.337050612293349e-04 -1.007696039979346e+00
24 0 -1.000287399401320e+00 -1.896012077796175e-03 -9.280330112789976e-04 -1.007690548883278e+00
24 1 -1.000287929747783e+00 -1.897462867056548e-03 -9.267716404188463e-04 -1.007686063276534e+00
24 2 -1.000288465796599e+00 -1.898900854362367e-03 -9.255715671739939e-04 -1.007681552419956e+00
24 3 -1.000289002778388e+00 -1.900311589376865e-03 -9.244488844986783e-04 -1.007677059440721e+00
24 4 -1.000289536054182e+00 -1.901681155272624e-03 -9.234178232932573e-04 -1.007672626629286e+00
24 5 -1.000290061132050e+00 -1.902996284278444e-03 -9.224905405303375e-04 -1.007668295155339e+00
24 6 -1.000290573681106e+00 -1.904244469745400e-03 -9.216769505062493e-04 -1.007664104780891e+00
24 7 -1.000291069544216e+00 -1.905414076024420e-03 -9.209846066463523e-04 -1.007660093563034e+00
24 8 -1.000291544749719e+00 -1.906494443613276e-03 -9.204186457352540e-04 -1.007656297549717e+00
24 9 -1.000291995521794e+00 -1.907475983929461e-03 -9.199818053837572e-04 -1.007652750481369e+00
24 10 -1.000292418288989e+00 -1.908350257006042e-03 -9.196745175669452e-04 -1.007649483516276e+00
24 11 -1.000292809690757e+00 -1.909110027352762e-03 -9.194950684632789e-04 -1.007646524995751e+00
24 12 -1.000293166582744e+00 -1.909749297719386e-03 -9.194398038758851e-04 -1.007643900255668e+00
24 13 -1.000293486042630e+00 -1.910263324814495e-03 -9.195033566816168e-04 -1.007641631478974e+00
24 14 -1.000293765378677e+00 -1.910648622208543e-03 -9.196788794299117e-04 -1.007639737577731e+00
24 15 -1.000294002142603e+00 -1.910902953628991e-03 -9.199582768350728e-04 -1.007638234095504e+00
24 16 -1.000294194147324e+00 -1.911025317055690e-03 -9.203324434101941e-04 -1.007637133126350e+00
24 17 -1.000294339489212e+00 -1.911015917870060e-03 -9.207915173446034e-04 -1.007636443252055e+00
24 18 -1.000294436573476e+00 -1.910876127429064e-03 -9.213251612728651e-04 -1.007636169505940e+00
24 19 -1.000294484140325e+00 -1.910608422642433e-03 -9.219228724778399e-04 -1.007636313377971e+00
24 20 -1.000294481289609e+00 -1.910216305170652e-03 -9.225743106019849e-04 -1.007636872872421e+00
24 21 -1.000294427503290e+00 -1.909704206125637e-03 -9.232696167914010e-04 -1.007637842611662e+00
24 22 -1.000294322667154e+00 -1.909077388900104e-03 -9.239996929286507e-04 -1.007639213959448e+00
24 23 -1.000294167093708e+00 -1.908341863435339e-03 -9.247564160970677e-04 -1.007640975132045e+00
24 24 -1.000293961546742e+00 -1.907504319751564e-03 -9.255327767192951e-04 -1.007643111278457e+00
24 25 -1.000293707266047e+00 -1.906572081634502e-03 -9.263229419169426e-04 -1.007645604529008e+00
24 26 -1.000293405989559e+00 -1.905553076512383e-03 -9.271222547341078e-04 -1.007648434023880e+00
24 27 -1.000293059969509e+00 -1.904455814574860e-03 -9.279271833882222e-04 -1.007651575941627e+00
24 28 -1.000292671978771e+00 -1.903289368550434e-03 -9.287352313000162e-04 -1.007655003554478e+00
24 29 -1.000292245304073e+00 -1.902063346697607e-03 -9.295448095770606e-04 -1.007658687336575e+00
24 30 -1.000291783724794e+00 -1.900787856083576e-03 -9.303550651269046e-04 -1.007662595137667e+00
24 31 -1.000291291478765e+00 -1.899473458265991e-03 -9.311656567061493e-04 -1.007666692415498e+00
24 32 -1.000290773218079e+00 -1.898131121240564e-03 -9.319764791549612e-04 -1.007670942509390e+00
24 33 -1.000290233957804e+00 -1.896772169417586e-03 -9.327873479635843e-04 -1.007675306939974e+00
24 34 -1.000289679019467e+00 -1.895408230231348e-03 -9.335976669657344e-04 -1.007679745727698e+00
24 35 -1.000289113970629e+00 -1.894051174485113e-03 -9.344061086346935e-04 -1.007684217726516e+00
24 36 -1.000288544561828e+00 -1.892713048283044e-03 -9.352103368530008e-04 -1.007688680968305e+00
24 37 -1.000287976662213e+00 -1.891405996483721e-03 -9.360067941756507e-04 -1.007693093012179e+00
24 38 -1.000287416195016e+00 -1.890142179577574e-03 -9.367905620113748e-04 -1.007697411293642e+00
24 39 -1.000286869073518e+00 -1.888933686279964e-03 -9.375552904721855e-04 -1.007701593471761e+00
24 40 -1.000286341137531e+00 -1.887792442391049e-03 -9.382931912470415e-04 -1.007705597777855e+00
24 41 -1.000285838089710e+00 -1.886730113544552e-03 -9.389950911521983e-04 -1.007709383375410e+00
24 42 -1.000285365430356e+00 -1.885757996826815e-03 -9.396505510040141e-04 -1.007712910746360e+00
24 43 -1.000284928389044e+00 -1.884886894847528e-03 -9.402480602996347e-04 -1.007716142121090e+00
24 44 -1.000284531851957e+00 -1.884126966682095e-03 -9.407753203198781e-04 -1.007719041965039e+00
24 45 -1.000284180285534e+00 -1.883487554562098e-03 -9.412196228714332e-04 -1.007721577520512e+00
24 46 -1.000283877659699e+00 -1.882976992888249e-03 -9.415683166638208e-04 -1.007723719381114e+00
24 47 -1.000283627375852e+00 -1.882602413164335e-03 -9.418093331979405e-04 -1.007725442059483e+00
24 48 -1.000283432204657e+00 -1.882369560203310e-03 -9.419317296078914e-04 -1.007726724507990e+00
24 49 -1.000283294236737e+00 -1.882282631151053e-03 -9.419262040863894e-04 -1.007727550565034e+00
24 50 -1.000283214847402e+00 -1.882344143635139e-03 -9.417855483578295e-04 -1.007727909313954e+00
24 51 -1.000283194675538e+00 -1.882554836008987e-03 -9.415050149646582e-04 -1.007727795348659e+00
24 52 -1.000283233616434e+00 -1.882913600888050e-03 -9.410825907414639e-04 -1.007727208942329e+00
24 53 -1.000283330828134e+00 -1.883417452030033e-03 -9.405191789552715e-04 -1.007726156116586e+00
24 54 -1.000283484751317e+00 -1.884061525374455e-03 -9.398186969588596e-04 -1.007724648605553e+00
24 55 -1.000283693143879e+00 -1.884839118429289e-03 -9.389880913276514e-04 -1.007722703700690e+00
24 56 -1.000283953132033e+00 -1.885741774869600e-03 -9.380372628564693e-04 -1.007720343958263e+00
24 57 -1.000284261278206e+00 -1.886759418770735e-03 -9.369788888360406e-04 -1.007717596763462e+00
24 58 -1.000284613662888e+00 -1.887880535612016e-03 -9.358281351364361e-04 -1.007714493770105e+00
24 59 -1.000285005974982e+00 -1.889092389953842e-03 -9.346022630501358e-04 -1.007711070255885e+00
24 60 -1.000285433604536e+00 -1.890381266084854e-03 -9.333201494347443e-04 -1.007707364439657e+00
24 61 -1.000285891732249e+00 -1.891732717205836e-03 -9.320017497452015e-04 -1.007703416803808e+00
24 62 -1.000286375410967e+00 -1.893131809179292e-03 -9.306675405926369e-04 -1.007699269458267e+00
24 63 -1.000286879635753e+00 -1.894563347101648e-03 -9.293379793707740e-04 -1.007694965572250e+00
25 0 -1.000287500074577e+00 -1.896812365422726e-03 -9.236382441888517e-04 -1.007689595266396e+00
25 1 -1.000288034997438e+00 -1.898270501571844e-03 -9.223850891611180e-04 -1.007685078677896e+00
25 2 -1.000288576228954e+00 -1.899717577951797e-03 -9.211914345365226e-04 -1.007680531897379e+00
25 3 -1.000289118963771e+00 -1.901139096389394e-03 -9.200732666739335e-04 -1.007675998303853e+00
25 4 -1.000289658518867e+00 -1.902521070766815e-03 -9.190447317662803e-04 -1.007671520501848e+00
25 5 -1.000290190349450e+00 -1.903850140056428e-03 -9.181179300187408e-04 -1.007667140042083e+00
25 6 -1.000290710062333e+00 -1.905113678362242e-03 -9.173027517871538e-04 -1.007662897137956e+00
25 7 -1.000291213428391e+00 -1.906299903889378e-03 -9.166067616835319e-04 -1.007658830368876e+00
25 8 -1.000291696394666e+00 -1.907397984769470e-03 -9.160351418577511e-04 -1.007654976372703e+00
25 9 -1.000292155095886e+00 -1.908398136304201e-03 -9.155907059154386e-04 -1.007651369539330e+00
25 10 -1.000292585864976e+00 -1.909291702834676e-03 -9.152739878219818e-04 -1.007648041723035e+00
25 11 -1.000292985242207e+00 -1.910071218960350e-03 -9.150833974844669e-04 -1.007645021990844e+00
25 12 -1.000293349983188e+00 -1.910730448860682e-03 -9.150154232082793e-04 -1.007642336416598e+00
25 13 -1.000293677066922e+00 -1.911264406745861e-03 -9.150648577556787e-04 -1.007640007918758e+00
25 14 -1.000293963705860e+00 -1.911669363305934e-03 -9.152250305858434e-04 -1.007638056131696e+00
25 15 -1.000294207359816e+00 -1.911942841949047e-03 -9.154880396008430e-04 -1.007636497299502e+00
25 16 -1.000294405754749e+00 -1.912083606217481e-03 -9.158449860691830e-04 -1.007635344185856e+00
25 17 -1.000294556906376e+00 -1.912091637197470e-03 -9.162862232372468e-04 -1.007634605999961e+00
25 18 -1.000294659147305e+00 -1.911968097168778e-03 -9.168016300890054e-04 -1.007634288346965e+00
25 19 -1.000294711155290e+00 -1.911715274576056e-03 -9.173809143924605e-04 -1.007634393218436e+00
25 20 -1.000294711980063e+00 -1.911336508323208e-03 -9.180139346890872e-04 -1.007634919035614e+00
25 21 -1.000294661067650e+00 -1.910836096457338e-03 -9.186910163157208e-04 -1.007635860741502e+00
25 22 -1.000294558283011e+00 -1.910219200943532e-03 -9.194032304828039e-04 -1.007637209918396e+00
25 23 -1.000294403932612e+00 -1.909491761400491e-03 -9.201426106603709e-04 -1.007638954901117e+00
25 24 -1.000294198787546e+00 -1.908660426186092e-03 -9.209022928091284e-04 -1.007641080866032e+00
25 25 -1.000293944106256e+00 -1.907732502971136e-03 -9.216765793438229e-04 -1.007643569891390e+00
25 26 -1.000293641654751e+00 -1.906715925821168e-03 -9.224609371762272e-04 -1.007646400997075e+00
25 27 -1.000293293721189e+00 -1.905619232032400e-03 -9.232519448902682e-04 -1.007649550182451e+00
25 28 -1.000292903121029e+00 -1.904451539852506e-03 -9.240472009256559e-04 -1.007652990489625e+00
25 29 -1.000292473189235e+00 -1.903222519383007e-03 -9.248451953606773e-04 -1.007656692119008e+00
25 30 -1.000292007758118e+00 -1.901942353561265e-03 -9.256451392363269e-04 -1.007660622610151e+00
25 31 -1.000291511122053e+00 -1.900621691115265e-03 -9.264467439535488e-04 -1.007664747081860e+00
25 32 -1.000290987991899e+00 -1.899271595317105e-03 -9.272499499721792e-04 -1.007669028514794e+00
25 33 -1.000290443442024e+00 -1.897903490804725e-03 -9.280546149486060e-04 -1.007673428060959e+00
25 34 -1.000289882852158e+00 -1.896529107913450e-03 -9.288601825521516e-04 -1.007677905370421e+00
25 35 -1.000289311845850e+00 -1.895160422051753e-03 -9.296653614249839e-04 -1.007682418929638e+00
25 36 -1.000288736226990e+00 -1.893809585622841e-03 -9.304678452873340e-04 -1.007686926407022e+00
25 37 -1.000288161915577e+00 -1.892488851746473e-03 -9.312640974306690e-04 -1.007691385001695e+00
25 38 -1.000287594883587e+00 -1.891210491327884e-03 -9.320492089576468e-04 -1.007695751791597e+00
25 39 -1.000287041091504e+00 -1.889986705822143e-03 -9.328168282625156e-04 -1.007699984078869e+00
25 40 -1.000286506425502e+00 -1.888829536374935e-03 -9.335591552817789e-04 -1.007704039735426e+00
25 41 -1.000285996634437e+00 -1.887750767037729e-03 -9.342669971563386e-04 -1.007707877558742e+00
25 42 -1.000285517265154e+00 -1.886761817193963e-03 -9.349298880712566e-04 -1.007711457653705e+00
25 43 -1.000285073594460e+00 -1.885873616900110e-03 -9.355362823638119e-04 -1.007714741858270e+00
25 44 -1.000284670556665e+00 -1.885096459236120e-03 -9.360738336722062e-04 -1.007717694226507e+00
25 45 -1.000284312667290e+00 -1.884439827676363e-03 -9.365297688872843e-04 -1.007720281569575e+00
25 46 -1.000284003946015e+00 -1.883912204222010e-03 -9.368913509026269e-04 -1.007722474034014e+00
25 47 -1.000283747844017e+00 -1.883520871770345e-03 -9.371464036441078e-04 -1.007724245678055e+00
25 48 -1.000283547180952e+00 -1.883271726724581e-03 -9.372838574456670e-04 -1.007725575003204e+00
25 49 -1.000283404094910e+00 -1.883169114328295e-03 -9.372942696933894e-04 -1.007726445410781e+00
25 50 -1.000283320006532e+00 -1.883215693818443e-03 -9.371702833618984e-04 -1.007726845568651e+00
25 51 -1.000283295597374e+00 -1.883412336863318e-03 -9.369069991368828e-04 -1.007726769681687e+00
25 52 -1.000283330802325e+00 -1.883758060600683e-03 -9.365022511968790e-04 -1.007726217662400e+00
25 53 -1.000283424815701e+00 -1.884249994944776e-03 -9.359567890080405e-04 -1.007725195200190e+00
25 54 -1.000283576110930e+00 -1.884883384220484e-03 -9.352743728453675e-04 -1.007723713725604e+00
25 55 -1.000283782474868e+00 -1.885651626658788e-03 -9.344617864757481e-04 -1.007721790257198e+00
25 56 -1.000284041058581e+00 -1.886546358469796e-03 -9.335287609143402e-04 -1.007719447112691e+00
25 57 -1.000284348445028e+00 -1.887557587192076e-03 -9.324877975986418e-04 -1.007716711476832e+00
25 58 -1.000284700730862e+00 -1.888673871778651e-03 -9.313538833785066e-04 -1.007713614843627e+00
25 59 -1.000285093616741e+00 -1.889882539496301e-03 -9.301441012995153e-04 -1.007710192372791e+00
25 60 -1.000285522499889e+00 -1.891169926024461e-03 -9.288771545161253e-04 -1.007706482207291e+00
25 61 -1.000285982563310e+00 -1.892521624351780e-03 -9.275728319693130e-04 -1.007702524795306e+00
25 62 -1.000286468856947e+00 -1.893922728345229e-03 -9.262514520154081e-04 -1.007698362253737e+00
25 63 -1.000286976367347e+00 -1.895358058894364e-03 -9.249333218537382e-04 -1.007694037800562e+00
26 0 -1.000287539531389e+00 -1.897578429496187e-03 -9.192531726161436e-04 -1.007688798648965e+00
26 1 -1.000288078357524e+00 -1.899042263716156e-03 -9.180098712859195e-04 -1.007684255731250e+00
26 2 -1.000288624158985e+00 -1.900496924319449e-03 -9.168241313465890e-04 -1.007679677179473e+00
26 3 -1.000289172099983e+00 -1.901927877343577e-03 -9.157118158258132e-04 -1.007675106596341e+00
26 4 -1.000289717458809e+00 -1.903321078559565e-03 -9.146869702907242e-04 -1.007670586875389e+00
26 5 -1.000290255643238e+00 -1.904663084374028e-03 -9.137616231952352e-04 -1.007666159924637e+00
26 6 -1.000290782203245e+00 -1.905941159839953e-03 -9.129456274061898e-04 -1.007661866386145e+00
26 7 -1.000291292842980e+00 -1.907143386306384e-03 -9.122465475756311e-04 -1.007657745341046e+00
26 8 -1.000291783432973e+00 -1.908258767461251e-03 -9.116696035871630e-04 -1.007653833999733e+00
26 9 -1.000292250022611e+00 -1.909277328698659e-03 -9.112176816313670e-04 -1.007650167387969e+00
26 10 -1.000292688852414e+00 -1.910190202841581e-03 -9.108914184582237e-04 -1.007646778047050e+00
26 11 -1.000293096365496e+00 -1.910989696436667e-03 -9.106893521520999e-04 -1.007643695766673e+00
26 12 -1.000293469218083e+00 -1.911669334519384e-03 -9.106081210128218e-04 -1.007640947362412e+00
26 13 -1.000293804289781e+00 -1.912223885823969e-03 -9.106426878313065e-04 -1.007638556498786e+00
26 14 -1.000294098695220e+00 -1.912649372799144e-03 -9.107865715265147e-04 -1.007636543549536e+00
26 15 -1.000294349799022e+00 -1.912943070787721e-03 -9.110320779220908e-04 -1.007634925483024e+00
26 16 -1.000294555235568e+00 -1.913103498805661e-03 -9.113705318259037e-04 -1.007633715763258e+00
26 17 -1.000294712933875e+00 -1.913130401211455e-03 -9.117925203974390e-04 -1.007632924264836e+00
26 18 -1.000294821146403e+00 -1.913024716292597e-03 -9.122881598221323e-04 -1.007632557210480e+00
26 19 -1.000294878479365e+00 -1.912788526598447e-03 -9.128473906038630e-04 -1.007632617147253e+00
26 20 -1.000294883921903e+00 -1.912424988796932e-03 -9.134602926364294e-04 -1.007633102974494e+00
26 21 -1.000294836872603e+00 -1.911938247250364e-03 -9.141173967554466e-04 -1.007634010021859e+00
26 22 -1.000294737163512e+00 -1.911333341541308e-03 -9.148099627250801e-04 -1.007635330158676e+00
26 23 -1.000294585082713e+00 -1.910616120030825e-03 -9.155301972518890e-04 -1.007637051908000e+00
26 24 -1.000294381396275e+00 -1.909793168633291e-03 -9.162713965597295e-04 -1.007639160543732e+00
26 25 -1.000294127369264e+00 -1.908871758504890e-03 -9.170280115477061e-04 -1.007641638161605e+00
26 26 -1.000293824784213e+00 -1.907859810524685e-03 -9.177956453313286e-04 -1.007644463729078e+00
26 27 -1.000293475954157e+00 -1.906765869729231e-03 -9.185709988078514e-04 -1.007647613132675e+00
26 28 -1.000293083726458e+00 -1.905599080675493e-03 -9.193517770600002e-04 -1.007651059250219e+00
26 29 -1.000292651474044e+00 -1.904369156191560e-03 -9.201365601759726e-04 -1.007654772073933e+00
26 30 -1.000292183072541e+00 -1.903086336359281e-03 -9.209246333979387e-04 -1.007658718897251e+00
26 31 -1.000291682864128e+00 -1.901761339092441e-03 -9.217157695196984e-04 -1.007662864561310e+00
26 32 -1.000291155610652e+00 -1.900405305810674e-03 -9.225099619324003e-04 -1.007667171746209e+00
26 33 -1.000290606438949e+00 -1.899029745011535e-03 -9.233071167125945e-04 -1.007671601290440e+00
26 34 -1.000290040781127e+00 -1.897646474203178e-03 -9.241067234605892e-04 -1.007676112525635e+00
26 35 -1.000289464311970e+00 -1.896267558301664e-03 -9.249075338326058e-04 -1.007680663618841e+00
26 36 -1.000288882885023e+00 -1.894905241720178e-03 -9.257072792431605e-04 -1.007685211918563e+00
26 37 -1.000288302468373e+00 -1.893571872702688e-03 -9.265024521331360e-04 -1.007689714302368e+00
26 38 -1.000287729080846e+00 -1.892279820925253e-03 -9.272881616505191e-04 -1.007694127523273e+00
26 39 -1.000287168729127e+00 -1.891041390629332e-03 -9.280580623999142e-04 -1.007698408552626e+00
26 40 -1.000286627345681e+00 -1.889868730193996e-03 -9.288043498333487e-04 -1.007702514921942e+00
26 41 -1.000286110726458e+00 -1.888773736070077e-03 -9.295178177543017e-04 -1.007706405073975e+00
26 42 -1.000285624466728e+00 -1.887767946229246e-03 -9.301879791328014e-04 -1.007710038739656e+00
26 43 -1.000285173893323e+00 -1.886862416695912e-03 -9.308032582302464e-04 -1.007713377359408e+00
26 44 -1.000284763992300e+00 -1.886067575073694e-03 -9.313512665338329e-04 -1.007716384562995e+00
26 45 -1.000284399332621e+00 -1.885393048697394e-03 -9.318191719550876e-04 -1.007719026709393e+00
26 46 -1.000284083988825e+00 -1.884847472422145e-03 -9.321941570390349e-04 -1.007721273467831e+00
26 47 -1.000283821467739e+00 -1.884438288871789e-03 -9.324639418642109e-04 -1.007723098401917e+00
26 48 -1.000283614644527e+00 -1.884171557364916e-03 -9.326173309234092e-04 -1.007724479512880e+00
26 49 -1.000283465711726e+00 -1.884051785187238e-03 -9.326447382377123e-04 -1.007725399708038e+00
26 50 -1.000283376142639e+00 -1.884081789514198e-03 -9.325386514405277e-04 -1.007725847176647e+00
26 51 -1.000283346669144e+00 -1.884262593817781e-03 -9.322940088017292e-04 -1.007725815666133e+00
26 52 -1.000283377273617e+00 -1.884593359826450e-03 -9.319084782142433e-04 -1.007725304656286e+00
26 53 -1.000283467194611e+00 -1.885071354526102e-03 -9.313826398514852e-04 -1.007724319430613e+00
26 54 -1.000283614946241e+00 -1.885691952088916e-03 -9.307200801900934e-04 -1.007722871041799e+00
26 55 -1.000283818352252e+00 -1.886448673613834e-03 -9.299274020909766e-04 -1.007720976160451e+00
26 56 -1.000284074596447e+00 -1.887333270576501e-03 -9.290141470101234e-04 -1.007718656790556e+00
26 57 -1.000284380289973e+00 -1.888335856669261e-03 -9.279926191341834e-04 -1.007715939843301e+00
26 58 -1.000284731552921e+00 -1.889445086379038e-03 -9.268776035500809e-04 -1.007712856583869e+00
26 59 -1.000285124104690e+00 -1.890648371051836e-03 -9.256859811406045e-04 -1.007709441989253e+00
26 60 -1.000285553356558e+00 -1.891932118535100e-03 -9.244362565377784e-04 -1.007705734065518e+00
26 61 -1.000286014500611e+00 -1.893281981413894e-03 -9.231480272183192e-04 -1.007701773170149e+00
26 62 -1.000286502590404e+00 -1.894683099769296e-03 -9.218414293395684e-04 -1.007697601376754e+00
26 63 -1.000287012610173e+00 -1.896120326741828e-03 -9.205365977979877e-04 -1.007693261908200e+00
27 0 -1.000287517932287e+00 -1.898303293054407e-03 -9.149229807538058e-04 -1.007688162623369e+00
27 1 -1.000288059977438e+00 -1.899771171634765e-03 -9.136909737077974e-04 -1.007683598111155e+00
27 2 -1.000288609717685e+00 -1.901231887901012e-03 -9.125144712197776e-04 -1.007678992077415e+00
27 3 -1.000289162292148e+00 -1.902670883682221e-03 -9.114091985870906e-04 -1.007674388321086e+00
27 4 -1.000289712945752e+00 -1.904074067647867e-03 -9.103890868706004e-04 -1.007669829999249e+00
27 5 -1.000290257044317e+00 -1.905427924444847e-03 -9.094660792734471e-04 -1.007665359352383e+00
27 6 -1.000290790086655e+00 -1.906719620732745e-03 -9.086499784488064e-04 -1.007661017426617e+00
27 7 -1.000291307715844e+00 -1.907937111175023e-03 -9.079483380991521e-04 -1.007656843781202e+00
27 8 -1.000291805731273e+00 -1.909069244160827e-03 -9.073664077768136e-04 -1.007652876177593e+00
27 9 -1.000292280101836e+00 -1.910105862877873e-03 -9.069071419361125e-04 -1.007649150258949e+00
27 10 -1.000292726979741e+00 -1.911037894687369e-03 -9.065712796158083e-04 -1.007645699238763e+00
27 11 -1.000293142714033e+00 -1.911857422260293e-03 -9.063574899809716e-04 -1.007642553619361e+00
27 12 -1.000293523863342e+00 -1.912557733353540e-03 -9.062625671742955e-04 -1.007639740954404e+00
27 13 -1.000293867208243e+00 -1.913133350477720e-03 -9.062816524473997e-04 -1.007637285658173e+00
27 14 -1.000294169764586e+00 -1.913580044707292e-03 -9.064084647595626e-04 -1.007635208854176e+00
27 15 -1.000294428799683e+00 -1.913894838261646e-03 -9.066355301973192e-04 -1.007633528250923e+00
27 16 -1.000294641852988e+00 -1.914075998574536e-03 -9.069544112515702e-04 -1.007632258034623e+00
27 17 -1.000294806761934e+00 -1.914123023520690e-03 -9.073559453353861e-04 -1.007631408775458e+00
27 18 -1.000294921692209e+00 -1.914036614487478e-03 -9.078305044227241e-04 -1.007630987353774e+00
27 19 -1.000294985170247e+00 -1.913818632537862e-03 -9.083682818267608e-04 -1.007630996920860e+00
27 20 -1.000294996115049e+00 -1.913472034729851e-03 -9.089595991469384e-04 -1.007631436909181e+00
27 21 -1.000294953867109e+00 -1.913000793067460e-03 -9.095952123007230e-04 -1.007632303095243e+00
27 22 -1.000294858213947e+00 -1.912409804921964e-03 -9.102665876137463e-04 -1.007633587700594e+00
27 23 -1.000294709413057e+00 -1.911704806928609e-03 -9.109661207832230e-04 -1.007635279505149e+00
27 24 -1.000294508213245e+00 -1.910892302329762e-03 -9.116872815693508e-04 -1.007637363949336e+00
27 25 -1.000294255874286e+00 -1.909979506175206e-03 -9.124246807711835e-04 -1.007639823213913e+00
27 26 -1.000293954183653e+00 -1.908974306788500e-03 -9.131740683514140e-04 -1.007642636280863e+00
27 27 -1.000293605467850e+00 -1.907885237346770e-03 -9.139322780058004e-04 -1.007645778991539e+00
27 28 -1.000293212595025e+00 -1.906721449096960e-03 -9.146971316185296e-04 -1.007649224127224e+00
27 29 -1.000292778965513e+00 -1.905492678453541e-03 -9.154673087432986e-04 -1.007652941537996e+00
27 30 -1.000292308488373e+00 -1.904209204052515e-03 -9.162421774251918e-04 -1.007656898335066e+00
27 31 -1.000291805544381e+00 -1.902881794725135e-03 -9.170215794093857e-04 -1.007661059144412e+00
27 32 -1.000291274937887e+00 -1.901521652219377e-03 -9.178055671484769e-04 -1.007665386406447e+00
27 33 -1.000290721840749e+00 -1.900140352009196e-03 -9.185940998335572e-04 -1.007669840703523e+00
27 34 -1.000290151731254e+00 -1.898749783018046e-03 -9.193867171135530e-04 -1.007674381101325e+00
27 35 -1.000289570330406e+00 -1.897362084725742e-03 -9.201822183632184e-04 -1.007678965495557e+00
27 36 -1.000288983537349e+00 -1.895989579207354e-03 -9.209783784266567e-04 -1.007683550959262e+00
27 37 -1.000288397365078e+00 -1.894644696415162e-03 -9.217717252172493e-04 -1.007688094088583e+00
27 38 -1.000287817877067e+00 -1.893339892886883e-03 -9.225573922317566e-04 -1.007692551345675e+00
27 39 -1.000287251125031e+00 -1.892087565547356e-03 -9.233290462622942e-04 -1.007696879398029e+00
27 40 -1.000286703087520e+00 -1.890899961732519e-03 -9.240788837098634e-04 -1.007701035456694e+00
27 41 -1.000286179608239e+00 -1.889789083864165e-03 -9.247976896829070e-04 -1.007704977622896e+00
27 42 -1.000285686332394e+00 -1.888766583985307e-03 -9.254749598844619e-04 -1.007708665259858e+00
27 43 -1.000285228639241e+00 -1.887843641485246e-03 -9.260990923795165e-04 -1.007712059409368e+00
27 44 -1.000284811569834e+00 -1.887030817830513e-03 -9.266576609807418e-04 -1.007715123268037e+00
27 45 -1.000284439750618e+00 -1.886337885679545e-03 -9.271377798251584e-04 -1.007717822725654e+00
27 46 -1.000284117315742e+00 -1.885773636552141e-03 -9.275265566075263e-04 -1.007720126948677e+00
27 47 -1.000283847833044e+00 -1.885345679083293e-03 -9.278116125486925e-04 -1.007722008972192e+00
27 48 -1.000283634239126e+00 -1.885060244405195e-03 -9.279816296023825e-04 -1.007723446254908e+00
27 49 -1.000283478787426e+00 -1.884922013575421e-03 -9.280268786466722e-04 -1.007724421159639e+00
27 50 -1.000283383010838e+00 -1.884933976237489e-03 -9.279396882423054e-04 -1.007724921338973e+00
27 51 -1.000283347698841e+00 -1.885097324410924e-03 -9.277148268275291e-04 -1.007724940019255e+00
27 52 -1.000283372888753e+00 -1.885411382571588e-03 -9.273497859229121e-04 -1.007724476180650e+00
27 53 -1.000283457870913e+00 -1.885873573974866e-03 -9.268449644053703e-04 -1.007723534631696e+00
27 54 -1.000283601207804e+00 -1.886479422954301e-03 -9.262037611890258e-04 -1.007722125975863e+00
27 55 -1.000283800767822e+00 -1.887222594783003e-03 -9.254325828013235e-04 -1.007720266462755e+00
27 56 -1.000284053775138e+00 -1.888094977875344e-03 -9.245407644122913e-04 -1.007717977709973e+00
27 57 -1.000284356876388e+00 -1.889086813494768e-03 -9.235403951323829e-04 -1.007715286285087e+00
27 58 -1.000284706222042e+00 -1.890186872686425e-03 -9.224460390651546e-04 -1.007712223157728e+00
27 59 -1.000285097556940e+00 -1.891382671554541e-03 -9.212743540434440e-04 -1.007708823058731e+00
27 60 -1.000285526312923e+00 -1.892660710113463e-03 -9.200436241152148e-04 -1.007705123797940e+00
27 61 -1.000285987697403e+00 -1.894006719237876e-03 -9.187732332217982e-04 -1.007701165588544e+00
27 62 -1.000286476773500e+00 -1.895405902303638e-03 -9.174831142896292e-04 -1.007696990413526e+00
27 63 -1.000286988528922e+00 -1.896843160395439e-03 -9.161932103647219e-04 -1.007692641458472e+00
28 0 -1.000287435927250e+00 -1.898980458687444e-03 -9.106921764434141e-04 -1.007687689159172e+00
28 1 -1.000287980504712e+00 -1.900450741838088e-03 -9.094726868553034e-04 -1.007683107816097e+00
28 2 -1.000288533542851e+00 -1.901915979845299e-03 -9.083065503394584e-04 -1.007678478674918e+00
28 3 -1.000289090160910e+00 -1.903361601674525e-03 -9.072093422434725e-04 -1.007673845703080e+00
28 4 -1.000289645575742e+00 -1.904773479871691e-03 -9.061948671526313e-04 -1.007669252294875e+00
28 5 -1.000290195116608e+00 -1.906138038038989e-03 -9.052749712290835e-04 -1.007664740998040e+00
28 6 -1.000290734236761e+00 -1.907442355157024e-03 -9.044593955624883e-04 -1.007660353237575e+00
28 7 -1.000291258524052e+00 -1.908674269884679e-03 -9.037556727430563e-04 -1.007656129025111e+00
28 8 -1.000291763712549e+00 -1.909822485433984e-03 -9.031690740786343e-04 -1.007652106648051e+00
28 9 -1.000292245696080e+00 -1.910876671781722e-03 -9.027026174558919e-04 -1.007648322344179e+00
28 10 -1.000292700543295e+00 -1.911827558431598e-03 -9.023571427128152e-04 -1.007644809979734e+00
28 11 -1.000293124513037e+00 -1.912667010146435e-03 -9.021314517893150e-04 -1.007641600754277e+00
28 12 -1.000293514069090e+00 -1.913388081279367e-03 -9.020224991939673e-04 -1.007638722949636e+00
28 13 -1.000293865894443e+00 -1.913985049636549e-03 -9.020256114302572e-04 -1.007636201726514e+00
28 14 -1.000294176906351e+00 -1.914453434351877e-03 -9.021347159193855e-04 -1.007634058960990e+00
28 15 -1.000294444273833e+00 -1.914790002173485e-03 -9.023425688208608e-04 -1.007632313109891e+00
28 16 -1.000294665439174e+00 -1.914992764488629e-03 -9.026409818818253e-04 -1.007630979096111e+00
28 17 -1.000294838144476e+00 -1.915060965409283e-03 -9.030210565778183e-04 -1.007630068208397e+00
28 18 -1.000294960463243e+00 -1.914995059136801e-03 -9.034734366052896e-04 -1.007629588017102e+00
28 19 -1.000295030835139e+00 -1.914796672412980e-03 -9.039885854521483e-04 -1.007629542318472e+00
28 20 -1.000295048100559e+00 -1.914468547727647e-03 -9.045570844163143e-04 -1.007629931126122e+00
28 21 -1.000295011532062e+00 -1.914014467766296e-03 -9.051699323195693e-04 -1.007630750718629e+00
28 22 -1.000294920861640e+00 -1.913439169108123e-03 -9.058188186835778e-04 -1.007631993731317e+00
28 23 -1.000294776304550e+00 -1.912748257392518e-03 -9.064963426242347e-04 -1.007633649266062e+00
28 24 -1.000294578580508e+00 -1.911948134038260e-03 -9.071961593591825e-04 -1.007635702995692e+00
28 25 -1.000294328932220e+00 -1.911045938972407e-03 -9.079130496748552e-04 -1.007638137252116e+00
28 26 -1.000294029140358e+00 -1.910049508679119e-03 -9.086429196112526e-04 -1.007640931099097e+00
28 27 -1.000293681533303e+00 -1.908967344907440e-03 -9.093827445434672e-04 -1.007644060401002e+00
28 28 -1.000293288988753e+00 -1.907808586144106e-03 -9.101304716926468e-04 -1.007647497910183e+00
28 29 -1.000292854923680e+00 -1.906582973276233e-03 -9.108848881339041e-04 -1.007651213400787e+00
28 30 -1.000292383270275e+00 -1.905300804592387e-03 -9.116454520687590e-04 -1.007655173867074e+00
28 31 -1.000291878438123e+00 -1.903972881169340e-03 -9.124120804045475e-04 -1.007659343784262e+00
28 32 -1.000291345265117e+00 -1.902610447041897e-03 -9.131848893286993e-04 -1.007663685415138e+00
28 33 -1.000290788960290e+00 -1.901225127644461e-03 -9.139638944254176e-04 -1.007668159143942e+00
28 34 -1.000290215041483e+00 -1.899828867352531e-03 -9.147486879857410e-04 -1.007672723823886e+00
28 35 -1.000289629270431e+00 -1.898433865131585e-03 -9.155381197940316e-04 -1.007677337128571e+00
28 36 -1.000289037587452e+00 -1.897052506505149e-03 -9.163300113697259e-04 -1.007681955900518e+00
28 37 -1.000288446047068e+00 -1.895697289960802e-03 -9.171209300052847e-04 -1.007686536494396e+00
28 38 -1.000287860755033e+00 -1.894380747017991e-03 -9.179060379040903e-04 -1.007691035115715e+00
28 39 -1.000287287806698e+00 -1.893115356976373e-03 -9.186790183189599e-04 -1.007695408156082e+00
28 40 -1.000286733226226e+00 -1.891913457612596e-03 -9.194320721775464e-04 -1.007699612527467e+00
28 41 -1.000286202905502e+00 -1.890787150611601e-03 -9.201559785760552e-04 -1.007703606004355e+00
28 42 -1.000285702540935e+00 -1.889748197050170e-03 -9.208402181338241e-04 -1.007707347590642e+00
28 43 -1.000285237566283e+00 -1.888807896290280e-03 -9.214731650714863e-04 -1.007710797931327e+00
28 44 -1.000284813080490e+00 -1.887976942075030e-03 -9.220423586211418e-04 -1.007713919784598e+00
28 45 -1.000284433771148e+00 -1.887265252721203e-03 -9.225348633389282e-04 -1.007716678558275e+00
28 46 -1.000284103836338e+00 -1.886681778680455e-03 -9.229377173310710e-04 -1.007719042895778e+00
28 47 -1.000283826909802e+00 -1.886234299000593e-03 -9.232384485380653e-04 -1.007720985275728e+00
28 48 -1.000283605995008e+00 -1.885929223627115e-03 -9.234256208616007e-04 -1.007722482578040e+00
28 49 -1.000283443412261e+00 -1.885771417230511e-03 -9.234893641142506e-04 -1.007723516576366e+00
28 50 -1.000283340760431e+00 -1.885764054265714e-03 -9.234218468911655e-04 -1.007724074335042e+00
28 51 -1.000283298893268e+00 -1.885908509611807e-03 -9.232176639861389e-04 -1.007724148502569e+00
28 52 -1.000283317910000e+00 -1.886204286596336e-03 -9.228741239524342e-04 -1.007723737498231e+00
28 53 -1.000283397160034e+00 -1.886648982623886e-03 -9.223914352166019e-04 -1.007722845590002e+00
28 54 -1.000283535261673e+00 -1.887238291391228e-03 -9.217727980742069e-04 -1.007721482863697e+00
28 55 -1.000283730135337e+00 -1.887966042076722e-03 -9.210244106216540e-04 -1.007719665079106e+00
28 56 -1.000283979052714e+00 -1.888824279886652e-03 -9.201553888812703e-04 -1.007717413399636e+00
28 57 -1.000284278702886e+00 -1.889803393760373e-03 -9.191775927309272e-04 -1.007714753982320e+00
28 58 -1.000284625273480e+00 -1.890892291594220e-03 -9.181053492797305e-04 -1.007711717435736e+00
28 59 -1.000285014541211e+00 -1.892078614049136e-03 -9.169550756262377e-04 -1.007708338182849e+00
28 60 -1.000285441964463e+00 -1.893348971903797e-03 -9.157448166411138e-04 -1.007704653781507e+00
28 61 -1.000285902771626e+00 -1.894689191647293e-03 -9.144937239679996e-04 -1.007700704250561e+00
28 62 -1.000286392040947e+00 -1.896084556265160e-03 -9.132215089492924e-04 -1.007696531436673e+00
28 63 -1.000286904769117e+00 -1.897520030021800e-03 -9.119479054744724e-04 -1.007692178446585e+00
29 0 -1.000287294632570e+00 -1.899603954180909e-03 -9.066040576284021e-04 -1.007687378736337e+00
29 1 -1.000287841060403e+00 -1.901075032282130e-03 -9.053980771696894e-04 -1.007682785310638e+00
29 2 -1.000288396753217e+00 -1.902543268937354e-03 -9.042432255734560e-04 -1.007678137477803e+00
29 3 -1.000288956815399e+00 -1.903994091291756e-03 -9.031549181394996e-04 -1.007673479346058e+00
29 4 -1.000289516440891e+00 -1.905413346611517e-03 -9.021468229390088e-04 -1.007668854520195e+00
29 5 -1.000290070927636e+00 -1.906787408053735e-03 -9.012306792113535e-04 -1.007664305829636e+00
29 6 -1.000290615688804e+00 -1.908103277536919e-03 -9.004161569320926e-04 -1.007659875052553e+00
29 7 -1.000291146262840e+00 -1.909348688537223e-03 -8.997107587568668e-04 -1.007655602626020e+00
29 8 -1.000291658324521e+00 -1.910512209885504e-03 -8.991197703898253e-04 -1.007651527335693e+00
29 9 -1.000292147698467e+00 -1.911583348534264e-03 -8.986462681222670e-04 -1.007647685987369e+00
29 10 -1.000292610375066e+00 -1.912552645060879e-03 -8.982911905143535e-04 -1.007644113076401e+00
29 11 -1.000293042527427e+00 -1.913411753569622e-03 -8.980534732126530e-04 -1.007640840480103e+00
29 12 -1.000293440527986e+00 -1.914153500512950e-03 -8.979302344852410e-04 -1.007637897193473e+00
29 13 -1.000293800964618e+00 -1.914771922872136e-03 -8.979169911481459e-04 -1.007635309113208e+00
29 14 -1.000294120657312e+00 -1.915262290016887e-03 -8.980078853391221e-04 -1.007633098862731e+00
29 15 -1.000294396676868e+00 -1.915621113313443e-03 -8.981959108282446e-04 -1.007631285648367e+00
29 16 -1.000294626367156e+00 -1.915846145797277e-03 -8.984731377679073e-04 -1.007629885138066e+00
29 17 -1.000294807372377e+00 -1.915936373150361e-03 -8.988309426166542e-04 -1.007628909354660e+00
29 18 -1.000294937669896e+00 -1.915891995395978e-03 -8.992602534680726e-04 -1.007628366581308e+00
29 19 -1.000295015607044e+00 -1.915714395312195e-03 -8.997518183332003e-04 -1.007628261290603e+00
29 20 -1.000295039938287e+00 -1.915406088217211e-03 -9.002964938431956e-04 -1.007628594118503e+00
29 21 -1.000295009859316e+00 -1.914970652310175e-03 -9.008855376392424e-04 -1.007629361895713e+00
29 22 -1.000294925036521e+00 -1.914412646649470e-03 -9.015108773077088e-04 -1.007630557727399e+00
29 23 -1.000294785632093e+00 -1.913737528351139e-03 -9.021653283174477e-04 -1.007632171097204e+00
29 24 -1.000294592325309e+00 -1.912951578826211e-03 -9.028427422360483e-04 -1.007634187973337e+00
29 25 -1.000294346330111e+00 -1.912061844088296e-03 -9.035380790236321e-04 -1.007636590904588e+00
29 26 -1.000294049408665e+00 -1.911076089758541e-03 -9.042474087112288e-04 -1.007639359103398e+00
29 27 -1.000293703879748e+00 -1.910002767201547e-03 -9.049678555450208e-04 -1.007642468523832e+00
29 28 -1.000293312619368e+00 -1.908850983070469e-03 -9.056974991098832e-04 -1.007645891956065e+00
29 29 -1.000292879050034e+00 -1.907630463291762e-03 -9.064352409329986e-04 -1.007649599165924e+00
29 30 -1.000292407116244e+00 -1.906351506338551e-03 -9.071806355907157e-04 -1.007653557098303e+00
29 31 -1.000291901246237e+00 -1.905024926701497e-03 -9.079336799504913e-04 -1.007657730142994e+00
29 32 -1.000291366302231e+00 -1.903661992803287e-03 -9.086945571931751e-04 -1.007662080447016e+00
29 33 -1.000290807522209e+00 -1.902274362926397e-03 -9.094633413857005e-04 -1.007666568255048e+00
29 34 -1.000290230456381e+00 -1.900874020573622e-03 -9.102396787216248e-04 -1.007671152262954e+00
29 35 -1.000289640901227e+00 -1.899473208989969e-03 -9.110224701136425e-04 -1.007675789972619e+00
29 36 -1.000289044833550e+00 -1.898084363244736e-03 -9.118095845153158e-04 -1.007680438040673e+00
29 37 -1.000288448345884e+00 -1.896720037584037e-03 -9.125976300853025e-04 -1.007685052619492e+00
29 38 -1.000287857583713e+00 -1.895392826765312e-03 -9.133818000363599e-04 -1.007689589692225e+00
29 39 -1.000287278684362e+00 -1.894115282062540e-03 -9.141557965019386e-04 -1.007694005403458e+00
29 40 -1.000286717716886e+00 -1.892899823001495e-03 -9.149118266881164e-04 -1.007698256388610e+00
29 41 -1.000286180621556e+00 -1.891758643576691e-03 -9.156406645657755e-04 -1.007702300111448e+00
29 42 -1.000285673147031e+00 -1.890703608536998e-03 -9.163317760488190e-04 -1.007706095226465e+00
29 43 -1.000285200783389e+00 -1.889746133410233e-03 -9.169735119961898e-04 -1.007709601985777e+00
29 44 -1.000284768690026e+00 -1.888897041937489e-03 -9.175533784404564e-04 -1.007712782706915e+00
29 45 -1.000284381618903e+00 -1.888166397243677e-03 -9.180583933689969e-04 -1.007715602307349e+00
29 46 -1.000284043835873e+00 -1.887563309451203e-03 -9.184755299648963e-04 -1.007718028892495e+00
29 47 -1.000283759045016e+00 -1.887095730935239e-03 -9.187922282452494e-04 -1.007720034361711e+00
29 48 -1.000283530321697e+00 -1.886770255998510e-03 -9.189969388575142e-04 -1.007721594984790e+00
29 49 -1.000283360058545e+00 -1.886591940877469e-03 -9.190796540461489e-04 -1.007722691907554e+00
29 50 -1.000283249926138e+00 -1.886564154738873e-03 -9.190323842170255e-04 -1.007723311561795e+00
29 51 -1.000283200848546e+00 -1.886688467246268e-03 -9.188495498644238e-04 -1.007723445968390e+00
29 52 -1.000283212993421e+00 -1.886964574904029e-03 -9.185282728166883e-04 -1.007723092929603e+00
29 53 -1.000283285776168e+00 -1.887390265667509e-03 -9.180685645552612e-04 -1.007722256111465e+00
29 54 -1.000283417877927e+00 -1.887961419969188e-03 -9.174734188883498e-04 -1.007720945018817e+00
29 55 -1.000283607277970e+00 -1.888672048498892e-03 -9.167488171904501e-04 -1.007719174858655e+00
29 56 -1.000283851302223e+00 -1.889514371358401e-03 -9.159036472349023e-04 -1.007716966276947e+00
29 57 -1.000284146688934e+00 -1.890478944104258e-03 -9.149495288525058e-04 -1.007714344955956e+00
29 58 -1.000284489669417e+00 -1.891554830636419e-03 -9.139005395163088e-04 -1.007711341080276e+00
29 59 -1.000284876058264e+00 -1.892729814431006e-03 -9.127728417563916e-04 -1.007707988707022e+00
29 60 -1.000285301345854e+00 -1.893990634048107e-03 -9.115842266357612e-04 -1.007704325090083e+00
29 61 -1.000285760786813e+00 -1.895323227835206e-03 -9.103535980577660e-04 -1.007700390006255e+00
29 62 -1.000286249479772e+00 -1.896712974031909e-03 -9.091004299513069e-04 -1.007696225121379e+00
29 63 -1.000286762435544e+00 -1.898144914545532e-03 -9.078442320297311e-04 -1.007691873423489e+00
30 0 -1.000287095608094e+00 -1.900168370663647e-03 -9.027001998088037e-04 -1.007687230487647e+00
30 1 -1.000287643214915e+00 -1.901638678150367e-03 -9.015084805283344e-04 -1.007682629675715e+00
30 2 -1.000288200922983e+00 -1.903108415305740e-03 -9.003656133751574e-04 -1.007677967571368e+00
30 3 -1.000288763826456e+00 -1.904563017759997e-03 -8.992868459532660e-04 -1.007673288397356e+00
30 4 -1.000289327101211e+00 -1.905988317934257e-03 -8.982857020865430e-04 -1.007668635942716e+00
30 5 -1.000289886018991e+00 -1.907370649143692e-03 -8.973738062410319e-04 -1.007664053291928e+00
30 6 -1.000290435958259e+00 -1.908696946888151e-03 -8.965607495682894e-04 -1.007659582549470e+00
30 7 -1.000290972413728e+00 -1.909954850251703e-03 -8.958539975033328e-04 -1.007655264550281e+00
30 8 -1.000291491006884e+00 -1.911132804810890e-03 -8.952588436992094e-04 -1.007651138549219e+00
30 9 -1.000291987499246e+00 -1.912220165578164e-03 -8.947784180363258e-04 -1.007647241890425e+00
30 10 -1.000292457808689e+00 -1.913207294291380e-03 -8.944137554779747e-04 -1.007643609670781e+00
30 11 -1.000292898027584e+00 -1.914085642867801e-03 -8.941639257308025e-04 -1.007640274421843e+00
30 12 -1.000293304441177e+00 -1.914847816934417e-03 -8.940262131430756e-04 -1.007637265832049e+00
30 13 -1.000293673545541e+00 -1.915487618634829e-03 -8.939963283048133e-04 -1.007634610517523e+00
30 14 -1.000294002065705e+00 -1.916000072067369e-03 -8.940686324415439e-04 -1.007632331837020e+00
30 15 -1.000294286975333e+00 -1.916381435549445e-03 -8.942363623748989e-04 -1.007630449740977e+00
30 16 -1.000294525519733e+00 -1.916629203913410e-03 -8.944918532000500e-04 -1.007628980643776e+00
30 17 -1.000294715243926e+00 -1.916742102733247e-03 -8.948267640185944e-04 -1.007627937309399e+00
30 18 -1.000294854026573e+00 -1.916720074073530e-03 -8.952323165466181e-04 -1.007627328747478e+00
30 19 -1.000294940118436e+00 -1.916564249978403e-03 -8.956995546211511e-04 -1.007627160130081e+00
30 20 -1.000294972181983e+00 -1.916276908511450e-03 -8.962196232843914e-04 -1.007627432749368e+00
30 21 -1.000294949328369e+00 -1.915861410713375e-03 -8.967840526177374e-04 -1.007628144030833e+00
30 22 -1.000294871149447e+00 -1.915322123702096e-03 -8.973850211773782e-04 -1.007629287598610e+00
30 23 -1.000294737744321e+00 -1.914664340099753e-03 -8.980155723603615e-04 -1.007630853373248e+00
30 24 -1.000294549740912e+00 -1.913894203892627e-03 -8.986697640935150e-04 -1.007632827679124e+00
30 25 -1.000294308313052e+00 -1.913018649008176e-03 -8.993427437571936e-04 -1.007635193345906e+00
30 26 -1.000294015193042e+00 -1.912045352000299e-03 -9.000307520360301e-04 -1.007637929799235e+00
30 27 -1.000293672678783e+00 -1.910982695484475e-03 -9.007310679464183e-04 -1.007641013147942e+00
30 28 -1.000293283633189e+00 -1.909839735157857e-03 -9.014419093740947e-04 -1.007644416287341e+00
30 29 -1.000292851472877e+00 -1.908626162193798e-03 -9.021622981888760e-04 -1.007648109044185e+00
30 30 -1.000292380143603e+00 -1.907352255668903e-03 -9.028918903907683e-04 -1.007652058382279e+00
30 31 -1.000291874081937e+00 -1.906028824751774e-03 -9.036307664467057e-04 -1.007656228671194e+00
30 32 -1.000291338164880e+00 -1.904667144257309e-03 -9.043791787728291e-04 -1.007660582004546e+00
30 33 -1.000290777650655e+00 -1.903278887919607e-03 -9.051372608837805e-04 -1.007665078547375e+00
30 34 -1.000290198114202e+00 -1.901876061963453e-03 -9.059047125733340e-04 -1.007669676894137e+00
30 35 -1.000289605380481e+00 -1.900470938943219e-03 -9.066804846538740e-04 -1.007674334425081e+00
30 36 -1.000289005457859e+00 -1.899075989837724e-03 -9.074624922145900e-04 -1.007679007655147e+00
30 37 -1.000288404473078e+00 -1.897703812005733e-03 -9.082473836556644e-04 -1.007683652573845e+00
30 38 -1.000287808608518e+00 -1.896367051823652e-03 -9.090303832543651e-04 -1.007688224976675e+00
30 39 -1.000287224041621e+00 -1.895078322305210e-03 -9.098052122264027e-04 -1.007692680790208e+00
30 40 -1.000286656885452e+00 -1.893850116073204e-03 -9.105640839182790e-04 -1.007696976396078e+00
30 41 -1.000286113128660e+00 -1.892694712324897e-03 -9.112977664696713e-04 -1.007701068964227e+00
30 42 -1.000285598572933e+00 -1.891624073884715e-03 -9.119957098327261e-04 -1.007704916811091e+00
30 43 -1.000285118766200e+00 -1.890649728297567e-03 -9.126462401671652e-04 -1.007708479801754e+00
30 44 -1.000284678930521e+00 -1.889782626388305e-03 -9.132368298721264e-04 -1.007711719813659e+00
30 45 -1.000284283885063e+00 -1.889032974322676e-03 -9.137544517454432e-04 -1.007714601269214e+00
30 46 -1.000283937966858e+00 -1.888410041630904e-03 -9.141860173512481e-04 -1.007717091724887e+00
30 47 -1.000283644954326e+00 -1.887921955756812e-03 -9.145188833779726e-04 -1.007719162482486e+00
30 48 -1.000283407999223e+00 -1.887575499207605e-03 -9.147413923229525e-04 -1.007720789176164e+00
30 49 -1.000283229571349e+00 -1.887375925574984e-03 -9.148434037124576e-04 -1.007721952292080e+00
30 50 -1.000283111418173e+00 -1.887326806610050e-03 -9.148167733258758e-04 -1.007722637591424e+00
30 51 -1.000283054539705e+00 -1.887429917073334e-03 -9.146557485566563e-04 -1.007722836422619e+00
30 52 -1.000283059178056e+00 -1.887685159226665e-03 -9.143572630671036e-04 -1.007722545920132e+00
30 53 -1.000283124820878e+00 -1.888090525590002e-03 -9.139211281052657e-04 -1.007721769093826e+00
30 54 -1.000283250218444e+00 -1.888642098131716e-03 -9.133501268132125e-04 -1.007720514811725e+00
30 55 -1.000283433415257e+00 -1.889334084729260e-03 -9.126500189434799e-04 -1.007718797670302e+00
30 56 -1.000283671797968e+00 -1.890158897134371e-03 -9.118294579736790e-04 -1.007716637738183e+00
30 57 -1.000283962160385e+00 -1.891107274881712e-03 -9.108998162964262e-04 -1.007714060162653e+00
30 58 -1.000284300783512e+00 -1.892168454978894e-03 -9.098749132107579e-04 -1.007711094646797e+00
30 59 -1.000284683525334e+00 -1.893330380143203e-03 -9.087706470561806e-04 -1.007707774828458e+00
30 60 -1.000285105913407e+00 -1.894579932568487e-03 -9.076045441472849e-04 -1.007704137607910e+00
30 61 -1.000285563233564e+00 -1.895903177736967e-03 -9.063952484169118e-04 -1.007700222473924e+00
30 62 -1.000286050609608e+00 -1.897285603491375e-03 -9.051619836032475e-04 -1.007696070870083e+00
30 63 -1.000286563071047e+00 -1.898712342520270e-03 -9.039240230598592e-04 -1.007691725629229e+00
31 0 -1.000286840835377e+00 -1.900668893330217e-03 -8.990199725842934e-04 -1.007687242344761e+00
31 1 -1.000287388964825e+00 -1.902136920397842e-03 -8.978430244528956e-04 -1.007682638761605e+00
31 2 -1.000287948057160e+00 -1.903606696471796e-03 -8.967126178677557e-04 -1.007677966781562e+00
31 3 -1.000288513200470e+00 -1.905063675139863e-03 -8.956438277344780e-04 -1.007673270717243e+00
31 4 -1.000289079557072e+00 -1.906493683879404e-03 -8.946500285165532e-04 -1.007668594516153e+00
31 5 -1.000289642377443e+00 -1.907883026665337e-03 -8.937427242417907e-04 -1.007663981490296e+00
31 6 -1.000290197010571e+00 -1.909218583308158e-03 -8.929314213041499e-04 -1.007659474042338e+00
31 7 -1.000290738912962e+00 -1.910487909384162e-03 -8.922235421518578e-04 -1.007655113376498e+00
31 8 -1.000291263658704e+00 -1.911679338518745e-03 -8.916243831368678e-04 -1.007650939186657e+00
31 9 -1.000291766952386e+00 -1.912782085338601e-03 -8.911371235460964e-04 -1.007646989323633e+00
31 10 -1.000292244645406e+00 -1.913786343786674e-03 -8.907628923437356e-04 -1.007643299454930e+00
31 11 -1.000292692754904e+00 -1.914683373515528e-03 -8.905008929559367e-04 -1.007639902738315e+00
31 12 -1.000293107483717e+00 -1.915465568074403e-03 -8.903485770973876e-04 -1.007636829530920e+00
31 13 -1.000293485240108e+00 -1.916126502393021e-03 -8.903018513572773e-04 -1.007634107146880e+00
31 14 -1.000293822657231e+00 -1.916660961571723e-03 -8.903552987970735e-04 -1.007631759663037e+00
31 15 -1.000294116613711e+00 -1.917064955581297e-03 -8.905024024343985e-04 -1.007629807761715e+00
31 16 -1.000294364257384e+00 -1.917335724165658e-03 -8.907357659086423e-04 -1.007628268596620e+00
31 17 -1.000294563034078e+00 -1.917471734108468e-03 -8.910473354304401e-04 -1.007627155671502e+00
31 18 -1.000294710722375e+00 -1.917472668397711e-03 -8.914286324056171e-04 -1.007626478728716e+00
31 19 -1.000294805473495e+00 -1.917339404232472e-03 -8.918710046698007e-04 -1.007626243655454e+00
31 20 -1.000294845853270e+00 -1.917073975330637e-03 -8.923658956965445e-04 -1.007626452425253e+00
31 21 -1.000294830882068e+00 -1.916679515794515e-03 -8.929051190224014e-04 -1.007627103092494e+00
31 22 -1.000294760069367e+00 -1.916160188466496e-03 -8.934811152591809e-04 -1.007628189843209e+00
31 23 -1.000294633441924e+00 -1.915521106835658e-03 -8.940871660829006e-04 -1.007629703086049e+00
31 24 -1.000294451566098e+00 -1.914768261298267e-03 -8.947175446856855e-04 -1.007631629558571e+00
31 25 -1.000294215564937e+00 -1.913908456859761e-03 -8.953675930045539e-04 -1.007633952431208e+00
31 26 -1.000293927129962e+00 -1.912949263637297e-03 -8.960337281437318e-04 -1.007636651404805e+00
31 27 -1.000293588526930e+00 -1.911898977175115e-03 -8.967133891006777e-04 -1.007639702808153e+00
31 28 -1.000293202594157e+00 -1.910766582921413e-03 -8.974049371775206e-04 -1.007643079709903e+00
31 29 -1.000292772730946e+00 -1.909561717702674e-03 -8.981075194118773e-04 -1.007646752066583e+00
31 30 -1.000292302873289e+00 -1.908294621925914e-03 -8.988208973109067e-04 -1.007650686928335e+00
31 31 -1.000291797455541e+00 -1.906976080577257e-03 -8.995452379207581e-04 -1.007654848710266e+00
31 32 -1.000291261359513e+00 -1.905617356459200e-03 -9.002808644099706e-04 -1.007659199516628e+00
31 33 -1.000290699854585e+00 -1.904230121276801e-03 -9.010279694588874e-04 -1.007663699493434e+00
31 34 -1.000290118532620e+00 -1.902826387923411e-03 -9.017863044834897e-04 -1.007668307188890e+00
31 35 -1.000289523240584e+00 -1.901418443616591e-03 -9.025548672601448e-04 -1.007672979911004e+00
31 36 -1.000288920013150e+00 -1.900018781672156e-03 -9.033316160097167e-04 -1.007677674077601e+00
31 37 -1.000288315007106e+00 -1.898640029988537e-03 -9.041132367501737e-04 -1.007682345555280e+00
31 38 -1.000287714438662e+00 -1.897294875208792e-03 -9.048949825745668e-04 -1.007686949986473e+00
31 39 -1.000287124523369e+00 -1.895995982107478e-03 -9.056705917596523e-04 -1.007691443108466e+00
31 40 -1.000286551417205e+00 -1.894755907817583e-03 -9.064322817714154e-04 -1.007695781072205e+00
31 41 -1.000286001156921e+00 -1.893587009593222e-03 -9.071708125610926e-04 -1.007699920771498e+00
31 42 -1.000285479597740e+00 -1.892501342612369e-03 -9.078756152882058e-04 -1.007703820197148e+00
31 43 -1.000284992346652e+00 -1.891510541907869e-03 -9.085349885313825e-04 -1.007707438834896e+00
31 44 -1.000284544690231e+00 -1.890625681878038e-03 -9.091363689487627e-04 -1.007710738125323e+00
31 45 -1.000284141517299e+00 -1.889857109432050e-03 -9.096666835680260e-04 -1.007713681993798e+00
31 46 -1.000283787239129e+00 -1.889214252701481e-03 -9.101127837663620e-04 -1.007716237439783e+00
31 47 -1.000283485712017e+00 -1.888705414821822e-03 -9.104619465318927e-04 -1.007718375153659e+00
31 48 -1.000283240167966e+00 -1.888337568475730e-03 -9.107024115595653e-04 -1.007720070114803e+00
31 49 -1.000283053158177e+00 -1.888116168436750e-03 -9.108239113162975e-04 -1.007721302124340e+00
31 50 -1.000282926511770e+00 -1.888044995461894e-03 -9.108181512735502e-04 -1.007722056239659e+00
31 51 -1.000282861309913e+00 -1.888126038325830e-03 -9.106792080358318e-04 -1.007722323096486e+00
31 52 -1.000282857874561e+00 -1.888359415443626e-03 -9.104038279444050e-04 -1.007722099117524e+00
31 53 -1.000282915771016e+00 -1.888743335091485e-03 -9.099916220232082e-04 -1.007721386610812e+00
31 54 -1.000283033824292e+00 -1.889274093126980e-03 -9.094451618049263e-04 -1.007720193758956e+00
31 55 -1.000283210150116e+00 -1.889946108582257e-03 -9.087699832171151e-04 -1.007718534495029e+00
31 56 -1.000283442201991e+00 -1.890751999881688e-03 -9.079745023026771e-04 -1.007716428255129e+00
31 57 -1.000283726835128e+00 -1.891682705571583e-03 -9.070698404870457e-04 -1.007713899597711e+00
31 58 -1.000284060385639e+00 -1.892727650507154e-03 -9.060695547437823e-04 -1.007710977693069e+00
31 59 -1.000284438760083e+00 -1.893874951442947e-03 -9.049892735568198e-04 -1.007707695710148e+00
31 60 -1.000284857528175e+00 -1.895111648926218e-03 -9.038462509394939e-04 -1.007704090148177e+00
31 61 -1.000285312011547e+00 -1.896423949422336e-03 -9.026588620574381e-04 -1.007700200165155e+00
31 62 -1.000285797363359e+00 -1.897797462965130e-03 -9.014460713224675e-04 -1.007696066945318e+00
31 63 -1.000286308635900e+00 -1.899217424826837e-03 -9.002269067458542e-04 -1.007691733132847e+00
32 0 -1.000286532696910e+00 -1.901101324590246e-03 -8.956000930211058e-04 -1.007687411184147e+00
32 1 -1.000287080710831e+00 -1.902565626724640e-03 -8.944381868982166e-04 -1.007682809340477e+00
32 2 -1.000287640567993e+00 -1.904034025719029e-03 -8.933204957532749e-04 -1.007678131835502e+00
32 3 -1.000288207354347e+00 -1.905492002238646e-03 -8.922619191139081e-04 -1.007673423046765e+00
32 4 -1.000288776222854e+00 -1.906925388254941e-03 -8.912756794825228e-04 -1.007668727054479e+00
32 5 -1.000289342407306e+00 -1.908320468425614e-03 -8.903731572114718e-04 -1.007664087370951e+00
32 6 -1.000289901232218e+00 -1.909664077514852e-03 -8.895637699900764e-04 -1.007659546668235e+00
32 7 -1.000290448121315e+00 -1.910943698783191e-03 -8.888548930311940e-04 -1.007655146489368e+00
32 8 -1.000290978607122e+00 -1.912147565509800e-03 -8.882518213318520e-04 -1.007650926935220e+00
32 9 -1.000291488343405e+00 -1.913264763775176e-03 -8.877577801420396e-04 -1.007646926330158e+00
32 10 -1.000291973121256e+00 -1.914285331552594e-03 -8.873739899918823e-04 -1.007643180878854e+00
32 11 -1.000292428888508e+00 -1.915200347606418e-03 -8.870997869455616e-04 -1.007639724332801e+00
32 12 -1.000292851770969e+00 -1.916002003787067e-03 -8.869327903614718e-04 -1.007636587688062e+00
32 13 -1.000293238093699e+00 -1.916683656920226e-03 -8.868691039138525e-04 -1.007633798930847e+00
32 14 -1.000293584401809e+00 -1.917239861150575e-03 -8.869035335833041e-04 -1.007631382833723e+00
32 15 -1.000293887481972e+00 -1.917666385281714e-03 -8.870298092762184e-04 -1.007629360791620e+00
32 16 -1.000294144386771e+00 -1.917960219906222e-03 -8.872408038840105e-04 -1.007627750682473e+00
32 17 -1.000294352463938e+00 -1.918119576934305e-03 -8.875287522856187e-04 -1.007626566741151e+00
32 18 -1.000294509391761e+00 -1.918143881691815e-03 -8.878854786361612e-04 -1.007625819441952e+00
32 19 -1.000294613220294e+00 -1.918033755363901e-03 -8.883026396130488e-04 -1.007625515394528e+00
32 20 -1.000294662415534e+00 -1.917790983330120e-03 -8.887719838392655e-04 -1.007625657270101e+00
32 21 -1.000294655902030e+00 -1.917418465458279e-03 -8.892856167148087e-04 -1.007626243778923e+00
32 22 -1.000294593100028e+00 -1.916920149754882e-03 -8.898362502178642e-04 -1.007627269706750e+00
32 23 -1.000294473955676e+00 -1.916300957673950e-03 -8.904174132629606e-04 -1.007628725996281e+00
32 24 -1.000294298964579e+00 -1.915566711754396e-03 -8.910236019656492e-04 -1.007630599849298e+00
32 25 -1.000294069189070e+00 -1.914724072589745e-03 -8.916503590835754e-04 -1.007632874832664e+00
32 26 -1.000293786269211e+00 -1.913780486843652e-03 -8.922942834652240e-04 -1.007635530983521e+00
32 27 -1.000293452427443e+00 -1.912744144677591e-03 -8.929529788373392e-04 -1.007638544916019e+00
32 28 -1.000293070466225e+00 -1.911623942447425e-03 -8.936249542215936e-04 -1.007641889939010e+00
32 29 -1.000292643756429e+00 -1.910429443676262e-03 -8.943094857871564e-04 -1.007645536205577e+00
32 30 -1.000292176213258e+00 -1.909170830914055e-03 -8.950064441207897e-04 -1.007649450919430e+00
32 31 -1.000291672257998e+00 -1.907858845697221e-03 -8.957160854717719e-04 -1.007653598608558e+00
32 32 -1.000291136767041e+00 -1.906504720272961e-03 -8.964388045733675e-04 -1.007657941452581e+00
32 33 -1.000290575011801e+00 -1.905120107222265e-03 -8.971748518525370e-04 -1.007662439637987e+00
32 34 -1.000289992593154e+00 -1.903717010437727e-03 -8.979240270901336e-04 -1.007667051720861e+00
32 35 -1.000289395373299e+00 -1.902307717204086e-03 -8.986853707031536e-04 -1.007671734986770e+00
32 36 -1.000288789407566e+00 -1.900904729664442e-03 -8.994568792712744e-04 -1.007676445801574e+00
32 37 -1.000288180878413e+00 -1.899520694077918e-03 -9.002352716530169e-04 -1.007681139948304e+00
32 38 -1.000287576032699e+00 -1.898168326463691e-03 -9.010158253705899e-04 -1.007685772949871e+00
32 39 -1.000286981121844e+00 -1.896860333544839e-03 -9.017922918762954e-04 -1.007690300383044e+00
32 40 -1.000286402343300e+00 -1.895609328330146e-03 -9.025568889980210e-04 -1.007694678192183e+00
32 41 -1.000285845781320e+00 -1.894427738954432e-03 -9.033003643956717e-04 -1.007698863013584e+00
32 42 -1.000285317344883e+00 -1.893327707152909e-03 -9.040121259862835e-04 -1.007702812525690e+00
32 43 -1.000284822700940e+00 -1.892320970650640e-03 -9.046804404506146e-04 -1.007706485843991e+00
32 44 -1.000284367202023e+00 -1.891418723530376e-03 -9.052927050998569e-04 -1.007709843977512e+00
32 45 -1.000283955808639e+00 -1.890631450716566e-03 -9.058357989099519e-04 -1.007712850355155e+00
32 46 -1.000283593008908e+00 -1.889968737432748e-03 -9.062965129064570e-04 -1.007715471414667e+00
32 47 -1.000283282740035e+00 -1.889439062011333e-03 -9.066620468853745e-04 -1.007717677225529e+00
32 48 -1.000283028317634e+00 -1.889049588008524e-03 -9.069205424408120e-04 -1.007719442097963e+00
32 49 -1.000282832378081e+00 -1.888805973990997e-03 -9.070616103795024e-04 -1.007720745127251e+00
32 50 -1.000282696836378e+00 -1.888712214662058e-03 -9.070768105948976e-04 -1.007721570639040e+00
32 51 -1.000282622859392e+00 -1.888770519595310e-03 -9.069600526335084e-04 -1.007721908523133e+00
32 52 -1.000282610853545e+00 -1.888981231270169e-03 -9.067078985279666e-04 -1.007721754454304e+00
32 53 -1.000282660466548e+00 -1.889342782720385e-03 -9.063197613462918e-04 -1.007721109999843e+00
32 54 -1.000282770603256e+00 -1.889851694159564e-03 -9.057980022390648e-04 -1.007719982614101e+00
32 55 -1.000282939456023e+00 -1.890502607548167e-03 -9.051479336794607e-04 -1.007718385520515e+00
32 56 -1.000283164550622e+00 -1.891288360326730e-03 -9.043777344770533e-04 -1.007716337475408e+00
32 57 -1.000283442808875e+00 -1.892200102525882e-03 -9.034982753633809e-04 -1.007713862401697e+00
32 58 -1.000283770627036e+00 -1.893227459608335e-03 -9.025228506058165e-04 -1.007710988890564e+00
32 59 -1.000284143965114e+00 -1.894358735446457e-03 -9.014668168491153e-04 -1.007707749596469e+00
32 60 -1.000284558439537e+00 -1.895581141776392e-03 -9.003471520409216e-04 -1.007704180574795e+00
32 61 -1.000285009411848e+00 -1.896881038047265e-03 -8.991819575996526e-04 -1.007700320614542e+00
32 62 -1.000285492068385e+00 -1.898244167701473e-03 -8.979899329849252e-04 -1.007696210606348e+00
32 63 -1.000286001488032e+00 -1.899655879436491e-03 -8.967898549072196e-04 -1.007691892973718e+00
33 0 -1.000286173956187e+00 -1.901462099400023e-03 -8.924742229487088e-04 -1.007687732970579e+00
33 1 -1.000286721236640e+00 -1.902921304840657e-03 -8.913273988694564e-04 -1.007683137255545e+00
33 2 -1.000287281252701e+00 -1.904386963409205e-03 -8.902224645386059e-04 -1.007678458515702e+00
33 3 -1.000287849092043e+00 -1.905844591917487e-03 -8.891741434229223e-04 -1.007673741167201e+00
33 4 -1.000288419902209e+00 -1.907280035854103e-03 -8.881955057119533e-04 -1.007669029397128e+00
33 5 -1.000288988904489e+00 -1.908679569938441e-03 -8.872978073902083e-04 -1.007664366891648e+00
33 6 -1.000289551403650e+00 -1.910029994297326e-03 -8.864903757608593e-04 -1.007659796562874e+00
33 7 -1.000290102795976e+00 -1.911318731376549e-03 -8.857805361226790e-04 -1.007655360260046e+00
33 8 -1.000290638578201e+00 -1.912533926176098e-03 -8.851735790194029e-04 -1.007651098456731e+00
33 9 -1.000291154359311e+00 -1.913664548538604e-03 -8.846727727224848e-04 -1.007647049915855e+00
33 10 -1.000291645876342e+00 -1.914700493034919e-03 -8.842794268701741e-04 -1.007643251343308e+00
33 11 -1.000292109014082e+00 -1.915632670096719e-03 -8.839930084493213e-04 -1.007639737048036e+00
33 12 -1.000292539827191e+00 -1.916453081761335e-03 -8.838113036008653e-04 -1.007636538630607e+00
33 13 -1.000292934562781e+00 -1.917154877630153e-03 -8.837306126740968e-04 -1.007633684718154e+00
33 14 -1.000293289682528e+00 -1.917732390990989e-03 -8.837459638246889e-04 -1.007631200750699e+00
33 15 -1.000293601885105e+00 -1.918181158869434e-03 -8.838513323639597e-04 -1.007629108810221e+00
33 16 -1.000293868130962e+00 -1.918497930854947e-03 -8.840398586232103e-04 -1.007627427477614e+00
33 17 -1.000294085671845e+00 -1.918680670290780e-03 -8.843040648243417e-04 -1.007626171703631e+00
33 18 -1.000294252086748e+00 -1.918728549076656e-03 -8.846360777084447e-04 -1.007625352685884e+00
33 19 -1.000294365324270e+00 -1.918641934209649e-03 -8.850278643287567e-04 -1.007624977755399e+00
33 20 -1.000294423748578e+00 -1.918422361322701e-03 -8.854714821643939e-04 -1.007625050290165e+00
33 21 -1.000294426184428e+00 -1.918072490849213e-03 -8.859593343625850e-04 -1.007625569677491e+00
33 22 -1.000294371957093e+00 -1.917596047494231e-03 -8.864844114968501e-04 -1.007626531334636e+00
33 23 -1.000294260925031e+00 -1.916997749977774e-03 -8.870404970726420e-04 -1.007627926777588e+00
33 24 -1.000294093504853e+00 -1.916283240399163e-03 -8.876223168158003e-04 -1.007629743718134e+00
33 25 -1.000293870688771e+00 -1.915459020212714e-03 -8.882256201468306e-04 -1.007631966172894e+00
33 26 -1.000293594055060e+00 -1.914532396005611e-03 -8.888471926545274e-04 -1.007634574575256e+00
33 27 -1.000293265772142e+00 -1.913511435001849e-03 -8.894848069696310e-04 -1.007637545887742e+00
33 28 -1.000292888595891e+00 -1.912404926567306e-03 -8.901371234805939e-04 -1.007640853723173e+00
33 29 -1.000292465857889e+00 -1.911222342390317e-03 -8.908035510197127e-04 -1.007644468496624e+00
33 30 -1.000292001441478e+00 -1.909973787826149e-03 -8.914840725480997e-04 -1.007648357633213e+00
33 31 -1.000291499743977e+00 -1.908669941642335e-03 -8.921790357265413e-04 -1.007652485841398e+00
33 32 -1.000290965626248e+00 -1.907321987373106e-03 -8.928889070818278e-04 -1.007656815439600e+00
33 33 -1.000290404352666e+00 -1.905941541803385e-03 -8.936139927753351e-04 -1.007661306712906e+00
33 34 -1.000289821525032e+00 -1.904540584272299e-03 -8.943541369581107e-04 -1.007665918279345e+00
33 35 -1.000289223013686e+00 -1.903131387607275e-03 -8.951084170898421e-04 -1.007670607452208e+00
33 36 -1.000288614888789e+00 -1.901726449641937e-03 -8.958748614538439e-04 -1.007675330589977e+00
33 37 -1.000288003353969e+00 -1.900338423362087e-03 -8.966502149042016e-04 -1.007680043430245e+00
33 38 -1.000287394683361e+00 -1.898980043670089e-03 -8.974297731411987e-04 -1.007684701409281e+00
33 39 -1.000286795161721e+00 -1.897664049622422e-03 -8.982072952318542e-04 -1.007689259972240e+00
33 40 -1.000286211026222e+00 -1.896403101541862e-03 -8.989749939832295e-04 -1.007693674881546e+00
33 41 -1.000285648407674e+00 -1.895209691174351e-03 -8.997235991216525e-04 -1.007697902535588e+00
33 42 -1.000285113268641e+00 -1.894096040788077e-03 -9.004424894574211e-04 -1.007701900315132e+00
33 43 -1.000284611336517e+00 -1.893073985839793e-03 -9.011198940567089e-04 -1.007705626975907e+00
33 44 -1.000284148030838e+00 -1.892154836065209e-03 -9.017431658770259e-04 -1.007709043102130e+00
33 45 -1.000283728385353e+00 -1.891349211155360e-03 -9.022991323321537e-04 -1.007712111629426e+00
33 46 -1.000283356967049e+00 -1.890666850909168e-03 -9.027745228377369e-04 -1.007714798433266e+00
33 47 -1.000283037796543e+00 -1.890116407398530e-03 -9.031564611885775e-04 -1.007717072956871e+00
33 48 -1.000282774276063e+00 -1.889705235175479e-03 -9.034329940458086e-04 -1.007718908829895e+00
33 49 -1.000282569130551e+00 -1.889439198399451e-03 -9.035936150280007e-04 -1.007720284424516e+00
33 50 -1.000282424364446e+00 -1.889322508806085e-03 -9.036297436556524e-04 -1.007721183313228e+00
33 51 -1.000282341233961e+00 -1.889357600975557e-03 -9.035351276734923e-04 -1.007721594615186e+00
33 52 -1.000282320233904e+00 -1.889545047160149e-03 -9.033061492974847e-04 -1.007721513228241e+00
33 53 -1.000282361098703e+00 -1.889883512562804e-03 -9.029420270217469e-04 -1.007720939945160e+00
33 54 -1.000282462817603e+00 -1.890369750297362e-03 -9.024449144187337e-04 -1.007719881455321e+00
33 55 -1.000282623664146e+00 -1.890998634202651e-03 -9.018199035486877e-04 -1.007718350235091e+00
33 56 -1.000282841240941e+00 -1.891763230093747e-03 -9.010749394423599e-04 -1.007716364322797e+00
33 57 -1.000283112541103e+00 -1.892654909667383e-03 -9.002206454856872e-04 -1.007713946965600e+00
33 58 -1.000283434025713e+00 -1.893663509837929e-03 -8.992700559418275e-04 -1.007711126134251e+00
33 59 -1.000283801712611e+00 -1.894777532372874e-03 -8.982382573934848e-04 -1.007707933929131e+00
33 60 -1.000284211268907e+00 -1.895984370570480e-03 -8.971419522539617e-04 -1.007704405925303e+00
33 61 -1.000284658099809e+00 -1.897270547141943e-03 -8.959989671219763e-04 -1.007700580508338e+00
33 62 -1.000285137428538e+00 -1.898621949241547e-03 -8.948277339875392e-04 -1.007696498242226e+00
33 63 -1.000285644364173e+00 -1.900024048846745e-03 -8.936467751613699e-04 -1.007692201299354e+00
34 0 -1.000285767738444e+00 -1.901748293441442e-03 -8.896726159040142e-04 -1.007688202893809e+00
34 1 -1.000286313688852e+00 -1.903201108891172e-03 -8.885406965633139e-04 -1.007683617561456e+00
34 2 -1.000286873272593e+00 -1.904662722078776e-03 -8.874483595925458e-04 -1.007678941802903e+00
34 3 -1.000287441582747e+00 -1.906118694589401e-03 -8.864101539856764e-04 -1.007674220046426e+00
34 4 -1.000288013765147e+00 -1.907554894021650e-03 -8.854389995239294e-04 -1.007669496560089e+00
34 5 -1.000288585032532e+00 -1.908957594217360e-03 -8.845460294613154e-04 -1.007664815176913e+00
34 6 -1.000289150674445e+00 -1.910313570926072e-03 -8.837404811753099e-04 -1.007660219018656e+00
34 7 -1.000289706064886e+00 -1.911610197362987e-03 -8.830296289250208e-04 -1.007655750206757e+00
34 8 -1.000290246670443e+00 -1.912835542735214e-03 -8.824187565112441e-04 -1.007651449551247e+00
34 9 -1.000290768061371e+00 -1.913978473680734e-03 -8.819111725209431e-04 -1.007647356215927e+00
34 10 -1.000291265927045e+00 -1.915028754808727e-03 -8.815082730584413e-04 -1.007643507368817e+00
34 11 -1.000291736095733e+00 -1.915977141837102e-03 -8.812096535892209e-04 -1.007639937836531e+00
34 12 -1.000292174557284e+00 -1.916815460399074e-03 -8.810132647675663e-04 -1.007636679785178e+00
34 13 -1.000292577486757e+00 -1.917536665745521e-03 -8.809156013663129e-04 -1.007633762445914e+00
34 14 -1.000292941267712e+00 -1.918134882442513e-03 -8.809119111252223e-04 -1.007631211892065e+00
34 15 -1.000293262515479e+00 -1.918605426945676e-03 -8.809964114344621e-04 -1.007629050861934e+00
34 16 -1.000293538102301e+00 -1.918944817951860e-03 -8.811625059567249e-04 -1.007627298612690e+00
34 17 -1.000293765187046e+00 -1.919150779048769e-03 -8.814029999459202e-04 -1.007625970788854e+00
34 18 -1.000293941251546e+00 -1.919222235692956e-03 -8.817103193011851e-04 -1.007625079295143e+00
34 19 -1.000294064143696e+00 -1.919159304915428e-03 -8.820767399866129e-04 -1.007624632176368e+00
34 20 -1.000294132124843e+00 -1.918963273300533e-03 -8.824946293546034e-04 -1.007624633520681e+00
34 21 -1.000294143917162e+00 -1.918636559011867e-03 -8.829566915906324e-04 -1.007625083406943e+00
34 22 -1.000294098746492e+00 -1.918182657544911e-03 -8.834562007876261e-04 -1.007625977908149e+00
34 23 -1.000293996377558e+00 -1.917606076116117e-03 -8.839872008785463e-04 -1.007627309147090e+00
34 24 -1.000293837140369e+00 -1.916912264741025e-03 -8.845446532226061e-04 -1.007629065388673e+00
34 25 -1.000293621948135e+00 -1.916107551673816e-03 -8.851245193897527e-04 -1.007631231150619e+00
34 26 -1.000293352307747e+00 -1.915199087939004e-03 -8.857237762209218e-04 -1.007633787318736e+00
34 27 -1.000293030323690e+00 -1.914194801561217e-03 -8.863403689421446e-04 -1.007636711262555e+00
34 28 -1.000292658694986e+00 -1.913103357716428e-03 -8.869731127046269e-04 -1.007639976960358e+00
34 29 -1.000292240703238e+00 -1.911934117886067e-03 -8.876215523440938e-04 -1.007643555154292e+00
34 30 -1.000291780189090e+00 -1.910697091218580e-03 -8.882857860997915e-04 -1.007647413557692e+00
34 31 -1.000291281515412e+00 -1.909402875058712e-03 -8.889662548212564e-04 -1.007651517124665e+00
34 32 -1.000290749517684e+00 -1.908062586540369e-03 -8.896634968910764e-04 -1.007655828374104e+00
34 33 -1.000290189444117e+00 -1.906687790035123e-03 -8.903778721117378e-04 -1.007660307747724e+00
34 34 -1.000289606889188e+00 -1.905290424906512e-03 -8.911092644675303e-04 -1.007664913979464e+00
34 35 -1.000289007724287e+00 -1.903882735555707e-03 -8.918567816678917e-04 -1.007669604458999e+00
34 36 -1.000288398028560e+00 -1.902477202996871e-03 -8.926184755335559e-04 -1.007674335580318e+00
34 37 -1.000287784022098e+00 -1.901086475610878e-03 -8.933911085243207e-04 -1.007679063073402e+00
34 38 -1.000287172002587e+00 -1.899723296874164e-03 -8.941699866128976e-04 -1.007683742321121e+00
34 39 -1.000286568285332e+00 -1.898400428947174e-03 -8.949488691438318e-04 -1.007688328665512e+00
34 40 -1.000285979145279e+00 -1.897130571259426e-03 -8.957199569558058e-04 -1.007692777711095e+00
34 41 -1.000285410758494e+00 -1.895926271807041e-03 -8.964739550878541e-04 -1.007697045638786e+00
34 42 -1.000284869140394e+00 -1.894799826954815e-03 -8.972002064703489e-04 -1.007701089548566e+00
34 43 -1.000284360078741e+00 -1.893763164633369e-03 -8.978868957572945e-04 -1.007704867848920e+00
34 44 -1.000283889060669e+00 -1.892827706010920e-03 -8.985213253223109e-04 -1.007708340707551e+00
34 45 -1.000283461194249e+00 -1.892004201832546e-03 -8.990902663729055e-04 -1.007711470572305e+00
34 46 -1.000283081126774e+00 -1.891302543170834e-03 -8.995803843329880e-04 -1.007714222759339e+00
34 47 -1.000282752964210e+00 -1.890731553599536e-03 -8.999787268374435e-04 -1.007716566084031e+00
34 48 -1.000282480197909e+00 -1.890298778019574e-03 -9.002732474185613e-04 -1.007718473487776e+00
34 49 -1.000282265644214e+00 -1.890010286791522e-03 -9.004533262134989e-04 -1.007719922607180e+00
34 50 -1.000282111399871e+00 -1.889870510006931e-03 -9.005102476642527e-04 -1.007720896246500e+00
34 51 -1.000282018813383e+00 -1.889882109539369e-03 -9.004376035260944e-04 -1.007721382736207e+00
34 52 -1.000281988471240e+00 -1.890045891323937e-03 -9.002316013343042e-04 -1.007721376174471e+00
34 53 -1.000282020198253e+00 -1.890360758157382e-03 -8.998912693114823e-04 -1.007720876552487e+00
34 54 -1.000282113071813e+00 -1.890823702108446e-03 -8.994185578223738e-04 -1.007719889766072e+00
34 55 -1.000282265450378e+00 -1.891429835140009e-03 -8.988183436834667e-04 -1.007718427515631e+00
34 56 -1.000282475017283e+00 -1.892172458335296e-03 -8.980983439082975e-04 -1.007716507090780e+00
34 57 -1.000282738841080e+00 -1.893043172932889e-03 -8.972689403419601e-04 -1.007714151029487e+00
34 58 -1.000283053451785e+00 -1.894032035638558e-03 -8.963429129308443e-04 -1.007711386647940e+00
34 59 -1.000283414928851e+00 -1.895127754308281e-03 -8.953350836472903e-04 -1.007708245459888e+00
34 60 -1.000283818993605e+00 -1.896317912032334e-03 -8.942618838676151e-04 -1.007704762528742e+00
34 61 -1.000284261098447e+00 -1.897589203503264e-03 -8.931408680307988e-04 -1.007700975805271e+00
34 62 -1.000284736506963e+00 -1.898927668514155e-03 -8.919902015145630e-04 -1.007696925496396e+00
34 63 -1.000285240361664e+00 -1.900318910715867e-03 -8.908281523505900e-04 -1.007692653496044e+00
35 0 -1.000285317512177e+00 -1.901957625923970e-03 -8.872218179097757e-04 -1.007688815491120e+00
35 1 -1.000285861557877e+00 -1.903402840685688e-03 -8.861044270508026e-04 -1.007684244649268e+00
35 2 -1.000286420133329e+00 -1.904859166204697e-03 -8.850243446246892e-04 -1.007679576003488e+00
35 3 -1.000286988340422e+00 -1.906312216538771e-03 -8.839959495327586e-04 -1.007674853968928e+00
35 4 -1.000287561326859e+00 -1.907747889627632e-03 -8.830320154686227e-04 -1.007670122868076e+00
35 5 -1.000288134300755e+00 -1.909152467567132e-03 -8.821435565473396e-04 -1.007665426651810e+00
35 6 -1.000288702540804e+00 -1.910512711971773e-03 -8.813397223910306e-04 -1.007660808619745e+00
35 7 -1.000289261403630e+00 -1.911815958315077e-03 -8.806277365267247e-04 -1.007656311130805e+00
35 8 -1.000289806331194e+00 -1.913050212782772e-03 -8.800128745556993e-04 -1.007651975293573e+00
35 9 -1.000290332861141e+00 -1.914204252642321e-03 -8.794984827360931e-04 -1.007647840631852e+00
35 10 -1.000290836641742e+00 -1.915267727048199e-03 -8.790860403973360e-04 -1.007643944732993e+00
35 11 -1.000291313451529e+00 -1.916231251885500e-03 -8.787752679091618e-04 -1.007640322897628e+00
35 12 -1.000291759222296e+00 -1.917086491394095e-03 -8.785642765883110e-04 -1.007637007813756e+00
35 13 -1.000292170063510e+00 -1.917826221176450e-03 -8.784497515457887e-04 -1.007634029274271e+00
35 14 -1.000292542286532e+00 -1.918444370975517e-03 -8.784271556475986e-04 -1.007631413946531e+00
35 15 -1.000292872428632e+00 -1.918936049662701e-03 -8.784909430747560e-04 -1.007629185189494e+00
35 16 -1.000293157278563e+00 -1.919297557285769e-03 -8.786347743979446e-04 -1.007627362904053e+00
35 17 -1.000293393906366e+00 -1.919526388882516e-03 -8.788517308947404e-04 -1.007625963399754e+00
35 18 -1.000293579699707e+00 -1.919621232607241e-03 -8.791345313763164e-04 -1.007624999266374e+00
35 19 -1.000293712407334e+00 -1.919581961624822e-03 -8.794757564830408e-04 -1.007624479250042e+00
35 20 -1.000293790187780e+00 -1.919409616321690e-03 -8.798680817029675e-04 -1.007624408146700e+00
35 21 -1.000293811659071e+00 -1.919106372329098e-03 -8.803045129390771e-04 -1.007624786733910e+00
35 22 -1.000293775944305e+00 -1.918675492277322e-03 -8.807786106595884e-04 -1.007625611758070e+00
35 23 -1.000293682709207e+00 -1.918121264446091e-03 -8.812846837468816e-04 -1.007626875978547e+00
35 24 -1.000293532190199e+00 -1.917448936027921e-03 -8.818179343925773e-04 -1.007628568254025e+00
35 25 -1.000293325213413e+00 -1.916664649299830e-03 -8.823745411459936e-04 -1.007630673650673e+00
35 26 -1.000293063205698e+00 -1.915775385776996e-03 -8.829516761563324e-04 -1.007633173557744e+00
35 27 -1.000292748198375e+00 -1.914788919052662e-03 -8.835474607929829e-04 -1.007636045806874e+00
35 28 -1.000292382823746e+00 -1.913713773345759e-03 -8.841608683034106e-04 -1.007639264801877e+00
35 29 -1.000291970303183e+00 -1.912559182122890e-03 -8.847915825734609e-04 -1.007642801675231e+00
35 30 -1.000291514424439e+00 -1.911335040332805e-03 -8.854398196321109e-04 -1.007646624491791e+00
35 31 -1.000291019506006e+00 -1.910051846136378e-03 -8.861061151946941e-04 -1.007650698513272e+00
35 32 -1.000290490348356e+00 -1.908720632867923e-03 -8.867910797339235e-04 -1.007654986519612e+00
35 33 -1.000289932174445e+00 -1.907352895959845e-03 -8.874951245716416e-04 -1.007659449166936e+00
35 34 -1.000289350563310e+00 -1.905960519880088e-03 -8.882181684994103e-04 -1.007664045357447e+00
35 35 -1.000288751380475e+00 -1.904555707426024e-03 -8.889593419596349e-04 -1.007668732603305e+00
35 36 -1.000288140708211e+00 -1.903150910821455e-03 -8.897167113753044e-04 -1.007673467375446e+00
35 37 -1.000287524778093e+00 -1.901758762713125e-03 -8.904870473948869e-04 -1.007678205434136e+00
35 38 -1.000286909907331e+00 -1.900392005081453e-03 -8.912656568777654e-04 -1.007682902142212e+00
35 39 -1.000286302438779e+00 -1.899063414375415e-03 -8.920462904705152e-04 -1.007687512766463e+00
35 40 -1.000285708682941e+00 -1.897785721238501e-03 -8.928211288092723e-04 -1.007691992777109e+00
35 41 -1.000285134859412e+00 -1.896571522539510e-03 -8.935808447135188e-04 -1.007696298158788e+00
35 42 -1.000284587035169e+00 -1.895433181998722e-03 -8.943147379466661e-04 -1.007700385749408e+00
35 43 -1.000284071057674e+00 -1.894382714302801e-03 -8.950109414015131e-04 -1.007704213625052e+00
35 44 -1.000283592481667e+00 -1.893431647349334e-03 -8.956566998294750e-04 -1.007707741547620e+00
35 45 -1.000283156490068e+00 -1.892590858855072e-03 -8.962387223969164e-04 -1.007710931484924e+00
35 46 -1.000282767811401e+00 -1.891870387510463e-03 -8.967436067356163e-04 -1.007713748199184e+00
35 47 -1.000282430638294e+00 -1.891279225381695e-03 -8.971583229766077e-04 -1.007716159880123e+00
35 48 -1.000282148552963e+00 -1.890825105640938e-03 -8.974707326454166e-04 -1.007718138778925e+00
35 49 -1.000281924465220e+00 -1.890514303809089e-03 -8.976701056205033e-04 -1.007719661790479e+00
35 50 -1.000281760566416e+00 -1.890351468365631e-03 -8.977475958924526e-04 -1.007720710940823e+00
35 51 -1.000281658299810e+00 -1.890339489600376e-03 -8.976966444791019e-04 -1.007721273758315e+00
35 52 -1.000281618346190e+00 -1.890479409208368e-03 -8.975132896104021e-04 -1.007721343525249e+00
35 53 -1.000281640623478e+00 -1.890770370369813e-03 -8.971963746597294e-04 -1.007720919413186e+00
35 54 -1.000281724300066e+00 -1.891209607521529e-03 -8.967476524723102e-04 -1.007720006504628e+00
35 55 -1.000281867822403e+00 -1.891792474857493e-03 -8.961717909042532e-04 -1.007718615702119e+00
35 56 -1.000282068957862e+00 -1.892512513474064e-03 -8.954762861181376e-04 -1.007716763522572e+00
35 57 -1.000282324853849e+00 -1.893361559311346e-03 -8.946712865087060e-04 -1.007714471769600e+00
35 58 -1.000282632112702e+00 -1.894329894371823e-03 -8.937693263420229e-04 -1.007711767079020e+00
35 59 -1.000282986878823e+00 -1.895406438625272e-03 -8.927849714541457e-04 -1.007708680351187e+00
35 60 -1.000283384931059e+00 -1.896578971534069e-03 -8.917343897888306e-04 -1.007705246110252e+00
35 61 -1.000283821772181e+00 -1.897834366580534e-03 -8.906348699308722e-04 -1.007701501845147e+00
35 62 -1.000284292709110e+00 -1.899158822920000e-03 -8.895043155788245e-04 -1.007697487380507e+00
35 63 -1.000284792920668e+00 -1.900538082613181e-03 -8.883607443232987e-04 -1.007693244307812e+00
36 0 -1.000284827071479e+00 -1.902088458925857e-03 -8.851444252876392e-04 -1.007689564748880e+00
36 1 -1.000285368659783e+00 -1.903524947390640e-03 -8.840410104975858e-04 -1.007685012350468e+00
36 2 -1.000285925666180e+00 -1.904974808142971e-03 -8.829726787126355e-04 -1.007680354856438e+00
36 3 -1.000286493204605e+00 -1.906423714628499e-03 -8.819536458842884e-04 -1.007675636644005e+00
36 4 -1.000287066428221e+00 -1.907857603117279e-03 -8.809965462532638e-04 -1.007670902062214e+00
36 5 -1.000287640544439e+00 -1.909262773101596e-03 -8.801122801654661e-04 -1.007666195149070e+00
36 6 -1.000288210825336e+00 -1.910625982241864e-03 -8.793099131504929e-04 -1.007661559349207e+00
36 7 -1.000288772614903e+00 -1.911934539724707e-03 -8.785966195785970e-04 -1.007657037223289e+00
36 8 -1.000289321335956e+00 -1.913176401785869e-03 -8.779776661040501e-04 -1.007652670138466e+00
36 9 -1.000289852499713e+00 -1.914340270923538e-03 -8.774564338225219e-04 -1.007648497934539e+00
36 10 -1.000290361720038e+00 -1.915415696505173e-03 -8.770344810338761e-04 -1.007644558571670e+00
36 11 -1.000290844732722e+00 -1.916393170870496e-03 -8.767116479966358e-04 -1.007640887776701e+00
36 12 -1.000291297418630e+00 -1.917264213378854e-03 -8.764862012505644e-04 -1.007637518711383e+00
36 13 -1.000291715828569e+00 -1.918021436240360e-03 -8.763550103746496e-04 -1.007634481683395e+00
36 14 -1.000292096208166e+00 -1.918658590010731e-03 -8.763137467986581e-04 -1.007631803909873e+00
36 15 -1.000292435022570e+00 -1.919170590969860e-03 -8.763570939081348e-04 -1.007629509329181e+00
36 16 -1.000292728982459e+00 -1.919553534824133e-03 -8.764789605403213e-04 -1.007627618447689e+00
36 17 -1.000292975073785e+00 -1.919804701112030e-03 -8.766726948645923e-04 -1.007626148206166e+00
36 18 -1.000293170593744e+00 -1.919922551575482e-03 -8.769313000070474e-04 -1.007625111852750e+00
36 19 -1.000293313194343e+00 -1.919906723644770e-03 -8.772476542865086e-04 -1.007624518817009e+00
36 20 -1.000293400932298e+00 -1.919758016638160e-03 -8.776147367513449e-04 -1.007624374594093e+00
36 21 -1.000293432320866e+00 -1.919478365384123e-03 -8.780258533328531e-04 -1.007624680662004e+00
36 22 -1.000293406377872e+00 -1.919070797442892e-03 -8.784748519730869e-04 -1.007625434454370e+00
36 23 -1.000293322665570e+00 -1.918539376074576e-03 -8.789563096059076e-04 -1.007626629393176e+00
36 24 -1.000293181320779e+00 -1.917889136584522e-03 -8.794656732430540e-04 -1.007628254966433e+00
36 25 -1.000292983075479e+00 -1.917126024182864e-03 -8.799993424627147e-04 -1.007630296830726e+00
36 26 -1.000292729268558e+00 -1.916256838065881e-03 -8.805546885244960e-04 -1.007632736926137e+00
36 27 -1.000292421849487e+00 -1.915289182868664e-03 -8.811300124024022e-04 -1.007635553599240e+00
36 28 -1.000292063374643e+00 -1.914231425990743e-03 -8.817244484776324e-04 -1.007638721736381e+00
36 29 -1.000291656995761e+00 -1.913092656333159e-03 -8.823378223589557e-04 -1.007642212919205e+00
36 30 -1.000291206438254e+00 -1.911882637752890e-03 -8.829704703026887e-04 -1.007645995623479e+00
36 31 -1.000290715966773e+00 -1.910611752107657e-03 -8.836230247827791e-04 -1.007650035478244e+00
36 32 -1.000290190337504e+00 -1.909290932049578e-03 -8.842961687298235e-04 -1.007654295583247e+00
36 33 -1.000289634739473e+00 -1.907931588258868e-03 -8.849903627846820e-04 -1.007658736864193e+00
36 34 -1.000289054728511e+00 -1.906545536089614e-03 -8.857055554757867e-04 -1.007663318441347e+00
36 35 -1.000288456157431e+00 -1.905144923986200e-03 -8.864408925180553e-04 -1.007667997994098e+00
36 36 -1.000287845105664e+00 -1.903742163765681e-03 -8.871944457861366e-04 -1.007672732110989e+00
36 37 -1.000287227811220e+00 -1.902349861762576e-03 -8.879629839248877e-04 -1.007677476619143e+00
36 38 -1.000286610606727e+00 -1.900980748934026e-03 -8.887418042107703e-04 -1.007682186893416e+00
36 39 -1.000285999859279e+00 -1.899647607386032e-03 -8.895246386698571e-04 -1.007686818153275e+00
36 40 -1.000285401912236e+00 -1.898363191019413e-03 -8.903036387952710e-04 -1.007691325759342e+00
36 41 -1.000284823026514e+00 -1.897140138219785e-03 -8.910694370648979e-04 -1.007695665521946e+00
36 42 -1.000284269318954e+00 -1.895990873331818e-03 -8.918112823555200e-04 -1.007699794036204e+00
36 43 -1.000283746695499e+00 -1.894927491706726e-03 -8.925172482392720e-04 -1.007703669062418e+00
36 44 -1.000283260777780e+00 -1.893961622572469e-03 -8.931745145205350e-04 -1.007707249970566e+00
36 45 -1.000282816823370e+00 -1.893104265949696e-03 -8.937697217038201e-04 -1.007710498259345e+00
36 46 -1.000282419642309e+00 -1.892365604022788e-03 -8.942893946294805e-04 -1.007713378145274e+00
36 47 -1.000282073514525e+00 -1.891754793472027e-03 -8.947204235066583e-04 -1.007715857198633e+00
36 48 -1.000281782114008e+00 -1.891279752213632e-03 -8.950505782422457e-04 -1.007717906984319e+00
36 49 -1.000281548445311e+00 -1.890946958355664e-03 -8.952690209346454e-04 -1.007719503655545e+00
36 50 -1.000281374796046e+00 -1.890761277522450e-03 -8.953667788099228e-04 -1.007720628455476e+00
36 51 -1.000281262706090e+00 -1.890725828108245e-03 -8.953371467341283e-04 -1.007721268102564e+00
36 52 -1.000281212952339e+00 -1.890841887576859e-03 -8.951759991106791e-04 -1.007721415054518e+00
36 53 -1.000281225547637e+00 -1.891108839865149e-03 -8.948820005210006e-04 -1.007721067653641e+00
36 54 -1.000281299753452e+00 -1.891524162995634e-03 -8.944567125603014e-04 -1.007720230156984e+00
36 55 -1.000281434106647e+00 -1.892083455436173e-03 -8.939046009542729e-04 -1.007718912654352e+00
36 56 -1.000281626461211e+00 -1.892780500597908e-03 -8.932329492986858e-04 -1.007717130873939e+00
36 57 -1.000281874046024e+00 -1.893607371536829e-03 -8.924516825627743e-04 -1.007714905868349e+00
36 58 -1.000282173538547e+00 -1.894554578673940e-03 -8.915731002746734e-04 -1.007712263574106e+00
36 59 -1.000282521151154e+00 -1.895611258285513e-03 -8.906115229559138e-04 -1.007709234256192e+00
36 60 -1.000282912723185e+00 -1.896765390907797e-03 -8.895828654814627e-04 -1.007705851876659e+00
36 61 -1.000283343810445e+00 -1.898004033331878e-03 -8.885041604966626e-04 -1.007702153441379e+00
36 62 -1.000283809765699e+00 -1.899313548640600e-03 -8.873930590532732e-04 -1.007698178372383e+00
36 63 -1.000284305806791e+00 -1.900679822678607e-03 -8.862673358492983e-04 -1.007693967936740e+00
37 0 -1.000284300518898e+00 -1.902139794706053e-03 -8.834589019253960e-04 -1.007690444178696e+00
37 1 -1.000284839118832e+00 -1.903566517268674e-03 -8.823687610954674e-04 -1.007685914015304e+00
37 2 -1.000285394010303e+00 -1.905008802535463e-03 -8.813115411918463e-04 -1.007681271612850e+00
37 3 -1.000285960322582e+00 -1.906452389922165e-03 -8.803013045464186e-04 -1.007676561284726e+00
37 4 -1.000286533217908e+00 -1.907883261736279e-03 -8.793505545488315e-04 -1.007671827377638e+00
37 5 -1.000287107906837e+00 -1.909287743682787e-03 -8.784700849745261e-04 -1.007667113985450e+00
37 6 -1.000287679658993e+00 -1.910652599504925e-03 -8.776688824635316e-04 -1.007662464663984e+00
37 7 -1.000288243810461e+00 -1.911965123718226e-03 -8.769540748254204e-04 -1.007657922137986e+00
37 8 -1.000288795770390e+00 -1.913213236107708e-03 -8.763309193274289e-04 -1.007653527990787e+00
37 9 -1.000289331029793e+00 -1.914385579733138e-03 -8.758028285952483e-04 -1.007649322331410e+00
37 10 -1.000289845174911e+00 -1.915471620912989e-03 -8.753714345442659e-04 -1.007645343442853e+00
37 11 -1.000290333905994e+00 -1.916461745982152e-03 -8.750366908598284e-04 -1.007641627426450e+00
37 12 -1.000290793060351e+00 -1.917347347226531e-03 -8.747970121865962e-04 -1.007638207865654e+00
37 13 -1.000291218637442e+00 -1.918120891228993e-03 -8.746494446887853e-04 -1.007635115531660e+00
37 14 -1.000291606824189e+00 -1.918775966901268e-03 -8.745898594833872e-04 -1.007632378141711e+00
37 15 -1.000291954020188e+00 -1.919307314934366e-03 -8.746131593071129e-04 -1.007630020166563e+00
37 16 -1.000292256863996e+00 -1.919710842649270e-03 -8.747134906629526e-04 -1.007628062675158e+00
37 17 -1.000292512262675e+00 -1.919983628555744e-03 -8.748844575848796e-04 -1.007626523201957e+00
37 18 -1.000292717427318e+00 -1.920123920666272e-03 -8.751193366469006e-04 -1.007625415622023e+00
37 19 -1.000292869916502e+00 -1.920131131041793e-03 -8.754112942192798e-04 -1.007624750024326e+00
37 20 -1.000292967686973e+00 -1.920005825036853e-03 -8.757536058117780e-04 -1.007624532589245e+00
37 21 -1.000293009147235e+00 -1.919749699722135e-03 -8.761398735568170e-04 -1.007624765493727e+00
37 22 -1.000292993207961e+00 -1.919365546617519e-03 -8.765642320753105e-04 -1.007625446869473e+00
37 23 -1.000292919324439e+00 -1.918857199687692e-03 -8.770215277261482e-04 -1.007626570821957e+00
37 24 -1.000292787529006e+00 -1.918229475318623e-03 -8.775074550398820e-04 -1.007628127497719e+00
37 25 -1.000292598453305e+00 -1.917488112001602e-03 -8.780186380058113e-04 -1.007630103181171e+00
37 26 -1.000292353340949e+00 -1.916639714656431e-03 -8.785526504371363e-04 -1.007632480408053e+00
37 27 -1.000292054051586e+00 -1.915691705488185e-03 -8.791079759091577e-04 -1.007635238089434e+00
37 28 -1.000291703057420e+00 -1.914652280759616e-03 -8.796839124687301e-04 -1.007638351645979e+00
37 29 -1.000291303432088e+00 -1.913530369680024e-03 -8.802804299204697e-04 -1.007641793162275e+00
37 30 -1.000290858829886e+00 -1.912335588988670e-03 -8.808979872961665e-04 -1.007645531581273e+00
37 31 -1.000290373452717e+00 -1.911078187849526e-03 -8.815373158202523e-04 -1.007649532956493e+00
37 32 -1.000289852003887e+00 -1.909768982418390e-03 -8.821991712918809e-04 -1.007653760762432e+00
37 33 -1.000289299630470e+00 -1.908419283897865e-03 -8.828840617989030e-04 -1.007658176245494e+00
37 34 -1.000288721857628e+00 -1.907040824845430e-03 -8.835919612473421e-04 -1.007662738791731e+00
37 35 -1.000288124518626e+00 -1.905645686751056e-03 -8.843220237859844e-04 -1.007667406292054e+00
37 36 -1.000287513684092e+00 -1.904246229827650e-03 -8.850723176495507e-04 -1.007672135492059e+00
37 37 -1.000286895593544e+00 -1.902855024319505e-03 -8.858395989154085e-04 -1.007676882319771e+00
37 38 -1.000286276590889e+00 -1.901484781233134e-03 -8.866191444851298e-04 -1.007681602192411e+00
37 39 -1.000285663063787e+00 -1.900148279738682e-03 -8.874046577303066e-04 -1.007686250310566e+00
37 40 -1.000285061385212e+00 -1.898858288844637e-03 -8.881882519241514e-04 -1.007690781951431e+00
37 41 -1.000284477854765e+00 -1.897627481094096e-03 -8.889605107737257e-04 -1.007695152773680e+00
37 42 -1.000283918637055e+00 -1.896468334810522e-03 -8.897106242490700e-04 -1.007699319149157e+00
37 43 -1.000283389694760e+00 -1.895393019697355e-03 -8.904265989574418e-04 -1.007703238540426e+00
37 44 -1.000282896714897e+00 -1.894413260233601e-03 -8.910955425006027e-04 -1.007706869942631e+00
37 45 -1.000282445028612e+00 -1.893540173108399e-03 -8.917040200338456e-04 -1.007710174400546e+00
37 46 -1.000282039526903e+00 -1.892784078863963e-03 -8.922384781001331e-04 -1.007713115597663e+00
37 47 -1.000281684576880e+00 -1.892154293989764e-03 -8.926857235050448e-04 -1.007715660495366e+00
37 48 -1.000281383944488e+00 -1.891658916691261e-03 -8.930334335373955e-04 -1.007717779980706e+00
37 49 -1.000281140729523e+00 -1.891304623842697e-03 -8.932706638028058e-04 -1.007719449470799e+00
37 50 -1.000280957316640e+00 -1.891096495154184e-03 -8.933883178293839e-04 -1.007720649428429e+00
37 51 -1.000280835343267e+00 -1.891037874650466e-03 -8.933795487172438e-04 -1.007721365762433e+00
37 52 -1.000280775683384e+00 -1.891130273574137e-03 -8.932400723180591e-04 -1.007721590104671e+00
37 53 -1.000280778445869e+00 -1.891373315259319e-03 -8.929683801942078e-04 -1.007721319965034e+00
37 54 -1.000280842986636e+00 -1.891764720596402e-03 -8.925658489695853e-04 -1.007720558769898e+00
37 55 -1.000280967934540e+00 -1.892300331931302e-03 -8.920367496260774e-04 -1.007719315789829e+00
37 56 -1.000281151231929e+00 -1.892974174745315e-03 -8.913881623821025e-04 -1.007717605956806e+00
37 57 -1.000281390191155e+00 -1.893778559480649e-03 -8.906297998460183e-04 -1.007715449562583e+00
37 58 -1.000281681567154e+00 -1.894704226198564e-03 -8.897737391705872e-04 -1.007712871830996e+00
37 59 -1.000282021642824e+00 -1.895740529508566e-03 -8.888340685972286e-04 -1.007709902375692e+00
37 60 -1.000282406320443e+00 -1.896875653344581e-03 -8.878264632637997e-04 -1.007706574580231e+00
37 61 -1.000282831211132e+00 -1.898096840344876e-03 -8.867677130522181e-04 -1.007702924950982e+00
37 62 -1.000283291715861e+00 -1.899390620734770e-03 -8.856752286493614e-04 -1.007698992489340e+00
37 63 -1.000283783094121e+00 -1.900743028329208e-03 -8.845665527061926e-04 -1.007694818117543e+00
38 0 -1.000283742248480e+00 -1.902111272366043e-03 -8.821794570888539e-04 -1.007691446864433e+00
38 1 -1.000284277350541e+00 -1.903527275256645e-03 -8.811017674945157e-04 -1.007686942560287e+00
38 2 -1.000284829595977e+00 -1.904960941350902e-03 -8.800549144196900e-04 -1.007682319082089e+00
38 3 -1.000285394132781e+00 -1.906398082296237e-03 -8.790528176995223e-04 -1.007677620652640e+00
38 4 -1.000285966135855e+00 -1.907824733680195e-03 -8.781078602220316e-04 -1.007672891587236e+00
38 5 -1.000286540822735e+00 -1.909227255822364e-03 -8.772307381515951e-04 -1.007668176003948e+00
38 6 -1.000287113464821e+00 -1.910592428525875e-03 -8.764303658045701e-04 -1.007663517534404e+00
38 7 -1.000287679395083e+00 -1.911907543518798e-03 -8.757138276784612e-04 -1.007658959027590e+00
38 8 -1.000288234014459e+00 -1.913160498073226e-03 -8.750863712088343e-04 -1.007654542238512e+00
38 9 -1.000288772799953e+00 -1.914339891754261e-03 -8.745514367602141e-04 -1.007650307496276e+00
38 10 -1.000289291317094e+00 -1.915435125411298e-03 -8.741107235751770e-04 -1.007646293353677e+00
38 11 -1.000289785237946e+00 -1.916436497952081e-03 -8.737642908399006e-04 -1.007642536231332e+00
38 12 -1.000290250363816e+00 -1.917335293639721e-03 -8.735106922233274e-04 -1.007639070078700e+00
38 13 -1.000290682650414e+00 -1.918123852732141e-03 -8.733471403858164e-04 -1.007635926075012e+00
38 14 -1.000291078233447e+00 -1.918795621783392e-03 -8.732696951309030e-04 -1.007633132382981e+00
38 15 -1.000291433454046e+00 -1.919345184553425e-03 -8.732734667668301e-04 -1.007630713953798e+00
38 16 -1.000291744885047e+00 -1.919768277392374e-03 -8.733528269547478e-04 -1.007628692371895e+00
38 17 -1.000292009360285e+00 -1.920061793760664e-03 -8.735016224691700e-04 -1.007627085723901e+00
38 18 -1.000292224009688e+00 -1.920223782367108e-03 -8.737133902175524e-04 -1.007625908475798e+00
38 19 -1.000292386302396e+00 -1.920253442042816e-03 -8.739815727754957e-04 -1.007625171347132e+00
38 20 -1.000292494097726e+00 -1.920151112856504e-03 -8.742997328297852e-04 -1.007624881185317e+00
38 21 -1.000292545700155e+00 -1.919918258699611e-03 -8.746617626078563e-04 -1.007625040860736e+00
38 22 -1.000292539912192e+00 -1.919557435839447e-03 -8.750620803590737e-04 -1.007625649209253e+00
38 23 -1.000292476079619e+00 -1.919072246499794e-03 -8.754958014131972e-04 -1.007626701035494e+00
38 24 -1.000292354126291e+00 -1.918467282643518e-03 -8.759588693220985e-04 -1.007628187169241e+00
38 25 -1.000292174578117e+00 -1.917748067644309e-03 -8.764481350222165e-04 -1.007630094556364e+00
38 26 -1.000291938577000e+00 -1.916921001564356e-03 -8.769613774832180e-04 -1.007632406368787e+00
38 27 -1.000291647885762e+00 -1.915993312318864e-03 -8.774972651253358e-04 -1.007635102126414e+00
38 28 -1.000291304885122e+00 -1.914973012221084e-03 -8.780552618000190e-04 -1.007638157830994e+00
38 29 -1.000290912562954e+00 -1.913868856858536e-03 -8.786354838692854e-04 -1.007641546119773e+00
38 30 -1.000290474494461e+00 -1.912690300971447e-03 -8.792385155362995e-04 -1.007645236455164e+00
38 31 -1.000289994810790e+00 -1.911447445944777e-03 -8.798651886193378e-04 -1.007649195367625e+00
38 32 -1.000289478154591e+00 -1.910150976830492e-03 -8.805163325142063e-04 -1.007653386756858e+00
38 33 -1.000288929623486e+00 -1.908812091400222e-03 -8.811925018563887e-04 -1.007657772238117e+00
38 34 -1.000288354704799e+00 -1.907442426190227e-03 -8.818936927558966e-04 -1.007662311509145e+00
38 35 -1.000287759205649e+00 -1.906053983638301e-03 -8.826190618319787e-04 -1.007666962714706e+00
38 36 -1.000287149182131e+00 -1.904659061754947e-03 -8.833666651471943e-04 -1.007671682794633e+00
38 37 -1.000286530870365e+00 -1.903270185381678e-03 -8.841332361864606e-04 -1.007676427810330e+00
38 38 -1.000285910621198e+00 -1.901900036911163e-03 -8.849140212498383e-04 -1.007681153251176e+00
38 39 -1.000285294838911e+00 -1.900561384184413e-03 -8.857026854230979e-04 -1.007685814327112e+00
38 40 -1.000284689922590e+00 -1.899267003318450e-03 -8.864912948957720e-04 -1.007690366257967e+00
38 41 -1.000284102207498e+00 -1.898029593627570e-03 -8.872703763611986e-04 -1.007694764573913e+00
38 42 -1.000283537903380e+00 -1.896861680554342e-03 -8.880290530787357e-04 -1.007698965444441e+00
38 43 -1.000283003027216e+00 -1.895775501502901e-03 -8.887552572391384e-04 -1.007702926054445e+00
38 44 -1.000282503329170e+00 -1.894782869528984e-03 -8.894360172025908e-04 -1.007706605044169e+00
38 45 -1.000282044212014e+00 -1.893895011340221e-03 -8.900578163267137e-04 -1.007709963023812e+00
38 46 -1.000281630646212e+00 -1.893122379477807e-03 -8.906070172491698e-04 -1.007712963161604e+00
38 47 -1.000281267085037e+00 -1.892474444397643e-03 -8.910703390201971e-04 -1.007715571825470e+00
38 48 -1.000280957385781e+00 -1.891959479191127e-03 -8.914353638821399e-04 -1.007717759237841e+00
38 49 -1.000280704743097e+00 -1.891584354247951e-03 -8.916910410433279e-04 -1.007719500091533e+00
38 50 -1.000280511638436e+00 -1.891354358218413e-03 -8.918281528719270e-04 -1.007720774079571e+00
38 51 -1.000280379806689e+00 -1.891273056114202e-03 -8.918397147971976e-04 -1.007721566309767e+00
38 52 -1.000280310219104e+00 -1.891342189193427e-03 -8.917212888373988e-04 -1.007721867593794e+00
38 53 -1.000280303081009e+00 -1.891561617118059e-03 -8.914711987295134e-04 -1.007721674612498e+00
38 54 -1.000280357843290e+00 -1.891929300755665e-03 -8.910906423554944e-04 -1.007720989964167e+00
38 55 -1.000280473227482e+00 -1.892441323522698e-03 -8.905837037420884e-04 -1.007719822102015e+00
38 56 -1.000280647265334e+00 -1.893091950703950e-03 -8.899572692297525e-04 -1.007718185161229e+00
38 57 -1.000280877354186e+00 -1.893873728718608e-03 -8.892208503838972e-04 -1.007716098668439e+00
38 58 -1.000281160328264e+00 -1.894777626474658e-03 -8.883863153263075e-04 -1.007713587127658e+00
38 59 -1.000281492542884e+00 -1.895793216455567e-03 -8.874675352108962e-04 -1.007710679492500e+00
38 60 -1.000281869965234e+00 -1.896908886125297e-03 -8.864799615457065e-04 -1.007707408557357e+00
38 61 -1.000282288263922e+00 -1.898112065156498e-03 -8.854401572562889e-04 -1.007703810315239e+00
38 62 -1.000282742890476e+00 -1.899389453123240e-03 -8.843653074906055e-04 -1.007699923330262e+00
38 63 -1.000283229148440e+00 -1.900727234576824e-03 -8.832727367217836e-04 -1.007695788162136e+00
39 0 -1.000283156928754e+00 -1.902003165463543e-03 -8.813159830643680e-04 -1.007692565476096e+00
39 1 -1.000283688045010e+00 -1.903407580037067e-03 -8.802498317851959e-04 -1.007688090480907e+00
39 2 -1.000284237128305e+00 -1.904831650684849e-03 -8.792125236801215e-04 -1.007683489642800e+00
39 3 -1.000284799348737e+00 -1.906261266882153e-03 -8.782178490295456e-04 -1.007678807067639e+00
39 4 -1.000285369897488e+00 -1.907682524231428e-03 -8.772780822388176e-04 -1.007674087010162e+00
39 5 -1.000285944003021e+00 -1.909081825863123e-03 -8.764038321874465e-04 -1.007669373579837e+00
39 6 -1.000286516942892e+00 -1.910445977674628e-03 -8.756039482795776e-04 -1.007664710446962e+00
39 7 -1.000287084051791e+00 -1.911762280692413e-03 -8.748854753083481e-04 -1.007660140543198e+00
39 8 -1.000287640727878e+00 -1.913018623901400e-03 -8.742536505036022e-04 -1.007655705749040e+00
39 9 -1.000288182440346e+00 -1.914203579711209e-03 -8.737119379332891e-04 -1.007651446562554e+00
39 10 -1.000288704740967e+00 -1.915306501693527e-03 -8.732620970038896e-04 -1.007647401750798e+00
39 11 -1.000289203281108e+00 -1.916317620869661e-03 -8.729042828163446e-04 -1.007643607995326e+00
39 12 -1.000289673833811e+00 -1.917228133808594e-03 -8.726371768930680e-04 -1.007640099552186e+00
39 13 -1.000290112318843e+00 -1.918030275076536e-03 -8.724581463230780e-04 -1.007636907949307e+00
39 14 -1.000290514828420e+00 -1.918717369375243e-03 -8.723634268585038e-04 -1.007634061736651e+00
39 15 -1.000290877652631e+00 -1.919283863488243e-03 -8.723483227904199e-04 -1.007631586290177e+00
39 16 -1.000291197305460e+00 -1.919725341801108e-03 -8.724074163597381e-04 -1.007629503658225e+00
39 17 -1.000291470553680e+00 -1.920038530373493e-03 -8.725347818463291e-04 -1.007627832433404e+00
39 18 -1.000291694451417e+00 -1.920221294392907e-03 -8.727242014396257e-04 -1.007626587632960e+00
39 19 -1.000291866382773e+00 -1.920272632782662e-03 -8.729693800977631e-04 -1.007625780575244e+00
39 20 -1.000291984112818e+00 -1.920192670616019e-03 -8.732641560462563e-04 -1.007625418752284e+00
39 21 -1.000292045843705e+00 -1.919982645372787e-03 -8.736027028981344e-04 -1.007625505716205e+00
39 22 -1.000292050269783e+00 -1.919644880960664e-03 -8.739797171516900e-04 -1.007626041007046e+00
39 23 -1.000291996625579e+00 -1.919182746887082e-03 -8.743905808600102e-04 -1.007627020140207e+00
39 24 -1.000291884723159e+00 -1.918600606399092e-03 -8.748314865978622e-04 -1.007628434650260e+00
39 25 -1.000291714978236e+00 -1.917903760999474e-03 -8.752995133427097e-04 -1.007630272173346e+00
39 26 -1.000291488425703e+00 -1.917098397305806e-03 -8.757926466276206e-04 -1.007632516551725e+00
39 27 -1.000291206725582e+00 -1.916191538740628e-03 -8.763097412692095e-04 -1.007635147952966e+00
39 28 -1.000290872160574e+00 -1.915191002033964e-03 -8.768504287004639e-04 -1.007638143002838e+00
39 29 -1.000290487625950e+00 -1.914105356535167e-03 -8.774149737859773e-04 -1.007641474936700e+00
39 30 -1.000290056610897e+00 -1.912943881847759e-03 -8.780040878588135e-04 -1.007645113782743e+00
39 31 -1.000289583168834e+00 -1.911716518081802e-03 -8.786187051956943e-04 -1.007649026595102e+00
39 32 -1.000289071874648e+00 -1.910433805439960e-03 -8.792597302715379e-04 -1.007653177745836e+00
39 33 -1.000288527769423e+00 -1.909106814765611e-03 -8.799277645773427e-04 -1.007657529265292e+00
39 34 -1.000287956295942e+00 -1.907747074063202e-03 -8.806228245169536e-04 -1.007662041205891e+00
39 35 -1.000287363229129e+00 -1.906366495548974e-03 -8.813440645163698e-04 -1.007666672004786e+00
39 36 -1.000286754605064e+00 -1.904977304968999e-03 -8.820895214337362e-04 -1.007671378830941e+00
39 37 -1.000286136651421e+00 -1.903591972450787e-03 -8.828558976997718e-04 -1.007676117911542e+00
39 38 -1.000285515721405e+00 -1.902223143118310e-03 -8.836384000191628e-04 -1.007680844838035e+00
39 39 -1.000284898231877e+00 -1.900883565466936e-03 -8.844306463214870e-04 -1.007685514856759e+00
39 40 -1.000284290604441e+00 -1.899586015129070e-03 -8.852246474330958e-04 -1.007690083154956e+00
39 41 -1.000283699206636e+00 -1.898343210753830e-03 -8.860108655281114e-04 -1.007694505158030e+00
39 42 -1.000283130290031e+00 -1.897167717552262e-03 -8.867783502146628e-04 -1.007698736856379e+00
39 43 -1.000282589922758e+00 -1.896071833379963e-03 -8.875149525268671e-04 -1.007702735180004e+00
39 44 -1.000282083915196e+00 -1.895067452615939e-03 -8.882076149188323e-04 -1.007706458436763e+00
39 45 -1.000281617739051e+00 -1.894165904629035e-03 -8.888427325542634e-04 -1.007709866824863e+00
39 46 -1.000281196441828e+00 -1.893377766615706e-03 -8.894065783613803e-04 -1.007712923019558e+00
39 47 -1.000280824560909e+00 -1.892712655832936e-03 -8.898857788660797e-04 -1.007715592816574e+00
39 48 -1.000280506043238e+00 -1.892179013199732e-03 -8.902678181982389e-04 -1.007717845793898e+00
39 49 -1.000280244176875e+00 -1.891783895537883e-03 -8.905415384252352e-04 -1.007719655939382e+00
39 50 -1.000280041538816e+00 -1.891532793535896e-03 -8.906976023360681e-04 -1.007721002194260e+00
39 51 -1.000279899960443e+00 -1.891429486890306e-03 -8.907288909048922e-04 -1.007721868880791e+00
39 52 -1.000279820509586e+00 -1.891475941241824e-03 -8.906308164726271e-04 -1.007722246003434e+00
39 53 -1.000279803487494e+00 -1.891672247260630e-03 -8.904015399610700e-04 -1.007722129425701e+00
39 54 -1.000279848439630e+00 -1.892016600614286e-03 -8.900420867100267e-04 -1.007721520928696e+00
39 55 -1.000279954180141e+00 -1.892505321097158e-03 -8.895563614377595e-04 -1.007720428156988e+00
39 56 -1.000280118830644e+00 -1.893132909926241e-03 -8.889510659139464e-04 -1.007718864454056e+00
39 57 -1.000280339874395e+00 -1.893892146259301e-03 -8.882355221353275e-04 -1.007716848583298e+00
39 58 -1.000280614226091e+00 -1.894774224904739e-03 -8.874214033719607e-04 -1.007714404328679e+00
39 59 -1.000280938314849e+00 -1.895768933763278e-03 -8.865223803509903e-04 -1.007711559980931e+00
39 60 -1.000281308174489e+00 -1.896864862458935e-03 -8.855536989098283e-04 -1.007708347738200e+00
39 61 -1.000281719533161e+00 -1.898049627609915e-03 -8.845317129727375e-04 -1.007704803068807e+00
39 62 -1.000282167895121e+00 -1.899310098896066e-03 -8.834733995259620e-04 -1.007700964085991e+00
39 63 -1.000282648610107e+00 -1.900632612831655e-03 -8.823958816642383e-04 -1.007696870972482e+00
40 0 -1.000282549485294e+00 -1.901816381664791e-03 -8.808740503782976e-04 -1.007693792248899e+00
40 1 -1.000283076149922e+00 -1.903208423376051e-03 -8.798184647119599e-04 -1.007689349829509e+00
40 2 -1.000283621570579e+00 -1.904621989669973e-03 -8.787898324163356e-04 -1.007684775220171e+00
40 3 -1.000284180942857e+00 -1.906043052731282e-03 -8.778018288846511e-04 -1.007680112384059e+00
40 4 -1.000284749477979e+00 -1.907457774577714e-03 -8.768666334074547e-04 -1.007675405485471e+00
40 5 -1.000285322419458e+00 -1.908852609249883e-03 -8.759947787619848e-04 -1.007670698591194e+00
40 6 -1.000285895055472e+00 -1.910214398743392e-03 -8.751950573594829e-04 -1.007666035371957e+00
40 7 -1.000286462727337e+00 -1.911530465509963e-03 -8.744744782861930e-04 -1.007661458799313e+00
40 8 -1.000287020835927e+00 -1.912788704616842e-03 -8.738382684582353e-04 -1.007657010831425e+00
40 9 -1.000287564848830e+00 -1.913977677906271e-03 -8.732899114160827e-04 -1.007652732082481e+00
40 10 -1.000288090310975e+00 -1.915086710330865e-03 -8.728312185944126e-04 -1.007648661476455e+00
40 11 -1.000288592860561e+00 -1.916105985385693e-03 -8.724624298192410e-04 -1.007644835894972e+00
40 12 -1.000289068250255e+00 -1.917026633316638e-03 -8.721823415602962e-04 -1.007641289837928e+00
40 13 -1.000289512371850e+00 -1.917840804603610e-03 -8.719884616654617e-04 -1.007638055119422e+00
40 14 -1.000289921281905e+00 -1.918541723498000e-03 -8.718771874249882e-04 -1.007635160615800e+00
40 15 -1.000290291227057e+00 -1.919123720889519e-03 -8.718440015913974e-04 -1.007632632069138e+00
40 16 -1.000290618669667e+00 -1.919582249643951e-03 -8.718836804476839e-04 -1.007630491936150e+00
40 17 -1.000290900316046e+00 -1.919913887476966e-03 -8.719905088358000e-04 -1.007628759265074e+00
40 18 -1.000291133150264e+00 -1.920116333027860e-03 -8.721584974728144e-04 -1.007627449581316e+00
40 19 -1.000291314476216e+00 -1.920188399971778e-03 -8.723815976637620e-04 -1.007626574766743e+00
40 20 -1.000291441968599e+00 -1.920130010543697e-03 -8.726539088009653e-04 -1.007626142930632e+00
40 21 -1.000291513729848e+00 -1.919942184729517e-03 -8.729698744807216e-04 -1.007626158289143e+00
40 22 -1.000291528347065e+00 -1.919627018867746e-03 -8.733244617795153e-04 -1.007626621081060e+00
40 23 -1.000291484942619e+00 -1.919187650397577e-03 -8.737133151143137e-04 -1.007627527539641e+00
40 24 -1.000291383214435e+00 -1.918628211349568e-03 -8.741328739316773e-04 -1.007628869920763e+00
40 25 -1.000291223464655e+00 -1.917953776664099e-03 -8.745804444534160e-04 -1.007630636573544e+00
40 26 -1.000291006616924e+00 -1.917170312825220e-03 -8.750542189393647e-04 -1.007632812038801e+00
40 27 -1.000290734223403e+00 -1.916284630059242e-03 -8.755532393788829e-04 -1.007635377165803e+00
40 28 -1.000290408463153e+00 -1.915304339341150e-03 -8.760773057858590e-04 -1.007638309242544e+00
40 29 -1.000290032133044e+00 -1.914237812925933e-03 -8.766268326951878e-04 -1.007641582142131e+00
40 30 -1.000289608630380e+00 -1.913094143908167e-03 -8.772026602370772e-04 -1.007645166498847e+00
40 31 -1.000289141924693e+00 -1.911883098891357e-03 -8.778058274422837e-04 -1.007649029932795e+00
40 32 -1.000288636516603e+00 -1.910615060268698e-03 -8.784373162199724e-04 -1.007653137332579e+00
40 33 -1.000288097384174e+00 -1.909300959205938e-03 -8.790977763055733e-04 -1.007657451186812e+00
40 34 -1.000287529919592e+00 -1.907952203526262e-03 -8.797872439699370e-04 -1.007661931941866e+00
40 35 -1.000286939859985e+00 -1.906580604726800e-03 -8.805048688601273e-04 -1.007666538362747e+00
40 36 -1.000286333216081e+00 -1.905198306495568e-03 -8.812486639771727e-04 -1.007671227881007e+00
40 37 -1.000285716202021e+00 -1.903817714995534e-03 -8.820152943834268e-04 -1.007675956921477e+00
40 38 -1.000285095168741e+00 -1.902451429568611e-03 -8.827999198806532e-04 -1.007680681206762e+00
40 39 -1.000284476541598e+00 -1.901112171585255e-03 -8.835961037315684e-04 -1.007685356045604e+00
40 40 -1.000283866760910e+00 -1.899812708736694e-03 -8.843957943398180e-04 -1.007689936617108e+00
40 41 -1.000283272222686e+00 -1.898565771440984e-03 -8.851893830463582e-04 -1.007694378266502e+00
40 42 -1.000282699216476e+00 -1.897383956901872e-03 -8.859658400877876e-04 -1.007698636830169e+00
40 43 -1.000282153857805e+00 -1.896279615574165e-03 -8.867129297241595e-04 -1.007702669008317e+00
40 44 -1.000281642013680e+00 -1.895264715313648e-03 -8.874175025251263e-04 -1.007706432801503e+00
40 45 -1.000281169221284e+00 -1.894350680209048e-03 -8.880658591511423e-04 -1.007709888021559e+00
40 46 -1.000280740601813e+00 -1.893548203850679e-03 -8.886441768302911e-04 -1.007712996877448e+00
40 47 -1.000280360773570e+00 -1.892867041559717e-03 -8.891389847398951e-04 -1.007715724620494e+00
40 48 -1.000280033770215e+00 -1.892315793021105e-03 -8.895376657537630e-04 -1.007718040212360e+00
40 49 -1.000279762970631e+00 -1.891901692556918e-03 -8.898289534409157e-04 -1.007719916962936e+00
40 50 -1.000279551045152e+00 -1.891630424465873e-03 -8.900033914351987e-04 -1.007721333086367e+00
40 51 -1.000279399919745e+00 -1.891505975148023e-03 -8.900537284654822e-04 -1.007722272141915e+00
40 52 -1.000279310757091e+00 -1.891530526806889e-03 -8.899752310135788e-04 -1.007722723348224e+00
40 53 -1.000279283952794e+00 -1.891704393467255e-03 -8.897659022136272e-04 -1.007722681771885e+00
40 54 -1.000279319145646e+00 -1.892025998476995e-03 -8.894266008485156e-04 -1.007722148395032e+00
40 55 -1.000279415241649e+00 -1.892491891672742e-03 -8.889610595445114e-04 -1.007721130068452e+00
40 56 -1.000279570452061e+00 -1.893096804505902e-03 -8.883758046543615e-04 -1.007719639355509e+00
40 57 -1.000279782346290e+00 -1.893833743623606e-03 -8.876799803647890e-04 -1.007717694265058e+00
40 58 -1.000280047920177e+00 -1.894694125105893e-03 -8.868850796853453e-04 -1.007715317866173e+00
40 59 -1.000280363677782e+00 -1.895667948614573e-03 -8.860045900296427e-04 -1.007712537787252e+00
40 60 -1.000280725721079e+00 -1.896744003336499e-03 -8.850535704835520e-04 -1.007709385626254e+00
40 61 -1.000281129839498e+00 -1.897910091107743e-03 -8.840481858113674e-04 -1.007705896319630e+00
40 62 -1.000281571591869e+00 -1.899153250771947e-03 -8.830052247760949e-04 -1.007702107520134e+00
40 63 -1.000282046376155e+00 -1.900459970821668e-03 -8.819416284617025e-04 -1.007698059021114e+00
41 0 -1.000281925082058e+00 -1.901552464287559e-03 -8.808549572969414e-04 -1.007695118930873e+00
41 1 -1.000282446852335e+00 -1.902931431527793e-03 -8.798089338674923e-04 -1.007690712162063e+00
41 2 -1.000282988126532e+00 -1.904333651729448e-03 -8.787880893349486e-04 -1.007686167231764e+00
41 3 -1.000283544129237e+00 -1.905745184242235e-03 -8.778060000629968e-04 -1.007681527934438e+00
41 4 -1.000284110095657e+00 -1.907152263678591e-03 -8.768747643326880e-04 -1.007676838313257e+00
41 5 -1.000284681288585e+00 -1.908541402881181e-03 -8.760048505249429e-04 -1.007672142357699e+00
41 6 -1.000285253011364e+00 -1.909899489740933e-03 -8.752050025764628e-04 -1.007667483700161e+00
41 7 -1.000285820616954e+00 -1.911213880161040e-03 -8.744821984622588e-04 -1.007662905308245e+00
41 8 -1.000286379514553e+00 -1.912472489730412e-03 -8.738416548815471e-04 -1.007658449168455e+00
41 9 -1.000286925176346e+00 -1.913663886543480e-03 -8.732868701979159e-04 -1.007654155956763e+00
41 10 -1.000287453147263e+00 -1.914777385938771e-03 -8.728196988858239e-04 -1.007650064695341e+00
41 11 -1.000287959059792e+00 -1.915803144661980e-03 -8.724404533107473e-04 -1.007646212403457e+00
41 12 -1.000288438654150e+00 -1.916732248526022e-03 -8.721480308213712e-04 -1.007642633760110e+00
41 13 -1.000288887802225e+00 -1.917556786255765e-03 -8.719400648064935e-04 -1.007639360800573e+00
41 14 -1.000289302532858e+00 -1.918269903983188e-03 -8.718130978117026e-04 -1.007636422664033e+00
41 15 -1.000289679056920e+00 -1.918865838722764e-03 -8.717627737463618e-04 -1.007633845397526e+00
41 16 -1.000290013792498e+00 -1.919339933101772e-03 -8.717840449372605e-04 -1.007631651808242e+00
41 17 -1.000290303392310e+00 -1.919688636550123e-03 -8.718713883851224e-04 -1.007629861346701e+00
41 18 -1.000290544776609e+00 -1.919909499645646e-03 -8.720190246227125e-04 -1.007628489998878e+00
41 19 -1.000290735174564e+00 -1.920001167381370e-03 -8.722211327592694e-04 -1.007627550169409e+00
41 20 -1.000290872175014e+00 -1.919963373121678e-03 -8.724720562972474e-04 -1.007627050552486e+00
41 21 -1.000290953783922e+00 -1.919796929865092e-03 -8.727664947759364e-04 -1.007626996006407e+00
41 22 -1.000290978482872e+00 -1.919503713001866e-03 -8.730996754664993e-04 -1.007627387458265e+00
41 23 -1.000290945282315e+00 -1.919086630929749e-03 -8.734674979816574e-04 -1.007628221859332e+00
41 24 -1.000290853764936e+00 -1.918549584453257e-03 -8.738666439531649e-04 -1.007629492195794e+00
41 25 -1.000290704117011e+00 -1.917897419255858e-03 -8.742946441345733e-04 -1.007631187546467e+00
41 26 -1.000290497147594e+00 -1.917135876605881e-03 -8.747498962303800e-04 -1.007633293174234e+00
41 27 -1.000290234296900e+00 -1.916271546639421e-03 -8.752316288243825e-04 -1.007635790638573e+00
41 28 -1.000289917635891e+00 -1.915311826513170e-03 -8.757398102594962e-04 -1.007638657921107e+00
41 29 -1.000289549858330e+00 -1.914264882371490e-03 -8.762750051697515e-04 -1.007641869566181e+00
41 30 -1.000289134264564e+00 -1.913139610668703e-03 -8.768381841220619e-04 -1.007645396850305e+00
41 31 -1.000288674734745e+00 -1.911945593299794e-03 -8.774304936363946e-04 -1.007649207998307e+00
41 32 -1.000288175689526e+00 -1.910693043110906e-03 -8.780529961293291e-04 -1.007653268455058e+00
41 33 -1.000287642038287e+00 -1.909392739982941e-03 -8.787063922172010e-04 -1.007657541206014e+00
41 34 -1.000287079117085e+00 -1.908055960467793e-03 -8.793907396917448e-04 -1.007661987128031e+00
41 35 -1.000286492619830e+00 -1.906694404915644e-03 -8.801051835397514e-04 -1.007666565348467e+00
41 36 -1.000285888526674e+00 -1.905320125298050e-03 -8.808477109932780e-04 -1.007671233593764e+00
41 37 -1.000285273033374e+00 -1.903945454962163e-03 -8.816149458614148e-04 -1.007675948516109e+00
41 38 -1.000284652484134e+00 -1.902582939266277e-03 -8.824019959362771e-04 -1.007680665996616e+00
41 39 -1.000284033308574e+00 -1.901245264620946e-03 -8.832023643992336e-04 -1.007685341432354e+00
41 40 -1.000283421961560e+00 -1.899945183056539e-03 -8.840079320640512e-04 -1.007689930019716e+00
41 41 -1.000282824863402e+00 -1.898695428966467e-03 -8.848090147036053e-04 -1.007694387049233e+00
41 42 -1.000282248337461e+00 -1.897508623542524e-03 -8.855944988172779e-04 -1.007698668229168e+00
41 43 -1.000281698542448e+00 -1.896397161593935e-03 -8.863520575142111e-04 -1.007702730056580e+00
41 44 -1.000281181397737e+00 -1.895373075994529e-03 -8.870684445386771e-04 -1.007706530252492e+00
41 45 -1.000280702501673e+00 -1.894447876745869e-03 -8.877298604098303e-04 -1.007710028271816e+00
41 46 -1.000280267044806e+00 -1.893632364369169e-03 -8.883223809634310e-04 -1.007713185889022e+00
41 47 -1.000279879722077e+00 -1.892936422026246e-03 -8.888324332224137e-04 -1.007715967845040e+00
41 48 -1.000279544649809e+00 -1.892368797546098e-03 -8.892472954075240e-04 -1.007718342519989e+00
41 49 -1.000279265294036e+00 -1.891936892231304e-03 -8.895555906991727e-04 -1.007720282579637e+00
41 50 -1.000279044415131e+00 -1.891646573709888e-03 -8.897477433595617e-04 -1.007721765543401e+00
41 51 -1.000278884030590e+00 -1.891502024892026e-03 -8.898163715972580e-04 -1.007722774238869e+00
41 52 -1.000278785395085e+00 -1.891505634500910e-03 -8.897565995836870e-04 -1.007723297129001e+00
41 53 -1.000278748996057e+00 -1.891657930386674e-03 -8.895662774740950e-04 -1.007723328511269e+00
41 54 -1.000278774563588e+00 -1.891957554767179e-03 -8.892461032281124e-04 -1.007722868593554e+00
41 55 -1.000278861093992e+00 -1.892401279280094e-03 -8.887996444348902e-04 -1.007721923454734e+00
41 56 -1.000279006887120e+00 -1.892984057863031e-03 -8.882332611771232e-04 -1.007720504896988e+00
41 57 -1.000279209598121e+00 -1.893699117716176e-03 -8.875559315663964e-04 -1.007718630189201e+00
41 58 -1.000279466304309e+00 -1.894538090410364e-03 -8.867789827813896e-04 -1.007716321694452e+00
41 59 -1.000279773585597e+00 -1.895491182638984e-03 -8.859157360156640e-04 -1.007713606382539e+00
41 60 -1.000280127613325e+00 -1.896547379139760e-03 -8.849810831411867e-04 -1.007710515251372e+00
41 61 -1.000280524239578e+00 -1.897694663679907e-03 -8.839910210206295e-04 -1.007707082702573e+00
41 62 -1.000280959079420e+00 -1.898920242074653e-03 -8.829621719861867e-04 -1.007703345921478e+00
41 63 -1.000281427581057e+00 -1.900210753916056e-03 -8.819113163070823e-04 -1.007699344300838e+00
42 0 -1.000281289100460e+00 -1.901213594691383e-03 -8.812558292929302e-04 -1.007696536705941e+00
42 1 -1.000281805558320e+00 -1.902578868006726e-03 -8.802183606167608e-04 -1.007692168459388e+00
42 2 -1.000282342220655e+00 -1.903968967954384e-03 -8.792044226634963e-04 -1.007687656506015e+00
42 3 -1.000282894344648e+00 -1.905370045152492e-03 -8.782275092427457e-04 -1.007683044445386e+00
42 4 -1.000283457193508e+00 -1.906768412657227e-03 -8.772996520361516e-04 -1.007678376168879e+00
42 5 -1.000284026053658e+00 -1.908150649752659e-03 -8.764312671039448e-04 -1.007673695553696e+00
42 6 -1.000284596248309e+00 -1.909503699840769e-03 -8.756310590502761e-04 -1.007669046154282e+00
42 7 -1.000285163147211e+00 -1.910814964153267e-03 -8.749059798838174e-04 -1.007664470889502e+00
42 8 -1.000285722173539e+00 -1.912072393198055e-03 -8.742612362284593e-04 -1.007660011724048e+00
42 9 -1.000286268810294e+00 -1.913264578258151e-03 -8.737003362585597e-04 -1.007655709340319e+00
42 10 -1.000286798609195e+00 -1.914380844184657e-03 -8.732251681612311e-04 -1.007651602798864e+00
42 11 -1.000287307204370e+00 -1.915411341758010e-03 -8.728361043202231e-04 -1.007647729193370e+00
42 12 -1.000287790331396e+00 -1.916347134373209e-03 -8.725321280172266e-04 -1.007644123316440e+00
42 13 -1.000288243850315e+00 -1.917180271872704e-03 -8.723109813587338e-04 -1.007640817357930e+00
42 14 -1.000288663770275e+00 -1.917903845388271e-03 -8.721693341312600e-04 -1.007637840653992e+00
42 15 -1.000289046274125e+00 -1.918512020673877e-03 -8.721029728001256e-04 -1.007635219493493e+00
42 16 -1.000289387743041e+00 -1.919000051862100e-03 -8.721070065686601e-04 -1.007632976974706e+00
42 17 -1.000289684783201e+00 -1.919364281093717e-03 -8.721760844726291e-04 -1.007631132894403e+00
42 18 -1.000289934257770e+00 -1.919602131045632e-03 -8.723046158463605e-04 -1.007629703646739e+00
42 19 -1.000290133327315e+00 -1.919712096477483e-03 -8.724869866886682e-04 -1.007628702112798e+00
42 20 -1.000290279499923e+00 -1.919693737452858e-03 -8.727177651907720e-04 -1.007628137534710e+00
42 21 -1.000290370688966e+00 -1.919547672152250e-03 -8.729918899415904e-04 -1.007628015386470e+00
42 22 -1.000290405273214e+00 -1.919275563961486e-03 -8.733048345773958e-04 -1.007628337266577e+00
42 23 -1.000290382152694e+00 -1.918880098055135e-03 -8.736527434091426e-04 -1.007629100836281e+00
42 24 -1.000290300794989e+00 -1.918364946479654e-03 -8.740325329926790e-04 -1.007630299813596e+00
42 25 -1.000290161269246e+00 -1.917734724905401e-03 -8.744419538632157e-04 -1.007631924017944e+00
42 26 -1.000289964267618e+00 -1.916994946269078e-03 -8.748796058621881e-04 -1.007633959451971e+00
42 27 -1.000289711115479e+00 -1.916151976044571e-03 -8.753449016693461e-04 -1.007636388406784e+00
42 28 -1.000289403772385e+00 -1.915212991689344e-03 -8.758379764213883e-04 -1.007639189582110e+00
42 29 -1.000289044825157e+00 -1.914185945740225e-03 -8.763595447366504e-04 -1.007642338222104e+00
42 30 -1.000288637472825e+00 -1.913079529011717e-03 -8.769107090649989e-04 -1.007645806277928e+00
42 31 -1.000288185501505e+00 -1.911903128819295e-03 -8.774927262026997e-04 -1.007649562613303e+00
42 32 -1.000287693247101e+00 -1.910666778183374e-03 -8.781067428893594e-04 -1.007653573263700e+00
42 33 -1.000287165545355e+00 -1.909381095052913e-03 -8.787535150268027e-04 -1.007657801746093e+00
42 34 -1.000286607670972e+00 -1.908057213847894e-03 -8.794331261093946e-04 -1.007662209402898e+00
42 35 -1.000286025269370e+00 -1.906706713308503e-03 -8.801447193742118e-04 -1.007666755757665e+00
42 36 -1.000285424285162e+00 -1.905341544205591e-03 -8.808862572174042e-04 -1.007671398862411e+00
42 37 -1.000284810891140e+00 -1.903973958537086e-03 -8.816543211965803e-04 -1.007676095624258e+00
42 38 -1.000284191420403e+00 -1.902616439613727e-03 -8.824439647948355e-04 -1.007680802109005e+00
42 39 -1.000283572302450e+00 -1.901281630914525e-03 -8.832486282483418e-04 -1.007685473828097e+00
42 40 -1.000282960002291e+00 -1.899982260828377e-03 -8.840601218640194e-04 -1.007690066021266e+00
42 41 -1.000282360960153e+00 -1.898731059677788e-03 -8.848686830700785e-04 -1.007694533950383e+00
42 42 -1.000281781528751e+00 -1.897540664391054e-03 -8.856631118813448e-04 -1.007698833222272e+00
42 43 -1.000281227905321e+00 -1.896423505516890e-03 -8.864309872157224e-04 -1.007702920159117e+00
42 44 -1.000280706056675e+00 -1.895391671789935e-03 -8.871589623352331e-04 -1.007706752233073e+00
42 45 -1.000280221637163e+00 -1.894456749207880e-03 -8.878331332546650e-04 -1.007710288575849e+00
42 46 -1.000279779901405e+00 -1.893629634462433e-03 -8.884394696108453e-04 -1.007713490564335e+00
42 47 -1.000279385615723e+00 -1.892920327146631e-03 -8.889642916064171e-04 -1.007716322468304e+00
42 48 -1.000279042974051e+00 -1.892337711446291e-03 -8.893947690444389e-04 -1.007718752126571e+00
42 49 -1.000278755524804e+00 -1.891889343541278e-03 -8.897194125474615e-04 -1.007720751601371e+00
42 50 -1.000278526113877e+00 -1.891581261957237e-03 -8.899285267994373e-04 -1.007722297758223e+00
42 51 -1.000278356846011e+00 -1.891417833635909e-03 -8.900146011890682e-04 -1.007723372733324e+00
42 52 -1.000278249063937e+00 -1.891401641806925e-03 -8.899726208688395e-04 -1.007723964272061e+00
42 53 -1.000278203343482e+00 -1.891533416854117e-03 -8.898002876013661e-04 -1.007724065937674e+00
42 54 -1.000278219503080e+00 -1.891812009150744e-03 -8.894981443149538e-04 -1.007723677195708e+00
42 55 -1.000278296626937e+00 -1.892234401911175e-03 -8.890696007233854e-04 -1.007722803382271e+00
42 56 -1.000278433101728e+00 -1.892795762131686e-03 -8.885208595669142e-04 -1.007721455563482e+00
42 57 -1.000278626667386e+00 -1.893489529309439e-03 -8.878607441252872e-04 -1.007719650287710e+00
42 58 -1.000278874482549e+00 -1.894307543411675e-03 -8.871004298236132e-04 -1.007717409225503e+00
42 59 -1.000279173203456e+00 -1.895240211970868e-03 -8.862530887691617e-04 -1.007714758696504e+00
42 60 -1.000279519071693e+00 -1.896276709941252e-03 -8.853334655220755e-04 -1.007711729102625e+00
42 61 -1.000279908003239e+00 -1.897405198774928e-03 -8.843574108822259e-04 -1.007708354310023e+00
42 62 -1.000280335670981e+00 -1.898613048246507e-03 -8.833414033649206e-04 -1.007704671031304e+00
42 63 -1.000280797575263e+00 -1.899887047198632e-03 -8.823020847134745e-04 -1.007700718249418e+00
43 0 -1.000280647115127e+00 -1.900802594211949e-03 -8.820697629904568e-04 -1.007698036100628e+00
43 1 -1.000281157869464e+00 -1.902153636550367e-03 -8.810398603978571e-04 -1.007693709030360e+00
43 2 -1.000281689475426e+00 -1.903530911099319e-03 -8.800319765250881e-04 -1.007689233182147e+00
43 3 -1.000282237226356e+00 -1.904920663288744e-03 -8.790595394684211e-04 -1.007684651935332e+00
43 4 -1.000282796417509e+00 -1.906309290032962e-03 -8.781345289971584e-04 -1.007680008999265e+00
43 5 -1.000283362363478e+00 -1.907683444561367e-03 -8.772673211427340e-04 -1.007675348103077e+00
43 6 -1.000283930412275e+00 -1.909030135391670e-03 -8.764665905152266e-04 -1.007670712682302e+00
43 7 -1.000284495955688e+00 -1.910336820850602e-03 -8.757392684829564e-04 -1.007666145561589e+00
43 8 -1.000285054436513e+00 -1.911591500547456e-03 -8.750905519293152e-04 -1.007661688633519e+00
43 9 -1.000285601354759e+00 -1.912782805663985e-03 -8.745239540866887e-04 -1.007657382531307e+00
43 10 -1.000286132275706e+00 -1.913900089493937e-03 -8.740413877293937e-04 -1.007653266293491e+00
43 11 -1.000286642842380e+00 -1.914933517525825e-03 -8.736432725158100e-04 -1.007649377024463e+00
43 12 -1.000287128793366e+00 -1.915874152809078e-03 -8.733286618528931e-04 -1.007645749564513e+00
43 13 -1.000287585984788e+00 -1.916714029368137e-03 -8.730953885326425e-04 -1.007642416190906e+00
43 14 -1.000288010414087e+00 -1.917446206674569e-03 -8.729402304643654e-04 -1.007639406369975e+00
43 15 -1.000288398243853e+00 -1.918064802163190e-03 -8.728590970318098e-04 -1.007636746567907e+00
43 16 -1.000288745825815e+00 -1.918565003885570e-03 -8.728472337195569e-04 -1.007634460112473e+00
43 17 -1.000289049726868e+00 -1.918943068736227e-03 -8.728994395130561e-04 -1.007632567087703e+00
43 18 -1.000289306760104e+00 -1.919196312840028e-03 -8.730102894184665e-04 -1.007631084240186e+00
43 19 -1.000289514024000e+00 -1.919323100459810e-03 -8.731743533347348e-04 -1.007630024877352e+00
43 20 -1.000289668951626e+00 -1.919322835676460e-03 -8.733864022550522e-04 -1.007629398747033e+00
43 21 -1.000289769368607e+00 -1.919195956465145e-03 -8.736415936566232e-04 -1.007629211905242e+00
43 22 -1.000289813554729e+00 -1.918943925913886e-03 -8.739356299960343e-04 -1.007629466596901e+00
43 23 -1.000289800302207e+00 -1.918569214311623e-03 -8.742648863714056e-04 -1.007630161177901e+00
43 24 -1.000289728964721e+00 -1.918075269676619e-03 -8.746265041195382e-04 -1.007631290093026e+00
43 25 -1.000289599494214e+00 -1.917466479322202e-03 -8.750184461517545e-04 -1.007632843906023e+00
43 26 -1.000289412464940e+00 -1.916748127340943e-03 -8.754395086609335e-04 -1.007634809368999e+00
43 27 -1.000289169085741e+00 -1.915926352288191e-03 -8.758892840288740e-04 -1.007637169518914e+00
43 28 -1.000288871202386e+00 -1.915008107799891e-03 -8.763680715064240e-04 -1.007639903792659e+00
43 29 -1.000288521291740e+00 -1.914001126844716e-03 -8.768767348164403e-04 -1.007642988158023e+00
43 30 -1.000288122448072e+00 -1.912913887266357e-03 -8.774165091122160e-04 -1.007646395267827e+00
43 31 -1.000287678359749e+00 -1.911755573518236e-03 -8.779887641733518e-04 -1.007650094653374e+00
43 32 -1.000287193273889e+00 -1.910536029587984e-03 -8.785947358539651e-04 -1.007654052971089e+00
43 33 -1.000286671948071e+00 -1.909265701394699e-03 -8.792352416662470e-04 -1.007658234301831e+00
43 34 -1.000286119590784e+00 -1.907955570739029e-03 -8.799103973634020e-04 -1.007662600486758e+00
43 35 -1.000285541794073e+00 -1.906617084614440e-03 -8.806193500174935e-04 -1.007667111477404e+00
43 36 -1.000284944462321e+00 -1.905262083215967e-03 -8.813600412510037e-04 -1.007671725680535e+00
43 37 -1.000284333740858e+00 -1.903902728517059e-03 -8.821290128019250e-04 -1.007676400285263e+00
43 38 -1.000283715947244e+00 -1.902551433557016e-03 -8.829212647494156e-04 -1.007681091568059e+00
43 39 -1.000283097506454e+00 -1.901220790872675e-03 -8.837301742133186e-04 -1.007685755180310e+00
43 40 -1.000282484889229e+00 -1.899923497172916e-03 -8.845474804522811e-04 -1.007690346430714e+00
43 41 -1.000281884551180e+00 -1.898672270421735e-03 -8.853633420268979e-04 -1.007694820578939e+00
43 42 -1.000281302869579e+00 -1.897479754604946e-03 -8.861664717309698e-04 -1.007699133158487e+00
43 43 -1.000280746075037e+00 -1.896358406800005e-03 -8.869443529151698e-04 -1.007703240347197e+00
43 44 -1.000280220176270e+00 -1.895320361639392e-03 -8.876835362017952e-04 -1.007707099402011e+00
43 45 -1.000279730877776e+00 -1.894377270235610e-03 -8.883700102024770e-04 -1.007710669168769e+00
43 46 -1.000279283492167e+00 -1.893540113700384e-03 -8.889896347383976e-04 -1.007713910667682e+00
43 47 -1.000278882851010e+00 -1.892818995581177e-03 -8.895286191647624e-04 -1.007716787741206e+00
43 48 -1.000278533219772e+00 -1.892222923242532e-03 -8.899740213240707e-04 -1.007719267733022e+00
43 49 -1.000278238223325e+00 -1.891759593874603e-03 -8.903142372707991e-04 -1.007721322149657e+00
43 50 -1.000278000787395e+00 -1.891435202616245e-03 -8.905394520972679e-04 -1.007722927251123e+00
43 51 -1.000277823098618e+00 -1.891254286204379e-03 -8.906420281812541e-04 -1.007724064529725e+00
43 52 -1.000277706582837e+00 -1.891219608498225e-03 -8.906168150284963e-04 -1.007724721058816e+00
43 53 -1.000277651899757e+00 -1.891332088992198e-03 -8.904613708396223e-04 -1.007724889710449e+00
43 54 -1.000277658952216e+00 -1.891590773417690e-03 -8.901760896202980e-04 -1.007724569247634e+00
43 55 -1.000277726909082e+00 -1.891992844722454e-03 -8.897642303969006e-04 -1.007723764299054e+00
43 56 -1.000277854241446e+00 -1.892533672236099e-03 -8.892318471143765e-04 -1.007722485224910e+00
43 57 -1.000278038772422e+00 -1.893206898013770e-03 -8.885876189919789e-04 -1.007720747878020e+00
43 58 -1.000278277741148e+00 -1.894004561599730e-03 -8.878425834994691e-04 -1.007718573256059e+00
43 59 -1.000278567880130e+00 -1.894917263720849e-03 -8.870097806103800e-04 -1.007715987041957e+00
43 60 -1.000278905501864e+00 -1.895934363323798e-03 -8.861038272196401e-04 -1.007713019048342e+00
43 61 -1.000279286587385e+00 -1.897044194595078e-03 -8.851404497182803e-04 -1.007709702606985e+00
43 62 -1.000279706868819e+00 -1.898234287301150e-03 -8.841360055950791e-04 -1.007706073954925e+00
43 63 -1.000280161900313e+00 -1.899491576634698e-03 -8.831070209093812e-04 -1.007702171658870e+00
44 0 -1.000280004865246e+00 -1.900322923924289e-03 -8.832860082941493e-04 -1.007699606884344e+00
44 1 -1.000280509554968e+00 -1.901659282192953e-03 -8.822627203947831e-04 -1.007695323408371e+00
44 2 -1.000281035683993e+00 -1.903023097599189e-03 -8.812600842933806e-04 -1.007690886604235e+00
44 3 -1.000281578585356e+00 -1.904400713409755e-03 -8.802914793558363e-04 -1.007686339606543e+00
44 4 -1.000282133590490e+00 -1.905778615494768e-03 -8.793688483559934e-04 -1.007681725912252e+00
44 5 -1.000282696046863e+00 -1.907143538414486e-03 -8.785025396007172e-04 -1.007677089065849e+00
44 6 -1.000283261332393e+00 -1.908482565384201e-03 -8.777012068042735e-04 -1.007672472342157e+00
44 7 -1.000283824866263e+00 -1.909783223510543e-03 -8.769717659827220e-04 -1.007667918425511e+00
44 8 -1.000284382116577e+00 -1.911033575369034e-03 -8.763194051827894e-04 -1.007663469085924e+00
44 9 -1.000284928606496e+00 -1.912222308215048e-03 -8.757476388039535e-04 -1.007659164852123e+00
44 10 -1.000285459921544e+00 -1.913338822278187e-03 -8.752583954622024e-04 -1.007655044680550e+00
44 11 -1.000285971720818e+00 -1.914373318321250e-03 -8.748521289670312e-04 -1.007651145622322e+00
44 12 -1.000286459753460e+00 -1.915316881114431e-03 -8.745279463993024e-04 -1.007647502499090e+00
44 13 -1.000286919879426e+00 -1.916161551690888e-03 -8.742837527303366e-04 -1.007644147608573e+00
44 14 -1.000287348092244e+00 -1.916900380936214e-03 -8.741164142767568e-04 -1.007641110480853e+00
44 15 -1.000287740541996e+00 -1.917527461166724e-03 -8.740219424894767e-04 -1.007638417693934e+00
44 16 -1.000288093558609e+00 -1.918037937601412e-03 -8.739956968397896e-04 -1.007636092740922e+00
44 17 -1.000288403677126e+00 -1.918428004779806e-03 -8.740326025124582e-04 -1.007634155931495e+00
44 18 -1.000288667667682e+00 -1.918694894263987e-03 -8.741273754375923e-04 -1.007632624306975e+00
44 19 -1.000288882573456e+00 -1.918836860613106e-03 -8.742747442848006e-04 -1.007631511547907e+00
44 20 -1.000289045758956e+00 -1.918853171318796e-03 -8.744696580131583e-04 -1.007630827859378e+00
44 21 -1.000289154967941e+00 -1.918744101509180e-03 -8.747074694563819e-04 -1.007630579837376e+00
44 22 -1.000289208386133e+00 -1.918510928297974e-03 -8.749840889776309e-04 -1.007630770340360e+00
44 23 -1.000289204701565e+00 -1.918155917792613e-03 -8.752961051209092e-04 -1.007631398396629e+00
44 24 -1.000289143156374e+00 -1.917682301332668e-03 -8.756408702801258e-04 -1.007632459165082e+00
44 25 -1.000289023586584e+00 -1.917094242469386e-03 -8.760165490466509e-04 -1.007633943948686e+00
44 26 -1.000288846448859e+00 -1.916396798573877e-03 -8.764221257448338e-04 -1.007635840250557e+00
44 27 -1.000288612834867e+00 -1.915595881008435e-03 -8.768573664210111e-04 -1.007638131861577e+00
44 28 -1.000288324475144e+00 -1.914698217246054e-03 -8.773227303668000e-04 -1.007640798969391e+00
44 29 -1.000287983734609e+00 -1.913711316766739e-03 -8.778192282277162e-04 -1.007643818282864e+00
44 30 -1.000287593600355e+00 -1.912643439093925e-03 -8.783482279238891e-04 -1.007647163177086e+00
44 31 -1.000287157660062e+00 -1.911503558862181e-03 -8.789112150913030e-04 -1.007650803875217e+00
44 32 -1.000286680068489e+00 -1.910301322529434e-03 -8.795095204180421e-04 -1.007654707682534e+00
44 33 -1.000286165500994e+00 -1.909046994519685e-03 -8.801440307529237e-04 -1.007658839273685e+00
44 34 -1.000285619095547e+00 -1.907751394249512e-03 -8.808149026230989e-04 -1.007663161018617e+00
44 35 -1.000285046386387e+00 -1.906425827269122e-03 -8.815212952679465e-04 -1.007667633326180e+00
44 36 -1.000284453233150e+00 -1.905082013751149e-03 -8.822611369906550e-04 -1.007672214986358e+00
44 37 -1.000283845749178e+00 -1.903732016659957e-03 -8.830309356679532e-04 -1.007676863497479e+00
44 38 -1.000283230232059e+00 -1.902388170338589e-03 -8.838256421237658e-04 -1.007681535372414e+00
44 39 -1.000282613097895e+00 -1.901063008283774e-03 -8.846385730603711e-04 -1.007686186427427e+00
44 40 -1.000282000818719e+00 -1.899769187330909e-03 -8.854613987253137e-04 -1.007690772065717e+00
44 41 -1.000281399860811e+00 -1.898519404479938e-03 -8.862842006641563e-04 -1.007695247572011e+00
44 42 -1.000280816620896e+00 -1.897326301586711e-03 -8.870956059473223e-04 -1.007699568436165e+00
44 43 -1.000280257357410e+00 -1.896202352345259e-03 -8.878830030682110e-04 -1.007703690724380e+00
44 44 -1.000279728114967e+00 -1.895159726544578e-03 -8.886328396984340e-04 -1.007707571514709e+00
44 45 -1.000279234641783e+00 -1.894210128811156e-03 -8.893309957142493e-04 -1.007711169407283e+00
44 46 -1.000278782301710e+00 -1.893364612132591e-03 -8.899632188960337e-04 -1.007714445109825e+00
44 47 -1.000278375984571e+00 -1.892633370344852e-03 -8.905156050102935e-04 -1.007717362085954e+00
44 48 -1.000278020020275e+00 -1.892025519213641e-03 -8.909750974165457e-04 -1.007719887236535e+00
44 49 -1.000277718103148e+00 -1.891548881460572e-03 -8.913299761590197e-04 -1.007721991566848e+00
44 50 -1.000277473232050e+00 -1.891209793155420e-03 -8.915703069906002e-04 -1.007723650785926e+00
44 51 -1.000277287669189e+00 -1.891012945097324e-03 -8.916883274490624e-04 -1.007724845795927e+00
44 52 -1.000277162917546e+00 -1.890961265972003e-03 -8.916787553758913e-04 -1.007725563051063e+00
44 53 -1.000277099715164e+00 -1.891055848855458e-03 -8.915390108321960e-04 -1.007725794783182e+00
44 54 -1.000277098044389e+00 -1.891295920247011e-03 -8.912693453093677e-04 -1.007725539099577e+00
44 55 -1.000277157154696e+00 -1.891678849493568e-03 -8.908728744065035e-04 -1.007724799962823e+00
44 56 -1.000277275598377e+00 -1.892200195918831e-03 -8.903555118385706e-04 -1.007723587063473e+00
44 57 -1.000277451279329e+00 -1.892853792598599e-03 -8.897258034116652e-04 -1.007721915590341e+00
44 58 -1.000277681515689e+00 -1.893631868308876e-03 -8.889946619336640e-04 -1.007719805893532e+00
44 59 -1.000277963115753e+00 -1.894525208318284e-03 -8.881750113305262e-04 -1.007717283036522e+00
44 60 -1.000278292463292e+00 -1.895523348492725e-03 -8.872813595996498e-04 -1.007714376252367e+00
44 61 -1.000278665605249e+00 -1.896614789730871e-03 -8.863293298200496e-04 -1.007711118342977e+00
44 62 -1.000279078334125e+00 -1.897787216708458e-03 -8.853351810507981e-04 -1.007707545070313e+00
44 63 -1.000279526259387e+00 -1.899027707317933e-03 -8.843153464892060e-04 -1.007703694580289e+00
45 0 -1.000279368220258e+00 -1.899778679744014e-03 -8.848901823529287e-04 -1.007701237976297e+00
45 1 -1.000279866517929e+00 -1.901099987660165e-03 -8.838726085990593e-04 -1.007697000255106e+00
45 2 -1.000280386777008e+00 -1.902449785030573e-03 -8.828744732590685e-04 -1.007692605222381e+00
45 3 -1.000280924373843e+00 -1.903814515850880e-03 -8.819091235708316e-04 -1.007688095743033e+00
45 4 -1.000281474680287e+00 -1.905180759899818e-03 -8.809884800089928e-04 -1.007683515070746e+00
45 5 -1.000282033081439e+00 -1.906535340163222e-03 -8.801228752973226e-04 -1.007678906528906e+00
45 6 -1.000282594990287e+00 -1.907865423884321e-03 -8.793209512137756e-04 -1.007674313189864e+00
45 7 -1.000283155858925e+00 -1.909158618470592e-03 -8.785896138851522e-04 -1.007669777550933e+00
45 8 -1.000283711186556e+00 -1.910403063022300e-03 -8.779340441101421e-04 -1.007665341208592e+00
45 9 -1.000284256525597e+00 -1.911587516518922e-03 -8.773577543721385e-04 -1.007661044532144e+00
45 10 -1.000284787488361e+00 -1.912701444123967e-03 -8.768626807373509e-04 -1.007656926336596e+00
45 11 -1.000285299757089e+00 -1.913735102117183e-03 -8.764492979464551e-04 -1.007653023556178e+00
45 12 -1.000285789098921e+00 -1.914679618720817e-03 -8.761167501948488e-04 -1.007649370927781e+00
45 13 -1.000286251385233e+00 -1.915527064367994e-03 -8.758629960180407e-04 -1.007646000703138e+00
45 14 -1.000286682613265e+00 -1.916270504182442e-03 -8.756849698012639e-04 -1.007642942409999e+00
45 15 -1.000287078928296e+00 -1.916904028738202e-03 -8.755787629227730e-04 -1.007640222672063e+00
45 16 -1.000287436646150e+00 -1.917422764087697e-03 -8.755398251294012e-04 -1.007637865082225e+00
45 17 -1.000287752277531e+00 -1.917822865748098e-03 -8.755631828478129e-04 -1.007635890112548e+00
45 18 -1.000288022556910e+00 -1.918101503416588e-03 -8.756436666911001e-04 -1.007634315038979e+00
45 19 -1.000288244479357e+00 -1.918256844109319e-03 -8.757761366020110e-04 -1.007633153857735e+00
45 20 -1.000288415347906e+00 -1.918288040071207e-03 -8.759556916504253e-04 -1.007632417176825e+00
45 21 -1.000288532831126e+00 -1.918195223088023e-03 -8.761778534257852e-04 -1.007632112083655e+00
45 22 -1.000288595026501e+00 -1.917979500935223e-03 -8.764387161564593e-04 -1.007632242010325e+00
45 23 -1.000288600522663e+00 -1.917642949005805e-03 -8.767350608816793e-04 -1.007632806626981e+00
45 24 -1.000288548453934e+00 -1.917188592417198e-03 -8.770644334351713e-04 -1.007633801784613e+00
45 25 -1.000288438543026e+00 -1.916620378406205e-03 -8.774251860673590e-04 -1.007635219511647e+00
45 26 -1.000288271130441e+00 -1.915943142041885e-03 -8.778164806505325e-04 -1.007637048056764e+00
45 27 -1.000288047191081e+00 -1.915162569346652e-03 -8.782382489595105e-04 -1.007639271966307e+00
45 28 -1.000287768339967e+00 -1.914285161627922e-03 -8.786911043816724e-04 -1.007641872184968e+00
45 29 -1.000287436829224e+00 -1.913318203218663e-03 -8.791762008056816e-04 -1.007644826172957e+00
45 30 -1.000287055537225e+00 -1.912269731642110e-03 -8.796950383576209e-04 -1.007648108042944e+00
45 31 -1.000286627948607e+00 -1.911148505874928e-03 -8.802492214961512e-04 -1.007651688730755e+00
45 32 -1.000286158122766e+00 -1.909963967372267e-03 -8.808401818532650e-04 -1.007655536215097e+00
45 33 -1.000285650649440e+00 -1.908726190644274e-03 -8.814688841708768e-04 -1.007659615790573e+00
45 34 -1.000285110592320e+00 -1.907445823684585e-03 -8.821355360408461e-04 -1.007663890382926e+00
45 35 -1.000284543423714e+00 -1.906134021123192e-03 -8.828393199300651e-04 -1.007668320886197e+00
45 36 -1.000283954954121e+00 -1.904802373626076e-03 -8.835781613927011e-04 -1.007672866501433e+00
45 37 -1.000283351260483e+00 -1.903462836123745e-03 -8.843485435125122e-04 -1.007677485062651e+00
45 38 -1.000282738616096e+00 -1.902127655729244e-03 -8.851453751499489e-04 -1.007682133344196e+00
45 39 -1.000282123423813e+00 -1.900809298487071e-03 -8.859619184325171e-04 -1.007686767352327e+00
45 40 -1.000281512152348e+00 -1.899520372715499e-03 -8.867897794669976e-04 -1.007691342611266e+00
45 41 -1.000280911273709e+00 -1.898273545385086e-03 -8.876189670391899e-04 -1.007695814459277e+00
45 42 -1.000280327198770e+00 -1.897081446548771e-03 -8.884380262633637e-04 -1.007700138373483e+00
45 43 -1.000279766208008e+00 -1.895956556037012e-03 -8.892342538545293e-04 -1.007704270342683e+00
45 44 -1.000279234375578e+00 -1.894911067412621e-03 -8.899939965142399e-04 -1.007708167304419e+00
45 45 -1.000278737486474e+00 -1.893956726455628e-03 -8.907030260446525e-04 -1.007711787656083e+00
45 46 -1.000278280948361e+00 -1.893104644488477e-03 -8.913469777470309e-04 -1.007715091840812e+00
45 47 -1.000277869701554e+00 -1.892365090769681e-03 -8.919118327545550e-04 -1.007718042996291e+00
45 48 -1.000277508132491e+00 -1.891747273493091e-03 -8.923844188478987e-04 -1.007720607637556e+00
45 49 -1.000277199997113e+00 -1.891259124269868e-03 -8.927528996074389e-04 -1.007722756327976e+00
45 50 -1.000276948359787e+00 -1.890907103025181e-03 -8.930072224676015e-04 -1.007724464285936e+00
45 51 -1.000276755550960e+00 -1.890696037161893e-03 -8.931395031456721e-04 -1.007725711883987e+00
45 52 -1.000276623143817e+00 -1.890629002661922e-03 -8.931443326376860e-04 -1.007726485016783e+00
45 53 -1.000276551948345e+00 -1.890707249196258e-03 -8.930189988596525e-04 -1.007726775332741e+00
45 54 -1.000276542020664e+00 -1.890930167966559e-03 -8.927636176215432e-04 -1.007726580336179e+00
45 55 -1.000276592685819e+00 -1.891295299479316e-03 -8.923811689298781e-04 -1.007725903372187e+00
45 56 -1.000276702573067e+00 -1.891798378607290e-03 -8.918774353814840e-04 -1.007724753505784e+00
45 57 -1.000276869663859e+00 -1.892433416270584e-03 -8.912608399354718e-04 -1.007723145299516e+00
45 58 -1.000277091353297e+00 -1.893192819106028e-03 -8.905421831109929e-04 -1.007721098485333e+00
45 59 -1.000277364524501e+00 -1.894067547289760e-03 -8.897342876045693e-04 -1.007718637528466e+00
45 60 -1.000277685632318e+00 -1.895047305214502e-03 -8.888515702141254e-04 -1.007715791097144e+00
45 61 -1.000278050789958e+00 -1.896120753177505e-03 -8.879095709689858e-04 -1.007712591472610e+00
45 62 -1.000278455851192e+00 -1.897275724888283e-03 -8.869244723034816e-04 -1.007709073944812e+00
45 63 -1.000278896482256e+00 -1.898499436832754e-03 -8.859126366556302e-04 -1.007705276235407e+00
46 0 -1.000278743138693e+00 -1.899174580151869e-03 -8.868645093528095e-04 -1.007702917373051e+00
46 1 -1.000279234754707e+00 -1.900480562514917e-03 -8.858518085424682e-04 -1.007698727284753e+00
46 2 -1.000279748782691e+00 -1.901815862906894e-03 -8.848574945861116e-04 -1.007694376512436e+00
46 3 -1.000280280645994e+00 -1.903167028950062e-03 -8.838948982748923e-04 -1.007689907625764e+00
46 4 -1.000280825761155e+00 -1.904520739120189e-03 -8.829759316982196e-04 -1.007685363604250e+00
46 5 -1.000281379555641e+00 -1.905863911559154e-03 -8.821109238289502e-04 -1.007680787514250e+00
46 6 -1.000281937482744e+00 -1.907183806482651e-03 -8.813085136640361e-04 -1.007676222184069e+00
46 7 -1.000282495033109e+00 -1.908468122787892e-03 -8.805756033438758e-04 -1.007671709876996e+00
46 8 -1.000283047742924e+00 -1.909705089347715e-03 -8.799173684308146e-04 -1.007667291964728e+00
46 9 -1.000283591199960e+00 -1.910883552169779e-03 -8.793373168054869e-04 -1.007663008602304e+00
46 10 -1.000284121049783e+00 -1.911993058860167e-03 -8.788373841095448e-04 -1.007658898404557e+00
46 11 -1.000284633004692e+00 -1.913023940769282e-03 -8.784180533879317e-04 -1.007654998126320e+00
46 12 -1.000285122857092e+00 -1.913967390612356e-03 -8.780784897036864e-04 -1.007651342354780e+00
46 13 -1.000285586497225e+00 -1.914815530232270e-03 -8.778166862543312e-04 -1.007647963229776e+00
46 14 -1.000286019933609e+00 -1.915561461736423e-03 -8.776296243746419e-04 -1.007644890210498e+00
46 15 -1.000286419314339e+00 -1.916199297249830e-03 -8.775134523311178e-04 -1.007642149900138e+00
46 16 -1.000286780948753e+00 -1.916724167203405e-03 -8.774636855365222e-04 -1.007639765925820e+00
46 17 -1.000287101330780e+00 -1.917132211709098e-03 -8.774754255292156e-04 -1.007637758857504e+00
46 18 -1.000287377166805e+00 -1.917420562288857e-03 -8.775435896701414e-04 -1.007636146142316e+00
46 19 -1.000287605411422e+00 -1.917587321966729e-03 -8.776631395456105e-04 -1.007634942030202e+00
46 20 -1.000287783313745e+00 -1.917631550478889e-03 -8.778292940600772e-04 -1.007634157473360e+00
46 21 -1.000287908474379e+00 -1.917553257395060e-03 -8.780377141469445e-04 -1.007633799997123e+00
46 22 -1.000287978909267e+00 -1.917353400130422e-03 -8.782846505338171e-04 -1.007633873560214e+00
46 23 -1.000287993113631e+00 -1.917033879778315e-03 -8.785670522170379e-04 -1.007634378435001e+00
46 24 -1.000287950118970e+00 -1.916597528564267e-03 -8.788826374761459e-04 -1.007635311133613e+00
46 25 -1.000287849538455e+00 -1.916048087348460e-03 -8.792299292166375e-04 -1.007636664388486e+00
46 26 -1.000287691599019e+00 -1.915390175788191e-03 -8.796082535306854e-04 -1.007638427180853e+00
46 27 -1.000287477160477e+00 -1.914629259114676e-03 -8.800176974691078e-04 -1.007640584805755e+00
46 28 -1.000287207723252e+00 -1.913771614984298e-03 -8.804590205915584e-04 -1.007643118963388e+00
46 29 -1.000286885426778e+00 -1.912824302826945e-03 -8.809335150861360e-04 -1.007646007869651e+00
46 30 -1.000286513039917e+00 -1.911795135989639e-03 -8.814428119129679e-04 -1.007649226385467e+00
46 31 -1.000286093942692e+00 -1.910692653531705e-03 -8.819886366870155e-04 -1.007652746175163e+00
46 32 -1.000285632096965e+00 -1.909526086029022e-03 -8.825725278626340e-04 -1.007656535910286e+00
46 33 -1.000285132004096e+00 -1.908305310794439e-03 -8.831955372768197e-04 -1.007660561527737e+00
46 34 -1.000284598650130e+00 -1.907040795896577e-03 -8.838579354723947e-04 -1.007664786534070e+00
46 35 -1.000284037441572e+00 -1.905743535857591e-03 -8.845589413449642e-04 -1.007669172334986e+00
46 36 -1.000283454135666e+00 -1.904424982638226e-03 -8.852964906416617e-04 -1.007673678568788e+00
46 37 -1.000282854768769e+00 -1.903096974238890e-03 -8.860670533943950e-04 -1.007678263430397e+00
46 38 -1.000282245585603e+00 -1.901771661811903e-03 -8.868655068462294e-04 -1.007682883980609e+00
46 39 -1.000281632971278e+00 -1.900461435122133e-03 -8.876850675517256e-04 -1.007687496441547e+00
46 40 -1.000281023386418e+00 -1.899178844858630e-03 -8.885172852123801e-04 -1.007692056485926e+00
46 41 -1.000280423303683e+00 -1.897936518394958e-03 -8.893521026107384e-04 -1.007696519535102e+00
46 42 -1.000279839142610e+00 -1.896747063774595e-03 -8.901779890745137e-04 -1.007700841085720e+00
46 43 -1.000279277199710e+00 -1.895622955955055e-03 -8.909821551499887e-04 -1.007704977084951e+00
46 44 -1.000278743572012e+00 -1.894576400251974e-03 -8.917508511797597e-04 -1.007708884370144e+00
46 45 -1.000278244073906e+00 -1.893619170300010e-03 -8.924697441004489e-04 -1.007712521181850e+00
46 46 -1.000277784148864e+00 -1.892762421085804e-03 -8.931243585913434e-04 -1.007715847750307e+00
46 47 -1.000277368779305e+00 -1.892016481477803e-03 -8.937005620807279e-04 -1.007718826943732e+00
46 48 -1.000277002399687e+00 -1.891390635403905e-03 -8.941850673821513e-04 -1.007721424951346e+00
46 49 -1.000276688819045e+00 -1.890892905752465e-03 -8.945659227159140e-04 -1.007723611957799e+00
46 50 -1.000276431158780e+00 -1.890529857719971e-03 -8.948329596279989e-04 -1.007725362756820e+00
46 51 -1.000276231809331e+00 -1.890306436225510e-03 -8.949781761532237e-04 -1.007726657258183e+00
46 52 -1.000276092406333e+00 -1.890225845773183e-03 -8.949960420568311e-04 -1.007727480861777e+00
46 53 -1.000276013824578e+00 -1.890289474537218e-03 -8.948837198390655e-04 -1.007727824694056e+00
46 54 -1.000275996187349e+00 -1.890496860745716e-03 -8.946411974077872e-04 -1.007727685715271e+00
46 55 -1.000276038889186e+00 -1.890845698725135e-03 -8.942713280049400e-04 -1.007727066709417e+00
46 56 -1.000276140631084e+00 -1.891331882581193e-03 -8.937797727315370e-04 -1.007725976167251e+00
46 57 -1.000276299468061e+00 -1.891949586609675e-03 -8.931748419878195e-04 -1.007724428068090e+00
46 58 -1.000276512869452e+00 -1.892691382743107e-03 -8.924672355418014e-04 -1.007722441560060e+00
46 59 -1.000276777791468e+00 -1.893548394894914e-03 -8.916696886744920e-04 -1.007720040537357e+00
46 60 -1.000277090759125e+00 -1.894510486064655e-03 -8.907965435800043e-04 -1.007717253124028e+00
46 61 -1.000277447951809e+00 -1.895566467680435e-03 -8.898632761614219e-04 -1.007714111093658e+00
46 62 -1.000277845285248e+00 -1.896704316102860e-03 -8.888860125527773e-04 -1.007710649269269e+00
46 63 -1.000278278483665e+00 -1.897911381657142e-03 -8.878810652801414e-04 -1.007706904947023e+00
47 0 -1.000278135619495e+00 -1.898515944586434e-03 -8.891880803785835e-04 -1.007704632107798e+00
47 1 -1.000278620306830e+00 -1.899806423205026e-03 -8.881794741460757e-04 -1.007700491218953e+00
47 2 -1.000279127779429e+00 -1.901126834660864e-03 -8.871883730847235e-04 -1.007696186925685e+00
47 3 -1.000279653511211e+00 -1.902463832758777e-03 -8.862281061500491e-04 -1.007691761477754e+00
47 4 -1.000280192967597e+00 -1.903804199182331e-03 -8.853105899750745e-04 -1.007687257550178e+00
47 5 -1.000280741623231e+00 -1.905134953758289e-03 -8.844461610930293e-04 -1.007682717916214e+00
47 6 -1.000281294977016e+00 -1.906443458304324e-03 -8.836434649436402e-04 -1.007678185118417e+00
47 7 -1.000281848563813e+00 -1.907717513939276e-03 -8.829094058734171e-04 -1.007673701139415e+00
47 8 -1.000282397962701e+00 -1.908945452150452e-03 -8.822491564166987e-04 -1.007669307075248e+00
47 9 -1.000282938802960e+00 -1.910116220921718e-03 -8.816662175117148e-04 -1.007665042811925e+00
47 10 -1.000283466769839e+00 -1.911219467227594e-03 -8.811625173263317e-04 -1.007660946705875e+00
47 11 -1.000283977612423e+00 -1.912245616185986e-03 -8.807385355432115e-04 -1.007657055271474e+00
47 12 -1.000284467155417e+00 -1.913185945296316e-03 -8.803934422065388e-04 -1.007653402882801e+00
47 13 -1.000284931315256e+00 -1.914032649446857e-03 -8.801252458888835e-04 -1.007650021502542e+00
47 14 -1.000285366119243e+00 -1.914778890256059e-03 -8.799309531758320e-04 -1.007646940455205e+00
47 15 -1.000285767725848e+00 -1.915418824389045e-03 -8.798067457089232e-04 -1.007644186257539e+00
47 16 -1.000286132445475e+00 -1.915947610041697e-03 -8.797481792140817e-04 -1.007641782505283e+00
47 17 -1.000286456762924e+00 -1.916361395870055e-03 -8.797504029018536e-04 -1.007639749800434e+00
47 18 -1.000286737364292e+00 -1.916657299626875e-03 -8.798083914000369e-04 -1.007638105695294e+00
47 19 -1.000286971171594e+00 -1.916833384708352e-03 -8.799171768299116e-04 -1.007636864628692e+00
47 20 -1.000287155387940e+00 -1.916888642151196e-03 -8.800720658325205e-04 -1.007636037834650e+00
47 21 -1.000287287553812e+00 -1.916822982174412e-03 -8.802688265728326e-04 -1.007635633217411e+00
47 22 -1.000287365611187e+00 -1.916637233129378e-03 -8.805038356192623e-04 -1.007635655208083e+00
47 23 -1.000287387968807e+00 -1.916333140582511e-03 -8.807741822885618e-04 -1.007636104634247e+00
47 24 -1.000287353561317e+00 -1.915913359443016e-03 -8.810777335757378e-04 -1.007636978631170e+00
47 25 -1.000287261897284e+00 -1.915381436678960e-03 -8.814131631591988e-04 -1.007638270605861e+00
47 26 -1.000287113094037e+00 -1.914741786394623e-03 -8.817799449083099e-04 -1.007639970249790e+00
47 27 -1.000286907899286e+00 -1.913999660364774e-03 -8.821783080284269e-04 -1.007642063591220e+00
47 28 -1.000286647700769e+00 -1.913161117204623e-03 -8.826091485716911e-04 -1.007644533077862e+00
47 29 -1.000286334526149e+00 -1.912232993437992e-03 -8.830738907903909e-04 -1.007647357680346e+00
47 30 -1.000285971034941e+00 -1.911222878092856e-03 -8.835742936732193e-04 -1.007650513012196e+00
47 31 -1.000285560502058e+00 -1.910139088256931e-03 -8.841122049599130e-04 -1.007653971475048e+00
47 32 -1.000285106790514e+00 -1.908990639466366e-03 -8.846892752030123e-04 -1.007657702447236e+00
47 33 -1.000284614311055e+00 -1.907787205572561e-03 -8.853066528734910e-04 -1.007661672527196e+00
47 34 -1.000284087969108e+00 -1.906539066983152e-03 -8.859646842154189e-04 -1.007665845824894e+00
47 35 -1.000283533101959e+00 -1.905257049721853e-03 -8.866626389304110e-04 -1.007670184281287e+00
47 36 -1.000282955409882e+00 -1.903952458389658e-03 -8.873984776314304e-04 -1.007674647995777e+00
47 37 -1.000282360884585e+00 -1.902637005172998e-03 -8.881686714520176e-04 -1.007679195548836e+00
47 38 -1.000281755737842e+00 -1.901322736227963e-03 -8.889680791343862e-04 -1.007683784313294e+00
47 39 -1.000281146332456e+00 -1.900021955941640e-03 -8.897898834145339e-04 -1.007688370753371e+00
47 40 -1.000280539116202e+00 -1.898747148022899e-03 -8.906255880002075e-04 -1.007692910717788e+00
47 41 -1.000279940557242e+00 -1.897510890267912e-03 -8.914650791080952e-04 -1.007697359741247e+00
47 42 -1.000279357078071e+00 -1.896325757881480e-03 -8.922967591247649e-04 -1.007701673373927e+00
47 43 -1.000278794984901e+00 -1.895204209196477e-03 -8.931077607196408e-04 -1.007705807559449e+00
47 44 -1.000278260390642e+00 -1.894158448414161e-03 -8.938842452791043e-04 -1.007709719077760e+00
47 45 -1.000277759131380e+00 -1.893200262809836e-03 -8.946117809559133e-04 -1.007713366061043e+00
47 46 -1.000277296678026e+00 -1.892340835531353e-03 -8.952757863905651e-04 -1.007716708580888e+00
47 47 -1.000276878046283e+00 -1.891590538522438e-03 -8.958620186840284e-04 -1.007719709295110e+00
47 48 -1.000276507709571e+00 -1.890958713904675e-03 -8.963570785604386e-04 -1.007722334130307e+00
47 49 -1.000276189520862e+00 -1.890453457126962e-03 -8.967489020589413e-04 -1.007724552959592e+00
47 50 -1.000275926649470e+00 -1.890081418957675e-03 -8.970272088969179e-04 -1.007726340222168e+00
47 51 -1.000275721536968e+00 -1.889847641836291e-03 -8.971838846820866e-04 -1.007727675435653e+00
47 52 -1.000275575873016e+00 -1.889755439030203e-03 -8.972132845831230e-04 -1.007728543574186e+00
47 53 -1.000275490589230e+00 -1.889806317652691e-03 -8.971124537289116e-04 -1.007728935309475e+00
47 54 -1.000275465868501e+00 -1.889999943493552e-03 -8.968812612760301e-04 -1.007728847123263e+00
47 55 -1.000275501167934e+00 -1.890334145820766e-03 -8.965224433776720e-04 -1.007728281300723e+00
47 56 -1.000275595254277e+00 -1.890804960444241e-03 -8.960415494518156e-04 -1.007727245814635e+00
47 57 -1.000275746251242e+00 -1.891406709137515e-03 -8.954467875315091e-04 -1.007725754110044e+00
47 58 -1.000275951698626e+00 -1.892132114666997e-03 -8.947487679560952e-04 -1.007723824793073e+00
47 59 -1.000276208623038e+00 -1.892972451680074e-03 -8.939601517487541e-04 -1.007721481221252e+00
47 60 -1.000276513618104e+00 -1.893917730662318e-03 -8.930952217412194e-04 -1.007718751000007e+00
47 61 -1.000276862928877e+00 -1.894956905156803e-03 -8.921694068484192e-04 -1.007715665411565e+00
47 62 -1.000277252533292e+00 -1.896078086955843e-03 -8.911987954957436e-04 -1.007712258820630e+00
47 63 -1.000277678214340e+00 -1.897268754485394e-03 -8.901996696817367e-04 -1.007708568100451e+00
48 0 -1.000277551645765e+00 -1.897808661415491e-03 -8.918371278266927e-04 -1.007706368249040e+00
48 1 -1.000278029205211e+00 -1.899083562539035e-03 -8.908318993845699e-04 -1.007702277781530e+00
48 2 -1.000278529840468e+00 -1.900388788608908e-03 -8.898434722007465e-04 -1.007698021879765e+00
48 3 -1.000279049079351e+00 -1.901711101550596e-03 -8.888851869892639e-04 -1.007693642450840e+00
48 4 -1.000279582440329e+00 -1.903037390495614e-03 -8.879689769071567e-04 -1.007689181835348e+00
48 5 -1.000280125450085e+00 -1.904354783372580e-03 -8.871051965471899e-04 -1.007684682476991e+00
48 6 -1.000280673658454e+00 -1.905650751933534e-03 -8.863025065156479e-04 -1.007680186591083e+00
48 7 -1.000281222650126e+00 -1.906913209765680e-03 -8.855678194318267e-04 -1.007675735833792e+00
48 8 -1.000281768052986e+00 -1.908130603302415e-03 -8.849063072587490e-04 -1.007671370975278e+00
48 9 -1.000282305544003e+00 -1.909291996878557e-03 -8.843214622880187e-04 -1.007667131578261e+00
48 10 -1.000282830854468e+00 -1.910387153026398e-03 -8.838151990441530e-04 -1.007663055683546e+00
48 11 -1.000283339776793e+00 -1.911406608548157e-03 -8.833879829340738e-04 -1.007659179505431e+00
48 12 -1.000283828174827e+00 -1.912341745372486e-03 -8.830389734360827e-04 -1.007655537142723e+00
48 13 -1.000284291998397e+00 -1.913184852528589e-03 -8.827661751931480e-04 -1.007652160316588e+00
48 14 -1.000284727301009e+00 -1.913929173181110e-03 -8.825665981339407e-04 -1.007649078151435e+00
48 15 -1.000285130259015e+00 -1.914568931229316e-03 -8.824364333138940e-04 -1.007646317011858e+00
48 16 -1.000285497191477e+00 -1.915099336035906e-03 -8.823712506304975e-04 -1.007643900396014e+00
48 17 -1.000285824581782e+00 -1.915516568879496e-03 -8.823662185541567e-04 -1.007641848871148e+00
48 18 -1.000286109103586e+00 -1.915817758233522e-03 -8.824163385588656e-04 -1.007640180027916e+00
48 19 -1.000286347654355e+00 -1.916000952594178e-03 -8.825166811202609e-04 -1.007638908427521e+00
48 20 -1.000286537399479e+00 -1.916065099201278e-03 -8.826626068984934e-04 -1.007638045519615e+00
48 21 -1.000286675827784e+00 -1.916010033476824e-03 -8.828499569395637e-04 -1.007637599522694e+00
48 22 -1.000286760815543e+00 -1.915836477739368e-03 -8.830752004994846e-04 -1.007637575280290e+00
48 23 -1.000286790692656e+00 -1.915546042495490e-03 -8.833355370518031e-04 -1.007637974122688e+00
48 24 -1.000286764303791e+00 -1.915141223063434e-03 -8.836289558568401e-04 -1.007638793763478e+00
48 25 -1.000286681059045e+00 -1.914625387769603e-03 -8.839542585299248e-04 -1.007640028246071e+00
48 26 -1.000286540971383e+00 -1.914002757793078e-03 -8.843110475096461e-04 -1.007641667941067e+00
48 27 -1.000286344680461e+00 -1.913278381010660e-03 -8.846996788439112e-04 -1.007643699587428e+00
48 28 -1.000286093464192e+00 -1.912458103586760e-03 -8.851211735778499e-04 -1.007646106366190e+00
48 29 -1.000285789240455e+00 -1.911548543473199e-03 -8.855770798976497e-04 -1.007648867994446e+00
48 30 -1.000285434560748e+00 -1.910557067833716e-03 -8.860692800731978e-04 -1.007651960834550e+00
48 31 -1.000285032595388e+00 -1.909491771942677e-03 -8.865997433904353e-04 -1.007655358027428e+00
48 32 -1.000284587107958e+00 -1.908361453734159e-03 -8.871702368028638e-04 -1.007659029667368e+00
48 33 -1.000284102416978e+00 -1.907175578713164e-03 -8.877820143376023e-04 -1.007662943029437e+00
48 34 -1.000283583344953e+00 -1.905944233306592e-03 -8.884355103903648e-04 -1.007667062845183e+00
48 35 -1.000283035157143e+00 -1.904678067808563e-03 -8.891300602335433e-04 -1.007671351610604e+00
48 36 -1.000282463493461e+00 -1.903388231378082e-03 -8.898636653349269e-04 -1.007675769908075e+00
48 37 -1.000281874296984e+00 -1.902086301604670e-03 -8.906328140320699e-04 -1.007680276727758e+00
48 38 -1.000281273742170e+00 -1.900784210557585e-03 -8.914323618154300e-04 -1.007684829779945e+00
48 39 -1.000280668164976e+00 -1.899494168046452e-03 -8.922554715931083e-04 -1.007689385797028e+00
48 40 -1.000280063995561e+00 -1.898228581246569e-03 -8.930936139928215e-04 -1.007693900831382e+00
48 41 -1.000279467692357e+00 -1.896999968046916e-03 -8.939366308486686e-04 -1.007698330562056e+00
48 42 -1.000278885674903e+00 -1.895820859405302e-03 -8.947728692481318e-04 -1.007702630628345e+00
48 43 -1.000278324252482e+00 -1.894703684396890e-03 -8.955893950780342e-04 -1.007706757010953e+00
48 44 -1.000277789546569e+00 -1.893660632245671e-03 -8.963722910954333e-04 -1.007710666478104e+00
48 45 -1.000277287407005e+00 -1.892703488896234e-03 -8.971070358200072e-04 -1.007714317104230e+00
48 46 -1.000276823323589e+00 -1.891843449624764e-03 -8.977789495382201e-04 -1.007717668857968e+00
48 47 -1.000276402336174e+00 -1.891090912162968e-03 -8.983736854233307e-04 -1.007720684248075e+00
48 48 -1.000276028947571e+00 -1.890455258139789e-03 -8.988777377735975e-04 -1.007723329005468e+00
48 49 -1.000275707044982e+00 -1.889944635813405e-03 -8.992789359017223e-04 -1.007725572762568e+00
48 50 -1.000275439836118e+00 -1.889565761327109e-03 -8.995668934082393e-04 -1.007727389676331e+00
48 51 -1.000275229804448e+00 -1.889323754234425e-03 -8.997333900977023e-04 -1.007728758944767e+00
48 52 -1.000275078684625e+00 -1.889222015723184e-03 -8.997726747248253e-04 -1.007729665189467e+00
48 53 -1.000274987456254e+00 -1.889262150616062e-03 -8.996816847618952e-04 -1.007730098700762e+00
48 54 -1.000274956353485e+00 -1.889443931374143e-03 -8.994601810314229e-04 -1.007730055552929e+00
48 55 -1.000274984888395e+00 -1.889765302403250e-03 -8.991107929136851e-04 -1.007729537598528e+00
48 56 -1.000275071886733e+00 -1.890222422566050e-03 -8.986389683540654e-04 -1.007728552353361e+00
48 57 -1.000275215534975e+00 -1.890809743383457e-03 -8.980528236719792e-04 -1.007727112784357e+00
48 58 -1.000275413438471e+00 -1.891520121957849e-03 -8.973628912617668e-04 -1.007725237005440e+00
48 59 -1.000275662690639e+00 -1.892344969165750e-03 -8.965817703407862e-04 -1.007722947878069e+00
48 60 -1.000275959951468e+00 -1.893274430799064e-03 -8.957236980994550e-04 -1.007720272519287e+00
48 61 -1.000276301530495e+00 -1.894297592314162e-03 -8.948040718621848e-04 -1.007717241741302e+00
48 62 -1.000276683467445e+00 -1.895402692402974e-03 -8.938389593410931e-04 -1.007713889464407e+00
48 63 -1.000277101604389e+00 -1.896577330950900e-03 -8.928446298146923e-04 -1.007710252145189e+00
49 0 -1.000276997121145e+00 -1.897059144699770e-03 -8.947853094027705e-04 -1.007708110945118e+00
49 1 -1.000277467406715e+00 -1.898318507367266e-03 -8.937827980142726e-04 -1.007704071741005e+00
49 2 -1.000277960970780e+00 -1.899608356609853e-03 -8.927965698395530e-04 -1.007699865798643e+00
49 3 -1.000278473398188e+00 -1.900915563960688e-03 -8.918399897351652e-04 -1.007695534661018e+00
49 4 -1.000279000264545e+00 -1.902227129980269e-03 -8.909250182449023e-04 -1.007691120304801e+00
49 5 -1.000279537153352e+00 -1.903530296774159e-03 -8.900620374333840e-04 -1.007686664808442e+00
49 6 -1.000280079670576e+00 -1.904812653894906e-03 -8.892597309064407e-04 -1.007682210019673e+00
49 7 -1.000280623456309e+00 -1.906062237141894e-03 -8.885250252588496e-04 -1.007677797223298e+00
49 8 -1.000281164193145e+00 -1.907267619639871e-03 -8.878630946205219e-04 -1.007673466814114e+00
49 9 -1.000281697611842e+00 -1.908417995709097e-03 -8.872774215588077e-04 -1.007669257978468e+00
49 10 -1.000282219495936e+00 -1.909503258836717e-03 -8.867699013753150e-04 -1.007665208385875e+00
49 11 -1.000282725687547e+00 -1.910514074702513e-03 -8.863409747922573e-04 -1.007661353892325e+00
49 12 -1.000283212096385e+00 -1.911441948609722e-03 -8.859897757126851e-04 -1.007657728260331e+00
49 13 -1.000283674712718e+00 -1.912279284123913e-03 -8.857142859551386e-04 -1.007654362906284e+00
49 14 -1.000284109623557e+00 -1.913019427460058e-03 -8.855114968267155e-04 -1.007651286689884e+00
49 15 -1.000284513030604e+00 -1.913656692179354e-03 -8.853775843501783e-04 -1.007648525758046e+00
49 16 -1.000284881269182e+00 -1.914186362002099e-03 -8.853081059844523e-04 -1.007646103445120e+00
49 17 -1.000285210828981e+00 -1.914604674594142e-03 -8.852982207746640e-04 -1.007644040216982e+00
49 18 -1.000285498379101e+00 -1.914908793509816e-03 -8.853429261506883e-04 -1.007642353635443e+00
49 19 -1.000285740800673e+00 -1.915096777498554e-03 -8.854372977524883e-04 -1.007641058315584e+00
49 20 -1.000285935229974e+00 -1.915167555744483e-03 -8.855767152371167e-04 -1.007640165853261e+00
49 21 -1.000286079112981e+00 -1.915120914280885e-03 -8.857570569239243e-04 -1.007639684713300e+00
49 22 -1.000286170268945e+00 -1.914957493416796e-03 -8.859748501190691e-04 -1.007639620088025e+00
49 23 -1.000286206957292e+00 -1.914678790749632e-03 -8.862273720349472e-04 -1.007639973752231e+00
49 24 -1.000286187940617e+00 -1.914287162133268e-03 -8.865127048749739e-04 -1.007640743945202e+00
49 25 -1.000286112537708e+00 -1.913785814886808e-03 -8.868297527037691e-04 -1.007641925300954e+00
49 26 -1.000285980663263e+00 -1.913178791790616e-03 -8.871782253225719e-04 -1.007643508832078e+00
49 27 -1.000285792853850e+00 -1.912470948285000e-03 -8.875585884745791e-04 -1.007645481959598e+00
49 28 -1.000285550281616e+00 -1.911667927213830e-03 -8.879719744596906e-04 -1.007647828575420e+00
49 29 -1.000285254757979e+00 -1.910776135196998e-03 -8.884200448419369e-04 -1.007650529125484e+00
49 30 -1.000284908728847e+00 -1.909802722479681e-03 -8.889047983877697e-04 -1.007653560709502e+00
49 31 -1.000284515261237e+00 -1.908755564620203e-03 -8.894283237192895e-04 -1.007656897204008e+00
49 32 -1.000284078019509e+00 -1.907643241331072e-03 -8.899925068176471e-04 -1.007660509422692e+00
49 33 -1.000283601229309e+00 -1.906475007041815e-03 -8.905987144356115e-04 -1.007664365325721e+00
49 34 -1.000283089628779e+00 -1.905260749742039e-03 -8.912474803475076e-04 -1.007668430278624e+00
49 35 -1.000282548408865e+00 -1.904010937929042e-03 -8.919382199509174e-04 -1.007672667348829e+00
49 36 -1.000281983146024e+00 -1.902736557950636e-03 -8.926689921927976e-04 -1.007677037621549e+00
49 37 -1.000281399731000e+00 -1.901449044638934e-03 -8.934363197851353e-04 -1.007681500518726e+00
49 38 -1.000280804296804e+00 -1.900160207305321e-03 -8.942350716237097e-04 -1.007686014111864e+00
49 39 -1.000280203148032e+00 -1.898882151949333e-03 -8.950584066597326e-04 -1.007690535427461e+00
49 40 -1.000279602692298e+00 -1.897627199310999e-03 -8.958977776658156e-04 -1.007695020750275e+00
49 41 -1.000279009372907e+00 -1.896407796666770e-03 -8.967429968052323e-04 -1.007699425935761e+00
49 42 -1.000278429600441e+00 -1.895236418874925e-03 -8.975823701603997e-04 -1.007703706748929e+00
49 43 -1.000277869680474e+00 -1.894125452415894e-03 -8.984029107837172e-04 -1.007707819249975e+00
49 44 -1.000277335735505e+00 -1.893087056822580e-03 -8.991906362455117e-04 -1.007711720243538e+00
49 45 -1.000276833620949e+00 -1.892133000999327e-03 -8.999309479148542e-04 -1.007715367799085e+00
49 46 -1.000276368836743e+00 -1.891274475641151e-03 -9.006090788354367e-04 -1.007718721839847e+00
49 47 -1.000275946437513e+00 -1.890521886146506e-03 -9.012105879492916e-04 -1.007721744789121e+00
49 48 -1.000275570945581e+00 -1.889884634086588e-03 -9.017218716706487e-04 -1.007724402251730e+00
49 49 -1.000275246272357e+00 -1.889370900172024e-03 -9.021306603928130e-04 -1.007726663692403e+00
49 50 -1.000274975654123e+00 -1.888987445314219e-03 -9.024264693473980e-04 -1.007728503059833e+00
49 51 -1.000274761606622e+00 -1.888739445115018e-03 -9.026009811166250e-04 -1.007729899307490e+00
49 52 -1.000274605899927e+00 -1.888630366815883e-03 -9.026483480185178e-04 -1.007730836781346e+00
49 53 -1.000274509552249e+00 -1.888661890707813e-03 -9.025654109774216e-04 -1.007731305467612e+00
49 54 -1.000274472840073e+00 -1.888833874201586e-03 -9.023518339454375e-04 -1.007731301107654e+00
49 55 -1.000274495322159e+00 -1.889144355993165e-03 -9.020101508711577e-04 -1.007730825191970e+00
49 56 -1.000274575875561e+00 -1.889589597789885e-03 -9.015457195198640e-04 -1.007729884846450e+00
49 57 -1.000274712742575e+00 -1.890164161408348e-03 -9.009665758946126e-04 -1.007728492622758e+00
49 58 -1.000274903588277e+00 -1.890861020376429e-03 -9.002831859117600e-04 -1.007726666198264e+00
49 59 -1.000275145568448e+00 -1.891671706062924e-03 -8.995080986795963e-04 -1.007724427984367e+00
49 60 -1.000275435406274e+00 -1.892586485912864e-03 -8.986555183062037e-04 -1.007721804646293e+00
49 61 -1.000275769473667e+00 -1.893594565475521e-03 -8.977408245625416e-04 -1.007718826554253e+00
49 62 -1.000276143871042e+00 -1.894684300589705e-03 -8.967800798743468e-04 -1.007715527203100e+00
49 63 -1.000276554499476e+00 -1.895843405294098e-03 -8.957895568453273e-04 -1.007711942641917e+00
50 0 -1.000276477799433e+00 -1.896274279404448e-03 -8.980039974250362e-04 -1.007709844519053e+00
50 1 -1.000276940723781e+00 -1.897518264203477e-03 -8.970035891983692e-04 -1.007705857004890e+00
50 2 -1.000277427037012e+00 -1.898792660648688e-03 -8.960191404756740e-04 -1.007701702203937e+00
50 3 -1.000277932383953e+00 -1.900084451044379e-03 -8.950640510640406e-04 -1.007697421274747e+00
50 4 -1.000278452401172e+00 -1.901380750854098e-03 -8.941503182809723e-04 -1.007693055802361e+00
50 5 -1.000278982733481e+00 -1.902668921780021e-03 -8.932883597919838e-04 -1.007688647466457e+00
50 6 -1.000279519048039e+00 -1.903936678442689e-03 -8.924868890837976e-04 -1.007684237708382e+00
50 7 -1.000280057045839e+00 -1.905172188009358e-03 -8.917528519692639e-04 -1.007679867397758e+00
50 8 -1.000280592469954e+00 -1.906364161316715e-03 -8.910914274681479e-04 -1.007675576506008e+00
50 9 -1.000281121110831e+00 -1.907501935503945e-03 -8.905060875419150e-04 -1.007671403791881e+00
50 10 -1.000281638810276e+00 -1.908575549647087e-03 -8.899987030140840e-04 -1.007667386499552e+00
50 11 -1.000282141466375e+00 -1.909575814700581e-03 -8.895696800863517e-04 -1.007663560069874e+00
50 12 -1.000282625041249e+00 -1.910494377409396e-03 -8.892181128186964e-04 -1.007659957869611e+00
50 13 -1.000283085572473e+00 -1.911323775505623e-03 -8.889419418136739e-04 -1.007656610948558e+00
50 14 -1.000283519187734e+00 -1.912057479241448e-03 -8.887381178421341e-04 -1.007653547837931e+00
50 15 -1.000283922121485e+00 -1.912689913779167e-03 -8.886027773614631e-04 -1.007650794402083e+00
50 16 -1.000284290732831e+00 -1.913216459740233e-03 -8.885314389036601e-04 -1.007648373746340e+00
50 17 -1.000284621525453e+00 -1.913633434438252e-03 -8.885192235235515e-04 -1.007646306169198e+00
50 18 -1.000284911171917e+00 -1.913938060891271e-03 -8.885610934220366e-04 -1.007644609135479e+00
50 19 -1.000285156545463e+00 -1.914128433578246e-03 -8.886520956128318e-04 -1.007643297243747e+00
50 20 -1.000285354761999e+00 -1.914203489471445e-03 -8.887875932678613e-04 -1.007642382165380e+00
50 21 -1.000285503233537e+00 -1.914162990660878e-03 -8.889634659684727e-04 -1.007641872542641e+00
50 22 -1.000285599731351e+00 -1.914007520236159e-03 -8.891762634027886e-04 -1.007641773849929e+00
50 23 -1.000285642453505e+00 -1.913738486786967e-03 -8.894233061486144e-04 -1.007642088242260e+00
50 24 -1.000285630089303e+00 -1.913358128813376e-03 -8.897027377423420e-04 -1.007642814425270e+00
50 25 -1.000285561874105e+00 -1.912869511822059e-03 -8.900135372610158e-04 -1.007643947572550e+00
50 26 -1.000285437631144e+00 -1.912276516259287e-03 -8.903554989318277e-04 -1.007645479296503e+00
50 27 -1.000285257799887e+00 -1.911583818853556e-03 -8.907291790064994e-04 -1.007647397664178e+00
50 28 -1.000285023452088e+00 -1.910796871110501e-03 -8.911358049218959e-04 -1.007649687246575e+00
50 29 -1.000284736297217e+00 -1.909921878190760e-03 -8.915771387767689e-04 -1.007652329192394e+00
50 30 -1.000284398678937e+00 -1.908965780532859e-03 -8.920552869695707e-04 -1.007655301320570e+00
50 31 -1.000284013563155e+00 -1.907936238331242e-03 -8.925724530230922e-04 -1.007658578232812e+00
50 32 -1.000283584516320e+00 -1.906841615115479e-03 -8.931306420717180e-04 -1.007662131457580e+00
50 33 -1.000283115671633e+00 -1.905690954078762e-03 -8.937313384180593e-04 -1.007665929640799e+00
50 34 -1.000282611682239e+00 -1.904493942229177e-03 -8.943751847253100e-04 -1.007669938788813e+00
50 35 -1.000282077663010e+00 -1.903260861559753e-03 -8.950616900276965e-04 -1.007674122553134e+00
50 36 -1.000281519124332e+00 -1.902002529454938e-03 -8.957889868801519e-04 -1.007678442538168e+00
50 37 -1.000280941901393e+00 -1.900730230916603e-03 -8.965536496740290e-04 -1.007682858616312e+00
50 38 -1.000280352081928e+00 -1.899455644477824e-03 -8.973505782602340e-04 -1.007687329241967e+00
50 39 -1.000279755934668e+00 -1.898190763217171e-03 -8.981729450105319e-04 -1.007691811761432e+00
50 40 -1.000279159839609e+00 -1.896947811338445e-03 -8.990122019081948e-04 -1.007696262721374e+00
50 41 -1.000278570219395e+00 -1.895739154468938e-03 -8.998581482561595e-04 -1.007700638186706e+00
50 42 -1.000277993469578e+00 -1.894577199113202e-03 -9.006990658867812e-04 -1.007704894085729e+00
50 43 -1.000277435885202e+00 -1.893474275373249e-03 -9.015219318251680e-04 -1.007708986601646e+00
50 44 -1.000276903582142e+00 -1.892442497828360e-03 -9.023127150872779e-04 -1.007712872625119e+00
50 45 -1.000276402413011e+00 -1.891493601849106e-03 -9.030567558141013e-04 -1.007716510275662e+00
50 46 -1.000275937878887e+00 -1.890638755899041e-03 -9.037392144327571e-04 -1.007719859491275e+00
50 47 -1.000275515039630e+00 -1.889888354202053e-03 -9.043455686310026e-04 -1.007722882675352e+00
50 48 -1.000275138427115e+00 -1.889251798385693e-03 -9.048621283620612e-04 -1.007725545377000e+00
50 49 -1.000274811966833e+00 -1.888737280942608e-03 -9.052765355619835e-04 -1.007727816967159e+00
50 50 -1.000274538913493e+00 -1.888351586201883e-03 -9.055782174305393e-04 -1.007729671262698e+00
50 51 -1.000274321805048e+00 -1.888099923808219e-03 -9.057587701733577e-04 -1.007731087050885e+00
50 52 -1.000274162437096e+00 -1.887985804625419e-03 -9.058122612315056e-04 -1.007732048481241e+00
50 53 -1.000274061856791e+00 -1.888010961913382e-03 -9.057354471929510e-04 -1.007732545314504e+00
50 54 -1.000274020373558e+00 -1.888175315632054e-03 -9.055279078707074e-04 -1.007732573036558e+00
50 55 -1.000274037583741e+00 -1.888476976516890e-03 -9.051920947567351e-04 -1.007732132851725e+00
50 56 -1.000274112407114e+00 -1.888912287370049e-03 -9.047332881517223e-04 -1.007731231568948e+00
50 57 -1.000274243134059e+00 -1.889475899719710e-03 -9.041594557587171e-04 -1.007729881392172e+00
50 58 -1.000274427482768e+00 -1.890160884581384e-03 -9.034810084020429e-04 -1.007728099622381e+00
50 59 -1.000274662665952e+00 -1.890958876606518e-03 -9.027104564354650e-04 -1.007725908273144e+00
50 60 -1.000274945465762e+00 -1.891860249504930e-03 -9.018619828696909e-04 -1.007723333601602e+00
50 61 -1.000275272313526e+00 -1.892854315749399e-03 -9.009509628391829e-04 -1.007720405569747e+00
50 62 -1.000275639368662e+00 -1.893929537709469e-03 -8.999934672406489e-04 -1.007717157269926e+00
50 63 -1.000276042590605e+00 -1.895073735376175e-03 -8.990057862588202e-04 -1.007713624356853e+00
51 0 -1.000275999208836e+00 -1.895461356023362e-03 -9.014625695497753e-04 -1.007711552612760e+00
51 1 -1.000276454748614e+00 -1.896690254012069e-03 -9.004636851723325e-04 -1.007707616763655e+00
51 2 -1.000276933691959e+00 -1.897949248480313e-03 -8.994806394164126e-04 -1.007703513856085e+00
51 3 -1.000277431746192e+00 -1.899225432950796e-03 -8.985268761740878e-04 -1.007699284646730e+00
51 4 -1.000277944612165e+00 -1.900506040354796e-03 -8.976144373101517e-04 -1.007694970304818e+00
51 5 -1.000278468000161e+00 -1.901778556661352e-03 -8.967537827872687e-04 -1.007690612080291e+00
51 6 -1.000278997643414e+00 -1.903030828249862e-03 -8.959536617148163e-04 -1.007686250970820e+00
51 7 -1.000279529309127e+00 -1.904251162102164e-03 -8.952210435580094e-04 -1.007681927388869e+00
51 8 -1.000280058806313e+00 -1.905428416864525e-03 -8.945611144556634e-04 -1.007677680837150e+00
51 9 -1.000280581990724e+00 -1.906552084400317e-03 -8.939773347524186e-04 -1.007673549598088e+00
51 10 -1.000281094768297e+00 -1.907612363159682e-03 -8.934715458543106e-04 -1.007669570438211e+00
51 11 -1.000281593099175e+00 -1.908600224877687e-03 -8.930441102592228e-04 -1.007665778328031e+00
51 12 -1.000282073004189e+00 -1.909507474857479e-03 -8.926940685990563e-04 -1.007662206181113e+00
51 13 -1.000282530574836e+00 -1.910326803739969e-03 -8.924193024020825e-04 -1.007658884620827e+00
51 14 -1.000282961986464e+00 -1.911051825977522e-03 -8.922167004777212e-04 -1.007655841787781e+00
51 15 -1.000283363513542e+00 -1.911677099440858e-03 -8.920823357196002e-04 -1.007653103200312e+00
51 16 -1.000283731546415e+00 -1.912198123494021e-03 -8.920116616542249e-04 -1.007650691670488e+00
51 17 -1.000284062610478e+00 -1.912611317982706e-03 -8.919997329396495e-04 -1.007648627263511e+00
51 18 -1.000284353389889e+00 -1.912913989551955e-03 -8.920414455163840e-04 -1.007646927278691e+00
51 19 -1.000284600758493e+00 -1.913104293470659e-03 -8.921317844070089e-04 -1.007645606227793e+00
51 20 -1.000284801820589e+00 -1.913181199866641e-03 -8.922660612513053e-04 -1.007644675787307e+00
51 21 -1.000284953963291e+00 -1.913144472401928e-03 -8.924401207237938e-04 -1.007644144706712e+00
51 22 -1.000285054919335e+00 -1.912994662558565e-03 -8.926504983309473e-04 -1.007644018672284e+00
51 23 -1.000285102835024e+00 -1.912733114872521e-03 -8.928945224709979e-04 -1.007644300150962e+00
51 24 -1.000285096335590e+00 -1.912361973504449e-03 -8.931703652571626e-04 -1.007644988251940e+00
51 25 -1.000285034581440e+00 -1.911884182533432e-03 -8.934770519157293e-04 -1.007646078633048e+00
51 26 -1.000284917312081e+00 -1.911303478156770e-03 -8.938144361527948e-04 -1.007647563457394e+00
51 27 -1.000284744877007e+00 -1.910624374654653e-03 -8.941831432769850e-04 -1.007649431393587e+00
51 28 -1.000284518253944e+00 -1.909852146472744e-03 -8.945844777370291e-04 -1.007651667652516e+00
51 29 -1.000284239055782e+00 -1.908992809184089e-03 -8.950202874430566e-04 -1.007654254053261e+00
51 30 -1.000283909528267e+00 -1.908053102898849e-03 -8.954927752124176e-04 -1.007657169108378e+00
51 31 -1.000283532539650e+00 -1.907040479779094e-03 -8.960042520879684e-04 -1.007660388124899e+00
51 32 -1.000283111560991e+00 -1.905963092203210e-03 -8.965568394945322e-04 -1.007663883332201e+00
51 33 -1.000282650634443e+00 -1.904829774421363e-03 -8.971521415342289e-04 -1.007667624055473e+00
51 34 -1.000282154328282e+00 -1.903650011989635e-03 -8.977909170073660e-04 -1.007671576942893e+00
51 35 -1.000281627680333e+00 -1.902433897697822e-03 -8.984727800180395e-04 -1.007675706236914e+00
51 36 -1.000281076133006e+00 -1.901192075567341e-03 -8.991959513268650e-04 -1.007679974072340e+00
51 37 -1.000280505463173e+00 -1.899935674847291e-03 -8.999570737816022e-04 -1.007684340787506e+00
51 38 -1.000279921709673e+00 -1.898676235929293e-03 -9.007510961285048e-04 -1.007688765239794e+00
51 39 -1.000279331101009e+00 -1.897425630351959e-03 -9.015712223929868e-04 -1.007693205119769e+00
51 40 -1.000278739984579e+00 -1.896195975983977e-03 -9.024089219870676e-04 -1.007697617264666e+00
51 41 -1.000278154756808e+00 -1.894999545664774e-03 -9.032539998241242e-04 -1.007701957982287e+00
51 42 -1.000277581792018e+00 -1.893848664909671e-03 -9.040947325181807e-04 -1.007706183403126e+00
51 43 -1.000277027367820e+00 -1.892755593315634e-03 -9.049180805733037e-04 -1.007710249877961e+00
51 44 -1.000276497585814e+00 -1.891732384902549e-03 -9.057099840121864e-04 -1.007714114433895e+00
51 45 -1.000275998287379e+00 -1.890790724397938e-03 -9.064557408146816e-04 -1.007717735297047e+00
51 46 -1.000275534965596e+00 -1.889941739601345e-03 -9.071404567414404e-04 -1.007721072482552e+00
51 47 -1.000275112675928e+00 -1.889195794192097e-03 -9.077495445353875e-04 -1.007724088440890e+00
51 48 -1.000274735949849e+00 -1.888562269721045e-03 -9.082692423174951e-04 -1.007726748736280e+00
51 49 -1.000274408716718e+00 -1.888049349389339e-03 -9.086871170511309e-04 -1.007729022720729e+00
51 50 -1.000274134239301e+00 -1.887663818896087e-03 -9.089925209058196e-04 -1.007730884157834e+00
51 51 -1.000273915067446e+00 -1.887410899355848e-03 -9.091769766134614e-04 -1.007732311749005e+00
51 52 -1.000273753012193e+00 -1.887294122611963e-03 -9.092344798110418e-04 -1.007733289527535e+00
51 53 -1.000273649139720e+00 -1.887315252094004e-03 -9.091617163875385e-04 -1.007733807108745e+00
51 54 -1.000273603782513e+00 -1.887474247089381e-03 -9.089581964057750e-04 -1.007733859803627e+00
51 55 -1.000273616564782e+00 -1.887769267041563e-03 -9.086263035307490e-04 -1.007733448610306e+00
51 56 -1.000273686439822e+00 -1.888196713209021e-03 -9.081712545260522e-04 -1.007732580097353e+00
51 57 -1.000273811737701e+00 -1.888751305384334e-03 -9.076009615186036e-04 -1.007731266192275e+00
51 58 -1.000273990222212e+00 -1.889426191829873e-03 -9.069257920761043e-04 -1.007729523885272e+00
51 59 -1.000274219156529e+00 -1.890213091660672e-03 -9.061582293611965e-04 -1.007727374850866e+00
51 60 -1.000274495376648e+00 -1.891102468161206e-03 -9.053124469337101e-04 -1.007724844987311e+00
51 61 -1.000274815369676e+00 -1.892083726683423e-03 -9.044038271750773e-04 -1.007721963886220e+00
51 62 -1.000275175351643e+00 -1.893145424519526e-03 -9.034484617643239e-04 -1.007718764264930e+00
51 63 -1.000275571338889e+00 -1.894275478034300e-03 -9.024626712443140e-04 -1.007715281402779e+00
52 0 -1.000275566573122e+00 -1.894627997007473e-03 -9.051286971783546e-04 -1.007713218373535e+00
52 1 -1.000276014774115e+00 -1.895842238331827e-03 -9.041307772826024e-04 -1.007709333678251e+00
52 2 -1.000276486295370e+00 -1.897086019707724e-03 -9.031487860048237e-04 -1.007705282942149e+00
52 3 -1.000276976908527e+00 -1.898346545085234e-03 -9.021962189854570e-04 -1.007701106507507e+00
52 4 -1.000277482381484e+00 -1.899611166335719e-03 -9.012851689280577e-04 -1.007696845107632e+00
52 5 -1.000277998493770e+00 -1.900867497596950e-03 -9.004261432237183e-04 -1.007692539534451e+00
52 6 -1.000278521049235e+00 -1.902103523020047e-03 -8.996279307625567e-04 -1.007688230307049e+00
52 7 -1.000279045886199e+00 -1.903307697013142e-03 -8.988975277171535e-04 -1.007683957341711e+00
52 8 -1.000279568884718e+00 -1.904469035111025e-03 -8.982401287148942e-04 -1.007679759630325e+00
52 9 -1.000280085971161e+00 -1.905577194685428e-03 -8.976591813022432e-04 -1.007675674933256e+00
52 10 -1.000280593121152e+00 -1.906622546220268e-03 -8.971564928632315e-04 -1.007671739489817e+00
52 11 -1.000281086362657e+00 -1.907596236700392e-03 -8.967323735024020e-04 -1.007667987747471e+00
52 12 -1.000281561781227e+00 -1.908490246114160e-03 -8.963857974085338e-04 -1.007664452111455e+00
52 13 -1.000282015528602e+00 -1.909297435627968e-03 -8.961145700083639e-04 -1.007661162721415e+00
52 14 -1.000282443834487e+00 -1.910011582803089e-03 -8.959154977794165e-04 -1.007658147267975e+00
52 15 -1.000282843020436e+00 -1.910627398307881e-03 -8.957845669149858e-04 -1.007655430862024e+00
52 16 -1.000283209515486e+00 -1.911140521538948e-03 -8.957171403155116e-04 -1.007653035958703e+00
52 17 -1.000283539874536e+00 -1.911547497287475e-03 -8.957081783272280e-04 -1.007650982324141e+00
52 18 -1.000283830801409e+00 -1.911845739076834e-03 -8.957524806444826e-04 -1.007649287024983e+00
52 19 -1.000284079178912e+00 -1.912033486906796e-03 -8.958449382826904e-04 -1.007647964417985e+00
52 20 -1.000284282108543e+00 -1.912109768911729e-03 -8.959807771381949e-04 -1.007647026114605e+00
52 21 -1.000284436961918e+00 -1.912074376150624e-03 -8.961557708154059e-04 -1.007646480899040e+00
52 22 -1.000284541443012e+00 -1.911927854541075e-03 -8.963664037625683e-04 -1.007646334596684e+00
52 23 -1.000284593656094e+00 -1.911671509587636e-03 -8.966099764525701e-04 -1.007646589916941e+00
52 24 -1.000284592171752e+00 -1.911307414434842e-03 -8.968846563619978e-04 -1.007647246308075e+00
52 25 -1.000284536084581e+00 -1.910838413498125e-03 -8.971894847125999e-04 -1.007648299851698e+00
52 26 -1.000284425059149e+00 -1.910268119024526e-03 -8.975243477752756e-04 -1.007649743204733e+00
52 27 -1.000284259363040e+00 -1.909600901184753e-03 -8.978899165190473e-04 -1.007651565585812e+00
52 28 -1.000284039887014e+00 -1.908841873307287e-03 -8.982875525997428e-04 -1.007653752801120e+00
52 29 -1.000283768153533e+00 -1.907996875227219e-03 -8.987191731210854e-04 -1.007656287301410e+00
52 30 -1.000283446315934e+00 -1.907072458994646e-03 -8.991870635641968e-04 -1.007659148258215e+00
52 31 -1.000283077149561e+00 -1.906075879194000e-03 -8.996936320933264e-04 -1.007662311654039e+00
52 32 -1.000282664033711e+00 -1.905015084874187e-03 -9.002411104633813e-04 -1.007665750396837e+00
52 33 -1.000282210921784e+00 -1.903898706140441e-03 -9.008312217531698e-04 -1.007669434477348e+00
52 34 -1.000281722298292e+00 -1.902736029217653e-03 -9.014648450853139e-04 -1.007673331179060e+00
52 35 -1.000281203124030e+00 -1.901536957516555e-03 -9.021417082950908e-04 -1.007677405334800e+00
52 36 -1.000280658772286e+00 -1.900311959219216e-03 -9.028601329166718e-04 -1.007681619615602e+00
52 37 -1.000280094959251e+00 -1.899072003118249e-03 -9.036168458943319e-04 -1.007685934838237e+00
52 38 -1.000279517671536e+00 -1.897828485027242e-03 -9.044068623582015e-04 -1.007690310280918e+00
52 39 -1.000278933093377e+00 -1.896593147210205e-03 -9.052234362753954e-04 -1.007694704000454e+00
52 40 -1.000278347534855e+00 -1.895377992043195e-03 -9.060580733205703e-04 -1.007699073151511e+00
52 41 -1.000277767360670e+00 -1.894195188636439e-03 -9.069006037444264e-04 -1.007703374317991e+00
52 42 -1.000277198917627e+00 -1.893056968769603e-03 -9.077393197698227e-04 -1.007707563872242e+00
52 43 -1.000276648458973e+00 -1.891975507221683e-03 -9.085611870272131e-04 -1.007711598377895e+00
52 44 -1.000276122064428e+00 -1.890962781638503e-03 -9.093521384981848e-04 -1.007715435049401e+00
52 45 -1.000275625555770e+00 -1.890030408722046e-03 -9.100974517587025e-04 -1.007719032276683e+00
52 46 -1.000275164408996e+00 -1.889189456828670e-03 -9.107821989354558e-04 -1.007722350215238e+00
52 47 -1.000274743665521e+00 -1.888450239278079e-03 -9.113917475692973e-04 -1.007725351430661e+00
52 48 -1.000274367846406e+00 -1.887822096871907e-03 -9.119122820446959e-04 -1.007728001574380e+00
52 49 -1.000274040874584e+00 -1.887313181992729e-03 -9.123313108608381e-04 -1.007730270055462e+00
52 50 -1.000273766010463e+00 -1.886930259491400e-03 -9.126381265086414e-04 -1.007732130663257e+00
52 51 -1.000273545805438e+00 -1.886678539334828e-03 -9.128241930816164e-04 -1.007733562093885e+00
52 52 -1.000273382075736e+00 -1.886561551378017e-03 -9.128834494093808e-04 -1.007734548345822e+00
52 53 -1.000273275896321e+00 -1.886581065752746e-03 -9.128125262624216e-04 -1.007735078971437e+00
52 54 -1.000273227612513e+00 -1.886737057253431e-03 -9.126108799811560e-04 -1.007735149189720e+00
52 55 -1.000273236866379e+00 -1.887027710381287e-03 -9.122808422524577e-04 -1.007734759874066e+00
52 56 -1.000273302635121e+00 -1.887449461750772e-03 -9.118275813366383e-04 -1.007733917431332e+00
52 57 -1.000273423279373e+00 -1.887997076920234e-03 -9.112589677331767e-04 -1.007732633588082e+00
52 58 -1.000273596600119e+00 -1.888663759780091e-03 -9.105853386430461e-04 -1.007730925094832e+00
52 59 -1.000273819903730e+00 -1.889441293992200e-03 -9.098191619951445e-04 -1.007728813350450e+00
52 60 -1.000274090074253e+00 -1.890320214937343e-03 -9.089746132002325e-04 -1.007726323947159e+00
52 61 -1.000274403650173e+00 -1.891290005785821e-03 -9.080670930347287e-04 -1.007723486148593e+00
52 62 -1.000274756900847e+00 -1.892339305718022e-03 -9.071127253968535e-04 -1.007720332330623e+00
52 63 -1.000275145897268e+00 -1.893456116559651e-03 -9.061278728711951e-04 -1.007716897421795e+00
53 0 -1.000275184732193e+00 -1.893782077755086e-03 -9.089686281423032e-04 -1.007714824673617e+00
53 1 -1.000275625713791e+00 -1.894982239012690e-03 -9.079711171488558e-04 -1.007710990104007e+00
53 2 -1.000276089833240e+00 -1.896211144246756e-03 -9.069898430135103e-04 -1.007706991304010e+00
53 3 -1.000276572927602e+00 -1.897456105760095e-03 -9.060383594376651e-04 -1.007702868194044e+00
53 4 -1.000277070834017e+00 -1.898704594815737e-03 -9.051288147976060e-04 -1.007698661055209e+00
53 5 -1.000277579404455e+00 -1.899944356608021e-03 -9.042717673922615e-04 -1.007694410197042e+00
53 6 -1.000278094517279e+00 -1.901163517977220e-03 -9.034760482378053e-04 -1.007690155629546e+00
53 7 -1.000278612086314e+00 -1.902350687342621e-03 -9.027486815919898e-04 -1.007685936737729e+00
53 8 -1.000279128067387e+00 -1.903495045211517e-03 -9.020948708325336e-04 -1.007681791963678e+00
53 9 -1.000279638462413e+00 -1.904586424049820e-03 -9.015180491517198e-04 -1.007677758503372e+00
53 10 -1.000280139321761e+00 -1.905615377629737e-03 -9.010199854295485e-04 -1.007673872023471e+00
53 11 -1.000280626746503e+00 -1.906573241293914e-03 -9.006009290733094e-04 -1.007670166399602e+00
53 12 -1.000281096892541e+00 -1.907452184589393e-03 -9.002597755358239e-04 -1.007666673476662e+00
53 13 -1.000281545977870e+00 -1.908245255503437e-03 -8.999942382450800e-04 -1.007663422856145e+00
53 14 -1.000281970292918e+00 -1.908946412254165e-03 -8.998010222170893e-04 -1.007660441722355e+00
53 15 -1.000282366213150e+00 -1.909550537274116e-03 -8.996760048118647e-04 -1.007657754719776e+00
53 16 -1.000282730213646e+00 -1.910053430400633e-03 -8.996144336048326e-04 -1.007655383884498e+00
53 17 -1.000283058886566e+00 -1.910451782762480e-03 -8.996111480172373e-04 -1.007653348619362e+00
53 18 -1.000283348963363e+00 -1.910743136730640e-03 -8.996608232159284e-04 -1.007651665693426e+00
53 19 -1.000283597344068e+00 -1.910925839881970e-03 -8.997582257679180e-04 -1.007650349242032e+00
53 20 -1.000283801136269e+00 -1.910999002667234e-03 -8.998984626965206e-04 -1.007649410741684e+00
53 21 -1.000283957705644e+00 -1.910962469113262e-03 -9.000772011574206e-04 -1.007648858938098e+00
53 22 -1.000284064737291e+00 -1.910816805281357e-03 -9.002908383601086e-04 -1.007648699722618e+00
53 23 -1.000284120303290e+00 -1.910563302519974e-03 -9.005366114209209e-04 -1.007648935976862e+00
53 24 -1.000284122929373e+00 -1.910203986879684e-03 -9.008126495095123e-04 -1.007649567420739e+00
53 25 -1.000284071654111e+00 -1.909741626181305e-03 -9.011179785970693e-04 -1.007650590494165e+00
53 26 -1.000283966076602e+00 -1.909179730466103e-03 -9.014524893249273e-04 -1.007651998285685e+00
53 27 -1.000283806391227e+00 -1.908522545539636e-03 -9.018168735518318e-04 -1.007653780507413e+00
53 28 -1.000283593409595e+00 -1.907775041345028e-03 -9.022125286023730e-04 -1.007655923510131e+00
53 29 -1.000283328570910e+00 -1.906942898239508e-03 -9.026414219978408e-04 -1.007658410329495e+00
53 30 -1.000283013942695e+00 -1.906032495147146e-03 -9.031059057573377e-04 -1.007661220752658e+00
53 31 -1.000282652213135e+00 -1.905050902098484e-03 -9.036084721707186e-04 -1.007664331399697e+00
53 32 -1.000282246674358e+00 -1.904005875283003e-03 -9.041514542242607e-04 -1.007667715826812e+00
53 33 -1.000281801194404e+00 -1.902905848414351e-03 -9.047366894735367e-04 -1.007671344667691e+00
53 34 -1.000281320176262e+00 -1.901759913462935e-03 -9.053651779316847e-04 -1.007675185825797e+00
53 35 -1.000280808504645e+00 -1.900577786741071e-03 -9.060367668537599e-04 -1.007679204716784e+00
53 36 -1.000280271483249e+00 -1.899369760039833e-03 -9.067498887845184e-04 -1.007683364548670e+00
53 37 -1.000279714765816e+00 -1.898146638692753e-03 -9.075013684619980e-04 -1.007687626624702e+00
53 38 -1.000279144283956e+00 -1.896919669018045e-03 -9.082863034432184e-04 -1.007691950657607e+00
53 39 -1.000278566174009e+00 -1.895700457364221e-03 -9.090980153239765e-04 -1.007696295089534e+00
53 40 -1.000277986704221e+00 -1.894500882100282e-03 -9.099280651162560e-04 -1.007700617418095e+00
53 41 -1.000277412202160e+00 -1.893332998126418e-03 -9.107663288257125e-04 -1.007704874535734e+00
53 42 -1.000276848980976e+00 -1.892208931149365e-03 -9.116011360096356e-04 -1.007709023095464e+00
53 43 -1.000276303262760e+00 -1.891140757056850e-03 -9.124194803244020e-04 -1.007713019918523e+00
53 44 -1.000275781097868e+00 -1.890140361349152e-03 -9.132073114754203e-04 -1.007716822457622e+00
53 45 -1.000275288280235e+00 -1.889219275303372e-03 -9.139499107662597e-04 -1.007720389323777e+00
53 46 -1.000274830259795e+00 -1.888388488963360e-03 -9.146323405501781e-04 -1.007723680876123e+00
53 47 -1.000274412054353e+00 -1.887658245157656e-03 -9.152399460370386e-04 -1.007726659863961e+00
53 48 -1.000274038164533e+00 -1.887037822837613e-03 -9.157588790859646e-04 -1.007729292098990e+00
53 49 -1.000273712496574e+00 -1.886535321859275e-03 -9.161766089899959e-04 -1.007731547123692e+00
53 50 -1.000273438298176e+00 -1.886157464098974e-03 -9.164823862715665e-04 -1.007733398831806e+00
53 51 -1.000273218111899e+00 -1.885909425688118e-03 -9.166676334808052e-04 -1.007734825994874e+00
53 52 -1.000273053748741e+00 -1.885794711085433e-03 -9.167262498924580e-04 -1.007735812659370e+00
53 53 -1.000272946282029e+00 -1.885815073241305e-03 -9.166548286732402e-04 -1.007736348398592e+00
53 54 -1.000272896059622e+00 -1.885970478572846e-03 -9.164527898643289e-04 -1.007736428422817e+00
53 55 -1.000272902731279e+00 -1.886259112914850e-03 -9.161224302042063e-04 -1.007736053562730e+00
53 56 -1.000272965288070e+00 -1.886677424539565e-03 -9.156688859013497e-04 -1.007735230144539e+00
53 57 -1.000273082111450e+00 -1.887220201335699e-03 -9.151000013226335e-04 -1.007733969773016e+00
53 58 -1.000273251030618e+00 -1.887880680505098e-03 -9.144260973072406e-04 -1.007732289032980e+00
53 59 -1.000273469387372e+00 -1.888650689858010e-03 -9.136596389141035e-04 -1.007730209113391e+00
53 60 -1.000273734107304e+00 -1.889520818514672e-03 -9.128148146594029e-04 -1.007727755357268e+00
53 61 -1.000274041774937e+00 -1.890480610970166e-03 -9.119070546402741e-04 -1.007724956748692e+00
53 62 -1.000274388708809e+00 -1.891518773910118e-03 -9.109525259270275e-04 -1.007721845361220e+00
53 63 -1.000274771031759e+00 -1.892623382922278e-03 -9.099676438966250e-04 -1.007718455800631e+00
54 0 -1.000274858064474e+00 -1.892931644480405e-03 -9.129474609307233e-04 -1.007716354354534e+00
54 1 -1.000275292023082e+00 -1.894118453903852e-03 -9.119497903391317e-04 -1.007712568342561e+00
54 2 -1.000275748838272e+00 -1.895332976101381e-03 -9.109688894536339e-04 -1.007708620696534e+00
54 3 -1.000276224412961e+00 -1.896562628600738e-03 -9.100183749652034e-04 -1.007704550911908e+00
54 4 -1.000276714655018e+00 -1.897795001432986e-03 -9.091104541516576e-04 -1.007700398805794e+00
54 5 -1.000277215491188e+00 -1.899017972345664e-03 -9.082557380424411e-04 -1.007696204186681e+00
54 6 -1.000277722877428e+00 -1.900219814269268e-03 -9.074631005035906e-04 -1.007692006530946e+00
54 7 -1.000278232806810e+00 -1.901389294910657e-03 -9.067395937121776e-04 -1.007687844662021e+00
54 8 -1.000278741315151e+00 -1.902515766720190e-03 -9.060904287225672e-04 -1.007683756437058e+00
54 9 -1.000279244484310e+00 -1.903589245627289e-03 -9.055190219351229e-04 -1.007679778449430e+00
54 10 -1.000279738443869e+00 -1.904600478436781e-03 -9.050270990475535e-04 -1.007675945752535e+00
54 11 -1.000280219372718e+00 -1.905541000245475e-03 -9.046148409799137e-04 -1.007672291606392e+00
54 12 -1.000280683502258e+00 -1.906403183364450e-03 -9.042810531253504e-04 -1.007668847247914e+00
54 13 -1.000281127122342e+00 -1.907180277446901e-03 -9.040233421088134e-04 -1.007665641689554e+00
54 14 -1.000281546590153e+00 -1.907866437617574e-03 -9.038382934980101e-04 -1.007662701555959e+00
54 15 -1.000281938341590e+00 -1.908456735635252e-03 -9.037216551019670e-04 -1.007660050969409e+00
54 16 -1.000282298904843e+00 -1.908947150563673e-03 -9.036685362916608e-04 -1.007657711488388e+00
54 17 -1.000282624916886e+00 -1.909334539704104e-03 -9.036736309172074e-04 -1.007655702091449e+00
54 18 -1.000282913144717e+00 -1.909616595109080e-03 -9.037314630929651e-04 -1.007654039186964e+00
54 19 -1.000283160513932e+00 -1.909791793944212e-03 -9.038366460785510e-04 -1.007652736623273e+00
54 20 -1.000283364147069e+00 -1.909859352281726e-03 -9.039841366328913e-04 -1.007651805673348e+00
54 21 -1.000283521413277e+00 -1.909819191480536e-03 -9.041694619549718e-04 -1.007651254973294e+00
54 22 -1.000283629988628e+00 -1.909671922701974e-03 -9.043888972500911e-04 -1.007651090408001e+00
54 23 -1.000283687923170e+00 -1.909418848222686e-03 -9.046395813023552e-04 -1.007651314958840e+00
54 24 -1.000283693708086e+00 -1.909061971717961e-03 -9.049195709860611e-04 -1.007651928546036e+00
54 25 -1.000283646336088e+00 -1.908604008180903e-03 -9.052278452215450e-04 -1.007652927899107e+00
54 26 -1.000283545350590e+00 -1.908048387839672e-03 -9.055642701592974e-04 -1.007654306473276e+00
54 27 -1.000283390882044e+00 -1.907399253154330e-03 -9.059295326615297e-04 -1.007656054412881e+00
54 28 -1.000283183671673e+00 -1.906661450525672e-03 -9.063250424789802e-04 -1.007658158555074e+00
54 29 -1.000282925083601e+00 -1.905840519444578e-03 -9.067527967833800e-04 -1.007660602465539e+00
54 30 -1.000282617106951e+00 -1.904942682768418e-03 -9.072151959269738e-04 -1.007663366496746e+00
54 31 -1.000282262349289e+00 -1.903974841226141e-03 -9.077148008678400e-04 -1.007666427861519e+00
54 32 -1.000281864021202e+00 -1.902944571418706e-03 -9.082540335493209e-04 -1.007669760725288e+00
54 33 -1.000281425909953e+00 -1.901860121538267e-03 -9.088348378464788e-04 -1.007673336332523e+00
54 34 -1.000280952340251e+00 -1.900730397145991e-03 -9.094583316840274e-04 -1.007677123183255e+00
54 35 -1.000280448122465e+00 -1.899564932007990e-03 -9.101244842656890e-04 -1.007681087262231e+00
54 36 -1.000279918491010e+00 -1.898373843150248e-03 -9.108318464731221e-04 -1.007685192309253e+00
54 37 -1.000279369036277e+00 -1.897167771674476e-03 -9.115773518690876e-04 -1.007689400115762e+00
54 38 -1.000278805632830e+00 -1.895957811370407e-03 -9.123561944376072e-04 -1.007693670837557e+00
54 39 -1.000278234365875e+00 -1.894755427255660e-03 -9.131617799674669e-04 -1.007697963318395e+00
54 40 -1.000277661457508e+00 -1.893572365982683e-03 -9.139857434592365e-04 -1.007702235422823e+00
54 41 -1.000277093193027e+00 -1.892420558559269e-03 -9.148180269112104e-04 -1.007706444382448e+00
54 42 -1.000276535846126e+00 -1.891312013135524e-03 -9.156470189063088e-04 -1.007710547167592e+00
54 43 -1.000275995601240e+00 -1.890258693325236e-03 -9.164597644759637e-04 -1.007714500900203e+00
54 44 -1.000275478472086e+00 -1.889272377119160e-03 -9.172422550454160e-04 -1.007718263321343e+00
54 45 -1.000274990216685e+00 -1.888364493159343e-03 -9.179798016872793e-04 -1.007721793319923e+00
54 46 -1.000274536250127e+00 -1.887545934389540e-03 -9.186574830790606e-04 -1.007725051521546e+00
54 47 -1.000274121557217e+00 -1.886826853094228e-03 -9.192606473035070e-04 -1.007728000927334e+00
54 48 -1.000273750608304e+00 -1.886216445405090e-03 -9.197754373564048e-04 -1.007730607581703e+00
54 49 -1.000273427282799e+00 -1.885722737024297e-03 -9.201893052377663e-04 -1.007732841236365e+00
54 50 -1.000273154805373e+00 -1.885352384586514e-03 -9.204914799621725e-04 -1.007734675968186e+00
54 51 -1.000272935699315e+00 -1.885110507425011e-03 -9.206733621478820e-04 -1.007736090705527e+00
54 52 -1.000272771759943e+00 -1.885000561131498e-03 -9.207288307774040e-04 -1.007737069625853e+00
54 53 -1.000272664048614e+00 -1.885024257832604e-03 -9.206544605131934e-04 -1.007737602406519e+00
54 54 -1.000272612905460e+00 -1.885181531813157e-03 -9.204496540398716e-04 -1.007737684331939e+00
54 55 -1.000272617977596e+00 -1.885470546170313e-03 -9.201166918489389e-04 -1.007737316273331e+00
54 56 -1.000272678259581e+00 -1.885887736585378e-03 -9.196606961945091e-04 -1.007736504559403e+00
54 57 -1.000272792143673e+00 -1.886427889601646e-03 -9.190895021099913e-04 -1.007735260753404e+00
54 58 -1.000272957478079e+00 -1.887084253387382e-03 -9.184134289864853e-04 -1.007733601348920e+00
54 59 -1.000273171631772e+00 -1.887848679045398e-03 -9.176449520685999e-04 -1.007731547392882e+00
54 60 -1.000273431564614e+00 -1.888711789976953e-03 -9.167982847396261e-04 -1.007729124040529e+00
54 61 -1.000273733901019e+00 -1.889663174333052e-03 -9.158888974373115e-04 -1.007726360049781e+00
54 62 -1.000274075003967e+00 -1.890691591184117e-03 -9.149330108872830e-04 -1.007723287234382e+00
54 63 -1.000274451044827e+00 -1.891785177593455e-03 -9.139471031673467e-04 -1.007719939908194e+00
55 0 -1.000274590413472e+00 -1.892084831167745e-03 -9.170294084555561e-04 -1.007717790487427e+00
55 1 -1.000275017624725e+00 -1.893259171206726e-03 -9.160309805872453e-04 -1.007714050910949e+00
55 2 -1.000275467314270e+00 -1.894459965602538e-03 -9.150500845191051e-04 -1.007710153063575e+00
55 3 -1.000275935450517e+00 -1.895674732818731e-03 -9.141004036486305e-04 -1.007706136017692e+00
55 4 -1.000276418012573e+00 -1.896891179601640e-03 -9.131942058855617e-04 -1.007702039120886e+00
55 5 -1.000276911003321e+00 -1.898097316169221e-03 -9.123421552547703e-04 -1.007697901668523e+00
55 6 -1.000277410458515e+00 -1.899281563365018e-03 -9.115531677432712e-04 -1.007693762584899e+00
55 7 -1.000277912453426e+00 -1.900432851901074e-03 -9.108343218767404e-04 -1.007689660107380e+00
55 8 -1.000278413107283e+00 -1.901540711624233e-03 -9.101908338941945e-04 -1.007685631478834e+00
55 9 -1.000278908585576e+00 -1.902595348840957e-03 -9.096260998247220e-04 -1.007681712657147e+00
55 10 -1.000279395100998e+00 -1.903587711595723e-03 -9.091417971343000e-04 -1.007677938046765e+00
55 11 -1.000279868914419e+00 -1.904509544353736e-03 -9.087380309651658e-04 -1.007674340253426e+00
55 12 -1.000280326337275e+00 -1.905353433499890e-03 -9.084135062551668e-04 -1.007670949863857e+00
55 13 -1.000280763736306e+00 -1.906112843472847e-03 -9.081657090311048e-04 -1.007667795255447e+00
55 14 -1.000281177541056e+00 -1.906782140956478e-03 -9.079910887406045e-04 -1.007664902443859e+00
55 15 -1.000281564254021e+00 -1.907356602805912e-03 -9.078852448705611e-04 -1.007662294977413e+00
55 16 -1.000281920463197e+00 -1.907832404113505e-03 -9.078431280292497e-04 -1.007659993882973e+00
55 17 -1.000282242857608e+00 -1.908206586470705e-03 -9.078592639647869e-04 -1.007658017657700e+00
55 18 -1.000282528247641e+00 -1.908477011212603e-03 -9.079280010612245e-04 -1.007656382288455e+00
55 19 -1.000282773592802e+00 -1.908642305943034e-03 -9.080437725004543e-04 -1.007655101272645e+00
55 20 -1.000282976039336e+00 -1.908701814189785e-03 -9.082013559181682e-04 -1.007654185613567e+00
55 21 -1.000283132969084e+00 -1.908655557588170e-03 -9.083961074728335e-04 -1.007653643769095e+00
55 22 -1.000283242058940e+00 -1.908504216642883e-03 -9.086241472708649e-04 -1.007653481545761e+00
55 23 -1.000283301347343e+00 -1.908249129666872e-03 -9.088824816762732e-04 -1.007653701950444e+00
55 24 -1.000283309301528e+00 -1.907892302916494e-03 -9.091690617054933e-04 -1.007654305030030e+00
55 25 -1.000283264878767e+00 -1.907436422603040e-03 -9.094827874345378e-04 -1.007655287732817e+00
55 26 -1.000283167576919e+00 -1.906884862262895e-03 -9.098234710817384e-04 -1.007656643812498e+00
55 27 -1.000283017472423e+00 -1.906241683439651e-03 -9.101917675693472e-04 -1.007658363778966e+00
55 28 -1.000282815245668e+00 -1.905511630567018e-03 -9.105890746102616e-04 -1.007660434891126e+00
55 29 -1.000282562194589e+00 -1.904700122592312e-03 -9.110173968573343e-04 -1.007662841183756e+00
55 30 -1.000282260238035e+00 -1.903813245264512e-03 -9.114791628456185e-04 -1.007665563518031e+00
55 31 -1.000281911910382e+00 -1.902857747675023e-03 -9.119769841304691e-04 -1.007668579646891e+00
55 32 -1.000281520347338e+00 -1.901841042848742e-03 -9.125133563773266e-04 -1.007671864297266e+00
55 33 -1.000281089260915e+00 -1.900771206948921e-03 -9.130903185796935e-04 -1.007675389284336e+00
55 34 -1.000280622901607e+00 -1.899656969404559e-03 -9.137091003426964e-04 -1.007679123674419e+00
55 35 -1.000280126008036e+00 -1.898507688484131e-03 -9.143697917816489e-04 -1.007683034000611e+00
55 36 -1.000279603746630e+00 -1.897333310630363e-03 -9.150710659231487e-04 -1.007687084521939e+00
55 37 -1.000279061644430e+00 -1.896144314200388e-03 -9.158099732590145e-04 -1.007691237513453e+00
55 38 -1.000278505517522e+00 -1.894951639193387e-03 -9.165818160081411e-04 -1.007695453578163e+00
55 39 -1.000277941397208e+00 -1.893766605357938e-03 -9.173800989827770e-04 -1.007699691974325e+00
55 40 -1.000277375455599e+00 -1.892600821323311e-03 -9.181965483317677e-04 -1.007703910953955e+00
55 41 -1.000276813931068e+00 -1.891466085816294e-03 -9.190211911138336e-04 -1.007708068115102e+00
55 42 -1.000276263052448e+00 -1.890374279026221e-03 -9.198424959541454e-04 -1.007712120779455e+00
55 43 -1.000275728960322e+00 -1.889337239796062e-03 -9.206475824990179e-04 -1.007716026410898e+00
55 44 -1.000275217624785e+00 -1.888366623983911e-03 -9.214225093225486e-04 -1.007719743087195e+00
55 45 -1.000274734760218e+00 -1.887473740990449e-03 -9.221526441975189e-04 -1.007723230030215e+00
55 46 -1.000274285738439e+00 -1.886669368415375e-03 -9.228231094518099e-04 -1.007726448193159e+00
55 47 -1.000273875502182e+00 -1.885963548518655e-03 -9.234192828166505e-04 -1.007729360895316e+00
55 48 -1.000273508481942e+00 -1.885365374108796e-03 -9.239273241830802e-04 -1.007731934484681e+00
55 49 -1.000273188520334e+00 -1.884882775214581e-03 -9.243346928232335e-04 -1.007734138997256e+00
55 50 -1.000272918808764e+00 -1.884522320808052e-03 -9.246306194613893e-04 -1.007735948771768e+00
55 51 -1.000272701840907e+00 -1.884289050513868e-03 -9.248065046383710e-04 -1.007737342974322e+00
55 52 -1.000272539386135e+00 -1.884186348032242e-03 -9.248562279488541e-04 -1.007738305994859e+00
55 53 -1.000272432483650e+00 -1.884215861434890e-03 -9.247763662151016e-04 -1.007738827696532e+00
55 54 -1.000272381455586e+00 -1.884377469080866e-03 -9.245663255818031e-04 -1.007738903520757e+00
55 55 -1.000272385935994e+00 -1.884669287030387e-03 -9.242283909076193e-04 -1.007738534463186e+00
55 56 -1.000272444912563e+00 -1.885087714219293e-03 -9.237676900662065e-04 -1.007737726937840e+00
55 57 -1.000272556778373e+00 -1.885627512476041e-03 -9.231920666112370e-04 -1.007736492545817e+00
55 58 -1.000272719391207e+00 -1.886281918493628e-03 -9.225118544205217e-04 -1.007734847764593e+00
55 59 -1.000272930138446e+00 -1.887042785150805e-03 -9.217395530536552e-04 -1.007732813569687e+00
55 60 -1.000273186006378e+00 -1.887900749985158e-03 -9.208894132642258e-04 -1.007730414992910e+00
55 61 -1.000273483652736e+00 -1.888845426786583e-03 -9.199769569438430e-04 -1.007727680621199e+00
55 62 -1.000273819479754e+00 -1.889865611487388e-03 -9.190184685535762e-04 -1.007724642053188e+00
55 63 -1.000274189703273e+00 -1.890949489356245e-03 -9.180304982534283e-04 -1.007721333346144e+00
56 0 -1.000274385021073e+00 -1.891249778078414e-03 -9.211780501099434e-04 -1.007719116638390e+00
56 1 -1.000274805840807e+00 -1.892412685182869e-03 -9.201782232993284e-04 -1.007715420816117e+00
56 2 -1.000275248666895e+00 -1.893600572405510e-03 -9.191969217217075e-04 -1.007711570821683e+00
56 3 -1.000275709531873e+00 -1.894801053296369e-03 -9.182478984675872e-04 -1.007707605312859e+00
56 4 -1.000276184485496e+00 -1.896001947505080e-03 -9.173434828464312e-04 -1.007703563169509e+00
56 5 -1.000276669607134e+00 -1.897191396043628e-03 -9.164943908205324e-04 -1.007699483168399e+00
56 6 -1.000277161013625e+00 -1.898357968013850e-03 -9.157095782101362e-04 -1.007695403669346e+00
56 7 -1.000277654864398e+00 -1.899490759178310e-03 -9.149961468102958e-04 -1.007691362305914e+00
56 8 -1.000278147364529e+00 -1.900579480318936e-03 -9.143593143165048e-04 -1.007687395684695e+00
56 9 -1.000278634766010e+00 -1.901614533147044e-03 -9.138024519433288e-04 -1.007683539101913e+00
56 10 -1.000279113367912e+00 -1.902587073459200e-03 -9.133271834510663e-04 -1.007679826282830e+00
56 11 -1.000279579516655e+00 -1.903489063025334e-03 -9.129335310104618e-04 -1.007676289145414e+00
56 12 -1.000280029607566e+00 -1.904313311697855e-03 -9.126200893955929e-04 -1.007672957589876e+00
56 13 -1.000280460088611e+00 -1.905053509654581e-03 -9.123842115249564e-04 -1.007669859318840e+00
56 14 -1.000280867466727e+00 -1.905704247603055e-03 -9.122221958229032e-04 -1.007667019695462e+00
56 15 -1.000281248316734e+00 -1.906261021268659e-03 -9.121294766969157e-04 -1.007664461647180e+00
56 16 -1.000281599292759e+00 -1.906720216766753e-03 -9.121008275024938e-04 -1.007662205619465e+00
56 17 -1.000281917142785e+00 -1.907079076293083e-03 -9.121305855413570e-04 -1.007660269575184e+00
56 18 -1.000282198728113e+00 -1.907335648158209e-03 -9.122129013132718e-04 -1.007658669023110e+00
56 19 -1.000282441050301e+00 -1.907488729416776e-03 -9.123420040072552e-04 -1.007657417049454e+00
56 20 -1.000282641287978e+00 -1.907537811431028e-03 -9.125124661018378e-04 -1.007656524324052e+00
56 21 -1.000282796844909e+00 -1.907483038039800e-03 -9.127194440744615e-04 -1.007655999058992e+00
56 22 -1.000282905408655e+00 -1.907325182494066e-03 -9.129588718844380e-04 -1.007655846911208e+00
56 23 -1.000282965016406e+00 -1.907065643464186e-03 -9.132275911212946e-04 -1.007656070839502e+00
56 24 -1.000282974122091e+00 -1.906706454349231e-03 -9.135234145880904e-04 -1.007656670943342e+00
56 25 -1.000282931658264e+00 -1.906250297022973e-03 -9.138451320693157e-04 -1.007657644316194e+00
56 26 -1.000282837087925e+00 -1.905700512492292e-03 -9.141924719829745e-04 -1.007658984937328e+00
56 27 -1.000282690443960e+00 -1.905061104939724e-03 -9.145660296703878e-04 -1.007660683610815e+00
56 28 -1.000282492355912e+00 -1.904336739426934e-03 -9.149671656287322e-04 -1.007662727948635e+00
56 29 -1.000282244064940e+00 -1.903532736006651e-03 -9.153978687731115e-04 -1.007665102388917e+00
56 30 -1.000281947428508e+00 -1.902655064246984e-03 -9.158605739293406e-04 -1.007667788238120e+00
56 31 -1.000281604916138e+00 -1.901710341590231e-03 -9.163579229042447e-04 -1.007670763728876e+00
56 32 -1.000281219596111e+00 -1.900705835702248e-03 -9.168924674085681e-04 -1.007674004094893e+00
56 33 -1.000280795111421e+00 -1.899649466337756e-03 -9.174663276849385e-04 -1.007677481675665e+00
56 34 -1.000280335643249e+00 -1.898549799521494e-03 -9.180808355390665e-04 -1.007681166066370e+00
56 35 -1.000279845862102e+00 -1.897416027846654e-03 -9.187361972156153e-04 -1.007685024319592e+00
56 36 -1.000279330868683e+00 -1.896257933917526e-03 -9.194312081176355e-04 -1.007689021193787e+00
56 37 -1.000278796127375e+00 -1.895085836820751e-03 -9.201630408638987e-04 -1.007693119437940e+00
56 38 -1.000278247394932e+00 -1.893910523171418e-03 -9.209271152794117e-04 -1.007697280102418e+00
56 39 -1.000277690646635e+00 -1.892743165306266e-03 -9.217170476092366e-04 -1.007701462868282e+00
56 40 -1.000277132001510e+00 -1.891595229463043e-03 -9.225246699188003e-04 -1.007705626390372e+00
56 41 -1.000276577646992e+00 -1.890478375429220e-03 -9.233401114684708e-04 -1.007709728656033e+00
56 42 -1.000276033762061e+00 -1.889404346349145e-03 -9.241519406960036e-04 -1.007713727369367e+00
56 43 -1.000275506437596e+00 -1.888384844862806e-03 -9.249473742887248e-04 -1.007717580375044e+00
56 44 -1.000275001593506e+00 -1.887431391144066e-03 -9.257125627412213e-04 -1.007721246133195e+00
56 45 -1.000274524893328e+00 -1.886555159911012e-03 -9.264329570736327e-04 -1.007724684250516e+00
56 46 -1.000274081657691e+00 -1.885766796295815e-03 -9.270937508603998e-04 -1.007727856065690e+00
56 47 -1.000273676778613e+00 -1.885076213898075e-03 -9.276803793988628e-04 -1.007730725279897e+00
56 48 -1.000273314637446e+00 -1.884492382171963e-03 -9.281790470863806e-04 -1.007733258613864e+00
56 49 -1.000272999030271e+00 -1.884023114255671e-03 -9.285772471776914e-04 -1.007735426461657e+00
56 50 -1.000272733105268e+00 -1.883674869498417e-03 -9.288642373767741e-04 -1.007737203500764e+00
56 51 -1.000272519316505e+00 -1.883452585559963e-03 -9.290314418420859e-04 -1.007738569213470e+00
56 52 -1.000272359397419e+00 -1.883359551735875e-03 -9.290727634537380e-04 -1.007739508281643e+00
56 53 -1.000272254354973e+00 -1.883397328975631e-03 -9.289848036846431e-04 -1.007740010835210e+00
56 54 -1.000272204483103e+00 -1.883565716041511e-03 -9.287669947370710e-04 -1.007740072554972e+00
56 55 -1.000272209392592e+00 -1.883862758134281e-03 -9.284216479877765e-04 -1.007739694643196e+00
56 56 -1.000272268054209e+00 -1.884284793940265e-03 -9.279539178136667e-04 -1.007738883679625e+00
56 57 -1.000272378851958e+00 -1.884826537441721e-03 -9.273716754396197e-04 -1.007737651381666e+00
56 58 -1.000272539643515e+00 -1.885481191099351e-03 -9.266852864945301e-04 -1.007736014287087e+00
56 59 -1.000272747825553e+00 -1.886240587713926e-03 -9.259072900659901e-04 -1.007733993372190e+00
56 60 -1.000273000402713e+00 -1.887095358847017e-03 -9.250519873507084e-04 -1.007731613610009e+00
56 61 -1.000273294059225e+00 -1.888035125933842e-03 -9.241349629410589e-04 -1.007728903472112e+00
56 62 -1.000273625230824e+00 -1.889048705645915e-03 -9.231725750812500e-04 -1.007725894389597e+00
56 63 -1.000273990172941e+00 -1.890124316994672e-03 -9.221814552836100e-04 -1.007722620203670e+00
57 0 -1.000274244469961e+00 -1.890434553854757e-03 -9.253565720115250e-04 -1.007720317128219e+00
57 1 -1.000274659333684e+00 -1.891587215028082e-03 -9.243546482013982e-04 -1.007716661825494e+00
57 2 -1.000275095642855e+00 -1.892763180693053e-03 -9.233724735630703e-04 -1.007712857143290e+00
57 3 -1.000275549491709e+00 -1.893950151965610e-03 -9.224238735455263e-04 -1.007708941340111e+00
57 4 -1.000276016998995e+00 -1.895136055825087e-03 -9.215212391838200e-04 -1.007704952836942e+00
57 5 -1.000276494319841e+00 -1.896309160687704e-03 -9.206753363744643e-04 -1.007700929893512e+00
57 6 -1.000276977652331e+00 -1.897458182599633e-03 -9.198951570138188e-04 -1.007696910299933e+00
57 7 -1.000277463240942e+00 -1.898572382677343e-03 -9.191878216064007e-04 -1.007692931075496e+00
57 8 -1.000277947378069e+00 -1.899641654216505e-03 -9.185585445743733e-04 -1.007689028175900e+00
57 9 -1.000278426404188e+00 -1.900656597271218e-03 -9.180106672776113e-04 -1.007685236216831e+00
57 10 -1.000278896707204e+00 -1.901608579924492e-03 -9.175457537998819e-04 -1.007681588221019e+00
57 11 -1.000279354721903e+00 -1.902489787330650e-03 -9.171637359375784e-04 -1.007678115391507e+00
57 12 -1.000279796930659e+00 -1.903293260147020e-03 -9.168630892463269e-04 -1.007674846912024e+00
57 13 -1.000280219866316e+00 -1.904012922821691e-03 -9.166410226269170e-04 -1.007671809777606e+00
57 14 -1.000280620117567e+00 -1.904643600106800e-03 -9.164936704654400e-04 -1.007669028662133e+00
57 15 -1.000280994336736e+00 -1.905181018314343e-03 -9.164162869977053e-04 -1.007666525830857e+00
57 16 -1.000281339249978e+00 -1.905621787734881e-03 -9.164034516280156e-04 -1.007664321102771e+00
57 17 -1.000281651670726e+00 -1.905963365355001e-03 -9.164492954042861e-04 -1.007662431858600e+00
57 18 -1.000281928518293e+00 -1.906204001754175e-03 -9.165477519697382e-04 -1.007660873078010e+00
57 19 -1.000282166844088e+00 -1.906342680394168e-03 -9.166928257408095e-04 -1.007659657380229e+00
57 20 -1.000282363867695e+00 -1.906379059468771e-03 -9.168788607775237e-04 -1.007658795040185e+00
57 21 -1.000282517024024e+00 -1.906313425822259e-03 -9.171007879469487e-04 -1.007658293957983e+00
57 22 -1.000282624021017e+00 -1.906146667550078e-03 -9.173543268061162e-04 -1.007658159571593e+00
57 23 -1.000282682904788e+00 -1.905880266831857e-03 -9.176361242233127e-04 -1.007658394719801e+00
57 24 -1.000282692126638e+00 -1.905516308369490e-03 -9.179438239617408e-04 -1.007658999480000e+00
57 25 -1.000282650605465e+00 -1.905057494521792e-03 -9.182760748137011e-04 -1.007659971014242e+00
57 26 -1.000282557780502e+00 -1.904507158524191e-03 -9.186324918674048e-04 -1.007661303450971e+00
57 27 -1.000282413651873e+00 -1.903869271320077e-03 -9.190135832133749e-04 -1.007662987814008e+00
57 28 -1.000282218808637e+00 -1.903148442074711e-03 -9.194206463674437e-04 -1.007665011996039e+00
57 29 -1.000281974445169e+00 -1.902349915025831e-03 -9.198556302356795e-04 -1.007667360767412e+00
57 30 -1.000281682367129e+00 -1.901479566159331e-03 -9.203209528496644e-04 -1.007670015810382e+00
57 31 -1.000281344988098e+00 -1.900543902834208e-03 -9.208192645817058e-04 -1.007672955771445e+00
57 32 -1.000280965316930e+00 -1.899550067250098e-03 -9.213531535919482e-04 -1.007676156331085e+00
57 33 -1.000280546934557e+00 -1.898505840531063e-03 -9.219248047355946e-04 -1.007679590300088e+00
57 34 -1.000280093958718e+00 -1.897419640593321e-03 -9.225356392129777e-04 -1.007683227757218e+00
57 35 -1.000279610996363e+00 -1.896300506688312e-03 -9.231859712473394e-04 -1.007687036238387e+00
57 36 -1.000279103085468e+00 -1.895158066508290e-03 -9.238747156735122e-04 -1.007690980975963e+00
57 37 -1.000278575629099e+00 -1.894002485323575e-03 -9.245991693757763e-04 -1.007695025178240e+00
57 38 -1.000278034324563e+00 -1.892844398747670e-03 -9.253548761348398e-04 -1.007699130337899e+00
57 39 -1.000277485089808e+00 -1.891694831555028e-03 -9.261355731229273e-04 -1.007703256561707e+00
57 40 -1.000276933988420e+00 -1.890565105169666e-03 -9.269332104142638e-04 -1.007707362917693e+00
57 41 -1.000276387153481e+00 -1.889466735638724e-03 -9.277380342536816e-04 -1.007711407800847e+00
57 42 -1.000275850709708e+00 -1.888411321697661e-03 -9.285387305830513e-04 -1.007715349324477e+00
57 43 -1.000275330692991e+00 -1.887410419926448e-03 -9.293226336377175e-04 -1.007719145748833e+00
57 44 -1.000274832967064e+00 -1.886475402789946e-03 -9.300760088531869e-04 -1.007722755958144e+00
57 45 -1.000274363137980e+00 -1.885617296408344e-03 -9.307844157875838e-04 -1.007726139991836e+00
57 46 -1.000273926467819e+00 -1.884846597670874e-03 -9.314331465241300e-04 -1.007729259628187e+00
57 47 -1.000273527789743e+00 -1.884173073863366e-03 -9.320077224518893e-04 -1.007732079010826e+00
57 48 -1.000273171427124e+00 -1.883605551834283e-03 -9.324944211505730e-04 -1.007734565299636e+00
57 49 -1.000272861120219e+00 -1.883151707551098e-03 -9.328807976743401e-04 -1.007736689317395e+00
57 50 -1.000272599964492e+00 -1.882817869875393e-03 -9.331561632460838e-04 -1.007738426153576e+00
57 51 -1.000272390364828e+00 -1.882608853084845e-03 -9.333119910721372e-04 -1.007739755681911e+00
57 52 -1.000272234009028e+00 -1.882527829956725e-03 -9.333422320216391e-04 -1.007740662953714e+00
57 53 -1.000272131861998e+00 -1.882576251615822e-03 -9.332435364654068e-04 -1.007741138445040e+00
57 54 -1.000272084179632e+00 -1.882753814311922e-03 -9.330153865052531e-04 -1.007741178155808e+00
57 55 -1.000272090539682e+00 -1.883058469505111e-03 -9.326601433006145e-04 -1.007740783573795e+00
57 56 -1.000272149886233e+00 -1.883486472718287e-03 -9.321830100242757e-04 -1.007739961522600e+00
57 57 -1.000272260584405e+00 -1.884032467109086e-03 -9.315919063192077e-04 -1.007738723913625e+00
57 58 -1.000272420482091e+00 -1.884689598282456e-03 -9.308972481641263e-04 -1.007737087420862e+00
57 59 -1.000272626976119e+00 -1.885449657432118e-03 -9.301116302431030e-04 -1.007735073092739e+00
57 60 -1.000272877081262e+00 -1.886303250219690e-03 -9.292494178009510e-04 -1.007732705907999e+00
57 61 -1.000273167501009e+00 -1.887239987426914e-03 -9.283262697885220e-04 -1.007730014280161e+00
57 62 -1.000273494698242e+00 -1.888248689647157e-03 -9.273586285755228e-04 -1.007727029523553e+00
57 63 -1.000273854962491e+00 -1.889317594414723e-03 -9.263632163589775e-04 -1.007723785307262e+00
58 0 -1.000274170636776e+00 -1.889647081947691e-03 -9.295279968943625e-04 -1.007721377280011e+00
58 1 -1.000274580057385e+00 -1.890790827640737e-03 -9.285232124599132e-04 -1.007717758727303e+00
58 2 -1.000275010279398e+00 -1.891956017843416e-03 -9.275396278595855e-04 -1.007713996231065e+00
58 3 -1.000275457455359e+00 -1.893130432298983e-03 -9.265911433627307e-04 -1.007710127671862e+00
58 4 -1.000275917770321e+00 -1.894302098145523e-03 -9.256902117532618e-04 -1.007706191027186e+00
58 5 -1.000276387453224e+00 -1.895459405882792e-03 -9.248476463514044e-04 -1.007702224049256e+00
58 6 -1.000276862782309e+00 -1.896591215123329e-03 -9.240724705686099e-04 -1.007698263961742e+00
58 7 -1.000277340086898e+00 -1.897686950727658e-03 -9.233718180643392e-04 -1.007694347166811e+00
58 8 -1.000277815747252e+00 -1.898736688293275e-03 -9.227508942915011e-04 -1.007690508961431e+00
58 9 -1.000278286193415e+00 -1.899731227230234e-03 -9.222130049153304e-04 -1.007686783269067e+00
58 10 -1.000278747903605e+00 -1.900662150252418e-03 -9.217596478669014e-04 -1.007683202394596e+00
58 11 -1.000279197402884e+00 -1.901521869618473e-03 -9.213906572231537e-04 -1.007679796807049e+00
58 12 -1.000279631263091e+00 -1.902303661752843e-03 -9.211043810798685e-04 -1.007676594951000e+00
58 13 -1.000280046104942e+00 -1.903001691599101e-03 -9.208978747636741e-04 -1.007673623087736e+00
58 14 -1.000280438602579e+00 -1.903611025728106e-03 -9.207670970903737e-04 -1.007670905171670e+00
58 15 -1.000280805490320e+00 -1.904127630467674e-03 -9.207071086256018e-04 -1.007668462771232e+00
58 16 -1.000281143571629e+00 -1.904548351031005e-03 -9.207122802219814e-04 -1.007666315040378e+00
58 17 -1.000281449731389e+00 -1.904870870979259e-03 -9.207765216143192e-04 -1.007664478735764e+00
58 18 -1.000281720953624e+00 -1.905093656297749e-03 -9.208935336250800e-04 -1.007662968261913e+00
58 19 -1.000281954347073e+00 -1.905215891935191e-03 -9.210570780517606e-04 -1.007661795719440e+00
58 20 -1.000282147180514e+00 -1.905237420073133e-03 -9.212612503368123e-04 -1.007660970930829e+00
58 21 -1.000282296928903e+00 -1.905158689475284e-03 -9.215007332411760e-04 -1.007660501421754e+00
58 22 -1.000282401330068e+00 -1.904980723618329e-03 -9.217710070693162e-04 -1.007660392344415e+00
58 23 -1.000282458449209e+00 -1.904705110499046e-03 -9.220684966963010e-04 -1.007660646346027e+00
58 24 -1.000282466745790e+00 -1.904334009984968e-03 -9.223906478500646e-04 -1.007661263406112e+00
58 25 -1.000282425136203e+00 -1.903870169507047e-03 -9.227359390811930e-04 -1.007662240677566e+00
58 26 -1.000282333047083e+00 -1.903316939088075e-03 -9.231038438333855e-04 -1.007663572360584e+00
58 27 -1.000282190456811e+00 -1.902678280886302e-03 -9.234947558038244e-04 -1.007665249621877e+00
58 28 -1.000281997924829e+00 -1.901958772706921e-03 -9.239098833832577e-04 -1.007667260557856e+00
58 29 -1.000281756609297e+00 -1.901163607333705e-03 -9.243511104502846e-04 -1.007669590194797e+00
58 30 -1.000281468274067e+00 -1.900298590767604e-03 -9.248208145879606e-04 -1.007672220517306e+00
58 31 -1.000281135286020e+00 -1.899370142814787e-03 -9.253216323444209e-04 -1.007675130516465e+00
58 32 -1.000280760603087e+00 -1.898385301643432e-03 -9.258561671412135e-04 -1.007678296254501e+00
58 33 -1.000280347751882e+00 -1.897351729693766e-03 -9.264266492192942e-04 -1.007681690953590e+00
58 34 -1.000279900793371e+00 -1.896277714304955e-03 -9.270345734205040e-04 -1.007685285124023e+00
58 35 -1.000279424276168e+00 -1.895172155676981e-03 -9.276803509448719e-04 -1.007689046743479e+00
58 36 -1.000278923179134e+00 -1.894044537450608e-03 -9.283630101441648e-04 -1.007692941487704e+00
58 37 -1.000278402846158e+00 -1.892904878750356e-03 -9.290799709456145e-04 -1.007696933003707e+00
58 38 -1.000277868915899e+00 -1.891763668893979e-03 -9.298269039602801e-04 -1.007700983215013e+00
58 39 -1.000277327248482e+00 -1.890631786999175e-03 -9.305976736793442e-04 -1.007705052651587e+00
58 40 -1.000276783850305e+00 -1.889520409022566e-03 -9.313843575750681e-04 -1.007709100800730e+00
58 41 -1.000276244797286e+00 -1.888440904272901e-03 -9.321773309503966e-04 -1.007713086479036e+00
58 42 -1.000275716156187e+00 -1.887404721758624e-03 -9.329654119870359e-04 -1.007716968230459e+00
58 43 -1.000275203903436e+00 -1.886423264303326e-03 -9.337360700095267e-04 -1.007720704759819e+00
58 44 -1.000274713841329e+00 -1.885507746633993e-03 -9.344757059010383e-04 -1.007724255411930e+00
58 45 -1.000274251512367e+00 -1.884669034017838e-03 -9.351700112953865e-04 -1.007727580702537e+00
58 46 -1.000273822113269e+00 -1.883917460708366e-03 -9.358044030554351e-04 -1.007730642899789e+00
58 47 -1.000273430410832e+00 -1.883262631372234e-03 -9.363645167313548e-04 -1.007733406646185e+00
58 48 -1.000273080662328e+00 -1.882713212502965e-03 -9.368367316362604e-04 -1.007735839602353e+00
58 49 -1.000272776543585e+00 -1.882276724141262e-03 -9.372086927087772e-04 -1.007737913085419e+00
58 50 -1.000272521088398e+00 -1.881959344998748e-03 -9.374697921233842e-04 -1.007739602665919e+00
58 51 -1.000272316643298e+00 -1.881765745360986e-03 -9.376115790529915e-04 -1.007740888681255e+00
58 52 -1.000272164841192e+00 -1.881698960159841e-03 -9.376280786681106e-04 -1.007741756626634e+00
58 53 -1.000272066595681e+00 -1.881760309081275e-03 -9.375160157427292e-04 -1.007742197399518e+00
58 54 -1.000272022115386e+00 -1.881949364119033e-03 -9.372749470834480e-04 -1.007742207394336e+00
58 55 -1.000272030935689e+00 -1.882263960932211e-03 -9.369073079824497e-04 -1.007741788460192e+00
58 56 -1.000272091964507e+00 -1.882700249465978e-03 -9.364183740622809e-04 -1.007740947740766e+00
58 57 -1.000272203538551e+00 -1.883252779691677e-03 -9.358161354872390e-04 -1.007739697416844e+00
58 58 -1.000272363486573e+00 -1.883914618565544e-03 -9.351110782774982e-04 -1.007738054371591e+00
58 59 -1.000272569196564e+00 -1.884677494702365e-03 -9.343158696810761e-04 -1.007736039795054e+00
58 60 -1.000272817684956e+00 -1.885531967846783e-03 -9.334449534285679e-04 -1.007733678736960e+00
58 61 -1.000273105666771e+00 -1.886467619364291e-03 -9.325140751410830e-04 -1.007730999612485e+00
58 62 -1.000273429625221e+00 -1.887473256593252e-03 -9.315397719590166e-04 -1.007728033671958e+00
58 63 -1.000273785877993e+00 -1.888537120066134e-03 -9.305388661140676e-04 -1.007724814458046e+00
59 0 -1.000274164656964e+00 -1.888895070967594e-03 -9.336554065776992e-04 -1.007722283651688e+00
59 1 -1.000274569220733e+00 -1.890031364399785e-03 -9.326469270108312e-04 -1.007718697575622e+00
59 2 -1.000274993865653e+00 -1.891187077450202e-03 -9.316613177784571e-04 -1.007714973575935e+00
59 3 -1.000275434798245e+00 -1.892350058249506e-03 -9.307125563469580e-04 -1.007711149182236e+00
59 4 -1.000275888266074e+00 -1.893508425361635e-03 -9.298131570220420e-04 -1.007707261950692e+00
59 5 -1.000276350568735e+00 -1.894650684106740e-03 -9.289739779081613e-04 -1.007703349143510e+00
59 6 -1.000276818062315e+00 -1.895765832083343e-03 -9.282040693330526e-04 -1.007699447429691e+00
59 7 -1.000277287159665e+00 -1.896843454169611e-03 -9.275105721694872e-04 -1.007695592599495e+00
59 8 -1.000277754328446e+00 -1.897873806219551e-03 -9.268986762581710e-04 -1.007691819290631e+00
59 9 -1.000278216088391e+00 -1.898847886195697e-03 -9.263716447394064e-04 -1.007688160729889e+00
59 10 -1.000278669008577e+00 -1.899757491553418e-03 -9.259309026241239e-04 -1.007684648497062e+00
59 11 -1.000279109705345e+00 -1.900595262750780e-03 -9.255761794181196e-04 -1.007681312316745e+00
59 12 -1.000279534841600e+00 -1.901354714429246e-03 -9.253056882561590e-04 -1.007678179879695e+00
59 13 -1.000279941128218e+00 -1.902030256099165e-03 -9.251163220688606e-04 -1.007675276694131e+00
59 14 -1.000280325327770e+00 -1.902617201725297e-03 -9.250038537234932e-04 -1.007672625971577e+00
59 15 -1.000280684260280e+00 -1.903111764427542e-03 -9.249631385797414e-04 -1.007670248556708e+00
59 16 -1.000281014811052e+00 -1.903511032292285e-03 -9.249883267999540e-04 -1.007668162907612e+00
59 17 -1.000281313941858e+00 -1.903812924931754e-03 -9.250730941448914e-04 -1.007666385121017e+00
59 18 -1.000281578707766e+00 -1.904016135044619e-03 -9.252108950242411e-04 -1.007664928984729e+00
59 19 -1.000281806281906e+00 -1.904120062140182e-03 -9.253952336788569e-04 -1.007663806033879e+00
59 20 -1.000281993989942e+00 -1.904124747103286e-03 -9.256199403917115e-04 -1.007663025586743e+00
59 21 -1.000282139355290e+00 -1.904030817266786e-03 -9.258794312283288e-04 -1.007662594737070e+00
59 22 -1.000282240154963e+00 -1.903839450573412e-03 -9.261689259326594e-04 -1.007662518286727e+00
59 23 -1.000282294483424e+00 -1.903552362315952e-03 -9.264846031446440e-04 -1.007662798620071e+00
59 24 -1.000282300819044e+00 -1.903171810589476e-03 -9.268236842020922e-04 -1.007663435543257e+00
59 25 -1.000282258086718e+00 -1.902700611662395e-03 -9.271844503550086e-04 -1.007664426122953e+00
59 26 -1.000282165711634e+00 -1.902142156555092e-03 -9.275662066273892e-04 -1.007665764553071e+00
59 27 -1.000282023661720e+00 -1.901500423418270e-03 -9.279692060736938e-04 -1.007667442063665e+00
59 28 -1.000281832478052e+00 -1.900779983840792e-03 -9.283945422844131e-04 -1.007669446874443e+00
59 29 -1.000281593293462e+00 -1.899986004057825e-03 -9.288440092566439e-04 -1.007671764188431e+00
59 30 -1.000281307840258e+00 -1.899124244329969e-03 -9.293199202270562e-04 -1.007674376216285e+00
59 31 -1.000280978448263e+00 -1.898201060507615e-03 -9.298248747550423e-04 -1.007677262220410e+00
59 32 -1.000280608033535e+00 -1.897223409609943e-03 -9.303614690442862e-04 -1.007680398574723e+00
59 33 -1.000280200076650e+00 -1.896198856898975e-03 -9.309319577522030e-04 -1.007683758847950e+00
59 34 -1.000279758588937e+00 -1.895135578259079e-03 -9.315378914101198e-04 -1.007687313925331e+00
59 35 -1.000279288066433e+00 -1.894042350899933e-03 -9.321797645001454e-04 -1.007691032179884e+00
59 36 -1.000278793433231e+00 -1.892928527308077e-03 -9.328567098362565e-04 -1.007694879694432e+00
59 37 -1.000278279977044e+00 -1.891803990338641e-03 -9.335662657687160e-04 -1.007698820527913e+00
59 38 -1.000277753279528e+00 -1.890679089932430e-03 -9.343042292384387e-04 -1.007702817017313e+00
59 39 -1.000277219143228e+00 -1.889564563547509e-03 -9.350645952907081e-04 -1.007706830107955e+00
59 40 -1.000276683516304e+00 -1.888471442950623e-03 -9.358395751739572e-04 -1.007710819707556e+00
59 41 -1.000276152415404e+00 -1.887410949613846e-03 -9.366196821787692e-04 -1.007714745063308e+00
59 42 -1.000275631846405e+00 -1.886394379587815e-03 -9.373938780626653e-04 -1.007718565165795e+00
59 43 -1.000275127722594e+00 -1.885432976533817e-03 -9.381497813952819e-04 -1.007722239187415e+00
59 44 -1.000274645780339e+00 -1.884537789622037e-03 -9.388739460436346e-04 -1.007725726964143e+00
59 45 -1.000274191493258e+00 -1.883719512923899e-03 -9.395522167991004e-04 -1.007728989526349e+00
59 46 -1.000273769986596e+00 -1.882988305449793e-03 -9.401701594764808e-04 -1.007731989677281e+00
59 47 -1.000273385954057e+00 -1.882353594871242e-03 -9.407135501504212e-04 -1.007734692609128e+00
59 48 -1.000273043579535e+00 -1.881823871529539e-03 -9.411688974449685e-04 -1.007737066538808e+00
59 49 -1.000272746466588e+00 -1.881406482378150e-03 -9.415239642016820e-04 -1.007739083338010e+00
59 50 -1.000272497579014e+00 -1.881107437532521e-03 -9.417682514867679e-04 -1.007740719123023e+00
59 51 -1.000272299196410e+00 -1.880931243939753e-03 -9.418934119495204e-04 -1.007741954762709e+00
59 52 -1.000272152888231e+00 -1.880880778910266e-03 -9.418935719430763e-04 -1.007742776265299e+00
59 53 -1.000272059508272e+00 -1.880957210594320e-03 -9.417655569237439e-04 -1.007743175019447e+00
59 54 -1.000272019209264e+00 -1.881159966089244e-03 -9.415090242505558e-04 -1.007743147885139e+00
59 55 -1.000272031475380e+00 -1.881486744029200e-03 -9.411265087605325e-04 -1.007742697145271e+00
59 56 -1.000272095169381e+00 -1.881933567356823e-03 -9.406233830729996e-04 -1.007741830336264e+00
59 57 -1.000272208590566e+00 -1.882494871653740e-03 -9.400077308324929e-04 -1.007740559979677e+00
59 58 -1.000272369539561e+00 -1.883163624329890e-03 -9.392901288256127e-04 -1.007738903237601e+00
59 59 -1.000272575386587e+00 -1.883931470813195e-03 -9.384833350025144e-04 -1.007736881509937e+00
59 60 -1.000272823141095e+00 -1.884788904949046e-03 -9.376018870503222e-04 -1.007734519982864e+00
59 61 -1.000273109521640e+00 -1.885725459918504e-03 -9.366616302329030e-04 -1.007731847133573e+00
59 62 -1.000273431024583e+00 -1.886729912544098e-03 -9.356792073806294e-04 -1.007728894202288e+00
59 63 -1.000273783989290e+00 -1.887790490426111e-03 -9.346715501860757e-04 -1.007725694653342e+00
60 0 -1.000274226901905e+00 -1.888185948272330e-03 -9.377021608336428e-04 -1.007723024251158e+00
60 1 -1.000274627262982e+00 -1.889316371634088e-03 -9.366890797899186e-04 -1.007719465916376e+00
60 2 -1.000275046916602e+00 -1.890464046381546e-03 -9.357007491178066e-04 -1.007715776195057e+00
60 3 -1.000275482117924e+00 -1.891616877338951e-03 -9.347512261311254e-04 -1.007711992299110e+00
60 4 -1.000275929172139e+00 -1.892763064157101e-03 -9.338530865592380e-04 -1.007708151392413e+00
60 5 -1.000276384445266e+00 -1.893891218009912e-03 -9.330172308083143e-04 -1.007704290271568e+00
60 6 -1.000276844367847e+00 -1.894990466960317e-03 -9.322527317113847e-04 -1.007700445070163e+00
60 7 -1.000277305433761e+00 -1.896050550028134e-03 -9.315667312887424e-04 -1.007696650980161e+00
60 8 -1.000277764196452e+00 -1.897061899135242e-03 -9.309643965576012e-04 -1.007692941988023e+00
60 9 -1.000278217264467e+00 -1.898015707898921e-03 -9.304489407680663e-04 -1.007689350627398e+00
60 10 -1.000278661297438e+00 -1.898903986420054e-03 -9.300217092564028e-04 -1.007685907753401e+00
60 11 -1.000279093003182e+00 -1.899719602113124e-03 -9.296823205201147e-04 -1.007682642343579e+00
60 12 -1.000279509136441e+00 -1.900456307970126e-03 -9.294288456257263e-04 -1.007679581328108e+00
60 13 -1.000279906499697e+00 -1.901108759811500e-03 -9.292580068339266e-04 -1.007676749450650e+00
60 14 -1.000280281946114e+00 -1.901672522009696e-03 -9.291653819907048e-04 -1.007674169164383e+00
60 15 -1.000280632384332e+00 -1.902144058516059e-03 -9.291456117938721e-04 -1.007671860571248e+00
60 16 -1.000280954785303e+00 -1.902520705730396e-03 -9.291926157300152e-04 -1.007669841409803e+00
60 17 -1.000281246192518e+00 -1.902800626652273e-03 -9.292998248220420e-04 -1.007668127087042e+00
60 18 -1.000281503737834e+00 -1.902982749848322e-03 -9.294604357136734e-04 -1.007666730738330e+00
60 19 -1.000281724665241e+00 -1.903066700015662e-03 -9.296676833314761e-04 -1.007665663292681e+00
60 20 -1.000281906364433e+00 -1.903052729057723e-03 -9.299151200643718e-04 -1.007664933518104e+00
60 21 -1.000282046415308e+00 -1.902941657619664e-03 -9.301968804371931e-04 -1.007664548022907e+00
60 22 -1.000282142643087e+00 -1.902734835633394e-03 -9.305079059235425e-04 -1.007664511196830e+00
60 23 -1.000282193181347e+00 -1.902434125543952e-03 -9.308441084212628e-04 -1.007664825092924e+00
60 24 -1.000282196537794e+00 -1.902041905218963e-03 -9.312024621046104e-04 -1.007665489271090e+00
60 25 -1.000282151656695e+00 -1.901561082701025e-03 -9.315810265570002e-04 -1.007666500635297e+00
60 26 -1.000282057973062e+00 -1.900995114109574e-03 -9.319789133062081e-04 -1.007667853293553e+00
60 27 -1.000281915455818e+00 -1.900348018317480e-03 -9.323962099177880e-04 -1.007669538458013e+00
60 28 -1.000281724638975e+00 -1.899624385516140e-03 -9.328338710019974e-04 -1.007671544390697e+00
60 29 -1.000281486640984e+00 -1.898829380213403e-03 -9.332935768704638e-04 -1.007673856391267e+00
60 30 -1.000281203173190e+00 -1.897968741867858e-03 -9.337775525372653e-04 -1.007676456816993e+00
60 31 -1.000280876538503e+00 -1.897048787140823e-03 -9.342883366904909e-04 -1.007679325123775e+00
60 32 -1.000280509620566e+00 -1.896076415779489e-03 -9.348284950314686e-04 -1.007682437923473e+00
60 33 -1.000280105862414e+00 -1.895059118198168e-03 -9.354002847363605e-04 -1.007685769063917e+00
60 34 -1.000279669233202e+00 -1.894004979188073e-03 -9.360052923863451e-04 -1.007689289745219e+00
60 35 -1.000279204182742e+00 -1.892922670903798e-03 -9.366440793738679e-04 -1.007692968683862e+00
60 36 -1.000278715585495e+00 -1.891821429656637e-03 -9.373158707631295e-04 -1.007696772327373e+00
60 37 -1.000278208676726e+00 -1.890711013815917e-03 -9.380183156088873e-04 -1.007700665114572e+00
60 38 -1.000277688983375e+00 -1.889601642726333e-03 -9.387473336474476e-04 -1.007704609773763e+00
60 39 -1.000277162251386e+00 -1.888503918258438e-03 -9.394970504993220e-04 -1.007708567652350e+00
60 40 -1.000276634370481e+00 -1.887428731491304e-03 -9.402598141428701e-04 -1.007712499073515e+00
60 41 -1.000276111296766e+00 -1.886387157112856e-03 -9.410262813122400e-04 -1.007716363718193e+00
60 42 -1.000275598973034e+00 -1.885390337025287e-03 -9.417855652540282e-04 -1.007720121034316e+00
60 43 -1.000275103246425e+00 -1.884449352379677e-03 -9.425254445556503e-04 -1.007723730679591e+00
60 44 -1.000274629783669e+00 -1.883575081149229e-03 -9.432326402155257e-04 -1.007727153005826e+00
60 45 -1.000274183985069e+00 -1.882778038207648e-03 -9.438931678667589e-04 -1.007730349589683e+00
60 46 -1.000273770899269e+00 -1.882068197163871e-03 -9.444927632411686e-04 -1.007733283807723e+00
60 47 -1.000273395141057e+00 -1.881454796624875e-03 -9.450173667678107e-04 -1.007735921445938e+00
60 48 -1.000273060814460e+00 -1.880946136869516e-03 -9.454536425020972e-04 -1.007738231327284e+00
60 49 -1.000272771443691e+00 -1.880549376175103e-03 -9.457894986253507e-04 -1.007740185932955e+00
60 50 -1.000272529915071e+00 -1.880270339324419e-03 -9.460145726644794e-04 -1.007741761983746e+00
60 51 -1.000272338433623e+00 -1.880113352604275e-03 -9.461206477627496e-04 -1.007742940940903e+00
60 52 -1.000272198497647e+00 -1.880081117860865e-03 -9.461019780743962e-04 -1.007743709388198e+00
60 53 -1.000272110893327e+00 -1.880174633062660e-03 -9.459555163688682e-04 -1.007744059270025e+00
60 54 -1.000272075709543e+00 -1.880393160975488e-03 -9.456810471368427e-04 -1.007743987978344e+00
60 55 -1.000272092371169e+00 -1.880734243417151e-03 -9.452812307760678e-04 -1.007743498296978e+00
60 56 -1.000272159687585e+00 -1.881193756469972e-03 -9.447615618980210e-04 -1.007742598222142e+00
60 57 -1.000272275912217e+00 -1.881766001271958e-03 -9.441302412889628e-04 -1.007741300683488e+00
60 58 -1.000272438808824e+00 -1.882443825365304e-03 -9.433979583289103e-04 -1.007739623189786e+00
60 59 -1.000272645721026e+00 -1.883218770828483e-03 -9.425775809722077e-04 -1.007737587417548e+00
60 60 -1.000272893642737e+00 -1.884081246218527e-03 -9.416837572354378e-04 -1.007735218753043e+00
60 61 -1.000273179287955e+00 -1.885020718168464e-03 -9.407324456457958e-04 -1.007732545794912e+00
60 62 -1.000273499158589e+00 -1.886025915554023e-03 -9.397404061239388e-04 -1.007729599828645e+00
60 63 -1.000273849608545e+00 -1.887085036522676e-03 -9.387246895376008e-04 -1.007726414291590e+00
61 0 -1.000274356968719e+00 -1.887526795989375e-03 -9.416321169819711e-04 -1.007723588732010e+00
61 1 -1.000274753842228e+00 -1.888653033782479e-03 -9.406134601107730e-04 -1.007720052992972e+00
61 2 -1.000275169159818e+00 -1.889794234488094e-03 -9.396216294197105e-04 -1.007716392849677e+00
61 3 -1.000275599218978e+00 -1.890938346505816e-03 -9.386707653216028e-04 -1.007712645235629e+00
61 4 -1.000276040376705e+00 -1.892073638730750e-03 -9.377735055049047e-04 -1.007708846957547e+00
61 5 -1.000276489060264e+00 -1.893188817694082e-03 -9.369407905955301e-04 -1.007705034376968e+00
61 6 -1.000276941770189e+00 -1.894273132712073e-03 -9.361817116068356e-04 -1.007701243118257e+00
61 7 -1.000277395077739e+00 -1.895316469062536e-03 -9.355034056080826e-04 -1.007697507796806e+00
61 8 -1.000277845619386e+00 -1.896309428212137e-03 -9.349110096832498e-04 -1.007693861764695e+00
61 9 -1.000278290090600e+00 -1.897243394113259e-03 -9.344076800551564e-04 -1.007690336874579e+00
61 10 -1.000278725240402e+00 -1.898110585222578e-03 -9.339946757583557e-04 -1.007686963264989e+00
61 11 -1.000279147867512e+00 -1.898904092698196e-03 -9.336714978532857e-04 -1.007683769170872e+00
61 12 -1.000279554818474e+00 -1.899617905863896e-03 -9.334360685181216e-04 -1.007680780762605e+00
61 13 -1.000279942987942e+00 -1.900246925975146e-03 -9.332849320291400e-04 -1.007678022016412e+00
61 14 -1.000280309320936e+00 -1.900786968045844e-03 -9.332134636410198e-04 -1.007675514620368e+00
61 15 -1.000280650816838e+00 -1.901234748471102e-03 -9.332160815039742e-04 -1.007673277922175e+00
61 16 -1.000280964535372e+00 -1.901587855299541e-03 -9.332864659459410e-04 -1.007671328923621e+00
61 17 -1.000281247605838e+00 -1.901844699949204e-03 -9.334177943385039e-04 -1.007669682318993e+00
61 18 -1.000281497241829e+00 -1.902004453347624e-03 -9.336029967848397e-04 -1.007668350562989e+00
61 19 -1.000281710763978e+00 -1.902066973509579e-03 -9.338350302886690e-04 -1.007667343944464e+00
61 20 -1.000281885632718e+00 -1.902032733740693e-03 -9.341071599483996e-04 -1.007666670639648e+00
61 21 -1.000282019492090e+00 -1.901902761000787e-03 -9.344132274137491e-04 -1.007666336721641e+00
61 22 -1.000282110224019e+00 -1.901678592621590e-03 -9.347478821164292e-04 -1.007666346110988e+00
61 23 -1.000282156010431e+00 -1.901362255774787e-03 -9.351067529668808e-04 -1.007666700466129e+00
61 24 -1.000282155398379e+00 -1.900956267960693e-03 -9.354865481752613e-04 -1.007667399030996e+00
61 25 -1.000282107362291e+00 -1.900463651102216e-03 -9.358850844690856e-04 -1.007668438470868e+00
61 26 -1.000282011358284e+00 -1.899887949989994e-03 -9.363012572720099e-04 -1.007669812727861e+00
61 27 -1.000281867367634e+00 -1.899233248234855e-03 -9.367349659500808e-04 -1.007671512915417e+00
61 28 -1.000281675928480e+00 -1.898504178793134e-03 -9.371870038280731e-04 -1.007673527257400e+00
61 29 -1.000281438155929e+00 -1.897705929148922e-03 -9.376589150848241e-04 -1.007675841069011e+00
61 30 -1.000281155751212e+00 -1.896844243288425e-03 -9.381528133357558e-04 -1.007678436772285e+00
61 31 -1.000280831000714e+00 -1.895925423941837e-03 -9.386711527070607e-04 -1.007681293936376e+00
61 32 -1.000280466765287e+00 -1.894956337931030e-03 -9.392164449090821e-04 -1.007684389335314e+00
61 33 -1.000280066459166e+00 -1.893944423899106e-03 -9.397909269684584e-04 -1.007687697025956e+00
61 34 -1.000279634017198e+00 -1.892897697161154e-03 -9.403962003114469e-04 -1.007691188459212e+00
61 35 -1.000279173849891e+00 -1.891824744391340e-03 -9.410328745728212e-04 -1.007694832638294e+00
61 36 -1.000278690787781e+00 -1.890734702464476e-03 -9.417002521581189e-04 -1.007698596328154e+00
61 37 -1.000278190018000e+00 -1.889637218807296e-03 -9.423960822740103e-04 -1.007702444310717e+00
61 38 -1.000277677015711e+00 -1.888542392746174e-03 -9.431164009549848e-04 -1.007706339678562e+00
61 39 -1.000277157471962e+00 -1.887460698562403e-03 -9.438554612284900e-04 -1.007710244162585e+00
61 40 -1.000276637218642e+00 -1.886402892262270e-03 -9.446057473620629e-04 -1.007714118490724e+00
61 41 -1.000276122150886e+00 -1.885379905027712e-03 -9.453580615306933e-04 -1.007717922774795e+00
61 42 -1.000275618146976e+00 -1.884402725582014e-03 -9.461016729232843e-04 -1.007721616924956e+00
61 43 -1.000275130985646e+00 -1.883482271279448e-03 -9.468245273372712e-04 -1.007725161096359e+00
61 44 -1.000274666261058e+00 -1.882629245463575e-03 -9.475135232210284e-04 -1.007728516175311e+00
61 45 -1.000274229296733e+00 -1.881853978358195e-03 -9.481548607914964e-04 -1.007731644309360e+00
61 46 -1.000273825060624e+00 -1.881166250665993e-03 -9.487344630216133e-04 -1.007734509478950e+00
61 47 -1.000273458083744e+00 -1.880575102182511e-03 -9.492384555550236e-04 -1.007737078101047e+00
61 48 -1.000273132384633e+00 -1.880088631190895e-03 -9.496536817305484e-04 -1.007739319648266e+00
61 49 -1.000272851402001e+00 -1.879713793766540e-03 -9.499682207208924e-04 -1.007741207259699e+00
61 50 -1.000272617938287e+00 -1.879456214966941e-03 -9.501718726431862e-04 -1.007742718311732e+00
61 51 -1.000272434117349e+00 -1.879320025350321e-03 -9.502565771062162e-04 -1.007743834911209e+00
61 52 -1.000272301359504e+00 -1.879307735270832e-03 -9.502167420470217e-04 -1.007744544273513e+00
61 53 -1.000272220376285e+00 -1.879420155487541e-03 -9.500494737973515e-04 -1.007744838957562e+00
61 54 -1.000272191185628e+00 -1.879656366852936e-03 -9.497547102979197e-04 -1.007744716947246e+00
61 55 -1.000272213145954e+00 -1.880013736545073e-03 -9.493352634787047e-04 -1.007744181587487e+00
61 56 -1.000272285005808e+00 -1.880487975469195e-03 -9.487967752997489e-04 -1.007743241395698e+00
61 57 -1.000272404964757e+00 -1.881073231219379e-03 -9.481475880977278e-04 -1.007741909773376e+00
61 58 -1.000272570741286e+00 -1.881762211930789e-03 -9.473985265629743e-04 -1.007740204640992e+00
61 59 -1.000272779643911e+00 -1.882546337080646e-03 -9.465625887994275e-04 -1.007738148015460e+00
61 60 -1.000273028642598e+00 -1.883415911320837e-03 -9.456545503309839e-04 -1.007735765544405e+00
61 61 -1.000273314438533e+00 -1.884360316631465e-03 -9.446904973671254e-04 -1.007733086006998e+00
61 62 -1.000273633531145e+00 -1.885368216341106e-03 -9.436873189941516e-04 -1.007730140790842e+00
61 63 -1.000273982281265e+00 -1.886427762372878e-03 -9.426621953669262e-04 -1.007726963359598e+00
62 0 -1.000274553682557e+00 -1.886924288137518e-03 -9.454098549588112e-04 -1.007723968569733e+00
62 1 -1.000274947836295e+00 -1.888048107742865e-03 -9.443845887182927e-04 -1.007720449932395e+00
62 2 -1.000275359534785e+00 -1.889184505674445e-03 -9.433884033073263e-04 -1.007716814242684e+00
62 3 -1.000275785110792e+00 -1.890321459750890e-03 -9.424355260673167e-04 -1.007713098199527e+00
62 4 -1.000276220966491e+00 -1.891447294986336e-03 -9.415386579571168e-04 -1.007709338292788e+00
62 5 -1.000276663584262e+00 -1.892550801222887e-03 -9.407087783555139e-04 -1.007705570485772e+00
62 6 -1.000277109529117e+00 -1.893621338110405e-03 -9.399549924545575e-04 -1.007701829926839e+00
62 7 -1.000277555445002e+00 -1.894648927399450e-03 -9.392844266243732e-04 -1.007698150683987e+00
62 8 -1.000277998047647e+00 -1.895624331382559e-03 -9.387021814967697e-04 -1.007694565499773e+00
62 9 -1.000278434116558e+00 -1.896539116702651e-03 -9.382113496385093e-04 -1.007691105566328e+00
62 10 -1.000278860488050e+00 -1.897385703724930e-03 -9.378130972561431e-04 -1.007687800321646e+00
62 11 -1.000279274050326e+00 -1.898157402087330e-03 -9.375068015966224e-04 -1.007684677270010e+00
62 12 -1.000279671740910e+00 -1.898848433126817e-03 -9.372902297899876e-04 -1.007681761830583e+00
62 13 -1.000280050546346e+00 -1.899453940081417e-03 -9.371597420894344e-04 -1.007679077217585e+00
62 14 -1.000280407503928e+00 -1.899969986389654e-03 -9.371105048705223e-04 -1.007676644355191e+00
62 15 -1.000280739705123e+00 -1.900393540347725e-03 -9.371367069118689e-04 -1.007674481832458e+00
62 16 -1.000281044300757e+00 -1.900722442764816e-03 -9.372317822513801e-04 -1.007672605904243e+00
62 17 -1.000281318509185e+00 -1.900955355967321e-03 -9.373886477574593e-04 -1.007671030536775e+00
62 18 -1.000281559629890e+00 -1.901091697232047e-03 -9.375999607273678e-04 -1.007669767483053e+00
62 19 -1.000281765065297e+00 -1.901131563936835e-03 -9.378583942371424e-04 -1.007668826363405e+00
62 20 -1.000281932352766e+00 -1.901075659242101e-03 -9.381569196372417e-04 -1.007668214725708e+00
62 21 -1.000282059207541e+00 -1.900925227161053e-03 -9.384890780531417e-04 -1.007667938063782e+00
62 22 -1.000282143576065e+00 -1.900682005384435e-03 -9.388492173361138e-04 -1.007667999777973e+00
62 23 -1.000282183697281e+00 -1.900348201328703e-03 -9.392326713461865e-04 -1.007668401073436e+00
62 24 -1.000282178167232e+00 -1.899926490428289e-03 -9.396358674557679e-04 -1.007669140811290e+00
62 25 -1.000282126000974e+00 -1.899420029093473e-03 -9.400563621920506e-04 -1.007670215344733e+00
62 26 -1.000282026686661e+00 -1.898832472830691e-03 -9.404928158526769e-04 -1.007671618372858e+00
62 27 -1.000281880229046e+00 -1.898167992961445e-03 -9.409449196545064e-04 -1.007673340831197e+00
62 28 -1.000281687181609e+00 -1.897431289046705e-03 -9.414132851517088e-04 -1.007675370824444e+00
62 29 -1.000281448667268e+00 -1.896627596112576e-03 -9.418992994365374e-04 -1.007677693601150e+00
62 30 -1.000281166387969e+00 -1.895762687551626e-03 -9.424049431741078e-04 -1.007680291566418e+00
62 31 -1.000280842623872e+00 -1.894842877007057e-03 -9.429325635789748e-04 -1.007683144322818e+00
62 32 -1.000280480222766e+00 -1.893875023013993e-03 -9.434845952219736e-04 -1.007686228729189e+00
62 33 -1.000280082579212e+00 -1.892866536507290e-03 -9.440632315798964e-04 -1.007689518977619e+00
62 34 -1.000279653602058e+00 -1.891825386057879e-03 -9.446700664125912e-04 -1.007692986701886e+00
62 35 -1.000279197669744e+00 -1.890760093488894e-03 -9.453057373056701e-04 -1.007696601132065e+00
62 36 -1.000278719574964e+00 -1.889679714336966e-03 -9.459696069575601e-04 -1.007700329299597e+00
62 37 -1.000278224461620e+00 -1.888593800463221e-03 -9.466595114220632e-04 -1.007704136287561e+00
62 38 -1.000277717756770e+00 -1.887512343701636e-03 -9.473715934866792e-04 -1.007707985520088e+00
62 39 -1.000277205098967e+00 -1.886445700490955e-03 -9.481002274184071e-04 -1.007711839088072e+00
62 40 -1.000276692263508e+00 -1.885404499104695e-03 -9.488380303577758e-04 -1.007715658108938e+00
62 41 -1.000276185084838e+00 -1.884399532510304e-03 -9.495759487023719e-04 -1.007719403117073e+00
62 42 -1.000275689376187e+00 -1.883441639519919e-03 -9.503034084187466e-04 -1.007723034483185e+00
62 43 -1.000275210846546e+00 -1.882541574797388e-03 -9.510085257467127e-04 -1.007726512865173e+00
62 44 -1.000274755015465e+00 -1.881709866025198e-03 -9.516783828293488e-04 -1.007729799695894e+00
62 45 -1.000274327127062e+00 -1.880956655702931e-03 -9.522993742995785e-04 -1.007732857711870e+00
62 46 -1.000273932065407e+00 -1.880291526422613e-03 -9.528576240676925e-04 -1.007735651521423e+00
62 47 -1.000273574273892e+00 -1.879723311740302e-03 -9.533394603695773e-04 -1.007738148202622e+00
62 48 -1.000273257681079e+00 -1.879259898572939e-03 -9.537319262507630e-04 -1.007740317913459e+00
62 49 -1.000272985635199e+00 -1.878908030012886e-03 -9.540232944689628e-04 -1.007742134490785e+00
62 50 -1.000272760849487e+00 -1.878673119474811e-03 -9.542035516559162e-04 -1.007743576009695e+00
62 51 -1.000272585360994e+00 -1.878559088694815e-03 -9.542648184829969e-04 -1.007744625269077e+00
62 52 -1.000272460506138e+00 -1.878568242390737e-03 -9.542016815034247e-04 -1.007745270165331e+00
62 53 -1.000272386915793e+00 -1.878701189340248e-03 -9.540114255274760e-04 -1.007745503922933e+00
62 54 -1.000272364530906e+00 -1.878956813282477e-03 -9.536941670675045e-04 -1.007745325169563e+00
62 55 -1.000272392637169e+00 -1.879332290807783e-03 -9.532528950403070e-04 -1.007744737864877e+00
62 56 -1.000272469915479e+00 -1.879823150626357e-03 -9.526934242724678e-04 -1.007743751104102e+00
62 57 -1.000272594504164e+00 -1.880423368946327e-03 -9.520242634614344e-04 -1.007742378819706e+00
62 58 -1.000272764068650e+00 -1.881125496390202e-03 -9.512563957739232e-04 -1.007740639403849e+00
62 59 -1.000272975874264e+00 -1.881920811721728e-03 -9.504029702836072e-04 -1.007738555273854e+00
62 60 -1.000273226858654e+00 -1.882799497535154e-03 -9.494789081345994e-04 -1.007736152398794e+00
62 61 -1.000273513701704e+00 -1.883750833153730e-03 -9.485004385239744e-04 -1.007733459797799e+00
62 62 -1.000273832892091e+00 -1.884763398973412e-03 -9.474845923648276e-04 -1.007730509017514e+00
62 63 -1.000274180789706e+00 -1.885825284159879e-03 -9.464486895624270e-04 -1.007727333601286e+00
63 0 -1.000274815110636e+00 -1.886384627187438e-03 -9.490009126074039e-04 -1.007724157220324e+00
63 1 -1.000275207355560e+00 -1.887507857156430e-03 -9.479679578795259e-04 -1.007720649912129e+00
63 2 -1.000275616204563e+00 -1.888641209729754e-03 -9.469664976007419e-04 -1.007717033194048e+00
63 3 -1.000276038018023e+00 -1.889772677274793e-03 -9.460108502526805e-04 -1.007713343577731e+00
63 4 -1.000276469235878e+00 -1.890890626664547e-03 -9.451137819685359e-04 -1.007709617281436e+00
63 5 -1.000276906388565e+00 -1.891983917509992e-03 -9.442863101724157e-04 -1.007705889913226e+00
63 6 -1.000277346099122e+00 -1.893042007139495e-03 -9.435375511162521e-04 -1.007702196185362e+00
63 7 -1.000277785078539e+00 -1.894055042086665e-03 -9.428746156368786e-04 -1.007698569654603e+00
63 8 -1.000278220117072e+00 -1.895013934778417e-03 -9.423025621085687e-04 -1.007695042486120e+00
63 9 -1.000278648074422e+00 -1.895910424936632e-03 -9.418244131848721e-04 -1.007691645239479e+00
63 10 -1.000279065871175e+00 -1.896737126306768e-03 -9.414412360043579e-04 -1.007688406675944e+00
63 11 -1.000279470482719e+00 -1.897487559391734e-03 -9.411522782671621e-04 -1.007685353589263e+00
63 12 -1.000279858935864e+00 -1.898156170756354e-03 -9.409551469563415e-04 -1.007682510664196e+00
63 13 -1.000280228307978e+00 -1.898738339923887e-03 -9.408460133773301e-04 -1.007679900365925e+00
63 14 -1.000280575728293e+00 -1.899230374503641e-03 -9.408198297317692e-04 -1.007677542862853e+00
63 15 -1.000280898380866e+00 -1.899629491930825e-03 -9.408705497947732e-04 -1.007675455988309e+00
63 16 -1.000281193509056e+00 -1.899933784379342e-03 -9.409913558585262e-04 -1.007673655247966e+00
63 17 -1.000281458422689e+00 -1.900142165214262e-03 -9.411748993696741e-04 -1.007672153871914e+00
63 18 -1.000281690510608e+00 -1.900254300117541e-03 -9.414135604442511e-04 -1.007670962896258e+00
63 19 -1.000281887261530e+00 -1.900270529946805e-03 -9.416997243547120e-04 -1.007670091250048e+00
63 20 -1.000282046295159e+00 -1.900191793742058e-03 -9.420260651988666e-04 -1.007669545823049e+00
63 21 -1.000282165404202e+00 -1.900019560659809e-03 -9.423858197309946e-04 -1.007669331492881e+00
63 22 -1.000282242606827e+00 -1.899755779529906e-03 -9.427730287351161e-04 -1.007669451094135e+00
63 23 -1.000282276207219e+00 -1.899402851838233e-03 -9.431827228871691e-04 -1.007669905323738e+00
63 24 -1.000282264859547e+00 -1.898963627370458e-03 -9.436110378968678e-04 -1.007670692597297e+00
63 25 -1.000282207629315e+00 -1.898441415344068e-03 -9.440552570666940e-04 -1.007671808887875e+00
63 26 -1.000282104047095e+00 -1.897840002058087e-03 -9.445137906011023e-04 -1.007673247578856e+00
63 27 -1.000281954152022e+00 -1.897163668494515e-03 -9.449861047426266e-04 -1.007674999350262e+00
63 28 -1.000281758524111e+00 -1.896417204179872e-03 -9.454726110751843e-04 -1.007677052106580e+00
63 29 -1.000281518305146e+00 -1.895605915512565e-03 -9.459745207595192e-04 -1.007679390948385e+00
63 30 -1.000281235208400e+00 -1.894735629159693e-03 -9.464936621404327e-04 -1.007681998183990e+00
63 31 -1.000280911518014e+00 -1.893812693945822e-03 -9.470322549409374e-04 -1.007684853370197e+00
63 32 -1.000280550078604e+00 -1.892843984979205e-03 -9.475926342949138e-04 -1.007687933371636e+00
63 33 -1.000280154274444e+00 -1.891836910178249e-03 -9.481769267187698e-04 -1.007691212439163e+00
63 34 -1.000279727996896e+00 -1.890799414718221e-03 -9.487866952277868e-04 -1.007694662319185e+00
63 35 -1.000279275599792e+00 -1.889739976945721e-03 -9.494225839482419e-04 -1.007698252406367e+00
63 36 -1.000278801844426e+00 -1.888667590383652e-03 -9.500839969508535e-04 -1.007701949943980e+00
63 37 -1.000278311836950e+00 -1.887591728399311e-03 -9.507688412800262e-04 -1.007705720269275e+00
63 38 -1.000277810960656e+00 -1.886522289685952e-03 -9.514733541161339e-04 -1.007709527099924e+00
63 39 -1.000277304804640e+00 -1.885469524303583e-03 -9.521920220512597e-04 -1.007713332858486e+00
63 40 -1.000276799089464e+00 -1.884443941786914e-03 -9.529175889385553e-04 -1.007717099031969e+00
63 41 -1.000276299589846e+00 -1.883456203987154e-03 -9.536411411305651e-04 -1.007720786563884e+00
63 42 -1.000275812054251e+00 -1.882517005229541e-03 -9.543522586623615e-04 -1.007724356277649e+00
63 43 -1.000275342121548e+00 -1.881636941075668e-03 -9.550392275220487e-04 -1.007727769332124e+00
63 44 -1.000274895235581e+00 -1.880826365011794e-03 -9.556893157758106e-04 -1.007730987711678e+00
63 45 -1.000274476559274e+00 -1.880095230973628e-03 -9.562891183720954e-04 -1.007733974753585e+00
63 46 -1.000274090890473e+00 -1.879452920392277e-03 -9.568249699064528e-04 -1.007736695711860e+00
63 47 -1.000273742582176e+00 -1.878908055693423e-03 -9.572834144732026e-04 -1.007739118348309e+00
63 48 -1.000273435469762e+00 -1.878468306021253e-03 -9.576517111534610e-04 -1.007741213532945e+00
63 49 -1.000273172807262e+00 -1.878140193534008e-03 -9.579183452905056e-04 -1.007742955831321e+00
63 50 -1.000272957214409e+00 -1.877928910368990e-03 -9.580735111503456e-04 -1.007744324052973e+00
63 51 -1.000272790636747e+00 -1.877838158415156e-03 -9.581095328182294e-04 -1.007745301728430e+00
63 52 -1.000272674321961e+00 -1.877870025006367e-03 -9.580211982129789e-04 -1.007745877476502e+00
63 53 -1.000272608815411e+00 -1.878024904771689e-03 -9.578059935848702e-04 -1.007746045229446e+00
63 54 -1.000272593976000e+00 -1.878301471344545e-03 -9.574642376025403e-04 -1.007745804303014e+00
63 55 -1.000272629011160e+00 -1.878696696440319e-03 -9.569991206372774e-04 -1.007745159319434e+00
63 56 -1.000272712528077e+00 -1.879205911157138e-03 -9.564166553099781e-04 -1.007744120002758e+00
63 57 -1.000272842597283e+00 -1.879822904292800e-03 -9.557255412132441e-04 -1.007742700869174e+00
63 58 -1.000273016824055e+00 -1.880540052475546e-03 -9.549369433429011e-04 -1.007740920836827e+00
63 59 -1.000273232422799e+00 -1.881348476619395e-03 -9.540641832534759e-04 -1.007738802780195e+00
63 60 -1.000273486290552e+00 -1.882238219614594e-03 -9.531223467041415e-04 -1.007736373048547e+00
63 61 -1.000273775077403e+00 -1.883198440624918e-03 -9.521278218798861e-04 -1.007733660959325e+00
63 62 -1.000274095252928e+00 -1.884217620259447e-03 -9.510977946284430e-04 -1.007730698274109e+00
63 63 -1.000274443167955e+00 -1.885283768616745e-03 -9.500497354303132e-04 -1.007727518669490e+00
