1.638243874333360e-07
1.000000000000000e-12
1.000000000000000e-17
3.535872962499401e-01
1.935640241531244e-01
1.666666666666667e-02
-1.500017464083440e+00
1.901109735892602e-07
64
64
1.333333333333333e-02
1
0 0 -1.000275122492741e+00 -1.885894675449186e-03 -9.524255993143401e-04 -1.007724216553831e+00
0 1 -1.000275514308630e+00 -1.887021252043274e-03 -9.513814040883159e-04 -1.007720708353777e+00
0 2 -1.000275921775939e+00 -1.888155443692239e-03 -9.503713808534259e-04 -1.007717098435948e+00
0 3 -1.000276341269173e+00 -1.889285217085836e-03 -9.494099839418114e-04 -1.007713423244806e+00
0 4 -1.000276769253633e+00 -1.890398942886178e-03 -9.485100814257925e-04 -1.007709718842401e+00
0 5 -1.000277202296845e+00 -1.891485515404854e-03 -9.476827572569655e-04 -1.007706020589569e+00
0 6 -1.000277637070194e+00 -1.892534457336482e-03 -9.469371592367091e-04 -1.007702362863622e+00
0 7 -1.000278070343065e+00 -1.893536010174722e-03 -9.462803948328064e-04 -1.007698778805586e+00
0 8 -1.000278498972696e+00 -1.894481210140914e-03 -9.457174826423553e-04 -1.007695300090832e+00
0 9 -1.000278919892666e+00 -1.895361948325396e-03 -9.452513675304102e-04 -1.007691956722724e+00
0 10 -1.000279330102243e+00 -1.896171014133677e-03 -9.448830010601572e-04 -1.007688776852412e+00
0 11 -1.000279726658387e+00 -1.896902123439326e-03 -9.446114794259294e-04 -1.007685786624792e+00
0 12 -1.000280106671542e+00 -1.897549934381711e-03 -9.444342241849914e-04 -1.007683010047597e+00
0 13 -1.000280467304823e+00 -1.898110052295547e-03 -9.443471895089397e-04 -1.007680468885346e+00
0 14 -1.000280805775144e+00 -1.898579022431476e-03 -9.443450826748477e-04 -1.007678182587318e+00
0 15 -1.000281119355263e+00 -1.898954307959031e-03 -9.444215903186524e-04 -1.007676168258667e+00
0 16 -1.000281405377289e+00 -1.899234251570192e-03 -9.445696101997428e-04 -1.007674440676291e+00
0 17 -1.000281661239342e+00 -1.899418020269154e-03 -9.447814942899029e-04 -1.007673012344351e+00
0 18 -1.000281884417330e+00 -1.899505534767234e-03 -9.450493098213306e-04 -1.007671893579760e+00
0 19 -1.000282072484217e+00 -1.899497388603769e-03 -9.453651186175173e-04 -1.007671092609822e+00
0 20 -1.000282223139470e+00 -1.899394766504613e-03 -9.457212648360255e-04 -1.007670615653681e+00
0 21 -1.000282334250522e+00 -1.899199373077667e-03 -9.461106527869666e-04 -1.007670466957761e+00
0 22 -1.000282403905408e+00 -1.898913380321423e-03 -9.465269927212542e-04 -1.007670648768176e+00
0 23 -1.000282430473091e+00 -1.898539397765290e-03 -9.469649933356603e-04 -1.007671161241485e+00
0 24 -1.000282412666581e+00 -1.898080464611760e-03 -9.474204853272133e-04 -1.007672002308915e+00
0 25 -1.000282349603882e+00 -1.897540059132392e-03 -9.478904708678372e-04 -1.007673167517747e+00
0 26 -1.000282240862105e+00 -1.896922117174486e-03 -9.483731060182170e-04 -1.007674649878845e+00
0 27 -1.000282086521189e+00 -1.896231051138709e-03 -9.488676302025304e-04 -1.007676439747165e+00
0 28 -1.000281887195677e+00 -1.895471764106341e-03 -9.493742552294578e-04 -1.007678524749179e+00
0 29 -1.000281644055119e+00 -1.894649658264383e-03 -9.498940191442195e-04 -1.007680889755663e+00
0 30 -1.000281358834164e+00 -1.893770639257853e-03 -9.504286032787055e-04 -1.007683516890995e+00
0 31 -1.000281033832648e+00 -1.892841118654376e-03 -9.509801070682950e-04 -1.007686385571353e+00
0 32 -1.000280671905252e+00 -1.891868016806476e-03 -9.515507752382113e-04 -1.007689472566797e+00
0 33 -1.000280276440177e+00 -1.890858767354768e-03 -9.521426779501238e-04 -1.007692752085083e+00
0 34 -1.000279851326383e+00 -1.889821321117249e-03 -9.527573576141314e-04 -1.007696195881953e+00
0 35 -1.000279400909243e+00 -1.888764143148106e-03 -9.533954711337775e-04 -1.007699773409725e+00
0 36 -1.000278929935595e+00 -1.887696196140483e-03 -9.540564638964708e-04 -1.007703452014004e+00
0 37 -1.000278443490803e+00 -1.886626906287236e-03 -9.547383074240917e-04 -1.007707197177832e+00
0 38 -1.000277946930985e+00 -1.885566110448654e-03 -9.554373208972247e-04 -1.007710972806224e+00
0 39 -1.000277445812128e+00 -1.884523984049581e-03 -9.561480847533599e-04 -1.007714741547644e+00
0 40 -1.000276945816201e+00 -1.883510949766552e-03 -9.568634446365789e-04 -1.007718465153633e+00
0 41 -1.000276452673852e+00 -1.882537569388264e-03 -9.575745962111565e-04 -1.007722104875236e+00
0 42 -1.000275972083797e+00 -1.881614422756029e-03 -9.582712384927251e-04 -1.007725621891143e+00
0 43 -1.000275509629266e+00 -1.880751975825285e-03 -9.589417881565482e-04 -1.007728977765987e+00
0 44 -1.000275070692180e+00 -1.879960436643980e-03 -9.595736560033549e-04 -1.007732134943403e+00
0 45 -1.000274660366676e+00 -1.879249597352961e-03 -9.601535906854729e-04 -1.007735057276485e+00
0 46 -1.000274283374962e+00 -1.878628662428836e-03 -9.606680894985719e-04 -1.007737710589460e+00
0 47 -1.000273943988601e+00 -1.878106065503171e-03 -9.611038654528943e-04 -1.007740063259152e+00
0 48 -1.000273645957282e+00 -1.877689278507478e-03 -9.614483499546602e-04 -1.007742086804385e+00
0 49 -1.000273392446409e+00 -1.877384619673227e-03 -9.616902029792047e-04 -1.007743756466828e+00
0 50 -1.000273185985307e+00 -1.877197071286035e-03 -9.618197972885439e-04 -1.007745051754829e+00
0 51 -1.000273028428675e+00 -1.877130120902585e-03 -9.618296425173075e-04 -1.007745956912599e+00
0 52 -1.000272920934076e+00 -1.877185638619219e-03 -9.617147221232048e-04 -1.007746461278849e+00
0 53 -1.000272863957721e+00 -1.877363799155619e-03 -9.614727294992206e-04 -1.007746559508437e+00
0 54 -1.000272857270023e+00 -1.877663053170846e-03 -9.611042021411912e-04 -1.007746251641996e+00
0 55 -1.000272899990919e+00 -1.878080147740362e-03 -9.606125593005694e-04 -1.007745543022662e+00
0 56 -1.000272990642627e+00 -1.878610191430096e-03 -9.600040492093881e-04 -1.007744444076679e+00
0 57 -1.000273127215274e+00 -1.879246756716031e-03 -9.592876097994717e-04 -1.007742969987677e+00
0 58 -1.000273307240050e+00 -1.879982012986963e-03 -9.584746441311375e-04 -1.007741140295114e+00
0 59 -1.000273527865144e+00 -1.880806885384831e-03 -9.575787104432119e-04 -1.007738978439340e+00
0 60 -1.000273785930802e+00 -1.881711235434552e-03 -9.566151298445523e-04 -1.007736511269087e+00
0 61 -1.000274078040901e+00 -1.882684058258959e-03 -9.556005240440401e-04 -1.007733768525052e+00
0 62 -1.000274400629609e+00 -1.883713689690251e-03 -9.545523083381670e-04 -1.007730782311774e+00
0 63 -1.000274750022635e+00 -1.884788015624752e-03 -9.534881745654687e-04 -1.007727586568782e+00
1 0 -1.000275505697673e+00 -1.885496795190954e-03 -9.555508780967608e-04 -1.007724009724516e+00
1 1 -1.000275897313040e+00 -1.886626541943207e-03 -9.544967378569629e-04 -1.007720500778030e+00
1 2 -1.000276303582338e+00 -1.887761371862204e-03 -9.534794408476852e-04 -1.007716898126475e+00
1 3 -1.000276720890843e+00 -1.888889234667938e-03 -9.525135424524180e-04 -1.007713238130362e+00
1 4 -1.000277145724825e+00 -1.889998511462204e-03 -9.516119820569059e-04 -1.007709556682846e+00
1 5 -1.000277574683730e+00 -1.891078135864462e-03 -9.507858830462321e-04 -1.007705888888777e+00
1 6 -1.000278004481963e+00 -1.892117699141661e-03 -9.500444008792067e-04 -1.007702268783601e+00
1 7 -1.000278431942317e+00 -1.893107539701055e-03 -9.493946204702125e-04 -1.007698729086275e+00
1 8 -1.000278853984531e+00 -1.894038817413886e-03 -9.488415090113729e-04 -1.007695300978045e+00
1 9 -1.000279267612230e+00 -1.894903571885682e-03 -9.483879313478414e-04 -1.007692013905068e+00
1 10 -1.000279669900659e+00 -1.895694763440344e-03 -9.480347299929677e-04 -1.007688895408539e+00
1 11 -1.000280057987163e+00 -1.896406298093590e-03 -9.477808627569400e-04 -1.007685970982339e+00
1 12 -1.000280429065886e+00 -1.897033040123360e-03 -9.476235835552009e-04 -1.007683263952800e+00
1 13 -1.000280780386487e+00 -1.897570814284497e-03 -9.475586505478955e-04 -1.007680795380373e+00
1 14 -1.000281109255092e+00 -1.898016395989296e-03 -9.475805492502535e-04 -1.007678583993492e+00
1 15 -1.000281413036006e+00 -1.898367486482249e-03 -9.476827233297373e-04 -1.007676646165834e+00
1 16 -1.000281689154623e+00 -1.898622671675443e-03 -9.478578114285592e-04 -1.007674995938336e+00
1 17 -1.000281935103330e+00 -1.898781364776576e-03 -9.480978940771511e-04 -1.007673645079616e+00
1 18 -1.000282148452393e+00 -1.898843733821418e-03 -9.483947569887322e-04 -1.007672603175955e+00
1 19 -1.000282326868152e+00 -1.898810618516263e-03 -9.487401718334880e-04 -1.007671877735019e+00
1 20 -1.000282468141347e+00 -1.898683445933128e-03 -9.491261850996294e-04 -1.007671474274865e+00
1 21 -1.000282570227658e+00 -1.898464156707400e-03 -9.495453969229234e-04 -1.007671396366686e+00
1 22 -1.000282631299630e+00 -1.898155150133902e-03 -9.499912088428904e-04 -1.007671645614050e+00
1 23 -1.000282649806194e+00 -1.897759251417926e-03 -9.504580206966004e-04 -1.007672221571212e+00
1 24 -1.000282624534921e+00 -1.897279700717352e-03 -9.509413608917059e-04 -1.007673121614712e+00
1 25 -1.000282554672262e+00 -1.896720160391747e-03 -9.514379428396641e-04 -1.007674340788905e+00
1 26 -1.000282439857252e+00 -1.896084732855511e-03 -9.519456524668807e-04 -1.007675871653478e+00
1 27 -1.000282280224870e+00 -1.895377979684853e-03 -9.524634804247396e-04 -1.007677704162408e+00
1 28 -1.000282076437379e+00 -1.894604935945200e-03 -9.529914119502903e-04 -1.007679825590666e+00
1 29 -1.000281829704398e+00 -1.893771119032756e-03 -9.535302801028710e-04 -1.007682220506479e+00
1 30 -1.000281541792919e+00 -1.892882533680627e-03 -9.540815816822995e-04 -1.007684870779766e+00
1 31 -1.000281215027364e+00 -1.891945674376414e-03 -9.546472523332783e-04 -1.007687755621275e+00
1 32 -1.000280852278967e+00 -1.890967526710995e-03 -9.552293969333761e-04 -1.007690851649066e+00
1 33 -1.000280456944101e+00 -1.889955569637019e-03 -9.558299751283245e-04 -1.007694132977862e+00
1 34 -1.000280032911383e+00 -1.888917777796154e-03 -9.564504533341905e-04 -1.007697571332193e+00
1 35 -1.000279584517376e+00 -1.887862618080022e-03 -9.570914500513642e-04 -1.007701136194868e+00
1 36 -1.000279116491602e+00 -1.886799033078631e-03 -9.577524101266468e-04 -1.007704795002895e+00
1 37 -1.000278633893587e+00 -1.885736407525921e-03 -9.584313396928537e-04 -1.007708513390526e+00
1 38 -1.000278142045367e+00 -1.884684517070923e-03 -9.591246222870951e-04 -1.007712255470811e+00
1 39 -1.000277646461208e+00 -1.883653458335864e-03 -9.598269260347594e-04 -1.007715984153129e+00
1 40 -1.000277152774213e+00 -1.882653558884073e-03 -9.605312028160876e-04 -1.007719661501528e+00
1 41 -1.000276666659237e+00 -1.881695268853430e-03 -9.612287713745874e-04 -1.007723249133742e+00
1 42 -1.000276193752444e+00 -1.880789039078221e-03 -9.619094712453678e-04 -1.007726708652643e+00
1 43 -1.000275739568023e+00 -1.879945188693242e-03 -9.625618783955078e-04 -1.007730002105999e+00
1 44 -1.000275309412501e+00 -1.879173760882621e-03 -9.631735828606729e-04 -1.007733092480175e+00
1 45 -1.000274908298191e+00 -1.878484364750391e-03 -9.637315327391396e-04 -1.007735944231295e+00
1 46 -1.000274540859231e+00 -1.877886004526113e-03 -9.642224430275464e-04 -1.007738523844634e+00
1 47 -1.000274211273849e+00 -1.877386899395371e-03 -9.646332578037274e-04 -1.007740800407440e+00
1 48 -1.000273923194817e+00 -1.876994296960696e-03 -9.649516465290528e-04 -1.007742746185212e+00
1 49 -1.000273679688809e+00 -1.876714285111090e-03 -9.651665090556741e-04 -1.007744337189975e+00
1 50 -1.000273483186171e+00 -1.876551612486393e-03 -9.652684574095343e-04 -1.007745553714089e+00
1 51 -1.000273335443763e+00 -1.876509531805013e-03 -9.652502397325007e-04 -1.007746380790191e+00
1 52 -1.000273237523595e+00 -1.876589678914198e-03 -9.651070783351509e-04 -1.007746808540904e+00
1 53 -1.000273189789185e+00 -1.876791995858777e-03 -9.648369073990883e-04 -1.007746832394146e+00
1 54 -1.000273191921126e+00 -1.877114702493960e-03 -9.644405081885369e-04 -1.007746453149269e+00
1 55 -1.000273242952400e+00 -1.877554317768823e-03 -9.639215457941965e-04 -1.007745676889533e+00
1 56 -1.000273341321685e+00 -1.878105727017668e-03 -9.632865130037948e-04 -1.007744514754313e+00
1 57 -1.000273484940119e+00 -1.878762287569146e-03 -9.625445864236937e-04 -1.007742982601732e+00
1 58 -1.000273671265922e+00 -1.879515965010347e-03 -9.617073979012100e-04 -1.007741100594933e+00
1 59 -1.000273897381937e+00 -1.880357495103675e-03 -9.607887222338955e-04 -1.007738892735536e+00
1 60 -1.000274160072175e+00 -1.881276567283513e-03 -9.598040844107788e-04 -1.007736386360511e+00
1 61 -1.000274455894379e+00 -1.882262024001822e-03 -9.587702985510831e-04 -1.007733611618181e+00
1 62 -1.000274781246852e+00 -1.883302068806849e-03 -9.577049627615889e-04 -1.007730600937464e+00
1 63 -1.000275132429272e+00 -1.884384476071624e-03 -9.566259427626203e-04 -1.007727388499975e+00
2 0 -1.000275943687965e+00 -1.885177038073530e-03 -9.583938588357060e-04 -1.007723604837589e+00
2 1 -1.000276335984287e+00 -1.886311834614552e-03 -9.573286745899360e-04 -1.007720088967359e+00
2 2 -1.000276741926118e+00 -1.887449188062044e-03 -9.563030871279429e-04 -1.007716487449819e+00
2 3 -1.000277157900602e+00 -1.888577015036701e-03 -9.553317581260691e-04 -1.007712836616176e+00
2 4 -1.000277580405972e+00 -1.889683690761048e-03 -9.544277018740929e-04 -1.007709172245908e+00
2 5 -1.000278006064603e+00 -1.890758171668079e-03 -9.536020829224579e-04 -1.007705529243511e+00
2 6 -1.000278431625147e+00 -1.891790100889326e-03 -9.528640644518415e-04 -1.007701941358411e+00
2 7 -1.000278853955566e+00 -1.892769897176094e-03 -9.522207073982304e-04 -1.007698440942159e+00
2 8 -1.000279270030641e+00 -1.893688828100999e-03 -9.516769248693459e-04 -1.007695058733754e+00
2 9 -1.000279676917449e+00 -1.894539066542833e-03 -9.512354984112721e-04 -1.007691823670882e+00
2 10 -1.000280071761425e+00 -1.895313729021275e-03 -9.508971585188362e-04 -1.007688762730778e+00
2 11 -1.000280451775325e+00 -1.896006897571520e-03 -9.506607225095377e-04 -1.007685900799167e+00
2 12 -1.000280814232820e+00 -1.896613629471596e-03 -9.505232753545225e-04 -1.007683260559639e+00
2 13 -1.000281156466656e+00 -1.897129956988333e-03 -9.504803783730907e-04 -1.007680862402580e+00
2 14 -1.000281475869374e+00 -1.897552875029970e-03 -9.505262946697318e-04 -1.007678724365104e+00
2 15 -1.000281769894821e+00 -1.897880313613923e-03 -9.506542242935790e-04 -1.007676862113925e+00
2 16 -1.000282036060655e+00 -1.898111094235692e-03 -9.508565461680900e-04 -1.007675288972250e+00
2 17 -1.000282271953579e+00 -1.898244870485554e-03 -9.511250692622143e-04 -1.007674015984366e+00
2 18 -1.000282475239313e+00 -1.898282053643849e-03 -9.514512987386664e-04 -1.007673052010243e+00
2 19 -1.000282643679704e+00 -1.898223727289182e-03 -9.518267184688136e-04 -1.007672403835101e+00
2 20 -1.000282775159986e+00 -1.898071560610001e-03 -9.522430808287657e-04 -1.007672076265053e+00
2 21 -1.000282867728360e+00 -1.897827732302365e-03 -9.526926860973188e-04 -1.007672072176659e+00
2 22 -1.000282919647025e+00 -1.897494873253648e-03 -9.531686315482339e-04 -1.007672392503443e+00
2 23 -1.000282929450869e+00 -1.897076031030622e-03 -9.536650117401331e-04 -1.007673036161929e+00
2 24 -1.000282896008951e+00 -1.896574656163757e-03 -9.541770543377118e-04 -1.007673999930008e+00
2 25 -1.000282818584082e+00 -1.895994607340897e-03 -9.547011828109633e-04 -1.007675278296643e+00
2 26 -1.000282696885924e+00 -1.895340168167528e-03 -9.552350091704533e-04 -1.007676863311025e+00
2 27 -1.000282531113747e+00 -1.894616065861958e-03 -9.557772694316339e-04 -1.007678744461954e+00
2 28 -1.000282321987215e+00 -1.893827485590182e-03 -9.563277146619018e-04 -1.007680908604548e+00
2 29 -1.000282070766017e+00 -1.892980079644617e-03 -9.568869637005532e-04 -1.007683339932298e+00
2 30 -1.000281779259565e+00 -1.892079972758279e-03 -9.574563178760668e-04 -1.007686019985979e+00
2 31 -1.000281449826721e+00 -1.891133764108052e-03 -9.580375359989025e-04 -1.007688927695381e+00
2 32 -1.000281085364809e+00 -1.890148527149215e-03 -9.586325672955352e-04 -1.007692039450780e+00
2 33 -1.000280689287594e+00 -1.889131809644061e-03 -9.592432421298562e-04 -1.007695329198016e+00
2 34 -1.000280265492122e+00 -1.888091633815062e-03 -9.598709300022514e-04 -1.007698768556313e+00
2 35 -1.000279818314207e+00 -1.887036491374343e-03 -9.605161892780914e-04 -1.007702326969582e+00
2 36 -1.000279352473315e+00 -1.885975326397843e-03 -9.611784427575506e-04 -1.007705971903183e+00
2 37 -1.000278873009643e+00 -1.884917502288695e-03 -9.618557106350204e-04 -1.007709669085680e+00
2 38 -1.000278385216889e+00 -1.883872751941540e-03 -9.625444221667674e-04 -1.007713382787572e+00
2 39 -1.000277894572378e+00 -1.882851109415436e-03 -9.632393173018271e-04 -1.007717076136222e+00
2 40 -1.000277406664114e+00 -1.881862821055549e-03 -9.639334408097827e-04 -1.007720711473266e+00
2 41 -1.000276927114165e+00 -1.880918237559053e-03 -9.646182223445796e-04 -1.007724250754264e+00
2 42 -1.000276461498633e+00 -1.880027691892524e-03 -9.652836300664554e-04 -1.007727655981578e+00
2 43 -1.000276015264665e+00 -1.879201366216088e-03 -9.659183881885456e-04 -1.007730889666025e+00
2 44 -1.000275593644833e+00 -1.878449146848273e-03 -9.665102569905627e-04 -1.007733915322531e+00
2 45 -1.000275201570652e+00 -1.877780466037460e-03 -9.670463775951362e-04 -1.007736698001423e+00
2 46 -1.000274843589016e+00 -1.877204132547270e-03 -9.675136788298945e-04 -1.007739204843771e+00
2 47 -1.000274523785414e+00 -1.876728154421565e-03 -9.678993350028027e-04 -1.007741405645491e+00
2 48 -1.000274245715800e+00 -1.876359556230620e-03 -9.681912566940504e-04 -1.007743273422048e+00
2 49 -1.000274012347617e+00 -1.876104194753872e-03 -9.683785906312964e-04 -1.007744784964455e+00
2 50 -1.000273826011270e+00 -1.875966582794505e-03 -9.684521979027537e-04 -1.007745921361221e+00
2 51 -1.000273688364505e+00 -1.875949735089299e-03 -9.684050766160997e-04 -1.007746668447672e+00
2 52 -1.000273600372135e+00 -1.876055048947982e-03 -9.682327008488606e-04 -1.007747017147444e+00
2 53 -1.000273562302901e+00 -1.876282228062824e-03 -9.679332602071854e-04 -1.007746963682297e+00
2 54 -1.000273573745110e+00 -1.876629254648250e-03 -9.675077960520162e-04 -1.007746509634140e+00
2 55 -1.000273633641963e+00 -1.877092411741508e-03 -9.669602371712507e-04 -1.007745661852597e+00
2 56 -1.000273740345170e+00 -1.877666352360006e-03 -9.662973404093821e-04 -1.007744432220024e+00
2 57 -1.000273891682571e+00 -1.878344207880572e-03 -9.655285421342500e-04 -1.007742837304150e+00
2 58 -1.000274085034157e+00 -1.879117727828302e-03 -9.646657247253393e-04 -1.007740897931839e+00
2 59 -1.000274317411318e+00 -1.879977445537354e-03 -9.637229004509188e-04 -1.007738638709213e+00
2 60 -1.000274585534981e+00 -1.880912864753567e-03 -9.627158171715615e-04 -1.007736087507252e+00
2 61 -1.000274885909188e+00 -1.881912660936090e-03 -9.616614980622911e-04 -1.007733274930690e+00
2 62 -1.000275214888275e+00 -1.882964890456486e-03 -9.605777380601712e-04 -1.007730233784039e+00
2 63 -1.000275568737558e+00 -1.884057201266214e-03 -9.594825879309864e-04 -1.007726998542683e+00
3 0 -1.000276431829551e+00 -1.884939061720258e-03 -9.609265054899227e-04 -1.007723004507610e+00
3 1 -1.000276825688398e+00 -1.886080753157273e-03 -9.598492256288839e-04 -1.007719475569846e+00
3 2 -1.000277232183811e+00 -1.887222505979530e-03 -9.588143475150699e-04 -1.007715869006351e+00
3 3 -1.000277647695912e+00 -1.888352188123774e-03 -9.578366439592675e-04 -1.007712221172957e+00
3 4 -1.000278068725724e+00 -1.889458152551191e-03 -9.569292080223102e-04 -1.007708567791740e+00
3 5 -1.000278491909131e+00 -1.890529361280062e-03 -9.561032481592191e-04 -1.007704943625677e+00
3 6 -1.000278914019689e+00 -1.891555491694318e-03 -9.553679365684476e-04 -1.007701382197878e+00
3 7 -1.000279331961646e+00 -1.892527025428739e-03 -9.547303099382517e-04 -1.007697915551023e+00
3 8 -1.000279742756593e+00 -1.893435320493607e-03 -9.541952259548277e-04 -1.007694574038813e+00
3 9 -1.000280143527487e+00 -1.894272665827143e-03 -9.537653813543416e-04 -1.007691386146217e+00
3 10 -1.000280531483186e+00 -1.895032317306837e-03 -9.534413935420633e-04 -1.007688378339954e+00
3 11 -1.000280903906037e+00 -1.895708517147189e-03 -9.532219388485729e-04 -1.007685574946641e+00
3 12 -1.000281258144316e+00 -1.896296500931461e-03 -9.531039334577762e-04 -1.007682998051326e+00
3 13 -1.000281591609574e+00 -1.896792494564945e-03 -9.530827428155868e-04 -1.007680667414948e+00
3 14 -1.000281901777082e+00 -1.897193699448811e-03 -9.531524092307006e-04 -1.007678600420399e+00
3 15 -1.000282186187388e+00 -1.897498262908544e-03 -9.533058908150859e-04 -1.007676812058926e+00
3 16 -1.000282442448643e+00 -1.897705232572107e-03 -9.535353081887273e-04 -1.007675314960204e+00
3 17 -1.000282668241130e+00 -1.897814494758791e-03 -9.538322003596324e-04 -1.007674119461556e+00
3 18 -1.000282861326252e+00 -1.897826697864521e-03 -9.541877945425601e-04 -1.007673233707796e+00
3 19 -1.000283019562703e+00 -1.897743165042208e-03 -9.545932908440256e-04 -1.007672663765436e+00
3 20 -1.000283140932779e+00 -1.897565805576959e-03 -9.550401529253682e-04 -1.007672413723455e+00
3 21 -1.000283223580805e+00 -1.897297036422747e-03 -9.555203876989043e-04 -1.007672485750123e+00
3 22 -1.000283265863029e+00 -1.896939722243482e-03 -9.560267951963645e-04 -1.007672880088026e+00
3 23 -1.000283266405478e+00 -1.896497137429341e-03 -9.565531711639996e-04 -1.007673594987389e+00
3 24 -1.000283224164872e+00 -1.895972950165612e-03 -9.570944472073236e-04 -1.007674626589842e+00
3 25 -1.000283138487534e+00 -1.895371225541690e-03 -9.576467591641489e-04 -1.007675968782757e+00
3 26 -1.000283009161645e+00 -1.894696440658874e-03 -9.582074451910773e-04 -1.007677613052185e+00
3 27 -1.000282836459250e+00 -1.893953502614786e-03 -9.587749847046619e-04 -1.007679548363850e+00
3 28 -1.000282621166480e+00 -1.893147762928213e-03 -9.593488906390381e-04 -1.007681761089657e+00
3 29 -1.000282364602604e+00 -1.892285026834790e-03 -9.599295617748534e-04 -1.007684234980321e+00
3 30 -1.000282068629042e+00 -1.891371558277786e-03 -9.605180964652893e-04 -1.007686951177042e+00
3 31 -1.000281735648517e+00 -1.890414081232662e-03 -9.611160672175355e-04 -1.007689888257138e+00
3 32 -1.000281368593727e+00 -1.889419778361677e-03 -9.617252552706637e-04 -1.007693022309887e+00
3 33 -1.000280970904949e+00 -1.888396288843457e-03 -9.623473459269319e-04 -1.007696327037612e+00
3 34 -1.000280546496320e+00 -1.887351705506735e-03 -9.629835930719372e-04 -1.007699773881029e+00
3 35 -1.000280099710861e+00 -1.886294567372508e-03 -9.636344745136018e-04 -1.007703332176300e+00
3 36 -1.000279635265303e+00 -1.885233841706246e-03 -9.642993699036468e-04 -1.007706969352946e+00
3 37 -1.000279158187342e+00 -1.884178891462999e-03 -9.649762926155110e-04 -1.007710651173809e+00
3 38 -1.000278673748478e+00 -1.883139426197218e-03 -9.656616980772307e-04 -1.007714342012624e+00
3 39 -1.000278187394240e+00 -1.882125434564850e-03 -9.663503807055634e-04 -1.007718005168652e+00
3 40 -1.000277704671745e+00 -1.881147096760279e-03 -9.670354627320648e-04 -1.007721603222511e+00
3 41 -1.000277231153910e+00 -1.880214677910766e-03 -9.677084701296265e-04 -1.007725098433499e+00
3 42 -1.000276772360037e+00 -1.879338406120075e-03 -9.683594853382293e-04 -1.007728453172774e+00
3 43 -1.000276333672954e+00 -1.878528338163633e-03 -9.689773671846972e-04 -1.007731630388598e+00
3 44 -1.000275920253445e+00 -1.877794213334157e-03 -9.695500339564232e-04 -1.007734594104692e+00
3 45 -1.000275536954147e+00 -1.877145295555296e-03 -9.700648092011574e-04 -1.007737309949681e+00
3 46 -1.000275188236618e+00 -1.876590205640900e-03 -9.705088270024939e-04 -1.007739745706861e+00
3 47 -1.000274878095273e+00 -1.876136746383377e-03 -9.708694864602263e-04 -1.007741871871201e+00
3 48 -1.000274609990313e+00 -1.875791722865521e-03 -9.711349380165689e-04 -1.007743662204655e+00
3 49 -1.000274386790403e+00 -1.875560762219066e-03 -9.712945779890672e-04 -1.007745094279022e+00
3 50 -1.000274210726107e+00 -1.875448141657521e-03 -9.713395219797784e-04 -1.007746149983348e+00
3 51 -1.000274083355859e+00 -1.875456637260512e-03 -9.712630253445212e-04 -1.007746815961978e+00
3 52 -1.000274005546588e+00 -1.875587405794437e-03 -9.710608230368382e-04 -1.007747083949410e+00
3 53 -1.000273977471012e+00 -1.875839909063004e-03 -9.707313712237454e-04 -1.007746950975327e+00
3 54 -1.000273998623486e+00 -1.876211886894521e-03 -9.702759843701913e-04 -1.007746419421386e+00
3 55 -1.000274067855376e+00 -1.876699380633999e-03 -9.696988696940744e-04 -1.007745496923310e+00
3 56 -1.000274183428775e+00 -1.877296803841863e-03 -9.690070647519356e-04 -1.007744196130011e+00
3 57 -1.000274343084717e+00 -1.877997053163507e-03 -9.682102842660448e-04 -1.007742534347488e+00
3 58 -1.000274544120525e+00 -1.878791651850646e-03 -9.673206808832259e-04 -1.007740533099791e+00
3 59 -1.000274783470803e+00 -1.879670919537314e-03 -9.663525238464356e-04 -1.007738217634963e+00
3 60 -1.000275057787151e+00 -1.880624162109942e-03 -9.653218019315073e-04 -1.007735616399140e+00
3 61 -1.000275363512859e+00 -1.881639875107995e-03 -9.642457631772875e-04 -1.007732760498017e+00
3 62 -1.000275696950696e+00 -1.882705954371756e-03 -9.631424125102830e-04 -1.007729683158455e+00
3 63 -1.000276054323706e+00 -1.883809907870098e-03 -9.620299962444216e-04 -1.007726419197537e+00
4 0 -1.000276964943007e+00 -1.884785718583823e-03 -9.631231377039367e-04 -1.007722213829117e+00
4 1 -1.000277361234835e+00 -1.885936091218331e-03 -9.620327879493812e-04 -1.007718665793148e+00
4 2 -1.000277769164209e+00 -1.887084085197394e-03 -9.609876630122321e-04 -1.007715048036464e+00
4 3 -1.000278185095468e+00 -1.888217504817155e-03 -9.600026511966905e-04 -1.007711396992437e+00
4 4 -1.000278605523192e+00 -1.889324664533531e-03 -9.590909284370438e-04 -1.007707748382416e+00
4 5 -1.000279027087151e+00 -1.890394514507587e-03 -9.582637506530908e-04 -1.007704136888114e+00
4 6 -1.000279446576077e+00 -1.891416748296582e-03 -9.575303014546669e-04 -1.007700595868348e+00
4 7 -1.000279860921013e+00 -1.892381892062770e-03 -9.568975943445460e-04 -1.007697157119289e+00
4 8 -1.000280267181298e+00 -1.893281375591051e-03 -9.563704319056448e-04 -1.007693850671745e+00
4 9 -1.000280662527340e+00 -1.894107585057529e-03 -9.559514264197306e-04 -1.007690704619632e+00
4 10 -1.000281044223832e+00 -1.894853897317994e-03 -9.556410829835574e-04 -1.007687744978063e+00
4 11 -1.000281409616062e+00 -1.895514697321062e-03 -9.554379382579291e-04 -1.007684995569247e+00
4 12 -1.000281756121065e+00 -1.896085382366823e-03 -9.553387417278348e-04 -1.007682477930540e+00
4 13 -1.000282081224012e+00 -1.896562356064684e-03 -9.553386660788536e-04 -1.007680211241105e+00
4 14 -1.000282382478430e+00 -1.896943011338756e-03 -9.554315367562759e-04 -1.007678212273128e+00
4 15 -1.000282657507979e+00 -1.897225699444516e-03 -9.556100740145730e-04 -1.007676495379891e+00
4 16 -1.000282904008688e+00 -1.897409682639145e-03 -9.558661439141829e-04 -1.007675072528329e+00
4 17 -1.000283119752786e+00 -1.897495070223763e-03 -9.561910191518600e-04 -1.007673953373149e+00
4 18 -1.000283302596823e+00 -1.897482739715142e-03 -9.565756533067788e-04 -1.007673145361427e+00
4 19 -1.000283450497021e+00 -1.897374247853124e-03 -9.570109683507579e-04 -1.007672653850214e+00
4 20 -1.000283561534576e+00 -1.897171740162048e-03 -9.574881463767082e-04 -1.007672482212133e+00
4 21 -1.000283633952727e+00 -1.896877870001584e-03 -9.579989093476877e-04 -1.007672631900299e+00
4 22 -1.000283666205387e+00 -1.896495735999236e-03 -9.585357691218899e-04 -1.007673102452079e+00
4 23 -1.000283657014248e+00 -1.896028841959407e-03 -9.590922314261512e-04 -1.007673891428724e+00
4 24 -1.000283605429165e+00 -1.895481078987152e-03 -9.596629393465101e-04 -1.007674994304086e+00
4 25 -1.000283510886273e+00 -1.894856726362274e-03 -9.602437467185455e-04 -1.007676404324694e+00
4 26 -1.000283373259285e+00 -1.894160464708855e-03 -9.608317213705387e-04 -1.007678112367814e+00
4 27 -1.000283192900739e+00 -1.893397393189465e-03 -9.614250876231903e-04 -1.007680106824274e+00
4 28 -1.000282970671645e+00 -1.892573043955810e-03 -9.620231198931891e-04 -1.007682373524879e+00
4 29 -1.000282707959727e+00 -1.891693391209297e-03 -9.626259947528380e-04 -1.007684895714996e+00
4 30 -1.000282406687432e+00 -1.890764855440811e-03 -9.632346036950591e-04 -1.007687654070803e+00
4 31 -1.000282069310347e+00 -1.889794303974063e-03 -9.638503270232105e-04 -1.007690626749489e+00
4 32 -1.000281698805491e+00 -1.888789048549486e-03 -9.644747693819289e-04 -1.007693789469378e+00
4 33 -1.000281298648431e+00 -1.887756840816595e-03 -9.651094589426693e-04 -1.007697115617929e+00
4 34 -1.000280872778804e+00 -1.886705865979434e-03 -9.657555182591100e-04 -1.007700576386623e+00
4 35 -1.000280425554769e+00 -1.885644732360766e-03 -9.664133259502439e-04 -1.007704140935342e+00
4 36 -1.000279961697772e+00 -1.884582452205310e-03 -9.670821983423396e-04 -1.007707776592223e+00
4 37 -1.000279486229935e+00 -1.883528409041651e-03 -9.677601216185244e-04 -1.007711449093018e+00
4 38 -1.000279004406807e+00 -1.882492308715865e-03 -9.684435576942766e-04 -1.007715122859151e+00
4 39 -1.000278521647614e+00 -1.881484112465908e-03 -9.691273368331148e-04 -1.007718761312673e+00
4 40 -1.000278043463413e+00 -1.880513950885395e-03 -9.698046412317454e-04 -1.007722327229566e+00
4 41 -1.000277575382246e+00 -1.879592018905672e-03 -9.704670766303620e-04 -1.007725783133709e+00
4 42 -1.000277122870363e+00 -1.878728453982970e-03 -9.711048237352223e-04 -1.007729091730355e+00
4 43 -1.000276691249565e+00 -1.877933200562198e-03 -9.717068600996814e-04 -1.007732216374950e+00
4 44 -1.000276285611888e+00 -1.877215862966944e-03 -9.722612463001296e-04 -1.007735121573287e+00
4 45 -1.000275910734034e+00 -1.876585547883811e-03 -9.727554735403729e-04 -1.007737773508343e+00
4 46 -1.000275570995008e+00 -1.876050697904270e-03 -9.731768685914834e-04 -1.007740140585224e+00
4 47 -1.000275270300595e+00 -1.875618918435172e-03 -9.735130460497675e-04 -1.007742193982385e+00
4 48 -1.000275012017245e+00 -1.875296800967778e-03 -9.737523906330064e-04 -1.007743908197637e+00
4 49 -1.000274798916448e+00 -1.875089747164407e-03 -9.738845462019697e-04 -1.007745261576833e+00
4 50 -1.000274633130098e+00 -1.875001801311998e-03 -9.739008838882654e-04 -1.007746236806217e+00
4 51 -1.000274516117949e+00 -1.875035502032878e-03 -9.737949198227225e-04 -1.007746821339511e+00
4 52 -1.000274448649120e+00 -1.875191765412299e-03 -9.735626553945039e-04 -1.007747007726089e+00
4 53 -1.000274430799918e+00 -1.875469810076939e-03 -9.732028206753510e-04 -1.007746793810596e+00
4 54 -1.000274461969942e+00 -1.875867131007242e-03 -9.727170124244994e-04 -1.007746182784398e+00
4 55 -1.000274540917406e+00 -1.876379524001101e-03 -9.721097275596395e-04 -1.007745183083018e+00
4 56 -1.000274665812819e+00 -1.877001157829837e-03 -9.713882978269856e-04 -1.007743808139899e+00
4 57 -1.000274834307708e+00 -1.877724687725789e-03 -9.705627318042166e-04 -1.007742076021417e+00
4 58 -1.000275043613199e+00 -1.878541402691501e-03 -9.696454693294314e-04 -1.007740008975113e+00
4 59 -1.000275290582587e+00 -1.879441399327199e-03 -9.686510539157303e-04 -1.007737632922125e+00
4 60 -1.000275571792604e+00 -1.880413775136816e-03 -9.675957315916965e-04 -1.007734976919759e+00
4 61 -1.000275883619417e+00 -1.881446834513333e-03 -9.664969895219340e-04 -1.007732072614103e+00
4 62 -1.000276222307294e+00 -1.882528301165196e-03 -9.653730543840996e-04 -1.007728953695875e+00
4 63 -1.000276584029625e+00 -1.883645530966463e-03 -9.642423775394385e-04 -1.007725655367513e+00
5 0 -1.000277537368147e+00 -1.884718995180606e-03 -9.649607413349306e-04 -1.007721240390590e+00
5 1 -1.000277936941277e+00 -1.885879752930752e-03 -9.638564553649687e-04 -1.007717667416351e+00
5 2 -1.000278347173227e+00 -1.887035771624194e-03 -9.628002001249554e-04 -1.007714032431046e+00
5 3 -1.000278764403990e+00 -1.888174777588591e-03 -9.618069834276599e-04 -1.007710371997315e+00
5 4 -1.000279185112581e+00 -1.889285031036806e-03 -9.608900681646921e-04 -1.007706721891776e+00
5 5 -1.000279605933033e+00 -1.890355453162423e-03 -9.600607616564160e-04 -1.007703116774887e+00
5 6 -1.000280023659290e+00 -1.891375735363090e-03 -9.593282623286792e-04 -1.007699589904702e+00
5 7 -1.000280435239131e+00 -1.892336429024942e-03 -9.586995632290559e-04 -1.007696172897043e+00
5 8 -1.000280837759874e+00 -1.893229015895015e-03 -9.581794140670638e-04 -1.007692895526785e+00
5 9 -1.000281228430266e+00 -1.894045959597036e-03 -9.577703447559296e-04 -1.007689785562366e+00
5 10 -1.000281604562523e+00 -1.894780738464331e-03 -9.574727505117070e-04 -1.007686868630447e+00
5 11 -1.000281963557301e+00 -1.895427860979120e-03 -9.572850316470639e-04 -1.007684168109675e+00
5 12 -1.000282302893533e+00 -1.895982867408453e-03 -9.572037755100889e-04 -1.007681705047926e+00
5 13 -1.000282620123963e+00 -1.896442321205120e-03 -9.572239676988385e-04 -1.007679498096682e+00
5 14 -1.000282912875194e+00 -1.896803790227476e-03 -9.573392230584781e-04 -1.007677563466200e+00
5 15 -1.000283178849610e+00 -1.897065814442556e-03 -9.575420303101959e-04 -1.007675914915288e+00
5 16 -1.000283415827541e+00 -1.897227856983313e-03 -9.578240071072547e-04 -1.007674563786286e+00
5 17 -1.000283621670650e+00 -1.897290238195269e-03 -9.581761659430107e-04 -1.007673519082702e+00
5 18 -1.000283794329392e+00 -1.897254054930507e-03 -9.585891932293414e-04 -1.007672787576983e+00
5 19 -1.000283931857518e+00 -1.897121089849591e-03 -9.590537401442505e-04 -1.007672373931474e+00
5 20 -1.000284032436140e+00 -1.896893718959835e-03 -9.595607157960901e-04 -1.007672280809768e+00
5 21 -1.000284094409360e+00 -1.896574828221612e-03 -9.601015670555035e-04 -1.007672508949758e+00
5 22 -1.000284116331692e+00 -1.896167748637190e-03 -9.606685283878499e-04 -1.007673057175219e+00
5 23 -1.000284097024382e+00 -1.895676214194906e-03 -9.612548265130513e-04 -1.007673922341520e+00
5 24 -1.000284035635103e+00 -1.895104342042498e-03 -9.618548262763980e-04 -1.007675099230011e+00
5 25 -1.000283931695226e+00 -1.894456631209641e-03 -9.624641081007640e-04 -1.007676580414307e+00
5 26 -1.000283785170220e+00 -1.893737973919180e-03 -9.630794759275771e-04 -1.007678356123400e+00
5 27 -1.000283596500140e+00 -1.892953671737897e-03 -9.636989035011856e-04 -1.007680414126931e+00
5 28 -1.000283366628511e+00 -1.892109449575465e-03 -9.643214297706167e-04 -1.007682739663087e+00
5 29 -1.000283097019576e+00 -1.891211464300966e-03 -9.649470107449594e-04 -1.007685315416112e+00
5 30 -1.000282789665218e+00 -1.890266308339865e-03 -9.655763309351434e-04 -1.007688121537116e+00
5 31 -1.000282447082502e+00 -1.889281009355709e-03 -9.662105761384472e-04 -1.007691135699306e+00
5 32 -1.000282072301297e+00 -1.888263026347261e-03 -9.668511695035847e-04 -1.007694333184141e+00
5 33 -1.000281668840728e+00 -1.887220242572769e-03 -9.674994738857174e-04 -1.007697686997632e+00
5 34 -1.000281240673997e+00 -1.886160955875091e-03 -9.681564683431736e-04 -1.007701168014670e+00
5 35 -1.000280792182295e+00 -1.885093865178035e-03 -9.688224163119545e-04 -1.007704745151003e+00
5 36 -1.000280328099302e+00 -1.884028049183407e-03 -9.694965522643794e-04 -1.007708385567464e+00
5 37 -1.000279853448423e+00 -1.882972932637070e-03 -9.701768157146438e-04 -1.007712054911621e+00
5 38 -1.000279373475495e+00 -1.881938237213283e-03 -9.708596555277547e-04 -1.007715717596739e+00
5 39 -1.000278893579262e+00 -1.880933915433889e-03 -9.715399185018696e-04 -1.007719337115685e+00
5 40 -1.000278419240128e+00 -1.879970066099387e-03 -9.722108280271266e-04 -1.007722876391522e+00
5 41 -1.000277955946039e+00 -1.879056830431923e-03 -9.728640516288770e-04 -1.007726298169503e+00
5 42 -1.000277509114353e+00 -1.878204270445544e-03 -9.734898506546925e-04 -1.007729565450850e+00
5 43 -1.000277084009744e+00 -1.877422232832754e-03 -9.740773032515666e-04 -1.007732641962900e+00
5 44 -1.000276685659408e+00 -1.876720201191126e-03 -9.746145935550971e-04 -1.007735492659624e+00
5 45 -1.000276318767922e+00 -1.876107138238067e-03 -9.750893623207732e-04 -1.007738084247380e+00
5 46 -1.000275987635205e+00 -1.875591319859557e-03 -9.754891130858220e-04 -1.007740385727073e+00
5 47 -1.000275696081568e+00 -1.875180163838728e-03 -9.758016629611987e-04 -1.007742368939180e+00
5 48 -1.000275447382722e+00 -1.874880056466445e-03 -9.760156209994392e-04 -1.007744009098811e+00
5 49 -1.000275244215709e+00 -1.874696180819620e-03 -9.761208719319986e-04 -1.007745285310545e+00
5 50 -1.000275088615852e+00 -1.874632353124238e-03 -9.761090392947207e-04 -1.007746181047586e+00
5 51 -1.000274981945571e+00 -1.874690877439471e-03 -9.759739000012123e-04 -1.007746684568090e+00
5 52 -1.000274924876990e+00 -1.874872430808257e-03 -9.757117239521907e-04 -1.007746789234606e+00
5 53 -1.000274917390474e+00 -1.875175989513863e-03 -9.753215185891404e-04 -1.007746493706969e+00
5 54 -1.000274958790875e+00 -1.875598803400656e-03 -9.748051681160300e-04 -1.007745801989503e+00
5 55 -1.000275047742647e+00 -1.876136420860496e-03 -9.741674666143569e-04 -1.007744723325237e+00
5 56 -1.000275182323464e+00 -1.876782762516398e-03 -9.734160498963141e-04 -1.007743271944131e+00
5 57 -1.000275360093473e+00 -1.877530237625035e-03 -9.725612322545143e-04 -1.007741466688430e+00
5 58 -1.000275578174934e+00 -1.878369895144918e-03 -9.716157540373824e-04 -1.007739330548714e+00
5 59 -1.000275833336160e+00 -1.879291601425027e-03 -9.705944471475099e-04 -1.007736890143939e+00
5 60 -1.000276122074322e+00 -1.880284237105892e-03 -9.695138286987668e-04 -1.007734175172279e+00
5 61 -1.000276440692945e+00 -1.881335906139000e-03 -9.683916372779787e-04 -1.007731217853565e+00
5 62 -1.000276785371598e+00 -1.882434150231047e-03 -9.672463313607260e-04 -1.007728052378560e+00
5 63 -1.000277152227243e+00 -1.883566162618455e-03 -9.660965752234552e-04 -1.007724714374223e+00
6 0 -1.000278143033764e+00 -1.884739959864815e-03 -9.664192758159965e-04 -1.007720094245404e+00
6 1 -1.000278546703647e+00 -1.885912701454456e-03 -9.653003258798384e-04 -1.007716490758386e+00
6 2 -1.000278960084014e+00 -1.887078446513351e-03 -9.642321588671859e-04 -1.007712832698501e+00
6 3 -1.000279379482320e+00 -1.888224829985401e-03 -9.632299056042066e-04 -1.007709156807153e+00
6 4 -1.000279801353192e+00 -1.889340042947109e-03 -9.623069197523483e-04 -1.007705498970315e+00
6 5 -1.000280222315438e+00 -1.890412961019849e-03 -9.614745642066886e-04 -1.007701893886383e+00
6 6 -1.000280639158115e+00 -1.891433255009424e-03 -9.607420566081052e-04 -1.007698374777232e+00
6 7 -1.000281048835315e+00 -1.892391481704741e-03 -9.601163738699820e-04 -1.007694973146831e+00
6 8 -1.000281448452103e+00 -1.893279154414194e-03 -9.596022168366758e-04 -1.007691718583606e+00
6 9 -1.000281835245870e+00 -1.894088793701118e-03 -9.592020368864526e-04 -1.007688638599096e+00
6 10 -1.000282206567257e+00 -1.894813958682059e-03 -9.589161236265773e-04 -1.007685758499290e+00
6 11 -1.000282559863779e+00 -1.895449260484527e-03 -9.587427465055121e-04 -1.007683101286221e+00
6 12 -1.000282892668519e+00 -1.895990361802617e-03 -9.586783377909364e-04 -1.007680687582516e+00
6 13 -1.000283202594971e+00 -1.896433966405773e-03 -9.587177042738453e-04 -1.007678535571378e+00
6 14 -1.000283487336821e+00 -1.896777798748143e-03 -9.588542589731512e-04 -1.007676660955591e+00
6 15 -1.000283744669866e+00 -1.897020570256964e-03 -9.590802678329310e-04 -1.007675076949777e+00
6 16 -1.000283972454239e+00 -1.897161929044246e-03 -9.593871087712745e-04 -1.007673794316864e+00
6 17 -1.000284168637706e+00 -1.897202392560697e-03 -9.597655427880105e-04 -1.007672821446838e+00
6 18 -1.000284331262619e+00 -1.897143265305728e-03 -9.602059979625974e-04 -1.007672164466601e+00
6 19 -1.000284458479386e+00 -1.896986546242056e-03 -9.606988638249080e-04 -1.007671827365162e+00
6 20 -1.000284548569188e+00 -1.896734834186891e-03 -9.612347864069037e-04 -1.007671812111202e+00
6 21 -1.000284599978228e+00 -1.896391242177504e-03 -9.618049486489561e-04 -1.007672118733235e+00
6 22 -1.000284611363954e+00 -1.895959330355549e-03 -9.624013200787474e-04 -1.007672745338448e+00
6 23 -1.000284581650338e+00 -1.895443061796756e-03 -9.630168614945875e-04 -1.007673688065563e+00
6 24 -1.000284510086694e+00 -1.894846780713684e-03 -9.636456721048155e-04 -1.007674940985844e+00
6 25 -1.000284396304212e+00 -1.894175209386910e-03 -9.642830700352940e-04 -1.007676495974758e+00
6 26 -1.000284240365624e+00 -1.893433457826450e-03 -9.649256045272150e-04 -1.007678342579401e+00
6 27 -1.000284042804813e+00 -1.892627038438457e-03 -9.655710061929287e-04 -1.007680467907762e+00
6 28 -1.000283804654628e+00 -1.891761878931080e-03 -9.662180846473808e-04 -1.007682856560452e+00
6 29 -1.000283527463067e+00 -1.890844330387149e-03 -9.668665803179991e-04 -1.007685490611536e+00
6 30 -1.000283213299190e+00 -1.889881170505487e-03 -9.675169742505254e-04 -1.007688349632865e+00
6 31 -1.000282864749621e+00 -1.888879602347265e-03 -9.681702592121563e-04 -1.007691410754873e+00
6 32 -1.000282484905129e+00 -1.887847248465808e-03 -9.688276756803328e-04 -1.007694648761120e+00
6 33 -1.000282077336205e+00 -1.886792141079086e-03 -9.694904167118087e-04 -1.007698036214178e+00
6 34 -1.000281646057293e+00 -1.885722709349667e-03 -9.701593094274892e-04 -1.007701543608719e+00
6 35 -1.000281195480249e+00 -1.884647762787050e-03 -9.708344894542467e-04 -1.007705139551165e+00
6 36 -1.000280730358337e+00 -1.883576467065029e-03 -9.715150932578584e-04 -1.007708790970851e+00
6 37 -1.000280255723062e+00 -1.882518308307786e-03 -9.721989953724586e-04 -1.007712463366600e+00
6 38 -1.000279776816890e+00 -1.881483043554533e-03 -9.728826124767000e-04 -1.007716121086851e+00
6 39 -1.000279299024119e+00 -1.880480635614455e-03 -9.735607886856922e-04 -1.007719727641493e+00
6 40 -1.000278827800174e+00 -1.879521169797229e-03 -9.742267694782718e-04 -1.007723246050092e+00
6 41 -1.000278368598061e+00 -1.878614750925061e-03 -9.748722650734947e-04 -1.007726639232937e+00
6 42 -1.000277926790965e+00 -1.877771382037562e-03 -9.754875980751622e-04 -1.007729870444563e+00
6 43 -1.000277507590999e+00 -1.877000828163148e-03 -9.760619271896402e-04 -1.007732903743454e+00
6 44 -1.000277115965060e+00 -1.876312467914905e-03 -9.765835394791014e-04 -1.007735704492563e+00
6 45 -1.000276756549982e+00 -1.875715134877763e-03 -9.770402047899827e-04 -1.007738239885466e+00
6 46 -1.000276433570764e+00 -1.875216951677552e-03 -9.774195843131380e-04 -1.007740479486689e+00
6 47 -1.000276150766295e+00 -1.874825160506954e-03 -9.777096808970098e-04 -1.007742395769842e+00
6 48 -1.000275911325479e+00 -1.874545953091986e-03 -9.778993141092928e-04 -1.007743964641377e+00
6 49 -1.000275717834444e+00 -1.874384302815320e-03 -9.779785991338654e-04 -1.007745165942841e+00
6 50 -1.000275572234796e+00 -1.874343804661083e-03 -9.779394050670326e-04 -1.007745983918090e+00
6 51 -1.000275475793809e+00 -1.874426533095012e-03 -9.777757658668452e-04 -1.007746407618155e+00
6 52 -1.000275429088306e+00 -1.874632929804965e-03 -9.774842183164663e-04 -1.007746431210347e+00
6 53 -1.000275432003937e+00 -1.874961731413536e-03 -9.770640469880017e-04 -1.007746054163986e+00
6 54 -1.000275483751492e+00 -1.875409944156738e-03 -9.765174248074941e-04 -1.007745281294118e+00
6 55 -1.000275582901765e+00 -1.875972869222123e-03 -9.758494463743148e-04 -1.007744122652853e+00
6 56 -1.000275727439177e+00 -1.876644178000506e-03 -9.750680571894383e-04 -1.007742593271716e+00
6 57 -1.000275914831472e+00 -1.877416031461061e-03 -9.741838848224238e-04 -1.007740712777508e+00
6 58 -1.000276142110205e+00 -1.878279234899519e-03 -9.732099792207966e-04 -1.007738504917017e+00
6 59 -1.000276405955912e+00 -1.879223419425716e-03 -9.721614709144636e-04 -1.007735997025123e+00
6 60 -1.000276702782468e+00 -1.880237242583547e-03 -9.710551587317015e-04 -1.007733219463577e+00
6 61 -1.000277028816154e+00 -1.881308600655543e-03 -9.699090424396748e-04 -1.007730205052716e+00
6 62 -1.000277380166458e+00 -1.882424845345766e-03 -9.687418200868780e-04 -1.007726988513867e+00
6 63 -1.000277752887869e+00 -1.883572998557988e-03 -9.675723744493707e-04 -1.007723605932414e+00
7 0 -1.000278775531737e+00 -1.884848722182597e-03 -9.674819707007273e-04 -1.007718787834393e+00
7 1 -1.000279184070472e+00 -1.886034919173157e-03 -9.663477973507033e-04 -1.007715148597848e+00
7 2 -1.000279601411501e+00 -1.887211987443628e-03 -9.652670681538206e-04 -1.007711461882224e+00
7 3 -1.000280023822068e+00 -1.888367458392024e-03 -9.642550395535674e-04 -1.007707764653776e+00
7 4 -1.000280447724010e+00 -1.889489439979695e-03 -9.633251595090179e-04 -1.007704092959490e+00
7 5 -1.000280869711669e+00 -1.890566746191424e-03 -9.624888510110750e-04 -1.007700481593762e+00
7 6 -1.000281286559180e+00 -1.891589009144819e-03 -9.617553561258801e-04 -1.007696963806571e+00
7 7 -1.000281695216466e+00 -1.892546771395466e-03 -9.611316410864042e-04 -1.007693571058631e+00
7 8 -1.000282092795816e+00 -1.893431557180150e-03 -9.606223633893814e-04 -1.007690332822677e+00
7 9 -1.000282476552985e+00 -1.894235922628808e-03 -9.602299016734461e-04 -1.007687276425292e+00
7 10 -1.000282843867149e+00 -1.894953485691334e-03 -9.599544464492231e-04 -1.007684426924318e+00
7 11 -1.000283192223401e+00 -1.895578938021288e-03 -9.597941439922849e-04 -1.007681807016685e+00
7 12 -1.000283519200514e+00 -1.896108042991133e-03 -9.597452806573410e-04 -1.007679436968168e+00
7 13 -1.000283822465103e+00 -1.896537623610246e-03 -9.598024949842280e-04 -1.007677334558190e+00
7 14 -1.000284099771001e+00 -1.896865540598099e-03 -9.599590095969019e-04 -1.007675515043051e+00
7 15 -1.000284348961164e+00 -1.897090657496675e-03 -9.602068793345044e-04 -1.007673991150276e+00
7 16 -1.000284567970209e+00 -1.897212789565918e-03 -9.605372538922870e-04 -1.007672773114633e+00
7 17 -1.000284754827844e+00 -1.897232635511194e-03 -9.609406540007843e-04 -1.007671868756289e+00
7 18 -1.000284907665338e+00 -1.897151693729416e-03 -9.614072603700114e-04 -1.007671283592568e+00
7 19 -1.000285024727917e+00 -1.896972167792969e-03 -9.619272118510492e-04 -1.007671020967691e+00
7 20 -1.000285104396162e+00 -1.896696869775101e-03 -9.624909029892501e-04 -1.007671082175934e+00
7 21 -1.000285145218943e+00 -1.896329132520697e-03 -9.630892656277556e-04 -1.007671466547990e+00
7 22 -1.000285145958269e+00 -1.895872740312592e-03 -9.637140184649725e-04 -1.007672171477363e+00
7 23 -1.000285105643247e+00 -1.895331882459170e-03 -9.643578710736181e-04 -1.007673192381608e+00
7 24 -1.000285023627910e+00 -1.894711129532629e-03 -9.650146714060603e-04 -1.007674522610390e+00
7 25 -1.000284899647116e+00 -1.894015428680318e-03 -9.656794887043021e-04 -1.007676153321960e+00
7 26 -1.000284733865564e+00 -1.893250111723261e-03 -9.663486295438752e-04 -1.007678073354737e+00
7 27 -1.000284526916403e+00 -1.892420908166448e-03 -9.670195918055362e-04 -1.007680269121606e+00
7 28 -1.000284279927834e+00 -1.891533956685063e-03 -9.676909646058065e-04 -1.007682724546793e+00
7 29 -1.000283994538161e+00 -1.890595812375977e-03 -9.683622804601441e-04 -1.007685421050624e+00
7 30 -1.000283672900645e+00 -1.889613449501515e-03 -9.690338236482542e-04 -1.007688337577598e+00
7 31 -1.000283317678827e+00 -1.888594259266312e-03 -9.697063991047638e-04 -1.007691450663328e+00
7 32 -1.000282932031824e+00 -1.887546041989270e-03 -9.703810672761357e-04 -1.007694734538307e+00
7 33 -1.000282519588887e+00 -1.886476994504654e-03 -9.710588505677291e-04 -1.007698161264022e+00
7 34 -1.000282084412993e+00 -1.885395694302710e-03 -9.717404192737874e-04 -1.007701700895362e+00
7 35 -1.000281630953814e+00 -1.884311079670142e-03 -9.724257720273150e-04 -1.007705321668740e+00
7 36 -1.000281163991186e+00 -1.883232422356275e-03 -9.731139339812305e-04 -1.007708990221198e+00
7 37 -1.000280688571501e+00 -1.882169289421523e-03 -9.738026982240191e-04 -1.007712671843074e+00
7 38 -1.000280209940339e+00 -1.881131492689360e-03 -9.744884311248160e-04 -1.007716330760498e+00
7 39 -1.000279733473664e+00 -1.880129024109275e-03 -9.751659554411993e-04 -1.007719930446105e+00
7 40 -1.000279264607657e+00 -1.879171973778547e-03 -9.758285196756067e-04 -1.007723433964797e+00
7 41 -1.000278808765864e+00 -1.878270428062268e-03 -9.764678569796291e-04 -1.007726804362912e+00
7 42 -1.000278371282609e+00 -1.877434348701128e-03 -9.770743306893365e-04 -1.007730005100925e+00
7 43 -1.000277957322570e+00 -1.876673436279252e-03 -9.776371589323746e-04 -1.007733000523157e+00
7 44 -1.000277571797274e+00 -1.875996981066287e-03 -9.781447099469537e-04 -1.007735756358740e+00
7 45 -1.000277219280681e+00 -1.875413703647246e-03 -9.785848604031313e-04 -1.007738240247685e+00
7 46 -1.000276903927826e+00 -1.874931588905476e-03 -9.789454071904417e-04 -1.007740422278902e+00
7 47 -1.000276629401122e+00 -1.874557717769887e-03 -9.792145187739239e-04 -1.007742275522530e+00
7 48 -1.000276398807298e+00 -1.874298099853166e-03 -9.793812082631130e-04 -1.007743776544361e+00
7 49 -1.000276214645667e+00 -1.874157509236797e-03 -9.794358078630120e-04 -1.007744905896233e+00
7 50 -1.000276078767704e+00 -1.874139328338840e-03 -9.793704219946003e-04 -1.007745648570241e+00
7 51 -1.000275992348675e+00 -1.874245409311115e-03 -9.791793340780542e-04 -1.007745994391154e+00
7 52 -1.000275955872690e+00 -1.874475964372927e-03 -9.788593423268549e-04 -1.007745938315547e+00
7 53 -1.000275969132611e+00 -1.874829494949269e-03 -9.784100046259807e-04 -1.007745480610989e+00
7 54 -1.000276031246484e+00 -1.875302766923216e-03 -9.778337801568718e-04 -1.007744626895704e+00
7 55 -1.000276140692327e+00 -1.875890836582648e-03 -9.771360630255689e-04 -1.007743388025999e+00
7 56 -1.000276295361749e+00 -1.876587127406704e-03 -9.763251091732910e-04 -1.007741779832851e+00
7 57 -1.000276492629921e+00 -1.877383552156571e-03 -9.754118621224235e-04 -1.007739822729424e+00
7 58 -1.000276729436721e+00 -1.878270671144216e-03 -9.744096859143059e-04 -1.007737541225232e+00
7 59 -1.000277002373057e+00 -1.879237877566572e-03 -9.733340156540431e-04 -1.007734963382224e+00
7 60 -1.000277307766759e+00 -1.880273601975901e-03 -9.722019385364578e-04 -1.007732120241286e+00
7 61 -1.000277641763202e+00 -1.881365528021216e-03 -9.710317217311515e-04 -1.007729045243270e+00
7 62 -1.000278000397304e+00 -1.882500811541751e-03 -9.698423076324168e-04 -1.007725773664275e+00
7 63 -1.000278379655906e+00 -1.883666296412120e-03 -9.686528005953081e-04 -1.007722342076056e+00
8 0 -1.000279428194778e+00 -1.885044406761337e-03 -9.681356034074027e-04 -1.007717335855242e+00
8 1 -1.000279842320928e+00 -1.886245382764643e-03 -9.669858429844467e-04 -1.007713656039040e+00
8 2 -1.000280264390700e+00 -1.887435244539023e-03 -9.658920598073324e-04 -1.007709935423276e+00
8 3 -1.000280690624088e+00 -1.888601409145680e-03 -9.648696374018610e-04 -1.007706211241336e+00
8 4 -1.000281117402217e+00 -1.889731888394769e-03 -9.639321212173039e-04 -1.007702519750257e+00
8 5 -1.000281541286103e+00 -1.890815419392701e-03 -9.630909990364901e-04 -1.007698895896368e+00
8 6 -1.000281959025262e+00 -1.891841578319586e-03 -9.623555430502330e-04 -1.007695373019887e+00
8 7 -1.000282367555112e+00 -1.892800874393700e-03 -9.617327151645658e-04 -1.007691982605718e+00
8 8 -1.000282763984456e+00 -1.893684821970186e-03 -9.612271365077881e-04 -1.007688754082805e+00
8 9 -1.000283145576622e+00 -1.894485990614634e-03 -9.608411207384287e-04 -1.007685714667747e+00
8 10 -1.000283509728836e+00 -1.895198034303999e-03 -9.605747679654249e-04 -1.007682889246016e+00
8 11 -1.000283853953901e+00 -1.895815702305450e-03 -9.604261110728259e-04 -1.007680300283820e+00
8 12 -1.000284175867136e+00 -1.896334835875921e-03 -9.603913015944129e-04 -1.007677967762207e+00
8 13 -1.000284473179778e+00 -1.896752354654708e-03 -9.604648224182040e-04 -1.007675909126717e+00
8 14 -1.000284743697940e+00 -1.897066233474280e-03 -9.606397197474589e-04 -1.007674139254273e+00
8 15 -1.000284985324660e+00 -1.897275466815406e-03 -9.609078520256599e-04 -1.007672670448033e+00
8 16 -1.000285196062883e+00 -1.897380017377283e-03 -9.612601552653877e-04 -1.007671512471532e+00
8 17 -1.000285374019121e+00 -1.897380747199286e-03 -9.616869236794191e-04 -1.007670672625553e+00
8 18 -1.000285517409525e+00 -1.897279332687706e-03 -9.621781036370639e-04 -1.007670155861183e+00
8 19 -1.000285624571355e+00 -1.897078168366046e-03 -9.627235962768897e-04 -1.007669964913081e+00
8 20 -1.000285693983139e+00 -1.896780268179988e-03 -9.633135583172047e-04 -1.007670100427548e+00
8 21 -1.000285724296158e+00 -1.896389175610490e-03 -9.639386852138260e-04 -1.007670561055341e+00
8 22 -1.000285714377734e+00 -1.895908892156593e-03 -9.645904604330102e-04 -1.007671343486039e+00
8 23 -1.000285663363764e+00 -1.895343828809088e-03 -9.652613583714025e-04 -1.007672442417625e+00
8 24 -1.000285570715482e+00 -1.894698780282059e-03 -9.659449917891635e-04 -1.007673850471776e+00
8 25 -1.000285436274605e+00 -1.893978918449603e-03 -9.666361966796061e-04 -1.007675558076165e+00
8 26 -1.000285260311601e+00 -1.893189798768061e-03 -9.673310515873255e-04 -1.007677553341087e+00
8 27 -1.000285043563370e+00 -1.892337371831841e-03 -9.680268347358047e-04 -1.007679821958527e+00
8 28 -1.000284787258730e+00 -1.891427993546442e-03 -9.687219261220096e-04 -1.007682347143724e+00
8 29 -1.000284493132220e+00 -1.890468431152928e-03 -9.694156604658859e-04 -1.007685109624904e+00
8 30 -1.000284163427621e+00 -1.889465864862583e-03 -9.701081346169323e-04 -1.007688087677149e+00
8 31 -1.000283800891908e+00 -1.888427884513230e-03 -9.707999740079443e-04 -1.007691257196391e+00
8 32 -1.000283408759273e+00 -1.887362480143036e-03 -9.714920652891401e-04 -1.007694591811657e+00
8 33 -1.000282990724608e+00 -1.886278026873875e-03 -9.721852630136237e-04 -1.007698063031089e+00
8 34 -1.000282550906264e+00 -1.885183265721217e-03 -9.728800791395821e-04 -1.007701640414951e+00
8 35 -1.000282093798410e+00 -1.884087280175562e-03 -9.735763692768418e-04 -1.007705291773682e+00
8 36 -1.000281624214037e+00 -1.882999465607887e-03 -9.742730369895085e-04 -1.007708983395253e+00
8 37 -1.000281147220992e+00 -1.881929488475203e-03 -9.749677800530155e-04 -1.007712680304074e+00
8 38 -1.000280668074423e+00 -1.880887234183188e-03 -9.756568980640965e-04 -1.007716346547322e+00
8 39 -1.000280192148092e+00 -1.879882742375960e-03 -9.763351744191121e-04 -1.007719945506168e+00
8 40 -1.000279724864796e+00 -1.878926126176854e-03 -9.769958417774811e-04 -1.007723440238973e+00
8 41 -1.000279271624368e+00 -1.878027471684463e-03 -9.776306366421034e-04 -1.007726793867278e+00
8 42 -1.000278837727944e+00 -1.877196717512191e-03 -9.782299426360549e-04 -1.007729970007384e+00
8 43 -1.000278428298252e+00 -1.876443517691881e-03 -9.787830158137073e-04 -1.007732933240999e+00
8 44 -1.000278048196786e+00 -1.875777091695181e-03 -9.792782829427082e-04 -1.007735649616834e+00
8 45 -1.000277701940055e+00 -1.875206064500236e-03 -9.797037039116275e-04 -1.007738087175499e+00
8 46 -1.000277393618741e+00 -1.874738300343809e-03 -9.800471875792021e-04 -1.007740216485078e+00
8 47 -1.000277126824342e+00 -1.874380734903193e-03 -9.802970456301420e-04 -1.007742011169727e+00
8 48 -1.000276904586596e+00 -1.874139209793890e-03 -9.804424650532689e-04 -1.007743448417034e+00
8 49 -1.000276729322742e+00 -1.874018311914302e-03 -9.804739787197744e-04 -1.007744509456581e+00
8 50 -1.000276602798514e+00 -1.874021221686078e-03 -9.803839130119254e-04 -1.007745179999681e+00
8 51 -1.000276526101140e+00 -1.874149578237243e-03 -9.801667898323343e-04 -1.007745450618963e+00
8 52 -1.000276499625356e+00 -1.874403372202849e-03 -9.798196597728571e-04 -1.007745317038470e+00
8 53 -1.000276523073886e+00 -1.874780876244777e-03 -9.793423465127449e-04 -1.007744780306637e+00
8 54 -1.000276595474150e+00 -1.875278621208446e-03 -9.787375890488205e-04 -1.007743846830771e+00
8 55 -1.000276715213117e+00 -1.875891423020123e-03 -9.780110754149117e-04 -1.007742528259623e+00
8 56 -1.000276880090860e+00 -1.876612460933314e-03 -9.771713676227686e-04 -1.007740841214692e+00
8 57 -1.000277087390629e+00 -1.877433401979582e-03 -9.762297226340391e-04 -1.007738806890550e+00
8 58 -1.000277333960564e+00 -1.878344562567063e-03 -9.751998181715271e-04 -1.007736450558881e+00
8 59 -1.000277616301112e+00 -1.879335097768664e-03 -9.740973951006145e-04 -1.007733801012421e+00
8 60 -1.000277930652337e+00 -1.880393209803381e-03 -9.729398308592388e-04 -1.007730889979304e+00
8 61 -1.000278273076048e+00 -1.881506367232947e-03 -9.717456618244093e-04 -1.007727751533768e+00
8 62 -1.000278639529044e+00 -1.882661526410557e-03 -9.705340760316547e-04 -1.007724421524330e+00
8 63 -1.000279025926239e+00 -1.883845348391313e-03 -9.693243999830269e-04 -1.007720937031194e+00
9 0 -1.000280094177159e+00 -1.885325144558835e-03 -9.683707495559165e-04 -1.007715755074993e+00
9 1 -1.000280514545988e+00 -1.886542056074164e-03 -9.672052580463785e-04 -1.007712030320085e+00
9 2 -1.000280942058177e+00 -1.887746034659083e-03 -9.660981127265621e-04 -1.007708270964850e+00
9 3 -1.000281372880153e+00 -1.888924373708122e-03 -9.650648243983665e-04 -1.007704514547936e+00
9 4 -1.000281803345008e+00 -1.890064977117571e-03 -9.641190384303007e-04 -1.007700797582032e+00
9 5 -1.000282229972135e+00 -1.891156491085671e-03 -9.632723117801622e-04 -1.007697155217970e+00
9 6 -1.000282649477201e+00 -1.892188419585351e-03 -9.625339527685177e-04 -1.007693620945487e+00
9 7 -1.000283058771042e+00 -1.893151219881575e-03 -9.619109263365276e-04 -1.007690226339823e+00
9 8 -1.000283454948217e+00 -1.894036375667078e-03 -9.614078256815329e-04 -1.007687000858469e+00
9 9 -1.000283835268587e+00 -1.894836447632763e-03 -9.610269088244973e-04 -1.007683971684201e+00
9 10 -1.000284197136585e+00 -1.895545102652536e-03 -9.607681958250249e-04 -1.007681163607313e+00
9 11 -1.000284538082366e+00 -1.896157124033607e-03 -9.606296178026019e-04 -1.007678598940009e+00
9 12 -1.000284855747948e+00 -1.896668407028649e-03 -9.606072045877474e-04 -1.007676297454629e+00
9 13 -1.000285147879878e+00 -1.897075943948059e-03 -9.606952981451360e-04 -1.007674276337561e+00
9 14 -1.000285412327888e+00 -1.897377800166419e-03 -9.608867845291597e-04 -1.007672550158220e+00
9 15 -1.000285647047209e+00 -1.897573078370586e-03 -9.611733430715986e-04 -1.007671130862985e+00
9 16 -1.000285850102050e+00 -1.897661867136206e-03 -9.615457134023378e-04 -1.007670027806923e+00
9 17 -1.000286019669546e+00 -1.897645171812367e-03 -9.619939796880535e-04 -1.007669247828783e+00
9 18 -1.000286154045670e+00 -1.897524828810383e-03 -9.625078695524517e-04 -1.007668795363724e+00
9 19 -1.000286251656003e+00 -1.897303407982101e-03 -9.630770617591393e-04 -1.007668672578407e+00
9 20 -1.000286311074667e+00 -1.896984111920332e-03 -9.636914908866696e-04 -1.007668879503739e+00
9 21 -1.000286331054172e+00 -1.896570683741490e-03 -9.643416323011331e-04 -1.007669414134960e+00
9 22 -1.000286310567003e+00 -1.896067333369176e-03 -9.650187512433675e-04 -1.007670272474239e+00
9 23 -1.000286248856716e+00 -1.895478687061434e-03 -9.657151046533904e-04 -1.007671448507950e+00
9 24 -1.000286145493549e+00 -1.894809759661663e-03 -9.664240881781668e-04 -1.007672934129276e+00
9 25 -1.000286000428563e+00 -1.894065945898541e-03 -9.671403222568295e-04 -1.007674719027846e+00
9 26 -1.000285814041011e+00 -1.893253024886359e-03 -9.678596740102787e-04 -1.007676790572744e+00
9 27 -1.000285587175189e+00 -1.892377170301653e-03 -9.685792172209363e-04 -1.007679133716073e+00
9 28 -1.000285321164967e+00 -1.891444959425308e-03 -9.692971366015977e-04 -1.007681730938352e+00
9 29 -1.000285017846274e+00 -1.890463377753176e-03 -9.700125816755949e-04 -1.007684562243914e+00
9 30 -1.000284679558968e+00 -1.889439818953109e-03 -9.707254734650548e-04 -1.007687605202722e+00
9 31 -1.000284309139213e+00 -1.888382080015639e-03 -9.714362685815267e-04 -1.007690835032718e+00
9 32 -1.000283909902231e+00 -1.887298350431779e-03 -9.721456889974040e-04 -1.007694224719988e+00
9 33 -1.000283485614749e+00 -1.886197195029847e-03 -9.728544275588255e-04 -1.007697745173755e+00
9 34 -1.000283040456795e+00 -1.885087531583437e-03 -9.735628397273583e-04 -1.007701365410452e+00
9 35 -1.000282578973282e+00 -1.883978603512036e-03 -9.742706352177993e-04 -1.007705052763226e+00
9 36 -1.000282106016518e+00 -1.882879945676339e-03 -9.749765887864798e-04 -1.007708773118529e+00
9 37 -1.000281626681978e+00 -1.881801340814234e-03 -9.756782917826777e-04 -1.007712491181397e+00
9 38 -1.000281146240563e+00 -1.880752765656688e-03 -9.763719625223024e-04 -1.007716170765914e+00
9 39 -1.000280670069990e+00 -1.879744325701672e-03 -9.770523281401116e-04 -1.007719775107970e+00
9 40 -1.000280203585694e+00 -1.878786175184086e-03 -9.777125874460807e-04 -1.007723267206816e+00
9 41 -1.000279752169692e+00 -1.877888417838948e-03 -9.783444617635795e-04 -1.007726610207838e+00
9 42 -1.000279321095730e+00 -1.877060987142799e-03 -9.789383354405191e-04 -1.007729767832316e+00
9 43 -1.000278915450357e+00 -1.876313508874048e-03 -9.794834811392003e-04 -1.007732704848464e+00
9 44 -1.000278540050860e+00 -1.875655150202269e-03 -9.799683611078310e-04 -1.007735387573683e+00
9 45 -1.000278199362222e+00 -1.875094458870788e-03 -9.803809943778959e-04 -1.007737784398821e+00
9 46 -1.000277897416743e+00 -1.874639196381150e-03 -9.807093774683510e-04 -1.007739866322137e+00
9 47 -1.000277637740915e+00 -1.874296170238060e-03 -9.809419415761579e-04 -1.007741607475125e+00
9 48 -1.000277423293244e+00 -1.874071069860722e-03 -9.810680255848915e-04 -1.007742985623681e+00
9 49 -1.000277256414427e+00 -1.873968309137967e-03 -9.810783438163372e-04 -1.007743982635384e+00
9 50 -1.000277138789621e+00 -1.873990878984123e-03 -9.809654283974973e-04 -1.007744584905064e+00
9 51 -1.000277071422631e+00 -1.874140216484667e-03 -9.807240258466793e-04 -1.007744783721638e+00
9 52 -1.000277054622826e+00 -1.874416100374221e-03 -9.803514267881829e-04 -1.007744575548960e+00
9 53 -1.000277088006247e+00 -1.874816583129372e-03 -9.798477093388555e-04 -1.007743962191992e+00
9 54 -1.000277170512721e+00 -1.875337968247864e-03 -9.792158815990443e-04 -1.007742950825514e+00
9 55 -1.000277300440771e+00 -1.875974838233107e-03 -9.784619152928141e-04 -1.007741553871767e+00
9 56 -1.000277475501031e+00 -1.876720134175230e-03 -9.775946690753266e-04 -1.007739788727014e+00
9 57 -1.000277692886343e+00 -1.877565282268094e-03 -9.766257055024493e-04 -1.007737677355272e+00
9 58 -1.000277949354000e+00 -1.878500358611786e-03 -9.755690101573272e-04 -1.007735245782446e+00
9 59 -1.000278241314173e+00 -1.879514282596315e-03 -9.744406254788884e-04 -1.007732523528120e+00
9 60 -1.000278564918521e+00 -1.880595029486394e-03 -9.732582158592518e-04 -1.007729543008066e+00
9 61 -1.000278916143693e+00 -1.881729852871201e-03 -9.720405841113116e-04 -1.007726338935371e+00
9 62 -1.000279290865816e+00 -1.882905508216416e-03 -9.708071615369002e-04 -1.007722947742011e+00
9 63 -1.000279684924483e+00 -1.884108470912057e-03 -9.695774944539794e-04 -1.007719407032943e+00
10 0 -1.000280766537677e+00 -1.885688083531446e-03 -9.681819975674873e-04 -1.007714064084795e+00
10 1 -1.000281193731968e+00 -1.886921902673792e-03 -9.670008699174528e-04 -1.007710290562435e+00
10 2 -1.000281627336036e+00 -1.888141155517010e-03 -9.658802594686489e-04 -1.007706488097522e+00
10 3 -1.000282063457256e+00 -1.889333004172952e-03 -9.648358029451810e-04 -1.007702694567192e+00
10 4 -1.000282498374171e+00 -1.890485234568207e-03 -9.638812467719289e-04 -1.007698946780641e+00
10 5 -1.000282928556932e+00 -1.891586389329120e-03 -9.630282208158868e-04 -1.007695280141865e+00
10 6 -1.000283350678657e+00 -1.892625884830436e-03 -9.622860757445042e-04 -1.007691728346762e+00
10 7 -1.000283761615863e+00 -1.893594108362571e-03 -9.616617877667835e-04 -1.007688323125340e+00
10 8 -1.000284158438306e+00 -1.894482492691403e-03 -9.611599317255196e-04 -1.007685094034643e+00
10 9 -1.000284538391377e+00 -1.895283567647954e-03 -9.607827205321226e-04 -1.007682068299135e+00
10 10 -1.000284898875662e+00 -1.895990989759378e-03 -9.605301058364825e-04 -1.007679270691836e+00
10 11 -1.000285237427860e+00 -1.896599552232082e-03 -9.603999301876611e-04 -1.007676723449882e+00
10 12 -1.000285551706273e+00 -1.897105179604818e-03 -9.603881167498766e-04 -1.007674446215908e+00
10 13 -1.000285839482812e+00 -1.897504911925589e-03 -9.604888834211047e-04 -1.007672455995164e+00
10 14 -1.000286098641438e+00 -1.897796880330471e-03 -9.606949744959801e-04 -1.007670767125370e+00
10 15 -1.000286327180821e+00 -1.897980271495718e-03 -9.609979095778992e-04 -1.007669391268681e+00
10 16 -1.000286523218421e+00 -1.898055276643191e-03 -9.613882515720869e-04 -1.007668337440106e+00
10 17 -1.000286684994880e+00 -1.898023022603109e-03 -9.618558938912974e-04 -1.007667612079519e+00
10 18 -1.000286810879961e+00 -1.897885485800986e-03 -9.623903640193443e-04 -1.007667219162603e+00
10 19 -1.000286899382814e+00 -1.897645393705026e-03 -9.629811362737757e-04 -1.007667160336310e+00
10 20 -1.000286949169753e+00 -1.897306122393948e-03 -9.636179406316555e-04 -1.007667435055525e+00
10 21 -1.000286959092396e+00 -1.896871601939692e-03 -9.642910501013365e-04 -1.007668040690576e+00
10 22 -1.000286928227421e+00 -1.896346240216741e-03 -9.649915303108338e-04 -1.007668972578608e+00
10 23 -1.000286855926073e+00 -1.895734870369951e-03 -9.657114404496743e-04 -1.007670224008902e+00
10 24 -1.000286741868498e+00 -1.895042721247785e-03 -9.664439792067499e-04 -1.007671786152839e+00
10 25 -1.000286586116777e+00 -1.894275406686155e-03 -9.671835710022785e-04 -1.007673647961171e+00
10 26 -1.000286389161294e+00 -1.893438927893556e-03 -9.679258897963516e-04 -1.007675796054279e+00
10 27 -1.000286151956695e+00 -1.892539681933873e-03 -9.686678219261182e-04 -1.007678214631104e+00
10 28 -1.000285875945479e+00 -1.891584469526523e-03 -9.694073727187993e-04 -1.007680885418773e+00
10 29 -1.000285563069137e+00 -1.890580498247943e-03 -9.701435212780859e-04 -1.007683787673886e+00
10 30 -1.000285215768289e+00 -1.889535380608701e-03 -9.708760264271333e-04 -1.007686898232926e+00
10 31 -1.000284836973315e+00 -1.888457127356936e-03 -9.716051885037402e-04 -1.007690191603935e+00
10 32 -1.000284430085729e+00 -1.887354135214287e-03 -9.723315759756162e-04 -1.007693640094958e+00
10 33 -1.000283998949540e+00 -1.886235168007590e-03 -9.730557287606941e-04 -1.007697213977569e+00
10 34 -1.000283547812068e+00 -1.885109331333858e-03 -9.737778508883548e-04 -1.007700881681855e+00
10 35 -1.000283081274652e+00 -1.883986041223090e-03 -9.744975066777584e-04 -1.007704610018183e+00
10 36 -1.000282604234609e+00 -1.882874986037511e-03 -9.752133378582928e-04 -1.007708364424053e+00
10 37 -1.000282121820782e+00 -1.881786080083574e-03 -9.759228207114228e-04 -1.007712109235976e+00
10 38 -1.000281639325730e+00 -1.880729407935510e-03 -9.766220799076245e-04 -1.007715807983927e+00
10 39 -1.000281162137154e+00 -1.879715158237140e-03 -9.773057714215188e-04 -1.007719423706396e+00
10 40 -1.000280695669155e+00 -1.878753543741818e-03 -9.779670440063929e-04 -1.007722919291769e+00
10 41 -1.000280245291855e+00 -1.877854703154068e-03 -9.785975867223503e-04 -1.007726257858362e+00
10 42 -1.000279816257540e+00 -1.877028582495594e-03 -9.791877661813947e-04 -1.007729403181169e+00
10 43 -1.000279413622642e+00 -1.876284797694235e-03 -9.797268512336417e-04 -1.007732320162088e+00
10 44 -1.000279042166433e+00 -1.875632482512651e-03 -9.802033173240724e-04 -1.007734975333349e+00
10 45 -1.000278706308574e+00 -1.875080126288310e-03 -9.806052190629853e-04 -1.007737337382740e+00
10 46 -1.000278410029173e+00 -1.874635406227517e-03 -9.809206163293462e-04 -1.007739377686791e+00
10 47 -1.000278156795972e+00 -1.874305019636331e-03 -9.811380353861344e-04 -1.007741070833643e+00
10 48 -1.000277949502578e+00 -1.874094520987647e-03 -9.812469434492222e-04 -1.007742395118255e+00
10 49 -1.000277790419353e+00 -1.874008167155090e-03 -9.812382148207525e-04 -1.007743332999862e+00
10 50 -1.000277681156666e+00 -1.874048773893691e-03 -9.811045685368062e-04 -1.007743871514815e+00
10 51 -1.000277622640154e+00 -1.874217589024149e-03 -9.808409590429305e-04 -1.007744002630715e+00
10 52 -1.000277615098567e+00 -1.874514190975838e-03 -9.804449014828678e-04 -1.007743723516995e+00
10 53 -1.000277658065586e+00 -1.874936422801160e-03 -9.799167133293573e-04 -1.007743036703521e+00
10 54 -1.000277750397333e+00 -1.875480370727464e-03 -9.792596568181011e-04 -1.007741950103520e+00
10 55 -1.000277890307320e+00 -1.876140393205403e-03 -9.784799725175916e-04 -1.007740476886570e+00
10 56 -1.000278075419714e+00 -1.876909201682825e-03 -9.775868013361126e-04 -1.007738635200598e+00
10 57 -1.000278302839431e+00 -1.877777989013994e-03 -9.765919980941147e-04 -1.007736447759325e+00
10 58 -1.000278569234818e+00 -1.878736597366347e-03 -9.755098445183379e-04 -1.007733941326973e+00
10 59 -1.000278870926977e+00 -1.879773715661756e-03 -9.743566746943545e-04 -1.007731146138343e+00
10 60 -1.000279203979555e+00 -1.880877096158047e-03 -9.731504316487554e-04 -1.007728095289935e+00
10 61 -1.000279564283517e+00 -1.882033779960804e-03 -9.719101775641941e-04 -1.007724824132039e+00
10 62 -1.000279947632832e+00 -1.883230322580684e-03 -9.706555807461922e-04 -1.007721369684189e+00
10 63 -1.000280349789350e+00 -1.884453013206729e-03 -9.694064014206723e-04 -1.007717770085862e+00
11 0 -1.000281438323971e+00 -1.886129419571534e-03 -9.675681205397003e-04 -1.007712282999887e+00
11 1 -1.000281872845504e+00 -1.887380918861860e-03 -9.663717047317870e-04 -1.007708457465049e+00
11 2 -1.000282313117542e+00 -1.888616420748130e-03 -9.652377483416072e-04 -1.007704608047716e+00
11 3 -1.000282755183800e+00 -1.889822950298187e-03 -9.641820108198896e-04 -1.007700772991449e+00
11 4 -1.000283195262657e+00 -1.890988167193983e-03 -9.632183393399640e-04 -1.007696989437558e+00
11 5 -1.000283629768223e+00 -1.892100499222198e-03 -9.623584396689776e-04 -1.007693293087675e+00
11 6 -1.000284055322995e+00 -1.893149260854769e-03 -9.616117108987276e-04 -1.007689717897309e+00
11 7 -1.000284468759938e+00 -1.894124752383658e-03 -9.609851489815559e-04 -1.007686295812780e+00
11 8 -1.000284867113829e+00 -1.895018336221841e-03 -9.604833206052312e-04 -1.007683056559188e+00
11 9 -1.000285247604763e+00 -1.895822489776004e-03 -9.601084051401397e-04 -1.007680027476893e+00
11 10 -1.000285607618350e+00 -1.896530835957483e-03 -9.598602987487780e-04 -1.007677233399891e+00
11 11 -1.000285944686738e+00 -1.897138153485060e-03 -9.597367699364762e-04 -1.007674696570439e+00
11 12 -1.000286256473705e+00 -1.897640371110987e-03 -9.597336516736304e-04 -1.007672436581970e+00
11 13 -1.000286540766085e+00 -1.898034551049916e-03 -9.598450563228359e-04 -1.007670470338695e+00
11 14 -1.000286795472010e+00 -1.898318864377946e-03 -9.600636066903690e-04 -1.007668812025839e+00
11 15 -1.000287018624023e+00 -1.898492556219100e-03 -9.603806840665374e-04 -1.007667473098419e+00
11 16 -1.000287208383960e+00 -1.898555895791337e-03 -9.607866965952394e-04 -1.007666462304600e+00
11 17 -1.000287363047968e+00 -1.898510108065684e-03 -9.612713688873105e-04 -1.007665785753362e+00
11 18 -1.000287481052611e+00 -1.898357287760123e-03 -9.618240496381410e-04 -1.007665447022828e+00
11 19 -1.000287560984764e+00 -1.898100300290101e-03 -9.624340290828389e-04 -1.007665447295089e+00
11 20 -1.000287601598414e+00 -1.897742678066262e-03 -9.630908521933002e-04 -1.007665785495321e+00
11 21 -1.000287601841195e+00 -1.897288523607707e-03 -9.637846092570882e-04 -1.007666458405843e+00
11 22 -1.000287560892161e+00 -1.896742430594244e-03 -9.645061867454799e-04 -1.007667460726855e+00
11 23 -1.000287478209412e+00 -1.896109428952301e-03 -9.652474674979127e-04 -1.007668785071127e+00
11 24 -1.000287353582981e+00 -1.895394953467973e-03 -9.660014750115711e-04 -1.007670421901935e+00
11 25 -1.000287187186747e+00 -1.894604831277282e-03 -9.667624589683942e-04 -1.007672359437563e+00
11 26 -1.000286979623796e+00 -1.893745282203074e-03 -9.675259202870950e-04 -1.007674583548674e+00
11 27 -1.000286731961360e+00 -1.892822925278023e-03 -9.682885765381972e-04 -1.007677077673742e+00
11 28 -1.000286445753292e+00 -1.891844784901324e-03 -9.690482709981313e-04 -1.007679822774522e+00
11 29 -1.000286123049836e+00 -1.890818292391409e-03 -9.698038285903387e-04 -1.007682797343886e+00
11 30 -1.000285766396100e+00 -1.889751282179427e-03 -9.705548611961745e-04 -1.007685977464507e+00
11 31 -1.000285378820917e+00 -1.888651983326719e-03 -9.713015270242963e-04 -1.007689336909630e+00
11 32 -1.000284963816655e+00 -1.887529005774298e-03 -9.720442537616613e-04 -1.007692847280381e+00
11 33 -1.000284525309317e+00 -1.886391319664982e-03 -9.727834391627399e-04 -1.007696478178674e+00
11 34 -1.000284067618320e+00 -1.885248227099855e-03 -9.735191436677931e-04 -1.007700197413318e+00
11 35 -1.000283595406377e+00 -1.884109327000197e-03 -9.742507898736244e-04 -1.007703971233629e+00
11 36 -1.000283113620970e+00 -1.882984473322668e-03 -9.749768851551607e-04 -1.007707764586280e+00
11 37 -1.000282627429689e+00 -1.881883725735172e-03 -9.756947846322867e-04 -1.007711541394184e+00
11 38 -1.000282142152329e+00 -1.880817291694294e-03 -9.764005095924905e-04 -1.007715264855894e+00
11 39 -1.000281663192307e+00 -1.879795458776465e-03 -9.770886326558119e-04 -1.007718897763907e+00
11 40 -1.000281195968227e+00 -1.878828514528191e-03 -9.777522385552031e-04 -1.007722402846362e+00
11 41 -1.000280745844264e+00 -1.877926649381345e-03 -9.783829686172102e-04 -1.007725743144206e+00
11 42 -1.000280318057326e+00 -1.877099839232102e-03 -9.789711548009129e-04 -1.007728882434428e+00
11 43 -1.000279917639968e+00 -1.876357708108534e-03 -9.795060436268588e-04 -1.007731785699238e+00
11 44 -1.000279549339766e+00 -1.875709374893095e-03 -9.799761033023209e-04 -1.007734419631050e+00
11 45 -1.000279217537429e+00 -1.875163289446253e-03 -9.803694015673647e-04 -1.007736753159391e+00
11 46 -1.000278926167349e+00 -1.874727063721202e-03 -9.806740376696178e-04 -1.007738757983831e+00
11 47 -1.000278678645174e+00 -1.874407303646509e-03 -9.808786083347286e-04 -1.007740409094244e+00
11 48 -1.000278477806373e+00 -1.874209447006738e-03 -9.809726848998596e-04 -1.007741685260840e+00
11 49 -1.000278325857603e+00 -1.874137610987554e-03 -9.809472786626609e-04 -1.007742569483089e+00
11 50 -1.000278224340772e+00 -1.874194452261177e-03 -9.807952743245282e-04 -1.007743049390901e+00
11 51 -1.000278174109291e+00 -1.874381044142016e-03 -9.805118146991249e-04 -1.007743117586125e+00
11 52 -1.000278175316867e+00 -1.874696778459382e-03 -9.800946208596713e-04 -1.007742771902247e+00
11 53 -1.000278227419979e+00 -1.875139301841864e-03 -9.795442310859043e-04 -1.007742015555025e+00
11 54 -1.000278329195731e+00 -1.875704495660340e-03 -9.788641427540966e-04 -1.007740857159837e+00
11 55 -1.000278478776870e+00 -1.876386506049346e-03 -9.780608459503879e-04 -1.007739310600174e+00
11 56 -1.000278673704968e+00 -1.877177825826021e-03 -9.771437445511494e-04 -1.007737394744899e+00
11 57 -1.000278911000516e+00 -1.878069424799603e-03 -9.761249668547948e-04 -1.007735133029416e+00
11 58 -1.000279187245893e+00 -1.879050920577865e-03 -9.750190731438580e-04 -1.007732552931845e+00
11 59 -1.000279498675377e+00 -1.880110779610781e-03 -9.738426735913764e-04 -1.007729685382764e+00
11 60 -1.000279841265987e+00 -1.881236537458676e-03 -9.726139766631495e-04 -1.007726564145654e+00
11 61 -1.000280210823502e+00 -1.882415027485477e-03 -9.713522925551104e-04 -1.007723225199744e+00
11 62 -1.000280603059336e+00 -1.883632608672280e-03 -9.700775162052748e-04 -1.007719706149022e+00
11 63 -1.000281013656303e+00 -1.884875386027313e-03 -9.688096120253266e-04 -1.007716045669940e+00
12 0 -1.000282102657118e+00 -1.886644447410826e-03 -9.665321997884993e-04 -1.007710433111342e+00
12 1 -1.000282544918936e+00 -1.887914187025797e-03 -9.653211047655964e-04 -1.007706552949423e+00
12 2 -1.000282992353320e+00 -1.889166715780458e-03 -9.641741552651167e-04 -1.007702653315744e+00
12 3 -1.000283440936554e+00 -1.890388917623942e-03 -9.631072283579059e-04 -1.007698772843462e+00
12 4 -1.000283886822144e+00 -1.891568319307864e-03 -9.621342702470477e-04 -1.007694949036788e+00
12 5 -1.000284326362275e+00 -1.892693224123996e-03 -9.612670645744282e-04 -1.007691217934483e+00
12 6 -1.000284756121596e+00 -1.893752831891023e-03 -9.605150642170514e-04 -1.007687613800499e+00
12 7 -1.000285172880927e+00 -1.894737340121219e-03 -9.598852930384422e-04 -1.007684168855380e+00
12 8 -1.000285573630340e+00 -1.895638022260913e-03 -9.593823200595786e-04 -1.007680913058274e+00
12 9 -1.000285955554100e+00 -1.896447282236317e-03 -9.590083035452769e-04 -1.007677873937995e+00
12 10 -1.000286316011834e+00 -1.897158686400354e-03 -9.587630982554261e-04 -1.007675076466785e+00
12 11 -1.000286652519953e+00 -1.897766974688274e-03 -9.586444143156121e-04 -1.007672542972158e+00
12 12 -1.000286962736606e+00 -1.898268054793712e-03 -9.586480119808052e-04 -1.007670293079774e+00
12 13 -1.000287244452688e+00 -1.898658985128105e-03 -9.587679176656138e-04 -1.007668343674468e+00
12 14 -1.000287495589977e+00 -1.898937950339319e-03 -9.589966543944293e-04 -1.007666708870133e+00
12 15 -1.000287714204732e+00 -1.899104227619228e-03 -9.593254885584639e-04 -1.007665399994459e+00
12 16 -1.000287898493522e+00 -1.899158138298753e-03 -9.597446978864808e-04 -1.007664425605867e+00
12 17 -1.000288046799093e+00 -1.899100980701214e-03 -9.602438625122253e-04 -1.007663791555128e+00
12 18 -1.000288157616859e+00 -1.898934944673108e-03 -9.608121758866491e-04 -1.007663501089695e+00
12 19 -1.000288229604578e+00 -1.898663012372535e-03 -9.614387667526922e-04 -1.007663554986973e+00
12 20 -1.000288261598336e+00 -1.898288853529927e-03 -9.621130171135447e-04 -1.007663951694924e+00
12 21 -1.000288252637600e+00 -1.897816726554765e-03 -9.628248565364388e-04 -1.007664687451524e+00
12 22 -1.000288202000970e+00 -1.897251396969695e-03 -9.635650145879602e-04 -1.007665756354469e+00
12 23 -1.000288109251701e+00 -1.896598079880769e-03 -9.643252203769416e-04 -1.007667150366275e+00
12 24 -1.000287974288859e+00 -1.895862406344523e-03 -9.650983451852277e-04 -1.007668859261731e+00
12 25 -1.000287797397993e+00 -1.895050408962851e-03 -9.658784868793988e-04 -1.007670870540072e+00
12 26 -1.000287579295499e+00 -1.894168520474009e-03 -9.666609953107215e-04 -1.007673169328910e+00
12 27 -1.000287321162503e+00 -1.893223578444886e-03 -9.674424395036698e-04 -1.007675738306275e+00
12 28 -1.000287024666064e+00 -1.892222829356852e-03 -9.682205190938863e-04 -1.007678557663447e+00
12 29 -1.000286691967488e+00 -1.891173927976415e-03 -9.689939219555689e-04 -1.007681605120729e+00
12 30 -1.000286325719175e+00 -1.890084931632083e-03 -9.697621292615322e-04 -1.007684855994211e+00
12 31 -1.000285929051751e+00 -1.888964290216796e-03 -9.705251723527129e-04 -1.007688283304890e+00
12 32 -1.000285505552170e+00 -1.887820830886176e-03 -9.712833521807280e-04 -1.007691857925338e+00
12 33 -1.000285059232310e+00 -1.886663735206793e-03 -9.720369367988063e-04 -1.007695548763357e+00
12 34 -1.000284594487661e+00 -1.885502508038720e-03 -9.727858530560087e-04 -1.007699322979380e+00
12 35 -1.000284116046529e+00 -1.884346939198113e-03 -9.735293880290255e-04 -1.007703146230551e+00
12 36 -1.000283628911152e+00 -1.883207058397348e-03 -9.742659162470411e-04 -1.007706982936659e+00
12 37 -1.000283138292780e+00 -1.882093082631938e-03 -9.749926686881297e-04 -1.007710796567028e+00
12 38 -1.000282649543575e+00 -1.881015355360503e-03 -9.757055566738476e-04 -1.007714549946472e+00
12 39 -1.000282168088025e+00 -1.879984277137890e-03 -9.763990600477841e-04 -1.007718205577250e+00
12 40 -1.000281699354888e+00 -1.879010225377624e-03 -9.770661878123654e-04 -1.007721725980539e+00
12 41 -1.000281248708325e+00 -1.878103458206543e-03 -9.776985202201317e-04 -1.007725074070758e+00
12 42 -1.000280821375982e+00 -1.877273997904443e-03 -9.782863401021579e-04 -1.007728213576034e+00
12 43 -1.000280422372748e+00 -1.876531493619447e-03 -9.788188557474770e-04 -1.007731109506518e+00
12 44 -1.000280056420866e+00 -1.875885067231832e-03 -9.792845099198492e-04 -1.007733728660299e+00
12 45 -1.000279727868673e+00 -1.875343147985682e-03 -9.796713625791589e-04 -1.007736040151769e+00
12 46 -1.000279440611643e+00 -1.874913301998462e-03 -9.799675293474489e-04 -1.007738015945246e+00
12 47 -1.000279198020282e+00 -1.874602063214807e-03 -9.801616533648024e-04 -1.007739631373990e+00
12 48 -1.000279002878932e+00 -1.874414771775713e-03 -9.802433857182106e-04 -1.007740865625957e+00
12 49 -1.000278857337527e+00 -1.874355423667401e-03 -9.802038505491780e-04 -1.007741702184839e+00
12 50 -1.000278762876350e+00 -1.874426534109769e-03 -9.800360749366171e-04 -1.007742129220345e+00
12 51 -1.000278720283197e+00 -1.874629018514959e-03 -9.797353679717909e-04 -1.007742139917516e+00
12 52 -1.000278729643025e+00 -1.874962097902443e-03 -9.792996352305978e-04 -1.007741732725306e+00
12 53 -1.000278790341041e+00 -1.875423237771483e-03 -9.787296139911722e-04 -1.007740911498920e+00
12 54 -1.000278901080849e+00 -1.876008129449387e-03 -9.780290139756490e-04 -1.007739685511857e+00
12 55 -1.000279059919538e+00 -1.876710720915333e-03 -9.772045511726882e-04 -1.007738069320342e+00
12 56 -1.000279264320852e+00 -1.877523299885428e-03 -9.762658684654265e-04 -1.007736082475735e+00
12 57 -1.000279511225300e+00 -1.878436626121047e-03 -9.752253438383256e-04 -1.007733749099205e+00
12 58 -1.000279797133289e+00 -1.879440104843323e-03 -9.740977933139549e-04 -1.007731097350234e+00
12 59 -1.000280118195590e+00 -1.880521990730881e-03 -9.729000823555514e-04 -1.007728158827785e+00
12 60 -1.000280470305046e+00 -1.881669611496206e-03 -9.716506666619937e-04 -1.007724967941202e+00
12 61 -1.000280849183789e+00 -1.882869599955793e-03 -9.703690884918335e-04 -1.007721561283481e+00
12 62 -1.000281250461344e+00 -1.884108124391481e-03 -9.690754550067124e-04 -1.007717977033169e+00
12 63 -1.000281669741308e+00 -1.885371109957061e-03 -9.677899216457226e-04 -1.007714254399358e+00
13 0 -1.000282752815099e+00 -1.887227630058820e-03 -9.650816954571556e-04 -1.007708536499909e+00
13 1 -1.000283203134841e+00 -1.888515948202159e-03 -9.638567919640430e-04 -1.007704599764846e+00
13 2 -1.000283658136833e+00 -1.889786073080969e-03 -9.626974411586439e-04 -1.007700647273512e+00
13 3 -1.000284113727050e+00 -1.891024745058222e-03 -9.616196306727013e-04 -1.007696718067209e+00
13 4 -1.000284565990301e+00 -1.892219352919078e-03 -9.606374022870254e-04 -1.007692850038989e+00
13 5 -1.000285011211945e+00 -1.893358067667968e-03 -9.597626179330324e-04 -1.007689079598690e+00
13 6 -1.000285445892460e+00 -1.894429963404026e-03 -9.590047885614968e-04 -1.007685441362410e+00
13 7 -1.000285866752673e+00 -1.895425120257216e-03 -9.583709737269050e-04 -1.007681967879147e+00
13 8 -1.000286270728787e+00 -1.896334704982065e-03 -9.578657553864974e-04 -1.007678689405290e+00
13 9 -1.000286654959170e+00 -1.897151027867385e-03 -9.574912835291577e-04 -1.007675633727842e+00
13 10 -1.000287016766760e+00 -1.897867576497921e-03 -9.572473862607508e-04 -1.007672826032229e+00
13 11 -1.000287353641084e+00 -1.898479027952253e-03 -9.571317318824654e-04 -1.007670288810620e+00
13 12 -1.000287663223338e+00 -1.898981243430975e-03 -9.571400262916039e-04 -1.007668041803026e+00
13 13 -1.000287943297363e+00 -1.899371251468732e-03 -9.572662303178033e-04 -1.007666101957278e+00
13 14 -1.000288191787794e+00 -1.899647223927396e-03 -9.575027898955802e-04 -1.007664483397349e+00
13 15 -1.000288406764082e+00 -1.899808443376742e-03 -9.578408814615867e-04 -1.007663197404383e+00
13 16 -1.000288586447247e+00 -1.899855256474772e-03 -9.582706786473988e-04 -1.007662252426937e+00
13 17 -1.000288729216880e+00 -1.899789008861774e-03 -9.587816435166042e-04 -1.007661654134423e+00
13 18 -1.000288833618385e+00 -1.899611961096495e-03 -9.593628399507677e-04 -1.007661405514878e+00
13 19 -1.000288898372670e+00 -1.899327189586955e-03 -9.600032601075727e-04 -1.007661507005541e+00
13 20 -1.000288922391359e+00 -1.898938480830551e-03 -9.606921474279801e-04 -1.007661956634734e+00
13 21 -1.000288904800452e+00 -1.898450230783561e-03 -9.614192947878379e-04 -1.007662750145939e+00
13 22 -1.000288844974152e+00 -1.897867361036085e-03 -9.621752986321285e-04 -1.007663881075411e+00
13 23 -1.000288742578192e+00 -1.897195258566136e-03 -9.629517582358184e-04 -1.007665340767965e+00
13 24 -1.000288597618946e+00 -1.896439739373393e-03 -9.637414169094308e-04 -1.007667118335475e+00
13 25 -1.000288410492602e+00 -1.895607031935990e-03 -9.645382448796977e-04 -1.007669200577908e+00
13 26 -1.000288182028465e+00 -1.894703774242825e-03 -9.653374641010383e-04 -1.007671571893804e+00
13 27 -1.000287913521806e+00 -1.893737016782719e-03 -9.661355164580733e-04 -1.007674214208838e+00
13 28 -1.000287606753759e+00 -1.892714224327008e-03 -9.669299774290624e-04 -1.007677106946661e+00
13 29 -1.000287263998103e+00 -1.891643272834373e-03 -9.677194156695443e-04 -1.007680227053364e+00
13 30 -1.000286888016447e+00 -1.890532441736373e-03 -9.685031982233051e-04 -1.007683549072560e+00
13 31 -1.000286482043596e+00 -1.889390402324979e-03 -9.692812452951898e-04 -1.007687045263116e+00
13 32 -1.000286049763810e+00 -1.888226200614643e-03 -9.700537461505402e-04 -1.007690685755957e+00
13 33 -1.000285595277804e+00 -1.887049232226319e-03 -9.708208530461837e-04 -1.007694438748813e+00
13 34 -1.000285123060352e+00 -1.885869208818864e-03 -9.715823709096950e-04 -1.007698270734024e+00
13 35 -1.000284637908931e+00 -1.884696117087681e-03 -9.723374596179624e-04 -1.007702146751924e+00
13 36 -1.000284144884476e+00 -1.883540170470074e-03 -9.730843652611822e-04 -1.007706030665964e+00
13 37 -1.000283649246157e+00 -1.882411752873319e-03 -9.738201951112671e-04 -1.007709885458683e+00
13 38 -1.000283156383088e+00 -1.881321354744830e-03 -9.745407471477675e-04 -1.007713673544723e+00
13 39 -1.000282671745845e+00 -1.880279502052767e-03 -9.752404017137764e-04 -1.007717357096000e+00
13 40 -1.000282200778808e+00 -1.879296675816343e-03 -9.759120829742649e-04 -1.007720898382961e+00
13 41 -1.000281748851920e+00 -1.878383216446839e-03 -9.765472996677520e-04 -1.007724260147036e+00
13 42 -1.000281321189522e+00 -1.877549207789976e-03 -9.771362740165475e-04 -1.007727406019067e+00
13 43 -1.000280922794986e+00 -1.876804340150394e-03 -9.776681628737892e-04 -1.007730300986188e+00
13 44 -1.000280558371669e+00 -1.876157755677448e-03 -9.781313677450294e-04 -1.007732911897711e+00
13 45 -1.000280232242303e+00 -1.875617881470535e-03 -9.785139221291093e-04 -1.007735207995079e+00
13 46 -1.000279948270432e+00 -1.875192257085465e-03 -9.788039368596509e-04 -1.007737161447416e+00
13 47 -1.000279709788534e+00 -1.874887364183385e-03 -9.789900783890241e-04 -1.007738747870479e+00
13 48 -1.000279519537061e+00 -1.874708465108879e-03 -9.790620530768243e-04 -1.007739946808819e+00
13 49 -1.000279379616573e+00 -1.874659454273443e-03 -9.790110728452937e-04 -1.007740742169681e+00
13 50 -1.000279291453061e+00 -1.874742724449810e-03 -9.788302823748461e-04 -1.007741122603369e+00
13 51 -1.000279255775852e+00 -1.874959051410315e-03 -9.785151328988294e-04 -1.007741081821022e+00
13 52 -1.000279272608035e+00 -1.875307503089741e-03 -9.780636904955899e-04 -1.007740618831943e+00
13 53 -1.000279341270152e+00 -1.875785381278320e-03 -9.774768666431539e-04 -1.007739738077314e+00
13 54 -1.000279460398638e+00 -1.876388204394695e-03 -9.767585572187500e-04 -1.007738449437006e+00
13 55 -1.000279627980946e+00 -1.877109738978891e-03 -9.759156766320943e-04 -1.007736768090558e+00
13 56 -1.000279841408651e+00 -1.877942083796081e-03 -9.749580785945267e-04 -1.007734714225339e+00
13 57 -1.000280097547555e+00 -1.878875803987086e-03 -9.738983626595150e-04 -1.007732312605131e+00
13 58 -1.000280392820964e+00 -1.879900106872583e-03 -9.727515733382663e-04 -1.007729592031314e+00
13 59 -1.000280723300497e+00 -1.881003048619986e-03 -9.715348058279039e-04 -1.007726584736200e+00
13 60 -1.000281084798440e+00 -1.882171760806558e-03 -9.702667398895285e-04 -1.007723325745539e+00
13 61 -1.000281472955967e+00 -1.883392685598626e-03 -9.689671293236459e-04 -1.007719852243226e+00
13 62 -1.000281883322434e+00 -1.884651808598116e-03 -9.676562753744066e-04 -1.007716202966183e+00
13 63 -1.000282311423042e+00 -1.885934881387789e-03 -9.663545082299479e-04 -1.007712417646063e+00
14 0 -1.000283382313347e+00 -1.887872684107632e-03 -9.632284607930861e-04 -1.007706615626167e+00
14 1 -1.000283840908079e+00 -1.889179691122666e-03 -9.619908747057157e-04 -1.007702621067695e+00
14 2 -1.000284303787680e+00 -1.890467764253208e-03 -9.608199520863801e-04 -1.007698613734924e+00
14 3 -1.000284766785990e+00 -1.891723499772537e-03 -9.597317817945919e-04 -1.007694633090043e+00
14 4 -1.000285225916308e+00 -1.892934145440099e-03 -9.587404954480074e-04 -1.007690717435263e+00
14 5 -1.000285677393154e+00 -1.894087733948172e-03 -9.578580317756731e-04 -1.007686903580424e+00
14 6 -1.000286117647370e+00 -1.895173204035514e-03 -9.570939629518175e-04 -1.007683226533130e+00
14 7 -1.000286543332777e+00 -1.896180505128674e-03 -9.564553915184324e-04 -1.007679719220838e+00
14 8 -1.000286951323355e+00 -1.897100680895208e-03 -9.559469227596989e-04 -1.007676412256029e+00
14 9 -1.000287338702124e+00 -1.897925929032462e-03 -9.555707111417868e-04 -1.007673333749864e+00
14 10 -1.000287702744988e+00 -1.898649636931573e-03 -9.553265730657334e-04 -1.007670509173443e+00
14 11 -1.000288040903585e+00 -1.899266395144426e-03 -9.552121520950792e-04 -1.007667961261680e+00
14 12 -1.000288350790900e+00 -1.899771993234495e-03 -9.552231188489285e-04 -1.007665709950138e+00
14 13 -1.000288630172546e+00 -1.900163404050826e-03 -9.553533897134476e-04 -1.007663772331294e+00
14 14 -1.000288876965065e+00 -1.900438760432043e-03 -9.555953570278621e-04 -1.007662162620399e+00
14 15 -1.000289089240273e+00 -1.900597323561021e-03 -9.559401330863171e-04 -1.007660892133244e+00
14 16 -1.000289265232943e+00 -1.900639438366429e-03 -9.563778148705972e-04 -1.007659969289486e+00
14 17 -1.000289403349166e+00 -1.900566471155175e-03 -9.568977744956016e-04 -1.007659399656136e+00
14 18 -1.000289502174701e+00 -1.900380727697352e-03 -9.574889742834436e-04 -1.007659186036535e+00
14 19 -1.000289560484953e+00 -1.900085354830131e-03 -9.581402971265860e-04 -1.007659328596559e+00
14 20 -1.000289577259580e+00 -1.899684234044053e-03 -9.588408741674233e-04 -1.007659825006768e+00
14 21 -1.000289551704839e+00 -1.899181879303266e-03 -9.595803869415820e-04 -1.007660670570603e+00
14 22 -1.000289483285520e+00 -1.898583350903045e-03 -9.603493238913520e-04 -1.007661858309862e+00
14 23 -1.000289371765997e+00 -1.897894192377433e-03 -9.611391798914137e-04 -1.007663378991308e+00
14 24 -1.000289217257156e+00 -1.897120391420668e-03 -9.619425958089266e-04 -1.007665221096406e+00
14 25 -1.000289020263846e+00 -1.896268361237115e-03 -9.627534391158533e-04 -1.007667370751739e+00
14 26 -1.000288781726937e+00 -1.895344935791687e-03 -9.635668275440855e-04 -1.007669811647151e+00
14 27 -1.000288503055039e+00 -1.894357370795270e-03 -9.643790980230838e-04 -1.007672524971813e+00
14 28 -1.000288186143137e+00 -1.893313343207058e-03 -9.651877222478200e-04 -1.007675489392990e+00
14 29 -1.000287833377870e+00 -1.892220945891235e-03 -9.659911679790850e-04 -1.007678681088671e+00
14 30 -1.000287447631005e+00 -1.891088677755994e-03 -9.667887047740435e-04 -1.007682073831451e+00
14 31 -1.000287032242872e+00 -1.889925429950254e-03 -9.675801575438892e-04 -1.007685639116329e+00
14 32 -1.000286590996728e+00 -1.888740466579414e-03 -9.683656194086337e-04 -1.007689346328248e+00
14 33 -1.000286128084201e+00 -1.887543397682357e-03 -9.691451416190911e-04 -1.007693162946925e+00
14 34 -1.000285648061847e+00 -1.886344143731709e-03 -9.699184202587585e-04 -1.007697054783858e+00
14 35 -1.000285155799175e+00 -1.885152892055444e-03 -9.706844985376944e-04 -1.007700986245094e+00
14 36 -1.000284656418988e+00 -1.883980045159793e-03 -9.714415014359729e-04 -1.007704920616204e+00
14 37 -1.000284155231929e+00 -1.882836160912924e-03 -9.721864160411868e-04 -1.007708820367139e+00
14 38 -1.000283657668144e+00 -1.881731885731966e-03 -9.729149265552506e-04 -1.007712647471557e+00
14 39 -1.000283169208956e+00 -1.880677881715344e-03 -9.736213101410976e-04 -1.007716363735392e+00
14 40 -1.000282695319506e+00 -1.879684745380279e-03 -9.742984003560852e-04 -1.007719931139029e+00
14 41 -1.000282241381008e+00 -1.878762912189760e-03 -9.749376272505477e-04 -1.007723312208561e+00
14 42 -1.000281812620315e+00 -1.877922541383443e-03 -9.755291437748367e-04 -1.007726470431759e+00
14 43 -1.000281414035438e+00 -1.877173379552597e-03 -9.760620447684079e-04 -1.007729370722984e+00
14 44 -1.000281050317333e+00 -1.876524605538459e-03 -9.765246775491424e-04 -1.007731979929074e+00
14 45 -1.000280725769915e+00 -1.875984661952632e-03 -9.769050333705315e-04 -1.007734267361180e+00
14 46 -1.000280444231853e+00 -1.875561080701338e-03 -9.771911992205093e-04 -1.007736205332503e+00
14 47 -1.000280209004895e+00 -1.875260311143467e-03 -9.773718427096305e-04 -1.007737769677953e+00
14 48 -1.000280022793104e+00 -1.875087558332934e-03 -9.774367011399479e-04 -1.007738940234107e+00
14 49 -1.000279887655307e+00 -1.875046635592643e-03 -9.773770488152647e-04 -1.007739701267168e+00
14 50 -1.000279804970914e+00 -1.875139833502519e-03 -9.771861222313018e-04 -1.007740041843938e+00
14 51 -1.000279775418424e+00 -1.875367808169460e-03 -9.768594887678995e-04 -1.007739956138466e+00
14 52 -1.000279798966484e+00 -1.875729494029288e-03 -9.763953486273415e-04 -1.007739443658846e+00
14 53 -1.000279874878155e+00 -1.876222048372656e-03 -9.757947602186412e-04 -1.007738509372515e+00
14 54 -1.000280001729711e+00 -1.876840835811889e-03 -9.750617767643155e-04 -1.007737163707312e+00
14 55 -1.000280177445796e+00 -1.877579460564369e-03 -9.742034805328806e-04 -1.007735422408921e+00
14 56 -1.000280399352338e+00 -1.878429851159588e-03 -9.732299043421115e-04 -1.007733306246155e+00
14 57 -1.000280664246528e+00 -1.879382395845199e-03 -9.721538374512503e-04 -1.007730840575062e+00
14 58 -1.000280968480248e+00 -1.880426120641537e-03 -9.709905217241475e-04 -1.007728054793008e+00
14 59 -1.000281308051244e+00 -1.881548898825703e-03 -9.697572524047217e-04 -1.007724981723651e+00
14 60 -1.000281678695971e+00 -1.882737680224826e-03 -9.684729059054478e-04 -1.007721656971834e+00
14 61 -1.000282075978510e+00 -1.883978728831134e-03 -9.671574230739132e-04 -1.007718118281768e+00
14 62 -1.000282495370878e+00 -1.885257857815405e-03 -9.658312775553339e-04 -1.007714404925915e+00
14 63 -1.000282932321762e+00 -1.886560653534092e-03 -9.645149547674454e-04 -1.007710557142467e+00
15 0 -1.000283984980498e+00 -1.888572677290397e-03 -9.609886981876389e-04 -1.007704692913649e+00
15 1 -1.000284451963387e+00 -1.889898253915190e-03 -9.597397963560152e-04 -1.007700639991884e+00
15 2 -1.000284922930884e+00 -1.891204405607910e-03 -9.585583605811744e-04 -1.007696576514625e+00
15 3 -1.000285393644041e+00 -1.892477586368919e-03 -9.574605689848791e-04 -1.007692542370827e+00
15 4 -1.000285860042869e+00 -1.893704901902079e-03 -9.564606348679091e-04 -1.007688576286352e+00
15 5 -1.000286318267895e+00 -1.894874242058854e-03 -9.555705704057732e-04 -1.007684715495750e+00
15 6 -1.000286764675727e+00 -1.895974402023974e-03 -9.548000107523490e-04 -1.007680995433140e+00
15 7 -1.000287195847178e+00 -1.896995188966857e-03 -9.541561076470667e-04 -1.007677449448802e+00
15 8 -1.000287608586594e+00 -1.897927508762893e-03 -9.536434994136437e-04 -1.007674108564643e+00
15 9 -1.000287999912854e+00 -1.898763428658765e-03 -9.532643575710802e-04 -1.007671001278358e+00
15 10 -1.000288367044899e+00 -1.899496215140239e-03 -9.530185018701887e-04 -1.007668153416943e+00
15 11 -1.000288707385872e+00 -1.900120349447502e-03 -9.529035683730250e-04 -1.007665588033375e+00
15 12 -1.000289018509644e+00 -1.900631525354509e-03 -9.529152117891797e-04 -1.007663325336763e+00
15 13 -1.000289298152567e+00 -1.901026634758350e-03 -9.530473257904277e-04 -1.007661382644038e+00
15 14 -1.000289544211981e+00 -1.901303745264659e-03 -9.532922733036087e-04 -1.007659774342878e+00
15 15 -1.000289754751029e+00 -1.901462069972286e-03 -9.536411288138824e-04 -1.007658511865014e+00
15 16 -1.000289928007364e+00 -1.901501925347206e-03 -9.540839407043872e-04 -1.007657603681459e+00
15 17 -1.000290062402933e+00 -1.901424671751919e-03 -9.546100205092917e-04 -1.007657055335744e+00
15 18 -1.000290156553592e+00 -1.901232633966446e-03 -9.552082589288842e-04 -1.007656869523389e+00
15 19 -1.000290209279727e+00 -1.900929004309068e-03 -9.558674588791971e-04 -1.007657046211446e+00
15 20 -1.000290219620628e+00 -1.900517736458389e-03 -9.565766669719004e-04 -1.007657582778421e+00
15 21 -1.000290186855630e+00 -1.900003441844875e-03 -9.573254799510736e-04 -1.007658474146097e+00
15 22 -1.000290110534042e+00 -1.899391300729305e-03 -9.581043045867379e-04 -1.007659712873937e+00
15 23 -1.000289990513878e+00 -1.898686996138810e-03 -9.589045578976696e-04 -1.007661289196770e+00
15 24 -1.000289827006581e+00 -1.897896672463744e-03 -9.597188045587639e-04 -1.007663191004891e+00
15 25 -1.000289620622633e+00 -1.897026914834592e-03 -9.605408345928140e-04 -1.007665403783904e+00
15 26 -1.000289372412089e+00 -1.896084742144809e-03 -9.613656856086248e-04 -1.007667910542190e+00
15 27 -1.000289083895025e+00 -1.895077605678555e-03 -9.621896122126954e-04 -1.007670691755668e+00
15 28 -1.000288757078948e+00 -1.894013386533611e-03 -9.630100029437563e-04 -1.007673725354056e+00
15 29 -1.000288394462651e+00 -1.892900388229969e-03 -9.638252430490735e-04 -1.007676986761189e+00
15 30 -1.000287999027871e+00 -1.891747324333387e-03 -9.646345213016390e-04 -1.007680448988611e+00
15 31 -1.000287574220720e+00 -1.890563301962961e-03 -9.654375832396585e-04 -1.007684082774501e+00
15 32 -1.000287123924187e+00 -1.889357800416137e-03 -9.662344414071935e-04 -1.007687856761442e+00
15 33 -1.000286652422091e+00 -1.888140642611687e-03 -9.670250611495648e-04 -1.007691737710225e+00
15 34 -1.000286164354491e+00 -1.886921957692211e-03 -9.678090439803382e-04 -1.007695690746196e+00
15 35 -1.000285664664926e+00 -1.885712134703707e-03 -9.685853291808228e-04 -1.007699679632199e+00
15 36 -1.000285158540429e+00 -1.884521767820875e-03 -9.693519306235932e-04 -1.007703667062811e+00
15 37 -1.000284651346047e+00 -1.883361593588819e-03 -9.701057214606712e-04 -1.007707614976444e+00
15 38 -1.000284148556567e+00 -1.882242421306794e-03 -9.708422746738802e-04 -1.007711484880661e+00
15 39 -1.000283655688222e+00 -1.881175057717020e-03 -9.715557640584980e-04 -1.007715238185583e+00
15 40 -1.000283178231555e+00 -1.880170224506613e-03 -9.722389303687991e-04 -1.007718836547912e+00
15 41 -1.000282721584231e+00 -1.879238463195708e-03 -9.728831208566291e-04 -1.007722242240284e+00
15 42 -1.000282290981343e+00 -1.878390020992044e-03 -9.734784132046344e-04 -1.007725418564101e+00
15 43 -1.000281891421668e+00 -1.877634714732802e-03 -9.740138325566037e-04 -1.007728330313095e+00
15 44 -1.000281527590158e+00 -1.876981775140701e-03 -9.744776623390390e-04 -1.007730944279884e+00
15 45 -1.000281203778623e+00 -1.876439677098760e-03 -9.748578386559343e-04 -1.007733229789000e+00
15 46 -1.000280923808003e+00 -1.876015963519546e-03 -9.751424075583224e-04 -1.007735159236160e+00
15 47 -1.000280690956829e+00 -1.875717071612446e-03 -9.753200168558936e-04 -1.007736708609915e+00
15 48 -1.000280507900483e+00 -1.875548169962058e-03 -9.753804112166938e-04 -1.007737857971743e+00
15 49 -1.000280376663900e+00 -1.875513011888143e-03 -9.753149020840302e-04 -1.007738591879098e+00
15 50 -1.000280298587894e+00 -1.875613807195252e-03 -9.751167911689119e-04 -1.007738899746707e+00
15 51 -1.000280274308206e+00 -1.875851113929194e-03 -9.747817343167117e-04 -1.007738776142594e+00
15 52 -1.000280303746995e+00 -1.876223754334459e-03 -9.743080374988144e-04 -1.007738221005942e+00
15 53 -1.000280386117559e+00 -1.876728762046875e-03 -9.736968769445454e-04 -1.007737239764867e+00
15 54 -1.000280519943538e+00 -1.877361368643108e-03 -9.729524326172453e-04 -1.007735843330976e+00
15 55 -1.000280703094178e+00 -1.878115036985538e-03 -9.720819219854018e-04 -1.007734047952735e+00
15 56 -1.000280932836989e+00 -1.878981546159770e-03 -9.710955226231655e-04 -1.007731874918996e+00
15 57 -1.000281205907471e+00 -1.879951127516201e-03 -9.700061785070850e-04 -1.007729350120431e+00
15 58 -1.000281518592618e+00 -1.881012644689592e-03 -9.688292943525980e-04 -1.007726503497336e+00
15 59 -1.000281866822426e+00 -1.882153805838403e-03 -9.675823324512131e-04 -1.007723368416280e+00
15 60 -1.000282246263111e+00 -1.883361395420845e-03 -9.662843352560950e-04 -1.007719981017893e+00
15 61 -1.000282652406562e+00 -1.884621513875581e-03 -9.649554028865636e-04 -1.007716379569547e+00
15 62 -1.000283080651490e+00 -1.885919814625013e-03 -9.636161562814352e-04 -1.007712603849009e+00
15 63 -1.000283526373106e+00 -1.887241729510219e-03 -9.622872133173538e-04 -1.007708694578055e+00
16 0 -1.000284555027499e+00 -1.889320134411285e-03 -9.583828562138092e-04 -1.007702790341660e+00
16 1 -1.000285030406568e+00 -1.890663934488646e-03 -9.571242248802581e-04 -1.007698679227824e+00
16 2 -1.000285509570142e+00 -1.891988073090899e-03 -9.559335477017873e-04 -1.007694558992950e+00
16 3 -1.000285988206877e+00 -1.893278865844829e-03 -9.548270775426239e-04 -1.007690469952645e+00
16 4 -1.000286462182673e+00 -1.894523277070378e-03 -9.538190991671172e-04 -1.007686451265923e+00
16 5 -1.000286927561875e+00 -1.895709050857122e-03 -9.529216929796974e-04 -1.007682540611918e+00
16 6 -1.000287380623333e+00 -1.896824832609848e-03 -9.521445568883213e-04 -1.007678773880337e+00
16 7 -1.000287817869945e+00 -1.897860277786024e-03 -9.514948962731456e-04 -1.007675184882232e+00
16 8 -1.000288236029925e+00 -1.898806141364615e-03 -9.509773912391800e-04 -1.007671805097173e+00
16 9 -1.000288632049917e+00 -1.899654343333590e-03 -9.505942427528547e-04 -1.007668663468202e+00
16 10 -1.000289003082623e+00 -1.900398009633324e-03 -9.503452890179124e-04 -1.007665786244824e+00
16 11 -1.000289346472731e+00 -1.901031490761807e-03 -9.502281757485780e-04 -1.007663196869000e+00
16 12 -1.000289659744594e+00 -1.901550361782193e-03 -9.502385610224737e-04 -1.007660915897448e+00
16 13 -1.000289940594498e+00 -1.901951409112894e-03 -9.503703376140096e-04 -1.007658960949021e+00
16 14 -1.000290186889544e+00 -1.902232609359513e-03 -9.506158634781619e-04 -1.007657346663649e+00
16 15 -1.000290396673166e+00 -1.902393101319004e-03 -9.509662020415714e-04 -1.007656084668880e+00
16 16 -1.000290568174993e+00 -1.902433146733060e-03 -9.514113817850884e-04 -1.007655183565927e+00
16 17 -1.000290699821991e+00 -1.902354073635587e-03 -9.519406838597728e-04 -1.007654648953126e+00
16 18 -1.000290790249445e+00 -1.902158199518522e-03 -9.525429581884892e-04 -1.007654483495593e+00
16 19 -1.000290838312587e+00 -1.901848736788378e-03 -9.532069580895081e-04 -1.007654687035902e+00
16 20 -1.000290843101108e+00 -1.901429687606722e-03 -9.539216748493296e-04 -1.007655256729493e+00
16 21 -1.000290803959231e+00 -1.900905739055660e-03 -9.546766484660296e-04 -1.007656187179430e+00
16 22 -1.000290720513669e+00 -1.900282171357932e-03 -9.554622312745034e-04 -1.007657470539818e+00
16 23 -1.000290592710032e+00 -1.899564788899247e-03 -9.562697891138273e-04 -1.007659096564311e+00
16 24 -1.000290420855309e+00 -1.898759876525669e-03 -9.570918366747864e-04 -1.007661052596590e+00
16 25 -1.000290205661418e+00 -1.897874176706041e-03 -9.579221121867895e-04 -1.007663323520630e+00
16 26 -1.000289948284014e+00 -1.896914880129257e-03 -9.587555977482330e-04 -1.007665891698428e+00
16 27 -1.000289650351601e+00 -1.895889622137137e-03 -9.595884883811229e-04 -1.007668736923294e+00
16 28 -1.000289313981785e+00 -1.894806478250856e-03 -9.604181097899226e-04 -1.007671836413205e+00
16 29 -1.000288941783670e+00 -1.893673954471746e-03 -9.612427828502468e-04 -1.007675164859490e+00
16 30 -1.000288536847626e+00 -1.892500971941275e-03 -9.620616322307407e-04 -1.007678694531206e+00
16 31 -1.000288102724742e+00 -1.891296847693549e-03 -9.628743399196421e-04 -1.007682395424989e+00
16 32 -1.000287643397566e+00 -1.890071271417874e-03 -9.636808532486874e-04 -1.007686235452045e+00
16 33 -1.000287163242517e+00 -1.888834275337809e-03 -9.644810669222552e-04 -1.007690180660833e+00
16 34 -1.000286666983973e+00 -1.887596194651753e-03 -9.652745030843455e-04 -1.007694195493659e+00
16 35 -1.000286159640674e+00 -1.886367618590104e-03 -9.660600114443102e-04 -1.007698243069734e+00
16 36 -1.000285646465541e+00 -1.885159333168383e-03 -9.668355069451020e-04 -1.007702285487082e+00
16 37 -1.000285132880349e+00 -1.883982255941433e-03 -9.675977578711413e-04 -1.007706284140635e+00
16 38 -1.000284624407507e+00 -1.882847363430083e-03 -9.683422319149087e-04 -1.007710200053913e+00
16 39 -1.000284126601741e+00 -1.881765613029284e-03 -9.690630027145865e-04 -1.007713994218126e+00
16 40 -1.000283644983212e+00 -1.880747859250776e-03 -9.697527190328441e-04 -1.007717627937923e+00
16 41 -1.000283184970928e+00 -1.879804759063027e-03 -9.704026440482273e-04 -1.007721063198362e+00
16 42 -1.000282751813723e+00 -1.878946658611224e-03 -9.710027772526623e-04 -1.007724263074864e+00
16 43 -1.000282350517080e+00 -1.878183457355803e-03 -9.715420695933944e-04 -1.007727192195986e+00
16 44 -1.000281985766264e+00 -1.877524451931858e-03 -9.720087337112801e-04 -1.007729817250274e+00
16 45 -1.000281661847731e+00 -1.876978165622447e-03 -9.723906399966966e-04 -1.007732107519656e+00
16 46 -1.000281382571902e+00 -1.876552170598372e-03 -9.726757786240282e-04 -1.007734035420503e+00
16 47 -1.000281151201686e+00 -1.876252911804349e-03 -9.728527585577877e-04 -1.007735577028759e+00
16 48 -1.000280970391645e+00 -1.876085542351984e-03 -9.729113094097238e-04 -1.007736712561662e+00
16 49 -1.000280842140880e+00 -1.876053777387771e-03 -9.728427546104807e-04 -1.007737426796698e+00
16 50 -1.000280767759843e+00 -1.876159768363783e-03 -9.726404338188512e-04 -1.007737709423933e+00
16 51 -1.000280747849843e+00 -1.876403997930943e-03 -9.723000626803447e-04 -1.007737555332373e+00
16 52 -1.000280782294890e+00 -1.876785198772917e-03 -9.718200233998649e-04 -1.007736964819786e+00
16 53 -1.000280870266739e+00 -1.877300303384367e-03 -9.712015795711750e-04 -1.007735943703464e+00
16 54 -1.000281010244415e+00 -1.877944432702670e-03 -9.704490059816758e-04 -1.007734503308789e+00
16 55 -1.000281200049590e+00 -1.878710930518665e-03 -9.695696214070508e-04 -1.007732660318846e+00
16 56 -1.000281436899062e+00 -1.879591448669483e-03 -9.685737123171320e-04 -1.007730436476223e+00
16 57 -1.000281717474259e+00 -1.880576083573033e-03 -9.674743403243107e-04 -1.007727858142137e+00
16 58 -1.000282038004656e+00 -1.881653557661373e-03 -9.662870360273726e-04 -1.007724955739532e+00
16 59 -1.000282394359384e+00 -1.882811433675260e-03 -9.650293932938705e-04 -1.007721763123385e+00
16 60 -1.000282782140752e+00 -1.884036348674713e-03 -9.637205874768352e-04 -1.007718316921899e+00
16 61 -1.000283196774245e+00 -1.885314256011593e-03 -9.623808473492312e-04 -1.007714655882888e+00
16 62 -1.000283633590403e+00 -1.886630664322938e-03 -9.610309130511829e-04 -1.007710820252314e+00
16 63 -1.000284087895138e+00 -1.887970863848384e-03 -9.596915094818128e-04 -1.007706851205851e+00
17 0 -1.000285087108379e+00 -1.890107147832947e-03 -9.554354675722329e-04 -1.007700929063793e+00
17 1 -1.000285570787522e+00 -1.891468605734731e-03 -9.541688835406017e-04 -1.007696760626235e+00
17 2 -1.000286058152973e+00 -1.892810421961559e-03 -9.529704266363978e-04 -1.007692583705768e+00
17 3 -1.000286544822239e+00 -1.894118779194006e-03 -9.518564078061619e-04 -1.007688439040279e+00
17 4 -1.000287026587197e+00 -1.895380502620200e-03 -9.508411711003697e-04 -1.007684366226754e+00
17 5 -1.000287499434954e+00 -1.896583189743961e-03 -9.499368577061163e-04 -1.007680403402351e+00
17 6 -1.000287959564298e+00 -1.897715332265039e-03 -9.491532257043192e-04 -1.007676586934417e+00
17 7 -1.000288403396340e+00 -1.898766426356641e-03 -9.484975367029475e-04 -1.007672951127047e+00
17 8 -1.000288827577560e+00 -1.899727064483137e-03 -9.479745202486542e-04 -1.007669527961121e+00
17 9 -1.000289228975206e+00 -1.900589004158462e-03 -9.475864185668531e-04 -1.007666346878616e+00
17 10 -1.000289604667406e+00 -1.901345212879141e-03 -9.473331030646788e-04 -1.007663434612294e+00
17 11 -1.000289951931179e+00 -1.901989890391643e-03 -9.472122460997126e-04 -1.007660815059257e+00
17 12 -1.000290268231443e+00 -1.902518471135985e-03 -9.472195282715441e-04 -1.007658509194670e+00
17 13 -1.000290551214026e+00 -1.902927612596240e-03 -9.473488629509873e-04 -1.007656535013540e+00
17 14 -1.000290798705167e+00 -1.903215175907177e-03 -9.475926272022466e-04 -1.007654907483894e+00
17 15 -1.000291008717854e+00 -1.903380200362290e-03 -9.479419002319973e-04 -1.007653638505713e+00
17 16 -1.000291179462788e+00 -1.903422867127641e-03 -9.483867198895070e-04 -1.007652736887863e+00
17 17 -1.000291309360969e+00 -1.903344445733805e-03 -9.489163676547613e-04 -1.007652208361217e+00
17 18 -1.000291397056252e+00 -1.903147220466769e-03 -9.495196837375609e-04 -1.007652055637095e+00
17 19 -1.000291441428199e+00 -1.902834398565706e-03 -9.501854026957812e-04 -1.007652278507969e+00
17 20 -1.000291441606911e+00 -1.902410006300589e-03 -9.509024907988923e-04 -1.007652873977755e+00
17 21 -1.000291396992301e+00 -1.901878783375256e-03 -9.516604605224753e-04 -1.007653836398140e+00
17 22 -1.000291307280351e+00 -1.901246088931728e-03 -9.524496373921913e-04 -1.007655157579084e+00
17 23 -1.000291172497277e+00 -1.900517829798856e-03 -9.532613623789673e-04 -1.007656826847612e+00
17 24 -1.000290993039542e+00 -1.899700413945390e-03 -9.540881260536810e-04 -1.007658831050225e+00
17 25 -1.000290769715096e+00 -1.898800724955271e-03 -9.549236405264127e-04 -1.007661154515175e+00
17 26 -1.000290503780362e+00 -1.897826110382790e-03 -9.557628570020584e-04 -1.007663779000297e+00
17 27 -1.000290196968062e+00 -1.896784376392821e-03 -9.566019333959206e-04 -1.007666683653962e+00
17 28 -1.000289851502297e+00 -1.895683781358705e-03 -9.574381526231343e-04 -1.007669845015675e+00
17 29 -1.000289470099449e+00 -1.894533023537654e-03 -9.582697891693015e-04 -1.007673237073877e+00
17 30 -1.000289055956118e+00 -1.893341222659798e-03 -9.590959199618217e-04 -1.007676831381129e+00
17 31 -1.000288612726628e+00 -1.892117897934362e-03 -9.599161787237373e-04 -1.007680597214557e+00
17 32 -1.000288144491956e+00 -1.890872942700831e-03 -9.607304626332376e-04 -1.007684501772448e+00
17 33 -1.000287655720496e+00 -1.889616592457861e-03 -9.615386112741388e-04 -1.007688510406362e+00
17 34 -1.000287151220846e+00 -1.888359383336133e-03 -9.623400832357079e-04 -1.007692586887293e+00
17 35 -1.000286636087439e+00 -1.887112101059111e-03 -9.631336539094650e-04 -1.007696693697476e+00
17 36 -1.000286115640155e+00 -1.885885721467297e-03 -9.639171531918879e-04 -1.007700792339592e+00
17 37 -1.000285595359096e+00 -1.884691342731729e-03 -9.646872564147373e-04 -1.007704843661207e+00
17 38 -1.000285080816515e+00 -1.883540110020898e-03 -9.654393352354835e-04 -1.007708808192229e+00
17 39 -1.000284577608676e+00 -1.882443135056773e-03 -9.661673692180980e-04 -1.007712646488281e+00
17 40 -1.000284091289245e+00 -1.881411411070385e-03 -9.668639184333248e-04 -1.007716319478165e+00
17 41 -1.000283627303115e+00 -1.880455718011730e-03 -9.675201635797703e-04 -1.007719788829985e+00
17 42 -1.000283190917928e+00 -1.879586509863780e-03 -9.681260263377251e-04 -1.007723017358836e+00
17 43 -1.000282787151556e+00 -1.878813779491422e-03 -9.686703818717401e-04 -1.007725969487224e+00
17 44 -1.000282420695922e+00 -1.878146902669280e-03 -9.691413673307826e-04 -1.007728611750849e+00
17 45 -1.000282095838979e+00 -1.877594466614781e-03 -9.695267789858600e-04 -1.007730913333367e+00
17 46 -1.000281816387804e+00 -1.877164090167081e-03 -9.698145388108529e-04 -1.007732846610964e+00
17 47 -1.000281585597216e+00 -1.876862245294045e-03 -9.699932002399960e-04 -1.007734387681124e+00
17 48 -1.000281406108952e+00 -1.876694090916540e-03 -9.700524565265648e-04 -1.007735516845569e+00
17 49 -1.000281279904636e+00 -1.876663326723580e-03 -9.699836179390630e-04 -1.007736219026761e+00
17 50 -1.000281208272797e+00 -1.876772068967885e-03 -9.697800346084913e-04 -1.007736484114269e+00
17 51 -1.000281191788760e+00 -1.877020748080050e-03 -9.694374532431463e-04 -1.007736307242693e+00
17 52 -1.000281230306913e+00 -1.877408030681368e-03 -9.689543023811091e-04 -1.007735688992478e+00
17 53 -1.000281322966070e+00 -1.877930772044793e-03 -9.683319016677229e-04 -1.007734635493534e+00
17 54 -1.000281468209107e+00 -1.878584006314782e-03 -9.675745878958595e-04 -1.007733158409711e+00
17 55 -1.000281663818317e+00 -1.879360981641948e-03 -9.666897466783257e-04 -1.007731274786178e+00
17 56 -1.000281906967864e+00 -1.880253245901309e-03 -9.656877370372551e-04 -1.007729006748919e+00
17 57 -1.000282194293168e+00 -1.881250783889069e-03 -9.645817003389049e-04 -1.007726381060963e+00
17 58 -1.000282521974112e+00 -1.882342199565062e-03 -9.633872548448098e-04 -1.007723428562408e+00
17 59 -1.000282885826519e+00 -1.883514931568852e-03 -9.621220888239106e-04 -1.007720183536770e+00
17 60 -1.000283281395891e+00 -1.884755489256551e-03 -9.608054752292733e-04 -1.007716683046169e+00
17 61 -1.000283704047930e+00 -1.886049697159231e-03 -9.594577384837444e-04 -1.007712966270712e+00
17 62 -1.000284149050981e+00 -1.887382935778533e-03 -9.580997076512465e-04 -1.007709073882356e+00
17 63 -1.000284611646754e+00 -1.888740368279631e-03 -9.567521873015438e-04 -1.007705047475901e+00
18 0 -1.000285576371059e+00 -1.890925488707883e-03 -9.521749287169450e-04 -1.007699129067350e+00
18 1 -1.000286068153426e+00 -1.892303831421265e-03 -9.509023240982130e-04 -1.007694904842687e+00
18 2 -1.000286563626006e+00 -1.893662806764376e-03 -9.496977097671917e-04 -1.007690671976034e+00
18 3 -1.000287058337235e+00 -1.894988471295084e-03 -9.485774362149100e-04 -1.007686471619113e+00
18 4 -1.000287548006071e+00 -1.896267515226344e-03 -9.475558923062928e-04 -1.007682343806075e+00
18 5 -1.000288028542504e+00 -1.897487390952513e-03 -9.466452700383282e-04 -1.007678327138618e+00
18 6 -1.000288496064041e+00 -1.898636434557816e-03 -9.458553829081604e-04 -1.007674458477663e+00
18 7 -1.000288946907141e+00 -1.899703976989740e-03 -9.451935497356015e-04 -1.007670772647628e+00
18 8 -1.000289377632034e+00 -1.900680438444899e-03 -9.446645558383447e-04 -1.007667302168477e+00
18 9 -1.000289785020634e+00 -1.901557401048287e-03 -9.442706952796769e-04 -1.007664077027324e+00
18 10 -1.000290166069246e+00 -1.902327658033304e-03 -9.440118865588674e-04 -1.007661124494151e+00
18 11 -1.000290517978767e+00 -1.902985239763029e-03 -9.438858453556393e-04 -1.007658468982787e+00
18 12 -1.000290838145369e+00 -1.903525419282036e-03 -9.438882938203448e-04 -1.007656131953943e+00
18 13 -1.000291124154716e+00 -1.903944703220259e-03 -9.440131870063875e-04 -1.007654131848136e+00
18 14 -1.000291373782225e+00 -1.904240814502867e-03 -9.442529445208967e-04 -1.007652484031919e+00
18 15 -1.000291585000095e+00 -1.904412668992748e-03 -9.445986877111391e-04 -1.007651200750398e+00
18 16 -1.000291755989353e+00 -1.904460342136883e-03 -9.450404929499810e-04 -1.007650291095392e+00
18 17 -1.000291885154094e+00 -1.904385019332650e-03 -9.455676728744076e-04 -1.007649761006423e+00
18 18 -1.000291971135805e+00 -1.904188926232000e-03 -9.461690892741175e-04 -1.007649613316272e+00
18 19 -1.000292012827514e+00 -1.903875239784884e-03 -9.468334891044254e-04 -1.007649847841688e+00
18 20 -1.000292009389100e+00 -1.903447985684134e-03 -9.475498442189665e-04 -1.007650461508219e+00
18 21 -1.000291960266185e+00 -1.902911932711275e-03 -9.483076688893220e-04 -1.007651448485941e+00
18 22 -1.000291865215022e+00 -1.902272497214128e-03 -9.490972893728860e-04 -1.007652800304928e+00
18 23 -1.000291724334393e+00 -1.901535668507655e-03 -9.499100479316466e-04 -1.007654505924581e+00
18 24 -1.000291538102955e+00 -1.900707959006787e-03 -9.507384365614902e-04 -1.007656551749374e+00
18 25 -1.000291307418090e+00 -1.899796375931715e-03 -9.515761662601399e-04 -1.007658921603342e+00
18 26 -1.000291033631095e+00 -1.898808407641449e-03 -9.524181811328985e-04 -1.007661596687520e+00
18 27 -1.000290718573602e+00 -1.897752016415278e-03 -9.532606239731328e-04 -1.007664555549089e+00
18 28 -1.000290364571364e+00 -1.896635629902020e-03 -9.541007548977738e-04 -1.007667774090071e+00
18 29 -1.000289974443794e+00 -1.895468126350817e-03 -9.549368198851870e-04 -1.007671225633519e+00
18 30 -1.000289551490272e+00 -1.894258813452851e-03 -9.557678639421344e-04 -1.007674881048127e+00
18 31 -1.000289099465703e+00 -1.893017403289589e-03 -9.565934870779533e-04 -1.007678708919837e+00
18 32 -1.000288622547376e+00 -1.891753984104752e-03 -9.574135509572658e-04 -1.007682675760026e+00
18 33 -1.000288125294047e+00 -1.890478986323499e-03 -9.582278555615198e-04 -1.007686746247161e+00
18 34 -1.000287612597614e+00 -1.889203139730054e-03 -9.590358119911536e-04 -1.007690883500217e+00
18 35 -1.000287089628057e+00 -1.887937420820808e-03 -9.598361372166368e-04 -1.007695049377844e+00
18 36 -1.000286561772630e+00 -1.886692990882919e-03 -9.606265913739861e-04 -1.007699204795901e+00
18 37 -1.000286034570620e+00 -1.885481125591919e-03 -9.614037709201416e-04 -1.007703310058842e+00
18 38 -1.000285513645696e+00 -1.884313137630274e-03 -9.621629632155572e-04 -1.007707325200867e+00
18 39 -1.000285004638210e+00 -1.883200294554064e-03 -9.628980623424516e-04 -1.007711210331490e+00
18 40 -1.000284513138762e+00 -1.882153732110234e-03 -9.636015456013685e-04 -1.007714925985596e+00
18 41 -1.000284044622179e+00 -1.881184358568769e-03 -9.642645155575895e-04 -1.007718433490838e+00
18 42 -1.000283604379580e+00 -1.880302742749870e-03 -9.648768190499582e-04 -1.007721695372536e+00
18 43 -1.000283197446733e+00 -1.879518980414985e-03 -9.654272561481966e-04 -1.007724675809214e+00
18 44 -1.000282828528528e+00 -1.878842538742546e-03 -9.659038860721544e-04 -1.007727341136782e+00
18 45 -1.000282501921212e+00 -1.878282083393771e-03 -9.662944251363581e-04 -1.007729660386772e+00
18 46 -1.000282221435612e+00 -1.877845296363408e-03 -9.665867173794970e-04 -1.007731605835758e+00
18 47 -1.000281990326004e+00 -1.877538695538680e-03 -9.667692460281977e-04 -1.007733153536726e+00
18 48 -1.000281811229428e+00 -1.877367467093566e-03 -9.668316478892761e-04 -1.007734283802910e+00
18 49 -1.000281686118531e+00 -1.877335318358334e-03 -9.667651956346821e-04 -1.007734981624511e+00
18 50 -1.000281616268509e+00 -1.877444353987705e-03 -9.665632228946797e-04 -1.007735237012478e+00
18 51 -1.000281602237292e+00 -1.877694975946575e-03 -9.662214789929712e-04 -1.007735045268931e+00
18 52 -1.000281643858331e+00 -1.878085808963663e-03 -9.657384089359918e-04 -1.007734407178174e+00
18 53 -1.000281740246246e+00 -1.878613655684482e-03 -9.651153570136752e-04 -1.007733329103341e+00
18 54 -1.000281889816448e+00 -1.879273488126623e-03 -9.643566891471846e-04 -1.007731822968183e+00
18 55 -1.000282090320413e+00 -1.880058483338964e-03 -9.634698233702051e-04 -1.007729906103219e+00
18 56 -1.000282338898117e+00 -1.880960109649687e-03 -9.624651550930823e-04 -1.007727600943208e+00
18 57 -1.000282632147290e+00 -1.881968264337240e-03 -9.613558677378282e-04 -1.007724934581115e+00
18 58 -1.000282966206397e+00 -1.883071456307018e-03 -9.601576288362939e-04 -1.007721938206049e+00
18 59 -1.000283336845992e+00 -1.884257022603784e-03 -9.588881830075723e-04 -1.007718646466136e+00
18 60 -1.000283739562597e+00 -1.885511366306675e-03 -9.575668640271048e-04 -1.007715096798113e+00
18 61 -1.000284169669507e+00 -1.886820203018231e-03 -9.562140573669116e-04 -1.007711328761041e+00
18 62 -1.000284622379505e+00 -1.888168802951285e-03 -9.548506492688917e-04 -1.007707383406910e+00
18 63 -1.000285092875922e+00 -1.889542217989160e-03 -9.534974950496893e-04 -1.007703302710930e+00
19 0 -1.000286018497001e+00 -1.891766715445118e-03 -9.486332231061064e-04 -1.007697408886427e+00
19 1 -1.000286518090695e+00 -1.893160978809050e-03 -9.473566451753441e-04 -1.007693131036848e+00
19 2 -1.000287021479141e+00 -1.894536397984225e-03 -9.461476217514033e-04 -1.007688843599802e+00
19 3 -1.000287524144728e+00 -1.895878911884598e-03 -9.450225225767414e-04 -1.007684588127220e+00
19 4 -1.000288021735668e+00 -1.897175081950384e-03 -9.439957645337581e-04 -1.007680405083452e+00
19 5 -1.000288510085966e+00 -1.898412218861834e-03 -9.430795781661626e-04 -1.007676333535620e+00
19 6 -1.000288985231603e+00 -1.899578502876227e-03 -9.422838257173445e-04 -1.007672410849123e+00
19 7 -1.000289443422639e+00 -1.900663095737578e-03 -9.416158824506998e-04 -1.007668672389853e+00
19 8 -1.000289881129875e+00 -1.901656238053657e-03 -9.410805940124305e-04 -1.007665151246867e+00
19 9 -1.000290295045265e+00 -1.902549326074140e-03 -9.406803153279192e-04 -1.007661877990862e+00
19 10 -1.000290682077134e+00 -1.903334964957359e-03 -9.404150248022782e-04 -1.007658880476633e+00
19 11 -1.000291039342760e+00 -1.904006998844590e-03 -9.402824974372870e-04 -1.007656183690578e+00
19 12 -1.000291364161213e+00 -1.904560520509961e-03 -9.402785154620503e-04 -1.007653809639838e+00
19 13 -1.000291654049134e+00 -1.904991865646731e-03 -9.403970962553915e-04 -1.007651777273753e+00
19 14 -1.000291906721805e+00 -1.905298597730316e-03 -9.406307248509773e-04 -1.007650102423093e+00
19 15 -1.000292120100775e+00 -1.905479486573917e-03 -9.409705902593883e-04 -1.007648797746897e+00
19 16 -1.000292292327079e+00 -1.905534478104347e-03 -9.414068356096256e-04 -1.007647872691291e+00
19 17 -1.000292421777240e+00 -1.905464649060575e-03 -9.419288350703492e-04 -1.007647333477224e+00
19 18 -1.000292507079390e+00 -1.905272141490981e-03 -9.425255034667630e-04 -1.007647183132878e+00
19 19 -1.000292547128799e+00 -1.904960076927891e-03 -9.431856314755985e-04 -1.007647421574058e+00
19 20 -1.000292541104043e+00 -1.904532455845979e-03 -9.438982267364470e-04 -1.007648045721670e+00
19 21 -1.000292488485936e+00 -1.903994052627038e-03 -9.446528339440918e-04 -1.007649049634594e+00
19 22 -1.000292389081207e+00 -1.903350318648982e-03 -9.454398072444933e-04 -1.007650424629705e+00
19 23 -1.000292243052042e+00 -1.902607304627132e-03 -9.462505161715798e-04 -1.007652159362539e+00
19 24 -1.000292050950795e+00 -1.901771607498002e-03 -9.470774790708139e-04 -1.007654239856117e+00
19 25 -1.000291813756596e+00 -1.900850339673254e-03 -9.479144296552152e-04 -1.007656649486430e+00
19 26 -1.000291532908706e+00 -1.899851113306925e-03 -9.487563276250817e-04 -1.007659368949548e+00
19 27 -1.000291210331300e+00 -1.898782030783678e-03 -9.495993220705188e-04 -1.007662376240631e+00
19 28 -1.000290848445834e+00 -1.897651673886881e-03 -9.504406700048397e-04 -1.007665646671435e+00
19 29 -1.000290450169394e+00 -1.896469086978223e-03 -9.512786063777640e-04 -1.007669152943593e+00
19 30 -1.000290018899611e+00 -1.895243753339676e-03 -9.521121596285126e-04 -1.007672865281424e+00
19 31 -1.000289558488239e+00 -1.893985566700868e-03 -9.529409101778444e-04 -1.007676751615308e+00
19 32 -1.000289073205846e+00 -1.892704799641257e-03 -9.537646982689802e-04 -1.007680777802554e+00
19 33 -1.000288567699199e+00 -1.891412067575027e-03 -9.545832991575357e-04 -1.007684907878298e+00
19 34 -1.000288046941881e+00 -1.890118284892225e-03 -9.553960923107033e-04 -1.007689104335124e+00
19 35 -1.000287516178479e+00 -1.888834610820140e-03 -9.562017527697024e-04 -1.007693328429238e+00
19 36 -1.000286980863265e+00 -1.887572385188555e-03 -9.569979872595607e-04 -1.007697540506245e+00
19 37 -1.000286446595019e+00 -1.886343055895481e-03 -9.577813285556689e-04 -1.007701700338350e+00
19 38 -1.000285919049940e+00 -1.885158100025955e-03 -9.585469929291917e-04 -1.007705767467753e+00
19 39 -1.000285403914424e+00 -1.884028940117445e-03 -9.592887998738082e-04 -1.007709701554155e+00
19 40 -1.000284906818752e+00 -1.882966855615630e-03 -9.599991525547479e-04 -1.007713462728002e+00
19 41 -1.000284433271239e+00 -1.881982886375810e-03 -9.606690819206770e-04 -1.007717011958753e+00
19 42 -1.000283988590956e+00 -1.881087721741526e-03 -9.612883644915100e-04 -1.007720311455763e+00
19 43 -1.000283577836907e+00 -1.880291568605182e-03 -9.618457278213292e-04 -1.007723325118631e+00
19 44 -1.000283205732957e+00 -1.879603996188724e-03 -9.623291534837359e-04 -1.007726019040576e+00
19 45 -1.000282876590196e+00 -1.879033761711075e-03 -9.627262747914543e-04 -1.007728362050403e+00
19 46 -1.000282594230339e+00 -1.878588626257004e-03 -9.630248501543571e-04 -1.007730326266097e+00
19 47 -1.000282361914835e+00 -1.878275172420207e-03 -9.632132794977493e-04 -1.007731887629110e+00
19 48 -1.000282182284167e+00 -1.878098634701529e-03 -9.632811249187282e-04 -1.007733026391137e+00
19 49 -1.000282057310417e+00 -1.878062750744027e-03 -9.632195989163552e-04 -1.007733727533212e+00
19 50 -1.000281988264100e+00 -1.878169637450386e-03 -9.630219927264405e-04 -1.007733981107925e+00
19 51 -1.000281975694603e+00 -1.878419692921958e-03 -9.626840300827691e-04 -1.007733782503353e+00
19 52 -1.000282019423290e+00 -1.878811524764069e-03 -9.622041428473902e-04 -1.007733132626123e+00
19 53 -1.000282118549320e+00 -1.879341907639949e-03 -9.615836693430980e-04 -1.007732037992268e+00
19 54 -1.000282271469325e+00 -1.880005776266552e-03 -9.608269727271202e-04 -1.007730510705681e+00
19 55 -1.000282475912735e+00 -1.880796261877198e-03 -9.599414697791142e-04 -1.007728568302436e+00
19 56 -1.000282728994067e+00 -1.881704778577084e-03 -9.589375567635179e-04 -1.007726233447792e+00
19 57 -1.000283027281872e+00 -1.882721160776743e-03 -9.578284221835870e-04 -1.007723533490323e+00
19 58 -1.000283366881513e+00 -1.883833846159288e-03 -9.566297449987599e-04 -1.007720499898158e+00
19 59 -1.000283743526591e+00 -1.885030093468481e-03 -9.553592881455857e-04 -1.007717167617272e+00
19 60 -1.000284152672928e+00 -1.886296222052129e-03 -9.540364089993146e-04 -1.007713574395872e+00
19 61 -1.000284589589294e+00 -1.887617859574349e-03 -9.526815187914328e-04 -1.007709760114868e+00
19 62 -1.000285049440129e+00 -1.888980184895682e-03 -9.513155282071096e-04 -1.007705766156692e+00
19 63 -1.000285527356924e+00 -1.890368155712446e-03 -9.499593130423303e-04 -1.007701634834121e+00
20 0 -1.000286409729295e+00 -1.892622276964739e-03 -9.448455908920963e-04 -1.007695785376183e+00
20 1 -1.000286916755103e+00 -1.894031325347112e-03 -9.435671586979988e-04 -1.007691456634893e+00
20 2 -1.000287427777924e+00 -1.895422292816610e-03 -9.423555616172499e-04 -1.007687116595002e+00
20 3 -1.000287938218006e+00 -1.896781010697998e-03 -9.412271670448903e-04 -1.007682807189925e+00
20 4 -1.000288443655879e+00 -1.898093919403490e-03 -9.401964014944796e-04 -1.007678569302437e+00
20 5 -1.000288939851551e+00 -1.899348192773665e-03 -9.392755200482618e-04 -1.007674442461587e+00
20 6 -1.000289422760292e+00 -1.900531856959430e-03 -9.384744250123937e-04 -1.007670464542340e+00
20 7 -1.000289888545337e+00 -1.901633903054960e-03 -9.378005450727499e-04 -1.007666671465371e+00
20 8 -1.000290333586241e+00 -1.902644387309317e-03 -9.372587886906381e-04 -1.007663096910795e+00
20 9 -1.000290754481598e+00 -1.903554511769262e-03 -9.368515791479588e-04 -1.007659772064518e+00
20 10 -1.000291148046808e+00 -1.904356681846437e-03 -9.365789664218835e-04 -1.007656725406937e+00
20 11 -1.000291511309332e+00 -1.905044541147894e-03 -9.364387997299481e-04 -1.007653982544747e+00
20 12 -1.000291841503988e+00 -1.905612985819877e-03 -9.364269388772391e-04 -1.007651566084295e+00
20 13 -1.000292136070423e+00 -1.906058162417387e-03 -9.365374834753121e-04 -1.007649495541030e+00
20 14 -1.000292392655118e+00 -1.906377455113235e-03 -9.367630062654003e-04 -1.007647787271280e+00
20 15 -1.000292609119778e+00 -1.906569466578937e-03 -9.370947885607918e-04 -1.007646454412118e+00
20 16 -1.000292783555756e+00 -1.906633991133755e-03 -9.375230673207839e-04 -1.007645506830150e+00
20 17 -1.000292914301689e+00 -1.906571973640576e-03 -9.380373076584928e-04 -1.007644951096740e+00
20 18 -1.000292999961366e+00 -1.906385448215539e-03 -9.386265083628326e-04 -1.007644790507797e+00
20 19 -1.000293039420922e+00 -1.906077456184327e-03 -9.392795347726171e-04 -1.007645025152267e+00
20 20 -1.000293031866292e+00 -1.905651948428671e-03 -9.399854599817361e-04 -1.007645652019773e+00
20 21 -1.000292976802430e+00 -1.905113681385403e-03 -9.407338871144358e-04 -1.007646665129442e+00
20 22 -1.000292874075867e+00 -1.904468118759213e-03 -9.415152247071354e-04 -1.007648055654474e+00
20 23 -1.000292723902056e+00 -1.903721350930499e-03 -9.423208946326830e-04 -1.007649812013681e+00
20 24 -1.000292526897636e+00 -1.902880038851252e-03 -9.431434652551183e-04 -1.007651919912344e+00
20 25 -1.000292284114828e+00 -1.901951380853997e-03 -9.439767156037564e-04 -1.007654362338486e+00
20 26 -1.000291997072838e+00 -1.900943094638151e-03 -9.448156428021987e-04 -1.007657119540361e+00
20 27 -1.000291667780913e+00 -1.899863405442846e-03 -9.456564229570995e-04 -1.007660169015586e+00
20 28 -1.000291298749332e+00 -1.898721033093555e-03 -9.464963288505351e-04 -1.007663485537127e+00
20 29 -1.000290892986612e+00 -1.897525173069723e-03 -9.473336011474588e-04 -1.007667041233789e+00
20 30 -1.000290453983019e+00 -1.896285470107231e-03 -9.481672667647416e-04 -1.007670805731672e+00
20 31 -1.000289985682317e+00 -1.895011986347601e-03 -9.489969004953434e-04 -1.007674746348673e+00
20 32 -1.000289492444469e+00 -1.893715166623080e-03 -9.498223346167399e-04 -1.007678828326673e+00
20 33 -1.000288979001301e+00 -1.892405800241663e-03 -9.506433334849487e-04 -1.007683015091731e+00
20 34 -1.000288450405800e+00 -1.891094975523354e-03 -9.514592600967717e-04 -1.007687268541477e+00
20 35 -1.000287911975396e+00 -1.889794024121407e-03 -9.522687641289354e-04 -1.007691549358524e+00
20 36 -1.000287369230324e+00 -1.888514455332701e-03 -9.530695156898312e-04 -1.007695817341973e+00
20 37 -1.000286827828710e+00 -1.887267882261879e-03 -9.538579995673181e-04 -1.007700031748099e+00
20 38 -1.000286293499941e+00 -1.886065941392176e-03 -9.546293750820061e-04 -1.007704151636444e+00
20 39 -1.000285771977757e+00 -1.884920206922123e-03 -9.553773997078264e-04 -1.007708136220522e+00
20 40 -1.000285268934198e+00 -1.883842100753000e-03 -9.560944130146728e-04 -1.007711945222965e+00
20 41 -1.000284789914244e+00 -1.882842795921048e-03 -9.567713823124351e-04 -1.007715539242031e+00
20 42 -1.000284340269185e+00 -1.881933106734076e-03 -9.573980195771814e-04 -1.007718880148223e+00
20 43 -1.000283925086275e+00 -1.881123357850169e-03 -9.579629842443611e-04 -1.007721931531548e+00
20 44 -1.000283549113946e+00 -1.880423229322795e-03 -9.584541829619922e-04 -1.007724659204563e+00
20 45 -1.000283216684465e+00 -1.879841581753329e-03 -9.588591653170584e-04 -1.007727031745763e+00
20 46 -1.000282931637631e+00 -1.879386270717301e-03 -9.591655982847698e-04 -1.007729021056124e+00
20 47 -1.000282697249860e+00 -1.879063961837283e-03 -9.593617873977712e-04 -1.007730602898788e+00
20 48 -1.000282516173121e+00 -1.878879958215984e-03 -9.594372042537535e-04 -1.007731757392162e+00
20 49 -1.000282390387221e+00 -1.878838049829231e-03 -9.593829809375754e-04 -1.007732469432101e+00
20 50 -1.000282321166694e+00 -1.878940389682761e-03 -9.591923418285195e-04 -1.007732729032091e+00
20 51 -1.000282309061368e+00 -1.879187397038400e-03 -9.588609575778097e-04 -1.007732531582511e+00
20 52 -1.000282353889458e+00 -1.879577687428171e-03 -9.583872181229178e-04 -1.007731878029209e+00
20 53 -1.000282454743388e+00 -1.880108032217505e-03 -9.577724265369138e-04 -1.007730774959914e+00
20 54 -1.000282610009705e+00 -1.880773353687780e-03 -9.570209128141738e-04 -1.007729234577974e+00
20 55 -1.000282817404568e+00 -1.881566762673398e-03 -9.561400601391714e-04 -1.007727274544017e+00
20 56 -1.000283074025800e+00 -1.882479644581766e-03 -9.551402313370929e-04 -1.007724917674172e+00
20 57 -1.000283376421392e+00 -1.883501795977340e-03 -9.540345842543686e-04 -1.007722191496401e+00
20 58 -1.000283720672107e+00 -1.884621607718533e-03 -9.528387725071380e-04 -1.007719127685443e+00
20 59 -1.000284102483072e+00 -1.885826284060963e-03 -9.515705400464840e-04 -1.007715761416230e+00
20 60 -1.000284517277770e+00 -1.887102083520877e-03 -9.502492309937061e-04 -1.007712130683883e+00
20 61 -1.000284960288550e+00 -1.888434567323907e-03 -9.488952470490396e-04 -1.007708275632178e+00
20 62 -1.000285426639210e+00 -1.889808842871203e-03 -9.475294902089375e-04 -1.007704237921063e+00
20 63 -1.000285911416548e+00 -1.891209791894223e-03 -9.461728258448507e-04 -1.007700060154197e+00
21 0 -1.000286746889487e+00 -1.893483609579248e-03 -9.408501484010789e-04 -1.007694273550195e+00
21 1 -1.000287260890329e+00 -1.894906158363886e-03 -9.395720075229640e-04 -1.007689897157098e+00
21 2 -1.000287779184048e+00 -1.896311618261086e-03 -9.383597176287390e-04 -1.007685507017476e+00
21 3 -1.000288297133292e+00 -1.897685724057156e-03 -9.372296216507780e-04 -1.007681145424142e+00
21 4 -1.000288810254583e+00 -1.899014803822462e-03 -9.361961366184973e-04 -1.007676853663496e+00
21 5 -1.000289314236775e+00 -1.900285900881033e-03 -9.352715267821290e-04 -1.007672671718475e+00
21 6 -1.000289804956425e+00 -1.901486891230982e-03 -9.344657237513152e-04 -1.007668637971734e+00
21 7 -1.000290278490844e+00 -1.902606596402733e-03 -9.337862042793206e-04 -1.007664788904194e+00
21 8 -1.000290731127775e+00 -1.903634885833129e-03 -9.332379400523548e-04 -1.007661158801938e+00
21 9 -1.000291159370310e+00 -1.904562761331926e-03 -9.328234285035147e-04 -1.007657779490596e+00
21 10 -1.000291559937419e+00 -1.905382419578055e-03 -9.325428013641675e-04 -1.007654680108330e+00
21 11 -1.000291929762043e+00 -1.906087292200918e-03 -9.323939955898598e-04 -1.007651886920560e+00
21 12 -1.000292265988817e+00 -1.906672064832124e-03 -9.323729648072541e-04 -1.007649423177786e+00
21 13 -1.000292565973379e+00 -1.907132678679149e-03 -9.324739096231012e-04 -1.007647309012778e+00
21 14 -1.000292827285624e+00 -1.907466320682179e-03 -9.326895116955183e-04 -1.007645561362789e+00
21 15 -1.000293047719084e+00 -1.907671407230856e-03 -9.330111682644436e-04 -1.007644193900833e+00
21 16 -1.000293225306388e+00 -1.907747560573073e-03 -9.334292361524702e-04 -1.007643216975176e+00
21 17 -1.000293358338302e+00 -1.907695571645601e-03 -9.339332996382443e-04 -1.007642637573411e+00
21 18 -1.000293445383483e+00 -1.907517343306379e-03 -9.345124711456331e-04 -1.007642459328898e+00
21 19 -1.000293485307679e+00 -1.907215812773445e-03 -9.351557206432570e-04 -1.007642682575380e+00
21 20 -1.000293477292663e+00 -1.906794857312247e-03 -9.358522158266126e-04 -1.007643304443844e+00
21 21 -1.000293420855850e+00 -1.906259191526452e-03 -9.365916457954791e-04 -1.007644318987014e+00
21 22 -1.000293315872058e+00 -1.905614268241994e-03 -9.373644990015157e-04 -1.007645717306777e+00
21 23 -1.000293162599140e+00 -1.904866195603434e-03 -9.381622731810571e-04 -1.007647487654128e+00
21 24 -1.000292961707943e+00 -1.904021677962077e-03 -9.389776087991121e-04 -1.007649615481742e+00
21 25 -1.000292714314269e+00 -1.903087979674206e-03 -9.398043515718878e-04 -1.007652083452874e+00
21 26 -1.000292422008164e+00 -1.902072904629510e-03 -9.406375568815077e-04 -1.007654871429979e+00
21 27 -1.000292086875423e+00 -1.900984782597795e-03 -9.414734475691606e-04 -1.007657956472368e+00
21 28 -1.000291711507405e+00 -1.899832454464665e-03 -9.423093301254306e-04 -1.007661312869562e+00
21 29 -1.000291298996975e+00 -1.898625250798632e-03 -9.431434670295071e-04 -1.007664912230218e+00
21 30 -1.000290852920526e+00 -1.897372962321576e-03 -9.439748983079771e-04 -1.007668723633422e+00
21 31 -1.000290377308086e+00 -1.896085804958393e-03 -9.448032066132830e-04 -1.007672713833005e+00
21 32 -1.000289876604330e+00 -1.894774382394133e-03 -9.456282289947938e-04 -1.007676847499127e+00
21 33 -1.000289355622462e+00 -1.893449645331175e-03 -9.464497317991826e-04 -1.007681087488258e+00
21 34 -1.000288819491891e+00 -1.892122843788208e-03 -9.472670756881253e-04 -1.007685395140184e+00
21 35 -1.000288273600520e+00 -1.890805470002520e-03 -9.480789006598969e-04 -1.007689730598251e+00
21 36 -1.000287723532980e+00 -1.889509192135370e-03 -9.488828566223434e-04 -1.007694053144023e+00
21 37 -1.000287175006051e+00 -1.888245779681188e-03 -9.496753963459237e-04 -1.007698321539983e+00
21 38 -1.000286633802354e+00 -1.887027021409625e-03 -9.504516369760659e-04 -1.007702494378970e+00
21 39 -1.000286105703717e+00 -1.885864637858393e-03 -9.512052871347413e-04 -1.007706530438062e+00
21 40 -1.000285596425621e+00 -1.884770190498417e-03 -9.519286339485066e-04 -1.007710389033572e+00
21 41 -1.000285111552516e+00 -1.883754985562577e-03 -9.526125900754209e-04 -1.007714030384138e+00
21 42 -1.000284656471705e+00 -1.882829964956817e-03 -9.532468101860299e-04 -1.007717416003843e+00
21 43 -1.000284236303257e+00 -1.882005575974449e-03 -9.538198915146881e-04 -1.007720509147555e+00
21 44 -1.000283855825507e+00 -1.881291616948693e-03 -9.543196699070272e-04 -1.007723275312716e+00
21 45 -1.000283519398135e+00 -1.880697062603901e-03 -9.547336122140083e-04 -1.007725682782359e+00
21 46 -1.000283230886062e+00 -1.880229877175425e-03 -9.550492906151768e-04 -1.007727703184839e+00
21 47 -1.000282993588245e+00 -1.879896826384159e-03 -9.552549080424253e-04 -1.007729312041106e+00
21 48 -1.000282810176098e+00 -1.879703301415581e-03 -9.553398324270171e-04 -1.007730489265874e+00
21 49 -1.000282682645509e+00 -1.879653166256244e-03 -9.552950973002423e-04 -1.007731219593645e+00
21 50 -1.000282612283714e+00 -1.879748633479728e-03 -9.551138376049083e-04 -1.007731492918197e+00
21 51 -1.000282599649815e+00 -1.879990167978214e-03 -9.547916452949854e-04 -1.007731304549527e+00
21 52 -1.000282644567720e+00 -1.880376418019389e-03 -9.543268413070721e-04 -1.007730655389737e+00
21 53 -1.000282746131952e+00 -1.880904176615445e-03 -9.537206656001221e-04 -1.007729552015506e+00
21 54 -1.000282902727764e+00 -1.881568378694244e-03 -9.529773860219151e-04 -1.007728006647419e+00
21 55 -1.000283112066727e+00 -1.882362139826966e-03 -9.521043215594330e-04 -1.007726036989769e+00
21 56 -1.000283371238553e+00 -1.883276841835030e-03 -9.511117692903746e-04 -1.007723665930531e+00
21 57 -1.000283676779257e+00 -1.884302268509784e-03 -9.500128225391081e-04 -1.007720921099952e+00
21 58 -1.000284024753623e+00 -1.885426788713222e-03 -9.488230743316219e-04 -1.007717834304866e+00
21 59 -1.000284410846807e+00 -1.886637576312708e-03 -9.475602134811996e-04 -1.007714440878867e+00
21 60 -1.000284830458267e+00 -1.887920851950586e-03 -9.462435348133289e-04 -1.007710778998983e+00
21 61 -1.000285278792065e+00 -1.889262132115026e-03 -9.448933957524393e-04 -1.007706889011996e+00
21 62 -1.000285750939276e+00 -1.890646473107197e-03 -9.435306568930577e-04 -1.007702812800579e+00
21 63 -1.000286241949458e+00 -1.892058699414089e-03 -9.421761426147451e-04 -1.007698593210554e+00
22 0 -1.000287027383972e+00 -1.894342226995644e-03 -9.366874617471983e-04 -1.007692886479317e+00
22 1 -1.000287547835701e+00 -1.895776867174028e-03 -9.354117386829612e-04 -1.007688466109293e+00
22 2 -1.000288072964510e+00 -1.897195625385223e-03 -9.342006397553387e-04 -1.007684028844878e+00
22 3 -1.000288598080407e+00 -1.898584151490400e-03 -9.330704614112648e-04 -1.007679617314145e+00
22 4 -1.000289118640146e+00 -1.899928670816010e-03 -9.320355916679277e-04 -1.007675273189328e+00
22 5 -1.000289630265106e+00 -1.901216104016013e-03 -9.311082874952240e-04 -1.007671036894285e+00
22 6 -1.000290128756178e+00 -1.902434182780553e-03 -9.302984974780287e-04 -1.007666947311398e+00
22 7 -1.000290610106778e+00 -1.903571562163322e-03 -9.296137392633388e-04 -1.007663041481087e+00
22 8 -1.000291070513514e+00 -1.904617924649217e-03 -9.290590461533141e-04 -1.007659354303271e+00
22 9 -1.000291506383302e+00 -1.905564068629370e-03 -9.286369933741022e-04 -1.007655918258990e+00
22 10 -1.000291914336732e+00 -1.906401976105825e-03 -9.283478026207993e-04 -1.007652763166682e+00
22 11 -1.000292291208904e+00 -1.907124857958745e-03 -9.281895105808088e-04 -1.007649915980391e+00
22 12 -1.000292634049575e+00 -1.907727177730985e-03 -9.281581796849506e-04 -1.007647400632486e+00
22 13 -1.000292940124524e+00 -1.908204657471525e-03 -9.282481289170336e-04 -1.007645237916827e+00
22 14 -1.000293206920419e+00 -1.908554271483817e-03 -9.284521685221635e-04 -1.007643445399131e+00
22 15 -1.000293432155205e+00 -1.908774232905742e-03 -9.287618338622413e-04 -1.007642037339579e+00
22 16 -1.000293613794361e+00 -1.908863973020435e-03 -9.291676264048076e-04 -1.007641024624646e+00
22 17 -1.000293750071287e+00 -1.908824108073609e-03 -9.296592765270457e-04 -1.007640414720313e+00
22 18 -1.000293839509131e+00 -1.908656387589602e-03 -9.302260386006747e-04 -1.007640211663560e+00
22 19 -1.000293880942188e+00 -1.908363621746603e-03 -9.308570160297696e-04 -1.007640416101962e+00
22 20 -1.000293873536360e+00 -1.907949590574692e-03 -9.315414993831216e-04 -1.007641025379897e+00
22 21 -1.000293816809387e+00 -1.907418942956522e-03 -9.322692903830429e-04 -1.007642033657915e+00
22 22 -1.000293710652327e+00 -1.906777097535099e-03 -9.330309817286864e-04 -1.007643432040174e+00
22 23 -1.000293555353958e+00 -1.906030158142161e-03 -9.338181691562566e-04 -1.007645208680261e+00
22 24 -1.000293351628533e+00 -1.905184851590249e-03 -9.346235858795666e-04 -1.007647348845494e+00
22 25 -1.000293100645139e+00 -1.904248488016476e-03 -9.354411641157481e-04 -1.007649834939941e+00
22 26 -1.000292804054793e+00 -1.903228937801584e-03 -9.362660367029887e-04 -1.007652646504603e+00
22 27 -1.000292464010524e+00 -1.902134616262691e-03 -9.370944916367318e-04 -1.007655760222826e+00
22 28 -1.000292083176108e+00 -1.900974467215649e-03 -9.379238863868890e-04 -1.007659149960471e+00
22 29 -1.000291664720783e+00 -1.899757939078692e-03 -9.387525209399588e-04 -1.007662786863314e+00
22 30 -1.000291212299839e+00 -1.898494952284313e-03 -9.395794623548973e-04 -1.007666639517897e+00
22 31 -1.000290730023208e+00 -1.897195861229056e-03 -9.404043136410081e-04 -1.007670674165243e+00
22 32 -1.000290222414837e+00 -1.895871413869816e-03 -9.412269284955064e-04 -1.007674854951949e+00
22 33 -1.000289694364768e+00 -1.894532708214007e-03 -9.420470873574278e-04 -1.007679144210282e+00
22 34 -1.000289151075168e+00 -1.893191142455978e-03 -9.428641614976484e-04 -1.007683502764218e+00
22 35 -1.000288598001636e+00 -1.891858356716783e-03 -9.436767953850549e-04 -1.007687890255505e+00
22 36 -1.000288040791199e+00 -1.890546166273659e-03 -9.444826340271929e-04 -1.007692265481146e+00
22 37 -1.000287485217974e+00 -1.889266486369112e-03 -9.452781138640717e-04 -1.007696586738040e+00
22 38 -1.000286937117238e+00 -1.888031249062760e-03 -9.460583246562763e-04 -1.007700812174489e+00
22 39 -1.000286402319289e+00 -1.886852314578312e-03 -9.468169391026499e-04 -1.007704900145177e+00
22 40 -1.000285886584452e+00 -1.885741379881550e-03 -9.475462029035277e-04 -1.007708809565193e+00
22 41 -1.000285395538968e+00 -1.884709882667238e-03 -9.482369836408319e-04 -1.007712500270460e+00
22 42 -1.000284934609330e+00 -1.883768893016024e-03 -9.488788869917326e-04 -1.007715933407402e+00
22 43 -1.000284508952586e+00 -1.882928984195301e-03 -9.494604547503728e-04 -1.007719071874787e+00
22 44 -1.000284123382195e+00 -1.882200079278753e-03 -9.499694568209124e-04 -1.007721880823096e+00
22 45 -1.000283782291310e+00 -1.881591276570895e-03 -9.503932799066251e-04 -1.007724328197997e+00
22 46 -1.000283489576625e+00 -1.881110661275977e-03 -9.507194008380605e-04 -1.007726385304514e+00
22 47 -1.000283248566875e+00 -1.880765114633172e-03 -9.509359148703030e-04 -1.007728027361643e+00
22 48 -1.000283061960830e+00 -1.880560134573430e-03 -9.510320756668193e-04 -1.007729234011429e+00
22 49 -1.000282931778867e+00 -1.880499680305537e-03 -9.509988022969621e-04 -1.007729989751170e+00
22 50 -1.000282859329485e+00 -1.880586046584581e-03 -9.508291202652624e-04 -1.007730284275978e+00
22 51 -1.000282845189623e+00 -1.880819767336251e-03 -9.505185200107420e-04 -1.007730112735242e+00
22 52 -1.000282889197576e+00 -1.881199547800988e-03 -9.500652286466047e-04 -1.007729475905350e+00
22 53 -1.000282990458846e+00 -1.881722227602418e-03 -9.494703966866676e-04 -1.007728380268398e+00
22 54 -1.000283147366228e+00 -1.882382779415036e-03 -9.487382023609728e-04 -1.007726837979273e+00
22 55 -1.000283357635289e+00 -1.883174348345016e-03 -9.478758719381088e-04 -1.007724866705423e+00
22 56 -1.000283618356052e+00 -1.884088337300388e-03 -9.468936068770829e-04 -1.007722489328233e+00
22 57 -1.000283926061005e+00 -1.885114542126963e-03 -9.458044043534282e-04 -1.007719733503124e+00
22 58 -1.000284276807430e+00 -1.886241334424297e-03 -9.446237633884990e-04 -1.007716631094220e+00
22 59 -1.000284666268890e+00 -1.887455881721876e-03 -9.433692830542548e-04 -1.007713217523202e+00
22 60 -1.000285089829055e+00 -1.888744389768070e-03 -9.420601741976809e-04 -1.007709531083518e+00
22 61 -1.000285542671798e+00 -1.890092352067133e-03 -9.407167164019718e-04 -1.007705612264476e+00
22 62 -1.000286019863331e+00 -1.891484794138865e-03 -9.393596971810736e-04 -1.007701503116407e+00
22 63 -1.000286516423405e+00 -1.892906501914104e-03 -9.380098702501968e-04 -1.007697246678352e+00
23 0 -1.000287249201093e+00 -1.895189803132153e-03 -9.324000804959853e-04 -1.007691635248274e+00
23 1 -1.000287775524170e+00 -1.896635026946484e-03 -9.311288385053457e-04 -1.007687174935354e+00
23 2 -1.000288306990541e+00 -1.898065774417870e-03 -9.299207755584049e-04 -1.007682693924743e+00
23 3 -1.000288838862911e+00 -1.899467622649114e-03 -9.287921200043702e-04 -1.007678235153466e+00
23 4 -1.000289366543118e+00 -1.900826704917933e-03 -9.277572111036653e-04 -1.007673840658004e+00
23 5 -1.000289885589462e+00 -1.902129828290332e-03 -9.268282815606426e-04 -1.007669551286011e+00
23 6 -1.000290391730946e+00 -1.903364587228884e-03 -9.260152837683916e-04 -1.007665406407681e+00
23 7 -1.000290880880069e+00 -1.904519475093885e-03 -9.253257677070680e-04 -1.007661443616901e+00
23 8 -1.000291349144322e+00 -1.905583989812647e-03 -9.247648246824174e-04 -1.007657698427347e+00
23 9 -1.000291792835315e+00 -1.906548726177547e-03 -9.243351090625929e-04 -1.007654203981719e+00
23 10 -1.000292208474726e+00 -1.907405448379162e-03 -9.240369385822808e-04 -1.007650990792567e+00
23 11 -1.000292592797805e+00 -1.908147140313576e-03 -9.238684598804952e-04 -1.007648086524716e+00
23 12 -1.000292942756073e+00 -1.908768034515823e-03 -9.238258576548993e-04 -1.007645515821780e+00
23 13 -1.000293255521010e+00 -1.909263622881838e-03 -9.239035851590316e-04 -1.007643300173498e+00
23 14 -1.000293528490588e+00 -1.909630654223184e-03 -9.240945992670317e-04 -1.007641457813674e+00
23 15 -1.000293759300604e+00 -1.909867123539092e-03 -9.243905938722447e-04 -1.007640003634855e+00
23 16 -1.000293945841724e+00 -1.909972254135082e-03 -9.247822380965480e-04 -1.007638949112899e+00
23 17 -1.000294086281234e+00 -1.909946468585640e-03 -9.252594338304722e-04 -1.007638302248959e+00
23 18 -1.000294179086925e+00 -1.909791342360125e-03 -9.258116044846135e-04 -1.007638067545749e+00
23 19 -1.000294223050692e+00 -1.909509536421079e-03 -9.264280145356447e-04 -1.007638246031920e+00
23 20 -1.000294217310769e+00 -1.909104710485360e-03 -9.270981043551196e-04 -1.007638835336422e+00
23 21 -1.000294161372994e+00 -1.908581424457803e-03 -9.278118135261218e-04 -1.007639829800550e+00
23 22 -1.000294055132427e+00 -1.907945039877413e-03 -9.285598621186306e-04 -1.007641220603632e+00
23 23 -1.000293898896734e+00 -1.907201633918990e-03 -9.293339649411562e-04 -1.007642995873897e+00
23 24 -1.000293693411955e+00 -1.906357934341949e-03 -9.301269672617815e-04 -1.007645140763646e+00
23 25 -1.000293439889461e+00 -1.905421276616488e-03 -9.309329057674002e-04 -1.007647637485281e+00
23 26 -1.000293140030904e+00 -1.904399578051227e-03 -9.317470079916998e-04 -1.007650465323197e+00
23 27 -1.000292796046696e+00 -1.903301320290753e-03 -9.325656440544821e-04 -1.007653600648539e+00
23 28 -1.000292410663570e+00 -1.902135531044365e-03 -9.333862388734589e-04 -1.007657016966908e+00
23 29 -1.000291987118299e+00 -1.900911758290346e-03 -9.342071450386866e-04 -1.007660685022540e+00
23 30 -1.000291529137176e+00 -1.899640035182537e-03 -9.350274697428358e-04 -1.007664572966744e+00
23 31 -1.000291040903117e+00 -1.898330838660974e-03 -9.358468478122297e-04 -1.007668646581389e+00
23 32 -1.000290527013228e+00 -1.896995045442912e-03 -9.366651604153900e-04 -1.007672869541247e+00
23 33 -1.000289992429101e+00 -1.895643885638572e-03 -9.374822130884830e-04 -1.007677203704101e+00
23 34 -1.000289442421395e+00 -1.894288891171734e-03 -9.382973993057980e-04 -1.007681609423869e+00
23 35 -1.000288882510167e+00 -1.892941836549423e-03 -9.391093805379567e-04 -1.007686045881537e+00
23 36 -1.000288318402379e+00 -1.891614671391138e-03 -9.399158105893364e-04 -1.007690471426329e+00
23 37 -1.000287755927656e+00 -1.890319444780007e-03 -9.407131239725929e-04 -1.007694843922294e+00
23 38 -1.000287200972939e+00 -1.889068221862327e-03 -9.414963969851525e-04 -1.007699121099532e+00
23 39 -1.000286659417028e+00 -1.887872994779261e-03 -9.422592788131994e-04 -1.007703260908054e+00
23 40 -1.000286137066106e+00 -1.886745590605114e-03 -9.429939844758136e-04 -1.007707221871080e+00
23 41 -1.000285639590023e+00 -1.885697575191869e-03 -9.436913459206727e-04 -1.007710963443779e+00
23 42 -1.000285172457193e+00 -1.884740145843010e-03 -9.443409281084699e-04 -1.007714446398505e+00
23 43 -1.000284740865492e+00 -1.883884003796328e-03 -9.449312243856952e-04 -1.007717633261030e+00
23 44 -1.000284349668418e+00 -1.883139201917277e-03 -9.454499444126718e-04 -1.007720488807159e+00
23 45 -1.000284003298284e+00 -1.882514969873697e-03 -9.458843989770490e-04 -1.007722980608110e+00
23 46 -1.000283705689862e+00 -1.882019524410264e-03 -9.462219713071109e-04 -1.007725079599530e+00
23 47 -1.000283460208672e+00 -1.881659876175666e-03 -9.464506465497360e-04 -1.007726760642415e+00
23 48 -1.000283269588569e+00 -1.881441647157981e-03 -9.465595563532667e-04 -1.007728003040268e+00
23 49 -1.000283135882602e+00 -1.881368911695313e-03 -9.465394925059935e-04 -1.007728790980447e+00
23 50 -1.000283060428862e+00 -1.881444068177182e-03 -9.463833542555963e-04 -1.007729113883136e+00
23 51 -1.000283043830556e+00 -1.881667742108684e-03 -9.460865105961362e-04 -1.007728966658538e+00
23 52 -1.000283085948984e+00 -1.882038719296821e-03 -9.456470723342711e-04 -1.007728349876414e+00
23 53 -1.000283185909365e+00 -1.882553910320195e-03 -9.450660762192178e-04 -1.007727269842034e+00
23 54 -1.000283342120701e+00 -1.883208350135338e-03 -9.443475855343245e-04 -1.007725738562903e+00
23 55 -1.000283552311045e+00 -1.883995237824097e-03 -9.434987077378025e-04 -1.007723773589518e+00
23 56 -1.000283813579089e+00 -1.884906021827973e-03 -9.425295212410127e-04 -1.007721397718103e+00
23 57 -1.000284122462084e+00 -1.885930534546397e-03 -9.414528976321085e-04 -1.007718638552496e+00
23 58 -1.000284475018001e+00 -1.887057174589898e-03 -9.402842105461289e-04 -1.007715527940337e+00
23 59 -1.000284866916914e+00 -1.888273126797453e-03 -9.390409368267975e-04 -1.007712101321621e+00
23 60 -1.000285293534736e+00 -1.889564604739497e-03 -9.377421707854657e-04 -1.007708397040895e+00
23 61 -1.000285750043076e+00 -1.890917100471499e-03 -9.364080823646919e-04 -1.007704455669604e+00
23 62 -1.000286231490949e+00 -1.892315628853872e-03 -9.350593555746331e-04 -1.007700319370976e+00
23 63 -1.000286732875634e+00 -1.893744955845651e-03 -9.337166448760889e-04 -1.007696031328379e+00
24 0 -1.000287410900642e+00 -1.896018247956855e-03 -9.280320384811250e-04 -1.007690528962931e+00
24 1 -1.000287942472037e+00 -1.897472474376789e-03 -9.267672366178901e-04 -1.007686033024472e+00
24 2 -1.000288479727948e+00 -1.898913811152478e-03 -9.255639760068512e-04 -1.007681511979138e+00
24 3 -1.000289017889399e+00 -1.900327775213811e-03 -9.244383962252678e-04 -1.007677009044645e+00
24 4 -1.000289552308651e+00 -1.901700419214914e-03 -9.234047685870373e-04 -1.007672566597139e+00
24 5 -1.000290078485802e+00 -1.903018446471043e-03 -9.224752847180799e-04 -1.007668225888183e+00
24 6 -1.000290592082345e+00 -1.904269322371713e-03 -9.216598871112686e-04 -1.007664026760503e+00
24 7 -1.000291088933762e+00 -1.905441385180990e-03 -9.209661481598026e-04 -1.007660007349781e+00
24 8 -1.000291565061692e+00 -1.906523953055411e-03 -9.203992117596269e-04 -1.007656203775710e+00
24 9 -1.000292016684621e+00 -1.907507419469600e-03 -9.199618109134732e-04 -1.007652649841094e+00
24 10 -1.000292440226074e+00 -1.908383330112688e-03 -9.196543635658557e-04 -1.007649376758994e+00
24 11 -1.000292832320799e+00 -1.909144438424461e-03 -9.194751344904647e-04 -1.007646412918806e+00
24 12 -1.000293189820217e+00 -1.909784740091964e-03 -9.194204421362544e-04 -1.007643783695151e+00
24 13 -1.000293509798443e+00 -1.910299488733394e-03 -9.194848882080812e-04 -1.007641511299345e+00
24 14 -1.000293789560392e+00 -1.910685197149504e-03 -9.196615926420940e-04 -1.007639614665799e+00
24 15 -1.000294026654090e+00 -1.910939629414755e-03 -9.199424264467107e-04 -1.007638109358560e+00
24 16 -1.000294218888656e+00 -1.911061786054545e-03 -9.203182473979121e-04 -1.007637007487588e+00
24 17 -1.000294364357384e+00 -1.911051879098952e-03 -9.207791524548864e-04 -1.007636317639692e+00
24 18 -1.000294461463455e+00 -1.910911290803829e-03 -9.213147595875570e-04 -1.007636044840949e+00
24 19 -1.000294508945717e+00 -1.910642511752520e-03 -9.219145205360232e-04 -1.007636190565801e+00
24 20 -1.000294505903099e+00 -1.910249059092336e-03 -9.225680509854118e-04 -1.007636752796965e+00
24 21 -1.000294451817439e+00 -1.909735381264994e-03 -9.232654523230031e-04 -1.007637726127381e+00
24 22 -1.000294346575470e+00 -1.909106760294092e-03 -9.239975939206879e-04 -1.007639101883352e+00
24 23 -1.000294190491328e+00 -1.908369224453440e-03 -9.247563294019634e-04 -1.007640868240407e+00
24 24 -1.000293984330649e+00 -1.907529480769128e-03 -9.255346338093367e-04 -1.007643010307798e+00
24 25 -1.000293729335537e+00 -1.906594869388166e-03 -9.263266645981708e-04 -1.007645510175356e+00
24 26 -1.000293427247471e+00 -1.905573334833587e-03 -9.271277596382512e-04 -1.007648346936900e+00
24 27 -1.000293080323922e+00 -1.904473405754788e-03 -9.279343865747934e-04 -1.007651496716195e+00
24 28 -1.000292691344598e+00 -1.903304174538205e-03 -9.287440527474279e-04 -1.007654932723322e+00
24 29 -1.000292263604379e+00 -1.902075269953702e-03 -9.295551773007672e-04 -1.007658625364420e+00
24 30 -1.000291800891983e+00 -1.900796820040285e-03 -9.303669199443898e-04 -1.007662542415942e+00
24 31 -1.000291307455696e+00 -1.899479407431170e-03 -9.311789580607825e-04 -1.007666649257620e+00
24 32 -1.000290787959064e+00 -1.898134021441680e-03 -9.319912099156491e-04 -1.007670909146797e+00
24 33 -1.000290247429416e+00 -1.896772008616346e-03 -9.328035155482095e-04 -1.007675283518624e+00
24 34 -1.000289691201097e+00 -1.895405019502154e-03 -9.336153006111432e-04 -1.007679732305435e+00
24 35 -1.000289124854806e+00 -1.894044948596997e-03 -9.344252544904614e-04 -1.007684214271854e+00
24 36 -1.000288554154515e+00 -1.892703866316817e-03 -9.352310516071637e-04 -1.007688687359358e+00
24 37 -1.000287984983233e+00 -1.891393943137854e-03 -9.360291369624427e-04 -1.007693109034226e+00
24 38 -1.000287423278261e+00 -1.890127366361587e-03 -9.368145858181110e-04 -1.007697436637346e+00
24 39 -1.000286874966505e+00 -1.888916251077034e-03 -9.375810354781756e-04 -1.007701627735831e+00
24 40 -1.000286345900532e+00 -1.887772547767213e-03 -9.383206804314734e-04 -1.007705640474849e+00
24 41 -1.000285841795304e+00 -1.886707946141731e-03 -9.390243255475894e-04 -1.007709433934222e+00
24 42 -1.000285368163645e+00 -1.885733768845014e-03 -9.396815025107504e-04 -1.007712968508876e+00
24 43 -1.000284930247728e+00 -1.884860845643471e-03 -9.402806631213867e-04 -1.007716206339219e+00
24 44 -1.000284532945460e+00 -1.884099362344198e-03 -9.408094632595823e-04 -1.007719111804622e+00
24 45 -1.000284180733564e+00 -1.883458686009447e-03 -9.412551432238818e-04 -1.007721652070039e+00
24 46 -1.000283877590971e+00 -1.882947174091325e-03 -9.416049959059571e-04 -1.007723797659485e+00
24 47 -1.000283626926790e+00 -1.882571978978362e-03 -9.418468962027800e-04 -1.007725523023864e+00
24 48 -1.000283431517285e+00 -1.882338862001280e-03 -9.419698492824985e-04 -1.007726807067673e+00
24 49 -1.000283293455900e+00 -1.882252030539668e-03 -9.419645105618813e-04 -1.007727633600912e+00
24 50 -1.000283214118396e+00 -1.882314006736095e-03 -9.418236395864346e-04 -1.007727991695711e+00
24 51 -1.000283194142631e+00 -1.882525529439208e-03 -9.415424667409462e-04 -1.007727875945896e+00
24 52 -1.000283233421427e+00 -1.882885487803816e-03 -9.411189665476939e-04 -1.007727286635403e+00
24 53 -1.000283331108201e+00 -1.883390886677620e-03 -9.405540402836422e-04 -1.007726229813055e+00
24 54 -1.000283485636566e+00 -1.884036846926996e-03 -9.398516136820919e-04 -1.007724717259471e+00
24 55 -1.000283694755405e+00 -1.884816645501379e-03 -9.390186519163345e-04 -1.007722766329000e+00
24 56 -1.000283955580346e+00 -1.885721800471325e-03 -9.380650852927793e-04 -1.007720399654500e+00
24 57 -1.000284264661514e+00 -1.886742204902565e-03 -9.370036326138106e-04 -1.007717644712187e+00
24 58 -1.000284618065508e+00 -1.887866308210149e-03 -9.358495131240794e-04 -1.007714533260432e+00
24 59 -1.000285011466695e+00 -1.889081335616716e-03 -9.346200515646261e-04 -1.007711100688858e+00
24 60 -1.000285440240878e+00 -1.890373530588331e-03 -9.333341956968594e-04 -1.007707385329121e+00
24 61 -1.000285899554938e+00 -1.891728404726145e-03 -9.320119760620216e-04 -1.007703427775718e+00
24 62 -1.000286384448126e+00 -1.893130982076521e-03 -9.306739442823081e-04 -1.007699270250592e+00
24 63 -1.000286889902439e+00 -1.894566027028913e-03 -9.293406285273125e-04 -1.007694956032589e+00
25 0 -1.000287511597772e+00 -1.896819777189661e-03 -9.236283293318412e-04 -1.007689574798298e+00
25 1 -1.000288047762516e+00 -1.898281376332816e-03 -9.223717857998107e-04 -1.007685047762532e+00
25 2 -1.000288590220796e+00 -1.899731835507149e-03 -9.211749784255744e-04 -1.007680490656270e+00
25 3 -1.000289134157632e+00 -1.901156623919030e-03 -9.200539391262856e-04 -1.007675946949294e+00
25 4 -1.000289674881172e+00 -1.902541725007407e-03 -9.190228536193345e-04 -1.007671459332082e+00
25 5 -1.000290207838529e+00 -1.903873748686960e-03 -9.180938563047740e-04 -1.007667069438122e+00
25 6 -1.000290728628692e+00 -1.905140040696692e-03 -9.172768656151947e-04 -1.007662817563238e+00
25 7 -1.000291233014874e+00 -1.906328792532314e-03 -9.165794652804534e-04 -1.007658742367737e+00
25 8 -1.000291716937060e+00 -1.907429149173489e-03 -9.160068450471041e-04 -1.007654880563873e+00
25 9 -1.000292176523834e+00 -1.908431307011196e-03 -9.155618146457512e-04 -1.007651266606898e+00
25 10 -1.000292608102581e+00 -1.909326594968694e-03 -9.152448947157534e-04 -1.007647932409243e+00
25 11 -1.000293008208317e+00 -1.910107535425869e-03 -9.150544743325017e-04 -1.007644907089749e+00
25 12 -1.000293373591874e+00 -1.910767884272550e-03 -9.149870150629639e-04 -1.007642216764903e+00
25 13 -1.000293701228162e+00 -1.911302651370050e-03 -9.150372792442590e-04 -1.007639884385339e+00
25 14 -1.000293988325829e+00 -1.911708105483348e-03 -9.151985644517454e-04 -1.007637929611143e+00
25 15 -1.000294232340637e+00 -1.911981769408203e-03 -9.154629355822822e-04 -1.007636368709637e+00
25 16 -1.000294430994439e+00 -1.912122408344937e-03 -9.158214581556283e-04 -1.007635214462831e+00
25 17 -1.000294582299484e+00 -1.912130008940972e-03 -9.162644456370733e-04 -1.007634476087885e+00
25 18 -1.000294684585817e+00 -1.912005743004981e-03 -9.167817338741839e-04 -1.007634159186565e+00
25 19 -1.000294736529283e+00 -1.911751911319811e-03 -9.173629861741373e-04 -1.007634265738846e+00
25 20 -1.000294737178368e+00 -1.911371867426157e-03 -9.179980177475933e-04 -1.007634794146814e+00
25 21 -1.000294685978940e+00 -1.910869926423471e-03 -9.186771147335041e-04 -1.007635739324433e+00
25 22 -1.000294582796979e+00 -1.910251268833051e-03 -9.193913164543141e-04 -1.007637092816223e+00
25 23 -1.000294427940581e+00 -1.909521852391301e-03 -9.201326333674388e-04 -1.007638842916605e+00
25 24 -1.000294222182678e+00 -1.908688342224638e-03 -9.208941862909193e-04 -1.007640974762748e+00
25 25 -1.000293966784225e+00 -1.907758062455376e-03 -9.216702683695412e-04 -1.007643470391690e+00
25 26 -1.000293663515151e+00 -1.906738964672624e-03 -9.224563421146319e-04 -1.007646308774843e+00
25 27 -1.000293314669157e+00 -1.905639605009319e-03 -9.232489863705453e-04 -1.007649465854960e+00
25 28 -1.000292923068624e+00 -1.904469121474051e-03 -9.240458039527567e-04 -1.007652914611489e+00
25 29 -1.000292492056749e+00 -1.903237204804329e-03 -9.248452930482275e-04 -1.007656625176452e+00
25 30 -1.000292025475504e+00 -1.901954059436098e-03 -9.256466774525054e-04 -1.007660565014215e+00
25 31 -1.000291527630200e+00 -1.900630355974950e-03 -9.264496871201563e-04 -1.007664699162662e+00
25 32 -1.000291003243502e+00 -1.899277179602295e-03 -9.272542858105800e-04 -1.007668990518452e+00
25 33 -1.000290457402193e+00 -1.897905977296785e-03 -9.280603557360913e-04 -1.007673400147487e+00
25 34 -1.000289895498996e+00 -1.896528502672074e-03 -9.288673628048211e-04 -1.007677887610999e+00
25 35 -1.000289323170927e+00 -1.895156755264102e-03 -9.296740333096596e-04 -1.007682411304215e+00
25 36 -1.000288746235638e+00 -1.893802912333003e-03 -9.304780720999861e-04 -1.007686928803003e+00
25 37 -1.000288170627112e+00 -1.892479252967720e-03 -9.312759450818789e-04 -1.007691397212612e+00
25 38 -1.000287602331390e+00 -1.891198075083380e-03 -9.320627371561679e-04 -1.007695773516106e+00
25 39 -1.000287047322664e+00 -1.889971606840475e-03 -9.328320839231305e-04 -1.007700014922791e+00
25 40 -1.000286511500078e+00 -1.888811914582108e-03 -9.335761681887914e-04 -1.007704079216713e+00
25 41 -1.000286000624979e+00 -1.887730806884528e-03 -9.342857751108478e-04 -1.007707925110217e+00
25 42 -1.000285520256837e+00 -1.886739728944531e-03 -9.349504096427961e-04 -1.007711512620537e+00
25 43 -1.000285075685139e+00 -1.885849638226432e-03 -9.355584884732909e-04 -1.007714803495009e+00
25 44 -1.000284671856095e+00 -1.885070854991617e-03 -9.360976200933042e-04 -1.007717761700168e+00
25 45 -1.000284313295707e+00 -1.884412888146333e-03 -9.365549801384291e-04 -1.007720353967751e+00
25 46 -1.000284004032840e+00 -1.883884243373375e-03 -9.369177756468874e-04 -1.007722550372627e+00
25 47 -1.000283747526577e+00 -1.883492225154622e-03 -9.371737734349357e-04 -1.007724324909165e+00
25 48 -1.000283546602429e+00 -1.883242747256901e-03 -9.373118509172989e-04 -1.007725656028530e+00
25 49 -1.000283403401554e+00 -1.883140166026238e-03 -9.373225215299490e-04 -1.007726527101175e+00
25 50 -1.000283319345206e+00 -1.883187145889633e-03 -9.371983949849209e-04 -1.007726926781907e+00
25 51 -1.000283295114033e+00 -1.883384559465522e-03 -9.369345489934200e-04 -1.007726849274262e+00
25 52 -1.000283330640621e+00 -1.883731420814113e-03 -9.365288048445584e-04 -1.007726294500351e+00
25 53 -1.000283425114837e+00 -1.884224851313022e-03 -9.359819096044250e-04 -1.007725268175549e+00
25 54 -1.000283577003140e+00 -1.884860080520913e-03 -9.352976316344620e-04 -1.007723781775885e+00
25 55 -1.000283784083417e+00 -1.885630486407110e-03 -9.344827729185477e-04 -1.007721852381886e+00
25 56 -1.000284043496266e+00 -1.886527680053650e-03 -9.335470931567805e-04 -1.007719502386514e+00
25 57 -1.000284351812557e+00 -1.887541638652140e-03 -9.325031339337676e-04 -1.007716759063794e+00
25 58 -1.000284705115217e+00 -1.888660885631281e-03 -9.313659340349620e-04 -1.007713654011042e+00
25 59 -1.000285099090373e+00 -1.889872709075788e-03 -9.301526390096255e-04 -1.007710222499839e+00
25 60 -1.000285529120952e+00 -1.891163403773153e-03 -9.288820224450450e-04 -1.007706502786510e+00
25 61 -1.000285990376190e+00 -1.892518521207793e-03 -9.275739478461564e-04 -1.007702535431344e+00
25 62 -1.000286477892593e+00 -1.893923113801903e-03 -9.262488077555650e-04 -1.007698362662437e+00
25 63 -1.000286986643756e+00 -1.895361962104882e-03 -9.249269793480753e-04 -1.007694027806625e+00
26 0 -1.000287550943182e+00 -1.897586976529315e-03 -9.192343649023240e-04 -1.007688778077712e+00
26 1 -1.000288091025215e+00 -1.899054292587036e-03 -9.179877254089656e-04 -1.007684224616429e+00
26 2 -1.000288638070372e+00 -1.900512362914902e-03 -9.167988745934091e-04 -1.007679635619262e+00
26 3 -1.000289187233185e+00 -1.901946620918026e-03 -9.156837201346971e-04 -1.007675054780249e+00
26 4 -1.000289733783077e+00 -1.903342991932611e-03 -9.146563463745781e-04 -1.007670525079174e+00
26 5 -1.000290273119615e+00 -1.904688003248640e-03 -9.137288152999312e-04 -1.007666088507597e+00
26 6 -1.000290800784801e+00 -1.905968891371233e-03 -9.129110072846007e-04 -1.007661785791356e+00
26 7 -1.000291312474933e+00 -1.907173710514199e-03 -9.122105059545722e-04 -1.007657656094256e+00
26 8 -1.000291804053204e+00 -1.908291440444520e-03 -9.116325393106785e-04 -1.007653736703424e+00
26 9 -1.000292271562430e+00 -1.909312086629554e-03 -9.111799905575631e-04 -1.007650062713017e+00
26 10 -1.000292711237066e+00 -1.910226765398860e-03 -9.108534838994171e-04 -1.007646666726007e+00
26 11 -1.000293119514424e+00 -1.911027769961449e-03 -9.106515372034189e-04 -1.007643578587643e+00
26 12 -1.000293493045413e+00 -1.911708615812518e-03 -9.105707627121074e-04 -1.007640825160022e+00
26 13 -1.000293828705037e+00 -1.912264066059533e-03 -9.106060935234877e-04 -1.007638430143589e+00
26 14 -1.000294123603697e+00 -1.912690140172484e-03 -9.107510172820638e-04 -1.007636413940914e+00
26 15 -1.000294375101636e+00 -1.912984112033578e-03 -9.109978074955097e-04 -1.007634793546054e+00
26 16 -1.000294580828765e+00 -1.913144501306811e-03 -9.113377544459399e-04 -1.007633582444111e+00
26 17 -1.000294738710122e+00 -1.913171056520715e-03 -9.117614072293062e-04 -1.007632790521439e+00
26 18 -1.000294846995021e+00 -1.913064723995727e-03 -9.122588404816373e-04 -1.007632424001628e+00
26 19 -1.000294904287294e+00 -1.912827597448733e-03 -9.128199513189564e-04 -1.007632485423513e+00
26 20 -1.000294909574546e+00 -1.912462847415829e-03 -9.134347771436576e-04 -1.007632973669297e+00
26 21 -1.000294862255014e+00 -1.911974634728633e-03 -9.140938104856789e-04 -1.007633884040932e+00
26 22 -1.000294762161604e+00 -1.911368017045281e-03 -9.147882798997217e-04 -1.007635208371123e+00
26 23 -1.000294609583974e+00 -1.910648860604027e-03 -9.155103692645340e-04 -1.007636935143102e+00
26 24 -1.000294405290161e+00 -1.909823768139126e-03 -9.162533597419176e-04 -1.007639049591095e+00
26 25 -1.000294150547963e+00 -1.908900027422019e-03 -9.170116935529347e-04 -1.007641533768509e+00
26 26 -1.000293847144015e+00 -1.907885576938731e-03 -9.177809704397051e-04 -1.007644366593464e+00
26 27 -1.000293497396990e+00 -1.906788980572413e-03 -9.185578923665133e-04 -1.007647523895505e+00
26 28 -1.000293104161285e+00 -1.905619402737823e-03 -9.193401690892430e-04 -1.007650978489294e+00
26 29 -1.000292670818287e+00 -1.904386577231184e-03 -9.201263889224550e-04 -1.007654700297318e+00
26 30 -1.000292201253595e+00 -1.903100766202762e-03 -9.209158500372157e-04 -1.007658656535729e+00
26 31 -1.000291699820625e+00 -1.901772710047337e-03 -9.217083438048246e-04 -1.007662811962787e+00
26 32 -1.000291171293229e+00 -1.900413572455161e-03 -9.225038866943981e-04 -1.007667129173561e+00
26 33 -1.000290620810826e+00 -1.899034884363625e-03 -9.233024092545728e-04 -1.007671568920026e+00
26 34 -1.000290053818764e+00 -1.897648486730596e-03 -9.241034237136733e-04 -1.007676090444015e+00
26 35 -1.000289476005652e+00 -1.896266469103727e-03 -9.249057000228567e-04 -1.007680651819327e+00
26 36 -1.000288893239103e+00 -1.894901101346348e-03 -9.257069812217894e-04 -1.007685210299902e+00
26 37 -1.000288311501282e+00 -1.893564757909684e-03 -9.265037626809505e-04 -1.007689722668744e+00
26 38 -1.000287736825041e+00 -1.892269835416957e-03 -9.272911476401466e-04 -1.007694145584247e+00
26 39 -1.000287175230836e+00 -1.891028664994296e-03 -9.280627780881509e-04 -1.007698435924364e+00
26 40 -1.000286632664347e+00 -1.889853420853098e-03 -9.288108322374624e-04 -1.007702551130770e+00
26 41 -1.000286114934271e+00 -1.888756024574770e-03 -9.295260817051978e-04 -1.007706449559260e+00
26 42 -1.000285627648563e+00 -1.887748040072148e-03 -9.301980102944592e-04 -1.007710090852796e+00
26 43 -1.000285176146739e+00 -1.886840550738627e-03 -9.308150049260254e-04 -1.007713436361359e+00
26 44 -1.000284765426917e+00 -1.886044011773842e-03 -9.313646321527225e-04 -1.007716449625799e+00
26 45 -1.000284400068882e+00 -1.885368076818216e-03 -9.318340086611821e-04 -1.007719096922665e+00
26 46 -1.000284084156654e+00 -1.884821405202965e-03 -9.322102611674080e-04 -1.007721347846732e+00
26 47 -1.000283821205119e+00 -1.884411461666865e-03 -9.324810525471172e-04 -1.007723175896019e+00
26 48 -1.000283614095454e+00 -1.884144323553564e-03 -9.326351337191582e-04 -1.007724559019564e+00
26 49 -1.000283465023537e+00 -1.884024510247081e-03 -9.326628734805672e-04 -1.007725480090965e+00
26 50 -1.000283375463562e+00 -1.884054845035110e-03 -9.325567249063527e-04 -1.007725927283628e+00
26 51 -1.000283346146655e+00 -1.884236352815897e-03 -9.323116025003107e-04 -1.007725894342181e+00
26 52 -1.000283377053009e+00 -1.884568192534968e-03 -9.319251608140343e-04 -1.007725380755146e+00
26 53 -1.000283467416948e+00 -1.885047623198567e-03 -9.313979770715936e-04 -1.007724391830270e+00
26 54 -1.000283615745872e+00 -1.885670004935667e-03 -9.307336451527155e-04 -1.007722938663325e+00
26 55 -1.000283819854684e+00 -1.886428839066148e-03 -9.299387855165229e-04 -1.007721037985304e+00
26 56 -1.000284076916737e+00 -1.887315852205196e-03 -9.290229676239112e-04 -1.007718711874807e+00
26 57 -1.000284383531201e+00 -1.888321128168399e-03 -9.279985347430778e-04 -1.007715987331210e+00
26 58 -1.000284735804684e+00 -1.889433286654076e-03 -9.268803225128663e-04 -1.007712895720986e+00
26 59 -1.000285129442214e+00 -1.890639700370272e-03 -9.256852730602435e-04 -1.007709472131539e+00
26 60 -1.000285559840744e+00 -1.891926736361708e-03 -9.244319605198937e-04 -1.007705754682504e+00
26 61 -1.000286022178544e+00 -1.893280005694780e-03 -9.231400561263510e-04 -1.007701783844213e+00
26 62 -1.000286511495863e+00 -1.894684607314937e-03 -9.218297693984233e-04 -1.007697601800971e+00
26 63 -1.000287022764215e+00 -1.896125354546842e-03 -9.205213044995622e-04 -1.007693251882982e+00
27 0 -1.000287529100971e+00 -1.898312860158827e-03 -9.148954260307585e-04 -1.007688142376393e+00
27 1 -1.000288072413084e+00 -1.899784232496500e-03 -9.136601377432533e-04 -1.007683567243828e+00
27 2 -1.000288623411153e+00 -1.901248378888806e-03 -9.124805726740704e-04 -1.007678950663054e+00
27 3 -1.000289177224594e+00 -1.902690708533039e-03 -9.113724998685484e-04 -1.007674336524780e+00
27 4 -1.000289729089450e+00 -1.904097099745046e-03 -9.103498881868259e-04 -1.007669768072613e+00
27 5 -1.000290274363248e+00 -1.905454008106876e-03 -9.094247134032705e-04 -1.007665287631255e+00
27 6 -1.000290808536683e+00 -1.906748571566233e-03 -9.086068049892831e-04 -1.007660936331926e+00
27 7 -1.000291327244822e+00 -1.907968717182719e-03 -9.079037355191301e-04 -1.007656753818318e+00
27 8 -1.000291826279504e+00 -1.909103268770110e-03 -9.073207631329803e-04 -1.007652777930599e+00
27 9 -1.000292301602727e+00 -1.910142048861010e-03 -9.068608400056482e-04 -1.007649044382639e+00
27 10 -1.000292749360157e+00 -1.911075967367630e-03 -9.065246933678420e-04 -1.007645586452835e+00
27 11 -1.000293165894436e+00 -1.911897092255397e-03 -9.063109730053535e-04 -1.007642434703450e+00
27 12 -1.000293547758277e+00 -1.912598700222135e-03 -9.062164478877536e-04 -1.007639616739260e+00
27 13 -1.000293891727202e+00 -1.913175307041824e-03 -9.062362302102106e-04 -1.007637157013761e+00
27 14 -1.000294194812551e+00 -1.913622680189070e-03 -9.063640080444623e-04 -1.007635076681150e+00
27 15 -1.000294454276936e+00 -1.913937839649637e-03 -9.065922758559113e-04 -1.007633393477886e+00
27 16 -1.000294667654815e+00 -1.914119052059475e-03 -9.069125630670929e-04 -1.007632121615353e+00
27 17 -1.000294832779010e+00 -1.914165817704154e-03 -9.073156709222070e-04 -1.007631271680411e+00
27 18 -1.000294947811573e+00 -1.914078844676575e-03 -9.077919314793215e-04 -1.007630850557874e+00
27 19 -1.000295011276247e+00 -1.913860004413497e-03 -9.083314958503984e-04 -1.007630861392796e+00
27 20 -1.000295022090159e+00 -1.913512267033049e-03 -9.089246442043209e-04 -1.007631303602621e+00
27 21 -1.000294979592991e+00 -1.913039619951573e-03 -9.095620951559592e-04 -1.007632172939221e+00
27 22 -1.000294883572765e+00 -1.912446977781646e-03 -9.102352844321733e-04 -1.007633461590021e+00
27 23 -1.000294734288537e+00 -1.911740094862970e-03 -9.109365850738447e-04 -1.007635158295352e+00
27 24 -1.000294532491303e+00 -1.910925491495488e-03 -9.116594520201376e-04 -1.007637248454643e+00
27 25 -1.000294279443726e+00 -1.910010399440641e-03 -9.123984880863012e-04 -1.007639714205476e+00
27 26 -1.000293976937374e+00 -1.909002724458515e-03 -9.131494407559102e-04 -1.007642534480755e+00
27 27 -1.000293627304403e+00 -1.907911018439553e-03 -9.139091454603962e-04 -1.007645685065071e+00
27 28 -1.000293233420172e+00 -1.906744452611909e-03 -9.146754291924187e-04 -1.007649138675721e+00
27 29 -1.000292798693718e+00 -1.905512784687809e-03 -9.154469801117148e-04 -1.007652865091538e+00
27 30 -1.000292327044260e+00 -1.904226315792982e-03 -9.162231793971460e-04 -1.007656831345047e+00
27 31 -1.000291822863945e+00 -1.902895837663890e-03 -9.170038872055970e-04 -1.007661001978277e+00
27 32 -1.000291290969331e+00 -1.901532574633399e-03 -9.177891787645563e-04 -1.007665339345679e+00
27 33 -1.000290736545123e+00 -1.900148124798232e-03 -9.185790377624964e-04 -1.007669803942143e+00
27 34 -1.000290165083134e+00 -1.898754400756626e-03 -9.193730268991397e-04 -1.007674354742433e+00
27 35 -1.000289582318445e+00 -1.897363567010353e-03 -9.201699643347112e-04 -1.007678949547654e+00
27 36 -1.000288994164461e+00 -1.895987971456560e-03 -9.209676369420144e-04 -1.007683545335116e+00
27 37 -1.000288406648365e+00 -1.894640070380368e-03 -9.217625760187480e-04 -1.007688098605846e+00
27 38 -1.000287825847723e+00 -1.893332347298266e-03 -9.225499096233111e-04 -1.007692565727074e+00
27 39 -1.000287257828136e+00 -1.892077226300147e-03 -9.233232921175869e-04 -1.007696903272046e+00
27 40 -1.000286708581542e+00 -1.890886981042158e-03 -9.240749025180089e-04 -1.007701068360638e+00
27 41 -1.000286183964529e+00 -1.889773639380946e-03 -9.247955036373987e-04 -1.007705019006266e+00
27 42 -1.000285689635053e+00 -1.888748879347647e-03 -9.254745621629619e-04 -1.007708714484007e+00
27 43 -1.000285230985168e+00 -1.887823907912178e-03 -9.261004390151082e-04 -1.007712115744501e+00
27 44 -1.000284813068262e+00 -1.887009314758336e-03 -9.266606631529723e-04 -1.007715185893381e+00
27 45 -1.000284440521923e+00 -1.886314899548929e-03 -9.271422976873414e-04 -1.007717890735478e+00
27 46 -1.000284117489988e+00 -1.885749478742495e-03 -9.275323948811291e-04 -1.007720199360939e+00
27 47 -1.000283847548493e+00 -1.885320683609918e-03 -9.278185188009595e-04 -1.007722084737515e+00
27 48 -1.000283633640313e+00 -1.885034764304146e-03 -9.279892969855775e-04 -1.007723524268813e+00
27 49 -1.000283478022596e+00 -1.884896415192085e-03 -9.280349537067851e-04 -1.007724500280298e+00
27 50 -1.000283382229400e+00 -1.884908632801954e-03 -9.279477819204034e-04 -1.007725000406248e+00
27 51 -1.000283347049539e+00 -1.885072610858499e-03 -9.277225258199723e-04 -1.007725017869259e+00
27 52 -1.000283372518279e+00 -1.885387671481635e-03 -9.273566630689596e-04 -1.007724551656948e+00
27 53 -1.000283457922063e+00 -1.885851230867673e-03 -9.268505886401035e-04 -1.007723606599214e+00
27 54 -1.000283601817026e+00 -1.886458800262778e-03 -9.262077078426984e-04 -1.007722193339475e+00
27 55 -1.000283802062867e+00 -1.887204025644805e-03 -9.254344441843487e-04 -1.007720328186130e+00
27 56 -1.000284055873301e+00 -1.888078770796386e-03 -9.245401603453185e-04 -1.007718032830861e+00
27 57 -1.000284359883081e+00 -1.889073247616229e-03 -9.235369835829937e-04 -1.007715333928099e+00
27 58 -1.000284710229442e+00 -1.890176193166271e-03 -9.224395271484527e-04 -1.007712262546435e+00
27 59 -1.000285102643047e+00 -1.891375085539754e-03 -9.212645086929598e-04 -1.007708853525455e+00
27 60 -1.000285532541425e+00 -1.892656384200232e-03 -9.200302805685406e-04 -1.007705144788442e+00
27 61 -1.000285995118178e+00 -1.894005778694041e-03 -9.187562993938043e-04 -1.007701176661613e+00
27 62 -1.000286485423283e+00 -1.895408431671396e-03 -9.174625704499318e-04 -1.007696991237812e+00
27 63 -1.000286998431946e+00 -1.896849204892535e-03 -9.161691052634097e-04 -1.007692631808592e+00
28 0 -1.000287446725333e+00 -1.898990922849018e-03 -9.106561157784191e-04 -1.007687669643841e+00
28 1 -1.000287992577920e+00 -1.900464704867098e-03 -9.094334073266970e-04 -1.007683077623091e+00
28 2 -1.000288546885226e+00 -1.901933386879318e-03 -9.082642619639361e-04 -1.007678437851357e+00
28 3 -1.000289104756812e+00 -1.903382365358625e-03 -9.071642977336599e-04 -1.007673794387973e+00
28 4 -1.000289661400643e+00 -1.904797482680214e-03 -9.061473557560591e-04 -1.007669190714064e+00
28 5 -1.000290212137616e+00 -1.906165133427976e-03 -9.052253136884504e-04 -1.007664669462380e+00
28 6 -1.000290752412739e+00 -1.907472367616629e-03 -9.044079388725221e-04 -1.007660272144389e+00
28 7 -1.000291277805710e+00 -1.908706995841341e-03 -9.037027827120678e-04 -1.007656038857810e+00
28 8 -1.000291784042890e+00 -1.909857696288396e-03 -9.031151253397777e-04 -1.007652007970341e+00
28 9 -1.000292267010956e+00 -1.910914117754313e-03 -9.026479828047267e-04 -1.007648215792407e+00
28 10 -1.000292722771583e+00 -1.911866971324075e-03 -9.023021838748569e-04 -1.007644696258347e+00
28 11 -1.000293147576622e+00 -1.912708105574195e-03 -9.020765121107133e-04 -1.007641480632185e+00
28 12 -1.000293537883367e+00 -1.913430562326506e-03 -9.019678978023973e-04 -1.007638597251274e+00
28 13 -1.000293890369348e+00 -1.914028611695673e-03 -9.019716390544923e-04 -1.007636071318448e+00
28 14 -1.000294201946999e+00 -1.914497768586248e-03 -9.020816329192894e-04 -1.007633924742401e+00
28 15 -1.000294469780264e+00 -1.914834796571122e-03 -9.022906047305084e-04 -1.007632176010635e+00
28 16 -1.000294691305913e+00 -1.915037704764969e-03 -9.025903344637552e-04 -1.007630840075394e+00
28 17 -1.000294864260887e+00 -1.915105738113659e-03 -9.029718890996146e-04 -1.007629928246471e+00
28 18 -1.000294986714600e+00 -1.915039356278094e-03 -9.034258741971911e-04 -1.007629448101957e+00
28 19 -1.000295057103626e+00 -1.914840195381456e-03 -9.039427126752630e-04 -1.007629403434364e+00
28 20 -1.000295074266032e+00 -1.914511009945009e-03 -9.045129456780917e-04 -1.007629794245122e+00
28 21 -1.000295037473088e+00 -1.914055597018400e-03 -9.051275355636059e-04 -1.007630616791336e+00
28 22 -1.000294946456945e+00 -1.913478709642169e-03 -9.057781418048635e-04 -1.007631863676504e+00
28 23 -1.000294801434306e+00 -1.912785970796561e-03 -9.064573413681117e-04 -1.007633523963647e+00
28 24 -1.000294603127126e+00 -1.911983798877363e-03 -9.071587751852601e-04 -1.007635583284316e+00
28 25 -1.000294352781066e+00 -1.911079350521666e-03 -9.078772165461890e-04 -1.007638023926910e+00
28 26 -1.000294052180941e+00 -1.910080479626810e-03 -9.086085695049625e-04 -1.007640824906010e+00
28 27 -1.000293703660845e+00 -1.908995706606726e-03 -9.093498118561328e-04 -1.007643962029031e+00
28 28 -1.000293310105780e+00 -1.907834189914733e-03 -9.100988967497691e-04 -1.007647407983862e+00
28 29 -1.000292874941516e+00 -1.906605691841066e-03 -9.108546204215257e-04 -1.007651132472771e+00
28 30 -1.000292402110478e+00 -1.905320533410377e-03 -9.116164542056843e-04 -1.007655102410702e+00
28 31 -1.000291896033746e+00 -1.903989538915596e-03 -9.123843330902585e-04 -1.007659282188166e+00
28 32 -1.000291361561646e+00 -1.902623975294927e-03 -9.131583958449839e-04 -1.007663633980879e+00
28 33 -1.000290803916372e+00 -1.901235490955357e-03 -9.139386826728810e-04 -1.007668118084158e+00
28 34 -1.000290228629573e+00 -1.899836054293166e-03 -9.147248092052344e-04 -1.007672693258985e+00
28 35 -1.000289641477221e+00 -1.898437889478256e-03 -9.155156443807514e-04 -1.007677317083774e+00
28 36 -1.000289048413959e+00 -1.897053407828686e-03 -9.163090222512821e-04 -1.007681946305321e+00
28 37 -1.000288455508592e+00 -1.895695134174893e-03 -9.171015140574062e-04 -1.007686537182909e+00
28 38 -1.000287868881161e+00 -1.894375627311946e-03 -9.178882769463030e-04 -1.007691045826008e+00
28 39 -1.000287294641097e+00 -1.893107394141535e-03 -9.186629818539280e-04 -1.007695428530642e+00
28 40 -1.000286738826045e+00 -1.891902798977476e-03 -9.194178123386971e-04 -1.007699642117081e+00
28 41 -1.000286207340781e+00 -1.890773968929406e-03 -9.201435252421061e-04 -1.007703644272126e+00
28 42 -1.000285705894558e+00 -1.889732691217771e-03 -9.208295721684888e-04 -1.007707393911051e+00
28 43 -1.000285239934193e+00 -1.888790293296805e-03 -9.214642901872650e-04 -1.007710851586005e+00
28 44 -1.000284814571286e+00 -1.887957497691892e-03 -9.220351739186563e-04 -1.007713979962138e+00
28 45 -1.000284434504801e+00 -1.887244250069626e-03 -9.225292374422923e-04 -1.007716744360792e+00
28 46 -1.000284103942662e+00 -1.886659526195888e-03 -9.229334638424900e-04 -1.007719113347576e+00
28 47 -1.000283826527039e+00 -1.886211128560756e-03 -9.232353236676991e-04 -1.007721059331173e+00
28 48 -1.000283605268022e+00 -1.885905487264120e-03 -9.234233255945273e-04 -1.007722559132851e+00
28 49 -1.000283442489965e+00 -1.885747481260964e-03 -9.234875519624165e-04 -1.007723594485761e+00
28 50 -1.000283339793134e+00 -1.885740292538268e-03 -9.234201350700682e-04 -1.007724152433755e+00
28 51 -1.000283298030807e+00 -1.885885298305699e-03 -9.232156447050036e-04 -1.007724225619620e+00
28 52 -1.000283317300402e+00 -1.886182000350219e-03 -9.228713745754471e-04 -1.007723812467606e+00
28 53 -1.000283396947724e+00 -1.886627989826744e-03 -9.223875282628371e-04 -1.007722917264471e+00
28 54 -1.000283535584985e+00 -1.887218947953013e-03 -9.217673118251407e-04 -1.007721550133893e+00
28 55 -1.000283731124098e+00 -1.887948685187980e-03 -9.210169397955456e-04 -1.007719726892539e+00
28 56 -1.000283980826488e+00 -1.888809222873908e-03 -9.201455548378574e-04 -1.007717468775552e+00
28 57 -1.000284281369550e+00 -1.889790921408779e-03 -9.191650537452922e-04 -1.007714802024425e+00
28 58 -1.000284628927817e+00 -1.890882655289654e-03 -9.180898114923557e-04 -1.007711757345167e+00
28 59 -1.000285019263890e+00 -1.892072027529780e-03 -9.169363038131473e-04 -1.007708369268852e+00
28 60 -1.000285447821920e+00 -1.893345608792429e-03 -9.157226426316280e-04 -1.007704675466028e+00
28 61 -1.000285909816668e+00 -1.894689184854245e-03 -9.144680508560755e-04 -1.007700716067214e+00
28 62 -1.000286400313450e+00 -1.896087998556438e-03 -9.131923108532218e-04 -1.007696533027567e+00
28 63 -1.000286914296576e+00 -1.897526975173430e-03 -9.119152240665524e-04 -1.007692169559251e+00
29 0 -1.000287304937210e+00 -1.899615185379709e-03 -9.065598246869100e-04 -1.007687360338620e+00
29 1 -1.000287852645575e+00 -1.901089760884435e-03 -9.053506921802036e-04 -1.007682756196689e+00
29 2 -1.000288409616313e+00 -1.902561449304398e-03 -9.041928895046552e-04 -1.007678097666861e+00
29 3 -1.000288970944115e+00 -1.904015645402896e-03 -9.031018737066074e-04 -1.007673428949635e+00
29 4 -1.000289531813953e+00 -1.905438166252718e-03 -9.020913483784007e-04 -1.007668793737621e+00
29 5 -1.000290087515346e+00 -1.906815355957534e-03 -9.011730832435261e-04 -1.007664234946164e+00
29 6 -1.000290633453210e+00 -1.908134187474574e-03 -9.003567737032814e-04 -1.007659794440418e+00
29 7 -1.000291165157809e+00 -1.909382366109284e-03 -8.996499408207716e-04 -1.007655512744263e+00
29 8 -1.000291678296040e+00 -1.910548435207255e-03 -8.990578792652940e-04 -1.007651428725481e+00
29 9 -1.000292168685034e+00 -1.911621879669818e-03 -8.985836640857957e-04 -1.007647579265528e+00
29 10 -1.000292632307786e+00 -1.912593220586465e-03 -8.982282235669155e-04 -1.007643998931240e+00
29 11 -1.000293065330009e+00 -1.913454094840457e-03 -8.979904757637894e-04 -1.007640719667487e+00
29 12 -1.000293464117234e+00 -1.914197315339949e-03 -8.978675155198210e-04 -1.007637770527843e+00
29 13 -1.000293825251387e+00 -1.914816910244513e-03 -8.978548321634004e-04 -1.007635177454620e+00
29 14 -1.000294145547140e+00 -1.915308143494629e-03 -8.979465384424930e-04 -1.007632963107487e+00
29 15 -1.000294422069819e+00 -1.915667522211199e-03 -8.981355981878224e-04 -1.007631146726489e+00
29 16 -1.000294652157466e+00 -1.915892796202035e-03 -8.984140506706174e-04 -1.007629744011488e+00
29 17 -1.000294833448724e+00 -1.915982950846214e-03 -8.987732391583038e-04 -1.007628767009429e+00
29 18 -1.000294963916294e+00 -1.915938190164513e-03 -8.992040555072134e-04 -1.007628224015230e+00
29 19 -1.000295041903800e+00 -1.915759904820438e-03 -8.996972091997888e-04 -1.007628119501863e+00
29 20 -1.000295066162903e+00 -1.915450621004851e-03 -9.002435182337992e-04 -1.007628454096257e+00
29 21 -1.000295035887657e+00 -1.915013930451668e-03 -9.008342046701518e-04 -1.007629224609922e+00
29 22 -1.000294950744276e+00 -1.914454407945330e-03 -9.014611667052190e-04 -1.007630424118246e+00
29 23 -1.000294810896095e+00 -1.913777527307741e-03 -9.021171983292939e-04 -1.007632042067740e+00
29 24 -1.000294617024498e+00 -1.912989586620745e-03 -9.027961373235036e-04 -1.007634064386016e+00
29 25 -1.000294370346459e+00 -1.912097648625328e-03 -9.034929364175869e-04 -1.007636473578024e+00
29 26 -1.000294072628392e+00 -1.911109496376649e-03 -9.042036640702701e-04 -1.007639248806635e+00
29 27 -1.000293726194794e+00 -1.910033599750089e-03 -9.049254477920424e-04 -1.007642365969061e+00
29 28 -1.000293333928921e+00 -1.908879085225300e-03 -9.056563740298710e-04 -1.007645797791129e+00
29 29 -1.000292899262101e+00 -1.907655700196378e-03 -9.063953539260865e-04 -1.007649513966468e+00
29 30 -1.000292426149159e+00 -1.906373766036924e-03 -9.071419551192208e-04 -1.007653481360180e+00
29 31 -1.000291919029929e+00 -1.905044120586301e-03 -9.078961923870580e-04 -1.007657664276994e+00
29 32 -1.000291382779205e+00 -1.903678055401425e-03 -9.086582714602256e-04 -1.007662024776087e+00
29 33 -1.000290822648394e+00 -1.902287252185419e-03 -9.094282910124088e-04 -1.007666523011698e+00
29 34 -1.000290244201808e+00 -1.900883718876402e-03 -9.102059205813529e-04 -1.007671117586006e+00
29 35 -1.000289653250328e+00 -1.899479723961244e-03 -9.109900805200591e-04 -1.007675765905439e+00
29 36 -1.000289055785097e+00 -1.898087728069561e-03 -9.117786529639790e-04 -1.007680424531513e+00
29 37 -1.000288457912976e+00 -1.896720311735997e-03 -9.125682506960196e-04 -1.007685049521286e+00
29 38 -1.000287865793920e+00 -1.895390097284047e-03 -9.133540622454797e-04 -1.007689596760843e+00
29 39 -1.000287285579560e+00 -1.894109663935938e-03 -9.141297775411845e-04 -1.007694022297991e+00
29 40 -1.000286723352544e+00 -1.892891457929558e-03 -9.148875864417833e-04 -1.007698282675902e+00
29 41 -1.000286185066080e+00 -1.891747698830751e-03 -9.156182405968989e-04 -1.007702335270376e+00
29 42 -1.000285676481788e+00 -1.890690277813054e-03 -9.163111767942019e-04 -1.007706138646532e+00
29 43 -1.000285203103037e+00 -1.889730638796292e-03 -9.169547088682952e-04 -1.007709652962498e+00
29 44 -1.000284770102134e+00 -1.888879634529321e-03 -9.175362987423200e-04 -1.007712840441559e+00
29 45 -1.000284382242667e+00 -1.888147355867198e-03 -9.180429144283349e-04 -1.007715665913079e+00
29 46 -1.000284043800601e+00 -1.887542939000446e-03 -9.184614741273599e-04 -1.007718097402128e+00
29 47 -1.000283758488744e+00 -1.887074360663679e-03 -9.187793601520388e-04 -1.007720106735148e+00
29 48 -1.000283529389357e+00 -1.886748236049320e-03 -9.189849676872098e-04 -1.007721670120680e+00
29 49 -1.000283358899376e+00 -1.886569636328669e-03 -9.190682412649229e-04 -1.007722768661614e+00
29 50 -1.000283248691092e+00 -1.886541939149071e-03 -9.190211541973490e-04 -1.007723388766138e+00
29 51 -1.000283199688471e+00 -1.886666717710658e-03 -9.188381005558509e-04 -1.007723522445777e+00
29 52 -1.000283212057647e+00 -1.886943667903496e-03 -9.185161860707703e-04 -1.007723167504962e+00
29 53 -1.000283285210591e+00 -1.887370571835771e-03 -9.180554169136784e-04 -1.007722327627080e+00
29 54 -1.000283417822506e+00 -1.887943297823969e-03 -9.174587925339370e-04 -1.007721012353383e+00
29 55 -1.000283607864460e+00 -1.888655838718196e-03 -9.167323100505663e-04 -1.007719236944789e+00
29 56 -1.000283852652491e+00 -1.889500391989120e-03 -9.158848824717375e-04 -1.007717022115165e+00
29 57 -1.000284148913410e+00 -1.890467485602663e-03 -9.149281651136658e-04 -1.007714393628464e+00
29 58 -1.000284492865499e+00 -1.891546150502782e-03 -9.138762822914912e-04 -1.007711381765688e+00
29 59 -1.000284880309262e+00 -1.892724132862100e-03 -9.127454541731455e-04 -1.007708020691490e+00
29 60 -1.000285306720993e+00 -1.893988131756593e-03 -9.115535374230584e-04 -1.007704347771045e+00
29 61 -1.000285767341917e+00 -1.895324045598600e-03 -9.103195054983162e-04 -1.007700402890930e+00
29 62 -1.000286257257910e+00 -1.896717213027705e-03 -9.090629019788608e-04 -1.007696227824352e+00
29 63 -1.000286771467464e+00 -1.898152637184446e-03 -9.078033033209868e-04 -1.007691865664705e+00
30 0 -1.000287105301672e+00 -1.900180233167316e-03 -9.026482166557378e-04 -1.007687213569813e+00
30 1 -1.000287654191836e+00 -1.901654030350031e-03 -9.014534153845952e-04 -1.007682602021009e+00
30 2 -1.000288213184184e+00 -1.903127221346181e-03 -9.003076575445578e-04 -1.007677929169358e+00
30 3 -1.000288777363065e+00 -1.904585209306319e-03 -8.992262318912298e-04 -1.007673239330932e+00
30 4 -1.000289341895189e+00 -1.906013796023853e-03 -8.982226973443824e-04 -1.007668576384608e+00
30 5 -1.000289902043825e+00 -1.907399285706315e-03 -8.973087078728440e-04 -1.007663983501655e+00
30 6 -1.000290453179349e+00 -1.908728585419810e-03 -8.964938786172623e-04 -1.007659502872641e+00
30 7 -1.000290990788399e+00 -1.909989306378751e-03 -8.957856925279553e-04 -1.007655175419021e+00
30 8 -1.000291510484352e+00 -1.911169867960384e-03 -8.951894525253727e-04 -1.007651040480398e+00
30 9 -1.000292008020772e+00 -1.912259601773830e-03 -8.947082882364433e-04 -1.007647135480935e+00
30 10 -1.000292479307783e+00 -1.913248849085417e-03 -8.943432251218031e-04 -1.007643495592089e+00
30 11 -1.000292920430158e+00 -1.914129044141143e-03 -8.940933157307274e-04 -1.007640153414364e+00
30 12 -1.000293327665907e+00 -1.914892778288143e-03 -8.939558216667177e-04 -1.007637138697028e+00
30 13 -1.000293697504577e+00 -1.915533843401062e-03 -8.939264272099707e-04 -1.007634478106239e+00
30 14 -1.000294026665302e+00 -1.916047256637749e-03 -8.939994654157816e-04 -1.007632195041500e+00
30 15 -1.000294312115960e+00 -1.916429271164245e-03 -8.941681440177893e-04 -1.007630309489457e+00
30 16 -1.000294551095819e+00 -1.916677377944795e-03 -8.944247679914390e-04 -1.007628837897983e+00
30 17 -1.000294741143922e+00 -1.916790301131583e-03 -8.947609644899396e-04 -1.007627793058259e+00
30 18 -1.000294880133625e+00 -1.916767985187311e-03 -8.951679208274254e-04 -1.007627183996250e+00
30 19 -1.000294966311384e+00 -1.916611568563811e-03 -8.956366443274511e-04 -1.007627015888476e+00
30 20 -1.000294998336420e+00 -1.916323339058694e-03 -8.961582431642912e-04 -1.007627290020989e+00
30 21 -1.000294975317817e+00 -1.915906670165834e-03 -8.967242131789369e-04 -1.007628003802967e+00
30 22 -1.000294896846768e+00 -1.915365943699242e-03 -8.973267044030408e-04 -1.007629150831785e+00
30 23 -1.000294763023184e+00 -1.914706468422465e-03 -8.979587391776475e-04 -1.007630720992556e+00
30 24 -1.000294574477046e+00 -1.913934404964278e-03 -8.986143618656911e-04 -1.007632700568941e+00
30 25 -1.000294332385278e+00 -1.913056703956233e-03 -8.992887130069811e-04 -1.007635072346447e+00
30 26 -1.000294038484373e+00 -1.912081059008684e-03 -8.999780324118194e-04 -1.007637815701979e+00
30 27 -1.000293695077783e+00 -1.911015870838716e-03 -9.006796031519556e-04 -1.007640906688634e+00
30 28 -1.000293305035620e+00 -1.909870214939865e-03 -9.013916505840255e-04 -1.007644318137360e+00
30 29 -1.000292871783401e+00 -1.908653804143779e-03 -9.021132065712795e-04 -1.007648019801907e+00
30 30 -1.000292399277279e+00 -1.907376940460785e-03 -9.028439404127402e-04 -1.007651978566032e+00
30 31 -1.000291891965410e+00 -1.906050456345190e-03 -9.035839505833297e-04 -1.007656158714504e+00
30 32 -1.000291354737419e+00 -1.904685649919264e-03 -9.043335119483959e-04 -1.007660522252747e+00
30 33 -1.000290792865144e+00 -1.903294218729574e-03 -9.050927824010399e-04 -1.007665029254148e+00
30 34 -1.000290211937896e+00 -1.901888193698981e-03 -9.058614849501506e-04 -1.007669638218448e+00
30 35 -1.000289617795215e+00 -1.900479872622993e-03 -9.066385900314557e-04 -1.007674306430251e+00
30 36 -1.000289016459871e+00 -1.899081751957693e-03 -9.074220264605042e-04 -1.007678990309611e+00
30 37 -1.000288414072974e+00 -1.897706455300242e-03 -9.082084480142410e-04 -1.007683645750835e+00
30 38 -1.000287816831458e+00 -1.896366656554132e-03 -9.089930749285369e-04 -1.007688228452266e+00
30 39 -1.000287230927232e+00 -1.895074996773474e-03 -9.097696164309802e-04 -1.007692694243182e+00
30 40 -1.000286662487158e+00 -1.893843995685062e-03 -9.105302682864143e-04 -1.007696999411778e+00
30 41 -1.000286117512993e+00 -1.892685958554855e-03 -9.112657759938317e-04 -1.007701101038722e+00
30 42 -1.000285601819493e+00 -1.891612874813622e-03 -9.119655603961073e-04 -1.007704957350574e+00
30 43 -1.000285120967985e+00 -1.890636300287358e-03 -9.126179110046993e-04 -1.007708528118454e+00
30 44 -1.000284680193684e+00 -1.889767214959941e-03 -9.132102564857652e-04 -1.007711775124588e+00
30 45 -1.000284284327737e+00 -1.889015853434585e-03 -9.137295197972515e-04 -1.007714662700720e+00
30 46 -1.000283937717630e+00 -1.888391512163453e-03 -9.141625575817038e-04 -1.007717158320111e+00
30 47 -1.000283644150741e+00 -1.887902343508258e-03 -9.144966690318154e-04 -1.007719233209595e+00
30 48 -1.000283406785956e+00 -1.887555151372271e-03 -9.147201413286251e-04 -1.007720862939958e+00
30 49 -1.000283228097757e+00 -1.887355205246866e-03 -9.148227858563081e-04 -1.007722027950935e+00
30 50 -1.000283109835756e+00 -1.887306086687570e-03 -9.147964201455672e-04 -1.007722713975867e+00
30 51 -1.000283053000170e+00 -1.887409575053066e-03 -9.146352638180626e-04 -1.007722912350675e+00
30 52 -1.000283057831770e+00 -1.887665572548207e-03 -9.143362335752663e-04 -1.007722620210294e+00
30 53 -1.000283123814984e+00 -1.888072066335785e-03 -9.138991350389129e-04 -1.007721840580085e+00
30 54 -1.000283249694489e+00 -1.888625127124604e-03 -9.133267566276490e-04 -1.007720582361327e+00
30 55 -1.000283433506965e+00 -1.889318946055821e-03 -9.126248729291302e-04 -1.007718860200732e+00
30 56 -1.000283672629451e+00 -1.890145913230639e-03 -9.118021613743393e-04 -1.007716694231866e+00
30 57 -1.000283963844499e+00 -1.891096741350418e-03 -9.108700286828878e-04 -1.007714109681578e+00
30 58 -1.000284303420233e+00 -1.892160635163792e-03 -9.098423400160429e-04 -1.007711136347403e+00
30 59 -1.000284687200722e+00 -1.893325500831508e-03 -9.087350500869099e-04 -1.007707807972720e+00
30 60 -1.000285110699600e+00 -1.894578181806024e-03 -9.075657490348251e-04 -1.007704161567406e+00
30 61 -1.000285569189418e+00 -1.895904704245435e-03 -9.063531485563297e-04 -1.007700236728930e+00
30 62 -1.000286057781315e+00 -1.897290516775095e-03 -9.051165408916048e-04 -1.007696075007740e+00
30 63 -1.000286571492560e+00 -1.898720713533310e-03 -9.038752655506535e-04 -1.007691719341817e+00
31 0 -1.000286849806199e+00 -1.900681247424307e-03 -8.989607439186823e-04 -1.007687227242313e+00
31 1 -1.000287399219356e+00 -1.902152750651145e-03 -8.977807856291356e-04 -1.007682612918825e+00
31 2 -1.000287959599961e+00 -1.903625977059032e-03 -8.966475504199450e-04 -1.007677930157414e+00
31 3 -1.000288526026181e+00 -1.905086347607571e-03 -8.955761538359439e-04 -1.007673223365152e+00
31 4 -1.000289093650947e+00 -1.906519658641924e-03 -8.945800050990062e-04 -1.007668536581528e+00
31 5 -1.000289657716228e+00 -1.907912185046923e-03 -8.936706367100898e-04 -1.007663913206049e+00
31 6 -1.000290213563125e+00 -1.909250778847025e-03 -8.928575774569448e-04 -1.007659395726392e+00
31 7 -1.000290756640178e+00 -1.910522968024676e-03 -8.921482663213166e-04 -1.007655025433180e+00
31 8 -1.000291282513140e+00 -1.911717059224144e-03 -8.915480092433748e-04 -1.007650842107809e+00
31 9 -1.000291786878260e+00 -1.912822242457280e-03 -8.910599862314380e-04 -1.007646883684969e+00
31 10 -1.000292265578919e+00 -1.913828690456769e-03 -8.906853174522056e-04 -1.007643185909100e+00
31 11 -1.000292714624450e+00 -1.914727644751755e-03 -8.904231896359154e-04 -1.007639782008387e+00
31 12 -1.000293130210077e+00 -1.915511483672026e-03 -8.902710325434228e-04 -1.007636702403713e+00
31 13 -1.000293508737006e+00 -1.916173770474785e-03 -8.902247276007961e-04 -1.007633974463489e+00
31 14 -1.000293846832081e+00 -1.916709282177465e-03 -8.902788307254272e-04 -1.007631622308625e+00
31 15 -1.000294141367872e+00 -1.917114022865180e-03 -8.904267966555699e-04 -1.007629666659588e+00
31 16 -1.000294389485828e+00 -1.917385227473455e-03 -8.906611999111490e-04 -1.007628124706133e+00
31 17 -1.000294588625285e+00 -1.917521359976925e-03 -8.909739561716004e-04 -1.007627009983167e+00
31 18 -1.000294736559012e+00 -1.917522104421611e-03 -8.913565541026925e-04 -1.007626332253119e+00
31 19 -1.000294831433515e+00 -1.917388343357944e-03 -8.918003068145839e-04 -1.007626097410311e+00
31 20 -1.000294871810879e+00 -1.917122119005926e-03 -8.922966228238562e-04 -1.007626307425352e+00
31 21 -1.000294856708716e+00 -1.916726576337363e-03 -8.928372831338729e-04 -1.007626960340825e+00
31 22 -1.000294785635256e+00 -1.916205891659098e-03 -8.934147008080528e-04 -1.007628050319734e+00
31 23 -1.000294658617854e+00 -1.915565194300213e-03 -8.940221367407578e-04 -1.007629567736138e+00
31 24 -1.000294476224944e+00 -1.914810491414018e-03 -8.946538508141451e-04 -1.007631499286192e+00
31 25 -1.000294239582568e+00 -1.913948604392013e-03 -8.953051787851524e-04 -1.007633828096773e+00
31 26 -1.000293950386171e+00 -1.912987119726834e-03 -8.959725376247603e-04 -1.007636533821964e+00
31 27 -1.000293610906907e+00 -1.911934350720996e-03 -8.966533708230756e-04 -1.007639592735889e+00
31 28 -1.000293223990321e+00 -1.910799302732663e-03 -8.973460475012696e-04 -1.007642977842346e+00
31 29 -1.000292793044644e+00 -1.909591634281425e-03 -8.980497252790186e-04 -1.007646659024476e+00
31 30 -1.000292322016175e+00 -1.908321608482685e-03 -8.987641795415796e-04 -1.007650603252966e+00
31 31 -1.000291815350774e+00 -1.907000033532916e-03 -8.994895954426723e-04 -1.007654774858539e+00
31 32 -1.000291277942949e+00 -1.905638195789905e-03 -9.002263182993306e-04 -1.007659135856662e+00
31 33 -1.000290715075853e+00 -1.904247790981744e-03 -9.009745649360537e-04 -1.007663646301004e+00
31 34 -1.000290132355848e+00 -1.902840856676684e-03 -9.017341099519869e-04 -1.007668264645019e+00
31 35 -1.000289535644608e+00 -1.901429705342072e-03 -9.025039707651470e-04 -1.007672948101061e+00
31 36 -1.000288930991361e+00 -1.900026855909319e-03 -9.032821195447214e-04 -1.007677652991640e+00
31 37 -1.000288324567353e+00 -1.898644962463302e-03 -9.040652484082713e-04 -1.007682335088086e+00
31 38 -1.000287722603384e+00 -1.897296738889874e-03 -9.048486073180435e-04 -1.007686949936214e+00
31 39 -1.000287131329567e+00 -1.895994878006632e-03 -9.056259228886545e-04 -1.007691453175891e+00
31 40 -1.000286556915913e+00 -1.894751964574150e-03 -9.063893946035708e-04 -1.007695800863166e+00
31 41 -1.000286005412498e+00 -1.893580382397062e-03 -9.071297593887704e-04 -1.007699949801199e+00
31 42 -1.000285482687698e+00 -1.892492213226885e-03 -9.078364194382978e-04 -1.007703857890880e+00
31 43 -1.000284994362018e+00 -1.891499120279571e-03 -9.084976369521637e-04 -1.007707484523979e+00
31 44 -1.000284545735490e+00 -1.890612207578221e-03 -9.091008048085860e-04 -1.007710791044121e+00
31 45 -1.000284141709302e+00 -1.889841851218688e-03 -9.096328002278056e-04 -1.007713741283392e+00
31 46 -1.000283786705405e+00 -1.889197506616580e-03 -9.100804202971071e-04 -1.007716302156478e+00
31 47 -1.000283484589217e+00 -1.888687502027037e-03 -9.104308852575728e-04 -1.007718444277560e+00
31 48 -1.000283238600260e+00 -1.888318832437357e-03 -9.106723793449963e-04 -1.007720142559255e+00
31 49 -1.000283051295007e+00 -1.888096970133457e-03 -9.107945857675578e-04 -1.007721376750880e+00
31 50 -1.000282924505131e+00 -1.888025706927961e-03 -9.107891706258017e-04 -1.007722131877955e+00
31 51 -1.000282859312088e+00 -1.888107036545580e-03 -9.106501822482717e-04 -1.007722398562594e+00
31 52 -1.000282856036578e+00 -1.888341077611597e-03 -9.103743496769044e-04 -1.007722173226990e+00
31 53 -1.000282914241093e+00 -1.888726034114391e-03 -9.099612775174673e-04 -1.007721458190951e+00
31 54 -1.000283032745644e+00 -1.889258192174848e-03 -9.094135414885246e-04 -1.007720261665121e+00
31 55 -1.000283209658504e+00 -1.889931955149547e-03 -9.087366914841023e-04 -1.007718597629271e+00
31 56 -1.000283442423671e+00 -1.890739920322156e-03 -9.079391668829343e-04 -1.007716485582943e+00
31 57 -1.000283727885216e+00 -1.891673000028690e-03 -9.070321226441641e-04 -1.007713950162369e+00
31 58 -1.000284062366651e+00 -1.892720587884615e-03 -9.060291603602873e-04 -1.007711020629182e+00
31 59 -1.000284441760903e+00 -1.893870765131230e-03 -9.049459632565060e-04 -1.007707730254862e+00
31 60 -1.000284861623906e+00 -1.895110534337066e-03 -9.037998473608489e-04 -1.007704115646576e+00
31 61 -1.000285317264081e+00 -1.896426063193043e-03 -9.026092539456044e-04 -1.007700216070284e+00
31 62 -1.000285803822002e+00 -1.897802922920271e-03 -9.013932147651418e-04 -1.007696072816576e+00
31 63 -1.000286316337824e+00 -1.899226310505317e-03 -9.001708232545453e-04 -1.007691728634337e+00
32 0 -1.000286540839733e+00 -1.901114028013166e-03 -8.955341994801581e-04 -1.007687398204407e+00
32 1 -1.000287090135456e+00 -1.902581787450549e-03 -8.943693553455398e-04 -1.007682785633133e+00
32 2 -1.000287651282537e+00 -1.904053627724943e-03 -8.932488984910355e-04 -1.007678097329217e+00
32 3 -1.000288219356979e+00 -1.905514996955365e-03 -8.921877681985812e-04 -1.007673377765131e+00
32 4 -1.000288789502302e+00 -1.906951695934954e-03 -8.911992208170298e-04 -1.007668671113962e+00
32 5 -1.000289356943776e+00 -1.908349980318697e-03 -8.902946641766074e-04 -1.007664020976087e+00
32 6 -1.000289916998051e+00 -1.909696657241836e-03 -8.894835373337913e-04 -1.007659470108963e+00
32 7 -1.000290465080861e+00 -1.910979182276895e-03 -8.887732313160959e-04 -1.007655060143066e+00
32 8 -1.000290996716301e+00 -1.912185761296043e-03 -8.881690506200199e-04 -1.007650831268538e+00
32 9 -1.000291507549660e+00 -1.913305455210754e-03 -8.876742217075498e-04 -1.007646821895480e+00
32 10 -1.000291993363801e+00 -1.914328280140722e-03 -8.872899570843145e-04 -1.007643068307504e+00
32 11 -1.000292450098416e+00 -1.915245295809745e-03 -8.870155769794069e-04 -1.007639604329403e+00
32 12 -1.000292873871269e+00 -1.916048677709289e-03 -8.868486797012874e-04 -1.007636461024558e+00
32 13 -1.000293260999995e+00 -1.916731769987315e-03 -8.867853446573057e-04 -1.007633666436482e+00
32 14 -1.000293608023109e+00 -1.917289117936909e-03 -8.868203515390778e-04 -1.007631245383939e+00
32 15 -1.000293911720879e+00 -1.917716483590222e-03 -8.869474028878119e-04 -1.007629219302442e+00
32 16 -1.000294169139051e+00 -1.918010851512720e-03 -8.871593435991912e-04 -1.007627606109463e+00
32 17 -1.000294377618424e+00 -1.918170429549071e-03 -8.874483794007918e-04 -1.007626420074577e+00
32 18 -1.000294534831132e+00 -1.918194643049980e-03 -8.878063033248609e-04 -1.007625671694822e+00
32 19 -1.000294638822098e+00 -1.918084117461712e-03 -8.882247391555587e-04 -1.007625367589717e+00
32 20 -1.000294688052934e+00 -1.917840645198260e-03 -8.886954024386795e-04 -1.007625510431597e+00
32 21 -1.000294681444734e+00 -1.917467135482365e-03 -8.892103676043015e-04 -1.007626098923348e+00
32 22 -1.000294618416031e+00 -1.916967548825614e-03 -8.897623201018843e-04 -1.007627127830496e+00
32 23 -1.000294498913344e+00 -1.916346822097883e-03 -8.903447687348409e-04 -1.007628588062204e+00
32 24 -1.000294323434126e+00 -1.915610794155079e-03 -8.909521969499937e-04 -1.007630466779923e+00
32 25 -1.000294093043403e+00 -1.914766141359551e-03 -8.915801419201888e-04 -1.007632747508724e+00
32 26 -1.000293809384975e+00 -1.913820326365731e-03 -8.922252027129184e-04 -1.007635410240127e+00
32 27 -1.000293474686681e+00 -1.912781557096689e-03 -8.928849877953414e-04 -1.007638431533480e+00
32 28 -1.000293091758201e+00 -1.911658749763334e-03 -8.935580145359318e-04 -1.007641784632745e+00
32 29 -1.000292663979130e+00 -1.910461489169893e-03 -8.942435704726877e-04 -1.007645439618824e+00
32 30 -1.000292195274727e+00 -1.909199980177454e-03 -8.949415405931706e-04 -1.007649363617337e+00
32 31 -1.000291690077746e+00 -1.907884987569641e-03 -8.956521992179556e-04 -1.007653521071904e+00
32 32 -1.000291153277412e+00 -1.906527767403776e-03 -8.963759629675414e-04 -1.007657874072542e+00
32 33 -1.000290590159000e+00 -1.905139996314233e-03 -8.971131063136889e-04 -1.007662382713260e+00
32 34 -1.000290006337885e+00 -1.903733702726765e-03 -8.978634521825665e-04 -1.007667005455983e+00
32 35 -1.000289407691034e+00 -1.902321199188588e-03 -8.986260604837335e-04 -1.007671699490773e+00
32 36 -1.000288800288505e+00 -1.900915013561544e-03 -8.993989417909479e-04 -1.007676421087758e+00
32 37 -1.000288190327357e+00 -1.899527818181461e-03 -9.001788216632313e-04 -1.007681125934661e+00
32 38 -1.000287584069094e+00 -1.898172356100800e-03 -9.009609753215562e-04 -1.007685769458136e+00
32 39 -1.000286987779793e+00 -1.896861362183979e-03 -9.017391429114546e-04 -1.007690307137257e+00
32 40 -1.000286407671130e+00 -1.895607477439926e-03 -9.025055240589402e-04 -1.007694694820456e+00
32 41 -1.000285849840865e+00 -1.894423156748020e-03 -9.032508431536818e-04 -1.007698889052694e+00
32 42 -1.000285320211254e+00 -1.893320568376200e-03 -9.039644791387158e-04 -1.007702847422394e+00
32 43 -1.000284824462945e+00 -1.892311478431272e-03 -9.046346622375186e-04 -1.007706528950318e+00
32 44 -1.000284367962239e+00 -1.891407111198719e-03 -9.052487457861806e-04 -1.007709894546638e+00
32 45 -1.000283955682318e+00 -1.890617981238508e-03 -9.057935591966052e-04 -1.007712907545218e+00
32 46 -1.000283592122184e+00 -1.889953701146520e-03 -9.062558400778336e-04 -1.007715534298042e+00
32 47 -1.000283281228421e+00 -1.889422774744803e-03 -9.066227321412690e-04 -1.007717744796485e+00
32 48 -1.000283026324659e+00 -1.889032389134231e-03 -9.068823211060756e-04 -1.007719513279659e+00
32 49 -1.000282830053121e+00 -1.888788221986472e-03 -9.070241674111615e-04 -1.007720818785828e+00
32 50 -1.000282694331697e+00 -1.888694280005607e-03 -9.070397908842921e-04 -1.007721645605588e+00
32 51 -1.000282620327621e+00 -1.888752777968930e-03 -9.069230727236010e-04 -1.007721983614011e+00
32 52 -1.000282608446236e+00 -1.888964059067402e-03 -9.066705573058334e-04 -1.007721828483477e+00
32 53 -1.000282658332913e+00 -1.889326553320016e-03 -9.062816501055176e-04 -1.007721181788787e+00
32 54 -1.000282768888071e+00 -1.889836772694630e-03 -9.057587151288855e-04 -1.007720051007404e+00
32 55 -1.000282938296972e+00 -1.890489344487875e-03 -9.051070781360707e-04 -1.007718449406045e+00
32 56 -1.000283164076052e+00 -1.891277085625246e-03 -9.043349409948041e-04 -1.007716395802367e+00
32 57 -1.000283443136168e+00 -1.892191120676054e-03 -9.034532072416740e-04 -1.007713914194721e+00
32 58 -1.000283771861234e+00 -1.893221044849684e-03 -9.024752143373666e-04 -1.007711033262706e+00
32 59 -1.000284146197865e+00 -1.894355127465956e-03 -9.014163720239995e-04 -1.007707785760664e+00
32 60 -1.000284561748865e+00 -1.895580543090319e-03 -9.002937187460729e-04 -1.007704207850008e+00
32 61 -1.000285013862694e+00 -1.896883613111050e-03 -8.991254205281546e-04 -1.007700338426274e+00
32 62 -1.000285497713234e+00 -1.898250042740613e-03 -8.979302426464176e-04 -1.007696218485442e+00
32 63 -1.000286008367359e+00 -1.899665142774453e-03 -8.967270259554480e-04 -1.007691890555201e+00
33 0 -1.000286181172505e+00 -1.901475008241947e-03 -8.924023139420559e-04 -1.007687722393364e+00
33 1 -1.000286729730786e+00 -1.902937647316124e-03 -8.912526231313111e-04 -1.007683115978448e+00
33 2 -1.000287291036236e+00 -1.904406732974471e-03 -8.901449855852225e-04 -1.007678426437709e+00
33 3 -1.000287860166632e+00 -1.905867749765382e-03 -8.890941633558025e-04 -1.007673698282213e+00
33 4 -1.000288432260190e+00 -1.907306512413034e-03 -8.881132591476084e-04 -1.007668975791483e+00
33 5 -1.000289002529675e+00 -1.908709266729213e-03 -8.872135555780677e-04 -1.007664302740215e+00
33 6 -1.000289566271845e+00 -1.910062784919146e-03 -8.864044008189636e-04 -1.007659722127616e+00
33 7 -1.000290118874892e+00 -1.911354461482466e-03 -8.856931353642211e-04 -1.007655275891987e+00
33 8 -1.000290655827152e+00 -1.912572413983000e-03 -8.850850586990178e-04 -1.007651004596847e+00
33 9 -1.000291172729146e+00 -1.913705586896997e-03 -8.845834404529564e-04 -1.007646947091638e+00
33 10 -1.000291665309485e+00 -1.914743852202661e-03 -8.841895831704365e-04 -1.007643140163421e+00
33 11 -1.000292129444462e+00 -1.915678100240111e-03 -8.839029390926426e-04 -1.007639618197687e+00
33 12 -1.000292561180361e+00 -1.916500315759428e-03 -8.837212741485412e-04 -1.007636412865252e+00
33 13 -1.000292956756559e+00 -1.917203634860591e-03 -8.836408652441954e-04 -1.007633552853029e+00
33 14 -1.000293312627747e+00 -1.917782380981678e-03 -8.836567152893135e-04 -1.007631063650068e+00
33 15 -1.000293625485777e+00 -1.918232083283865e-03 -8.837627732620932e-04 -1.007628967382044e+00
33 16 -1.000293892283954e+00 -1.918549484459886e-03 -8.839521523634381e-04 -1.007627282671842e+00
33 17 -1.000294110266854e+00 -1.918732543030588e-03 -8.842173467643114e-04 -1.007626024506915e+00
33 18 -1.000294277006925e+00 -1.918780429775360e-03 -8.845504538213309e-04 -1.007625204110617e+00
33 19 -1.000294390447014e+00 -1.918693514343849e-03 -8.849434097600717e-04 -1.007624828828240e+00
33 20 -1.000294448946267e+00 -1.918473337922265e-03 -8.853882407173345e-04 -1.007624902043030e+00
33 21 -1.000294451325539e+00 -1.918122569373323e-03 -8.858773201504999e-04 -1.007625423137471e+00
33 22 -1.000294396908020e+00 -1.917644945203388e-03 -8.864036133097109e-04 -1.007626387510467e+00
33 23 -1.000294285552066e+00 -1.917045198577957e-03 -8.869608847916890e-04 -1.007627786647230e+00
33 24 -1.000294117675623e+00 -1.916328986867511e-03 -8.875438484396756e-04 -1.007629608222368e+00
33 25 -1.000293894273300e+00 -1.915502826761714e-03 -8.881482483053636e-04 -1.007631836212331e+00
33 26 -1.000293616927098e+00 -1.914574040868346e-03 -8.887708703297073e-04 -1.007634451004642e+00
33 27 -1.000293287810848e+00 -1.913550714171961e-03 -8.894094924242431e-04 -1.007637429506784e+00
33 28 -1.000292909687436e+00 -1.912441655460288e-03 -8.900627841253900e-04 -1.007640745267929e+00
33 29 -1.000292485896825e+00 -1.911256357103659e-03 -8.907301662242959e-04 -1.007644368632972e+00
33 30 -1.000292020332180e+00 -1.910004946441169e-03 -8.914116363267924e-04 -1.007648266950130e+00
33 31 -1.000291517402262e+00 -1.908698125458325e-03 -8.921075602653407e-04 -1.007652404843607e+00
33 32 -1.000290981980802e+00 -1.907347101515888e-03 -8.928184264839576e-04 -1.007656744542129e+00
33 33 -1.000290419346037e+00 -1.905963515412247e-03 -8.935445650220278e-04 -1.007661246238538e+00
33 34 -1.000289835114253e+00 -1.904559370994067e-03 -8.942858428470483e-04 -1.007665868457027e+00
33 35 -1.000289235170621e+00 -1.903146966337105e-03 -8.950413567135432e-04 -1.007670568415538e+00
33 36 -1.000288625600158e+00 -1.901738824908176e-03 -8.958091490530878e-04 -1.007675302376940e+00
33 37 -1.000288012621221e+00 -1.900347625632126e-03 -8.965859718507437e-04 -1.007680025983704e+00
33 38 -1.000287402522671e+00 -1.898986130374349e-03 -8.973671189846630e-04 -1.007684694575942e+00
33 39 -1.000286801604011e+00 -1.897667106387991e-03 -8.981463385580684e-04 -1.007689263500919e+00
33 40 -1.000286216116794e+00 -1.896403242140208e-03 -8.989158252706153e-04 -1.007693688424573e+00
33 41 -1.000285652205551e+00 -1.895207056309684e-03 -8.996662854063552e-04 -1.007697925653178e+00
33 42 -1.000285115846318e+00 -1.894090797891316e-03 -9.003870685077559e-04 -1.007701932476765e+00
33 43 -1.000284612780324e+00 -1.893066330882838e-03 -9.010663670030495e-04 -1.007705667555856e+00
33 44 -1.000284148441046e+00 -1.892144995391863e-03 -9.016914899312839e-04 -1.007709091375194e+00
33 45 -1.000283727875221e+00 -1.891337441084699e-03 -9.022492153826838e-04 -1.007712166773813e+00
33 46 -1.000283355661154e+00 -1.890653435744023e-03 -9.027262196590045e-04 -1.007714859538712e+00
33 47 -1.000283035829272e+00 -1.890101657715886e-03 -9.031095707073112e-04 -1.007717139031812e+00
33 48 -1.000282771790159e+00 -1.889689485911523e-03 -9.033872593387571e-04 -1.007718978808664e+00
33 49 -1.000282566274920e+00 -1.889422804457209e-03 -9.035487285406214e-04 -1.007720357181423e+00
33 50 -1.000282421291263e+00 -1.889305838069450e-03 -9.035853573061704e-04 -1.007721257684026e+00
33 51 -1.000282338096157e+00 -1.889341027537937e-03 -9.034908644859161e-04 -1.007721669417214e+00
33 52 -1.000282317183651e+00 -1.889528946711386e-03 -9.032616139414958e-04 -1.007721587273316e+00
33 53 -1.000282358286125e+00 -1.889868258618983e-03 -9.028968156250951e-04 -1.007721012049870e+00
33 54 -1.000282460388747e+00 -1.890355709143126e-03 -9.023986249671028e-04 -1.007719950456063e+00
33 55 -1.000282621758397e+00 -1.890986158635613e-03 -9.017721466183046e-04 -1.007718415007503e+00
33 56 -1.000282839988714e+00 -1.891752653473061e-03 -9.010253482189932e-04 -1.007716423800062e+00
33 57 -1.000283112062100e+00 -1.892646540751201e-03 -9.001688852457184e-04 -1.007714000153524e+00
33 58 -1.000283434427497e+00 -1.893657627959941e-03 -8.992158338834221e-04 -1.007711172124727e+00
33 59 -1.000283803089558e+00 -1.894774383246936e-03 -8.981813323080133e-04 -1.007707971911446e+00
33 60 -1.000284213701944e+00 -1.895984163628066e-03 -8.970821420658502e-04 -1.007704435192472e+00
33 61 -1.000284661656897e+00 -1.897273454449172e-03 -8.959361529628554e-04 -1.007700600458397e+00
33 62 -1.000285142165318e+00 -1.898628105245039e-03 -8.947618610804581e-04 -1.007696508377536e+00
33 63 -1.000285650324466e+00 -1.900033550719305e-03 -8.935778511767926e-04 -1.007692201225387e+00
34 0 -1.000285773936854e+00 -1.901761263094591e-03 -8.895954016373532e-04 -1.007688194972044e+00
34 1 -1.000286321159163e+00 -1.903217484033244e-03 -8.884606850160514e-04 -1.007683598981900e+00
34 2 -1.000286882029806e+00 -1.904682505599990e-03 -8.873657053652077e-04 -1.007678912434825e+00
34 3 -1.000287451632002e+00 -1.906141857344756e-03 -8.863250493305354e-04 -1.007674179854169e+00
34 4 -1.000288025102362e+00 -1.907581376471209e-03 -8.853516681528393e-04 -1.007669445600026e+00
34 5 -1.000288597645083e+00 -1.908987307974957e-03 -8.844567209770192e-04 -1.007664753594454e+00
34 6 -1.000289164541587e+00 -1.910346399519530e-03 -8.836494654218348e-04 -1.007660147047650e+00
34 7 -1.000289721157756e+00 -1.911645996342068e-03 -8.829371901251992e-04 -1.007655668171080e+00
34 8 -1.000290262951834e+00 -1.912874140199032e-03 -8.823251872153253e-04 -1.007651357865380e+00
34 9 -1.000290785485560e+00 -1.914019671968953e-03 -8.818167668441978e-04 -1.007647255382301e+00
34 10 -1.000291284439711e+00 -1.915072332961752e-03 -8.814133189205257e-04 -1.007643397973208e+00
34 11 -1.000291755633883e+00 -1.916022858159791e-03 -8.811144251024951e-04 -1.007639820543241e+00
34 12 -1.000292195049328e+00 -1.916863055242848e-03 -8.809180166512246e-04 -1.007636555330814e+00
34 13 -1.000292598852961e+00 -1.917585864861490e-03 -8.808205659476659e-04 -1.007633631630168e+00
34 14 -1.000292963420840e+00 -1.918185400375602e-03 -8.808172967276294e-04 -1.007631075567648e+00
34 15 -1.000293285361146e+00 -1.918656969479967e-03 -8.809024009722335e-04 -1.007628909927774e+00
34 16 -1.000293561538876e+00 -1.918997083637815e-03 -8.810692558122503e-04 -1.007627154010492e+00
34 17 -1.000293789105527e+00 -1.919203460994000e-03 -8.813106394444388e-04 -1.007625823498638e+00
34 18 -1.000293965535847e+00 -1.919275024428979e-03 -8.816189501594465e-04 -1.007624930326757e+00
34 19 -1.000294088671339e+00 -1.919211891928137e-03 -8.819864351104039e-04 -1.007624482558644e+00
34 20 -1.000294156767882e+00 -1.919015354489977e-03 -8.824054319637192e-04 -1.007624484290665e+00
34 21 -1.000294168543387e+00 -1.918687837949780e-03 -8.828686166539711e-04 -1.007624935598759e+00
34 22 -1.000294123221067e+00 -1.918232848544880e-03 -8.833692394614966e-04 -1.007625832540627e+00
34 23 -1.000294020564871e+00 -1.917654906630058e-03 -8.839013266321222e-04 -1.007627167212277e+00
34 24 -1.000293860905698e+00 -1.916959476647957e-03 -8.844598281022579e-04 -1.007628927843985e+00
34 25 -1.000293645159035e+00 -1.916152901896791e-03 -8.850407001311238e-04 -1.007631098913716e+00
34 26 -1.000293374835416e+00 -1.915242349277363e-03 -8.856409203609398e-04 -1.007633661261681e+00
34 27 -1.000293052044462e+00 -1.914235764049788e-03 -8.862584402024700e-04 -1.007636592203963e+00
34 28 -1.000292679491863e+00 -1.913141830187383e-03 -8.868920846655571e-04 -1.007639865657212e+00
34 29 -1.000292260467376e+00 -1.911969929485240e-03 -8.875414108120318e-04 -1.007643452294578e+00
34 30 -1.000291798821334e+00 -1.910730092848319e-03 -8.882065317805990e-04 -1.007647319753196e+00
34 31 -1.000291298927888e+00 -1.909432940545851e-03 -8.888879070212801e-04 -1.007651432903899e+00
34 32 -1.000290765635230e+00 -1.908089613296338e-03 -8.895860969729133e-04 -1.007655754176864e+00
34 33 -1.000290204205366e+00 -1.906711699440766e-03 -8.903014848798766e-04 -1.007660243921956e+00
34 34 -1.000289620247289e+00 -1.905311162858546e-03 -8.910339769920356e-04 -1.007664860779361e+00
34 35 -1.000289019647295e+00 -1.903900273108199e-03 -8.917827001820747e-04 -1.007669562043648e+00
34 36 -1.000288408499498e+00 -1.902491536747633e-03 -8.925457206129256e-04 -1.007674304013425e+00
34 37 -1.000287793038830e+00 -1.901097628060877e-03 -8.933198080716847e-04 -1.007679042323663e+00
34 38 -1.000287179577752e+00 -1.899731317330992e-03 -8.941002669513663e-04 -1.007683732261522e+00
34 39 -1.000286574446340e+00 -1.898405394669256e-03 -8.948808460174590e-04 -1.007688329071736e+00
34 40 -1.000285983934075e+00 -1.897132587725680e-03 -8.956537282041409e-04 -1.007692788261855e+00
34 41 -1.000285414231065e+00 -1.895925471945990e-03 -8.964095948364708e-04 -1.007697065918914e+00
34 42 -1.000284871366441e+00 -1.894796370797799e-03 -8.971377591797117e-04 -1.007701119050979e+00
34 43 -1.000284361141820e+00 -1.893757240543242e-03 -8.978263692383734e-04 -1.007704905971991e+00
34 44 -1.000283889058336e+00 -1.892819532485617e-03 -8.984626836667920e-04 -1.007708386750707e+00
34 45 -1.000283460237471e+00 -1.891994027933443e-03 -8.990334242269395e-04 -1.007711523736012e+00
34 46 -1.000283079338508e+00 -1.891290647160135e-03 -8.995252029141456e-04 -1.007714282151064e+00
34 47 -1.000282750477680e+00 -1.890718240853233e-03 -8.999250116724010e-04 -1.007716630726648e+00
34 48 -1.000282477154827e+00 -1.890284378480143e-03 -9.002207488335112e-04 -1.007718542328874e+00
34 49 -1.000282262192651e+00 -1.889995150820689e-03 -9.004017441976721e-04 -1.007719994532386e+00
34 50 -1.000282107691681e+00 -1.889855002223791e-03 -9.004592411019425e-04 -1.007720970098278e+00
34 51 -1.000282015001759e+00 -1.889866602250755e-03 -9.003868014509546e-04 -1.007721457333435e+00
34 52 -1.000281984708942e+00 -1.890030759335702e-03 -9.001806137034569e-04 -1.007721450327378e+00
34 53 -1.000282016636174e+00 -1.890346374681146e-03 -8.998396969156428e-04 -1.007720949074163e+00
34 54 -1.000282109857099e+00 -1.890810434084657e-03 -8.993660024427584e-04 -1.007719959486223e+00
34 55 -1.000282262723992e+00 -1.891418037319157e-03 -8.987644188286475e-04 -1.007718493298719e+00
34 56 -1.000282472911610e+00 -1.892162467092221e-03 -8.980426852094633e-04 -1.007716567855020e+00
34 57 -1.000282737478047e+00 -1.893035300844870e-03 -8.972112150727030e-04 -1.007714205763004e+00
34 58 -1.000283052941463e+00 -1.894026566877320e-03 -8.962828292360739e-04 -1.007711434421883e+00
34 59 -1.000283415368432e+00 -1.895124940641769e-03 -8.952723996788809e-04 -1.007708285439357e+00
34 60 -1.000283820466972e+00 -1.896317969793226e-03 -8.941964154071722e-04 -1.007704793980464e+00
34 61 -1.000284263676492e+00 -1.897592312035136e-03 -8.930724927834123e-04 -1.007700998100591e+00
34 62 -1.000284740248347e+00 -1.898933970037716e-03 -8.919188597951879e-04 -1.007696938110303e+00
34 63 -1.000285245313522e+00 -1.900328511061346e-03 -8.907538452453714e-04 -1.007692656004626e+00
35 0 -1.000285322608924e+00 -1.901970512448669e-03 -8.871400601465849e-04 -1.007688810450417e+00
35 1 -1.000285867918659e+00 -1.903419100271705e-03 -8.860199386693191e-04 -1.007684229007367e+00
35 2 -1.000286427776649e+00 -1.904878811240857e-03 -8.849372710851138e-04 -1.007679549599566e+00
35 3 -1.000286997274929e+00 -1.906335227527518e-03 -8.839064733789197e-04 -1.007674816737467e+00
35 4 -1.000287571551954e+00 -1.907774216719026e-03 -8.829403501220503e-04 -1.007670074836130e+00
35 5 -1.000288145807238e+00 -1.909182032070816e-03 -8.820499405909107e-04 -1.007665367936266e+00
35 6 -1.000288715311373e+00 -1.910545407296531e-03 -8.812444136851080e-04 -1.007660739426246e+00
35 7 -1.000289275412951e+00 -1.911851650092880e-03 -8.805310063774430e-04 -1.007656231755167e+00
35 8 -1.000289821545581e+00 -1.913088739001059e-03 -8.799150021788197e-04 -1.007651886123359e+00
35 9 -1.000290349238272e+00 -1.914245424987992e-03 -8.793997491633807e-04 -1.007647742144589e+00
35 10 -1.000290854130611e+00 -1.915311333474770e-03 -8.789867210991669e-04 -1.007643837491039e+00
35 11 -1.000291331992405e+00 -1.916277059281152e-03 -8.786756253501576e-04 -1.007640207542844e+00
35 12 -1.000291778746623e+00 -1.917134247906574e-03 -8.784645548878903e-04 -1.007636885062630e+00
35 13 -1.000292190494108e+00 -1.917875659007306e-03 -8.783501736777437e-04 -1.007633899910446e+00
35 14 -1.000292563538292e+00 -1.918495209964223e-03 -8.783279216463123e-04 -1.007631278810125e+00
35 15 -1.000292894409129e+00 -1.918988000427910e-03 -8.783922282555366e-04 -1.007629045168024e+00
35 16 -1.000293179888018e+00 -1.919350322875490e-03 -8.785367282338932e-04 -1.007627218928558e+00
35 17 -1.000293417037276e+00 -1.919579665920741e-03 -8.787544769476843e-04 -1.007625816442364e+00
35 18 -1.000293603236973e+00 -1.919674713736350e-03 -8.790381671539823e-04 -1.007624850333082e+00
35 19 -1.000293736229078e+00 -1.919635339334159e-03 -8.793803523439489e-04 -1.007624329368700e+00
35 20 -1.000293814166334e+00 -1.919462586658827e-03 -8.797736800658654e-04 -1.007624258355345e+00
35 21 -1.000293835661941e+00 -1.919158637750561e-03 -8.802111298555377e-04 -1.007624638071141e+00
35 22 -1.000293799835563e+00 -1.918726764343857e-03 -8.806862400082149e-04 -1.007625465252232e+00
35 23 -1.000293706351531e+00 -1.918171266716773e-03 -8.811933025987095e-04 -1.007626732634764e+00
35 24 -1.000293555446965e+00 -1.917497406229939e-03 -8.817275086530557e-04 -1.007628429043356e+00
35 25 -1.000293347950200e+00 -1.916711340116169e-03 -8.822850317519002e-04 -1.007630539504369e+00
35 26 -1.000293085291397e+00 -1.915820065138020e-03 -8.828630455964018e-04 -1.007633045363379e+00
35 27 -1.000292769506518e+00 -1.914831371205896e-03 -8.834596785138361e-04 -1.007635924401672e+00
35 28 -1.000292403234193e+00 -1.913753800733807e-03 -8.840739140781951e-04 -1.007639150963433e+00
35 29 -1.000291989703810e+00 -1.912596607216946e-03 -8.847054488043296e-04 -1.007642696112874e+00
35 30 -1.000291532712647e+00 -1.911369707023846e-03 -8.853545141959727e-04 -1.007646527839560e+00
35 31 -1.000291036590216e+00 -1.910083620845093e-03 -8.860216649949290e-04 -1.007650611323370e+00
35 32 -1.000290506149470e+00 -1.908749405374149e-03 -8.867075336080224e-04 -1.007654909256649e+00
35 33 -1.000289946627044e+00 -1.907378579874704e-03 -8.874125543231105e-04 -1.007659382204373e+00
35 34 -1.000289363616455e+00 -1.905983053083146e-03 -8.881366678476910e-04 -1.007663988975805e+00
35 35 -1.000288762998168e+00 -1.904575052774151e-03 -8.888790236317556e-04 -1.007668686988556e+00
35 36 -1.000288150869572e+00 -1.903167056830846e-03 -8.896377022686930e-04 -1.007673432617889e+00
35 37 -1.000287533477236e+00 -1.901771723902733e-03 -8.904094816602832e-04 -1.007678181528789e+00
35 38 -1.000286917153148e+00 -1.900401822426953e-03 -8.911896673945623e-04 -1.007682888989370e+00
35 39 -1.000286308254877e+00 -1.899070156316878e-03 -8.919720000181013e-04 -1.007687510170447e+00
35 40 -1.000285713107618e+00 -1.897789484543208e-03 -8.927486423415004e-04 -1.007692000444775e+00
35 41 -1.000285137945358e+00 -1.896572432071498e-03 -8.935102430812253e-04 -1.007696315700996e+00
35 42 -1.000284588849028e+00 -1.895431390052890e-03 -8.942460720193850e-04 -1.007700412684012e+00
35 43 -1.000284071679970e+00 -1.894378401215180e-03 -8.949442254073302e-04 -1.007704249376142e+00
35 44 -1.000283592007051e+00 -1.893425023478458e-03 -8.955919042097038e-04 -1.007707785440423e+00
35 45 -1.000283155027075e+00 -1.892582165832751e-03 -8.961757677752040e-04 -1.007710982743019e+00
35 46 -1.000282765481146e+00 -1.891859897199490e-03 -8.966823601157791e-04 -1.007713805949316e+00
35 47 -1.000282427572525e+00 -1.891267237341293e-03 -8.970985960878206e-04 -1.007716223161958e+00
35 48 -1.000282144892127e+00 -1.890811944330441e-03 -8.974122825932784e-04 -1.007718206555132e+00
35 49 -1.000281920356488e+00 -1.890500314905540e-03 -8.976126391706394e-04 -1.007719732958577e+00
35 50 -1.000281756161262e+00 -1.890337013051324e-03 -8.976907781396718e-04 -1.007720784350614e+00
35 51 -1.000281653751476e+00 -1.890324937806251e-03 -8.976401101076785e-04 -1.007721348232210e+00
35 52 -1.000281613807749e+00 -1.890465134123351e-03 -8.974566537642647e-04 -1.007721417874347e+00
35 53 -1.000281636246455e+00 -1.890756744560255e-03 -8.971392425167731e-04 -1.007720992448160e+00
35 54 -1.000281720232719e+00 -1.891196998576395e-03 -8.966896290807995e-04 -1.007720077048382e+00
35 55 -1.000281864207238e+00 -1.891781239258270e-03 -8.961124922548853e-04 -1.007718682608518e+00
35 56 -1.000282065929063e+00 -1.892502990018830e-03 -8.954153501355349e-04 -1.007716825696691e+00
35 57 -1.000282322535414e+00 -1.893354063871735e-03 -8.946083824904025e-04 -1.007714528183421e+00
35 58 -1.000282630617197e+00 -1.894324715792237e-03 -8.937041634071885e-04 -1.007711816783154e+00
35 59 -1.000282986306293e+00 -1.895403834663062e-03 -8.927173071222276e-04 -1.007708722486337e+00
35 60 -1.000283385368315e+00 -1.896579165162570e-03 -8.916640377321823e-04 -1.007705279917373e+00
35 61 -1.000283823292981e+00 -1.897837544073793e-03 -8.905617045410904e-04 -1.007701526669758e+00
35 62 -1.000284295375095e+00 -1.899165134034356e-03 -8.894282725441848e-04 -1.007697502670629e+00
35 63 -1.000284796782252e+00 -1.900547641628778e-03 -8.882818185762549e-04 -1.007693249610336e+00
36 0 -1.000284830990962e+00 -1.902101120325036e-03 -8.850589272955887e-04 -1.007689562787917e+00
36 1 -1.000285373833531e+00 -1.903540945419610e-03 -8.839528448107072e-04 -1.007684999859310e+00
36 2 -1.000285932116179e+00 -1.904994164467678e-03 -8.828819819432121e-04 -1.007680331644494e+00
36 3 -1.000286500943042e+00 -1.906446419341927e-03 -8.818605910851065e-04 -1.007675602615616e+00
36 4 -1.000287075457958e+00 -1.907883615932022e-03 -8.809013368276270e-04 -1.007670857215140e+00
36 5 -1.000287650859656e+00 -1.909292024818193e-03 -8.800151440464922e-04 -1.007666139572027e+00
36 6 -1.000288222412142e+00 -1.910658375924354e-03 -8.792110966947284e-04 -1.007661493220003e+00
36 7 -1.000288785451444e+00 -1.911969950832689e-03 -8.784963817720652e-04 -1.007656960810049e+00
36 8 -1.000289335392020e+00 -1.913214678015923e-03 -8.778762734040680e-04 -1.007652583801991e+00
36 9 -1.000289867736416e+00 -1.914381233393887e-03 -8.773541545253003e-04 -1.007648402126898e+00
36 10 -1.000290378089799e+00 -1.915459142349279e-03 -8.769315783269343e-04 -1.007644453830743e+00
36 11 -1.000290862179150e+00 -1.916438875676946e-03 -8.766083729769528e-04 -1.007640774721285e+00
36 12 -1.000291315876221e+00 -1.917311933017636e-03 -8.763827879203236e-04 -1.007637398037775e+00
36 13 -1.000291735222824e+00 -1.918070909511620e-03 -8.762516727585383e-04 -1.007634354158453e+00
36 14 -1.000292116456408e+00 -1.918709542657851e-03 -8.762106767836816e-04 -1.007631670359012e+00
36 15 -1.000292456034670e+00 -1.919222739150938e-03 -8.762544593168686e-04 -1.007629370626129e+00
36 16 -1.000292750660700e+00 -1.919606586469998e-03 -8.763769042373898e-04 -1.007627475511414e+00
36 17 -1.000292997312345e+00 -1.919858356638951e-03 -8.765713349430585e-04 -1.007626001999818e+00
36 18 -1.000293193278863e+00 -1.919976506400748e-03 -8.768307297498714e-04 -1.007624963376199e+00
36 19 -1.000293336205229e+00 -1.919960672293958e-03 -8.771479412958463e-04 -1.007624369093798e+00
36 20 -1.000293424141975e+00 -1.919811656224919e-03 -8.775159225668649e-04 -1.007624224660380e+00
36 21 -1.000293455596845e+00 -1.919531397878359e-03 -8.779279551149093e-04 -1.007624531558930e+00
36 22 -1.000293429583462e+00 -1.919122932297272e-03 -8.783778662105561e-04 -1.007625287217756e+00
36 23 -1.000293345662172e+00 -1.918590333771945e-03 -8.788602168529670e-04 -1.007626485038573e+00
36 24 -1.000293203970240e+00 -1.917938651423211e-03 -8.793704435323477e-04 -1.007628114476195e+00
36 25 -1.000293005241611e+00 -1.917173845072462e-03 -8.799049415073955e-04 -1.007630161148245e+00
36 26 -1.000292750818109e+00 -1.916302728525771e-03 -8.804610840629074e-04 -1.007632606953155e+00
36 27 -1.000292442653432e+00 -1.915332921983988e-03 -8.810371794319787e-04 -1.007635430189735e+00
36 28 -1.000292083309923e+00 -1.914272810333116e-03 -8.816323728768453e-04 -1.007638605687022e+00
36 29 -1.000291675947022e+00 -1.913131501833128e-03 -8.822465035745697e-04 -1.007642104960369e+00
36 30 -1.000291224299393e+00 -1.911918781247540e-03 -8.828799239965142e-04 -1.007645896411794e+00
36 31 -1.000290732642501e+00 -1.910645052751275e-03 -8.835332856675901e-04 -1.007649945589369e+00
36 32 -1.000290205744846e+00 -1.909321272242994e-03 -8.842072930940011e-04 -1.007654215505940e+00
36 33 -1.000289648808931e+00 -1.907958873875226e-03 -8.849024297542112e-04 -1.007658666997445e+00
36 34 -1.000289067404881e+00 -1.906569696770579e-03 -8.856186660885924e-04 -1.007663259092929e+00
36 35 -1.000288467400446e+00 -1.905165914172898e-03 -8.863551664012251e-04 -1.007667949377936e+00
36 36 -1.000287854890344e+00 -1.903759963751207e-03 -8.871100160280035e-04 -1.007672694344840e+00
36 37 -1.000287236127729e+00 -1.902364477887112e-03 -8.878799906381910e-04 -1.007677449725301e+00
36 38 -1.000286617460005e+00 -1.900992213617028e-03 -8.886603867206507e-04 -1.007682170800469e+00
36 39 -1.000286005268968e+00 -1.899655980137457e-03 -8.894449266933216e-04 -1.007686812694879e+00
36 40 -1.000285405912805e+00 -1.898368559759846e-03 -8.902257441262542e-04 -1.007691330671382e+00
36 41 -1.000284825667065e+00 -1.897142619318183e-03 -8.909934469740745e-04 -1.007695680443144e+00
36 42 -1.000284270662740e+00 -1.895990610780086e-03 -8.917372538612932e-04 -1.007699818511510e+00
36 43 -1.000283746819832e+00 -1.894924657605062e-03 -8.924452014999415e-04 -1.007703702542593e+00
36 44 -1.000283259774375e+00 -1.893956419300488e-03 -8.931044255050466e-04 -1.007707291806443e+00
36 45 -1.000282814798193e+00 -1.893096927603439e-03 -8.937015162842280e-04 -1.007710547698341e+00
36 46 -1.000282416714263e+00 -1.892356395354867e-03 -8.942229453093660e-04 -1.007713434336057e+00
36 47 -1.000282069813505e+00 -1.891744007461055e-03 -8.946555479924353e-04 -1.007715919200414e+00
36 48 -1.000281777779068e+00 -1.891267707650704e-03 -8.949870396651370e-04 -1.007717973775693e+00
36 49 -1.000281543622749e+00 -1.890933996372674e-03 -8.952065317105486e-04 -1.007719574145721e+00
36 50 -1.000281369636862e+00 -1.890747755624206e-03 -8.953050094535043e-04 -1.007720701502597e+00
36 51 -1.000281257363304e+00 -1.890712113181277e-03 -8.952757373190993e-04 -1.007721342534901e+00
36 52 -1.000281207579108e+00 -1.890828350685973e-03 -8.951145697067811e-04 -1.007721489685766e+00
36 53 -1.000281220296045e+00 -1.891095852793439e-03 -8.948201601086668e-04 -1.007721141292529e+00
36 54 -1.000281294772810e+00 -1.891512093776703e-03 -8.943940688999709e-04 -1.007720301620229e+00
36 55 -1.000281429540857e+00 -1.892072661784120e-03 -8.938407723092603e-04 -1.007718980786729e+00
36 56 -1.000281622446147e+00 -1.892771323321295e-03 -8.931675757163010e-04 -1.007717194568623e+00
36 57 -1.000281870707751e+00 -1.893600129727267e-03 -8.923844348747488e-04 -1.007714964081373e+00
36 58 -1.000282170992078e+00 -1.894549565713225e-03 -8.915036880652711e-04 -1.007712315335937e+00
36 59 -1.000282519499200e+00 -1.895608737332770e-03 -8.905397031317188e-04 -1.007709278684874e+00
36 60 -1.000282912055306e+00 -1.896765590873809e-03 -8.895084500864794e-04 -1.007705888189285e+00
36 61 -1.000283344203286e+00 -1.898007147184625e-03 -8.884270209634187e-04 -1.007702180957901e+00
36 62 -1.000283811284008e+00 -1.899319733820987e-03 -8.873131264220048e-04 -1.007698196512920e+00
36 63 -1.000284308504248e+00 -1.900689201849871e-03 -8.861845988426815e-04 -1.007693976218925e+00
37 0 -1.000284303193970e+00 -1.902152091576105e-03 -8.833704985790804e-04 -1.007690445471675e+00
37 1 -1.000284843036626e+00 -1.903582110803469e-03 -8.822777484777931e-04 -1.007685904862522e+00
37 2 -1.000285399196162e+00 -1.905027723191506e-03 -8.812180476418637e-04 -1.007681251795044e+00
37 3 -1.000285966792169e+00 -1.906474637120060e-03 -8.802054938878293e-04 -1.007676530676612e+00
37 4 -1.000286540977573e+00 -1.907908804695041e-03 -8.792526202986533e-04 -1.007671785947543e+00
37 5 -1.000287116954180e+00 -1.909316522576544e-03 -8.783702447894784e-04 -1.007667061793835e+00
37 6 -1.000287689983462e+00 -1.910684526664910e-03 -8.775673719058521e-04 -1.007662401861538e+00
37 7 -1.000288255393533e+00 -1.912000083981726e-03 -8.768511413285091e-04 -1.007657848966171e+00
37 8 -1.000288808585258e+00 -1.913251086735952e-03 -8.762268171452088e-04 -1.007653444783794e+00
37 9 -1.000289345041056e+00 -1.914426151384388e-03 -8.756978136898477e-04 -1.007649229515161e+00
37 10 -1.000289860338458e+00 -1.915514719877287e-03 -8.752657582722430e-04 -1.007645241530423e+00
37 11 -1.000290350168764e+00 -1.916507156361515e-03 -8.749305934339927e-04 -1.007641517013811e+00
37 12 -1.000290810359969e+00 -1.917394832694635e-03 -8.746907178206286e-04 -1.007638089628365e+00
37 13 -1.000291236902324e+00 -1.918170197695713e-03 -8.745431586552884e-04 -1.007634990217888e+00
37 14 -1.000291625974336e+00 -1.918826826518112e-03 -8.744837658423373e-04 -1.007632246560282e+00
37 15 -1.000291973967901e+00 -1.919359449584977e-03 -8.745074188909407e-04 -1.007629883176582e+00
37 16 -1.000292277513789e+00 -1.919763965396896e-03 -8.746082401149632e-04 -1.007627921182510e+00
37 17 -1.000292533510789e+00 -1.920037444366258e-03 -8.747798095823147e-04 -1.007626378158156e+00
37 18 -1.000292739161783e+00 -1.920178128700549e-03 -8.750153801587405e-04 -1.007625268017523e+00
37 19 -1.000292892017884e+00 -1.920185428454258e-03 -8.753080941081414e-04 -1.007624600876470e+00
37 20 -1.000292990029146e+00 -1.920059910356817e-03 -8.756512027149600e-04 -1.007624382931378e+00
37 21 -1.000293031598071e+00 -1.919803275224477e-03 -8.760382854149793e-04 -1.007624616367136e+00
37 22 -1.000293015630632e+00 -1.919418320963285e-03 -8.764634575627789e-04 -1.007625299313164e+00
37 23 -1.000292941579606e+00 -1.918908891367740e-03 -8.769215508974363e-04 -1.007626425858286e+00
37 24 -1.000292809477181e+00 -1.918279815571155e-03 -8.774082506022138e-04 -1.007627986119188e+00
37 25 -1.000292619956573e+00 -1.917536846088185e-03 -8.779201769716379e-04 -1.007629966343111e+00
37 26 -1.000292374264133e+00 -1.916686602199238e-03 -8.784549058607680e-04 -1.007632349024883e+00
37 27 -1.000292074263453e+00 -1.915736521183304e-03 -8.790109282102733e-04 -1.007635113029427e+00
37 28 -1.000291722432216e+00 -1.914694815814529e-03 -8.795875537866229e-04 -1.007638233723289e+00
37 29 -1.000291321851260e+00 -1.913570433663964e-03 -8.801847671590949e-04 -1.007641683127948e+00
37 30 -1.000290876183841e+00 -1.912373011866262e-03 -8.808030441905258e-04 -1.007645430114217e+00
37 31 -1.000290389642524e+00 -1.911112821737804e-03 -8.814431349994402e-04 -1.007649440655283e+00
37 32 -1.000289866942712e+00 -1.909800702375877e-03 -8.821058167488655e-04 -1.007653678139962e+00
37 33 -1.000289313244659e+00 -1.908447987936310e-03 -8.827916205018823e-04 -1.007658103726799e+00
37 34 -1.000288734087641e+00 -1.907066434374708e-03 -8.835005420274637e-04 -1.007662676711997e+00
37 35 -1.000288135319872e+00 -1.905668147911002e-03 -8.842317533350730e-04 -1.007667354893045e+00
37 36 -1.000287523027347e+00 -1.904265514567686e-03 -8.849833352248162e-04 -1.007672094919686e+00
37 37 -1.000286903464747e+00 -1.902871130411146e-03 -8.857520505945725e-04 -1.007676852625213e+00
37 38 -1.000286282990794e+00 -1.901497732280030e-03 -8.865331760173643e-04 -1.007681583333758e+00
37 39 -1.000285668007967e+00 -1.900158126364377e-03 -8.873204055772522e-04 -1.007686242151000e+00
37 40 -1.000285064904220e+00 -1.898865110122203e-03 -8.881058344010984e-04 -1.007690784256170e+00
37 41 -1.000284479993908e+00 -1.897631384585640e-03 -8.888800212508086e-04 -1.007695165210618e+00
37 42 -1.000283919455952e+00 -1.896469455837813e-03 -8.896321255352775e-04 -1.007699341291867e+00
37 43 -1.000283389267340e+00 -1.895391521999071e-03 -8.903501166583796e-04 -1.007703269867104e+00
37 44 -1.000282895129799e+00 -1.894409338146683e-03 -8.910210575816520e-04 -1.007706909830295e+00
37 45 -1.000282442389006e+00 -1.893534052897615e-03 -8.916314631314742e-04 -1.007710222121776e+00
37 46 -1.000282035949221e+00 -1.892776017781431e-03 -8.921677266548599e-04 -1.007713170324666e+00
37 47 -1.000281680188989e+00 -1.892144578232008e-03 -8.926166004008604e-04 -1.007715721307872e+00
37 48 -1.000281378883937e+00 -1.891647859228377e-03 -8.929657070589180e-04 -1.007717845874044e+00
37 49 -1.000281135141543e+00 -1.891292560841397e-03 -8.932040513906314e-04 -1.007719519367528e+00
37 50 -1.000280951351531e+00 -1.891083779920034e-03 -8.933224949972003e-04 -1.007720722196955e+00
37 51 -1.000280829153722e+00 -1.891024870860932e-03 -8.933141603291203e-04 -1.007721440237572e+00
37 52 -1.000280769422653e+00 -1.891117350291672e-03 -8.931747425039926e-04 -1.007721665102451e+00
37 53 -1.000280772266498e+00 -1.891360843281894e-03 -8.929027210495140e-04 -1.007721394293022e+00
37 54 -1.000280837038706e+00 -1.891753067681363e-03 -8.924994707888050e-04 -1.007720631241017e+00
37 55 -1.000280962363120e+00 -1.892289856376293e-03 -8.919692729159537e-04 -1.007719385241813e+00
37 56 -1.000281146174561e+00 -1.892965219283979e-03 -8.913192288238916e-04 -1.007717671271134e+00
37 57 -1.000281385776016e+00 -1.893771446537899e-03 -8.905590808884248e-04 -1.007715509679060e+00
37 58 -1.000281677911578e+00 -1.894699253345504e-03 -8.897009442191642e-04 -1.007712925761238e+00
37 59 -1.000282018851928e+00 -1.895737964511683e-03 -8.887589540508839e-04 -1.007709949217603e+00
37 60 -1.000282404486378e+00 -1.896875730414540e-03 -8.877488400562029e-04 -1.007706613528692e+00
37 61 -1.000282830413452e+00 -1.898099758977248e-03 -8.866874499140252e-04 -1.007702955300405e+00
37 62 -1.000283292022476e+00 -1.899396546070115e-03 -8.855922517865237e-04 -1.007699013631604e+00
37 63 -1.000283784561934e+00 -1.900752091225397e-03 -8.844808444376825e-04 -1.007694829541525e+00
38 0 -1.000283743620744e+00 -1.902123068275513e-03 -8.820890053552076e-04 -1.007691451563943e+00
38 1 -1.000284279952327e+00 -1.903542324791650e-03 -8.810087598820653e-04 -1.007686936910830e+00
38 2 -1.000284833455885e+00 -1.904979283391971e-03 -8.799594712387726e-04 -1.007682302836601e+00
38 3 -1.000285399269830e+00 -1.906419725149629e-03 -8.789550938865261e-04 -1.007677593657401e+00
38 4 -1.000285972559822e+00 -1.907849655671425e-03 -8.780080399520580e-04 -1.007672853782015e+00
38 5 -1.000286548534579e+00 -1.909255406109010e-03 -8.771290295090898e-04 -1.007668127421616e+00
38 6 -1.000287122457240e+00 -1.910623728324922e-03 -8.763269942618362e-04 -1.007663458299228e+00
38 7 -1.000287689652811e+00 -1.911941886810875e-03 -8.756090297206858e-04 -1.007658889354728e+00
38 8 -1.000288245514074e+00 -1.913197751585303e-03 -8.749803894840670e-04 -1.007654462435467e+00
38 9 -1.000288785509499e+00 -1.914379895465411e-03 -8.744445156125548e-04 -1.007650217963028e+00
38 10 -1.000289305195834e+00 -1.915477694384510e-03 -8.740031032443070e-04 -1.007646194579254e+00
38 11 -1.000289800236144e+00 -1.916481424658886e-03 -8.736562010887059e-04 -1.007642428789002e+00
38 12 -1.000290266422417e+00 -1.917382349937803e-03 -8.734023476191129e-04 -1.007638954621787e+00
38 13 -1.000290699701004e+00 -1.918172792186658e-03 -8.732387376497786e-04 -1.007635803330885e+00
38 14 -1.000291096198826e+00 -1.918846183152712e-03 -8.731614109982688e-04 -1.007633003142838e+00
38 15 -1.000291452249007e+00 -1.919397095445275e-03 -8.731654556676066e-04 -1.007630579061811e+00
38 16 -1.000291764416562e+00 -1.919821256393440e-03 -8.732452196345504e-04 -1.007628552719384e+00
38 17 -1.000292029527061e+00 -1.920115551264351e-03 -8.733945262496624e-04 -1.007626942247735e+00
38 18 -1.000292244701906e+00 -1.920278022096499e-03 -8.736068897824716e-04 -1.007625762154243e+00
38 19 -1.000292407402183e+00 -1.920307864238325e-03 -8.738757302561719e-04 -1.007625023189847e+00
38 20 -1.000292515480036e+00 -1.920205417950174e-03 -8.741945877646236e-04 -1.007624732221360e+00
38 21 -1.000292567233660e+00 -1.919972150190385e-03 -8.745573333691536e-04 -1.007624892128655e+00
38 22 -1.000292561460438e+00 -1.919610622719632e-03 -8.749583676215378e-04 -1.007625501747634e+00
38 23 -1.000292497502910e+00 -1.919124446135865e-03 -8.753927928224704e-04 -1.007626555870731e+00
38 24 -1.000292375284061e+00 -1.918518223795539e-03 -8.758565443937099e-04 -1.007628045302201e+00
38 25 -1.000292195330990e+00 -1.917797492468969e-03 -8.763464701074276e-04 -1.007629956952681e+00
38 26 -1.000291958788119e+00 -1.916968666298066e-03 -8.768603510862701e-04 -1.007632273954001e+00
38 27 -1.000291667421839e+00 -1.916038987613915e-03 -8.773968634228259e-04 -1.007634975782087e+00
38 28 -1.000291323617815e+00 -1.915016484242313e-03 -8.779554834561470e-04 -1.007638038387888e+00
38 29 -1.000290930370710e+00 -1.913909929352541e-03 -8.785363432163614e-04 -1.007641434348028e+00
38 30 -1.000290491264433e+00 -1.912728797609095e-03 -8.791400443426504e-04 -1.007645133054225e+00
38 31 -1.000290010440481e+00 -1.911483211984888e-03 -8.797674377972009e-04 -1.007649100958549e+00
38 32 -1.000289492553183e+00 -1.910183879757813e-03 -8.804193744207432e-04 -1.007653301877646e+00
38 33 -1.000288942713060e+00 -1.908842021210443e-03 -8.810964317417126e-04 -1.007657697340564e+00
38 34 -1.000288366421513e+00 -1.907469296249151e-03 -8.817986273025766e-04 -1.007662246955365e+00
38 35 -1.000287769500645e+00 -1.906077732006577e-03 -8.825251348361955e-04 -1.007666908773663e+00
38 36 -1.000287158021829e+00 -1.904679651952240e-03 -8.832740223078608e-04 -1.007671639640880e+00
38 37 -1.000286538236258e+00 -1.903287606333285e-03 -8.840420298096644e-04 -1.007676395525216e+00
38 38 -1.000285916509662e+00 -1.901914303227427e-03 -8.848244034474030e-04 -1.007681131823277e+00
38 39 -1.000285299261338e+00 -1.900572537549130e-03 -8.856147990738418e-04 -1.007685803649622e+00
38 40 -1.000284692905518e+00 -1.899275113903700e-03 -8.864052644722386e-04 -1.007690366125847e+00
38 41 -1.000284103792340e+00 -1.898034760139725e-03 -8.871863009811626e-04 -1.007694774684669e+00
38 42 -1.000283538145997e+00 -1.896864029598527e-03 -8.879470009822399e-04 -1.007698985400758e+00
38 43 -1.000283001997966e+00 -1.895775188247359e-03 -8.886752592133228e-04 -1.007702955362971e+00
38 44 -1.000282501113346e+00 -1.894780079874754e-03 -8.893580590186331e-04 -1.007706643109692e+00
38 45 -1.000282040909782e+00 -1.893889963479193e-03 -8.899818329276847e-04 -1.007710009145187e+00
38 46 -1.000281626371459e+00 -1.893115323286545e-03 -8.905328900536090e-04 -1.007713016534558e+00
38 47 -1.000281261963547e+00 -1.892465659397919e-03 -8.909978949946770e-04 -1.007715631550315e+00
38 48 -1.000280951553360e+00 -1.891949272119866e-03 -8.913643758113873e-04 -1.007717824328350e+00
38 49 -1.000280698343578e+00 -1.891573055581278e-03 -8.916212311402993e-04 -1.007719569486245e+00
38 50 -1.000280504821230e+00 -1.891342316720618e-03 -8.917592011724292e-04 -1.007720846658470e+00
38 51 -1.000280372724192e+00 -1.891260632437453e-03 -8.917712699838453e-04 -1.007721640913799e+00
38 52 -1.000280303024656e+00 -1.891329750470740e-03 -8.916529781326164e-04 -1.007721943041290e+00
38 53 -1.000280295927409e+00 -1.891549532689537e-03 -8.914026368860823e-04 -1.007721749711595e+00
38 54 -1.000280350881123e+00 -1.891917937468372e-03 -8.910214420238038e-04 -1.007721063526182e+00
38 55 -1.000280466602836e+00 -1.892431039969651e-03 -8.905134872092249e-04 -1.007719892958649e+00
38 56 -1.000280641117348e+00 -1.893083091430380e-03 -8.898856790309254e-04 -1.007718252182758e+00
38 57 -1.000280871812989e+00 -1.893866619081617e-03 -8.891475579785579e-04 -1.007716160779906e+00
38 58 -1.000281155513317e+00 -1.894772567618733e-03 -8.883110297559873e-04 -1.007713643323870e+00
38 59 -1.000281488561631e+00 -1.895790480382880e-03 -8.873900123138646e-04 -1.007710728852249e+00
38 60 -1.000281866912434e+00 -1.896908712259775e-03 -8.864000109324709e-04 -1.007707450253343e+00
38 61 -1.000282286221959e+00 -1.898114659276724e-03 -8.853576447250947e-04 -1.007703843617012e+00
38 62 -1.000282741930222e+00 -1.899394987473998e-03 -8.842801544721887e-04 -1.007699947603348e+00
38 63 -1.000283229329846e+00 -1.900735847592151e-03 -8.831849194991867e-04 -1.007695802868427e+00
39 0 -1.000283156949096e+00 -1.902014327747512e-03 -8.812243522343007e-04 -1.007692573714244e+00
39 1 -1.000283689279999e+00 -1.903421950090552e-03 -8.801556930098086e-04 -1.007688088479058e+00
39 2 -1.000284239609810e+00 -1.904849275676220e-03 -8.791159892161369e-04 -1.007683477126244e+00
39 3 -1.000284803099061e+00 -1.906282163544762e-03 -8.781190654413130e-04 -1.007678783855282e+00
39 4 -1.000285374929646e+00 -1.907706679278438e-03 -8.771772252342135e-04 -1.007674053015053e+00
39 5 -1.000285950321131e+00 -1.909109196785797e-03 -8.763011010741912e-04 -1.007669328808916e+00
39 6 -1.000286524542806e+00 -1.910476494229679e-03 -8.754995590664741e-04 -1.007664654998728e+00
39 7 -1.000287092921515e+00 -1.911795845830701e-03 -8.747796542411163e-04 -1.007660074606451e+00
39 8 -1.000287650847366e+00 -1.913055113517619e-03 -8.741466295275540e-04 -1.007655629604865e+00
39 9 -1.000288193780975e+00 -1.914242842662807e-03 -8.736039506436707e-04 -1.007651360585870e+00
39 10 -1.000288717265272e+00 -1.915348361529450e-03 -8.731533731164602e-04 -1.007647306407148e+00
39 11 -1.000289216942708e+00 -1.916361878474440e-03 -8.727950420261970e-04 -1.007643503834802e+00
39 12 -1.000289688577101e+00 -1.917274569417711e-03 -8.725276245162138e-04 -1.007639987204827e+00
39 13 -1.000290128078705e+00 -1.918078650060288e-03 -8.723484709741197e-04 -1.007636788120758e+00
39 14 -1.000290531530594e+00 -1.918767429303434e-03 -8.722537982975018e-04 -1.007633935199450e+00
39 15 -1.000290895214602e+00 -1.919335342091348e-03 -8.722388892802498e-04 -1.007631453871967e+00
39 16 -1.000291215636880e+00 -1.919777963648993e-03 -8.722983030329586e-04 -1.007629366234037e+00
39 17 -1.000291489555900e+00 -1.920092011655509e-03 -8.724260910258886e-04 -1.007627690924103e+00
39 18 -1.000291714016982e+00 -1.920275343874293e-03 -8.726160136917796e-04 -1.007626443002978e+00
39 19 -1.000291886395761e+00 -1.920326954659339e-03 -8.728617546229360e-04 -1.007625633823646e+00
39 20 -1.000292004449759e+00 -1.920246968280019e-03 -8.731571309573572e-04 -1.007625270900332e+00
39 21 -1.000292066374420e+00 -1.920036624300550e-03 -8.734962969044805e-04 -1.007625357797304e+00
39 22 -1.000292070858364e+00 -1.919698250906209e-03 -8.738739330049814e-04 -1.007625894058168e+00
39 23 -1.000292017132225e+00 -1.919235224724421e-03 -8.742854096664331e-04 -1.007626875189957e+00
39 24 -1.000291905006708e+00 -1.918651919460945e-03 -8.747269123043757e-04 -1.007628292704533e+00
39 25 -1.000291734898310e+00 -1.917953649293808e-03 -8.751955174825156e-04 -1.007630134204960e+00
39 26 -1.000291507843944e+00 -1.917146614056030e-03 -8.756892135087704e-04 -1.007632383496218e+00
39 27 -1.000291225506642e+00 -1.916237850644773e-03 -8.762068632992924e-04 -1.007635020705137e+00
39 28 -1.000290890173680e+00 -1.915235190647313e-03 -8.767481111120340e-04 -1.007638022408887e+00
39 29 -1.000290504746892e+00 -1.914147220555570e-03 -8.773132380542409e-04 -1.007641361783463e+00
39 30 -1.000290072723828e+00 -1.912983239189385e-03 -8.779029737812220e-04 -1.007645008788547e+00
39 31 -1.000289598167691e+00 -1.911753207198808e-03 -8.785182724647008e-04 -1.007648930403495e+00
39 32 -1.000289085664557e+00 -1.910467686185003e-03 -8.791600601499653e-04 -1.007653090920345e+00
39 33 -1.000288540268235e+00 -1.909137769263012e-03 -8.798289607736151e-04 -1.007657452284179e+00
39 34 -1.000287967435587e+00 -1.907775007803316e-03 -8.805250115918905e-04 -1.007661974457766e+00
39 35 -1.000287372956431e+00 -1.906391338467668e-03 -8.812473836618623e-04 -1.007666615786087e+00
39 36 -1.000286762881967e+00 -1.904999012034142e-03 -8.819941252678353e-04 -1.007671333345442e+00
39 37 -1.000286143454910e+00 -1.903610523766799e-03 -8.827619449644159e-04 -1.007676083270902e+00
39 38 -1.000285521043455e+00 -1.902238544385373e-03 -8.835460489508397e-04 -1.007680821061309e+00
39 39 -1.000284902079608e+00 -1.900895849376181e-03 -8.843400458073344e-04 -1.007685501867653e+00
39 40 -1.000284293000223e+00 -1.899595242830180e-03 -8.851359277966159e-04 -1.007690080778940e+00
39 41 -1.000283700187858e+00 -1.898349472069570e-03 -8.859241314228091e-04 -1.007694513122652e+00
39 42 -1.000283129908712e+00 -1.897171130355130e-03 -8.866936751047437e-04 -1.007698754793752e+00
39 43 -1.000282588245554e+00 -1.896072544108163e-03 -8.874323721673977e-04 -1.007702762625966e+00
39 44 -1.000282081023895e+00 -1.895065638554859e-03 -8.881271195895059e-04 -1.007706494824698e+00
39 45 -1.000281613730693e+00 -1.894161775909664e-03 -8.887642609623882e-04 -1.007709911480170e+00
39 46 -1.000281191427657e+00 -1.893371565803793e-03 -8.893300151444469e-04 -1.007712975161654e+00
39 47 -1.000280818664439e+00 -1.892704655568560e-03 -8.898109543681226e-04 -1.007715651567449e+00
39 48 -1.000280499398270e+00 -1.892169513570373e-03 -8.901945091703813e-04 -1.007717910187500e+00
39 49 -1.000280236925662e+00 -1.891773221109195e-03 -8.904694712451261e-04 -1.007719724931243e+00
39 50 -1.000280033829829e+00 -1.891521288575564e-03 -8.906264606916884e-04 -1.007721074676052e+00
39 51 -1.000279891945690e+00 -1.891417508899225e-03 -8.906583264337962e-04 -1.007721943700272e+00
39 52 -1.000279812342266e+00 -1.891463854900068e-03 -8.905604589907330e-04 -1.007722321983181e+00
39 53 -1.000279795320426e+00 -1.891660419938594e-03 -8.903310065683051e-04 -1.007722205376266e+00
39 54 -1.000279840423814e+00 -1.892005398160520e-03 -8.899709917688203e-04 -1.007721595660270e+00
39 55 -1.000279946462629e+00 -1.892495102442162e-03 -8.894843280021232e-04 -1.007720500495412e+00
39 56 -1.000280111551954e+00 -1.893124021004626e-03 -8.888777366132576e-04 -1.007718933260100e+00
39 57 -1.000280333166288e+00 -1.893884914510105e-03 -8.881605683404898e-04 -1.007716912770112e+00
39 58 -1.000280608209967e+00 -1.894768954438319e-03 -8.873445338582132e-04 -1.007714462876093e+00
39 59 -1.000280933100520e+00 -1.895765900806169e-03 -8.864433499739707e-04 -1.007711611948527e+00
39 60 -1.000281303859372e+00 -1.896864311773955e-03 -8.854723151007220e-04 -1.007708392276171e+00
39 61 -1.000281716202335e+00 -1.898051770879936e-03 -8.844478381519584e-04 -1.007704839423200e+00
39 62 -1.000282165622117e+00 -1.899315114565042e-03 -8.833869508040544e-04 -1.007700991598780e+00
39 63 -1.000282647457662e+00 -1.900640646015034e-03 -8.823068301411781e-04 -1.007696889081051e+00
40 0 -1.000282548114516e+00 -1.901826782593490e-03 -8.807821118171929e-04 -1.007693804137375e+00
40 1 -1.000283075977204e+00 -1.903221983593474e-03 -8.797240603314870e-04 -1.007689351599243e+00
40 2 -1.000283622631056e+00 -1.904638764369572e-03 -8.786930667181257e-04 -1.007684766569198e+00
40 3 -1.000284183262058e+00 -1.906063066623946e-03 -8.777028407324750e-04 -1.007680093104746e+00
40 4 -1.000284753071985e+00 -1.907481022127704e-03 -8.767655907118819e-04 -1.007675375465797e+00
40 5 -1.000285327295364e+00 -1.908879055719459e-03 -8.758918725948893e-04 -1.007670657813705e+00
40 6 -1.000285901212198e+00 -1.910243982001711e-03 -8.750904950188036e-04 -1.007665983910207e+00
40 7 -1.000286470156114e+00 -1.911563096979247e-03 -8.743684769279439e-04 -1.007661396816492e+00
40 8 -1.000287029519985e+00 -1.912824268779770e-03 -8.737310504722487e-04 -1.007656938583301e+00
40 9 -1.000287574762788e+00 -1.914016032157538e-03 -8.731817003362680e-04 -1.007652649919557e+00
40 10 -1.000288101420646e+00 -1.915127686720196e-03 -8.727222339986210e-04 -1.007648569840388e+00
40 11 -1.000288605122945e+00 -1.916149393228554e-03 -8.723528819149927e-04 -1.007644735312109e+00
40 12 -1.000289081613172e+00 -1.917072260999756e-03 -8.720724272181656e-04 -1.007641180915192e+00
40 13 -1.000289526773501e+00 -1.917888421176267e-03 -8.718783619518491e-04 -1.007637938540734e+00
40 14 -1.000289936651173e+00 -1.918591081728590e-03 -8.717670652335065e-04 -1.007635037133509e+00
40 15 -1.000290307484413e+00 -1.919174561276886e-03 -8.717339990740270e-04 -1.007632502491967e+00
40 16 -1.000290635727594e+00 -1.919634303070948e-03 -8.717739174864864e-04 -1.007630357121442e+00
40 17 -1.000290918078587e+00 -1.919966876002471e-03 -8.718810831859120e-04 -1.007628620117242e+00
40 18 -1.000291151512549e+00 -1.920169970935766e-03 -8.720494856491859e-04 -1.007627307049307e+00
40 19 -1.000291333324763e+00 -1.920242396501938e-03 -8.722730556824399e-04 -1.007626429835390e+00
40 20 -1.000291461181985e+00 -1.920184073133015e-03 -8.725458731692534e-04 -1.007625996609779e+00
40 21 -1.000291533179285e+00 -1.919996021405614e-03 -8.728623642257761e-04 -1.007626011605243e+00
40 22 -1.000291547897355e+00 -1.919680340542368e-03 -8.732174815722630e-04 -1.007626475068387e+00
40 23 -1.000291504454205e+00 -1.919240174220298e-03 -8.736068591186496e-04 -1.007627383226703e+00
40 24 -1.000291402546018e+00 -1.918679664227790e-03 -8.740269302114464e-04 -1.007628728315305e+00
40 25 -1.000291242475166e+00 -1.918003897153561e-03 -8.744749997818972e-04 -1.007630498653382e+00
40 26 -1.000291025166632e+00 -1.917218851497653e-03 -8.749492636740222e-04 -1.007632678748449e+00
40 27 -1.000290752175093e+00 -1.916331350152088e-03 -8.754487722349902e-04 -1.007635249411859e+00
40 28 -1.000290425683940e+00 -1.915349018544532e-03 -8.759733384500829e-04 -1.007638187884360e+00
40 29 -1.000290048496321e+00 -1.914280245452335e-03 -8.765233937360962e-04 -1.007641467981607e+00
40 30 -1.000289624017344e+00 -1.913134142070231e-03 -8.770997975912178e-04 -1.007645060272976e+00
40 31 -1.000289156225728e+00 -1.911920494455233e-03 -8.777036096911274e-04 -1.007648932307470e+00
40 32 -1.000288649632956e+00 -1.910649705874562e-03 -8.783358335589918e-04 -1.007653048895570e+00
40 33 -1.000288109229692e+00 -1.909332729568653e-03 -8.789971410215718e-04 -1.007657372441394e+00
40 34 -1.000287540422002e+00 -1.907980996316978e-03 -8.796875888878289e-04 -1.007661863303153e+00
40 35 -1.000286948961617e+00 -1.906606341470273e-03 -8.804063431039004e-04 -1.007666480155861e+00
40 36 -1.000286340874278e+00 -1.905220933448561e-03 -8.811514274528842e-04 -1.007671180339624e+00
40 37 -1.000285722389313e+00 -1.903837203631587e-03 -8.819195122654353e-04 -1.007675920186981e+00
40 38 -1.000285099872823e+00 -1.902467776988903e-03 -8.827057562346605e-04 -1.007680655327800e+00
40 39 -1.000284479765306e+00 -1.901125401629416e-03 -8.835037131268694e-04 -1.007685340976270e+00
40 40 -1.000283868522295e+00 -1.899822873452057e-03 -8.843053127938762e-04 -1.007689932214060e+00
40 41 -1.000283272554942e+00 -1.898572951592187e-03 -8.851009207233689e-04 -1.007694384288210e+00
40 42 -1.000282698167683e+00 -1.897388261529594e-03 -8.858794755576759e-04 -1.007698652938688e+00
40 43 -1.000282151490913e+00 -1.896281182482372e-03 -8.866287033430138e-04 -1.007702694768531e+00
40 44 -1.000281638406971e+00 -1.895263713377222e-03 -8.873354085771314e-04 -1.007706467674944e+00
40 45 -1.000281164468556e+00 -1.894347311513879e-03 -8.879858397070904e-04 -1.007709931360408e+00
40 46 -1.000280734811416e+00 -1.893542703328567e-03 -8.885661194828906e-04 -1.007713047926214e+00
40 47 -1.000280354066485e+00 -1.892859674602793e-03 -8.890627228237418e-04 -1.007715782524395e+00
40 48 -1.000280026278126e+00 -1.892306853053666e-03 -8.894629792398602e-04 -1.007718104025897e+00
40 49 -1.000279754834196e+00 -1.891891498464336e-03 -8.897555718817992e-04 -1.007719985658231e+00
40 50 -1.000279542411789e+00 -1.891619315965518e-03 -8.899310013137035e-04 -1.007721405567346e+00
40 51 -1.000279390940801e+00 -1.891494306048635e-03 -8.899819838701521e-04 -1.007722347265263e+00
40 52 -1.000279301585344e+00 -1.891518658727927e-03 -8.899037640278896e-04 -1.007722799942962e+00
40 53 -1.000279274740944e+00 -1.891692691569880e-03 -8.896943317715914e-04 -1.007722758651912e+00
40 54 -1.000279310045025e+00 -1.892014827602442e-03 -8.893545421869987e-04 -1.007722224369749e+00
40 55 -1.000279406400107e+00 -1.892481610880752e-03 -8.888881355774814e-04 -1.007721203958981e+00
40 56 -1.000279562011252e+00 -1.893087760615594e-03 -8.883016574887354e-04 -1.007719710015099e+00
40 57 -1.000279774439391e+00 -1.893826265624722e-03 -8.876042809849741e-04 -1.007717760596752e+00
40 58 -1.000280040670385e+00 -1.894688519701812e-03 -8.868075362741877e-04 -1.007715378836034e+00
40 59 -1.000280357197141e+00 -1.895664495961127e-03 -8.859249558603388e-04 -1.007712592436828e+00
40 60 -1.000280720109532e+00 -1.896742953186022e-03 -8.849716502062092e-04 -1.007709433084620e+00
40 61 -1.000281125184700e+00 -1.897911660586653e-03 -8.839638383823312e-04 -1.007705935810728e+00
40 62 -1.000281567969871e+00 -1.899157623912715e-03 -8.829183634886452e-04 -1.007702138363924e+00
40 63 -1.000282043852259e+00 -1.900467298699058e-03 -8.818522198001935e-04 -1.007698080632463e+00
41 0 -1.000281922291405e+00 -1.901561982008813e-03 -8.807635744929511e-04 -1.007695134561820e+00
41 1 -1.000282445241528e+00 -1.902944057786758e-03 -8.797151214560312e-04 -1.007690717807035e+00
41 2 -1.000282987733785e+00 -1.904349449063473e-03 -8.786919447932594e-04 -1.007686162563269e+00
41 3 -1.000283544983158e+00 -1.905764184743692e-03 -8.777076552334871e-04 -1.007681512719744e+00
41 4 -1.000284112215301e+00 -1.907174469129619e-03 -8.767743797638643e-04 -1.007676812416286e+00
41 5 -1.000284684683998e+00 -1.908566785958179e-03 -8.759026095512796e-04 -1.007672105737256e+00
41 6 -1.000285257684469e+00 -1.909927995903096e-03 -8.751011047264985e-04 -1.007667436405818e+00
41 7 -1.000285826562029e+00 -1.911245428567138e-03 -8.743768530414732e-04 -1.007662847479210e+00
41 8 -1.000286386717913e+00 -1.912506972814846e-03 -8.737350757502349e-04 -1.007658381036678e+00
41 9 -1.000286933615804e+00 -1.913701169968442e-03 -8.731792714756101e-04 -1.007654077848720e+00
41 10 -1.000287462791953e+00 -1.914817310189328e-03 -8.727112906248890e-04 -1.007649977028397e+00
41 11 -1.000287969870097e+00 -1.915845527308568e-03 -8.723314370444595e-04 -1.007646115680093e+00
41 12 -1.000288450581263e+00 -1.916776885862380e-03 -8.720385957342872e-04 -1.007642528564403e+00
41 13 -1.000288900787696e+00 -1.917603454999817e-03 -8.718303848313566e-04 -1.007639247794441e+00
41 14 -1.000289316508865e+00 -1.918318364373940e-03 -8.717033292035017e-04 -1.007636302578451e+00
41 15 -1.000289693947089e+00 -1.918915838337013e-03 -8.716530528936892e-04 -1.007633719020894e+00
41 16 -1.000290029512293e+00 -1.919391209410232e-03 -8.716744868591618e-04 -1.007631519978930e+00
41 17 -1.000290319848669e+00 -1.919740917931855e-03 -8.717620863945725e-04 -1.007629724950941e+00
41 18 -1.000290561867542e+00 -1.919962506586504e-03 -8.719100510702091e-04 -1.007628349967791e+00
41 19 -1.000290752789293e+00 -1.920054614830828e-03 -8.721125404173260e-04 -1.007627407471396e+00
41 20 -1.000290890194375e+00 -1.920016973106612e-03 -8.723638800703981e-04 -1.007626906184228e+00
41 21 -1.000290972080808e+00 -1.919850393665409e-03 -8.726587537609535e-04 -1.007626850985163e+00
41 22 -1.000290996923267e+00 -1.919556753705171e-03 -8.729923757142021e-04 -1.007627242812319e+00
41 23 -1.000290963727366e+00 -1.919138966941711e-03 -8.733606362985651e-04 -1.007628078613964e+00
41 24 -1.000290872073434e+00 -1.918600942801222e-03 -8.737602124923911e-04 -1.007629351359049e+00
41 25 -1.000290722147281e+00 -1.917947537356518e-03 -8.741886349819696e-04 -1.007631050100438e+00
41 26 -1.000290514758771e+00 -1.917184502988117e-03 -8.746443056221189e-04 -1.007633160070609e+00
41 27 -1.000290251350332e+00 -1.916318442019534e-03 -8.751264615307673e-04 -1.007635662792708e+00
41 28 -1.000289933996927e+00 -1.915356765463077e-03 -8.756350844360306e-04 -1.007638536203162e+00
41 29 -1.000289565398037e+00 -1.914307654881731e-03 -8.761707566551087e-04 -1.007641754792586e+00
41 30 -1.000289148861182e+00 -1.913180023576806e-03 -8.767344689090567e-04 -1.007645289776712e+00
41 31 -1.000288688275282e+00 -1.911983472099579e-03 -8.773273888225581e-04 -1.007649109311819e+00
41 32 -1.000288188071657e+00 -1.910728233838714e-03 -8.779506006505918e-04 -1.007653178765735e+00
41 33 -1.000287653172052e+00 -1.909425110339247e-03 -8.786048272327482e-04 -1.007657461040937e+00
41 34 -1.000287088926000e+00 -1.908085400343173e-03 -8.792901468134220e-04 -1.007661916928914e+00
41 35 -1.000286501041651e+00 -1.906720827321124e-03 -8.800057201625456e-04 -1.007666505469676e+00
41 36 -1.000285895514128e+00 -1.905343467773912e-03 -8.807495443877243e-04 -1.007671184299012e+00
41 37 -1.000285278554595e+00 -1.903965680508797e-03 -8.815182476079900e-04 -1.007675909976087e+00
41 38 -1.000284656522600e+00 -1.902600036644062e-03 -8.823069358789150e-04 -1.007680638288894e+00
41 39 -1.000284035862868e+00 -1.901259249035103e-03 -8.831091027098385e-04 -1.007685324540929e+00
41 40 -1.000283423045376e+00 -1.899956097494142e-03 -8.839166103868555e-04 -1.007689923832500e+00
41 41 -1.000282824505668e+00 -1.898703345062192e-03 -8.847197486485199e-04 -1.007694391356047e+00
41 42 -1.000282246582286e+00 -1.897513641558911e-03 -8.855073718605105e-04 -1.007698682722034e+00
41 43 -1.000281695449105e+00 -1.896399410939100e-03 -8.862671142432298e-04 -1.007702754328859e+00
41 44 -1.000281177040965e+00 -1.895372717263683e-03 -8.869856829195849e-04 -1.007706563793649e+00
41 45 -1.000280696971844e+00 -1.894445103778677e-03 -8.876492257540384e-04 -1.007710070461727e+00
41 46 -1.000280260447144e+00 -1.893627404188517e-03 -8.882437636486080e-04 -1.007713235998494e+00
41 47 -1.000279872174937e+00 -1.892929532823485e-03 -8.887556689955292e-04 -1.007716025042664e+00
41 48 -1.000279536282760e+00 -1.892360266335211e-03 -8.891721665549810e-04 -1.007718405880285e+00
41 49 -1.000279256246023e+00 -1.891927032167826e-03 -8.894818291757590e-04 -1.007720351091848e+00
41 50 -1.000279034832219e+00 -1.891635719489609e-03 -8.896750379976130e-04 -1.007721838125710e+00
41 51 -1.000278874063189e+00 -1.891490526201617e-03 -8.897443785183846e-04 -1.007722849758695e+00
41 52 -1.000278775195455e+00 -1.891493849815366e-03 -8.896849524704652e-04 -1.007723374422320e+00
41 53 -1.000278738716695e+00 -1.891646222586656e-03 -8.894945963458772e-04 -1.007723406395773e+00
41 54 -1.000278764355903e+00 -1.891946287228144e-03 -8.891740036680289e-04 -1.007722945879711e+00
41 55 -1.000278851106298e+00 -1.892390810559916e-03 -8.887267488274835e-04 -1.007721998961432e+00
41 56 -1.000278997262018e+00 -1.892974735353286e-03 -8.881592104968412e-04 -1.007720577471259e+00
41 57 -1.000279200470154e+00 -1.893691271929099e-03 -8.874803954850431e-04 -1.007718698724272e+00
41 58 -1.000279457798313e+00 -1.894532030367990e-03 -8.867016679959092e-04 -1.007716385143861e+00
41 59 -1.000279765815511e+00 -1.895487191678247e-03 -8.858363937662778e-04 -1.007713663772662e+00
41 60 -1.000280120681297e+00 -1.896545711158239e-03 -8.848995153536069e-04 -1.007710565693062e+00
41 61 -1.000280518235717e+00 -1.897695540708152e-03 -8.839070834631128e-04 -1.007707125399105e+00
41 62 -1.000280954082267e+00 -1.898923853422515e-03 -8.828757742932279e-04 -1.007703380171392e+00
41 63 -1.000281423658364e+00 -1.900217256222702e-03 -8.818224203143558e-04 -1.007699369497632e+00
42 0 -1.000281284872057e+00 -1.901222113829886e-03 -8.811658489447202e-04 -1.007696556153370e+00
42 1 -1.000281802490059e+00 -1.902590443080548e-03 -8.801259811938616e-04 -1.007692178063790e+00
42 2 -1.000282340353500e+00 -1.903983667918158e-03 -8.791097352714787e-04 -1.007687655917174e+00
42 3 -1.000282893710027e+00 -1.905387908685125e-03 -8.781306392892976e-04 -1.007683033407815e+00
42 4 -1.000283457813385e+00 -1.906789448367153e-03 -8.772007533758612e-04 -1.007678354523461e+00
42 5 -1.000284027941047e+00 -1.908174837337270e-03 -8.763305161910577e-04 -1.007673663235936e+00
42 6 -1.000284599408058e+00 -1.909530991820495e-03 -8.755286485442865e-04 -1.007669003190788e+00
42 7 -1.000285167576457e+00 -1.910845286818481e-03 -8.748021120380044e-04 -1.007664417397055e+00
42 8 -1.000285727861521e+00 -1.912105646417215e-03 -8.741561172015924e-04 -1.007659947912004e+00
42 9 -1.000286275737938e+00 -1.913300635512851e-03 -8.735941717978923e-04 -1.007655635511825e+00
42 10 -1.000286806748919e+00 -1.914419553963800e-03 -8.731181598848308e-04 -1.007651519347518e+00
42 11 -1.000287316519924e+00 -1.915452529619939e-03 -8.727284458393334e-04 -1.007647636598034e+00
42 12 -1.000287800777384e+00 -1.916390604546386e-03 -8.724240011821772e-04 -1.007644022137880e+00
42 13 -1.000288255371697e+00 -1.917225808865420e-03 -8.722025533044644e-04 -1.007640708235285e+00
42 14 -1.000288676302554e+00 -1.917951216861963e-03 -8.720607550662476e-04 -1.007637724296530e+00
42 15 -1.000289059744130e+00 -1.918560981240508e-03 -8.719943739547585e-04 -1.007635096668965e+00
42 16 -1.000289402069419e+00 -1.919050345966621e-03 -8.719984983403080e-04 -1.007632848500910e+00
42 17 -1.000289699876125e+00 -1.919415644211233e-03 -8.720677556669692e-04 -1.007630999636613e+00
42 18 -1.000289950018370e+00 -1.919654290478471e-03 -8.721965346340161e-04 -1.007629566516068e+00
42 19 -1.000290149647571e+00 -1.919764773105158e-03 -8.723792026937492e-04 -1.007628562060466e+00
42 20 -1.000290296263033e+00 -1.919746648219104e-03 -8.726103116055876e-04 -1.007627995543227e+00
42 21 -1.000290387769912e+00 -1.919600532517248e-03 -8.728847854743486e-04 -1.007627872460872e+00
42 22 -1.000290422539723e+00 -1.919328090428577e-03 -8.731980861425264e-04 -1.007628194425067e+00
42 23 -1.000290399467001e+00 -1.918932011178091e-03 -8.735463501637630e-04 -1.007628959098109e+00
42 24 -1.000290318016126e+00 -1.918415973868312e-03 -8.739264909815762e-04 -1.007630160185922e+00
42 25 -1.000290178255125e+00 -1.917784603372729e-03 -8.743362601318697e-04 -1.007631787485736e+00
42 26 -1.000289980876612e+00 -1.917043423135560e-03 -8.747742621193015e-04 -1.007633826971523e+00
42 27 -1.000289727207861e+00 -1.916198810283747e-03 -8.752399185791329e-04 -1.007636260899750e+00
42 28 -1.000289419211905e+00 -1.915257955196744e-03 -8.757333786601198e-04 -1.007639067928236e+00
42 29 -1.000289059480657e+00 -1.914228824639313e-03 -8.762553753105062e-04 -1.007642223251521e+00
42 30 -1.000288651219822e+00 -1.913120125248968e-03 -8.768070316248323e-04 -1.007645698763295e+00
42 31 -1.000288198223947e+00 -1.911941262272435e-03 -8.773896259989331e-04 -1.007649463260959e+00
42 32 -1.000287704839275e+00 -1.910702288653731e-03 -8.780043276105851e-04 -1.007653482705002e+00
42 33 -1.000287175913509e+00 -1.909413843320089e-03 -8.786519149771186e-04 -1.007657720531882e+00
42 34 -1.000286616734450e+00 -1.908087082168126e-03 -8.793324918518199e-04 -1.007662138001164e+00
42 35 -1.000286032961528e+00 -1.906733606508819e-03 -8.800452165193403e-04 -1.007666694550972e+00
42 36 -1.000285430554273e+00 -1.905365391428060e-03 -8.807880603485014e-04 -1.007671348143560e+00
42 37 -1.000284815700972e+00 -1.903994714447793e-03 -8.815576084385406e-04 -1.007676055593042e+00
42 38 -1.000284194750155e+00 -1.902634084658359e-03 -8.823489120121646e-04 -1.007680772872087e+00
42 39 -1.000283574146435e+00 -1.901296171722093e-03 -8.831554013513129e-04 -1.007685455399289e+00
42 40 -1.000282960369925e+00 -1.899993731487424e-03 -8.839688680446192e-04 -1.007690058319211e+00
42 41 -1.000282359876208e+00 -1.898739522964518e-03 -8.847795231363470e-04 -1.007694536795452e+00
42 42 -1.000281779033430e+00 -1.897546212083436e-03 -8.855761339462971e-04 -1.007698846335705e+00
42 43 -1.000281224054179e+00 -1.896426258745025e-03 -8.863462399675910e-04 -1.007702943162584e+00
42 44 -1.000280700920774e+00 -1.895391782726923e-03 -8.870764474501260e-04 -1.007706784644617e+00
42 45 -1.000280215303302e+00 -1.894454403291444e-03 -8.877527992513852e-04 -1.007710329803756e+00
42 46 -1.000279772471639e+00 -1.893625050953993e-03 -8.883612092824487e-04 -1.007713539905466e+00
42 47 -1.000279377205810e+00 -1.892913757376427e-03 -8.888879424181175e-04 -1.007716379113764e+00
42 48 -1.000279033711373e+00 -1.892329436077023e-03 -8.893201149089378e-04 -1.007718815171005e+00
42 49 -1.000278745546327e+00 -1.891879669600565e-03 -8.896461873824355e-04 -1.007720820052832e+00
42 50 -1.000278515564006e+00 -1.891570518665814e-03 -8.898564214426687e-04 -1.007722370551071e+00
42 51 -1.000278345874051e+00 -1.891406366455460e-03 -8.899432732300189e-04 -1.007723448746441e+00
42 52 -1.000278237821562e+00 -1.891389806142434e-03 -8.899017048001240e-04 -1.007724042348475e+00
42 53 -1.000278191982834e+00 -1.891521573089487e-03 -8.897294038568837e-04 -1.007724144899918e+00
42 54 -1.000278208175345e+00 -1.891800518613534e-03 -8.894269084767084e-04 -1.007723755857561e+00
42 55 -1.000278285480579e+00 -1.892223622084120e-03 -8.889976343660244e-04 -1.007722880562574e+00
42 56 -1.000278422280083e+00 -1.892786040665643e-03 -8.884478019089235e-04 -1.007721530104425e+00
42 57 -1.000278616306191e+00 -1.893481198012975e-03 -8.877862625523019e-04 -1.007719721073892e+00
42 58 -1.000278864708061e+00 -1.894300913202230e-03 -8.870242286906490e-04 -1.007717475199761e+00
42 59 -1.000279164131225e+00 -1.895235568702045e-03 -8.861749169632627e-04 -1.007714818872461e+00
42 60 -1.000279510805790e+00 -1.896274310905163e-03 -8.852531223627535e-04 -1.007711782575365e+00
42 61 -1.000279900635982e+00 -1.897405270234340e-03 -8.842747490605307e-04 -1.007708400264322e+00
42 62 -1.000280329283241e+00 -1.898615784296336e-03 -8.832563287362366e-04 -1.007704708745895e+00
42 63 -1.000280792237161e+00 -1.899892609700350e-03 -8.822145543538731e-04 -1.007700747097433e+00
43 0 -1.000280641442524e+00 -1.900810006647614e-03 -8.819820069013367e-04 -1.007698059420417e+00
43 1 -1.000281153335833e+00 -1.902164050651472e-03 -8.809497305387607e-04 -1.007693722659798e+00
43 2 -1.000281686124180e+00 -1.903544401401251e-03 -8.799395579780411e-04 -1.007689236750950e+00
43 3 -1.000282235091503e+00 -1.904937274262382e-03 -8.789649517307088e-04 -1.007684645167577e+00
43 4 -1.000282795523798e+00 -1.906329036455147e-03 -8.780379201628436e-04 -1.007679991714245e+00
43 5 -1.000283362726784e+00 -1.907706312542651e-03 -8.771688618513392e-04 -1.007675320214215e+00
43 6 -1.000283932040234e+00 -1.909056083929542e-03 -8.763664673333182e-04 -1.007670674194670e+00
43 7 -1.000284498848172e+00 -1.910365782854888e-03 -8.756376772172328e-04 -1.007666096570800e+00
43 8 -1.000285058585606e+00 -1.911623382827760e-03 -8.749876919897339e-04 -1.007661629327224e+00
43 9 -1.000285606744411e+00 -1.912817488960827e-03 -8.744200242148999e-04 -1.007657313190171e+00
43 10 -1.000286138881513e+00 -1.913937429780300e-03 -8.739365822923633e-04 -1.007653187288257e+00
43 11 -1.000286650631407e+00 -1.914973348082606e-03 -8.735377777684758e-04 -1.007649288810797e+00
43 12 -1.000287137723655e+00 -1.915916285773391e-03 -8.732226525848457e-04 -1.007645652679572e+00
43 13 -1.000287596004757e+00 -1.916758257017770e-03 -8.729890255892118e-04 -1.007642311250542e+00
43 14 -1.000288021462590e+00 -1.917492304015569e-03 -8.728336586919891e-04 -1.007639294061377e+00
43 15 -1.000288410251005e+00 -1.918112530927681e-03 -8.727524429325942e-04 -1.007636627637468e+00
43 16 -1.000288758713637e+00 -1.918614115856661e-03 -8.727406031953779e-04 -1.007634335355988e+00
43 17 -1.000289063408956e+00 -1.918993306918964e-03 -8.727929170275678e-04 -1.007632437347842e+00
43 18 -1.000289321140825e+00 -1.919247411671509e-03 -8.729039392335717e-04 -1.007630950406769e+00
43 19 -1.000289528998226e+00 -1.919374787120662e-03 -8.730682219542680e-04 -1.007629887883022e+00
43 20 -1.000289684405193e+00 -1.919374832700014e-03 -8.732805207921316e-04 -1.007629259557864e+00
43 21 -1.000289785178945e+00 -1.919247984369301e-03 -8.735359799812593e-04 -1.007629071511212e+00
43 22 -1.000289829591622e+00 -1.918995705409976e-03 -8.738302915917212e-04 -1.007629326003675e+00
43 23 -1.000289816429229e+00 -1.918620468799295e-03 -8.741598243880043e-04 -1.007630021396653e+00
43 24 -1.000289745041481e+00 -1.918125728194989e-03 -8.745217178484069e-04 -1.007631152127509e+00
43 25 -1.000289615378651e+00 -1.917515879077657e-03 -8.749139369190643e-04 -1.007632708740998e+00
43 26 -1.000289428015026e+00 -1.916796215248577e-03 -8.753352833108251e-04 -1.007634677962935e+00
43 27 -1.000289184160833e+00 -1.915972886012533e-03 -8.757853590106325e-04 -1.007637042798657e+00
43 28 -1.000288885664743e+00 -1.915052856932958e-03 -8.762644777057878e-04 -1.007639782646676e+00
43 29 -1.000288535008248e+00 -1.914043874323679e-03 -8.767735218305055e-04 -1.007642873428163e+00
43 30 -1.000288135291926e+00 -1.912954431025765e-03 -8.773137478012864e-04 -1.007646287741024e+00
43 31 -1.000287690212138e+00 -1.911793728452798e-03 -8.778865478564828e-04 -1.007649995053339e+00
43 32 -1.000287204025774e+00 -1.910571629467281e-03 -8.784931810171101e-04 -1.007653961950158e+00
43 33 -1.000286681501902e+00 -1.909298600138164e-03 -8.791344876360129e-04 -1.007658152434729e+00
43 34 -1.000286127861867e+00 -1.907985643255423e-03 -8.798106034188472e-04 -1.007662528266961e+00
43 35 -1.000285548711643e+00 -1.906644228090803e-03 -8.805206898737523e-04 -1.007667049313911e+00
43 36 -1.000284949970455e+00 -1.905286218913182e-03 -8.812626968906345e-04 -1.007671673893605e+00
43 37 -1.000284337799032e+00 -1.903923802996000e-03 -8.820331690881948e-04 -1.007676359103211e+00
43 38 -1.000283718530318e+00 -1.902569418917092e-03 -8.828271037803888e-04 -1.007681061126937e+00
43 39 -1.000283098604444e+00 -1.901235685152134e-03 -8.836378677767067e-04 -1.007685735523918e+00
43 40 -1.000282484507377e+00 -1.899935325794097e-03 -8.844571812334928e-04 -1.007690337507743e+00
43 41 -1.000281882710263e+00 -1.898681087699892e-03 -8.852751758018722e-04 -1.007694822239075e+00
43 42 -1.000281299605969e+00 -1.897485644105089e-03 -8.860805310661422e-04 -1.007699145151402e+00
43 43 -1.000280741440520e+00 -1.896361481407541e-03 -8.868606906223834e-04 -1.007703262322902e+00
43 44 -1.000280214238173e+00 -1.895320765117186e-03 -8.876021577547129e-04 -1.007707130907246e+00
43 45 -1.000279723719351e+00 -1.894375179817564e-03 -8.882908672355895e-04 -1.007710709639688e+00
43 46 -1.000279275212335e+00 -1.893535741135346e-03 -8.889126221736901e-04 -1.007713959426492e+00
43 47 -1.000278873562839e+00 -1.892812585365082e-03 -8.894535758534444e-04 -1.007716844001667e+00
43 48 -1.000278523048251e+00 -1.892214749512194e-03 -8.899007324386218e-04 -1.007719330610839e+00
43 49 -1.000278227303267e+00 -1.891749957415814e-03 -8.902424381730746e-04 -1.007721390672464e+00
43 50 -1.000277989261429e+00 -1.891424427169493e-03 -8.904688349915832e-04 -1.007723000369816e+00
43 51 -1.000277811114777e+00 -1.891242712861045e-03 -8.905722515631627e-04 -1.007724141135480e+00
43 52 -1.000277694291942e+00 -1.891207589208820e-03 -8.905475137782164e-04 -1.007724800003410e+00
43 53 -1.000277639453344e+00 -1.891319981272425e-03 -8.903921653598255e-04 -1.007724969822912e+00
43 54 -1.000277646501086e+00 -1.891578936359852e-03 -8.901065949162989e-04 -1.007724649345998e+00
43 55 -1.000277714601661e+00 -1.891981634477885e-03 -8.896940666460897e-04 -1.007723843203276e+00
43 56 -1.000277842221453e+00 -1.892523436094550e-03 -8.891606513140338e-04 -1.007722561774842e+00
43 57 -1.000278027176383e+00 -1.893197968276331e-03 -8.885150558496352e-04 -1.007720820952791e+00
43 58 -1.000278266696476e+00 -1.893997250520653e-03 -8.877683546028866e-04 -1.007718641789922e+00
43 59 -1.000278557503871e+00 -1.894911859383318e-03 -8.869336320481651e-04 -1.007716050036754e+00
43 60 -1.000278895899828e+00 -1.895931125992915e-03 -8.860255553207006e-04 -1.007713075584901e+00
43 61 -1.000279277853765e+00 -1.897043354010247e-03 -8.850599038311743e-04 -1.007709751854428e+00
43 62 -1.000279699086495e+00 -1.898236041543319e-03 -8.840530877450338e-04 -1.007706115175054e+00
43 63 -1.000280155141622e+00 -1.899496092238105e-03 -8.830216836858834e-04 -1.007702204206016e+00
44 0 -1.000279997754093e+00 -1.900329130016548e-03 -8.832012655449703e-04 -1.007699634112402e+00
44 1 -1.000280503560057e+00 -1.901668433960272e-03 -8.821756244313236e-04 -1.007695341109038e+00
44 2 -1.000281030851002e+00 -1.903035274455931e-03 -8.811707146083630e-04 -1.007690894389129e+00
44 3 -1.000281574950729e+00 -1.904415965003944e-03 -8.801999500490117e-04 -1.007686337180812e+00
44 4 -1.000282131181577e+00 -1.905796962149287e-03 -8.792753024299054e-04 -1.007681713075167e+00
44 5 -1.000282694882176e+00 -1.907164971933328e-03 -8.784071426851277e-04 -1.007677065710747e+00
44 6 -1.000283261422150e+00 -1.908507050453230e-03 -8.776041402975265e-04 -1.007672438454681e+00
44 7 -1.000283826212961e+00 -1.909810698919382e-03 -8.768732203286705e-04 -1.007667874081732e+00
44 8 -1.000284384715088e+00 -1.911063954291798e-03 -8.762195742417557e-04 -1.007663414452690e+00
44 9 -1.000284932443743e+00 -1.912255478260075e-03 -8.756467154200854e-04 -1.007659100188075e+00
44 10 -1.000285464976216e+00 -1.913374646586618e-03 -8.751565676045519e-04 -1.007654970334050e+00
44 11 -1.000285977963194e+00 -1.914411637515066e-03 -8.747495762229007e-04 -1.007651062026598e+00
44 12 -1.000286467144935e+00 -1.915357514833105e-03 -8.744248372003821e-04 -1.007647410168427e+00
44 13 -1.000286928371876e+00 -1.916204299793948e-03 -8.741802422980752e-04 -1.007644047135503e+00
44 14 -1.000287357627995e+00 -1.916945025937002e-03 -8.740126425158491e-04 -1.007641002529408e+00
44 15 -1.000287751054609e+00 -1.917573772205066e-03 -8.739180313679936e-04 -1.007638302987811e+00
44 16 -1.000288104973540e+00 -1.918085673893477e-03 -8.738917480197890e-04 -1.007635972053316e+00
44 17 -1.000288415911391e+00 -1.918476916827860e-03 -8.739286965489531e-04 -1.007634030082319e+00
44 18 -1.000288680628992e+00 -1.918744723886516e-03 -8.740235730120477e-04 -1.007632494163655e+00
44 19 -1.000288896159876e+00 -1.918887342000379e-03 -8.741710887066624e-04 -1.007631378021893e+00
44 20 -1.000289059859307e+00 -1.918904033453750e-03 -8.743661779325169e-04 -1.007630691897347e+00
44 21 -1.000289169462331e+00 -1.918795070619846e-03 -8.746041814889908e-04 -1.007630442412246e+00
44 22 -1.000289223146549e+00 -1.918561729831039e-03 -8.748810007535484e-04 -1.007630632443833e+00
44 23 -1.000289219593200e+00 -1.918206278730946e-03 -8.751932191924653e-04 -1.007631261029607e+00
44 24 -1.000289158039860e+00 -1.917731953141428e-03 -8.755381884819363e-04 -1.007632323324724e+00
44 25 -1.000289038320311e+00 -1.917142923705344e-03 -8.759140764282950e-04 -1.007633810616537e+00
44 26 -1.000288860890675e+00 -1.916444256461723e-03 -8.763198739032636e-04 -1.007635710385235e+00
44 27 -1.000288626843420e+00 -1.915641872509356e-03 -8.767553570982433e-04 -1.007638006393528e+00
44 28 -1.000288337911472e+00 -1.914742510344985e-03 -8.772209999294156e-04 -1.007640678793840e+00
44 29 -1.000287996463969e+00 -1.913753691980974e-03 -8.777178321810130e-04 -1.007643704251135e+00
44 30 -1.000287605493905e+00 -1.912683691028161e-03 -8.782472439723289e-04 -1.007647056088460e+00
44 31 -1.000287168596429e+00 -1.911541497962466e-03 -8.788107444133562e-04 -1.007650704469358e+00
44 32 -1.000286689935493e+00 -1.910336776970521e-03 -8.794096879203403e-04 -1.007654616631587e+00
44 33 -1.000286174197486e+00 -1.909079811763404e-03 -8.800449842856376e-04 -1.007658757175158e+00
44 34 -1.000285626532995e+00 -1.907781442272279e-03 -8.807168099173201e-04 -1.007663088390355e+00
44 35 -1.000285052490106e+00 -1.906452996067426e-03 -8.814243382486199e-04 -1.007667570602354e+00
44 36 -1.000284457943216e+00 -1.905106217131276e-03 -8.821655052526482e-04 -1.007672162513330e+00
44 37 -1.000283849020928e+00 -1.903753193382841e-03 -8.829368208724043e-04 -1.007676821531019e+00
44 38 -1.000283232036111e+00 -1.902406284350826e-03 -8.837332325508893e-04 -1.007681504077383e+00
44 39 -1.000282613420032e+00 -1.901078049239205e-03 -8.845480463733225e-04 -1.007686165877178e+00
44 40 -1.000281999660085e+00 -1.899781172242398e-03 -8.853729131570506e-04 -1.007690762238358e+00
44 41 -1.000281397238261e+00 -1.898528379395133e-03 -8.861978869756631e-04 -1.007695248345956e+00
44 42 -1.000280812567003e+00 -1.897332341963045e-03 -8.870115611213610e-04 -1.007699579589167e+00
44 43 -1.000280251920247e+00 -1.896205563032686e-03 -8.878012839918269e-04 -1.007703711934205e+00
44 44 -1.000279721358255e+00 -1.895160243312034e-03 -8.885534555968165e-04 -1.007707602355532e+00
44 45 -1.000279226645348e+00 -1.894208121048308e-03 -8.892539013106376e-04 -1.007711209341944e+00
44 46 -1.000278773161284e+00 -1.893360284057435e-03 -8.898883112649809e-04 -1.007714493485938e+00
44 47 -1.000278365810314e+00 -1.892626959358600e-03 -8.904427243786221e-04 -1.007717418141003e+00
44 48 -1.000278008934609e+00 -1.892017292882262e-03 -8.909040299556599e-04 -1.007719950107838e+00
44 49 -1.000277706238702e+00 -1.891539134595332e-03 -8.912604580884909e-04 -1.007722060301104e+00
44 50 -1.000277460729643e+00 -1.891198844143564e-03 -8.915020312235293e-04 -1.007723724350403e+00
44 51 -1.000277274675357e+00 -1.891001130299695e-03 -8.916209529630378e-04 -1.007724923095589e+00
44 52 -1.000277149581906e+00 -1.890948933313697e-03 -8.916119171958932e-04 -1.007725642948769e+00
44 53 -1.000277086188379e+00 -1.891043352677160e-03 -8.914723289467588e-04 -1.007725876115942e+00
44 54 -1.000277084476722e+00 -1.891283617322298e-03 -8.912024335231277e-04 -1.007725620690346e+00
44 55 -1.000277143694307e+00 -1.891667094314328e-03 -8.908053509152369e-04 -1.007724880634148e+00
44 56 -1.000277262388984e+00 -1.892189334665440e-03 -8.902870111289117e-04 -1.007723665655790e+00
44 57 -1.000277438457839e+00 -1.892844157253157e-03 -8.896559873835934e-04 -1.007721990980388e+00
44 58 -1.000277669210403e+00 -1.893623771936210e-03 -8.889232291062638e-04 -1.007719877008972e+00
44 59 -1.000277951445029e+00 -1.894518940881383e-03 -8.881017044316265e-04 -1.007717348868797e+00
44 60 -1.000278281534458e+00 -1.895519172741709e-03 -8.872059713947940e-04 -1.007714435869984e+00
44 61 -1.000278655514083e+00 -1.896612938186734e-03 -8.862517060377359e-04 -1.007711170901993e+00
44 62 -1.000279069165236e+00 -1.897787890697837e-03 -8.852552200078346e-04 -1.007707589818089e+00
44 63 -1.000279518087070e+00 -1.899031077343788e-03 -8.842329967011896e-04 -1.007703730854488e+00
45 0 -1.000279359688901e+00 -1.899783589635687e-03 -8.848092019883828e-04 -1.007701269126375e+00
45 1 -1.000279859078524e+00 -1.901107785562425e-03 -8.837892912830135e-04 -1.007697022051096e+00
45 2 -1.000280380477319e+00 -1.902460554496768e-03 -8.827888936627386e-04 -1.007692617259664e+00
45 3 -1.000280919252603e+00 -1.903828311146703e-03 -8.818213909130784e-04 -1.007688097709184e+00
45 4 -1.000281470767255e+00 -1.905197606351152e-03 -8.808987324774449e-04 -1.007683506746606e+00
45 5 -1.000282030397534e+00 -1.906555234554366e-03 -8.800312740644526e-04 -1.007678887789820e+00
45 6 -1.000282593548108e+00 -1.907888335674781e-03 -8.792276737080370e-04 -1.007674284004333e+00
45 7 -1.000283155663435e+00 -1.909184491436781e-03 -8.784948466819977e-04 -1.007669737977402e+00
45 8 -1.000283712235321e+00 -1.910431816115738e-03 -8.778379766543971e-04 -1.007665291394204e+00
45 9 -1.000284258808461e+00 -1.911619043918655e-03 -8.772605742865032e-04 -1.007660984713947e+00
45 10 -1.000284790987046e+00 -1.912735615801944e-03 -8.767645703185346e-04 -1.007656856841100e+00
45 11 -1.000285304444953e+00 -1.913771765473588e-03 -8.763504311804361e-04 -1.007652944795250e+00
45 12 -1.000285794940587e+00 -1.914718600367435e-03 -8.760172902081076e-04 -1.007649283393822e+00
45 13 -1.000286258336031e+00 -1.915568171595486e-03 -8.757630930128945e-04 -1.007645904965329e+00
45 14 -1.000286690619107e+00 -1.916313527167283e-03 -8.755847590038387e-04 -1.007642839108288e+00
45 15 -1.000287087926275e+00 -1.916948744120472e-03 -8.754783620905994e-04 -1.007640112506699e+00
45 16 -1.000287446565159e+00 -1.917468938444019e-03 -8.754393321531798e-04 -1.007637748803594e+00
45 17 -1.000287763038044e+00 -1.917870257131421e-03 -8.754626747382497e-04 -1.007635768517278e+00
45 18 -1.000288034070156e+00 -1.918149861417928e-03 -8.755432006776359e-04 -1.007634188970518e+00
45 19 -1.000288256646841e+00 -1.918305910505517e-03 -8.756757527727696e-04 -1.007633024204199e+00
45 20 -1.000288428061632e+00 -1.918337550857952e-03 -8.758554159910769e-04 -1.007632284863589e+00
45 21 -1.000288545974057e+00 -1.918244910823457e-03 -8.760777007721003e-04 -1.007631978064720e+00
45 22 -1.000288608473113e+00 -1.918029096606951e-03 -8.763386935049978e-04 -1.007632107261005e+00
45 23 -1.000288614140140e+00 -1.917692184043199e-03 -8.766351714955406e-04 -1.007632672135161e+00
45 24 -1.000288562104246e+00 -1.917237201421553e-03 -8.769646812542265e-04 -1.007633668538592e+00
45 25 -1.000288452085250e+00 -1.916668101916376e-03 -8.773255794221640e-04 -1.007635088487940e+00
45 26 -1.000288284422587e+00 -1.915989728409387e-03 -8.777170351558315e-04 -1.007636920211847e+00
45 27 -1.000288060091506e+00 -1.915207775850012e-03 -8.781389907383889e-04 -1.007639148231183e+00
45 28 -1.000287780708902e+00 -1.914328755575571e-03 -8.785920745232528e-04 -1.007641753458792e+00
45 29 -1.000287448530546e+00 -1.913359963354338e-03 -8.790774601769159e-04 -1.007644713314769e+00
45 30 -1.000287066440196e+00 -1.912309449752989e-03 -8.795966709245275e-04 -1.007648001863219e+00
45 31 -1.000286637929512e+00 -1.911185988579139e-03 -8.801513355334578e-04 -1.007651589983494e+00
45 32 -1.000286167066643e+00 -1.909999037997355e-03 -8.807429099161055e-04 -1.007655445589987e+00
45 33 -1.000285658451900e+00 -1.908758690904059e-03 -8.813723821152941e-04 -1.007659533905735e+00
45 34 -1.000285117161244e+00 -1.907475615166561e-03 -8.820399798704625e-04 -1.007663817779097e+00
45 35 -1.000284548680635e+00 -1.906160986999235e-03 -8.827448998262438e-04 -1.007668258021814e+00
45 36 -1.000283958835238e+00 -1.904826420511589e-03 -8.834850746504465e-04 -1.007672813748158e+00
45 37 -1.000283353717170e+00 -1.903483895277001e-03 -8.842569885720334e-04 -1.007677442702661e+00
45 38 -1.000282739614926e+00 -1.902145683370014e-03 -8.850555463400301e-04 -1.007682101569811e+00
45 39 -1.000282122946511e+00 -1.900824276345419e-03 -8.858739991955907e-04 -1.007686746265120e+00
45 40 -1.000281510196070e+00 -1.899532309682541e-03 -8.867039336593549e-04 -1.007691332217937e+00
45 41 -1.000280907851441e+00 -1.898282479340360e-03 -8.875353305734210e-04 -1.007695814666643e+00
45 42 -1.000280322339360e+00 -1.897087445006971e-03 -8.883567005985155e-04 -1.007700148986858e+00
45 43 -1.000279759955957e+00 -1.895959716207420e-03 -8.891552998839516e-04 -1.007704291066385e+00
45 44 -1.000279226791146e+00 -1.894911517496641e-03 -8.899174271957889e-04 -1.007708197738693e+00
45 45 -1.000278728646109e+00 -1.893954628173849e-03 -8.906287993000964e-04 -1.007711827289818e+00
45 46 -1.000278270944541e+00 -1.893100194504541e-03 -8.912749928777642e-04 -1.007715140047120e+00
45 47 -1.000277858641446e+00 -1.892358519440764e-03 -8.918419312484837e-04 -1.007718099036419e+00
45 48 -1.000277496135884e+00 -1.891738841972967e-03 -8.923163876518778e-04 -1.007720670670215e+00
45 49 -1.000277187194361e+00 -1.891249121418733e-03 -8.926864756004868e-04 -1.007722825419110e+00
45 50 -1.000276934889735e+00 -1.890895841676806e-03 -8.929420990310598e-04 -1.007724538420079e+00
45 51 -1.000276741558465e+00 -1.890683848733238e-03 -8.930753393116939e-04 -1.007725789980917e+00
45 52 -1.000276608777117e+00 -1.890616230936561e-03 -8.930807630391287e-04 -1.007726565951245e+00
45 53 -1.000276537356992e+00 -1.890694245091820e-03 -8.929556426771990e-04 -1.007726857950989e+00
45 54 -1.000276527354026e+00 -1.890917285362275e-03 -8.927000872921789e-04 -1.007726663468425e+00
45 55 -1.000276578091412e+00 -1.891282890516783e-03 -8.923170805320594e-04 -1.007725985846252e+00
45 56 -1.000276688194328e+00 -1.891786787887645e-03 -8.918124205789263e-04 -1.007724834164590e+00
45 57 -1.000276855637857e+00 -1.892422975151978e-03 -8.911945573396116e-04 -1.007723223018781e+00
45 58 -1.000277077808910e+00 -1.893183840959588e-03 -8.904743276741468e-04 -1.007721172188288e+00
45 59 -1.000277351580990e+00 -1.894060323138913e-03 -8.896645983126815e-04 -1.007718706199426e+00
45 60 -1.000277673398168e+00 -1.895042099452440e-03 -8.887798360753449e-04 -1.007715853795417e+00
45 61 -1.000278039362321e+00 -1.896117800492523e-03 -8.878356340826061e-04 -1.007712647343180e+00
45 62 -1.000278445316224e+00 -1.897275229332059e-03 -8.868482273767421e-04 -1.007709122222163e+00
45 63 -1.000278886915918e+00 -1.898501572169663e-03 -8.858340283000692e-04 -1.007705316242912e+00
46 0 -1.000278733218634e+00 -1.899178114839359e-03 -8.867879942079006e-04 -1.007702952434805e+00
46 1 -1.000279225900910e+00 -1.900486926186424e-03 -8.857729688987153e-04 -1.007698753174897e+00
46 2 -1.000279741044730e+00 -1.901825142441800e-03 -8.847764010330486e-04 -1.007694392812426e+00
46 3 -1.000280274064623e+00 -1.903179282472731e-03 -8.838116557288684e-04 -1.007689914007848e+00
46 4 -1.000280820368312e+00 -1.904535996210817e-03 -8.828906740212575e-04 -1.007685359833053e+00
46 5 -1.000281375374483e+00 -1.905882173222741e-03 -8.820238084644244e-04 -1.007680773449083e+00
46 6 -1.000281934528104e+00 -1.907205046222330e-03 -8.812197151560064e-04 -1.007676197777887e+00
46 7 -1.000282493312270e+00 -1.908492288730313e-03 -8.804853055426048e-04 -1.007671675171959e+00
46 8 -1.000283047255995e+00 -1.909732105655327e-03 -8.798257572728016e-04 -1.007667247089597e+00
46 9 -1.000283591939573e+00 -1.910913318986441e-03 -8.792445755042338e-04 -1.007662953773980e+00
46 10 -1.000284123000561e+00 -1.912025452328896e-03 -8.787436903195082e-04 -1.007658833929089e+00
46 11 -1.000284636142978e+00 -1.913058814522844e-03 -8.783235766750120e-04 -1.007654924395105e+00
46 12 -1.000285127150688e+00 -1.914004577942050e-03 -8.779833888316167e-04 -1.007651259838564e+00
46 13 -1.000285591904908e+00 -1.914854845716141e-03 -8.777211069697027e-04 -1.007647872474362e+00
46 14 -1.000286026404854e+00 -1.915602703035365e-03 -8.775336976767511e-04 -1.007644791831917e+00
46 15 -1.000286426789758e+00 -1.916242248338167e-03 -8.774172923073479e-04 -1.007642044575255e+00
46 16 -1.000286789360743e+00 -1.916768602079161e-03 -8.773673867827417e-04 -1.007639654381489e+00
46 17 -1.000287110603429e+00 -1.917177896278563e-03 -8.773790617487366e-04 -1.007637641865606e+00
46 18 -1.000287387215008e+00 -1.917467254225996e-03 -8.774472147284913e-04 -1.007636024520975e+00
46 19 -1.000287616140201e+00 -1.917634770859512e-03 -8.775667903416451e-04 -1.007634816643329e+00
46 20 -1.000287794618380e+00 -1.917679499710195e-03 -8.777329937111679e-04 -1.007634029223834e+00
46 21 -1.000287920240928e+00 -1.917601446582389e-03 -8.779414751083242e-04 -1.007633669817718e+00
46 22 -1.000287991015054e+00 -1.917401566713593e-03 -8.781884783924305e-04 -1.007633742406902e+00
46 23 -1.000288005428150e+00 -1.917081760410918e-03 -8.784709503239798e-04 -1.007634247280145e+00
46 24 -1.000287962505761e+00 -1.916644861616551e-03 -8.787866113375628e-04 -1.007635180954783e+00
46 25 -1.000287861857534e+00 -1.916094616081713e-03 -8.791339896646368e-04 -1.007636536155103e+00
46 26 -1.000287703708927e+00 -1.915435650621275e-03 -8.795124191879680e-04 -1.007638301844522e+00
46 27 -1.000287488919690e+00 -1.914673438597293e-03 -8.799219979705287e-04 -1.007640463295165e+00
46 28 -1.000287218991537e+00 -1.913814266563230e-03 -8.803635011384615e-04 -1.007643002179208e+00
46 29 -1.000286896066908e+00 -1.912865204223027e-03 -8.808382412019471e-04 -1.007645896676554e+00
46 30 -1.000286522919541e+00 -1.911834076972587e-03 -8.813478727721900e-04 -1.007649121602961e+00
46 31 -1.000286102936082e+00 -1.910729437713256e-03 -8.818941465429319e-04 -1.007652648569321e+00
46 32 -1.000285640086711e+00 -1.909560532661879e-03 -8.824786261513736e-04 -1.007656446186152e+00
46 33 -1.000285138882894e+00 -1.908337256564867e-03 -8.831023874251763e-04 -1.007660480321965e+00
46 34 -1.000284604322565e+00 -1.907070096647425e-03 -8.837657213646075e-04 -1.007664714408392e+00
46 35 -1.000284041825631e+00 -1.905770068412430e-03 -8.844678610360925e-04 -1.007669109770706e+00
46 36 -1.000283457163837e+00 -1.904448646732253e-03 -8.852067489664898e-04 -1.007673625962008e+00
46 37 -1.000282856388597e+00 -1.903117693942528e-03 -8.859788556452104e-04 -1.007678221088840e+00
46 38 -1.000282245759791e+00 -1.901789386058902e-03 -8.867790534470765e-04 -1.007682852122717e+00
46 39 -1.000281631677711e+00 -1.900476138194898e-03 -8.876005476194523e-04 -1.007687475195525e+00
46 40 -1.000281020618469e+00 -1.899190527915425e-03 -8.884348681385015e-04 -1.007692045885706e+00
46 41 -1.000280419070639e+00 -1.897945211498729e-03 -8.892719295320694e-04 -1.007696519514750e+00
46 42 -1.000279833469752e+00 -1.896752826885545e-03 -8.901001660718028e-04 -1.007700851476922e+00
46 43 -1.000279270128082e+00 -1.895625878956988e-03 -8.909067472253656e-04 -1.007704997617576e+00
46 44 -1.000278735158460e+00 -1.894576603908195e-03 -8.916778751051111e-04 -1.007708914670036e+00
46 45 -1.000278234391509e+00 -1.893616808772678e-03 -8.923991610610186e-04 -1.007712560763571e+00
46 46 -1.000277773286910e+00 -1.892757683815104e-03 -8.930560700669786e-04 -1.007715896011473e+00
46 47 -1.000277356842051e+00 -1.892009592180051e-03 -8.936344106770249e-04 -1.007718883168157e+00
46 48 -1.000276989504246e+00 -1.891381848869078e-03 -8.941208407872354e-04 -1.007721488319086e+00
46 49 -1.000276675093271e+00 -1.890882504525075e-03 -8.945033585893628e-04 -1.007723681555402e+00
46 50 -1.000276416739310e+00 -1.890518148784929e-03 -8.947717517827637e-04 -1.007725437587354e+00
46 51 -1.000276216839244e+00 -1.890293746161371e-03 -8.949179832244516e-04 -1.007726736256285e+00
46 52 -1.000276077032426e+00 -1.890212514365365e-03 -8.949364976839308e-04 -1.007727562913985e+00
46 53 -1.000275998195042e+00 -1.890275848893944e-03 -8.948244421547478e-04 -1.007727908657500e+00
46 54 -1.000275980450221e+00 -1.890483290997671e-03 -8.945817976598799e-04 -1.007727770430603e+00
46 55 -1.000276023190937e+00 -1.890832533957679e-03 -8.942114202593223e-04 -1.007727151012427e+00
46 56 -1.000276125114639e+00 -1.891319465558823e-03 -8.937189854737044e-04 -1.007726058904574e+00
46 57 -1.000276284270441e+00 -1.891938247863085e-03 -8.931128299134130e-04 -1.007724508115569e+00
46 58 -1.000276498119745e+00 -1.892681435314471e-03 -8.924036895930176e-04 -1.007722517839201e+00
46 59 -1.000276763609355e+00 -1.893540129865451e-03 -8.916043440107198e-04 -1.007720112029214e+00
46 60 -1.000277077253840e+00 -1.894504168531230e-03 -8.907291855427902e-04 -1.007717318882075e+00
46 61 -1.000277435221612e+00 -1.895562333820592e-03 -8.897937432709274e-04 -1.007714170254054e+00
46 62 -1.000277833417605e+00 -1.896702572093048e-03 -8.888141959001260e-04 -1.007710701055611e+00
46 63 -1.000278267555915e+00 -1.897912203785034e-03 -8.878069056672996e-04 -1.007706948670937e+00
47 0 -1.000278124355831e+00 -1.898518036965982e-03 -8.891166819857961e-04 -1.007704671044095e+00
47 1 -1.000278610082496e+00 -1.899811284531263e-03 -8.881057604257064e-04 -1.007700521173997e+00
47 2 -1.000279118645482e+00 -1.901134554373355e-03 -8.871124109204131e-04 -1.007696207469521e+00
47 3 -1.000279645510086e+00 -1.902474471872582e-03 -8.861499968726706e-04 -1.007691772270299e+00
47 4 -1.000280186133118e+00 -1.903817790452889e-03 -8.852304641885131e-04 -1.007687258342852e+00
47 5 -1.000280735980588e+00 -1.905151501564560e-03 -8.843641734847568e-04 -1.007682708554410e+00
47 6 -1.000281290543170e+00 -1.906462939739523e-03 -8.835597877800525e-04 -1.007678165540507e+00
47 7 -1.000281845348268e+00 -1.907739881103143e-03 -8.828242208484924e-04 -1.007673671372068e+00
47 8 -1.000282395967938e+00 -1.908970633697828e-03 -8.821626469621278e-04 -1.007669267230602e+00
47 9 -1.000282938024152e+00 -1.910144121972589e-03 -8.815785638103033e-04 -1.007664993089197e+00
47 10 -1.000283467194331e+00 -1.911249969315807e-03 -8.810738936547207e-04 -1.007660887392424e+00
47 11 -1.000283979219484e+00 -1.912278578823116e-03 -8.806491079471297e-04 -1.007656986738677e+00
47 12 -1.000284469916025e+00 -1.913221208234633e-03 -8.803033658190420e-04 -1.007653325579765e+00
47 13 -1.000284935191574e+00 -1.914070034192066e-03 -8.800346627526829e-04 -1.007649935952199e+00
47 14 -1.000285371064238e+00 -1.914818201618108e-03 -8.798399907193254e-04 -1.007646847250229e+00
47 15 -1.000285773683662e+00 -1.915459853635110e-03 -8.797155147851807e-04 -1.007644086051127e+00
47 16 -1.000286139352103e+00 -1.915990138733212e-03 -8.796567714817313e-04 -1.007641675999833e+00
47 17 -1.000286464546140e+00 -1.916405197804952e-03 -8.796588891828910e-04 -1.007639637742425e+00
47 18 -1.000286745942689e+00 -1.916702140557545e-03 -8.797168225145984e-04 -1.007637988877143e+00
47 19 -1.000286980453801e+00 -1.916879022317053e-03 -8.798255864178926e-04 -1.007636743889041e+00
47 20 -1.000287165272712e+00 -1.916934827818054e-03 -8.799804737363633e-04 -1.007635914051879e+00
47 21 -1.000287297930516e+00 -1.916869463186503e-03 -8.801772424279855e-04 -1.007635507301023e+00
47 22 -1.000287376360159e+00 -1.916683753855668e-03 -8.804122631949623e-04 -1.007635528093117e+00
47 23 -1.000287398962064e+00 -1.916379443546436e-03 -8.806826243599415e-04 -1.007635977275577e+00
47 24 -1.000287364664338e+00 -1.915959187821230e-03 -8.809861961334809e-04 -1.007636851992549e+00
47 25 -1.000287272971475e+00 -1.915426537596431e-03 -8.813216583303711e-04 -1.007638145646195e+00
47 26 -1.000287123998811e+00 -1.914785913164417e-03 -8.816884933976594e-04 -1.007639847913393e+00
47 27 -1.000286918493451e+00 -1.914042573378691e-03 -8.820869423256245e-04 -1.007641944802932e+00
47 28 -1.000286657843894e+00 -1.913202584788206e-03 -8.825179172104457e-04 -1.007644418737808e+00
47 29 -1.000286344080344e+00 -1.912272793366524e-03 -8.829828628127549e-04 -1.007647248655595e+00
47 30 -1.000285979866737e+00 -1.911260799253174e-03 -8.834835621859455e-04 -1.007650410127846e+00
47 31 -1.000285568484082e+00 -1.910174932155451e-03 -8.840218891540207e-04 -1.007653875506717e+00
47 32 -1.000285113803144e+00 -1.909024221979661e-03 -8.845995206647936e-04 -1.007657614113590e+00
47 33 -1.000284620244325e+00 -1.907818359029733e-03 -8.852176299368898e-04 -1.007661592481638e+00
47 34 -1.000284092724642e+00 -1.906567642164146e-03 -8.858765838845230e-04 -1.007665774648075e+00
47 35 -1.000283536594542e+00 -1.905282917724023e-03 -8.865756664542670e-04 -1.007670122475425e+00
47 36 -1.000282957568529e+00 -1.903975512593446e-03 -8.873128450868339e-04 -1.007674595979930e+00
47 37 -1.000282361653170e+00 -1.902657162897616e-03 -8.880845910710207e-04 -1.007679153655123e+00
47 38 -1.000281755075365e+00 -1.901339939499598e-03 -8.888857575604912e-04 -1.007683752785109e+00
47 39 -1.000281144213188e+00 -1.900036172008164e-03 -8.897095153127809e-04 -1.007688349744084e+00
47 40 -1.000280535529992e+00 -1.898758370848965e-03 -8.905473480422567e-04 -1.007692900286735e+00
47 41 -1.000279935509919e+00 -1.897519142681729e-03 -8.913891136012888e-04 -1.007697359847900e+00
47 42 -1.000279350591516e+00 -1.896331092692499e-03 -8.922231789830517e-04 -1.007701683875044e+00
47 43 -1.000278787096808e+00 -1.895206709140902e-03 -8.930366352512644e-04 -1.007705828209762e+00
47 44 -1.000278251154537e+00 -1.894158227008951e-03 -8.938155950537303e-04 -1.007709749527989e+00
47 45 -1.000277748617094e+00 -1.893197467049558e-03 -8.945455703587594e-04 -1.007713405850189e+00
47 46 -1.000277284971758e+00 -1.892335648045468e-03 -8.952119192243631e-04 -1.007716757129811e+00
47 47 -1.000276865249388e+00 -1.891583176522158e-03 -8.958003389587878e-04 -1.007719765909769e+00
47 48 -1.000276493936395e+00 -1.890949425699796e-03 -8.962973748235111e-04 -1.007722398012481e+00
47 49 -1.000276174896647e+00 -1.890442518876536e-03 -8.966909125705088e-04 -1.007724623216812e+00
47 50 -1.000275911308536e+00 -1.890069131878706e-03 -8.969706276189306e-04 -1.007726415876118e+00
47 51 -1.000275705620466e+00 -1.889834327660311e-03 -8.971283696914722e-04 -1.007727755436249e+00
47 52 -1.000275559526081e+00 -1.889741433242306e-03 -8.971584684886913e-04 -1.007728626821087e+00
47 53 -1.000275473958442e+00 -1.889791963079798e-03 -8.970579535845239e-04 -1.007729020672504e+00
47 54 -1.000275449100323e+00 -1.889985586104665e-03 -8.968266870661652e-04 -1.007728933455162e+00
47 55 -1.000275484407525e+00 -1.890320131285326e-03 -8.964674070536343e-04 -1.007728367446830e+00
47 56 -1.000275578643692e+00 -1.890791629200654e-03 -8.959856762019635e-04 -1.007727330627424e+00
47 57 -1.000275729927040e+00 -1.891394390200881e-03 -8.953897280333039e-04 -1.007725836468286e+00
47 58 -1.000275935789706e+00 -1.892121119976169e-03 -8.946902091090294e-04 -1.007723903619517e+00
47 59 -1.000276193249151e+00 -1.892963071621561e-03 -8.938998248863685e-04 -1.007721555496472e+00
47 60 -1.000276498888873e+00 -1.893910230294031e-03 -8.930329084580957e-04 -1.007718819774425e+00
47 61 -1.000276848943278e+00 -1.894951521349104e-03 -8.921049419536286e-04 -1.007715727815549e+00
47 62 -1.000277239379734e+00 -1.896075027140993e-03 -8.911320665231447e-04 -1.007712314070028e+00
47 63 -1.000277665971236e+00 -1.897268196585814e-03 -8.901306140178489e-04 -1.007708615498015e+00
48 0 -1.000277539097573e+00 -1.897809257522965e-03 -8.917714417875091e-04 -1.007706410992218e+00
48 1 -1.000278017668241e+00 -1.899086866744731e-03 -8.907639044579946e-04 -1.007702311741131e+00
48 2 -1.000278519366971e+00 -1.900394892190431e-03 -8.897732318599752e-04 -1.007698046616789e+00
48 3 -1.000279039713140e+00 -1.901720067460164e-03 -8.888127997690088e-04 -1.007693657615667e+00
48 4 -1.000279574216777e+00 -1.903049253566919e-03 -8.878945712824996e-04 -1.007689187169260e+00
48 5 -1.000280118396145e+00 -1.904369550520194e-03 -8.870289252882358e-04 -1.007684677813821e+00
48 6 -1.000280667793054e+00 -1.905668403333856e-03 -8.862245400330918e-04 -1.007680171856007e+00
48 7 -1.000281217984861e+00 -1.906933700888247e-03 -8.854883379088162e-04 -1.007675711039463e+00
48 8 -1.000281764592504e+00 -1.908153866340713e-03 -8.848254929381758e-04 -1.007671336219494e+00
48 9 -1.000282303285787e+00 -1.909317940977183e-03 -8.842394938698975e-04 -1.007667087044807e+00
48 10 -1.000282829788427e+00 -1.910415664559095e-03 -8.837322485470864e-04 -1.007663001642258e+00
48 11 -1.000283339885043e+00 -1.911437552577745e-03 -8.833042136157084e-04 -1.007659116308183e+00
48 12 -1.000283829431438e+00 -1.912374967631669e-03 -8.829545376118909e-04 -1.007655465217838e+00
48 13 -1.000284294368839e+00 -1.913220180941342e-03 -8.826812121105584e-04 -1.007652080165002e+00
48 14 -1.000284730741748e+00 -1.913966419561538e-03 -8.824812322524974e-04 -1.007648990342334e+00
48 15 -1.000285134717785e+00 -1.914607894252592e-03 -8.823507725317687e-04 -1.007646222173983e+00
48 16 -1.000285502607854e+00 -1.915139804698109e-03 -8.822853840782031e-04 -1.007643799207302e+00
48 17 -1.000285830887129e+00 -1.915558324475091e-03 -8.822802148237558e-04 -1.007641742053473e+00
48 18 -1.000286116220200e+00 -1.915860574531322e-03 -8.823302458271302e-04 -1.007640068347784e+00
48 19 -1.000286355494678e+00 -1.916044595928511e-03 -8.824305296059352e-04 -1.007638792696262e+00
48 20 -1.000286545865982e+00 -1.916109329620210e-03 -8.825764127981019e-04 -1.007637926588776e+00
48 21 -1.000286684813241e+00 -1.916054606230827e-03 -8.827637268654690e-04 -1.007637478277433e+00
48 22 -1.000286770203349e+00 -1.915881144362101e-03 -8.829889360863640e-04 -1.007637452633946e+00
48 23 -1.000286800357600e+00 -1.915590552161711e-03 -8.832492395911380e-04 -1.007637851010292e+00
48 24 -1.000286774113757e+00 -1.915185325000011e-03 -8.835426304837588e-04 -1.007638671131188e+00
48 25 -1.000286690877259e+00 -1.914668834034150e-03 -8.838679175037328e-04 -1.007639907039041e+00
48 26 -1.000286550658379e+00 -1.914045305252901e-03 -8.842247128103708e-04 -1.007641549094428e+00
48 27 -1.000286354095602e+00 -1.913319792563078e-03 -8.846133849523612e-04 -1.007643584020342e+00
48 28 -1.000286102467224e+00 -1.912498149437643e-03 -8.850349711585646e-04 -1.007645994975311e+00
48 29 -1.000285797693311e+00 -1.911587002603467e-03 -8.854910402079730e-04 -1.007648761645778e+00
48 30 -1.000285442329284e+00 -1.910593729247160e-03 -8.859834990389487e-04 -1.007651860355835e+00
48 31 -1.000285039550916e+00 -1.909526435901634e-03 -8.865143441400430e-04 -1.007655264201453e+00
48 32 -1.000284593128949e+00 -1.908393933597775e-03 -8.870853699901804e-04 -1.007658943224097e+00
48 33 -1.000284107391147e+00 -1.907205703279764e-03 -8.876978561024564e-04 -1.007662864636709e+00
48 34 -1.000283587171320e+00 -1.905971849015815e-03 -8.883522579544977e-04 -1.007666993100463e+00
48 35 -1.000283037747604e+00 -1.904703040707422e-03 -8.890479254257573e-04 -1.007671291035062e+00
48 36 -1.000282464773839e+00 -1.903410449159147e-03 -8.897828671088275e-04 -1.007675718941770e+00
48 37 -1.000281874207743e+00 -1.902105675407660e-03 -8.905535713849801e-04 -1.007680235725429e+00
48 38 -1.000281272238866e+00 -1.900800675976056e-03 -8.913548875053480e-04 -1.007684799008351e+00
48 39 -1.000280665218533e+00 -1.899507685834276e-03 -8.921799656439028e-04 -1.007689365432939e+00
48 40 -1.000280059592549e+00 -1.898239138801529e-03 -8.930202561163581e-04 -1.007693890957620e+00
48 41 -1.000279461835308e+00 -1.897007581435366e-03 -8.938655724492307e-04 -1.007698331162058e+00
48 42 -1.000278878382420e+00 -1.895825574521954e-03 -8.947042261948703e-04 -1.007702641583095e+00
48 43 -1.000278315559104e+00 -1.894705577150452e-03 -8.955232410303173e-04 -1.007706778098799e+00
48 44 -1.000277779502799e+00 -1.893659809532437e-03 -8.963086502860630e-04 -1.007710697372479e+00
48 45 -1.000277276079641e+00 -1.892700091112256e-03 -8.970458758824745e-04 -1.007714357366707e+00
48 46 -1.000276810795721e+00 -1.891837652632793e-03 -8.977201771195692e-04 -1.007717717932525e+00
48 47 -1.000276388706106e+00 -1.891082926406140e-03 -8.983171465402762e-04 -1.007720741463652e+00
48 48 -1.000276014326858e+00 -1.890445325539868e-03 -8.988232218558573e-04 -1.007723393585293e+00
48 49 -1.000275691556362e+00 -1.889933026671273e-03 -8.992261812830706e-04 -1.007725643833592e+00
48 50 -1.000275423611584e+00 -1.889552771362310e-03 -8.995155938606573e-04 -1.007727466278235e+00
48 51 -1.000275212982945e+00 -1.889309699896396e-03 -8.996832034102278e-04 -1.007728840044477e+00
48 52 -1.000275061409268e+00 -1.889207227511079e-03 -8.997232329089836e-04 -1.007729749702273e+00
48 53 -1.000274969871824e+00 -1.889246966793737e-03 -8.996326037845008e-04 -1.007730185510355e+00
48 54 -1.000274938604793e+00 -1.889428693781462e-03 -8.994110692457322e-04 -1.007730143524350e+00
48 55 -1.000274967119058e+00 -1.889750353027750e-03 -8.990612599821951e-04 -1.007729625587999e+00
48 56 -1.000275054237478e+00 -1.890208098728002e-03 -8.985886364259313e-04 -1.007728639222330e+00
48 57 -1.000275198141394e+00 -1.890796371624398e-03 -8.980013398234846e-04 -1.007727197418098e+00
48 58 -1.000275396428886e+00 -1.891508012332709e-03 -8.973099385841302e-04 -1.007725318330774e+00
48 59 -1.000275646184546e+00 -1.892334410726374e-03 -8.965270762961668e-04 -1.007723024877472e+00
48 60 -1.000275944058530e+00 -1.893265687892827e-03 -8.956670403200504e-04 -1.007720344242824e+00
48 61 -1.000276286350007e+00 -1.894290901729465e-03 -8.947452813131408e-04 -1.007717307316638e+00
48 62 -1.000276669088376e+00 -1.895398261919400e-03 -8.937779202306864e-04 -1.007713948102899e+00
48 63 -1.000277088105856e+00 -1.896575339098412e-03 -8.927812767073333e-04 -1.007710303144030e+00
49 0 -1.000276983361624e+00 -1.897058204874499e-03 -8.947258711470467e-04 -1.007708157393576e+00
49 1 -1.000277454629258e+00 -1.898320214217502e-03 -8.937210551228364e-04 -1.007704109610138e+00
49 2 -1.000277949228539e+00 -1.899612802397117e-03 -8.927325830258793e-04 -1.007699894642986e+00
49 3 -1.000278462736050e+00 -1.900922812722705e-03 -8.917738554130663e-04 -1.007695554123896e+00
49 4 -1.000278990719120e+00 -1.902237217795807e-03 -8.908568633672953e-04 -1.007691130119883e+00
49 5 -1.000279528753066e+00 -1.903543232303102e-03 -8.899920134570438e-04 -1.007686664800410e+00
49 6 -1.000280072436070e+00 -1.904828419522478e-03 -8.891880072076606e-04 -1.007682200102982e+00
49 7 -1.000280617401017e+00 -1.906080790689382e-03 -8.884517816391844e-04 -1.007677777399264e+00
49 8 -1.000281159323657e+00 -1.907288895902913e-03 -8.877885133736577e-04 -1.007673437168502e+00
49 9 -1.000281693927805e+00 -1.908441907227996e-03 -8.872016810140577e-04 -1.007669218680983e+00
49 10 -1.000282216989708e+00 -1.909529696361498e-03 -8.866931722897752e-04 -1.007665159689684e+00
49 11 -1.000282724343941e+00 -1.910542908269516e-03 -8.862634186512563e-04 -1.007661296131007e+00
49 12 -1.000283211892409e+00 -1.911473029315346e-03 -8.859115429947109e-04 -1.007657661842754e+00
49 13 -1.000283675617100e+00 -1.912312445964877e-03 -8.856355138688753e-04 -1.007654288311876e+00
49 14 -1.000284111596294e+00 -1.913054489157788e-03 -8.854323074033846e-04 -1.007651204464060e+00
49 15 -1.000284516022997e+00 -1.913693459603426e-03 -8.852980830707152e-04 -1.007648436505220e+00
49 16 -1.000284885224276e+00 -1.914224631171621e-03 -8.852283800392493e-04 -1.007646007819609e+00
49 17 -1.000285215681671e+00 -1.914644234082188e-03 -8.852183369504708e-04 -1.007643938916377e+00
49 18 -1.000285504055479e+00 -1.914949425316660e-03 -8.852629301226557e-04 -1.007642247399330e+00
49 19 -1.000285747217122e+00 -1.915138256955476e-03 -8.853572163511065e-04 -1.007640947926568e+00
49 20 -1.000285942292730e+00 -1.915209651733862e-03 -8.854965610546730e-04 -1.007640052135260e+00
49 21 -1.000286086718295e+00 -1.915163390246636e-03 -8.856768333543091e-04 -1.007639568526214e+00
49 22 -1.000286178303522e+00 -1.915000108740890e-03 -8.858945559500753e-04 -1.007639502321255e+00
49 23 -1.000286215299051e+00 -1.914721302237404e-03 -8.861470060123664e-04 -1.007639855317902e+00
49 24 -1.000286196460119e+00 -1.914329325844249e-03 -8.864322702929869e-04 -1.007640625769564e+00
49 25 -1.000286121100174e+00 -1.913827388362077e-03 -8.867492611197279e-04 -1.007641808313888e+00
49 26 -1.000285989130639e+00 -1.913219536239845e-03 -8.870976989720847e-04 -1.007643393957199e+00
49 27 -1.000285801086537e+00 -1.912510630327243e-03 -8.874780624724745e-04 -1.007645370106614e+00
49 28 -1.000285558140039e+00 -1.911706320168023e-03 -8.878915002257901e-04 -1.007647720633758e+00
49 29 -1.000285262104228e+00 -1.910813020116852e-03 -8.883396947563968e-04 -1.007650425957682e+00
49 30 -1.000284915428330e+00 -1.909837889170510e-03 -8.888246701985653e-04 -1.007653463144230e+00
49 31 -1.000284521184289e+00 -1.908788812990891e-03 -8.893485432155847e-04 -1.007656806028740e+00
49 32 -1.000284083043191e+00 -1.907674383335896e-03 -8.899132281969659e-04 -1.007660425375342e+00
49 33 -1.000283605239503e+00 -1.906503869006505e-03 -8.905201182975152e-04 -1.007664289085390e+00
49 34 -1.000283092522269e+00 -1.905287174637070e-03 -8.911697692308102e-04 -1.007668362457158e+00
49 35 -1.000282550094947e+00 -1.904034787503323e-03 -8.918616116670818e-04 -1.007672608484300e+00
49 36 -1.000281983547622e+00 -1.902757714889583e-03 -8.925937120336890e-04 -1.007676988172982e+00
49 37 -1.000281398785503e+00 -1.901467414538269e-03 -8.933625929953213e-04 -1.007681460861368e+00
49 38 -1.000280801956692e+00 -1.900175720017435e-03 -8.941631166724742e-04 -1.007685984533542e+00
49 39 -1.000280199381207e+00 -1.898894762490466e-03 -8.949884286710282e-04 -1.007690516125985e+00
49 40 -1.000279597482262e+00 -1.897636889113119e-03 -8.958299612278466e-04 -1.007695011830165e+00
49 41 -1.000279002719012e+00 -1.896414575345368e-03 -8.966774982948935e-04 -1.007699427403475e+00
49 42 -1.000278421518168e+00 -1.895240325702675e-03 -8.975193102771656e-04 -1.007703718508635e+00
49 43 -1.000277860201506e+00 -1.894126557079912e-03 -8.983423674318538e-04 -1.007707841101531e+00
49 44 -1.000277324907644e+00 -1.893085460327467e-03 -8.991326373666784e-04 -1.007711751880592e+00
49 45 -1.000276821508101e+00 -1.892128837478698e-03 -8.998754647093465e-04 -1.007715408804601e+00
49 46 -1.000276355518837e+00 -1.891267914086855e-03 -9.005560212562110e-04 -1.007718771681184e+00
49 47 -1.000275932009773e+00 -1.890513130237731e-03 -9.011598042919490e-04 -1.007721802818157e+00
49 48 -1.000275555516865e+00 -1.889873919788777e-03 -9.016731521914995e-04 -1.007724467711791e+00
49 49 -1.000275229962991e+00 -1.889358492373663e-03 -9.020837433766443e-04 -1.007726735728532e+00
49 50 -1.000274958593673e+00 -1.888973634171918e-03 -9.023810485043051e-04 -1.007728580730077e+00
49 51 -1.000274743931587e+00 -1.888724541343252e-03 -9.025567142687137e-04 -1.007729981597422e+00
49 52 -1.000274587751195e+00 -1.888614695597867e-03 -9.026048667714718e-04 -1.007730922623173e+00
49 53 -1.000274491072654e+00 -1.888645785650075e-03 -9.025223301652113e-04 -1.007731393759515e+00
49 54 -1.000274454172570e+00 -1.888817672804314e-03 -9.023087602537461e-04 -1.007731390728076e+00
49 55 -1.000274476608506e+00 -1.889128396029543e-03 -9.019666918852998e-04 -1.007730915010175e+00
49 56 -1.000274557254794e+00 -1.889574212777598e-03 -9.015014947382321e-04 -1.007729973735451e+00
49 57 -1.000274694348946e+00 -1.890149674731228e-03 -9.009212291196340e-04 -1.007728579476909e+00
49 58 -1.000274885549109e+00 -1.890847739444171e-03 -9.002363965851133e-04 -1.007726749951380e+00
49 59 -1.000275128002528e+00 -1.891659917726312e-03 -8.994595904576708e-04 -1.007724507624197e+00
49 60 -1.000275418422899e+00 -1.892576452998636e-03 -8.986050649469513e-04 -1.007721879225666e+00
49 61 -1.000275753172140e+00 -1.893586523990229e-03 -8.976882533664604e-04 -1.007718895200709e+00
49 62 -1.000276128340547e+00 -1.894678457864041e-03 -8.967252720188376e-04 -1.007715589126289e+00
49 63 -1.000276539819388e+00 -1.895839939428682e-03 -8.957324444693927e-04 -1.007711997137094e+00
50 0 -1.000276462915732e+00 -1.896271779029571e-03 -8.979512789564989e-04 -1.007709894535119e+00
50 1 -1.000276926792230e+00 -1.897518349025082e-03 -8.969485686387373e-04 -1.007705898650469e+00
50 2 -1.000277414111261e+00 -1.898795422834592e-03 -8.959618766890814e-04 -1.007701735030464e+00
50 3 -1.000277920509574e+00 -1.900089954796702e-03 -8.950046388788161e-04 -1.007697444921523e+00
50 4 -1.000278441615694e+00 -1.901389032746314e-03 -8.940888834720368e-04 -1.007693069997881e+00
50 5 -1.000278973066533e+00 -1.902679991348951e-03 -8.932250532384958e-04 -1.007688652028738e+00
50 6 -1.000279510521660e+00 -1.903950519176947e-03 -8.924218803439798e-04 -1.007684232544183e+00
50 7 -1.000280049674995e+00 -1.905188759062981e-03 -8.916863216013067e-04 -1.007679852499877e+00
50 8 -1.000280586262978e+00 -1.906383399428069e-03 -8.910235585571862e-04 -1.007675551949942e+00
50 9 -1.000281116069410e+00 -1.907523756068995e-03 -8.904370588101242e-04 -1.007671369734442e+00
50 10 -1.000281634929062e+00 -1.908599847034767e-03 -8.899286851748547e-04 -1.007667343178858e+00
50 11 -1.000282138732684e+00 -1.909602463127534e-03 -8.894988342079933e-04 -1.007663507802944e+00
50 12 -1.000282623434903e+00 -1.910523232904381e-03 -8.891465884593626e-04 -1.007659897046685e+00
50 13 -1.000283085065411e+00 -1.911354677940942e-03 -8.888698747067350e-04 -1.007656542027740e+00
50 14 -1.000283519743380e+00 -1.912090253795874e-03 -8.886656283408721e-04 -1.007653471341731e+00
50 15 -1.000283923694549e+00 -1.912724372851445e-03 -8.885299694769049e-04 -1.007650710912046e+00
50 16 -1.000284293269785e+00 -1.913252406104958e-03 -8.884583984411042e-04 -1.007648283893489e+00
50 17 -1.000284624964848e+00 -1.913670664262308e-03 -8.884460154373825e-04 -1.007646210625508e+00
50 18 -1.000284915443730e+00 -1.913976364668108e-03 -8.884877608608826e-04 -1.007644508612516e+00
50 19 -1.000285161569912e+00 -1.914167595378623e-03 -8.885786624172930e-04 -1.007643192495893e+00
50 20 -1.000285360448985e+00 -1.914243286755432e-03 -8.887140687717124e-04 -1.007642273989417e+00
50 21 -1.000285509482979e+00 -1.914203195564798e-03 -8.888898499572789e-04 -1.007641761771382e+00
50 22 -1.000285606433670e+00 -1.914047901060527e-03 -8.891025508239283e-04 -1.007641661345320e+00
50 23 -1.000285649490037e+00 -1.913778808759182e-03 -8.893494923000477e-04 -1.007641974891039e+00
50 24 -1.000285637333339e+00 -1.913398155103870e-03 -8.896288234619764e-04 -1.007642701133050e+00
50 25 -1.000285569192980e+00 -1.912909005884505e-03 -8.899395325820983e-04 -1.007643835252759e+00
50 26 -1.000285444888632e+00 -1.912315244722618e-03 -8.902814250058457e-04 -1.007645368857916e+00
50 27 -1.000285264858005e+00 -1.911621553418397e-03 -8.906550700826261e-04 -1.007647290002791e+00
50 28 -1.000285030172366e+00 -1.910833389253224e-03 -8.910617119649765e-04 -1.007649583241456e+00
50 29 -1.000284742542131e+00 -1.909956963749268e-03 -8.915031342819278e-04 -1.007652229700730e+00
50 30 -1.000284404313696e+00 -1.908999224887720e-03 -8.919814693099696e-04 -1.007655207169913e+00
50 31 -1.000284018457541e+00 -1.907967842051614e-03 -8.924989491526350e-04 -1.007658490212383e+00
50 32 -1.000283588546499e+00 -1.906871189876774e-03 -8.930576081788647e-04 -1.007662050309839e+00
50 33 -1.000283118722153e+00 -1.905718324856281e-03 -8.936589581914145e-04 -1.007665856052767e+00
50 34 -1.000282613648072e+00 -1.904518949594338e-03 -8.943036648885244e-04 -1.007669873383615e+00
50 35 -1.000282078451221e+00 -1.903283363880647e-03 -8.949912534458500e-04 -1.007674065883096e+00
50 36 -1.000281518655290e+00 -1.902022405141340e-03 -8.957198644044994e-04 -1.007678395079103e+00
50 37 -1.000280940109775e+00 -1.900747380733834e-03 -8.964860721199568e-04 -1.007682820761755e+00
50 38 -1.000280348917502e+00 -1.899469993362545e-03 -8.972847692547496e-04 -1.007687301298212e+00
50 39 -1.000279751362637e+00 -1.898202261233765e-03 -8.981091144068613e-04 -1.007691793944851e+00
50 40 -1.000279153840655e+00 -1.896956434521663e-03 -8.989505389229378e-04 -1.007696255156352e+00
50 41 -1.000278562789934e+00 -1.895744906475088e-03 -8.997988139513836e-04 -1.007700640901088e+00
50 42 -1.000277984622260e+00 -1.894580113229801e-03 -9.006421854837128e-04 -1.007704907004771e+00
50 43 -1.000277425649110e+00 -1.893474415706002e-03 -9.014675874109929e-04 -1.007709009544624e+00
50 44 -1.000276892002497e+00 -1.892439959822156e-03 -9.022609386072250e-04 -1.007712905304792e+00
50 45 -1.000276389550888e+00 -1.891488513497215e-03 -9.030075223573167e-04 -1.007716552295881e+00
50 46 -1.000275923811211e+00 -1.890631279660722e-03 -9.036924372530335e-04 -1.007719910341523e+00
50 47 -1.000275499858770e+00 -1.889878687585618e-03 -9.043010981521076e-04 -1.007722941728403e+00
50 48 -1.000275122239331e+00 -1.889240171751547e-03 -9.048197558659309e-04 -1.007725611895135e+00
50 49 -1.000274794889902e+00 -1.888723953599681e-03 -9.052359998870232e-04 -1.007727890114158e+00
50 50 -1.000274521074385e+00 -1.888336842449957e-03 -9.055392127111358e-04 -1.007729750116035e+00
50 51 -1.000274303337775e+00 -1.888084068648247e-03 -9.057209542708679e-04 -1.007731170614806e+00
50 52 -1.000274143480299e+00 -1.887969158066085e-03 -9.057752651669096e-04 -1.007732135704606e+00
50 53 -1.000274042551152e+00 -1.887993852677009e-03 -9.056988848153244e-04 -1.007732635111078e+00
50 54 -1.000274000859821e+00 -1.888158076270319e-03 -9.054913847290842e-04 -1.007732664300564e+00
50 55 -1.000274018001498e+00 -1.888459940006476e-03 -9.051552169056875e-04 -1.007732224467634e+00
50 56 -1.000274092893481e+00 -1.888895783011859e-03 -9.046956727368607e-04 -1.007731322422909e+00
50 57 -1.000274223821636e+00 -1.889460247211926e-03 -9.041207434259327e-04 -1.007729970389747e+00
50 58 -1.000274408497404e+00 -1.890146387873704e-03 -9.034408750794837e-04 -1.007728185707697e+00
50 59 -1.000274644125226e+00 -1.890945819432672e-03 -9.026686222620375e-04 -1.007725990442829e+00
50 60 -1.000274927478207e+00 -1.891848892330156e-03 -9.018182181821917e-04 -1.007723410914316e+00
50 61 -1.000275254978080e+00 -1.892844892951517e-03 -9.009050917491419e-04 -1.007720477155849e+00
50 62 -1.000275622774296e+00 -1.893922255224861e-03 -8.999453682011356e-04 -1.007717222340772e+00
50 63 -1.000276026816507e+00 -1.895068769907497e-03 -8.989553891782467e-04 -1.007713682209349e+00
51 0 -1.000275983301700e+00 -1.895457285947064e-03 -9.014169774033123e-04 -1.007711606021046e+00
51 1 -1.000276439763284e+00 -1.896688708260460e-03 -9.004157921256305e-04 -1.007707662012377e+00
51 2 -1.000276919682087e+00 -1.897950317945603e-03 -8.994305032804575e-04 -1.007703550497587e+00
51 3 -1.000277418757563e+00 -1.899229180887201e-03 -8.984745908181461e-04 -1.007699312320100e+00
51 4 -1.000277932682874e+00 -1.900512502853762e-03 -8.975601280236806e-04 -1.007694988736417e+00
51 5 -1.000278457160721e+00 -1.901787743123895e-03 -8.966976008644462e-04 -1.007690621084307e+00
51 6 -1.000278987916950e+00 -1.903042722287708e-03 -8.958957779231300e-04 -1.007686250449052e+00
51 7 -1.000279520711886e+00 -1.904265723493413e-03 -8.951616398914950e-04 -1.007681917327647e+00
51 8 -1.000280051348201e+00 -1.905445583742582e-03 -8.945003753244948e-04 -1.007677661303189e+00
51 9 -1.000280575675280e+00 -1.906571774252401e-03 -8.939154402223495e-04 -1.007673520737191e+00
51 10 -1.000281089592237e+00 -1.907634473003676e-03 -8.934086679936260e-04 -1.007669532475764e+00
51 11 -1.000281589052135e+00 -1.908624632374174e-03 -8.929804109734905e-04 -1.007665731566142e+00
51 12 -1.000282070068698e+00 -1.909534040586312e-03 -8.926296973261034e-04 -1.007662150992093e+00
51 13 -1.000282528725887e+00 -1.910355372998890e-03 -8.923543941305367e-04 -1.007658821442414e+00
51 14 -1.000282961190694e+00 -1.911082229681574e-03 -8.921513748660251e-04 -1.007655771121295e+00
51 15 -1.000283363728951e+00 -1.911709155988071e-03 -8.920166961825384e-04 -1.007653025605505e+00
51 16 -1.000283732722972e+00 -1.912231642464409e-03 -8.919457929204075e-04 -1.007650607754455e+00
51 17 -1.000284064690487e+00 -1.912646103372693e-03 -8.919336981238346e-04 -1.007648537671542e+00
51 18 -1.000284356307143e+00 -1.912949840175921e-03 -8.919752855033267e-04 -1.007646832694561e+00
51 19 -1.000284604436916e+00 -1.913141001729825e-03 -8.920655205548098e-04 -1.007645507378534e+00
51 20 -1.000284806173794e+00 -1.913218551830833e-03 -8.921996997833317e-04 -1.007644573442030e+00
51 21 -1.000284958895078e+00 -1.913182249497164e-03 -8.923736573478300e-04 -1.007644039669020e+00
51 22 -1.000285060324013e+00 -1.913032642612163e-03 -8.925839234539430e-04 -1.007643911774755e+00
51 23 -1.000285108597410e+00 -1.912771071868430e-03 -8.928278273283834e-04 -1.007644192253969e+00
51 24 -1.000285102331856e+00 -1.912399678176503e-03 -8.931035474827290e-04 -1.007644880239013e+00
51 25 -1.000285040681393e+00 -1.911921405152468e-03 -8.934101188757703e-04 -1.007645971398244e+00
51 26 -1.000284923381761e+00 -1.911339991842534e-03 -8.937474065737732e-04 -1.007647457891347e+00
51 27 -1.000284750780373e+00 -1.910659957028332e-03 -8.941160493351036e-04 -1.007649328376198e+00
51 28 -1.000284523853894e+00 -1.909886579882718e-03 -8.945173688268558e-04 -1.007651568050518e+00
51 29 -1.000284244215531e+00 -1.909025881182053e-03 -8.949532349074303e-04 -1.007654158715689e+00
51 30 -1.000283914113290e+00 -1.908084607575762e-03 -8.954258766380276e-04 -1.007657078858159e+00
51 31 -1.000283536419629e+00 -1.907070219450392e-03 -8.959376342213200e-04 -1.007660303749762e+00
51 32 -1.000283114611617e+00 -1.905990879268502e-03 -8.964906591666143e-04 -1.007663805576308e+00
51 33 -1.000282652739357e+00 -1.904855433577948e-03 -8.970865840463441e-04 -1.007667553610687e+00
51 34 -1.000282155381103e+00 -1.903673382529164e-03 -8.977261917462747e-04 -1.007671514440277e+00
51 35 -1.000281627586353e+00 -1.902454835616246e-03 -8.984091136214176e-04 -1.007675652239990e+00
51 36 -1.000281074810480e+00 -1.901210455906825e-03 -8.991335792648711e-04 -1.007679929070976e+00
51 37 -1.000280502844466e+00 -1.899951394455300e-03 -8.998962316823496e-04 -1.007684305190798e+00
51 38 -1.000279917742176e+00 -1.898689215669190e-03 -9.006920120954072e-04 -1.007688739369952e+00
51 39 -1.000279325747492e+00 -1.897435815998115e-03 -9.015141104503317e-04 -1.007693189209644e+00
51 40 -1.000278733223220e+00 -1.896203338825025e-03 -9.023539755296132e-04 -1.007697611456344e+00
51 41 -1.000278146581506e+00 -1.895004084257509e-03 -9.032013841687927e-04 -1.007701962322113e+00
51 42 -1.000277572212959e+00 -1.893850407414415e-03 -9.040445770760278e-04 -1.007706197834617e+00
51 43 -1.000277016411636e+00 -1.892754598698104e-03 -9.048704715648385e-04 -1.007710274238437e+00
51 44 -1.000276485295166e+00 -1.891728743170555e-03 -9.056649575337863e-04 -1.007714148454886e+00
51 45 -1.000275984720674e+00 -1.890784557779559e-03 -9.064132758564945e-04 -1.007717778601993e+00
51 46 -1.000275520197113e+00 -1.889933204800164e-03 -9.071004696899677e-04 -1.007721124580315e+00
51 47 -1.000275096795438e+00 -1.889185083140472e-03 -9.077118880025254e-04 -1.007724148722992e+00
51 48 -1.000274719060974e+00 -1.888549607144647e-03 -9.082337091510158e-04 -1.007726816484001e+00
51 49 -1.000274390934528e+00 -1.888034988741903e-03 -9.086534472945391e-04 -1.007729097117557e+00
51 50 -1.000274115688129e+00 -1.887648038673590e-03 -9.089604093688562e-04 -1.007730964300610e+00
51 51 -1.000273895878854e+00 -1.887393999107326e-03 -9.091460811124502e-04 -1.007732396659947e+00
51 52 -1.000273733322468e+00 -1.887276417113241e-03 -9.092044308621208e-04 -1.007733378172592e+00
51 53 -1.000273629087145e+00 -1.887297064760519e-03 -9.091321273052475e-04 -1.007733898418938e+00
51 54 -1.000273583505411e+00 -1.887455905149497e-03 -9.089286721589428e-04 -1.007733952690393e+00
51 55 -1.000273596200417e+00 -1.887751098420683e-03 -9.085964490763421e-04 -1.007733541974324e+00
51 56 -1.000273666123111e+00 -1.888179042481309e-03 -9.081406850435412e-04 -1.007732672839875e+00
51 57 -1.000273791599136e+00 -1.888734447707660e-03 -9.075693149313056e-04 -1.007731357233381e+00
51 58 -1.000273970385727e+00 -1.889410446895978e-03 -9.068927412039221e-04 -1.007729612182557e+00
51 59 -1.000274199738162e+00 -1.890198739521856e-03 -9.061234911819862e-04 -1.007727459412075e+00
51 60 -1.000274476483783e+00 -1.891089766196709e-03 -9.052757888045450e-04 -1.007724924879640e+00
51 61 -1.000274797100334e+00 -1.892072906470576e-03 -9.043650705641217e-04 -1.007722038247134e+00
51 62 -1.000275157794013e+00 -1.893136689334058e-03 -9.034074828753155e-04 -1.007718832312144e+00
51 63 -1.000275554571589e+00 -1.894269002268360e-03 -9.024193981318441e-04 -1.007715342438119e+00
52 0 -1.000275549756356e+00 -1.894622363894296e-03 -9.050905710487840e-04 -1.007713274959197e+00
52 1 -1.000275998848587e+00 -1.895839069781853e-03 -9.040903503186096e-04 -1.007709382315697e+00
52 2 -1.000276471314256e+00 -1.897085404204376e-03 -9.031061156539120e-04 -1.007705323188552e+00
52 3 -1.000276962917412e+00 -1.898348543780605e-03 -9.021513990430108e-04 -1.007701138005443e+00
52 4 -1.000277469418626e+00 -1.899615813711556e-03 -9.012383252012575e-04 -1.007696867584763e+00
52 5 -1.000277986590173e+00 -1.900874801908783e-03 -9.003774282678082e-04 -1.007692552804252e+00
52 6 -1.000278510228798e+00 -1.902113467214920e-03 -8.995775171174047e-04 -1.007688234268818e+00
52 7 -1.000279036166242e+00 -1.903320240808192e-03 -8.988455993798363e-04 -1.007683951977261e+00
52 8 -1.000279560276500e+00 -1.904484117213704e-03 -8.981868723605014e-04 -1.007679744999711e+00
52 9 -1.000280078479812e+00 -1.905594733752710e-03 -8.976047795781657e-04 -1.007675651173637e+00
52 10 -1.000280586745230e+00 -1.906642441161347e-03 -8.971011203232495e-04 -1.007671706815758e+00
52 11 -1.000281081093957e+00 -1.907618368027680e-03 -8.966761937865107e-04 -1.007667946447584e+00
52 12 -1.000281557604770e+00 -1.908514478240572e-03 -8.963289607697538e-04 -1.007664402541871e+00
52 13 -1.000282012422167e+00 -1.909323618439173e-03 -8.960572117610260e-04 -1.007661105301572e+00
52 14 -1.000282441767764e+00 -1.910039552440554e-03 -8.958577377459479e-04 -1.007658082479042e+00
52 15 -1.000282841954750e+00 -1.910656979151881e-03 -8.957265083205045e-04 -1.007655359241513e+00
52 16 -1.000283209404317e+00 -1.911171529937942e-03 -8.956588670833812e-04 -1.007652958089507e+00
52 17 -1.000283540663780e+00 -1.911579744577201e-03 -8.956497522750502e-04 -1.007650898826074e+00
52 18 -1.000283832428503e+00 -1.911879031849924e-03 -8.956939410362139e-04 -1.007649198555320e+00
52 19 -1.000284081571572e+00 -1.912067625957536e-03 -8.957863042356823e-04 -1.007647871675661e+00
52 20 -1.000284285184334e+00 -1.912144549442145e-03 -8.959220515406444e-04 -1.007646929838943e+00
52 21 -1.000284440628568e+00 -1.912109589123169e-03 -8.960969450091441e-04 -1.007646381863518e+00
52 22 -1.000284545598551e+00 -1.911963287153048e-03 -8.963074634066062e-04 -1.007646233605130e+00
52 23 -1.000284598188808e+00 -1.911706944737736e-03 -8.965509082267981e-04 -1.007646487802884e+00
52 24 -1.000284596961074e+00 -1.911342631337841e-03 -8.968254536681926e-04 -1.007647143929840e+00
52 25 -1.000284541003297e+00 -1.910873190409584e-03 -8.971301509882593e-04 -1.007648198080100e+00
52 26 -1.000284429975849e+00 -1.910302236305763e-03 -8.974648982144815e-04 -1.007649642910065e+00
52 27 -1.000284264143748e+00 -1.909634142822866e-03 -8.978303801966405e-04 -1.007651467630854e+00
52 28 -1.000284044396255e+00 -1.908874027225412e-03 -8.982279760963603e-04 -1.007653658038266e+00
52 29 -1.000283772255746e+00 -1.908027733789846e-03 -8.986596251980274e-04 -1.007656196568023e+00
52 30 -1.000283449877377e+00 -1.907101820181646e-03 -8.991276396702113e-04 -1.007659062368818e+00
52 31 -1.000283080040258e+00 -1.906103548154906e-03 -8.996344574981080e-04 -1.007662231391594e+00
52 32 -1.000282666129292e+00 -1.905040875823594e-03 -9.001823411961693e-04 -1.007665676504083e+00
52 33 -1.000282212105414e+00 -1.903922444584803e-03 -9.007730430623727e-04 -1.007669367647866e+00
52 34 -1.000281722462661e+00 -1.902757554140832e-03 -9.014074674198472e-04 -1.007673272049027e+00
52 35 -1.000281202173091e+00 -1.901556123493540e-03 -9.020853607470584e-04 -1.007677354476100e+00
52 36 -1.000280656622682e+00 -1.900328639037740e-03 -9.028050544629680e-04 -1.007681577528732e+00
52 37 -1.000280091541537e+00 -1.899086090849973e-03 -9.035632759482677e-04 -1.007685901944282e+00
52 38 -1.000279512931092e+00 -1.897839898327095e-03 -9.043550326013177e-04 -1.007690286915343e+00
52 39 -1.000278926990813e+00 -1.896601828215211e-03 -9.051735641921192e-04 -1.007694690410631e+00
52 40 -1.000278340046196e+00 -1.895383908109593e-03 -9.060103558944355e-04 -1.007699069494656e+00
52 41 -1.000277758477727e+00 -1.894198334220791e-03 -9.068552100295955e-04 -1.007703380655652e+00
52 42 -1.000277188648455e+00 -1.893057367678790e-03 -9.076963829736367e-04 -1.007707580163616e+00
52 43 -1.000276636827916e+00 -1.891973213697512e-03 -9.085207972270333e-04 -1.007711624477010e+00
52 44 -1.000276109111781e+00 -1.890957880724512e-03 -9.093143356795964e-04 -1.007715470705036e+00
52 45 -1.000275611337624e+00 -1.890023017648452e-03 -9.100622186204964e-04 -1.007719077129266e+00
52 46 -1.000275148997275e+00 -1.889179727190834e-03 -9.107494551331193e-04 -1.007722403790699e+00
52 47 -1.000274727147457e+00 -1.888438357562893e-03 -9.113613484199584e-04 -1.007725413138698e+00
52 48 -1.000274350322923e+00 -1.887808282105636e-03 -9.118840224743771e-04 -1.007728070715434e+00
52 49 -1.000274022458109e+00 -1.887297682032758e-03 -9.123049322658322e-04 -1.007730345831894e+00
52 50 -1.000273746822805e+00 -1.886913347432407e-03 -9.126133243461080e-04 -1.007732212190054e+00
52 51 -1.000273525975620e+00 -1.886660509233741e-03 -9.128006253780248e-04 -1.007733648411585e+00
52 52 -1.000273361737428e+00 -1.886542712321093e-03 -9.128607467444407e-04 -1.007734638439226e+00
52 53 -1.000273255185259e+00 -1.886561735601176e-03 -9.127903018832456e-04 -1.007735171789799e+00
52 54 -1.000273206664617e+00 -1.886717558030638e-03 -9.125887384758154e-04 -1.007735243661407e+00
52 55 -1.000273215816471e+00 -1.887008364815206e-03 -9.122583877788100e-04 -1.007734854916674e+00
52 56 -1.000273281615493e+00 -1.887430588866679e-03 -9.118044278316246e-04 -1.007734011964325e+00
52 57 -1.000273402417908e+00 -1.887978986316983e-03 -9.112347513188426e-04 -1.007732726549815e+00
52 58 -1.000273576018519e+00 -1.888646746284316e-03 -9.105597296942851e-04 -1.007731015458624e+00
52 59 -1.000273799716241e+00 -1.889425633585623e-03 -9.097918746631684e-04 -1.007728900136745e+00
52 60 -1.000274070386665e+00 -1.890306161121202e-03 -9.089454121877919e-04 -1.007726406234825e+00
52 61 -1.000274384558983e+00 -1.891277786076264e-03 -9.080357977155362e-04 -1.007723563086971e+00
52 62 -1.000274738492940e+00 -1.892329119517028e-03 -9.070792104281228e-04 -1.007720403148146e+00
52 63 -1.000275128250338e+00 -1.893448135068390e-03 -9.060920651470152e-04 -1.007716961428181e+00
53 0 -1.000275167131770e+00 -1.893774904211365e-03 -9.089382397836714e-04 -1.007714884181716e+00
53 1 -1.000275608974001e+00 -1.894977471755230e-03 -9.079384270690810e-04 -1.007711041874494e+00
53 2 -1.000276074006380e+00 -1.896208868289393e-03 -9.069549091721335e-04 -1.007707034902350e+00
53 3 -1.000276558058712e+00 -1.897456379158001e-03 -9.060012765439669e-04 -1.007702903269281e+00
53 4 -1.000277056961129e+00 -1.898707449454696e-03 -9.050897099865022e-04 -1.007698687339437e+00
53 5 -1.000277566558661e+00 -1.899949798718220e-03 -9.042307949572930e-04 -1.007694427506063e+00
53 6 -1.000278082722921e+00 -1.901171529011623e-03 -9.034333829779318e-04 -1.007690163862887e+00
53 7 -1.000278601361479e+00 -1.902361225950584e-03 -9.027045104630431e-04 -1.007685935875557e+00
53 8 -1.000279118424358e+00 -1.903508049546448e-03 -9.020493840950255e-04 -1.007681782062435e+00
53 9 -1.000279629907640e+00 -1.904601813074906e-03 -9.014714331624262e-04 -1.007677739693868e+00
53 10 -1.000280131855472e+00 -1.905633051627185e-03 -9.009724179777968e-04 -1.007673844510761e+00
53 11 -1.000280620362461e+00 -1.906593083003389e-03 -9.005525763384816e-04 -1.007670130460394e+00
53 12 -1.000281091577957e+00 -1.907474061283277e-03 -9.002107897293065e-04 -1.007666629453480e+00
53 13 -1.000281541713033e+00 -1.908269020812427e-03 -8.999447560881246e-04 -1.007663371152258e+00
53 14 -1.000281967050508e+00 -1.908971907316132e-03 -8.997511642470557e-04 -1.007660382798999e+00
53 15 -1.000282363957832e+00 -1.909577592461103e-03 -8.996258743302087e-04 -1.007657689091731e+00
53 16 -1.000282728902267e+00 -1.910081868362507e-03 -8.995641143101133e-04 -1.007655312111503e+00
53 17 -1.000283058468332e+00 -1.910481421332690e-03 -8.995607013255002e-04 -1.007653271298001e+00
53 18 -1.000283349379254e+00 -1.910773789884763e-03 -8.996102873673878e-04 -1.007651583455259e+00
53 19 -1.000283598525760e+00 -1.910957317132677e-03 -8.997076176371940e-04 -1.007650262756403e+00
53 20 -1.000283803005416e+00 -1.911031108716839e-03 -8.998477816269789e-04 -1.007649320716650e+00
53 21 -1.000283960173802e+00 -1.910995004331475e-03 -9.000264340872866e-04 -1.007648766117297e+00
53 22 -1.000284067706070e+00 -1.910849566016793e-03 -9.002399661200014e-04 -1.007648604881731e+00
53 23 -1.000284123664575e+00 -1.910596080930765e-03 -9.004856156150321e-04 -1.007648839921292e+00
53 24 -1.000284126566205e+00 -1.910236571490094e-03 -9.007615183837490e-04 -1.007649470980784e+00
53 25 -1.000284075442551e+00 -1.909773803996352e-03 -9.010667106442428e-04 -1.007650494514969e+00
53 26 -1.000283969887974e+00 -1.909211289651240e-03 -9.014010951782338e-04 -1.007651903615565e+00
53 27 -1.000283810093861e+00 -1.908553277109963e-03 -9.017653780222127e-04 -1.007653687990057e+00
53 28 -1.000283596870021e+00 -1.907804739662582e-03 -9.021609742025513e-04 -1.007655833980862e+00
53 29 -1.000283331655185e+00 -1.906971361362076e-03 -9.025898737052341e-04 -1.007658324611250e+00
53 30 -1.000283016518227e+00 -1.906059525842101e-03 -9.030544556309267e-04 -1.007661139648834e+00
53 31 -1.000282654150729e+00 -1.905076309475280e-03 -9.035572424640713e-04 -1.007664255685067e+00
53 32 -1.000282247850109e+00 -1.904029476660234e-03 -9.041005984102401e-04 -1.007667646238731e+00
53 33 -1.000281801491488e+00 -1.902927471217306e-03 -9.046863911371090e-04 -1.007671281898143e+00
53 34 -1.000281319486817e+00 -1.901779397240928e-03 -9.053156472444275e-04 -1.007675130513621e+00
53 35 -1.000280806731694e+00 -1.900594985626889e-03 -9.059882340383696e-04 -1.007679157439392e+00
53 36 -1.000280268542346e+00 -1.899384545805475e-03 -9.067025948557251e-04 -1.007683325813327e+00
53 37 -1.000279710586256e+00 -1.898158903833858e-03 -9.074555552372939e-04 -1.007687596860629e+00
53 38 -1.000279138809543e+00 -1.896929328901896e-03 -9.082422051580756e-04 -1.007691930210631e+00
53 39 -1.000278559363552e+00 -1.895707451316312e-03 -9.090558521753342e-04 -1.007696284219025e+00
53 40 -1.000277978531952e+00 -1.894505174484011e-03 -9.098880369660170e-04 -1.007700616293485e+00
53 41 -1.000277402658152e+00 -1.893334580204509e-03 -9.107286077522508e-04 -1.007704883230884e+00
53 42 -1.000276838071441e+00 -1.892207823082388e-03 -9.115658583987213e-04 -1.007709041582971e+00
53 43 -1.000276291010062e+00 -1.891137009053782e-03 -9.123867395918486e-04 -1.007713048066830e+00
53 44 -1.000275767540336e+00 -1.890134054339835e-03 -9.131771510798506e-04 -1.007716860029866e+00
53 45 -1.000275273471980e+00 -1.889210522265813e-03 -9.139223169723961e-04 -1.007720435974798e+00
53 46 -1.000274814270527e+00 -1.888377436703684e-03 -9.146072365316433e-04 -1.007723736147813e+00
53 47 -1.000274394968777e+00 -1.887645074826245e-03 -9.152171902242791e-04 -1.007726723183846e+00
53 48 -1.000274020080987e+00 -1.887022748111125e-03 -9.157382687017036e-04 -1.007729362785500e+00
53 49 -1.000273693525021e+00 -1.886518585506079e-03 -9.161578868430713e-04 -1.007731624396339e+00
53 50 -1.000273418557935e+00 -1.886139333967789e-03 -9.164652487145259e-04 -1.007733481823242e+00
53 51 -1.000273197729296e+00 -1.885890190072697e-03 -9.166517392778929e-04 -1.007734913765021e+00
53 52 -1.000273032854701e+00 -1.885774673191174e-03 -9.167112301705400e-04 -1.007735904212696e+00
53 53 -1.000272925009745e+00 -1.885794545499670e-03 -9.166402968361411e-04 -1.007736442702312e+00
53 54 -1.000272874542558e+00 -1.885949777801738e-03 -9.164383503407060e-04 -1.007736524422421e+00
53 55 -1.000272881101550e+00 -1.886238556131399e-03 -9.161076869322598e-04 -1.007736150194741e+00
53 56 -1.000272943674976e+00 -1.886657324479142e-03 -9.156534524746000e-04 -1.007735326349405e+00
53 57 -1.000273060639991e+00 -1.887200861507598e-03 -9.150835129415485e-04 -1.007734064509310e+00
53 58 -1.000273229820008e+00 -1.887862390415960e-03 -9.144082225735225e-04 -1.007732381291479e+00
53 59 -1.000273448549640e+00 -1.888633720627619e-03 -9.136400897026855e-04 -1.007730297930323e+00
53 60 -1.000273713746108e+00 -1.889505418692201e-03 -9.127933535817282e-04 -1.007727839827330e+00
53 61 -1.000274021984805e+00 -1.890467003072799e-03 -9.118834995993040e-04 -1.007725036036593e+00
53 62 -1.000274369575006e+00 -1.891507152737394e-03 -9.109267507252137e-04 -1.007721918708647e+00
53 63 -1.000274752630659e+00 -1.892613915614302e-03 -9.099395750014232e-04 -1.007718522528249e+00
54 0 -1.000274839817184e+00 -1.892922968629379e-03 -9.129250136351328e-04 -1.007716416491686e+00
54 1 -1.000275274606150e+00 -1.894112128116261e-03 -9.119250395869504e-04 -1.007712622949763e+00
54 2 -1.000275732302718e+00 -1.895329080897489e-03 -9.109418947662879e-04 -1.007708667350846e+00
54 3 -1.000276208802906e+00 -1.896561218069443e-03 -9.099892328242371e-04 -1.007704589271645e+00
54 4 -1.000276700007890e+00 -1.897796104021723e-03 -9.090792936103406e-04 -1.007700428610329e+00
54 5 -1.000277201837816e+00 -1.899021591385337e-03 -9.082227156557022e-04 -1.007696225257059e+00
54 6 -1.000277710242228e+00 -1.900225928720352e-03 -9.074283941149157e-04 -1.007692018770067e+00
54 7 -1.000278221208219e+00 -1.901397861220884e-03 -9.067033943292284e-04 -1.007687848051847e+00
54 8 -1.000278730766094e+00 -1.902526721420362e-03 -9.060529312705437e-04 -1.007683751033590e+00
54 9 -1.000279234992290e+00 -1.903602507159384e-03 -9.054804173186346e-04 -1.007679764379451e+00
54 10 -1.000279730010583e+00 -1.904615947753460e-03 -9.049875690783427e-04 -1.007675923213415e+00
54 11 -1.000280211993650e+00 -1.905558561538780e-03 -9.045745553678871e-04 -1.007672260864934e+00
54 12 -1.000280677166539e+00 -1.906422705995797e-03 -9.042401670983606e-04 -1.007668808635063e+00
54 13 -1.000281121812577e+00 -1.907201618227620e-03 -9.039819945925024e-04 -1.007665595593804e+00
54 14 -1.000281542281865e+00 -1.907889442249041e-03 -9.037966062974943e-04 -1.007662648419587e+00
54 15 -1.000281935002596e+00 -1.908481239929851e-03 -9.036797322243830e-04 -1.007659991285759e+00
54 16 -1.000282296495148e+00 -1.908972982841824e-03 -9.036264619931673e-04 -1.007657645795552e+00
54 17 -1.000282623388894e+00 -1.909361523897119e-03 -9.036314668446391e-04 -1.007655630963538e+00
54 18 -1.000282912442947e+00 -1.909644552468080e-03 -9.036892467519800e-04 -1.007653963229753e+00
54 19 -1.000283160573962e+00 -1.909820542587236e-03 -9.037943922354709e-04 -1.007652656476642e+00
54 20 -1.000283364894504e+00 -1.909888706162064e-03 -9.039418412607871e-04 -1.007651722014707e+00
54 21 -1.000283522763459e+00 -1.909848960274723e-03 -9.041271076673794e-04 -1.007651168516465e+00
54 22 -1.000283631846894e+00 -1.909701912174365e-03 -9.043464598218203e-04 -1.007651001899249e+00
54 23 -1.000283690185198e+00 -1.909448860192269e-03 -9.045970367767442e-04 -1.007651225173865e+00
54 24 -1.000283696260596e+00 -1.909091804289558e-03 -9.048769018415214e-04 -1.007651838286256e+00
54 25 -1.000283649058481e+00 -1.908633457418213e-03 -9.051850441951346e-04 -1.007652837983139e+00
54 26 -1.000283548117173e+00 -1.908077250364373e-03 -9.055213422317089e-04 -1.007654217725363e+00
54 27 -1.000283393563854e+00 -1.907427327892271e-03 -9.058864972216628e-04 -1.007655967654620e+00
54 28 -1.000283186137597e+00 -1.906688539034188e-03 -9.062819369932862e-04 -1.007658074602241e+00
54 29 -1.000282927201569e+00 -1.905866426105587e-03 -9.067096814577465e-04 -1.007660522124780e+00
54 30 -1.000282618745847e+00 -1.904967215984478e-03 -9.071721580153679e-04 -1.007663290557848e+00
54 31 -1.000282263381171e+00 -1.903997815219998e-03 -9.076719577929311e-04 -1.007666357087513e+00
54 32 -1.000281864323131e+00 -1.902965807771062e-03 -9.082115345323813e-04 -1.007669695844521e+00
54 33 -1.000281425365552e+00 -1.901879450591494e-03 -9.087928634993828e-04 -1.007673278032330e+00
54 34 -1.000280950841563e+00 -1.900747660067384e-03 -9.094170906105623e-04 -1.007677072101951e+00
54 35 -1.000280445572107e+00 -1.899579983751433e-03 -9.100842061519011e-04 -1.007681043978894e+00
54 36 -1.000279914803985e+00 -1.898386555739827e-03 -9.107927725458527e-04 -1.007685157334036e+00
54 37 -1.000279364141083e+00 -1.897178037081651e-03 -9.115397248982107e-04 -1.007689373882822e+00
54 38 -1.000278799472134e+00 -1.895965543617323e-03 -9.123202502480328e-04 -1.007693653700124e+00
54 39 -1.000278226897143e+00 -1.894760563869847e-03 -9.131277406247613e-04 -1.007697955544552e+00
54 40 -1.000277652653598e+00 -1.893574869349642e-03 -9.139538107150236e-04 -1.007702237190942e+00
54 41 -1.000277083042608e+00 -1.892420417642547e-03 -9.147883748610875e-04 -1.007706455775929e+00
54 42 -1.000276524353907e+00 -1.891309245322709e-03 -9.156197863151979e-04 -1.007710568169710e+00
54 43 -1.000275982788023e+00 -1.890253345731386e-03 -9.164350475537228e-04 -1.007714531390730e+00
54 44 -1.000275464374595e+00 -1.889264527360524e-03 -9.172201003765652e-04 -1.007718303075023e+00
54 45 -1.000274974887255e+00 -1.888354250438600e-03 -9.179601989046675e-04 -1.007721842004383e+00
54 46 -1.000274519756393e+00 -1.887533441108439e-03 -9.186403587607768e-04 -1.007725108693440e+00
54 47 -1.000274103981589e+00 -1.886812285666502e-03 -9.192458629366935e-04 -1.007728066030082e+00
54 48 -1.000273732046771e+00 -1.886200012766030e-03 -9.197627925939899e-04 -1.007730679949667e+00
54 49 -1.000273407842911e+00 -1.885704677010449e-03 -9.201785447660793e-04 -1.007732920105623e+00
54 50 -1.000273134603852e+00 -1.885332959597447e-03 -9.204823016533765e-04 -1.007734760489743e+00
54 51 -1.000272914859782e+00 -1.885090000021492e-03 -9.206654258959742e-04 -1.007736179958657e+00
54 52 -1.000272750410712e+00 -1.884979269036614e-03 -9.207217683384557e-04 -1.007737162633471e+00
54 53 -1.000272642320345e+00 -1.885002488189162e-03 -9.206478856310009e-04 -1.007737698153521e+00
54 54 -1.000272590928878e+00 -1.885159595697283e-03 -9.204431716180107e-04 -1.007737781783012e+00
54 55 -1.000272595881759e+00 -1.885448754170644e-03 -9.201099064910041e-04 -1.007737414386594e+00
54 56 -1.000272656170660e+00 -1.885866394901771e-03 -9.196532218612386e-04 -1.007736602297270e+00
54 57 -1.000272770183726e+00 -1.886407295639747e-03 -9.190809735977109e-04 -1.007735357094907e+00
54 58 -1.000272935763510e+00 -1.887064690772903e-03 -9.184035138012490e-04 -1.007733695304551e+00
54 59 -1.000273150271806e+00 -1.887830412824067e-03 -9.176333607778817e-04 -1.007731638019200e+00
54 60 -1.000273410660256e+00 -1.888695062611423e-03 -9.167847788277262e-04 -1.007729210452218e+00
54 61 -1.000273713544545e+00 -1.889648202753893e-03 -9.158732940175441e-04 -1.007726441429059e+00
54 62 -1.000274055278768e+00 -1.890678565136661e-03 -9.149151834092491e-04 -1.007723362837915e+00
54 63 -1.000274432025496e+00 -1.891774259245685e-03 -9.139269782898891e-04 -1.007720009071035e+00
55 0 -1.000274571665316e+00 -1.892074705793060e-03 -9.170150373862427e-04 -1.007717854924860e+00
55 1 -1.000274999677498e+00 -1.893251342591337e-03 -9.160143033813278e-04 -1.007714108019747e+00
55 2 -1.000275450217260e+00 -1.894454508802567e-03 -9.150311631954934e-04 -1.007710202435787e+00
55 3 -1.000275919246465e+00 -1.895671697036934e-03 -9.140793372619019e-04 -1.007706177324212e+00
55 4 -1.000276402737911e+00 -1.896890588894573e-03 -9.131711262554743e-04 -1.007702072111520e+00
55 5 -1.000276896688247e+00 -1.898099169921530e-03 -9.123172221647376e-04 -1.007697926172777e+00
55 6 -1.000277397127119e+00 -1.899285837000358e-03 -9.115265629916502e-04 -1.007693778512305e+00
55 7 -1.000277900124091e+00 -1.900439498785678e-03 -9.108062412037319e-04 -1.007689667444596e+00
55 8 -1.000278401793255e+00 -1.901549665893446e-03 -9.101614774726902e-04 -1.007685630283899e+00
55 9 -1.000278898295128e+00 -1.902606527509944e-03 -9.095956638995739e-04 -1.007681703055456e+00
55 10 -1.000279385836981e+00 -1.903601015247568e-03 -9.091104685944843e-04 -1.007677920230907e+00
55 11 -1.000279860673741e+00 -1.904524857790112e-03 -9.087059840793480e-04 -1.007674314482588e+00
55 12 -1.000280319110784e+00 -1.905370627666786e-03 -9.083809000608193e-04 -1.007670916458637e+00
55 13 -1.000280757508732e+00 -1.906131777834528e-03 -9.081326853798581e-04 -1.007667754590868e+00
55 14 -1.000281172290462e+00 -1.906802664906892e-03 -9.079577715780282e-04 -1.007664854945656e+00
55 15 -1.000281559951046e+00 -1.907378556699179e-03 -9.078517397914991e-04 -1.007662241120022e+00
55 16 -1.000281917070856e+00 -1.907855621551244e-03 -9.078095204053017e-04 -1.007659934183660e+00
55 17 -1.000282240331538e+00 -1.908230897497741e-03 -9.078256159037740e-04 -1.007657952667570e+00
55 18 -1.000282526535831e+00 -1.908502244136350e-03 -9.078943495932459e-04 -1.007656312587826e+00
55 19 -1.000282772634465e+00 -1.908668286841999e-03 -9.080101307572148e-04 -1.007655027473784e+00
55 20 -1.000282975763811e+00 -1.908728365757997e-03 -9.081677169445949e-04 -1.007654108364627e+00
55 21 -1.000283133295558e+00 -1.908682498874733e-03 -9.083624496736520e-04 -1.007653563753421e+00
55 22 -1.000283242896674e+00 -1.908531363161648e-03 -9.085904411794533e-04 -1.007653399478659e+00
55 23 -1.000283302595862e+00 -1.908276293026193e-03 -9.088486974305604e-04 -1.007653618577296e+00
55 24 -1.000283310851199e+00 -1.907919290843262e-03 -9.091351754581626e-04 -1.007654221123269e+00
55 25 -1.000283266612440e+00 -1.907463040578087e-03 -9.094487853137135e-04 -1.007655204083372e+00
55 26 -1.000283169372171e+00 -1.906910915991494e-03 -9.097893514673516e-04 -1.007656561218358e+00
55 27 -1.000283019203271e+00 -1.906266980289098e-03 -9.101575436448746e-04 -1.007658283037790e+00
55 28 -1.000282816783560e+00 -1.905535979746134e-03 -9.105547780316250e-04 -1.007660356797661e+00
55 29 -1.000282563409648e+00 -1.904723335573399e-03 -9.109830818963098e-04 -1.007662766525937e+00
55 30 -1.000282261001099e+00 -1.903835137189069e-03 -9.114449103480241e-04 -1.007665493068519e+00
55 31 -1.000281912095198e+00 -1.902878138879630e-03 -9.119429051145855e-04 -1.007668514153867e+00
55 32 -1.000281519832228e+00 -1.901859759905186e-03 -9.124795945762871e-04 -1.007671804477920e+00
55 33 -1.000281087930307e+00 -1.900788083996339e-03 -9.130570504018871e-04 -1.007675335818623e+00
55 34 -1.000280620648042e+00 -1.899671850589820e-03 -9.136765311253199e-04 -1.007679077195706e+00
55 35 -1.000280122734419e+00 -1.898520431110051e-03 -9.143381486317302e-04 -1.007682995084752e+00
55 36 -1.000279599367937e+00 -1.897343788176817e-03 -9.150405884961250e-04 -1.007687053678376e+00
55 37 -1.000279056088718e+00 -1.896152419017912e-03 -9.157809040429719e-04 -1.007691215178713e+00
55 38 -1.000278498726727e+00 -1.894957284927910e-03 -9.165543914079396e-04 -1.007695440109868e+00
55 39 -1.000277933327965e+00 -1.893769728871855e-03 -9.173545417450539e-04 -1.007699687645501e+00
55 40 -1.000277366079886e+00 -1.892601384128493e-03 -9.181730607772436e-04 -1.007703915948283e+00
55 41 -1.000276803236571e+00 -1.891464075592464e-03 -9.189999482309537e-04 -1.007708082522322e+00
55 42 -1.000276251042778e+00 -1.890369711403605e-03 -9.198236381039039e-04 -1.007712144590323e+00
55 43 -1.000275715655093e+00 -1.889330159728654e-03 -9.206312081012310e-04 -1.007716059513497e+00
55 44 -1.000275203059383e+00 -1.888357106451726e-03 -9.214086675330530e-04 -1.007719785265705e+00
55 45 -1.000274718985404e+00 -1.887461891960604e-03 -9.221413274868016e-04 -1.007723280963383e+00
55 46 -1.000274268820043e+00 -1.886655326572067e-03 -9.228142474247338e-04 -1.007726507450169e+00
55 47 -1.000273857520655e+00 -1.885947486292302e-03 -9.234127399439433e-04 -1.007729427932900e+00
55 48 -1.000273489531122e+00 -1.885347496103510e-03 -9.239229028284450e-04 -1.007732008651674e+00
55 49 -1.000273168705340e+00 -1.884863314341660e-03 -9.243321400261624e-04 -1.007734219546307e+00
55 50 -1.000272898243703e+00 -1.884501534091335e-03 -9.246296350014351e-04 -1.007736034872077e+00
55 51 -1.000272680646833e+00 -1.884267215194102e-03 -9.248067497270321e-04 -1.007737433723199e+00
55 52 -1.000272517688880e+00 -1.884163756695412e-03 -9.248573351721050e-04 -1.007738400432603e+00
55 53 -1.000272410411227e+00 -1.884192815735942e-03 -9.247779501420863e-04 -1.007738924826588e+00
55 54 -1.000272359135719e+00 -1.884354273822998e-03 -9.245679923203567e-04 -1.007739002329033e+00
55 55 -1.000272363494530e+00 -1.884646246090818e-03 -9.242297464057365e-04 -1.007738633930529e+00
55 56 -1.000272422472516e+00 -1.885065127282019e-03 -9.237683491603349e-04 -1.007737826048780e+00
55 57 -1.000272534458703e+00 -1.885605670632905e-03 -9.231916642678184e-04 -1.007736590300900e+00
55 58 -1.000272697305116e+00 -1.886261098742431e-03 -9.225100579511150e-04 -1.007734943196920e+00
55 59 -1.000272908391900e+00 -1.887023245496490e-03 -9.217360728540479e-04 -1.007732905759638e+00
55 60 -1.000273164697367e+00 -1.887882726030052e-03 -9.208840107075756e-04 -1.007730503077919e+00
55 61 -1.000273462870952e+00 -1.888829129260591e-03 -9.199694490544519e-04 -1.007727763803410e+00
55 62 -1.000273799306286e+00 -1.889851224333605e-03 -9.190087289835452e-04 -1.007724719607281e+00
55 63 -1.000274170210478e+00 -1.890937168786623e-03 -9.180184545735880e-04 -1.007721404625223e+00
56 0 -1.000274365925614e+00 -1.891238269778583e-03 -9.211718230505127e-04 -1.007719183014827e+00
56 1 -1.000274787518124e+00 -1.892403424159294e-03 -9.201696861266719e-04 -1.007715480055630e+00
56 2 -1.000275231164115e+00 -1.893593627360920e-03 -9.191861397686317e-04 -1.007711622534555e+00
56 3 -1.000275692889897e+00 -1.894796467537268e-03 -9.182349743604575e-04 -1.007707649186107e+00
56 4 -1.000276168739308e+00 -1.895999739583414e-03 -9.173285523806177e-04 -1.007703598967002e+00
56 5 -1.000276654785847e+00 -1.897191560253665e-03 -9.164776181456551e-04 -1.007699510731767e+00
56 6 -1.000277147140585e+00 -1.898360475279290e-03 -9.156911498133172e-04 -1.007695422917929e+00
56 7 -1.000277641957637e+00 -1.899495559098017e-03 -9.149762635615513e-04 -1.007691373233316e+00
56 8 -1.000278135437365e+00 -1.900586503977809e-03 -9.143381821385562e-04 -1.007687398352990e+00
56 9 -1.000278623827162e+00 -1.901623695230171e-03 -9.137802732835581e-04 -1.007683533637837e+00
56 10 -1.000279103420997e+00 -1.902598273150208e-03 -9.133041512680406e-04 -1.007679812877352e+00
56 11 -1.000279570559677e+00 -1.903502184903524e-03 -9.129098249544125e-04 -1.007676268052561e+00
56 12 -1.000280021632854e+00 -1.904328227642352e-03 -9.125958730616137e-04 -1.007672929121580e+00
56 13 -1.000280453082753e+00 -1.905070081002818e-03 -9.123596306186081e-04 -1.007669823838683e+00
56 14 -1.000280861409979e+00 -1.905722326522275e-03 -9.121973774289116e-04 -1.007666977615250e+00
56 15 -1.000281243182269e+00 -1.906280451974944e-03 -9.121045286824724e-04 -1.007664413424423e+00
56 16 -1.000281595046465e+00 -1.906740837852792e-03 -9.120758366498541e-04 -1.007662151751285e+00
56 17 -1.000281913743432e+00 -1.907100723653765e-03 -9.121056146876996e-04 -1.007660210590162e+00
56 18 -1.000282196126974e+00 -1.907358156610423e-03 -9.121879875219048e-04 -1.007658605477469e+00
56 19 -1.000282439190016e+00 -1.907511932387755e-03 -9.123171593632300e-04 -1.007657349529429e+00
56 20 -1.000282640101525e+00 -1.907561540026524e-03 -9.124876811334005e-04 -1.007656453449182e+00
56 21 -1.000282796255300e+00 -1.907507120563098e-03 -9.126946932093914e-04 -1.007655925482126e+00
56 22 -1.000282905329007e+00 -1.907349444052763e-03 -9.129341205095659e-04 -1.007655771316921e+00
56 23 -1.000282965350042e+00 -1.907089905375998e-03 -9.132028032502803e-04 -1.007655993942943e+00
56 24 -1.000282974763140e+00 -1.906730534241881e-03 -9.134985593906842e-04 -1.007656593486858e+00
56 25 -1.000282932493262e+00 -1.906274010291402e-03 -9.138201882469483e-04 -1.007657567061189e+00
56 26 -1.000282837997865e+00 -1.905723674208387e-03 -9.141674307104641e-04 -1.007658908654510e+00
56 27 -1.000282691305877e+00 -1.905083530994168e-03 -9.145408974220487e-04 -1.007660609073659e+00
56 28 -1.000282493044001e+00 -1.904358247092727e-03 -9.149419673709086e-04 -1.007662655929509e+00
56 29 -1.000282244451976e+00 -1.903553144825732e-03 -9.153726514854001e-04 -1.007665033653709e+00
56 30 -1.000281947387803e+00 -1.902674197182923e-03 -9.158354106804965e-04 -1.007667723538711e+00
56 31 -1.000281604323450e+00 -1.901728025813885e-03 -9.163329172658110e-04 -1.007670703796314e+00
56 32 -1.000281218331249e+00 -1.900721903361488e-03 -9.168677565791517e-04 -1.007673949633468e+00
56 33 -1.000280793060016e+00 -1.899663756354300e-03 -9.174420822958561e-04 -1.007677433354810e+00
56 34 -1.000280332698974e+00 -1.898562160438774e-03 -9.180572556300721e-04 -1.007681124509888e+00
56 35 -1.000279841928779e+00 -1.897426320694726e-03 -9.187135054269897e-04 -1.007684990095721e+00
56 36 -1.000279325861728e+00 -1.896266034699931e-03 -9.194096411369770e-04 -1.007688994808010e+00
56 37 -1.000278789974800e+00 -1.895091639226382e-03 -9.201428397192076e-04 -1.007693101326218e+00
56 38 -1.000278240038401e+00 -1.893913941577185e-03 -9.209085155803991e-04 -1.007697270623243e+00
56 39 -1.000277682042482e+00 -1.892744137135348e-03 -9.217002712231597e-04 -1.007701462295684e+00
56 40 -1.000277122121353e+00 -1.891593716532238e-03 -9.225099183469134e-04 -1.007705634909590e+00
56 41 -1.000276566477977e+00 -1.890474365186291e-03 -9.233275595791633e-04 -1.007709746359768e+00
56 42 -1.000276021307081e+00 -1.889397853594226e-03 -9.241417296321457e-04 -1.007713754252840e+00
56 43 -1.000275492715406e+00 -1.888375913240982e-03 -9.249396037749099e-04 -1.007717616331961e+00
56 44 -1.000274986638486e+00 -1.887420093880279e-03 -9.257072834971347e-04 -1.007721290954495e+00
56 45 -1.000274508755019e+00 -1.886541600660741e-03 -9.264301636276343e-04 -1.007724737623170e+00
56 46 -1.000274064400443e+00 -1.885751110776183e-03 -9.270933756116071e-04 -1.007727917568877e+00
56 47 -1.000273658481117e+00 -1.885058570936960e-03 -9.276822900248796e-04 -1.007730794382248e+00
56 48 -1.000273295391500e+00 -1.884472982256519e-03 -9.281830488849143e-04 -1.007733334677933e+00
56 49 -1.000272978938729e+00 -1.884002185824119e-03 -9.285830894671386e-04 -1.007735508755256e+00
56 50 -1.000272712279838e+00 -1.883652664856886e-03 -9.288716217086923e-04 -1.007737291209228e+00
56 51 -1.000272497875760e+00 -1.883429376971622e-03 -9.290400310058695e-04 -1.007738661451135e+00
56 52 -1.000272337464586e+00 -1.883335626434070e-03 -9.290821915658968e-04 -1.007739604107083e+00
56 53 -1.000272232055277e+00 -1.883372982817955e-03 -9.289946868354841e-04 -1.007740109271624e+00
56 54 -1.000272181941300e+00 -1.883541247651630e-03 -9.287769406042768e-04 -1.007740172609307e+00
56 55 -1.000272186731403e+00 -1.883838464929161e-03 -9.284312641306733e-04 -1.007739795318366e+00
56 56 -1.000272245393350e+00 -1.884260968874287e-03 -9.279628205601014e-04 -1.007738983983338e+00
56 57 -1.000272356306925e+00 -1.884803464563677e-03 -9.273795009542500e-04 -1.007737750338829e+00
56 58 -1.000272517323983e+00 -1.885459140099815e-03 -9.266917029880510e-04 -1.007736110955904e+00
56 59 -1.000272725834051e+00 -1.886219809216233e-03 -9.259120086503544e-04 -1.007734086858075e+00
56 60 -1.000272978833979e+00 -1.887076081203356e-03 -9.250547700445607e-04 -1.007731703074703e+00
56 61 -1.000273272999904e+00 -1.888017552824842e-03 -9.241356275091305e-04 -1.007728988141077e+00
56 62 -1.000273604759160e+00 -1.889033014076365e-03 -9.231709963352210e-04 -1.007725973559870e+00
56 63 -1.000273970358640e+00 -1.890110656227662e-03 -9.221775626946974e-04 -1.007722693249913e+00
57 0 -1.000274225186530e+00 -1.890421742314868e-03 -9.253584900008026e-04 -1.007720385052758e+00
57 1 -1.000274640796477e+00 -1.891576605856748e-03 -9.243542503400325e-04 -1.007716722792722e+00
57 2 -1.000275077896498e+00 -1.892754835399224e-03 -9.233698295045803e-04 -1.007712910784556e+00
57 3 -1.000275532574870e+00 -1.893944106965527e-03 -9.224190906890361e-04 -1.007708987361790e+00
57 4 -1.000276000944725e+00 -1.895132323110334e-03 -9.215144584046544e-04 -1.007704991020584e+00
57 5 -1.000276479155678e+00 -1.896307728462868e-03 -9.206667270285285e-04 -1.007700960096439e+00
57 6 -1.000276963400495e+00 -1.897459016403201e-03 -9.198849109538258e-04 -1.007696932454288e+00
57 7 -1.000277449918831e+00 -1.898575427524941e-03 -9.191761455313913e-04 -1.007692945184289e+00
57 8 -1.000277934998774e+00 -1.899646837334305e-03 -9.185456509100239e-04 -1.007689034307648e+00
57 9 -1.000278414976512e+00 -1.900663830219443e-03 -9.179967653769531e-04 -1.007685234502193e+00
57 10 -1.000278886235164e+00 -1.901617759707180e-03 -9.175310433293944e-04 -1.007681578851933e+00
57 11 -1.000279345204279e+00 -1.902500797459143e-03 -9.171484026533315e-04 -1.007678098619404e+00
57 12 -1.000279788360943e+00 -1.903305972495223e-03 -9.168473022063494e-04 -1.007674823042821e+00
57 13 -1.000280212232624e+00 -1.904027199734914e-03 -9.166249323197580e-04 -1.007671779165875e+00
57 14 -1.000280613402060e+00 -1.904659295905911e-03 -9.164774078248304e-04 -1.007668991707518e+00
57 15 -1.000280988514887e+00 -1.905197980591027e-03 -9.163999626480098e-04 -1.007666482975302e+00
57 16 -1.000281334290295e+00 -1.905639859450786e-03 -9.163871542427004e-04 -1.007664272825014e+00
57 17 -1.000281647534821e+00 -1.905982387499321e-03 -9.164330891353800e-04 -1.007662378666856e+00
57 18 -1.000281925160505e+00 -1.906223815060600e-03 -9.165316744678773e-04 -1.007660815505981e+00
57 19 -1.000282164210406e+00 -1.906363125317073e-03 -9.166768884562203e-04 -1.007659595988722e+00
57 20 -1.000282361894658e+00 -1.906399975195357e-03 -9.168630520986440e-04 -1.007658730420756e+00
57 21 -1.000282515638264e+00 -1.906334649378611e-03 -9.170850787504631e-04 -1.007658226734399e+00
57 22 -1.000282623139309e+00 -1.906168033188254e-03 -9.173386776075652e-04 -1.007658090398921e+00
57 23 -1.000282682434264e+00 -1.905901605575795e-03 -9.176204927812832e-04 -1.007658324282639e+00
57 24 -1.000282691965370e+00 -1.905537448054667e-03 -9.179281720086579e-04 -1.007658928489226e+00
57 25 -1.000282650643793e+00 -1.905078260636417e-03 -9.182603731510555e-04 -1.007659900200909e+00
57 26 -1.000282557902834e+00 -1.904527375505296e-03 -9.186167240131626e-04 -1.007661233558470e+00
57 27 -1.000282413738348e+00 -1.903888763795777e-03 -9.189977482259903e-04 -1.007662919590919e+00
57 28 -1.000282218736499e+00 -1.903167036003680e-03 -9.194047614782342e-04 -1.007664946190163e+00
57 29 -1.000281974090227e+00 -1.902367438744694e-03 -9.198397340827822e-04 -1.007667298120009e+00
57 30 -1.000281681605451e+00 -1.901495851008523e-03 -9.203051099209997e-04 -1.007669957050618e+00
57 31 -1.000281343697726e+00 -1.900558783406349e-03 -9.208035701422553e-04 -1.007672901611244e+00
57 32 -1.000280963379578e+00 -1.899563382212912e-03 -9.213377369126842e-04 -1.007676107458659e+00
57 33 -1.000280544237610e+00 -1.898517434795514e-03 -9.219098288054917e-04 -1.007679547370393e+00
57 34 -1.000280090397463e+00 -1.897429368208347e-03 -9.225212970056253e-04 -1.007683191381040e+00
57 35 -1.000279606475923e+00 -1.896308233332667e-03 -9.231724795864245e-04 -1.007687006973568e+00
57 36 -1.000279097522115e+00 -1.895163671685130e-03 -9.238623070493588e-04 -1.007690959320888e+00
57 37 -1.000278568951338e+00 -1.894005865248546e-03 -9.245880818357177e-04 -1.007695011564324e+00
57 38 -1.000278026474371e+00 -1.892845469820927e-03 -9.253453427524444e-04 -1.007699125120270e+00
57 39 -1.000277476023753e+00 -1.891693533001759e-03 -9.261278133369530e-04 -1.007703260011530e+00
57 40 -1.000276923678213e+00 -1.890561400244693e-03 -9.269274237329506e-04 -1.007707375218252e+00
57 41 -1.000276375586128e+00 -1.889460612546822e-03 -9.277343944060326e-04 -1.007711429044650e+00
57 42 -1.000275837887721e+00 -1.888402795267130e-03 -9.285373783540821e-04 -1.007715379508463e+00
57 43 -1.000275316634626e+00 -1.887399533394869e-03 -9.293236688029422e-04 -1.007719184769517e+00
57 44 -1.000274817706142e+00 -1.886462228719223e-03 -9.300794825848285e-04 -1.007722803609761e+00
57 45 -1.000274346723277e+00 -1.885601937220612e-03 -9.307903239646045e-04 -1.007726195966053e+00
57 46 -1.000273908962498e+00 -1.884829186796825e-03 -9.314414240837524e-04 -1.007729323511924e+00
57 47 -1.000273509270857e+00 -1.884153776832534e-03 -9.320182402414505e-04 -1.007732150283672e+00
57 48 -1.000273151984597e+00 -1.883584565433817e-03 -9.325069872626539e-04 -1.007734643336574e+00
57 49 -1.000272840854951e+00 -1.883129256516819e-03 -9.328951634133935e-04 -1.007736773398869e+00
57 50 -1.000272578986054e+00 -1.882794202481590e-03 -9.331720318150667e-04 -1.007738515478821e+00
57 51 -1.000272368789295e+00 -1.882584236720557e-03 -9.333290271948619e-04 -1.007739849382137e+00
57 52 -1.000272211956860e+00 -1.882502546248553e-03 -9.333600720096128e-04 -1.007740760106886e+00
57 53 -1.000272109455624e+00 -1.882550590658173e-03 -9.332617984279032e-04 -1.007741238094189e+00
57 54 -1.000272061541018e+00 -1.882728068967826e-03 -9.330336798839255e-04 -1.007741279327634e+00
57 55 -1.000272067788489e+00 -1.883032930929834e-03 -9.326780775728306e-04 -1.007740885292824e+00
57 56 -1.000272127138664e+00 -1.883461426706502e-03 -9.322002038307695e-04 -1.007740062821473e+00
57 57 -1.000272237952173e+00 -1.884008189972288e-03 -9.316079981817986e-04 -1.007738823844198e+00
57 58 -1.000272398071150e+00 -1.884666352010427e-03 -9.309119081759914e-04 -1.007737185067943e+00
57 59 -1.000272604885450e+00 -1.885427685140806e-03 -9.301245708850521e-04 -1.007735167587449e+00
57 60 -1.000272855402118e+00 -1.886282772647995e-03 -9.292604024212646e-04 -1.007732796437981e+00
57 61 -1.000273146316583e+00 -1.887221200366251e-03 -9.283351179342960e-04 -1.007730100097367e+00
57 62 -1.000273474083490e+00 -1.888231762126781e-03 -9.273652174610674e-04 -1.007727109951063e+00
57 63 -1.000273834984078e+00 -1.889302667869385e-03 -9.263674784061581e-04 -1.007723859744440e+00
58 0 -1.000274151328408e+00 -1.889633059044347e-03 -9.295379949237323e-04 -1.007721446336268e+00
58 1 -1.000274561470675e+00 -1.890778967496433e-03 -9.285308867232519e-04 -1.007717820991135e+00
58 2 -1.000274992456170e+00 -1.891946373942604e-03 -9.275450535780318e-04 -1.007714051357524e+00
58 3 -1.000275440431658e+00 -1.893123033237544e-03 -9.265944338380628e-04 -1.007710175389772e+00
58 4 -1.000275901576813e+00 -1.894296948465646e-03 -9.256915137103396e-04 -1.007706231139036e+00
58 5 -1.000276372115466e+00 -1.895456486923638e-03 -9.248471350012979e-04 -1.007702256430901e+00
58 6 -1.000276848321062e+00 -1.896590486234487e-03 -9.240703440207963e-04 -1.007698288560733e+00
58 7 -1.000277326518559e+00 -1.897688351386517e-03 -9.233682898939869e-04 -1.007694363998543e+00
58 8 -1.000277803084251e+00 -1.898740140890090e-03 -9.227461842205264e-04 -1.007690518104117e+00
58 9 -1.000278274444232e+00 -1.899736639384222e-03 -9.222073296626154e-04 -1.007686784860091e+00
58 10 -1.000278737072347e+00 -1.900669416060654e-03 -9.217532143282057e-04 -1.007683196629150e+00
58 11 -1.000279187488824e+00 -1.901530870698101e-03 -9.213836580983756e-04 -1.007679783936363e+00
58 12 -1.000279622260552e+00 -1.902314269105123e-03 -9.210969917693727e-04 -1.007676575277609e+00
58 13 -1.000280038003221e+00 -1.903013767885513e-03 -9.208902511135841e-04 -1.007673596959437e+00
58 14 -1.000280431385446e+00 -1.903624426860846e-03 -9.207593742993804e-04 -1.007670872977672e+00
58 15 -1.000280799135249e+00 -1.904142206685672e-03 -9.206994007222543e-04 -1.007668424939939e+00
58 16 -1.000281138049406e+00 -1.904563948731910e-03 -9.207046786314880e-04 -1.007666272034773e+00
58 17 -1.000281445006155e+00 -1.904887335459440e-03 -9.207690924645245e-04 -1.007664431045998e+00
58 18 -1.000281716982592e+00 -1.905110833761763e-03 -9.208863154589319e-04 -1.007662916400437e+00
58 19 -1.000281951079431e+00 -1.905233629466968e-03 -9.210500819653871e-04 -1.007661740222663e+00
58 20 -1.000282144556141e+00 -1.905255564296790e-03 -9.212544631054874e-04 -1.007660912364075e+00
58 21 -1.000282294877823e+00 -1.905177085472497e-03 -9.214941227479393e-04 -1.007660440381502e+00
58 22 -1.000282399772627e+00 -1.904999214492822e-03 -9.217645292134119e-04 -1.007660329456765e+00
58 23 -1.000282457296394e+00 -1.904723536971197e-03 -9.220621029905992e-04 -1.007660582264627e+00
58 24 -1.000282465899611e+00 -1.904352209952783e-03 -9.223842925992500e-04 -1.007661198810490e+00
58 25 -1.000282424490714e+00 -1.903887978276993e-03 -9.227295850936493e-04 -1.007662176269124e+00
58 26 -1.000282332490146e+00 -1.903334190544612e-03 -9.230974664132343e-04 -1.007663508854992e+00
58 27 -1.000282189871952e+00 -1.902694808998450e-03 -9.234883455928778e-04 -1.007665187740628e+00
58 28 -1.000281997192668e+00 -1.901974412732128e-03 -9.239034489639722e-04 -1.007667201021921e+00
58 29 -1.000281755608822e+00 -1.901178196587762e-03 -9.243446816284949e-04 -1.007669533720028e+00
58 30 -1.000281466884179e+00 -1.900311969063747e-03 -9.248144468167791e-04 -1.007672167809701e+00
58 31 -1.000281133387354e+00 -1.899382152823500e-03 -9.253154115419547e-04 -1.007675082266458e+00
58 32 -1.000280758079853e+00 -1.898395789781462e-03 -9.258502130129303e-04 -1.007678253129971e+00
58 33 -1.000280344493781e+00 -1.897360548042543e-03 -9.264211154844696e-04 -1.007681653591083e+00
58 34 -1.000279896697640e+00 -1.896284723187071e-03 -9.270296447627083e-04 -1.007685254118927e+00
58 35 -1.000279419249481e+00 -1.895177226096647e-03 -9.276762372404019e-04 -1.007689022641163e+00
58 36 -1.000278917139056e+00 -1.894047553446750e-03 -9.283599381477138e-04 -1.007692924776062e+00
58 37 -1.000278395722319e+00 -1.892905740426803e-03 -9.290781738337424e-04 -1.007696924105084e+00
58 38 -1.000277860651215e+00 -1.891762295993589e-03 -9.298266105751436e-04 -1.007700982476835e+00
58 39 -1.000277317800236e+00 -1.890628121642552e-03 -9.305990998266647e-04 -1.007705060338602e+00
58 40 -1.000276773190696e+00 -1.889514416885858e-03 -9.313876997399794e-04 -1.007709117091125e+00
58 41 -1.000276232913563e+00 -1.888432575332076e-03 -9.321827604275791e-04 -1.007713111461975e+00
58 42 -1.000275703050890e+00 -1.887394071912605e-03 -9.329730677006029e-04 -1.007717001901415e+00
58 43 -1.000275189594728e+00 -1.886410337385066e-03 -9.337460505234205e-04 -1.007720747014946e+00
58 44 -1.000274698362867e+00 -1.885492615470518e-03 -9.344880620242342e-04 -1.007724306045665e+00
58 45 -1.000274234912540e+00 -1.884651800663514e-03 -9.351847396018529e-04 -1.007727639408367e+00
58 46 -1.000273804454390e+00 -1.883898257153754e-03 -9.358214402095351e-04 -1.007730709269773e+00
58 47 -1.000273411768625e+00 -1.883241620687851e-03 -9.363837359274037e-04 -1.007733480168392e+00
58 48 -1.000273061125118e+00 -1.882690588506839e-03 -9.368579433473583e-04 -1.007735919661914e+00
58 49 -1.000272756210520e+00 -1.882252708341311e-03 -9.372316503405228e-04 -1.007737998973793e+00
58 50 -1.000272500067016e+00 -1.881934181876572e-03 -9.374942008386959e-04 -1.007739693595447e+00
58 51 -1.000272295047249e+00 -1.881739697662819e-03 -9.376371056599615e-04 -1.007740983799427e+00
58 52 -1.000272142788268e+00 -1.881672304275996e-03 -9.376543616948700e-04 -1.007741855029836e+00
58 53 -1.000272044205619e+00 -1.881733329697389e-03 -9.375426754897023e-04 -1.007742298149676e+00
58 54 -1.000271999507365e+00 -1.881922348428733e-03 -9.373015952284694e-04 -1.007742309537837e+00
58 55 -1.000272008226229e+00 -1.882237193665476e-03 -9.369335566109203e-04 -1.007741891043935e+00
58 56 -1.000272069266218e+00 -1.882674009060527e-03 -9.364438448993710e-04 -1.007741049823123e+00
58 57 -1.000272180959299e+00 -1.883227334582385e-03 -9.358404701952324e-04 -1.007739798077235e+00
58 58 -1.000272341128464e+00 -1.883890222826765e-03 -9.351339496065301e-04 -1.007738152722475e+00
58 59 -1.000272547154794e+00 -1.884654383546823e-03 -9.343369922812707e-04 -1.007736134995060e+00
58 60 -1.000272796047038e+00 -1.885510353889845e-03 -9.334640929001964e-04 -1.007733770001674e+00
58 61 -1.000273084512213e+00 -1.886447689964094e-03 -9.325310538823628e-04 -1.007731086222230e+00
58 62 -1.000273409025415e+00 -1.887455172195988e-03 -9.315544706403648e-04 -1.007728114977977e+00
58 63 -1.000273765896198e+00 -1.888521013581430e-03 -9.305512209772800e-04 -1.007724889887139e+00
59 0 -1.000274145488179e+00 -1.888879939649804e-03 -9.336733547676147e-04 -1.007722353403022e+00
59 1 -1.000274550751507e+00 -1.890018362316151e-03 -9.326625409257953e-04 -1.007718760681500e+00
59 2 -1.000274976134669e+00 -1.891176249278806e-03 -9.316746793438862e-04 -1.007715029717836e+00
59 3 -1.000275417838491e+00 -1.892341423868533e-03 -9.307237857029552e-04 -1.007711198114734e+00
59 4 -1.000275872105436e+00 -1.893501981026678e-03 -9.298224075542730e-04 -1.007707303500192e+00
59 5 -1.000276335230491e+00 -1.894646403605684e-03 -9.289814315702039e-04 -1.007703383206599e+00
59 6 -1.000276803565450e+00 -1.895763667901131e-03 -9.282099314807907e-04 -1.007699473971496e+00
59 7 -1.000277273519129e+00 -1.896843339403923e-03 -9.275150641244693e-04 -1.007695611650807e+00
59 8 -1.000277741555507e+00 -1.897875657437195e-03 -9.269020256431249e-04 -1.007691830942951e+00
59 9 -1.000278204190790e+00 -1.898851606102941e-03 -9.263740761647417e-04 -1.007688165130577e+00
59 10 -1.000278657990209e+00 -1.899762970501256e-03 -9.259326309246859e-04 -1.007684645847023e+00
59 11 -1.000279099565708e+00 -1.900602379766543e-03 -9.255774050539343e-04 -1.007681302869031e+00
59 12 -1.000279525575532e+00 -1.901363339017983e-03 -9.253065935833415e-04 -1.007678163935527e+00
59 13 -1.000279932725828e+00 -1.902040250548015e-03 -9.251170686752441e-04 -1.007675254596932e+00
59 14 -1.000280317774036e+00 -1.902628422670916e-03 -9.250045815753290e-04 -1.007672598102890e+00
59 15 -1.000280677534296e+00 -1.903124063799102e-03 -9.249639659166775e-04 -1.007670215334201e+00
59 16 -1.000281008885570e+00 -1.903524259114754e-03 -9.249893486048266e-04 -1.007668124780799e+00
59 17 -1.000281308783311e+00 -1.903826928229851e-03 -9.250743789681516e-04 -1.007666342563665e+00
59 18 -1.000281574275979e+00 -1.904030765932481e-03 -9.252124825206408e-04 -1.007664882489790e+00
59 19 -1.000281802528953e+00 -1.904135173597654e-03 -9.253971349931537e-04 -1.007663756115625e+00
59 20 -1.000281990858779e+00 -1.904140192438975e-03 -9.256221413334603e-04 -1.007662972786375e+00
59 21 -1.000282136779212e+00 -1.904046449127792e-03 -9.258818972390649e-04 -1.007662539624868e+00
59 22 -1.000282238057850e+00 -1.903855120643183e-03 -9.261716085717528e-04 -1.007662461460232e+00
59 23 -1.000282292779995e+00 -1.903567920643555e-03 -9.264874478836513e-04 -1.007662740702858e+00
59 24 -1.000282299415054e+00 -1.903187104617915e-03 -9.268266381746335e-04 -1.007663377184955e+00
59 25 -1.000282256879858e+00 -1.902715486221566e-03 -9.271874683993669e-04 -1.007664367995954e+00
59 26 -1.000282164593374e+00 -1.902156455186510e-03 -9.275692553370631e-04 -1.007665707344233e+00
59 27 -1.000282022519230e+00 -1.901513989897079e-03 -9.279722668802407e-04 -1.007667386465557e+00
59 28 -1.000281831195495e+00 -1.900792662986285e-03 -9.283976145121833e-04 -1.007669393580156e+00
59 29 -1.000281591753069e+00 -1.899997642185832e-03 -9.288471135190196e-04 -1.007671713888109e+00
59 30 -1.000281305923920e+00 -1.899134689913871e-03 -9.293231024050621e-04 -1.007674329591800e+00
59 31 -1.000280976039548e+00 -1.898210164936824e-03 -9.298282104220011e-04 -1.007677219938299e+00
59 32 -1.000280605019581e+00 -1.897231027966483e-03 -9.303650671214185e-04 -1.007680361279383e+00
59 33 -1.000280196349862e+00 -1.896204849283799e-03 -9.309359615976979e-04 -1.007683727154645e+00
59 34 -1.000279754048848e+00 -1.895139811998629e-03 -9.315424763627723e-04 -1.007687288411478e+00
59 35 -1.000279282621662e+00 -1.894044703179505e-03 -9.321851320830158e-04 -1.007691013375418e+00
59 36 -1.000278787003137e+00 -1.892928887851620e-03 -9.328630792346058e-04 -1.007694868073054e+00
59 37 -1.000278272492945e+00 -1.891802264436743e-03 -9.335738634515228e-04 -1.007698816498833e+00
59 38 -1.000277744685797e+00 -1.890675201826188e-03 -9.343132784085870e-04 -1.007702820916501e+00
59 39 -1.000277209398291e+00 -1.889558459167816e-03 -9.350753070692660e-04 -1.007706842190570e+00
59 40 -1.000276672593231e+00 -1.888463091278269e-03 -9.358521418846609e-04 -1.007710840143702e+00
59 41 -1.000276140302130e+00 -1.887400343489534e-03 -9.366342712316824e-04 -1.007714773935387e+00
59 42 -1.000275618545989e+00 -1.886381537212223e-03 -9.374106250318026e-04 -1.007718602464016e+00
59 43 -1.000275113253525e+00 -1.885417943376565e-03 -9.381687824945070e-04 -1.007722284804248e+00
59 44 -1.000274630176394e+00 -1.884520639505243e-03 -9.388952508941133e-04 -1.007725780691846e+00
59 45 -1.000274174802713e+00 -1.883700348266887e-03 -9.395758217333992e-04 -1.007729051057981e+00
59 46 -1.000273752271338e+00 -1.882967257863859e-03 -9.401960016430997e-04 -1.007732058606823e+00
59 47 -1.000273367288965e+00 -1.882330826153582e-03 -9.407415039578288e-04 -1.007734768429420e+00
59 48 -1.000273024051638e+00 -1.881799573297011e-03 -9.411987753045807e-04 -1.007737148642674e+00
59 49 -1.000272726173347e+00 -1.881380873129682e-03 -9.415555218606995e-04 -1.007739171027281e+00
59 50 -1.000272476625993e+00 -1.881080758130071e-03 -9.418011963594995e-04 -1.007740811622700e+00
59 51 -1.000272277695079e+00 -1.880903753052580e-03 -9.419274127969018e-04 -1.007742051234807e+00
59 52 -1.000272130953996e+00 -1.880852748400990e-03 -9.419282692055775e-04 -1.007742875822421e+00
59 53 -1.000272037258239e+00 -1.880928920036053e-03 -9.418005731914056e-04 -1.007743276741696e+00
59 54 -1.000271996759703e+00 -1.881131696845174e-03 -9.415439740641004e-04 -1.007743250839455e+00
59 55 -1.000272008939611e+00 -1.881458774278279e-03 -9.411610075534819e-04 -1.007742800401559e+00
59 56 -1.000272072656516e+00 -1.881906168362313e-03 -9.406570561836358e-04 -1.007741932978106e+00
59 57 -1.000272186204693e+00 -1.882468304148609e-03 -9.400402235519682e-04 -1.007740661113651e+00
59 58 -1.000272347378802e+00 -1.883138134254804e-03 -9.393211173486446e-04 -1.007739002004914e+00
59 59 -1.000272553542110e+00 -1.883907284958614e-03 -9.385125372409155e-04 -1.007736977098814e+00
59 60 -1.000272801696467e+00 -1.884766227342118e-03 -9.376290719374135e-04 -1.007734611638582e+00
59 61 -1.000273088552517e+00 -1.885704469164497e-03 -9.366866238595006e-04 -1.007731934166067e+00
59 62 -1.000273410598555e+00 -1.886710760134534e-03 -9.357018945617476e-04 -1.007728975992562e+00
59 63 -1.000273764165918e+00 -1.887773300213480e-03 -9.346918717664645e-04 -1.007725770657800e+00
60 0 -1.000274208036608e+00 -1.888169821560626e-03 -9.377278658472687e-04 -1.007723094245466e+00
60 1 -1.000274609078007e+00 -1.889302347382497e-03 -9.367124368785023e-04 -1.007719529391609e+00
60 2 -1.000275029447135e+00 -1.890452159813760e-03 -9.357218477434599e-04 -1.007715832861712e+00
60 3 -1.000275465393509e+00 -1.891607138816780e-03 -9.347701941999943e-04 -1.007712041940502e+00
60 4 -1.000275913217556e+00 -1.892755460833634e-03 -9.338700852741679e-04 -1.007708193861527e+00
60 5 -1.000276369281211e+00 -1.893885715415356e-03 -9.330324499816920e-04 -1.007704325487935e+00
60 6 -1.000276830011152e+00 -1.894987010095437e-03 -9.322663847088806e-04 -1.007700473018734e+00
60 7 -1.000277291897498e+00 -1.896049064914247e-03 -9.315790476856650e-04 -1.007696671709843e+00
60 8 -1.000277751490306e+00 -1.897062295636384e-03 -9.309756124857553e-04 -1.007692955606722e+00
60 9 -1.000278205395071e+00 -1.898017882870588e-03 -9.304592895340771e-04 -1.007689357295447e+00
60 10 -1.000278650268141e+00 -1.898907825694163e-03 -9.300314143745485e-04 -1.007685907679871e+00
60 11 -1.000279082813377e+00 -1.899724981520236e-03 -9.296915907173251e-04 -1.007682635785406e+00
60 12 -1.000279499781117e+00 -1.900463094809794e-03 -9.294378706795125e-04 -1.007679568587594e+00
60 13 -1.000279897969355e+00 -1.901116815018240e-03 -9.292669547371144e-04 -1.007676730869980e+00
60 14 -1.000280274226504e+00 -1.901681701910737e-03 -9.291743982403812e-04 -1.007674145120707e+00
60 15 -1.000280625455809e+00 -1.902154215959364e-03 -9.291548194135352e-04 -1.007671831473970e+00
60 16 -1.000280948622314e+00 -1.902531691819047e-03 -9.292021135850474e-04 -1.007669807696714e+00
60 17 -1.000281240763488e+00 -1.902812293476626e-03 -9.293096841999053e-04 -1.007668089217592e+00
60 18 -1.000281499004837e+00 -1.902994952544433e-03 -9.294706978691910e-04 -1.007666689188723e+00
60 19 -1.000281720582909e+00 -1.903079296631040e-03 -9.296783600451107e-04 -1.007665618557539e+00
60 20 -1.000281902878630e+00 -1.903065579041537e-03 -9.299261967155989e-04 -1.007664886115901e+00
60 21 -1.000282043462499e+00 -1.902954620734677e-03 -9.302083204961793e-04 -1.007664498498723e+00
60 22 -1.000282140150473e+00 -1.902747771504419e-03 -9.305196570591035e-04 -1.007664460121393e+00
60 23 -1.000282191067081e+00 -1.902446892830011e-03 -9.308561104337447e-04 -1.007664773061919e+00
60 24 -1.000282194711203e+00 -1.902054360468389e-03 -9.312146551421337e-04 -1.007665436905403e+00
60 25 -1.000282150019167e+00 -1.901573080178477e-03 -9.315933574945997e-04 -1.007666448578049e+00
60 26 -1.000282056419791e+00 -1.901006506985723e-03 -9.319913399376336e-04 -1.007667802202320e+00
60 27 -1.000281913877631e+00 -1.900358660041468e-03 -9.324087042655633e-04 -1.007669488996584e+00
60 28 -1.000281722923590e+00 -1.899634130441513e-03 -9.328464227122404e-04 -1.007671497224219e+00
60 29 -1.000281484674079e+00 -1.898838083947509e-03 -9.333061967170658e-04 -1.007673812182869e+00
60 30 -1.000281200839977e+00 -1.897976262018256e-03 -9.337902761403608e-04 -1.007676416222333e+00
60 31 -1.000280873725745e+00 -1.897054984208855e-03 -9.343012287116175e-04 -1.007679288783833e+00
60 32 -1.000280506218479e+00 -1.896081153850677e-03 -9.348416530621034e-04 -1.007682406457934e+00
60 33 -1.000280101766343e+00 -1.895062265946601e-03 -9.354138409549749e-04 -1.007685743064778e+00
60 34 -1.000279664345413e+00 -1.894006411837849e-03 -9.360194115225640e-04 -1.007689269768618e+00
60 35 -1.000279198414358e+00 -1.892922272907796e-03 -9.366589530182791e-04 -1.007692955240415e+00
60 36 -1.000278708858173e+00 -1.891819097519658e-03 -9.373317089229297e-04 -1.007696765872992e+00
60 37 -1.000278200923906e+00 -1.890706659064979e-03 -9.380353365792970e-04 -1.007700666042070e+00
60 38 -1.000277680151302e+00 -1.889595195095105e-03 -9.387657536491375e-04 -1.007704618404456e+00
60 39 -1.000277152300037e+00 -1.888495328410309e-03 -9.395170746755361e-04 -1.007708584228700e+00
60 40 -1.000276623274207e+00 -1.887417972620841e-03 -9.402816294025004e-04 -1.007712523754490e+00
60 41 -1.000276099044636e+00 -1.886374225938954e-03 -9.410500499756663e-04 -1.007716396576100e+00
60 42 -1.000275585569101e+00 -1.885375255169324e-03 -9.418114183302920e-04 -1.007720162050444e+00
60 43 -1.000275088709933e+00 -1.884432168023363e-03 -9.425534746052910e-04 -1.007723779739306e+00
60 44 -1.000274614148840e+00 -1.883555870050172e-03 -9.432628943125899e-04 -1.007727209896432e+00
60 45 -1.000274167300372e+00 -1.882756904036684e-03 -9.439256408487489e-04 -1.007730414001254e+00
60 46 -1.000273753226534e+00 -1.882045272063847e-03 -9.445273917426372e-04 -1.007733355333318e+00
60 47 -1.000273376554702e+00 -1.881430241970632e-03 -9.450540256844278e-04 -1.007735999580345e+00
60 48 -1.000273041400501e+00 -1.880920142763900e-03 -9.454921456472382e-04 -1.007738315468834e+00
60 49 -1.000272751298096e+00 -1.880522158699864e-03 -9.458296036801716e-04 -1.007740275392186e+00
60 50 -1.000272509141648e+00 -1.880242136345529e-03 -9.460559890112770e-04 -1.007741855996542e+00
60 51 -1.000272317141907e+00 -1.880084419314396e-03 -9.461630459726761e-04 -1.007743038681941e+00
60 52 -1.000272176800825e+00 -1.880051721992461e-03 -9.461450005133394e-04 -1.007743809985073e+00
60 53 -1.000272088905916e+00 -1.880145049256760e-03 -9.459987880889322e-04 -1.007744161820646e+00
60 54 -1.000272053544932e+00 -1.880363664928095e-03 -9.457241858317467e-04 -1.007744091569958e+00
60 55 -1.000272070139582e+00 -1.880705107029174e-03 -9.453238555598423e-04 -1.007743602021834e+00
60 56 -1.000272137494751e+00 -1.881165244086742e-03 -9.448033021037134e-04 -1.007742701188406e+00
60 57 -1.000272253858459e+00 -1.881738365975614e-03 -9.441707464208431e-04 -1.007741402024964e+00
60 58 -1.000272416988214e+00 -1.882417304804999e-03 -9.434369089386579e-04 -1.007739722077110e+00
60 59 -1.000272624220621e+00 -1.883193583139072e-03 -9.426146993290557e-04 -1.007737683069393e+00
60 60 -1.000272872542027e+00 -1.884057586590316e-03 -9.417188165507422e-04 -1.007735310445422e+00
60 61 -1.000273158658524e+00 -1.884998756142266e-03 -9.407652763691110e-04 -1.007732632868928e+00
60 62 -1.000273479063972e+00 -1.886005793274018e-03 -9.397708978570098e-04 -1.007729681696891e+00
60 63 -1.000273830104427e+00 -1.887066868368948e-03 -9.387527886392172e-04 -1.007726490441598e+00
61 0 -1.000274338568237e+00 -1.887509796257714e-03 -9.416653230807954e-04 -1.007723658505759e+00
61 1 -1.000274736105878e+00 -1.888638116859562e-03 -9.406443008553886e-04 -1.007720116352138e+00
61 2 -1.000275152119036e+00 -1.889781425663437e-03 -9.396502025757559e-04 -1.007716449535689e+00
61 3 -1.000275582899639e+00 -1.890927646089842e-03 -9.386972076051112e-04 -1.007712695062362e+00
61 4 -1.000276024800207e+00 -1.892065024142701e-03 -9.377979871553187e-04 -1.007708889806626e+00
61 5 -1.000276474244327e+00 -1.893182245494118e-03 -9.369635102634405e-04 -1.007705070193471e+00
61 6 -1.000276927729059e+00 -1.894268539685276e-03 -9.362028912499301e-04 -1.007701271909799e+00
61 7 -1.000277381822244e+00 -1.895313773433867e-03 -9.355232835827562e-04 -1.007697529632979e+00
61 8 -1.000277833157329e+00 -1.896308532444692e-03 -9.349298314182302e-04 -1.007693876772003e+00
61 9 -1.000278278427198e+00 -1.897244188568452e-03 -9.344256883900665e-04 -1.007690345228431e+00
61 10 -1.000278714378083e+00 -1.898112950599605e-03 -9.340121033873854e-04 -1.007686965184948e+00
61 11 -1.000279137805131e+00 -1.898907900888677e-03 -9.336885620506756e-04 -1.007683764920545e+00
61 12 -1.000279545550730e+00 -1.899623020973107e-03 -9.334529670411828e-04 -1.007680770648639e+00
61 13 -1.000279934505310e+00 -1.900253206512932e-03 -9.333018402046674e-04 -1.007678006383024e+00
61 14 -1.000280301609580e+00 -1.900794269189021e-03 -9.332305332780735e-04 -1.007675493842939e+00
61 15 -1.000280643858056e+00 -1.901242923417330e-03 -9.332334406659935e-04 -1.007673252403847e+00
61 16 -1.000280958304958e+00 -1.901596756613369e-03 -9.333042174360967e-04 -1.007671299092677e+00
61 17 -1.000281242073806e+00 -1.901854181896325e-03 -9.334360125672994e-04 -1.007669648623476e+00
61 18 -1.000281492372123e+00 -1.902014374124477e-03 -9.336217253065763e-04 -1.007668313465293e+00
61 19 -1.000281706513538e+00 -1.902077195511000e-03 -9.338542821014894e-04 -1.007667303921616e+00
61 20 -1.000281881950141e+00 -1.902043122012276e-03 -9.341269203417806e-04 -1.007666628188877e+00
61 21 -1.000282016316774e+00 -1.901913181732623e-03 -9.344334582865547e-04 -1.007666292364827e+00
61 22 -1.000282107486152e+00 -1.901688912515790e-03 -9.347685278423884e-04 -1.007666300394659e+00
61 23 -1.000282153631332e+00 -1.901372341404523e-03 -9.351277481800937e-04 -1.007666653960074e+00
61 24 -1.000282153290865e+00 -1.900965984646330e-03 -9.355078262362908e-04 -1.007667352328017e+00
61 25 -1.000282105431452e+00 -1.900472862317782e-03 -9.359065843930640e-04 -1.007668392185009e+00
61 26 -1.000282009502977e+00 -1.899896518129952e-03 -9.363229283003596e-04 -1.007669767488248e+00
61 27 -1.000281865482242e+00 -1.899241035995159e-03 -9.367567708745582e-04 -1.007671469358097e+00
61 28 -1.000281673904315e+00 -1.898511050002602e-03 -9.372089223459156e-04 -1.007673486019443e+00
61 29 -1.000281435882354e+00 -1.897711749056568e-03 -9.376809474854230e-04 -1.007675802784976e+00
61 30 -1.000281153117042e+00 -1.896848879023139e-03 -9.381749844323131e-04 -1.007678402069873e+00
61 31 -1.000280827896085e+00 -1.895928745290162e-03 -9.386935159884137e-04 -1.007681263429981e+00
61 32 -1.000280463083616e+00 -1.894958218147885e-03 -9.392390862813954e-04 -1.007684363618975e+00
61 33 -1.000280062098984e+00 -1.893944740741807e-03 -9.398139665713459e-04 -1.007687676666424e+00
61 34 -1.000279628883930e+00 -1.892896334635702e-03 -9.404197910059317e-04 -1.007691173988206e+00
61 35 -1.000279167857642e+00 -1.891821595195885e-03 -9.410571967624679e-04 -1.007694824543671e+00
61 36 -1.000278683860938e+00 -1.890729670751446e-03 -9.417255055531931e-04 -1.007698595044954e+00
61 37 -1.000278182092498e+00 -1.889630223167161e-03 -9.424224757794094e-04 -1.007702450212479e+00
61 38 -1.000277668040065e+00 -1.888533369344613e-03 -9.431441423526501e-04 -1.007706353068881e+00
61 39 -1.000277147408131e+00 -1.887449603827315e-03 -9.438847482158364e-04 -1.007710265267978e+00
61 40 -1.000276626042684e+00 -1.886389704568045e-03 -9.446367602514833e-04 -1.007714147455879e+00
61 41 -1.000276109853389e+00 -1.885364625819776e-03 -9.453909565845397e-04 -1.007717959658974e+00
61 42 -1.000275604733380e+00 -1.884385380795011e-03 -9.461365754353251e-04 -1.007721661697466e+00
61 43 -1.000275116476383e+00 -1.883462912912736e-03 -9.468615246703400e-04 -1.007725213632016e+00
61 44 -1.000274650691247e+00 -1.882607952426774e-03 -9.475526582563794e-04 -1.007728576252882e+00
61 45 -1.000274212715405e+00 -1.881830856577849e-03 -9.481961256262864e-04 -1.007731711612936e+00
61 46 -1.000273807529799e+00 -1.881141433454820e-03 -9.487777930624646e-04 -1.007734583598637e+00
61 47 -1.000273439677604e+00 -1.880548751020268e-03 -9.492837256198882e-04 -1.007737158531870e+00
61 48 -1.000273113188502e+00 -1.880060935448132e-03 -9.497007062200799e-04 -1.007739405791693e+00
61 49 -1.000272831510751e+00 -1.879684968125222e-03 -9.500167582866058e-04 -1.007741298431938e+00
61 50 -1.000272597454279e+00 -1.879426495142734e-03 -9.502216339927802e-04 -1.007742813757024e+00
61 51 -1.000272413148318e+00 -1.879289663472465e-03 -9.503072345377394e-04 -1.007743933815715e+00
61 52 -1.000272280016475e+00 -1.879276995148272e-03 -9.502679400548143e-04 -1.007744645779318e+00
61 53 -1.000272198771336e+00 -1.879389307208544e-03 -9.501008399746273e-04 -1.007744942179327e+00
61 54 -1.000272169429498e+00 -1.879625681014410e-03 -9.498058653867674e-04 -1.007744820990862e+00
61 55 -1.000272191345940e+00 -1.879983479211786e-03 -9.493858302709556e-04 -1.007744285566368e+00
61 56 -1.000272263264303e+00 -1.880458404212741e-03 -9.488463874711893e-04 -1.007743344442429e+00
61 57 -1.000272383378344e+00 -1.881044591481729e-03 -9.481959000488476e-04 -1.007742011049144e+00
61 58 -1.000272549400054e+00 -1.881734733135767e-03 -9.474452240408702e-04 -1.007740303345648e+00
61 59 -1.000272758630836e+00 -1.882520228767865e-03 -9.466073992603226e-04 -1.007738243397976e+00
61 60 -1.000273008033000e+00 -1.883391359735505e-03 -9.456972520232301e-04 -1.007735856912231e+00
61 61 -1.000273294299739e+00 -1.884337481971144e-03 -9.447309258498088e-04 -1.007733172733829e+00
61 62 -1.000273613922486e+00 -1.885347231077841e-03 -9.437253695178043e-04 -1.007730222322230e+00
61 63 -1.000273963254426e+00 -1.886408731092715e-03 -9.426978207807337e-04 -1.007727039215308e+00
62 0 -1.000274535903618e+00 -1.886906546371550e-03 -9.454502447565869e-04 -1.007724037652574e+00
62 1 -1.000274930708494e+00 -1.888032436496501e-03 -9.444225914041089e-04 -1.007720512682383e+00
62 2 -1.000275343085670e+00 -1.889170919953132e-03 -9.434241258620821e-04 -1.007716870433367e+00
62 3 -1.000275769362466e+00 -1.890309949574522e-03 -9.424691149838621e-04 -1.007713147676076e+00
62 4 -1.000276205936720e+00 -1.891437827661259e-03 -9.415702934225762e-04 -1.007709380966932e+00
62 5 -1.000276649287382e+00 -1.892543323656013e-03 -9.407386686778505e-04 -1.007705606330820e+00
62 6 -1.000277095976370e+00 -1.893615778032749e-03 -9.399833689527335e-04 -1.007701858976139e+00
62 7 -1.000277542644650e+00 -1.894645194542432e-03 -9.393115371928580e-04 -1.007698173030138e+00
62 8 -1.000277986005351e+00 -1.895622320336726e-03 -9.387282815646778e-04 -1.007694581289416e+00
62 9 -1.000278422835800e+00 -1.896538710861884e-03 -9.382366921380889e-04 -1.007691114991692e+00
62 10 -1.000278849969913e+00 -1.897386777928644e-03 -9.378379244733297e-04 -1.007687803615535e+00
62 11 -1.000279264292662e+00 -1.898159823339167e-03 -9.375313397720231e-04 -1.007684674706128e+00
62 12 -1.000279662737704e+00 -1.898852061421283e-03 -9.373146852497257e-04 -1.007681753723040e+00
62 13 -1.000280042287708e+00 -1.899458630766431e-03 -9.371842981937803e-04 -1.007679063915002e+00
62 14 -1.000280399976116e+00 -1.899975592818838e-03 -9.371353203035358e-04 -1.007676626233330e+00
62 15 -1.000280732890002e+00 -1.900399915289070e-03 -9.371619150890197e-04 -1.007674459290816e+00
62 16 -1.000281038175039e+00 -1.900729439372523e-03 -9.372574901628498e-04 -1.007672579364595e+00
62 17 -1.000281313044074e+00 -1.900962829853120e-03 -9.374149333571245e-04 -1.007671000438539e+00
62 18 -1.000281554790877e+00 -1.901099508887834e-03 -9.376268704141713e-04 -1.007669734277200e+00
62 19 -1.000281760811328e+00 -1.901139579290603e-03 -9.378859426669264e-04 -1.007668790511857e+00
62 20 -1.000281928634828e+00 -1.901083748037698e-03 -9.381850923052424e-04 -1.007668176707308e+00
62 21 -1.000282055967626e+00 -1.900933261170009e-03 -9.385178356615861e-04 -1.007667898379898e+00
62 22 -1.000282140747114e+00 -1.900689857711849e-03 -9.388785015605425e-04 -1.007667958952837e+00
62 23 -1.000282181203634e+00 -1.900355745892178e-03 -9.392624123120040e-04 -1.007668359652284e+00
62 24 -1.000282175925039e+00 -1.899933600723633e-03 -9.396659922083854e-04 -1.007669099360305e+00
62 25 -1.000282123918831e+00 -1.899426577204088e-03 -9.400868021454768e-04 -1.007670174450519e+00
62 26 -1.000282024666951e+00 -1.898838329923332e-03 -9.405235118757246e-04 -1.007671578637225e+00
62 27 -1.000281878169712e+00 -1.898173030737581e-03 -9.409758254572893e-04 -1.007673302862699e+00
62 28 -1.000281684977631e+00 -1.897435380686645e-03 -9.414443705301933e-04 -1.007675335231897e+00
62 29 -1.000281446211755e+00 -1.896630616423992e-03 -9.419305541077246e-04 -1.007677660990405e+00
62 30 -1.000281163573421e+00 -1.895764513201785e-03 -9.424363809438897e-04 -1.007680262536800e+00
62 31 -1.000280839343988e+00 -1.894843387279053e-03 -9.429642264101278e-04 -1.007683119460898e+00
62 32 -1.000280476374468e+00 -1.893874100731348e-03 -9.435165567490731e-04 -1.007686208601402e+00
62 33 -1.000280078064523e+00 -1.892864069019906e-03 -9.440955991291243e-04 -1.007689504123375e+00
62 34 -1.000279648329822e+00 -1.891821266728974e-03 -9.447029801673020e-04 -1.007692977626465e+00
62 35 -1.000279191557334e+00 -1.890754223902992e-03 -9.453393656742597e-04 -1.007696598298315e+00
62 36 -1.000278712549842e+00 -1.889672006997778e-03 -9.460041383979348e-04 -1.007700333119007e+00
62 37 -1.000278216462609e+00 -1.888584181793376e-03 -9.466951442565806e-04 -1.007704147111504e+00
62 38 -1.000277708735055e+00 -1.887500757160189e-03 -9.474085257719372e-04 -1.007708003631512e+00
62 39 -1.000277195018911e+00 -1.886432109220454e-03 -9.481386482128516e-04 -1.007711864694500e+00
62 40 -1.000276681103299e+00 -1.885388887619109e-03 -9.488781122554411e-04 -1.007715691337607e+00
62 41 -1.000276172836971e+00 -1.884381907882832e-03 -9.496178407000319e-04 -1.007719444011123e+00
62 42 -1.000275676047837e+00 -1.883422032885725e-03 -9.503472287755620e-04 -1.007723082997046e+00
62 43 -1.000275196459705e+00 -1.882520042931356e-03 -9.510543553313548e-04 -1.007726568860148e+00
62 44 -1.000274739606562e+00 -1.881686491986486e-03 -9.517262591349917e-04 -1.007729862939108e+00
62 45 -1.000274310746057e+00 -1.880931548590086e-03 -9.523492855235591e-04 -1.007732927878533e+00
62 46 -1.000273914774802e+00 -1.880264821531138e-03 -9.529095032158706e-04 -1.007735728196201e+00
62 47 -1.000273556147917e+00 -1.879695171478077e-03 -9.533931810778187e-04 -1.007738230878402e+00
62 48 -1.000273238804717e+00 -1.879230512458470e-03 -9.537873025840264e-04 -1.007740405992261e+00
62 49 -1.000272966102581e+00 -1.878877612130008e-03 -9.540800853376008e-04 -1.007742227292021e+00
62 50 -1.000272740761764e+00 -1.878641903984916e-03 -9.542614685782207e-04 -1.007743672784139e+00
62 51 -1.000272564824240e+00 -1.878527325149299e-03 -9.543235351590120e-04 -1.007744725213004e+00
62 52 -1.000272439629410e+00 -1.878536191246802e-03 -9.542608443683485e-04 -1.007745372433709e+00
62 53 -1.000272365809000e+00 -1.878669116796074e-03 -9.540706645543357e-04 -1.007745607645224e+00
62 54 -1.000272343302368e+00 -1.878924985387439e-03 -9.537531058806324e-04 -1.007745429468719e+00
62 55 -1.000272371391370e+00 -1.879300968114152e-03 -9.533111600746451e-04 -1.007744841874674e+00
62 56 -1.000272448751567e+00 -1.879792584148385e-03 -9.527506537936059e-04 -1.007743853981045e+00
62 57 -1.000272573515135e+00 -1.880393796745585e-03 -9.520801172611331e-04 -1.007742479751604e+00
62 58 -1.000272743340758e+00 -1.881097139920315e-03 -9.513105653798958e-04 -1.007740737619042e+00
62 59 -1.000272955486427e+00 -1.881893872029154e-03 -9.504551889583085e-04 -1.007738650051546e+00
62 60 -1.000273206881966e+00 -1.882774151863584e-03 -9.495289599009387e-04 -1.007736243078359e+00
62 61 -1.000273494199217e+00 -1.883727232273373e-03 -9.485481649364922e-04 -1.007733545785923e+00
62 62 -1.000273813918922e+00 -1.884741665606419e-03 -9.475298952291686e-04 -1.007730589793008e+00
62 63 -1.000274162393415e+00 -1.885805512893188e-03 -9.464915290122375e-04 -1.007727408717080e+00
63 0 -1.000274798103279e+00 -1.886366281966882e-03 -9.490481081569027e-04 -1.007724225140908e+00
63 1 -1.000275190989824e+00 -1.887491577900368e-03 -9.480127398146041e-04 -1.007720711557135e+00
63 2 -1.000275600503989e+00 -1.888627000888242e-03 -9.470089829996088e-04 -1.007717088370106e+00
63 3 -1.000276023000811e+00 -1.889760518450737e-03 -9.460511960725333e-04 -1.007713392161957e+00
63 4 -1.000276454915943e+00 -1.890880474768082e-03 -9.451521790533633e-04 -1.007709659216899e+00
63 5 -1.000276892776543e+00 -1.891975709173184e-03 -9.443229774561756e-04 -1.007705925203654e+00
63 6 -1.000277333202917e+00 -1.893035660325205e-03 -9.435727303228185e-04 -1.007702224892247e+00
63 7 -1.000277772903541e+00 -1.894050457554438e-03 -9.429085649232966e-04 -1.007698591895362e+00
63 8 -1.000278208666482e+00 -1.895010998896408e-03 -9.423355472728382e-04 -1.007695058429082e+00
63 9 -1.000278637349598e+00 -1.895909013503349e-03 -9.418566976222359e-04 -1.007691655096055e+00
63 10 -1.000279055871414e+00 -1.896737107324537e-03 -9.414730721820538e-04 -1.007688410695501e+00
63 11 -1.000279461204461e+00 -1.897488794063464e-03 -9.411839020120673e-04 -1.007685352058733e+00
63 12 -1.000279850372056e+00 -1.898158514411453e-03 -9.409867735850288e-04 -1.007682503907251e+00
63 13 -1.000280220448052e+00 -1.898741644285617e-03 -9.408778345986758e-04 -1.007679888737361e+00
63 14 -1.000280568558218e+00 -1.899234490317521e-03 -9.408520115338208e-04 -1.007677526741450e+00
63 15 -1.000280891882631e+00 -1.899634270491062e-03 -9.409032314745133e-04 -1.007675435773306e+00
63 16 -1.000281187659876e+00 -1.899939078533048e-03 -9.410246490331225e-04 -1.007673631357619e+00
63 17 -1.000281453194617e+00 -1.900147831267893e-03 -9.412088858398614e-04 -1.007672126739244e+00
63 18 -1.000281685870339e+00 -1.900260200114038e-03 -9.414482897541650e-04 -1.007670932963292e+00
63 19 -1.000281883169599e+00 -1.900276532309538e-03 -9.417352131841743e-04 -1.007670058967013e+00
63 20 -1.000282042704511e+00 -1.900197771857930e-03 -9.420622996204458e-04 -1.007669511653896e+00
63 21 -1.000282162259118e+00 -1.900025391130513e-03 -9.424227596414782e-04 -1.007669295920848e+00
63 22 -1.000282239842827e+00 -1.899761341289511e-03 -9.428106136692623e-04 -1.007669414622663e+00
63 23 -1.000282273751481e+00 -1.899408025406799e-03 -9.432208792114019e-04 -1.007669868475386e+00
63 24 -1.000282262631282e+00 -1.898968293520339e-03 -9.436496870276679e-04 -1.007670655914150e+00
63 25 -1.000282205540370e+00 -1.898445454089057e-03 -9.440943231551796e-04 -1.007671772931090e+00
63 26 -1.000282102003296e+00 -1.897843293055766e-03 -9.445532061865408e-04 -1.007673212923530e+00
63 27 -1.000281952054902e+00 -1.897166092280907e-03 -9.450258145523437e-04 -1.007674966577448e+00
63 28 -1.000281756272311e+00 -1.896418642904603e-03 -9.455125753707021e-04 -1.007677021797440e+00
63 29 -1.000281515795436e+00 -1.895606253068196e-03 -9.460147191051591e-04 -1.007679363681079e+00
63 30 -1.000281232336980e+00 -1.894734751585002e-03 -9.465340974040639e-04 -1.007681974529550e+00
63 31 -1.000280908182371e+00 -1.893810490297979e-03 -9.470729571711607e-04 -1.007684833885911e+00
63 32 -1.000280546179489e+00 -1.892840348093005e-03 -9.476336643164255e-04 -1.007687918594274e+00
63 33 -1.000280149717610e+00 -1.891831737308137e-03 -9.482183786571946e-04 -1.007691202879271e+00
63 34 -1.000279722694758e+00 -1.890792608824498e-03 -9.488286962308134e-04 -1.007694658454462e+00
63 35 -1.000279269473188e+00 -1.889731448940990e-03 -9.494652897292285e-04 -1.007698254672913e+00
63 36 -1.000278794824231e+00 -1.888657261848161e-03 -9.501275836160629e-04 -1.007701958727093e+00
63 37 -1.000278303865259e+00 -1.887579534383309e-03 -9.508134954645563e-04 -1.007705735895325e+00
63 38 -1.000277801991668e+00 -1.886508181620607e-03 -9.515192633324014e-04 -1.007709549828766e+00
63 39 -1.000277294805471e+00 -1.885453472722277e-03 -9.522393659136769e-04 -1.007713362876181e+00
63 40 -1.000276788040859e+00 -1.884425938254399e-03 -9.529665310829894e-04 -1.007717136445146e+00
63 41 -1.000276287486664e+00 -1.883436262317106e-03 -9.536918217253173e-04 -1.007720831395962e+00
63 42 -1.000275798905765e+00 -1.882495162736669e-03 -9.544047876658238e-04 -1.007724408465135e+00
63 43 -1.000275327951552e+00 -1.881613259956172e-03 -9.550936785898904e-04 -1.007727828720754e+00
63 44 -1.000274880082054e+00 -1.880800933040766e-03 -9.557457202868033e-04 -1.007731054055023e+00
63 45 -1.000274460473480e+00 -1.880068161323277e-03 -9.563474592546025e-04 -1.007734047715089e+00
63 46 -1.000274073935860e+00 -1.879424351595655e-03 -9.568851759392951e-04 -1.007736774866988e+00
63 47 -1.000273724833438e+00 -1.878878152252475e-03 -9.573453566259913e-04 -1.007739203184430e+00
63 48 -1.000273417011817e+00 -1.878437258318545e-03 -9.577152024201309e-04 -1.007741303450569e+00
63 49 -1.000273153733681e+00 -1.878108215467026e-03 -9.579831444744824e-04 -1.007743050151845e+00
63 50 -1.000272937625351e+00 -1.877896235070455e-03 -9.581393300632634e-04 -1.007744422032104e+00
63 51 -1.000272770636932e+00 -1.877805033658207e-03 -9.581760458728923e-04 -1.007745402570131e+00
63 52 -1.000272654018802e+00 -1.877836708746123e-03 -9.580880532247323e-04 -1.007745980346084e+00
63 53 -1.000272588316898e+00 -1.877991659958371e-03 -9.578728225895247e-04 -1.007746149269350e+00
63 54 -1.000272573388192e+00 -1.878268559914477e-03 -9.575306669232397e-04 -1.007745908652122e+00
63 55 -1.000272608435885e+00 -1.878664373826104e-03 -9.570647802623873e-04 -1.007745263130804e+00
63 56 -1.000272692061447e+00 -1.879174422256183e-03 -9.564811881749265e-04 -1.007744222455457e+00
63 57 -1.000272822328928e+00 -1.879792480213871e-03 -9.557886127581203e-04 -1.007742801176349e+00
63 58 -1.000272996836538e+00 -1.880510907008348e-03 -9.549982512565940e-04 -1.007741018254583e+00
63 59 -1.000273212791042e+00 -1.881320802461775e-03 -9.541234671470670e-04 -1.007738896617786e+00
63 60 -1.000273467081465e+00 -1.882212185060225e-03 -9.531793971305970e-04 -1.007736462677185e+00
63 61 -1.000273756349824e+00 -1.883174187086876e-03 -9.521824872155715e-04 -1.007733745818418e+00
63 62 -1.000274077057788e+00 -1.884195260805622e-03 -9.511499839089742e-04 -1.007730777875573e+00
63 63 -1.000274425548595e+00 -1.885263387803228e-03 -9.500994166301142e-04 -1.007727592599960e+00
