1.409009821864309e-07
1.000000000000000e-12
1.000000000000000e-17
3.534055357006946e-01
1.932009782354289e-01
7.956515775034292e-01
-1.500017464083440e+00
1.901109735892602e-07
64
64
2.996616369455875e-01
1
0 0 -1.000273456524184e+00 -1.883976162359325e-03 -9.579711140895371e-04 -1.007731053021170e+00
0 1 -1.000273910083063e+00 -1.885311914334997e-03 -9.566649790932794e-04 -1.007726920002581e+00
0 2 -1.000274380964628e+00 -1.886653908169309e-03 -9.554081563269926e-04 -1.007722669958282e+00
0 3 -1.000274865164508e+00 -1.887987918029501e-03 -9.542190426826370e-04 -1.007718345394691e+00
0 4 -1.000275358842193e+00 -1.889300211826905e-03 -9.531139371701694e-04 -1.007713988409940e+00
0 5 -1.000275858311221e+00 -1.890577609617960e-03 -9.521069632950208e-04 -1.007709640532934e+00
0 6 -1.000276360024801e+00 -1.891807609420979e-03 -9.512098622818057e-04 -1.007705342382556e+00
0 7 -1.000276860562283e+00 -1.892978575821815e-03 -9.504316806887475e-04 -1.007701133147499e+00
0 8 -1.000277356619134e+00 -1.894079952430602e-03 -9.497784571007667e-04 -1.007697049978494e+00
0 9 -1.000277844999274e+00 -1.895102443771015e-03 -9.492530396655615e-04 -1.007693127434820e+00
0 10 -1.000278322605102e+00 -1.896038119867923e-03 -9.488551311399233e-04 -1.007689397118703e+00
0 11 -1.000278786419273e+00 -1.896880423115510e-03 -9.485815806765830e-04 -1.007685887568512e+00
0 12 -1.000279233475060e+00 -1.897624090204287e-03 -9.484268587187872e-04 -1.007682624390021e+00
0 13 -1.000279660817589e+00 -1.898265026875191e-03 -9.483835990942749e-04 -1.007679630526455e+00
0 14 -1.000280065463473e+00 -1.898800179494014e-03 -9.484430896320847e-04 -1.007676926539137e+00
0 15 -1.000280444368885e+00 -1.899227435149594e-03 -9.485956355464144e-04 -1.007674530798380e+00
0 16 -1.000280794415384e+00 -1.899545560112683e-03 -9.488307877689115e-04 -1.007672459545887e+00
0 17 -1.000281112419115e+00 -1.899754165170539e-03 -9.491374940953023e-04 -1.007670726854670e+00
0 18 -1.000281395163250e+00 -1.899853672759338e-03 -9.495042691317263e-04 -1.007669344556642e+00
0 19 -1.000281639448181e+00 -1.899845259640017e-03 -9.499194736271896e-04 -1.007668322215560e+00
0 20 -1.000281842151861e+00 -1.899730761195418e-03 -9.503717455115407e-04 -1.007667667189081e+00
0 21 -1.000282000294680e+00 -1.899512543661026e-03 -9.508505532580850e-04 -1.007667384765387e+00
0 22 -1.000282111106701e+00 -1.899193368142711e-03 -9.513467774166743e-04 -1.007667478311355e+00
0 23 -1.000282172097219e+00 -1.898776277083098e-03 -9.518531956411354e-04 -1.007667949355884e+00
0 24 -1.000282181126980e+00 -1.898264529132993e-03 -9.523647637185113e-04 -1.007668797552516e+00
0 25 -1.000282136483174e+00 -1.897661595700292e-03 -9.528786454291066e-04 -1.007670020502344e+00
0 26 -1.000282036956953e+00 -1.896971215645420e-03 -9.533940250133814e-04 -1.007671613457574e+00
0 27 -1.000281881922063e+00 -1.896197488749249e-03 -9.539118023410152e-04 -1.007673568957916e+00
0 28 -1.000281671411702e+00 -1.895344980760255e-03 -9.544342892350031e-04 -1.007675876464278e+00
0 29 -1.000281406189354e+00 -1.894418816942303e-03 -9.549649843805997e-04 -1.007678522042347e+00
0 30 -1.000281087807463e+00 -1.893424752722565e-03 -9.555084244077869e-04 -1.007681488127041e+00
0 31 -1.000280718644693e+00 -1.892369220417568e-03 -9.560700322080113e-04 -1.007684753388929e+00
0 32 -1.000280301910060e+00 -1.891259355555813e-03 -9.566558505026587e-04 -1.007688292726719e+00
0 33 -1.000279841604738e+00 -1.890103006983138e-03 -9.572720773259270e-04 -1.007692077405558e+00
0 34 -1.000279342441821e+00 -1.888908734546445e-03 -9.579243991700365e-04 -1.007696075334845e+00
0 35 -1.000278809737028e+00 -1.887685796922541e-03 -9.586172108705988e-04 -1.007700251441813e+00
0 36 -1.000278249292556e+00 -1.886444130431773e-03 -9.593528730063618e-04 -1.007704568069488e+00
0 37 -1.000277667296925e+00 -1.885194319401731e-03 -9.601311555470672e-04 -1.007708985323535e+00
0 38 -1.000277070254759e+00 -1.883947559761778e-03 -9.609489520714358e-04 -1.007713461316788e+00
0 39 -1.000276464944679e+00 -1.882715616329781e-03 -9.618002567649753e-04 -1.007717952313442e+00
0 40 -1.000275858386946e+00 -1.881510768419147e-03 -9.626763226001138e-04 -1.007722412842295e+00
0 41 -1.000275257793285e+00 -1.880345731618904e-03 -9.635658945448571e-04 -1.007726795896062e+00
0 42 -1.000274670475403e+00 -1.879233541773552e-03 -9.644554399472210e-04 -1.007731053329005e+00
0 43 -1.000274103705075e+00 -1.878187391701635e-03 -9.653293598220490e-04 -1.007735136506808e+00
0 44 -1.000273564538991e+00 -1.877220418750842e-03 -9.661702283827126e-04 -1.007738997181838e+00
0 45 -1.000273059636125e+00 -1.876345448850844e-03 -9.669591437145864e-04 -1.007742588501164e+00
0 46 -1.000272595097781e+00 -1.875574709145835e-03 -9.676762634405399e-04 -1.007745866027632e+00
0 47 -1.000272176350544e+00 -1.874919525164098e-03 -9.683015498812080e-04 -1.007748788672995e+00
0 48 -1.000271808075061e+00 -1.874390018649671e-03 -9.688156810720664e-04 -1.007751319496328e+00
0 49 -1.000271494167474e+00 -1.873994820703805e-03 -9.692010238546391e-04 -1.007753426379534e+00
0 50 -1.000271237713487e+00 -1.873740815506160e-03 -9.694425347140674e-04 -1.007755082618369e+00
0 51 -1.000271040960217e+00 -1.873632932078415e-03 -9.695284650853458e-04 -1.007756267450083e+00
0 52 -1.000270905283574e+00 -1.873673999512451e-03 -9.694508001781226e-04 -1.007756966500895e+00
0 53 -1.000270831161175e+00 -1.873864670962224e-03 -9.692054377592325e-04 -1.007757172111640e+00
0 54 -1.000270818166514e+00 -1.874203407582287e-03 -9.687921851200820e-04 -1.007756883501872e+00
0 55 -1.000270864997879e+00 -1.874686504240556e-03 -9.682146856370992e-04 -1.007756106753138e+00
0 56 -1.000270969547104e+00 -1.875308140147676e-03 -9.674803631785207e-04 -1.007754854616524e+00
0 57 -1.000271129002831e+00 -1.876060449542851e-03 -9.666004018889491e-04 -1.007753146165127e+00
0 58 -1.000271339975323e+00 -1.876933625394892e-03 -9.655896937258624e-04 -1.007751006309325e+00
0 59 -1.000271598628093e+00 -1.877916083557230e-03 -9.644666301032036e-04 -1.007748465174494e+00
0 60 -1.000271900804914e+00 -1.878994714627396e-03 -9.632526209961322e-04 -1.007745557329086e+00
0 61 -1.000272242145681e+00 -1.880155229980418e-03 -9.619713002834274e-04 -1.007742320870404e+00
0 62 -1.000272618188244e+00 -1.881382574184027e-03 -9.606474896902953e-04 -1.007738796425436e+00
0 63 -1.000273024455084e+00 -1.882661346116630e-03 -9.593060916537024e-04 -1.007735026174416e+00
1 0 -1.000273955328031e+00 -1.883559551068175e-03 -9.616948585817940e-04 -1.007730584414376e+00
1 1 -1.000274408438474e+00 -1.884899877076366e-03 -9.603745816996738e-04 -1.007726451219467e+00
1 2 -1.000274877352372e+00 -1.886242571139433e-03 -9.591077005851708e-04 -1.007722213281607e+00
1 3 -1.000275358078693e+00 -1.887573379935946e-03 -9.579127799084466e-04 -1.007717912958533e+00
1 4 -1.000275846812348e+00 -1.888878610430255e-03 -9.568061845376437e-04 -1.007713592007870e+00
1 5 -1.000276339926902e+00 -1.890145182969972e-03 -9.558020146041065e-04 -1.007709291441842e+00
1 6 -1.000276833958512e+00 -1.891360743907126e-03 -9.549119317742012e-04 -1.007705051224387e+00
1 7 -1.000277325586230e+00 -1.892513837478606e-03 -9.541448853478327e-04 -1.007700909801619e+00
1 8 -1.000277811613487e+00 -1.893594104398175e-03 -9.535068256129288e-04 -1.007696903539520e+00
1 9 -1.000278288953138e+00 -1.894592458102096e-03 -9.530005246212922e-04 -1.007693066193604e+00
1 10 -1.000278754614263e+00 -1.895501193235433e-03 -9.526256006512100e-04 -1.007689428537982e+00
1 11 -1.000279205685738e+00 -1.896314002874656e-03 -9.523787757323858e-04 -1.007686018232125e+00
1 12 -1.000279639312086e+00 -1.897025911748021e-03 -9.522543178165721e-04 -1.007682859920188e+00
1 13 -1.000280052660981e+00 -1.897633157433770e-03 -9.522445658635689e-04 -1.007679975481083e+00
1 14 -1.000280442886388e+00 -1.898133059088939e-03 -9.523404275614827e-04 -1.007677384315249e+00
1 15 -1.000280807094860e+00 -1.898523904128346e-03 -9.525317729922314e-04 -1.007675103572564e+00
1 16 -1.000281142324339e+00 -1.898804866013597e-03 -9.528077051944609e-04 -1.007673148273204e+00
1 17 -1.000281445543829e+00 -1.898975948742827e-03 -9.531567481210832e-04 -1.007671531326360e+00
1 18 -1.000281713677861e+00 -1.899037940347538e-03 -9.535670328247836e-04 -1.007670263495116e+00
1 19 -1.000281943653403e+00 -1.898992353220799e-03 -9.540265668516549e-04 -1.007669353373668e+00
1 20 -1.000282132462572e+00 -1.898841336651940e-03 -9.545236351101055e-04 -1.007668807423457e+00
1 21 -1.000282277234017e+00 -1.898587563057285e-03 -9.550473173387177e-04 -1.007668630067966e+00
1 22 -1.000282375307576e+00 -1.898234104655733e-03 -9.555880454436940e-04 -1.007668823803291e+00
1 23 -1.000282424308544e+00 -1.897784324631804e-03 -9.561380893446110e-04 -1.007669389266588e+00
1 24 -1.000282422219446e+00 -1.897241805770539e-03 -9.566918662937205e-04 -1.007670325214563e+00
1 25 -1.000282367449364e+00 -1.896610332141747e-03 -9.572460156773898e-04 -1.007671628386595e+00
1 26 -1.000282258902729e+00 -1.895893926460669e-03 -9.577992539671631e-04 -1.007673293256144e+00
1 27 -1.000282096049392e+00 -1.895096930357482e-03 -9.583520924553373e-04 -1.007675311705246e+00
1 28 -1.000281878995938e+00 -1.894224104551085e-03 -9.589065288859378e-04 -1.007677672675608e+00
1 29 -1.000281608555550e+00 -1.893280726450456e-03 -9.594657958767580e-04 -1.007680361846253e+00
1 30 -1.000281286310262e+00 -1.892272670886426e-03 -9.600341790231037e-04 -1.007683361373963e+00
1 31 -1.000280914654683e+00 -1.891206467723515e-03 -9.606168440685124e-04 -1.007686649728811e+00
1 32 -1.000280496806973e+00 -1.890089334761677e-03 -9.612195738026187e-04 -1.007690201661254e+00
1 33 -1.000280036775364e+00 -1.888929187802920e-03 -9.618483313646722e-04 -1.007693988328161e+00
1 34 -1.000279539278978e+00 -1.887734632994752e-03 -9.625086326408008e-04 -1.007697977572247e+00
1 35 -1.000279009635663e+00 -1.886514947375320e-03 -9.632047979320451e-04 -1.007702134307916e+00
1 36 -1.000278453640105e+00 -1.885280051607374e-03 -9.639392191161491e-04 -1.007706420938157e+00
1 37 -1.000277877457139e+00 -1.884040477240416e-03 -9.647117874962585e-04 -1.007710797722498e+00
1 38 -1.000277287546654e+00 -1.882807330473676e-03 -9.655195745309791e-04 -1.007715223039436e+00
1 39 -1.000276690620172e+00 -1.881592251925381e-03 -9.663567724954418e-04 -1.007719653540295e+00
1 40 -1.000276093611305e+00 -1.880407365454592e-03 -9.672148284934233e-04 -1.007724044261359e+00
1 41 -1.000275503631560e+00 -1.879265202737197e-03 -9.680826741825446e-04 -1.007728348811249e+00
1 42 -1.000274927885845e+00 -1.878178589508813e-03 -9.689469717627699e-04 -1.007732519748315e+00
1 43 -1.000274373537881e+00 -1.877160484431546e-03 -9.697923497841778e-04 -1.007736509207789e+00
1 44 -1.000273847536644e+00 -1.876223768842373e-03 -9.706016629201063e-04 -1.007740269760330e+00
1 45 -1.000273356431182e+00 -1.875380992975467e-03 -9.713563483599537e-04 -1.007743755415752e+00
1 46 -1.000272906205640e+00 -1.874644090893645e-03 -9.720369491439287e-04 -1.007746922651638e+00
1 47 -1.000272502157620e+00 -1.874024080257667e-03 -9.726238332030525e-04 -1.007749731358981e+00
1 48 -1.000272148825317e+00 -1.873530762652681e-03 -9.730980749439290e-04 -1.007752145649930e+00
1 49 -1.000271849951259e+00 -1.873172438342716e-03 -9.734424079644676e-04 -1.007754134534038e+00
1 50 -1.000271608461920e+00 -1.872955650540617e-03 -9.736421230669178e-04 -1.007755672498815e+00
1 51 -1.000271426446428e+00 -1.872884977464684e-03 -9.736857887311718e-04 -1.007756740015989e+00
1 52 -1.000271305129666e+00 -1.872962888797709e-03 -9.735657151909567e-04 -1.007757323960681e+00
1 53 -1.000271244847919e+00 -1.873189672828581e-03 -9.732781556912874e-04 -1.007757417908319e+00
1 54 -1.000271245042472e+00 -1.873563426155717e-03 -9.728233108018160e-04 -1.007757022274311e+00
1 55 -1.000271304286086e+00 -1.874080087869106e-03 -9.722052411169584e-04 -1.007756144277709e+00
1 56 -1.000271420349630e+00 -1.874733500009513e-03 -9.714317805330817e-04 -1.007754797732552e+00
1 57 -1.000271590305201e+00 -1.875515486575783e-03 -9.705144806671649e-04 -1.007753002687605e+00
1 58 -1.000271810653189e+00 -1.876415961092442e-03 -9.694685349316537e-04 -1.007750784933920e+00
1 59 -1.000272077457718e+00 -1.877423088957433e-03 -9.683125700022183e-04 -1.007748175380564e+00
1 60 -1.000272386477435e+00 -1.878523532934455e-03 -9.670681892075210e-04 -1.007745209285633e+00
1 61 -1.000272733283442e+00 -1.879702791214564e-03 -9.657592167120105e-04 -1.007741925347893e+00
1 62 -1.000273113360657e+00 -1.880945604311204e-03 -9.644106975312742e-04 -1.007738364712263e+00
1 63 -1.000273522192209e+00 -1.882236377059872e-03 -9.630478062748716e-04 -1.007734569990287e+00
2 0 -1.000274521473235e+00 -1.883237045000036e-03 -9.650793602968321e-04 -1.007729871351894e+00
2 1 -1.000274975491068e+00 -1.884584812688028e-03 -9.637431371188686e-04 -1.007725728537481e+00
2 2 -1.000275443780303e+00 -1.885931090869306e-03 -9.624645335968273e-04 -1.007721493302077e+00
2 3 -1.000275922348380e+00 -1.887261569733173e-03 -9.612623016197866e-04 -1.007717207949413e+00
2 4 -1.000276407409590e+00 -1.888562565744172e-03 -9.601528889124734e-04 -1.007712913993229e+00
2 5 -1.000276895381004e+00 -1.889821071029939e-03 -9.591503809092430e-04 -1.007708652023899e+00
2 6 -1.000277382865924e+00 -1.891024854060647e-03 -9.582663565662912e-04 -1.007704461439760e+00
2 7 -1.000277866629531e+00 -1.892162615903530e-03 -9.575096529780758e-04 -1.007700380023860e+00
2 8 -1.000278343572972e+00 -1.893224175089371e-03 -9.568861097376994e-04 -1.007696443424927e+00
2 9 -1.000278810710955e+00 -1.894200636531674e-03 -9.563984005723588e-04 -1.007692684653723e+00
2 10 -1.000279265153993e+00 -1.895084501222048e-03 -9.560460445693821e-04 -1.007689133714482e+00
2 11 -1.000279704092178e+00 -1.895869692135014e-03 -9.558256327179261e-04 -1.007685817450867e+00
2 12 -1.000280124775611e+00 -1.896551499138109e-03 -9.557312354656362e-04 -1.007682759613097e+00
2 13 -1.000280524488131e+00 -1.897126468479841e-03 -9.557549054388180e-04 -1.007679981083325e+00
2 14 -1.000280900514650e+00 -1.897592271053426e-03 -9.558871759103226e-04 -1.007677500162036e+00
2 15 -1.000281250107001e+00 -1.897947578152114e-03 -9.561174796857384e-04 -1.007675332825557e+00
2 16 -1.000281570457200e+00 -1.898191960441628e-03 -9.564344605626909e-04 -1.007673492899014e+00
2 17 -1.000281858688409e+00 -1.898325811487823e-03 -9.568262021161753e-04 -1.007671992132774e+00
2 18 -1.000282111870884e+00 -1.898350285133620e-03 -9.572804382138613e-04 -1.007670840210824e+00
2 19 -1.000282327064129e+00 -1.898267230129120e-03 -9.577848204643435e-04 -1.007670044741689e+00
2 20 -1.000282501380497e+00 -1.898079108742429e-03 -9.583272927342146e-04 -1.007669611274943e+00
2 21 -1.000282632062294e+00 -1.897788896857836e-03 -9.588965709538585e-04 -1.007669543354831e+00
2 22 -1.000282716563924e+00 -1.897399974949484e-03 -9.594826698752846e-04 -1.007669842589367e+00
2 23 -1.000282752631716e+00 -1.896916026969517e-03 -9.600773807653818e-04 -1.007670508696461e+00
2 24 -1.000282738376763e+00 -1.896340966386453e-03 -9.606746004529552e-04 -1.007671539488883e+00
2 25 -1.000282672340073e+00 -1.895678905472339e-03 -9.612704466539476e-04 -1.007672930770778e+00
2 26 -1.000282553553164e+00 -1.894934174966194e-03 -9.618631573697336e-04 -1.007674676137901e+00
2 27 -1.000282381598802e+00 -1.894111388306669e-03 -9.624528379625005e-04 -1.007676766698544e+00
2 28 -1.000282156675258e+00 -1.893215533712418e-03 -9.630411552429938e-04 -1.007679190751674e+00
2 29 -1.000281879663724e+00 -1.892252073805441e-03 -9.636310630838171e-04 -1.007681933465060e+00
2 30 -1.000281552192890e+00 -1.891227035585795e-03 -9.642265865533704e-04 -1.007684976595377e+00
2 31 -1.000281176688302e+00 -1.890147078921025e-03 -9.648326231317242e-04 -1.007688298295120e+00
2 32 -1.000280756390008e+00 -1.889019536983890e-03 -9.654546763048165e-04 -1.007691873054068e+00
2 33 -1.000280295324533e+00 -1.887852427828727e-03 -9.660984413862826e-04 -1.007695671809915e+00
2 34 -1.000279798227841e+00 -1.886654442004855e-03 -9.667692166662062e-04 -1.007699662226983e+00
2 35 -1.000279270430982e+00 -1.885434914298468e-03 -9.674711924514115e-04 -1.007703809096677e+00
2 36 -1.000278717732423e+00 -1.884203787498749e-03 -9.682067372289700e-04 -1.007708074778976e+00
2 37 -1.000278146284351e+00 -1.882971574185389e-03 -9.689758180897785e-04 -1.007712419595895e+00
2 38 -1.000277562512081e+00 -1.881749319737347e-03 -9.697756520344875e-04 -1.007716802113113e+00
2 39 -1.000276973068559e+00 -1.880548564708178e-03 -9.706006091735174e-04 -1.007721179303773e+00
2 40 -1.000276384806922e+00 -1.879381297531330e-03 -9.714423174284877e-04 -1.007725506659883e+00
2 41 -1.000275804742041e+00 -1.878259882993297e-03 -9.722898820409290e-04 -1.007729738367131e+00
2 42 -1.000275239973488e+00 -1.877196951843828e-03 -9.731301419385698e-04 -1.007733827660002e+00
2 43 -1.000274697557196e+00 -1.876205242126756e-03 -9.739479288812195e-04 -1.007737727424550e+00
2 44 -1.000274184334435e+00 -1.875297390517976e-03 -9.747263508231136e-04 -1.007741391039580e+00
2 45 -1.000273706744844e+00 -1.874485680011352e-03 -9.754471601229462e-04 -1.007744773374624e+00
2 46 -1.000273270656902e+00 -1.873781757037998e-03 -9.760912706036241e-04 -1.007747831822966e+00
2 47 -1.000272881241560e+00 -1.873196334192830e-03 -9.766394540367818e-04 -1.007750527256912e+00
2 48 -1.000272542896969e+00 -1.872738893562743e-03 -9.770731919881612e-04 -1.007752824844335e+00
2 49 -1.000272259213560e+00 -1.872417403806666e-03 -9.773756041853718e-04 -1.007754694726527e+00
2 50 -1.000272032958681e+00 -1.872238065794523e-03 -9.775323380613304e-04 -1.007756112588989e+00
2 51 -1.000271866062155e+00 -1.872205105218607e-03 -9.775322999321350e-04 -1.007757060147317e+00
2 52 -1.000271759595472e+00 -1.872320629520956e-03 -9.773681430687974e-04 -1.007757525540445e+00
2 53 -1.000271713750645e+00 -1.872584556886456e-03 -9.770364936552494e-04 -1.007757503601340e+00
2 54 -1.000271727833757e+00 -1.872994610729890e-03 -9.765379670096585e-04 -1.007756995972740e+00
2 55 -1.000271800289227e+00 -1.873546361949133e-03 -9.758770712783946e-04 -1.007756011049992e+00
2 56 -1.000271928763930e+00 -1.874233299272177e-03 -9.750620921366550e-04 -1.007754563755340e+00
2 57 -1.000272110209238e+00 -1.875046917248785e-03 -9.741050000358117e-04 -1.007752675164896e+00
2 58 -1.000272341009404e+00 -1.875976829074787e-03 -9.730213447546314e-04 -1.007750372007973e+00
2 59 -1.000272617120359e+00 -1.877010928666490e-03 -9.718300388613207e-04 -1.007747686039667e+00
2 60 -1.000272934204403e+00 -1.878135630633002e-03 -9.705529188552144e-04 -1.007744653274221e+00
2 61 -1.000273287750816e+00 -1.879336200461848e-03 -9.692140248762546e-04 -1.007741313082311e+00
2 62 -1.000273673177802e+00 -1.880597155711691e-03 -9.678386375161297e-04 -1.007737707199921e+00
2 63 -1.000274085915611e+00 -1.881902688364817e-03 -9.664522072994539e-04 -1.007733878744110e+00
3 0 -1.000275148887571e+00 -1.883012614124778e-03 -9.680912037168724e-04 -1.007728918800123e+00
3 1 -1.000275605170044e+00 -1.884370640074467e-03 -9.667372695312742e-04 -1.007724756974586e+00
3 2 -1.000276074195155e+00 -1.885723373841160e-03 -9.654452711876611e-04 -1.007720514963667e+00
3 3 -1.000276551954321e+00 -1.887056421492298e-03 -9.642341656117541e-04 -1.007716235109311e+00
3 4 -1.000277034665165e+00 -1.888356079436242e-03 -9.631205016099823e-04 -1.007711958779099e+00
3 5 -1.000277518770969e+00 -1.889609381434737e-03 -9.621183623054812e-04 -1.007707726242534e+00
3 6 -1.000278000924954e+00 -1.890804189320367e-03 -9.612392454999895e-04 -1.007703576430950e+00
3 7 -1.000278477963106e+00 -1.891929335382424e-03 -9.604918656046531e-04 -1.007699546553944e+00
3 8 -1.000278946872061e+00 -1.892974793653786e-03 -9.598819327272468e-04 -1.007695671621338e+00
3 9 -1.000279404759225e+00 -1.893931839826645e-03 -9.594120023701224e-04 -1.007691983969986e+00
3 10 -1.000279848829513e+00 -1.894793159981892e-03 -9.590814806750214e-04 -1.007688512903602e+00
3 11 -1.000280276368095e+00 -1.895552883886552e-03 -9.588868240738153e-04 -1.007685284521762e+00
3 12 -1.000280684724365e+00 -1.896206541551490e-03 -9.588219118294060e-04 -1.007682321755523e+00
3 13 -1.000281071291352e+00 -1.896750962097836e-03 -9.588785220004418e-04 -1.007679644566054e+00
3 14 -1.000281433477649e+00 -1.897184143802478e-03 -9.590468239766163e-04 -1.007677270225034e+00
3 15 -1.000281768674146e+00 -1.897505121907099e-03 -9.593158163401437e-04 -1.007675213593064e+00
3 16 -1.000282074223383e+00 -1.897713851046589e-03 -9.596736766319605e-04 -1.007673487337082e+00
3 17 -1.000282347402641e+00 -1.897811107907340e-03 -9.601080339466713e-04 -1.007672102063108e+00
3 18 -1.000282585431062e+00 -1.897798410318437e-03 -9.606062112447349e-04 -1.007671066373556e+00
3 19 -1.000282785505843e+00 -1.897677943058227e-03 -9.611554992069065e-04 -1.007670386880229e+00
3 20 -1.000282944865295e+00 -1.897452479933464e-03 -9.617435098307041e-04 -1.007670068208300e+00
3 21 -1.000283060870552e+00 -1.897125296637411e-03 -9.623586188945753e-04 -1.007670113012229e+00
3 22 -1.000283131094825e+00 -1.896700076999804e-03 -9.629904571035395e-04 -1.007670522001686e+00
3 23 -1.000283153409503e+00 -1.896180822607095e-03 -9.636303708432927e-04 -1.007671293958039e+00
3 24 -1.000283126059571e+00 -1.895571780043727e-03 -9.642717617860891e-04 -1.007672425715695e+00
3 25 -1.000283047726095e+00 -1.894877400414882e-03 -9.649102372273896e-04 -1.007673912084802e+00
3 26 -1.000282917579365e+00 -1.894102341553968e-03 -9.655435544169006e-04 -1.007675745699778e+00
3 27 -1.000282735330001e+00 -1.893251514361924e-03 -9.661714024713512e-04 -1.007677916791996e+00
3 28 -1.000282501285036e+00 -1.892330163990335e-03 -9.667951059422963e-04 -1.007680412902917e+00
3 29 -1.000282216411318e+00 -1.891343968831812e-03 -9.674173324822366e-04 -1.007683218570646e+00
3 30 -1.000281882400919e+00 -1.890299138107805e-03 -9.680418434523062e-04 -1.007686315035697e+00
3 31 -1.000281501725124e+00 -1.889202491232616e-03 -9.686732648832360e-04 -1.007689680021606e+00
3 32 -1.000281077658606e+00 -1.888061507203044e-03 -9.693168105184337e-04 -1.007693287649170e+00
3 33 -1.000280614257370e+00 -1.886884339319721e-03 -9.699778835991909e-04 -1.007697108528716e+00
3 34 -1.000280116284720e+00 -1.885679798616066e-03 -9.706615247222766e-04 -1.007701110036877e+00
3 35 -1.000279589095493e+00 -1.884457315835951e-03 -9.713717422925907e-04 -1.007705256733011e+00
3 36 -1.000279038503007e+00 -1.883226894199427e-03 -9.721108260837798e-04 -1.007709510828366e+00
3 37 -1.000278470658131e+00 -1.881999063294979e-03 -9.728787692291366e-04 -1.007713832609136e+00
3 38 -1.000277891962365e+00 -1.880784839314702e-03 -9.736728960747615e-04 -1.007718180741616e+00
3 39 -1.000277309019311e+00 -1.879595689300138e-03 -9.744877288186665e-04 -1.007722512448468e+00
3 40 -1.000276728608725e+00 -1.878443488588852e-03 -9.753150588034188e-04 -1.007726783618636e+00
3 41 -1.000276157653702e+00 -1.877340454769974e-03 -9.761441489515770e-04 -1.007730948967116e+00
3 42 -1.000275603151346e+00 -1.876299041650953e-03 -9.769619944499292e-04 -1.007734962366592e+00
3 43 -1.000275072051227e+00 -1.875331783040383e-03 -9.777536029722772e-04 -1.007738777426080e+00
3 44 -1.000274571087865e+00 -1.874451085304901e-03 -9.785023039814399e-04 -1.007742348313756e+00
3 45 -1.000274106593101e+00 -1.873668976296434e-03 -9.791901342969137e-04 -1.007745630745899e+00
3 46 -1.000273684322604e+00 -1.872996824407741e-03 -9.797983551444664e-04 -1.007748583021115e+00
3 47 -1.000273309324514e+00 -1.872445043916802e-03 -9.803081306440481e-04 -1.007751166984361e+00
3 48 -1.000272985860902e+00 -1.872022801453831e-03 -9.807013509732423e-04 -1.007753348852589e+00
3 49 -1.000272717373349e+00 -1.871737736350156e-03 -9.809615334669286e-04 -1.007755099893845e+00
3 50 -1.000272506471984e+00 -1.871595708707418e-03 -9.810746982290819e-04 -1.007756396988079e+00
3 51 -1.000272354927632e+00 -1.871600592773058e-03 -9.810301048647490e-04 -1.007757223094447e+00
3 52 -1.000272263657205e+00 -1.871754133620852e-03 -9.808207623291229e-04 -1.007757567621697e+00
3 53 -1.000272232706390e+00 -1.872055877029053e-03 -9.804436812202760e-04 -1.007757426674309e+00
3 54 -1.000272261243895e+00 -1.872503167944340e-03 -9.798999063997786e-04 -1.007756803143958e+00
3 55 -1.000272347583825e+00 -1.873091200151070e-03 -9.791944168296624e-04 -1.007755706630894e+00
3 56 -1.000272489246950e+00 -1.873813096230027e-03 -9.783359849744036e-04 -1.007754153201143e+00
3 57 -1.000272683060922e+00 -1.874660005096714e-03 -9.773370463258355e-04 -1.007752165000415e+00
3 58 -1.000272925289117e+00 -1.875621221419052e-03 -9.762135595879365e-04 -1.007749769744207e+00
3 59 -1.000273211772121e+00 -1.876684348838675e-03 -9.749847744421781e-04 -1.007747000086678e+00
3 60 -1.000273538066101e+00 -1.877835535405470e-03 -9.736728026870214e-04 -1.007743892856363e+00
3 61 -1.000273899566646e+00 -1.879059796404651e-03 -9.723019285773689e-04 -1.007740488158415e+00
3 62 -1.000274291612333e+00 -1.880341409800632e-03 -9.708976822604199e-04 -1.007736828385380e+00
3 63 -1.000274709567546e+00 -1.881664338002501e-03 -9.694857945260953e-04 -1.007732957227904e+00
4 0 -1.000275830837017e+00 -1.882889299622642e-03 -9.706996444353338e-04 -1.007727734760048e+00
4 1 -1.000276290724617e+00 -1.884260311269397e-03 -9.693263245985280e-04 -1.007723544709915e+00
4 2 -1.000276761845689e+00 -1.885622320911549e-03 -9.680192965362832e-04 -1.007719286499350e+00
4 3 -1.000277240161655e+00 -1.886960824363838e-03 -9.667977383658946e-04 -1.007715002597679e+00
4 4 -1.000277721877542e+00 -1.888262068600315e-03 -9.656783191670572e-04 -1.007710734324770e+00
4 5 -1.000278203445209e+00 -1.889513098171412e-03 -9.646751351591705e-04 -1.007706521733527e+00
4 6 -1.000278681549760e+00 -1.890701838202720e-03 -9.637996087230462e-04 -1.007702403392037e+00
4 7 -1.000279153081143e+00 -1.891817224317665e-03 -9.630603258829913e-04 -1.007698416034429e+00
4 8 -1.000279615097080e+00 -1.892849360471262e-03 -9.624628530148904e-04 -1.007694594121839e+00
4 9 -1.000280064786214e+00 -1.893789669109053e-03 -9.620096105778579e-04 -1.007690969400466e+00
4 10 -1.000280499439005e+00 -1.894630997635533e-03 -9.616998792325649e-04 -1.007687570552519e+00
4 11 -1.000280916428367e+00 -1.895367657531101e-03 -9.615299779507243e-04 -1.007684423012599e+00
4 12 -1.000281313195763e+00 -1.895995391590254e-03 -9.614936029424230e-04 -1.007681548975403e+00
4 13 -1.000281687235524e+00 -1.896511282975328e-03 -9.615822731736741e-04 -1.007678967566516e+00
4 14 -1.000282036071766e+00 -1.896913629721775e-03 -9.617858097848700e-04 -1.007676695109881e+00
4 15 -1.000282357227314e+00 -1.897201807781910e-03 -9.620927859425128e-04 -1.007674745417910e+00
4 16 -1.000282648190499e+00 -1.897376139026071e-03 -9.624909115079148e-04 -1.007673130046806e+00
4 17 -1.000282906391242e+00 -1.897437773428135e-03 -9.629673510295322e-04 -1.007671858483780e+00
4 18 -1.000283129199430e+00 -1.897388588562477e-03 -9.635090038855578e-04 -1.007670938255967e+00
4 19 -1.000283313954366e+00 -1.897231103829521e-03 -9.641027929117174e-04 -1.007670374972222e+00
4 20 -1.000283458025784e+00 -1.896968402724788e-03 -9.647360043172940e-04 -1.007670172323485e+00
4 21 -1.000283558898618e+00 -1.896604056422323e-03 -9.653966952830978e-04 -1.007670332067402e+00
4 22 -1.000283614268744e+00 -1.896142045875410e-03 -9.660741456459939e-04 -1.007670854010534e+00
4 23 -1.000283622135931e+00 -1.895586684992100e-03 -9.667592933139719e-04 -1.007671735988068e+00
4 24 -1.000283580883177e+00 -1.894942552506488e-03 -9.674450753576642e-04 -1.007672973832497e+00
4 25 -1.000283489337929e+00 -1.894214444357299e-03 -9.681266072292416e-04 -1.007674561315718e+00
4 26 -1.000283346818767e+00 -1.893407359601077e-03 -9.688011708260332e-04 -1.007676490042823e+00
4 27 -1.000283153177142e+00 -1.892526528155698e-03 -9.694680350587691e-04 -1.007678749278135e+00
4 28 -1.000282908844529e+00 -1.891577478480164e-03 -9.701281757844234e-04 -1.007681325700214e+00
4 29 -1.000282614890190e+00 -1.890566132552805e-03 -9.707839717730325e-04 -1.007684203106711e+00
4 30 -1.000282273085697e+00 -1.889498908891358e-03 -9.714389236676011e-04 -1.007687362113416e+00
4 31 -1.000281885962526e+00 -1.888382812882898e-03 -9.720973908552629e-04 -1.007690779910394e+00
4 32 -1.000281456842556e+00 -1.887225496721661e-03 -9.727642963742124e-04 -1.007694430146780e+00
4 33 -1.000280989822314e+00 -1.886035278868773e-03 -9.734447372247075e-04 -1.007698283002327e+00
4 34 -1.000280489702587e+00 -1.884821124068002e-03 -9.741434652761812e-04 -1.007702305461196e+00
4 35 -1.000279961872111e+00 -1.883592595323311e-03 -9.748642611241982e-04 -1.007706461744235e+00
4 36 -1.000279412169781e+00 -1.882359794212057e-03 -9.756092821737503e-04 -1.007710713807407e+00
4 37 -1.000278846756434e+00 -1.881133304326298e-03 -9.763784955991807e-04 -1.007715021798861e+00
4 38 -1.000278272020826e+00 -1.879924146185161e-03 -9.771692903545169e-04 -1.007719344393126e+00
4 39 -1.000277694527136e+00 -1.878743742245841e-03 -9.779763098975278e-04 -1.007723638982823e+00
4 40 -1.000277120989883e+00 -1.877603879712445e-03 -9.787914871944028e-04 -1.007727861786516e+00
4 41 -1.000276558246455e+00 -1.876516651262884e-03 -9.796042237701353e-04 -1.007731967991862e+00
4 42 -1.000276013195496e+00 -1.875494354274570e-03 -9.804016483345040e-04 -1.007735912063307e+00
4 43 -1.000275492682716e+00 -1.874549337415605e-03 -9.811689146577188e-04 -1.007739648296103e+00
4 44 -1.000275003337966e+00 -1.873693794438522e-03 -9.818895378380153e-04 -1.007743131618720e+00
4 45 -1.000274551388062e+00 -1.872939513978614e-03 -9.825458021606186e-04 -1.007746318569981e+00
4 46 -1.000274142479885e+00 -1.872297599822786e-03 -9.831192847332742e-04 -1.007749168332877e+00
4 47 -1.000273781543826e+00 -1.871778178332343e-03 -9.835915214235348e-04 -1.007751643706762e+00
4 48 -1.000273472711320e+00 -1.871390108234483e-03 -9.839448034984269e-04 -1.007753711941391e+00
4 49 -1.000273219280057e+00 -1.871140705017051e-03 -9.841630495884179e-04 -1.007755345416752e+00
4 50 -1.000273023706566e+00 -1.871035492190193e-03 -9.842326624015690e-04 -1.007756522194851e+00
4 51 -1.000272887604382e+00 -1.871077995762756e-03 -9.841432653971858e-04 -1.007757226470648e+00
4 52 -1.000272811735742e+00 -1.871269600513913e-03 -9.838882311219402e-04 -1.007757448921437e+00
4 53 -1.000272795998804e+00 -1.871609480113304e-03 -9.834649605844365e-04 -1.007757186929186e+00
4 54 -1.000272839423364e+00 -1.872094598604664e-03 -9.828749364179444e-04 -1.007756444647881e+00
4 55 -1.000272940191770e+00 -1.872719766691202e-03 -9.821236240929068e-04 -1.007755232903333e+00
4 56 -1.000273095697271e+00 -1.873477731123552e-03 -9.812203099277869e-04 -1.007753568932581e+00
4 57 -1.000273302641873e+00 -1.874359282256382e-03 -9.801779336928202e-04 -1.007751475983753e+00
4 58 -1.000273557164788e+00 -1.875353380974982e-03 -9.790129110349096e-04 -1.007748982796651e+00
4 59 -1.000273854985719e+00 -1.876447324326229e-03 -9.777448782437950e-04 -1.007746122968057e+00
4 60 -1.000274191546579e+00 -1.877626977809329e-03 -9.763962647335321e-04 -1.007742934189306e+00
4 61 -1.000274562138948e+00 -1.878877091678887e-03 -9.749916279446166e-04 -1.007739457352440e+00
4 62 -1.000274962010121e+00 -1.880181690265688e-03 -9.735567625342189e-04 -1.007735735562782e+00
4 63 -1.000275386446385e+00 -1.881524491835926e-03 -9.721176842703558e-04 -1.007731813145803e+00
5 0 -1.000276560008631e+00 -1.882869121536365e-03 -9.728770067071154e-04 -1.007726330324316e+00
5 1 -1.000277024807520e+00 -1.884255720727396e-03 -9.714827694781679e-04 -1.007722103135067e+00
5 2 -1.000277499366367e+00 -1.885629737566130e-03 -9.701591635426711e-04 -1.007717819479125e+00
5 3 -1.000277979603267e+00 -1.886976533039085e-03 -9.689256026481443e-04 -1.007713522039019e+00
5 4 -1.000278461695211e+00 -1.888282276292192e-03 -9.677988952849822e-04 -1.007709252183711e+00
5 5 -1.000278942085308e+00 -1.889533992317098e-03 -9.667931682136701e-04 -1.007705049853123e+00
5 6 -1.000279417472170e+00 -1.890719638889742e-03 -9.659197783222409e-04 -1.007700953358281e+00
5 7 -1.000279884781538e+00 -1.891828225048637e-03 -9.651871829681036e-04 -1.007696999063283e+00
5 8 -1.000280341125728e+00 -1.892849956199611e-03 -9.646007955206488e-04 -1.007693220981732e+00
5 9 -1.000280783760954e+00 -1.893776374768939e-03 -9.641628878836656e-04 -1.007689650363155e+00
5 10 -1.000281210052496e+00 -1.894600463448309e-03 -9.638726044569312e-04 -1.007686315356204e+00
5 11 -1.000281617452121e+00 -1.895316688167679e-03 -9.637261251280634e-04 -1.007683240817835e+00
5 12 -1.000282003484869e+00 -1.895920974702098e-03 -9.637169731202545e-04 -1.007680448297756e+00
5 13 -1.000282365737493e+00 -1.896410628690133e-03 -9.638364271446008e-04 -1.007677956180149e+00
5 14 -1.000282701840638e+00 -1.896784217174298e-03 -9.640739808900933e-04 -1.007675779931453e+00
5 15 -1.000283009440911e+00 -1.897041429858545e-03 -9.644177975648661e-04 -1.007673932394107e+00
5 16 -1.000283286166328e+00 -1.897182935014471e-03 -9.648551247561975e-04 -1.007672424073291e+00
5 17 -1.000283529596486e+00 -1.897210242341518e-03 -9.653726575520467e-04 -1.007671263374689e+00
5 18 -1.000283737252642e+00 -1.897125582235130e-03 -9.659568612375344e-04 -1.007670456765451e+00
5 19 -1.000283906619811e+00 -1.896931805778016e-03 -9.665942830490930e-04 -1.007670008851146e+00
5 20 -1.000284035204164e+00 -1.896632303612354e-03 -9.672718867832527e-04 -1.007669922382429e+00
5 21 -1.000284120619241e+00 -1.896230937751835e-03 -9.679774296849033e-04 -1.007670198215934e+00
5 22 -1.000284160687321e+00 -1.895731979437886e-03 -9.686998725226885e-04 -1.007670835253715e+00
5 23 -1.000284153539457e+00 -1.895140047926678e-03 -9.694297824673943e-04 -1.007671830381204e+00
5 24 -1.000284097699754e+00 -1.894460050103039e-03 -9.701596667440383e-04 -1.007673178415484e+00
5 25 -1.000283992146731e+00 -1.893697128779003e-03 -9.708841735799712e-04 -1.007674872058989e+00
5 26 -1.000283836354843e+00 -1.892856634224737e-03 -9.716001212649905e-04 -1.007676901833157e+00
5 27 -1.000283630327443e+00 -1.891944133077176e-03 -9.723063601028375e-04 -1.007679255957776e+00
5 28 -1.000283374634480e+00 -1.890965460065597e-03 -9.730035154398230e-04 -1.007681920154128e+00
5 29 -1.000283070463196e+00 -1.889926805648517e-03 -9.736936788455849e-04 -1.007684877377716e+00
5 30 -1.000282719680077e+00 -1.888834822080836e-03 -9.743800984235443e-04 -1.007688107518355e+00
5 31 -1.000282324890847e+00 -1.887696724237592e-03 -9.750668788481850e-04 -1.007691587135014e+00
5 32 -1.000281889476811e+00 -1.886520361302736e-03 -9.757586609405823e-04 -1.007695289310214e+00
5 33 -1.000281417585645e+00 -1.885314242927062e-03 -9.764602322170611e-04 -1.007699183697788e+00
5 34 -1.000280914065384e+00 -1.884087517421710e-03 -9.771760352682859e-04 -1.007703236790711e+00
5 35 -1.000280384348376e+00 -1.882849913958546e-03 -9.779095849280629e-04 -1.007707412368409e+00
5 36 -1.000279834309349e+00 -1.881611668975684e-03 -9.786628566898063e-04 -1.007711672026746e+00
5 37 -1.000279270129995e+00 -1.880383456738507e-03 -9.794357398804801e-04 -1.007715975673338e+00
5 38 -1.000278698197475e+00 -1.879176336683650e-03 -9.802256423376975e-04 -1.007720281894818e+00
5 39 -1.000278125047159e+00 -1.878001717860231e-03 -9.810272934724037e-04 -1.007724548166859e+00
5 40 -1.000277557337483e+00 -1.876871326805729e-03 -9.818327418150692e-04 -1.007728730961824e+00
5 41 -1.000277001827186e+00 -1.875797155692441e-03 -9.826315053739971e-04 -1.007732785875892e+00
5 42 -1.000276465321444e+00 -1.874791368070733e-03 -9.834108216229208e-04 -1.007736667911353e+00
5 43 -1.000275954565740e+00 -1.873866149329653e-03 -9.841559584640009e-04 -1.007740332003381e+00
5 44 -1.000275476088536e+00 -1.873033501774491e-03 -9.848505772475839e-04 -1.007743733800196e+00
5 45 -1.000275036015452e+00 -1.872304994391448e-03 -9.854771672266405e-04 -1.007746830627895e+00
5 46 -1.000274639889521e+00 -1.871691483366259e-03 -9.860175825241253e-04 -1.007749582523081e+00
5 47 -1.000274292529543e+00 -1.871202821214721e-03 -9.864537016952353e-04 -1.007751953211407e+00
5 48 -1.000273997943179e+00 -1.870847569981704e-03 -9.867682010388384e-04 -1.007753910948754e+00
5 49 -1.000273759290762e+00 -1.870632729924659e-03 -9.869453965998987e-04 -1.007755429202659e+00
5 50 -1.000273578880324e+00 -1.870563494457241e-03 -9.869720776651554e-04 -1.007756487197079e+00
5 51 -1.000273458171181e+00 -1.870643046441996e-03 -9.868382376380736e-04 -1.007757070348275e+00
5 52 -1.000273397771991e+00 -1.870872414412731e-03 -9.865376166200248e-04 -1.007757170593805e+00
5 53 -1.000273397433028e+00 -1.871250402437752e-03 -9.860680073060040e-04 -1.007756786592003e+00
5 54 -1.000273456044123e+00 -1.871773593619092e-03 -9.854313319531728e-04 -1.007755923766027e+00
5 55 -1.000273571654783e+00 -1.872436412277957e-03 -9.846335502889684e-04 -1.007754594181413e+00
5 56 -1.000273741529881e+00 -1.873231222639701e-03 -9.836844809462291e-04 -1.007752816265958e+00
5 57 -1.000273962244761e+00 -1.874148446692544e-03 -9.825975990613851e-04 -1.007750614394505e+00
5 58 -1.000274229812425e+00 -1.875176699364840e-03 -9.813898184451971e-04 -1.007748018360032e+00
5 59 -1.000274539827776e+00 -1.876302957888535e-03 -9.800812067332046e-04 -1.007745062735222e+00
5 60 -1.000274887612238e+00 -1.877512792333885e-03 -9.786945509528732e-04 -1.007741786111348e+00
5 61 -1.000275268344875e+00 -1.878790675923535e-03 -9.772547105592426e-04 -1.007738230208789e+00
5 62 -1.000275677171384e+00 -1.880120367711794e-03 -9.757877601300705e-04 -1.007734438892849e+00
5 63 -1.000276109288679e+00 -1.881485329647340e-03 -9.743200046106835e-04 -1.007730457177342e+00
6 0 -1.000277328598112e+00 -1.882952994195418e-03 -9.745990831932063e-04 -1.007724719686245e+00
6 1 -1.000277799563366e+00 -1.884357622384753e-03 -9.731825941680805e-04 -1.007720446856696e+00
6 2 -1.000278278865945e+00 -1.885746251843657e-03 -9.718410007869366e-04 -1.007716128809435e+00
6 3 -1.000278762368299e+00 -1.887104086463087e-03 -9.705939643800769e-04 -1.007711808520153e+00
6 4 -1.000279246205012e+00 -1.888417191232703e-03 -9.694584508904824e-04 -1.007707527498324e+00
6 5 -1.000279726793849e+00 -1.889672542299581e-03 -9.684486367048221e-04 -1.007703325671750e+00
6 6 -1.000280200828493e+00 -1.890858099086826e-03 -9.675758275568806e-04 -1.007699241202142e+00
6 7 -1.000280665251398e+00 -1.891962912782952e-03 -9.668483574048400e-04 -1.007695310194148e+00
6 8 -1.000281117211441e+00 -1.892977260028031e-03 -9.662714822400741e-04 -1.007691566322026e+00
6 9 -1.000281554016828e+00 -1.893892774379665e-03 -9.658473155301225e-04 -1.007688040441080e+00
6 10 -1.000281973094830e+00 -1.894702545333376e-03 -9.655748571858382e-04 -1.007684760264055e+00
6 11 -1.000282371965270e+00 -1.895401163582220e-03 -9.654501481426611e-04 -1.007681750167022e+00
6 12 -1.000282748226868e+00 -1.895984706009483e-03 -9.654665503061710e-04 -1.007679031153714e+00
6 13 -1.000283099548973e+00 -1.896450666971155e-03 -9.656151237893700e-04 -1.007676620968104e+00
6 14 -1.000283423658790e+00 -1.896797848597933e-03 -9.658850608419186e-04 -1.007674534318636e+00
6 15 -1.000283718317227e+00 -1.897026223152064e-03 -9.662641374366042e-04 -1.007672783168388e+00
6 16 -1.000283981284340e+00 -1.897136779978233e-03 -9.667391518481329e-04 -1.007671377044543e+00
6 17 -1.000284210284956e+00 -1.897131370960821e-03 -9.672963308360432e-04 -1.007670323320480e+00
6 18 -1.000284402991036e+00 -1.897012569180576e-03 -9.679216986196339e-04 -1.007669627428725e+00
6 19 -1.000284557035829e+00 -1.896783552192793e-03 -9.686014197199393e-04 -1.007669292979279e+00
6 20 -1.000284670066288e+00 -1.896448014189761e-03 -9.693221368559581e-04 -1.007669321781572e+00
6 21 -1.000284739829193e+00 -1.896010103277023e-03 -9.700713226666648e-04 -1.007669713789283e+00
6 22 -1.000284764277039e+00 -1.895474373908848e-03 -9.708376483631883e-04 -1.007670467000717e+00
6 23 -1.000284741674840e+00 -1.894845742331147e-03 -9.716113486511935e-04 -1.007671577353234e+00
6 24 -1.000284670690074e+00 -1.894129436999126e-03 -9.723845390397459e-04 -1.007673038643926e+00
6 25 -1.000284550455701e+00 -1.893330946434991e-03 -9.731514301157312e-04 -1.007674842485420e+00
6 26 -1.000284380608004e+00 -1.892455978633800e-03 -9.739083936359842e-04 -1.007676978272840e+00
6 27 -1.000284161311486e+00 -1.891510450985558e-03 -9.746538678814407e-04 -1.007679433116206e+00
6 28 -1.000283893286815e+00 -1.890500523948500e-03 -9.753881301113982e-04 -1.007682191697026e+00
6 29 -1.000283577853365e+00 -1.889432678476199e-03 -9.761129899495237e-04 -1.007685236036699e+00
6 30 -1.000283216987113e+00 -1.888313822591139e-03 -9.768314550516581e-04 -1.007688545205291e+00
6 31 -1.000282813381602e+00 -1.887151401454649e-03 -9.775473931260081e-04 -1.007692095040199e+00
6 32 -1.000282370489344e+00 -1.885953481508522e-03 -9.782651798566045e-04 -1.007695857970760e+00
6 33 -1.000281892519287e+00 -1.884728785585562e-03 -9.789893007910882e-04 -1.007699803038549e+00
6 34 -1.000281384375917e+00 -1.883486671504689e-03 -9.797238798761165e-04 -1.007703896154756e+00
6 35 -1.000280851544314e+00 -1.882237065168263e-03 -9.804721378222814e-04 -1.007708100561003e+00
6 36 -1.000280299944670e+00 -1.880990371990343e-03 -9.812358249723411e-04 -1.007712377392713e+00
6 37 -1.000279735790005e+00 -1.879757392599064e-03 -9.820147030884323e-04 -1.007716686215729e+00
6 38 -1.000279165477031e+00 -1.878549260462691e-03 -9.828061516912053e-04 -1.007720985430040e+00
6 39 -1.000278595523364e+00 -1.877377403861218e-03 -9.836049474076986e-04 -1.007725232502210e+00
6 40 -1.000278032541218e+00 -1.876253517815890e-03 -9.844032247947581e-04 -1.007729384076596e+00
6 41 -1.000277483218605e+00 -1.875189520129270e-03 -9.851905937396396e-04 -1.007733396087239e+00
6 42 -1.000276954273273e+00 -1.874197465190168e-03 -9.859543741234812e-04 -1.007737224012304e+00
6 43 -1.000276452355255e+00 -1.873289399518738e-03 -9.866799144745970e-04 -1.007740823370842e+00
6 44 -1.000275983895926e+00 -1.872477158058264e-03 -9.873509804891436e-04 -1.007744150480028e+00
6 45 -1.000275554924356e+00 -1.871772112947169e-03 -9.879502195674840e-04 -1.007747163407859e+00
6 46 -1.000275170885492e+00 -1.871184893373082e-03 -9.884597176604561e-04 -1.007749823003392e+00
6 47 -1.000274836493720e+00 -1.870725095858402e-03 -9.888616592109792e-04 -1.007752093879718e+00
6 48 -1.000274555641012e+00 -1.870401000501808e-03 -9.891390814118727e-04 -1.007753945262027e+00
6 49 -1.000274331358191e+00 -1.870219303880581e-03 -9.892766865383300e-04 -1.007755351672274e+00
6 50 -1.000274165811301e+00 -1.870184878199597e-03 -9.892616486910943e-04 -1.007756293468500e+00
6 51 -1.000274060309944e+00 -1.870300570289957e-03 -9.890843332174941e-04 -1.007756757266304e+00
6 52 -1.000274015311560e+00 -1.870567058313299e-03 -9.887388483869463e-04 -1.007756736248218e+00
6 53 -1.000274030419079e+00 -1.870982781136724e-03 -9.882233756976634e-04 -1.007756230341546e+00
6 54 -1.000274104381840e+00 -1.871543943134498e-03 -9.875402727948708e-04 -1.007755246239472e+00
6 55 -1.000274235115817e+00 -1.872244581586208e-03 -9.866959934402798e-04 -1.007753797255092e+00
6 56 -1.000274419757127e+00 -1.873076674334092e-03 -9.857008979772962e-04 -1.007751903019908e+00
6 57 -1.000274654754167e+00 -1.874030268208296e-03 -9.845690185938524e-04 -1.007749589052239e+00
6 58 -1.000274935992823e+00 -1.875093623371588e-03 -9.833177995344307e-04 -1.007746886218012e+00
6 59 -1.000275258940893e+00 -1.876253387613047e-03 -9.819677772922876e-04 -1.007743830088182e+00
6 60 -1.000275618794962e+00 -1.877494825986622e-03 -9.805421321734391e-04 -1.007740460179728e+00
6 61 -1.000276010614847e+00 -1.878802125419241e-03 -9.790660527707225e-04 -1.007736819072405e+00
6 62 -1.000276429435841e+00 -1.880158770677627e-03 -9.775659081338775e-04 -1.007732951429037e+00
6 63 -1.000276870355512e+00 -1.881547958249792e-03 -9.760682949391898e-04 -1.007728902995374e+00
7 0 -1.000278128401368e+00 -1.883140655745895e-03 -9.758455241834686e-04 -1.007722920087095e+00
7 1 -1.000278606720946e+00 -1.884565560700767e-03 -9.744057006185417e-04 -1.007718593637920e+00
7 2 -1.000279092020314e+00 -1.885971246949281e-03 -9.730449012168535e-04 -1.007714232669222e+00
7 3 -1.000279580095373e+00 -1.887342742120014e-03 -9.717830435369351e-04 -1.007709880521119e+00
7 4 -1.000280067025371e+00 -1.888665983280704e-03 -9.706372676280732e-04 -1.007705578927487e+00
7 5 -1.000280549187114e+00 -1.889927869719933e-03 -9.696218201193435e-04 -1.007701367901118e+00
7 6 -1.000281023251281e+00 -1.891116331710043e-03 -9.687479738608890e-04 -1.007697285561868e+00
7 7 -1.000281486157697e+00 -1.892220431027332e-03 -9.680239496747674e-04 -1.007693367867036e+00
7 8 -1.000281935072845e+00 -1.893230484502976e-03 -9.674548467778944e-04 -1.007689648263299e+00
7 9 -1.000282367339673e+00 -1.894138186311305e-03 -9.670426145987570e-04 -1.007686157321029e+00
7 10 -1.000282780432532e+00 -1.894936702055907e-03 -9.667861033527138e-04 -1.007682922423841e+00
7 11 -1.000283171926566e+00 -1.895620715469628e-03 -9.666812168243524e-04 -1.007679967572142e+00
7 12 -1.000283539482842e+00 -1.896186420940163e-03 -9.667211685656212e-04 -1.007677313329443e+00
7 13 -1.000283880842314e+00 -1.896631465650221e-03 -9.668968243428240e-04 -1.007674976907767e+00
7 14 -1.000284193817548e+00 -1.896954849725312e-03 -9.671971059485778e-04 -1.007672972366726e+00
7 15 -1.000284476272848e+00 -1.897156792674843e-03 -9.676094318811599e-04 -1.007671310892785e+00
7 16 -1.000284726091097e+00 -1.897238575048289e-03 -9.681201718899200e-04 -1.007670001121307e+00
7 17 -1.000284941136255e+00 -1.897202368867516e-03 -9.687150926584397e-04 -1.007669049455780e+00
7 18 -1.000285119228688e+00 -1.897051075763984e-03 -9.693797753937999e-04 -1.007668460331854e+00
7 19 -1.000285258151032e+00 -1.896788191677312e-03 -9.700999966971038e-04 -1.007668236381596e+00
7 20 -1.000285355694536e+00 -1.896417709311022e-03 -9.708620783377003e-04 -1.007668378478335e+00
7 21 -1.000285409743594e+00 -1.895944057683966e-03 -9.716532207645267e-04 -1.007668885673872e+00
7 22 -1.000285418384731e+00 -1.895372067067971e-03 -9.724618327057266e-04 -1.007669755066039e+00
7 23 -1.000285380019484e+00 -1.894706941395282e-03 -9.732778544063826e-04 -1.007670981650010e+00
7 24 -1.000285293460490e+00 -1.893954222236578e-03 -9.740930501432675e-04 -1.007672558205040e+00
7 25 -1.000285157997526e+00 -1.893119739877212e-03 -9.749012267975287e-04 -1.007674475242867e+00
7 26 -1.000284973433211e+00 -1.892209563153310e-03 -9.756983318329756e-04 -1.007676721000849e+00
7 27 -1.000284740100722e+00 -1.891229970766288e-03 -9.764824028239079e-04 -1.007679281425850e+00
7 28 -1.000284458881971e+00 -1.890187465256682e-03 -9.772533748940355e-04 -1.007682140088140e+00
7 29 -1.000284131241154e+00 -1.889088837414013e-03 -9.780127835020719e-04 -1.007685277992681e+00
7 30 -1.000283759277252e+00 -1.887941270579611e-03 -9.787634106386050e-04 -1.007688673304433e+00
7 31 -1.000283345784551e+00 -1.886752458431646e-03 -9.795089091323291e-04 -1.007692301056444e+00
7 32 -1.000282894298133e+00 -1.885530701949542e-03 -9.802534136077023e-04 -1.007696132946069e+00
7 33 -1.000282409097823e+00 -1.884284955377807e-03 -9.810011248219046e-04 -1.007700137325294e+00
7 34 -1.000281895152968e+00 -1.883024807528545e-03 -9.817558498820653e-04 -1.007704279443411e+00
7 35 -1.000281358009591e+00 -1.881760407320619e-03 -9.825204976086656e-04 -1.007708521917778e+00
7 36 -1.000280803642284e+00 -1.880502360267793e-03 -9.832965577805176e-04 -1.007712825329415e+00
7 37 -1.000280238305488e+00 -1.879261627698103e-03 -9.840836187184883e-04 -1.007717148803172e+00
7 38 -1.000279668416484e+00 -1.878049451996539e-03 -9.848789846119256e-04 -1.007721450452983e+00
7 39 -1.000279100486274e+00 -1.876877313681375e-03 -9.856774385718478e-04 -1.007725687642209e+00
7 40 -1.000278541091163e+00 -1.875756906349277e-03 -9.864711691573707e-04 -1.007729817101565e+00
7 41 -1.000277996857254e+00 -1.874700101098584e-03 -9.872498517252508e-04 -1.007733795025887e+00
7 42 -1.000277474421983e+00 -1.873718869590002e-03 -9.880008614087667e-04 -1.007737577299338e+00
7 43 -1.000276980345649e+00 -1.872825145638459e-03 -9.887095935013463e-04 -1.007741119960915e+00
7 44 -1.000276520967587e+00 -1.872030622989874e-03 -9.893598750722985e-04 -1.007744379937780e+00
7 45 -1.000276102225687e+00 -1.871346502615788e-03 -9.899344619846526e-04 -1.007747315984719e+00
7 46 -1.000275729473330e+00 -1.870783210833915e-03 -9.904156217838945e-04 -1.007749889711115e+00
7 47 -1.000275407328452e+00 -1.870350109560676e-03 -9.907858012467229e-04 -1.007752066568231e+00
7 48 -1.000275139576293e+00 -1.870055214884137e-03 -9.910283668968648e-04 -1.007753816704621e+00
7 49 -1.000274929127185e+00 -1.869904934205760e-03 -9.911283891483572e-04 -1.007755115654723e+00
7 50 -1.000274778013121e+00 -1.869903830112460e-03 -9.910734196597042e-04 -1.007755944873795e+00
7 51 -1.000274687399974e+00 -1.870054422749868e-03 -9.908541937683555e-04 -1.007756292146536e+00
7 52 -1.000274657597604e+00 -1.870357047610816e-03 -9.904651852750122e-04 -1.007756151878167e+00
7 53 -1.000274688063156e+00 -1.870809784684120e-03 -9.899049577142304e-04 -1.007755525251032e+00
7 54 -1.000274777405738e+00 -1.871408464192645e-03 -9.891762942825890e-04 -1.007754420222338e+00
7 55 -1.000274923407651e+00 -1.872146738414533e-03 -9.882861347938114e-04 -1.007752851353726e+00
7 56 -1.000275123076329e+00 -1.873016197872081e-03 -9.872453809585111e-04 -1.007750839486700e+00
7 57 -1.000275372733614e+00 -1.874006510739559e-03 -9.860686328118970e-04 -1.007748411292276e+00
7 58 -1.000275668138516e+00 -1.875105577252224e-03 -9.847738867653586e-04 -1.007745598719778e+00
7 59 -1.000276004630948e+00 -1.876299709658813e-03 -9.833821771047188e-04 -1.007742438350580e+00
7 60 -1.000276377279953e+00 -1.877573861493702e-03 -9.819171071662827e-04 -1.007738970643162e+00
7 61 -1.000276781021082e+00 -1.878911927094876e-03 -9.804042180077265e-04 -1.007735239057484e+00
7 62 -1.000277210772167e+00 -1.880297111227780e-03 -9.788701849900955e-04 -1.007731289080033e+00
7 63 -1.000277661523054e+00 -1.881712339152841e-03 -9.773418967621344e-04 -1.007727167220666e+00
8 0 -1.000278950909831e+00 -1.883430618279007e-03 -9.766002029926899e-04 -1.007720951687910e+00
8 1 -1.000279437689239e+00 -1.884877822527203e-03 -9.751362653718293e-04 -1.007716564264288e+00
8 2 -1.000279930169343e+00 -1.886302815419551e-03 -9.737552830514352e-04 -1.007712152368359e+00
8 3 -1.000280424070058e+00 -1.887690432181364e-03 -9.724774350930580e-04 -1.007707759767146e+00
8 4 -1.000280915403869e+00 -1.889026460663371e-03 -9.713200509165026e-04 -1.007703428495261e+00
8 5 -1.000281400492342e+00 -1.890297697167778e-03 -9.702974688107480e-04 -1.007699198741735e+00
8 6 -1.000281875966065e+00 -1.891492013320206e-03 -9.694209497795041e-04 -1.007695108687985e+00
8 7 -1.000282338743254e+00 -1.892598450357759e-03 -9.686986162213022e-04 -1.007691194254806e+00
8 8 -1.000282785988509e+00 -1.893607333676645e-03 -9.681354165094225e-04 -1.007687488775391e+00
8 9 -1.000283215060956e+00 -1.894510386345251e-03 -9.677331351608295e-04 -1.007684022649518e+00
8 10 -1.000283623465439e+00 -1.895300818086075e-03 -9.674904704759789e-04 -1.007680823044367e+00
8 11 -1.000284008818038e+00 -1.895973372626666e-03 -9.674031923468894e-04 -1.007677913695990e+00
8 12 -1.000284368829257e+00 -1.896524326581757e-03 -9.674643801617637e-04 -1.007675314840228e+00
8 13 -1.000284701299208e+00 -1.896951441864109e-03 -9.676647318947076e-04 -1.007673043273268e+00
8 14 -1.000285004113275e+00 -1.897253876729938e-03 -9.679929340191404e-04 -1.007671112523862e+00
8 15 -1.000285275226897e+00 -1.897432059061104e-03 -9.684360836109001e-04 -1.007669533114985e+00
8 16 -1.000285512634928e+00 -1.897487526181505e-03 -9.689801506640683e-04 -1.007668312889398e+00
8 17 -1.000285714332389e+00 -1.897422743093088e-03 -9.696104581832015e-04 -1.007667457358213e+00
8 18 -1.000285878283732e+00 -1.897240921237759e-03 -9.703121486368409e-04 -1.007666970012313e+00
8 19 -1.000286002420530e+00 -1.896945863531930e-03 -9.710706084839642e-04 -1.007666852534496e+00
8 20 -1.000286084680819e+00 -1.896541854120429e-03 -9.718718386175175e-04 -1.007667104874573e+00
8 21 -1.000286123090427e+00 -1.896033596635581e-03 -9.727027778557456e-04 -1.007667725188553e+00
8 22 -1.000286115873515e+00 -1.895426189213319e-03 -9.735515973598825e-04 -1.007668709680558e+00
8 23 -1.000286061570686e+00 -1.894725113639451e-03 -9.744079799548897e-04 -1.007670052412578e+00
8 24 -1.000285959141327e+00 -1.893936214813020e-03 -9.752633806154828e-04 -1.007671745153103e+00
8 25 -1.000285808033708e+00 -1.893065658221497e-03 -9.761112404832929e-04 -1.007673777310335e+00
8 26 -1.000285608219978e+00 -1.892119873219744e-03 -9.769471102947247e-04 -1.007676135943571e+00
8 27 -1.000285360207917e+00 -1.891105507033351e-03 -9.777686429358599e-04 -1.007678805794555e+00
8 28 -1.000285065049631e+00 -1.890029417826447e-03 -9.785754403283174e-04 -1.007681769261066e+00
8 29 -1.000284724365411e+00 -1.888898723116952e-03 -9.793687731343647e-04 -1.007685006258515e+00
8 30 -1.000284340389596e+00 -1.887720898808188e-03 -9.801512138801749e-04 -1.007688493969982e+00
8 31 -1.000283916029318e+00 -1.886503903019070e-03 -9.809262252662256e-04 -1.007692206549276e+00
8 32 -1.000283454913015e+00 -1.885256285834128e-03 -9.816977300467003e-04 -1.007696114891001e+00
8 33 -1.000282961400357e+00 -1.883987247499602e-03 -9.824696694409429e-04 -1.007700186589948e+00
8 34 -1.000282440533105e+00 -1.882706624848167e-03 -9.832455458181723e-04 -1.007704386164823e+00
8 35 -1.000281897925489e+00 -1.881424811731127e-03 -9.840279489222372e-04 -1.007708675533030e+00
8 36 -1.000281339614636e+00 -1.880152641481098e-03 -9.848180812359307e-04 -1.007713014635096e+00
8 37 -1.000280771905905e+00 -1.878901268211248e-03 -9.856153171867560e-04 -1.007717362060520e+00
8 38 -1.000280201247735e+00 -1.877682076844020e-03 -9.864168406322582e-04 -1.007721675540381e+00
8 39 -1.000279634155564e+00 -1.876506632871455e-03 -9.872173998920076e-04 -1.007725912240685e+00
8 40 -1.000279077180549e+00 -1.875386659218525e-03 -9.880092039071912e-04 -1.007730028889516e+00
8 41 -1.000278536896545e+00 -1.874334009011066e-03 -9.887819660356015e-04 -1.007733981859937e+00
8 42 -1.000278019868665e+00 -1.873360598501122e-03 -9.895230898256493e-04 -1.007737727366651e+00
8 43 -1.000277532573883e+00 -1.872478275774073e-03 -9.902179847192600e-04 -1.007741221899228e+00
8 44 -1.000277081265186e+00 -1.871698620945399e-03 -9.908504969671824e-04 -1.007744422928872e+00
8 45 -1.000276671795307e+00 -1.871032691825563e-03 -9.914034401742689e-04 -1.007747289832886e+00
8 46 -1.000276309433149e+00 -1.870490738891618e-03 -9.918592098337375e-04 -1.007749784919027e+00
8 47 -1.000275998708604e+00 -1.870081913861776e-03 -9.922004660744528e-04 -1.007751874418402e+00
8 48 -1.000275743309760e+00 -1.869813989788138e-03 -9.924108667383326e-04 -1.007753529348205e+00
8 49 -1.000275546036493e+00 -1.869693102461563e-03 -9.924758259664517e-04 -1.007754726203944e+00
8 50 -1.000275408796081e+00 -1.869723519315136e-03 -9.923832603417361e-04 -1.007755447491496e+00
8 51 -1.000275332618101e+00 -1.869907445641151e-03 -9.921242689892630e-04 -1.007755682125482e+00
8 52 -1.000275317669837e+00 -1.870244884189405e-03 -9.916936850690144e-04 -1.007755425703431e+00
8 53 -1.000275363265472e+00 -1.870733564660672e-03 -9.910904436759669e-04 -1.007754680640796e+00
8 54 -1.000275467875205e+00 -1.871368950225163e-03 -9.903177385928220e-04 -1.007753456144742e+00
8 55 -1.000275629148277e+00 -1.872144313097151e-03 -9.893829800058783e-04 -1.007751768018704e+00
8 56 -1.000275843964121e+00 -1.873050858898513e-03 -9.882976002169475e-04 -1.007749638312802e+00
8 57 -1.000276108519167e+00 -1.874077877331511e-03 -9.870767660104540e-04 -1.007747094851686e+00
8 58 -1.000276418446887e+00 -1.875212907168401e-03 -9.857390362771603e-04 -1.007744170669635e+00
8 59 -1.000276768959885e+00 -1.876441922376340e-03 -9.843059623510918e-04 -1.007740903361474e+00
8 60 -1.000277154998541e+00 -1.877749561770950e-03 -9.828015926530459e-04 -1.007737334333245e+00
8 61 -1.000277571370885e+00 -1.879119424295651e-03 -9.812518382549475e-04 -1.007733507934953e+00
8 62 -1.000278012872043e+00 -1.880534432439928e-03 -9.796836888208917e-04 -1.007729470491346e+00
8 63 -1.000278474377312e+00 -1.881977237464569e-03 -9.781243227728288e-04 -1.007725269298259e+00
9 0 -1.000279787409841e+00 -1.883820145254711e-03 -9.768515440842142e-04 -1.007718837351940e+00
9 1 -1.000280283657480e+00 -1.885291416610069e-03 -9.753630624555162e-04 -1.007714382319860e+00
9 2 -1.000280784417704e+00 -1.886737740734303e-03 -9.739612094379621e-04 -1.007709912116870e+00
9 3 -1.000281285326288e+00 -1.888143746877150e-03 -9.726664276522506e-04 -1.007705470992046e+00
9 4 -1.000281782319028e+00 -1.889495054896230e-03 -9.714962491302359e-04 -1.007701101349516e+00
9 5 -1.000282271649700e+00 -1.890778334624844e-03 -9.704651247849438e-04 -1.007696843637398e+00
9 6 -1.000282749893224e+00 -1.891981371609266e-03 -9.695843266159755e-04 -1.007692736195165e+00
9 7 -1.000283213928009e+00 -1.893093156189836e-03 -9.688618975021637e-04 -1.007688815015114e+00
9 8 -1.000283660897179e+00 -1.894103990437361e-03 -9.683026462544172e-04 -1.007685113431918e+00
9 9 -1.000284088156719e+00 -1.895005594072960e-03 -9.679081962603804e-04 -1.007681661791443e+00
9 10 -1.000284493224215e+00 -1.895791188407052e-03 -9.676770946338664e-04 -1.007678487160155e+00
9 11 -1.000284873740823e+00 -1.896455543214216e-03 -9.676049821561735e-04 -1.007675613125634e+00
9 12 -1.000285227452028e+00 -1.896994980680375e-03 -9.676848192340756e-04 -1.007673059714733e+00
9 13 -1.000285552203219e+00 -1.897407337699238e-03 -9.679071640628550e-04 -1.007670843430414e+00
9 14 -1.000285845938787e+00 -1.897691888691022e-03 -9.682605060028966e-04 -1.007668977395438e+00
9 15 -1.000286106691652e+00 -1.897849227831259e-03 -9.687316623747344e-04 -1.007667471591831e+00
9 16 -1.000286332555963e+00 -1.897881110230364e-03 -9.693062401343043e-04 -1.007666333182244e+00
9 17 -1.000286521647532e+00 -1.897790261490945e-03 -9.699691435926536e-04 -1.007665566878536e+00
9 18 -1.000286672068361e+00 -1.897580179280535e-03 -9.707050878312110e-04 -1.007665175293832e+00
9 19 -1.000286781896622e+00 -1.897254958213434e-03 -9.714990712127914e-04 -1.007665159202758e+00
9 20 -1.000286849218201e+00 -1.896819164036949e-03 -9.723367751867180e-04 -1.007665517653819e+00
9 21 -1.000286872203285e+00 -1.896277767031266e-03 -9.732048866382255e-04 -1.007666247920096e+00
9 22 -1.000286849216893e+00 -1.895636124458429e-03 -9.740913622264340e-04 -1.007667345322957e+00
9 23 -1.000286778941160e+00 -1.894899985529383e-03 -9.749856632454794e-04 -1.007668803003458e+00
9 24 -1.000286660483713e+00 -1.894075487410760e-03 -9.758789783746257e-04 -1.007670611731123e+00
9 25 -1.000286493452454e+00 -1.893169121870092e-03 -9.767644246483380e-04 -1.007672759815666e+00
9 26 -1.000286277991221e+00 -1.892187675271359e-03 -9.776371887587675e-04 -1.007675233128275e+00
9 27 -1.000286014786880e+00 -1.891138167180758e-03 -9.784945596489133e-04 -1.007678015174896e+00
9 28 -1.000285705069143e+00 -1.890027821919661e-03 -9.793358179562086e-04 -1.007681087130239e+00
9 29 -1.000285350624307e+00 -1.888864098315230e-03 -9.801619799794518e-04 -1.007684427756101e+00
9 30 -1.000284953833299e+00 -1.887654780242734e-03 -9.809754251065060e-04 -1.007688013184600e+00
9 31 -1.000284517727249e+00 -1.886408104155848e-03 -9.817794515105075e-04 -1.007691816623331e+00
9 32 -1.000284046037852e+00 -1.885132881013170e-03 -9.825778024260263e-04 -1.007695808102801e+00
9 33 -1.000283543212789e+00 -1.883838568108103e-03 -9.833741909901015e-04 -1.007699954403616e+00
9 34 -1.000283014373031e+00 -1.882535263429008e-03 -9.841718356900697e-04 -1.007704219255781e+00
9 35 -1.000282465207457e+00 -1.881233623687689e-03 -9.849730098545383e-04 -1.007708563811181e+00
9 36 -1.000281901822882e+00 -1.879944733832223e-03 -9.857786110422679e-04 -1.007712947293662e+00
9 37 -1.000281330584072e+00 -1.878679969514515e-03 -9.865877660837372e-04 -1.007717327671648e+00
9 38 -1.000280757980555e+00 -1.877450889812410e-03 -9.873974970740751e-04 -1.007721662201632e+00
9 39 -1.000280190543176e+00 -1.876269177398615e-03 -9.882024770332704e-04 -1.007725907758628e+00
9 40 -1.000279634809090e+00 -1.875146615506478e-03 -9.889949010957902e-04 -1.007730020976762e+00
9 41 -1.000279097310162e+00 -1.874095068200272e-03 -9.897644930243412e-04 -1.007733958321881e+00
9 42 -1.000278584547809e+00 -1.873126423659421e-03 -9.904986593393093e-04 -1.007737676260708e+00
9 43 -1.000278102922778e+00 -1.872252471448066e-03 -9.911827937502781e-04 -1.007741131659692e+00
9 44 -1.000277658607998e+00 -1.871484706323466e-03 -9.918007223066099e-04 -1.007744282462244e+00
9 45 -1.000277257377493e+00 -1.870834072174432e-03 -9.923352669068230e-04 -1.007747088597141e+00
9 46 -1.000276904423024e+00 -1.870310672541468e-03 -9.927688960523872e-04 -1.007749513001199e+00
9 47 -1.000276604195124e+00 -1.869923475921020e-03 -9.930844304716301e-04 -1.007751522618723e+00
9 48 -1.000276360294778e+00 -1.869680036273953e-03 -9.932657760192147e-04 -1.007753089271690e+00
9 49 -1.000276175422223e+00 -1.869586238293620e-03 -9.932986604212857e-04 -1.007754190356010e+00
9 50 -1.000276051370460e+00 -1.869646071550946e-03 -9.931713471266227e-04 -1.007754809372253e+00
9 51 -1.000275989041649e+00 -1.869861441174716e-03 -9.928752881682183e-04 -1.007754936315866e+00
9 52 -1.000275988467108e+00 -1.870232029956993e-03 -9.924056660589927e-04 -1.007754567935906e+00
9 53 -1.000276048822377e+00 -1.870755228627182e-03 -9.917617732941777e-04 -1.007753707849053e+00
9 54 -1.000276168441298e+00 -1.871426143210715e-03 -9.909471942140297e-04 -1.007752366489159e+00
9 55 -1.000276344841688e+00 -1.872237674130812e-03 -9.899697858938988e-04 -1.007750560885458e+00
9 56 -1.000276574776548e+00 -1.873180648379013e-03 -9.888414898966693e-04 -1.007748314285819e+00
9 57 -1.000276854318910e+00 -1.874243981202425e-03 -9.875780266318454e-04 -1.007745655660558e+00
9 58 -1.000277178979004e+00 -1.875414851929960e-03 -9.861985157066473e-04 -1.007742619122248e+00
9 59 -1.000277543844024e+00 -1.876678897142696e-03 -9.847250335672277e-04 -1.007739243273086e+00
9 60 -1.000277943726278e+00 -1.878020441674329e-03 -9.831820863089829e-04 -1.007735570461767e+00
9 61 -1.000278373304908e+00 -1.879422789990841e-03 -9.815959657346776e-04 -1.007731645926762e+00
9 62 -1.000278827248744e+00 -1.880868582997403e-03 -9.799939796925933e-04 -1.007727516835910e+00
9 63 -1.000279300313051e+00 -1.882340197730534e-03 -9.784035914672778e-04 -1.007723231284481e+00
10 0 -1.000280629086367e+00 -1.884305261388800e-03 -9.765928022644236e-04 -1.007716602328231e+00
10 1 -1.000281135699483e+00 -1.885802085648788e-03 -9.750797356333313e-04 -1.007712073864513e+00
10 2 -1.000281645739729e+00 -1.887271511061339e-03 -9.736566560909792e-04 -1.007707538697116e+00
10 3 -1.000282154751805e+00 -1.888697950056799e-03 -9.723442680698016e-04 -1.007703041604794e+00
10 4 -1.000282658586503e+00 -1.890066838621282e-03 -9.711603162632625e-04 -1.007698625421529e+00
10 5 -1.000283153419095e+00 -1.891364699394994e-03 -9.701193838205953e-04 -1.007694330928547e+00
10 6 -1.000283635754940e+00 -1.892579206480170e-03 -9.692327779412871e-04 -1.007690196712548e+00
10 7 -1.000284102415621e+00 -1.893699270182596e-03 -9.685084846019071e-04 -1.007686258940558e+00
10 8 -1.000284550503735e+00 -1.894715137928903e-03 -9.679511890732106e-04 -1.007682551061287e+00
10 9 -1.000284977352635e+00 -1.895618493882036e-03 -9.675623618143903e-04 -1.007679103483303e+00
10 10 -1.000285380474013e+00 -1.896402537937739e-03 -9.673404026922752e-04 -1.007675943290445e+00
10 11 -1.000285757516964e+00 -1.897062031292486e-03 -9.672808297708998e-04 -1.007673094041489e+00
10 12 -1.000286106246204e+00 -1.897593304490527e-03 -9.673764999995172e-04 -1.007670575676549e+00
10 13 -1.000286424537424e+00 -1.897994228981937e-03 -9.676178601767442e-04 -1.007668404531358e+00
10 14 -1.000286710379068e+00 -1.898264151842705e-03 -9.679932428831030e-04 -1.007666593452853e+00
10 15 -1.000286961866389e+00 -1.898403788563893e-03 -9.684892322475747e-04 -1.007665152013552e+00
10 16 -1.000287177178284e+00 -1.898415068973011e-03 -9.690911162267893e-04 -1.007664086820723e+00
10 17 -1.000287354538912e+00 -1.898300942126982e-03 -9.697834138384486e-04 -1.007663401894219e+00
10 18 -1.000287492178976e+00 -1.898065163378331e-03 -9.705504319949435e-04 -1.007663099051332e+00
10 19 -1.000287588318626e+00 -1.897712099244981e-03 -9.713767887969500e-04 -1.007663178213873e+00
10 20 -1.000287641190783e+00 -1.897246583877209e-03 -9.722478504150864e-04 -1.007663637562829e+00
10 21 -1.000287649111711e+00 -1.896673844272627e-03 -9.731500613677094e-04 -1.007664473508972e+00
10 22 -1.000287610589910e+00 -1.895999486984537e-03 -9.740711853718834e-04 -1.007665680506934e+00
10 23 -1.000287524451256e+00 -1.895229517191931e-03 -9.750004971706629e-04 -1.007667250793620e+00
10 24 -1.000287389952867e+00 -1.894370351816241e-03 -9.759289631732107e-04 -1.007669174156874e+00
10 25 -1.000287206863025e+00 -1.893428797875086e-03 -9.768494211051621e-04 -1.007671437820041e+00
10 26 -1.000286975498582e+00 -1.892411992312837e-03 -9.777567308849320e-04 -1.007674026465496e+00
10 27 -1.000286696728696e+00 -1.891327327348366e-03 -9.786478429116678e-04 -1.007676922344079e+00
10 28 -1.000286371966584e+00 -1.890182400701048e-03 -9.795217316590163e-04 -1.007680105368316e+00
10 29 -1.000286003173067e+00 -1.888985024696414e-03 -9.803791704018189e-04 -1.007683553091782e+00
10 30 -1.000285592885723e+00 -1.887743304871012e-03 -9.812223608829992e-04 -1.007687240534366e+00
10 31 -1.000285144269761e+00 -1.886465768003038e-03 -9.820544615311666e-04 -1.007691139898745e+00
10 32 -1.000284661169043e+00 -1.885161495140320e-03 -9.828790695031032e-04 -1.007695220299641e+00
10 33 -1.000284148126586e+00 -1.883840208616625e-03 -9.836997053931952e-04 -1.007699447656525e+00
10 34 -1.000283610348636e+00 -1.882512277244025e-03 -9.845193317248549e-04 -1.007703784862620e+00
10 35 -1.000283053604244e+00 -1.881188634465990e-03 -9.853399170902835e-04 -1.007708192249792e+00
10 36 -1.000282484075863e+00 -1.879880636277851e-03 -9.861620456826277e-04 -1.007712628260931e+00
10 37 -1.000281908195025e+00 -1.878599904942490e-03 -9.869845704703593e-04 -1.007717050167730e+00
10 38 -1.000281332501590e+00 -1.877358203071327e-03 -9.878043149534087e-04 -1.007721414666101e+00
10 39 -1.000280763552568e+00 -1.876167361638539e-03 -9.886158383712450e-04 -1.007725678248528e+00
10 40 -1.000280207882327e+00 -1.875039254449527e-03 -9.894112886058002e-04 -1.007729797364568e+00
10 41 -1.000279671991309e+00 -1.873985784787124e-03 -9.901803731929817e-04 -1.007733728487195e+00
10 42 -1.000279162326515e+00 -1.873018839717630e-03 -9.909104784646986e-04 -1.007737428254501e+00
10 43 -1.000278685220296e+00 -1.872150177300246e-03 -9.915869563886558e-04 -1.007740853832396e+00
10 44 -1.000278246772311e+00 -1.871391234957835e-03 -9.921935780593258e-04 -1.007743963560986e+00
10 45 -1.000277852684436e+00 -1.870752871864759e-03 -9.927131279284865e-04 -1.007746717845971e+00
10 46 -1.000277508078670e+00 -1.870245074421764e-03 -9.931280937874255e-04 -1.007749080178686e+00
10 47 -1.000277217335064e+00 -1.869876656927626e-03 -9.934214024463069e-04 -1.007751018142218e+00
10 48 -1.000276983977856e+00 -1.869654980846880e-03 -9.935771603561169e-04 -1.007752504290727e+00
10 49 -1.000276810618907e+00 -1.869585702995589e-03 -9.935813733666378e-04 -1.007753516851504e+00
10 50 -1.000276698948210e+00 -1.869672555189012e-03 -9.934226282928770e-04 -1.007754040254990e+00
10 51 -1.000276649750775e+00 -1.869917160214019e-03 -9.930927144113410e-04 -1.007754065517498e+00
10 52 -1.000276662930295e+00 -1.870318896986988e-03 -9.925871495808968e-04 -1.007753590486659e+00
10 53 -1.000276737529645e+00 -1.870874831842482e-03 -9.919055655201190e-04 -1.007752619936699e+00
10 54 -1.000276871750300e+00 -1.871579726984282e-03 -9.910519117345496e-04 -1.007751165493737e+00
10 55 -1.000277062981571e+00 -1.872426123148337e-03 -9.900344610559049e-04 -1.007749245385657e+00
10 56 -1.000277307852743e+00 -1.873404479033920e-03 -9.888656329784425e-04 -1.007746884036364e+00
10 57 -1.000277602316428e+00 -1.874503343412749e-03 -9.875616765893970e-04 -1.007744111544269e+00
10 58 -1.000277941762923e+00 -1.875709542110309e-03 -9.861422576597180e-04 -1.007740963084632e+00
10 59 -1.000278321157272e+00 -1.877008379343352e-03 -9.846299734128613e-04 -1.007737478250990e+00
10 60 -1.000278735186114e+00 -1.878383870811807e-03 -9.830497898893767e-04 -1.007733700318596e+00
10 61 -1.000279178400194e+00 -1.879819030961467e-03 -9.814283831108301e-04 -1.007729675402184e+00
10 62 -1.000279645340096e+00 -1.881296222695130e-03 -9.797933783702709e-04 -1.007725451508453e+00
10 63 -1.000280130636971e+00 -1.882797551379952e-03 -9.781725154529779e-04 -1.007721077537021e+00
11 0 -1.000281467130806e+00 -1.884880797060986e-03 -9.758222843656484e-04 -1.007714273836366e+00
11 1 -1.000281984881940e+00 -1.886404353008383e-03 -9.742850115481254e-04 -1.007709667012660e+00
11 2 -1.000282505088270e+00 -1.887898368132261e-03 -9.728407174877828e-04 -1.007705061036617e+00
11 3 -1.000283023197797e+00 -1.889347030439131e-03 -9.715103619211494e-04 -1.007700501255543e+00
11 4 -1.000283534969577e+00 -1.890735579233590e-03 -9.703119082343883e-04 -1.007696030984842e+00
11 5 -1.000284036491377e+00 -1.892050371663463e-03 -9.692600896085999e-04 -1.007691691405170e+00
11 6 -1.000284524186832e+00 -1.893278947020109e-03 -9.683662733729926e-04 -1.007687521432433e+00
11 7 -1.000284994805264e+00 -1.894410108228956e-03 -9.676384139577144e-04 -1.007683557504591e+00
11 8 -1.000285445390769e+00 -1.895434017950780e-03 -9.670810931423327e-04 -1.007679833291912e+00
11 9 -1.000285873234789e+00 -1.896342292772168e-03 -9.666956410429812e-04 -1.007676379381079e+00
11 10 -1.000286275823918e+00 -1.897128077756866e-03 -9.664803176461142e-04 -1.007673222993168e+00
11 11 -1.000286650797134e+00 -1.897786090696781e-03 -9.664305261345665e-04 -1.007670387779726e+00
11 12 -1.000286995921740e+00 -1.898312633460093e-03 -9.665390352666543e-04 -1.007667893717350e+00
11 13 -1.000287309087876e+00 -1.898705571536436e-03 -9.667962084366243e-04 -1.007665757102096e+00
11 14 -1.000287588312041e+00 -1.898964280167425e-03 -9.671902629496992e-04 -1.007663990639129e+00
11 15 -1.000287831735377e+00 -1.899089549187199e-03 -9.677075999245284e-04 -1.007662603629402e+00
11 16 -1.000288037605362e+00 -1.899083437047901e-03 -9.683332384788543e-04 -1.007661602258552e+00
11 17 -1.000288204240032e+00 -1.898949074952178e-03 -9.690513537712222e-04 -1.007660989973845e+00
11 18 -1.000288329987486e+00 -1.898690442401250e-03 -9.698458723083420e-04 -1.007660767893603e+00
11 19 -1.000288413202656e+00 -1.898312153182548e-03 -9.707010467852582e-04 -1.007660935157375e+00
11 20 -1.000288452262491e+00 -1.897819292958583e-03 -9.716019361625070e-04 -1.007661489124886e+00
11 21 -1.000288445629512e+00 -1.897217333166985e-03 -9.725347529039800e-04 -1.007662425374055e+00
11 22 -1.000288391957403e+00 -1.896512118299568e-03 -9.734870884019059e-04 -1.007663737515230e+00
11 23 -1.000288290217454e+00 -1.895709896749749e-03 -9.744480650703059e-04 -1.007665416903593e+00
11 24 -1.000288139817158e+00 -1.894817351146821e-03 -9.754084717956576e-04 -1.007667452368532e+00
11 25 -1.000287940685461e+00 -1.893841590555134e-03 -9.763609144223628e-04 -1.007669830066549e+00
11 26 -1.000287693312810e+00 -1.892790093082299e-03 -9.772999674885856e-04 -1.007672533500145e+00
11 27 -1.000287398752688e+00 -1.891670620440368e-03 -9.782222726767670e-04 -1.007675543657137e+00
11 28 -1.000287058606275e+00 -1.890491147669250e-03 -9.791265165943945e-04 -1.007678839160316e+00
11 29 -1.000286675015928e+00 -1.889259850022974e-03 -9.800132416884536e-04 -1.007682396311107e+00
11 30 -1.000286250684573e+00 -1.887985166190608e-03 -9.808844862304901e-04 -1.007686188965506e+00
11 31 -1.000285788920457e+00 -1.886675923433926e-03 -9.817432915735854e-04 -1.007690188271244e+00
11 32 -1.000285293687643e+00 -1.885341480283916e-03 -9.825931413149703e-04 -1.007694362383622e+00
11 33 -1.000284769631042e+00 -1.883991829674714e-03 -9.834374010142923e-04 -1.007698676322839e+00
11 34 -1.000284222047302e+00 -1.882637617345628e-03 -9.842788106361250e-04 -1.007703092108391e+00
11 35 -1.000283656789986e+00 -1.881290062885583e-03 -9.851190538975275e-04 -1.007707569210720e+00
11 36 -1.000283080121909e+00 -1.879960808384429e-03 -9.859584021515396e-04 -1.007712065239968e+00
11 37 -1.000282498547696e+00 -1.878661744285399e-03 -9.867954159962081e-04 -1.007716536704968e+00
11 38 -1.000281918666029e+00 -1.877404863531094e-03 -9.876266889381840e-04 -1.007720939661757e+00
11 39 -1.000281347070297e+00 -1.876202174525859e-03 -9.884466311540804e-04 -1.007725230133815e+00
11 40 -1.000280790303065e+00 -1.875065670416659e-03 -9.892473117549432e-04 -1.007729364298919e+00
11 41 -1.000280254844156e+00 -1.874007321025724e-03 -9.900183973854393e-04 -1.007733298552368e+00
11 42 -1.000279747096037e+00 -1.873039038552805e-03 -9.907472341727048e-04 -1.007736989621668e+00
11 43 -1.000279273331148e+00 -1.872172575645263e-03 -9.914191111271861e-04 -1.007740394893053e+00
11 44 -1.000278839583025e+00 -1.871419339271864e-03 -9.920177155649185e-04 -1.007743473026568e+00
11 45 -1.000278451488040e+00 -1.870790132289754e-03 -9.925257544071381e-04 -1.007746184828471e+00
11 46 -1.000278114105770e+00 -1.870294853848704e-03 -9.929256846688025e-04 -1.007748494266334e+00
11 47 -1.000277831754618e+00 -1.869942194213398e-03 -9.932004851534657e-04 -1.007750369481864e+00
11 48 -1.000277607892479e+00 -1.869739350948876e-03 -9.933344126725511e-04 -1.007751783681763e+00
11 49 -1.000277445054356e+00 -1.869691778804160e-03 -9.933137108792736e-04 -1.007752715847632e+00
11 50 -1.000277344839191e+00 -1.869802974858882e-03 -9.931272612033063e-04 -1.007753151265637e+00
11 51 -1.000277307926304e+00 -1.870074300478628e-03 -9.927671698355335e-04 -1.007753081902187e+00
11 52 -1.000277334101677e+00 -1.870504850169949e-03 -9.922292717698283e-04 -1.007752506638233e+00
11 53 -1.000277422283257e+00 -1.871091384264906e-03 -9.915135152984329e-04 -1.007751431348384e+00
11 54 -1.000277570545846e+00 -1.871828338592639e-03 -9.906241842623936e-04 -1.007749868802867e+00
11 55 -1.000277776154658e+00 -1.872707910448240e-03 -9.895699290912100e-04 -1.007747838388213e+00
11 56 -1.000278035619217e+00 -1.873720204714920e-03 -9.883636066062777e-04 -1.007745365671055e+00
11 57 -1.000278344775835e+00 -1.874853416034740e-03 -9.870219579344466e-04 -1.007742481849325e+00
11 58 -1.000278698899403e+00 -1.876094027214812e-03 -9.855651674040488e-04 -1.007739223134478e+00
11 59 -1.000279092837519e+00 -1.877427019382754e-03 -9.840163362405034e-04 -1.007735630084970e+00
11 60 -1.000279521155193e+00 -1.878836107639834e-03 -9.824008824425171e-04 -1.007731746876873e+00
11 61 -1.000279978277091e+00 -1.880304024301336e-03 -9.807458619804025e-04 -1.007727620479209e+00
11 62 -1.000280458615478e+00 -1.881812861363503e-03 -9.790792111465055e-04 -1.007723299722793e+00
11 63 -1.000280956675030e+00 -1.883344458420069e-03 -9.774289337746011e-04 -1.007718834306321e+00
12 0 -1.000282292851868e+00 -1.885540466428462e-03 -9.745435072929860e-04 -1.007711880561536e+00
12 1 -1.000282822375911e+00 -1.887091603792583e-03 -9.729828472298785e-04 -1.007707191421128e+00
12 2 -1.000283353507051e+00 -1.888611391541993e-03 -9.715177447862778e-04 -1.007702509687451e+00
12 3 -1.000283881592174e+00 -1.890083788773458e-03 -9.701694034891668e-04 -1.007697881307074e+00
12 4 -1.000284402293241e+00 -1.891493828150668e-03 -9.689560071467577e-04 -1.007693350120543e+00
12 5 -1.000284911603160e+00 -1.892827685567570e-03 -9.678924541176696e-04 -1.007688957766520e+00
12 6 -1.000285405853548e+00 -1.894072744509844e-03 -9.669901962318505e-04 -1.007684743563816e+00
12 7 -1.000285881707811e+00 -1.895217675107293e-03 -9.662571834579309e-04 -1.007680744309905e+00
12 8 -1.000286336134799e+00 -1.896252526186004e-03 -9.656979178047011e-04 -1.007676993999171e+00
12 9 -1.000286766365265e+00 -1.897168815048058e-03 -9.653136059585776e-04 -1.007673523509799e+00
12 10 -1.000287169841465e+00 -1.897959598680770e-03 -9.651023786929856e-04 -1.007670360319141e+00
12 11 -1.000287544173796e+00 -1.898619516973371e-03 -9.650595334936294e-04 -1.007667528292578e+00
12 12 -1.000287887114830e+00 -1.899144806365978e-03 -9.651777658990767e-04 -1.007665047566680e+00
12 13 -1.000288196552473e+00 -1.899533285958733e-03 -9.654473830135855e-04 -1.007662934526632e+00
12 14 -1.000288470514493e+00 -1.899784314589259e-03 -9.658565281901660e-04 -1.007661201871361e+00
12 15 -1.000288707170671e+00 -1.899898708878159e-03 -9.663914715530398e-04 -1.007659858770394e+00
12 16 -1.000288904819712e+00 -1.899878607947640e-03 -9.670370183460952e-04 -1.007658911126834e+00
12 17 -1.000289061857192e+00 -1.899727280313113e-03 -9.677770488737068e-04 -1.007658361945000e+00
12 18 -1.000289176734842e+00 -1.899448891485514e-03 -9.685951457001806e-04 -1.007658211754909e+00
12 19 -1.000289247932580e+00 -1.899048273268562e-03 -9.694752185719507e-04 -1.007658458998739e+00
12 20 -1.000289273965985e+00 -1.898530742061229e-03 -9.704020322354957e-04 -1.007659100273914e+00
12 21 -1.000289253442107e+00 -1.897901998595897e-03 -9.713615793559844e-04 -1.007660130365270e+00
12 22 -1.000289185160200e+00 -1.897168112074725e-03 -9.723412993871867e-04 -1.007661542069114e+00
12 23 -1.000289068237840e+00 -1.896335560034649e-03 -9.733301957401471e-04 -1.007663325887348e+00
12 24 -1.000288902233227e+00 -1.895411275191852e-03 -9.743189245928147e-04 -1.007665469720457e+00
12 25 -1.000288687235623e+00 -1.894402653026933e-03 -9.752999093324329e-04 -1.007667958686087e+00
12 26 -1.000288423908771e+00 -1.893317500230278e-03 -9.762674841896992e-04 -1.007670775126368e+00
12 27 -1.000288113491389e+00 -1.892163941430116e-03 -9.772180160478904e-04 -1.007673898769684e+00
12 28 -1.000287757775654e+00 -1.890950329502142e-03 -9.781499249092208e-04 -1.007677306933525e+00
12 29 -1.000287359090846e+00 -1.889685208833584e-03 -9.790635353416192e-04 -1.007680974635463e+00
12 30 -1.000286920312400e+00 -1.888377360157365e-03 -9.799607346850634e-04 -1.007684874527085e+00
12 31 -1.000286444899434e+00 -1.887035919688272e-03 -9.808444668529574e-04 -1.007688976659715e+00
12 32 -1.000285936943445e+00 -1.885670529431786e-03 -9.817181319453619e-04 -1.007693248192815e+00
12 33 -1.000285401196939e+00 -1.884291456183237e-03 -9.825849781989146e-04 -1.007697653218203e+00
12 34 -1.000284843050980e+00 -1.882909625046405e-03 -9.834475603239311e-04 -1.007702152856905e+00
12 35 -1.000284268446787e+00 -1.881536546810758e-03 -9.843073041055979e-04 -1.007706705689854e+00
12 36 -1.000283683731135e+00 -1.880184160511939e-03 -9.851641772229910e-04 -1.007711268454574e+00
12 37 -1.000283095487001e+00 -1.878864642538910e-03 -9.860164376895100e-04 -1.007715796841291e+00
12 38 -1.000282510379319e+00 -1.877590239570258e-03 -9.868604241016900e-04 -1.007720246196224e+00
12 39 -1.000281935047287e+00 -1.876373163950994e-03 -9.876903664854321e-04 -1.007724571994614e+00
12 40 -1.000281376052385e+00 -1.875225555340937e-03 -9.884982263165666e-04 -1.007728730058993e+00
12 41 -1.000280839864825e+00 -1.874159476336194e-03 -9.892736073027256e-04 -1.007732676623398e+00
12 42 -1.000280332852809e+00 -1.873186889153489e-03 -9.900037992293595e-04 -1.007736368423713e+00
12 43 -1.000279861237750e+00 -1.872319565369366e-03 -9.906740124919933e-04 -1.007739762988492e+00
12 44 -1.000279430994609e+00 -1.871568906766170e-03 -9.912678285869034e-04 -1.007742819220935e+00
12 45 -1.000279047701156e+00 -1.870945687164094e-03 -9.917678437235120e-04 -1.007745498249862e+00
12 46 -1.000278716361807e+00 -1.870459747743710e-03 -9.921564394887662e-04 -1.007747764438556e+00
12 47 -1.000278441241819e+00 -1.870119685026045e-03 -9.924165949291616e-04 -1.007749586404305e+00
12 48 -1.000278225742931e+00 -1.869932562570460e-03 -9.925326656856517e-04 -1.007750937921618e+00
12 49 -1.000278072335002e+00 -1.869903661280708e-03 -9.924910889402142e-04 -1.007751798641327e+00
12 50 -1.000277982538450e+00 -1.870036269403125e-03 -9.922810070600435e-04 -1.007752154621610e+00
12 51 -1.000277956939246e+00 -1.870331510781172e-03 -9.918948180333109e-04 -1.007751998698051e+00
12 52 -1.000277995216897e+00 -1.870788218365480e-03 -9.913286512970017e-04 -1.007751330707871e+00
12 53 -1.000278096173898e+00 -1.871402868950676e-03 -9.905827446404702e-04 -1.007750157554552e+00
12 54 -1.000278257765924e+00 -1.872169593840151e-03 -9.896616805718113e-04 -1.007748493088935e+00
12 55 -1.000278477140077e+00 -1.873080267442690e-03 -9.885744427720678e-04 -1.007746357802152e+00
12 56 -1.000278750691398e+00 -1.874124659686973e-03 -9.873342761852837e-04 -1.007743778357604e+00
12 57 -1.000279074145307e+00 -1.875290628179784e-03 -9.859583662397595e-04 -1.007740787011682e+00
12 58 -1.000279442667205e+00 -1.876564327937437e-03 -9.844673759375100e-04 -1.007737420973503e+00
12 59 -1.000279850993367e+00 -1.877930430381143e-03 -9.828848819977258e-04 -1.007733721729777e+00
12 60 -1.000280293572763e+00 -1.879372362106356e-03 -9.812367361660391e-04 -1.007729734322663e+00
12 61 -1.000280764708178e+00 -1.880872584844002e-03 -9.795503616743856e-04 -1.007725506543517e+00
12 62 -1.000281258685618e+00 -1.882412930649749e-03 -9.778539930564250e-04 -1.007721088021040e+00
12 63 -1.000281769882852e+00 -1.883974982698027e-03 -9.761758816109455e-04 -1.007716529237050e+00
13 0 -1.000283097787886e+00 -1.886276976365281e-03 -9.727652879067210e-04 -1.007709452076170e+00
13 1 -1.000283639570201e+00 -1.887856197855213e-03 -9.711825076242871e-04 -1.007704677700650e+00
13 2 -1.000284182245144e+00 -1.889402615574049e-03 -9.696974122722930e-04 -1.007699916227745e+00
13 3 -1.000284721055024e+00 -1.890899957769468e-03 -9.683314329930867e-04 -1.007695214227785e+00
13 4 -1.000285251560572e+00 -1.892333043262872e-03 -9.671029710170852e-04 -1.007690616103013e+00
13 5 -1.000285769654155e+00 -1.893687854005227e-03 -9.660271010255103e-04 -1.007686163999664e+00
13 6 -1.000286271567022e+00 -1.894951599373092e-03 -9.651153818067131e-04 -1.007681897704174e+00
13 7 -1.000286753864727e+00 -1.896112792935691e-03 -9.643757869732352e-04 -1.007677854455479e+00
13 8 -1.000287213425375e+00 -1.897161341440063e-03 -9.638127658099975e-04 -1.007674068670284e+00
13 9 -1.000287647401113e+00 -1.898088631855464e-03 -9.634274224672142e-04 -1.007670571627981e+00
13 10 -1.000288053171048e+00 -1.898887600505691e-03 -9.632177723686969e-04 -1.007667391178088e+00
13 11 -1.000288428298448e+00 -1.899552775258024e-03 -9.631790181948443e-04 -1.007664551519462e+00
13 12 -1.000288770503309e+00 -1.900080290581976e-03 -9.633037972094427e-04 -1.007662073072369e+00
13 13 -1.000289077654037e+00 -1.900467879336098e-03 -9.635823858482631e-04 -1.007659972439671e+00
13 14 -1.000289347772517e+00 -1.900714840362447e-03 -9.640028931574671e-04 -1.007658262447889e+00
13 15 -1.000289579039554e+00 -1.900821970014212e-03 -9.645515104769688e-04 -1.007656952274171e+00
13 16 -1.000289769786895e+00 -1.900791439195991e-03 -9.652128876846575e-04 -1.007656047680771e+00
13 17 -1.000289918469780e+00 -1.900626606377249e-03 -9.659706658966910e-04 -1.007655551365880e+00
13 18 -1.000290023627703e+00 -1.900331781339565e-03 -9.668081283310270e-04 -1.007655463392424e+00
13 19 -1.000290083853319e+00 -1.899911980588457e-03 -9.677088719214619e-04 -1.007655781602449e+00
13 20 -1.000290097792944e+00 -1.899372726554414e-03 -9.686573859559743e-04 -1.007656501902694e+00
13 21 -1.000290064194197e+00 -1.898719930959766e-03 -9.696394585846706e-04 -1.007657618335846e+00
13 22 -1.000289982000616e+00 -1.897959872393904e-03 -9.706423980947291e-04 -1.007659122922908e+00
13 23 -1.000289850475839e+00 -1.897099241988515e-03 -9.716551211699942e-04 -1.007661005347647e+00
13 24 -1.000289669328264e+00 -1.896145205230391e-03 -9.726681954469191e-04 -1.007663252618344e+00
13 25 -1.000289438806280e+00 -1.895105425984022e-03 -9.736739123889640e-04 -1.007665848850773e+00
13 26 -1.000289159745613e+00 -1.893988023847216e-03 -9.746664139273718e-04 -1.007668775257034e+00
13 27 -1.000288833569855e+00 -1.892801476170311e-03 -9.756418297250155e-04 -1.007672010322065e+00
13 28 -1.000288462263658e+00 -1.891554510326972e-03 -9.765983372455711e-04 -1.007675530056064e+00
13 29 -1.000288048346915e+00 -1.890256042560965e-03 -9.775360567595901e-04 -1.007679308174351e+00
13 30 -1.000287594873220e+00 -1.888915202027633e-03 -9.784567352708676e-04 -1.007683316094618e+00
13 31 -1.000287105459202e+00 -1.887541440681179e-03 -9.793632352522548e-04 -1.007687522739072e+00
13 32 -1.000286584330027e+00 -1.886144688260539e-03 -9.802588999443744e-04 -1.007691894243536e+00
13 33 -1.000286036350477e+00 -1.884735486174862e-03 -9.811468967870526e-04 -1.007696393752648e+00
13 34 -1.000285467009036e+00 -1.883325038027810e-03 -9.820296348427796e-04 -1.007700981475783e+00
13 35 -1.000284882336724e+00 -1.881925147014940e-03 -9.829083147713340e-04 -1.007705615088053e+00
13 36 -1.000284288766794e+00 -1.880548055613657e-03 -9.837826181075301e-04 -1.007710250426779e+00
13 37 -1.000283692964496e+00 -1.879206239274933e-03 -9.846504990482039e-04 -1.007714842320838e+00
13 38 -1.000283101667134e+00 -1.877912217673658e-03 -9.855080239851602e-04 -1.007719345348477e+00
13 39 -1.000282521568266e+00 -1.876678430761565e-03 -9.863492169179587e-04 -1.007723714365336e+00
13 40 -1.000281959258721e+00 -1.875517190198889e-03 -9.871659060989196e-04 -1.007727904759155e+00
13 41 -1.000281421210152e+00 -1.874440676143203e-03 -9.879476131487658e-04 -1.007731872521667e+00
13 42 -1.000280913766922e+00 -1.873460923877526e-03 -9.886815594286934e-04 -1.007735574319027e+00
13 43 -1.000280443108611e+00 -1.872589746210342e-03 -9.893528669554770e-04 -1.007738967746472e+00
13 44 -1.000280015159613e+00 -1.871838563182685e-03 -9.899449967343099e-04 -1.007742011874114e+00
13 45 -1.000279635446345e+00 -1.871218145366105e-03 -9.904404087358572e-04 -1.007744668074602e+00
13 46 -1.000279308925253e+00 -1.870738304149952e-03 -9.908213707980522e-04 -1.007746901025476e+00
13 47 -1.000279039816577e+00 -1.870407572240686e-03 -9.910708140544564e-04 -1.007748679734926e+00
13 48 -1.000278831475779e+00 -1.870232909846143e-03 -9.911731416851976e-04 -1.007749978456602e+00
13 49 -1.000278686319277e+00 -1.870219454089745e-03 -9.911149373871512e-04 -1.007750777418858e+00
13 50 -1.000278605801809e+00 -1.870370312858104e-03 -9.908855661739512e-04 -1.007751063359675e+00
13 51 -1.000278590429024e+00 -1.870686399410887e-03 -9.904776876010202e-04 -1.007750829892968e+00
13 52 -1.000278639786325e+00 -1.871166311431654e-03 -9.898876983403578e-04 -1.007750077723390e+00
13 53 -1.000278752571782e+00 -1.871806268423654e-03 -9.891160948967300e-04 -1.007748814698070e+00
13 54 -1.000278926631180e+00 -1.872600123099800e-03 -9.881677189965416e-04 -1.007747055670197e+00
13 55 -1.000279159001087e+00 -1.873539451949780e-03 -9.870518380078539e-04 -1.007744822166702e+00
13 56 -1.000279445968756e+00 -1.874613713477696e-03 -9.857820283433497e-04 -1.007742141887699e+00
13 57 -1.000279783155448e+00 -1.875810449996155e-03 -9.843758625176684e-04 -1.007739048094050e+00
13 58 -1.000280165624290e+00 -1.877115508339067e-03 -9.828544315783783e-04 -1.007735578942510e+00
13 59 -1.000280588007763e+00 -1.878513267758475e-03 -9.812417480957944e-04 -1.007731776800852e+00
13 60 -1.000281044646076e+00 -1.879986882486418e-03 -9.795640689116477e-04 -1.007727687532172e+00
13 61 -1.000281529726339e+00 -1.881518559052977e-03 -9.778491633254359e-04 -1.007723359707605e+00
13 62 -1.000282037412488e+00 -1.883089884006123e-03 -9.761255454093330e-04 -1.007718843717130e+00
13 63 -1.000282561956973e+00 -1.884682196703106e-03 -9.744216933312988e-04 -1.007714190799717e+00
14 0 -1.000283873817928e+00 -1.887082161020282e-03 -9.705017622668216e-04 -1.007707018212151e+00
14 1 -1.000284428184259e+00 -1.888689609628463e-03 -9.688985715227612e-04 -1.007702156773975e+00
14 2 -1.000284982871235e+00 -1.890263173185910e-03 -9.673947117117847e-04 -1.007697312608616e+00
14 3 -1.000285533014134e+00 -1.891786349777085e-03 -9.660118205500860e-04 -1.007692532928422e+00
14 4 -1.000286074069553e+00 -1.893243740218483e-03 -9.647685080932213e-04 -1.007687862726212e+00
14 5 -1.000286601825231e+00 -1.894621122970555e-03 -9.636800314682312e-04 -1.007683344696612e+00
14 6 -1.000287112405408e+00 -1.895905517494792e-03 -9.627580761374763e-04 -1.007679019150557e+00
14 7 -1.000287602267517e+00 -1.897085258735571e-03 -9.620106676684543e-04 -1.007674923843915e+00
14 8 -1.000288068184958e+00 -1.898150084392862e-03 -9.614422321622608e-04 -1.007671093707960e+00
14 9 -1.000288507214505e+00 -1.899091220992073e-03 -9.610537957210980e-04 -1.007667560527890e+00
14 10 -1.000288916653862e+00 -1.899901452001864e-03 -9.608432758089483e-04 -1.007664352638426e+00
14 11 -1.000289294000613e+00 -1.900575159267186e-03 -9.608057934438562e-04 -1.007661494690664e+00
14 12 -1.000289636924131e+00 -1.901108339345628e-03 -9.609339425730032e-04 -1.007659007510897e+00
14 13 -1.000289943255985e+00 -1.901498600403158e-03 -9.612179924999368e-04 -1.007656908044925e+00
14 14 -1.000290210995026e+00 -1.901745139312827e-03 -9.616460550102291e-04 -1.007655209376779e+00
14 15 -1.000290438315322e+00 -1.901848686116482e-03 -9.622042938946693e-04 -1.007653920827887e+00
14 16 -1.000290623562995e+00 -1.901811394615600e-03 -9.628772641964296e-04 -1.007653048161376e+00
14 17 -1.000290765234124e+00 -1.901636664745622e-03 -9.636484285750689e-04 -1.007652593908943e+00
14 18 -1.000290861938524e+00 -1.901328906451489e-03 -9.645008225912569e-04 -1.007652557794051e+00
14 19 -1.000290912367156e+00 -1.900893284239384e-03 -9.654177680198111e-04 -1.007652937165906e+00
14 20 -1.000290915286669e+00 -1.900335498241773e-03 -9.663835036417688e-04 -1.007653727323869e+00
14 21 -1.000290869578935e+00 -1.899661649817498e-03 -9.673836319630737e-04 -1.007654921630119e+00
14 22 -1.000290774328560e+00 -1.898878209351284e-03 -9.684053516377835e-04 -1.007656511377968e+00
14 23 -1.000290628943529e+00 -1.897992064219853e-03 -9.694375238169956e-04 -1.007658485476098e+00
14 24 -1.000290433280792e+00 -1.897010593644550e-03 -9.704706704991311e-04 -1.007660830085099e+00
14 25 -1.000290187745636e+00 -1.895941709772010e-03 -9.714970017992361e-04 -1.007663528364470e+00
14 26 -1.000289893343281e+00 -1.894793826484459e-03 -9.725105172635445e-04 -1.007666560437436e+00
14 27 -1.000289551680302e+00 -1.893575759700364e-03 -9.735071499864860e-04 -1.007669903575287e+00
14 28 -1.000289164933538e+00 -1.892296603701639e-03 -9.744848615947805e-04 -1.007673532494114e+00
14 29 -1.000288735815459e+00 -1.890965645795208e-03 -9.754435822651448e-04 -1.007677419602181e+00
14 30 -1.000288267561935e+00 -1.889592367446932e-03 -9.763849272640967e-04 -1.007681535064863e+00
14 31 -1.000287763952387e+00 -1.888186541112441e-03 -9.773116897015598e-04 -1.007685846652518e+00
14 32 -1.000287229350655e+00 -1.886758386400118e-03 -9.782271784160863e-04 -1.007690319459795e+00
14 33 -1.000286668737492e+00 -1.885318717707871e-03 -9.791345141483680e-04 -1.007694915675620e+00
14 34 -1.000286087700990e+00 -1.883879013419386e-03 -9.800360008806932e-04 -1.007699594594790e+00
14 35 -1.000285492363217e+00 -1.882451366518409e-03 -9.809326518680800e-04 -1.007704312981953e+00
14 36 -1.000284889245180e+00 -1.881048324549689e-03 -9.818238880508006e-04 -1.007709025760589e+00
14 37 -1.000284285096918e+00 -1.879682670019103e-03 -9.827073678308168e-04 -1.007713686869930e+00
14 38 -1.000283686732919e+00 -1.878367210491262e-03 -9.835788765951538e-04 -1.007718250074222e+00
14 39 -1.000283100908679e+00 -1.877114633915107e-03 -9.844322128896436e-04 -1.007722669547007e+00
14 40 -1.000282534254189e+00 -1.875937446970850e-03 -9.852590504051731e-04 -1.007726900168138e+00
14 41 -1.000281993253364e+00 -1.874847970202802e-03 -9.860488126077485e-04 -1.007730897610663e+00
14 42 -1.000281484237319e+00 -1.873858333336700e-03 -9.867886439994501e-04 -1.007734618395748e+00
14 43 -1.000281013353411e+00 -1.872980410982462e-03 -9.874635740295483e-04 -1.007738020111366e+00
14 44 -1.000280586483882e+00 -1.872225662867577e-03 -9.880569360148376e-04 -1.007741061919814e+00
14 45 -1.000280209111268e+00 -1.871604880146877e-03 -9.885510361411327e-04 -1.007743705359965e+00
14 46 -1.000279886151312e+00 -1.871127871338823e-03 -9.889279969389449e-04 -1.007745915341672e+00
14 47 -1.000279621787259e+00 -1.870803134935095e-03 -9.891706578241690e-04 -1.007747661176969e+00
14 48 -1.000279419337878e+00 -1.870637558858120e-03 -9.892634195461131e-04 -1.007748917506623e+00
14 49 -1.000279281177546e+00 -1.870636167676537e-03 -9.891929634567060e-04 -1.007749665040462e+00
14 50 -1.000279208708179e+00 -1.870801919548925e-03 -9.889488346441759e-04 -1.007749891097330e+00
14 51 -1.000279202368684e+00 -1.871135547098919e-03 -9.885239189899263e-04 -1.007749589968910e+00
14 52 -1.000279261663707e+00 -1.871635442274928e-03 -9.879148491080078e-04 -1.007748763127036e+00
14 53 -1.000279385199134e+00 -1.872297596732140e-03 -9.871223465800865e-04 -1.007747419265282e+00
14 54 -1.000279570721474e+00 -1.873115614089621e-03 -9.861514702130120e-04 -1.007745574147834e+00
14 55 -1.000279815165847e+00 -1.874080802117945e-03 -9.850117177676839e-04 -1.007743250254002e+00
14 56 -1.000280114719840e+00 -1.875182335903812e-03 -9.837169351268962e-04 -1.007740476246070e+00
14 57 -1.000280464908490e+00 -1.876407468387003e-03 -9.822850174804822e-04 -1.007737286322997e+00
14 58 -1.000280860700982e+00 -1.877741761851755e-03 -9.807374241528398e-04 -1.007733719528409e+00
14 59 -1.000281296634931e+00 -1.879169325182131e-03 -9.790985535108496e-04 -1.007729819052982e+00
14 60 -1.000281766950858e+00 -1.880673060655792e-03 -9.773950288695956e-04 -1.007725631524179e+00
14 61 -1.000282265728407e+00 -1.882234938664785e-03 -9.756549365050364e-04 -1.007721206239888e+00
14 62 -1.000282787015746e+00 -1.883836317855676e-03 -9.739070457155375e-04 -1.007716594305220e+00
14 63 -1.000283324943763e+00 -1.885458309743269e-03 -9.721800366031085e-04 -1.007711847680037e+00
15 0 -1.000284613268045e+00 -1.887947134071887e-03 -9.677723344058781e-04 -1.007704608416140e+00
15 1 -1.000285180377041e+00 -1.889582586928123e-03 -9.661508665610585e-04 -1.007699659212481e+00
15 2 -1.000285747384611e+00 -1.891183460210363e-03 -9.646298748524911e-04 -1.007694730475481e+00
15 3 -1.000286309317845e+00 -1.892733025907610e-03 -9.632311767935083e-04 -1.007689870069302e+00
15 4 -1.000286861527613e+00 -1.894215665898976e-03 -9.619735763684484e-04 -1.007685123598208e+00
15 5 -1.000287399694247e+00 -1.895616948284273e-03 -9.608725139063004e-04 -1.007680534339207e+00
15 6 -1.000287919829838e+00 -1.896923689154685e-03 -9.599398178218324e-04 -1.007676143177802e+00
15 7 -1.000288418275243e+00 -1.898124025111923e-03 -9.591835928452228e-04 -1.007671988454103e+00
15 8 -1.000288891687022e+00 -1.899207499797542e-03 -9.586082728130040e-04 -1.007668105698010e+00
15 9 -1.000289337011119e+00 -1.900165150084460e-03 -9.582148336991497e-04 -1.007664527299856e+00
15 10 -1.000289751446141e+00 -1.900989574432716e-03 -9.580011163752693e-04 -1.007661282190680e+00
15 11 -1.000290132405608e+00 -1.901674974896687e-03 -9.579621758638146e-04 -1.007658395591052e+00
15 12 -1.000290477490431e+00 -1.902217175317353e-03 -9.580905777296411e-04 -1.007655888852082e+00
15 13 -1.000290784478271e+00 -1.902613622469653e-03 -9.583766055749990e-04 -1.007653779382815e+00
15 14 -1.000291051327996e+00 -1.902863371049763e-03 -9.588084081866248e-04 -1.007652080650123e+00
15 15 -1.000291276189283e+00 -1.902967040293121e-03 -9.593721710739861e-04 -1.007650802252491e+00
15 16 -1.000291457403977e+00 -1.902926719158702e-03 -9.600524151211596e-04 -1.007649950092346e+00
15 17 -1.000291593489825e+00 -1.902745800721146e-03 -9.608324883616153e-04 -1.007649526673401e+00
15 18 -1.000291683108441e+00 -1.902428749651577e-03 -9.616952362274347e-04 -1.007649531510418e+00
15 19 -1.000291725032816e+00 -1.901980839191509e-03 -9.626237500369823e-04 -1.007649961574410e+00
15 20 -1.000291718137258e+00 -1.901407915854698e-03 -9.636020491590102e-04 -1.007650811650102e+00
15 21 -1.000291661429237e+00 -1.900716246491585e-03 -9.646155730230270e-04 -1.007652074490473e+00
15 22 -1.000291554129064e+00 -1.899912473345602e-03 -9.656514330640798e-04 -1.007653740717946e+00
15 23 -1.000291395785562e+00 -1.899003660875494e-03 -9.666984648705145e-04 -1.007655798517450e+00
15 24 -1.000291186401179e+00 -1.897997381511078e-03 -9.677471858176153e-04 -1.007658233253924e+00
15 25 -1.000290926534636e+00 -1.896901773697018e-03 -9.687897742943137e-04 -1.007661027184575e+00
15 26 -1.000290617356712e+00 -1.895725523987422e-03 -9.698201382583142e-04 -1.007664159396329e+00
15 27 -1.000290260653324e+00 -1.894477768722823e-03 -9.708340571989387e-04 -1.007667605991075e+00
15 28 -1.000289858791319e+00 -1.893167957351553e-03 -9.718293059202770e-04 -1.007671340419139e+00
15 29 -1.000289414675875e+00 -1.891805743809823e-03 -9.728056394919162e-04 -1.007675333790944e+00
15 30 -1.000288931727512e+00 -1.890400962725625e-03 -9.737645484238013e-04 -1.007679555013882e+00
15 31 -1.000288413892140e+00 -1.888963709337270e-03 -9.747087646621655e-04 -1.007683970695377e+00
15 32 -1.000287865676087e+00 -1.887504493318887e-03 -9.756415802698164e-04 -1.007688544881300e+00
15 33 -1.000287292178968e+00 -1.886034398550448e-03 -9.765660998265974e-04 -1.007693238805104e+00
15 34 -1.000286699089913e+00 -1.884565171657461e-03 -9.774845626448860e-04 -1.007698010854225e+00
15 35 -1.000286092622237e+00 -1.883109188502090e-03 -9.783978363462488e-04 -1.007702816891576e+00
15 36 -1.000285479384715e+00 -1.881679298150502e-03 -9.793051142480708e-04 -1.007707610928226e+00
15 37 -1.000284866213437e+00 -1.880288593113494e-03 -9.802037760642983e-04 -1.007712345999374e+00
15 38 -1.000284260003708e+00 -1.878950179207201e-03 -9.810893264039346e-04 -1.007716975021294e+00
15 39 -1.000283667579340e+00 -1.877677008659558e-03 -9.819553264992491e-04 -1.007721451434067e+00
15 40 -1.000283095618267e+00 -1.876481802749353e-03 -9.827932794753001e-04 -1.007725729546234e+00
15 41 -1.000282550627037e+00 -1.875377042907976e-03 -9.835924980851104e-04 -1.007729764641886e+00
15 42 -1.000282038934295e+00 -1.874374973240668e-03 -9.843400448291777e-04 -1.007733513024371e+00
15 43 -1.000281566665220e+00 -1.873487549267190e-03 -9.850208571708656e-04 -1.007736932201799e+00
15 44 -1.000281139668638e+00 -1.872726289869806e-03 -9.856181402623859e-04 -1.007739981356080e+00
15 45 -1.000280763390934e+00 -1.872102028668983e-03 -9.861140366661586e-04 -1.007742622116374e+00
15 46 -1.000280442714667e+00 -1.871624597009150e-03 -9.864904991311516e-04 -1.007744819542191e+00
15 47 -1.000280181794217e+00 -1.871302488386512e-03 -9.867302365047276e-04 -1.007746543159727e+00
15 48 -1.000279983921006e+00 -1.871142549768470e-03 -9.868175989260612e-04 -1.007747767901877e+00
15 49 -1.000279851438374e+00 -1.871149725377062e-03 -9.867393150263071e-04 -1.007748474860375e+00
15 50 -1.000279785708148e+00 -1.871326856124369e-03 -9.864850636232942e-04 -1.007748651830365e+00
15 51 -1.000279787116385e+00 -1.871674526403585e-03 -9.860479173991398e-04 -1.007748293672664e+00
15 52 -1.000279855100972e+00 -1.872190954584169e-03 -9.854247101592566e-04 -1.007747402516662e+00
15 53 -1.000279988188720e+00 -1.872871936655775e-03 -9.846163526183317e-04 -1.007745987794948e+00
15 54 -1.000280184038616e+00 -1.873710859754900e-03 -9.836280769744176e-04 -1.007744066079628e+00
15 55 -1.000280439494705e+00 -1.874698795655922e-03 -9.824695565292278e-04 -1.007741660705894e+00
15 56 -1.000280750654250e+00 -1.875824667724843e-03 -9.811548419572497e-04 -1.007738801210709e+00
15 57 -1.000281112955012e+00 -1.877075469202348e-03 -9.797020817769958e-04 -1.007735522653049e+00
15 58 -1.000281521281605e+00 -1.878436505333658e-03 -9.781330364186905e-04 -1.007731864891906e+00
15 59 -1.000281970086951e+00 -1.879891640314888e-03 -9.764724312693978e-04 -1.007727871872392e+00
15 60 -1.000282453522502e+00 -1.881423548507091e-03 -9.747472090674395e-04 -1.007723590919867e+00
15 61 -1.000282965570546e+00 -1.883013986672746e-03 -9.729857367244349e-04 -1.007719071996047e+00
15 62 -1.000283500172012e+00 -1.884644106749750e-03 -9.712170084652137e-04 -1.007714366864266e+00
15 63 -1.000284051342404e+00 -1.886294812108731e-03 -9.694698766366252e-04 -1.007709528157528e+00
16 0 -1.000285309008351e+00 -1.888862449247888e-03 -9.646015564413349e-04 -1.007702251125028e+00
16 1 -1.000285888847663e+00 -1.890525319515473e-03 -9.629643350051678e-04 -1.007697214587658e+00
16 2 -1.000286468318997e+00 -1.892153311312043e-03 -9.614282252643150e-04 -1.007692200497618e+00
16 3 -1.000287042341555e+00 -1.893729478213775e-03 -9.600151917256955e-04 -1.007687257371441e+00
16 4 -1.000287606160102e+00 -1.895237985258932e-03 -9.587442110369110e-04 -1.007682431438518e+00
16 5 -1.000288155346018e+00 -1.896664185979524e-03 -9.576309016742757e-04 -1.007677766585837e+00
16 6 -1.000288685795699e+00 -1.897994682539074e-03 -9.566872466403799e-04 -1.007673304315436e+00
16 7 -1.000289193726926e+00 -1.899217396423383e-03 -9.559214544887033e-04 -1.007669083609315e+00
16 8 -1.000289675669165e+00 -1.900321654335356e-03 -9.553379981617162e-04 -1.007665140671682e+00
16 9 -1.000290128443458e+00 -1.901298275303237e-03 -9.549378345323031e-04 -1.007661508591869e+00
16 10 -1.000290549132523e+00 -1.902139641179547e-03 -9.547187531590038e-04 -1.007658217004524e+00
16 11 -1.000290935048039e+00 -1.902839741248921e-03 -9.546757614015088e-04 -1.007655291813061e+00
16 12 -1.000291283705002e+00 -1.903394192955761e-03 -9.548014118627024e-04 -1.007652755008164e+00
16 13 -1.000291592810372e+00 -1.903800246400168e-03 -9.550860223665034e-04 -1.007650624578362e+00
16 14 -1.000291860266425e+00 -1.904056775807784e-03 -9.555178101516554e-04 -1.007648914493594e+00
16 15 -1.000292084181343e+00 -1.904164247501205e-03 -9.560830287028931e-04 -1.007647634755525e+00
16 16 -1.000292262874576e+00 -1.904124640001573e-03 -9.567662238216758e-04 -1.007646791537932e+00
16 17 -1.000292394866429e+00 -1.903941292194152e-03 -9.575506940229406e-04 -1.007646387451634e+00
16 18 -1.000292478851138e+00 -1.903618677584588e-03 -9.584191564997537e-04 -1.007646421934121e+00
16 19 -1.000292513666066e+00 -1.903162137264358e-03 -9.593545228941855e-04 -1.007646891697055e+00
16 20 -1.000292498278572e+00 -1.902577630461810e-03 -9.603406299435037e-04 -1.007647791110245e+00
16 21 -1.000292431810819e+00 -1.901871562827522e-03 -9.613627801358719e-04 -1.007649112397521e+00
16 22 -1.000292313611219e+00 -1.901050726422579e-03 -9.624080208457144e-04 -1.007650845575882e+00
16 23 -1.000292143364002e+00 -1.900122342235092e-03 -9.634651904585976e-04 -1.007652978165071e+00
16 24 -1.000291921212463e+00 -1.899094154152140e-03 -9.645248401914602e-04 -1.007655494793239e+00
16 25 -1.000291647863754e+00 -1.897974502990842e-03 -9.655791645094494e-04 -1.007658376878165e+00
16 26 -1.000291324648595e+00 -1.896772323419171e-03 -9.666220305014859e-04 -1.007661602534860e+00
16 27 -1.000290953526754e+00 -1.895497050481106e-03 -9.676491085390764e-04 -1.007665146753625e+00
16 28 -1.000290537050961e+00 -1.894158473201978e-03 -9.686580176545695e-04 -1.007668981761663e+00
16 29 -1.000290078317194e+00 -1.892766603738791e-03 -9.696483538932671e-04 -1.007673077395719e+00
16 30 -1.000289580930976e+00 -1.891331627074980e-03 -9.706214889357302e-04 -1.007677401314239e+00
16 31 -1.000289049006746e+00 -1.889863960858263e-03 -9.715800982206230e-04 -1.007681918962837e+00
16 32 -1.000288487196026e+00 -1.888374403386948e-03 -9.725274696274982e-04 -1.007686593339924e+00
16 33 -1.000287900719423e+00 -1.886874302843270e-03 -9.734667177250072e-04 -1.007691384731867e+00
16 34 -1.000287295367747e+00 -1.885375664692365e-03 -9.744000560827247e-04 -1.007696250636597e+00
16 35 -1.000286677444768e+00 -1.883891136527484e-03 -9.753282511186786e-04 -1.007701146037555e+00
16 36 -1.000286053645942e+00 -1.882433860384852e-03 -9.762503080285876e-04 -1.007706024049357e+00
16 37 -1.000285430893511e+00 -1.881017236484091e-03 -9.771633538699449e-04 -1.007710836802992e+00
16 38 -1.000284816165937e+00 -1.879654674036332e-03 -9.780626220406944e-04 -1.007715536346695e+00
16 39 -1.000284216360371e+00 -1.878359401075049e-03 -9.789414326488114e-04 -1.007720075348774e+00
16 40 -1.000283638210368e+00 -1.877144369322742e-03 -9.797911081986222e-04 -1.007724407493472e+00
16 41 -1.000283088254862e+00 -1.876022239015206e-03 -9.806008423037789e-04 -1.007728487612564e+00
16 42 -1.000282572830702e+00 -1.875005386728536e-03 -9.813576136918757e-04 -1.007732271722891e+00
16 43 -1.000282098051168e+00 -1.874105866441041e-03 -9.820462723200837e-04 -1.007735717182666e+00
16 44 -1.000281669740848e+00 -1.873335274206390e-03 -9.826499000890432e-04 -1.007738783122132e+00
16 45 -1.000281293318199e+00 -1.872704506611542e-03 -9.831504730230540e-04 -1.007741431184957e+00
16 46 -1.000280973640465e+00 -1.872223442302327e-03 -9.835297568122946e-04 -1.007743626497058e+00
16 47 -1.000280714841371e+00 -1.871900598332307e-03 -9.837702962738758e-04 -1.007745338707666e+00
16 48 -1.000280520194228e+00 -1.871742812383498e-03 -9.838563448126296e-04 -1.007746542943806e+00
16 49 -1.000280392022173e+00 -1.871754981806888e-03 -9.837746267641631e-04 -1.007747220574916e+00
16 50 -1.000280331659538e+00 -1.871939864365950e-03 -9.835149052147335e-04 -1.007747359762678e+00
16 51 -1.000280339453385e+00 -1.872297930262272e-03 -9.830703965300030e-04 -1.007746955823155e+00
16 52 -1.000280414789060e+00 -1.872827258329431e-03 -9.824380978959359e-04 -1.007746011427231e+00
16 53 -1.000280556128056e+00 -1.873523483419838e-03 -9.816190714518988e-04 -1.007744536630395e+00
16 54 -1.000280761054513e+00 -1.874379811338793e-03 -9.806186789647830e-04 -1.007742548699352e+00
16 55 -1.000281026332735e+00 -1.875387113087355e-03 -9.794467151369487e-04 -1.007740071718217e+00
16 56 -1.000281347979870e+00 -1.876534094746307e-03 -9.781173705168534e-04 -1.007737136000709e+00
16 57 -1.000281721356209e+00 -1.877807522787765e-03 -9.766489749980921e-04 -1.007733777377027e+00
16 58 -1.000282141272029e+00 -1.879192476339897e-03 -9.750635180342297e-04 -1.007730036439914e+00
16 59 -1.000282602106668e+00 -1.880672603629480e-03 -9.733859870403182e-04 -1.007725957812011e+00
16 60 -1.000283097934308e+00 -1.882230378007824e-03 -9.716435903681234e-04 -1.007721589442317e+00
16 61 -1.000283622651704e+00 -1.883847368465122e-03 -9.698649323754499e-04 -1.007716981883939e+00
16 62 -1.000284170103343e+00 -1.885504545239466e-03 -9.680791958117940e-04 -1.007712187489961e+00
16 63 -1.000284734197949e+00 -1.887182626802341e-03 -9.663153711511645e-04 -1.007707259507444e+00
17 0 -1.000285954536837e+00 -1.889818260246792e-03 -9.610189417708477e-04 -1.007699973196364e+00
17 1 -1.000286546923669e+00 -1.891507608329703e-03 -9.593688324100510e-04 -1.007694850872875e+00
17 2 -1.000287138834865e+00 -1.893162177886091e-03 -9.578199626160941e-04 -1.007689751743455e+00
17 3 -1.000287725083333e+00 -1.894764814696813e-03 -9.563944059282006e-04 -1.007684724970190e+00
17 4 -1.000288300808476e+00 -1.896299471905836e-03 -9.551112842199498e-04 -1.007679817414758e+00
17 5 -1.000288861472613e+00 -1.897751287657318e-03 -9.539863822486197e-04 -1.007675073593297e+00
17 6 -1.000289402854767e+00 -1.899106643315076e-03 -9.530318431466227e-04 -1.007670535656051e+00
17 7 -1.000289921045117e+00 -1.900353231595384e-03 -9.522560002842002e-04 -1.007666243274873e+00
17 8 -1.000290412437601e+00 -1.901480141622675e-03 -9.516633966034134e-04 -1.007662233395946e+00
17 9 -1.000290873715981e+00 -1.902477948197299e-03 -9.512550029910226e-04 -1.007658539893889e+00
17 10 -1.000291301831772e+00 -1.903338786609390e-03 -9.510285862550272e-04 -1.007655193206669e+00
17 11 -1.000291693978024e+00 -1.904056401611106e-03 -9.509791274706834e-04 -1.007652220028032e+00
17 12 -1.000292047566807e+00 -1.904626171397079e-03 -9.510991832248939e-04 -1.007649643099502e+00
17 13 -1.000292360217854e+00 -1.905045115328812e-03 -9.513791246536401e-04 -1.007647481101795e+00
17 14 -1.000292629760830e+00 -1.905311891128111e-03 -9.518072658901824e-04 -1.007645748621857e+00
17 15 -1.000292854246198e+00 -1.905426773017258e-03 -9.523699708421547e-04 -1.007644456182218e+00
17 16 -1.000293031953699e+00 -1.905391586066899e-03 -9.530518665906854e-04 -1.007643610352386e+00
17 17 -1.000293161387474e+00 -1.905209569230304e-03 -9.538362670472191e-04 -1.007643213980427e+00
17 18 -1.000293241254993e+00 -1.904885159365116e-03 -9.547058257275383e-04 -1.007643266556107e+00
17 19 -1.000293270439423e+00 -1.904423723704868e-03 -9.556433300469606e-04 -1.007643764652192e+00
17 20 -1.000293247984918e+00 -1.903831298675555e-03 -9.566324757728370e-04 -1.007644702328610e+00
17 21 -1.000293173115318e+00 -1.903114399909821e-03 -9.576584577592237e-04 -1.007646071367539e+00
17 22 -1.000293045297386e+00 -1.902279945647439e-03 -9.587082828946228e-04 -1.007647861253079e+00
17 23 -1.000292864343398e+00 -1.901335291814733e-03 -9.597708187005631e-04 -1.007650058904400e+00
17 24 -1.000292630531037e+00 -1.900288330864941e-03 -9.608366855534019e-04 -1.007652648278432e+00
17 25 -1.000292344709123e+00 -1.899147580317189e-03 -9.618981390744377e-04 -1.007655610025085e+00
17 26 -1.000292008360928e+00 -1.897922196002145e-03 -9.629490550929097e-04 -1.007658921362321e+00
17 27 -1.000291623612749e+00 -1.896621886877472e-03 -9.639850402089363e-04 -1.007662556238701e+00
17 28 -1.000291193197010e+00 -1.895256762113877e-03 -9.650035907685478e-04 -1.007666485715073e+00
17 29 -1.000290720396331e+00 -1.893837179459997e-03 -9.660041614195989e-04 -1.007670678394314e+00
17 30 -1.000290208999509e+00 -1.892373667763896e-03 -9.669880104645682e-04 -1.007675100709595e+00
17 31 -1.000289663289911e+00 -1.890876964123840e-03 -9.679577585397955e-04 -1.007679716957460e+00
17 32 -1.000289088065745e+00 -1.889358152172782e-03 -9.689166972472693e-04 -1.007684489099512e+00
17 33 -1.000288488669826e+00 -1.887828837337902e-03 -9.698679724101448e-04 -1.007689376492468e+00
17 34 -1.000287870994577e+00 -1.886301272093412e-03 -9.708138077127941e-04 -1.007694335772393e+00
17 35 -1.000287241432798e+00 -1.884788361252525e-03 -9.717549134977802e-04 -1.007699321076589e+00
17 36 -1.000286606764672e+00 -1.883303526567334e-03 -9.726901515833667e-04 -1.007704284652660e+00
17 37 -1.000285973997399e+00 -1.881860467773272e-03 -9.736164309527486e-04 -1.007709177743424e+00
17 38 -1.000285350193435e+00 -1.880472896615379e-03 -9.745287326691577e-04 -1.007713951525508e+00
17 39 -1.000284742326979e+00 -1.879154323540515e-03 -9.754201399028333e-04 -1.007718557870567e+00
17 40 -1.000284157193881e+00 -1.877917942912526e-03 -9.762817905546333e-04 -1.007722949795407e+00
17 41 -1.000283601374419e+00 -1.876776608726991e-03 -9.771027551379017e-04 -1.007727081624212e+00
17 42 -1.000283081223786e+00 -1.875742845625384e-03 -9.778699302426816e-04 -1.007730909025450e+00
17 43 -1.000282602853661e+00 -1.874828821879562e-03 -9.785680860438432e-04 -1.007734389141209e+00
17 44 -1.000282172074140e+00 -1.874046227739097e-03 -9.791801904567581e-04 -1.007737480979060e+00
17 45 -1.000281794284635e+00 -1.873406042321919e-03 -9.796880561507614e-04 -1.007740146120442e+00
17 46 -1.000281474325315e+00 -1.872918214907288e-03 -9.800732513144102e-04 -1.007742349674113e+00
17 47 -1.000281216317565e+00 -1.872591313984427e-03 -9.803181287585440e-04 -1.007744061320300e+00
17 48 -1.000281023525900e+00 -1.872432200082730e-03 -9.804068016520872e-04 -1.007745256278659e+00
17 49 -1.000280898264140e+00 -1.872445758457848e-03 -9.803259381114787e-04 -1.007745916086908e+00
17 50 -1.000280841851551e+00 -1.872634699192264e-03 -9.800653335336866e-04 -1.007746029158977e+00
17 51 -1.000280854609788e+00 -1.872999413579470e-03 -9.796183014053035e-04 -1.007745591148757e+00
17 52 -1.000280935885890e+00 -1.873537876397794e-03 -9.789819615940388e-04 -1.007744605148064e+00
17 53 -1.000281084090181e+00 -1.874245597563010e-03 -9.781574890256415e-04 -1.007743081712661e+00
17 54 -1.000281296745235e+00 -1.875115638327937e-03 -9.771503325332351e-04 -1.007741038682974e+00
17 55 -1.000281570547561e+00 -1.876138705749736e-03 -9.759703564727300e-04 -1.007738500777375e+00
17 56 -1.000281901444994e+00 -1.877303324992121e-03 -9.746318281499293e-04 -1.007735498980243e+00
17 57 -1.000282284730742e+00 -1.878596070994255e-03 -9.731531870578468e-04 -1.007732069795710e+00
17 58 -1.000282715151505e+00 -1.880001830049664e-03 -9.715565777810344e-04 -1.007728254460910e+00
17 59 -1.000283187024712e+00 -1.881504065492920e-03 -9.698671808489551e-04 -1.007724098192328e+00
17 60 -1.000283694360010e+00 -1.883085079242178e-03 -9.681124107629240e-04 -1.007719649481117e+00
17 61 -1.000284230981914e+00 -1.884726281394576e-03 -9.663210600552470e-04 -1.007714959390748e+00
17 62 -1.000284790651162e+00 -1.886408488471625e-03 -9.645224586310185e-04 -1.007710080786332e+00
17 63 -1.000285367180402e+00 -1.888112260079588e-03 -9.627456975540999e-04 -1.007705067460601e+00
18 0 -1.000286544046446e+00 -1.890804472746238e-03 -9.570587126019292e-04 -1.007697799422802e+00
18 1 -1.000287148633099e+00 -1.892519027110611e-03 -9.553988617077479e-04 -1.007692593927195e+00
18 2 -1.000287752795884e+00 -1.894199298312046e-03 -9.538398836800609e-04 -1.007687411137243e+00
18 3 -1.000288351244212e+00 -1.895827937354920e-03 -9.524039190505213e-04 -1.007682300847594e+00
18 4 -1.000288939014075e+00 -1.897388693464755e-03 -9.511102013985437e-04 -1.007677310552090e+00
18 5 -1.000289511460217e+00 -1.898866492396721e-03 -9.499746623609745e-04 -1.007672485405503e+00
18 6 -1.000290064244495e+00 -1.900247491708711e-03 -9.490096037334628e-04 -1.007667868227477e+00
18 7 -1.000290593326973e+00 -1.901519145114223e-03 -9.482234999601278e-04 -1.007663499417655e+00
18 8 -1.000291094959775e+00 -1.902670286696715e-03 -9.476209929090117e-04 -1.007659416721475e+00
18 9 -1.000291565679184e+00 -1.903691223654566e-03 -9.472031011402932e-04 -1.007655654874058e+00
18 10 -1.000292002292063e+00 -1.904573817111908e-03 -9.469675998201049e-04 -1.007652245206638e+00
18 11 -1.000292401857248e+00 -1.905311536960768e-03 -9.469094684943200e-04 -1.007649215304055e+00
18 12 -1.000292761667575e+00 -1.905899490432394e-03 -9.470212869496809e-04 -1.007646588765106e+00
18 13 -1.000293079239650e+00 -1.906334433789725e-03 -9.472934983439379e-04 -1.007644385069898e+00
18 14 -1.000293352315274e+00 -1.906614774655590e-03 -9.477145392014106e-04 -1.007642619529245e+00
18 15 -1.000293578871859e+00 -1.906740558704764e-03 -9.482709222996056e-04 -1.007641303296491e+00
18 16 -1.000293757132982e+00 -1.906713417163018e-03 -9.489474090526453e-04 -1.007640443453736e+00
18 17 -1.000293885568602e+00 -1.906536445429579e-03 -9.497273922856706e-04 -1.007640043209849e+00
18 18 -1.000293962880258e+00 -1.906213999301598e-03 -9.505935274524321e-04 -1.007640102232464e+00
18 19 -1.000293987977764e+00 -1.905751430114559e-03 -9.515285363221510e-04 -1.007640617076204e+00
18 20 -1.000293959964413e+00 -1.905154814637144e-03 -9.525160191129266e-04 -1.007641581600192e+00
18 21 -1.000293878150836e+00 -1.904430748154925e-03 -9.535410948536920e-04 -1.007642987237957e+00
18 22 -1.000293742110422e+00 -1.903586250205441e-03 -9.545907535871788e-04 -1.007644823018806e+00
18 23 -1.000293551774130e+00 -1.902628789001738e-03 -9.556539159973879e-04 -1.007647075331886e+00
18 24 -1.000293307545662e+00 -1.901566381680860e-03 -9.567213032202555e-04 -1.007649727534976e+00
18 25 -1.000293010406972e+00 -1.900407695779226e-03 -9.577852734215267e-04 -1.007652759588437e+00
18 26 -1.000292661984841e+00 -1.899162079798457e-03 -9.588397586323140e-04 -1.007656147895865e+00
18 27 -1.000292264562925e+00 -1.897839489065618e-03 -9.598803472952386e-04 -1.007659865444772e+00
18 28 -1.000291821044976e+00 -1.896450329549169e-03 -9.609044482626160e-04 -1.007663882200628e+00
18 29 -1.000291334893822e+00 -1.895005287863537e-03 -9.619113945391508e-04 -1.007668165587271e+00
18 30 -1.000290810077777e+00 -1.893515226845314e-03 -9.629023368635345e-04 -1.007672680849445e+00
18 31 -1.000290251047848e+00 -1.891991197453484e-03 -9.638798406619022e-04 -1.007677391158574e+00
18 32 -1.000289662749053e+00 -1.890444563167879e-03 -9.648472049374068e-04 -1.007682257460331e+00
18 33 -1.000289050646637e+00 -1.888887177762880e-03 -9.658076228143520e-04 -1.007687238208349e+00
18 34 -1.000288420734022e+00 -1.887331527153083e-03 -9.667633596193151e-04 -1.007692289212413e+00
18 35 -1.000287779491225e+00 -1.885790756254553e-03 -9.677151135657698e-04 -1.007697363805975e+00
18 36 -1.000287133780457e+00 -1.884278548860895e-03 -9.686616511371980e-04 -1.007702413412046e+00
18 37 -1.000286490691420e+00 -1.882808890096447e-03 -9.695997048979460e-04 -1.007707388418045e+00
18 38 -1.000285857369954e+00 -1.881395787321611e-03 -9.705240310469999e-04 -1.007712239142181e+00
18 39 -1.000285240869711e+00 -1.880053034896091e-03 -9.714274879119439e-04 -1.007716916648446e+00
18 40 -1.000284648054384e+00 -1.878794077920499e-03 -9.723010308960260e-04 -1.007721373254293e+00
18 41 -1.000284085553542e+00 -1.877631975744067e-03 -9.731336076071070e-04 -1.007725562730679e+00
18 42 -1.000283559750210e+00 -1.876579414115579e-03 -9.739120369905843e-04 -1.007729440343218e+00
18 43 -1.000283076764692e+00 -1.875648689752761e-03 -9.746210199541057e-04 -1.007732962955651e+00
18 44 -1.000282642402753e+00 -1.874851602949094e-03 -9.752434236742631e-04 -1.007736089383144e+00
18 45 -1.000282262054173e+00 -1.874199233859781e-03 -9.757609061707278e-04 -1.007738781068296e+00
18 46 -1.000281940550718e+00 -1.873701624894572e-03 -9.761548339080908e-04 -1.007741003018443e+00
18 47 -1.000281682010121e+00 -1.873367423587446e-03 -9.764073452355277e-04 -1.007742724850528e+00
18 48 -1.000281489697673e+00 -1.873203545802207e-03 -9.765023731643984e-04 -1.007743921771761e+00
18 49 -1.000281365928760e+00 -1.873214900281093e-03 -9.764264785078277e-04 -1.007744575374889e+00
18 50 -1.000281312019800e+00 -1.873404186058359e-03 -9.761694351173857e-04 -1.007744674208218e+00
18 51 -1.000281328280446e+00 -1.873771752190919e-03 -9.757246036913482e-04 -1.007744214142342e+00
18 52 -1.000281414033639e+00 -1.874315506120352e-03 -9.750891834777237e-04 -1.007743198565591e+00
18 53 -1.000281567652806e+00 -1.875030869856232e-03 -9.742644233156714e-04 -1.007741638407609e+00
18 54 -1.000281786612460e+00 -1.875910797547566e-03 -9.732558187545054e-04 -1.007739551957528e+00
18 55 -1.000282067553589e+00 -1.876945870043082e-03 -9.720732555489303e-04 -1.007736964448035e+00
18 56 -1.000282406365892e+00 -1.878124469069297e-03 -9.707310184004838e-04 -1.007733907422099e+00
18 57 -1.000282798286114e+00 -1.879433014368677e-03 -9.692475875921957e-04 -1.007730417955026e+00
18 58 -1.000283238008258e+00 -1.880856233995013e-03 -9.676451897871542e-04 -1.007726537833998e+00
18 59 -1.000283719799799e+00 -1.882377439416339e-03 -9.659491275722827e-04 -1.007722312779953e+00
18 60 -1.000284237619239e+00 -1.883978793079514e-03 -9.641869578101523e-04 -1.007717791738185e+00
18 61 -1.000284785233159e+00 -1.885641577191962e-03 -9.623876074464402e-04 -1.007713026195394e+00
18 62 -1.000285356332562e+00 -1.887346484315180e-03 -9.605805088107271e-04 -1.007708069445273e+00
18 63 -1.000285944646452e+00 -1.889073943428763e-03 -9.587948134440988e-04 -1.007702975750293e+00
19 0 -1.000287072472849e+00 -1.891810882702624e-03 -9.527594832773321e-04 -1.007695752152967e+00
19 1 -1.000287688757239e+00 -1.893549069530618e-03 -9.510932455678750e-04 -1.007690467087061e+00
19 2 -1.000288304826212e+00 -1.895253853371858e-03 -9.495270435425794e-04 -1.007685203023879e+00
19 3 -1.000288915289852e+00 -1.896907706073941e-03 -9.480830391799573e-04 -1.007680010370195e+00
19 4 -1.000289515084057e+00 -1.898494184041613e-03 -9.467805385489290e-04 -1.007674937243762e+00
19 5 -1.000290099458881e+00 -1.899998006937713e-03 -9.456355936494012e-04 -1.007670029439341e+00
19 6 -1.000290663960915e+00 -1.901405109079329e-03 -9.446606561937228e-04 -1.007665330458115e+00
19 7 -1.000291204419847e+00 -1.902702699174624e-03 -9.438643517652430e-04 -1.007660881453439e+00
19 8 -1.000291716942389e+00 -1.903879343408606e-03 -9.432514461387972e-04 -1.007656721012686e+00
19 9 -1.000292197909775e+00 -1.904925061980263e-03 -9.428230382639782e-04 -1.007652884792865e+00
19 10 -1.000292643972839e+00 -1.905831417031418e-03 -9.425769445432093e-04 -1.007649405097739e+00
19 11 -1.000293052042168e+00 -1.906591575361507e-03 -9.425081707126008e-04 -1.007646310495498e+00
19 12 -1.000293419276288e+00 -1.907200343666853e-03 -9.426093411551371e-04 -1.007643625540382e+00
19 13 -1.000293743073810e+00 -1.907654185060995e-03 -9.428709898150348e-04 -1.007641370611088e+00
19 14 -1.000294021074267e+00 -1.907951225773485e-03 -9.432816988629838e-04 -1.007639561842249e+00
19 15 -1.000294251167486e+00 -1.908091248911275e-03 -9.438281646944921e-04 -1.007638211121365e+00
19 16 -1.000294431505355e+00 -1.908075654123225e-03 -9.444953323506646e-04 -1.007637326152466e+00
19 17 -1.000294560506520e+00 -1.907907352002153e-03 -9.452667346844300e-04 -1.007636910621449e+00
19 18 -1.000294636847850e+00 -1.907590574152656e-03 -9.461250944805216e-04 -1.007636964494993e+00
19 19 -1.000294659446296e+00 -1.907130613986873e-03 -9.470531281978785e-04 -1.007637484429963e+00
19 20 -1.000294627445555e+00 -1.906533550992453e-03 -9.480343885002156e-04 -1.007638464196179e+00
19 21 -1.000294540226563e+00 -1.905806028663880e-03 -9.490539522310818e-04 -1.007639894975571e+00
19 22 -1.000294397455660e+00 -1.904955141693811e-03 -9.500988160379164e-04 -1.007641765426192e+00
19 23 -1.000294199171106e+00 -1.903988446876528e-03 -9.511579751542512e-04 -1.007644061483718e+00
19 24 -1.000293945892406e+00 -1.902914061681554e-03 -9.522222786786003e-04 -1.007646765983845e+00
19 25 -1.000293638724551e+00 -1.901740776777379e-03 -9.532842241515135e-04 -1.007649858279794e+00
19 26 -1.000293279427234e+00 -1.900478103894909e-03 -9.543378442993047e-04 -1.007653314049234e+00
19 27 -1.000292870430478e+00 -1.899136214804219e-03 -9.553787546344968e-04 -1.007657105408920e+00
19 28 -1.000292414798913e+00 -1.897725785454171e-03 -9.564043136106647e-04 -1.007661201312543e+00
19 29 -1.000291916166989e+00 -1.896257810880615e-03 -9.574137550715006e-04 -1.007665568072979e+00
19 30 -1.000291378676740e+00 -1.894743474617689e-03 -9.584081295935821e-04 -1.007670169795870e+00
19 31 -1.000290806943750e+00 -1.893194133059418e-03 -9.593899459382760e-04 -1.007674968562764e+00
19 32 -1.000290206058596e+00 -1.891621422034419e-03 -9.603625103253599e-04 -1.007679924333709e+00
19 33 -1.000289581608327e+00 -1.890037433468556e-03 -9.613290738113349e-04 -1.007684994693124e+00
19 34 -1.000288939686243e+00 -1.888454871756695e-03 -9.622919699363696e-04 -1.007690134666974e+00
19 35 -1.000288286857281e+00 -1.886887102353538e-03 -9.632519260654048e-04 -1.007695296836144e+00
19 36 -1.000287630062333e+00 -1.885348049616851e-03 -9.642076621434451e-04 -1.007700431853394e+00
19 37 -1.000286976470283e+00 -1.883851965115411e-03 -9.651557803569787e-04 -1.007705489297335e+00
19 38 -1.000286333308603e+00 -1.882413139488409e-03 -9.660908465579497e-04 -1.007710418655794e+00
19 39 -1.000285707711390e+00 -1.881045646937169e-03 -9.670055139317894e-04 -1.007715170189438e+00
19 40 -1.000285106614247e+00 -1.879763186466649e-03 -9.678905634403878e-04 -1.007719695498588e+00
19 41 -1.000284536702893e+00 -1.878579030850998e-03 -9.687348234511420e-04 -1.007723947765819e+00
19 42 -1.000284004397118e+00 -1.877506037774331e-03 -9.695250417733835e-04 -1.007727881805811e+00
19 43 -1.000283515835916e+00 -1.876556644808789e-03 -9.702458628697406e-04 -1.007731454146117e+00
19 44 -1.000283076830903e+00 -1.875742776396767e-03 -9.708800700752012e-04 -1.007734623343522e+00
19 45 -1.000282692771925e+00 -1.875075630864870e-03 -9.714091805143597e-04 -1.007737350627074e+00
19 46 -1.000282368491598e+00 -1.874565365633258e-03 -9.718143606857124e-04 -1.007739600817192e+00
19 47 -1.000282108113287e+00 -1.874220734753901e-03 -9.720775180662587e-04 -1.007741343370189e+00
19 48 -1.000281914912896e+00 -1.874048741889189e-03 -9.721823702856234e-04 -1.007742553373072e+00
19 49 -1.000281791218180e+00 -1.874054355172501e-03 -9.721153217284201e-04 -1.007743212358172e+00
19 50 -1.000281738354777e+00 -1.874240300253381e-03 -9.718660698640533e-04 -1.007743308887169e+00
19 51 -1.000281756633682e+00 -1.874606922018602e-03 -9.714279701513715e-04 -1.007742838922302e+00
19 52 -1.000281845367892e+00 -1.875152098277884e-03 -9.707982558086623e-04 -1.007741806020917e+00
19 53 -1.000282002908130e+00 -1.875871200509947e-03 -9.699782104642388e-04 -1.007740221358429e+00
19 54 -1.000282226694353e+00 -1.876757113325604e-03 -9.689733381705533e-04 -1.007738103545850e+00
19 55 -1.000282513324440e+00 -1.877800329287376e-03 -9.677935021438912e-04 -1.007735478207323e+00
19 56 -1.000282858641233e+00 -1.878989124359737e-03 -9.664529505770524e-04 -1.007732377328968e+00
19 57 -1.000283257835596e+00 -1.880309799729397e-03 -9.649701405245167e-04 -1.007728838451319e+00
19 58 -1.000283705559591e+00 -1.881746960576587e-03 -9.633673101482518e-04 -1.007724903813814e+00
19 59 -1.000284196042655e+00 -1.883283800766209e-03 -9.616698128157380e-04 -1.007720619548628e+00
19 60 -1.000284723205641e+00 -1.884902376464162e-03 -9.599052819678080e-04 -1.007716034963851e+00
19 61 -1.000285280771889e+00 -1.886583874031461e-03 -9.581027225980743e-04 -1.007711201879430e+00
19 62 -1.000285862377551e+00 -1.888308893153337e-03 -9.562916221937868e-04 -1.007706173929976e+00
19 63 -1.000286461681918e+00 -1.890057762402790e-03 -9.545011505624907e-04 -1.007701005764849e+00
20 0 -1.000287535521707e+00 -1.892827297261363e-03 -9.481638811595361e-04 -1.007693851031895e+00
20 1 -1.000288162862411e+00 -1.894587277596234e-03 -9.464947394123037e-04 -1.007688490881155e+00
20 2 -1.000288790346937e+00 -1.896315102816344e-03 -9.449243592148133e-04 -1.007683148856660e+00
20 3 -1.000289412491665e+00 -1.897993083793943e-03 -9.434748758389103e-04 -1.007677875948770e+00
20 4 -1.000290024136980e+00 -1.899604597803740e-03 -9.421656241602166e-04 -1.007672720883731e+00
20 5 -1.000290620432303e+00 -1.901134167316796e-03 -9.410127440132719e-04 -1.007667730091471e+00
20 6 -1.000291196812465e+00 -1.902567507520959e-03 -9.400288208874504e-04 -1.007662947758077e+00
20 7 -1.000291748978932e+00 -1.903891581007499e-03 -9.392226339594364e-04 -1.007658415802839e+00
20 8 -1.000292272892393e+00 -1.905094678541646e-03 -9.385990922077507e-04 -1.007654173681298e+00
20 9 -1.000292764774376e+00 -1.906166518603185e-03 -9.381594053354846e-04 -1.007650258018184e+00
20 10 -1.000293221110857e+00 -1.907098343398057e-03 -9.379014643506665e-04 -1.007646702155450e+00
20 11 -1.000293638652297e+00 -1.907882991831168e-03 -9.378203306545199e-04 -1.007643535724396e+00
20 12 -1.000294014409563e+00 -1.908514943521308e-03 -9.379086962625573e-04 -1.007640784321764e+00
20 13 -1.000294345649632e+00 -1.908990340877228e-03 -9.381572052145053e-04 -1.007638469315295e+00
20 14 -1.000294629896275e+00 -1.909306999744787e-03 -9.385546072459323e-04 -1.007636607756258e+00
20 15 -1.000294864938140e+00 -1.909464409251281e-03 -9.390878138232561e-04 -1.007635212362231e+00
20 16 -1.000295048840948e+00 -1.909463702489068e-03 -9.397419988135187e-04 -1.007634291560656e+00
20 17 -1.000295179955774e+00 -1.909307566186332e-03 -9.405008930569266e-04 -1.007633849624268e+00
20 18 -1.000295256916490e+00 -1.909000065850502e-03 -9.413473508986626e-04 -1.007633886936246e+00
20 19 -1.000295278627549e+00 -1.908546395285246e-03 -9.422641445442001e-04 -1.007634400374855e+00
20 20 -1.000295244253569e+00 -1.907952598606673e-03 -9.432348288273145e-04 -1.007635383733357e+00
20 21 -1.000295153227855e+00 -1.907225334877181e-03 -9.442444734658938e-04 -1.007636828043226e+00
20 22 -1.000295005294094e+00 -1.906371746443741e-03 -9.452801047804309e-04 -1.007638721680662e+00
20 23 -1.000294800584519e+00 -1.905399454305515e-03 -9.463308109015317e-04 -1.007641050209363e+00
20 24 -1.000294539722616e+00 -1.904316652084023e-03 -9.473875910267193e-04 -1.007643796022811e+00
20 25 -1.000294223924913e+00 -1.903132226895946e-03 -9.484431136414119e-04 -1.007646937951980e+00
20 26 -1.000293855071946e+00 -1.901855823626450e-03 -9.494915530062198e-04 -1.007650451041715e+00
20 27 -1.000293435727484e+00 -1.900497798896870e-03 -9.505285958131810e-04 -1.007654306635633e+00
20 28 -1.000292969104795e+00 -1.899069069267438e-03 -9.515515886516588e-04 -1.007658472768605e+00
20 29 -1.000292458999422e+00 -1.897580914432541e-03 -9.525596917505780e-04 -1.007662914721811e+00
20 30 -1.000291909719270e+00 -1.896044821727226e-03 -9.535538656426358e-04 -1.007667595523394e+00
20 31 -1.000291326039607e+00 -1.894472441660136e-03 -9.545365611678031e-04 -1.007672476211179e+00
20 32 -1.000290713194071e+00 -1.892875673329577e-03 -9.555110884662101e-04 -1.007677515797491e+00
20 33 -1.000290076890120e+00 -1.891266835758803e-03 -9.564807618882808e-04 -1.007682671036954e+00
20 34 -1.000289423319219e+00 -1.889658835618336e-03 -9.574480042880300e-04 -1.007687896220662e+00
20 35 -1.000288759128383e+00 -1.888065237277881e-03 -9.584136093168422e-04 -1.007693143236631e+00
20 36 -1.000288091333409e+00 -1.886500181477544e-03 -9.593762974590005e-04 -1.007698362030998e+00
20 37 -1.000287427178568e+00 -1.884978163763148e-03 -9.603325881754931e-04 -1.007703501430555e+00
20 38 -1.000286773970285e+00 -1.883513740946876e-03 -9.612768963390315e-04 -1.007708510134078e+00
20 39 -1.000286138922631e+00 -1.882121257407532e-03 -9.622016959584402e-04 -1.007713337619128e+00
20 40 -1.000285529045688e+00 -1.880814664192526e-03 -9.630976067757092e-04 -1.007717934765851e+00
20 41 -1.000284951087097e+00 -1.879607452059505e-03 -9.639533444853829e-04 -1.007722254143780e+00
20 42 -1.000284411511700e+00 -1.878512659073905e-03 -9.647555937181654e-04 -1.007726250075672e+00
20 43 -1.000283916486790e+00 -1.877542873961847e-03 -9.654889568580804e-04 -1.007729878701184e+00
20 44 -1.000283471839797e+00 -1.876710157432843e-03 -9.661361530453285e-04 -1.007733098257985e+00
20 45 -1.000283082970546e+00 -1.876025841615082e-03 -9.666785767892221e-04 -1.007735869689497e+00
20 46 -1.000282754722298e+00 -1.875500219818987e-03 -9.670972026920767e-04 -1.007738157543585e+00
20 47 -1.000282491233809e+00 -1.875142179316356e-03 -9.673736980157032e-04 -1.007739931017419e+00
20 48 -1.000282295801626e+00 -1.874958843562264e-03 -9.674915356904100e-04 -1.007741164968771e+00
20 49 -1.000282170776716e+00 -1.874955276164847e-03 -9.674369177979184e-04 -1.007741840752048e+00
20 50 -1.000282117505999e+00 -1.875134267838137e-03 -9.671994111309010e-04 -1.007741946818346e+00
20 51 -1.000282136315062e+00 -1.875496198264090e-03 -9.667723122912240e-04 -1.007741479093773e+00
20 52 -1.000282226520937e+00 -1.876038953972766e-03 -9.661528414277810e-04 -1.007740441175546e+00
20 53 -1.000282386465717e+00 -1.876757893628004e-03 -9.653422771567358e-04 -1.007738844355672e+00
20 54 -1.000282613568313e+00 -1.877645869840221e-03 -9.643460955745973e-04 -1.007736707439186e+00
20 55 -1.000282904395911e+00 -1.878693324390450e-03 -9.631740980730237e-04 -1.007734056317896e+00
20 56 -1.000283254755667e+00 -1.879888464719072e-03 -9.618404486071925e-04 -1.007730923304456e+00
20 57 -1.000283659802956e+00 -1.881217510117501e-03 -9.603635225037052e-04 -1.007727346296612e+00
20 58 -1.000284114158393e+00 -1.882664978601773e-03 -9.587655025472886e-04 -1.007723367886007e+00
20 59 -1.000284612024825e+00 -1.884213980790167e-03 -9.570717236000994e-04 -1.007719034522126e+00
20 60 -1.000285147298416e+00 -1.885846499608514e-03 -9.553098303334884e-04 -1.007714395785219e+00
20 61 -1.000285713673777e+00 -1.887543657978033e-03 -9.535088482272779e-04 -1.007709503737926e+00
20 62 -1.000286304747643e+00 -1.889285995004065e-03 -9.516982705974899e-04 -1.007704412264434e+00
20 63 -1.000286914124581e+00 -1.891053770430384e-03 -9.499072420981413e-04 -1.007699176313009e+00
21 0 -1.000287929676118e+00 -1.893843637840676e-03 -9.433181065191401e-04 -1.007692112861097e+00
21 1 -1.000288567311155e+00 -1.895623350559463e-03 -9.416495868296058e-04 -1.007686682869866e+00
21 2 -1.000289205591574e+00 -1.897372501525233e-03 -9.400781580935315e-04 -1.007681267012115e+00
21 3 -1.000289838946729e+00 -1.899073260260296e-03 -9.386258802733539e-04 -1.007675916827884e+00
21 4 -1.000290462127032e+00 -1.900708840299123e-03 -9.373120707528963e-04 -1.007670681631556e+00
21 5 -1.000291070186457e+00 -1.902263578345357e-03 -9.361529195517794e-04 -1.007665608477028e+00
21 6 -1.000291658453244e+00 -1.903722978313167e-03 -9.351611224411532e-04 -1.007660742229018e+00
21 7 -1.000292222505108e+00 -1.905073760249028e-03 -9.343456065377502e-04 -1.007656125572144e+00
21 8 -1.000292758158927e+00 -1.906303937149583e-03 -9.337114365445161e-04 -1.007651798841141e+00
21 9 -1.000293261475048e+00 -1.907402916538802e-03 -9.332599591686966e-04 -1.007647799656948e+00
21 10 -1.000293728769000e+00 -1.908361605215965e-03 -9.329891719484464e-04 -1.007644162446943e+00
21 11 -1.000294156622054e+00 -1.909172494130227e-03 -9.328942218403406e-04 -1.007640917968707e+00
21 12 -1.000294541886101e+00 -1.909829712788602e-03 -9.329678927268028e-04 -1.007638092936106e+00
21 13 -1.000294881684205e+00 -1.910329058062880e-03 -9.332009587639455e-04 -1.007635709787118e+00
21 14 -1.000295173412039e+00 -1.910668009203596e-03 -9.335823582009762e-04 -1.007633786573675e+00
21 15 -1.000295414744668e+00 -1.910845732955606e-03 -9.340992460222688e-04 -1.007632336930327e+00
21 16 -1.000295603648253e+00 -1.910863063588658e-03 -9.347370660018962e-04 -1.007631370101721e+00
21 17 -1.000295738390836e+00 -1.910722426926307e-03 -9.354798013090003e-04 -1.007630891051841e+00
21 18 -1.000295817545450e+00 -1.910427681779014e-03 -9.363105001892120e-04 -1.007630900694227e+00
21 19 -1.000295839984473e+00 -1.909983881123389e-03 -9.372120517389689e-04 -1.007631396245987e+00
21 20 -1.000295804873346e+00 -1.909396994991826e-03 -9.381680640410191e-04 -1.007632371638082e+00
21 21 -1.000295711678457e+00 -1.908673663970201e-03 -9.391636359637762e-04 -1.007633817857431e+00
21 22 -1.000295560203457e+00 -1.907821049350241e-03 -9.401858460548163e-04 -1.007635723093188e+00
21 23 -1.000295350659512e+00 -1.906846811661801e-03 -9.412238905249961e-04 -1.007638072622072e+00
21 24 -1.000295083760789e+00 -1.905759196877018e-03 -9.422689354501369e-04 -1.007640848477024e+00
21 25 -1.000294760822537e+00 -1.904567162230415e-03 -9.433138459350919e-04 -1.007644029053643e+00
21 26 -1.000294383832784e+00 -1.903280455587104e-03 -9.443529740778021e-04 -1.007647588860104e+00
21 27 -1.000293955475121e+00 -1.901909586060171e-03 -9.453821199317280e-04 -1.007651498568781e+00
21 28 -1.000293479097794e+00 -1.900465679684681e-03 -9.463986576741730e-04 -1.007655725394998e+00
21 29 -1.000292958645195e+00 -1.898960274188536e-03 -9.474017024080718e-04 -1.007660233676640e+00
21 30 -1.000292398581373e+00 -1.897405140511576e-03 -9.483921379743884e-04 -1.007664985436640e+00
21 31 -1.000291803834667e+00 -1.895812209241116e-03 -9.493723575067342e-04 -1.007669940724817e+00
21 32 -1.000291179777943e+00 -1.894193631995640e-03 -9.503456701141276e-04 -1.007675057650758e+00
21 33 -1.000290532236765e+00 -1.892561942914774e-03 -9.513154541055647e-04 -1.007680292184155e+00
21 34 -1.000289867498487e+00 -1.890930234060985e-03 -9.522842364700002e-04 -1.007685597935120e+00
21 35 -1.000289192289081e+00 -1.889312246243736e-03 -9.532529084896234e-04 -1.007690926163505e+00
21 36 -1.000288513695271e+00 -1.887722310800831e-03 -9.542202347496909e-04 -1.007696226178719e+00
21 37 -1.000287839032461e+00 -1.886175141850642e-03 -9.551826992408428e-04 -1.007701446121990e+00
21 38 -1.000287175682477e+00 -1.884685541078312e-03 -9.561346075851062e-04 -1.007706533956838e+00
21 39 -1.000286530937751e+00 -1.883268108776155e-03 -9.570682843804401e-04 -1.007711438411363e+00
21 40 -1.000285911884248e+00 -1.881937041996713e-03 -9.579742050170937e-04 -1.007716109654634e+00
21 41 -1.000285325336207e+00 -1.880706050491628e-03 -9.588409814629055e-04 -1.007720499629087e+00
21 42 -1.000284777810798e+00 -1.879588358131474e-03 -9.596552440846749e-04 -1.007724562134177e+00
21 43 -1.000284275512493e+00 -1.878596712643933e-03 -9.604015680026307e-04 -1.007728252877967e+00
21 44 -1.000283824294266e+00 -1.877743321208136e-03 -9.610626293539091e-04 -1.007731529723718e+00
21 45 -1.000283429575981e+00 -1.877039663615384e-03 -9.616197223383131e-04 -1.007734353260659e+00
21 46 -1.000283096221571e+00 -1.876496188028634e-03 -9.620536443904753e-04 -1.007736687681368e+00
21 47 -1.000282828395107e+00 -1.876121939904623e-03 -9.623458211903896e-04 -1.007738501827499e+00
21 48 -1.000282629423978e+00 -1.875924193514049e-03 -9.624794590010911e-04 -1.007739770218653e+00
21 49 -1.000282501693382e+00 -1.875908143879210e-03 -9.624405169663053e-04 -1.007740473911975e+00
21 50 -1.000282446583616e+00 -1.876076685464771e-03 -9.622183794616423e-04 -1.007740601121972e+00
21 51 -1.000282464447924e+00 -1.876430272040020e-03 -9.618062307515414e-04 -1.007740147609786e+00
21 52 -1.000282554621130e+00 -1.876966837629968e-03 -9.612012296997183e-04 -1.007739116882704e+00
21 53 -1.000282715450703e+00 -1.877681766154995e-03 -9.604046094223299e-04 -1.007737520219272e+00
21 54 -1.000282944348066e+00 -1.878567915692499e-03 -9.594217830701095e-04 -1.007735376490034e+00
21 55 -1.000283237862107e+00 -1.879615714252295e-03 -9.582624549793607e-04 -1.007732711730426e+00
21 56 -1.000283591775348e+00 -1.880813337500999e-03 -9.569406628166225e-04 -1.007729558462502e+00
21 57 -1.000284001217796e+00 -1.882146959192047e-03 -9.554746475769632e-04 -1.007725954832301e+00
21 58 -1.000284460788579e+00 -1.883601045434973e-03 -9.538864748853930e-04 -1.007721943683658e+00
21 59 -1.000284964674578e+00 -1.885158657202264e-03 -9.522013954080574e-04 -1.007717571691241e+00
21 60 -1.000285506759334e+00 -1.886801736624111e-03 -9.504470012826061e-04 -1.007712888619022e+00
21 61 -1.000286080722695e+00 -1.888511375569977e-03 -9.486522807022477e-04 -1.007707946682481e+00
21 62 -1.000286680137364e+00 -1.890268085113072e-03 -9.468466828177122e-04 -1.007702799923358e+00
21 63 -1.000287298568506e+00 -1.892052087745957e-03 -9.450592841672559e-04 -1.007697503499931e+00
22 0 -1.000288252186709e+00 -1.894850028004815e-03 -9.382714328816292e-04 -1.007690551565719e+00
22 1 -1.000288899255001e+00 -1.896647236338208e-03 -9.366070194861437e-04 -1.007685057598912e+00
22 2 -1.000289547602047e+00 -1.898415795692135e-03 -9.350376749652422e-04 -1.007679572726667e+00
22 3 -1.000290191577383e+00 -1.900137753912348e-03 -9.335853376652905e-04 -1.007674149003147e+00
22 4 -1.000290825847639e+00 -1.901796177205977e-03 -9.322692604485245e-04 -1.007668836307159e+00
22 5 -1.000291445377629e+00 -1.903375230389591e-03 -9.311056416650766e-04 -1.007663682298624e+00
22 6 -1.000292045395718e+00 -1.904860217348515e-03 -9.301072572704910e-04 -1.007658732505586e+00
22 7 -1.000292621362326e+00 -1.906237623148391e-03 -9.292831690729262e-04 -1.007654030366780e+00
22 8 -1.000293168955373e+00 -1.907495185686731e-03 -9.286386025692549e-04 -1.007649617093036e+00
22 9 -1.000293684075927e+00 -1.908621998500732e-03 -9.281750616611348e-04 -1.007645531311051e+00
22 10 -1.000294162867117e+00 -1.909608623943184e-03 -9.278906788903964e-04 -1.007641808559905e+00
22 11 -1.000294601735119e+00 -1.910447190360340e-03 -9.277807159699796e-04 -1.007638480768189e+00
22 12 -1.000294997363896e+00 -1.911131458283966e-03 -9.278380736143071e-04 -1.007635575827151e+00
22 13 -1.000295346722117e+00 -1.911656857790657e-03 -9.280536764304984e-04 -1.007633117314284e+00
22 14 -1.000295647066502e+00 -1.912020508723069e-03 -9.284166709193579e-04 -1.007631124355402e+00
22 15 -1.000295895947378e+00 -1.912221230148407e-03 -9.289144811729623e-04 -1.007629611579649e+00
22 16 -1.000296091219017e+00 -1.912259527948343e-03 -9.295328580237992e-04 -1.007628589135246e+00
22 17 -1.000296231051907e+00 -1.912137532293755e-03 -9.302560874527137e-04 -1.007628062775729e+00
22 18 -1.000296313941090e+00 -1.911858856264518e-03 -9.310674715300339e-04 -1.007628034054381e+00
22 19 -1.000296338707431e+00 -1.911428371123433e-03 -9.319500771014650e-04 -1.007628500643330e+00
22 20 -1.000296304496508e+00 -1.910851933245216e-03 -9.328876177679210e-04 -1.007629456727956e+00
22 21 -1.000296210787335e+00 -1.910136129392089e-03 -9.338652589469923e-04 -1.007630893360970e+00
22 22 -1.000296057424683e+00 -1.909288110093280e-03 -9.348701535724545e-04 -1.007632798643540e+00
22 23 -1.000295844682065e+00 -1.908315550289430e-03 -9.358916183844477e-04 -1.007635157653749e+00
22 24 -1.000295573349572e+00 -1.907226724619308e-03 -9.369209980244291e-04 -1.007637952148118e+00
22 25 -1.000295244827134e+00 -1.906030634743189e-03 -9.379513735077349e-04 -1.007641160174989e+00
22 26 -1.000294861195969e+00 -1.904737102059789e-03 -9.389773054335018e-04 -1.007644755802499e+00
22 27 -1.000294425244647e+00 -1.903356755795422e-03 -9.399947464059535e-04 -1.007648709135262e+00
22 28 -1.000293940441568e+00 -1.901900899044668e-03 -9.410011378291781e-04 -1.007652986672717e+00
22 29 -1.000293410866319e+00 -1.900381298698450e-03 -9.419955806472616e-04 -1.007657551904718e+00
22 30 -1.000292841127813e+00 -1.898809986516097e-03 -9.429788986577410e-04 -1.007662365929172e+00
22 31 -1.000292236299241e+00 -1.897199156593429e-03 -9.439534299690383e-04 -1.007667387871692e+00
22 32 -1.000291601887380e+00 -1.895561200236412e-03 -9.449224775588869e-04 -1.007672574991701e+00
22 33 -1.000290943832519e+00 -1.893908853697153e-03 -9.458894804918023e-04 -1.007677882524225e+00
22 34 -1.000290268515206e+00 -1.892255377712376e-03 -9.468570779724700e-04 -1.007683263454569e+00
22 35 -1.000289582737228e+00 -1.890614667399226e-03 -9.478262832610719e-04 -1.007688668480526e+00
22 36 -1.000288893652115e+00 -1.889001218039206e-03 -9.487959437501013e-04 -1.007694046349006e+00
22 37 -1.000288208641645e+00 -1.887429934494762e-03 -9.497625531271267e-04 -1.007699344590344e+00
22 38 -1.000287535158801e+00 -1.885915838852439e-03 -9.507203495081971e-04 -1.007704510496680e+00
22 39 -1.000286880572061e+00 -1.884473769834299e-03 -9.516615392085314e-04 -1.007709492089900e+00
22 40 -1.000286252043805e+00 -1.883118161147426e-03 -9.525764720721455e-04 -1.007714238846790e+00
22 41 -1.000285656458398e+00 -1.881862939084717e-03 -9.534536666272668e-04 -1.007718702079367e+00
22 42 -1.000285100391461e+00 -1.880721515620755e-03 -9.542797078012079e-04 -1.007722835042905e+00
22 43 -1.000284590092763e+00 -1.879706802915650e-03 -9.550391574734666e-04 -1.007726592978469e+00
22 44 -1.000284131450202e+00 -1.878831162692688e-03 -9.557146704966763e-04 -1.007729933326055e+00
22 45 -1.000283729913577e+00 -1.878106233787469e-03 -9.562874664956477e-04 -1.007732816258351e+00
22 46 -1.000283390377402e+00 -1.877542635405642e-03 -9.567381868734885e-04 -1.007735205536060e+00
22 47 -1.000283117040980e+00 -1.877149593704291e-03 -9.570480227543026e-04 -1.007737069553417e+00
22 48 -1.000282913272858e+00 -1.876934563021061e-03 -9.571999007045694e-04 -1.007738382384983e+00
22 49 -1.000282781503529e+00 -1.876902904579275e-03 -9.571795039669339e-04 -1.007739124671888e+00
22 50 -1.000282723158655e+00 -1.877057654711052e-03 -9.569759874769527e-04 -1.007739284266158e+00
22 51 -1.000282738632038e+00 -1.877399380581210e-03 -9.565823711253741e-04 -1.007738856634800e+00
22 52 -1.000282827289945e+00 -1.877926102778952e-03 -9.559957039239297e-04 -1.007737845064787e+00
22 53 -1.000282987499176e+00 -1.878633268686268e-03 -9.552171328535278e-04 -1.007736260690866e+00
22 54 -1.000283216677229e+00 -1.879513779232879e-03 -9.542519743147346e-04 -1.007734122320398e+00
22 55 -1.000283511367184e+00 -1.880558085565833e-03 -9.531098032245700e-04 -1.007731456007675e+00
22 56 -1.000283867337987e+00 -1.881754368058548e-03 -9.518044936445182e-04 -1.007728294366169e+00
22 57 -1.000284279704060e+00 -1.883088790484781e-03 -9.503541058418233e-04 -1.007724675681865e+00
22 58 -1.000284743052221e+00 -1.884545801159812e-03 -9.487805325714388e-04 -1.007720642952994e+00
22 59 -1.000285251563010e+00 -1.886108444184830e-03 -9.471088786861562e-04 -1.007716242989559e+00
22 60 -1.000285799118478e+00 -1.887758652949240e-03 -9.453666217951626e-04 -1.007711525652515e+00
22 61 -1.000286379396780e+00 -1.889477520001459e-03 -9.435826559033492e-04 -1.007706543222923e+00
22 62 -1.000286985961137e+00 -1.891245559627015e-03 -9.417863373473246e-04 -1.007701349812191e+00
22 63 -1.000287612352197e+00 -1.893042987406016e-03 -9.400066336294970e-04 -1.007696000702964e+00
23 0 -1.000288501047947e+00 -1.895836869997370e-03 -9.330756509297621e-04 -1.007689178249477e+00
23 1 -1.000289156612049e+00 -1.897649208737640e-03 -9.314187051225791e-04 -1.007683626649826e+00
23 2 -1.000289814208043e+00 -1.899435101752541e-03 -9.298545017928737e-04 -1.007678078139959e+00
23 3 -1.000290468113116e+00 -1.901176494400191e-03 -9.284048156309038e-04 -1.007672585252074e+00
23 4 -1.000291112916770e+00 -1.902856322515845e-03 -9.270887890852342e-04 -1.007667198403126e+00
23 5 -1.000291743501689e+00 -1.904458594432836e-03 -9.259225846153536e-04 -1.007661965836614e+00
23 6 -1.000292355004187e+00 -1.905968427604978e-03 -9.249190232595274e-04 -1.007656933722450e+00
23 7 -1.000292942775557e+00 -1.907372083251822e-03 -9.240872814529834e-04 -1.007652146232846e+00
23 8 -1.000293502362203e+00 -1.908657031982315e-03 -9.234327427304631e-04 -1.007647645437202e+00
23 9 -1.000294029511093e+00 -1.909812056501699e-03 -9.229570811194395e-04 -1.007643470959128e+00
23 10 -1.000294520194467e+00 -1.910827371883240e-03 -9.226585878125917e-04 -1.007639659456180e+00
23 11 -1.000294970640755e+00 -1.911694734921971e-03 -9.225326666208316e-04 -1.007636244053925e+00
23 12 -1.000295377359900e+00 -1.912407523521442e-03 -9.225723598596829e-04 -1.007633253863699e+00
23 13 -1.000295737158016e+00 -1.912960784321271e-03 -9.227687625585796e-04 -1.007630713656387e+00
23 14 -1.000296047143722e+00 -1.913351258725398e-03 -9.231112476539030e-04 -1.007628643692996e+00
23 15 -1.000296304732710e+00 -1.913577395987179e-03 -9.235875310345906e-04 -1.007627059665843e+00
23 16 -1.000296507656199e+00 -1.913639347078978e-03 -9.241837038263114e-04 -1.007625972704773e+00
23 17 -1.000296653973813e+00 -1.913538914610066e-03 -9.248844012683533e-04 -1.007625389443194e+00
23 18 -1.000296742086366e+00 -1.913279428735193e-03 -9.256732363747060e-04 -1.007625312178120e+00
23 19 -1.000296770744036e+00 -1.912865538478177e-03 -9.265335138983664e-04 -1.007625739151803e+00
23 20 -1.000296739051449e+00 -1.912302946301296e-03 -9.274491062107639e-04 -1.007626664922881e+00
23 21 -1.000296646478922e+00 -1.911598148768406e-03 -9.284052839607356e-04 -1.007628080723453e+00
23 22 -1.000296492892302e+00 -1.910758254859694e-03 -9.293892967986280e-04 -1.007629974669591e+00
23 23 -1.000296278609415e+00 -1.909790927914846e-03 -9.303905925124073e-04 -1.007632331733330e+00
23 24 -1.000296004480115e+00 -1.908704447424512e-03 -9.314007015292071e-04 -1.007635133481906e+00
23 25 -1.000295671973948e+00 -1.907507834712499e-03 -9.324129336357470e-04 -1.007638357704717e+00
23 26 -1.000295283250349e+00 -1.906210956578788e-03 -9.334220820475707e-04 -1.007641978124993e+00
23 27 -1.000294841187390e+00 -1.904824530548466e-03 -9.344242866957892e-04 -1.007645964382843e+00
23 28 -1.000294349357940e+00 -1.903360003681362e-03 -9.354170947802763e-04 -1.007650282368064e+00
23 29 -1.000293811962003e+00 -1.901829341527539e-03 -9.363996259094108e-04 -1.007654894822468e+00
23 30 -1.000293233740736e+00 -1.900244811683934e-03 -9.373726637865085e-04 -1.007659762005191e+00
23 31 -1.000292619902462e+00 -1.898618852764901e-03 -9.383384970494363e-04 -1.007664842188516e+00
23 32 -1.000291976081100e+00 -1.896964080977814e-03 -9.393004180100249e-04 -1.007670091840842e+00
23 33 -1.000291308327289e+00 -1.895293420972168e-03 -9.402619203478050e-04 -1.007675465516624e+00
23 34 -1.000290623111620e+00 -1.893620285906016e-03 -9.412257575135443e-04 -1.007680915633456e+00
23 35 -1.000289927308403e+00 -1.891958703682300e-03 -9.421930818566339e-04 -1.007686392393820e+00
23 36 -1.000289228133690e+00 -1.890323306690465e-03 -9.431628560357141e-04 -1.007691844059115e+00
23 37 -1.000288533030645e+00 -1.888729161626029e-03 -9.441316245445806e-04 -1.007697217628232e+00
23 38 -1.000287849518888e+00 -1.887191484764356e-03 -9.450935979724846e-04 -1.007702459791666e+00
23 39 -1.000287185040127e+00 -1.885725333386197e-03 -9.460408954098322e-04 -1.007707517915629e+00
23 40 -1.000286546832829e+00 -1.884345365573568e-03 -9.469637604485558e-04 -1.007712340812542e+00
23 41 -1.000285941853969e+00 -1.883065718812181e-03 -9.478506281863297e-04 -1.007716879170300e+00
23 42 -1.000285376742850e+00 -1.881899993098329e-03 -9.486880453474729e-04 -1.007721085687482e+00
23 43 -1.000284857801966e+00 -1.880861268288810e-03 -9.494605726174572e-04 -1.007724915110376e+00
23 44 -1.000284390962897e+00 -1.879962066111992e-03 -9.501508647024508e-04 -1.007728324415386e+00
23 45 -1.000283981714703e+00 -1.879214192666616e-03 -9.507400946170110e-04 -1.007731273305694e+00
23 46 -1.000283634992048e+00 -1.878628451129282e-03 -9.512087744038430e-04 -1.007733725041852e+00
23 47 -1.000283355039304e+00 -1.878214267781430e-03 -9.515378761560593e-04 -1.007735647485122e+00
23 48 -1.000283145276382e+00 -1.877979303356213e-03 -9.517100438864828e-04 -1.007737014163389e+00
23 49 -1.000283008189865e+00 -1.877929117599829e-03 -9.517106615664514e-04 -1.007737805187493e+00
23 50 -1.000282945262484e+00 -1.878066925357712e-03 -9.515286145001429e-04 -1.007738007923718e+00
23 51 -1.000282956941370e+00 -1.878393446054412e-03 -9.511567096018951e-04 -1.007737617416242e+00
23 52 -1.000283042637843e+00 -1.878906825896313e-03 -9.505918385830361e-04 -1.007736636601107e+00
23 53 -1.000283200751945e+00 -1.879602613910655e-03 -9.498350220103942e-04 -1.007735076339075e+00
23 54 -1.000283428720847e+00 -1.880473791336891e-03 -9.488914464619623e-04 -1.007732955245442e+00
23 55 -1.000283723094504e+00 -1.881510869521885e-03 -9.477705271380777e-04 -1.007730299267442e+00
23 56 -1.000284079639454e+00 -1.882702069785775e-03 -9.464859413565408e-04 -1.007727140991184e+00
23 57 -1.000284493464018e+00 -1.884033580613963e-03 -9.450555281909769e-04 -1.007723518735146e+00
23 58 -1.000284959151140e+00 -1.885489865654864e-03 -9.435009577080064e-04 -1.007719475556068e+00
23 59 -1.000285470883693e+00 -1.887053984264161e-03 -9.418471314925410e-04 -1.007715058311275e+00
23 60 -1.000286022552245e+00 -1.888707892394743e-03 -9.401213530895526e-04 -1.007710316874702e+00
23 61 -1.000286607844998e+00 -1.890432713476606e-03 -9.383523674103122e-04 -1.007705303511045e+00
23 62 -1.000287220328915e+00 -1.892208994218786e-03 -9.365693916302939e-04 -1.007700072320230e+00
23 63 -1.000287853534156e+00 -1.894016972043253e-03 -9.348012458962548e-04 -1.007694678628311e+00
24 0 -1.000288674964595e+00 -1.896794913600140e-03 -9.277844619122872e-04 -1.007688001316213e+00
24 1 -1.000289338033288e+00 -1.898619934318224e-03 -9.261381490432463e-04 -1.007682398766070e+00
24 2 -1.000290003993827e+00 -1.900420972674480e-03 -9.245819947505601e-04 -1.007676792421507e+00
24 3 -1.000290667058764e+00 -1.902179890252980e-03 -9.231375733680707e-04 -1.007671235255621e+00
24 4 -1.000291321747355e+00 -1.903879509341287e-03 -9.218238742877807e-04 -1.007665778195956e+00
24 5 -1.000291962867399e+00 -1.905503697397191e-03 -9.206569801347097e-04 -1.007660470046126e+00
24 6 -1.000292585471585e+00 -1.907037400414875e-03 -9.196497187918249e-04 -1.007655357593016e+00
24 7 -1.000293184811706e+00 -1.908466670120217e-03 -9.188113551925141e-04 -1.007650485713111e+00
24 8 -1.000293756312380e+00 -1.909778722342316e-03 -9.181474206303112e-04 -1.007645897303697e+00
24 9 -1.000294295574492e+00 -1.910962037454256e-03 -9.176597650244184e-04 -1.007641632960891e+00
24 10 -1.000294798404041e+00 -1.912006486066511e-03 -9.173468564355984e-04 -1.007637730450354e+00
24 11 -1.000295260852344e+00 -1.912903450427262e-03 -9.172042649123417e-04 -1.007634224101578e+00
24 12 -1.000295679252370e+00 -1.913645918001098e-03 -9.172251976748548e-04 -1.007631144269342e+00
24 13 -1.000296050242083e+00 -1.914228540384196e-03 -9.174009391914298e-04 -1.007628516955205e+00
24 14 -1.000296370774708e+00 -1.914647665610671e-03 -9.177211052733930e-04 -1.007626363603965e+00
24 15 -1.000296638122876e+00 -1.914901354696137e-03 -9.181737231323006e-04 -1.007624701029056e+00
24 16 -1.000296849885054e+00 -1.914989380857212e-03 -9.187452531582189e-04 -1.007623541409676e+00
24 17 -1.000297003998099e+00 -1.914913190493597e-03 -9.194207219136184e-04 -1.007622892340174e+00
24 18 -1.000297098753473e+00 -1.914675795883589e-03 -9.201841071552158e-04 -1.007622756958969e+00
24 19 -1.000297132812101e+00 -1.914281584306461e-03 -9.210190103529856e-04 -1.007623134190684e+00
24 20 -1.000297105216629e+00 -1.913736063998032e-03 -9.219095166222728e-04 -1.007624019085992e+00
24 21 -1.000297015406841e+00 -1.913045604041630e-03 -9.228410422935213e-04 -1.007625403172289e+00
24 22 -1.000296863248598e+00 -1.912217239746208e-03 -9.238009571623752e-04 -1.007627274687636e+00
24 23 -1.000296649084711e+00 -1.911258595789359e-03 -9.247788495540771e-04 -1.007629618595025e+00
24 24 -1.000296373807444e+00 -1.910177932568400e-03 -9.257664391983491e-04 -1.007632416362073e+00
24 25 -1.000296038940029e+00 -1.908984267166681e-03 -9.267572715537545e-04 -1.007635645607417e+00
24 26 -1.000295646704610e+00 -1.907687484997865e-03 -9.277463896553022e-04 -1.007639279802806e+00
24 27 -1.000295200052860e+00 -1.906298361153891e-03 -9.287301497353086e-04 -1.007643288225634e+00
24 28 -1.000294702645875e+00 -1.904828453672448e-03 -9.297062406620653e-04 -1.007647636262740e+00
24 29 -1.000294158788388e+00 -1.903289895031092e-03 -9.306738344609859e-04 -1.007652286011225e+00
24 30 -1.000293573339912e+00 -1.901695161491288e-03 -9.316336977256598e-04 -1.007657196983444e+00
24 31 -1.000292951632805e+00 -1.900056915033856e-03 -9.325880778954689e-04 -1.007662326675140e+00
24 32 -1.000292299420179e+00 -1.898387980667163e-03 -9.335402527661755e-04 -1.007667630826906e+00
24 33 -1.000291622857729e+00 -1.896701457297404e-03 -9.344937625317050e-04 -1.007673063368916e+00
24 34 -1.000290928502235e+00 -1.895010894341241e-03 -9.354514722623558e-04 -1.007678576209666e+00
24 35 -1.000290223296793e+00 -1.893330431437511e-03 -9.364146836646582e-04 -1.007684119124170e+00
24 36 -1.000289514515646e+00 -1.891674812040584e-03 -9.373824997011564e-04 -1.007689639965393e+00
24 37 -1.000288809658566e+00 -1.890059236285280e-03 -9.383515510248383e-04 -1.007695085280216e+00
24 38 -1.000288116307301e+00 -1.888499087781763e-03 -9.393160577794058e-04 -1.007700401229718e+00
24 39 -1.000287441973493e+00 -1.887009620557791e-03 -9.402680820180113e-04 -1.007705534581186e+00
24 40 -1.000286793970586e+00 -1.885605702418231e-03 -9.411977796838676e-04 -1.007710433518522e+00
24 41 -1.000286179329906e+00 -1.884301674728257e-03 -9.420935107526698e-04 -1.007715048118800e+00
24 42 -1.000285604759037e+00 -1.883111323767804e-03 -9.429417882405962e-04 -1.007719330517559e+00
24 43 -1.000285076619928e+00 -1.882047898363341e-03 -9.437271805588094e-04 -1.007723234945906e+00
24 44 -1.000284600895793e+00 -1.881124083075988e-03 -9.444323610712677e-04 -1.007726717885771e+00
24 45 -1.000284183123576e+00 -1.880351856327601e-03 -9.450384843476639e-04 -1.007729738528163e+00
24 46 -1.000283828287202e+00 -1.879742214581637e-03 -9.455259639845680e-04 -1.007732259575183e+00
24 47 -1.000283540685572e+00 -1.879304799637361e-03 -9.458755768394917e-04 -1.007734248279141e+00
24 48 -1.000283323799725e+00 -1.879047500894397e-03 -9.460696920663425e-04 -1.007735677528614e+00
24 49 -1.000283180182651e+00 -1.878976105512356e-03 -9.460933815346844e-04 -1.007736526797257e+00
24 50 -1.000283111385438e+00 -1.879094041068766e-03 -9.459352295212633e-04 -1.007736782847369e+00
24 51 -1.000283117921027e+00 -1.879402216648910e-03 -9.455877873910077e-04 -1.007736440174524e+00
24 52 -1.000283199259237e+00 -1.879898942492730e-03 -9.450477450646987e-04 -1.007735501234576e+00
24 53 -1.000283353847259e+00 -1.880579907477275e-03 -9.443159571604010e-04 -1.007733976484156e+00
24 54 -1.000283579155711e+00 -1.881438210862040e-03 -9.433974478572759e-04 -1.007731884216863e+00
24 55 -1.000283871754322e+00 -1.882464461250194e-03 -9.423014443919164e-04 -1.007729250146273e+00
24 56 -1.000284227418516e+00 -1.883646956851523e-03 -9.410413981554549e-04 -1.007726106711905e+00
24 57 -1.000284641259917e+00 -1.884971945298519e-03 -9.396348915396194e-04 -1.007722492156613e+00
24 58 -1.000285107865649e+00 -1.886423938437063e-03 -9.381033271778059e-04 -1.007718449499475e+00
24 59 -1.000285621428670e+00 -1.887986042151239e-03 -9.364713506163954e-04 -1.007714025559233e+00
24 60 -1.000286175856605e+00 -1.889640264555537e-03 -9.347660356457538e-04 -1.007709270144305e+00
24 61 -1.000286764857766e+00 -1.891367788163527e-03 -9.330159257935907e-04 -1.007704235428161e+00
24 62 -1.000287382014662e+00 -1.893149219651284e-03 -9.312500545276571e-04 -1.007698975424148e+00
24 63 -1.000288020860015e+00 -1.894964845550577e-03 -9.294970586774999e-04 -1.007693545425396e+00
25 0 -1.000288773312411e+00 -1.897715320628763e-03 -9.224528291398522e-04 -1.007687026636243e+00
25 1 -1.000289442861929e+00 -1.899550533037745e-03 -9.208200563180499e-04 -1.007681380030836e+00
25 2 -1.000290116257069e+00 -1.901364456364906e-03 -9.192746446166942e-04 -1.007675721954898e+00
25 3 -1.000290787653459e+00 -1.903138886209747e-03 -9.178379376641495e-04 -1.007670105785363e+00
25 4 -1.000291451506926e+00 -1.904856547255240e-03 -9.165287344469706e-04 -1.007664582933255e+00
25 5 -1.000292102557547e+00 -1.906501181273912e-03 -9.153629964084670e-04 -1.007659202739126e+00
25 6 -1.000292735783088e+00 -1.908057578589086e-03 -9.143535186832901e-04 -1.007654012579743e+00
25 7 -1.000293346346371e+00 -1.909511598004924e-03 -9.135096238119987e-04 -1.007649058000970e+00
25 8 -1.000293929561568e+00 -1.910850216396382e-03 -9.128369742522138e-04 -1.007644382688372e+00
25 9 -1.000294480893778e+00 -1.912061624634642e-03 -9.123375952816159e-04 -1.007640028173830e+00
25 10 -1.000294995990306e+00 -1.913135357034869e-03 -9.120101445529908e-04 -1.007636033304571e+00
25 11 -1.000295470729188e+00 -1.914062424148666e-03 -9.118503783772453e-04 -1.007632433602538e+00
25 12 -1.000295901266433e+00 -1.914835420694366e-03 -9.118516897466887e-04 -1.007629260671548e+00
25 13 -1.000296284068716e+00 -1.915448596487759e-03 -9.120055701338714e-04 -1.007626541765510e+00
25 14 -1.000296615928626e+00 -1.915897895845543e-03 -9.123018926950736e-04 -1.007624299547459e+00
25 15 -1.000296893969167e+00 -1.916180977639784e-03 -9.127290119774574e-04 -1.007622551996532e+00
25 16 -1.000297115648059e+00 -1.916297218705261e-03 -9.132737817843813e-04 -1.007621312397035e+00
25 17 -1.000297278769071e+00 -1.916247684273024e-03 -9.139216569720826e-04 -1.007620589375222e+00
25 18 -1.000297381500629e+00 -1.916035036884138e-03 -9.146570296531624e-04 -1.007620387000096e+00
25 19 -1.000297422397026e+00 -1.915663364739359e-03 -9.154638546387169e-04 -1.007620704984422e+00
25 20 -1.000297400418524e+00 -1.915137942243134e-03 -9.163264841322798e-04 -1.007621538986868e+00
25 21 -1.000297314952425e+00 -1.914464972979914e-03 -9.172305227853333e-04 -1.007622880947453e+00
25 22 -1.000297165842801e+00 -1.913651385171650e-03 -9.181634860256442e-04 -1.007624719337010e+00
25 23 -1.000296953437151e+00 -1.912704736891776e-03 -9.191151122412412e-04 -1.007627039209820e+00
25 24 -1.000296678651853e+00 -1.911633245351332e-03 -9.200773112333423e-04 -1.007629822025426e+00
25 25 -1.000296343047129e+00 -1.910445900005498e-03 -9.210438657906740e-04 -1.007633045320390e+00
25 26 -1.000295948891811e+00 -1.909152579217278e-03 -9.220100792121655e-04 -1.007636682407381e+00
25 27 -1.000295499194984e+00 -1.907764086252731e-03 -9.229725464858992e-04 -1.007640702300856e+00
25 28 -1.000294997689358e+00 -1.906292057726093e-03 -9.239291299054231e-04 -1.007645069990622e+00
25 29 -1.000294448767955e+00 -1.904748760432228e-03 -9.248790870774391e-04 -1.007649747034912e+00
25 30 -1.000293857393624e+00 -1.903146850237997e-03 -9.258231924454993e-04 -1.007654692296170e+00
25 31 -1.000293229010465e+00 -1.901499189559672e-03 -9.267636628848712e-04 -1.007659862574932e+00
25 32 -1.000292569481728e+00 -1.899818794964389e-03 -9.277037588651121e-04 -1.007665212950256e+00
25 33 -1.000291885061815e+00 -1.898118924813370e-03 -9.286470578804401e-04 -1.007670696786763e+00
25 34 -1.000291182388957e+00 -1.896413248522790e-03 -9.295965302040696e-04 -1.007676265544220e+00
25 35 -1.000290468470882e+00 -1.894715997306921e-03 -9.305536307439850e-04 -1.007681868637503e+00
25 36 -1.000289750635819e+00 -1.893042001266874e-03 -9.315176202361023e-04 -1.007687453585439e+00
25 37 -1.000289036435658e+00 -1.891406566767946e-03 -9.324852445423494e-04 -1.007692966560256e+00
25 38 -1.000288333509785e+00 -1.889825217774148e-03 -9.334507667339513e-04 -1.007698353267106e+00
25 39 -1.000287649436194e+00 -1.888313382152010e-03 -9.344062201753908e-04 -1.007703559934996e+00
25 40 -1.000286991601789e+00 -1.886886121523562e-03 -9.353416902212067e-04 -1.007708534159522e+00
25 41 -1.000286367113535e+00 -1.885557972595733e-03 -9.362454678117425e-04 -1.007713225424738e+00
25 42 -1.000285782751254e+00 -1.884342904725636e-03 -9.371040334905296e-04 -1.007717585302603e+00
25 43 -1.000285244942317e+00 -1.883254335252884e-03 -9.379019679858453e-04 -1.007721567495872e+00
25 44 -1.000284759728848e+00 -1.882305112454647e-03 -9.386219777114363e-04 -1.007725127969070e+00
25 45 -1.000284332703735e+00 -1.881507389501620e-03 -9.392452248235233e-04 -1.007728225367572e+00
25 46 -1.000283968908618e+00 -1.880872361568334e-03 -9.397520577593907e-04 -1.007730821788348e+00
25 47 -1.000283672705617e+00 -1.880409896514388e-03 -9.401230889865390e-04 -1.007732883811933e+00
25 48 -1.000283447645946e+00 -1.880128129878458e-03 -9.403404304759429e-04 -1.007734383606915e+00
25 49 -1.000283296358743e+00 -1.880033101014535e-03 -9.403888400877544e-04 -1.007735299912224e+00
25 50 -1.000283220474184e+00 -1.880128481017784e-03 -9.402565799982713e-04 -1.007735618775471e+00
25 51 -1.000283220582917e+00 -1.880415403395920e-03 -9.399359115807563e-04 -1.007735334024010e+00
25 52 -1.000283296226303e+00 -1.880892379433742e-03 -9.394232831601511e-04 -1.007734447507853e+00
25 53 -1.000283445912582e+00 -1.881555275814776e-03 -9.387193456125117e-04 -1.007732969149997e+00
25 54 -1.000283667159825e+00 -1.882397347600281e-03 -9.378289291922328e-04 -1.007730916792159e+00
25 55 -1.000283956570670e+00 -1.883409337538002e-03 -9.367610471935547e-04 -1.007728315787360e+00
25 56 -1.000284309940932e+00 -1.884579656598526e-03 -9.355288995109935e-04 -1.007725198308381e+00
25 57 -1.000284722395145e+00 -1.885894646300922e-03 -9.341497806654100e-04 -1.007721602412058e+00
25 58 -1.000285188532517e+00 -1.887338899546027e-03 -9.326447859998523e-04 -1.007717570982267e+00
25 59 -1.000285702562970e+00 -1.888895598867624e-03 -9.310382576059429e-04 -1.007713150715896e+00
25 60 -1.000286258418173e+00 -1.890546832141248e-03 -9.293569884636019e-04 -1.007708391283626e+00
25 61 -1.000286849834908e+00 -1.892273867328393e-03 -9.276292710944347e-04 -1.007703344699544e+00
25 62 -1.000287470421578e+00 -1.894057397161550e-03 -9.258839120228811e-04 -1.007698064820930e+00
25 63 -1.000288113725296e+00 -1.895877782787609e-03 -9.241493309321056e-04 -1.007692606837429e+00
26 0 -1.000288796096974e+00 -1.898589727795992e-03 -9.171362982523028e-04 -1.007686257736449e+00
26 1 -1.000289471090003e+00 -1.900432636090104e-03 -9.155196641434831e-04 -1.007680574073347e+00
26 2 -1.000290150963809e+00 -1.902257149441434e-03 -9.139874195992176e-04 -1.007674870557022e+00
26 3 -1.000290829824454e+00 -1.904045013603401e-03 -9.125606545286753e-04 -1.007669200933520e+00
26 4 -1.000291502070853e+00 -1.905778870373856e-03 -9.112579467227885e-04 -1.007663617071552e+00
26 5 -1.000292162382340e+00 -1.907442350600605e-03 -9.100950991500099e-04 -1.007658168825198e+00
26 6 -1.000292805670428e+00 -1.909020104942028e-03 -9.090848352066311e-04 -1.007652904133051e+00
26 7 -1.000293427019714e+00 -1.910497816634713e-03 -9.082365015946398e-04 -1.007647869173868e+00
26 8 -1.000294021646089e+00 -1.911862241291583e-03 -9.075558707488047e-04 -1.007643108377399e+00
26 9 -1.000294584890927e+00 -1.913101296586363e-03 -9.070451373893013e-04 -1.007638664164720e+00
26 10 -1.000295112252929e+00 -1.914204193425387e-03 -9.067031563644678e-04 -1.007634576423776e+00
26 11 -1.000295599443436e+00 -1.915161578501287e-03 -9.065258862161385e-04 -1.007630881841919e+00
26 12 -1.000296042444090e+00 -1.915965656216062e-03 -9.065069238791786e-04 -1.007627613262718e+00
26 13 -1.000296437549492e+00 -1.916610272569446e-03 -9.066379835093144e-04 -1.007624799199322e+00
26 14 -1.000296781388545e+00 -1.917090962683830e-03 -9.069092077828619e-04 -1.007622463552340e+00
26 15 -1.000297070930068e+00 -1.917404974210776e-03 -9.073092908121776e-04 -1.007620625496850e+00
26 16 -1.000297303484899e+00 -1.917551273590281e-03 -9.078254985442625e-04 -1.007619299465176e+00
26 17 -1.000297476715260e+00 -1.917530524442289e-03 -9.084437449683909e-04 -1.007618495174242e+00
26 18 -1.000297588654820e+00 -1.917345011996976e-03 -9.091488808234458e-04 -1.007618217700766e+00
26 19 -1.000297637735636e+00 -1.916998491352264e-03 -9.099252677256821e-04 -1.007618467641409e+00
26 20 -1.000297622816367e+00 -1.916495965083769e-03 -9.107575789984994e-04 -1.007619241373224e+00
26 21 -1.000297543210283e+00 -1.915843433274937e-03 -9.116316522858749e-04 -1.007620531365167e+00
26 22 -1.000297398717672e+00 -1.915047682880481e-03 -9.125351768645741e-04 -1.007622326433082e+00
26 23 -1.000297189669862e+00 -1.914116176653249e-03 -9.134580520614716e-04 -1.007624611824950e+00
26 24 -1.000296916988321e+00 -1.913057064169449e-03 -9.143923770559055e-04 -1.007627369085659e+00
26 25 -1.000296582252885e+00 -1.911879284171556e-03 -9.153321692395420e-04 -1.007630575759332e+00
26 26 -1.000296187762585e+00 -1.910592683252746e-03 -9.162729963885366e-04 -1.007634205091411e+00
26 27 -1.000295736567439e+00 -1.909208064558420e-03 -9.172117082636194e-04 -1.007638225931874e+00
26 28 -1.000295232454802e+00 -1.907737111424417e-03 -9.181463673142879e-04 -1.007642602979046e+00
26 29 -1.000294679888946e+00 -1.906192191995049e-03 -9.190763474349333e-04 -1.007647297359629e+00
26 30 -1.000294083920190e+00 -1.904586111543064e-03 -9.200024562042369e-04 -1.007652267386015e+00
26 31 -1.000293450090963e+00 -1.902931908358043e-03 -9.209268925982364e-04 -1.007657469248839e+00
26 32 -1.000292784364273e+00 -1.901242771630155e-03 -9.218528986210684e-04 -1.007662857436371e+00
26 33 -1.000292093085623e+00 -1.899532103360267e-03 -9.227840792000197e-04 -1.007668384809767e+00
26 34 -1.000291382969159e+00 -1.897813677051266e-03 -9.237234996883413e-04 -1.007674002440579e+00
26 35 -1.000290661082878e+00 -1.896101796874515e-03 -9.246727660510777e-04 -1.007679659447745e+00
26 36 -1.000289934804887e+00 -1.894411356880903e-03 -9.256313075597080e-04 -1.007685303086621e+00
26 37 -1.000289211734767e+00 -1.892757743506368e-03 -9.265960083443004e-04 -1.007690879230500e+00
26 38 -1.000288499565066e+00 -1.891156594471426e-03 -9.275612033310878e-04 -1.007696333202166e+00
26 39 -1.000287805936612e+00 -1.889623488635570e-03 -9.285189227615423e-04 -1.007701610753349e+00
26 40 -1.000287138308255e+00 -1.888173665222457e-03 -9.294591966944480e-04 -1.007706658932549e+00
26 41 -1.000286503863531e+00 -1.886821846858340e-03 -9.303702510797975e-04 -1.007711426651779e+00
26 42 -1.000285909457805e+00 -1.885582181569026e-03 -9.312385316376241e-04 -1.007715864924104e+00
26 43 -1.000285361589202e+00 -1.884468253661670e-03 -9.320486306301963e-04 -1.007719926916426e+00
26 44 -1.000284866365555e+00 -1.883493074798526e-03 -9.327832960401078e-04 -1.007723568058969e+00
26 45 -1.000284429443225e+00 -1.882668973113690e-03 -9.334237195424117e-04 -1.007726746426474e+00
26 46 -1.000284055929248e+00 -1.882007344204436e-03 -9.339502174338561e-04 -1.007729423476237e+00
26 47 -1.000283750256724e+00 -1.881518287730067e-03 -9.343432730830948e-04 -1.007731565068396e+00
26 48 -1.000283516055245e+00 -1.881210197733064e-03 -9.345847675420238e-04 -1.007733142584496e+00
26 49 -1.000283356039068e+00 -1.881089385656088e-03 -9.346591537223839e-04 -1.007734133943130e+00
26 50 -1.000283271927395e+00 -1.881159792574233e-03 -9.345543616406404e-04 -1.007734524376818e+00
26 51 -1.000283264399682e+00 -1.881422807814295e-03 -9.342623372610527e-04 -1.007734306933391e+00
26 52 -1.000283333081323e+00 -1.881877178528843e-03 -9.337792536207769e-04 -1.007733482737017e+00
26 53 -1.000283476555274e+00 -1.882518985955887e-03 -9.331055236639866e-04 -1.007732061050655e+00
26 54 -1.000283692401135e+00 -1.883341678177572e-03 -9.322457545076760e-04 -1.007730059135135e+00
26 55 -1.000283977267884e+00 -1.884336168906002e-03 -9.312087218594993e-04 -1.007727501855487e+00
26 56 -1.000284326983652e+00 -1.885491017993619e-03 -9.300073518554177e-04 -1.007724420995624e+00
26 57 -1.000284736695784e+00 -1.886792695696383e-03 -9.286586246190734e-04 -1.007720854313916e+00
26 58 -1.000285201023348e+00 -1.888225908377862e-03 -9.271832939930531e-04 -1.007716844461134e+00
26 59 -1.000285714199404e+00 -1.889773944370578e-03 -9.256053567684965e-04 -1.007712437930919e+00
26 60 -1.000286270185470e+00 -1.891418997673514e-03 -9.239512784118470e-04 -1.007707684187674e+00
26 61 -1.000286862753646e+00 -1.893142446529117e-03 -9.222490535686042e-04 -1.007702635023366e+00
26 62 -1.000287485546924e+00 -1.894925093814723e-03 -9.205272203951767e-04 -1.007697344076905e+00
26 63 -1.000288132137095e+00 -1.896747398541642e-03 -9.188139496458275e-04 -1.007691866371599e+00
27 0 -1.000288743913725e+00 -1.899410308879799e-03 -9.118902992085769e-04 -1.007685695998393e+00
27 1 -1.000289423315512e+00 -1.901258442309901e-03 -9.102920563976266e-04 -1.007679982286498e+00
27 2 -1.000290108702976e+00 -1.903091247954870e-03 -9.087750920180053e-04 -1.007674239714620e+00
27 3 -1.000290794139477e+00 -1.904890436197814e-03 -9.073602266665323e-04 -1.007668522365811e+00
27 4 -1.000291473973111e+00 -1.906638579501336e-03 -9.060657930688700e-04 -1.007662882541847e+00
27 5 -1.000292142829063e+00 -1.908319211775899e-03 -9.049074036091099e-04 -1.007657370587451e+00
27 6 -1.000292795560806e+00 -1.909916859380463e-03 -9.038976737463574e-04 -1.007652034976102e+00
27 7 -1.000293427185196e+00 -1.911417047201154e-03 -9.030459408116910e-04 -1.007646922483598e+00
27 8 -1.000294032832337e+00 -1.912806328354248e-03 -9.023580631893911e-04 -1.007642078237312e+00
27 9 -1.000294607733096e+00 -1.914072366038937e-03 -9.018363947432131e-04 -1.007637545494294e+00
27 10 -1.000295147249434e+00 -1.915204063922468e-03 -9.014799908224309e-04 -1.007633365132653e+00
27 11 -1.000295646934728e+00 -1.916191716453168e-03 -9.012850248585036e-04 -1.007629574966531e+00
27 12 -1.000296102601141e+00 -1.917027144365241e-03 -9.012453135189401e-04 -1.007626209056697e+00
27 13 -1.000296510372697e+00 -1.917703792307498e-03 -9.013528073246926e-04 -1.007623297168155e+00
27 14 -1.000296866713658e+00 -1.918216785230208e-03 -9.015979281962127e-04 -1.007620864444501e+00
27 15 -1.000297168435986e+00 -1.918562955066787e-03 -9.019697180953225e-04 -1.007618931273742e+00
27 16 -1.000297412699456e+00 -1.918740848916520e-03 -9.024558678814553e-04 -1.007617513265263e+00
27 17 -1.000297597018539e+00 -1.918750713898761e-03 -9.030427743351030e-04 -1.007616621270196e+00
27 18 -1.000297719282856e+00 -1.918594435686695e-03 -9.037157844890119e-04 -1.007616261434983e+00
27 19 -1.000297777788894e+00 -1.918275406529922e-03 -9.044597158174531e-04 -1.007616435323238e+00
27 20 -1.000297771276262e+00 -1.917798322026835e-03 -9.052596152918396e-04 -1.007617140131715e+00
27 21 -1.000297698963796e+00 -1.917168942129810e-03 -9.061015994657867e-04 -1.007618368969322e+00
27 22 -1.000297560586455e+00 -1.916393878389543e-03 -9.069735625942833e-04 -1.007620111107515e+00
27 23 -1.000297356438387e+00 -1.915480468822047e-03 -9.078655783592907e-04 -1.007622352091448e+00
27 24 -1.000297087426651e+00 -1.914436770413573e-03 -9.087699347009358e-04 -1.007625073646499e+00
27 25 -1.000296755132815e+00 -1.913271648334007e-03 -9.096808777849886e-04 -1.007628253414722e+00
27 26 -1.000296361869200e+00 -1.911994893364104e-03 -9.105942387471110e-04 -1.007631864666145e+00
27 27 -1.000295910709874e+00 -1.910617280849579e-03 -9.115071320717470e-04 -1.007635876184866e+00
27 28 -1.000295405479486e+00 -1.909150509405098e-03 -9.124178415303851e-04 -1.007640252483682e+00
27 29 -1.000294850696085e+00 -1.907607015652648e-03 -9.133258841796211e-04 -1.007644954365740e+00
27 30 -1.000294251480875e+00 -1.905999723343960e-03 -9.142321250121421e-04 -1.007649939695386e+00
27 31 -1.000293613460010e+00 -1.904341820273610e-03 -9.151387592777338e-04 -1.007655164143371e+00
27 32 -1.000292942684403e+00 -1.902646647289260e-03 -9.160490111390462e-04 -1.007660581683433e+00
27 33 -1.000292245581838e+00 -1.900927733349301e-03 -9.169665025806855e-04 -1.007666144738079e+00
27 34 -1.000291528936154e+00 -1.899198940844497e-03 -9.178943804547271e-04 -1.007671804049750e+00
27 35 -1.000290799870968e+00 -1.897474629739108e-03 -9.188343943296722e-04 -1.007677508502405e+00
27 36 -1.000290065809996e+00 -1.895769736689146e-03 -9.197861468299854e-04 -1.007683205155926e+00
27 37 -1.000289334396077e+00 -1.894099703252720e-03 -9.207466775442165e-04 -1.007688839658238e+00
27 38 -1.000288613370676e+00 -1.892480255473039e-03 -9.217104172872248e-04 -1.007694357020847e+00
27 39 -1.000287910434215e+00 -1.890927101036413e-03 -9.226694157703510e-04 -1.007699702577413e+00
27 40 -1.000287233115981e+00 -1.889455640377695e-03 -9.236136616421944e-04 -1.007704822870977e+00
27 41 -1.000286588676731e+00 -1.888080772005668e-03 -9.245313181487387e-04 -1.007709666264728e+00
27 42 -1.000285984050305e+00 -1.886816817804291e-03 -9.254087900192635e-04 -1.007714183220101e+00
27 43 -1.000285425810544e+00 -1.885677527214814e-03 -9.262306744473846e-04 -1.007718326363715e+00
27 44 -1.000284920137320e+00 -1.884676074076505e-03 -9.269797630184890e-04 -1.007722050579848e+00
27 45 -1.000284472757369e+00 -1.883824959813308e-03 -9.276372932034525e-04 -1.007725313355889e+00
27 46 -1.000284088850103e+00 -1.883135779265830e-03 -9.281835789910486e-04 -1.007728075485549e+00
27 47 -1.000283772926619e+00 -1.882618865674730e-03 -9.285990111164850e-04 -1.007730302072427e+00
27 48 -1.000283528702191e+00 -1.882282878905659e-03 -9.288652723629773e-04 -1.007731963658198e+00
27 49 -1.000283358984115e+00 -1.882134416887840e-03 -9.289665298176463e-04 -1.007733037270105e+00
27 50 -1.000283265589519e+00 -1.882177712255169e-03 -9.288903820030315e-04 -1.007733507237744e+00
27 51 -1.000283249296924e+00 -1.882414437754568e-03 -9.286284432910146e-04 -1.007733365727692e+00
27 52 -1.000283309827510e+00 -1.882843608216293e-03 -9.281765850017796e-04 -1.007732613025996e+00
27 53 -1.000283445852041e+00 -1.883461553807218e-03 -9.275349533359528e-04 -1.007731257615569e+00
27 54 -1.000283655025503e+00 -1.884261951520177e-03 -9.267079066470220e-04 -1.007729316050916e+00
27 55 -1.000283934056935e+00 -1.885235922621111e-03 -9.257039621302828e-04 -1.007726812581568e+00
27 56 -1.000284278819213e+00 -1.886372211989783e-03 -9.245357535639779e-04 -1.007723778478784e+00
27 57 -1.000284684492685e+00 -1.887657452959953e-03 -9.232199257367147e-04 -1.007720251089406e+00
27 58 -1.000285145723946e+00 -1.889076496953278e-03 -9.217768632798751e-04 -1.007716272733620e+00
27 59 -1.000285656774963e+00 -1.890612766699008e-03 -9.202301815080901e-04 -1.007711889620700e+00
27 60 -1.000286211642145e+00 -1.892248588080313e-03 -9.186059759151932e-04 -1.007707150941436e+00
27 61 -1.000286804138468e+00 -1.893965472963838e-03 -9.169318996564876e-04 -1.007702108207616e+00
27 62 -1.000287427948460e+00 -1.895744356098715e-03 -9.152361835562897e-04 -1.007696814785577e+00
27 63 -1.000288076677211e+00 -1.897565815353474e-03 -9.135467193124821e-04 -1.007691325477482e+00
28 0 -1.000288617911002e+00 -1.900169834603652e-03 -9.067694451278544e-04 -1.007685340857286e+00
28 1 -1.000289300702231e+00 -1.902020772244907e-03 -9.051914744279068e-04 -1.007679604046377e+00
28 2 -1.000289990643022e+00 -1.903859595455225e-03 -9.036915612984396e-04 -1.007673828824678e+00
28 3 -1.000290681760516e+00 -1.905667992753021e-03 -9.022902478378269e-04 -1.007668069580929e+00
28 4 -1.000291368357575e+00 -1.907428479652394e-03 -9.010056047726803e-04 -1.007662379026562e+00
28 5 -1.000292045011069e+00 -1.909124505657785e-03 -8.998530281201536e-04 -1.007656807976567e+00
28 6 -1.000292706523887e+00 -1.910740486995246e-03 -8.988449937671885e-04 -1.007651405414775e+00
28 7 -1.000293347855138e+00 -1.912261807074118e-03 -8.979907979303376e-04 -1.007646218678748e+00
28 8 -1.000293964061595e+00 -1.913674835775855e-03 -8.972963598016194e-04 -1.007641293545660e+00
28 9 -1.000294550277224e+00 -1.914967001608448e-03 -8.967641791673447e-04 -1.007636674052819e+00
28 10 -1.000295101740099e+00 -1.916126918958808e-03 -8.963935119973005e-04 -1.007632402013120e+00
28 11 -1.000295613855987e+00 -1.917144544514309e-03 -8.961807567567715e-04 -1.007628516320096e+00
28 12 -1.000296082274513e+00 -1.918011325678469e-03 -8.961199638449020e-04 -1.007625052217273e+00
28 13 -1.000296502952637e+00 -1.918720312004886e-03 -8.962033322495142e-04 -1.007622040701929e+00
28 14 -1.000296872190798e+00 -1.919266221037451e-03 -8.964215706067121e-04 -1.007619508154704e+00
28 15 -1.000297186643209e+00 -1.919645468854219e-03 -8.967640730328205e-04 -1.007617476181170e+00
28 16 -1.000297443316479e+00 -1.919856179720967e-03 -8.972189618045980e-04 -1.007615961581765e+00
28 17 -1.000297639573561e+00 -1.919898175481012e-03 -8.977731322395284e-04 -1.007614976368545e+00
28 18 -1.000297773153387e+00 -1.919772925965299e-03 -8.984124574494618e-04 -1.007614527803159e+00
28 19 -1.000297842206221e+00 -1.919483436145745e-03 -8.991222537720451e-04 -1.007614618483909e+00
28 20 -1.000297845337668e+00 -1.919034063816133e-03 -8.998879912938885e-04 -1.007615246515147e+00
28 21 -1.000297781653633e+00 -1.918430294947568e-03 -9.006961115411875e-04 -1.007616405746991e+00
28 22 -1.000297650803265e+00 -1.917678532527000e-03 -9.015347474035082e-04 -1.007618086012415e+00
28 23 -1.000297453022837e+00 -1.916785960200780e-03 -9.023941634356091e-04 -1.007620273256478e+00
28 24 -1.000297189185400e+00 -1.915760517030683e-03 -9.032668372894966e-04 -1.007622949480749e+00
28 25 -1.000296860856076e+00 -1.914610971728158e-03 -9.041472367947997e-04 -1.007626092516174e+00
28 26 -1.000296470343142e+00 -1.913347035460143e-03 -9.050314512541770e-04 -1.007629675750013e+00
28 27 -1.000296020727414e+00 -1.911979428493260e-03 -9.059168640980412e-04 -1.007633668000038e+00
28 28 -1.000295515853147e+00 -1.910519833740152e-03 -9.068019958357363e-04 -1.007638033700038e+00
28 29 -1.000294960274259e+00 -1.908980723442739e-03 -9.076865294188798e-04 -1.007642733438720e+00
28 30 -1.000294359165412e+00 -1.907375107860439e-03 -9.085714099662382e-04 -1.007647724737875e+00
28 31 -1.000293718220633e+00 -1.905716296054259e-03 -9.094588437748272e-04 -1.007652962843806e+00
28 32 -1.000293043565608e+00 -1.904017757970373e-03 -9.103520388672954e-04 -1.007658401296338e+00
28 33 -1.000292341700533e+00 -1.902293132321918e-03 -9.112546236275587e-04 -1.007663992145415e+00
28 34 -1.000291619471921e+00 -1.900556355551816e-03 -9.121698102891189e-04 -1.007669685862726e+00
28 35 -1.000290884053701e+00 -1.898821827062302e-03 -9.130994799149063e-04 -1.007675431156946e+00
28 36 -1.000290142910616e+00 -1.897104506078707e-03 -9.140434072628327e-04 -1.007681174958169e+00
28 37 -1.000289403724499e+00 -1.895419866157326e-03 -9.149987983758996e-04 -1.007686862758304e+00
28 38 -1.000288674281876e+00 -1.893783697846768e-03 -9.159601991617259e-04 -1.007692439324396e+00
28 39 -1.000287962339721e+00 -1.892211816066419e-03 -9.169196988049632e-04 -1.007697849629597e+00
28 40 -1.000287275496150e+00 -1.890719765773561e-03 -9.178672573568499e-04 -1.007703039754000e+00
28 41 -1.000286621089639e+00 -1.889322611095525e-03 -9.187909762001755e-04 -1.007707957536106e+00
28 42 -1.000286006135340e+00 -1.888034843204557e-03 -9.196772095763022e-04 -1.007712552893062e+00
28 43 -1.000285437287549e+00 -1.886870375005517e-03 -9.205105475670420e-04 -1.007716777908066e+00
28 44 -1.000284920804030e+00 -1.885842540827054e-03 -9.212738205427710e-04 -1.007720586912057e+00
28 45 -1.000284462488228e+00 -1.884964012567584e-03 -9.219483209677109e-04 -1.007723936794957e+00
28 46 -1.000284067598401e+00 -1.884246581275869e-03 -9.225143848806123e-04 -1.007726787671122e+00
28 47 -1.000283740730089e+00 -1.883700812498628e-03 -9.229523452048158e-04 -1.007729103861999e+00
28 48 -1.000283485690672e+00 -1.883335634747852e-03 -9.232437225524643e-04 -1.007730855030164e+00
28 49 -1.000283305387279e+00 -1.883157941553246e-03 -9.233724250149246e-04 -1.007732017255461e+00
28 50 -1.000283201742748e+00 -1.883172273607583e-03 -9.233257299306703e-04 -1.007732573890397e+00
28 51 -1.000283175643871e+00 -1.883380610248326e-03 -9.230949133044627e-04 -1.007732516130161e+00
28 52 -1.000283226918392e+00 -1.883782261986794e-03 -9.226755262805368e-04 -1.007731843320585e+00
28 53 -1.000283354337127e+00 -1.884373839249429e-03 -9.220674255864751e-04 -1.007730563053077e+00
28 54 -1.000283555643870e+00 -1.885149281796880e-03 -9.212746995936972e-04 -1.007728691056078e+00
28 55 -1.000283827621465e+00 -1.886099953827194e-03 -9.203055898854733e-04 -1.007726250838822e+00
28 56 -1.000284166200271e+00 -1.887214820462956e-03 -9.191724239923215e-04 -1.007723273037178e+00
28 57 -1.000284566604122e+00 -1.888480711565524e-03 -9.178914966179948e-04 -1.007719794473735e+00
28 58 -1.000285023514957e+00 -1.889882654495914e-03 -9.164828023858399e-04 -1.007715857040321e+00
28 59 -1.000285531229278e+00 -1.891404234370730e-03 -9.149695454055848e-04 -1.007711506580454e+00
28 60 -1.000286083782816e+00 -1.893027933773914e-03 -9.133774140563347e-04 -1.007706791945482e+00
28 61 -1.000286675033818e+00 -1.894735420013458e-03 -9.117336803321274e-04 -1.007701764313273e+00
28 62 -1.000287298713807e+00 -1.896507779600514e-03 -9.100662311211889e-04 -1.007696476729608e+00
28 63 -1.000287948468304e+00 -1.898325728470687e-03 -9.084026499566542e-04 -1.007690983727231e+00
29 0 -1.000288419756747e+00 -1.900861727190536e-03 -9.018268438537617e-04 -1.007685190000547e+00
29 1 -1.000289104943232e+00 -1.902713117766243e-03 -9.002706388306252e-04 -1.007679436929375e+00
29 2 -1.000289798492275e+00 -1.904555727437382e-03 -8.987891865931137e-04 -1.007673635430442e+00
29 3 -1.000290494400942e+00 -1.906371235794613e-03 -8.974027467173502e-04 -1.007667840166701e+00
29 4 -1.000291186931842e+00 -1.908142112581256e-03 -8.961291178634384e-04 -1.007662104237245e+00
29 5 -1.000291870618495e+00 -1.909851733898028e-03 -8.949834608801305e-04 -1.007656478909542e+00
29 6 -1.000292540219789e+00 -1.911484418879566e-03 -8.939780858611169e-04 -1.007651013655074e+00
29 7 -1.000293190646365e+00 -1.913025425724164e-03 -8.931222191637166e-04 -1.007645756338838e+00
29 8 -1.000293816893559e+00 -1.914460959961429e-03 -8.924218162537805e-04 -1.007640753341144e+00
29 9 -1.000294414011864e+00 -1.915778235250627e-03 -8.918795083988478e-04 -1.007636049424283e+00
29 10 -1.000294977128835e+00 -1.916965595761976e-03 -8.914947502279207e-04 -1.007631687277662e+00
29 11 -1.000295501514252e+00 -1.918012677110325e-03 -8.912641735279008e-04 -1.007627706819866e+00
29 12 -1.000295982663726e+00 -1.918910566375214e-03 -8.911820753005270e-04 -1.007624144433940e+00
29 13 -1.000296416372217e+00 -1.919651927035951e-03 -8.912409141899838e-04 -1.007621032321030e+00
29 14 -1.000296798778703e+00 -1.920231075262099e-03 -8.914316911979351e-04 -1.007618398083094e+00
29 15 -1.000297126380516e+00 -1.920644015428143e-03 -8.917441531748020e-04 -1.007616264535568e+00
29 16 -1.000297396031046e+00 -1.920888450763481e-03 -8.921668542236138e-04 -1.007614649669212e+00
29 17 -1.000297604940290e+00 -1.920963775025014e-03 -8.926871957398269e-04 -1.007613566667699e+00
29 18 -1.000297750692546e+00 -1.920871032311772e-03 -8.932915976452554e-04 -1.007613023936169e+00
29 19 -1.000297831284258e+00 -1.920612822293537e-03 -8.939659103154863e-04 -1.007613025157242e+00
29 20 -1.000297845175126e+00 -1.920193139680311e-03 -8.946960716595707e-04 -1.007613569413776e+00
29 21 -1.000297791342136e+00 -1.919617166478657e-03 -8.954688931016933e-04 -1.007614651385407e+00
29 22 -1.000297669329804e+00 -1.918891066003639e-03 -8.962727815162061e-04 -1.007616261564700e+00
29 23 -1.000297479296718e+00 -1.918021838598063e-03 -8.970982119090666e-04 -1.007618386395568e+00
29 24 -1.000297222062616e+00 -1.917017279968989e-03 -8.979378552814398e-04 -1.007621008250431e+00
29 25 -1.000296899157860e+00 -1.915886039136433e-03 -8.987863945407469e-04 -1.007624105240778e+00
29 26 -1.000296512869037e+00 -1.914637723823458e-03 -8.996401693308181e-04 -1.007627650964923e+00
29 27 -1.000296066266130e+00 -1.913282972404815e-03 -9.004968312124080e-04 -1.007631614374476e+00
29 28 -1.000295563195005e+00 -1.911833421482521e-03 -9.013551475326870e-04 -1.007635959931604e+00
29 29 -1.000295008226971e+00 -1.910301545550522e-03 -9.022149861075715e-04 -1.007640648122571e+00
29 30 -1.000294406571774e+00 -1.908700407998269e-03 -9.030773931172178e-04 -1.007645636237074e+00
29 31 -1.000293763974352e+00 -1.907043409362396e-03 -9.039446003772093e-04 -1.007650879197279e+00
29 32 -1.000293086620959e+00 -1.905344125002343e-03 -9.048198019300602e-04 -1.007656330192770e+00
29 33 -1.000292381073303e+00 -1.903616285485285e-03 -9.057066220688429e-04 -1.007661940968675e+00
29 34 -1.000291654232512e+00 -1.901873886247699e-03 -9.066083206483055e-04 -1.007667661785184e+00
29 35 -1.000290913316742e+00 -1.900131350451469e-03 -9.075268936908431e-04 -1.007673441234574e+00
29 36 -1.000290165826923e+00 -1.898403641557418e-03 -9.084622804196425e-04 -1.007679226179315e+00
29 37 -1.000289419479794e+00 -1.896706244000405e-03 -9.094118579275854e-04 -1.007684962019858e+00
29 38 -1.000288682103330e+00 -1.895054990372526e-03 -9.103703017531297e-04 -1.007690593342103e+00
29 39 -1.000287961508093e+00 -1.893465781705100e-03 -9.113297579563153e-04 -1.007696064814995e+00
29 40 -1.000287265359407e+00 -1.891954290819869e-03 -9.122801696325869e-04 -1.007701322098026e+00
29 41 -1.000286601073916e+00 -1.890535737180310e-03 -9.132095763247362e-04 -1.007706312529053e+00
29 42 -1.000285975750774e+00 -1.889224776716590e-03 -9.141042703552800e-04 -1.007710985488532e+00
29 43 -1.000285396129193e+00 -1.888035484308745e-03 -9.149488182121177e-04 -1.007715292514049e+00
29 44 -1.000284868550368e+00 -1.886981353399637e-03 -9.157260771469487e-04 -1.007719187377522e+00
29 45 -1.000284398900503e+00 -1.886075223538082e-03 -9.164173956839379e-04 -1.007722626364497e+00
29 46 -1.000283992522821e+00 -1.885329077924523e-03 -9.170031494385970e-04 -1.007725568900254e+00
29 47 -1.000283654103183e+00 -1.884753710800943e-03 -9.174636446034324e-04 -1.007727978507742e+00
29 48 -1.000283387546767e+00 -1.884358318700033e-03 -9.177802760093094e-04 -1.007729823942691e+00
29 49 -1.000283195866435e+00 -1.884150095556022e-03 -9.179367241391895e-04 -1.007731080294248e+00
29 50 -1.000283081097399e+00 -1.884133901667076e-03 -9.179199634047738e-04 -1.007731729877403e+00
29 51 -1.000283044242635e+00 -1.884312041099786e-03 -9.177209338039944e-04 -1.007731762839695e+00
29 52 -1.000283085245965e+00 -1.884684143729665e-03 -9.173348558139527e-04 -1.007731177496882e+00
29 53 -1.000283202989539e+00 -1.885247128219764e-03 -9.167612799431789e-04 -1.007729980447109e+00
29 54 -1.000283395318702e+00 -1.885995228115817e-03 -9.160040082605997e-04 -1.007728186481087e+00
29 55 -1.000283659103437e+00 -1.886920083290949e-03 -9.150709946561760e-04 -1.007725818249988e+00
29 56 -1.000283990344248e+00 -1.888010912255898e-03 -9.139742521745913e-04 -1.007722905636244e+00
29 57 -1.000284384319253e+00 -1.889254773655123e-03 -9.127297171195016e-04 -1.007719484826717e+00
29 58 -1.000284835753948e+00 -1.890636900852862e-03 -9.113569806591406e-04 -1.007715597186571e+00
29 59 -1.000285338984986e+00 -1.892141068150303e-03 -9.098788137852749e-04 -1.007711288112871e+00
29 60 -1.000285888091275e+00 -1.893749938074441e-03 -9.083204675158882e-04 -1.007706606054420e+00
29 61 -1.000286476979771e+00 -1.895445353766575e-03 -9.067087976154002e-04 -1.007701601804927e+00
29 62 -1.000287099433329e+00 -1.897208572167785e-03 -9.050713126023888e-04 -1.007696328045494e+00
29 63 -1.000287749143777e+00 -1.899020465019686e-03 -9.034352595057054e-04 -1.007690838996313e+00
30 0 -1.000288151609107e+00 -1.901480106772725e-03 -8.971134369413996e-04 -1.007685239566015e+00
30 1 -1.000288838228561e+00 -1.903329684718682e-03 -8.955800966642287e-04 -1.007679476925326e+00
30 2 -1.000289534463546e+00 -1.905173909642765e-03 -8.941181433839694e-04 -1.007673655450953e+00
30 3 -1.000290234286737e+00 -1.906994464441014e-03 -8.927475543939752e-04 -1.007667830049136e+00
30 4 -1.000290931924928e+00 -1.908773783396982e-03 -8.914858525745826e-04 -1.007662054185007e+00
30 5 -1.000291621872557e+00 -1.910495179380931e-03 -8.903479515992333e-04 -1.007656379560904e+00
30 6 -1.000292298850175e+00 -1.912142886533889e-03 -8.893459752656095e-04 -1.007650856114302e+00
30 7 -1.000292957728141e+00 -1.913702052888157e-03 -8.884890552720449e-04 -1.007645532206081e+00
30 8 -1.000293593451277e+00 -1.915158737470530e-03 -8.877831607692649e-04 -1.007640454776041e+00
30 9 -1.000294200999620e+00 -1.916499958833865e-03 -8.872310400781599e-04 -1.007635669256709e+00
30 10 -1.000294775403889e+00 -1.917713810924997e-03 -8.868323433227211e-04 -1.007631219152973e+00
30 11 -1.000295311810308e+00 -1.918789626375711e-03 -8.865839426665530e-04 -1.007627145349639e+00
30 12 -1.000295805570067e+00 -1.919718146557536e-03 -8.864803939851888e-04 -1.007623485320786e+00
30 13 -1.000296252322450e+00 -1.920491660095334e-03 -8.865144263504930e-04 -1.007620272436041e+00
30 14 -1.000296648048811e+00 -1.921104090921797e-03 -8.866773374964394e-04 -1.007617535493432e+00
30 15 -1.000296989092064e+00 -1.921551039707067e-03 -8.869592245198154e-04 -1.007615298499331e+00
30 16 -1.000297272154081e+00 -1.921829794950801e-03 -8.873490682701481e-04 -1.007613580621813e+00
30 17 -1.000297494292605e+00 -1.921939325057537e-03 -8.878347756743122e-04 -1.007612396212336e+00
30 18 -1.000297652936072e+00 -1.921880245215351e-03 -8.884033244304338e-04 -1.007611754829961e+00
30 19 -1.000297745922717e+00 -1.921654738854074e-03 -8.890411248489325e-04 -1.007611661271526e+00
30 20 -1.000297771557694e+00 -1.921266418573181e-03 -8.897346208599327e-04 -1.007612115650873e+00
30 21 -1.000297728675973e+00 -1.920720137156923e-03 -8.904710360093213e-04 -1.007613113550429e+00
30 22 -1.000297616700857e+00 -1.920021790242650e-03 -8.912390871916540e-04 -1.007614646209393e+00
30 23 -1.000297435694863e+00 -1.919178167464857e-03 -8.920294822616663e-04 -1.007616700662828e+00
30 24 -1.000297186405724e+00 -1.918196895981481e-03 -8.928350924297340e-04 -1.007619259746226e+00
30 25 -1.000296870310844e+00 -1.917086481637378e-03 -8.936508107587782e-04 -1.007622301943281e+00
30 26 -1.000296489657422e+00 -1.915856404962246e-03 -8.944732182465448e-04 -1.007625801157380e+00
30 27 -1.000296047486908e+00 -1.914517195998988e-03 -8.953002301961063e-04 -1.007629726574381e+00
30 28 -1.000295547628465e+00 -1.913080414382429e-03 -8.961308666207251e-04 -1.007634042794078e+00
30 29 -1.000294994651698e+00 -1.911558502697144e-03 -8.969651957363268e-04 -1.007638710316245e+00
30 30 -1.000294393782297e+00 -1.909964542919960e-03 -8.978043837126336e-04 -1.007643686313446e+00
30 31 -1.000293750798269e+00 -1.908311996047017e-03 -8.986507018079363e-04 -1.007648925487947e+00
30 32 -1.000293071931157e+00 -1.906614517805110e-03 -8.995073328282563e-04 -1.007654380766614e+00
30 33 -1.000292363792049e+00 -1.904885911462541e-03 -9.003778870046397e-04 -1.007660003661081e+00
30 34 -1.000291633327586e+00 -1.903140216098166e-03 -9.012656526466930e-04 -1.007665744280508e+00
30 35 -1.000290887793497e+00 -1.901391864101239e-03 -9.021727198650821e-04 -1.007671551157137e+00
30 36 -1.000290134721860e+00 -1.899655806739392e-03 -9.030991783305877e-04 -1.007677371143619e+00
30 37 -1.000289381860126e+00 -1.897947519800855e-03 -9.040425743651976e-04 -1.007683149610176e+00
30 38 -1.000288637074058e+00 -1.896282856458734e-03 -9.049977225749845e-04 -1.007688831023014e+00
30 39 -1.000287908224936e+00 -1.894677783459810e-03 -9.059568399942598e-04 -1.007694359801428e+00
30 40 -1.000287203043791e+00 -1.893148085253676e-03 -9.069098629939568e-04 -1.007699681225102e+00
30 41 -1.000286529025772e+00 -1.891709126172658e-03 -9.078447692378947e-04 -1.007704742155435e+00
30 42 -1.000285893356340e+00 -1.890375721907129e-03 -9.087477772023502e-04 -1.007709491445365e+00
30 43 -1.000285302863730e+00 -1.889162107938405e-03 -9.096034101784622e-04 -1.007713880085484e+00
30 44 -1.000284763977992e+00 -1.888081936343814e-03 -9.103945339904105e-04 -1.007717861282464e+00
30 45 -1.000284282674051e+00 -1.887148212285975e-03 -9.111025461026057e-04 -1.007721390711138e+00
30 46 -1.000283864385907e+00 -1.886373106820181e-03 -9.117078715313219e-04 -1.007724427102013e+00
30 47 -1.000283513895181e+00 -1.885767637906844e-03 -9.121908152563955e-04 -1.007726933170238e+00
30 48 -1.000283235210044e+00 -1.885341267195841e-03 -9.125326804226985e-04 -1.007728876745569e+00
30 49 -1.000283031454330e+00 -1.885101490502638e-03 -9.127169531138021e-04 -1.007730231893558e+00
30 50 -1.000282904781244e+00 -1.885053494853357e-03 -9.127303287638566e-04 -1.007730979844117e+00
30 51 -1.000282856316503e+00 -1.885199922324555e-03 -9.125634213787106e-04 -1.007731109634898e+00
30 52 -1.000282886128169e+00 -1.885540741391526e-03 -9.122111175521450e-04 -1.007730618474700e+00
30 53 -1.000282993219823e+00 -1.886073203000393e-03 -9.116726507692892e-04 -1.007729511878240e+00
30 54 -1.000283175550073e+00 -1.886791861686021e-03 -9.109515256711800e-04 -1.007727803598112e+00
30 55 -1.000283430088556e+00 -1.887688662099503e-03 -9.100554016590870e-04 -1.007725515320179e+00
30 56 -1.000283752918226e+00 -1.888753106368200e-03 -9.089959748732109e-04 -1.007722676063005e+00
30 57 -1.000284139382429e+00 -1.889972512127343e-03 -9.077888217075786e-04 -1.007719321270103e+00
30 58 -1.000284584258735e+00 -1.891332347111680e-03 -9.064531245929513e-04 -1.007715491683515e+00
30 59 -1.000285081929638e+00 -1.892816599849092e-03 -9.050112083928815e-04 -1.007711232175056e+00
30 60 -1.000285626520725e+00 -1.894408134376698e-03 -9.034878644470874e-04 -1.007706590730270e+00
30 61 -1.000286211990421e+00 -1.896088988629725e-03 -9.019095027174678e-04 -1.007701617711180e+00
30 62 -1.000286832176296e+00 -1.897840607260997e-03 -9.003032218559854e-04 -1.007696365393695e+00
30 63 -1.000287480821260e+00 -1.899644034103588e-03 -8.986959051974202e-04 -1.007690887646890e+00
31 0 -1.000287816090705e+00 -1.902019827452427e-03 -8.926773787672123e-04 -1.007685484339969e+00
31 1 -1.000288503216847e+00 -1.903865425923153e-03 -8.911676075902165e-04 -1.007679718647579e+00
31 2 -1.000289201242774e+00 -1.905709167111520e-03 -8.897258181989033e-04 -1.007673883405729e+00
31 3 -1.000289904121980e+00 -1.907532748868041e-03 -8.883717092364439e-04 -1.007668033733324e+00
31 4 -1.000290606049522e+00 -1.909318580130551e-03 -8.871225293787190e-04 -1.007662223438201e+00
31 5 -1.000291301484471e+00 -1.911049920370942e-03 -8.859929393970368e-04 -1.007656504638456e+00
31 6 -1.000291985113669e+00 -1.912710929737558e-03 -8.849948623609312e-04 -1.007650927717305e+00
31 7 -1.000292651774054e+00 -1.914286659668837e-03 -8.841373151700553e-04 -1.007645541503426e+00
31 8 -1.000293296369816e+00 -1.915763039691513e-03 -8.834262605738563e-04 -1.007640393454611e+00
31 9 -1.000293913823102e+00 -1.917126913115995e-03 -8.828645499761214e-04 -1.007635529618320e+00
31 10 -1.000294499081484e+00 -1.918366144240028e-03 -8.824520251128023e-04 -1.007630994252149e+00
31 11 -1.000295047180433e+00 -1.919469781555689e-03 -8.821858047059490e-04 -1.007626829146145e+00
31 12 -1.000295553337147e+00 -1.920428236680007e-03 -8.820607153159490e-04 -1.007623072812733e+00
31 13 -1.000296013042824e+00 -1.921233436823966e-03 -8.820697670413231e-04 -1.007619759747305e+00
31 14 -1.000296422126391e+00 -1.921878925564505e-03 -8.822045580914938e-04 -1.007616919909958e+00
31 15 -1.000296776780066e+00 -1.922359910833838e-03 -8.824555311564527e-04 -1.007614578470575e+00
31 16 -1.000297073557293e+00 -1.922673276401124e-03 -8.828120840485409e-04 -1.007612755751907e+00
31 17 -1.000297309366201e+00 -1.922817573210750e-03 -8.832626211014073e-04 -1.007611467255932e+00
31 18 -1.000297481480775e+00 -1.922792990912271e-03 -8.837946790486880e-04 -1.007610723688617e+00
31 19 -1.000297587579684e+00 -1.922601292786288e-03 -8.843952439959341e-04 -1.007610530971906e+00
31 20 -1.000297625808076e+00 -1.922245696830164e-03 -8.850512959942595e-04 -1.007610890284809e+00
31 21 -1.000297594848891e+00 -1.921730706741938e-03 -8.857505085258370e-04 -1.007611798169431e+00
31 22 -1.000297493990256e+00 -1.921061926257963e-03 -8.864819441687267e-04 -1.007613246685593e+00
31 23 -1.000297323182010e+00 -1.920245908918112e-03 -8.872365684673912e-04 -1.007615223543494e+00
31 24 -1.000297083082155e+00 -1.919290088886167e-03 -8.880074629206309e-04 -1.007617712129872e+00
31 25 -1.000296775097407e+00 -1.918202805657183e-03 -8.887897280361722e-04 -1.007620691390327e+00
31 26 -1.000296401418120e+00 -1.916993389077247e-03 -8.895801774524320e-04 -1.007624135626255e+00
31 27 -1.000295965039510e+00 -1.915672234456513e-03 -8.903769840827682e-04 -1.007628014358604e+00
31 28 -1.000295469755456e+00 -1.914250793509334e-03 -8.911794233124762e-04 -1.007632292436326e+00
31 29 -1.000294920114402e+00 -1.912741442277745e-03 -8.919877760485876e-04 -1.007636930491658e+00
31 30 -1.000294321338402e+00 -1.911157246086617e-03 -8.928033454044827e-04 -1.007641885698009e+00
31 31 -1.000293679219969e+00 -1.909511694092187e-03 -8.936284559191704e-04 -1.007647112645967e+00
31 32 -1.000293000019536e+00 -1.907818495549748e-03 -8.944662829781959e-04 -1.007652564092442e+00
31 33 -1.000292290384233e+00 -1.906091505891932e-03 -8.953204133845979e-04 -1.007658191391106e+00
31 34 -1.000291557296238e+00 -1.904344792442285e-03 -8.961941434247164e-04 -1.007663944560983e+00
31 35 -1.000290808041722e+00 -1.902592783512011e-03 -8.970896326465020e-04 -1.007669772127618e+00
31 36 -1.000290050178555e+00 -1.900850403417246e-03 -8.980071013009925e-04 -1.007675620987931e+00
31 37 -1.000289291480438e+00 -1.899133101276150e-03 -8.989442563304598e-04 -1.007681436540473e+00
31 38 -1.000288539847118e+00 -1.897456730602567e-03 -8.998960547014411e-04 -1.007687163191210e+00
31 39 -1.000287803187746e+00 -1.895837304289076e-03 -9.008547944661000e-04 -1.007692745162625e+00
31 40 -1.000287089297516e+00 -1.894290702339748e-03 -9.018104140250138e-04 -1.007698127394821e+00
31 41 -1.000286405750115e+00 -1.892832423055840e-03 -9.027508293660878e-04 -1.007703256297867e+00
31 42 -1.000285759819209e+00 -1.891477436440593e-03 -9.036621733835505e-04 -1.007708080207623e+00
31 43 -1.000285158425832e+00 -1.890240137286181e-03 -9.045289049270474e-04 -1.007712549566660e+00
31 44 -1.000284608094063e+00 -1.889134336484297e-03 -9.053338755866375e-04 -1.007716617009855e+00
31 45 -1.000284114893302e+00 -1.888173203667130e-03 -9.060585174978925e-04 -1.007720237595115e+00
31 46 -1.000283684353988e+00 -1.887369094108210e-03 -9.066833066233005e-04 -1.007723369353889e+00
31 47 -1.000283321358779e+00 -1.886733244390913e-03 -9.071885651388982e-04 -1.007725974187603e+00
31 48 -1.000283030023748e+00 -1.886275377009947e-03 -9.075555346178472e-04 -1.007728018987140e+00
31 49 -1.000282813588351e+00 -1.886003288502132e-03 -9.077675398080090e-04 -1.007729476770680e+00
31 50 -1.000282674328524e+00 -1.885922496281864e-03 -9.078110242650984e-04 -1.007730327646355e+00
31 51 -1.000282613498186e+00 -1.886035989797283e-03 -9.076762913162638e-04 -1.007730559491378e+00
31 52 -1.000282631296483e+00 -1.886344091003550e-03 -9.073578966424567e-04 -1.007730168343536e+00
31 53 -1.000282726857016e+00 -1.886844402471236e-03 -9.068547518231940e-04 -1.007729158558167e+00
31 54 -1.000282898261915e+00 -1.887531822340891e-03 -9.061700579788139e-04 -1.007727542763621e+00
31 55 -1.000283142591939e+00 -1.888398625094080e-03 -9.053111777807234e-04 -1.007725341585630e+00
31 56 -1.000283456024220e+00 -1.889434623112499e-03 -9.042894933705907e-04 -1.007722583078478e+00
31 57 -1.000283833978051e+00 -1.890627419884402e-03 -9.031202268349977e-04 -1.007719301842713e+00
31 58 -1.000284271291589e+00 -1.891962742973147e-03 -9.018221553568725e-04 -1.007715537906541e+00
31 59 -1.000284762398943e+00 -1.893424817995971e-03 -9.004171539802330e-04 -1.007711335540805e+00
31 60 -1.000285301475844e+00 -1.894996730364655e-03 -8.989295406219165e-04 -1.007706742208869e+00
31 61 -1.000285882534486e+00 -1.896660729992483e-03 -8.973852566933533e-04 -1.007701807796370e+00
31 62 -1.000286499469684e+00 -1.898398464685711e-03 -8.958109638830410e-04 -1.007696584137663e+00
31 63 -1.000287146079283e+00 -1.900191165317957e-03 -8.942331564653619e-04 -1.007691124715741e+00
32 0 -1.000287416265922e+00 -1.902476501042865e-03 -8.885634666504969e-04 -1.007685917956548e+00
32 1 -1.000288103010163e+00 -1.904316062135431e-03 -8.870775807607616e-04 -1.007680155542269e+00
32 2 -1.000288801961216e+00 -1.906157301879650e-03 -8.856562534320866e-04 -1.007674312635416e+00
32 3 -1.000289507058343e+00 -1.907981944758604e-03 -8.843189107023121e-04 -1.007668444535176e+00
32 4 -1.000290212468696e+00 -1.909772384599141e-03 -8.830825329052547e-04 -1.007662605366006e+00
32 5 -1.000290912619078e+00 -1.911511836769385e-03 -8.819615281664277e-04 -1.007656847641721e+00
32 6 -1.000291602166157e+00 -1.913184397274646e-03 -8.809676107332110e-04 -1.007651222172446e+00
32 7 -1.000292275919121e+00 -1.914775033567046e-03 -8.801096674471594e-04 -1.007645778228110e+00
32 8 -1.000292928750471e+00 -1.916269562364348e-03 -8.793936370463229e-04 -1.007640563743158e+00
32 9 -1.000293555536391e+00 -1.917654671692076e-03 -8.788224604346806e-04 -1.007635625324212e+00
32 10 -1.000294151154715e+00 -1.918918017103460e-03 -8.783961662533977e-04 -1.007631007918175e+00
32 11 -1.000294710543217e+00 -1.920048382726646e-03 -8.781121247793558e-04 -1.007626754156940e+00
32 12 -1.000295228796407e+00 -1.921035868150137e-03 -8.779654442627075e-04 -1.007622903533029e+00
32 13 -1.000295701266232e+00 -1.921872054802466e-03 -8.779494263341150e-04 -1.007619491617509e+00
32 14 -1.000296123635561e+00 -1.922550119923152e-03 -8.780559734238774e-04 -1.007616549491579e+00
32 15 -1.000296491950664e+00 -1.923064892018967e-03 -8.782758678500608e-04 -1.007614103454539e+00
32 16 -1.000296802620826e+00 -1.923412863407753e-03 -8.785989107594646e-04 -1.007612174952626e+00
32 17 -1.000297052408874e+00 -1.923592180045833e-03 -8.790139890806349e-04 -1.007610780609213e+00
32 18 -1.000297238437947e+00 -1.923602615107545e-03 -8.795091908496149e-04 -1.007609932255444e+00
32 19 -1.000297358228469e+00 -1.923445514194265e-03 -8.800720837889230e-04 -1.007609636932671e+00
32 20 -1.000297409763121e+00 -1.923123694656207e-03 -8.806902051298420e-04 -1.007609896901828e+00
32 21 -1.000297391565827e+00 -1.922641296848520e-03 -8.813517102822341e-04 -1.007610709705176e+00
32 22 -1.000297302778209e+00 -1.922003612405979e-03 -8.820460415563461e-04 -1.007612068283958e+00
32 23 -1.000297143222814e+00 -1.921216935826303e-03 -8.827644486790021e-04 -1.007613961098265e+00
32 24 -1.000296913451526e+00 -1.920288485237909e-03 -8.835002364990876e-04 -1.007616372168102e+00
32 25 -1.000296614783467e+00 -1.919226411374525e-03 -8.842487129837700e-04 -1.007619280986813e+00
32 26 -1.000296249335105e+00 -1.918039870148115e-03 -8.850069171811822e-04 -1.007622662345124e+00
32 27 -1.000295820037867e+00 -1.916739095723131e-03 -8.857732730592024e-04 -1.007626486200021e+00
32 28 -1.000295330631846e+00 -1.915335401039369e-03 -8.865473118314521e-04 -1.007630717761780e+00
32 29 -1.000294785624909e+00 -1.913841061030330e-03 -8.873295366529888e-04 -1.007635317914965e+00
32 30 -1.000294190215707e+00 -1.912269088548516e-03 -8.881214030909149e-04 -1.007640243954212e+00
32 31 -1.000293550192124e+00 -1.910632967185081e-03 -8.889253032368871e-04 -1.007645450471047e+00
32 32 -1.000292871826234e+00 -1.908946431270558e-03 -8.897444102076898e-04 -1.007650890149863e+00
32 33 -1.000292161786983e+00 -1.907223366868036e-03 -8.905822788555913e-04 -1.007656514264702e+00
32 34 -1.000291427081339e+00 -1.905477854015049e-03 -8.914421923500208e-04 -1.007662272805818e+00
32 35 -1.000290675018135e+00 -1.903724304301259e-03 -8.923263521956784e-04 -1.007668114344107e+00
32 36 -1.000289913175236e+00 -1.901977601805313e-03 -8.932350838453623e-04 -1.007673985871952e+00
32 37 -1.000289149347949e+00 -1.900253152975685e-03 -8.941662388481172e-04 -1.007679832870748e+00
32 38 -1.000288391466137e+00 -1.898566793123706e-03 -8.951149127790150e-04 -1.007685599742467e+00
32 39 -1.000287647483731e+00 -1.896934562286694e-03 -8.960734901905189e-04 -1.007691230565210e+00
32 40 -1.000286925258107e+00 -1.895372419573234e-03 -8.970319185483405e-04 -1.007696669981402e+00
32 41 -1.000286232441117e+00 -1.893895985860466e-03 -8.979780523862366e-04 -1.007701863976296e+00
32 42 -1.000285576396181e+00 -1.892520379792996e-03 -8.988979277767054e-04 -1.007706760379442e+00
32 43 -1.000284964140466e+00 -1.891260154052184e-03 -8.997759176976461e-04 -1.007711309084924e+00
32 44 -1.000284402296705e+00 -1.890129278587396e-03 -9.005948343404141e-04 -1.007715462150450e+00
32 45 -1.000283897034139e+00 -1.889141087085370e-03 -9.013361246302315e-04 -1.007719174011165e+00
32 46 -1.000283453985246e+00 -1.888308116658200e-03 -9.019803090034138e-04 -1.007722401994475e+00
32 47 -1.000283078139055e+00 -1.887641818145969e-03 -9.025077374851267e-04 -1.007725107182917e+00
32 48 -1.000282773724251e+00 -1.887152169964629e-03 -9.028996150819198e-04 -1.007727255520050e+00
32 49 -1.000282544100090e+00 -1.886847266396917e-03 -9.031391364237959e-04 -1.007728818960226e+00
32 50 -1.000282391669379e+00 -1.886732956495319e-03 -9.032125212243324e-04 -1.007729776461322e+00
32 51 -1.000282317818871e+00 -1.886812583346301e-03 -9.031097806996940e-04 -1.007730114699055e+00
32 52 -1.000282322884348e+00 -1.887086833108979e-03 -9.028251474759838e-04 -1.007729828488730e+00
32 53 -1.000282406136307e+00 -1.887553674424399e-03 -9.023572114682817e-04 -1.007728920965715e+00
32 54 -1.000282565789000e+00 -1.888208366854582e-03 -9.017088683519239e-04 -1.007727403563486e+00
32 55 -1.000282799044501e+00 -1.889043535363231e-03 -9.008871854054418e-04 -1.007725295766796e+00
32 56 -1.000283102184985e+00 -1.890049324892016e-03 -8.999032382385166e-04 -1.007722624578063e+00
32 57 -1.000283470715833e+00 -1.891213647341240e-03 -8.987719068503961e-04 -1.007719423666865e+00
32 58 -1.000283899544016e+00 -1.892522511821715e-03 -8.975115751089507e-04 -1.007715732265617e+00
32 59 -1.000284383161039e+00 -1.893960401023287e-03 -8.961436739462999e-04 -1.007711593973709e+00
32 60 -1.000284915796233e+00 -1.895510639215637e-03 -8.946920435313519e-04 -1.007707055676784e+00
32 61 -1.000285491517555e+00 -1.897155703264812e-03 -8.931821421959438e-04 -1.007702166742775e+00
32 62 -1.000286104278996e+00 -1.898877457762864e-03 -8.916401732392146e-04 -1.007696978531390e+00
32 63 -1.000286747936499e+00 -1.900657334396524e-03 -8.900922191908984e-04 -1.007691544106883e+00
33 0 -1.000286955620155e+00 -1.902846507314311e-03 -8.848126310516565e-04 -1.007686533099651e+00
33 1 -1.000287641131344e+00 -1.904678089991917e-03 -8.833505718755256e-04 -1.007680780096787e+00
33 2 -1.000288340170708e+00 -1.906514898808585e-03 -8.819496516283690e-04 -1.007674935516486e+00
33 3 -1.000289046668178e+00 -1.908338696880415e-03 -8.806290317159233e-04 -1.007669054802756e+00
33 4 -1.000289754766556e+00 -1.910131873028332e-03 -8.794054338886374e-04 -1.007663192368499e+00
33 5 -1.000290458862836e+00 -1.911877607152414e-03 -8.782930195674313e-04 -1.007657401102609e+00
33 6 -1.000291153586215e+00 -1.913559940312848e-03 -8.773032921227135e-04 -1.007651732222812e+00
33 7 -1.000291833722829e+00 -1.915163768200534e-03 -8.764449977566007e-04 -1.007646235413053e+00
33 8 -1.000292494121390e+00 -1.916674811153630e-03 -8.757240359612926e-04 -1.007640959043043e+00
33 9 -1.000293129623198e+00 -1.918079621869488e-03 -8.751434236544838e-04 -1.007635950222959e+00
33 10 -1.000293735049474e+00 -1.919365668872202e-03 -8.747033701391115e-04 -1.007631254523733e+00
33 11 -1.000294305253786e+00 -1.920521493483094e-03 -8.744015001207107e-04 -1.007626915350649e+00
33 12 -1.000294835220180e+00 -1.921536903144070e-03 -8.742332129963862e-04 -1.007622973111452e+00
33 13 -1.000295320171211e+00 -1.922403151083519e-03 -8.741921120401910e-04 -1.007619464396554e+00
33 14 -1.000295755651120e+00 -1.923113064122024e-03 -8.742704078333748e-04 -1.007616421361209e+00
33 15 -1.000296137566052e+00 -1.923661107018449e-03 -8.744592157095900e-04 -1.007613871392900e+00
33 16 -1.000296462186528e+00 -1.924043396945322e-03 -8.747487237365357e-04 -1.007611837021835e+00
33 17 -1.000296726135607e+00 -1.924257691013864e-03 -8.751282811350932e-04 -1.007610335954532e+00
33 18 -1.000296926390791e+00 -1.924303359483120e-03 -8.755865115555961e-04 -1.007609381114790e+00
33 19 -1.000297060317792e+00 -1.924181338174802e-03 -8.761115607703490e-04 -1.007608980644097e+00
33 20 -1.000297125737043e+00 -1.923894043573041e-03 -8.766915352108350e-04 -1.007609137886628e+00
33 21 -1.000297121009194e+00 -1.923445243691084e-03 -8.773150975315715e-04 -1.007609851410580e+00
33 22 -1.000297045120500e+00 -1.922839901942673e-03 -8.779721007876411e-04 -1.007611115087102e+00
33 23 -1.000296897753670e+00 -1.922084033704492e-03 -8.786541058892589e-04 -1.007612918191042e+00
33 24 -1.000296679339661e+00 -1.921184619789986e-03 -8.793546568888414e-04 -1.007615245450275e+00
33 25 -1.000296391094095e+00 -1.920149600555885e-03 -8.800692725270790e-04 -1.007618076987270e+00
33 26 -1.000296035043079e+00 -1.918987935061079e-03 -8.807952121957052e-04 -1.007621388171204e+00
33 27 -1.000295614037182e+00 -1.917709670447958e-03 -8.815311445134217e-04 -1.007625149494189e+00
33 28 -1.000295131744764e+00 -1.916325950833618e-03 -8.822768554652851e-04 -1.007629326637827e+00
33 29 -1.000294592614123e+00 -1.914848915878214e-03 -8.830330781586783e-04 -1.007633880858085e+00
33 30 -1.000294001800804e+00 -1.913291489635522e-03 -8.838014352442426e-04 -1.007638769693122e+00
33 31 -1.000293365068692e+00 -1.911667115314479e-03 -8.845844011807448e-04 -1.007643947851366e+00
33 32 -1.000292688683876e+00 -1.909989522813467e-03 -8.853851535085411e-04 -1.007649368044865e+00
33 33 -1.000291979322373e+00 -1.908272606500550e-03 -8.862072082334438e-04 -1.007654981548080e+00
33 34 -1.000291244004453e+00 -1.906530443150461e-03 -8.870538147811455e-04 -1.007660738385008e+00
33 35 -1.000290490053112e+00 -1.904777415351560e-03 -8.879271870892101e-04 -1.007666587223608e+00
33 36 -1.000289725060021e+00 -1.903028355237171e-03 -8.888277252733605e-04 -1.007672475199766e+00
33 37 -1.000288956837338e+00 -1.901298612862963e-03 -8.897534021659641e-04 -1.007678347927452e+00
33 38 -1.000288193340991e+00 -1.899603988565266e-03 -8.906994409167336e-04 -1.007684149857741e+00
33 39 -1.000287442566151e+00 -1.897960531100326e-03 -8.916583127738921e-04 -1.007689824976955e+00
33 40 -1.000286712429816e+00 -1.896384261937881e-03 -8.926199787455263e-04 -1.007695317673748e+00
33 41 -1.000286010661094e+00 -1.894890912578326e-03 -8.935722319230533e-04 -1.007700573536930e+00
33 42 -1.000285344714126e+00 -1.893495744020989e-03 -8.945010014415948e-04 -1.007705539902108e+00
33 43 -1.000284721704829e+00 -1.892213464852826e-03 -8.953905539099526e-04 -1.007710166116246e+00
33 44 -1.000284148358501e+00 -1.891058204212519e-03 -8.962236359285526e-04 -1.007714403655918e+00
33 45 -1.000283630949128e+00 -1.890043460064430e-03 -8.969816852713164e-04 -1.007718206327725e+00
33 46 -1.000283175216646e+00 -1.889181950045213e-03 -8.976452537856715e-04 -1.007721530749544e+00
33 47 -1.000282786261704e+00 -1.888485335685530e-03 -8.981947226925637e-04 -1.007724337180544e+00
33 48 -1.000282468430200e+00 -1.887963846484606e-03 -8.986112794024360e-04 -1.007726590611179e+00
33 49 -1.000282225205189e+00 -1.887625870731725e-03 -8.988780161712979e-04 -1.007728261919890e+00
33 50 -1.000282059120101e+00 -1.887477588617303e-03 -8.989809564015532e-04 -1.007729328892164e+00
33 51 -1.000281971698378e+00 -1.887522700294154e-03 -8.989098397937927e-04 -1.007729776970313e+00
33 52 -1.000281963416720e+00 -1.887762263124486e-03 -8.986585871739993e-04 -1.007729599707644e+00
33 53 -1.000282033687831e+00 -1.888194622031597e-03 -8.982254704782908e-04 -1.007728798972822e+00
33 54 -1.000282180865029e+00 -1.888815411245819e-03 -8.976130808885465e-04 -1.007727384948879e+00
33 55 -1.000282402280359e+00 -1.889617621987837e-03 -8.968281943503298e-04 -1.007725375914617e+00
33 56 -1.000282694330655e+00 -1.890591749117218e-03 -8.958815909333108e-04 -1.007722797748575e+00
33 57 -1.000283052616688e+00 -1.891726030872387e-03 -8.947878259529080e-04 -1.007719683114885e+00
33 58 -1.000283472122061e+00 -1.893006775447878e-03 -8.935649091955816e-04 -1.007716070378911e+00
33 59 -1.000283947401249e+00 -1.894418738781269e-03 -8.922338424348837e-04 -1.007712002406340e+00
33 60 -1.000284472740494e+00 -1.895945498194817e-03 -8.908179938571711e-04 -1.007707525455609e+00
33 61 -1.000285042265310e+00 -1.897569770026112e-03 -8.893423333360392e-04 -1.007702688339357e+00
33 62 -1.000285649990460e+00 -1.899273647573493e-03 -8.878325911047873e-04 -1.007697541911703e+00
33 63 -1.000286289832598e+00 -1.901038775626751e-03 -8.863144193211439e-04 -1.007692138787841e+00
34 0 -1.000286438040328e+00 -1.903126991647229e-03 -8.814614926816840e-04 -1.007687321703519e+00
34 1 -1.000287121503223e+00 -1.904948778035877e-03 -8.800228473510584e-04 -1.007681584042705e+00
34 2 -1.000287819821490e+00 -1.906779320214279e-03 -8.786419467462448e-04 -1.007675743666173e+00
34 3 -1.000288526920617e+00 -1.908600431844874e-03 -8.773376978570271e-04 -1.007669856124992e+00
34 4 -1.000289236922391e+00 -1.910394506548046e-03 -8.761265774600625e-04 -1.007663976090524e+00
34 5 -1.000289944196119e+00 -1.912144697229169e-03 -8.750225112542699e-04 -1.007658156803678e+00
34 6 -1.000290643345694e+00 -1.913834999131402e-03 -8.740367949920119e-04 -1.007652449867836e+00
34 7 -1.000291329137992e+00 -1.915450248041824e-03 -8.731780280713697e-04 -1.007646905352770e+00
34 8 -1.000291996404662e+00 -1.916976083877759e-03 -8.724520578285893e-04 -1.007641572022805e+00
34 9 -1.000292639962317e+00 -1.918398944290877e-03 -8.718619633401254e-04 -1.007636497435404e+00
34 10 -1.000293254588549e+00 -1.919706134119944e-03 -8.714081258135829e-04 -1.007631727715835e+00
34 11 -1.000293835066749e+00 -1.920885975829494e-03 -8.710884240099516e-04 -1.007627306967442e+00
34 12 -1.000294376283544e+00 -1.921928006946850e-03 -8.708985553106169e-04 -1.007623276441537e+00
34 13 -1.000294873342927e+00 -1.922823172255849e-03 -8.708324333936522e-04 -1.007619673685159e+00
34 14 -1.000295321659051e+00 -1.923563966393036e-03 -8.708825806313634e-04 -1.007616531873347e+00
34 15 -1.000295717004940e+00 -1.924144508564213e-03 -8.710404385520667e-04 -1.007613879432561e+00
34 16 -1.000296055518731e+00 -1.924560559671127e-03 -8.712965641574442e-04 -1.007611739930129e+00
34 17 -1.000296333690124e+00 -1.924809506927902e-03 -8.716407445645580e-04 -1.007610132110783e+00
34 18 -1.000296548357320e+00 -1.924890334733741e-03 -8.720621166473483e-04 -1.007609069950615e+00
34 19 -1.000296696736516e+00 -1.924803581339947e-03 -8.725493923475378e-04 -1.007608562661731e+00
34 20 -1.000296776488242e+00 -1.924551266885758e-03 -8.730912508696997e-04 -1.007608614660959e+00
34 21 -1.000296785807933e+00 -1.924136782672443e-03 -8.736768803930211e-04 -1.007609225556084e+00
34 22 -1.000296723519884e+00 -1.923564751779880e-03 -8.742965715735068e-04 -1.007610390185347e+00
34 23 -1.000296589156418e+00 -1.922840893270511e-03 -8.749422230465763e-04 -1.007612098693760e+00
34 24 -1.000296383014259e+00 -1.921971930944933e-03 -8.756076364625828e-04 -1.007614336585000e+00
34 25 -1.000296106190653e+00 -1.920965573958871e-03 -8.762885480996525e-04 -1.007617084687650e+00
34 26 -1.000295760605719e+00 -1.919830562460444e-03 -8.769824349517805e-04 -1.007620319034468e+00
34 27 -1.000295349013002e+00 -1.918576731955714e-03 -8.776882044036539e-04 -1.007624010747159e+00
34 28 -1.000294874992115e+00 -1.917215028933270e-03 -8.784058953904932e-04 -1.007628126084474e+00
34 29 -1.000294342913548e+00 -1.915757424346547e-03 -8.791364774680483e-04 -1.007632626790585e+00
34 30 -1.000293757870562e+00 -1.914216717280142e-03 -8.798817541869892e-04 -1.007637470769098e+00
34 31 -1.000293125583982e+00 -1.912606275419112e-03 -8.806442976376383e-04 -1.007642612962075e+00
34 32 -1.000292452296313e+00 -1.910939793936092e-03 -8.814272985063570e-04 -1.007648006210942e+00
34 33 -1.000291744675558e+00 -1.909231152221495e-03 -8.822342296805237e-04 -1.007653601872530e+00
34 34 -1.000291009743299e+00 -1.907494407412910e-03 -8.830682875486935e-04 -1.007659350067816e+00
34 35 -1.000290254827767e+00 -1.905743901524585e-03 -8.839316676211157e-04 -1.007665199611796e+00
34 36 -1.000289487527947e+00 -1.903994404618768e-03 -8.848248100250508e-04 -1.007671097828399e+00
34 37 -1.000288715667779e+00 -1.902261198440051e-03 -8.857457794045747e-04 -1.007676990510533e+00
34 38 -1.000287947224816e+00 -1.900560033191034e-03 -8.866899084086920e-04 -1.007682822209197e+00
34 39 -1.000287190231525e+00 -1.898906949105178e-03 -8.876497489174806e-04 -1.007688536870312e+00
34 40 -1.000286452661486e+00 -1.897318013595037e-03 -8.886152763449832e-04 -1.007694078673148e+00
34 41 -1.000285742319386e+00 -1.895809056034038e-03 -8.895742220950450e-04 -1.007699392841398e+00
34 42 -1.000285066750026e+00 -1.894395472119164e-03 -8.905124000656320e-04 -1.007704426233410e+00
34 43 -1.000284433169684e+00 -1.893092123436349e-03 -8.914139515989739e-04 -1.007709127653495e+00
34 44 -1.000283848409382e+00 -1.891913298376575e-03 -8.922615312957965e-04 -1.007713447993997e+00
34 45 -1.000283318852170e+00 -1.890872659756077e-03 -8.930365413425011e-04 -1.007717340427583e+00
34 46 -1.000282850350325e+00 -1.889983104808827e-03 -8.937195472212110e-04 -1.007720760858501e+00
34 47 -1.000282448121001e+00 -1.889256502723032e-03 -8.942909582898632e-04 -1.007723668719809e+00
34 48 -1.000282116631851e+00 -1.888703329823365e-03 -8.947319567828674e-04 -1.007726028044415e+00
34 49 -1.000281859493740e+00 -1.888332264519353e-03 -8.950255557791164e-04 -1.007727808625332e+00
34 50 -1.000281679374147e+00 -1.888149816107933e-03 -8.951576085036256e-04 -1.007728987059487e+00
34 51 -1.000281577936236e+00 -1.888160042604023e-03 -8.951176047744020e-04 -1.007729547532925e+00
34 52 -1.000281555800815e+00 -1.888364376521381e-03 -8.948991667841975e-04 -1.007729482307810e+00
34 53 -1.000281612526815e+00 -1.888761545855940e-03 -8.945002540193418e-04 -1.007728791950911e+00
34 54 -1.000281746612012e+00 -1.889347568522513e-03 -8.939231557837200e-04 -1.007727485353472e+00
34 55 -1.000281955525331e+00 -1.890115812785007e-03 -8.931743623911528e-04 -1.007725579540216e+00
34 56 -1.000282235786325e+00 -1.891057135688281e-03 -8.922643713991680e-04 -1.007723099210695e+00
34 57 -1.000282583099432e+00 -1.892160114960456e-03 -8.912074342689213e-04 -1.007720075963900e+00
34 58 -1.000282992532114e+00 -1.893411370859224e-03 -8.900212118323771e-04 -1.007716547239330e+00
34 59 -1.000283458707053e+00 -1.894795944449894e-03 -8.887263000989402e-04 -1.007712555116962e+00
34 60 -1.000283975970501e+00 -1.896297676705827e-03 -8.873456108471369e-04 -1.007708145185803e+00
34 61 -1.000284538507167e+00 -1.897899533215354e-03 -8.859036296923194e-04 -1.007703365669922e+00
34 62 -1.000285140393882e+00 -1.899583845585828e-03 -8.844256072399507e-04 -1.007698266890225e+00
34 63 -1.000285775610079e+00 -1.901332481826541e-03 -8.829367525289796e-04 -1.007692900986153e+00
35 0 -1.000285867796472e+00 -1.903315853268228e-03 -8.785419912179679e-04 -1.007688275141859e+00
35 1 -1.000286548429506e+00 -1.905126153461913e-03 -8.771260205706802e-04 -1.007682558544780e+00
35 2 -1.000287245242128e+00 -1.906948691077243e-03 -8.757644481137178e-04 -1.007676728131907e+00
35 3 -1.000287952160315e+00 -1.908765341789060e-03 -8.744759392939099e-04 -1.007670839522052e+00
35 4 -1.000288663288300e+00 -1.910558513858747e-03 -8.732767431263660e-04 -1.007664947611753e+00
35 5 -1.000289372969831e+00 -1.912311341982847e-03 -8.721805649435390e-04 -1.007659105966572e+00
35 6 -1.000290075785262e+00 -1.914007784661804e-03 -8.711985009171375e-04 -1.007653366550744e+00
35 7 -1.000290766485132e+00 -1.915632629133344e-03 -8.703390016627870e-04 -1.007647779791127e+00
35 8 -1.000291439889730e+00 -1.917171450658488e-03 -8.696078515483194e-04 -1.007642394805703e+00
35 9 -1.000292090800411e+00 -1.918610592948306e-03 -8.690081770870006e-04 -1.007637259540550e+00
35 10 -1.000292713963899e+00 -1.919937222314851e-03 -8.685405193258678e-04 -1.007632420600751e+00
35 11 -1.000293304107761e+00 -1.921139468747578e-03 -8.682030063783824e-04 -1.007627922705911e+00
35 12 -1.000293856035088e+00 -1.922206624948804e-03 -8.679916364524063e-04 -1.007623807871353e+00
35 13 -1.000294364743328e+00 -1.923129350110987e-03 -8.679006396380175e-04 -1.007620114528958e+00
35 14 -1.000294825526332e+00 -1.923899827811346e-03 -8.679228525816496e-04 -1.007616876810363e+00
35 15 -1.000295234032042e+00 -1.924511852259031e-03 -8.680500360653655e-04 -1.007614124124441e+00
35 16 -1.000295586273410e+00 -1.924960849043494e-03 -8.682730974477415e-04 -1.007611881022821e+00
35 17 -1.000295878613929e+00 -1.925243856749009e-03 -8.685822347277457e-04 -1.007610167237713e+00
35 18 -1.000296107759690e+00 -1.925359493742238e-03 -8.689670704304260e-04 -1.007608997750871e+00
35 19 -1.000296270783663e+00 -1.925307916113148e-03 -8.694168636623257e-04 -1.007608382808643e+00
35 20 -1.000296365190308e+00 -1.925090755833273e-03 -8.699208621387449e-04 -1.007608327881846e+00
35 21 -1.000296389009810e+00 -1.924711027061033e-03 -8.704687908430877e-04 -1.007608833621932e+00
35 22 -1.000296340899932e+00 -1.924173003933919e-03 -8.710514003919260e-04 -1.007609895861836e+00
35 23 -1.000296220233774e+00 -1.923482094335653e-03 -8.716609526837087e-04 -1.007611505664804e+00
35 24 -1.000296027161817e+00 -1.922644746635155e-03 -8.722915272665143e-04 -1.007613649373204e+00
35 25 -1.000295762649148e+00 -1.921668419055091e-03 -8.729390877026551e-04 -1.007616308593847e+00
35 26 -1.000295428495388e+00 -1.920561612226970e-03 -8.736013282089647e-04 -1.007619460102147e+00
35 27 -1.000295027342071e+00 -1.919333927026093e-03 -8.742773900779075e-04 -1.007623075737553e+00
35 28 -1.000294562664183e+00 -1.917996085012367e-03 -8.749675630700796e-04 -1.007627122436400e+00
35 29 -1.000294038737331e+00 -1.916559856423324e-03 -8.756730584810379e-04 -1.007631562543233e+00
35 30 -1.000293460574450e+00 -1.915037880395851e-03 -8.763958735265167e-04 -1.007636354445147e+00
35 31 -1.000292833835079e+00 -1.913443414336880e-03 -8.771386936605775e-04 -1.007641453432689e+00
35 32 -1.000292164720868e+00 -1.911790087783773e-03 -8.779047338617927e-04 -1.007646812579150e+00
35 33 -1.000291459876705e+00 -1.910091741025002e-03 -8.786974228237330e-04 -1.007652383407019e+00
35 34 -1.000290726313378e+00 -1.908362395111072e-03 -8.795198867500256e-04 -1.007658116196802e+00
35 35 -1.000289971355290e+00 -1.906616340729747e-03 -8.803742718814342e-04 -1.007663959957743e+00
35 36 -1.000289202601922e+00 -1.904868276957936e-03 -8.812610213621323e-04 -1.007669862243494e+00
35 37 -1.000288427883473e+00 -1.903133406744786e-03 -8.821782574729543e-04 -1.007675769069905e+00
35 38 -1.000287655194297e+00 -1.901427416795666e-03 -8.831213977595482e-04 -1.007681625135933e+00
35 39 -1.000286892599917e+00 -1.899766323286726e-03 -8.840830621448650e-04 -1.007687374395832e+00
35 40 -1.000286148126922e+00 -1.898166223761250e-03 -8.850532372264447e-04 -1.007692960863880e+00
35 41 -1.000285429652915e+00 -1.896643031857711e-03 -8.860195919010411e-04 -1.007698329433691e+00
35 42 -1.000284744812067e+00 -1.895212268826744e-03 -8.869678183232202e-04 -1.007703426508073e+00
35 43 -1.000284100921491e+00 -1.893888945246295e-03 -8.878819157648554e-04 -1.007708200356698e+00
35 44 -1.000283504920116e+00 -1.892687508273847e-03 -8.887444213588193e-04 -1.007712601286741e+00
35 45 -1.000282963303411e+00 -1.891621785830589e-03 -8.895366742925946e-04 -1.007716581833950e+00
35 46 -1.000282482039988e+00 -1.890704853737139e-03 -8.902392324988690e-04 -1.007720097187700e+00
35 47 -1.000282066467836e+00 -1.889948786122817e-03 -8.908325247835163e-04 -1.007723105954458e+00
35 48 -1.000281721180698e+00 -1.889364302215080e-03 -8.912977343366014e-04 -1.007725571207218e+00
35 49 -1.000281449921092e+00 -1.888960366264426e-03 -8.916178134420375e-04 -1.007727461647795e+00
35 50 -1.000281255493565e+00 -1.888743813248846e-03 -8.917784690160389e-04 -1.007728752674586e+00
35 51 -1.000281139703394e+00 -1.888719057779638e-03 -8.917689624440291e-04 -1.007729427202211e+00
35 52 -1.000281103317830e+00 -1.888887908982856e-03 -8.915826312901594e-04 -1.007729476181153e+00
35 53 -1.000281146044917e+00 -1.889249481624819e-03 -8.912171291659896e-04 -1.007728898851634e+00
35 54 -1.000281266530761e+00 -1.889800182466045e-03 -8.906744468288679e-04 -1.007727702785220e+00
35 55 -1.000281462386351e+00 -1.890533763159747e-03 -8.899607948577071e-04 -1.007725903720157e+00
35 56 -1.000281730260410e+00 -1.891441450442882e-03 -8.890864016253200e-04 -1.007723525138368e+00
35 57 -1.000282065968076e+00 -1.892512169796884e-03 -8.880652373201863e-04 -1.007720597529765e+00
35 58 -1.000282464667137e+00 -1.893732861832253e-03 -8.869146432298363e-04 -1.007717157362840e+00
35 59 -1.000282921053348e+00 -1.895088860523331e-03 -8.856548398731702e-04 -1.007713245890240e+00
35 60 -1.000283429535893e+00 -1.896564277584028e-03 -8.843083069947783e-04 -1.007708907996641e+00
35 61 -1.000283984360085e+00 -1.898142334323480e-03 -8.828990599118879e-04 -1.007704191290241e+00
35 62 -1.000284579665693e+00 -1.899805607078223e-03 -8.814518724215760e-04 -1.007699145536663e+00
35 63 -1.000285209496504e+00 -1.901536194671122e-03 -8.799915050896464e-04 -1.007693822377025e+00
36 0 -1.000285249524431e+00 -1.903411728283495e-03 -8.760810889409148e-04 -1.007689384392493e+00
36 1 -1.000285926577086e+00 -1.905208983058813e-03 -8.746867635478708e-04 -1.007683694365844e+00
36 2 -1.000286621121312e+00 -1.907021878201755e-03 -8.733435601293143e-04 -1.007677879555896e+00
36 3 -1.000287327088815e+00 -1.908832362628889e-03 -8.720699179661494e-04 -1.007671995607389e+00
36 4 -1.000288038570211e+00 -1.910622869431936e-03 -8.708818786733005e-04 -1.007666097604042e+00
36 5 -1.000288749886007e+00 -1.912376524028500e-03 -8.697929466784357e-04 -1.007660239404660e+00
36 6 -1.000289455594480e+00 -1.914077256962039e-03 -8.688140311760570e-04 -1.007654473307352e+00
36 7 -1.000290150432130e+00 -1.915709818087984e-03 -8.679534358345770e-04 -1.007648850065628e+00
36 8 -1.000290829212866e+00 -1.917259734120993e-03 -8.672168729802329e-04 -1.007643419107763e+00
36 9 -1.000291486731492e+00 -1.918713276763078e-03 -8.666075007524402e-04 -1.007638228707086e+00
36 10 -1.000292117716079e+00 -1.920057500352160e-03 -8.661260042175153e-04 -1.007633325870761e+00
36 11 -1.000292716852813e+00 -1.921280371233569e-03 -8.657707507611910e-04 -1.007628755846909e+00
36 12 -1.000293278876061e+00 -1.922370965968854e-03 -8.655380368236878e-04 -1.007624561325417e+00
36 13 -1.000293798690114e+00 -1.923319684898014e-03 -8.654224108534958e-04 -1.007620781539719e+00
36 14 -1.000294271479540e+00 -1.924118424821448e-03 -8.654170242045618e-04 -1.007617451505309e+00
36 15 -1.000294692776133e+00 -1.924760677788069e-03 -8.655139495034423e-04 -1.007614601550113e+00
36 16 -1.000295058475602e+00 -1.925241556990094e-03 -8.657044257549487e-04 -1.007612257151520e+00
36 17 -1.000295364823072e+00 -1.925557775673668e-03 -8.659790335145218e-04 -1.007610438972918e+00
36 18 -1.000295608400316e+00 -1.925707608150009e-03 -8.663278497719689e-04 -1.007609162950175e+00
36 19 -1.000295786144052e+00 -1.925690846194861e-03 -8.667406557746241e-04 -1.007608440322941e+00
36 20 -1.000295895407566e+00 -1.925508744711495e-03 -8.672072562325385e-04 -1.007608277591720e+00
36 21 -1.000295934057255e+00 -1.925163943384648e-03 -8.677179176358792e-04 -1.007608676448758e+00
36 22 -1.000295900581367e+00 -1.924660361379819e-03 -8.682638686095326e-04 -1.007609633742763e+00
36 23 -1.000295794186343e+00 -1.924003082301204e-03 -8.688377583583769e-04 -1.007611141498274e+00
36 24 -1.000295614865624e+00 -1.923198262003280e-03 -8.694339655453261e-04 -1.007613186954725e+00
36 25 -1.000295363439536e+00 -1.922253089413758e-03 -8.700486931279285e-04 -1.007615752563794e+00
36 26 -1.000295041573888e+00 -1.921175806547525e-03 -8.706798546834861e-04 -1.007618815916246e+00
36 27 -1.000294651784399e+00 -1.919975758336903e-03 -8.713268219188793e-04 -1.007622349650776e+00
36 28 -1.000294197426908e+00 -1.918663416154602e-03 -8.719901329058908e-04 -1.007626321474624e+00
36 29 -1.000293682666655e+00 -1.917250319806240e-03 -8.726712444714432e-04 -1.007630694437345e+00
36 30 -1.000293112419785e+00 -1.915748915404898e-03 -8.733723591194031e-04 -1.007635427521041e+00
36 31 -1.000292492267574e+00 -1.914172316263287e-03 -8.740962918038243e-04 -1.007640476475718e+00
36 32 -1.000291828354360e+00 -1.912534055472720e-03 -8.748462951118593e-04 -1.007645794707391e+00
36 33 -1.000291127287303e+00 -1.910847909908404e-03 -8.756257557987202e-04 -1.007651333986497e+00
36 34 -1.000290396054495e+00 -1.909127847981918e-03 -8.764377161479791e-04 -1.007657044814372e+00
36 35 -1.000289641967310e+00 -1.907388098500615e-03 -8.772842443945576e-04 -1.007662876440262e+00
36 36 -1.000288872618596e+00 -1.905643281513172e-03 -8.781657492059557e-04 -1.007668776686931e+00
36 37 -1.000288095839021e+00 -1.903908512447674e-03 -8.790803728438148e-04 -1.007674691833337e+00
36 38 -1.000287319634740e+00 -1.902199403278426e-03 -8.800235877178072e-04 -1.007680566770152e+00
36 39 -1.000286552099713e+00 -1.900531932120620e-03 -8.809880637290121e-04 -1.007686345506496e+00
36 40 -1.000285801309203e+00 -1.898922211273939e-03 -8.819637916161204e-04 -1.007691971937042e+00
36 41 -1.000285075210072e+00 -1.897386224624130e-03 -8.829383756497678e-04 -1.007697390663225e+00
36 42 -1.000284381523491e+00 -1.895939608929556e-03 -8.838973808978958e-04 -1.007702547657379e+00
36 43 -1.000283727666675e+00 -1.894597518472843e-03 -8.848246503865425e-04 -1.007707390666528e+00
36 44 -1.000283120687220e+00 -1.893374557294933e-03 -8.857025806065280e-04 -1.007711869416600e+00
36 45 -1.000282567194967e+00 -1.892284717711814e-03 -8.865124204775117e-04 -1.007715935808065e+00
36 46 -1.000282073277751e+00 -1.891341252810919e-03 -8.872346964705045e-04 -1.007719544317704e+00
36 47 -1.000281644397923e+00 -1.890556438806332e-03 -8.878498432982043e-04 -1.007722652728377e+00
36 48 -1.000281285278986e+00 -1.889941233350894e-03 -8.883390457567758e-04 -1.007725223155783e+00
36 49 -1.000280999798384e+00 -1.889504881257248e-03 -8.886852089471099e-04 -1.007727223211059e+00
36 50 -1.000280790900317e+00 -1.889254538525744e-03 -8.888739141579685e-04 -1.007728627090442e+00
36 51 -1.000280660534107e+00 -1.889194973467345e-03 -8.888942145492508e-04 -1.007729416428523e+00
36 52 -1.000280609615047e+00 -1.889328370911853e-03 -8.887391773750355e-04 -1.007729580851816e+00
36 53 -1.000280638002011e+00 -1.889654233062380e-03 -8.884061576624075e-04 -1.007729118259895e+00
36 54 -1.000280744491885e+00 -1.890169357342920e-03 -8.878968508894052e-04 -1.007728034888918e+00
36 55 -1.000280926841386e+00 -1.890867881499414e-03 -8.872171927240169e-04 -1.007726345171678e+00
36 56 -1.000281181833356e+00 -1.891741405296680e-03 -8.863771544941727e-04 -1.007724071348704e+00
36 57 -1.000281505399389e+00 -1.892779205730534e-03 -8.853904477098129e-04 -1.007721242772100e+00
36 58 -1.000281892793215e+00 -1.893968547811156e-03 -8.842741257885652e-04 -1.007717894907361e+00
36 59 -1.000282338788137e+00 -1.895295062411508e-03 -8.830480691219830e-04 -1.007714068148251e+00
36 60 -1.000282837858955e+00 -1.896743135354742e-03 -8.817343576498528e-04 -1.007709806648524e+00
36 61 -1.000283384312631e+00 -1.898296246364777e-03 -8.803565600019804e-04 -1.007705157380793e+00
36 62 -1.000283972352334e+00 -1.899937219633389e-03 -8.789389856911753e-04 -1.007700169539222e+00
36 63 -1.000284596087485e+00 -1.901648390020237e-03 -8.775059495485090e-04 -1.007694894247230e+00
37 0 -1.000284588209692e+00 -1.903413971665868e-03 -8.741005517432741e-04 -1.007690640164901e+00
37 1 -1.000285260959735e+00 -1.905196752570132e-03 -8.727265956754346e-04 -1.007684981995666e+00
37 2 -1.000285952491611e+00 -1.906998468018532e-03 -8.714005781844728e-04 -1.007679188302194e+00
37 3 -1.000286656748502e+00 -1.908801151320875e-03 -8.701407298784681e-04 -1.007673314710174e+00
37 4 -1.000287367811952e+00 -1.910587270667087e-03 -8.689629081309699e-04 -1.007667416448524e+00
37 5 -1.000288079981897e+00 -1.912339950971148e-03 -8.678804398503358e-04 -1.007661547634648e+00
37 6 -1.000288787796004e+00 -1.914043103539472e-03 -8.669040640852263e-04 -1.007655760870535e+00
37 7 -1.000289485978748e+00 -1.915681452244202e-03 -8.660419427665043e-04 -1.007650107202639e+00
37 8 -1.000290169342031e+00 -1.917240491647457e-03 -8.652997087148858e-04 -1.007644636323678e+00
37 9 -1.000290832681969e+00 -1.918706443757936e-03 -8.646805349434494e-04 -1.007639396771434e+00
37 10 -1.000291470719554e+00 -1.920066278723597e-03 -8.641852308160171e-04 -1.007634435874684e+00
37 11 -1.000292078114071e+00 -1.921307830757745e-03 -8.638123867818829e-04 -1.007629799315698e+00
37 12 -1.000292649546728e+00 -1.922419992700842e-03 -8.635585884281201e-04 -1.007625530359383e+00
37 13 -1.000293179843195e+00 -1.923392936594631e-03 -8.634186994542020e-04 -1.007621668946558e+00
37 14 -1.000293664090946e+00 -1.924218300036291e-03 -8.633861834464394e-04 -1.007618250894150e+00
37 15 -1.000294097715567e+00 -1.924889298436987e-03 -8.634534164029932e-04 -1.007615307377636e+00
37 16 -1.000294476504204e+00 -1.925400757616932e-03 -8.636119501732549e-04 -1.007612864735130e+00
37 17 -1.000294796591931e+00 -1.925749090446984e-03 -8.638527190447901e-04 -1.007610944500223e+00
37 18 -1.000295054444375e+00 -1.925932250850413e-03 -8.641662208498725e-04 -1.007609563507668e+00
37 19 -1.000295246869528e+00 -1.925949686270298e-03 -8.645427290077441e-04 -1.007608733945439e+00
37 20 -1.000295371075275e+00 -1.925802288065515e-03 -8.649725873020677e-04 -1.007608463314829e+00
37 21 -1.000295424766766e+00 -1.925492326332141e-03 -8.654466023933625e-04 -1.007608754341765e+00
37 22 -1.000295406260941e+00 -1.925023361094184e-03 -8.659564945683592e-04 -1.007609604908059e+00
37 23 -1.000295314591401e+00 -1.924400140290523e-03 -8.664953221228587e-04 -1.007611008038412e+00
37 24 -1.000295149585025e+00 -1.923628511742251e-03 -8.670577840924626e-04 -1.007612951922766e+00
37 25 -1.000294911905945e+00 -1.922715377943994e-03 -8.676403369188275e-04 -1.007615419919350e+00
37 26 -1.000294603073876e+00 -1.921668704362090e-03 -8.682411181837082e-04 -1.007618390501848e+00
37 27 -1.000294225466110e+00 -1.920497560505296e-03 -8.688597277531891e-04 -1.007621837182858e+00
37 28 -1.000293782306384e+00 -1.919212144995609e-03 -8.694969488284840e-04 -1.007625728524727e+00
37 29 -1.000293277635906e+00 -1.917823740346969e-03 -8.701544859359905e-04 -1.007630028377082e+00
37 30 -1.000292716259371e+00 -1.916344568845067e-03 -8.708347572647365e-04 -1.007634696420672e+00
37 31 -1.000292103664433e+00 -1.914787567510171e-03 -8.715407233572805e-04 -1.007639688969844e+00
37 32 -1.000291445923039e+00 -1.913166143266473e-03 -8.722756893199017e-04 -1.007644959859332e+00
37 33 -1.000290749590940e+00 -1.911493985595254e-03 -8.730430057738518e-04 -1.007650461186771e+00
37 34 -1.000290021621967e+00 -1.909784993279109e-03 -8.738456221662689e-04 -1.007656143734891e+00
37 35 -1.000289269305158e+00 -1.908053322383085e-03 -8.746855040165661e-04 -1.007661957038241e+00
37 36 -1.000288500219487e+00 -1.906313506775207e-03 -8.755629892462689e-04 -1.007667849225048e+00
37 37 -1.000287722190335e+00 -1.904580567629510e-03 -8.764762006288466e-04 -1.007673766872160e+00
37 38 -1.000286943230539e+00 -1.902870032913500e-03 -8.774206318884762e-04 -1.007679655101319e+00
37 39 -1.000286171457361e+00 -1.901197829848310e-03 -8.783889809935009e-04 -1.007685458021764e+00
37 40 -1.000285414989645e+00 -1.899580070685679e-03 -8.793712324943173e-04 -1.007691119454635e+00
37 41 -1.000284681839031e+00 -1.898032795719617e-03 -8.803549222101975e-04 -1.007696583748257e+00
37 42 -1.000283979810347e+00 -1.896571746606868e-03 -8.813254836101038e-04 -1.007701796471986e+00
37 43 -1.000283316418813e+00 -1.895212214583895e-03 -8.822665922346367e-04 -1.007706704866983e+00
37 44 -1.000282698819808e+00 -1.893968956990551e-03 -8.831604836789201e-04 -1.007711258087812e+00
37 45 -1.000282133737891e+00 -1.892856128625681e-03 -8.839882900909199e-04 -1.007715407406616e+00
37 46 -1.000281627381600e+00 -1.891887157697390e-03 -8.847304806299974e-04 -1.007719106594862e+00
37 47 -1.000281185339874e+00 -1.891074518598372e-03 -8.853674785018914e-04 -1.007722312621282e+00
37 48 -1.000280812468464e+00 -1.890429401551383e-03 -8.858804659044231e-04 -1.007724986654970e+00
37 49 -1.000280512782125e+00 -1.889961325270677e-03 -8.862523094633202e-04 -1.007727095224860e+00
37 50 -1.000280289366724e+00 -1.889677760685304e-03 -8.864684817777195e-04 -1.007728611328641e+00
37 51 -1.000280144317025e+00 -1.889583824966334e-03 -8.865178463118569e-04 -1.007729515320091e+00
37 52 -1.000280078697113e+00 -1.889682075175445e-03 -8.863932143447822e-04 -1.007729795498794e+00
37 53 -1.000280092517280e+00 -1.889972398814782e-03 -8.860916498960703e-04 -1.007729448419755e+00
37 54 -1.000280184726368e+00 -1.890451982954844e-03 -8.856145558222807e-04 -1.007728478978478e+00
37 55 -1.000280353229178e+00 -1.891115351070091e-03 -8.849675960311043e-04 -1.007726900294769e+00
37 56 -1.000280594946334e+00 -1.891954475903451e-03 -8.841604947428214e-04 -1.007724733356568e+00
37 57 -1.000280905930528e+00 -1.892958986266181e-03 -8.832067256223183e-04 -1.007722006361950e+00
37 58 -1.000281281536282e+00 -1.894116472151212e-03 -8.821230860379636e-04 -1.007718753752753e+00
37 59 -1.000281716618433e+00 -1.895412861596116e-03 -8.809291550624651e-04 -1.007715015042653e+00
37 60 -1.000282205719692e+00 -1.896832813963708e-03 -8.796466519483830e-04 -1.007710833637306e+00
37 61 -1.000282743209402e+00 -1.898360066527822e-03 -8.782987311914200e-04 -1.007706255861305e+00
37 62 -1.000283323354366e+00 -1.899977691655585e-03 -8.769092597616945e-04 -1.007701330325665e+00
37 63 -1.000283940330670e+00 -1.901668263031160e-03 -8.755021178703950e-04 -1.007696107619918e+00
38 0 -1.000283889172279e+00 -1.903322642140901e-03 -8.726168088776306e-04 -1.007692032978975e+00
38 1 -1.000284556923275e+00 -1.905089649156984e-03 -8.712617496912433e-04 -1.007686411730532e+00
38 2 -1.000285244715186e+00 -1.906878747720203e-03 -8.699515600625508e-04 -1.007680644533732e+00
38 3 -1.000285946508884e+00 -1.908672066167069e-03 -8.687042814513379e-04 -1.007674786948473e+00
38 4 -1.000286656381974e+00 -1.910452117694138e-03 -8.675356125913535e-04 -1.007668894304487e+00
38 5 -1.000287368617151e+00 -1.912202035571248e-03 -8.664587294896187e-04 -1.007663020939245e+00
38 6 -1.000288077733416e+00 -1.913905721002339e-03 -8.654842214562505e-04 -1.007657219723855e+00
38 7 -1.000288778445136e+00 -1.915547883387482e-03 -8.646201170661093e-04 -1.007651541960899e+00
38 8 -1.000289465565878e+00 -1.917114001231557e-03 -8.638719639904644e-04 -1.007646037561020e+00
38 9 -1.000290133900108e+00 -1.918590269314337e-03 -8.632429327320261e-04 -1.007640755262798e+00
38 10 -1.000290778172815e+00 -1.919963602780573e-03 -8.627339335433193e-04 -1.007635742632379e+00
38 11 -1.000291393030776e+00 -1.921221737728057e-03 -8.623437576126417e-04 -1.007631045685391e+00
38 12 -1.000291973117903e+00 -1.922353418700829e-03 -8.620692637268567e-04 -1.007626708154642e+00
38 13 -1.000292513196495e+00 -1.923348623285779e-03 -8.619056218826918e-04 -1.007622770585501e+00
38 14 -1.000293008270229e+00 -1.924198760938236e-03 -8.618466016357199e-04 -1.007619269503768e+00
38 15 -1.000293453669548e+00 -1.924896799082401e-03 -8.618848722720245e-04 -1.007616236851171e+00
38 16 -1.000293845082410e+00 -1.925437303367261e-03 -8.620122794782311e-04 -1.007613699754667e+00
38 17 -1.000294178542437e+00 -1.925816412716484e-03 -8.622200821950311e-04 -1.007611680553106e+00
38 18 -1.000294450407556e+00 -1.926031785905049e-03 -8.624991637147563e-04 -1.007610196921371e+00
38 19 -1.000294657365104e+00 -1.926082548016965e-03 -8.628402557965226e-04 -1.007609261946468e+00
38 20 -1.000294796484071e+00 -1.925969242423760e-03 -8.632342179216477e-04 -1.007608884097630e+00
38 21 -1.000294865311756e+00 -1.925693776367995e-03 -8.636723896829188e-04 -1.007609067124360e+00
38 22 -1.000294861993081e+00 -1.925259348458588e-03 -8.641469916074634e-04 -1.007609809955549e+00
38 23 -1.000294785383947e+00 -1.924670361520355e-03 -8.646515097730925e-04 -1.007611106650371e+00
38 24 -1.000294635136424e+00 -1.923932341322560e-03 -8.651809843389752e-04 -1.007612946398125e+00
38 25 -1.000294411748037e+00 -1.923051887730579e-03 -8.657321408601310e-04 -1.007615313521537e+00
38 26 -1.000294116581094e+00 -1.922036672841564e-03 -8.663033475740571e-04 -1.007618187440291e+00
38 27 -1.000293751863097e+00 -1.920895473308081e-03 -8.668944311875312e-04 -1.007621542608216e+00
38 28 -1.000293320674329e+00 -1.919638195320340e-03 -8.675064162292207e-04 -1.007625348517156e+00
38 29 -1.000292826920120e+00 -1.918275840299120e-03 -8.681412554507403e-04 -1.007629569901640e+00
38 30 -1.000292275280985e+00 -1.916820378713758e-03 -8.688015914160985e-04 -1.007634167235230e+00
38 31 -1.000291671137531e+00 -1.915284541449364e-03 -8.694905456763463e-04 -1.007639097493135e+00
38 32 -1.000291020475895e+00 -1.913681581002139e-03 -8.702114922266922e-04 -1.007644315028566e+00
38 33 -1.000290329787819e+00 -1.912025075747196e-03 -8.709677553467829e-04 -1.007649772342516e+00
38 34 -1.000289605981804e+00 -1.910328837462929e-03 -8.717621882841463e-04 -1.007655420558464e+00
38 35 -1.000288856315521e+00 -1.908606938614160e-03 -8.725966343369100e-04 -1.007661209539462e+00
38 36 -1.000288088347022e+00 -1.906873820587666e-03 -8.734713276855998e-04 -1.007667087751583e+00
38 37 -1.000287309890659e+00 -1.905144404890606e-03 -8.743843330006856e-04 -1.007673002100109e+00
38 38 -1.000286528960580e+00 -1.903434127579837e-03 -8.753311305275788e-04 -1.007678897974107e+00
38 39 -1.000285753691851e+00 -1.901758853518738e-03 -8.763044218103012e-04 -1.007684719625906e+00
38 40 -1.000284992241373e+00 -1.900134681253881e-03 -8.772941722331144e-04 -1.007690410847593e+00
38 41 -1.000284252680421e+00 -1.898577693969047e-03 -8.782878441589957e-04 -1.007695915773976e+00
38 42 -1.000283542893026e+00 -1.897103726834897e-03 -8.792707360399711e-04 -1.007701179602346e+00
38 43 -1.000282870488880e+00 -1.895728199939133e-03 -8.802263473993576e-04 -1.007706149089692e+00
38 44 -1.000282242728727e+00 -1.894466019023517e-03 -8.811367354014918e-04 -1.007710772833859e+00
38 45 -1.000281666450562e+00 -1.893331498146817e-03 -8.819828902392785e-04 -1.007715001490885e+00
38 46 -1.000281147983288e+00 -1.892338236856862e-03 -8.827451971187470e-04 -1.007718788141675e+00
38 47 -1.000280693042812e+00 -1.891498901967412e-03 -8.834040472925817e-04 -1.007722088959789e+00
38 48 -1.000280306618045e+00 -1.890824908673779e-03 -8.839406114335115e-04 -1.007724864188127e+00
38 49 -1.000279992862273e+00 -1.890326041165892e-03 -8.843377213710524e-04 -1.007727079291311e+00
38 50 -1.000279755004095e+00 -1.890010076979708e-03 -8.845807542176770e-04 -1.007728706082132e+00
38 51 -1.000279595284173e+00 -1.889882474606271e-03 -8.846584005178809e-04 -1.007729723643593e+00
38 52 -1.000279514915168e+00 -1.889946157129987e-03 -8.845632295476046e-04 -1.007730118955816e+00
38 53 -1.000279514058354e+00 -1.890201392636409e-03 -8.842920218043427e-04 -1.007729887234888e+00
38 54 -1.000279591814581e+00 -1.890645754220480e-03 -8.838458894926737e-04 -1.007729032039995e+00
38 55 -1.000279746237895e+00 -1.891274148068280e-03 -8.832302261388822e-04 -1.007727565180445e+00
38 56 -1.000279974389306e+00 -1.892078917377704e-03 -8.824545159251915e-04 -1.007725506390196e+00
38 57 -1.000280272446402e+00 -1.893050040668002e-03 -8.815320124478366e-04 -1.007722882706416e+00
38 58 -1.000280635868678e+00 -1.894175430651967e-03 -8.804792873890026e-04 -1.007719727536297e+00
38 59 -1.000281059595960e+00 -1.895441309426743e-03 -8.793156590328658e-04 -1.007716079502032e+00
38 60 -1.000281538240887e+00 -1.896832606030756e-03 -8.780625302163989e-04 -1.007711981252010e+00
38 61 -1.000282066235827e+00 -1.898333311614277e-03 -8.767426814706090e-04 -1.007707478455629e+00
38 62 -1.000282637911279e+00 -1.899926744333784e-03 -8.753795677439723e-04 -1.007702619133259e+00
38 63 -1.000283247510577e+00 -1.901595716480261e-03 -8.739966544595997e-04 -1.007697453329410e+00
39 0 -1.000283158052614e+00 -1.903138493524184e-03 -8.716408912375096e-04 -1.007693553184747e+00
39 1 -1.000283820132213e+00 -1.904888550947059e-03 -8.703031137699587e-04 -1.007687973692554e+00
39 2 -1.000284503471205e+00 -1.906663693311993e-03 -8.690072714910075e-04 -1.007682238230278e+00
39 3 -1.000285202054758e+00 -1.908446153667767e-03 -8.677712381707001e-04 -1.007676402245157e+00
39 4 -1.000285909962372e+00 -1.910218499858887e-03 -8.666105812093451e-04 -1.007670521121071e+00
39 5 -1.000286621463775e+00 -1.911963882831315e-03 -8.655383544700480e-04 -1.007664649372181e+00
39 6 -1.000287331061954e+00 -1.913666203206645e-03 -8.645650208620220e-04 -1.007658840099293e+00
39 7 -1.000288033463106e+00 -1.915310167149478e-03 -8.636984871770303e-04 -1.007653144822301e+00
39 8 -1.000288723485614e+00 -1.916881252754505e-03 -8.629442124023308e-04 -1.007647613622857e+00
39 9 -1.000289395948676e+00 -1.918365650252083e-03 -8.623053469246776e-04 -1.007642295375219e+00
39 10 -1.000290045591804e+00 -1.919750249997223e-03 -8.617828755039946e-04 -1.007637237795592e+00
39 11 -1.000290667063233e+00 -1.921022725533402e-03 -8.613757624310725e-04 -1.007632487128454e+00
39 12 -1.000291254985309e+00 -1.922171710665981e-03 -8.610811171366956e-04 -1.007628087462549e+00
39 13 -1.000291804072657e+00 -1.923187025327919e-03 -8.608944006231862e-04 -1.007624079837371e+00
39 14 -1.000292309259394e+00 -1.924059885279575e-03 -8.608096776528317e-04 -1.007620501385246e+00
39 15 -1.000292765792795e+00 -1.924783041538788e-03 -8.608198986478924e-04 -1.007617384723800e+00
39 16 -1.000293169271570e+00 -1.925350828868771e-03 -8.609171837000841e-04 -1.007614757690514e+00
39 17 -1.000293515636782e+00 -1.925759140307974e-03 -8.610930870778967e-04 -1.007612643359864e+00
39 18 -1.000293801147431e+00 -1.926005366383072e-03 -8.613388408633697e-04 -1.007611060183682e+00
39 19 -1.000294022378714e+00 -1.926088333599077e-03 -8.616455982686255e-04 -1.007610022094461e+00
39 20 -1.000294176267843e+00 -1.926008254911830e-03 -8.620047060622891e-04 -1.007609538492519e+00
39 21 -1.000294260208624e+00 -1.925766683794040e-03 -8.624080232073928e-04 -1.007609614136378e+00
39 22 -1.000294272174572e+00 -1.925366457632188e-03 -8.628482731342837e-04 -1.007610249010800e+00
39 23 -1.000294210840434e+00 -1.924811626698622e-03 -8.633193846106813e-04 -1.007611438238941e+00
39 24 -1.000294075676425e+00 -1.924107382015435e-03 -8.638167585096871e-04 -1.007613172054692e+00
39 25 -1.000293867004066e+00 -1.923260005724883e-03 -8.643374057618168e-04 -1.007615435799644e+00
39 26 -1.000293586018031e+00 -1.922276861209419e-03 -8.648799331357445e-04 -1.007618209897319e+00
39 27 -1.000293234785920e+00 -1.921166416863554e-03 -8.654443936973013e-04 -1.007621469802795e+00
39 28 -1.000292816234655e+00 -1.919938269353637e-03 -8.660320491619807e-04 -1.007625186002870e+00
39 29 -1.000292334123556e+00 -1.918603118393843e-03 -8.666450992398009e-04 -1.007629324191409e+00
39 30 -1.000291792998232e+00 -1.917172658062577e-03 -8.672864172368978e-04 -1.007633845717895e+00
39 31 -1.000291198120832e+00 -1.915659385927533e-03 -8.679593001458276e-04 -1.007638708305626e+00
39 32 -1.000290555379852e+00 -1.914076373003951e-03 -8.686672089100379e-04 -1.007643866910557e+00
39 33 -1.000289871191506e+00 -1.912437063033713e-03 -8.694134554677272e-04 -1.007649274510347e+00
39 34 -1.000289152408738e+00 -1.910755163537624e-03 -8.702007991860935e-04 -1.007654882625537e+00
39 35 -1.000288406249484e+00 -1.909044652878261e-03 -8.710309478159613e-04 -1.007660641486927e+00
39 36 -1.000287640244122e+00 -1.907319873955855e-03 -8.719040044550769e-04 -1.007666499927566e+00
39 37 -1.000286862190099e+00 -1.905595643583163e-03 -8.728179407634291e-04 -1.007672405209537e+00
39 38 -1.000286080097303e+00 -1.903887299108149e-03 -8.737681895039157e-04 -1.007678303022543e+00
39 39 -1.000285302113059e+00 -1.902210633348012e-03 -8.747474298842432e-04 -1.007684137800714e+00
39 40 -1.000284536426677e+00 -1.900581718863749e-03 -8.757455935431444e-04 -1.007689853348654e+00
39 41 -1.000283791163294e+00 -1.899016668352104e-03 -8.767500641708340e-04 -1.007695393628088e+00
39 42 -1.000283074280599e+00 -1.897531398352656e-03 -8.777460031101570e-04 -1.007700703498743e+00
39 43 -1.000282393477970e+00 -1.896141448767629e-03 -8.787167276046416e-04 -1.007705729258902e+00
39 44 -1.000281756117708e+00 -1.894861867759758e-03 -8.796441014665381e-04 -1.007710418968273e+00
39 45 -1.000281169148217e+00 -1.893707123810221e-03 -8.805089498065858e-04 -1.007714722685084e+00
39 46 -1.000280639016350e+00 -1.892690982008211e-03 -8.812915473620529e-04 -1.007718592823122e+00
39 47 -1.000280171563257e+00 -1.891826293867029e-03 -8.819722303635287e-04 -1.007721984789655e+00
39 48 -1.000279771910091e+00 -1.891124689962962e-03 -8.825321444268976e-04 -1.007724857932490e+00
39 49 -1.000279444348240e+00 -1.890596208979287e-03 -8.829540854934077e-04 -1.007727176682166e+00
39 50 -1.000279192248568e+00 -1.890248923565518e-03 -8.832233448454961e-04 -1.007728911693983e+00
39 51 -1.000279017996763e+00 -1.890088622773705e-03 -8.833284549063440e-04 -1.007730040803319e+00
39 52 -1.000278922952788e+00 -1.890118586594331e-03 -8.832617562414324e-04 -1.007730549689502e+00
39 53 -1.000278907427467e+00 -1.890339456226509e-03 -8.830197533291084e-04 -1.007730432245395e+00
39 54 -1.000278970672611e+00 -1.890749184522785e-03 -8.826032693700333e-04 -1.007729690707903e+00
39 55 -1.000279110891585e+00 -1.891343055138252e-03 -8.820174271778034e-04 -1.007728335587108e+00
39 56 -1.000279325287472e+00 -1.892113777407417e-03 -8.812714747543346e-04 -1.007726385369154e+00
39 57 -1.000279610165855e+00 -1.893051675554881e-03 -8.803784597856851e-04 -1.007723865930962e+00
39 58 -1.000279961094827e+00 -1.894144980467092e-03 -8.793547561194871e-04 -1.007720809642157e+00
39 59 -1.000280373102372e+00 -1.895380202920702e-03 -8.782194615436209e-04 -1.007717254229004e+00
39 60 -1.000280840873119e+00 -1.896742535775092e-03 -8.769937095354303e-04 -1.007713241577990e+00
39 61 -1.000281358903200e+00 -1.898216218157347e-03 -8.756999528612588e-04 -1.007708816699806e+00
39 62 -1.000281921586610e+00 -1.899784808631613e-03 -8.743612733754273e-04 -1.007704027021914e+00
39 63 -1.000282523233944e+00 -1.901431354604532e-03 -8.730007503075405e-04 -1.007698922038843e+00
40 0 -1.000282400798119e+00 -1.902862974769686e-03 -8.711784460886312e-04 -1.007695190917181e+00
40 1 -1.000283056557336e+00 -1.904595025784566e-03 -8.698562473384268e-04 -1.007689657783874e+00
40 2 -1.000283734744368e+00 -1.906354966895471e-03 -8.685732030539341e-04 -1.007683959142593e+00
40 3 -1.000284429375739e+00 -1.908125144861301e-03 -8.673470420226456e-04 -1.007678150280586e+00
40 4 -1.000285134539571e+00 -1.909888191982508e-03 -8.661932282507110e-04 -1.007672286585990e+00
40 5 -1.000285844497862e+00 -1.911627286510602e-03 -8.651247234242743e-04 -1.007666422702333e+00
40 6 -1.000286553740925e+00 -1.913326337946938e-03 -8.641518898228200e-04 -1.007660611917745e+00
40 7 -1.000287256969066e+00 -1.914970060258249e-03 -8.632825270906196e-04 -1.007654905928305e+00
40 8 -1.000287949008559e+00 -1.916543946747209e-03 -8.625220043347738e-04 -1.007649354937514e+00
40 9 -1.000288624699182e+00 -1.918034205751867e-03 -8.618734347244857e-04 -1.007644007888976e+00
40 10 -1.000289278804592e+00 -1.919427732959891e-03 -8.613378493095054e-04 -1.007638912561887e+00
40 11 -1.000289905987651e+00 -1.920712175364893e-03 -8.609143536473980e-04 -1.007634115324653e+00
40 12 -1.000290500864602e+00 -1.921876095219936e-03 -8.606002793287699e-04 -1.007629660506237e+00
40 13 -1.000291058118387e+00 -1.922909194172303e-03 -8.603913568832953e-04 -1.007625589522983e+00
40 14 -1.000291572628299e+00 -1.923802531372491e-03 -8.602819307496967e-04 -1.007621940004023e+00
40 15 -1.000292039570921e+00 -1.924548675261095e-03 -8.602652177875010e-04 -1.007618745146054e+00
40 16 -1.000292454466090e+00 -1.925141760993848e-03 -8.603335922981707e-04 -1.007616033412711e+00
40 17 -1.000292813171615e+00 -1.925577465623371e-03 -8.604788744137858e-04 -1.007613828538614e+00
40 18 -1.000293111856622e+00 -1.925852939982860e-03 -8.606926074671708e-04 -1.007612149684411e+00
40 19 -1.000293346993009e+00 -1.925966737606417e-03 -8.609663264002274e-04 -1.007611011570059e+00
40 20 -1.000293515394053e+00 -1.925918761186981e-03 -8.612918315519505e-04 -1.007610424484331e+00
40 21 -1.000293614305686e+00 -1.925710222759103e-03 -8.616614808097531e-04 -1.007610394172674e+00
40 22 -1.000293641532188e+00 -1.925343601722540e-03 -8.620684966190020e-04 -1.007610921677232e+00
40 23 -1.000293595565205e+00 -1.924822590586100e-03 -8.625072606846453e-04 -1.007612003209325e+00
40 24 -1.000293475687411e+00 -1.924152034630529e-03 -8.629735517702256e-04 -1.007613630088402e+00
40 25 -1.000293282036205e+00 -1.923337884879122e-03 -8.634646818413965e-04 -1.007615788724316e+00
40 26 -1.000293015629601e+00 -1.922387182415285e-03 -8.639795046375008e-04 -1.007618460596303e+00
40 27 -1.000292678366330e+00 -1.921308073817342e-03 -8.645182998622079e-04 -1.007621622214125e+00
40 28 -1.000292273011309e+00 -1.920109831527310e-03 -8.650825619859259e-04 -1.007625245116935e+00
40 29 -1.000291803169327e+00 -1.918802836163731e-03 -8.656747345527052e-04 -1.007629296022083e+00
40 30 -1.000291273242216e+00 -1.917398484215206e-03 -8.662979256110338e-04 -1.007633737227281e+00
40 31 -1.000290688364014e+00 -1.915909015195398e-03 -8.669556210233181e-04 -1.007638527282767e+00
40 32 -1.000290054315226e+00 -1.914347292829933e-03 -8.676513882412580e-04 -1.007643621826132e+00
40 33 -1.000289377426279e+00 -1.912726603286989e-03 -8.683885448683571e-04 -1.007648974380901e+00
40 34 -1.000288664485357e+00 -1.911060532828602e-03 -8.691697648021384e-04 -1.007654536917183e+00
40 35 -1.000287922662920e+00 -1.909362955002228e-03 -8.699966144589783e-04 -1.007660260070091e+00
40 36 -1.000287159455098e+00 -1.907648107802227e-03 -8.708690460763494e-04 -1.007666093067181e+00
40 37 -1.000286382636590e+00 -1.905930698538454e-03 -8.717849090156379e-04 -1.007671983553220e+00
40 38 -1.000285600207564e+00 -1.904225960272582e-03 -8.727395571838745e-04 -1.007677877547464e+00
40 39 -1.000284820322181e+00 -1.902549605612901e-03 -8.737256219442461e-04 -1.007683719700170e+00
40 40 -1.000284051196361e+00 -1.900917669800297e-03 -8.747329864138665e-04 -1.007689453868059e+00
40 41 -1.000283301002871e+00 -1.899346281915095e-03 -8.757489506905028e-04 -1.007695023880654e+00
40 42 -1.000282577766810e+00 -1.897851427550444e-03 -8.767585381044021e-04 -1.007700374296122e+00
40 43 -1.000281889271464e+00 -1.896448756708238e-03 -8.777448796277714e-04 -1.007705450982189e+00
40 44 -1.000281242975461e+00 -1.895153452595773e-03 -8.786896338726221e-04 -1.007710201483924e+00
40 45 -1.000280645932770e+00 -1.893980131490404e-03 -8.795734403310893e-04 -1.007714575286801e+00
40 46 -1.000280104703749e+00 -1.892942716552707e-03 -8.803764372208226e-04 -1.007718524168413e+00
40 47 -1.000279625251002e+00 -1.892054234548531e-03 -8.810788804677265e-04 -1.007722002807413e+00
40 48 -1.000279212824826e+00 -1.891326519385302e-03 -8.816618731494683e-04 -1.007724969699700e+00
40 49 -1.000278871852079e+00 -1.890769849910870e-03 -8.821081699565358e-04 -1.007727388287374e+00
40 50 -1.000278605843430e+00 -1.890392578750405e-03 -8.824029824060892e-04 -1.007729228111706e+00
40 51 -1.000278417327156e+00 -1.890200811294877e-03 -8.825346973258948e-04 -1.007730465797955e+00
40 52 -1.000278307807983e+00 -1.890198171986299e-03 -8.824954392346910e-04 -1.007731085755985e+00
40 53 -1.000278277743696e+00 -1.890385664446338e-03 -8.822814445849844e-04 -1.007731080582755e+00
40 54 -1.000278326534873e+00 -1.890761612295537e-03 -8.818932493986989e-04 -1.007730451217023e+00
40 55 -1.000278452533232e+00 -1.891321669390988e-03 -8.813357040437423e-04 -1.007729206888998e+00
40 56 -1.000278653084740e+00 -1.892058905210996e-03 -8.806178211423358e-04 -1.007727364850146e+00
40 57 -1.000278924625406e+00 -1.892963984056212e-03 -8.797524528011133e-04 -1.007724949824413e+00
40 58 -1.000279262835231e+00 -1.894025449073016e-03 -8.787557993661571e-04 -1.007721993146318e+00
40 59 -1.000279662833608e+00 -1.895230093359213e-03 -8.776467763817663e-04 -1.007718531644976e+00
40 60 -1.000280119379484e+00 -1.896563366587146e-03 -8.764462958247200e-04 -1.007714606442595e+00
40 61 -1.000280627033601e+00 -1.898009747966954e-03 -8.751765333281257e-04 -1.007710261891049e+00
40 62 -1.000281180253070e+00 -1.899553028422006e-03 -8.738602438116227e-04 -1.007705544827316e+00
40 63 -1.000281773415396e+00 -1.901176484388210e-03 -8.725201567957800e-04 -1.007700504195355e+00
41 0 -1.000281623649749e+00 -1.902498238892549e-03 -8.712298240514201e-04 -1.007696935987672e+00
41 1 -1.000282272463278e+00 -1.904211339316919e-03 -8.699214663517636e-04 -1.007691453578091e+00
41 2 -1.000282944813606e+00 -1.905954924092499e-03 -8.686496535569991e-04 -1.007685796683222e+00
41 3 -1.000283634756167e+00 -1.907711462424625e-03 -8.674319924462948e-04 -1.007680020381772e+00
41 4 -1.000284336395307e+00 -1.909463661117757e-03 -8.662838712621928e-04 -1.007674180013248e+00
41 5 -1.000285043991407e+00 -1.911194735371098e-03 -8.652181899835559e-04 -1.007668330300713e+00
41 6 -1.000285752026267e+00 -1.912888612994963e-03 -8.642452378144482e-04 -1.007662524674585e+00
41 7 -1.000286455197276e+00 -1.914530027017638e-03 -8.633727245403281e-04 -1.007656814962308e+00
41 8 -1.000287148341894e+00 -1.916104501581658e-03 -8.626059308534839e-04 -1.007651251437351e+00
41 9 -1.000287826325732e+00 -1.917598285064747e-03 -8.619479171816681e-04 -1.007645883046966e+00
41 10 -1.000288483945154e+00 -1.918998307643128e-03 -8.613997320978939e-04 -1.007640757548959e+00
41 11 -1.000289115889932e+00 -1.920292225635051e-03 -8.609605875284853e-04 -1.007635921331611e+00
41 12 -1.000289716785293e+00 -1.921468569949771e-03 -8.606280038220059e-04 -1.007631418845920e+00
41 13 -1.000290281298411e+00 -1.922516964883293e-03 -8.603979541289690e-04 -1.007627291763787e+00
41 14 -1.000290804268540e+00 -1.923428351676886e-03 -8.602650424218392e-04 -1.007623578097345e+00
41 15 -1.000291280814252e+00 -1.924195151729484e-03 -8.602227343775836e-04 -1.007620311520863e+00
41 16 -1.000291706387248e+00 -1.924811333647705e-03 -8.602636372549436e-04 -1.007617521034162e+00
41 17 -1.000292076771635e+00 -1.925272389993171e-03 -8.603798075547546e-04 -1.007615230951193e+00
41 18 -1.000292388055860e+00 -1.925575262029478e-03 -8.605630615977988e-04 -1.007613461068558e+00
41 19 -1.000292636617738e+00 -1.925718258188411e-03 -8.608052733217074e-04 -1.007612226829690e+00
41 20 -1.000292819155421e+00 -1.925700994378067e-03 -8.610986572958013e-04 -1.007611539360596e+00
41 21 -1.000292932774063e+00 -1.925524357385083e-03 -8.614360426821656e-04 -1.007611405361617e+00
41 22 -1.000292975112587e+00 -1.925190475487034e-03 -8.618111397673276e-04 -1.007611826924685e+00
41 23 -1.000292944479384e+00 -1.924702681389557e-03 -8.622187873162944e-04 -1.007612801365586e+00
41 24 -1.000292839965709e+00 -1.924065466419638e-03 -8.626551550575757e-04 -1.007614321122894e+00
41 25 -1.000292661518369e+00 -1.923284439370889e-03 -8.631178698895970e-04 -1.007616373717316e+00
41 26 -1.000292409970966e+00 -1.922366307254313e-03 -8.636060409292552e-04 -1.007618941729771e+00
41 27 -1.000292087045458e+00 -1.921318883150486e-03 -8.641201751177227e-04 -1.007622002771947e+00
41 28 -1.000291695337314e+00 -1.920151103049867e-03 -8.646619947495232e-04 -1.007625529484790e+00
41 29 -1.000291238289677e+00 -1.918873013964517e-03 -8.652341825838717e-04 -1.007629489664119e+00
41 30 -1.000290720153182e+00 -1.917495696273895e-03 -8.658400836019819e-04 -1.007633846619682e+00
41 31 -1.000290145925547e+00 -1.916031108936328e-03 -8.664833848616707e-04 -1.007638559800193e+00
41 32 -1.000289521270430e+00 -1.914491884359651e-03 -8.671677806727073e-04 -1.007643585597147e+00
41 33 -1.000288852423585e+00 -1.912891129128633e-03 -8.678966160893682e-04 -1.007648878143949e+00
41 34 -1.000288146100110e+00 -1.911242290889236e-03 -8.686724949012454e-04 -1.007654389910656e+00
41 35 -1.000287409415552e+00 -1.909559126523872e-03 -8.694968452089528e-04 -1.007660071973339e+00
41 36 -1.000286649825404e+00 -1.907855762054294e-03 -8.703694571592600e-04 -1.007665873980451e+00
41 37 -1.000285875076117e+00 -1.906146790938069e-03 -8.712880353029354e-04 -1.007671743981255e+00
41 38 -1.000285093153022e+00 -1.904447337332656e-03 -8.722478279240175e-04 -1.007677628348733e+00
41 39 -1.000284312211736e+00 -1.902773026210284e-03 -8.732413956305789e-04 -1.007683471980855e+00
41 40 -1.000283540488830e+00 -1.901139844744741e-03 -8.742585592340688e-04 -1.007689218824914e+00
41 41 -1.000282786198323e+00 -1.899563925923639e-03 -8.752865306939175e-04 -1.007694812618035e+00
41 42 -1.000282057426197e+00 -1.898061312297582e-03 -8.763101956100539e-04 -1.007700197652686e+00
41 43 -1.000281362033062e+00 -1.896647753430468e-03 -8.773124974170680e-04 -1.007705319397026e+00
41 44 -1.000280707567264e+00 -1.895338558652133e-03 -8.782748811568212e-04 -1.007710124910334e+00
41 45 -1.000280101181836e+00 -1.894148483977835e-03 -8.791777828073727e-04 -1.007714563136004e+00
41 46 -1.000279549544433e+00 -1.893091601931932e-03 -8.800011787698599e-04 -1.007718585252107e+00
41 47 -1.000279058733222e+00 -1.892181103292790e-03 -8.807252181412471e-04 -1.007722145254967e+00
41 48 -1.000278634122089e+00 -1.891429010475264e-03 -8.813309410991457e-04 -1.007725200844758e+00
41 49 -1.000278280268230e+00 -1.890845824775770e-03 -8.818010518494408e-04 -1.007727714536544e+00
41 50 -1.000278000817498e+00 -1.890440160060448e-03 -8.821206845046701e-04 -1.007729654817187e+00
41 51 -1.000277798436500e+00 -1.890218420011596e-03 -8.822780905926034e-04 -1.007730997155152e+00
41 52 -1.000277674770570e+00 -1.890184557109597e-03 -8.822651909590017e-04 -1.007731724737289e+00
41 53 -1.000277630420421e+00 -1.890339923135232e-03 -8.820779628850512e-04 -1.007731828905132e+00
41 54 -1.000277664932000e+00 -1.890683200644174e-03 -8.817166576875729e-04 -1.007731309333870e+00
41 55 -1.000277776803316e+00 -1.891210404120993e-03 -8.811858509223395e-04 -1.007730174001858e+00
41 56 -1.000277963523073e+00 -1.891914955292345e-03 -8.804943182242271e-04 -1.007728438946605e+00
41 57 -1.000278221659533e+00 -1.892787851724709e-03 -8.796547224289873e-04 -1.007726127751779e+00
41 58 -1.000278547007849e+00 -1.893817942519341e-03 -8.786831101416012e-04 -1.007723270721739e+00
41 59 -1.000278934782366e+00 -1.894992296402203e-03 -8.775982495975664e-04 -1.007719903788488e+00
41 60 -1.000279379818937e+00 -1.896296611816190e-03 -8.764208786339444e-04 -1.007716067309792e+00
41 61 -1.000279876743912e+00 -1.897715598587622e-03 -8.751729490727038e-04 -1.007711804981426e+00
41 62 -1.000280420077260e+00 -1.899233270413660e-03 -8.738769401595582e-04 -1.007707163054140e+00
41 63 -1.000281004263020e+00 -1.900833125077441e-03 -8.725552744656798e-04 -1.007702189922271e+00
42 0 -1.000280833127054e+00 -1.902047158880320e-03 -8.717902319137602e-04 -1.007698777722011e+00
42 1 -1.000281474394614e+00 -1.903740470962065e-03 -8.704939917374654e-04 -1.007693350157365e+00
42 2 -1.000282140239426e+00 -1.905466630377884e-03 -8.692318736255729e-04 -1.007687739761784e+00
42 3 -1.000282824763601e+00 -1.907208237052086e-03 -8.680213850467377e-04 -1.007682001356801e+00
42 4 -1.000283522095974e+00 -1.908948082310728e-03 -8.668778651865297e-04 -1.007676190178816e+00
42 5 -1.000284226502423e+00 -1.910669428285758e-03 -8.658141824308300e-04 -1.007670360977434e+00
42 6 -1.000284932461516e+00 -1.912356231122655e-03 -8.648405813365237e-04 -1.007664567275909e+00
42 7 -1.000285634671511e+00 -1.913993254420688e-03 -8.639647013710445e-04 -1.007658860984629e+00
42 8 -1.000286327984473e+00 -1.915566068163286e-03 -8.631917393690652e-04 -1.007653292394545e+00
42 9 -1.000287007296596e+00 -1.917060981478172e-03 -8.625246901132639e-04 -1.007647910392786e+00
42 10 -1.000287667444700e+00 -1.918464987150687e-03 -8.619645916668234e-04 -1.007642762633519e+00
42 11 -1.000288303156936e+00 -1.919765786196223e-03 -8.615107257084700e-04 -1.007637895422050e+00
42 12 -1.000288909081879e+00 -1.920951918276411e-03 -8.611607642699546e-04 -1.007633353213962e+00
42 13 -1.000289479886316e+00 -1.922012971562453e-03 -8.609108916422065e-04 -1.007629177815446e+00
42 14 -1.000290010384067e+00 -1.922939808988059e-03 -8.607559469033720e-04 -1.007625407505888e+00
42 15 -1.000290495648501e+00 -1.923724741757975e-03 -8.606896240079518e-04 -1.007622076331760e+00
42 16 -1.000290931074041e+00 -1.924361606181790e-03 -8.607047407653551e-04 -1.007619213735111e+00
42 17 -1.000291312380601e+00 -1.924845742880825e-03 -8.607935603419613e-04 -1.007616844524956e+00
42 18 -1.000291635585170e+00 -1.925173915280122e-03 -8.609481328633401e-04 -1.007614989056273e+00
42 19 -1.000291896981182e+00 -1.925344217274569e-03 -8.611606255430629e-04 -1.007613663424249e+00
42 20 -1.000292093161508e+00 -1.925356005083203e-03 -8.614236224206283e-04 -1.007612879530698e+00
42 21 -1.000292221099129e+00 -1.925209860595162e-03 -8.617303888571702e-04 -1.007612644987630e+00
42 22 -1.000292278273406e+00 -1.924907572394741e-03 -8.620751033653246e-04 -1.007612962917301e+00
42 23 -1.000292262811597e+00 -1.924452115999762e-03 -8.624530580085245e-04 -1.007613831743911e+00
42 24 -1.000292173611980e+00 -1.923847624549500e-03 -8.628608208743069e-04 -1.007615245047560e+00
42 25 -1.000292010426222e+00 -1.923099356313116e-03 -8.632963448129630e-04 -1.007617191493977e+00
42 26 -1.000291773897211e+00 -1.922213674571806e-03 -8.637590017791323e-04 -1.007619654805180e+00
42 27 -1.000291465563445e+00 -1.921198049430995e-03 -8.642495261754646e-04 -1.007622613735162e+00
42 28 -1.000291087844641e+00 -1.920061070618244e-03 -8.647698626265339e-04 -1.007626042068495e+00
42 29 -1.000290644016270e+00 -1.918812439314826e-03 -8.653229275344050e-04 -1.007629908727255e+00
42 30 -1.000290138171435e+00 -1.917462903459248e-03 -8.659123036037106e-04 -1.007634178090341e+00
42 31 -1.000289575164586e+00 -1.916024121255191e-03 -8.665418900953840e-04 -1.007638810569362e+00
42 32 -1.000288960535067e+00 -1.914508471678325e-03 -8.672155289010185e-04 -1.007643763375273e+00
42 33 -1.000288300416182e+00 -1.912928860261550e-03 -8.679366181006991e-04 -1.007648991311709e+00
42 34 -1.000287601442192e+00 -1.911298577744556e-03 -8.687077140633279e-04 -1.007654447398997e+00
42 35 -1.000286870666573e+00 -1.909631251224708e-03 -8.695301187781225e-04 -1.007660083191313e+00
42 36 -1.000286115498100e+00 -1.907940887104032e-03 -8.704034582217109e-04 -1.007665848782610e+00
42 37 -1.000285343649846e+00 -1.906241960647762e-03 -8.713252777303360e-04 -1.007671692645101e+00
42 38 -1.000284563087386e+00 -1.904549482593198e-03 -8.722906996498134e-04 -1.007677561526955e+00
42 39 -1.000283781962451e+00 -1.902878983144806e-03 -8.732921950134724e-04 -1.007683400603500e+00
42 40 -1.000283008526397e+00 -1.901246391407702e-03 -8.743195102813222e-04 -1.007689153948806e+00
42 41 -1.000282251028228e+00 -1.899667832508785e-03 -8.753597655314477e-04 -1.007694765245620e+00
42 42 -1.000281517608094e+00 -1.898159393729743e-03 -8.763977105601010e-04 -1.007700178557310e+00
42 43 -1.000280816196684e+00 -1.896736912700552e-03 -8.774161029507223e-04 -1.007705338986673e+00
42 44 -1.000280154424440e+00 -1.895415814881521e-03 -8.783961691446571e-04 -1.007710193139693e+00
42 45 -1.000279539535717e+00 -1.894210987038623e-03 -8.793181264252849e-04 -1.007714689451879e+00
42 46 -1.000278978297600e+00 -1.893136641060995e-03 -8.801617656888680e-04 -1.007718778543944e+00
42 47 -1.000278476895784e+00 -1.892206118504384e-03 -8.809071027422479e-04 -1.007722413785156e+00
42 48 -1.000278040819747e+00 -1.891431613018650e-03 -8.815350925863244e-04 -1.007725552147865e+00
42 49 -1.000277674749510e+00 -1.890823827874240e-03 -8.820283762663304e-04 -1.007728155294860e+00
42 50 -1.000277382459271e+00 -1.890391616033593e-03 -8.823720094497936e-04 -1.007730190733577e+00
42 51 -1.000277166747585e+00 -1.890141657250999e-03 -8.825541168010285e-04 -1.007731632846267e+00
42 52 -1.000277029394279e+00 -1.890078211318383e-03 -8.825664278386086e-04 -1.007732463660112e+00
42 53 -1.000276971137319e+00 -1.890202960125630e-03 -8.824046706178816e-04 -1.007732673315873e+00
42 54 -1.000276991663227e+00 -1.890514930101572e-03 -8.820688154862536e-04 -1.007732260271308e+00
42 55 -1.000277089612998e+00 -1.891010483976840e-03 -8.815631612090108e-04 -1.007731231291022e+00
42 56 -1.000277262616867e+00 -1.891683385803430e-03 -8.808962432279661e-04 -1.007729601227328e+00
42 57 -1.000277507376595e+00 -1.892524958720736e-03 -8.800805374686295e-04 -1.007727392540977e+00
42 58 -1.000277819805661e+00 -1.893524351297313e-03 -8.791319514192999e-04 -1.007724634513101e+00
42 59 -1.000278195217111e+00 -1.894668900850560e-03 -8.780691366694073e-04 -1.007721362180179e+00
42 60 -1.000278628526603e+00 -1.895944545834528e-03 -8.769127023186035e-04 -1.007717615137163e+00
42 61 -1.000279114427477e+00 -1.897336216540347e-03 -8.756844303354707e-04 -1.007713436427179e+00
42 62 -1.000279647502683e+00 -1.898828139203879e-03 -8.744065784850884e-04 -1.007708871718661e+00
42 63 -1.000280222262502e+00 -1.900404024069713e-03 -8.731013098256928e-04 -1.007703968858013e+00
43 0 -1.000280036009763e+00 -1.901513347078246e-03 -8.728499430145057e-04 -1.007700704761540e+00
43 1 -1.000280669158578e+00 -1.903186134586673e-03 -8.715641532723767e-04 -1.007695335910369e+00
43 2 -1.000281327847712e+00 -1.904893882688228e-03 -8.703102628561370e-04 -1.007689776580960e+00
43 3 -1.000282006233606e+00 -1.906619329429543e-03 -8.691057022063931e-04 -1.007684081290626e+00
43 4 -1.000282698478353e+00 -1.908345360679286e-03 -8.679657867270462e-04 -1.007678305116915e+00
43 5 -1.000283398861606e+00 -1.910055296465064e-03 -8.669033820358782e-04 -1.007672502778140e+00
43 6 -1.000284101865216e+00 -1.911733132230701e-03 -8.659287165814509e-04 -1.007666727835671e+00
43 7 -1.000284802192811e+00 -1.913363673548758e-03 -8.650493810979775e-04 -1.007661032232271e+00
43 8 -1.000285494714618e+00 -1.914932550254314e-03 -8.642704964688131e-04 -1.007655466224565e+00
43 9 -1.000286174361939e+00 -1.916426151831922e-03 -8.635949822404330e-04 -1.007650078576959e+00
43 10 -1.000286836019290e+00 -1.917831560757999e-03 -8.630238399264487e-04 -1.007644916759073e+00
43 11 -1.000287474463779e+00 -1.919136556861710e-03 -8.625563842089945e-04 -1.007640026893381e+00
43 12 -1.000288084380639e+00 -1.920329727437977e-03 -8.621903993323231e-04 -1.007635453326619e+00
43 13 -1.000288660450938e+00 -1.921400665310952e-03 -8.619222453493914e-04 -1.007631237880173e+00
43 14 -1.000289197477448e+00 -1.922340195136259e-03 -8.617469680983135e-04 -1.007627418984070e+00
43 15 -1.000289690501095e+00 -1.923140555391937e-03 -8.616584666177040e-04 -1.007624030949636e+00
43 16 -1.000290134869700e+00 -1.923795484772493e-03 -8.616497456603693e-04 -1.007621103565657e+00
43 17 -1.000290526248299e+00 -1.924300205239145e-03 -8.617132447852223e-04 -1.007618662049634e+00
43 18 -1.000290860591683e+00 -1.924651335730130e-03 -8.618412077034430e-04 -1.007616727232325e+00
43 19 -1.000291134118984e+00 -1.924846788718189e-03 -8.620260466679506e-04 -1.007615315781210e+00
43 20 -1.000291343328437e+00 -1.924885691251094e-03 -8.622606654925714e-04 -1.007614440302641e+00
43 21 -1.000291485070915e+00 -1.924768345236674e-03 -8.625387229285115e-04 -1.007614109264491e+00
43 22 -1.000291556674272e+00 -1.924496216662799e-03 -8.628548365461157e-04 -1.007614326784312e+00
43 23 -1.000291556089463e+00 -1.924071932302453e-03 -8.632047387227135e-04 -1.007615092382363e+00
43 24 -1.000291482022830e+00 -1.923499267734725e-03 -8.635853963027633e-04 -1.007616400788783e+00
43 25 -1.000291334028561e+00 -1.922783126064862e-03 -8.639950948334590e-04 -1.007618241837821e+00
43 26 -1.000291112554366e+00 -1.921929520120381e-03 -8.644334743952739e-04 -1.007620600423105e+00
43 27 -1.000290818950067e+00 -1.920945570069584e-03 -8.649014961633065e-04 -1.007623456473392e+00
43 28 -1.000290455454407e+00 -1.919839511693204e-03 -8.654013211368578e-04 -1.007626784952034e+00
43 29 -1.000290025170007e+00 -1.918620690161736e-03 -8.659360929468527e-04 -1.007630555949067e+00
43 30 -1.000289532027070e+00 -1.917299506971071e-03 -8.665096312823962e-04 -1.007634734962908e+00
43 31 -1.000288980730956e+00 -1.915887301613909e-03 -8.671260573012012e-04 -1.007639283425765e+00
43 32 -1.000288376690195e+00 -1.914396178734359e-03 -8.677893817923177e-04 -1.007644159429430e+00
43 33 -1.000287725928507e+00 -1.912838821213490e-03 -8.685030850873789e-04 -1.007649318507240e+00
43 34 -1.000287034992036e+00 -1.911228343795379e-03 -8.692697054655279e-04 -1.007654714280228e+00
43 35 -1.000286310865497e+00 -1.909578229859030e-03 -8.700904398246265e-04 -1.007660298816917e+00
43 36 -1.000285560905201e+00 -1.907902357654103e-03 -8.709647577965468e-04 -1.007666022680108e+00
43 37 -1.000284792785756e+00 -1.906215078892342e-03 -8.718900406451196e-04 -1.007671834782973e+00
43 38 -1.000284014448035e+00 -1.904531285801727e-03 -8.728612720084049e-04 -1.007677682269516e+00
43 39 -1.000283234034725e+00 -1.902866407049133e-03 -8.738708192230440e-04 -1.007683510619434e+00
43 40 -1.000282459806435e+00 -1.901236304430756e-03 -8.749083448459405e-04 -1.007689264066714e+00
43 41 -1.000281700041010e+00 -1.899657083623205e-03 -8.759608750897735e-04 -1.007694886277109e+00
43 42 -1.000280962925840e+00 -1.898144863836286e-03 -8.770130279453300e-04 -1.007700321123561e+00
43 43 -1.000280256454055e+00 -1.896715558538953e-03 -8.780473794856643e-04 -1.007705513380186e+00
43 44 -1.000279588330028e+00 -1.895384698688058e-03 -8.790449357028387e-04 -1.007710409234088e+00
43 45 -1.000278965880713e+00 -1.894167291850349e-03 -8.799856834329757e-04 -1.007714956650147e+00
43 46 -1.000278395963213e+00 -1.893077677790172e-03 -8.808492072058051e-04 -1.007719105739501e+00
43 47 -1.000277884860760e+00 -1.892129333940958e-03 -8.816153641449759e-04 -1.007722809307114e+00
43 48 -1.000277438168355e+00 -1.891334606232803e-03 -8.822650006484554e-04 -1.007726023674054e+00
43 49 -1.000277060679181e+00 -1.890704377236098e-03 -8.827806793406364e-04 -1.007728709736561e+00
43 50 -1.000276756286660e+00 -1.890247713678384e-03 -8.831473737981833e-04 -1.007730834112081e+00
43 51 -1.000276527912663e+00 -1.889971545220536e-03 -8.833530887412941e-04 -1.007732370183944e+00
43 52 -1.000276377463371e+00 -1.889880414087377e-03 -8.833893747545179e-04 -1.007733298899548e+00
43 53 -1.000276305806518e+00 -1.889976310157482e-03 -8.832517221024011e-04 -1.007733609268663e+00
43 54 -1.000276312762759e+00 -1.890258584873176e-03 -8.829398260022169e-04 -1.007733298591239e+00
43 55 -1.000276397111297e+00 -1.890723933734930e-03 -8.824577077273639e-04 -1.007732372467424e+00
43 56 -1.000276556621549e+00 -1.891366451119805e-03 -8.818136584642507e-04 -1.007730844601377e+00
43 57 -1.000276788129210e+00 -1.892177776763284e-03 -8.810199662902850e-04 -1.007728736354228e+00
43 58 -1.000277087668824e+00 -1.893147351351549e-03 -8.800924092705308e-04 -1.007726075995234e+00
43 59 -1.000277450655919e+00 -1.894262773345947e-03 -8.790495478297401e-04 -1.007722897669423e+00
43 60 -1.000277872089349e+00 -1.895510212573311e-03 -8.779119037508880e-04 -1.007719240210466e+00
43 61 -1.000278346731492e+00 -1.896874809788630e-03 -8.767011415103107e-04 -1.007715146010967e+00
43 62 -1.000278869228806e+00 -1.898340992997669e-03 -8.754393528054274e-04 -1.007710660160759e+00
43 63 -1.000279434157552e+00 -1.899892674796338e-03 -8.741484919280561e-04 -1.007705829961457e+00
44 0 -1.000279239313495e+00 -1.900901173186038e-03 -8.743945558803705e-04 -1.007702704849879e+00
44 1 -1.000279863801970e+00 -1.902552798886082e-03 -8.731176403679320e-04 -1.007697398313270e+00
44 2 -1.000280514707578e+00 -1.904241231272368e-03 -8.718706129923685e-04 -1.007691894414854e+00
44 3 -1.000281186248599e+00 -1.905949353365497e-03 -8.706708486792274e-04 -1.007686247321432e+00
44 4 -1.000281872629642e+00 -1.907660156015870e-03 -8.695336624006138e-04 -1.007680511893608e+00
44 5 -1.000282568153394e+00 -1.909357029075770e-03 -8.684719440333446e-04 -1.007674742756059e+00
44 6 -1.000283267312531e+00 -1.911024018847480e-03 -8.674959342165488e-04 -1.007668993449760e+00
44 7 -1.000283964821330e+00 -1.912645984209296e-03 -8.666131983589263e-04 -1.007663315897160e+00
44 8 -1.000284655572210e+00 -1.914208628392790e-03 -8.658287926186359e-04 -1.007657760267556e+00
44 9 -1.000285334536176e+00 -1.915698439949745e-03 -8.651455555009270e-04 -1.007652375140132e+00
44 10 -1.000285996652123e+00 -1.917102616499499e-03 -8.645644290321809e-04 -1.007647207722064e+00
44 11 -1.000286636755646e+00 -1.918409048742731e-03 -8.640847253918147e-04 -1.007642303858505e+00
44 12 -1.000287249580936e+00 -1.919606408910031e-03 -8.637043003165198e-04 -1.007637707678649e+00
44 13 -1.000287829837405e+00 -1.920684334585757e-03 -8.634196511048729e-04 -1.007633460902174e+00
44 14 -1.000288372330844e+00 -1.921633651951240e-03 -8.632259985136916e-04 -1.007629601993972e+00
44 15 -1.000288872082174e+00 -1.922446563996930e-03 -8.631174208712062e-04 -1.007626165423730e+00
44 16 -1.000289324402999e+00 -1.923116746487946e-03 -8.630870848271396e-04 -1.007623181231494e+00
44 17 -1.000289724912641e+00 -1.923639336616961e-03 -8.631275753705578e-04 -1.007620674954418e+00
44 18 -1.000290069512926e+00 -1.924010843387344e-03 -8.632312888815029e-04 -1.007618667812233e+00
44 19 -1.000290354358810e+00 -1.924229032837663e-03 -8.633908324740356e-04 -1.007617176959444e+00
44 20 -1.000290575865038e+00 -1.924292836553206e-03 -8.635993754300926e-04 -1.007616215626593e+00
44 21 -1.000290730771884e+00 -1.924202306369179e-03 -8.638509193022855e-04 -1.007615793067462e+00
44 22 -1.000290816266135e+00 -1.923958609005441e-03 -8.641404817260621e-04 -1.007615914341930e+00
44 23 -1.000290830130085e+00 -1.923564037217619e-03 -8.644642125545743e-04 -1.007616580035856e+00
44 24 -1.000290770881960e+00 -1.923022015257581e-03 -8.648194695357446e-04 -1.007617786021894e+00
44 25 -1.000290637878714e+00 -1.922337091209475e-03 -8.652048718137274e-04 -1.007619523312377e+00
44 26 -1.000290431370664e+00 -1.921514924529659e-03 -8.656203296038268e-04 -1.007621777991403e+00
44 27 -1.000290152515417e+00 -1.920562281218751e-03 -8.660670288738240e-04 -1.007624531186206e+00
44 28 -1.000289803366648e+00 -1.919487037593460e-03 -8.665473403971861e-04 -1.007627759067343e+00
44 29 -1.000289386849868e+00 -1.918298175004586e-03 -8.670646273982553e-04 -1.007631432927691e+00
44 30 -1.000288906727975e+00 -1.917005737036400e-03 -8.676229440469380e-04 -1.007635519428409e+00
44 31 -1.000288367552267e+00 -1.915620728324704e-03 -8.682266419548054e-04 -1.007639981074901e+00
44 32 -1.000287774594535e+00 -1.914154958880202e-03 -8.688799227451183e-04 -1.007644776899447e+00
44 33 -1.000287133762202e+00 -1.912620867186060e-03 -8.695863811306761e-04 -1.007649863224433e+00
44 34 -1.000286451506511e+00 -1.911031372498655e-03 -8.703485721749181e-04 -1.007655194321493e+00
44 35 -1.000285734737158e+00 -1.909399799660478e-03 -8.711676170756737e-04 -1.007660722809317e+00
44 36 -1.000284990752337e+00 -1.907739888691129e-03 -8.720428472623385e-04 -1.007666399743856e+00
44 37 -1.000284227182952e+00 -1.906065860884168e-03 -8.729714851766758e-04 -1.007672174498319e+00
44 38 -1.000283451940193e+00 -1.904392484278869e-03 -8.739483708880706e-04 -1.007677994632218e+00
44 39 -1.000282673152768e+00 -1.902735079418101e-03 -8.749657592184311e-04 -1.007683805954075e+00
44 40 -1.000281899085214e+00 -1.901109431640120e-03 -8.760132227899944e-04 -1.007689552889509e+00
44 41 -1.000281138038097e+00 -1.899531615223118e-03 -8.770776944934273e-04 -1.007695179125435e+00
44 42 -1.000280398239078e+00 -1.898017768017708e-03 -8.781436665790220e-04 -1.007700628384616e+00
44 43 -1.000279687736006e+00 -1.896583866574642e-03 -8.791935403914982e-04 -1.007705845150766e+00
44 44 -1.000279014298644e+00 -1.895245535753619e-03 -8.802081032526536e-04 -1.007710775229147e+00
44 45 -1.000278385326954e+00 -1.894017892561995e-03 -8.811671042797725e-04 -1.007715366155406e+00
44 46 -1.000277807757383e+00 -1.892915391864839e-03 -8.820499045784280e-04 -1.007719567583261e+00
44 47 -1.000277287959278e+00 -1.891951631169265e-03 -8.828361790240399e-04 -1.007723331820276e+00
44 48 -1.000276831621445e+00 -1.891139088637603e-03 -8.835066418207683e-04 -1.007726614618641e+00
44 49 -1.000276443638582e+00 -1.890488801567386e-03 -8.840437605534670e-04 -1.007729376203312e+00
44 50 -1.000276128012053e+00 -1.890010022467144e-03 -8.844324213183969e-04 -1.007731582403720e+00
44 51 -1.000275887776346e+00 -1.889709901603204e-03 -8.846605145320029e-04 -1.007733205705425e+00
44 52 -1.000275724953938e+00 -1.889593235064135e-03 -8.847194244182119e-04 -1.007734226070672e+00
44 53 -1.000275640532968e+00 -1.889662294382784e-03 -8.846044168991408e-04 -1.007734631463557e+00
44 54 -1.000275634459930e+00 -1.889916733079002e-03 -8.843149207787404e-04 -1.007734418100503e+00
44 55 -1.000275705645805e+00 -1.890353560701220e-03 -8.838546811704126e-04 -1.007733590478423e+00
44 56 -1.000275851995411e+00 -1.890967187448367e-03 -8.832317409516299e-04 -1.007732161200018e+00
44 57 -1.000276070477573e+00 -1.891749558500436e-03 -8.824581971194123e-04 -1.007730150558948e+00
44 58 -1.000276357249762e+00 -1.892690397705446e-03 -8.815497035982441e-04 -1.007727585831245e+00
44 59 -1.000276707833572e+00 -1.893777556784067e-03 -8.805247492744701e-04 -1.007724500277944e+00
44 60 -1.000277117314939e+00 -1.894997428797099e-03 -8.794038043073557e-04 -1.007720931972471e+00
44 61 -1.000277580528007e+00 -1.896335355305696e-03 -8.782084644098988e-04 -1.007716922657786e+00
44 62 -1.000278092183704e+00 -1.897775954868102e-03 -8.769607100254331e-04 -1.007712516849098e+00
44 63 -1.000278646924127e+00 -1.899303331485029e-03 -8.756823391094309e-04 -1.007707761307319e+00
45 0 -1.000278450256991e+00 -1.900215775188649e-03 -8.764052914219785e-04 -1.007704764631114e+00
45 1 -1.000279065579643e+00 -1.901845701509302e-03 -8.751357907239561e-04 -1.007699523720086e+00
45 2 -1.000279708100970e+00 -1.903513996501503e-03 -8.738943883963808e-04 -1.007694079393286e+00
45 3 -1.000280372108641e+00 -1.905203695212577e-03 -8.726984240002951e-04 -1.007688485419160e+00
45 4 -1.000281051859404e+00 -1.906897904487045e-03 -8.715632332099404e-04 -1.007682796380508e+00
45 5 -1.000281741688833e+00 -1.908580096344901e-03 -8.705017553130057e-04 -1.007677066743578e+00
45 6 -1.000282436108807e+00 -1.910234379876096e-03 -8.695242709355934e-04 -1.007671349967631e+00
45 7 -1.000283129850568e+00 -1.911845679113976e-03 -8.686383449776924e-04 -1.007665697898082e+00
45 8 -1.000283817833569e+00 -1.913399784325523e-03 -8.678489833501824e-04 -1.007660160560611e+00
45 9 -1.000284495073188e+00 -1.914883300704699e-03 -8.671589419898215e-04 -1.007654786287424e+00
45 10 -1.000285156568699e+00 -1.916283564274070e-03 -8.665690843663833e-04 -1.007649621950216e+00
45 11 -1.000285797222787e+00 -1.917588606493032e-03 -8.660786867380411e-04 -1.007644713027898e+00
45 12 -1.000286411830163e+00 -1.918787220351967e-03 -8.656856353741857e-04 -1.007640103327192e+00
45 13 -1.000286995142081e+00 -1.919869127259327e-03 -8.653865241508333e-04 -1.007635834351960e+00
45 14 -1.000287541980908e+00 -1.920825193803546e-03 -8.651767138022437e-04 -1.007631944489112e+00
45 15 -1.000288047359648e+00 -1.921647624161166e-03 -8.650504332203313e-04 -1.007628468262274e+00
45 16 -1.000288506563919e+00 -1.922330065843791e-03 -8.650009840873743e-04 -1.007625435867236e+00
45 17 -1.000288915176358e+00 -1.922867605407908e-03 -8.650210653692105e-04 -1.007622873070589e+00
45 18 -1.000289269054746e+00 -1.923256676845643e-03 -8.651031850603492e-04 -1.007620801392424e+00
45 19 -1.000289564299770e+00 -1.923494935982139e-03 -8.652400934396008e-04 -1.007619238385102e+00
45 20 -1.000289797254224e+00 -1.923581155663858e-03 -8.654251667275037e-04 -1.007618197814171e+00
45 21 -1.000289964560563e+00 -1.923515172404980e-03 -8.656526916043759e-04 -1.007617689635146e+00
45 22 -1.000290063276997e+00 -1.923297882920581e-03 -8.659180376177913e-04 -1.007617719779895e+00
45 23 -1.000290091027442e+00 -1.922931267032626e-03 -8.662177392590715e-04 -1.007618289850981e+00
45 24 -1.000290046148804e+00 -1.922418410222794e-03 -8.665495280303168e-04 -1.007619396837644e+00
45 25 -1.000289927803981e+00 -1.921763511328440e-03 -8.669123505376872e-04 -1.007621032923089e+00
45 26 -1.000289736046146e+00 -1.920971877834605e-03 -8.673063850592997e-04 -1.007623185387426e+00
45 27 -1.000289471838984e+00 -1.920049920510139e-03 -8.677330384809540e-04 -1.007625836570116e+00
45 28 -1.000289137048414e+00 -1.919005153495660e-03 -8.681948835032843e-04 -1.007628963868711e+00
45 29 -1.000288734419755e+00 -1.917846189310746e-03 -8.686954937521524e-04 -1.007632539805539e+00
45 30 -1.000288267545091e+00 -1.916582704523712e-03 -8.692391536112791e-04 -1.007636532241146e+00
45 31 -1.000287740817315e+00 -1.915225354333128e-03 -8.698304523283396e-04 -1.007640904802845e+00
45 32 -1.000287159366069e+00 -1.913785634774129e-03 -8.704738039824942e-04 -1.007645617520852e+00
45 33 -1.000286528976324e+00 -1.912275718656764e-03 -8.711729514692042e-04 -1.007650627564415e+00
45 34 -1.000285855998062e+00 -1.910708309834431e-03 -8.719305061751927e-04 -1.007655889905656e+00
45 35 -1.000285147259784e+00 -1.909096558297608e-03 -8.727475507851142e-04 -1.007661357751479e+00
45 36 -1.000284409995768e+00 -1.907454053927251e-03 -8.736233063115083e-04 -1.007666982677852e+00
45 37 -1.000283651787896e+00 -1.905794879518000e-03 -8.745548511989939e-04 -1.007672714537500e+00
45 38 -1.000282880512734e+00 -1.904133672688689e-03 -8.755368852634163e-04 -1.007678501323690e+00
45 39 -1.000282104280065e+00 -1.902485638770035e-03 -8.765615482998612e-04 -1.007684289197475e+00
45 40 -1.000281331352925e+00 -1.900866476849388e-03 -8.776183213289372e-04 -1.007690022808597e+00
45 41 -1.000280570048495e+00 -1.899292217385231e-03 -8.786940471868745e-04 -1.007695645904306e+00
45 42 -1.000279828627858e+00 -1.897779003197353e-03 -8.797731005684501e-04 -1.007701102098360e+00
45 43 -1.000279115185857e+00 -1.896342860255182e-03 -8.808377177992862e-04 -1.007706335624766e+00
45 44 -1.000278437548718e+00 -1.894999494142286e-03 -8.818684736779275e-04 -1.007711291948428e+00
45 45 -1.000277803179136e+00 -1.893764118383323e-03 -8.828448774214368e-04 -1.007715918221505e+00
45 46 -1.000277219081438e+00 -1.892651289248433e-03 -8.837460541342225e-04 -1.007720163694964e+00
45 47 -1.000276691698688e+00 -1.891674707961821e-03 -8.845514758585642e-04 -1.007723980247921e+00
45 48 -1.000276226800439e+00 -1.890846964029001e-03 -8.852417022858320e-04 -1.007727323150362e+00
45 49 -1.000275829369581e+00 -1.890179223562846e-03 -8.857990891036076e-04 -1.007730152058347e+00
45 50 -1.000275503502382e+00 -1.889680895121582e-03 -8.862084283982306e-04 -1.007732432124316e+00
45 51 -1.000275252333521e+00 -1.889359317945708e-03 -8.864575010129838e-04 -1.007734135047909e+00
45 52 -1.000275077989968e+00 -1.889219510253460e-03 -8.865375378753317e-04 -1.007735239913638e+00
45 53 -1.000274981569098e+00 -1.889263995130206e-03 -8.864435962605355e-04 -1.007735733739432e+00
45 54 -1.000274963133119e+00 -1.889492701425657e-03 -8.861748505272589e-04 -1.007735611746366e+00
45 55 -1.000275021716506e+00 -1.889902930429330e-03 -8.857347738642754e-04 -1.007734877402287e+00
45 56 -1.000275155353844e+00 -1.890489390306669e-03 -8.851311580434602e-04 -1.007733542267543e+00
45 57 -1.000275361144602e+00 -1.891244317675712e-03 -8.843759044714129e-04 -1.007731625611878e+00
45 58 -1.000275635369835e+00 -1.892157708704918e-03 -8.834845441986792e-04 -1.007729153745515e+00
45 59 -1.000275973660243e+00 -1.893217659641540e-03 -8.824755081935963e-04 -1.007726159058243e+00
45 60 -1.000276371192762e+00 -1.894410778399929e-03 -8.813692442565463e-04 -1.007722678866902e+00
45 61 -1.000276822876448e+00 -1.895722597679014e-03 -8.801873229136956e-04 -1.007718754266565e+00
45 62 -1.000277323488194e+00 -1.897137915460581e-03 -8.789516653520326e-04 -1.007714429201355e+00
45 63 -1.000277867736161e+00 -1.898641016121391e-03 -8.776839652087967e-04 -1.007709749894820e+00
46 0 -1.000277676218450e+00 -1.899463057712889e-03 -8.788593192300659e-04 -1.007706869485514e+00
46 1 -1.000278281912184e+00 -1.901070851339099e-03 -8.775959078092325e-04 -1.007701697188275e+00
46 2 -1.000278915481783e+00 -1.902718275190810e-03 -8.763590350664689e-04 -1.007696316316900e+00
46 3 -1.000279571291830e+00 -1.904388523687524e-03 -8.751660237133014e-04 -1.007690780191832e+00
46 4 -1.000280243660955e+00 -1.906064830952222e-03 -8.740322489568692e-04 -1.007685143055538e+00
46 5 -1.000280926967900e+00 -1.907730763879874e-03 -8.729707225353180e-04 -1.007679459148865e+00
46 6 -1.000281615753068e+00 -1.909370507110834e-03 -8.719917918220203e-04 -1.007673781783727e+00
46 7 -1.000282304772135e+00 -1.910969062536934e-03 -8.711030469694550e-04 -1.007668162666621e+00
46 8 -1.000282988977159e+00 -1.912512320931880e-03 -8.703094613767515e-04 -1.007662651620978e+00
46 9 -1.000283663432542e+00 -1.913987020244664e-03 -8.696137115489748e-04 -1.007657296672199e+00
46 10 -1.000284323203470e+00 -1.915380656206818e-03 -8.690165676837964e-04 -1.007652144287343e+00
46 11 -1.000284963267737e+00 -1.916681429173000e-03 -8.685172394152831e-04 -1.007647239493827e+00
46 12 -1.000285578491470e+00 -1.917878287092423e-03 -8.681136032346310e-04 -1.007642625674819e+00
46 13 -1.000286163680556e+00 -1.918961072668625e-03 -8.678023075903837e-04 -1.007638344008730e+00
46 14 -1.000286713687018e+00 -1.919920730681673e-03 -8.675788153871486e-04 -1.007634432695095e+00
46 15 -1.000287223527948e+00 -1.920749502856548e-03 -8.674374741254352e-04 -1.007630926208039e+00
46 16 -1.000287688473233e+00 -1.921441043067243e-03 -8.673716915646005e-04 -1.007627854803390e+00
46 17 -1.000288104077573e+00 -1.921990420978338e-03 -8.673742487750440e-04 -1.007625244387607e+00
46 18 -1.000288466163113e+00 -1.922394030194637e-03 -8.674377244843198e-04 -1.007623116692944e+00
46 19 -1.000288770785902e+00 -1.922649453370556e-03 -8.675549594678450e-04 -1.007621489577493e+00
46 20 -1.000289014228578e+00 -1.922755343791357e-03 -8.677194751361339e-04 -1.007620377244822e+00
46 21 -1.000289193049396e+00 -1.922711361313218e-03 -8.679257798684658e-04 -1.007619790256217e+00
46 22 -1.000289304192001e+00 -1.922518167084440e-03 -8.681695388284763e-04 -1.007619735330124e+00
46 23 -1.000289345134558e+00 -1.922177455332617e-03 -8.684476285754423e-04 -1.007620215018683e+00
46 24 -1.000289314042442e+00 -1.921691991926723e-03 -8.687581276382800e-04 -1.007621227382123e+00
46 25 -1.000289209890699e+00 -1.921065638097119e-03 -8.691002964157753e-04 -1.007622765749424e+00
46 26 -1.000289032538157e+00 -1.920303355441751e-03 -8.694745743857694e-04 -1.007624818587802e+00
46 27 -1.000288782754965e+00 -1.919411202335611e-03 -8.698825827284488e-04 -1.007627369450588e+00
46 28 -1.000288462218334e+00 -1.918396331519814e-03 -8.703270864213452e-04 -1.007630396971211e+00
46 29 -1.000288073491661e+00 -1.917266984621625e-03 -8.708118586809254e-04 -1.007633874919032e+00
46 30 -1.000287619993632e+00 -1.916032464457964e-03 -8.713414079099048e-04 -1.007637772384053e+00
46 31 -1.000287105955109e+00 -1.914703064338842e-03 -8.719205658438157e-04 -1.007642054158991e+00
46 32 -1.000286536358950e+00 -1.913289948886344e-03 -8.725539787845311e-04 -1.007646681324808e+00
46 33 -1.000285916862192e+00 -1.911805004922447e-03 -8.732455718870947e-04 -1.007651611952876e+00
46 34 -1.000285253707476e+00 -1.910260700442458e-03 -8.739980559114127e-04 -1.007656801766769e+00
46 35 -1.000284553635844e+00 -1.908669992750954e-03 -8.748125186178003e-04 -1.007662204602876e+00
46 36 -1.000283823811732e+00 -1.907046308205424e-03 -8.756881065004900e-04 -1.007667772586296e+00
46 37 -1.000283071762632e+00 -1.905403581931724e-03 -8.766217776115926e-04 -1.007673456069101e+00
46 38 -1.000282305325425e+00 -1.903756313882437e-03 -8.776081033201338e-04 -1.007679203496611e+00
46 39 -1.000281532585738e+00 -1.902119586085611e-03 -8.786391128692558e-04 -1.007684961406884e+00
46 40 -1.000280761799461e+00 -1.900509000877958e-03 -8.797041986800348e-04 -1.007690674707184e+00
46 41 -1.000280001294239e+00 -1.898940531937661e-03 -8.807901197352119e-04 -1.007696287245332e+00
46 42 -1.000279259357726e+00 -1.897430312399729e-03 -8.818811441580329e-04 -1.007701742569874e+00
46 43 -1.000278544123843e+00 -1.895994402353967e-03 -8.829593567601142e-04 -1.007706984710379e+00
46 44 -1.000277863466057e+00 -1.894648573172435e-03 -8.840051307439168e-04 -1.007711958837616e+00
46 45 -1.000277224899217e+00 -1.893408120608081e-03 -8.849977385137612e-04 -1.007716611769278e+00
46 46 -1.000276635483608e+00 -1.892287687612470e-03 -8.859160618969223e-04 -1.007720892410522e+00
46 47 -1.000276101722839e+00 -1.891301061910709e-03 -8.867393541026313e-04 -1.007724752283372e+00
46 48 -1.000275629453110e+00 -1.890460922872574e-03 -8.874480008010652e-04 -1.007728146264944e+00
46 49 -1.000275223731074e+00 -1.889778539106553e-03 -8.880242295549224e-04 -1.007731033547965e+00
46 50 -1.000274888733647e+00 -1.889263444656432e-03 -8.884527312689484e-04 -1.007733378724082e+00
46 51 -1.000274627681885e+00 -1.888923134351602e-03 -8.887211815175702e-04 -1.007735152827201e+00
46 52 -1.000274442793930e+00 -1.888762814326747e-03 -8.888206717169655e-04 -1.007736334182070e+00
46 53 -1.000274335263682e+00 -1.888785226287637e-03 -8.887460682733869e-04 -1.007736908971123e+00
46 54 -1.000274305257269e+00 -1.888990544360591e-03 -8.884963063711290e-04 -1.007736871520340e+00
46 55 -1.000274351922390e+00 -1.889376335320937e-03 -8.880745953137693e-04 -1.007736224356589e+00
46 56 -1.000274473415557e+00 -1.889937583436979e-03 -8.874884756569479e-04 -1.007734978071547e+00
46 57 -1.000274666962396e+00 -1.890666799600787e-03 -8.867496485462650e-04 -1.007733150967273e+00
46 58 -1.000274928966654e+00 -1.891554239303794e-03 -8.858735199578226e-04 -1.007730768425616e+00
46 59 -1.000275255170106e+00 -1.892588232903677e-03 -8.848784708372073e-04 -1.007727861986375e+00
46 60 -1.000275640844008e+00 -1.893755593472447e-03 -8.837849494047384e-04 -1.007724468220357e+00
46 61 -1.000276080975481e+00 -1.895042034708006e-03 -8.826145385010129e-04 -1.007720627579920e+00
46 62 -1.000276570409377e+00 -1.896432523218621e-03 -8.813891473950611e-04 -1.007716383441414e+00
46 63 -1.000277103920598e+00 -1.897911512936366e-03 -8.801304149899923e-04 -1.007711781493467e+00
47 0 -1.000276924678995e+00 -1.898649673188590e-03 -8.817301046842165e-04 -1.007709003426122e+00
47 1 -1.000277520330845e+00 -1.900235014098888e-03 -8.804715992428546e-04 -1.007703902363100e+00
47 2 -1.000278144422284e+00 -1.901860930659657e-03 -8.792383109868717e-04 -1.007698588529134e+00
47 3 -1.000278791402003e+00 -1.903510783712038e-03 -8.780475626974334e-04 -1.007693114747214e+00
47 4 -1.000279455660233e+00 -1.905167946061520e-03 -8.769147854229298e-04 -1.007687534855893e+00
47 5 -1.000280131629762e+00 -1.906816093171064e-03 -8.758530836485219e-04 -1.007681902799409e+00
47 6 -1.000280813889890e+00 -1.908439499317179e-03 -8.748728965712259e-04 -1.007676271670715e+00
47 7 -1.000281497229148e+00 -1.910023257493347e-03 -8.739818658913247e-04 -1.007670692971529e+00
47 8 -1.000282176638249e+00 -1.911553371790012e-03 -8.731849532527124e-04 -1.007665216264024e+00
47 9 -1.000282847235389e+00 -1.913016727734832e-03 -8.724847635184551e-04 -1.007659889208377e+00
47 10 -1.000283504157064e+00 -1.914401000671223e-03 -8.718819636976006e-04 -1.007654757799513e+00
47 11 -1.000284142463754e+00 -1.915694586330274e-03 -8.713756696383918e-04 -1.007649866530967e+00
47 12 -1.000284757103136e+00 -1.916886619855026e-03 -8.709637091258451e-04 -1.007645258266100e+00
47 13 -1.000285342947824e+00 -1.917967101072471e-03 -8.706427421938037e-04 -1.007640973752939e+00
47 14 -1.000285894892342e+00 -1.918927090013521e-03 -8.704082933914364e-04 -1.007637050896310e+00
47 15 -1.000286407970017e+00 -1.919758902182045e-03 -8.702547937366041e-04 -1.007633524017379e+00
47 16 -1.000286877445328e+00 -1.920456232099938e-03 -8.701757258914263e-04 -1.007630423336846e+00
47 17 -1.000287298853534e+00 -1.921014165592678e-03 -8.701639204068449e-04 -1.007627774813141e+00
47 18 -1.000287667989147e+00 -1.921429090026501e-03 -8.702119860753430e-04 -1.007625600303320e+00
47 19 -1.000287980872894e+00 -1.921698552222119e-03 -8.703128014732981e-04 -1.007623917877313e+00
47 20 -1.000288233738951e+00 -1.921821126401984e-03 -8.704599698123828e-04 -1.007622742074988e+00
47 21 -1.000288423075309e+00 -1.921796337096600e-03 -8.706481534699169e-04 -1.007622083959232e+00
47 22 -1.000288545726131e+00 -1.921624648652219e-03 -8.708732498836609e-04 -1.007621950936929e+00
47 23 -1.000288599038438e+00 -1.921307502721009e-03 -8.711324262779562e-04 -1.007622346425833e+00
47 24 -1.000288581018482e+00 -1.920847370817288e-03 -8.714240725464793e-04 -1.007623269493154e+00
47 25 -1.000288490462476e+00 -1.920247793937407e-03 -8.717477416736426e-04 -1.007624714571005e+00
47 26 -1.000288327040387e+00 -1.919513399012307e-03 -8.721041220593594e-04 -1.007626671288868e+00
47 27 -1.000288091331575e+00 -1.918649899341608e-03 -8.724950391976014e-04 -1.007629124401382e+00
47 28 -1.000287784825511e+00 -1.917664090752520e-03 -8.729234386893053e-04 -1.007632053774846e+00
47 29 -1.000287409903377e+00 -1.916563845056842e-03 -8.733932807190604e-04 -1.007635434433533e+00
47 30 -1.000286969809066e+00 -1.915358087699740e-03 -8.739092888543824e-04 -1.007639236718102e+00
47 31 -1.000286468608926e+00 -1.914056740868059e-03 -8.744765386214763e-04 -1.007643426621594e+00
47 32 -1.000285911135399e+00 -1.912670622946559e-03 -8.750999250611407e-04 -1.007647966321954e+00
47 33 -1.000285302912785e+00 -1.911211315727505e-03 -8.757835882640348e-04 -1.007652814845166e+00
47 34 -1.000284650070646e+00 -1.909691030931441e-03 -8.765303827398490e-04 -1.007657928717497e+00
47 35 -1.000283959256477e+00 -1.908122514739216e-03 -8.773414490184712e-04 -1.007663262447278e+00
47 36 -1.000283237558964e+00 -1.906519015588293e-03 -8.782159014786096e-04 -1.007668768739224e+00
47 37 -1.000282492445622e+00 -1.904894310332585e-03 -8.791506094764970e-04 -1.007674398466577e+00
47 38 -1.000281731708166e+00 -1.903262752558475e-03 -8.801400359637318e-04 -1.007680100546998e+00
47 39 -1.000280963402484e+00 -1.901639291997077e-03 -8.811761109046030e-04 -1.007685821920700e+00
47 40 -1.000280195771455e+00 -1.900039423212340e-03 -8.822481459723054e-04 -1.007691507786031e+00
47 41 -1.000279437146782e+00 -1.898479049162492e-03 -8.833428262078625e-04 -1.007697102133918e+00
47 42 -1.000278695835457e+00 -1.896974276855834e-03 -8.844443278813435e-04 -1.007702548496701e+00
47 43 -1.000277980002249e+00 -1.895541183180308e-03 -8.855346021173988e-04 -1.007707790750560e+00
47 44 -1.000277297558535e+00 -1.894195588660270e-03 -8.865938364650375e-04 -1.007712773822606e+00
47 45 -1.000276656060634e+00 -1.892952855460928e-03 -8.876010754200785e-04 -1.007717444248448e+00
47 46 -1.000276062612509e+00 -1.891827696932870e-03 -8.885349566619972e-04 -1.007721750647975e+00
47 47 -1.000275523764549e+00 -1.890833968937906e-03 -8.893745044832109e-04 -1.007725644260289e+00
47 48 -1.000275045404913e+00 -1.889984418976169e-03 -8.900999150243719e-04 -1.007729079659678e+00
47 49 -1.000274632648989e+00 -1.889290392063639e-03 -8.906932730825805e-04 -1.007732015681141e+00
47 50 -1.000274289739320e+00 -1.888761516956829e-03 -8.911391612499390e-04 -1.007734416474138e+00
47 51 -1.000274019968506e+00 -1.888405409682223e-03 -8.914251539854333e-04 -1.007736252532630e+00
47 52 -1.000273825631437e+00 -1.888227428548453e-03 -8.915422175779455e-04 -1.007737501546797e+00
47 53 -1.000273708004623e+00 -1.888230498925283e-03 -8.914850472014474e-04 -1.007738148982524e+00
47 54 -1.000273667344818e+00 -1.888415007250874e-03 -8.912523574873196e-04 -1.007738188381551e+00
47 55 -1.000273702900716e+00 -1.888778755737025e-03 -8.908471062375686e-04 -1.007737621431238e+00
47 56 -1.000273812940674e+00 -1.889316978931319e-03 -8.902765864304261e-04 -1.007736457842662e+00
47 57 -1.000273994809726e+00 -1.890022441374988e-03 -8.895522954990507e-04 -1.007734715019970e+00
47 58 -1.000274245031389e+00 -1.890885641976458e-03 -8.886895099026784e-04 -1.007732417466632e+00
47 59 -1.000274559458812e+00 -1.891895132330078e-03 -8.877065633512393e-04 -1.007729595905341e+00
47 60 -1.000274933459832e+00 -1.893037919191722e-03 -8.866239207296138e-04 -1.007726286180691e+00
47 61 -1.000275362102419e+00 -1.894299886213801e-03 -8.854632081400965e-04 -1.007722528113136e+00
47 62 -1.000275840301474e+00 -1.895666157506873e-03 -8.842463647580095e-04 -1.007718364517233e+00
47 63 -1.000276362899543e+00 -1.897121345547671e-03 -8.829950205327372e-04 -1.007713840550370e+00
48 0 -1.000276203151976e+00 -1.897782982238343e-03 -8.849877705692701e-04 -1.007711149075424e+00
48 1 -1.000276788408268e+00 -1.899345677087691e-03 -8.837331300196930e-04 -1.007706121441731e+00
48 2 -1.000277402545173e+00 -1.900949561521931e-03 -8.825026320831267e-04 -1.007700877868382e+00
48 3 -1.000278040102253e+00 -1.902578169356865e-03 -8.813136146213220e-04 -1.007695470632516e+00
48 4 -1.000278695551088e+00 -1.904215023897200e-03 -8.801815778030019e-04 -1.007689953103232e+00
48 5 -1.000279363390026e+00 -1.905843924108188e-03 -8.791197358004087e-04 -1.007684378851921e+00
48 6 -1.000280038248478e+00 -1.907449249048875e-03 -8.781386425022921e-04 -1.007678800676005e+00
48 7 -1.000280714956965e+00 -1.909016196284121e-03 -8.772460173975223e-04 -1.007673269803884e+00
48 8 -1.000281388551482e+00 -1.910530895619092e-03 -8.764468334164726e-04 -1.007667835476441e+00
48 9 -1.000282054209132e+00 -1.911980394159907e-03 -8.757436358021809e-04 -1.007662544930008e+00
48 10 -1.000282707143033e+00 -1.913352565311369e-03 -8.751369836200370e-04 -1.007657443621550e+00
48 11 -1.000283342503310e+00 -1.914636024596436e-03 -8.746258761705487e-04 -1.007652575432475e+00
48 12 -1.000283955328581e+00 -1.915820124638449e-03 -8.742080556589538e-04 -1.007647982614717e+00
48 13 -1.000284540569839e+00 -1.916895057092851e-03 -8.738801500616404e-04 -1.007643705383656e+00
48 14 -1.000285093176909e+00 -1.917852033876015e-03 -8.736377026317420e-04 -1.007639781242798e+00
48 15 -1.000285608211611e+00 -1.918683480187168e-03 -8.734751899485983e-04 -1.007636244257396e+00
48 16 -1.000286080943465e+00 -1.919383165052494e-03 -8.733861360613715e-04 -1.007633124518688e+00
48 17 -1.000286506896884e+00 -1.919946223081908e-03 -8.733633872372094e-04 -1.007630447949732e+00
48 18 -1.000286881846641e+00 -1.920369069091943e-03 -8.733995419791418e-04 -1.007628236445325e+00
48 19 -1.000287201787000e+00 -1.920649250924585e-03 -8.734874649608545e-04 -1.007626508193713e+00
48 20 -1.000287462914831e+00 -1.920785304317893e-03 -8.736207777050629e-04 -1.007625277968403e+00
48 21 -1.000287661661709e+00 -1.920776661329218e-03 -8.737942261473741e-04 -1.007624557224764e+00
48 22 -1.000287794788108e+00 -1.920623631513412e-03 -8.740038711090290e-04 -1.007624353949947e+00
48 23 -1.000287859525954e+00 -1.920327441457582e-03 -8.742471117241604e-04 -1.007624672329718e+00
48 24 -1.000287853736809e+00 -1.919890298737673e-03 -8.745226057064224e-04 -1.007625512358752e+00
48 25 -1.000287776049543e+00 -1.919315446949886e-03 -8.748301701726018e-04 -1.007626869513027e+00
48 26 -1.000287625953455e+00 -1.918607194851059e-03 -8.751707246126394e-04 -1.007628734542783e+00
48 27 -1.000287403842323e+00 -1.917770922494790e-03 -8.755462854213377e-04 -1.007631093376645e+00
48 28 -1.000287111020791e+00 -1.916813077050779e-03 -8.759599650547506e-04 -1.007633927098474e+00
48 29 -1.000286749689171e+00 -1.915741165338114e-03 -8.764158956913493e-04 -1.007637211983725e+00
48 30 -1.000286322916774e+00 -1.914563735972098e-03 -8.769190036544284e-04 -1.007640919632616e+00
48 31 -1.000285834604468e+00 -1.913290334859054e-03 -8.774746050591599e-04 -1.007645017261914e+00
48 32 -1.000285289431853e+00 -1.911931422522501e-03 -8.780878556593187e-04 -1.007649468184545e+00
48 33 -1.000284692786556e+00 -1.910498258820697e-03 -8.787631395624048e-04 -1.007654232428865e+00
48 34 -1.000284050680024e+00 -1.909002780067041e-03 -8.795034978648928e-04 -1.007659267372397e+00
48 35 -1.000283369660614e+00 -1.907457503232166e-03 -8.803101731390379e-04 -1.007664528236828e+00
48 36 -1.000282656735455e+00 -1.905875483690117e-03 -8.811822948864495e-04 -1.007669968338176e+00
48 37 -1.000281919306188e+00 -1.904270328030151e-03 -8.821166822945131e-04 -1.007675539095308e+00
48 38 -1.000281165113456e+00 -1.902656233590556e-03 -8.831077169728683e-04 -1.007681189920341e+00
48 39 -1.000280402177442e+00 -1.901048008077567e-03 -8.841472471171332e-04 -1.007686868181302e+00
48 40 -1.000279638721720e+00 -1.899461026404071e-03 -8.852245168432782e-04 -1.007692519402472e+00
48 41 -1.000278883075084e+00 -1.897911105418173e-03 -8.863261517946402e-04 -1.007698087764189e+00
48 42 -1.000278143556110e+00 -1.896414307695813e-03 -8.874362553093538e-04 -1.007703516837067e+00
48 43 -1.000277428351889e+00 -1.894986707631558e-03 -8.885366671198588e-04 -1.007708750400524e+00
48 44 -1.000276745402212e+00 -1.893644156141659e-03 -8.896074106849851e-04 -1.007713733193976e+00
48 45 -1.000276102293963e+00 -1.892402063715850e-03 -8.906273184624943e-04 -1.007718411528897e+00
48 46 -1.000275506162209e+00 -1.891275195903322e-03 -8.915747905460698e-04 -1.007722733804856e+00
48 47 -1.000274963590120e+00 -1.890277457314576e-03 -8.924286188352159e-04 -1.007726651053976e+00
48 48 -1.000274480502913e+00 -1.889421641656463e-03 -8.931687993047874e-04 -1.007730117637421e+00
48 49 -1.000274062059355e+00 -1.888719144435505e-03 -8.937772621335733e-04 -1.007733092137625e+00
48 50 -1.000273712552125e+00 -1.888179658555684e-03 -8.942384753578389e-04 -1.007735538381069e+00
48 51 -1.000273435330031e+00 -1.887810886882770e-03 -8.945399163325367e-04 -1.007737426449358e+00
48 52 -1.000273232749663e+00 -1.887618303587971e-03 -8.946724408319818e-04 -1.007738733526896e+00
48 53 -1.000273106155345e+00 -1.887604981162746e-03 -8.946305941736420e-04 -1.007739444488417e+00
48 54 -1.000273055879853e+00 -1.887771482878447e-03 -8.944128924813221e-04 -1.007739552211514e+00
48 55 -1.000273081258956e+00 -1.888115813296654e-03 -8.940220588312374e-04 -1.007739057656476e+00
48 56 -1.000273180660703e+00 -1.888633428006423e-03 -8.934651464512293e-04 -1.007737969754262e+00
48 57 -1.000273351540367e+00 -1.889317320777581e-03 -8.927534481671482e-04 -1.007736305095166e+00
48 58 -1.000273590535778e+00 -1.890158214292180e-03 -8.919021060423716e-04 -1.007734087369477e+00
48 59 -1.000273893609641e+00 -1.891144865573839e-03 -8.909294054631849e-04 -1.007731346529177e+00
48 60 -1.000274256227224e+00 -1.892264461661076e-03 -8.898558379618025e-04 -1.007728117722824e+00
48 61 -1.000274673539335e+00 -1.893503043713735e-03 -8.887030970782647e-04 -1.007724440157672e+00
48 62 -1.000275140532638e+00 -1.894845881052458e-03 -8.874931878319845e-04 -1.007720356098580e+00
48 63 -1.000275652118188e+00 -1.896277733052473e-03 -8.862477724574297e-04 -1.007715910178801e+00
49 0 -1.000275519097819e+00 -1.896870991237516e-03 -8.885994685180182e-04 -1.007713287734965e+00
49 1 -1.000276093674510e+00 -1.898410990335365e-03 -8.873477858413281e-04 -1.007708335232185e+00
49 2 -1.000276697440972e+00 -1.899992446716661e-03 -8.861194284496519e-04 -1.007703164714794e+00
49 3 -1.000277325034121e+00 -1.901599073641813e-03 -8.849317616072046e-04 -1.007697827865671e+00
49 4 -1.000277971016683e+00 -1.903214557263601e-03 -8.838003643297057e-04 -1.007692377516678e+00
49 5 -1.000278629964344e+00 -1.904822835614004e-03 -8.827385736635921e-04 -1.007686866787376e+00
49 6 -1.000279296568318e+00 -1.906408408150522e-03 -8.817570781952172e-04 -1.007681348100526e+00
49 7 -1.000279965710998e+00 -1.907956590937876e-03 -8.808637003800656e-04 -1.007675872339528e+00
49 8 -1.000280632481103e+00 -1.909453652143611e-03 -8.800634487369540e-04 -1.007670488360698e+00
49 9 -1.000281292120187e+00 -1.910886813765103e-03 -8.793588245127761e-04 -1.007665242917288e+00
49 10 -1.000281939922996e+00 -1.912244163816589e-03 -8.787502791721569e-04 -1.007660180865888e+00
49 11 -1.000282571135534e+00 -1.913514559712026e-03 -8.782366775698001e-04 -1.007655345402634e+00
49 12 -1.000283180896123e+00 -1.914687600149850e-03 -8.778156423432828e-04 -1.007650778079856e+00
49 13 -1.000283764245490e+00 -1.915753702442373e-03 -8.774837260033190e-04 -1.007646518479288e+00
49 14 -1.000284316201462e+00 -1.916704266512326e-03 -8.772364457361296e-04 -1.007642603597220e+00
49 15 -1.000284831866712e+00 -1.917531862817470e-03 -8.770682830120081e-04 -1.007639067140625e+00
49 16 -1.000285306526621e+00 -1.918230368640621e-03 -8.769727673430254e-04 -1.007635938976547e+00
49 17 -1.000285735703791e+00 -1.918794999893064e-03 -8.769427258240893e-04 -1.007633244904381e+00
49 18 -1.000286115161237e+00 -1.919222231905133e-03 -8.769707068760603e-04 -1.007631006770038e+00
49 19 -1.000286440875140e+00 -1.919509649289835e-03 -8.770495111603218e-04 -1.007629242788731e+00
49 20 -1.000286709015519e+00 -1.919655789101886e-03 -8.771727160995471e-04 -1.007627967866396e+00
49 21 -1.000286915971003e+00 -1.919660034153713e-03 -8.773350798174242e-04 -1.007627193739824e+00
49 22 -1.000287058434362e+00 -1.919522583017507e-03 -8.775327540910006e-04 -1.007626928862226e+00
49 23 -1.000287133539325e+00 -1.919244487861565e-03 -8.777633054610372e-04 -1.007627178080122e+00
49 24 -1.000287139018700e+00 -1.918827726998246e-03 -8.780256090315219e-04 -1.007627942223300e+00
49 25 -1.000287073347638e+00 -1.918275274304653e-03 -8.783197110022474e-04 -1.007629217737383e+00
49 26 -1.000286935845336e+00 -1.917591141535630e-03 -8.786467390433580e-04 -1.007630996436809e+00
49 27 -1.000286726727473e+00 -1.916780391522193e-03 -8.790088837550591e-04 -1.007633265382991e+00
49 28 -1.000286447118831e+00 -1.915849135139340e-03 -8.794094083117921e-04 -1.007636006848569e+00
49 29 -1.000286099042132e+00 -1.914804523509277e-03 -8.798525991616522e-04 -1.007639198342213e+00
49 30 -1.000285685394183e+00 -1.913654733686621e-03 -8.803435690315834e-04 -1.007642812718102e+00
49 31 -1.000285209911116e+00 -1.912408934723629e-03 -8.808878661661486e-04 -1.007646818426877e+00
49 32 -1.000284677118800e+00 -1.911077221898247e-03 -8.814909128496565e-04 -1.007651179943084e+00
49 33 -1.000284092265626e+00 -1.909670519897371e-03 -8.821573603080445e-04 -1.007655858336034e+00
49 34 -1.000283461241005e+00 -1.908200473005369e-03 -8.828904749487396e-04 -1.007660811877109e+00
49 35 -1.000282790489233e+00 -1.906679351824169e-03 -8.836916498115768e-04 -1.007665996540781e+00
49 36 -1.000282086930287e+00 -1.905120003285969e-03 -8.845600792200207e-04 -1.007671366286669e+00
49 37 -1.000281357893973e+00 -1.903535851186402e-03 -8.854925753236636e-04 -1.007676873104491e+00
49 38 -1.000280611063704e+00 -1.901940926182085e-03 -8.864834710148107e-04 -1.007682466923358e+00
49 39 -1.000279854417490e+00 -1.900349883318081e-03 -8.875245560945670e-04 -1.007688095566318e+00
49 40 -1.000279096152567e+00 -1.898777964633879e-03 -8.886050259838612e-04 -1.007693704921649e+00
49 41 -1.000278344587172e+00 -1.897240884088150e-03 -8.897114663838479e-04 -1.007699239409165e+00
49 42 -1.000277608043253e+00 -1.895754640120453e-03 -8.908279308873941e-04 -1.007704642696159e+00
49 43 -1.000276894721356e+00 -1.894335283346331e-03 -8.919361749075714e-04 -1.007709858527596e+00
49 44 -1.000276212579770e+00 -1.892998673492888e-03 -8.930160858015732e-04 -1.007714831519036e+00
49 45 -1.000275569224664e+00 -1.891760248420266e-03 -8.940463077603139e-04 -1.007719507823225e+00
49 46 -1.000274971809507e+00 -1.890634805706794e-03 -8.950050179724869e-04 -1.007723835688504e+00
49 47 -1.000274426936297e+00 -1.889636278305676e-03 -8.958707796910793e-04 -1.007727766017109e+00
49 48 -1.000273940552339e+00 -1.888777483660261e-03 -8.966233838836565e-04 -1.007731253047141e+00
49 49 -1.000273517844200e+00 -1.888069841730304e-03 -8.972445981687443e-04 -1.007734255213743e+00
49 50 -1.000273163139028e+00 -1.887523079537977e-03 -8.977187714442810e-04 -1.007736736138658e+00
49 51 -1.000272879826413e+00 -1.887144953209339e-03 -8.980332879482745e-04 -1.007738665617470e+00
49 52 -1.000272670309389e+00 -1.886941016520399e-03 -8.981789074979854e-04 -1.007740020458781e+00
49 53 -1.000272535984690e+00 -1.886914451445692e-03 -8.981500483711815e-04 -1.007740785076310e+00
49 54 -1.000272477245558e+00 -1.887065960792895e-03 -8.979450534272345e-04 -1.007740951810444e+00
49 55 -1.000272493499625e+00 -1.887393716185549e-03 -8.975664319979186e-04 -1.007740521014816e+00
49 56 -1.000272583200651e+00 -1.887893362144008e-03 -8.970210096963827e-04 -1.007739500951119e+00
49 57 -1.000272743902546e+00 -1.888558093533282e-03 -8.963198772973933e-04 -1.007737907493689e+00
49 58 -1.000272972349317e+00 -1.889378833237002e-03 -8.954780388811555e-04 -1.007735763600393e+00
49 59 -1.000273264608970e+00 -1.890344524602258e-03 -8.945137284471018e-04 -1.007733098513364e+00
49 60 -1.000273616243208e+00 -1.891442519096741e-03 -8.934474690731730e-04 -1.007729946727441e+00
49 61 -1.000274022486446e+00 -1.892659001088045e-03 -8.923010392805392e-04 -1.007726346865334e+00
49 62 -1.000274478398171e+00 -1.893979371483499e-03 -8.910965395488962e-04 -1.007722340661698e+00
49 63 -1.000274978958608e+00 -1.895388524109253e-03 -8.898557007104222e-04 -1.007717972237297e+00
50 0 -1.000274879825621e+00 -1.895922267629963e-03 -8.925297558507950e-04 -1.007715399550635e+00
50 1 -1.000275443519479e+00 -1.897439684517809e-03 -8.912802420003300e-04 -1.007710523310912e+00
50 2 -1.000276036571949e+00 -1.898998467313185e-03 -8.900535057253259e-04 -1.007705428135096e+00
50 3 -1.000276653723465e+00 -1.900582515071458e-03 -8.888669488166907e-04 -1.007700165063886e+00
50 4 -1.000277289637405e+00 -1.902175689087308e-03 -8.877362350069017e-04 -1.007694786324208e+00
50 5 -1.000277938978453e+00 -1.903762081978794e-03 -8.866748330914444e-04 -1.007689344504813e+00
50 6 -1.000278596511635e+00 -1.905326329599103e-03 -8.856935823709151e-04 -1.007683891572959e+00
50 7 -1.000279257181876e+00 -1.906853881206132e-03 -8.848004310536417e-04 -1.007678477991550e+00
50 8 -1.000279916138862e+00 -1.908331156287652e-03 -8.840004477431707e-04 -1.007673152165900e+00
50 9 -1.000280568694417e+00 -1.909745564162766e-03 -8.832961081127761e-04 -1.007667960307302e+00
50 10 -1.000281210229625e+00 -1.911085422115401e-03 -8.826877608977485e-04 -1.007662946613172e+00
50 11 -1.000281836091990e+00 -1.912339849415833e-03 -8.821741235455448e-04 -1.007658153525647e+00
50 12 -1.000282441527633e+00 -1.913498717587235e-03 -8.817526690061923e-04 -1.007653621812881e+00
50 13 -1.000283021677818e+00 -1.914552702071903e-03 -8.814198324869186e-04 -1.007649390324474e+00
50 14 -1.000283571640876e+00 -1.915493426231110e-03 -8.811710593626955e-04 -1.007645495444581e+00
50 15 -1.000284086572982e+00 -1.916313641352510e-03 -8.810007928955476e-04 -1.007641970418495e+00
50 16 -1.000284561786827e+00 -1.917007366989537e-03 -8.809025299550377e-04 -1.007638844792252e+00
50 17 -1.000284992812794e+00 -1.917569932717196e-03 -8.808690427941935e-04 -1.007636144152278e+00
50 18 -1.000285375410275e+00 -1.917997906592661e-03 -8.808927907535655e-04 -1.007633890210021e+00
50 19 -1.000285705545501e+00 -1.918288944450081e-03 -8.809664622792638e-04 -1.007632101118660e+00
50 20 -1.000285979371554e+00 -1.918441623151173e-03 -8.810835304039652e-04 -1.007630791817732e+00
50 21 -1.000286193246931e+00 -1.918455318687264e-03 -8.812386950325907e-04 -1.007629974215576e+00
50 22 -1.000286343812330e+00 -1.918330162830719e-03 -8.814281249374565e-04 -1.007629657115525e+00
50 23 -1.000286428120511e+00 -1.918067075990157e-03 -8.816494852845853e-04 -1.007629845911299e+00
50 24 -1.000286443792627e+00 -1.917667845225611e-03 -8.819018123215402e-04 -1.007630542165054e+00
50 25 -1.000286389165381e+00 -1.917135206164500e-03 -8.821853406339356e-04 -1.007631743205782e+00
50 26 -1.000286263400302e+00 -1.916472898472940e-03 -8.825013786896552e-04 -1.007633441843516e+00
50 27 -1.000286066544439e+00 -1.915685687701561e-03 -8.828522713642262e-04 -1.007635626218439e+00
50 28 -1.000285799549817e+00 -1.914779365176406e-03 -8.832414139541456e-04 -1.007638279748592e+00
50 29 -1.000285464266969e+00 -1.913760740311783e-03 -8.836732269220260e-04 -1.007641381142307e+00
50 30 -1.000285063424198e+00 -1.912637628702415e-03 -8.841529892377359e-04 -1.007644904486851e+00
50 31 -1.000284600595497e+00 -1.911418827139469e-03 -8.846864668327286e-04 -1.007648819461724e+00
50 32 -1.000284080154031e+00 -1.910114063771702e-03 -8.852793465630424e-04 -1.007653091714436e+00
50 33 -1.000283507208288e+00 -1.908733919904135e-03 -8.859365619761675e-04 -1.007657683380340e+00
50 34 -1.000282887523194e+00 -1.907289734693530e-03 -8.866616373222095e-04 -1.007662553658406e+00
50 35 -1.000282227434978e+00 -1.905793517073171e-03 -8.874561610402880e-04 -1.007667659311266e+00
50 36 -1.000281533771397e+00 -1.904257891018946e-03 -8.883194413761185e-04 -1.007672954972653e+00
50 37 -1.000280813784721e+00 -1.902696085338434e-03 -8.892483286974103e-04 -1.007678393227206e+00
50 38 -1.000280075094837e+00 -1.901121953267839e-03 -8.902371440788346e-04 -1.007683924543801e+00
50 39 -1.000279325630522e+00 -1.899549985629245e-03 -8.912776475940820e-04 -1.007689497229900e+00
50 40 -1.000278573554898e+00 -1.897995277315375e-03 -8.923590099346555e-04 -1.007695057578693e+00
50 41 -1.000277827167362e+00 -1.896473421693110e-03 -8.934678007982804e-04 -1.007700550302069e+00
50 42 -1.000277094784522e+00 -1.895000332063041e-03 -8.945880516515513e-04 -1.007705919226180e+00
50 43 -1.000276384610944e+00 -1.893592011741004e-03 -8.957014659625791e-04 -1.007711108130513e+00
50 44 -1.000275704612988e+00 -1.892264304783776e-03 -8.967878296597151e-04 -1.007716061578981e+00
50 45 -1.000275062404554e+00 -1.891032652725760e-03 -8.978256303756886e-04 -1.007720725638021e+00
50 46 -1.000274465144805e+00 -1.889911862875214e-03 -8.987928456405647e-04 -1.007725048478208e+00
50 47 -1.000273919440615e+00 -1.888915874549049e-03 -8.996678220640256e-04 -1.007728980951675e+00
50 48 -1.000273431246324e+00 -1.888057505474939e-03 -9.004301476675913e-04 -1.007732477265100e+00
50 49 -1.000273005760650e+00 -1.887348173890082e-03 -9.010614242898231e-04 -1.007735495811352e+00
50 50 -1.000272647329609e+00 -1.886797611531385e-03 -9.015458794143905e-04 -1.007738000123676e+00
50 51 -1.000272359368243e+00 -1.886413594987694e-03 -9.018708086203532e-04 -1.007739959836212e+00
50 52 -1.000272144310713e+00 -1.886201721714799e-03 -9.020268902451549e-04 -1.007741351511950e+00
50 53 -1.000272003590528e+00 -1.886165245232184e-03 -9.020084391461898e-04 -1.007742159235945e+00
50 54 -1.000271937645363e+00 -1.886304969663355e-03 -9.018136526544770e-04 -1.007742374942013e+00
50 55 -1.000271945938564e+00 -1.886619196759390e-03 -9.014448513073449e-04 -1.007741998503250e+00
50 56 -1.000272026994076e+00 -1.887103725419434e-03 -9.009086497664861e-04 -1.007741037631610e+00
50 57 -1.000272178450706e+00 -1.887751920381135e-03 -9.002159433379140e-04 -1.007739507594938e+00
50 58 -1.000272397147977e+00 -1.888554877700226e-03 -8.993815970037767e-04 -1.007737430713022e+00
50 59 -1.000272679252380e+00 -1.889501704453702e-03 -8.984237901634755e-04 -1.007734835593477e+00
50 60 -1.000273020418821e+00 -1.890579897664654e-03 -8.973630789963219e-04 -1.007731756133481e+00
50 61 -1.000273415964541e+00 -1.891775768521655e-03 -8.962213387551460e-04 -1.007728230410844e+00
50 62 -1.000273861022096e+00 -1.893074834646384e-03 -8.950207887099325e-04 -1.007724299657132e+00
50 63 -1.000274350641086e+00 -1.894462110778054e-03 -8.937832596264574e-04 -1.007720007498167e+00
51 0 -1.000274292384303e+00 -1.894945836710747e-03 -8.967409727819335e-04 -1.007717463764677e+00
51 1 -1.000274845084556e+00 -1.896440969225688e-03 -8.954929330878445e-04 -1.007712664270516e+00
51 2 -1.000275427164931e+00 -1.897977007714396e-03 -8.942674073277503e-04 -1.007707646120294e+00
51 3 -1.000276033474763e+00 -1.899538042273338e-03 -8.930818399180959e-04 -1.007702459668872e+00
51 4 -1.000276658786840e+00 -1.901108120709806e-03 -8.919519811183661e-04 -1.007697156474196e+00
51 5 -1.000277297866180e+00 -1.902671505575923e-03 -8.908914351744803e-04 -1.007691788516301e+00
51 6 -1.000277945563891e+00 -1.904212985693053e-03 -8.899112027854155e-04 -1.007686407224263e+00
51 7 -1.000278596898656e+00 -1.905718158748606e-03 -8.890193768761052e-04 -1.007681062562569e+00
51 8 -1.000279247089822e+00 -1.907173608332232e-03 -8.882211095312953e-04 -1.007675802418296e+00
51 9 -1.000279891525518e+00 -1.908566942595504e-03 -8.875188709745293e-04 -1.007670672402883e+00
51 10 -1.000280525677786e+00 -1.909886721273005e-03 -8.869129158972751e-04 -1.007665715998072e+00
51 11 -1.000281145000719e+00 -1.911122343392594e-03 -8.864018062965500e-04 -1.007660974827283e+00
51 12 -1.000281744855398e+00 -1.912263977615645e-03 -8.859828399409926e-04 -1.007656488795387e+00
51 13 -1.000282320493568e+00 -1.913302587999729e-03 -8.856522956724846e-04 -1.007652295925823e+00
51 14 -1.000282867106311e+00 -1.914230055975601e-03 -8.854055015277091e-04 -1.007648431886539e+00
51 15 -1.000283379916377e+00 -1.915039349393949e-03 -8.852368179412903e-04 -1.007644929355494e+00
51 16 -1.000283854275880e+00 -1.915724664311803e-03 -8.851396694314708e-04 -1.007641817458510e+00
51 17 -1.000284285733118e+00 -1.916281476012138e-03 -8.851067372814954e-04 -1.007639121479076e+00
51 18 -1.000284670052348e+00 -1.916706476619764e-03 -8.851303538368607e-04 -1.007636862909413e+00
51 19 -1.000285003198057e+00 -1.916997426277778e-03 -8.852030496072970e-04 -1.007635059753548e+00
51 20 -1.000285281315904e+00 -1.917152978363527e-03 -8.853181361032137e-04 -1.007633726888968e+00
51 21 -1.000285500746293e+00 -1.917172542823767e-03 -8.854701869536231e-04 -1.007632876289158e+00
51 22 -1.000285658092818e+00 -1.917056228244894e-03 -8.856553139530408e-04 -1.007632516992603e+00
51 23 -1.000285750344498e+00 -1.916804866915346e-03 -8.858712093456920e-04 -1.007632654823193e+00
51 24 -1.000285775028622e+00 -1.916420094795306e-03 -8.861170097817269e-04 -1.007633291965631e+00
51 25 -1.000285730359873e+00 -1.915904443451269e-03 -8.863930927315420e-04 -1.007634426537248e+00
51 26 -1.000285615355996e+00 -1.915261408532173e-03 -8.867009158882145e-04 -1.007636052264976e+00
51 27 -1.000285429906670e+00 -1.914495481908634e-03 -8.870429553318384e-04 -1.007638158301690e+00
51 28 -1.000285174800277e+00 -1.913612156128483e-03 -8.874227177751656e-04 -1.007640729153614e+00
51 29 -1.000284851722564e+00 -1.912617917218813e-03 -8.878447354466816e-04 -1.007643744680333e+00
51 30 -1.000284463239270e+00 -1.911520234374564e-03 -8.883144298325196e-04 -1.007647180165333e+00
51 31 -1.000284012766851e+00 -1.910327542540067e-03 -8.888377638144654e-04 -1.007651006494454e+00
51 32 -1.000283504528962e+00 -1.909049207068059e-03 -8.894206783252890e-04 -1.007655190481657e+00
51 33 -1.000282943495615e+00 -1.907695463392546e-03 -8.900683952873781e-04 -1.007659695337630e+00
51 34 -1.000282335306631e+00 -1.906277337106867e-03 -8.907847210703314e-04 -1.007664481210470e+00
51 35 -1.000281686187608e+00 -1.904806563634663e-03 -8.915714781343499e-04 -1.007669505677779e+00
51 36 -1.000281002870006e+00 -1.903295531583038e-03 -8.924281343521608e-04 -1.007674724072939e+00
51 37 -1.000280292523269e+00 -1.901757263257673e-03 -8.933516236424121e-04 -1.007680089598126e+00
51 38 -1.000279562697344e+00 -1.900205423513939e-03 -8.943362950071879e-04 -1.007685553285494e+00
51 39 -1.000278821264336e+00 -1.898654327112291e-03 -8.953739113758729e-04 -1.007691063957081e+00
51 40 -1.000278076345017e+00 -1.897118907411262e-03 -8.964536464767456e-04 -1.007696568352235e+00
51 41 -1.000277336211099e+00 -1.895614618914851e-03 -8.975620817644504e-04 -1.007702011529419e+00
51 42 -1.000276609164391e+00 -1.894157267270337e-03 -8.986832586779219e-04 -1.007707337540775e+00
51 43 -1.000275903403376e+00 -1.892762782831541e-03 -8.997988664418325e-04 -1.007712490276057e+00
51 44 -1.000275226891689e+00 -1.891446967265678e-03 -9.008886304177778e-04 -1.007717414326144e+00
51 45 -1.000274587239347e+00 -1.890225239784641e-03 -9.019309208098370e-04 -1.007722055749245e+00
51 46 -1.000273991598448e+00 -1.889112392662039e-03 -9.029035475436852e-04 -1.007726362717193e+00
51 47 -1.000273446566662e+00 -1.888122347423539e-03 -9.037846618212858e-04 -1.007730286116437e+00
51 48 -1.000272958090225e+00 -1.887267897438747e-03 -9.045536587203236e-04 -1.007733780215799e+00
51 49 -1.000272531364443e+00 -1.886560432907560e-03 -9.051919765795824e-04 -1.007736803470081e+00
51 50 -1.000272170738700e+00 -1.886009661221600e-03 -9.056837222363316e-04 -1.007739319438743e+00
51 51 -1.000271879638199e+00 -1.885623347054613e-03 -9.060161082442986e-04 -1.007741297718234e+00
51 52 -1.000271660512974e+00 -1.885407096108481e-03 -9.061797460378694e-04 -1.007742714755743e+00
51 53 -1.000271514817764e+00 -1.885364195902884e-03 -9.061688708668219e-04 -1.007743554439870e+00
51 54 -1.000271443018546e+00 -1.885495513419499e-03 -9.059815638838204e-04 -1.007743808429823e+00
51 55 -1.000271444617659e+00 -1.885799442419060e-03 -9.056199853614821e-04 -1.007743476248266e+00
51 56 -1.000271518192540e+00 -1.886271899717855e-03 -9.050905604708597e-04 -1.007742565183449e+00
51 57 -1.000271661451446e+00 -1.886906386354307e-03 -9.044040002233664e-04 -1.007741090014737e+00
51 58 -1.000271871316579e+00 -1.887694141743873e-03 -9.035750325342977e-04 -1.007739072528965e+00
51 59 -1.000272144043675e+00 -1.888624411009286e-03 -9.026217798431899e-04 -1.007736540787283e+00
51 60 -1.000272475375345e+00 -1.889684814997342e-03 -9.015648311150984e-04 -1.007733528158071e+00
51 61 -1.000272860709150e+00 -1.890861773140717e-03 -9.004261658837602e-04 -1.007730072224868e+00
51 62 -1.000273295249811e+00 -1.892140903192406e-03 -8.992281403779269e-04 -1.007726213752362e+00
51 63 -1.000273774115697e+00 -1.893507325622706e-03 -8.979927120266427e-04 -1.007721995897073e+00
52 0 -1.000273763447370e+00 -1.893951065599771e-03 -9.011936146850368e-04 -1.007719459037052e+00
52 1 -1.000274305147185e+00 -1.895424416886657e-03 -8.999464189032496e-04 -1.007714736041665e+00
52 2 -1.000274876096209e+00 -1.896937840307820e-03 -8.987217737815308e-04 -1.007709795904737e+00
52 3 -1.000275471256763e+00 -1.898475620154562e-03 -8.975371698167550e-04 -1.007704688259838e+00
52 4 -1.000276085518703e+00 -1.900022000684468e-03 -8.964084413666495e-04 -1.007699463938011e+00
52 5 -1.000276713758160e+00 -1.901561429367995e-03 -8.953493260429738e-04 -1.007694174235036e+00
52 6 -1.000277350924536e+00 -1.903078864764408e-03 -8.943709903280890e-04 -1.007688869959233e+00
52 7 -1.000277992121645e+00 -1.904560068285937e-03 -8.934816855555586e-04 -1.007683600498829e+00
52 8 -1.000278632647452e+00 -1.905991800093451e-03 -8.926866678529480e-04 -1.007678413155974e+00
52 9 -1.000279267972666e+00 -1.907361877935450e-03 -8.919884224247033e-04 -1.007673352885314e+00
52 10 -1.000279893664815e+00 -1.908659115682380e-03 -8.913871217430797e-04 -1.007668462398960e+00
52 11 -1.000280505288992e+00 -1.909873207595753e-03 -8.908811691003725e-04 -1.007663782442224e+00
52 12 -1.000281098327335e+00 -1.910994640968857e-03 -8.904676664896973e-04 -1.007659351984342e+00
52 13 -1.000281668151073e+00 -1.912014696688782e-03 -8.901427010077899e-04 -1.007655208133610e+00
52 14 -1.000282210055899e+00 -1.912925547651000e-03 -8.899014395724490e-04 -1.007651385739369e+00
52 15 -1.000282719344357e+00 -1.913720413565826e-03 -8.897381151230643e-04 -1.007647916805828e+00
52 16 -1.000283191420621e+00 -1.914393701089591e-03 -8.896460393029032e-04 -1.007644829937817e+00
52 17 -1.000283621861746e+00 -1.914941062985554e-03 -8.896177661984841e-04 -1.007642150024593e+00
52 18 -1.000284006445970e+00 -1.915359345968733e-03 -8.896454649261296e-04 -1.007639898254280e+00
52 19 -1.000284341144442e+00 -1.915646445964798e-03 -8.897214657357587e-04 -1.007638092396770e+00
52 20 -1.000284622104582e+00 -1.915801127439051e-03 -8.898388654765113e-04 -1.007636747175921e+00
52 21 -1.000284845660067e+00 -1.915822873134891e-03 -8.899920465809070e-04 -1.007635874527970e+00
52 22 -1.000285008391737e+00 -1.915711810938512e-03 -8.901769910928840e-04 -1.007635483613557e+00
52 23 -1.000285107241801e+00 -1.915468728546244e-03 -8.903913456273424e-04 -1.007635580569034e+00
52 24 -1.000285139661645e+00 -1.915095151945220e-03 -8.906342832557043e-04 -1.007636168088381e+00
52 25 -1.000285103761115e+00 -1.914593444924970e-03 -8.909062744916341e-04 -1.007637244975604e+00
52 26 -1.000284998429358e+00 -1.913966890110639e-03 -8.912088906102472e-04 -1.007638805786338e+00
52 27 -1.000284823411553e+00 -1.913219732465085e-03 -8.915447130180766e-04 -1.007640840609168e+00
52 28 -1.000284579343211e+00 -1.912357189767588e-03 -8.919173374814265e-04 -1.007643334969773e+00
52 29 -1.000284267754397e+00 -1.911385446820830e-03 -8.923313840435465e-04 -1.007646269817311e+00
52 30 -1.000283891056120e+00 -1.910311646485483e-03 -8.927923897467318e-04 -1.007649621578201e+00
52 31 -1.000283452514005e+00 -1.909143878256051e-03 -8.933064879891742e-04 -1.007653362303419e+00
52 32 -1.000282956207545e+00 -1.907891155317160e-03 -8.938798550747728e-04 -1.007657459948227e+00
52 33 -1.000282406971857e+00 -1.906563370923782e-03 -8.945179974190002e-04 -1.007661878790660e+00
52 34 -1.000281810323163e+00 -1.905171234475492e-03 -8.952250176317573e-04 -1.007666579933863e+00
52 35 -1.000281172375785e+00 -1.903726200811697e-03 -8.960030023227910e-04 -1.007671521784760e+00
52 36 -1.000280499762137e+00 -1.902240413696064e-03 -8.968516193637968e-04 -1.007676660394672e+00
52 37 -1.000279799564167e+00 -1.900726678605862e-03 -8.977679297014137e-04 -1.007681949603589e+00
52 38 -1.000279079255622e+00 -1.899198461538652e-03 -8.987463507249004e-04 -1.007687341029758e+00
52 39 -1.000278346644474e+00 -1.897669889951907e-03 -8.997786828071859e-04 -1.007692784038501e+00
52 40 -1.000277609800684e+00 -1.896155721748357e-03 -9.008541330231486e-04 -1.007698225855563e+00
52 41 -1.000276876958875e+00 -1.894671253999452e-03 -9.019593253429493e-04 -1.007703611942205e+00
52 42 -1.000276156395885e+00 -1.893232161118041e-03 -9.030783468705595e-04 -1.007708886647912e+00
52 43 -1.000275456293473e+00 -1.891854273456930e-03 -9.041929146156530e-04 -1.007713994053198e+00
52 44 -1.000274784601564e+00 -1.890553321978380e-03 -9.052827396141226e-04 -1.007718878859150e+00
52 45 -1.000274148914621e+00 -1.889344675484711e-03 -9.063261206964882e-04 -1.007723487199252e+00
52 46 -1.000273556364836e+00 -1.888243083993315e-03 -9.073007408081909e-04 -1.007727767331544e+00
52 47 -1.000273013526529e+00 -1.887262424952043e-03 -9.081845863422399e-04 -1.007731670265646e+00
52 48 -1.000272526322729e+00 -1.886415441448106e-03 -9.089568780505578e-04 -1.007735150427831e+00
52 49 -1.000272099929786e+00 -1.885713468796792e-03 -9.095988996083566e-04 -1.007738166439128e+00
52 50 -1.000271738684909e+00 -1.885166160887580e-03 -9.100946420272639e-04 -1.007740681999740e+00
52 51 -1.000271446008159e+00 -1.884781238361109e-03 -9.104312423433301e-04 -1.007742666791762e+00
52 52 -1.000271224350336e+00 -1.884564280302581e-03 -9.105992601019950e-04 -1.007744097275350e+00
52 53 -1.000271075172109e+00 -1.884518571231294e-03 -9.105928748422421e-04 -1.007744957273942e+00
52 54 -1.000270998951737e+00 -1.884645002598650e-03 -9.104100819475053e-04 -1.007745238304482e+00
52 55 -1.000270995213624e+00 -1.884942021453388e-03 -9.100529129387028e-04 -1.007744939671445e+00
52 56 -1.000271062571331e+00 -1.885405624841475e-03 -9.095276296331909e-04 -1.007744068369217e+00
52 57 -1.000271198785877e+00 -1.886029414800152e-03 -9.088447748615534e-04 -1.007742638812423e+00
52 58 -1.000271400847578e+00 -1.886804742238958e-03 -9.080189450617745e-04 -1.007740672367832e+00
52 59 -1.000271665090151e+00 -1.887720962499898e-03 -9.070682046880144e-04 -1.007738196647382e+00
52 60 -1.000271987336417e+00 -1.888765796372237e-03 -9.060131743651946e-04 -1.007735244569442e+00
52 61 -1.000272363059959e+00 -1.889925750705187e-03 -9.048759429723638e-04 -1.007731853284422e+00
52 62 -1.000272787535289e+00 -1.891186524532697e-03 -9.036790182645628e-04 -1.007728063136918e+00
52 63 -1.000273255947907e+00 -1.892533326971132e-03 -9.024445071136364e-04 -1.007723916848920e+00
53 0 -1.000273299195896e+00 -1.892947540654807e-03 -9.058466941533952e-04 -1.007721363815028e+00
53 1 -1.000273830002812e+00 -1.894399838132689e-03 -9.045997418639820e-04 -1.007716716269877e+00
53 2 -1.000274389772762e+00 -1.895890999316594e-03 -9.033756946835105e-04 -1.007711854347845e+00
53 3 -1.000274973583649e+00 -1.897405503513845e-03 -9.021920902932705e-04 -1.007706826935360e+00
53 4 -1.000275576448672e+00 -1.898927799617185e-03 -9.010648406192626e-04 -1.007701684086449e+00
53 5 -1.000276193364753e+00 -1.900442533753060e-03 -9.000078088279432e-04 -1.007696476343130e+00
53 6 -1.000276819391080e+00 -1.901934850234069e-03 -8.990323248384243e-04 -1.007691253814569e+00
53 7 -1.000277449727818e+00 -1.903390689294718e-03 -8.981468055197512e-04 -1.007686065236742e+00
53 8 -1.000278079760736e+00 -1.904797000088964e-03 -8.973566269563471e-04 -1.007680957260624e+00
53 9 -1.000278705049544e+00 -1.906141819962457e-03 -8.966643084899562e-04 -1.007675974128800e+00
53 10 -1.000279321261436e+00 -1.907414226648092e-03 -8.960699543400067e-04 -1.007671157734549e+00
53 11 -1.000279924076117e+00 -1.908604222361842e-03 -8.955718101152210e-04 -1.007666547892533e+00
53 12 -1.000280509101885e+00 -1.909702631672624e-03 -8.951667663670099e-04 -1.007662182570743e+00
53 13 -1.000281071837518e+00 -1.910701077916337e-03 -8.948506875880088e-04 -1.007658097878984e+00
53 14 -1.000281607694406e+00 -1.911592056680425e-03 -8.946185390435358e-04 -1.007654327749961e+00
53 15 -1.000282112067816e+00 -1.912369073423652e-03 -8.944643829472342e-04 -1.007650903409902e+00
53 16 -1.000282580427005e+00 -1.913026778954026e-03 -8.943813777480895e-04 -1.007647852841193e+00
53 17 -1.000283008389494e+00 -1.913561034981627e-03 -8.943619147598922e-04 -1.007645200445547e+00
53 18 -1.000283391757369e+00 -1.913968872365013e-03 -8.943979661053720e-04 -1.007642967021806e+00
53 19 -1.000283726517103e+00 -1.914248352422477e-03 -8.944816236053420e-04 -1.007641170023407e+00
53 20 -1.000284008826841e+00 -1.914398383049469e-03 -8.946057209456926e-04 -1.007639823933101e+00
53 21 -1.000284235024481e+00 -1.914418556568064e-03 -8.947643884200970e-04 -1.007638940551187e+00
53 22 -1.000284401681921e+00 -1.914309060994865e-03 -8.949534080274647e-04 -1.007638529050265e+00
53 23 -1.000284505710974e+00 -1.914070682060922e-03 -8.951703082147503e-04 -1.007638595762821e+00
53 24 -1.000284544504961e+00 -1.913704877305418e-03 -8.954142320610601e-04 -1.007639143777140e+00
53 25 -1.000284516086635e+00 -1.913213880809570e-03 -8.956856892476535e-04 -1.007640172476443e+00
53 26 -1.000284419232897e+00 -1.912600795678117e-03 -8.959863251587227e-04 -1.007641677148330e+00
53 27 -1.000284253558633e+00 -1.911869649307176e-03 -8.963187981097462e-04 -1.007643648730945e+00
53 28 -1.000284019558584e+00 -1.911025411435835e-03 -8.966867689925157e-04 -1.007646073691032e+00
53 29 -1.000283718617681e+00 -1.910073991249329e-03 -8.970949201430556e-04 -1.007648933993712e+00
53 30 -1.000283353001737e+00 -1.909022229823430e-03 -8.975488746872159e-04 -1.007652207139896e+00
53 31 -1.000282925834177e+00 -1.907877893043295e-03 -8.980549056350703e-04 -1.007655866286801e+00
53 32 -1.000282441057763e+00 -1.906649658784139e-03 -8.986193985774522e-04 -1.007659880486881e+00
53 33 -1.000281903378499e+00 -1.905347088482949e-03 -8.992481304241342e-04 -1.007664215058488e+00
53 34 -1.000281318192737e+00 -1.903980579025405e-03 -8.999455031319145e-04 -1.007668832048507e+00
53 35 -1.000280691504866e+00 -1.902561302647816e-03 -9.007138880419032e-04 -1.007673690694227e+00
53 36 -1.000280029847048e+00 -1.901101152326535e-03 -9.015531865946372e-04 -1.007678747774406e+00
53 37 -1.000279340210148e+00 -1.899612708792137e-03 -9.024606261815760e-04 -1.007683957781421e+00
53 38 -1.000278629986140e+00 -1.898109230398069e-03 -9.034307313463238e-04 -1.007689272938417e+00
53 39 -1.000277906911649e+00 -1.896604647114009e-03 -9.044553747628522e-04 -1.007694643180355e+00
53 40 -1.000277178997183e+00 -1.895113528011156e-03 -9.055238285954838e-04 -1.007700016258985e+00
53 41 -1.000276454430492e+00 -1.893650994515409e-03 -9.066227917306611e-04 -1.007705338094895e+00
53 42 -1.000275741452928e+00 -1.892232566448672e-03 -9.077364343157305e-04 -1.007710553406988e+00
53 43 -1.000275048218665e+00 -1.890873946784668e-03 -9.088465457421443e-04 -1.007715606548993e+00
53 44 -1.000274382652740e+00 -1.889590766221851e-03 -9.099328732866076e-04 -1.007720442419596e+00
53 45 -1.000273752322260e+00 -1.888398313216723e-03 -9.109736966532656e-04 -1.007725007316367e+00
53 46 -1.000273164326722e+00 -1.887311266454137e-03 -9.119466200953393e-04 -1.007729249672909e+00
53 47 -1.000272625203134e+00 -1.886343431416359e-03 -9.128295044561305e-04 -1.007733120713558e+00
53 48 -1.000272140836307e+00 -1.885507473601181e-03 -9.136014236177663e-04 -1.007736575119172e+00
53 49 -1.000271716367985e+00 -1.884814645571776e-03 -9.142435230714753e-04 -1.007739571782760e+00
53 50 -1.000271356107495e+00 -1.884274518188139e-03 -9.147396880596135e-04 -1.007742074660350e+00
53 51 -1.000271063454418e+00 -1.883894736180549e-03 -9.150769902915817e-04 -1.007744053642376e+00
53 52 -1.000270840845335e+00 -1.883680817604585e-03 -9.152459534422109e-04 -1.007745485329734e+00
53 53 -1.000270689731778e+00 -1.883636007324870e-03 -9.152407257187847e-04 -1.007746353611468e+00
53 54 -1.000270610588519e+00 -1.883761183053802e-03 -9.150592481516812e-04 -1.007746649994576e+00
53 55 -1.000270602945219e+00 -1.884054806317365e-03 -9.147034574029162e-04 -1.007746373697970e+00
53 56 -1.000270665433979e+00 -1.884512916148100e-03 -9.141794820302723e-04 -1.007745531553379e+00
53 57 -1.000270795851195e+00 -1.885129179284122e-03 -9.134977174486381e-04 -1.007744137737267e+00
53 58 -1.000270991239540e+00 -1.885895025087131e-03 -9.126726380716112e-04 -1.007742213313463e+00
53 59 -1.000271247997928e+00 -1.886799889991415e-03 -9.117222514311044e-04 -1.007739785547602e+00
53 60 -1.000271562020164e+00 -1.887831569189519e-03 -9.106672088903016e-04 -1.007736886994411e+00
53 61 -1.000271928849825e+00 -1.888976634104275e-03 -9.095297123089813e-04 -1.007733554441530e+00
53 62 -1.000272343827410e+00 -1.890220844269433e-03 -9.083324328216382e-04 -1.007729827869444e+00
53 63 -1.000272802202934e+00 -1.891549478785284e-03 -9.070976463090864e-04 -1.007725749608283e+00
54 0 -1.000272905204668e+00 -1.891944944760015e-03 -9.106580871691658e-04 -1.007723156727728e+00
54 1 -1.000273425349083e+00 -1.893377155136677e-03 -9.094107705342338e-04 -1.007718582723897e+00
54 2 -1.000273974014981e+00 -1.894846651138655e-03 -9.081870479665515e-04 -1.007713798352945e+00
54 3 -1.000274546396833e+00 -1.896338105431622e-03 -9.070045038133439e-04 -1.007708851738669e+00
54 4 -1.000275137635679e+00 -1.897836177315731e-03 -9.058791176978033e-04 -1.007703792118420e+00
54 5 -1.000275742857132e+00 -1.899325723041940e-03 -9.048248652542683e-04 -1.007698669221186e+00
54 6 -1.000276357240399e+00 -1.900792087196617e-03 -9.038532306246834e-04 -1.007693532386169e+00
54 7 -1.000276976092705e+00 -1.902221403451956e-03 -9.029727960330145e-04 -1.007688429624708e+00
54 8 -1.000277594896791e+00 -1.903600822138420e-03 -9.021890674955371e-04 -1.007683406872211e+00
54 9 -1.000278209307678e+00 -1.904918609187959e-03 -9.015046146853981e-04 -1.007678507607376e+00
54 10 -1.000278815095969e+00 -1.906164113881632e-03 -9.009194880783007e-04 -1.007673772861309e+00
54 11 -1.000279408058861e+00 -1.907327656403152e-03 -9.004317800280056e-04 -1.007669241472515e+00
54 12 -1.000279983934962e+00 -1.908400414124393e-03 -9.000381589871454e-04 -1.007664950349701e+00
54 13 -1.000280538357465e+00 -1.909374375075671e-03 -8.997342411975728e-04 -1.007660934528978e+00
54 14 -1.000281066863411e+00 -1.910242385662821e-03 -8.995147539392655e-04 -1.007657226935768e+00
54 15 -1.000281564953143e+00 -1.910998268844740e-03 -8.993735481016460e-04 -1.007653857918317e+00
54 16 -1.000282028174264e+00 -1.911636952005694e-03 -8.993035901846979e-04 -1.007650854735668e+00
54 17 -1.000282452197180e+00 -1.912154536426132e-03 -8.992970749041368e-04 -1.007648241207928e+00
54 18 -1.000282832858377e+00 -1.912548265392071e-03 -8.993457466427739e-04 -1.007646037659961e+00
54 19 -1.000283166168692e+00 -1.912816393375751e-03 -8.994414251509426e-04 -1.007644261148695e+00
54 20 -1.000283448306024e+00 -1.912958001784682e-03 -8.995766379179717e-04 -1.007642925831739e+00
54 21 -1.000283675623139e+00 -1.912972826866154e-03 -8.997452074687826e-04 -1.007642043278837e+00
54 22 -1.000283844696242e+00 -1.912861155483364e-03 -8.999426492289518e-04 -1.007641622568141e+00
54 23 -1.000283952422624e+00 -1.912623812964954e-03 -9.001663019899562e-04 -1.007641670113504e+00
54 24 -1.000283996155285e+00 -1.912262230278902e-03 -9.004152106143839e-04 -1.007642189280453e+00
54 25 -1.000283973848114e+00 -1.911778551287812e-03 -9.006898665314411e-04 -1.007643179918748e+00
54 26 -1.000283884182988e+00 -1.911175735000100e-03 -9.009919460911195e-04 -1.007644637944407e+00
54 27 -1.000283726659795e+00 -1.910457622798453e-03 -9.013241533338882e-04 -1.007646555051218e+00
54 28 -1.000283501645780e+00 -1.909628965672138e-03 -9.016901886370203e-04 -1.007648918559549e+00
54 29 -1.000283210392545e+00 -1.908695425743759e-03 -9.020947699877717e-04 -1.007651711366320e+00
54 30 -1.000282855031610e+00 -1.907663570395024e-03 -9.025435756020596e-04 -1.007654911965954e+00
54 31 -1.000282438554419e+00 -1.906540868400159e-03 -9.030429838153830e-04 -1.007658494547494e+00
54 32 -1.000281964776333e+00 -1.905335685179500e-03 -9.035995570102685e-04 -1.007662429197859e+00
54 33 -1.000281438282140e+00 -1.904057267326214e-03 -9.042193193339465e-04 -1.007666682229344e+00
54 34 -1.000280864354117e+00 -1.902715708960077e-03 -9.049069646798563e-04 -1.007671216604511e+00
54 35 -1.000280248889948e+00 -1.901321902715844e-03 -9.056651597770070e-04 -1.007675992378945e+00
54 36 -1.000279598322092e+00 -1.899887489070151e-03 -9.064940650124687e-04 -1.007680967057529e+00
54 37 -1.000278919548309e+00 -1.898424819624888e-03 -9.073911077062566e-04 -1.007686095790532e+00
54 38 -1.000278219874308e+00 -1.896946938760330e-03 -9.083509549035274e-04 -1.007691331418733e+00
54 39 -1.000277506958594e+00 -1.895467570124057e-03 -9.093655852174846e-04 -1.007696624470346e+00
54 40 -1.000276788743625e+00 -1.894001081606472e-03 -9.104243674911892e-04 -1.007701923261167e+00
54 41 -1.000276073360491e+00 -1.892562402165111e-03 -9.115141076722882e-04 -1.007707174225109e+00
54 42 -1.000275369004609e+00 -1.891166875077286e-03 -9.126190959362233e-04 -1.007712322520039e+00
54 43 -1.000274683791685e+00 -1.889830049098274e-03 -9.137212392028419e-04 -1.007717312855350e+00
54 44 -1.000274025610576e+00 -1.888567424567938e-03 -9.148003740432647e-04 -1.007722090417463e+00
54 45 -1.000273401989260e+00 -1.887394178625459e-03 -9.158348178308631e-04 -1.007726601760168e+00
54 46 -1.000272819982013e+00 -1.886324888471618e-03 -9.168021506849951e-04 -1.007730795584233e+00
54 47 -1.000272286074898e+00 -1.885373258572891e-03 -9.176801548677400e-04 -1.007734623421874e+00
54 48 -1.000271806099638e+00 -1.884551848268021e-03 -9.184477934403586e-04 -1.007738040307294e+00
54 49 -1.000271385147666e+00 -1.883871798501493e-03 -9.190860983839996e-04 -1.007741005512387e+00
54 50 -1.000271027484576e+00 -1.883342567153028e-03 -9.195788655293707e-04 -1.007743483364222e+00
54 51 -1.000270736474010e+00 -1.882971691195130e-03 -9.199131152341852e-04 -1.007745444083904e+00
54 52 -1.000270514523351e+00 -1.882764593432911e-03 -9.200793531771822e-04 -1.007746864540612e+00
54 53 -1.000270363060098e+00 -1.882724442667311e-03 -9.200717216760203e-04 -1.007747728819487e+00
54 54 -1.000270282540135e+00 -1.882852064934076e-03 -9.198881400432231e-04 -1.007748028549237e+00
54 55 -1.000270272481957e+00 -1.883145897608431e-03 -9.195304859559415e-04 -1.007747762995051e+00
54 56 -1.000270331518812e+00 -1.883601983487923e-03 -9.190047878612479e-04 -1.007746938956654e+00
54 57 -1.000270457464930e+00 -1.884214017593569e-03 -9.183213184905536e-04 -1.007745570498769e+00
54 58 -1.000270647398977e+00 -1.884973474313039e-03 -9.174944437675330e-04 -1.007743678500361e+00
54 59 -1.000270897771147e+00 -1.885869841148825e-03 -9.165421183860080e-04 -1.007741289987022e+00
54 60 -1.000271204535509e+00 -1.886890960829836e-03 -9.154850245510485e-04 -1.007738437242009e+00
54 61 -1.000271563298158e+00 -1.888023445252577e-03 -9.143454796332213e-04 -1.007735156766989e+00
54 62 -1.000271969460676e+00 -1.889253092702988e-03 -9.131463275723191e-04 -1.007731488240064e+00
54 63 -1.000272418334078e+00 -1.890565232388487e-03 -9.119100303833658e-04 -1.007727473648443e+00
55 0 -1.000272586336468e+00 -1.890952941165280e-03 -9.155848572482705e-04 -1.007724816980574e+00
55 1 -1.000273096177571e+00 -1.892366280143493e-03 -9.143365235288111e-04 -1.007720313708677e+00
55 2 -1.000273633946211e+00 -1.893814968486997e-03 -9.131128215452498e-04 -1.007715605295748e+00
55 3 -1.000274194952477e+00 -1.895283867311842e-03 -9.119313816456218e-04 -1.007710739100371e+00
55 4 -1.000274774467499e+00 -1.896757848808111e-03 -9.108082392222061e-04 -1.007705763517260e+00
55 5 -1.000275367751344e+00 -1.898221988110924e-03 -9.097574646358485e-04 -1.007700727415447e+00
55 6 -1.000275970111820e+00 -1.899661842762525e-03 -9.087906803715643e-04 -1.007695679302782e+00
55 7 -1.000276576972881e+00 -1.901063753256296e-03 -9.079166264827979e-04 -1.007690666400457e+00
55 8 -1.000277183922798e+00 -1.902415082255410e-03 -9.071409422541423e-04 -1.007685733869378e+00
55 9 -1.000277786717913e+00 -1.903704332154612e-03 -9.064662593296849e-04 -1.007680924377283e+00
55 10 -1.000278381235706e+00 -1.904921129850041e-03 -9.058925877398531e-04 -1.007676278054850e+00
55 11 -1.000278963393132e+00 -1.906056120838015e-03 -9.054178734623503e-04 -1.007671832726115e+00
55 12 -1.000279529062082e+00 -1.907100847037541e-03 -9.050385570834111e-04 -1.007667624192585e+00
55 13 -1.000280074015538e+00 -1.908047679257530e-03 -9.047499863092864e-04 -1.007663686352639e+00
55 14 -1.000280593924872e+00 -1.908889839235268e-03 -9.045466186661930e-04 -1.007660051042850e+00
55 15 -1.000281084407165e+00 -1.909621496450725e-03 -9.044220567276997e-04 -1.007656747639172e+00
55 16 -1.000281541101511e+00 -1.910237885220627e-03 -9.043690392299309e-04 -1.007653802579636e+00
55 17 -1.000281959743929e+00 -1.910735375347862e-03 -9.043795331546425e-04 -1.007651239010626e+00
55 18 -1.000282336216428e+00 -1.911111449306988e-03 -9.044450276908899e-04 -1.007649076699643e+00
55 19 -1.000282666563823e+00 -1.911364580653368e-03 -9.045570417934251e-04 -1.007647332228749e+00
55 20 -1.000282946993005e+00 -1.911494051877379e-03 -9.047077602918254e-04 -1.007646019349769e+00
55 21 -1.000283173881959e+00 -1.911499774644015e-03 -9.048906490353900e-04 -1.007645149312123e+00
55 22 -1.000283343823889e+00 -1.911382171122577e-03 -9.051008952340020e-04 -1.007644730996966e+00
55 23 -1.000283453717073e+00 -1.911142146817269e-03 -9.053355785165457e-04 -1.007644770785405e+00
55 24 -1.000283500891922e+00 -1.910781148220879e-03 -9.055935764887056e-04 -1.007645272200581e+00
55 25 -1.000283483252041e+00 -1.910301269520119e-03 -9.058753020216738e-04 -1.007646235441567e+00
55 26 -1.000283399402182e+00 -1.909705362745798e-03 -9.061824154500439e-04 -1.007647656943244e+00
55 27 -1.000283248743469e+00 -1.908997116986717e-03 -9.065176320283249e-04 -1.007649529053661e+00
55 28 -1.000283031530043e+00 -1.908181096073267e-03 -9.068846642325408e-04 -1.007651839850970e+00
55 29 -1.000282748893070e+00 -1.907262745943650e-03 -9.072882385875388e-04 -1.007654573070814e+00
55 30 -1.000282402841749e+00 -1.906248391198877e-03 -9.077340566537633e-04 -1.007657708109801e+00
55 31 -1.000281996246986e+00 -1.905145233938108e-03 -9.082285652144720e-04 -1.007661220101160e+00
55 32 -1.000281532807561e+00 -1.903961355056013e-03 -9.087784658498126e-04 -1.007665080087554e+00
55 33 -1.000281016996649e+00 -1.902705708931246e-03 -9.093899991636158e-04 -1.007669255312046e+00
55 34 -1.000280453990092e+00 -1.901388102367850e-03 -9.100681341729890e-04 -1.007673709608867e+00
55 35 -1.000279849584047e+00 -1.900019156835193e-03 -9.108158335565421e-04 -1.007678403825282e+00
55 36 -1.000279210113760e+00 -1.898610263361736e-03 -9.116335329610868e-04 -1.007683296178496e+00
55 37 -1.000278542383517e+00 -1.897173543678023e-03 -9.125188864064619e-04 -1.007688342472854e+00
55 38 -1.000277853609461e+00 -1.895721824400968e-03 -9.134667344910947e-04 -1.007693496173457e+00
55 39 -1.000277151365990e+00 -1.894268616084673e-03 -9.144691926074789e-04 -1.007698708420841e+00
55 40 -1.000276443519469e+00 -1.892828075253014e-03 -9.155157556164381e-04 -1.007703928128024e+00
55 41 -1.000275738134939e+00 -1.891414923814746e-03 -9.165933665037281e-04 -1.007709102291272e+00
55 42 -1.000275043351660e+00 -1.890044308493109e-03 -9.176864703453817e-04 -1.007714176573268e+00
55 43 -1.000274367236122e+00 -1.888731598403723e-03 -9.187771350983200e-04 -1.007719096119566e+00
55 44 -1.000273717629941e+00 -1.887492134276331e-03 -9.198453394087827e-04 -1.007723806493674e+00
55 45 -1.000273102010554e+00 -1.886340951152516e-03 -9.208694971253222e-04 -1.007728254597711e+00
55 46 -1.000272527374920e+00 -1.885292494145576e-03 -9.218272233601612e-04 -1.007732389491991e+00
55 47 -1.000272000144903e+00 -1.884360336871865e-03 -9.226962753905572e-04 -1.007736163110743e+00
55 48 -1.000271526084584e+00 -1.883556903238397e-03 -9.234555493221471e-04 -1.007739530940403e+00
55 49 -1.000271110219548e+00 -1.882893193222615e-03 -9.240859962857243e-04 -1.007742452737868e+00
55 50 -1.000270756755771e+00 -1.882378521425211e-03 -9.245713460313903e-04 -1.007744893315773e+00
55 51 -1.000270469005323e+00 -1.882020285013081e-03 -9.248985865222750e-04 -1.007746823348184e+00
55 52 -1.000270249331308e+00 -1.881823777388418e-03 -9.250582262039919e-04 -1.007748220100120e+00
55 53 -1.000270099122479e+00 -1.881792055177545e-03 -9.250444285784894e-04 -1.007749067982711e+00
55 54 -1.000270018800860e+00 -1.881925855156831e-03 -9.248551252797361e-04 -1.007749358876807e+00
55 55 -1.000270007857937e+00 -1.882223552312074e-03 -9.244921726915559e-04 -1.007749092224015e+00
55 56 -1.000270064911270e+00 -1.882681155483112e-03 -9.239615349094624e-04 -1.007748274920465e+00
55 57 -1.000270187775671e+00 -1.883292351984919e-03 -9.232733903121337e-04 -1.007746921043333e+00
55 58 -1.000270373549214e+00 -1.884048627795118e-03 -9.224420139758183e-04 -1.007745051404014e+00
55 59 -1.000270618718682e+00 -1.884939490983305e-03 -9.214853151244055e-04 -1.007742692895714e+00
55 60 -1.000270919286616e+00 -1.885952804424373e-03 -9.204240081154570e-04 -1.007739877625095e+00
55 61 -1.000271270913115e+00 -1.887075196056073e-03 -9.192805274598600e-04 -1.007736641887615e+00
55 62 -1.000271669055003e+00 -1.888292480646153e-03 -9.180778974300806e-04 -1.007733025124524e+00
55 63 -1.000272109079825e+00 -1.889590016383634e-03 -9.168387815758389e-04 -1.007729069035149e+00
56 0 -1.000272346648971e+00 -1.889981069574152e-03 -9.205835525977565e-04 -1.007726324726830e+00
56 1 -1.000272846677740e+00 -1.891377005341708e-03 -9.193334692431006e-04 -1.007721888458273e+00
56 2 -1.000273373893684e+00 -1.892806013994475e-03 -9.181094139167487e-04 -1.007717253439059e+00
56 3 -1.000273923719307e+00 -1.894253136181797e-03 -9.169290636576188e-04 -1.007712466275336e+00
56 4 -1.000274491555571e+00 -1.895703455638601e-03 -9.158084971655481e-04 -1.007707574508777e+00
56 5 -1.000275072800428e+00 -1.897142272173384e-03 -9.147618583795870e-04 -1.007702626114912e+00
56 6 -1.000275662896835e+00 -1.898555366592867e-03 -9.138008864599394e-04 -1.007697668720485e+00
56 7 -1.000276257393476e+00 -1.899929297527953e-03 -9.129344647379393e-04 -1.007692748701444e+00
56 8 -1.000276851991675e+00 -1.901251649585716e-03 -9.121683620328260e-04 -1.007687910393291e+00
56 9 -1.000277442554698e+00 -1.902511168416968e-03 -9.115052780038287e-04 -1.007683195611069e+00
56 10 -1.000278025070114e+00 -1.903697763047644e-03 -9.109451930974699e-04 -1.007678643552163e+00
56 11 -1.000278595576189e+00 -1.904802408682436e-03 -9.104859151598573e-04 -1.007674290996630e+00
56 12 -1.000279150079751e+00 -1.905817019371440e-03 -9.101236552217722e-04 -1.007670172602927e+00
56 13 -1.000279684497435e+00 -1.906734362385239e-03 -9.098534771497746e-04 -1.007666321079964e+00
56 14 -1.000280194642313e+00 -1.907548055287982e-03 -9.096695417208466e-04 -1.007662767104309e+00
56 15 -1.000280676258887e+00 -1.908252639529266e-03 -9.095651704631422e-04 -1.007659538993765e+00
56 16 -1.000281125090307e+00 -1.908843683698872e-03 -9.095328421506193e-04 -1.007656662274184e+00
56 17 -1.000281536950932e+00 -1.909317852805761e-03 -9.095642680514041e-04 -1.007654159330105e+00
56 18 -1.000281907779892e+00 -1.909672893419865e-03 -9.096506584448669e-04 -1.007652049290408e+00
56 19 -1.000282233666127e+00 -1.909907521895876e-03 -9.097832083424038e-04 -1.007650348186480e+00
56 20 -1.000282510854895e+00 -1.910021246519285e-03 -9.099537308607056e-04 -1.007649069288026e+00
56 21 -1.000282735759501e+00 -1.910014182937814e-03 -9.101552939389018e-04 -1.007648223439130e+00
56 22 -1.000282905002454e+00 -1.909886922829708e-03 -9.103827010310238e-04 -1.007647819224498e+00
56 23 -1.000283015498232e+00 -1.909640491163410e-03 -9.106327066156926e-04 -1.007647862878989e+00
56 24 -1.000283064572308e+00 -1.909276391817964e-03 -9.109039526007742e-04 -1.007648357961882e+00
56 25 -1.000283050096825e+00 -1.908796710788143e-03 -9.111967108005293e-04 -1.007649304899837e+00
56 26 -1.000282970617973e+00 -1.908204232147610e-03 -9.115125746512242e-04 -1.007650700530185e+00
56 27 -1.000282825455318e+00 -1.907502528565920e-03 -9.118542325000303e-04 -1.007652537746092e+00
56 28 -1.000282614765298e+00 -1.906696010199918e-03 -9.122253797071509e-04 -1.007654805280245e+00
56 29 -1.000282339572472e+00 -1.905789939562097e-03 -9.126307238900850e-04 -1.007657487606381e+00
56 30 -1.000282001776564e+00 -1.904790431784693e-03 -9.130759578811383e-04 -1.007660564923078e+00
56 31 -1.000281604140245e+00 -1.903704455770100e-03 -9.135675584701013e-04 -1.007664013209676e+00
56 32 -1.000281150257456e+00 -1.902539839446848e-03 -9.141123254120699e-04 -1.007667804374278e+00
56 33 -1.000280644500552e+00 -1.901305272091955e-03 -9.147166791643662e-04 -1.007671906514156e+00
56 34 -1.000280091948238e+00 -1.900010294119417e-03 -9.153858387034749e-04 -1.007676284275647e+00
56 35 -1.000279498302293e+00 -1.898665269954791e-03 -9.161230535161700e-04 -1.007680899255489e+00
56 36 -1.000278869805114e+00 -1.897281348871513e-03 -9.169290419111398e-04 -1.007685710357183e+00
56 37 -1.000278213168679e+00 -1.895870425231767e-03 -9.178017046163432e-04 -1.007690674027360e+00
56 38 -1.000277535517561e+00 -1.894445106787640e-03 -9.187360818674087e-04 -1.007695744355738e+00
56 39 -1.000276844337273e+00 -1.893018687147237e-03 -9.197244524699254e-04 -1.007700873107021e+00
56 40 -1.000276147411054e+00 -1.891605104291330e-03 -9.207564627244726e-04 -1.007706009817188e+00
56 41 -1.000275452729151e+00 -1.890218861181044e-03 -9.218192189147108e-04 -1.007711102087837e+00
56 42 -1.000274768364828e+00 -1.888874890455802e-03 -9.228973520548804e-04 -1.007716096147396e+00
56 43 -1.000274102325044e+00 -1.887588358706860e-03 -9.239731306326300e-04 -1.007720937653153e+00
56 44 -1.000273462393692e+00 -1.886374420023791e-03 -9.250267249727492e-04 -1.007725572630567e+00
56 45 -1.000272855986885e+00 -1.885247937826143e-03 -9.260367034518907e-04 -1.007729948419615e+00
56 46 -1.000272290032745e+00 -1.884223194832312e-03 -9.269807776969142e-04 -1.007734014531666e+00
56 47 -1.000271770876284e+00 -1.883313603955238e-03 -9.278367385582682e-04 -1.007737723396037e+00
56 48 -1.000271304199975e+00 -1.882531424478047e-03 -9.285834655606241e-04 -1.007741031048054e+00
56 49 -1.000270894948428e+00 -1.881887486126016e-03 -9.292018688848775e-04 -1.007743897833219e+00
56 50 -1.000270547252234e+00 -1.881390929863969e-03 -9.296756426083510e-04 -1.007746289162461e+00
56 51 -1.000270264356215e+00 -1.881048981022183e-03 -9.299917670505006e-04 -1.007748176283872e+00
56 52 -1.000270048564107e+00 -1.880866769680901e-03 -9.301407780137025e-04 -1.007749536984756e+00
56 53 -1.000269901211387e+00 -1.880847204543723e-03 -9.301168894416263e-04 -1.007750356130953e+00
56 54 -1.000269822671725e+00 -1.880990896021614e-03 -9.299180808701509e-04 -1.007750625984257e+00
56 55 -1.000269812394518e+00 -1.881296119164732e-03 -9.295462269509711e-04 -1.007750346290062e+00
56 56 -1.000269868965627e+00 -1.881758811887942e-03 -9.290072659624276e-04 -1.007749524165817e+00
56 57 -1.000269990183726e+00 -1.882372618263548e-03 -9.283113139432373e-04 -1.007748173822574e+00
56 58 -1.000270173149753e+00 -1.883129002577533e-03 -9.274725765981520e-04 -1.007746316119938e+00
56 59 -1.000270414372040e+00 -1.884017463258342e-03 -9.265089278458225e-04 -1.007743977925202e+00
56 60 -1.000270709889260e+00 -1.885025856456181e-03 -9.254411165561665e-04 -1.007741191262242e+00
56 61 -1.000271055406222e+00 -1.886140801867193e-03 -9.242916955762420e-04 -1.007737992300859e+00
56 62 -1.000271446428147e+00 -1.887348107779371e-03 -9.230838758479152e-04 -1.007734420314959e+00
56 63 -1.000271878373613e+00 -1.888633139016362e-03 -9.218405364794318e-04 -1.007730516776999e+00
57 0 -1.000272189317561e+00 -1.889038657349681e-03 -9.256104745351669e-04 -1.007727661401333e+00
57 1 -1.000272680156569e+00 -1.890418907201742e-03 -9.243577995049498e-04 -1.007723287492917e+00
57 2 -1.000273197304422e+00 -1.891829636793535e-03 -9.231329118574936e-04 -1.007718722316670e+00
57 3 -1.000273736290684e+00 -1.893256053543873e-03 -9.219535381546703e-04 -1.007714011753884e+00
57 4 -1.000274292643382e+00 -1.894683447410299e-03 -9.208357890227306e-04 -1.007709202498574e+00
57 5 -1.000274861899124e+00 -1.896097344922165e-03 -9.197938595478297e-04 -1.007704341614914e+00
57 6 -1.000275439640060e+00 -1.897483757236152e-03 -9.188395796599977e-04 -1.007699475813393e+00
57 7 -1.000276021545658e+00 -1.898829470093281e-03 -9.179819548482683e-04 -1.007694650581426e+00
57 8 -1.000276603436651e+00 -1.900122298161309e-03 -9.172268725563755e-04 -1.007689909386504e+00
57 9 -1.000277181288213e+00 -1.901351235763821e-03 -9.165771006922771e-04 -1.007685293155937e+00
57 10 -1.000277751200653e+00 -1.902506476455876e-03 -9.160325978575029e-04 -1.007680840128983e+00
57 11 -1.000278309334244e+00 -1.903579326438284e-03 -9.155910419711439e-04 -1.007676586022538e+00
57 12 -1.000278851831276e+00 -1.904562075615662e-03 -9.152484155207472e-04 -1.007672564327882e+00
57 13 -1.000279374754538e+00 -1.905447897006004e-03 -9.149994877403802e-04 -1.007668806525161e+00
57 14 -1.000279874064653e+00 -1.906230819797475e-03 -9.148381006341357e-04 -1.007665342072648e+00
57 15 -1.000280345642820e+00 -1.906905778451146e-03 -9.147572662232605e-04 -1.007662198155973e+00
57 16 -1.000280785347955e+00 -1.907468699683161e-03 -9.147491744793054e-04 -1.007659399306275e+00
57 17 -1.000281189085301e+00 -1.907916567766261e-03 -9.148052562783457e-04 -1.007656967063262e+00
57 18 -1.000281552862961e+00 -1.908247415809974e-03 -9.149164236610502e-04 -1.007654919839801e+00
57 19 -1.000281872824370e+00 -1.908460223894306e-03 -9.150735306182535e-04 -1.007653273045353e+00
57 20 -1.000282145262584e+00 -1.908554747826229e-03 -9.152679970929222e-04 -1.007652039396116e+00
57 21 -1.000282366636182e+00 -1.908531332928252e-03 -9.154924602190892e-04 -1.007651229250089e+00
57 22 -1.000282533608989e+00 -1.908390771996169e-03 -9.157412919175215e-04 -1.007650850799352e+00
57 23 -1.000282643126479e+00 -1.908134246792179e-03 -9.160108610646914e-04 -1.007650910020894e+00
57 24 -1.000282692526606e+00 -1.907763359778219e-03 -9.162995075344507e-04 -1.007651410387650e+00
57 25 -1.000282679669109e+00 -1.907280231159662e-03 -9.166072983505033e-04 -1.007652352427178e+00
57 26 -1.000282603060896e+00 -1.906687617993974e-03 -9.169357059876189e-04 -1.007653733255194e+00
57 27 -1.000282461958150e+00 -1.905989014441768e-03 -9.172873504207708e-04 -1.007655546192923e+00
57 28 -1.000282256435971e+00 -1.905188712278740e-03 -9.176658784018500e-04 -1.007657780517170e+00
57 29 -1.000281987426998e+00 -1.904291825084428e-03 -9.180759503309483e-04 -1.007660421332225e+00
57 30 -1.000281656734993e+00 -1.903304293598836e-03 -9.185232183086863e-04 -1.007663449531484e+00
57 31 -1.000281267027177e+00 -1.902232888904810e-03 -9.190141505026944e-04 -1.007666841835373e+00
57 32 -1.000280821804904e+00 -1.901085220079994e-03 -9.195556018667166e-04 -1.007670570918829e+00
57 33 -1.000280325351378e+00 -1.899869742229047e-03 -9.201541314008367e-04 -1.007674605645399e+00
57 34 -1.000279782658793e+00 -1.898595755170932e-03 -9.208151756596395e-04 -1.007678911400096e+00
57 35 -1.000279199343286e+00 -1.897273385288823e-03 -9.215422533849861e-04 -1.007683450473653e+00
57 36 -1.000278581560352e+00 -1.895913551886843e-03 -9.223363648217667e-04 -1.007688182419404e+00
57 37 -1.000277935932389e+00 -1.894527927891898e-03 -9.231956704365908e-04 -1.007693064305991e+00
57 38 -1.000277269491981e+00 -1.893128904331332e-03 -9.241154304881699e-04 -1.007698050839721e+00
57 39 -1.000276589632438e+00 -1.891729557160592e-03 -9.250881090503433e-04 -1.007703094413105e+00
57 40 -1.000275904047975e+00 -1.890343601616218e-03 -9.261035247804133e-04 -1.007708145203479e+00
57 41 -1.000275220646132e+00 -1.888985312874698e-03 -9.271489685682889e-04 -1.007713151453738e+00
57 42 -1.000274547425084e+00 -1.887669395412175e-03 -9.282092826286541e-04 -1.007718060011232e+00
57 43 -1.000273892322709e+00 -1.886410793976121e-03 -9.292669692716531e-04 -1.007722817112590e+00
57 44 -1.000273263055443e+00 -1.885224451985610e-03 -9.303024346444913e-04 -1.007727369323711e+00
57 45 -1.000272666968037e+00 -1.884125033819440e-03 -9.312944563576571e-04 -1.007731664507596e+00
57 46 -1.000272110909107e+00 -1.883126630933853e-03 -9.322209036832590e-04 -1.007735652714434e+00
57 47 -1.000271601135114e+00 -1.882242466746977e-03 -9.330596621499649e-04 -1.007739286957548e+00
57 48 -1.000271143233816e+00 -1.881484607482207e-03 -9.337896498917871e-04 -1.007742523913610e+00
57 49 -1.000270742054346e+00 -1.880863683884081e-03 -9.343917822056435e-04 -1.007745324616501e+00
57 50 -1.000270401636551e+00 -1.880388633511808e-03 -9.348497544351694e-04 -1.007747655184333e+00
57 51 -1.000270125142593e+00 -1.880066478512989e-03 -9.351505698645980e-04 -1.007749487556404e+00
57 52 -1.000269914801974e+00 -1.879902152368256e-03 -9.352848205681588e-04 -1.007750800165575e+00
57 53 -1.000269771882655e+00 -1.879898380709815e-03 -9.352468028349861e-04 -1.007751578458799e+00
57 54 -1.000269696696031e+00 -1.880055611237362e-03 -9.350345814607896e-04 -1.007751815204989e+00
57 55 -1.000269688635214e+00 -1.880371982425987e-03 -9.346500910379803e-04 -1.007751510577054e+00
57 56 -1.000269746239298e+00 -1.880843325029701e-03 -9.340992856324999e-04 -1.007750672034864e+00
57 57 -1.000269867274791e+00 -1.881463204804177e-03 -9.333922546317834e-04 -1.007749314041702e+00
57 58 -1.000270048829302e+00 -1.882223031631988e-03 -9.325431592887287e-04 -1.007747457618257e+00
57 59 -1.000270287417728e+00 -1.883112264998835e-03 -9.315698509404358e-04 -1.007745129709069e+00
57 60 -1.000270579102200e+00 -1.884118728273572e-03 -9.304931166869555e-04 -1.007742362346654e+00
57 61 -1.000270919622187e+00 -1.885229008780209e-03 -9.293356289362275e-04 -1.007739191656218e+00
57 62 -1.000271304523472e+00 -1.886428884914261e-03 -9.281207905079209e-04 -1.007735656817041e+00
57 63 -1.000271729269284e+00 -1.887703705155730e-03 -9.268717085326235e-04 -1.007731799139841e+00
58 0 -1.000272116575936e+00 -1.888134745594763e-03 -9.306219191058869e-04 -1.007728810010637e+00
58 1 -1.000272598975837e+00 -1.889501265483549e-03 -9.293656782786857e-04 -1.007724492933259e+00
58 2 -1.000273106678732e+00 -1.890895383620283e-03 -9.281393453755419e-04 -1.007719993075128e+00
58 3 -1.000273635314048e+00 -1.892302458223660e-03 -9.269607018780861e-04 -1.007715355632706e+00
58 4 -1.000274180531637e+00 -1.893707976039683e-03 -9.258458815365658e-04 -1.007710626473544e+00
58 5 -1.000274738004609e+00 -1.895097687819259e-03 -9.248091090395773e-04 -1.007705851750590e+00
58 6 -1.000275303455611e+00 -1.896457838407308e-03 -9.238622767359864e-04 -1.007701077239083e+00
58 7 -1.000275872698947e+00 -1.897775447268247e-03 -9.230144856276583e-04 -1.007696347506392e+00
58 8 -1.000276441679800e+00 -1.899038565553568e-03 -9.222717243437924e-04 -1.007691705118393e+00
58 9 -1.000277006489259e+00 -1.900236439693571e-03 -9.216368237154376e-04 -1.007687190088784e+00
58 10 -1.000277563342191e+00 -1.901359547744195e-03 -9.211097244947385e-04 -1.007682839683713e+00
58 11 -1.000278108520869e+00 -1.902399525439328e-03 -9.206879814547441e-04 -1.007678688547600e+00
58 12 -1.000278638302679e+00 -1.903349038764334e-03 -9.203673510382958e-04 -1.007674768991386e+00
58 13 -1.000279148897672e+00 -1.904201671097756e-03 -9.201423010731184e-04 -1.007671111240932e+00
58 14 -1.000279636418073e+00 -1.904951873771955e-03 -9.200063374811458e-04 -1.007667743493419e+00
58 15 -1.000280096889427e+00 -1.905594990603955e-03 -9.199521380157758e-04 -1.007664691741850e+00
58 16 -1.000280526297118e+00 -1.906127326641897e-03 -9.199715777950279e-04 -1.007661979449747e+00
58 17 -1.000280920649392e+00 -1.906546206374753e-03 -9.200557858337159e-04 -1.007659627236003e+00
58 18 -1.000281276035014e+00 -1.906849968835436e-03 -9.201953610864618e-04 -1.007657652726308e+00
58 19 -1.000281588662294e+00 -1.907037875752471e-03 -9.203808053085371e-04 -1.007656070642621e+00
58 20 -1.000281854881547e+00 -1.907109949213656e-03 -9.206031312747199e-04 -1.007654893081254e+00
58 21 -1.000282071206438e+00 -1.907066786695877e-03 -9.208545215699669e-04 -1.007654129838438e+00
58 22 -1.000282234353623e+00 -1.906909410410374e-03 -9.211288783478262e-04 -1.007653788622606e+00
58 23 -1.000282341313796e+00 -1.906639193716451e-03 -9.214221319146248e-04 -1.007653875044530e+00
58 24 -1.000282389454503e+00 -1.906257877894286e-03 -9.217322575567875e-04 -1.007654392367540e+00
58 25 -1.000282376642342e+00 -1.905767660277366e-03 -9.220590541605874e-04 -1.007655341088699e+00
58 26 -1.000282301364850e+00 -1.905171313259258e-03 -9.224038174430855e-04 -1.007656718471137e+00
58 27 -1.000282162833890e+00 -1.904472292299714e-03 -9.227690547758668e-04 -1.007658518139273e+00
58 28 -1.000281961060584e+00 -1.903674808105472e-03 -9.231583301105920e-04 -1.007660729795818e+00
58 29 -1.000281696901155e+00 -1.902783861391694e-03 -9.235762270085549e-04 -1.007663339061632e+00
58 30 -1.000281372077389e+00 -1.901805254521852e-03 -9.240283253117203e-04 -1.007666327413282e+00
58 31 -1.000280989174088e+00 -1.900745597183810e-03 -9.245210467344087e-04 -1.007669672202794e+00
58 32 -1.000280551612633e+00 -1.899612315857840e-03 -9.250612574025532e-04 -1.007673346766277e+00
58 33 -1.000280063599361e+00 -1.898413665681652e-03 -9.256556097907921e-04 -1.007677320635884e+00
58 34 -1.000279530051394e+00 -1.897158735320326e-03 -9.263097198725657e-04 -1.007681559851774e+00
58 35 -1.000278956508930e+00 -1.895857435717325e-03 -9.270273511782274e-04 -1.007686027333989e+00
58 36 -1.000278349047834e+00 -1.894520471786374e-03 -9.278097776386723e-04 -1.007690683239796e+00
58 37 -1.000277714205363e+00 -1.893159304918671e-03 -9.286554251816527e-04 -1.007695485229342e+00
58 38 -1.000277058923461e+00 -1.891786115073774e-03 -9.295597884770208e-04 -1.007700388608085e+00
58 39 -1.000276390501389e+00 -1.890413762636176e-03 -9.305155341460282e-04 -1.007705346392611e+00
58 40 -1.000275716539608e+00 -1.889055738655066e-03 -9.315126696339596e-04 -1.007710309413147e+00
58 41 -1.000275044856128e+00 -1.887726085225041e-03 -9.325386859391640e-04 -1.007715226581227e+00
58 42 -1.000274383366011e+00 -1.886439268761085e-03 -9.335786545166436e-04 -1.007720045406177e+00
58 43 -1.000273739929440e+00 -1.885209996894443e-03 -9.346153370937697e-04 -1.007724712762237e+00
58 44 -1.000273122186501e+00 -1.884052981857999e-03 -9.356294125848664e-04 -1.007729175826603e+00
58 45 -1.000272537401484e+00 -1.882982664652171e-03 -9.365999167040517e-04 -1.007733383063584e+00
58 46 -1.000271992333977e+00 -1.882012919221239e-03 -9.375049340949313e-04 -1.007737285143151e+00
58 47 -1.000271493141380e+00 -1.881156752632652e-03 -9.383225059083968e-04 -1.007740835745282e+00
58 48 -1.000271045304729e+00 -1.880426010993690e-03 -9.390316469229929e-04 -1.007743992274745e+00
58 49 -1.000270653564140e+00 -1.879831098639542e-03 -9.396133283231944e-04 -1.007746716547485e+00
58 50 -1.000270321854178e+00 -1.879380721399716e-03 -9.400512890214628e-04 -1.007748975490911e+00
58 51 -1.000270053239572e+00 -1.879081668302675e-03 -9.403325909922221e-04 -1.007750741846195e+00
58 52 -1.000269849861198e+00 -1.878938644217478e-03 -9.404479156248135e-04 -1.007751994809547e+00
58 53 -1.000269712905821e+00 -1.878954157804236e-03 -9.403916762822735e-04 -1.007752720530648e+00
58 54 -1.000269642609416e+00 -1.879128458906594e-03 -9.401620624503698e-04 -1.007752912407188e+00
58 55 -1.000269638295544e+00 -1.879459513710417e-03 -9.397611126488063e-04 -1.007752571159257e+00
58 56 -1.000269698442446e+00 -1.879943010283093e-03 -9.391948413374190e-04 -1.007751704706458e+00
58 57 -1.000269820769366e+00 -1.880572401868361e-03 -9.384733503417584e-04 -1.007750327878284e+00
58 58 -1.000270002335105e+00 -1.881339012322156e-03 -9.376107848144303e-04 -1.007748461964587e+00
58 59 -1.000270239646326e+00 -1.882232233695313e-03 -9.366249894013788e-04 -1.007746134086893e+00
58 60 -1.000270528775496e+00 -1.883239830800355e-03 -9.355367953148440e-04 -1.007743376376949e+00
58 61 -1.000270865485882e+00 -1.884348334636054e-03 -9.343689959792577e-04 -1.007740224997050e+00
58 62 -1.000271245355223e+00 -1.885543470684000e-03 -9.331451896978587e-04 -1.007736719105294e+00
58 63 -1.000271663884311e+00 -1.886810548182918e-03 -9.318887221432577e-04 -1.007732899917612e+00
59 0 -1.000272129675386e+00 -1.887278028125408e-03 -9.355743967398614e-04 -1.007729755379147e+00
59 1 -1.000272604508308e+00 -1.888632995557079e-03 -9.343134695550938e-04 -1.007725488769357e+00
59 2 -1.000273103522896e+00 -1.890012423885025e-03 -9.330849234288097e-04 -1.007721048768055e+00
59 3 -1.000273622439570e+00 -1.891401803074975e-03 -9.319066033974600e-04 -1.007716479938533e+00
59 4 -1.000274157022370e+00 -1.892786803048903e-03 -9.307946610831182e-04 -1.007711827358741e+00
59 5 -1.000274703075959e+00 -1.894153391835110e-03 -9.297633313728622e-04 -1.007707136287774e+00
59 6 -1.000275256462163e+00 -1.895488047571971e-03 -9.288245400166295e-04 -1.007702451562126e+00
59 7 -1.000275813132003e+00 -1.896778027141368e-03 -9.279874533883383e-04 -1.007697816810708e+00
59 8 -1.000276369158433e+00 -1.898011622060221e-03 -9.272581387129599e-04 -1.007693273676016e+00
59 9 -1.000276920751249e+00 -1.899178332027603e-03 -9.266394790461104e-04 -1.007688861242802e+00
59 10 -1.000277464241019e+00 -1.900268917572838e-03 -9.261313969706564e-04 -1.007684615797862e+00
59 11 -1.000277996031505e+00 -1.901275340137740e-03 -9.257313288244408e-04 -1.007680570912559e+00
59 12 -1.000278512533933e+00 -1.902190638389605e-03 -9.254348083263223e-04 -1.007676757716207e+00
59 13 -1.000279010105184e+00 -1.903008805795915e-03 -9.252359982104881e-04 -1.007673205170320e+00
59 14 -1.000279485011318e+00 -1.903724721205305e-03 -9.251280547436675e-04 -1.007669940184136e+00
59 15 -1.000279933428258e+00 -1.904334149541794e-03 -9.251032997950870e-04 -1.007666987511270e+00
59 16 -1.000280351477297e+00 -1.904833790366384e-03 -9.251532701075478e-04 -1.007664369486060e+00
59 17 -1.000280735280907e+00 -1.905221325708627e-03 -9.252687739920044e-04 -1.007662105740209e+00
59 18 -1.000281081019777e+00 -1.905495416772297e-03 -9.254400859322027e-04 -1.007660213048527e+00
59 19 -1.000281384977415e+00 -1.905655622057752e-03 -9.256573493082894e-04 -1.007658705385366e+00
59 20 -1.000281643570839e+00 -1.905702245549588e-03 -9.259111632161361e-04 -1.007657594166354e+00
59 21 -1.000281853378213e+00 -1.905636155501086e-03 -9.261932418096667e-04 -1.007656888557509e+00
59 22 -1.000282011179814e+00 -1.905458627914612e-03 -9.264969899282107e-04 -1.007656595699915e+00
59 23 -1.000282114025058e+00 -1.905171259600836e-03 -9.268178555134522e-04 -1.007656720734100e+00
59 24 -1.000282159327834e+00 -1.904775969324612e-03 -9.271533927645262e-04 -1.007657266590769e+00
59 25 -1.000282144980859e+00 -1.904275074109910e-03 -9.275030717375001e-04 -1.007658233602190e+00
59 26 -1.000282069472611e+00 -1.903671404789466e-03 -9.278679554019644e-04 -1.007659619042541e+00
59 27 -1.000281931990480e+00 -1.902968419611476e-03 -9.282503922852143e-04 -1.007661416707152e+00
59 28 -1.000281732499924e+00 -1.902170287393832e-03 -9.286538270797081e-04 -1.007663616598778e+00
59 29 -1.000281471797035e+00 -1.901281933254720e-03 -9.290827358876351e-04 -1.007666204735334e+00
59 30 -1.000281151536053e+00 -1.900309057781845e-03 -9.295425953349899e-04 -1.007669163061357e+00
59 31 -1.000280774232645e+00 -1.899258146550620e-03 -9.300397437435175e-04 -1.007672469447017e+00
59 32 -1.000280343241049e+00 -1.898136481365303e-03 -9.305810139807856e-04 -1.007676097778213e+00
59 33 -1.000279862703242e+00 -1.896952153811836e-03 -9.311731044614986e-04 -1.007680018151588e+00
59 34 -1.000279337472996e+00 -1.895714073357771e-03 -9.318217679387874e-04 -1.007684197172505e+00
59 35 -1.000278773024937e+00 -1.894431961228596e-03 -9.325309820717633e-04 -1.007688598317980e+00
59 36 -1.000278175363783e+00 -1.893116327338751e-03 -9.333022789803152e-04 -1.007693182293691e+00
59 37 -1.000277550947667e+00 -1.891778435245562e-03 -9.341343487525359e-04 -1.007697907310934e+00
59 38 -1.000276906630840e+00 -1.890430262583719e-03 -9.350229292109113e-04 -1.007702729248827e+00
59 39 -1.000276249618139e+00 -1.889084458887610e-03 -9.359609023965644e-04 -1.007707601737311e+00
59 40 -1.000275587412945e+00 -1.887754292603794e-03 -9.369384764456026e-04 -1.007712476262888e+00
59 41 -1.000274927738219e+00 -1.886453571158453e-03 -9.379433520806598e-04 -1.007717302423351e+00
59 42 -1.000274278418980e+00 -1.885196517046437e-03 -9.389608406087372e-04 -1.007722028423175e+00
59 43 -1.000273647230064e+00 -1.883997589628965e-03 -9.399739803303068e-04 -1.007726601822960e+00
59 44 -1.000273041727354e+00 -1.882871253650749e-03 -9.409637511197351e-04 -1.007730970472293e+00
59 45 -1.000272469086798e+00 -1.881831706440390e-03 -9.419094875989903e-04 -1.007735083505328e+00
59 46 -1.000271935970713e+00 -1.880892581514673e-03 -9.427895415517347e-04 -1.007738892284329e+00
59 47 -1.000271448428225e+00 -1.880066645248346e-03 -9.435821679891282e-04 -1.007742351231389e+00
59 48 -1.000271011823013e+00 -1.879365498756639e-03 -9.442665369227773e-04 -1.007745418558427e+00
59 49 -1.000270630774047e+00 -1.878799294774249e-03 -9.448237289619032e-04 -1.007748056948021e+00
59 50 -1.000270309097308e+00 -1.878376481290145e-03 -9.452375726008357e-04 -1.007750234229551e+00
59 51 -1.000270049746266e+00 -1.878103586367473e-03 -9.454952279671958e-04 -1.007751924048087e+00
59 52 -1.000269854759618e+00 -1.877985056370311e-03 -9.455875020347427e-04 -1.007753106472784e+00
59 53 -1.000269725230158e+00 -1.878023151188430e-03 -9.455089625000904e-04 -1.007753768469725e+00
59 54 -1.000269661306267e+00 -1.878217889341412e-03 -9.452579650382829e-04 -1.007753904180391e+00
59 55 -1.000269662229716e+00 -1.878567030135827e-03 -9.448366981896634e-04 -1.007753514986779e+00
59 56 -1.000269726404918e+00 -1.879066084482549e-03 -9.442512840190427e-04 -1.007752609380711e+00
59 57 -1.000269851489950e+00 -1.879708360231602e-03 -9.435118792371811e-04 -1.007751202665979e+00
59 58 -1.000270034500176e+00 -1.880485064695524e-03 -9.426326452781526e-04 -1.007749316504444e+00
59 59 -1.000270271919367e+00 -1.881385494366150e-03 -9.416314399976160e-04 -1.007746978292126e+00
59 60 -1.000270559816681e+00 -1.882397329726073e-03 -9.405291473340981e-04 -1.007744220350747e+00
59 61 -1.000270893967584e+00 -1.883507021912151e-03 -9.393486836630600e-04 -1.007741078961406e+00
59 62 -1.000271269972443e+00 -1.884700221229682e-03 -9.381138448827073e-04 -1.007737593334087e+00
59 63 -1.000271683361729e+00 -1.885962174973194e-03 -9.368482236692428e-04 -1.007733804658492e+00
60 0 -1.000272228862895e+00 -1.886476800410180e-03 -9.404248374824011e-04 -1.007730484353829e+00
60 1 -1.000272697113132e+00 -1.887822591448557e-03 -9.391579517351828e-04 -1.007726261085508e+00
60 2 -1.000273188321404e+00 -1.889189485885472e-03 -9.379262576854662e-04 -1.007721874604556e+00
60 3 -1.000273698288609e+00 -1.890563083137685e-03 -9.367476762891057e-04 -1.007717368904578e+00
60 4 -1.000274222883234e+00 -1.891929218911545e-03 -9.356383756372819e-04 -1.007712788324799e+00
60 5 -1.000274758034213e+00 -1.893274067830006e-03 -9.346125841944360e-04 -1.007708177262177e+00
60 6 -1.000275299738758e+00 -1.894584337119172e-03 -9.336822332389206e-04 -1.007703579625913e+00
60 7 -1.000275844083998e+00 -1.895847520914738e-03 -9.328565232648724e-04 -1.007699038103686e+00
60 8 -1.000276387271972e+00 -1.897052151790936e-03 -9.321415738400676e-04 -1.007694593406736e+00
60 9 -1.000276925632835e+00 -1.898187981828635e-03 -9.315403044410870e-04 -1.007690283685343e+00
60 10 -1.000277455613509e+00 -1.899246050345936e-03 -9.310526148571476e-04 -1.007686144248163e+00
60 11 -1.000277973738207e+00 -1.900218638133058e-03 -9.306758257791526e-04 -1.007682207602274e+00
60 12 -1.000278476549719e+00 -1.901099149370615e-03 -9.304052518918727e-04 -1.007678503707065e+00
60 13 -1.000278960549927e+00 -1.901881982955126e-03 -9.302347489327093e-04 -1.007675060264358e+00
60 14 -1.000279422159394e+00 -1.902562446095761e-03 -9.301571125412112e-04 -1.007671902883151e+00
60 15 -1.000279857708748e+00 -1.903136731910523e-03 -9.301642899712764e-04 -1.007669055045268e+00
60 16 -1.000280263462967e+00 -1.903601946123908e-03 -9.302474584077019e-04 -1.007666537908062e+00
60 17 -1.000280635668746e+00 -1.903956141916657e-03 -9.303970881270340e-04 -1.007664370060694e+00
60 18 -1.000280970609418e+00 -1.904198316147942e-03 -9.306031196384719e-04 -1.007662567370568e+00
60 19 -1.000281264653879e+00 -1.904328336542672e-03 -9.308553359610377e-04 -1.007661143009943e+00
60 20 -1.000281514295025e+00 -1.904346801140301e-03 -9.311439233099676e-04 -1.007660107660077e+00
60 21 -1.000281716184303e+00 -1.904254863427849e-03 -9.314601233361273e-04 -1.007659469797149e+00
60 22 -1.000281867175568e+00 -1.904054073415670e-03 -9.317968270043508e-04 -1.007659235919505e+00
60 23 -1.000281964389654e+00 -1.903746279608421e-03 -9.321489668165222e-04 -1.007659410599511e+00
60 24 -1.000282005302850e+00 -1.903333614211395e-03 -9.325136280941052e-04 -1.007659996315557e+00
60 25 -1.000281987852915e+00 -1.902818555152451e-03 -9.328898964779392e-04 -1.007660993100648e+00
60 26 -1.000281910549740e+00 -1.902204034995936e-03 -9.332785475488911e-04 -1.007662398099671e+00
60 27 -1.000281772576721e+00 -1.901493557383063e-03 -9.336817239587279e-04 -1.007664205140327e+00
60 28 -1.000281573872766e+00 -1.900691289548897e-03 -9.341027137392899e-04 -1.007666404393605e+00
60 29 -1.000281315190851e+00 -1.899802119114090e-03 -9.345458547155399e-04 -1.007668982150214e+00
60 30 -1.000280998132683e+00 -1.898831682287106e-03 -9.350164897813000e-04 -1.007671920703157e+00
60 31 -1.000280625158413e+00 -1.897786378641573e-03 -9.355208376566376e-04 -1.007675198323257e+00
60 32 -1.000280199567948e+00 -1.896673383964389e-03 -9.360656539059004e-04 -1.007678789331779e+00
60 33 -1.000279725451195e+00 -1.895500663744293e-03 -9.366576341700957e-04 -1.007682664282919e+00
60 34 -1.000279207610362e+00 -1.894276982348135e-03 -9.373026215380263e-04 -1.007686790252103e+00
60 35 -1.000278651465499e+00 -1.893011900346209e-03 -9.380047710093321e-04 -1.007691131192572e+00
60 36 -1.000278062959712e+00 -1.891715755639594e-03 -9.387658505050602e-04 -1.007695648293736e+00
60 37 -1.000277448479222e+00 -1.890399630655683e-03 -9.395848067296499e-04 -1.007700300270289e+00
60 38 -1.000276814794845e+00 -1.889075312069683e-03 -9.404576241496172e-04 -1.007705043543042e+00
60 39 -1.000276169018169e+00 -1.887755246192027e-03 -9.413774084906985e-04 -1.007709832336702e+00
60 40 -1.000275518553773e+00 -1.886452483722813e-03 -9.423345760061159e-04 -1.007714618788072e+00
60 41 -1.000274871025395e+00 -1.885180599171605e-03 -9.433170416593768e-04 -1.007719353189633e+00
60 42 -1.000274234162138e+00 -1.883953568805593e-03 -9.443103605474461e-04 -1.007723984465313e+00
60 43 -1.000273615646866e+00 -1.882785596770621e-03 -9.452978560512243e-04 -1.007728460900742e+00
60 44 -1.000273022944619e+00 -1.881690888740602e-03 -9.462608273371193e-04 -1.007732731067543e+00
60 45 -1.000272463136421e+00 -1.880683382529109e-03 -9.471789392080842e-04 -1.007736744827402e+00
60 46 -1.000271942780393e+00 -1.879776452005681e-03 -9.480308546160104e-04 -1.007740454298281e+00
60 47 -1.000271467809647e+00 -1.878982601687598e-03 -9.487950956466898e-04 -1.007743814711125e+00
60 48 -1.000271043461559e+00 -1.878313165851508e-03 -9.494510441008764e-04 -1.007746785154072e+00
60 49 -1.000270674223552e+00 -1.877778023366169e-03 -9.499799439882992e-04 -1.007749329249850e+00
60 50 -1.000270363781256e+00 -1.877385341101533e-03 -9.503657611549878e-04 -1.007751415811324e+00
60 51 -1.000270114964389e+00 -1.877141361240472e-03 -9.505957953539765e-04 -1.007753019478272e+00
60 52 -1.000269929697163e+00 -1.877050244775890e-03 -9.506610172492351e-04 -1.007754121291130e+00
60 53 -1.000269808966797e+00 -1.877113973772840e-03 -9.505561877635945e-04 -1.007754709135737e+00
60 54 -1.000269752823051e+00 -1.877332304163398e-03 -9.502798716595773e-04 -1.007754778003903e+00
60 55 -1.000269760414890e+00 -1.877702755642083e-03 -9.498344549926764e-04 -1.007754330046960e+00
60 56 -1.000269830061315e+00 -1.878220629176729e-03 -9.492262168520853e-04 -1.007753374434386e+00
60 57 -1.000269959346592e+00 -1.878879055605064e-03 -9.484654149920789e-04 -1.007751927046243e+00
60 58 -1.000270145228813e+00 -1.879669095809435e-03 -9.475662642889413e-04 -1.007750010015303e+00
60 59 -1.000270384154354e+00 -1.880579922921339e-03 -9.465466601519539e-04 -1.007747651107576e+00
60 60 -1.000270672175132e+00 -1.881599107782521e-03 -9.454275508124952e-04 -1.007744882924260e+00
60 61 -1.000271005066553e+00 -1.882712998643687e-03 -9.442319787003408e-04 -1.007741741946543e+00
60 62 -1.000271378441316e+00 -1.883907148565368e-03 -9.429839389212095e-04 -1.007738267510754e+00
60 63 -1.000271787850605e+00 -1.885166720089739e-03 -9.417072777776918e-04 -1.007734500851917e+00
61 0 -1.000272413377367e+00 -1.885738914072327e-03 -9.451307923080815e-04 -1.007730985974601e+00
61 1 -1.000272876129751e+00 -1.887078075208258e-03 -9.438565286154405e-04 -1.007726798248005e+00
61 2 -1.000273360528021e+00 -1.888434799783998e-03 -9.426205837892848e-04 -1.007722458158645e+00
61 3 -1.000273862441647e+00 -1.889794771685938e-03 -9.414409702752871e-04 -1.007718009203904e+00
61 4 -1.000274377832183e+00 -1.891143971944568e-03 -9.403338751437957e-04 -1.007713495046343e+00
61 5 -1.000274902743518e+00 -1.892468767519299e-03 -9.393135075739864e-04 -1.007708959265548e+00
61 6 -1.000275433301942e+00 -1.893756086260083e-03 -9.383917792779947e-04 -1.007704444870692e+00
61 7 -1.000275965727564e+00 -1.894993655236577e-03 -9.375778941309267e-04 -1.007699993621602e+00
61 8 -1.000276496350944e+00 -1.896170245766791e-03 -9.368779953720205e-04 -1.007695645303100e+00
61 9 -1.000277021623205e+00 -1.897275859431151e-03 -9.362950189695428e-04 -1.007691437134564e+00
61 10 -1.000277538107608e+00 -1.898301808523322e-03 -9.358288337301935e-04 -1.007687403456616e+00
61 11 -1.000278042447044e+00 -1.899240683947855e-03 -9.354766457297364e-04 -1.007683575731658e+00
61 12 -1.000278531312746e+00 -1.900086244944716e-03 -9.352335541300533e-04 -1.007679982772685e+00
61 13 -1.000279001348766e+00 -1.900833287660250e-03 -9.350931067592559e-04 -1.007676651038573e+00
61 14 -1.000279449129406e+00 -1.901477544329740e-03 -9.350477297482246e-04 -1.007673604839513e+00
61 15 -1.000279871142437e+00 -1.902015638519946e-03 -9.350889795439445e-04 -1.007670866368851e+00
61 16 -1.000280263802398e+00 -1.902445089270947e-03 -9.352076542545947e-04 -1.007668455573814e+00
61 17 -1.000280623488895e+00 -1.902764331199614e-03 -9.353938692116092e-04 -1.007666389956192e+00
61 18 -1.000280946597947e+00 -1.902972707753724e-03 -9.356372221704438e-04 -1.007664684426661e+00
61 19 -1.000281229593606e+00 -1.903070405548851e-03 -9.359271368976505e-04 -1.007663351307860e+00
61 20 -1.000281469053295e+00 -1.903058325404384e-03 -9.362533937493711e-04 -1.007662400501122e+00
61 21 -1.000281661709885e+00 -1.902937916597890e-03 -9.366067666982206e-04 -1.007661839741842e+00
61 22 -1.000281804499951e+00 -1.902711019084840e-03 -9.369796271940556e-04 -1.007661674819111e+00
61 23 -1.000281894627383e+00 -1.902379756812309e-03 -9.373663711289673e-04 -1.007661909648173e+00
61 24 -1.000281929645831e+00 -1.901946507487590e-03 -9.377635779240342e-04 -1.007662546142644e+00
61 25 -1.000281907556275e+00 -1.901413948842486e-03 -9.381699005738085e-04 -1.007663583904688e+00
61 26 -1.000281826910385e+00 -1.900785157792202e-03 -9.385857760803650e-04 -1.007665019807860e+00
61 27 -1.000281686908407e+00 -1.900063726132590e-03 -9.390130952594894e-04 -1.007666847569814e+00
61 28 -1.000281487482422e+00 -1.899253860233792e-03 -9.394549525029616e-04 -1.007669057393746e+00
61 29 -1.000281229360024e+00 -1.898360448980894e-03 -9.399155170288256e-04 -1.007671635714394e+00
61 30 -1.000280914106049e+00 -1.897389102331356e-03 -9.403999682673580e-04 -1.007674565049352e+00
61 31 -1.000280544139037e+00 -1.896346172258570e-03 -9.409143704150693e-04 -1.007677823949959e+00
61 32 -1.000280122717198e+00 -1.895238767152383e-03 -9.414653589064585e-04 -1.007681387057543e+00
61 33 -1.000279653890369e+00 -1.894074764531515e-03 -9.420595774094917e-04 -1.007685225274909e+00
61 34 -1.000279142421015e+00 -1.892862819893981e-03 -9.427029094825067e-04 -1.007689306046934e+00
61 35 -1.000278593686057e+00 -1.891612365294278e-03 -9.433996449034158e-04 -1.007693593714602e+00
61 36 -1.000278013577225e+00 -1.890333592613018e-03 -9.441517585756843e-04 -1.007698049879096e+00
61 37 -1.000277408416967e+00 -1.889037422557860e-03 -9.449584402840787e-04 -1.007702633704322e+00
61 38 -1.000276784898198e+00 -1.887735465017714e-03 -9.458159192531149e-04 -1.007707302113686e+00
61 39 -1.000276150041955e+00 -1.886439973670707e-03 -9.467175284976699e-04 -1.007712009899862e+00
61 40 -1.000275511153805e+00 -1.885163789154971e-03 -9.476538959073291e-04 -1.007716709835777e+00
61 41 -1.000274875755403e+00 -1.883920257667777e-03 -9.486131511631635e-04 -1.007721352908878e+00
61 42 -1.000274251475245e+00 -1.882723110423817e-03 -9.495810913150973e-04 -1.007725888777421e+00
61 43 -1.000273645898777e+00 -1.881586293672078e-03 -9.505413250371778e-04 -1.007730266479847e+00
61 44 -1.000273066394679e+00 -1.880523746936993e-03 -9.514754791518621e-04 -1.007734435348579e+00
61 45 -1.000272519943642e+00 -1.879549136954165e-03 -9.523635698501066e-04 -1.007738346020472e+00
61 46 -1.000272012994086e+00 -1.878675562806210e-03 -9.531846063140205e-04 -1.007741951422437e+00
61 47 -1.000271551357103e+00 -1.877915249902467e-03 -9.539174238450339e-04 -1.007745207650015e+00
61 48 -1.000271140136709e+00 -1.877279247389661e-03 -9.545416680314447e-04 -1.007748074725359e+00
61 49 -1.000270783680226e+00 -1.876777141271832e-03 -9.550387982463676e-04 -1.007750517273467e+00
61 50 -1.000270485532970e+00 -1.876416797471065e-03 -9.553929651179542e-04 -1.007752505159606e+00
61 51 -1.000270248390172e+00 -1.876204151177204e-03 -9.555916497132194e-04 -1.007754014095037e+00
61 52 -1.000270074050813e+00 -1.876143054835097e-03 -9.556260246962046e-04 -1.007755026176165e+00
61 53 -1.000269963386266e+00 -1.876235186826018e-03 -9.554910832147750e-04 -1.007755530300242e+00
61 54 -1.000269916337944e+00 -1.876480012147939e-03 -9.551856420832352e-04 -1.007755522405448e+00
61 55 -1.000269931952510e+00 -1.876874780942713e-03 -9.547123328361503e-04 -1.007755005509571e+00
61 56 -1.000270008453517e+00 -1.877414553602241e-03 -9.540776428315079e-04 -1.007753989556321e+00
61 57 -1.000270143340006e+00 -1.878092253384783e-03 -9.532919807849201e-04 -1.007752491098316e+00
61 58 -1.000270333499734e+00 -1.878898765290496e-03 -9.523696571711451e-04 -1.007750532834776e+00
61 59 -1.000270575327604e+00 -1.879823111940167e-03 -9.513286340778807e-04 -1.007748142994026e+00
61 60 -1.000270864844305e+00 -1.880852730040916e-03 -9.501899392088693e-04 -1.007745354543546e+00
61 61 -1.000271197812240e+00 -1.881973842216603e-03 -9.489767463106803e-04 -1.007742204246029e+00
61 62 -1.000271569844936e+00 -1.883171881939906e-03 -9.477132516992791e-04 -1.007738731641682e+00
61 63 -1.000271976504136e+00 -1.884431904108143e-03 -9.464235604026542e-04 -1.007734978085659e+00
62 0 -1.000272681462521e+00 -1.885071731216623e-03 -9.496506428189045e-04 -1.007731251621795e+00
62 1 -1.000273139888766e+00 -1.886406946988827e-03 -9.483674482514627e-04 -1.007727091067215e+00
62 2 -1.000273618574395e+00 -1.887756042635545e-03 -9.471259899204186e-04 -1.007722789548511e+00
62 3 -1.000274113444641e+00 -1.889104759986960e-03 -9.459443893216582e-04 -1.007718390146667e+00
62 4 -1.000274620541404e+00 -1.890439202252817e-03 -9.448388591204724e-04 -1.007713935919105e+00
62 5 -1.000275136012180e+00 -1.891745910470885e-03 -9.438235812713946e-04 -1.007709469686688e+00
62 6 -1.000275656103591e+00 -1.893012020254493e-03 -9.429104265644080e-04 -1.007705033601676e+00
62 7 -1.000276177163402e+00 -1.894225483661676e-03 -9.421085727638299e-04 -1.007700668523265e+00
62 8 -1.000276695648496e+00 -1.895375305705370e-03 -9.414241569965065e-04 -1.007696413325662e+00
62 9 -1.000277208130331e+00 -1.896451732006912e-03 -9.408601093518497e-04 -1.007692304311323e+00
62 10 -1.000277711287496e+00 -1.897446339275809e-03 -9.404162567819113e-04 -1.007688374873930e+00
62 11 -1.000278201879112e+00 -1.898352016683730e-03 -9.400896897856833e-04 -1.007684655461105e+00
62 12 -1.000278676701240e+00 -1.899162865531051e-03 -9.398752950146726e-04 -1.007681173772311e+00
62 13 -1.000279132536461e+00 -1.899874067821086e-03 -9.397663127202314e-04 -1.007677955051156e+00
62 14 -1.000279566110578e+00 -1.900481773256702e-03 -9.397547928756765e-04 -1.007675022324683e+00
62 15 -1.000279974069033e+00 -1.900983033613544e-03 -9.398318868228336e-04 -1.007672396496444e+00
62 16 -1.000280352980034e+00 -1.901375784595764e-03 -9.399879948220280e-04 -1.007670096283467e+00
62 17 -1.000280699363435e+00 -1.901658849543644e-03 -9.402128602529244e-04 -1.007668138065338e+00
62 18 -1.000281009736987e+00 -1.901831926729132e-03 -9.404957294676604e-04 -1.007666535755172e+00
62 19 -1.000281280668902e+00 -1.901895528602030e-03 -9.408256697031163e-04 -1.007665300786410e+00
62 20 -1.000281508829255e+00 -1.901850864584861e-03 -9.411920667344247e-04 -1.007664442242401e+00
62 21 -1.000281691039932e+00 -1.901699686797977e-03 -9.415852393027469e-04 -1.007663967074852e+00
62 22 -1.000281824328468e+00 -1.901444136598665e-03 -9.419970443969896e-04 -1.007663880307146e+00
62 23 -1.000281905992125e+00 -1.901086632070398e-03 -9.424213323582665e-04 -1.007664185119904e+00
62 24 -1.000281933675472e+00 -1.900629823881165e-03 -9.428541512956642e-04 -1.007664882759523e+00
62 25 -1.000281905459808e+00 -1.900076625064837e-03 -9.432936825668723e-04 -1.007665972272070e+00
62 26 -1.000281819958376e+00 -1.899430297427584e-03 -9.437399795003306e-04 -1.007667450120153e+00
62 27 -1.000281676409114e+00 -1.898694562808988e-03 -9.441946383093351e-04 -1.007669309768119e+00
62 28 -1.000281474757462e+00 -1.897873707522977e-03 -9.446605241597210e-04 -1.007671541312017e+00
62 29 -1.000281215724048e+00 -1.896972660874029e-03 -9.451416084587922e-04 -1.007674131197870e+00
62 30 -1.000280900853000e+00 -1.895997044618090e-03 -9.456428793842892e-04 -1.007677062041687e+00
62 31 -1.000280532535282e+00 -1.894953200980496e-03 -9.461702142718110e-04 -1.007680312554764e+00
62 32 -1.000280113999983e+00 -1.893848209417414e-03 -9.467300875334072e-04 -1.007683857582192e+00
62 33 -1.000279649268811e+00 -1.892689898500048e-03 -9.473290415865009e-04 -1.007687668263089e+00
62 34 -1.000279143076273e+00 -1.891486852822458e-03 -9.479729479668561e-04 -1.007691712306339e+00
62 35 -1.000278600767627e+00 -1.890248410200949e-03 -9.486661838254079e-04 -1.007695954347204e+00
62 36 -1.000278028193827e+00 -1.888984645099294e-03 -9.494108959746171e-04 -1.007700356320800e+00
62 37 -1.000277431622608e+00 -1.887706339100861e-03 -9.502064971483894e-04 -1.007704877778169e+00
62 38 -1.000276817675840e+00 -1.886424942697783e-03 -9.510494536631944e-04 -1.007709476097578e+00
62 39 -1.000276193288072e+00 -1.885152530119292e-03 -9.519333251508337e-04 -1.007714106605628e+00
62 40 -1.000275565666929e+00 -1.883901741829127e-03 -9.528489515086056e-04 -1.007718722690815e+00
62 41 -1.000274942230460e+00 -1.882685703015551e-03 -9.537846742631410e-04 -1.007723276027764e+00
62 42 -1.000274330503246e+00 -1.881517904557724e-03 -9.547265256178169e-04 -1.007727717013621e+00
62 43 -1.000273737969035e+00 -1.880412036045890e-03 -9.556583925392513e-04 -1.007731995456955e+00
62 44 -1.000273171895610e+00 -1.879381767709829e-03 -9.565622287428314e-04 -1.007736061480416e+00
62 45 -1.000272639159027e+00 -1.878440487776258e-03 -9.574184129353283e-04 -1.007739866533994e+00
62 46 -1.000272146094033e+00 -1.877601009800341e-03 -9.582063257227762e-04 -1.007743364395532e+00
62 47 -1.000271698385533e+00 -1.876875267045737e-03 -9.589051531847104e-04 -1.007746512069099e+00
62 48 -1.000271300999029e+00 -1.876274008956571e-03 -9.594948501714365e-04 -1.007749270557432e+00
62 49 -1.000270958135155e+00 -1.875806513281745e-03 -9.599571391309967e-04 -1.007751605538108e+00
62 50 -1.000270673191022e+00 -1.875480329151571e-03 -9.602764004766314e-04 -1.007753487983694e+00
62 51 -1.000270448718637e+00 -1.875301067874477e-03 -9.604403367439654e-04 -1.007754894738341e+00
62 52 -1.000270286382699e+00 -1.875272254204050e-03 -9.604403593821175e-04 -1.007755809024536e+00
62 53 -1.000270186929928e+00 -1.875395240782000e-03 -9.602717309765062e-04 -1.007756220829334e+00
62 54 -1.000270150185199e+00 -1.875669177032840e-03 -9.599335617883034e-04 -1.007756127120488e+00
62 55 -1.000270175084991e+00 -1.876091016893158e-03 -9.594287762532578e-04 -1.007755531867423e+00
62 56 -1.000270259748899e+00 -1.876655551866689e-03 -9.587641223386019e-04 -1.007754445875304e+00
62 57 -1.000270401580607e+00 -1.877355468427542e-03 -9.579502125740543e-04 -1.007752886459102e+00
62 58 -1.000270597385517e+00 -1.878181447179275e-03 -9.570014997433036e-04 -1.007750876974942e+00
62 59 -1.000270843493656e+00 -1.879122333859478e-03 -9.559360471452906e-04 -1.007748446201596e+00
62 60 -1.000271135880513e+00 -1.880165406981866e-03 -9.547749820604217e-04 -1.007745627557624e+00
62 61 -1.000271470281817e+00 -1.881296740903264e-03 -9.535416178832417e-04 -1.007742458169326e+00
62 62 -1.000271842299355e+00 -1.882501627317454e-03 -9.522603548038665e-04 -1.007738977860249e+00
62 63 -1.000272247494211e+00 -1.883764990908666e-03 -9.509555604951815e-04 -1.007735228182479e+00
63 0 -1.000273030394719e+00 -1.884482073410558e-03 -9.539438305674210e-04 -1.007731275151125e+00
63 1 -1.000273485738107e+00 -1.885816130994678e-03 -9.526500401334398e-04 -1.007727132943645e+00
63 2 -1.000273959894717e+00 -1.887160281112043e-03 -9.514016622569987e-04 -1.007722861593848e+00
63 3 -1.000274448832070e+00 -1.888500296049474e-03 -9.502169462495984e-04 -1.007718503850698e+00
63 4 -1.000274948658421e+00 -1.889822375394763e-03 -9.491121410284150e-04 -1.007714102247343e+00
63 5 -1.000275455611622e+00 -1.891113212147804e-03 -9.481013985531024e-04 -1.007709698917820e+00
63 6 -1.000275966047829e+00 -1.892360133028921e-03 -9.471965313592409e-04 -1.007705335214018e+00
63 7 -1.000276476435225e+00 -1.893551303846804e-03 -9.464066636504474e-04 -1.007701051133753e+00
63 8 -1.000276983353035e+00 -1.894675955027271e-03 -9.457378970898993e-04 -1.007696884668457e+00
63 9 -1.000277483490862e+00 -1.895724567563897e-03 -9.451931325720573e-04 -1.007692871229877e+00
63 10 -1.000277973640616e+00 -1.896688971433844e-03 -9.447721422125062e-04 -1.007689043296175e+00
63 11 -1.000278450674795e+00 -1.897562340260534e-03 -9.444718979480423e-04 -1.007685430337968e+00
63 12 -1.000278911510312e+00 -1.898339102044009e-03 -9.442870767220205e-04 -1.007682058982548e+00
63 13 -1.000279353063733e+00 -1.899014809776997e-03 -9.442106134347108e-04 -1.007678953297748e+00
63 14 -1.000279772208681e+00 -1.899586019019318e-03 -9.442341777341180e-04 -1.007676135057044e+00
63 15 -1.000280165747178e+00 -1.900050203811844e-03 -9.443485031301093e-04 -1.007673623885882e+00
63 16 -1.000280530403643e+00 -1.900405716676386e-03 -9.445435737498829e-04 -1.007671437262315e+00
63 17 -1.000280862843989e+00 -1.900651773982339e-03 -9.448087438552942e-04 -1.007669590419404e+00
63 18 -1.000281159715444e+00 -1.900788434382255e-03 -9.451328992164929e-04 -1.007668096241245e+00
63 19 -1.000281417698575e+00 -1.900816540900694e-03 -9.455047531790092e-04 -1.007666965239735e+00
63 20 -1.000281633563790e+00 -1.900737615111742e-03 -9.459133104613346e-04 -1.007666205648402e+00
63 21 -1.000281804229025e+00 -1.900553715758753e-03 -9.463484532057112e-04 -1.007665823600494e+00
63 22 -1.000281926819980e+00 -1.900267292579611e-03 -9.468015388039505e-04 -1.007665823308393e+00
63 23 -1.000281998736178e+00 -1.899881071436586e-03 -9.472658747056895e-04 -1.007666207153068e+00
63 24 -1.000282017725110e+00 -1.899397998433740e-03 -9.477369639654815e-04 -1.007666975623013e+00
63 25 -1.000281981964064e+00 -1.898821252891122e-03 -9.482124878707113e-04 -1.007668127092960e+00
63 26 -1.000281890146586e+00 -1.898154318617414e-03 -9.486920791872612e-04 -1.007669657481856e+00
63 27 -1.000281741568713e+00 -1.897401087640678e-03 -9.491770017441681e-04 -1.007671559859664e+00
63 28 -1.000281536209674e+00 -1.896565966607855e-03 -9.496698584336240e-04 -1.007673824074268e+00
63 29 -1.000281274802019e+00 -1.895653964060728e-03 -9.501743958868347e-04 -1.007676436448281e+00
63 30 -1.000280958885649e+00 -1.894670750647433e-03 -9.506953865793952e-04 -1.007679379569956e+00
63 31 -1.000280590838133e+00 -1.893622695708821e-03 -9.512384924976172e-04 -1.007682632190381e+00
63 32 -1.000280173872125e+00 -1.892516888037114e-03 -9.518099890093733e-04 -1.007686169240532e+00
63 33 -1.000279711993178e+00 -1.891361146846376e-03 -9.524162689904800e-04 -1.007689961980396e+00
63 34 -1.000279209919428e+00 -1.890164024741892e-03 -9.530631381854442e-04 -1.007693978274324e+00
63 35 -1.000278672975750e+00 -1.888934801166452e-03 -9.537550098035422e-04 -1.007698182954682e+00
63 36 -1.000278106983161e+00 -1.887683464472113e-03 -9.544941611870889e-04 -1.007702538206308e+00
63 37 -1.000277518164578e+00 -1.886420683141054e-03 -9.552802007510783e-04 -1.007707003896609e+00
63 38 -1.000276913078838e+00 -1.885157768772519e-03 -9.561098182716192e-04 -1.007711537802650e+00
63 39 -1.000276298579283e+00 -1.883906631730607e-03 -9.569767952787323e-04 -1.007716095744148e+00
63 40 -1.000275681777957e+00 -1.882679724454307e-03 -9.578721811248550e-04 -1.007720631697766e+00
63 41 -1.000275069989164e+00 -1.881489961110113e-03 -9.587845233089136e-04 -1.007725098009164e+00
63 42 -1.000274470631535e+00 -1.880350600010110e-03 -9.597000784275978e-04 -1.007729445809824e+00
63 43 -1.000273891083913e+00 -1.879275078618999e-03 -9.606029990415370e-04 -1.007733625686835e+00
63 44 -1.000273338509671e+00 -1.878276798478666e-03 -9.614755570010677e-04 -1.007737588573053e+00
63 45 -1.000272819677185e+00 -1.877368866133803e-03 -9.622984947642361e-04 -1.007741286758923e+00
63 46 -1.000272340805049e+00 -1.876563803177294e-03 -9.630515791896988e-04 -1.007744674904192e+00
63 47 -1.000271907449487e+00 -1.875873241657643e-03 -9.637143752968861e-04 -1.007747710954846e+00
63 48 -1.000271524434230e+00 -1.875307620566193e-03 -9.642671849188773e-04 -1.007750356929726e+00
63 49 -1.000271195808787e+00 -1.874875898010052e-03 -9.646920353301630e-04 -1.007752579596372e+00
63 50 -1.000270924816370e+00 -1.874585294604640e-03 -9.649735774442851e-04 -1.007754351075184e+00
63 51 -1.000270713858994e+00 -1.874441084984075e-03 -9.650997721697966e-04 -1.007755649390041e+00
63 52 -1.000270564459750e+00 -1.874446451321526e-03 -9.650623033260538e-04 -1.007756458944943e+00
63 53 -1.000270477233548e+00 -1.874602402952065e-03 -9.648567366221378e-04 -1.007756770880010e+00
63 54 -1.000270451882133e+00 -1.874907753285642e-03 -9.644825140025290e-04 -1.007756583261441e+00
63 55 -1.000270487225431e+00 -1.875359136707370e-03 -9.639428983724841e-04 -1.007755901083697e+00
63 56 -1.000270581271987e+00 -1.875951050022598e-03 -9.632449504676486e-04 -1.007754736091164e+00
63 57 -1.000270731321479e+00 -1.876675915832663e-03 -9.623995411318770e-04 -1.007753106442346e+00
63 58 -1.000270934086321e+00 -1.877524183440311e-03 -9.614213159939212e-04 -1.007751036233225e+00
63 59 -1.000271185819078e+00 -1.878484496014773e-03 -9.603284798153268e-04 -1.007748554876685e+00
63 60 -1.000271482436126e+00 -1.879543949864548e-03 -9.591422854282939e-04 -1.007745696325943e+00
63 61 -1.000271819632370e+00 -1.880688448720943e-03 -9.578861980705887e-04 -1.007742498152858e+00
63 62 -1.000272192984535e+00 -1.881903121070143e-03 -9.565848256162777e-04 -1.007739000543533e+00
63 63 -1.000272598040906e+00 -1.883172739388035e-03 -9.552628015983502e-04 -1.007735245324823e+00
