1.264182841042904e-07
1.000000000000000e-12
1.000000000000000e-17
3.532423889179481e-01
1.928751111883324e-01
1.494862063709800e+00
-1.500017464083440e+00
1.901109735892602e-07
64
64
5.327317990143776e-01
1
0 0 -1.000272222972068e+00 -1.882592507981342e-03 -9.620924253692801e-04 -1.007736077940116e+00
0 1 -1.000272717120143e+00 -1.884078977621516e-03 -9.605752730645003e-04 -1.007731504530605e+00
0 2 -1.000273229246094e+00 -1.885569582812957e-03 -9.591211689453008e-04 -1.007726805261438e+00
0 3 -1.000273755154331e+00 -1.887048066910089e-03 -9.577529211593030e-04 -1.007722027813627e+00
0 4 -1.000274290899032e+00 -1.888498959855033e-03 -9.564902388277870e-04 -1.007717218915003e+00
0 5 -1.000274832759869e+00 -1.889907673698836e-03 -9.553495287887858e-04 -1.007712424105428e+00
0 6 -1.000275377212594e+00 -1.891260610952869e-03 -9.543437478897816e-04 -1.007707687426462e+00
0 7 -1.000275920899845e+00 -1.892545294213817e-03 -9.534822940342286e-04 -1.007703051017306e+00
0 8 -1.000276460604845e+00 -1.893750507849000e-03 -9.527709483911254e-04 -1.007698554650527e+00
0 9 -1.000276993226501e+00 -1.894866428261970e-03 -9.522119001485248e-04 -1.007694235283954e+00
0 10 -1.000277515751242e+00 -1.895884716107656e-03 -9.518038821633184e-04 -1.007690126715870e+00
0 11 -1.000278025217318e+00 -1.896798552884082e-03 -9.515424240064085e-04 -1.007686259402658e+00
0 12 -1.000278518670738e+00 -1.897602618330220e-03 -9.514202043673781e-04 -1.007682660451690e+00
0 13 -1.000278993115742e+00 -1.898293016056745e-03 -9.514274707755589e-04 -1.007679353763459e+00
0 14 -1.000279445465553e+00 -1.898867160959839e-03 -9.515524922192604e-04 -1.007676360274377e+00
0 15 -1.000279872501239e+00 -1.899323644894011e-03 -9.517820154887625e-04 -1.007673698241575e+00
0 16 -1.000280270847494e+00 -1.899662096271578e-03 -9.521017083382168e-04 -1.007671383514932e+00
0 17 -1.000280636971840e+00 -1.899883042972283e-03 -9.524965911042563e-04 -1.007669429764823e+00
0 18 -1.000280967208304e+00 -1.899987778762006e-03 -9.529514750895560e-04 -1.007667848667479e+00
0 19 -1.000281257801624e+00 -1.899978228109852e-03 -9.534514292873073e-04 -1.007666650069348e+00
0 20 -1.000281504966870e+00 -1.899856806879799e-03 -9.539822835561137e-04 -1.007665842142951e+00
0 21 -1.000281704961633e+00 -1.899626283984717e-03 -9.545311540680118e-04 -1.007665431520792e+00
0 22 -1.000281854170325e+00 -1.899289655974639e-03 -9.550869562382911e-04 -1.007665423373442e+00
0 23 -1.000281949200616e+00 -1.898850049824353e-03 -9.556408572525411e-04 -1.007665821393058e+00
0 24 -1.000281986991566e+00 -1.898310669056930e-03 -9.561866178632788e-04 -1.007666627650481e+00
0 25 -1.000281964932243e+00 -1.897674794618250e-03 -9.567207846614088e-04 -1.007667842309090e+00
0 26 -1.000281880987589e+00 -1.896945843640403e-03 -9.572427188270042e-04 -1.007669463204121e+00
0 27 -1.000281733824755e+00 -1.896127477556403e-03 -9.577544755078959e-04 -1.007671485329463e+00
0 28 -1.000281522929372e+00 -1.895223740438705e-03 -9.582605646783569e-04 -1.007673900302080e+00
0 29 -1.000281248700221e+00 -1.894239203884743e-03 -9.587676215249861e-04 -1.007676695882876e+00
0 30 -1.000280912512744e+00 -1.893179097839088e-03 -9.592839971189700e-04 -1.007679855619074e+00
0 31 -1.000280516745425e+00 -1.892049414632891e-03 -9.598192618250095e-04 -1.007683358646840e+00
0 32 -1.000280064766696e+00 -1.890856981622230e-03 -9.603836071799693e-04 -1.007687179666272e+00
0 33 -1.000279560883860e+00 -1.889609503375996e-03 -9.609871427374103e-04 -1.007691289078477e+00
0 34 -1.000279010260564e+00 -1.888315577973716e-03 -9.616391102705027e-04 -1.007695653252693e+00
0 35 -1.000278418814748e+00 -1.886984695154037e-03 -9.623470687259518e-04 -1.007700234868619e+00
0 36 -1.000277793111851e+00 -1.885627225931479e-03 -9.631161249946834e-04 -1.007704993265301e+00
0 37 -1.000277140265682e+00 -1.884254410981690e-03 -9.639482864003105e-04 -1.007709884738842e+00
0 38 -1.000276467851851e+00 -1.882878347888386e-03 -9.648419898898479e-04 -1.007714862769897e+00
0 39 -1.000275783829562e+00 -1.881511968884785e-03 -9.657918310518289e-04 -1.007719878210769e+00
0 40 -1.000275096460993e+00 -1.880168995419803e-03 -9.667884883809859e-04 -1.007724879497465e+00
0 41 -1.000274414215472e+00 -1.878863854502292e-03 -9.678188242916193e-04 -1.007729812964774e+00
0 42 -1.000273745648173e+00 -1.877611542597685e-03 -9.688661444078157e-04 -1.007734623335941e+00
0 43 -1.000273099249568e+00 -1.876427426110675e-03 -9.699106044094349e-04 -1.007739254434006e+00
0 44 -1.000272483271115e+00 -1.875326975438456e-03 -9.709297616211901e-04 -1.007743650116786e+00
0 45 -1.000271905541405e+00 -1.874325441496075e-03 -9.718992703702408e-04 -1.007747755382510e+00
0 46 -1.000271373290554e+00 -1.873437493884970e-03 -9.727937123825373e-04 -1.007751517555378e+00
0 47 -1.000270892997069e+00 -1.872676843279750e-03 -9.735875372486585e-04 -1.007754887460211e+00
0 48 -1.000270470263798e+00 -1.872055867932189e-03 -9.742560693520104e-04 -1.007757820523777e+00
0 49 -1.000270109722958e+00 -1.871585260472451e-03 -9.747765238587638e-04 -1.007760277769800e+00
0 50 -1.000269814967387e+00 -1.871273709429071e-03 -9.751289690645378e-04 -1.007762226688595e+00
0 51 -1.000269588505410e+00 -1.871127628740032e-03 -9.752971756934661e-04 -1.007763641964566e+00
0 52 -1.000269431738541e+00 -1.871150945736953e-03 -9.752693058836962e-04 -1.007764506044231e+00
0 53 -1.000269344963856e+00 -1.871344953860993e-03 -9.750384156206086e-04 -1.007764809525487e+00
0 54 -1.000269327404973e+00 -1.871708232744434e-03 -9.746027688051646e-04 -1.007764551345330e+00
0 55 -1.000269377275239e+00 -1.872236636781868e-03 -9.739659770483557e-04 -1.007763738743927e+00
0 56 -1.000269491873315e+00 -1.872923353957569e-03 -9.731369776758380e-04 -1.007762386992609e+00
0 57 -1.000269667706946e+00 -1.873759038288872e-03 -9.721298471408562e-04 -1.007760518888788e+00
0 58 -1.000269900637513e+00 -1.874732019771586e-03 -9.709634320231715e-04 -1.007758164035069e+00
0 59 -1.000270186036550e+00 -1.875828593147136e-03 -9.696607770381369e-04 -1.007755357932162e+00
0 60 -1.000270518944842e+00 -1.877033380087684e-03 -9.682483428113901e-04 -1.007752140929334e+00
0 61 -1.000270894224765e+00 -1.878329748711540e-03 -9.667550347354583e-04 -1.007748557093851e+00
0 62 -1.000271306697675e+00 -1.879700261449665e-03 -9.652111039562405e-04 -1.007744653078389e+00
0 63 -1.000271751259836e+00 -1.881127111665190e-03 -9.636470195140114e-04 -1.007740477075421e+00
1 0 -1.000272817848684e+00 -1.882179685948842e-03 -9.662475973875340e-04 -1.007735352638504e+00
1 1 -1.000273311226614e+00 -1.883671851970507e-03 -9.647131918622822e-04 -1.007730780076967e+00
1 2 -1.000273820585159e+00 -1.885163140672007e-03 -9.632469631674615e-04 -1.007726097656762e+00
1 3 -1.000274341760097e+00 -1.886637259095777e-03 -9.618719267245015e-04 -1.007721352835486e+00
1 4 -1.000274870864116e+00 -1.888078772926805e-03 -9.606079208125299e-04 -1.007716591900034e+00
1 5 -1.000275404261201e+00 -1.889473198561734e-03 -9.594714045264714e-04 -1.007711859751768e+00
1 6 -1.000275938534234e+00 -1.890807105430963e-03 -9.584753171605520e-04 -1.007707199622780e+00
1 7 -1.000276470451613e+00 -1.892068238256043e-03 -9.576289783675324e-04 -1.007702652701400e+00
1 8 -1.000276996935747e+00 -1.893245649721723e-03 -9.569380412938147e-04 -1.007698257700326e+00
1 9 -1.000277515032773e+00 -1.894329821844575e-03 -9.564045268290350e-04 -1.007694050438251e+00
1 10 -1.000278021880735e+00 -1.895312753304587e-03 -9.560269607444951e-04 -1.007690063511121e+00
1 11 -1.000278514673311e+00 -1.896187996583036e-03 -9.558006186954019e-04 -1.007686326108625e+00
1 12 -1.000278990617333e+00 -1.896950637522418e-03 -9.557178688724544e-04 -1.007682864000247e+00
1 13 -1.000279446884544e+00 -1.897597219266447e-03 -9.557685899334923e-04 -1.007679699681375e+00
1 14 -1.000279880561703e+00 -1.898125622410179e-03 -9.559406317734491e-04 -1.007676852636335e+00
1 15 -1.000280288607210e+00 -1.898534920249797e-03 -9.562202849129076e-04 -1.007674339652450e+00
1 16 -1.000280667823953e+00 -1.898825227380597e-03 -9.565927371502937e-04 -1.007672175122300e+00
1 17 -1.000281014855215e+00 -1.898997551849265e-03 -9.570425176676359e-04 -1.007670371300033e+00
1 18 -1.000281326205177e+00 -1.899053652316081e-03 -9.575539440921350e-04 -1.007668938510004e+00
1 19 -1.000281598281523e+00 -1.898995898269279e-03 -9.581115888398331e-04 -1.007667885319932e+00
1 20 -1.000281827456425e+00 -1.898827133003506e-03 -9.587007713532513e-04 -1.007667218684882e+00
1 21 -1.000282010142324e+00 -1.898550542222452e-03 -9.593080687883183e-04 -1.007666944056440e+00
1 22 -1.000282142879189e+00 -1.898169534554095e-03 -9.599218204752976e-04 -1.007667065441518e+00
1 23 -1.000282222430940e+00 -1.897687644845840e-03 -9.605325833849666e-04 -1.007667585385420e+00
1 24 -1.000282245890534e+00 -1.897108475132868e-03 -9.611334866066724e-04 -1.007668504846525e+00
1 25 -1.000282210793871e+00 -1.896435687033895e-03 -9.617204421640517e-04 -1.007669822937092e+00
1 26 -1.000282115240379e+00 -1.895673050823156e-03 -9.622921947729962e-04 -1.007671536532241e+00
1 27 -1.000281958013899e+00 -1.894824544120274e-03 -9.628502202104266e-04 -1.007673639785634e+00
1 28 -1.000281738694536e+00 -1.893894483147872e-03 -9.633984977183277e-04 -1.007676123616004e+00
1 29 -1.000281457751760e+00 -1.892887665283327e-03 -9.639431827472472e-04 -1.007678975234718e+00
1 30 -1.000281116610090e+00 -1.891809502785935e-03 -9.644921958941326e-04 -1.007682177776191e+00
1 31 -1.000280717679972e+00 -1.890666132284081e-03 -9.650547285258225e-04 -1.007685710077795e+00
1 32 -1.000280264348877e+00 -1.889464491394579e-03 -9.656406546648873e-04 -1.007689546634962e+00
1 33 -1.000279760932559e+00 -1.888212361434813e-03 -9.662598428414902e-04 -1.007693657728878e+00
1 34 -1.000279212593269e+00 -1.886918381952837e-03 -9.669213844693660e-04 -1.007698009692075e+00
1 35 -1.000278625237392e+00 -1.885592046968479e-03 -9.676327872818816e-04 -1.007702565251906e+00
1 36 -1.000278005407019e+00 -1.884243693079983e-03 -9.683992058681670e-04 -1.007707283884098e+00
1 37 -1.000277360177480e+00 -1.882884485836028e-03 -9.692227839556401e-04 -1.007712122123261e+00
1 38 -1.000276697066899e+00 -1.881526404469444e-03 -9.701021653448520e-04 -1.007717033809519e+00
1 39 -1.000276023955887e+00 -1.880182218454655e-03 -9.710322024355750e-04 -1.007721970290273e+00
1 40 -1.000275349007961e+00 -1.878865443862061e-03 -9.720038646434575e-04 -1.007726880632945e+00
1 41 -1.000274680576914e+00 -1.877590263776354e-03 -9.730043317022861e-04 -1.007731711928758e+00
1 42 -1.000274027088835e+00 -1.876371396407353e-03 -9.740172520603333e-04 -1.007736409768780e+00
1 43 -1.000273396894037e+00 -1.875223899025846e-03 -9.750231520683076e-04 -1.007740918944400e+00
1 44 -1.000272798094672e+00 -1.874162905707771e-03 -9.759999901029468e-04 -1.007745184371612e+00
1 45 -1.000272238362284e+00 -1.873203308418416e-03 -9.769238524879231e-04 -1.007749152184893e+00
1 46 -1.000271724762391e+00 -1.872359399150578e-03 -9.777697807773818e-04 -1.007752770916172e+00
1 47 -1.000271263600250e+00 -1.871644493688657e-03 -9.785127052827835e-04 -1.007755992673948e+00
1 48 -1.000270860295857e+00 -1.871070557112439e-03 -9.791284437500737e-04 -1.007758774255008e+00
1 49 -1.000270519290074e+00 -1.870647849821597e-03 -9.795947112729133e-04 -1.007761078142417e+00
1 50 -1.000270243979259e+00 -1.870384610846955e-03 -9.798920798997856e-04 -1.007762873362424e+00
1 51 -1.000270036674398e+00 -1.870286791806383e-03 -9.800048266624865e-04 -1.007764136187052e+00
1 52 -1.000269898582531e+00 -1.870357850693944e-03 -9.799216204642769e-04 -1.007764850673077e+00
1 53 -1.000269829812005e+00 -1.870598611180206e-03 -9.796360206403246e-04 -1.007765009021269e+00
1 54 -1.000269829405786e+00 -1.871007190576345e-03 -9.791467844485631e-04 -1.007764611731991e+00
1 55 -1.000269895406320e+00 -1.871578997533334e-03 -9.784579958978940e-04 -1.007763667536811e+00
1 56 -1.000270024951967e+00 -1.872306799250467e-03 -9.775790290758985e-04 -1.007762193100394e+00
1 57 -1.000270214401093e+00 -1.873180858595797e-03 -9.765243492462038e-04 -1.007760212501501e+00
1 58 -1.000270459477100e+00 -1.874189143708997e-03 -9.753131420086339e-04 -1.007757756509398e+00
1 59 -1.000270755425999e+00 -1.875317613173948e-03 -9.739687525085735e-04 -1.007754861678259e+00
1 60 -1.000271097176998e+00 -1.876550574719879e-03 -9.725179219714058e-04 -1.007751569296397e+00
1 61 -1.000271479496498e+00 -1.877871103510340e-03 -9.709898350706757e-04 -1.007747924249697e+00
1 62 -1.000271897127006e+00 -1.879261491196241e-03 -9.694150346465555e-04 -1.007743973880005e+00
1 63 -1.000272344904363e+00 -1.880703686250324e-03 -9.678242999370973e-04 -1.007739766927926e+00
2 0 -1.000273489567425e+00 -1.881872526848229e-03 -9.700209528741472e-04 -1.007734348253199e+00
2 1 -1.000273983986447e+00 -1.883374155799169e-03 -9.684668654376038e-04 -1.007729764079438e+00
2 2 -1.000274492369488e+00 -1.884869918411658e-03 -9.669863049073950e-04 -1.007725086087837e+00
2 3 -1.000275010561510e+00 -1.886343450029400e-03 -9.656025004578966e-04 -1.007720361636699e+00
2 4 -1.000275534711438e+00 -1.887779314045066e-03 -9.643354276808366e-04 -1.007715636700199e+00
2 5 -1.000276061246520e+00 -1.889163094055676e-03 -9.632016014613295e-04 -1.007710955664170e+00
2 6 -1.000276586838193e+00 -1.890481492241576e-03 -9.622139386893640e-04 -1.007706361063882e+00
2 7 -1.000277108364775e+00 -1.891722443112709e-03 -9.613816704121264e-04 -1.007701893242624e+00
2 8 -1.000277622874391e+00 -1.892875235618958e-03 -9.607103103739374e-04 -1.007697589956537e+00
2 9 -1.000278127549374e+00 -1.893930626776268e-03 -9.602016987666212e-04 -1.007693485982600e+00
2 10 -1.000278619671187e+00 -1.894880926546997e-03 -9.598541383283421e-04 -1.007689612799316e+00
2 11 -1.000279096583152e+00 -1.895720035428553e-03 -9.596626323140875e-04 -1.007685998402900e+00
2 12 -1.000279555648034e+00 -1.896443423399755e-03 -9.596192219156007e-04 -1.007682667294989e+00
2 13 -1.000279994200000e+00 -1.897048050834676e-03 -9.597134040623247e-04 -1.007679640636345e+00
2 14 -1.000280409494745e+00 -1.897532243859543e-03 -9.599325965263498e-04 -1.007676936521820e+00
2 15 -1.000280798665337e+00 -1.897895542389804e-03 -9.602626167850641e-04 -1.007674570313141e+00
2 16 -1.000281158692456e+00 -1.898138537453684e-03 -9.606881548144581e-04 -1.007672554971731e+00
2 17 -1.000281486395979e+00 -1.898262709341475e-03 -9.611932364605880e-04 -1.007670901352940e+00
2 18 -1.000281778451577e+00 -1.898270273443597e-03 -9.617616835516521e-04 -1.007669618443213e+00
2 19 -1.000282031432247e+00 -1.898164036706672e-03 -9.623775800774981e-04 -1.007668713538149e+00
2 20 -1.000282241871333e+00 -1.897947264094358e-03 -9.630257533370801e-04 -1.007668192370324e+00
2 21 -1.000282406341438e+00 -1.897623553458365e-03 -9.636922710047931e-04 -1.007668059196263e+00
2 22 -1.000282521543916e+00 -1.897196721210778e-03 -9.643649358819253e-04 -1.007668316839132e+00
2 23 -1.000282584405959e+00 -1.896670708282175e-03 -9.650337377880707e-04 -1.007668966665064e+00
2 24 -1.000282592184649e+00 -1.896049520450528e-03 -9.656912122057081e-04 -1.007670008461891e+00
2 25 -1.000282542577497e+00 -1.895337215337456e-03 -9.663326646887332e-04 -1.007671440198770e+00
2 26 -1.000282433837036e+00 -1.894537941237460e-03 -9.669562410222739e-04 -1.007673257669008e+00
2 27 -1.000282264884605e+00 -1.893656024021087e-03 -9.675628445254399e-04 -1.007675454044372e+00
2 28 -1.000282035416823e+00 -1.892696090031931e-03 -9.681559184006139e-04 -1.007678019389264e+00
2 29 -1.000281745996934e+00 -1.891663206340895e-03 -9.687411196988842e-04 -1.007680940195982e+00
2 30 -1.000281398121901e+00 -1.890563016725187e-03 -9.693259076148262e-04 -1.007684199006850e+00
2 31 -1.000280994256038e+00 -1.889401854332959e-03 -9.699190528798926e-04 -1.007687774180745e+00
2 32 -1.000280537824912e+00 -1.888186819903031e-03 -9.705300595109782e-04 -1.007691639837399e+00
2 33 -1.000280033169209e+00 -1.886925824244748e-03 -9.711684914102652e-04 -1.007695765977709e+00
2 34 -1.000279485464987e+00 -1.885627601354508e-03 -9.718432180470404e-04 -1.007700118744483e+00
2 35 -1.000278900621657e+00 -1.884301702092088e-03 -9.725616231189919e-04 -1.007704660766451e+00
2 36 -1.000278285171295e+00 -1.882958478237222e-03 -9.733288414509121e-04 -1.007709351522643e+00
2 37 -1.000277646162117e+00 -1.881609064092209e-03 -9.741470944807386e-04 -1.007714147672992e+00
2 38 -1.000276991064416e+00 -1.880265357917905e-03 -9.750151837701875e-04 -1.007719003324762e+00
2 39 -1.000276327688930e+00 -1.878939998474446e-03 -9.759281789796795e-04 -1.007723870243634e+00
2 40 -1.000275664108248e+00 -1.877646324194477e-03 -9.768773091380302e-04 -1.007728698064086e+00
2 41 -1.000275008566387e+00 -1.876398297236275e-03 -9.778500447763434e-04 -1.007733434585456e+00
2 42 -1.000274369363579e+00 -1.875210375008529e-03 -9.788303514235003e-04 -1.007738026238584e+00
2 43 -1.000273754711484e+00 -1.874097318211735e-03 -9.797990996839503e-04 -1.007742418772316e+00
2 44 -1.000273172564062e+00 -1.873073934217056e-03 -9.807346236323550e-04 -1.007746558158272e+00
2 45 -1.000272630437015e+00 -1.872154764002309e-03 -9.816134197715186e-04 -1.007750391667436e+00
2 46 -1.000272135232142e+00 -1.871353727947187e-03 -9.824109726024296e-04 -1.007753869043747e+00
2 47 -1.000271693081841e+00 -1.870683750427294e-03 -9.831026824132206e-04 -1.007756943688914e+00
2 48 -1.000271309223863e+00 -1.870156385201512e-03 -9.836648575989621e-04 -1.007759573779611e+00
2 49 -1.000270987909114e+00 -1.869781462432867e-03 -9.840757196226987e-04 -1.007761723261539e+00
2 50 -1.000270732339277e+00 -1.869566774270742e-03 -9.843163588620074e-04 -1.007763362693695e+00
2 51 -1.000270544629224e+00 -1.869517811470495e-03 -9.843715800634922e-04 -1.007764469934088e+00
2 52 -1.000270425791761e+00 -1.869637560477822e-03 -9.842305884444731e-04 -1.007765030657315e+00
2 53 -1.000270375746142e+00 -1.869926368207253e-03 -9.838874874569916e-04 -1.007765038684739e+00
2 54 -1.000270393353926e+00 -1.870381878419638e-03 -9.833415805602793e-04 -1.007764496105455e+00
2 55 -1.000270476485001e+00 -1.870999039114295e-03 -9.825974863806014e-04 -1.007763413176230e+00
2 56 -1.000270622114001e+00 -1.871770177645544e-03 -9.816650841978000e-04 -1.007761808001960e+00
2 57 -1.000270826444150e+00 -1.872685142002801e-03 -9.805593011581286e-04 -1.007759706005555e+00
2 58 -1.000271085052654e+00 -1.873731511236319e-03 -9.792997367327216e-04 -1.007757139198597e+00
2 59 -1.000271393049284e+00 -1.874894879781830e-03 -9.779101059521564e-04 -1.007754145271301e+00
2 60 -1.000271745238431e+00 -1.876159214718401e-03 -9.764174864759219e-04 -1.007750766537687e+00
2 61 -1.000272136274797e+00 -1.877507272375131e-03 -9.748513817942522e-04 -1.007747048795172e+00
2 62 -1.000272560804099e+00 -1.878921046705949e-03 -9.732426535315203e-04 -1.007743040176727e+00
2 63 -1.000273013582077e+00 -1.880382212662030e-03 -9.716224102196471e-04 -1.007738790080481e+00
3 0 -1.000274230855549e+00 -1.881675135818997e-03 -9.733751794565915e-04 -1.007733071956917e+00
3 1 -1.000274728131396e+00 -1.883189930279017e-03 -9.717989871625439e-04 -1.007728463773408e+00
3 2 -1.000275237359104e+00 -1.884693943836107e-03 -9.703018386404700e-04 -1.007723777683124e+00
3 3 -1.000275754369589e+00 -1.886170704407373e-03 -9.689071847642030e-04 -1.007719061073371e+00
3 4 -1.000276275324646e+00 -1.887604736088604e-03 -9.676351446822868e-04 -1.007714359734862e+00
3 5 -1.000276796692420e+00 -1.888981653228375e-03 -9.665022896945442e-04 -1.007709717663683e+00
3 6 -1.000277315212006e+00 -1.890288253816256e-03 -9.655215110769058e-04 -1.007705176823475e+00
3 7 -1.000277827852429e+00 -1.891512623723190e-03 -9.647019477191498e-04 -1.007700776839151e+00
3 8 -1.000278331770801e+00 -1.892644250249952e-03 -9.640489693458918e-04 -1.007696554632399e+00
3 9 -1.000278824272426e+00 -1.893674131176904e-03 -9.635642265191603e-04 -1.007692544047676e+00
3 10 -1.000279302772385e+00 -1.894594857472810e-03 -9.632457863376483e-04 -1.007688775542577e+00
3 11 -1.000279764755808e+00 -1.895400648655073e-03 -9.630883684200585e-04 -1.007685276012039e+00
3 12 -1.000280207734248e+00 -1.896087329742932e-03 -9.630836797561602e-04 -1.007682068781447e+00
3 13 -1.000280629198001e+00 -1.896652251456865e-03 -9.632208287928740e-04 -1.007679173760688e+00
3 14 -1.000281026567180e+00 -1.897094163888343e-03 -9.634867900603348e-04 -1.007676607721795e+00
3 15 -1.000281397146920e+00 -1.897413057422825e-03 -9.638668929560387e-04 -1.007674384650092e+00
3 16 -1.000281738094313e+00 -1.897609986533093e-03 -9.643453153099213e-04 -1.007672516113608e+00
3 17 -1.000282046405415e+00 -1.897686892818047e-03 -9.649055691623760e-04 -1.007671011597180e+00
3 18 -1.000282318928553e+00 -1.897646440316558e-03 -9.655309746030553e-04 -1.007669878764477e+00
3 19 -1.000282552405092e+00 -1.897491868105317e-03 -9.662051282419920e-04 -1.007669123640684e+00
3 20 -1.000282743533518e+00 -1.897226857759670e-03 -9.669123785132678e-04 -1.007668750731667e+00
3 21 -1.000282889050331e+00 -1.896855412271837e-03 -9.676383118044105e-04 -1.007668763095498e+00
3 22 -1.000282985822073e+00 -1.896381748145042e-03 -9.683702334277707e-04 -1.007669162364989e+00
3 23 -1.000283030944832e+00 -1.895810208079047e-03 -9.690976083557862e-04 -1.007669948704909e+00
3 24 -1.000283021848686e+00 -1.895145203928895e-03 -9.698124189266604e-04 -1.007671120685560e+00
3 25 -1.000282956404928e+00 -1.894391198926878e-03 -9.705094009395249e-04 -1.007672675060836e+00
3 26 -1.000282833034090e+00 -1.893552735810721e-03 -9.711861317921580e-04 -1.007674606448014e+00
3 27 -1.000282650812581e+00 -1.892634512350162e-03 -9.718429628056182e-04 -1.007676906920766e+00
3 28 -1.000282409573976e+00 -1.891641496627270e-03 -9.724828094269628e-04 -1.007679565549747e+00
3 29 -1.000282109997767e+00 -1.890579064171598e-03 -9.731108276885546e-04 -1.007682567949702e+00
3 30 -1.000281753675812e+00 -1.889453133592230e-03 -9.737340031071772e-04 -1.007685895903953e+00
3 31 -1.000281343146886e+00 -1.888270280111388e-03 -9.743606617928993e-04 -1.007689527127471e+00
3 32 -1.000280881893165e+00 -1.887037815124529e-03 -9.749998987277342e-04 -1.007693435202613e+00
3 33 -1.000280374297583e+00 -1.885763829393067e-03 -9.756609191012197e-04 -1.007697589688809e+00
3 34 -1.000279825566476e+00 -1.884457204437728e-03 -9.763523056092914e-04 -1.007701956378477e+00
3 35 -1.000279241627194e+00 -1.883127601074683e-03 -9.770812479461112e-04 -1.007706497649034e+00
3 36 -1.000278629014534e+00 -1.881785436310245e-03 -9.778527907576115e-04 -1.007711172846630e+00
3 37 -1.000277994760723e+00 -1.880441858823001e-03 -9.786691667304720e-04 -1.007715938638171e+00
3 38 -1.000277346298788e+00 -1.879108727514057e-03 -9.795292770439492e-04 -1.007720749292765e+00
3 39 -1.000276691379627e+00 -1.877798588166377e-03 -9.804283609464084e-04 -1.007725556900356e+00
3 40 -1.000276037993281e+00 -1.876524634239496e-03 -9.813578680676351e-04 -1.007730311584974e+00
3 41 -1.000275394280003e+00 -1.875300633487834e-03 -9.823055253442774e-04 -1.007734961798109e+00
3 42 -1.000274768418534e+00 -1.874140803727775e-03 -9.832555827122605e-04 -1.007739454772653e+00
3 43 -1.000274168485847e+00 -1.873059627028835e-03 -9.841892234030494e-04 -1.007743737187035e+00
3 44 -1.000273602291535e+00 -1.872071599660021e-03 -9.850851268562069e-04 -1.007747756046843e+00
3 45 -1.000273077198542e+00 -1.871190924032123e-03 -9.859201712380001e-04 -1.007751459747282e+00
3 46 -1.000272599947229e+00 -1.870431157498012e-03 -9.866702589488489e-04 -1.007754799242491e+00
3 47 -1.000272176499581e+00 -1.869804839101622e-03 -9.873112413077130e-04 -1.007757729229041e+00
3 48 -1.000271811914427e+00 -1.869323117161092e-03 -9.878199060661048e-04 -1.007760209259631e+00
3 49 -1.000271510256403e+00 -1.868995398109327e-03 -9.881749767763457e-04 -1.007762204732192e+00
3 50 -1.000271274535413e+00 -1.868829032960833e-03 -9.883580639776059e-04 -1.007763687728398e+00
3 51 -1.000271106671982e+00 -1.868829054772300e-03 -9.883545092756886e-04 -1.007764637688160e+00
3 52 -1.000271007485885e+00 -1.868997978532306e-03 -9.881540731345576e-04 -1.007765041905067e+00
3 53 -1.000270976708306e+00 -1.869335671851356e-03 -9.877514328587170e-04 -1.007764895825136e+00
3 54 -1.000271013019840e+00 -1.869839299405383e-03 -9.871464779314481e-04 -1.007764203135784e+00
3 55 -1.000271114116994e+00 -1.870503338425510e-03 -9.863444115435025e-04 -1.007762975640552e+00
3 56 -1.000271276808244e+00 -1.871319660504355e-03 -9.853556794504326e-04 -1.007761232921687e+00
3 57 -1.000271497137630e+00 -1.872277678001188e-03 -9.841957419240409e-04 -1.007759001796138e+00
3 58 -1.000271770530263e+00 -1.873364558044625e-03 -9.828846866681337e-04 -1.007756315575267e+00
3 59 -1.000272091951474e+00 -1.874565508119542e-03 -9.814466670137283e-04 -1.007753213148701e+00
3 60 -1.000272456069914e+00 -1.875864131705477e-03 -9.799091543586770e-04 -1.007749737928481e+00
3 61 -1.000272857414848e+00 -1.877242841959518e-03 -9.783020170996411e-04 -1.007745936707628e+00
3 62 -1.000273290518974e+00 -1.878683309520452e-03 -9.766564708996448e-04 -1.007741858503898e+00
3 63 -1.000273750039887e+00 -1.880166910443690e-03 -9.750039763447556e-04 -1.007737553470770e+00
4 0 -1.000275033701985e+00 -1.881590630939884e-03 -9.762758463292266e-04 -1.007731534292453e+00
4 1 -1.000275535627916e+00 -1.883122177689002e-03 -9.746751975548025e-04 -1.007726889942586e+00
4 2 -1.000276047521717e+00 -1.884638150910317e-03 -9.731592176720209e-04 -1.007722183303613e+00
4 3 -1.000276565177609e+00 -1.886121938947380e-03 -9.717515844564387e-04 -1.007717461912565e+00
4 4 -1.000277084746871e+00 -1.887557992492491e-03 -9.704725626421464e-04 -1.007712771502216e+00
4 5 -1.000277602714722e+00 -1.888931919180086e-03 -9.693387813357531e-04 -1.007708155812548e+00
4 6 -1.000278115864225e+00 -1.890230571674402e-03 -9.683631089561572e-04 -1.007703656376841e+00
4 7 -1.000278621232930e+00 -1.891442145119659e-03 -9.675545938387375e-04 -1.007699312242003e+00
4 8 -1.000279116067806e+00 -1.892556285421075e-03 -9.669184584238182e-04 -1.007695159625757e+00
4 9 -1.000279597781460e+00 -1.893564193964794e-03 -9.664561566664223e-04 -1.007691231560929e+00
4 10 -1.000280063909541e+00 -1.894458705929140e-03 -9.661655147131337e-04 -1.007687557602383e+00
4 11 -1.000280512067768e+00 -1.895234322826195e-03 -9.660409675782261e-04 -1.007684163660603e+00
4 12 -1.000280939907261e+00 -1.895887190134661e-03 -9.660738881741155e-04 -1.007681071992168e+00
4 13 -1.000281345067624e+00 -1.896415019523799e-03 -9.662529933661844e-04 -1.007678301346707e+00
4 14 -1.000281725128469e+00 -1.896816960531996e-03 -9.665648081168333e-04 -1.007675867248913e+00
4 15 -1.000282077563125e+00 -1.897093432631349e-03 -9.669941667627040e-04 -1.007673782372999e+00
4 16 -1.000282399702364e+00 -1.897245935849642e-03 -9.675247275466998e-04 -1.007672056946219e+00
4 17 -1.000282688717913e+00 -1.897276860841304e-03 -9.681394791818516e-04 -1.007670699115096e+00
4 18 -1.000282941632822e+00 -1.897189313668643e-03 -9.688212305019257e-04 -1.007669715231931e+00
4 19 -1.000283155360166e+00 -1.896986960863903e-03 -9.695530884283216e-04 -1.007669110053301e+00
4 20 -1.000283326766618e+00 -1.896673894094938e-03 -9.703189337547102e-04 -1.007668886861540e+00
4 21 -1.000283452755246e+00 -1.896254513113513e-03 -9.711038961950638e-04 -1.007669047519861e+00
4 22 -1.000283530361339e+00 -1.895733427211031e-03 -9.718948169327326e-04 -1.007669592465430e+00
4 23 -1.000283556855217e+00 -1.895115376782428e-03 -9.726806746422287e-04 -1.007670520641711e+00
4 24 -1.000283529846965e+00 -1.894405179071485e-03 -9.734529406978669e-04 -1.007671829367609e+00
4 25 -1.000283447390363e+00 -1.893607706133935e-03 -9.742058237708393e-04 -1.007673514133179e+00
4 26 -1.000283308085425e+00 -1.892727904720166e-03 -9.749363703295301e-04 -1.007675568309223e+00
4 27 -1.000283111179049e+00 -1.891770862837226e-03 -9.756444081596997e-04 -1.007677982772260e+00
4 28 -1.000282856660697e+00 -1.890741916974383e-03 -9.763323451202587e-04 -1.007680745474234e+00
4 29 -1.000282545346560e+00 -1.889646783198872e-03 -9.770048499422093e-04 -1.007683841012492e+00
4 30 -1.000282178943507e+00 -1.888491690145775e-03 -9.776684399690936e-04 -1.007687250266041e+00
4 31 -1.000281760084135e+00 -1.887283493613406e-03 -9.783309892638103e-04 -1.007690950156609e+00
4 32 -1.000281292326163e+00 -1.886029758715878e-03 -9.790011604215517e-04 -1.007694913573387e+00
4 33 -1.000280780112969e+00 -1.884738803594551e-03 -9.796877613190930e-04 -1.007699109473838e+00
4 34 -1.000280228697603e+00 -1.883419707022270e-03 -9.803990360988174e-04 -1.007703503142309e+00
4 35 -1.000279644039509e+00 -1.882082289638056e-03 -9.811419175209362e-04 -1.007708056556949e+00
4 36 -1.000279032688834e+00 -1.880737082811279e-03 -9.819212899160946e-04 -1.007712728793637e+00
4 37 -1.000278401673943e+00 -1.879395297720128e-03 -9.827393268488289e-04 -1.007717476396841e+00
4 38 -1.000277758402227e+00 -1.878068799784068e-03 -9.835949652188636e-04 -1.007722253677321e+00
4 39 -1.000277110574885e+00 -1.876770083273839e-03 -9.844835586958847e-04 -1.007727012944775e+00
4 40 -1.000276466107531e+00 -1.875512232400158e-03 -9.853967291701495e-04 -1.007731704728614e+00
4 41 -1.000275833043435e+00 -1.874308851221761e-03 -9.863224161588808e-04 -1.007736278065582e+00
4 42 -1.000275219446286e+00 -1.873173945316307e-03 -9.872451137647501e-04 -1.007740680934199e+00
4 43 -1.000274633264507e+00 -1.872121742605408e-03 -9.881462801994850e-04 -1.007744860894662e+00
4 44 -1.000274082168572e+00 -1.871166448834114e-03 -9.890049035742728e-04 -1.007748765951273e+00
4 45 -1.000273573373079e+00 -1.870321943834840e-03 -9.897982078097439e-04 -1.007752345602072e+00
4 46 -1.000273113461549e+00 -1.869601434489924e-03 -9.905024806069604e-04 -1.007755551997212e+00
4 47 -1.000272708231037e+00 -1.869017085669550e-03 -9.910939979082566e-04 -1.007758341112459e+00
4 48 -1.000272362567264e+00 -1.868579650790271e-03 -9.915500071503444e-04 -1.007760673857905e+00
4 49 -1.000272080353563e+00 -1.868298121541963e-03 -9.918497202081626e-04 -1.007762517067375e+00
4 50 -1.000271864411782e+00 -1.868179414270033e-03 -9.919752604456852e-04 -1.007763844334504e+00
4 51 -1.000271716471051e+00 -1.868228108638346e-03 -9.919125071943076e-04 -1.007764636673273e+00
4 52 -1.000271637160600e+00 -1.868446251175496e-03 -9.916517857949711e-04 -1.007764882988258e+00
4 53 -1.000271626025195e+00 -1.868833231388494e-03 -9.911883651184290e-04 -1.007764580345093e+00
4 54 -1.000271681564845e+00 -1.869385732247415e-03 -9.905227475367189e-04 -1.007763734034366e+00
4 55 -1.000271801301897e+00 -1.870097752146564e-03 -9.896607602629805e-04 -1.007762357424260e+00
4 56 -1.000271981877132e+00 -1.870960693942202e-03 -9.886134691077810e-04 -1.007760471602035e+00
4 57 -1.000272219172980e+00 -1.871963518610336e-03 -9.873969310402941e-04 -1.007758104811858e+00
4 58 -1.000272508458509e+00 -1.873092964326363e-03 -9.860317882231320e-04 -1.007755291703808e+00
4 59 -1.000272844548434e+00 -1.874333833120208e-03 -9.845426959984541e-04 -1.007752072415600e+00
4 60 -1.000273221966937e+00 -1.875669344369059e-03 -9.829575784437313e-04 -1.007748491517866e+00
4 61 -1.000273635106636e+00 -1.877081546459638e-03 -9.813067197511802e-04 -1.007744596869116e+00
4 62 -1.000274078373758e+00 -1.878551765769163e-03 -9.796217271813839e-04 -1.007740438447076e+00
4 63 -1.000274546312282e+00 -1.880061059303498e-03 -9.779344353572673e-04 -1.007736067241141e+00
5 0 -1.000275889454959e+00 -1.881621014397682e-03 -9.786918839641797e-04 -1.007729749291046e+00
5 1 -1.000276397775419e+00 -1.883172733766596e-03 -9.770645737291184e-04 -1.007725057031162e+00
5 2 -1.000276914131397e+00 -1.884704255804286e-03 -9.755275973264825e-04 -1.007720317644370e+00
5 3 -1.000277434259373e+00 -1.886198801601634e-03 -9.741048611285363e-04 -1.007715578927588e+00
5 4 -1.000277954277025e+00 -1.887640715550593e-03 -9.728167777851503e-04 -1.007710886680978e+00
5 5 -1.000278470661730e+00 -1.889015559666352e-03 -9.716800402329853e-04 -1.007706284529263e+00
5 6 -1.000278980215157e+00 -1.890310199187132e-03 -9.707075006356394e-04 -1.007701813722576e+00
5 7 -1.000279480019428e+00 -1.891512896716197e-03 -9.699081188190440e-04 -1.007697512873484e+00
5 8 -1.000279967389800e+00 -1.892613415592719e-03 -9.692869677001921e-04 -1.007693417635212e+00
5 9 -1.000280439826872e+00 -1.893603118331405e-03 -9.688453036328395e-04 -1.007689560369591e+00
5 10 -1.000280894969758e+00 -1.894475040450429e-03 -9.685807154086719e-04 -1.007685969870116e+00
5 11 -1.000281330550504e+00 -1.895223923241460e-03 -9.684873590845253e-04 -1.007682671195849e+00
5 12 -1.000281744348833e+00 -1.895846194790705e-03 -9.685562776323763e-04 -1.007679685652137e+00
5 13 -1.000282134145230e+00 -1.896339893760702e-03 -9.687757994976218e-04 -1.007677030932944e+00
5 14 -1.000282497671763e+00 -1.896704537574767e-03 -9.691320042773881e-04 -1.007674721411981e+00
5 15 -1.000282832564248e+00 -1.896940946829054e-03 -9.696092345194906e-04 -1.007672768536253e+00
5 16 -1.000283136323959e+00 -1.897051046068442e-03 -9.701906265546115e-04 -1.007671181253033e+00
5 17 -1.000283406298240e+00 -1.897037661963663e-03 -9.708586374339564e-04 -1.007669966404759e+00
5 18 -1.000283639686935e+00 -1.896904334480924e-03 -9.715955566159162e-04 -1.007669129049220e+00
5 19 -1.000283833577464e+00 -1.896655150418038e-03 -9.723840005461159e-04 -1.007668672685230e+00
5 20 -1.000283985007440e+00 -1.896294604143984e-03 -9.732073912877119e-04 -1.007668599378768e+00
5 21 -1.000284091049905e+00 -1.895827485737933e-03 -9.740504196006685e-04 -1.007668909797575e+00
5 22 -1.000284148913109e+00 -1.895258792118000e-03 -9.748994892630269e-04 -1.007669603174146e+00
5 23 -1.000284156046015e+00 -1.894593656400762e-03 -9.757431290858414e-04 -1.007670677217264e+00
5 24 -1.000284110243304e+00 -1.893837296719029e-03 -9.765723426966820e-04 -1.007672127976303e+00
5 25 -1.000284009747460e+00 -1.892994993151107e-03 -9.773808550278677e-04 -1.007673949644805e+00
5 26 -1.000283853347657e+00 -1.892072103082292e-03 -9.781652202082271e-04 -1.007676134288736e+00
5 27 -1.000283640474821e+00 -1.891074119546379e-03 -9.789247763003852e-04 -1.007678671501865e+00
5 28 -1.000283371290421e+00 -1.890006768098753e-03 -9.796614544462933e-04 -1.007681548012820e+00
5 29 -1.000283046764660e+00 -1.888876129715042e-03 -9.803794628918858e-04 -1.007684747285874e+00
5 30 -1.000282668737567e+00 -1.887688771295403e-03 -9.810848696375316e-04 -1.007688249169796e+00
5 31 -1.000282239954556e+00 -1.886451862521453e-03 -9.817851043608437e-04 -1.007692029654865e+00
5 32 -1.000281764067894e+00 -1.885173260419926e-03 -9.824883923510446e-04 -1.007696060789518e+00
5 33 -1.000281245598924e+00 -1.883861551894510e-03 -9.832031248403312e-04 -1.007700310780322e+00
5 34 -1.000280689862759e+00 -1.882526056357186e-03 -9.839371710997501e-04 -1.007704744258826e+00
5 35 -1.000280102864886e+00 -1.881176800009892e-03 -9.846971537832835e-04 -1.007709322662080e+00
5 36 -1.000279491184359e+00 -1.879824476970616e-03 -9.854877321830886e-04 -1.007714004653923e+00
5 37 -1.000278861858723e+00 -1.878480410231746e-03 -9.863109523588565e-04 -1.007718746518148e+00
5 38 -1.000278222281245e+00 -1.877156518829205e-03 -9.871657206334582e-04 -1.007723502481281e+00
5 39 -1.000277580113063e+00 -1.875865288391029e-03 -9.880474430510910e-04 -1.007728224964456e+00
5 40 -1.000276943203967e+00 -1.874619732890835e-03 -9.889478566153219e-04 -1.007732864808647e+00
5 41 -1.000276319508646e+00 -1.873433329023331e-03 -9.898550615880894e-04 -1.007737371551165e+00
5 42 -1.000275716983682e+00 -1.872319903649386e-03 -9.907537488476888e-04 -1.007741693841033e+00
5 43 -1.000275143455797e+00 -1.871293459979257e-03 -9.916256062046773e-04 -1.007745780059377e+00
5 44 -1.000274606462447e+00 -1.870367938088925e-03 -9.924498853530962e-04 -1.007749579163150e+00
5 45 -1.000274113076464e+00 -1.869556916596080e-03 -9.932041121968880e-04 -1.007753041715422e+00
5 46 -1.000273669732191e+00 -1.868873271064479e-03 -9.938649199054662e-04 -1.007756121026407e+00
5 47 -1.000273282069750e+00 -1.868328809067396e-03 -9.944089748686084e-04 -1.007758774317526e+00
5 48 -1.000272954808972e+00 -1.867933902762513e-03 -9.948139561973394e-04 -1.007760963829488e+00
5 49 -1.000272691658114e+00 -1.867697139328926e-03 -9.950595430024455e-04 -1.007762657812393e+00
5 50 -1.000272495256548e+00 -1.867625008406255e-03 -9.951283583003703e-04 -1.007763831354795e+00
5 51 -1.000272367146798e+00 -1.867721643085238e-03 -9.950068135348798e-04 -1.007764467027592e+00
5 52 -1.000272307770805e+00 -1.867988626745569e-03 -9.946857994844720e-04 -1.007764555332733e+00
5 53 -1.000272316488290e+00 -1.868424872970165e-03 -9.941611837711889e-04 -1.007764094951219e+00
5 54 -1.000272391618734e+00 -1.869026580866469e-03 -9.934340988493767e-04 -1.007763092783164e+00
5 55 -1.000272530509878e+00 -1.869787263890531e-03 -9.925110261659136e-04 -1.007761563774427e+00
5 56 -1.000272729634031e+00 -1.870697847457392e-03 -9.914036938166346e-04 -1.007759530533442e+00
5 57 -1.000272984710447e+00 -1.871746830534554e-03 -9.901288058290990e-04 -1.007757022751940e+00
5 58 -1.000273290849250e+00 -1.872920509358730e-03 -9.887076143181882e-04 -1.007754076446986e+00
5 59 -1.000273642710006e+00 -1.874203264974664e-03 -9.871653353083522e-04 -1.007750733041978e+00
5 60 -1.000274034666096e+00 -1.875577915953251e-03 -9.855304028650992e-04 -1.007747038310509e+00
5 61 -1.000274460965185e+00 -1.877026129978827e-03 -9.838335652994513e-04 -1.007743041225126e+00
5 62 -1.000274915876559e+00 -1.878528874125994e-03 -9.821068556061117e-04 -1.007738792778271e+00
5 63 -1.000275393817722e+00 -1.880066869977955e-03 -9.803825041717058e-04 -1.007734344861873e+00
6 0 -1.000276788921517e+00 -1.881767046641657e-03 -9.805960705762352e-04 -1.007727734551910e+00
6 1 -1.000277305308166e+00 -1.883342146812056e-03 -9.789401188147011e-04 -1.007722983205107e+00
6 2 -1.000277827871972e+00 -1.884892640577076e-03 -9.773801259438065e-04 -1.007718199282215e+00
6 3 -1.000278352272322e+00 -1.886401556126772e-03 -9.759402301272455e-04 -1.007713430944568e+00
6 4 -1.000278874571050e+00 -1.887853099256363e-03 -9.746409989684604e-04 -1.007708724183572e+00
6 5 -1.000279391213275e+00 -1.889232749468967e-03 -9.734991977626505e-04 -1.007704122644963e+00
6 6 -1.000279898993976e+00 -1.890527345619331e-03 -9.725276678932884e-04 -1.007699667437163e+00
6 7 -1.000280395014670e+00 -1.891725176730575e-03 -9.717352829696759e-04 -1.007695396884818e+00
6 8 -1.000280876634351e+00 -1.892816078973319e-03 -9.711269697457467e-04 -1.007691346231071e+00
6 9 -1.000281341418522e+00 -1.893791528454343e-03 -9.707037938983185e-04 -1.007687547325783e+00
6 10 -1.000281787089442e+00 -1.894644713824447e-03 -9.704631153807323e-04 -1.007684028354658e+00
6 11 -1.000282211478727e+00 -1.895370571637909e-03 -9.703988194493759e-04 -1.007680813667323e+00
6 12 -1.000282612480925e+00 -1.895965769970005e-03 -9.705016289871574e-04 -1.007677923751604e+00
6 13 -1.000282988005541e+00 -1.896428632472384e-03 -9.707594981711892e-04 -1.007675375375208e+00
6 14 -1.000283335927111e+00 -1.896759004992998e-03 -9.711580770126588e-04 -1.007673181879919e+00
6 15 -1.000283654036907e+00 -1.896958076531363e-03 -9.716812269977435e-04 -1.007671353581955e+00
6 16 -1.000283940003146e+00 -1.897028172141202e-03 -9.723115649699040e-04 -1.007669898217275e+00
6 17 -1.000284191347943e+00 -1.896972537250217e-03 -9.730310139631420e-04 -1.007668821371264e+00
6 18 -1.000284405448707e+00 -1.896795132469138e-03 -9.738213423647282e-04 -1.007668126839895e+00
6 19 -1.000284579569418e+00 -1.896500455082019e-03 -9.746646773131174e-04 -1.007667816882842e+00
6 20 -1.000284710922455e+00 -1.896093396191150e-03 -9.755439869198585e-04 -1.007667892352897e+00
6 21 -1.000284796755539e+00 -1.895579132267868e-03 -9.764435349076117e-04 -1.007668352715863e+00
6 22 -1.000284834453987e+00 -1.894963042740276e-03 -9.773493113535221e-04 -1.007669195993474e+00
6 23 -1.000284821648473e+00 -1.894250646322941e-03 -9.782494304836444e-04 -1.007670418656311e+00
6 24 -1.000284756321640e+00 -1.893447556001056e-03 -9.791344688806609e-04 -1.007672015473682e+00
6 25 -1.000284636910225e+00 -1.892559458881869e-03 -9.799977078817177e-04 -1.007673979313509e+00
6 26 -1.000284462400984e+00 -1.891592128241213e-03 -9.808352479287246e-04 -1.007676300886321e+00
6 27 -1.000284232419619e+00 -1.890551472326699e-03 -9.816459761058066e-04 -1.007678968435523e+00
6 28 -1.000283947312281e+00 -1.889443619945720e-03 -9.824313848157947e-04 -1.007681967384821e+00
6 29 -1.000283608218064e+00 -1.888275035848324e-03 -9.831952558943403e-04 -1.007685279968047e+00
6 30 -1.000283217127252e+00 -1.887052649349934e-03 -9.839432364189265e-04 -1.007688884889681e+00
6 31 -1.000282776916196e+00 -1.885783972411619e-03 -9.846823341272863e-04 -1.007692757082872e+00
6 32 -1.000282291349095e+00 -1.884477184979127e-03 -9.854203506423891e-04 -1.007696867625976e+00
6 33 -1.000281765041106e+00 -1.883141176228091e-03 -9.861652591239220e-04 -1.007701183844998e+00
6 34 -1.000281203384298e+00 -1.881785543743245e-03 -9.869245326621404e-04 -1.007705669585653e+00
6 35 -1.000280612444846e+00 -1.880420561763361e-03 -9.877044437094122e-04 -1.007710285604700e+00
6 36 -1.000279998844787e+00 -1.879057133151953e-03 -9.885093730258024e-04 -1.007714990012583e+00
6 37 -1.000279369643412e+00 -1.877706739416492e-03 -9.893411774381479e-04 -1.007719738697456e+00
6 38 -1.000278732230768e+00 -1.876381398720242e-03 -9.901986665063619e-04 -1.007724485677854e+00
6 39 -1.000278094238050e+00 -1.875093632213498e-03 -9.910772322025390e-04 -1.007729183371728e+00
6 40 -1.000277463459198e+00 -1.873856426598074e-03 -9.919686642059808e-04 -1.007733782823196e+00
6 41 -1.000276847769673e+00 -1.872683171993572e-03 -9.928611663758691e-04 -1.007738233970623e+00
6 42 -1.000276255026969e+00 -1.871587553698406e-03 -9.937395720297179e-04 -1.007742486048385e+00
6 43 -1.000275692943278e+00 -1.870583383498613e-03 -9.945857443246484e-04 -1.007746488187669e+00
6 44 -1.000275168930788e+00 -1.869684366381673e-03 -9.953791446253122e-04 -1.007750190234661e+00
6 45 -1.000274689929659e+00 -1.868903808371146e-03 -9.960975494920218e-04 -1.007753543756362e+00
6 46 -1.000274262234765e+00 -1.868254279391610e-03 -9.967178903962680e-04 -1.007756503167133e+00
6 47 -1.000273891338540e+00 -1.867747250841666e-03 -9.972171820249677e-04 -1.007759026888942e+00
6 48 -1.000273581803614e+00 -1.867392730026020e-03 -9.975734997406318e-04 -1.007761078458240e+00
6 49 -1.000273337171705e+00 -1.867198912864207e-03 -9.977669631205360e-04 -1.007762627510348e+00
6 50 -1.000273159907705e+00 -1.867171873752651e-03 -9.977806764819672e-04 -1.007763650598449e+00
6 51 -1.000273051373692e+00 -1.867315308499783e-03 -9.976015712062061e-04 -1.007764131825659e+00
6 52 -1.000273011827879e+00 -1.867630343079368e-03 -9.972210965324558e-04 -1.007764063278442e+00
6 53 -1.000273040446447e+00 -1.868115416899371e-03 -9.966357190040213e-04 -1.007763445251746e+00
6 54 -1.000273135368905e+00 -1.868766244007067e-03 -9.958472108556986e-04 -1.007762286259249e+00
6 55 -1.000273293768456e+00 -1.869575849933429e-03 -9.948627270720241e-04 -1.007760602830166e+00
6 56 -1.000273511948292e+00 -1.870534677762925e-03 -9.936946858515470e-04 -1.007758419103323e+00
6 57 -1.000273785462998e+00 -1.871630756769809e-03 -9.923604748063254e-04 -1.007755766233905e+00
6 58 -1.000274109261568e+00 -1.872849930860341e-03 -9.908820014127866e-04 -1.007752681627652e+00
6 59 -1.000274477845536e+00 -1.874176148731899e-03 -9.892850929573583e-04 -1.007749208017218e+00
6 60 -1.000274885433449e+00 -1.875591817633519e-03 -9.875987416434885e-04 -1.007745392403274e+00
6 61 -1.000275326122191e+00 -1.877078214734419e-03 -9.858541994769113e-04 -1.007741284901346e+00
6 62 -1.000275794036057e+00 -1.878615936745155e-03 -9.840839554900972e-04 -1.007736937558824e+00
6 63 -1.000276283455736e+00 -1.880185356080987e-03 -9.823206590603743e-04 -1.007732403224231e+00
7 0 -1.000277722469582e+00 -1.882028138746027e-03 -9.819655002620041e-04 -1.007725511246744e+00
7 1 -1.000278248500091e+00 -1.883629574768122e-03 -9.802792291175597e-04 -1.007720690339535e+00
7 2 -1.000278778943190e+00 -1.885202251662704e-03 -9.786944173622661e-04 -1.007715850656680e+00
7 3 -1.000279309363922e+00 -1.886728980679962e-03 -9.772354425909699e-04 -1.007711040821125e+00
7 4 -1.000279835748187e+00 -1.888193800197471e-03 -9.759230367752444e-04 -1.007706307127705e+00
7 5 -1.000280354486425e+00 -1.889582075231591e-03 -9.747740447227689e-04 -1.007701693366051e+00
7 6 -1.000280862342479e+00 -1.890880582254075e-03 -9.738013021507464e-04 -1.007697240638723e+00
7 7 -1.000281356411106e+00 -1.892077594960058e-03 -9.730136033772054e-04 -1.007692987134557e+00
7 8 -1.000281834068315e+00 -1.893162975690044e-03 -9.724157391234770e-04 -1.007688967850328e+00
7 9 -1.000282292919110e+00 -1.894128265910841e-03 -9.720085950413316e-04 -1.007685214288203e+00
7 10 -1.000282730746224e+00 -1.894966759756403e-03 -9.717893120544404e-04 -1.007681754184597e+00
7 11 -1.000283145460899e+00 -1.895673541002438e-03 -9.717515171757397e-04 -1.007678611335634e+00
7 12 -1.000283535054606e+00 -1.896245468013162e-03 -9.718856326187481e-04 -1.007675805568610e+00
7 13 -1.000283897550158e+00 -1.896681100070997e-03 -9.721792628350545e-04 -1.007673352876739e+00
7 14 -1.000284230952079e+00 -1.896980566772121e-03 -9.726176513387885e-04 -1.007671265703929e+00
7 15 -1.000284533198346e+00 -1.897145388113135e-03 -9.731841956854385e-04 -1.007669553345496e+00
7 16 -1.000284802118523e+00 -1.897178258921442e-03 -9.738610050550045e-04 -1.007668222414632e+00
7 17 -1.000285035406332e+00 -1.897082818363516e-03 -9.746294768686610e-04 -1.007667277309488e+00
7 18 -1.000285230616268e+00 -1.896863429370868e-03 -9.754708630966203e-04 -1.007666720611313e+00
7 19 -1.000285385191452e+00 -1.896524988997008e-03 -9.763668027251511e-04 -1.007666553361750e+00
7 20 -1.000285496523729e+00 -1.896072779635564e-03 -9.772998124921877e-04 -1.007666775202887e+00
7 21 -1.000285562040250e+00 -1.895512359313112e-03 -9.782537404054101e-04 -1.007667384396748e+00
7 22 -1.000285579306968e+00 -1.894849483147788e-03 -9.792141859755370e-04 -1.007668377755368e+00
7 23 -1.000285546139307e+00 -1.894090048307247e-03 -9.801688805015679e-04 -1.007669750509459e+00
7 24 -1.000285460711806e+00 -1.893240058291989e-03 -9.811080090149713e-04 -1.007671496134681e+00
7 25 -1.000285321660775e+00 -1.892305606687614e-03 -9.820244471585098e-04 -1.007673606145881e+00
7 26 -1.000285128176998e+00 -1.891292884993149e-03 -9.829138823160442e-04 -1.007676069860122e+00
7 27 -1.000284880088816e+00 -1.890208222043790e-03 -9.837747922965994e-04 -1.007678874121078e+00
7 28 -1.000284577937494e+00 -1.889058160239902e-03 -9.846082706074838e-04 -1.007682002980511e+00
7 29 -1.000284223044576e+00 -1.887849564430510e-03 -9.854177101326022e-04 -1.007685437354196e+00
7 30 -1.000283817566163e+00 -1.886589746845962e-03 -9.862083738177705e-04 -1.007689154700687e+00
7 31 -1.000283364525235e+00 -1.885286583757619e-03 -9.869868826697730e-04 -1.007693128790289e+00
7 32 -1.000282867812914e+00 -1.883948601459433e-03 -9.877606421518608e-04 -1.007697329624130e+00
7 33 -1.000282332152993e+00 -1.882585018724060e-03 -9.885372197416230e-04 -1.007701723533603e+00
7 34 -1.000281763029571e+00 -1.881205744423542e-03 -9.893236862482981e-04 -1.007706273453649e+00
7 35 -1.000281166584129e+00 -1.879821338801027e-03 -9.901259402207072e-04 -1.007710939329355e+00
7 36 -1.000280549494819e+00 -1.878442953972705e-03 -9.909480443754995e-04 -1.007715678588141e+00
7 37 -1.000279918854390e+00 -1.877082271980331e-03 -9.917916128874818e-04 -1.007720446597469e+00
7 38 -1.000279282060981e+00 -1.875751454024994e-03 -9.926552955798191e-04 -1.007725197044247e+00
7 39 -1.000278646727200e+00 -1.874463102190676e-03 -9.935344046504498e-04 -1.007729882219937e+00
7 40 -1.000278020601750e+00 -1.873230220692558e-03 -9.944207191066176e-04 -1.007734453254578e+00
7 41 -1.000277411489928e+00 -1.872066155143906e-03 -9.953024856054976e-04 -1.007738860383229e+00
7 42 -1.000276827158172e+00 -1.870984488577532e-03 -9.961646192230308e-04 -1.007743053333577e+00
7 43 -1.000276275212577e+00 -1.869998879259609e-03 -9.969890971410062e-04 -1.007746981900418e+00
7 44 -1.000275762949642e+00 -1.869122834033647e-03 -9.977555300115545e-04 -1.007750596734610e+00
7 45 -1.000275297187051e+00 -1.868369420792607e-03 -9.984418871259990e-04 -1.007753850328300e+00
7 46 -1.000274884090402e+00 -1.867750933863737e-03 -9.990253435762063e-04 -1.007756698132360e+00
7 47 -1.000274529014888e+00 -1.867278533665562e-03 -9.994832126947379e-04 -1.007759099712036e+00
7 48 -1.000274236377043e+00 -1.866961884036837e-03 -9.997939243734794e-04 -1.007761019847209e+00
7 49 -1.000274009563172e+00 -1.866808808032391e-03 -9.999380062436357e-04 -1.007762429509255e+00
7 50 -1.000273850873295e+00 -1.866824979746303e-03 -9.998990194216193e-04 -1.007763306674792e+00
7 51 -1.000273761496102e+00 -1.867013668244092e-03 -9.996643968504619e-04 -1.007763636951404e+00
7 52 -1.000273741510746e+00 -1.867375548276797e-03 -9.992261341208973e-04 -1.007763413995278e+00
7 53 -1.000273789912857e+00 -1.867908588202341e-03 -9.985812916353985e-04 -1.007762639708273e+00
7 54 -1.000273904663550e+00 -1.868608018332188e-03 -9.977322827239060e-04 -1.007761324214899e+00
7 55 -1.000274082761674e+00 -1.869466375785926e-03 -9.966869428233091e-04 -1.007759485630165e+00
7 56 -1.000274320340464e+00 -1.870473618214857e-03 -9.954583944961489e-04 -1.007757149632149e+00
7 57 -1.000274612788649e+00 -1.871617299581173e-03 -9.940647332739286e-04 -1.007754348852087e+00
7 58 -1.000274954892924e+00 -1.872882805012793e-03 -9.925285553221835e-04 -1.007751122095624e+00
7 59 -1.000275340995288e+00 -1.874253645326418e-03 -9.908763356704510e-04 -1.007747513412694e+00
7 60 -1.000275765156913e+00 -1.875711811663341e-03 -9.891376587212173e-04 -1.007743571040153e+00
7 61 -1.000276221319776e+00 -1.877238184852663e-03 -9.873443105109349e-04 -1.007739346253291e+00
7 62 -1.000276703457272e+00 -1.878812983301618e-03 -9.855292630991195e-04 -1.007734892181781e+00
7 63 -1.000277205705592e+00 -1.880416220951210e-03 -9.837256062328289e-04 -1.007730262666950e+00
8 0 -1.000278680132800e+00 -1.882402273344854e-03 -9.827820149568276e-04 -1.007723104026865e+00
8 1 -1.000279217271573e+00 -1.884032707604039e-03 -9.810641259862482e-04 -1.007718203917703e+00
8 2 -1.000279757169058e+00 -1.885630523106304e-03 -9.794529881805860e-04 -1.007713297961746e+00
8 3 -1.000280295281703e+00 -1.887178294577497e-03 -9.779732268997378e-04 -1.007708435324248e+00
8 4 -1.000280827502496e+00 -1.888659869804346e-03 -9.766457458018915e-04 -1.007703662697867e+00
8 5 -1.000281350147100e+00 -1.890060470962717e-03 -9.754874763392595e-04 -1.007699024128755e+00
8 6 -1.000281859924833e+00 -1.891366776928451e-03 -9.745112585295712e-04 -1.007694560847812e+00
8 7 -1.000282353897760e+00 -1.892567004967622e-03 -9.737258202638892e-04 -1.007690311059098e+00
8 8 -1.000282829432033e+00 -1.893650999447391e-03 -9.731358285282541e-04 -1.007686309671403e+00
8 9 -1.000283284145867e+00 -1.894610321290153e-03 -9.727419994226720e-04 -1.007682588000411e+00
8 10 -1.000283715857350e+00 -1.895438321085991e-03 -9.725412678137889e-04 -1.007679173500204e+00
8 11 -1.000284122533583e+00 -1.896130176722575e-03 -9.725270230772697e-04 -1.007676089587638e+00
8 12 -1.000284502241221e+00 -1.896682881889041e-03 -9.726894145032753e-04 -1.007673355603718e+00
8 13 -1.000284853097724e+00 -1.897095178538976e-03 -9.730157265985263e-04 -1.007670986930532e+00
8 14 -1.000285173222436e+00 -1.897367431034672e-03 -9.734908248155904e-04 -1.007668995261956e+00
8 15 -1.000285460687940e+00 -1.897501445229254e-03 -9.740976700509668e-04 -1.007667389006038e+00
8 16 -1.000285713475874e+00 -1.897500245342550e-03 -9.748178889798315e-04 -1.007666173770121e+00
8 17 -1.000285929445883e+00 -1.897367831918678e-03 -9.756323719104487e-04 -1.007665352855639e+00
8 18 -1.000286106328169e+00 -1.897108948320841e-03 -9.765218631668509e-04 -1.007664927686229e+00
8 19 -1.000286241747198e+00 -1.896728878212832e-03 -9.774675166232902e-04 -1.007664898114724e+00
8 20 -1.000286333278100e+00 -1.896233286201660e-03 -9.784514034099888e-04 -1.007665262587416e+00
8 21 -1.000286378531395e+00 -1.895628103732049e-03 -9.794569695066903e-04 -1.007666018171703e+00
8 22 -1.000286375257681e+00 -1.894919454630024e-03 -9.804694448367524e-04 -1.007667160472112e+00
8 23 -1.000286321461597e+00 -1.894113609790420e-03 -9.814762042609714e-04 -1.007668683471687e+00
8 24 -1.000286215514233e+00 -1.893216960202913e-03 -9.824670738909321e-04 -1.007670579337079e+00
8 25 -1.000286056255840e+00 -1.892236003464859e-03 -9.834345627922183e-04 -1.007672838211034e+00
8 26 -1.000285843085857e+00 -1.891177348321893e-03 -9.843739875700372e-04 -1.007675447991619e+00
8 27 -1.000285576041803e+00 -1.890047747556609e-03 -9.852834577417759e-04 -1.007678394081859e+00
8 28 -1.000285255869592e+00 -1.888854166460347e-03 -9.861637071370611e-04 -1.007681659100262e+00
8 29 -1.000284884085114e+00 -1.887603883649523e-03 -9.870177803971692e-04 -1.007685222567900e+00
8 30 -1.000284463023067e+00 -1.886304609524441e-03 -9.878505998286199e-04 -1.007689060614684e+00
8 31 -1.000283995866007e+00 -1.884964600785184e-03 -9.886684420810823e-04 -1.007693145762626e+00
8 32 -1.000283486645488e+00 -1.883592748860198e-03 -9.894783516533237e-04 -1.007697446843243e+00
8 33 -1.000282940208185e+00 -1.882198625367412e-03 -9.902875141615905e-04 -1.007701929090285e+00
8 34 -1.000282362144338e+00 -1.880792478056172e-03 -9.911026079300505e-04 -1.007706554417088e+00
8 35 -1.000281758683702e+00 -1.879385184095896e-03 -9.919291501937044e-04 -1.007711281844086e+00
8 36 -1.000281136572490e+00 -1.877988179172214e-03 -9.927708586697649e-04 -1.007716068001347e+00
8 37 -1.000280502948861e+00 -1.876613384482320e-03 -9.936290604635927e-04 -1.007720867616108e+00
8 38 -1.000279865231327e+00 -1.875273146829557e-03 -9.945021902979894e-04 -1.007725633918400e+00
8 39 -1.000279231025594e+00 -1.873980193329825e-03 -9.953854207049402e-04 -1.007730318949114e+00
8 40 -1.000278608045280e+00 -1.872747588865230e-03 -9.962704583863860e-04 -1.007734873809024e+00
8 41 -1.000278004034550e+00 -1.871588676394654e-03 -9.971455297287850e-04 -1.007739248923577e+00
8 42 -1.000277426677965e+00 -1.870516978450614e-03 -9.979955676516761e-04 -1.007743394410368e+00
8 43 -1.000276883485353e+00 -1.869546041769663e-03 -9.988025996389097e-04 -1.007747260624980e+00
8 44 -1.000276381647474e+00 -1.868689215663629e-03 -9.995463222214197e-04 -1.007750798925631e+00
8 45 -1.000275927869378e+00 -1.867959367254822e-03 -1.000204834180795e-03 -1.007753962642645e+00
8 46 -1.000275528198011e+00 -1.867368549027335e-03 -1.000755492916384e-03 -1.007756708184449e+00
8 47 -1.000275187863585e+00 -1.866927641219039e-03 -1.001175854661809e-03 -1.007758996183077e+00
8 48 -1.000274911149817e+00 -1.866645991866341e-03 -1.001444656448877e-03 -1.007760792588210e+00
8 49 -1.000274701300133e+00 -1.866531074277487e-03 -1.001542795205827e-03 -1.007762069643581e+00
8 50 -1.000274560460289e+00 -1.866588179762977e-03 -1.001454257901739e-03 -1.007762806700770e+00
8 51 -1.000274489654298e+00 -1.866820163188800e-03 -1.001166955598030e-03 -1.007762990836497e+00
8 52 -1.000274488789327e+00 -1.867227257260551e-03 -1.000673413682631e-03 -1.007762617249676e+00
8 53 -1.000274556685455e+00 -1.867806965995431e-03 -9.999712747190970e-04 -1.007761689429987e+00
8 54 -1.000274691127877e+00 -1.868554039893103e-03 -9.990635845243600e-04 -1.007760219104578e+00
8 55 -1.000274888941564e+00 -1.869460528462229e-03 -9.979588545725711e-04 -1.007758225976562e+00
8 56 -1.000275146089556e+00 -1.870515902499097e-03 -9.966709146180302e-04 -1.007755737269648e+00
8 57 -1.000275457794627e+00 -1.871707238840745e-03 -9.952185791946206e-04 -1.007752787094504e+00
8 58 -1.000275818681020e+00 -1.873019462821723e-03 -9.936251499153761e-04 -1.007749415655560e+00
8 59 -1.000276222930422e+00 -1.874435646748739e-03 -9.919177688456160e-04 -1.007745668318347e+00
8 60 -1.000276664444950e+00 -1.875937364255254e-03 -9.901266334687740e-04 -1.007741594557734e+00
8 61 -1.000277137009046e+00 -1.877505097361751e-03 -9.882840857497290e-04 -1.007737246814882e+00
8 62 -1.000277634441456e+00 -1.879118683341519e-03 -9.864236004778972e-04 -1.007732679311668e+00
8 63 -1.000278150728621e+00 -1.880757774479434e-03 -9.845787211427068e-04 -1.007727946898663e+00
9 0 -1.000279651718675e+00 -1.882885960878935e-03 -9.830325895973293e-04 -1.007720540818039e+00
9 1 -1.000280201299012e+00 -1.884547724365771e-03 -9.812822392211433e-04 -1.007715552818900e+00
9 2 -1.000280752109829e+00 -1.886173337881447e-03 -9.796436384012705e-04 -1.007710570916744e+00
9 3 -1.000281299487869e+00 -1.887745125572329e-03 -9.781416651862601e-04 -1.007705644881500e+00
9 4 -1.000281839219127e+00 -1.889246725255460e-03 -9.767974011614755e-04 -1.007700821885510e+00
9 5 -1.000282367526659e+00 -1.890663189416026e-03 -9.756278757713738e-04 -1.007696146337762e+00
9 6 -1.000282881043837e+00 -1.891981066025819e-03 -9.746459488822349e-04 -1.007691659724094e+00
9 7 -1.000283376775983e+00 -1.893188478951780e-03 -9.738602966289924e-04 -1.007687400402210e+00
9 8 -1.000283852053718e+00 -1.894275214718374e-03 -9.732754737749182e-04 -1.007683403340547e+00
9 9 -1.000284304481676e+00 -1.895232808913920e-03 -9.728920393660217e-04 -1.007679699829417e+00
9 10 -1.000284731886040e+00 -1.896054617545091e-03 -9.727067413193761e-04 -1.007676317216496e+00
9 11 -1.000285132263302e+00 -1.896735857371242e-03 -9.727127577941980e-04 -1.007673278722171e+00
9 12 -1.000285503731091e+00 -1.897273601428720e-03 -9.728999956360247e-04 -1.007670603380470e+00
9 13 -1.000285844480122e+00 -1.897666718931020e-03 -9.732554525181778e-04 -1.007668306135218e+00
9 14 -1.000286152725608e+00 -1.897915753579617e-03 -9.737636529855196e-04 -1.007666398099014e+00
9 15 -1.000286426658227e+00 -1.898022742943981e-03 -9.744071612678646e-04 -1.007664886953496e+00
9 16 -1.000286664398767e+00 -1.897990992427730e-03 -9.751671576463882e-04 -1.007663777439770e+00
9 17 -1.000286863964690e+00 -1.897824826111960e-03 -9.760240507379808e-04 -1.007663071869029e+00
9 18 -1.000287023258484e+00 -1.897529340533639e-03 -9.769580921083982e-04 -1.007662770581169e+00
9 19 -1.000287140085798e+00 -1.897110186100130e-03 -9.779499611590160e-04 -1.007662872290750e+00
9 20 -1.000287212206930e+00 -1.896573394688595e-03 -9.789812952097122e-04 -1.007663374281536e+00
9 21 -1.000287237419442e+00 -1.895925260984885e-03 -9.800351525003207e-04 -1.007664272441915e+00
9 22 -1.000287213663685e+00 -1.895172271732184e-03 -9.810964111195246e-04 -1.007665561168354e+00
9 23 -1.000287139138877e+00 -1.894321067567424e-03 -9.821521142136130e-04 -1.007667233187908e+00
9 24 -1.000287012417026e+00 -1.893378422170358e-03 -9.831917631294149e-04 -1.007669279350070e+00
9 25 -1.000286832545940e+00 -1.892351232203034e-03 -9.842075409185788e-04 -1.007671688415287e+00
9 26 -1.000286599138191e+00 -1.891246521949456e-03 -9.851944343847075e-04 -1.007674446840397e+00
9 27 -1.000286312447058e+00 -1.890071471763711e-03 -9.861502238822188e-04 -1.007677538547772e+00
9 28 -1.000285973431505e+00 -1.888833477460977e-03 -9.870753237596346e-04 -1.007680944669189e+00
9 29 -1.000285583811105e+00 -1.887540240649204e-03 -9.879724742852874e-04 -1.007684643271284e+00
9 30 -1.000285146109254e+00 -1.886199880351280e-03 -9.888463028768658e-04 -1.007688609090494e+00
9 31 -1.000284663679471e+00 -1.884821046782883e-03 -9.897027857582626e-04 -1.007692813326906e+00
9 32 -1.000284140706263e+00 -1.883413012775581e-03 -9.905486465758388e-04 -1.007697223559529e+00
9 33 -1.000283582171680e+00 -1.881985721263442e-03 -9.913907234250527e-04 -1.007701803837179e+00
9 34 -1.000282993783675e+00 -1.880549779254119e-03 -9.922353252386907e-04 -1.007706514963238e+00
9 35 -1.000282381871370e+00 -1.879116405013087e-03 -9.930875926441143e-04 -1.007711314940178e+00
9 36 -1.000281753260760e+00 -1.877697347990226e-03 -9.939508820391231e-04 -1.007716159496022e+00
9 37 -1.000281115147902e+00 -1.876304804548943e-03 -9.948262000765546e-04 -1.007721002601883e+00
9 38 -1.000280474983855e+00 -1.874951346275743e-03 -9.957117218391133e-04 -1.007725796911780e+00
9 39 -1.000279840378402e+00 -1.873649865331298e-03 -9.966024278008458e-04 -1.007730494100890e+00
9 40 -1.000279219020253e+00 -1.872413527913894e-03 -9.974898938404923e-04 -1.007735045129077e+00
9 41 -1.000278618602726e+00 -1.871255716404913e-03 -9.983622643842801e-04 -1.007739400499563e+00
9 42 -1.000278046738917e+00 -1.870189935994852e-03 -9.992044283951757e-04 -1.007743510606396e+00
9 43 -1.000277510852209e+00 -1.869229664498128e-03 -9.999984018321702e-04 -1.007747326257389e+00
9 44 -1.000277018036801e+00 -1.868388134542695e-03 -1.000723903149664e-03 -1.007750799418142e+00
9 45 -1.000276574894915e+00 -1.867678051744615e-03 -1.001359094475299e-03 -1.007753884162241e+00
9 46 -1.000276187366539e+00 -1.867111264877534e-03 -1.001881450683425e-03 -1.007756537760281e+00
9 47 -1.000275860570300e+00 -1.866698410136454e-03 -1.002268711363318e-03 -1.007758721816165e+00
9 48 -1.000275598670818e+00 -1.866448551834744e-03 -1.002499868168571e-03 -1.007760403362351e+00
9 49 -1.000275404781692e+00 -1.866368840039456e-03 -1.002556142366738e-03 -1.007761555841399e+00
9 50 -1.000275280906694e+00 -1.866464204500352e-03 -1.002421910237427e-03 -1.007762159918348e+00
9 51 -1.000275227916538e+00 -1.866737103211453e-03 -1.002085532668041e-03 -1.007762204085732e+00
9 52 -1.000275245555928e+00 -1.867187341006703e-03 -1.001540042063473e-03 -1.007761685041051e+00
9 53 -1.000275332476016e+00 -1.867811968086117e-03 -1.000783642643436e-03 -1.007760607831856e+00
9 54 -1.000275486289858e+00 -1.868605261570368e-03 -9.998199941466154e-04 -1.007758985773545e+00
9 55 -1.000275703650663e+00 -1.869558786795732e-03 -9.986582696095230e-04 -1.007756840152163e+00
9 56 -1.000275980352807e+00 -1.870661530371911e-03 -9.973129966688442e-04 -1.007754199732329e+00
9 57 -1.000276311454254e+00 -1.871900095276780e-03 -9.958037036828665e-04 -1.007751100096373e+00
9 58 -1.000276691417308e+00 -1.873258950406992e-03 -9.941543962927754e-04 -1.007747582839194e+00
9 59 -1.000277114263221e+00 -1.874720731999224e-03 -9.923928874240268e-04 -1.007743694635415e+00
9 60 -1.000277573734532e+00 -1.876266598091995e-03 -9.905499967918666e-04 -1.007739486191455e+00
9 61 -1.000278063457170e+00 -1.877876634616811e-03 -9.886586328396597e-04 -1.007735011105778e+00
9 62 -1.000278577093226e+00 -1.879530301078405e-03 -9.867527803016510e-04 -1.007730324685541e+00
9 63 -1.000279108475715e+00 -1.881206889518042e-03 -9.848664399803070e-04 -1.007725482794439e+00
10 0 -1.000280626922483e+00 -1.883474240346212e-03 -9.827096579667126e-04 -1.007717852479087e+00
10 1 -1.000281190129980e+00 -1.885169297009305e-03 -9.809265239343530e-04 -1.007712768965423e+00
10 2 -1.000281753179334e+00 -1.886825036986760e-03 -9.792597578467412e-04 -1.007707702396325e+00
10 3 -1.000282311278656e+00 -1.888423522469542e-03 -9.777344938134149e-04 -1.007702703199473e+00
10 4 -1.000282860095159e+00 -1.889948163198678e-03 -9.763720007668990e-04 -1.007697819101971e+00
10 5 -1.000283395744225e+00 -1.891383817806210e-03 -9.751894213683755e-04 -1.007693094970278e+00
10 6 -1.000283914764930e+00 -1.892716875047453e-03 -9.741996514059565e-04 -1.007688572654638e+00
10 7 -1.000284414084385e+00 -1.893935333112209e-03 -9.734113290038591e-04 -1.007684290790657e+00
10 8 -1.000284890973252e+00 -1.895028882599168e-03 -9.728289106095101e-04 -1.007680284549434e+00
10 9 -1.000285342995822e+00 -1.895988988903965e-03 -9.724528163987615e-04 -1.007676585357841e+00
10 10 -1.000285767958600e+00 -1.896808963477947e-03 -9.722796303074343e-04 -1.007673220630838e+00
10 11 -1.000286163860225e+00 -1.897484009103012e-03 -9.723023454778049e-04 -1.007670213570226e+00
10 12 -1.000286528843351e+00 -1.898011222529400e-03 -9.725106571692597e-04 -1.007667583084443e+00
10 13 -1.000286861147303e+00 -1.898389540746405e-03 -9.728913155753716e-04 -1.007665343866541e+00
10 14 -1.000287159060126e+00 -1.898619624788448e-03 -9.734285520231640e-04 -1.007663506637129e+00
10 15 -1.000287420870375e+00 -1.898703684097522e-03 -9.741045831926235e-04 -1.007662078529350e+00
10 16 -1.000287644821936e+00 -1.898645252347362e-03 -9.749001854653797e-04 -1.007661063572231e+00
10 17 -1.000287829078611e+00 -1.898448932831154e-03 -9.757953190857431e-04 -1.007660463213770e+00
10 18 -1.000287971707778e+00 -1.898120138928998e-03 -9.767697692366706e-04 -1.007660276812093e+00
10 19 -1.000288070692642e+00 -1.897664859502065e-03 -9.778037620152421e-04 -1.007660502019487e+00
10 20 -1.000288123978893e+00 -1.897089474362161e-03 -9.788785170754119e-04 -1.007661135003876e+00
10 21 -1.000288129554628e+00 -1.896400630118870e-03 -9.799767187652967e-04 -1.007662170494888e+00
10 22 -1.000288085554982e+00 -1.895605169217985e-03 -9.810829114948821e-04 -1.007663601686627e+00
10 23 -1.000287990378444e+00 -1.894710094974024e-03 -9.821838343980704e-04 -1.007665420052806e+00
10 24 -1.000287842801903e+00 -1.893722556401984e-03 -9.832687001000919e-04 -1.007667615126218e+00
10 25 -1.000287642084971e+00 -1.892649844178802e-03 -9.843294046651906e-04 -1.007670174275722e+00
10 26 -1.000287388058763e+00 -1.891499397240320e-03 -9.853606440493894e-04 -1.007673082493277e+00
10 27 -1.000287081198602e+00 -1.890278825867630e-03 -9.863599094946658e-04 -1.007676322186275e+00
10 28 -1.000286722683113e+00 -1.888995960275049e-03 -9.873273384217608e-04 -1.007679872960167e+00
10 29 -1.000286314442838e+00 -1.887658930562419e-03 -9.882654105867535e-04 -1.007683711381645e+00
10 30 -1.000285859198704e+00 -1.886276272826319e-03 -9.891785021811242e-04 -1.007687810737985e+00
10 31 -1.000285360485473e+00 -1.884857042106705e-03 -9.900723331626254e-04 -1.007692140842187e+00
10 32 -1.000284822651008e+00 -1.883410904925886e-03 -9.909533513484841e-04 -1.007696667953135e+00
10 33 -1.000284250822260e+00 -1.881948187939091e-03 -9.918280889529938e-04 -1.007701354869099e+00
10 34 -1.000283650834085e+00 -1.880479872094838e-03 -9.927025157874026e-04 -1.007706161214791e+00
10 35 -1.000283029125133e+00 -1.879017537003667e-03 -9.935814087882161e-04 -1.007711043893620e+00
10 36 -1.000282392612588e+00 -1.877573272645937e-03 -9.944677579903406e-04 -1.007715957635740e+00
10 37 -1.000281748562011e+00 -1.876159581908164e-03 -9.953622289578753e-04 -1.007720855552328e+00
10 38 -1.000281104468029e+00 -1.874789295066944e-03 -9.962627029090493e-04 -1.007725689616184e+00
10 39 -1.000280467955381e+00 -1.873475505659056e-03 -9.971639226345965e-04 -1.007730411029311e+00
10 40 -1.000279846699305e+00 -1.872231520503131e-03 -9.980572804523910e-04 -1.007734970497289e+00
10 41 -1.000279248353801e+00 -1.871070802738014e-03 -9.989307838027773e-04 -1.007739318484145e+00
10 42 -1.000278680470910e+00 -1.870006881482635e-03 -9.997692220178427e-04 -1.007743405547430e+00
10 43 -1.000278150396644e+00 -1.869053205879159e-03 -1.000554541354930e-03 -1.007747182841797e+00
10 44 -1.000277665137737e+00 -1.868222932063058e-03 -1.001266420035571e-03 -1.007750602837480e+00
10 45 -1.000277231204134e+00 -1.867528645226953e-03 -1.001883019001247e-03 -1.007753620245210e+00
10 46 -1.000276854440934e+00 -1.866982031384137e-03 -1.002381866802959e-03 -1.007756193089786e+00
10 47 -1.000276539867930e+00 -1.866593521102554e-03 -1.002740825502631e-03 -1.007758283844347e+00
10 48 -1.000276291543805e+00 -1.866371929258659e-03 -1.002939085033331e-03 -1.007759860530620e+00
10 49 -1.000276112466271e+00 -1.866324112967787e-03 -1.002958141466215e-03 -1.007760897703100e+00
10 50 -1.000276004511597e+00 -1.866454667396891e-03 -1.002782719165180e-03 -1.007761377257805e+00
10 51 -1.000275968410793e+00 -1.866765677161583e-03 -1.002401594391942e-03 -1.007761289029013e+00
10 52 -1.000276003757275e+00 -1.867256538357485e-03 -1.001808275365925e-03 -1.007760631153898e+00
10 53 -1.000276109041699e+00 -1.867923861884509e-03 -1.001001498025917e-03 -1.007759410195953e+00
10 54 -1.000276281711401e+00 -1.868761462494147e-03 -9.999855079022863e-04 -1.007757641028980e+00
10 55 -1.000276518252804e+00 -1.869760430581094e-03 -9.987701138148256e-04 -1.007755346498247e+00
10 56 -1.000276814295188e+00 -1.870909276998812e-03 -9.973705171571151e-04 -1.007752556889622e+00
10 57 -1.000277164733945e+00 -1.872194138351808e-03 -9.958069380321161e-04 -1.007749309241714e+00
10 58 -1.000277563870942e+00 -1.873599033472409e-03 -9.941040689666562e-04 -1.007745646526836e+00
10 59 -1.000278005568376e+00 -1.875106168719876e-03 -9.922903837117760e-04 -1.007741616713265e+00
10 60 -1.000278483410427e+00 -1.876696293955097e-03 -9.903973191098376e-04 -1.007737271718418e+00
10 61 -1.000278990864926e+00 -1.878349107594622e-03 -9.884583454490340e-04 -1.007732666275973e+00
10 62 -1.000279521436309e+00 -1.880043698861848e-03 -9.865079519712824e-04 -1.007727856762907e+00
10 63 -1.000280068801563e+00 -1.881759003428378e-03 -9.845805933107988e-04 -1.007722900053569e+00
11 0 -1.000281595450041e+00 -1.884160733994022e-03 -9.818113637623650e-04 -1.007715072301486e+00
11 1 -1.000282173306288e+00 -1.885890648348874e-03 -9.799956966807704e-04 -1.007709886814247e+00
11 2 -1.000282749768569e+00 -1.887578478782753e-03 -9.783005521324525e-04 -1.007704727918541e+00
11 3 -1.000283319908893e+00 -1.889206014816278e-03 -9.767513255719365e-04 -1.007699646748768e+00
11 4 -1.000283879266108e+00 -1.890756422123211e-03 -9.753694854465681e-04 -1.007694691651960e+00
11 5 -1.000284423835879e+00 -1.892214346030214e-03 -9.741723021006294e-04 -1.007689908029766e+00
11 6 -1.000284950047694e+00 -1.893565992368580e-03 -9.731727214191164e-04 -1.007685338191058e+00
11 7 -1.000285454731215e+00 -1.894799203242315e-03 -9.723793593571097e-04 -1.007681021166684e+00
11 8 -1.000285935074187e+00 -1.895903535632302e-03 -9.717965937669950e-04 -1.007676992470368e+00
11 9 -1.000286388575101e+00 -1.896870342018759e-03 -9.714247279591651e-04 -1.007673283819644e+00
11 10 -1.000286812994152e+00 -1.897692843478346e-03 -9.712602038382842e-04 -1.007669922858534e+00
11 11 -1.000287206304940e+00 -1.898366178761460e-03 -9.712958541110325e-04 -1.007666932942100e+00
11 12 -1.000287566647559e+00 -1.898887411705290e-03 -9.715211963066442e-04 -1.007664333039975e+00
11 13 -1.000287892282580e+00 -1.899255484482101e-03 -9.719227791231867e-04 -1.007662137792467e+00
11 14 -1.000288181545131e+00 -1.899471111144034e-03 -9.724845938571080e-04 -1.007660357724982e+00
11 15 -1.000288432798790e+00 -1.899536611226020e-03 -9.731885625321969e-04 -1.007658999607032e+00
11 16 -1.000288644391030e+00 -1.899455688983807e-03 -9.740151068770844e-04 -1.007658066925713e+00
11 17 -1.000288814615923e+00 -1.899233173955354e-03 -9.749437842565989e-04 -1.007657560419786e+00
11 18 -1.000288941693808e+00 -1.898874750778073e-03 -9.759539530078174e-04 -1.007657478595156e+00
11 19 -1.000289023778645e+00 -1.898386712224889e-03 -9.770254153924477e-04 -1.007657818136457e+00
11 20 -1.000289058999804e+00 -1.897775763068790e-03 -9.781389931781115e-04 -1.007658574154664e+00
11 21 -1.000289045537651e+00 -1.897048886469211e-03 -9.792770143364784e-04 -1.007659740255465e+00
11 22 -1.000288981725226e+00 -1.896213268089590e-03 -9.804237129435297e-04 -1.007661308454136e+00
11 23 -1.000288866163916e+00 -1.895276262995015e-03 -9.815655549300013e-04 -1.007663268986305e+00
11 24 -1.000288697839904e+00 -1.894245387622042e-03 -9.826914990322668e-04 -1.007665610071038e+00
11 25 -1.000288476229916e+00 -1.893128322321754e-03 -9.837931911904892e-04 -1.007668317675680e+00
11 26 -1.000288201389128e+00 -1.891932918359327e-03 -9.848650764766940e-04 -1.007671375309892e+00
11 27 -1.000287874020107e+00 -1.890667214519262e-03 -9.859043998703848e-04 -1.007674763844899e+00
11 28 -1.000287495526631e+00 -1.889339476105839e-03 -9.869110643763168e-04 -1.007678461331614e+00
11 29 -1.000287068056997e+00 -1.887958266154512e-03 -9.878873296287019e-04 -1.007682442796923e+00
11 30 -1.000286594537724e+00 -1.886532545206605e-03 -9.888373617771063e-04 -1.007686680029884e+00
11 31 -1.000286078692964e+00 -1.885071780720795e-03 -9.897666700177602e-04 -1.007691141406456e+00
11 32 -1.000285525041303e+00 -1.883586039600043e-03 -9.906814742220761e-04 -1.007695791818857e+00
11 33 -1.000284938861680e+00 -1.882086040051593e-03 -9.915880441708099e-04 -1.007700592766739e+00
11 34 -1.000284326123805e+00 -1.880583148879269e-03 -9.924920437940701e-04 -1.007705502638417e+00
11 35 -1.000283693384905e+00 -1.879089324025785e-03 -9.933979072181197e-04 -1.007710477168446e+00
11 36 -1.000283047662837e+00 -1.877617017276345e-03 -9.943082651335628e-04 -1.007715470010685e+00
11 37 -1.000282396302305e+00 -1.876179063240178e-03 -9.952234325984459e-04 -1.007720433331310e+00
11 38 -1.000281746851975e+00 -1.874788580705501e-03 -9.961409708079167e-04 -1.007725318327393e+00
11 39 -1.000281106963362e+00 -1.873458899082181e-03 -9.970553467761652e-04 -1.007730075621771e+00
11 40 -1.000280484310623e+00 -1.872203503171590e-03 -9.979577259152620e-04 -1.007734655552878e+00
11 41 -1.000279886519899e+00 -1.871035974705478e-03 -9.988359331083903e-04 -1.007739008434197e+00
11 42 -1.000279321092204e+00 -1.869969904218666e-03 -9.996746091440682e-04 -1.007743084880506e+00
11 43 -1.000278795305674e+00 -1.869018750296061e-03 -1.000455577305801e-03 -1.007746836288140e+00
11 44 -1.000278316089592e+00 -1.868195632250278e-03 -1.001158419240083e-03 -1.007750215523227e+00
11 45 -1.000277889872211e+00 -1.867513055470157e-03 -1.001761236787741e-03 -1.007753177822632e+00
11 46 -1.000277522414560e+00 -1.866982583173456e-03 -1.002241552819659e-03 -1.007755681857204e+00
11 47 -1.000277218649092e+00 -1.866614478541345e-03 -1.002577291825676e-03 -1.007757690865559e+00
11 48 -1.000276982541729e+00 -1.866417343512237e-03 -1.002747784452496e-03 -1.007759173755759e+00
11 49 -1.000276816989301e+00 -1.866397777090883e-03 -1.002734749870918e-03 -1.007760106090068e+00
11 50 -1.000276723756142e+00 -1.866560072242117e-03 -1.002523214960824e-03 -1.007760470894836e+00
11 51 -1.000276703448057e+00 -1.866905968787947e-03 -1.002102329499676e-03 -1.007760259256766e+00
11 52 -1.000276755519988e+00 -1.867434478315515e-03 -1.001466037394158e-03 -1.007759470677923e+00
11 53 -1.000276878313421e+00 -1.868141793118488e-03 -1.000613567387493e-03 -1.007758113174558e+00
11 54 -1.000277069119751e+00 -1.869021283971633e-03 -9.995497123108817e-04 -1.007756203124264e+00
11 55 -1.000277324266307e+00 -1.870063582712719e-03 -9.982848773511153e-04 -1.007753764886723e+00
11 56 -1.000277639222724e+00 -1.871256738268632e-03 -9.968348978346634e-04 -1.007750830235999e+00
11 57 -1.000278008725828e+00 -1.872586432322225e-03 -9.952206486880052e-04 -1.007747437642199e+00
11 58 -1.000278426920702e+00 -1.874036244470744e-03 -9.934674782956930e-04 -1.007743631430123e+00
11 59 -1.000278887514076e+00 -1.875587963330353e-03 -9.916044956893425e-04 -1.007739460831067e+00
11 60 -1.000279383934671e+00 -1.877221943963896e-03 -9.896637325299839e-04 -1.007734978939854e+00
11 61 -1.000279909493748e+00 -1.878917509814055e-03 -9.876792015808141e-04 -1.007730241596320e+00
11 62 -1.000280457538159e+00 -1.880653389725144e-03 -9.856858818834164e-04 -1.007725306227074e+00
11 63 -1.000281021587786e+00 -1.882408170311413e-03 -9.837186720198722e-04 -1.007720230704831e+00
12 0 -1.000282547149889e+00 -1.884937756967528e-03 -9.803417278836765e-04 -1.007712235354536e+00
12 1 -1.000283140495207e+00 -1.886703662432765e-03 -9.784943881159520e-04 -1.007706942704128e+00
12 2 -1.000283731376287e+00 -1.888425148286376e-03 -9.767711875365210e-04 -1.007701684995608e+00
12 3 -1.000284314723274e+00 -1.890083723512281e-03 -9.751977878773605e-04 -1.007696514108829e+00
12 4 -1.000284885939231e+00 -1.891662297929468e-03 -9.737958667975069e-04 -1.007691479062011e+00
12 5 -1.000285440890295e+00 -1.893145287409669e-03 -9.725828344084487e-04 -1.007686625858776e+00
12 6 -1.000285975883138e+00 -1.894518692133127e-03 -9.715717028847004e-04 -1.007681997355611e+00
12 7 -1.000286487632818e+00 -1.895770168147432e-03 -9.707710874175073e-04 -1.007677633090896e+00
12 8 -1.000286973223538e+00 -1.896889103615522e-03 -9.701853105651512e-04 -1.007673569050123e+00
12 9 -1.000287430064751e+00 -1.897866699524624e-03 -9.698145799868306e-04 -1.007669837381928e+00
12 10 -1.000287855845046e+00 -1.898696043598306e-03 -9.696552163099356e-04 -1.007666466113164e+00
12 11 -1.000288248485836e+00 -1.899372160737900e-03 -9.696999187371965e-04 -1.007663478923950e+00
12 12 -1.000288606096321e+00 -1.899892025021402e-03 -9.699380647217414e-04 -1.007660895032780e+00
12 13 -1.000288926930121e+00 -1.900254522716380e-03 -9.703560483017137e-04 -1.007658729221406e+00
12 14 -1.000289209342530e+00 -1.900460358329303e-03 -9.709376729078617e-04 -1.007656992013386e+00
12 15 -1.000289451746883e+00 -1.900511898140172e-03 -9.716646219920672e-04 -1.007655690006305e+00
12 16 -1.000289652570905e+00 -1.900412953511924e-03 -9.725170219747779e-04 -1.007654826333787e+00
12 17 -1.000289810218617e+00 -1.900168520212519e-03 -9.734740852743423e-04 -1.007654401200041e+00
12 18 -1.000289923047726e+00 -1.899784503038074e-03 -9.745147922073452e-04 -1.007654412404561e+00
12 19 -1.000289989372959e+00 -1.899267459390425e-03 -9.756185572802727e-04 -1.007654855774293e+00
12 20 -1.000290007502197e+00 -1.898624389740422e-03 -9.767658319558121e-04 -1.007655725443147e+00
12 21 -1.000289975806268e+00 -1.897862590939677e-03 -9.779386142401820e-04 -1.007657013951990e+00
12 22 -1.000289892816842e+00 -1.896989573847962e-03 -9.791208566754031e-04 -1.007658712178615e+00
12 23 -1.000289757341233e+00 -1.896013032435619e-03 -9.802987828104147e-04 -1.007660809142963e+00
12 24 -1.000289568579584e+00 -1.894940842111326e-03 -9.814611307967125e-04 -1.007663291757189e+00
12 25 -1.000289326230696e+00 -1.893781066234384e-03 -9.825993345372946e-04 -1.007666144586829e+00
12 26 -1.000289030578265e+00 -1.892541962014388e-03 -9.837076309074835e-04 -1.007669349656301e+00
12 27 -1.000288682556653e+00 -1.891231992264975e-03 -9.847830614184813e-04 -1.007672886290476e+00
12 28 -1.000288283800409e+00 -1.889859857189654e-03 -9.858253337463652e-04 -1.007676730962230e+00
12 29 -1.000287836682192e+00 -1.888434556281286e-03 -9.868365246970812e-04 -1.007680857124457e+00
12 30 -1.000287344340530e+00 -1.886965478565793e-03 -9.878206309122703e-04 -1.007685235032825e+00
12 31 -1.000286810694482e+00 -1.885462506617920e-03 -9.887829959574596e-04 -1.007689831595428e+00
12 32 -1.000286240438577e+00 -1.883936110599384e-03 -9.897296576487872e-04 -1.007694610306909e+00
12 33 -1.000285639009598e+00 -1.882397405812157e-03 -9.906666657725606e-04 -1.007699531330493e+00
12 34 -1.000285012518549e+00 -1.880858153636639e-03 -9.915994156144306e-04 -1.007704551772771e+00
12 35 -1.000284367647678e+00 -1.879330701611000e-03 -9.925320281264035e-04 -1.007709626149560e+00
12 36 -1.000283711522236e+00 -1.877827878097121e-03 -9.934667911527504e-04 -1.007714706981765e+00
12 37 -1.000283051574410e+00 -1.876362870183207e-03 -9.944036678923634e-04 -1.007719745419258e+00
12 38 -1.000282395417611e+00 -1.874949112728870e-03 -9.953398818362499e-04 -1.007724691793712e+00
12 39 -1.000281750742255e+00 -1.873600202970026e-03 -9.962695966085203e-04 -1.007729496047312e+00
12 40 -1.000281125233304e+00 -1.872329836843242e-03 -9.971837179512991e-04 -1.007734108048165e+00
12 41 -1.000280526500109e+00 -1.871151748134135e-03 -9.980698507949970e-04 -1.007738477857432e+00
12 42 -1.000279962003519e+00 -1.870079623668347e-03 -9.989124451836441e-04 -1.007742556042726e+00
12 43 -1.000279438964760e+00 -1.869126968206898e-03 -9.996931563193490e-04 -1.007746294132995e+00
12 44 -1.000278964246065e+00 -1.868306901651563e-03 -1.000391422816642e-03 -1.007749645280936e+00
12 45 -1.000278544203393e+00 -1.867631886591061e-03 -1.000985238229594e-03 -1.007752565144506e+00
12 46 -1.000278184523120e+00 -1.867113400474649e-03 -1.001452065990180e-03 -1.007755012937416e+00
12 47 -1.000277890061499e+00 -1.866761577120505e-03 -1.001769836329660e-03 -1.007756952555866e+00
12 48 -1.000277664705148e+00 -1.866584844270571e-03 -1.001917965157294e-03 -1.007758353679858e+00
12 49 -1.000277511264865e+00 -1.866589580647882e-03 -1.001878342728830e-03 -1.007759192764113e+00
12 50 -1.000277431408140e+00 -1.866779812466802e-03 -1.001636248809577e-03 -1.007759453855583e+00
12 51 -1.000277425630681e+00 -1.867156967608111e-03 -1.001181158067604e-03 -1.007759129190586e+00
12 52 -1.000277493264090e+00 -1.867719703955231e-03 -1.000507402350014e-03 -1.007758219538408e+00
12 53 -1.000277632515096e+00 -1.868463824106763e-03 -9.996146555082187e-04 -1.007756734276929e+00
12 54 -1.000277840531545e+00 -1.869382281149628e-03 -9.985082076518117e-04 -1.007754691208564e+00
12 55 -1.000278113491489e+00 -1.870465271134519e-03 -9.971990070411006e-04 -1.007752116144608e+00
12 56 -1.000278446712812e+00 -1.871700400478021e-03 -9.957034691241880e-04 -1.007749042297849e+00
12 57 -1.000278834780805e+00 -1.873072913611216e-03 -9.940430731352617e-04 -1.007745509525872e+00
12 58 -1.000279271690267e+00 -1.874565968649252e-03 -9.922437771777623e-04 -1.007741563461537e+00
12 59 -1.000279750998103e+00 -1.876160954643387e-03 -9.903352830283555e-04 -1.007737254554649e+00
12 60 -1.000280265981998e+00 -1.877837849220388e-03 -9.883501792353688e-04 -1.007732637036663e+00
12 61 -1.000280809799881e+00 -1.879575616365041e-03 -9.863229902544162e-04 -1.007727767818198e+00
12 62 -1.000281375643191e+00 -1.881352638615252e-03 -9.842891612729106e-04 -1.007722705343974e+00
12 63 -1.000281956875700e+00 -1.883147166661598e-03 -9.822840148663334e-04 -1.007717508457641e+00
13 0 -1.000283472152229e+00 -1.885796473165176e-03 -9.783107332713358e-04 -1.007709377709592e+00
13 1 -1.000284081627674e+00 -1.887599041347550e-03 -9.764332146691342e-04 -1.007703974080445e+00
13 2 -1.000284687747150e+00 -1.889355316178010e-03 -9.746828508873280e-04 -1.007698612353251e+00
13 3 -1.000285285295169e+00 -1.891046523722495e-03 -9.730855685945623e-04 -1.007693345176636e+00
13 4 -1.000285869533179e+00 -1.892655309770380e-03 -9.716632593078883e-04 -1.007688222281574e+00
13 5 -1.000286436189227e+00 -1.894165845023592e-03 -9.704334856613054e-04 -1.007683290338170e+00
13 6 -1.000286981435482e+00 -1.895563901013827e-03 -9.694093474429995e-04 -1.007678592836653e+00
13 7 -1.000287501857527e+00 -1.896836919708698e-03 -9.685994842335173e-04 -1.007674169925069e+00
13 8 -1.000287994417921e+00 -1.897974088779386e-03 -9.680081864712369e-04 -1.007670058176567e+00
13 9 -1.000288456415704e+00 -1.898966421173906e-03 -9.676355871579407e-04 -1.007666290304109e+00
13 10 -1.000288885443447e+00 -1.899806827989716e-03 -9.674779095994977e-04 -1.007662894870833e+00
13 11 -1.000289279343822e+00 -1.900490170659742e-03 -9.675277502635059e-04 -1.007659896051420e+00
13 12 -1.000289636167660e+00 -1.901013279780203e-03 -9.677743834919284e-04 -1.007657313490808e+00
13 13 -1.000289954134028e+00 -1.901374928983955e-03 -9.682040910094400e-04 -1.007655162294725e+00
13 14 -1.000290231590786e+00 -1.901575752417707e-03 -9.688005388998800e-04 -1.007653453175335e+00
13 15 -1.000290466973645e+00 -1.901618097826542e-03 -9.695452332476708e-04 -1.007652192756886e+00
13 16 -1.000290658764488e+00 -1.901505817180702e-03 -9.704180729320970e-04 -1.007651384016567e+00
13 17 -1.000290805454298e+00 -1.901244010350248e-03 -9.713979901941207e-04 -1.007651026804685e+00
13 18 -1.000290905519559e+00 -1.900838748368513e-03 -9.724636422861798e-04 -1.007651118369639e+00
13 19 -1.000290957421747e+00 -1.900296807879592e-03 -9.735941015674237e-04 -1.007651653810639e+00
13 20 -1.000290959637501e+00 -1.899625447321050e-03 -9.747694890810799e-04 -1.007652626390761e+00
13 21 -1.000290910722595e+00 -1.898832247466382e-03 -9.759715084542928e-04 -1.007654027666397e+00
13 22 -1.000290809405972e+00 -1.897925022961819e-03 -9.771838623476503e-04 -1.007655847430855e+00
13 23 -1.000290654702661e+00 -1.896911791645956e-03 -9.783925630373256e-04 -1.007658073520338e+00
13 24 -1.000290446029853e+00 -1.895800775465758e-03 -9.795861637940256e-04 -1.007660691562214e+00
13 25 -1.000290183311612e+00 -1.894600408984723e-03 -9.807559278128789e-04 -1.007663684738118e+00
13 26 -1.000289867063680e+00 -1.893319345689580e-03 -9.818959260933051e-04 -1.007667033596690e+00
13 27 -1.000289498456843e+00 -1.891966467144109e-03 -9.830030353982259e-04 -1.007670715911789e+00
13 28 -1.000289079361952e+00 -1.890550907089595e-03 -9.840768038130120e-04 -1.007674706561950e+00
13 29 -1.000288612381330e+00 -1.889082101313178e-03 -9.851191617979375e-04 -1.007678977406797e+00
13 30 -1.000288100869951e+00 -1.887569866782190e-03 -9.861339753090511e-04 -1.007683497151106e+00
13 31 -1.000287548945884e+00 -1.886024501136730e-03 -9.871264623750255e-04 -1.007688231216584e+00
13 32 -1.000286961484001e+00 -1.884456879281227e-03 -9.881025198989345e-04 -1.007693141677500e+00
13 33 -1.000286344083275e+00 -1.882878515947333e-03 -9.890680208372005e-04 -1.007698187335972e+00
13 34 -1.000285702999585e+00 -1.881301569535342e-03 -9.900281349786543e-04 -1.007703323993573e+00
13 35 -1.000285045043557e+00 -1.879738781602527e-03 -9.909867063546212e-04 -1.007708504920814e+00
13 36 -1.000284377452757e+00 -1.878203367241038e-03 -9.919457022721867e-04 -1.007713681464411e+00
13 37 -1.000283707754578e+00 -1.876708883849332e-03 -9.929047407277857e-04 -1.007718803695181e+00
13 38 -1.000283043637148e+00 -1.875269106206531e-03 -9.938607015233035e-04 -1.007723820999639e+00
13 39 -1.000282392840602e+00 -1.873897926277891e-03 -9.948074292257382e-04 -1.007728682551790e+00
13 40 -1.000281763071839e+00 -1.872609279898222e-03 -9.957355457745304e-04 -1.007733337657581e+00
13 41 -1.000281161935266e+00 -1.871417084007251e-03 -9.966324055592634e-04 -1.007737736026995e+00
13 42 -1.000280596863943e+00 -1.870335154960448e-03 -9.974822345840708e-04 -1.007741828074411e+00
13 43 -1.000280075033803e+00 -1.869377077447389e-03 -9.982664861799724e-04 -1.007745565354502e+00
13 44 -1.000279603249855e+00 -1.868556005051004e-03 -9.989644198223724e-04 -1.007748901204762e+00
13 45 -1.000279187804528e+00 -1.867884390839213e-03 -9.995538791413158e-04 -1.007751791605222e+00
13 46 -1.000278834319011e+00 -1.867373661735723e-03 -1.000012220702698e-03 -1.007754196208321e+00
13 47 -1.000278547584534e+00 -1.867033859834213e-03 -1.000317330050914e-03 -1.007756079454967e+00
13 48 -1.000278331420951e+00 -1.866873277324432e-03 -1.000448657211921e-03 -1.007757411679612e+00
13 49 -1.000278188566431e+00 -1.866898110798599e-03 -1.000388211785699e-03 -1.007758170112419e+00
13 50 -1.000278120606241e+00 -1.867112157274967e-03 -1.000121473844458e-03 -1.007758339703816e+00
13 51 -1.000278127942215e+00 -1.867516570396128e-03 -9.996381900791746e-04 -1.007757913719233e+00
13 52 -1.000278209799650e+00 -1.868109692081474e-03 -9.989330268112438e-04 -1.007756894073460e+00
13 53 -1.000278364266621e+00 -1.868886971427027e-03 -9.980060466908424e-04 -1.007755291391961e+00
13 54 -1.000278588361475e+00 -1.869840976706142e-03 -9.968629760234899e-04 -1.007753124803382e+00
13 55 -1.000278878125230e+00 -1.870961497455593e-03 -9.955152412703329e-04 -1.007750421487192e+00
13 56 -1.000279228735217e+00 -1.872235724528732e-03 -9.939797722715517e-04 -1.007747216020586e+00
13 57 -1.000279634635470e+00 -1.873648490938296e-03 -9.922785881012394e-04 -1.007743549579625e+00
13 58 -1.000280089679470e+00 -1.875182557899149e-03 -9.904381945611582e-04 -1.007739469042807e+00
13 59 -1.000280587281862e+00 -1.876818937440649e-03 -9.884888288892563e-04 -1.007735026024088e+00
13 60 -1.000281120575955e+00 -1.878537250510342e-03 -9.864635869698450e-04 -1.007730275842184e+00
13 61 -1.000281682572375e+00 -1.880316122018136e-03 -9.843974635947935e-04 -1.007725276429309e+00
13 62 -1.000282266312109e+00 -1.882133608749060e-03 -9.823263341114659e-04 -1.007720087199819e+00
13 63 -1.000282865005908e+00 -1.883967644290470e-03 -9.802859124279234e-04 -1.007714767928183e+00
14 0 -1.000284361010663e+00 -1.886727086219056e-03 -9.757343312290353e-04 -1.007706535583937e+00
14 1 -1.000284987041222e+00 -1.888566502108342e-03 -9.738287681927129e-04 -1.007701018624222e+00
14 2 -1.000285609015738e+00 -1.890358242245614e-03 -9.720527204372570e-04 -1.007695549043631e+00
14 3 -1.000286221570923e+00 -1.892083251977740e-03 -9.704323698929063e-04 -1.007690180272333e+00
14 4 -1.000286819822000e+00 -1.893723906735883e-03 -9.689898236670463e-04 -1.007684962791115e+00
14 5 -1.000287399351667e+00 -1.895264117360071e-03 -9.677428113990854e-04 -1.007679943996352e+00
14 6 -1.000287956187621e+00 -1.896689405922227e-03 -9.667045434771764e-04 -1.007675168088884e+00
14 7 -1.000288486772979e+00 -1.897986974808275e-03 -9.658837089690623e-04 -1.007670675918707e+00
14 8 -1.000288987932121e+00 -1.899145780115516e-03 -9.652845909082422e-04 -1.007666504758504e+00
14 9 -1.000289456833434e+00 -1.900156608894681e-03 -9.649072738661230e-04 -1.007662688019601e+00
14 10 -1.000289890950253e+00 -1.901012152005481e-03 -9.647479129636802e-04 -1.007659254952368e+00
14 11 -1.000290288021539e+00 -1.901707060487876e-03 -9.647990327135298e-04 -1.007656230385316e+00
14 12 -1.000290646013818e+00 -1.902237971936884e-03 -9.650498368767604e-04 -1.007653634554930e+00
14 13 -1.000290963084694e+00 -1.902603493321402e-03 -9.654865340656860e-04 -1.007651483066589e+00
14 14 -1.000291237546662e+00 -1.902804128312867e-03 -9.660927047039571e-04 -1.007649787009987e+00
14 15 -1.000291467829659e+00 -1.902842141732697e-03 -9.668497413138943e-04 -1.007648553231574e+00
14 16 -1.000291652442822e+00 -1.902721361778419e-03 -9.677373840462208e-04 -1.007647784742732e+00
14 17 -1.000291789939588e+00 -1.902446931294917e-03 -9.687343517247379e-04 -1.007647481218614e+00
14 18 -1.000291878893627e+00 -1.902025030622087e-03 -9.698190410133674e-04 -1.007647639522097e+00
14 19 -1.000291917895004e+00 -1.901462603848917e-03 -9.709702400696416e-04 -1.007648254173911e+00
14 20 -1.000291905575398e+00 -1.900767123398097e-03 -9.721677905034029e-04 -1.007649317690731e+00
14 21 -1.000291840666960e+00 -1.899946420108504e-03 -9.733931432255762e-04 -1.007650820737715e+00
14 22 -1.000291722091854e+00 -1.899008587361586e-03 -9.746297862838836e-04 -1.007652752090266e+00
14 23 -1.000291549071517e+00 -1.897961946361450e-03 -9.758635566374216e-04 -1.007655098452716e+00
14 24 -1.000291321240251e+00 -1.896815046836619e-03 -9.770828630760093e-04 -1.007657844211865e+00
14 25 -1.000291038748685e+00 -1.895576678549488e-03 -9.782788398202524e-04 -1.007660971198947e+00
14 26 -1.000290702347496e+00 -1.894255880071348e-03 -9.794454304043083e-04 -1.007664458504804e+00
14 27 -1.000290313447866e+00 -1.892861944749425e-03 -9.805793818434680e-04 -1.007668282357663e+00
14 28 -1.000289874160911e+00 -1.891404434514548e-03 -9.816801170917846e-04 -1.007672416042454e+00
14 29 -1.000289387322082e+00 -1.889893216657220e-03 -9.827494546852027e-04 -1.007676829824628e+00
14 30 -1.000288856506297e+00 -1.888338533093857e-03 -9.837911627528996e-04 -1.007681490852029e+00
14 31 -1.000288286034444e+00 -1.886751095689579e-03 -9.848103666950652e-04 -1.007686363047955e+00
14 32 -1.000287680965040e+00 -1.885142183014828e-03 -9.858128605717772e-04 -1.007691407055310e+00
14 33 -1.000287047061033e+00 -1.883523705711110e-03 -9.868043856189326e-04 -1.007696580311777e+00
14 34 -1.000286390723937e+00 -1.881908214937194e-03 -9.877899326385094e-04 -1.007701837313678e+00
14 35 -1.000285718894328e+00 -1.880308845858534e-03 -9.887731082852352e-04 -1.007707130075786e+00
14 36 -1.000285038925935e+00 -1.878739206681741e-03 -9.897555879333768e-04 -1.007712408741044e+00
14 37 -1.000284358447386e+00 -1.877213237642781e-03 -9.907366624184711e-04 -1.007717622254231e+00
14 38 -1.000283685229100e+00 -1.875745070466408e-03 -9.917128750500993e-04 -1.007722718997335e+00
14 39 -1.000283027070174e+00 -1.874348913332318e-03 -9.926777460351993e-04 -1.007727647304158e+00
14 40 -1.000282391710867e+00 -1.873038968336547e-03 -9.936215971711900e-04 -1.007732355831092e+00
14 41 -1.000281786763656e+00 -1.871829365279718e-03 -9.945315107542671e-04 -1.007736793837679e+00
14 42 -1.000281219646585e+00 -1.870734080195960e-03 -9.953914667375592e-04 -1.007740911483563e+00
14 43 -1.000280697501462e+00 -1.869766806974245e-03 -9.961826932043270e-04 -1.007744660251600e+00
14 44 -1.000280227085991e+00 -1.868940762591645e-03 -9.968842419177486e-04 -1.007747993567521e+00
14 45 -1.000279814638909e+00 -1.868268422544574e-03 -9.974737715966820e-04 -1.007750867631591e+00
14 46 -1.000279465726454e+00 -1.867761197499578e-03 -9.979284923754817e-04 -1.007753242426810e+00
14 47 -1.000279185085181e+00 -1.867429073305495e-03 -9.982262020649321e-04 -1.007755082828057e+00
14 48 -1.000278976478923e+00 -1.867280242899394e-03 -9.983463375198617e-04 -1.007756359711951e+00
14 49 -1.000278842585611e+00 -1.867320758673458e-03 -9.982709762970051e-04 -1.007757050965666e+00
14 50 -1.000278784923224e+00 -1.867554228730784e-03 -9.979857453388398e-04 -1.007757142314193e+00
14 51 -1.000278803816575e+00 -1.867981574554742e-03 -9.974806088660501e-04 -1.007756627915318e+00
14 52 -1.000278898401839e+00 -1.868600864381536e-03 -9.967505100432681e-04 -1.007755510693156e+00
14 53 -1.000279066664927e+00 -1.869407234770926e-03 -9.957958368582728e-04 -1.007753802392283e+00
14 54 -1.000279305510473e+00 -1.870392908219117e-03 -9.946226824159609e-04 -1.007751523348472e+00
14 55 -1.000279610857649e+00 -1.871547304975186e-03 -9.932428779184520e-04 -1.007748701998579e+00
14 56 -1.000279977757369e+00 -1.872857235701576e-03 -9.916737915473810e-04 -1.007745374182756e+00
14 57 -1.000280400524902e+00 -1.874307154771519e-03 -9.899379050226460e-04 -1.007741582306620e+00
14 58 -1.000280872883391e+00 -1.875879456006838e-03 -9.880621969519555e-04 -1.007737374418479e+00
14 59 -1.000281388115422e+00 -1.877554801351099e-03 -9.860773718332614e-04 -1.007732803228676e+00
14 60 -1.000281939219804e+00 -1.879312481397816e-03 -9.840169729184031e-04 -1.007727925076615e+00
14 61 -1.000282519068993e+00 -1.881130808851392e-03 -9.819164114758556e-04 -1.007722798849200e+00
14 62 -1.000283120561040e+00 -1.882987540849157e-03 -9.798119434765733e-04 -1.007717484869116e+00
14 63 -1.000283736759029e+00 -1.884860316532525e-03 -9.777396306790628e-04 -1.007712043793365e+00
15 0 -1.000285204841868e+00 -1.887719055336541e-03 -9.726343699119613e-04 -1.007703744445896e+00
15 1 -1.000285847622850e+00 -1.889595003160156e-03 -9.707035221846394e-04 -1.007698113329070e+00
15 2 -1.000286485851155e+00 -1.891422408949112e-03 -9.689038519549435e-04 -1.007692533505606e+00
15 3 -1.000287114015042e+00 -1.893181942422371e-03 -9.672617804495994e-04 -1.007687059193947e+00
15 4 -1.000287727080588e+00 -1.894855705236010e-03 -9.657996296289964e-04 -1.007681741653176e+00
15 5 -1.000288320479823e+00 -1.896427337955530e-03 -9.645353078394636e-04 -1.007676629052465e+00
15 6 -1.000288890087646e+00 -1.897882096078887e-03 -9.634821555850237e-04 -1.007671766369128e+00
15 7 -1.000289432192759e+00 -1.899206917458895e-03 -9.626489367482827e-04 -1.007667195244888e+00
15 8 -1.000289943465643e+00 -1.900390493586570e-03 -9.620399578268107e-04 -1.007662953766229e+00
15 9 -1.000290420925016e+00 -1.901423346648533e-03 -9.616552887124853e-04 -1.007659076175142e+00
15 10 -1.000290861903462e+00 -1.902297905251591e-03 -9.614910481839896e-04 -1.007655592551606e+00
15 11 -1.000291264012895e+00 -1.903008565790152e-03 -9.615397174491288e-04 -1.007652528528041e+00
15 12 -1.000291625110635e+00 -1.903551724781021e-03 -9.617904604574243e-04 -1.007649905093183e+00
15 13 -1.000291943266532e+00 -1.903925769227325e-03 -9.622294527962224e-04 -1.007647738524722e+00
15 14 -1.000292216730551e+00 -1.904131014723025e-03 -9.628402408323539e-04 -1.007646040470020e+00
15 15 -1.000292443899605e+00 -1.904169583607773e-03 -9.636041634202168e-04 -1.007644818178828e+00
15 16 -1.000292623283440e+00 -1.904045220227445e-03 -9.645008668374845e-04 -1.007644074876038e+00
15 17 -1.000292753472297e+00 -1.903763050081265e-03 -9.655089253973682e-04 -1.007643810239196e+00
15 18 -1.000292833113064e+00 -1.903329303594836e-03 -9.666065461120129e-04 -1.007644020917551e+00
15 19 -1.000292860903514e+00 -1.902751037789273e-03 -9.677722999617611e-04 -1.007644701009434e+00
15 20 -1.000292835613938e+00 -1.902035892907949e-03 -9.689858062772556e-04 -1.007645842416041e+00
15 21 -1.000292756141126e+00 -1.901191912487315e-03 -9.702283106076146e-04 -1.007647435016843e+00
15 22 -1.000292621592428e+00 -1.900227437410310e-03 -9.714831295155771e-04 -1.007649466656886e+00
15 23 -1.000292431390322e+00 -1.899151064801628e-03 -9.727359678477816e-04 -1.007651922983652e+00
15 24 -1.000292185383280e+00 -1.897971648715191e-03 -9.739751323339852e-04 -1.007654787204623e+00
15 25 -1.000291883947959e+00 -1.896698315672323e-03 -9.751916673049075e-04 -1.007658039845859e+00
15 26 -1.000291528071057e+00 -1.895340475112070e-03 -9.763794248150197e-04 -1.007661658573009e+00
15 27 -1.000291119405719e+00 -1.893907820173600e-03 -9.775350566905742e-04 -1.007665618094827e+00
15 28 -1.000290660305003e+00 -1.892410330800412e-03 -9.786578930486853e-04 -1.007669890123261e+00
15 29 -1.000290153839864e+00 -1.890858298840411e-03 -9.797496682497531e-04 -1.007674443340445e+00
15 30 -1.000289603808342e+00 -1.889262387530908e-03 -9.808140773282850e-04 -1.007679243338417e+00
15 31 -1.000289014737004e+00 -1.887633719640462e-03 -9.818561810814299e-04 -1.007684252542445e+00
15 32 -1.000288391869214e+00 -1.885983971122560e-03 -9.828817071161810e-04 -1.007689430173088e+00
15 33 -1.000287741131566e+00 -1.884325439626915e-03 -9.838963083763290e-04 -1.007694732319918e+00
15 34 -1.000287069070814e+00 -1.882671061071720e-03 -9.849048417911862e-04 -1.007700112187143e+00
15 35 -1.000286382758178e+00 -1.881034359925893e-03 -9.859107195347807e-04 -1.007705520535760e+00
15 36 -1.000285689665345e+00 -1.879429337201001e-03 -9.869153637703703e-04 -1.007710906295469e+00
15 37 -1.000284997525111e+00 -1.877870319763411e-03 -9.879177691877383e-04 -1.007716217264308e+00
15 38 -1.000284314195322e+00 -1.876371806060194e-03 -9.889141609384291e-04 -1.007721400781721e+00
15 39 -1.000283647542612e+00 -1.874948337960773e-03 -9.898977391463969e-04 -1.007726404279287e+00
15 40 -1.000283005352238e+00 -1.873614407538406e-03 -9.908585201959428e-04 -1.007731175681013e+00
15 41 -1.000282395257450e+00 -1.872384383524483e-03 -9.917833051274801e-04 -1.007735663704463e+00
15 42 -1.000281824673375e+00 -1.871272427596132e-03 -9.926558160609175e-04 -1.007739818163134e+00
15 43 -1.000281300719150e+00 -1.870292369490815e-03 -9.934570392082754e-04 -1.007743590374959e+00
15 44 -1.000280830116653e+00 -1.869457518639419e-03 -9.941657961588797e-04 -1.007746933753607e+00
15 45 -1.000280419062206e+00 -1.868780404310893e-03 -9.947595336270286e-04 -1.007749804613018e+00
15 46 -1.000280073077315e+00 -1.868272453090536e-03 -9.952152837427077e-04 -1.007752163160143e+00
15 47 -1.000279796853184e+00 -1.867943627368316e-03 -9.955107185440283e-04 -1.007753974598451e+00
15 48 -1.000279594107738e+00 -1.867802055910792e-03 -9.956252163419959e-04 -1.007755210235201e+00
15 49 -1.000279467471175e+00 -1.867853685822194e-03 -9.955408723026709e-04 -1.007755848489221e+00
15 50 -1.000279418409011e+00 -1.868101978550825e-03 -9.952434076812900e-04 -1.007755875722074e+00
15 51 -1.000279447184940e+00 -1.868547667202946e-03 -9.947229490501058e-04 -1.007755286841275e+00
15 52 -1.000279552862297e+00 -1.869188590484723e-03 -9.939746559091097e-04 -1.007754085638371e+00
15 53 -1.000279733341778e+00 -1.870019617128821e-03 -9.929991742177984e-04 -1.007752284835203e+00
15 54 -1.000279985431936e+00 -1.871032669256907e-03 -9.918028901925375e-04 -1.007749905832603e+00
15 55 -1.000280304947346e+00 -1.872216842555620e-03 -9.903979606145322e-04 -1.007746978188806e+00
15 56 -1.000280686828109e+00 -1.873558609174785e-03 -9.888021082955294e-04 -1.007743538886121e+00
15 57 -1.000281125274670e+00 -1.875042082214095e-03 -9.870381921056916e-04 -1.007739631456781e+00
15 58 -1.000281613893148e+00 -1.876649322248982e-03 -9.851335806065602e-04 -1.007735305027328e+00
15 59 -1.000282145847467e+00 -1.878360674286098e-03 -9.831193683748696e-04 -1.007730613316149e+00
15 60 -1.000282714014924e+00 -1.880155131664319e-03 -9.810294745699669e-04 -1.007725613596926e+00
15 61 -1.000283311141489e+00 -1.882010726863474e-03 -9.788996606433886e-04 -1.007720365631587e+00
15 62 -1.000283929992285e+00 -1.883904946801105e-03 -9.767665033397453e-04 -1.007714930581874e+00
15 63 -1.000284563491175e+00 -1.885815162852528e-03 -9.746663605588149e-04 -1.007709369927494e+00
16 0 -1.000285995455790e+00 -1.888761321517021e-03 -9.690384471976212e-04 -1.007701038139295e+00
16 1 -1.000286654943897e+00 -1.890672982530197e-03 -9.670856609068910e-04 -1.007695293593355e+00
16 2 -1.000287309594942e+00 -1.892535766766004e-03 -9.652649907483081e-04 -1.007689602637223e+00
16 3 -1.000287953750477e+00 -1.894330077990681e-03 -9.636030744857159e-04 -1.007684020272193e+00
16 4 -1.000288582226889e+00 -1.896037746542210e-03 -9.621224408982422e-04 -1.007678598548089e+00
16 5 -1.000289190302178e+00 -1.897642137559725e-03 -9.608411811252626e-04 -1.007673386439779e+00
16 6 -1.000289773691456e+00 -1.899128225227729e-03 -9.597727816624392e-04 -1.007668429760894e+00
16 7 -1.000290328518115e+00 -1.900482657894791e-03 -9.589261093134576e-04 -1.007663771032954e+00
16 8 -1.000290851284307e+00 -1.901693829547746e-03 -9.583055307797477e-04 -1.007659449265986e+00
16 9 -1.000291338841627e+00 -1.902751959933491e-03 -9.579111389930715e-04 -1.007655499656726e+00
16 10 -1.000291788361757e+00 -1.903649174503206e-03 -9.577390497906484e-04 -1.007651953251302e+00
16 11 -1.000292197307060e+00 -1.904379570221176e-03 -9.577817320016419e-04 -1.007648836635938e+00
16 12 -1.000292563401475e+00 -1.904939253730316e-03 -9.580283439829637e-04 -1.007646171712124e+00
16 13 -1.000292884602054e+00 -1.905326340661303e-03 -9.584650689680029e-04 -1.007643975594423e+00
16 14 -1.000293159070805e+00 -1.905540905872360e-03 -9.590754659525630e-04 -1.007642260652459e+00
16 15 -1.000293385145832e+00 -1.905584874928987e-03 -9.598408732469387e-04 -1.007641034705862e+00
16 16 -1.000293561311278e+00 -1.905461851237527e-03 -9.607409055287833e-04 -1.007640301364638e+00
16 17 -1.000293686168086e+00 -1.905176883783813e-03 -9.617540641340650e-04 -1.007640060482361e+00
16 18 -1.000293758411615e+00 -1.904736195203013e-03 -9.628584410170278e-04 -1.007640308661115e+00
16 19 -1.000293776825285e+00 -1.904146902466496e-03 -9.640324593659693e-04 -1.007641039728005e+00
16 20 -1.000293740299309e+00 -1.903416766677235e-03 -9.652555773132298e-04 -1.007642245103286e+00
16 21 -1.000293647879754e+00 -1.902554002149734e-03 -9.665088904380191e-04 -1.007643914001301e+00
16 22 -1.000293498847003e+00 -1.901567159899079e-03 -9.677755958024354e-04 -1.007646033443535e+00
16 23 -1.000293292815737e+00 -1.900465081053410e-03 -9.690413135108473e-04 -1.007648588110691e+00
16 24 -1.000293029842890e+00 -1.899256897810227e-03 -9.702942899823741e-04 -1.007651560104189e+00
16 25 -1.000292710527610e+00 -1.897952051178789e-03 -9.715255181810466e-04 -1.007654928707135e+00
16 26 -1.000292336090125e+00 -1.896560301102578e-03 -9.727287963180853e-04 -1.007658670216683e+00
16 27 -1.000291908423906e+00 -1.895091722687555e-03 -9.739007154250474e-04 -1.007662757871097e+00
16 28 -1.000291430123811e+00 -1.893556700998427e-03 -9.750405394712986e-04 -1.007667161843862e+00
16 29 -1.000290904497738e+00 -1.891965944691012e-03 -9.761499381262567e-04 -1.007671849253576e+00
16 30 -1.000290335568679e+00 -1.890330532253089e-03 -9.772325522825291e-04 -1.007676784151385e+00
16 31 -1.000289728069649e+00 -1.888661989221328e-03 -9.782934028302874e-04 -1.007681927484894e+00
16 32 -1.000289087428418e+00 -1.886972378361965e-03 -9.793381823853459e-04 -1.007687237078583e+00
16 33 -1.000288419734461e+00 -1.885274373343514e-03 -9.803724924637191e-04 -1.007692667699717e+00
16 34 -1.000287731679103e+00 -1.883581284312063e-03 -9.814010988206075e-04 -1.007698171283051e+00
16 35 -1.000287030463201e+00 -1.881907014351890e-03 -9.824272676982311e-04 -1.007703697357750e+00
16 36 -1.000286323675203e+00 -1.880265947533376e-03 -9.834522172538784e-04 -1.007709193659258e+00
16 37 -1.000285619152398e+00 -1.878672792632339e-03 -9.844746871400792e-04 -1.007714606843066e+00
16 38 -1.000284924843905e+00 -1.877142418815110e-03 -9.854906123836380e-04 -1.007719883183473e+00
16 39 -1.000284248691560e+00 -1.875689714034144e-03 -9.864928898991726e-04 -1.007724969160304e+00
16 40 -1.000283598535655e+00 -1.874329477842645e-03 -9.874712402962932e-04 -1.007729811898610e+00
16 41 -1.000282982041302e+00 -1.873076338235957e-03 -9.884121865418995e-04 -1.007734359497967e+00
16 42 -1.000282406632738e+00 -1.871944665875491e-03 -9.892991886727295e-04 -1.007738561339706e+00
16 43 -1.000281879419459e+00 -1.870948453095574e-03 -9.901129804793496e-04 -1.007742368479065e+00
16 44 -1.000281407100541e+00 -1.870101130702034e-03 -9.908321389005209e-04 -1.007745734212647e+00
16 45 -1.000280995841500e+00 -1.869415311219500e-03 -9.914338797732973e-04 -1.007748614863225e+00
16 46 -1.000280651129139e+00 -1.868902467367430e-03 -9.918950304680051e-04 -1.007750970758170e+00
16 47 -1.000280377619180e+00 -1.868572570809692e-03 -9.921931006407988e-04 -1.007752767320789e+00
16 48 -1.000280178994779e+00 -1.868433722674836e-03 -9.923073657077495e-04 -1.007753976168671e+00
16 49 -1.000280057850966e+00 -1.868491804657977e-03 -9.922198897205125e-04 -1.007754576120991e+00
16 50 -1.000280015614246e+00 -1.868750173491027e-03 -9.919164361573225e-04 -1.007754554038421e+00
16 51 -1.000280052501533e+00 -1.869209417378646e-03 -9.913872374395329e-04 -1.007753905436564e+00
16 52 -1.000280167519232e+00 -1.869867191122965e-03 -9.906276076570365e-04 -1.007752634825986e+00
16 53 -1.000280358500419e+00 -1.870718143922332e-03 -9.896383833453318e-04 -1.007750755749485e+00
16 54 -1.000280622175793e+00 -1.871753947383945e-03 -9.884261697738143e-04 -1.007748290514876e+00
16 55 -1.000280954272750e+00 -1.872963421351063e-03 -9.870033679326186e-04 -1.007745269652869e+00
16 56 -1.000281349636762e+00 -1.874332744682381e-03 -9.853879683937414e-04 -1.007741731155063e+00
16 57 -1.000281802369075e+00 -1.875845730882831e-03 -9.836031186093541e-04 -1.007737719561151e+00
16 58 -1.000282305974559e+00 -1.877484147196201e-03 -9.816764897718343e-04 -1.007733284963850e+00
16 59 -1.000282853514231e+00 -1.879228060935341e-03 -9.796394815610905e-04 -1.007728481982340e+00
16 60 -1.000283437758937e+00 -1.881056205911659e-03 -9.775263077552989e-04 -1.007723368725483e+00
16 61 -1.000284051342210e+00 -1.882946369510056e-03 -9.753730050373162e-04 -1.007718005741512e+00
16 62 -1.000284686909410e+00 -1.884875801624246e-03 -9.732164038821375e-04 -1.007712454949625e+00
16 63 -1.000285337257300e+00 -1.886821638471796e-03 -9.710930976734251e-04 -1.007706778574454e+00
17 0 -1.000286725466947e+00 -1.889842524236178e-03 -9.649796964082117e-04 -1.007698448101169e+00
17 1 -1.000287401378015e+00 -1.891788587633033e-03 -9.630088431545260e-04 -1.007692592398568e+00
17 2 -1.000288072384814e+00 -1.893685975799901e-03 -9.611703173605805e-04 -1.007686790937432e+00
17 3 -1.000288732687150e+00 -1.895514843648352e-03 -9.594909391852432e-04 -1.007681099476807e+00
17 4 -1.000289376953586e+00 -1.897256759133630e-03 -9.579934240634642e-04 -1.007675570854343e+00
17 5 -1.000290000306456e+00 -1.898894810485747e-03 -9.566960420725736e-04 -1.007670254875417e+00
17 6 -1.000290598295880e+00 -1.900413678107984e-03 -9.556124398127567e-04 -1.007665198242774e+00
17 7 -1.000291166871196e+00 -1.901799699091764e-03 -9.547516161287282e-04 -1.007660444433802e+00
17 8 -1.000291702353865e+00 -1.903040940905622e-03 -9.541180348822096e-04 -1.007656033477979e+00
17 9 -1.000292201412307e+00 -1.904127285277742e-03 -9.537118505581799e-04 -1.007652001643222e+00
17 10 -1.000292661037945e+00 -1.905050512616799e-03 -9.535292142520655e-04 -1.007648381078637e+00
17 11 -1.000293078521854e+00 -1.905804373945625e-03 -9.535626209165249e-04 -1.007645199475108e+00
17 12 -1.000293451431635e+00 -1.906384637820316e-03 -9.538012618694553e-04 -1.007642479801673e+00
17 13 -1.000293777588115e+00 -1.906789100384140e-03 -9.542313662806745e-04 -1.007640240162852e+00
17 14 -1.000294055041473e+00 -1.907017546913652e-03 -9.548365468522460e-04 -1.007638493804164e+00
17 15 -1.000294282046386e+00 -1.907071654646037e-03 -9.555981911524327e-04 -1.007637249273844e+00
17 16 -1.000294457036066e+00 -1.906954831488215e-03 -9.564959439401807e-04 -1.007636510730140e+00
17 17 -1.000294578596820e+00 -1.906671994531706e-03 -9.575083035652298e-04 -1.007636278363923e+00
17 18 -1.000294645448091e+00 -1.906229305039638e-03 -9.586133182533095e-04 -1.007636548884042e+00
17 19 -1.000294656436149e+00 -1.905633889097898e-03 -9.597893319993426e-04 -1.007637315992443e+00
17 20 -1.000294610550279e+00 -1.904893580390870e-03 -9.610157074748584e-04 -1.007638570767640e+00
17 21 -1.000294506967502e+00 -1.904016719050269e-03 -9.622734525762277e-04 -1.007640301888362e+00
17 22 -1.000294345126149e+00 -1.903012026470734e-03 -9.635457007150488e-04 -1.007642495667000e+00
17 23 -1.000294124821402e+00 -1.901888553879240e-03 -9.648180352088884e-04 -1.007645135916127e+00
17 24 -1.000293846309445e+00 -1.900655681561618e-03 -9.660786853477761e-04 -1.007648203720215e+00
17 25 -1.000293510404105e+00 -1.899323136485525e-03 -9.673186348639017e-04 -1.007651677204948e+00
17 26 -1.000293118552642e+00 -1.897901002715524e-03 -9.685316676195422e-04 -1.007655531378294e+00
17 27 -1.000292672884410e+00 -1.896399716060036e-03 -9.697143451467603e-04 -1.007659738072716e+00
17 28 -1.000292176233921e+00 -1.894830051773858e-03 -9.708658863175767e-04 -1.007664265970446e+00
17 29 -1.000291632145174e+00 -1.893203124155521e-03 -9.719879114878678e-04 -1.007669080663513e+00
17 30 -1.000291044865335e+00 -1.891530416077360e-03 -9.730840230973729e-04 -1.007674144697848e+00
17 31 -1.000290419332948e+00 -1.889823844383782e-03 -9.741592204964234e-04 -1.007679417579224e+00
17 32 -1.000289761159531e+00 -1.888095847339505e-03 -9.752191834571967e-04 -1.007684855769177e+00
17 33 -1.000289076596746e+00 -1.886359462503674e-03 -9.762694920898392e-04 -1.007690412745523e+00
17 34 -1.000288372478632e+00 -1.884628358822277e-03 -9.773148632882690e-04 -1.007696039213424e+00
17 35 -1.000287656132375e+00 -1.882916799328858e-03 -9.783584699529801e-04 -1.007701683517416e+00
17 36 -1.000286935260023e+00 -1.881239533727541e-03 -9.794013803801540e-04 -1.007707292240646e+00
17 37 -1.000286217802572e+00 -1.879611641769549e-03 -9.804421270462505e-04 -1.007712810917258e+00
17 38 -1.000285511802887e+00 -1.878048360459997e-03 -9.814763946232221e-04 -1.007718184751957e+00
17 39 -1.000284825283129e+00 -1.876564927371733e-03 -9.824968093474140e-04 -1.007723359247739e+00
17 40 -1.000284166145937e+00 -1.875176458522546e-03 -9.834928199570893e-04 -1.007728280688225e+00
17 41 -1.000283542098224e+00 -1.873897856519449e-03 -9.844506845757208e-04 -1.007732896491867e+00
17 42 -1.000282960586006e+00 -1.872743722842873e-03 -9.853536053712880e-04 -1.007737155522696e+00
17 43 -1.000282428723101e+00 -1.871728238319161e-03 -9.861820629437539e-04 -1.007741008473903e+00
17 44 -1.000281953199021e+00 -1.870864982307168e-03 -9.869143844475046e-04 -1.007744408422257e+00
17 45 -1.000281540160294e+00 -1.870166678876930e-03 -9.875275412756727e-04 -1.007747311595850e+00
17 46 -1.000281195070382e+00 -1.869644878217289e-03 -9.879981306314158e-04 -1.007749678332256e+00
17 47 -1.000280922561371e+00 -1.869309596686043e-03 -9.883034638257032e-04 -1.007751474153309e+00
17 48 -1.000280726293772e+00 -1.869168946144029e-03 -9.884226703382761e-04 -1.007752670857820e+00
17 49 -1.000280608839351e+00 -1.869228782646329e-03 -9.883377345668944e-04 -1.007753247533750e+00
17 50 -1.000280571597821e+00 -1.869492399406275e-03 -9.880344082407707e-04 -1.007753191405910e+00
17 51 -1.000280614753183e+00 -1.869960283669466e-03 -9.875029713359632e-04 -1.007752498453415e+00
17 52 -1.000280737270877e+00 -1.870629953761563e-03 -9.867388313816695e-04 -1.007751173749012e+00
17 53 -1.000280936933489e+00 -1.871495889308346e-03 -9.857429505374944e-04 -1.007749231493046e+00
17 54 -1.000281210410882e+00 -1.872549561885728e-03 -9.845220815108359e-04 -1.007746694739703e+00
17 55 -1.000281553359953e+00 -1.873779564886024e-03 -9.830887901343304e-04 -1.007743594839671e+00
17 56 -1.000281960548400e+00 -1.875171831743390e-03 -9.814612497170900e-04 -1.007739970649173e+00
17 57 -1.000282425995490e+00 -1.876709922873207e-03 -9.796628083431340e-04 -1.007735867577685e+00
17 58 -1.000282943121958e+00 -1.878375357023034e-03 -9.777213504239962e-04 -1.007731336555604e+00
17 59 -1.000283504902576e+00 -1.880147966178232e-03 -9.756684915764552e-04 -1.007726432986268e+00
17 60 -1.000284104018274e+00 -1.882006264462689e-03 -9.735386545157590e-04 -1.007721215707279e+00
17 61 -1.000284733006920e+00 -1.883927832817571e-03 -9.713680715042847e-04 -1.007715745951413e+00
17 62 -1.000285384410681e+00 -1.885889722919672e-03 -9.691937524457515e-04 -1.007710086295453e+00
17 63 -1.000286050914393e+00 -1.887868874126485e-03 -9.670524551475283e-04 -1.007704299615404e+00
18 0 -1.000287388379079e+00 -1.890951191808844e-03 -9.604965139093899e-04 -1.007696002733173e+00
18 1 -1.000288080194896e+00 -1.892929882386265e-03 -9.585119079918715e-04 -1.007690039626793e+00
18 2 -1.000288767256688e+00 -1.894860630354221e-03 -9.566591297570664e-04 -1.007684129769446e+00
18 3 -1.000289443630356e+00 -1.896723365455000e-03 -9.549651338659636e-04 -1.007678329637026e+00
18 4 -1.000290103840786e+00 -1.898499406858987e-03 -9.534527905025328e-04 -1.007672692842073e+00
18 5 -1.000290742855407e+00 -1.900171568396438e-03 -9.521405377907555e-04 -1.007667270034814e+00
18 6 -1.000291356057058e+00 -1.901724229777618e-03 -9.510421917876057e-04 -1.007662108842844e+00
18 7 -1.000291939215242e+00 -1.903143401689609e-03 -9.501669072358290e-04 -1.007657253755473e+00
18 8 -1.000292488460636e+00 -1.904416800821749e-03 -9.495192783320165e-04 -1.007652745903457e+00
18 9 -1.000293000263996e+00 -1.905533936810036e-03 -9.490995614794518e-04 -1.007648622736258e+00
18 10 -1.000293471418554e+00 -1.906486203280681e-03 -9.489039883180063e-04 -1.007644917638009e+00
18 11 -1.000293899024032e+00 -1.907266960072768e-03 -9.489251250429931e-04 -1.007641659546197e+00
18 12 -1.000294280470343e+00 -1.907871591801662e-03 -9.491522363618504e-04 -1.007638872642142e+00
18 13 -1.000294613419810e+00 -1.908297528679270e-03 -9.495716346040804e-04 -1.007636576167689e+00
18 14 -1.000294895787800e+00 -1.908544218190841e-03 -9.501670270957642e-04 -1.007634784395257e+00
18 15 -1.000295125722079e+00 -1.908613039240186e-03 -9.509199007441848e-04 -1.007633506753875e+00
18 16 -1.000295301581130e+00 -1.908507153687293e-03 -9.518099890390793e-04 -1.007632748099639e+00
18 17 -1.000295421912628e+00 -1.908231296528650e-03 -9.528158507321066e-04 -1.007632509107105e+00
18 18 -1.000295485436091e+00 -1.907791517573161e-03 -9.539155564739215e-04 -1.007632786737267e+00
18 19 -1.000295491037101e+00 -1.907194902024933e-03 -9.550874396757288e-04 -1.007633574711371e+00
18 20 -1.000295437781822e+00 -1.906449307859107e-03 -9.563108358959259e-04 -1.007634863904910e+00
18 21 -1.000295324958346e+00 -1.905563156866377e-03 -9.575667281082022e-04 -1.007636642588165e+00
18 22 -1.000295152145805e+00 -1.904545301502694e-03 -9.588382405376210e-04 -1.007638896479716e+00
18 23 -1.000294919304999e+00 -1.903404966765280e-03 -9.601109687534670e-04 -1.007641608633197e+00
18 24 -1.000294626878035e+00 -1.902151745717868e-03 -9.613731725040923e-04 -1.007644759223910e+00
18 25 -1.000294275881612e+00 -1.900795617669045e-03 -9.626158714855156e-04 -1.007648325323723e+00
18 26 -1.000293867980327e+00 -1.899346961481953e-03 -9.638328731501692e-04 -1.007652280743699e+00
18 27 -1.000293405532095e+00 -1.897816549858836e-03 -9.650207377123177e-04 -1.007656595988634e+00
18 28 -1.000292891605552e+00 -1.896215528552787e-03 -9.661786595511535e-04 -1.007661238317232e+00
18 29 -1.000292329976423e+00 -1.894555400336061e-03 -9.673082254763959e-04 -1.007666171855656e+00
18 30 -1.000291725112965e+00 -1.892848038027406e-03 -9.684130109204048e-04 -1.007671357696417e+00
18 31 -1.000291082157726e+00 -1.891105738215958e-03 -9.694980026849711e-04 -1.007676753945057e+00
18 32 -1.000290406905185e+00 -1.889341303235330e-03 -9.705688811252849e-04 -1.007682315738820e+00
18 33 -1.000289705767424e+00 -1.887568118903877e-03 -9.716312309253857e-04 -1.007687995313721e+00
18 34 -1.000288985717628e+00 -1.885800191728415e-03 -9.726897606300095e-04 -1.007693742205727e+00
18 35 -1.000288254204977e+00 -1.884052121062884e-03 -9.737475997460840e-04 -1.007699503638521e+00
18 36 -1.000287519041694e+00 -1.882339000660796e-03 -9.748057201775253e-04 -1.007705225097367e+00
18 37 -1.000286788270679e+00 -1.880676263745567e-03 -9.758625015016039e-04 -1.007710851034646e+00
18 38 -1.000286070028321e+00 -1.879079502158053e-03 -9.769134306909194e-04 -1.007716325609808e+00
18 39 -1.000285372419049e+00 -1.877564296203337e-03 -9.779509091553435e-04 -1.007721593353849e+00
18 40 -1.000284703413281e+00 -1.876146080171828e-03 -9.789641481679433e-04 -1.007726599686034e+00
18 41 -1.000284070769166e+00 -1.874840042309844e-03 -9.799391646776979e-04 -1.007731291290332e+00
18 42 -1.000283481966653e+00 -1.873661032657038e-03 -9.808589201021646e-04 -1.007735616437191e+00
18 43 -1.000282944136894e+00 -1.872623442226816e-03 -9.817036535328062e-04 -1.007739525368547e+00
18 44 -1.000282463972883e+00 -1.871741024218660e-03 -9.824514447606730e-04 -1.007742970842217e+00
18 45 -1.000282047615580e+00 -1.871026644268250e-03 -9.830790101497441e-04 -1.007745908879681e+00
18 46 -1.000281700518922e+00 -1.870491964796979e-03 -9.835626935485264e-04 -1.007748299703890e+00
18 47 -1.000281427304758e+00 -1.870147084641092e-03 -9.838795745783580e-04 -1.007750108803504e+00
18 48 -1.000281231623252e+00 -1.870000165564968e-03 -9.840085942344596e-04 -1.007751308026051e+00
18 49 -1.000281116034709e+00 -1.870057078494737e-03 -9.839316058947122e-04 -1.007751876594222e+00
18 50 -1.000281081924745e+00 -1.870321095988211e-03 -9.836342920718040e-04 -1.007751801955515e+00
18 51 -1.000281129458687e+00 -1.870792650070926e-03 -9.831069208148238e-04 -1.007751080400459e+00
18 52 -1.000281257576221e+00 -1.871469170483935e-03 -9.823449331154987e-04 -1.007749717404887e+00
18 53 -1.000281464024756e+00 -1.872345016000312e-03 -9.813493542040780e-04 -1.007747727667260e+00
18 54 -1.000281745428780e+00 -1.873411507020439e-03 -9.801270164841889e-04 -1.007745134831295e+00
18 55 -1.000282097390926e+00 -1.874657059792605e-03 -9.786905769412421e-04 -1.007741970911845e+00
18 56 -1.000282514618277e+00 -1.876067412262173e-03 -9.770583122773761e-04 -1.007738275474974e+00
18 57 -1.000282991065491e+00 -1.877625921036532e-03 -9.752536866587158e-04 -1.007734094651915e+00
18 58 -1.000283520086165e+00 -1.879313902902791e-03 -9.733047097240499e-04 -1.007729480076281e+00
18 59 -1.000284094585897e+00 -1.881110997792950e-03 -9.712431250952591e-04 -1.007724487814121e+00
18 60 -1.000284707173756e+00 -1.882995542159264e-03 -9.691034792829091e-04 -1.007719177315334e+00
18 61 -1.000285350311007e+00 -1.884944953433992e-03 -9.669221175573939e-04 -1.007713610380242e+00
18 62 -1.000286016455428e+00 -1.886936128424749e-03 -9.647361479454892e-04 -1.007707850129860e+00
18 63 -1.000286698197114e+00 -1.888945850752074e-03 -9.625824136583394e-04 -1.007701959990545e+00
19 0 -1.000287978639390e+00 -1.892075898656893e-03 -9.556322301224648e-04 -1.007693726954203e+00
19 1 -1.000288685624422e+00 -1.894085023120329e-03 -9.536385229093641e-04 -1.007687661553139e+00
19 2 -1.000289388217657e+00 -1.896047452454864e-03 -9.517754664380947e-04 -1.007681646799100e+00
19 3 -1.000290080361069e+00 -1.897942918011046e-03 -9.500700916972922e-04 -1.007675739837323e+00
19 4 -1.000290756442796e+00 -1.899752507974290e-03 -9.485453827759801e-04 -1.007669995031054e+00
19 5 -1.000291411279571e+00 -1.901458771190321e-03 -9.472199252708080e-04 -1.007664463870037e+00
19 6 -1.000292040088094e+00 -1.903045787968796e-03 -9.461077026381530e-04 -1.007659194920000e+00
19 7 -1.000292638455205e+00 -1.904499234129053e-03 -9.452180396904692e-04 -1.007654233720504e+00
19 8 -1.000293202313431e+00 -1.905806455752554e-03 -9.445556905504551e-04 -1.007649622572091e+00
19 9 -1.000293727924275e+00 -1.906956560293801e-03 -9.441210560547074e-04 -1.007645400201004e+00
19 10 -1.000294211867790e+00 -1.907940517679698e-03 -9.439104969535663e-04 -1.007641601339675e+00
19 11 -1.000294651034668e+00 -1.908751255712091e-03 -9.439166974860306e-04 -1.007638256297908e+00
19 12 -1.000295042617287e+00 -1.909383731148930e-03 -9.441290382094978e-04 -1.007635390606327e+00
19 13 -1.000295384098126e+00 -1.909834961575944e-03 -9.445339563186486e-04 -1.007633024789840e+00
19 14 -1.000295673235731e+00 -1.910104008612805e-03 -9.451152990343228e-04 -1.007631174295184e+00
19 15 -1.000295908048796e+00 -1.910191905226364e-03 -9.458547021843856e-04 -1.007629849574953e+00
19 16 -1.000296086798614e+00 -1.910101520437478e-03 -9.467320409809773e-04 -1.007629056321651e+00
19 17 -1.000296207971054e+00 -1.909837359802103e-03 -9.477259920873189e-04 -1.007628795832941e+00
19 18 -1.000296270261862e+00 -1.909405312942337e-03 -9.488147122976461e-04 -1.007629065464105e+00
19 19 -1.000296272572191e+00 -1.908812375606711e-03 -9.499765919552888e-04 -1.007629859095610e+00
19 20 -1.000296214022505e+00 -1.908066384389096e-03 -9.511910043296637e-04 -1.007631167531255e+00
19 21 -1.000296093991075e+00 -1.907175800947383e-03 -9.524389652268580e-04 -1.007632978755258e+00
19 22 -1.000295912178458e+00 -1.906149569216834e-03 -9.537036421377133e-04 -1.007635278011501e+00
19 23 -1.000295668692968e+00 -1.904997048797185e-03 -9.549706938965435e-04 -1.007638047714533e+00
19 24 -1.000295364146049e+00 -1.903728007430731e-03 -9.562284599494006e-04 -1.007641267248261e+00
19 25 -1.000294999742692e+00 -1.902352641869316e-03 -9.574680394094367e-04 -1.007644912740920e+00
19 26 -1.000294577352250e+00 -1.900881594681028e-03 -9.586832991025541e-04 -1.007648956908586e+00
19 27 -1.000294099550093e+00 -1.899325946882000e-03 -9.598708278203984e-04 -1.007653369025497e+00
19 28 -1.000293569629273e+00 -1.897697188455125e-03 -9.610298200001941e-04 -1.007658115018366e+00
19 29 -1.000292991589750e+00 -1.896007188998304e-03 -9.621618449780865e-04 -1.007663157625623e+00
19 30 -1.000292370116305e+00 -1.894268195830606e-03 -9.632704574376354e-04 -1.007668456545956e+00
19 31 -1.000291710553026e+00 -1.892492873191692e-03 -9.643606342423424e-04 -1.007673968533216e+00
19 32 -1.000291018875043e+00 -1.890694373101275e-03 -9.654380655273654e-04 -1.007679647452911e+00
19 33 -1.000290301651475e+00 -1.888886409934366e-03 -9.665083620340997e-04 -1.007685444363402e+00
19 34 -1.000289565990643e+00 -1.887083304298074e-03 -9.675762567308596e-04 -1.007691307701933e+00
19 35 -1.000288819459927e+00 -1.885299967205868e-03 -9.686448778273598e-04 -1.007697183640501e+00
19 36 -1.000288069978072e+00 -1.883551810986056e-03 -9.697151525846801e-04 -1.007703016633587e+00
19 37 -1.000287325686044e+00 -1.881854596293033e-03 -9.707853674074993e-04 -1.007708750117143e+00
19 38 -1.000286594810753e+00 -1.880224246694950e-03 -9.718508719667464e-04 -1.007714327259604e+00
19 39 -1.000285885538926e+00 -1.878676670374185e-03 -9.729038957008394e-04 -1.007719691647356e+00
19 40 -1.000285205913112e+00 -1.877227615590546e-03 -9.739334557055956e-04 -1.007724787828221e+00
19 41 -1.000284563750569e+00 -1.875892560418403e-03 -9.749253646671184e-04 -1.007729561716066e+00
19 42 -1.000283966575100e+00 -1.874686613659093e-03 -9.758623747944983e-04 -1.007733960932069e+00
19 43 -1.000283421546763e+00 -1.873624393158665e-03 -9.767245058577400e-04 -1.007737935191104e+00
19 44 -1.000282935375722e+00 -1.872719850667722e-03 -9.774895990963238e-04 -1.007741436831605e+00
19 45 -1.000282514212709e+00 -1.871986025480101e-03 -9.781341112896249e-04 -1.007744421545968e+00
19 46 -1.000282163517471e+00 -1.871434728761927e-03 -9.786341163580646e-04 -1.007746849308784e+00
19 47 -1.000281887915627e+00 -1.871076180573163e-03 -9.789664326350740e-04 -1.007748685439237e+00
19 48 -1.000281691060080e+00 -1.870918633616244e-03 -9.791097687690297e-04 -1.007749901694361e+00
19 49 -1.000281575513057e+00 -1.870968017644489e-03 -9.790457919760008e-04 -1.007750477285116e+00
19 50 -1.000281542660139e+00 -1.871227630799675e-03 -9.787600555210161e-04 -1.007750399727935e+00
19 51 -1.000281592662098e+00 -1.871697896865666e-03 -9.782427551272683e-04 -1.007749665468711e+00
19 52 -1.000281724446588e+00 -1.872376203776415e-03 -9.774893048285298e-04 -1.007748280231937e+00
19 53 -1.000281935739693e+00 -1.873256836311435e-03 -9.765007313054034e-04 -1.007746259060393e+00
19 54 -1.000282223135278e+00 -1.874331011503636e-03 -9.752838832710993e-04 -1.007743626031092e+00
19 55 -1.000282582197422e+00 -1.875587017574913e-03 -9.738514425156477e-04 -1.007740413664697e+00
19 56 -1.000283007588611e+00 -1.877010446533279e-03 -9.722217173702326e-04 -1.007736662081972e+00
19 57 -1.000283493214881e+00 -1.878584499441581e-03 -9.704182098877100e-04 -1.007732417990128e+00
19 58 -1.000284032379121e+00 -1.880290337096865e-03 -9.684689727411658e-04 -1.007727733590802e+00
19 59 -1.000284617935403e+00 -1.882107451895602e-03 -9.664057947337610e-04 -1.007722665483695e+00
19 60 -1.000285242439951e+00 -1.884014047334117e-03 -9.642632634420917e-04 -1.007717273603737e+00
19 61 -1.000285898297131e+00 -1.885987422529845e-03 -9.620777534197978e-04 -1.007711620194563e+00
19 62 -1.000286577899872e+00 -1.888004363649562e-03 -9.598863868193465e-04 -1.007705768805216e+00
19 63 -1.000287273762341e+00 -1.890041540646549e-03 -9.577260108720422e-04 -1.007699783306696e+00
20 0 -1.000288491661430e+00 -1.893205389092038e-03 -9.504347195431345e-04 -1.007691641941078e+00
20 1 -1.000289212887800e+00 -1.895242397050458e-03 -9.484367743933179e-04 -1.007685480539095e+00
20 2 -1.000289930285156e+00 -1.897234443700209e-03 -9.465676779059006e-04 -1.007679365645165e+00
20 3 -1.000290637683559e+00 -1.899161090496053e-03 -9.448544738266235e-04 -1.007673355020841e+00
20 4 -1.000291329344476e+00 -1.901003217818120e-03 -9.433202106887304e-04 -1.007667503739889e+00
20 5 -1.000291999941531e+00 -1.902743126597010e-03 -9.419835875908168e-04 -1.007661864105968e+00
20 6 -1.000292644529470e+00 -1.904364606007131e-03 -9.408587390942774e-04 -1.007656485619325e+00
20 7 -1.000293258512858e+00 -1.905852994420210e-03 -9.399551645431635e-04 -1.007651414892457e+00
20 8 -1.000293837622758e+00 -1.907195254422273e-03 -9.392778029270728e-04 -1.007646695442029e+00
20 9 -1.000294377904352e+00 -1.908380070000579e-03 -9.388272387590859e-04 -1.007642367337280e+00
20 10 -1.000294875713420e+00 -1.909397958733545e-03 -9.386000070690700e-04 -1.007638466745795e+00
20 11 -1.000295327716655e+00 -1.910241380515517e-03 -9.385889564971191e-04 -1.007635025459099e+00
20 12 -1.000295730891014e+00 -1.910904822292734e-03 -9.387836307871839e-04 -1.007632070485086e+00
20 13 -1.000296082519592e+00 -1.911384843819097e-03 -9.391706406073881e-04 -1.007629623768264e+00
20 14 -1.000296380183735e+00 -1.911680075178008e-03 -9.397340215240539e-04 -1.007627702066364e+00
20 15 -1.000296621751960e+00 -1.911791158000768e-03 -9.404556061608662e-04 -1.007626316991113e+00
20 16 -1.000296805366353e+00 -1.911720622297599e-03 -9.413154619235909e-04 -1.007625475208905e+00
20 17 -1.000296929428020e+00 -1.911472696609957e-03 -9.422924402637399e-04 -1.007625178780458e+00
20 18 -1.000296992585405e+00 -1.911053062645499e-03 -9.433648464990196e-04 -1.007625425593623e+00
20 19 -1.000296993731724e+00 -1.910468580927712e-03 -9.445111900641287e-04 -1.007626209820305e+00
20 20 -1.000296932018701e+00 -1.909727023640229e-03 -9.457109392186339e-04 -1.007627522318978e+00
20 21 -1.000296806892394e+00 -1.908836850955161e-03 -9.469451954495489e-04 -1.007629350912262e+00
20 22 -1.000296618153228e+00 -1.907807057596079e-03 -9.481972204894546e-04 -1.007631680493845e+00
20 23 -1.000296366036782e+00 -1.906647098423520e-03 -9.494527852503803e-04 -1.007634492960994e+00
20 24 -1.000296051305376e+00 -1.905366879111972e-03 -9.507003530336184e-04 -1.007637767022422e+00
20 25 -1.000295675335445e+00 -1.903976779184324e-03 -9.519311417562778e-04 -1.007641477975854e+00
20 26 -1.000295240185189e+00 -1.902487670453399e-03 -9.531391147885156e-04 -1.007645597557572e+00
20 27 -1.000294748632434e+00 -1.900910908112782e-03 -9.543209243533103e-04 -1.007650093927069e+00
20 28 -1.000294204181708e+00 -1.899258296013533e-03 -9.554757922645076e-04 -1.007654931784808e+00
20 29 -1.000293611047596e+00 -1.897542047272689e-03 -9.566052854250215e-04 -1.007660072567668e+00
20 30 -1.000292974124892e+00 -1.895774766324008e-03 -9.577129428678130e-04 -1.007665474649973e+00
20 31 -1.000292298954330e+00 -1.893969468923922e-03 -9.588037344882701e-04 -1.007671093498669e+00
20 32 -1.000291591687272e+00 -1.892139638532779e-03 -9.598833671876817e-04 -1.007676881775569e+00
20 33 -1.000290859045998e+00 -1.890299297706028e-03 -9.609574908812739e-04 -1.007682789431415e+00
20 34 -1.000290108270693e+00 -1.888463058958580e-03 -9.620308845990186e-04 -1.007688763875165e+00
20 35 -1.000289347043360e+00 -1.886646119133240e-03 -9.631067100309294e-04 -1.007694750303013e+00
20 36 -1.000288583384378e+00 -1.884864178313735e-03 -9.641858994281423e-04 -1.007700692224231e+00
20 37 -1.000287825527236e+00 -1.883133291749740e-03 -9.652667049005600e-04 -1.007706532145601e+00
20 38 -1.000287081785337e+00 -1.881469685981603e-03 -9.663443981694707e-04 -1.007712212316070e+00
20 39 -1.000286360426880e+00 -1.879889576480659e-03 -9.674110922391492e-04 -1.007717675421139e+00
20 40 -1.000285669568903e+00 -1.878409013000306e-03 -9.684556625238829e-04 -1.007722865153265e+00
20 41 -1.000285017092703e+00 -1.877043758065876e-03 -9.694637665740955e-04 -1.007727726648168e+00
20 42 -1.000284410573649e+00 -1.875809182128302e-03 -9.704179889386059e-04 -1.007732206842692e+00
20 43 -1.000283857211846e+00 -1.874720142979564e-03 -9.712981601823833e-04 -1.007736254856818e+00
20 44 -1.000283363748781e+00 -1.873790813868190e-03 -9.720819015492481e-04 -1.007739822510659e+00
20 45 -1.000282936360426e+00 -1.873034437865284e-03 -9.727454175489507e-04 -1.007742865047402e+00
20 46 -1.000282580527645e+00 -1.872463010137084e-03 -9.732645049506433e-04 -1.007745342060764e+00
20 47 -1.000282300894906e+00 -1.872086912203801e-03 -9.736156947813826e-04 -1.007747218557149e+00
20 48 -1.000282101133216e+00 -1.871914532827350e-03 -9.737774193396857e-04 -1.007748466048312e+00
20 49 -1.000281983822201e+00 -1.871951908790218e-03 -9.737311040893130e-04 -1.007749063571348e+00
20 50 -1.000281950362136e+00 -1.872202412406363e-03 -9.734621123887082e-04 -1.007748998550162e+00
20 51 -1.000282000922843e+00 -1.872666506661336e-03 -9.729605050143247e-04 -1.007748267429754e+00
20 52 -1.000282134433166e+00 -1.873341584295811e-03 -9.722216060119142e-04 -1.007746876029905e+00
20 53 -1.000282348611610e+00 -1.874221902936309e-03 -9.712463820588380e-04 -1.007744839582666e+00
20 54 -1.000282640035717e+00 -1.875298623722641e-03 -9.700416388529953e-04 -1.007742182441476e+00
20 55 -1.000283004245199e+00 -1.876559954333829e-03 -9.686200230147030e-04 -1.007738937479001e+00
20 56 -1.000283435871870e+00 -1.877991387437924e-03 -9.669998101466434e-04 -1.007735145224343e+00
20 57 -1.000283928787618e+00 -1.879576014149092e-03 -9.652044704490339e-04 -1.007730852821037e+00
20 58 -1.000284476260589e+00 -1.881294884638297e-03 -9.632620260262934e-04 -1.007726112901986e+00
20 59 -1.000285071110830e+00 -1.883127389430990e-03 -9.612042344581069e-04 -1.007720982465674e+00
20 60 -1.000285705860146e+00 -1.885051644443070e-03 -9.590656451790193e-04 -1.007715521802408e+00
20 61 -1.000286372875027e+00 -1.887044874655839e-03 -9.568825810054277e-04 -1.007709793477402e+00
20 62 -1.000287064503289e+00 -1.889083798796915e-03 -9.546920975888495e-04 -1.007703861351911e+00
20 63 -1.000287773203384e+00 -1.891145016363758e-03 -9.525309668478494e-04 -1.007697789628792e+00
21 0 -1.000288923817336e+00 -1.894328668189131e-03 -9.449559462432239e-04 -1.007689765057087e+00
21 1 -1.000289658195737e+00 -1.896390721331088e-03 -9.429587029062321e-04 -1.007683514932415e+00
21 2 -1.000290389492490e+00 -1.898409995034807e-03 -9.410879497953905e-04 -1.007677305741461e+00
21 3 -1.000291111439766e+00 -1.900365911811122e-03 -9.393706763765123e-04 -1.007671195800145e+00
21 4 -1.000291818184635e+00 -1.902239171751048e-03 -9.378299369552357e-04 -1.007665240840970e+00
21 5 -1.000292504267431e+00 -1.904011849318510e-03 -9.364844977271050e-04 -1.007659493946135e+00
21 6 -1.000293164588058e+00 -1.905667455661968e-03 -9.353486166116524e-04 -1.007654005534707e+00
21 7 -1.000293794373385e+00 -1.907190996607806e-03 -9.344319622073808e-04 -1.007648823292662e+00
21 8 -1.000294389154766e+00 -1.908569048945211e-03 -9.337396730340359e-04 -1.007643991967117e+00
21 9 -1.000294944758955e+00 -1.909789863002023e-03 -9.332725458468286e-04 -1.007639553003907e+00
21 10 -1.000295457310629e+00 -1.910843484063576e-03 -9.330273282698584e-04 -1.007635544066829e+00
21 11 -1.000295923241218e+00 -1.911721874381402e-03 -9.329970797606021e-04 -1.007631998517837e+00
21 12 -1.000296339297785e+00 -1.912419014490554e-03 -9.331715588688065e-04 -1.007628944949308e+00
21 13 -1.000296702547397e+00 -1.912930966331861e-03 -9.335376014899124e-04 -1.007626406841981e+00
21 14 -1.000297010375706e+00 -1.913255886365380e-03 -9.340794806340085e-04 -1.007624402388686e+00
21 15 -1.000297260480742e+00 -1.913393980077669e-03 -9.347792749308857e-04 -1.007622944493444e+00
21 16 -1.000297450863580e+00 -1.913347390982120e-03 -9.356172979625360e-04 -1.007622040936458e+00
21 17 -1.000297579817789e+00 -1.913120022387139e-03 -9.365726349174253e-04 -1.007621694681468e+00
21 18 -1.000297645921130e+00 -1.912717301428067e-03 -9.376237987984982e-04 -1.007621904284015e+00
21 19 -1.000297648034987e+00 -1.912145908870694e-03 -9.387494735296063e-04 -1.007622664338683e+00
21 20 -1.000297585318098e+00 -1.911413509151798e-03 -9.399292742994801e-04 -1.007623965889319e+00
21 21 -1.000297457260275e+00 -1.910528518582784e-03 -9.411444381012753e-04 -1.007625796726638e+00
21 22 -1.000297263738846e+00 -1.909499942677484e-03 -9.423783670347338e-04 -1.007628141518239e+00
21 23 -1.000297005095317e+00 -1.908337295024165e-03 -9.436169842006145e-04 -1.007630981760475e+00
21 24 -1.000296682222905e+00 -1.907050584616345e-03 -9.448489127613465e-04 -1.007634295600730e+00
21 25 -1.000296296650122e+00 -1.905650338007898e-03 -9.460655264670866e-04 -1.007638057625604e+00
21 26 -1.000295850605114e+00 -1.904147618704371e-03 -9.472609247065038e-04 -1.007642238717156e+00
21 27 -1.000295347050699e+00 -1.902554019908081e-03 -9.484318596773481e-04 -1.007646806042475e+00
21 28 -1.000294789688079e+00 -1.900881628300903e-03 -9.495776076971174e-04 -1.007651723184884e+00
21 29 -1.000294182934573e+00 -1.899142974943767e-03 -9.506997501035888e-04 -1.007656950374817e+00
21 30 -1.000293531885382e+00 -1.897350998816922e-03 -9.518018206030811e-04 -1.007662444749259e+00
21 31 -1.000292842270186e+00 -1.895519046134348e-03 -9.528887884917602e-04 -1.007668160569752e+00
21 32 -1.000292120411070e+00 -1.893660912530310e-03 -9.539663807370572e-04 -1.007674049368156e+00
21 33 -1.000291373179858e+00 -1.891790910109547e-03 -9.550402907971269e-04 -1.007680060055947e+00
21 34 -1.000290607945308e+00 -1.889923921194505e-03 -9.561153575890643e-04 -1.007686139087842e+00
21 35 -1.000289832499448e+00 -1.888075399553675e-03 -9.571948055212545e-04 -1.007692230773058e+00
21 36 -1.000289054958486e+00 -1.886261298908235e-03 -9.582796144886999e-04 -1.007698277774423e+00
21 37 -1.000288283643013e+00 -1.884497934827577e-03 -9.593680520014505e-04 -1.007704221763614e+00
21 38 -1.000287526949108e+00 -1.882801805943626e-03 -9.604553650506499e-04 -1.007710004149407e+00
21 39 -1.000286793224237e+00 -1.881189408150334e-03 -9.615336068656354e-04 -1.007715566779723e+00
21 40 -1.000286090659436e+00 -1.879677070847449e-03 -9.625915692663310e-04 -1.007720852536453e+00
21 41 -1.000285427202508e+00 -1.878280827565377e-03 -9.636148087561864e-04 -1.007725805793397e+00
21 42 -1.000284810487106e+00 -1.877016308335390e-03 -9.645857884788578e-04 -1.007730372781470e+00
21 43 -1.000284247764024e+00 -1.875898619655449e-03 -9.654841888641263e-04 -1.007734501968254e+00
21 44 -1.000283745818921e+00 -1.874942173296582e-03 -9.662874435495968e-04 -1.007738144571534e+00
21 45 -1.000283310866948e+00 -1.874160440593588e-03 -9.669715256767123e-04 -1.007741255279643e+00
21 46 -1.000282948425369e+00 -1.873565633979682e-03 -9.675119568577138e-04 -1.007743793175746e+00
21 47 -1.000282663174380e+00 -1.873168338614018e-03 -9.678849610281824e-04 -1.007745722799832e+00
21 48 -1.000282458820579e+00 -1.872977127452734e-03 -9.680686561114198e-04 -1.007747015250126e+00
21 49 -1.000282337977487e+00 -1.872998194380425e-03 -9.680441748308403e-04 -1.007747649219914e+00
21 50 -1.000282302075044e+00 -1.873235035659508e-03 -9.677966303657460e-04 -1.007747611875342e+00
21 51 -1.000282351306353e+00 -1.873688202736240e-03 -9.673158828473146e-04 -1.007746899498527e+00
21 52 -1.000282484615698e+00 -1.874355142022973e-03 -9.665971007983610e-04 -1.007745517843154e+00
21 53 -1.000282699728065e+00 -1.875230131980852e-03 -9.656411298380243e-04 -1.007743482171334e+00
21 54 -1.000282993217863e+00 -1.876304324322261e-03 -9.644546756784805e-04 -1.007740816960000e+00
21 55 -1.000283360612814e+00 -1.877565891044137e-03 -9.630502932754684e-04 -1.007737555288963e+00
21 56 -1.000283796526559e+00 -1.879000269407093e-03 -9.614461668225178e-04 -1.007733737956468e+00
21 57 -1.000284294810396e+00 -1.880590484573851e-03 -9.596656731298385e-04 -1.007729412405264e+00
21 58 -1.000284848712517e+00 -1.882317520551750e-03 -9.577367386700237e-04 -1.007724631564164e+00
21 59 -1.000285451034685e+00 -1.884160710221768e-03 -9.556910202756849e-04 -1.007719452700182e+00
21 60 -1.000286094281039e+00 -1.886098124990225e-03 -9.535629561055952e-04 -1.007713936336057e+00
21 61 -1.000286770798417e+00 -1.888106957946426e-03 -9.513887431117275e-04 -1.007708145240168e+00
21 62 -1.000287472909300e+00 -1.890163903143416e-03 -9.492052965570985e-04 -1.007702143467921e+00
21 63 -1.000288193036730e+00 -1.892245533091802e-03 -9.470492378489839e-04 -1.007695995438231e+00
22 0 -1.000289272403395e+00 -1.895435064062001e-03 -9.392514429517472e-04 -1.007688109949394e+00
22 1 -1.000290018718303e+00 -1.897519109582710e-03 -9.372597812114566e-04 -1.007681779145594e+00
22 2 -1.000290762864958e+00 -1.899562962826274e-03 -9.353917737222735e-04 -1.007675482381173e+00
22 3 -1.000291498492476e+00 -1.901545939301102e-03 -9.336742866038096e-04 -1.007669278460941e+00
22 4 -1.000292219646453e+00 -1.903448586698417e-03 -9.321303153561561e-04 -1.007663223724825e+00
22 5 -1.000292920745361e+00 -1.905252775832152e-03 -9.307786398013550e-04 -1.007657371995164e+00
22 6 -1.000293596544688e+00 -1.906941758118554e-03 -9.296336048229560e-04 -1.007651774578529e+00
22 7 -1.000294242102648e+00 -1.908500220945702e-03 -9.287050304697408e-04 -1.007646480208137e+00
22 8 -1.000294852757271e+00 -1.909914363561664e-03 -9.279982539326877e-04 -1.007641534846990e+00
22 9 -1.000295424119409e+00 -1.911172002237011e-03 -9.275142993214803e-04 -1.007636981324300e+00
22 10 -1.000295952080858e+00 -1.912262699469216e-03 -9.272501577749029e-04 -1.007632858832315e+00
22 11 -1.000296432831881e+00 -1.913177900210633e-03 -9.271991432996396e-04 -1.007629202358643e+00
22 12 -1.000296862879879e+00 -1.913911051671142e-03 -9.273512790683659e-04 -1.007626042155114e+00
22 13 -1.000297239062560e+00 -1.914457684926362e-03 -9.276936764756242e-04 -1.007623403332905e+00
22 14 -1.000297558553459e+00 -1.914815443929840e-03 -9.282108967189763e-04 -1.007621305632868e+00
22 15 -1.000297818861235e+00 -1.914984054100718e-03 -9.288853190285280e-04 -1.007619763378714e+00
22 16 -1.000298017825104e+00 -1.914965225444999e-03 -9.296975621454949e-04 -1.007618785599551e+00
22 17 -1.000298153608577e+00 -1.914762488158518e-03 -9.306270045049571e-04 -1.007618376300024e+00
22 18 -1.000298224694711e+00 -1.914380967237847e-03 -9.316524232405525e-04 -1.007618534842928e+00
22 19 -1.000298229887864e+00 -1.913827116676520e-03 -9.327527301119854e-04 -1.007619256386494e+00
22 20 -1.000298168328111e+00 -1.913108447480079e-03 -9.339077379865804e-04 -1.007620532298992e+00
22 21 -1.000298039523827e+00 -1.912233289693194e-03 -9.350988647814915e-04 -1.007622350470522e+00
22 22 -1.000297843405324e+00 -1.911210621851821e-03 -9.363096897121503e-04 -1.007624695463458e+00
22 23 -1.000297580397410e+00 -1.910049981737468e-03 -9.375263180316686e-04 -1.007627548488367e+00
22 24 -1.000297251502290e+00 -1.908761447020429e-03 -9.387375627186032e-04 -1.007630887248959e+00
22 25 -1.000296858379114e+00 -1.907355654799466e-03 -9.399349876674399e-04 -1.007634685743927e+00
22 26 -1.000296403405606e+00 -1.905843823577508e-03 -9.411128644426500e-04 -1.007638914124802e+00
22 27 -1.000295889711074e+00 -1.904237750177196e-03 -9.422680780705625e-04 -1.007643538684331e+00
22 28 -1.000295321176894e+00 -1.902549772329945e-03 -9.433999871436727e-04 -1.007648522001040e+00
22 29 -1.000294702408371e+00 -1.900792708849010e-03 -9.445102107791316e-04 -1.007653823207909e+00
22 30 -1.000294038688553e+00 -1.898979805472646e-03 -9.456022945937360e-04 -1.007659398306743e+00
22 31 -1.000293335926725e+00 -1.897124715810362e-03 -9.466812152514489e-04 -1.007665200441511e+00
22 32 -1.000292600609645e+00 -1.895241528957404e-03 -9.477527202371903e-04 -1.007671180088004e+00
22 33 -1.000291839754293e+00 -1.893344827396247e-03 -9.488225479498622e-04 -1.007677285191195e+00
22 34 -1.000291060853319e+00 -1.891449738653849e-03 -9.498956078350804e-04 -1.007683461336302e+00
22 35 -1.000290271803368e+00 -1.889571943132605e-03 -9.509752085742959e-04 -1.007689652042023e+00
22 36 -1.000289480811287e+00 -1.887727615582489e-03 -9.520624076059116e-04 -1.007695799222583e+00
22 37 -1.000288696280316e+00 -1.885933299088111e-03 -9.531555254827936e-04 -1.007701843807540e+00
22 38 -1.000287926685010e+00 -1.884205731086271e-03 -9.542498311912674e-04 -1.007707726454892e+00
22 39 -1.000287180448149e+00 -1.882561655240176e-03 -9.553373719732267e-04 -1.007713388258084e+00
22 40 -1.000286465832667e+00 -1.881017653184551e-03 -9.564069107703012e-04 -1.007718771351733e+00
22 41 -1.000285790854534e+00 -1.879590011886472e-03 -9.574439544632509e-04 -1.007723819376974e+00
22 42 -1.000285163211404e+00 -1.878294613752681e-03 -9.584308941173115e-04 -1.007728477852128e+00
22 43 -1.000284590213236e+00 -1.877146814942063e-03 -9.593473089141213e-04 -1.007732694557301e+00
22 44 -1.000284078700259e+00 -1.876161274506349e-03 -9.601704891682097e-04 -1.007736420047397e+00
22 45 -1.000283634939610e+00 -1.875351711096411e-03 -9.608762079355066e-04 -1.007739608363938e+00
22 46 -1.000283264500667e+00 -1.874730585378353e-03 -9.614397241896550e-04 -1.007742217952421e+00
22 47 -1.000282972116981e+00 -1.874308726939230e-03 -9.618369479266925e-04 -1.007744212732069e+00
22 48 -1.000282761548405e+00 -1.874094939467362e-03 -9.620456575048090e-04 -1.007745563220433e+00
22 49 -1.000282635459094e+00 -1.874095623487917e-03 -9.620466498630345e-04 -1.007746247596164e+00
22 50 -1.000282595324872e+00 -1.874314450835898e-03 -9.618247299063668e-04 -1.007746252594406e+00
22 51 -1.000282641378248e+00 -1.874752114094209e-03 -9.613694912598119e-04 -1.007745574159509e+00
22 52 -1.000282772594397e+00 -1.875406164974472e-03 -9.606758815092529e-04 -1.007744217808158e+00
22 53 -1.000282986718629e+00 -1.876270951477518e-03 -9.597445641295559e-04 -1.007742198672163e+00
22 54 -1.000283280334519e+00 -1.877337661517423e-03 -9.585820872739550e-04 -1.007739541203117e+00
22 55 -1.000283648969583e+00 -1.878594475297174e-03 -9.572008583653302e-04 -1.007736278546123e+00
22 56 -1.000284087231412e+00 -1.880026818097640e-03 -9.556189150928679e-04 -1.007732451629861e+00
22 57 -1.000284588963126e+00 -1.881617692191402e-03 -9.538594851667438e-04 -1.007728108061973e+00
22 58 -1.000285147405490e+00 -1.883348057370296e-03 -9.519503408570277e-04 -1.007723300940818e+00
22 59 -1.000285755355264e+00 -1.885197229458176e-03 -9.499229758764591e-04 -1.007718087683352e+00
22 60 -1.000286405314053e+00 -1.887143275554049e-03 -9.478116523883344e-04 -1.007712528928869e+00
22 61 -1.000287089626395e+00 -1.889163397890489e-03 -9.456523760465014e-04 -1.007706687531611e+00
22 62 -1.000287800608083e+00 -1.891234307514514e-03 -9.434818551813242e-04 -1.007700627625002e+00
22 63 -1.000288530665377e+00 -1.893332590529657e-03 -9.413364918228641e-04 -1.007694413736304e+00
23 0 -1.000289535586950e+00 -1.896514273717872e-03 -9.333797198084564e-04 -1.007686686766474e+00
23 1 -1.000290292534188e+00 -1.898617119179215e-03 -9.313983301394787e-04 -1.007680283863294e+00
23 2 -1.000291048372355e+00 -1.900682720695187e-03 -9.295373612734593e-04 -1.007673906908001e+00
23 3 -1.000291796681657e+00 -1.902690315807288e-03 -9.278234896399819e-04 -1.007667615136684e+00
23 4 -1.000292531419247e+00 -1.904620325448832e-03 -9.262795881574652e-04 -1.007661465450902e+00
23 5 -1.000293246894855e+00 -1.906454441062373e-03 -9.249243942878150e-04 -1.007655512368687e+00
23 6 -1.000293937732858e+00 -1.908175678151307e-03 -9.237722948903076e-04 -1.007649808036366e+00
23 7 -1.000294598835086e+00 -1.909768426935736e-03 -9.228332295466244e-04 -1.007644402189646e+00
23 8 -1.000295225356245e+00 -1.911218524690775e-03 -9.221127182937078e-04 -1.007639341974513e+00
23 9 -1.000295812698537e+00 -1.912513362033224e-03 -9.216120157413053e-04 -1.007634671585170e+00
23 10 -1.000296356525047e+00 -1.913642019943978e-03 -9.213283778628639e-04 -1.007630431738111e+00
23 11 -1.000296852785018e+00 -1.914595419604288e-03 -9.212554075517474e-04 -1.007626659061177e+00
23 12 -1.000297297741406e+00 -1.915366459068599e-03 -9.213834345010639e-04 -1.007623385507330e+00
23 13 -1.000297687992979e+00 -1.915950112734316e-03 -9.216998931939141e-04 -1.007620637889854e+00
23 14 -1.000298020487808e+00 -1.916343477895861e-03 -9.221896868036480e-04 -1.007618437593084e+00
23 15 -1.000298292528875e+00 -1.916545760035987e-03 -9.228355540133890e-04 -1.007616800471463e+00
23 16 -1.000298501774292e+00 -1.916558191661475e-03 -9.236184791853289e-04 -1.007615736926842e+00
23 17 -1.000298646235209e+00 -1.916383882149837e-03 -9.245181935901965e-04 -1.007615252142401e+00
23 18 -1.000298724275084e+00 -1.916027603815295e-03 -9.255137971399163e-04 -1.007615346437146e+00
23 19 -1.000298734614838e+00 -1.915495533091122e-03 -9.265844861777894e-04 -1.007616015684730e+00
23 20 -1.000298676349098e+00 -1.914794980016421e-03 -9.277103215121957e-04 -1.007617251722654e+00
23 21 -1.000298548978498e+00 -1.913934146177583e-03 -9.288729409209530e-04 -1.007619042673972e+00
23 22 -1.000298352460866e+00 -1.912921945492557e-03 -9.300561290698370e-04 -1.007621373121042e+00
23 23 -1.000298087279722e+00 -1.911767904338265e-03 -9.312461973006374e-04 -1.007624224110884e+00
23 24 -1.000297754522649e+00 -1.910482133982581e-03 -9.324321732647209e-04 -1.007627573024719e+00
23 25 -1.000297355957140e+00 -1.909075347924873e-03 -9.336058372816042e-04 -1.007631393391429e+00
23 26 -1.000296894089767e+00 -1.907558886849409e-03 -9.347616597014730e-04 -1.007635654746522e+00
23 27 -1.000296372196889e+00 -1.905944718379138e-03 -9.358966865242366e-04 -1.007640322623518e+00
23 28 -1.000295794321560e+00 -1.904245397169346e-03 -9.370103892775963e-04 -1.007645358715163e+00
23 29 -1.000295165240102e+00 -1.902473996089568e-03 -9.381044539483636e-04 -1.007650721174616e+00
23 30 -1.000294490409382e+00 -1.900644038309453e-03 -9.391824583923251e-04 -1.007656364973768e+00
23 31 -1.000293775907937e+00 -1.898769461373496e-03 -9.402493957064617e-04 -1.007662242227780e+00
23 32 -1.000293028379611e+00 -1.896864626994253e-03 -9.413110368901781e-04 -1.007668302437274e+00
23 33 -1.000292254980107e+00 -1.894944365302072e-03 -9.423731691583353e-04 -1.007674492665284e+00
23 34 -1.000291463320102e+00 -1.893024023129659e-03 -9.434407798786904e-04 -1.007680757718098e+00
23 35 -1.000290661395910e+00 -1.891119479773371e-03 -9.445172731799642e-04 -1.007687040415655e+00
23 36 -1.000289857500815e+00 -1.889247101529134e-03 -9.456038018474337e-04 -1.007693282015651e+00
23 37 -1.000289060116230e+00 -1.887423626214241e-03 -9.466987680159802e-04 -1.007699422802212e+00
23 38 -1.000288277790106e+00 -1.885665994558360e-03 -9.477975014187543e-04 -1.007705402782284e+00
23 39 -1.000287519016242e+00 -1.883991164155349e-03 -9.488920866413058e-04 -1.007711162384698e+00
23 40 -1.000286792127751e+00 -1.882415941338552e-03 -9.499713016011713e-04 -1.007716643062870e+00
23 41 -1.000286105210070e+00 -1.880956846278473e-03 -9.510206495437295e-04 -1.007721787764294e+00
23 42 -1.000285466028418e+00 -1.879629999572424e-03 -9.520225002844542e-04 -1.007726541310579e+00
23 43 -1.000284881957598e+00 -1.878450999528176e-03 -9.529563849823160e-04 -1.007730850785784e+00
23 44 -1.000284359901141e+00 -1.877434754765771e-03 -9.537994995920308e-04 -1.007734666040160e+00
23 45 -1.000283906190526e+00 -1.876595245524504e-03 -9.545274564415243e-04 -1.007737940387966e+00
23 46 -1.000283526462282e+00 -1.875945206000016e-03 -9.551152789314584e-04 -1.007740631523038e+00
23 47 -1.000283225519474e+00 -1.875495744197441e-03 -9.555385743605523e-04 -1.007742702606299e+00
23 48 -1.000283007191836e+00 -1.875255935975691e-03 -9.557747718381756e-04 -1.007744123419229e+00
23 49 -1.000282874211563e+00 -1.875232436811793e-03 -9.558043000197769e-04 -1.007744871454240e+00
23 50 -1.000282828118419e+00 -1.875429147374617e-03 -9.556116051007665e-04 -1.007744932832462e+00
23 51 -1.000282869201889e+00 -1.875846956059623e-03 -9.551859543880646e-04 -1.007744302976461e+00
23 52 -1.000282996483900e+00 -1.876483572734684e-03 -9.545220119336775e-04 -1.007742986990859e+00
23 53 -1.000283207744125e+00 -1.877333464728363e-03 -9.536201968224862e-04 -1.007740999714145e+00
23 54 -1.000283499588292e+00 -1.878387903402943e-03 -9.524868396467519e-04 -1.007738365418655e+00
23 55 -1.000283867556171e+00 -1.879635122708080e-03 -9.511341439369394e-04 -1.007735117167341e+00
23 56 -1.000284306260975e+00 -1.881060579773793e-03 -9.495799475090427e-04 -1.007731295880174e+00
23 57 -1.000284809548312e+00 -1.882647295449132e-03 -9.478472759147630e-04 -1.007726949202408e+00
23 58 -1.000285370661917e+00 -1.884376244373624e-03 -9.459636924549695e-04 -1.007722130285913e+00
23 59 -1.000285982405094e+00 -1.886226763260117e-03 -9.439604715172466e-04 -1.007716896586731e+00
23 60 -1.000286637290479e+00 -1.888176953251456e-03 -9.418716426080516e-04 -1.007711308749571e+00
23 61 -1.000287327675513e+00 -1.890204064459666e-03 -9.397329628000698e-04 -1.007705429604411e+00
23 62 -1.000288045885252e+00 -1.892284862554547e-03 -9.375808749706202e-04 -1.007699323259314e+00
23 63 -1.000288784325553e+00 -1.894395982871760e-03 -9.354515023530391e-04 -1.007693054255533e+00
24 0 -1.000289712343786e+00 -1.897556407200786e-03 -9.274015991046214e-04 -1.007685502437460e+00
24 1 -1.000290478566935e+00 -1.899674790935235e-03 -9.254348678143335e-04 -1.007679036332656e+00
24 2 -1.000291244864655e+00 -1.901759195146202e-03 -9.235850019635075e-04 -1.007672587017548e+00
24 3 -1.000292004761410e+00 -1.903788803905752e-03 -9.218784307088343e-04 -1.007666214112063e+00
24 4 -1.000292752139363e+00 -1.905743935517717e-03 -9.203378464557119e-04 -1.007659975034126e+00
24 5 -1.000293481213720e+00 -1.907606127747398e-03 -9.189818878465542e-04 -1.007653924947031e+00
24 6 -1.000294186492212e+00 -1.909358186375151e-03 -9.178249315782122e-04 -1.007648116783624e+00
24 7 -1.000294862734307e+00 -1.910984228657266e-03 -9.168769944345574e-04 -1.007642601231322e+00
24 8 -1.000295504924712e+00 -1.912469750946028e-03 -9.161437528415217e-04 -1.007637426571027e+00
24 9 -1.000296108269131e+00 -1.913801736060052e-03 -9.156266837055092e-04 -1.007632638315252e+00
24 10 -1.000296668211534e+00 -1.914968796753689e-03 -9.153233155797855e-04 -1.007628278665449e+00
24 11 -1.000297180465486e+00 -1.915961335800255e-03 -9.152275607034782e-04 -1.007624385870891e+00
24 12 -1.000297641049696e+00 -1.916771696625598e-03 -9.153300876052414e-04 -1.007620993597172e+00
24 13 -1.000298046319315e+00 -1.917394280513846e-03 -9.156186979475200e-04 -1.007618130401181e+00
24 14 -1.000298392987995e+00 -1.917825612640955e-03 -9.160786900090312e-04 -1.007615819376800e+00
24 15 -1.000298678139919e+00 -1.918064345555247e-03 -9.166932194293259e-04 -1.007614077997754e+00
24 16 -1.000298899234690e+00 -1.918111193822659e-03 -9.174436957140562e-04 -1.007612918151487e+00
24 17 -1.000299054109637e+00 -1.917968798467248e-03 -9.183102653424465e-04 -1.007612346335728e+00
24 18 -1.000299140983952e+00 -1.917641527015375e-03 -9.192724154316463e-04 -1.007612363976764e+00
24 19 -1.000299158468371e+00 -1.917135225976566e-03 -9.203096873410251e-04 -1.007612967818380e+00
24 20 -1.000299105584285e+00 -1.916456955415983e-03 -9.214024387892776e-04 -1.007614150317799e+00
24 21 -1.000298981796550e+00 -1.915614743862738e-03 -9.225325629018748e-04 -1.007615899975197e+00
24 22 -1.000298787062935e+00 -1.914617399726050e-03 -9.236840758545784e-04 -1.007618201530788e+00
24 23 -1.000298521899301e+00 -1.913474400513914e-03 -9.248435159168251e-04 -1.007621035997730e+00
24 24 -1.000298187454057e+00 -1.912195857538320e-03 -9.260001420996679e-04 -1.007624380553830e+00
24 25 -1.000297785580395e+00 -1.910792530268701e-03 -9.271459653026063e-04 -1.007628208368990e+00
24 26 -1.000297318892358e+00 -1.909275851184575e-03 -9.282756717363550e-04 -1.007632488473378e+00
24 27 -1.000296790792601e+00 -1.907657925583317e-03 -9.293864933355579e-04 -1.007637185758332e+00
24 28 -1.000296205466035e+00 -1.905951490055653e-03 -9.304780452370420e-04 -1.007642261151285e+00
24 29 -1.000295567842302e+00 -1.904169838474054e-03 -9.315521086327857e-04 -1.007647671939815e+00
24 30 -1.000294883537356e+00 -1.902326742635918e-03 -9.326123139955343e-04 -1.007653372168640e+00
24 31 -1.000294158786953e+00 -1.900436398075346e-03 -9.336636842474094e-04 -1.007659313019399e+00
24 32 -1.000293400381974e+00 -1.898513413678661e-03 -9.347120233211972e-04 -1.007665443111074e+00
24 33 -1.000292615608730e+00 -1.896572842092388e-03 -9.357631730388009e-04 -1.007671708716063e+00
24 34 -1.000291812189955e+00 -1.894630225280331e-03 -9.368222011556270e-04 -1.007678053948137e+00
24 35 -1.000290998217142e+00 -1.892701616491624e-03 -9.378926111306980e-04 -1.007684421014128e+00
24 36 -1.000290182065523e+00 -1.890803544615474e-03 -9.389756629656024e-04 -1.007690750608559e+00
24 37 -1.000289372289557e+00 -1.888952908873833e-03 -9.400698616986201e-04 -1.007696982471665e+00
24 38 -1.000288577505829e+00 -1.887166819462407e-03 -9.411706242374621e-04 -1.007703056057433e+00
24 39 -1.000287806276164e+00 -1.885462417621085e-03 -9.422701007875650e-04 -1.007708911212646e+00
24 40 -1.000287067002805e+00 -1.883856708135517e-03 -9.433571164813943e-04 -1.007714488774933e+00
24 41 -1.000286367840872e+00 -1.882366420944287e-03 -9.444172104119952e-04 -1.007719731050083e+00
24 42 -1.000285716624788e+00 -1.881007895360485e-03 -9.454327768278040e-04 -1.007724582197921e+00
24 43 -1.000285120798612e+00 -1.879796959899807e-03 -9.463833468317384e-04 -1.007728988613238e+00
24 44 -1.000284587337174e+00 -1.878748770621396e-03 -9.472460702556526e-04 -1.007732899413338e+00
24 45 -1.000284122647145e+00 -1.877877576415799e-03 -9.479964464530215e-04 -1.007736267125230e+00
24 46 -1.000283732444629e+00 -1.877196400349833e-03 -9.486093058015167e-04 -1.007739048605141e+00
24 47 -1.000283421616033e+00 -1.876716653586786e-03 -9.490599808368085e-04 -1.007741206143107e+00
24 48 -1.000283194076915e+00 -1.876447719816631e-03 -9.493255570443771e-04 -1.007742708641908e+00
24 49 -1.000283052645472e+00 -1.876396554904382e-03 -9.493860775912134e-04 -1.007743532739031e+00
24 50 -1.000282998943955e+00 -1.876567339648902e-03 -9.492255946564843e-04 -1.007743663759703e+00
24 51 -1.000283033336442e+00 -1.876961211494064e-03 -9.488330007012851e-04 -1.007743096422275e+00
24 52 -1.000283154907999e+00 -1.877576091674044e-03 -9.482026183942723e-04 -1.007741835241430e+00
24 53 -1.000283361488303e+00 -1.878406619371042e-03 -9.473345602620561e-04 -1.007739894589038e+00
24 54 -1.000283649720060e+00 -1.879444200358131e-03 -9.462348785173935e-04 -1.007737298391409e+00
24 55 -1.000284015168425e+00 -1.880677170332458e-03 -9.449155161722628e-04 -1.007734079474779e+00
24 56 -1.000284452463188e+00 -1.882091062357462e-03 -9.433940574511303e-04 -1.007730278612515e+00
24 57 -1.000284955461972e+00 -1.883668956388977e-03 -9.416932725252242e-04 -1.007725943364765e+00
24 58 -1.000285517421008e+00 -1.885391880286014e-03 -9.398404625090284e-04 -1.007721126823418e+00
24 59 -1.000286131160511e+00 -1.887239228964825e-03 -9.378666301344010e-04 -1.007715886375210e+00
24 60 -1.000286789215281e+00 -1.889189173671131e-03 -9.358055210565341e-04 -1.007710282568084e+00
24 61 -1.000287483967446e+00 -1.891219046373079e-03 -9.336925933427391e-04 -1.007704378114302e+00
24 62 -1.000288207764266e+00 -1.893305699469038e-03 -9.315639749633340e-04 -1.007698237009871e+00
24 63 -1.000288953025810e+00 -1.895425849234746e-03 -9.294554621055288e-04 -1.007691923724773e+00
25 0 -1.000289802392662e+00 -1.898552038007282e-03 -9.213794800425278e-04 -1.007684560974890e+00
25 1 -1.000290576515062e+00 -1.900682688221819e-03 -9.194313964886173e-04 -1.007678040699972e+00
25 2 -1.000291351999313e+00 -1.902782895179622e-03 -9.175963692563523e-04 -1.007671527120621e+00
25 3 -1.000292122326935e+00 -1.904831811389737e-03 -9.159005341077748e-04 -1.007665080195795e+00
25 4 -1.000292881318531e+00 -1.906809675732671e-03 -9.143663523697539e-04 -1.007658757813671e+00
25 5 -1.000293623108539e+00 -1.908697896426124e-03 -9.130123096439013e-04 -1.007652615736380e+00
25 6 -1.000294342102255e+00 -1.910479093855292e-03 -9.118527190274854e-04 -1.007646707636155e+00
25 7 -1.000295032932142e+00 -1.912137137459359e-03 -9.108976283965316e-04 -1.007641085098214e+00
25 8 -1.000295690429301e+00 -1.913657209209201e-03 -9.101528366099300e-04 -1.007635797473399e+00
25 9 -1.000296309618792e+00 -1.915025910189217e-03 -9.096200224907072e-04 -1.007630891522781e+00
25 10 -1.000296885738750e+00 -1.916231406553025e-03 -9.092969804313201e-04 -1.007626410871893e+00
25 11 -1.000297414276568e+00 -1.917263596556493e-03 -9.091779398603435e-04 -1.007622395349543e+00
25 12 -1.000297891012147e+00 -1.918114273972803e-03 -9.092539312919138e-04 -1.007618880313819e+00
25 13 -1.000298312058000e+00 -1.918777262737589e-03 -9.095131599701960e-04 -1.007615896068597e+00
25 14 -1.000298673889147e+00 -1.919248501571160e-03 -9.099413647528890e-04 -1.007613467449703e+00
25 15 -1.000298973361257e+00 -1.919526064643144e-03 -9.105221702647233e-04 -1.007611613616622e+00
25 16 -1.000299207720637e+00 -1.919610112431649e-03 -9.112374702661074e-04 -1.007610348041310e+00
25 17 -1.000299374611677e+00 -1.919502773070121e-03 -9.120678923485039e-04 -1.007609678659776e+00
25 18 -1.000299472086336e+00 -1.919207959649425e-03 -9.129933784242741e-04 -1.007609608146224e+00
25 19 -1.000299498618842e+00 -1.918731137015764e-03 -9.139938762480338e-04 -1.007610134266884e+00
25 20 -1.000299453128632e+00 -1.918079063755518e-03 -9.150500906960659e-04 -1.007611250257780e+00
25 21 -1.000299335015101e+00 -1.917259546192472e-03 -9.161442091142454e-04 -1.007612945154546e+00
25 22 -1.000299144206827e+00 -1.916281242809882e-03 -9.172605073115134e-04 -1.007615204003718e+00
25 23 -1.000298881224541e+00 -1.915153544350068e-03 -9.183857672343477e-04 -1.007618007917203e+00
25 24 -1.000298547252080e+00 -1.913886530160170e-03 -9.195094864295789e-04 -1.007621333987832e+00
25 25 -1.000298144204623e+00 -1.912490976115805e-03 -9.206239113214338e-04 -1.007625155139000e+00
25 26 -1.000297674781040e+00 -1.910978375753490e-03 -9.217239551788149e-04 -1.007629440009627e+00
25 27 -1.000297142488641e+00 -1.909360939495881e-03 -9.228070554881591e-04 -1.007634152964878e+00
25 28 -1.000296551634167e+00 -1.907651553543531e-03 -9.238729944363702e-04 -1.007639254279863e+00
25 29 -1.000295907282638e+00 -1.905863702031921e-03 -9.249236710865646e-04 -1.007644700484361e+00
25 30 -1.000295215193091e+00 -1.904011375419574e-03 -9.259627896316653e-04 -1.007650444801480e+00
25 31 -1.000294481744319e+00 -1.902108997438175e-03 -9.269954217349325e-04 -1.007656437584093e+00
25 32 -1.000293713862453e+00 -1.900171396157540e-03 -9.280274173622013e-04 -1.007662626668641e+00
25 33 -1.000292918955660e+00 -1.898213822119901e-03 -9.290646777269762e-04 -1.007668957625797e+00
25 34 -1.000292104852410e+00 -1.896251989291756e-03 -9.301123513704146e-04 -1.007675373960432e+00
25 35 -1.000291279733925e+00 -1.894302099183096e-03 -9.311740445293340e-04 -1.007681817355061e+00
25 36 -1.000290452051952e+00 -1.892380813646964e-03 -9.322511338889904e-04 -1.007688228037805e+00
25 37 -1.000289630429222e+00 -1.890505162604493e-03 -9.333422398280508e-04 -1.007694545300765e+00
25 38 -1.000288823547774e+00 -1.888692397059510e-03 -9.344428794379711e-04 -1.007700708130337e+00
25 39 -1.000288040035632e+00 -1.886959815175350e-03 -9.355452846953601e-04 -1.007706655866417e+00
25 40 -1.000287288362893e+00 -1.885324594012036e-03 -9.366383506519984e-04 -1.007712328799791e+00
25 41 -1.000286576753885e+00 -1.883803648824427e-03 -9.377076808095617e-04 -1.007717668653461e+00
25 42 -1.000285913113927e+00 -1.882413518232902e-03 -9.387357259873698e-04 -1.007722618963722e+00
25 43 -1.000285304960896e+00 -1.881170248207240e-03 -9.397020544359114e-04 -1.007727125448027e+00
25 44 -1.000284759347642e+00 -1.880089234989807e-03 -9.405838158010212e-04 -1.007731136479949e+00
25 45 -1.000284282763969e+00 -1.879184993796646e-03 -9.413564496914503e-04 -1.007734603768960e+00
25 46 -1.000283881015052e+00 -1.878470841762830e-03 -9.419946450402176e-04 -1.007737483278125e+00
25 47 -1.000283559082831e+00 -1.877958509593168e-03 -9.424734991849282e-04 -1.007739736336468e+00
25 48 -1.000283320983780e+00 -1.877657717317208e-03 -9.427697760146322e-04 -1.007741330842373e+00
25 49 -1.000283169638913e+00 -1.877575759443232e-03 -9.428631364292253e-04 -1.007742242426711e+00
25 50 -1.000283106770181e+00 -1.877717141833366e-03 -9.427372224597288e-04 -1.007742455452318e+00
25 51 -1.000283132833583e+00 -1.878083300798877e-03 -9.423805167073327e-04 -1.007741963757457e+00
25 52 -1.000283246995043e+00 -1.878672422467586e-03 -9.417869508768467e-04 -1.007740771083660e+00
25 53 -1.000283447151880e+00 -1.879479373048874e-03 -9.409562742538166e-04 -1.007738891151098e+00
25 54 -1.000283729999943e+00 -1.880495746564831e-03 -9.398942029707934e-04 -1.007736347363083e+00
25 55 -1.000284091143390e+00 -1.881710030535787e-03 -9.386123628538462e-04 -1.007733172148767e+00
25 56 -1.000284525239851e+00 -1.883107879692217e-03 -9.371280287482370e-04 -1.007729405992576e+00
25 57 -1.000285026168945e+00 -1.884672475431617e-03 -9.354636608013739e-04 -1.007725096241224e+00
25 58 -1.000285587208736e+00 -1.886384938537083e-03 -9.336462451770936e-04 -1.007720295809729e+00
25 59 -1.000286201204980e+00 -1.888224758654341e-03 -9.317064622999532e-04 -1.007715061912182e+00
25 60 -1.000286860722755e+00 -1.890170209613600e-03 -9.296777256249980e-04 -1.007709454911808e+00
25 61 -1.000287558177623e+00 -1.892198734455526e-03 -9.275951491065498e-04 -1.007703537325740e+00
25 62 -1.000288285949745e+00 -1.894287300636036e-03 -9.254945046532702e-04 -1.007697372962002e+00
25 63 -1.000289036486045e+00 -1.896412734213304e-03 -9.234112230696609e-04 -1.007691026141557e+00
26 0 -1.000289806131532e+00 -1.899492260688598e-03 -9.153765476980417e-04 -1.007683863780522e+00
26 1 -1.000290586782930e+00 -1.901631941359822e-03 -9.134506378008725e-04 -1.007677298356469e+00
26 2 -1.000291370168698e+00 -1.903744947231466e-03 -9.116337792506318e-04 -1.007670728715848e+00
26 3 -1.000292149739511e+00 -1.905810419713873e-03 -9.099517789204511e-04 -1.007664215112550e+00
26 4 -1.000292919266537e+00 -1.907808538556681e-03 -9.084268247321131e-04 -1.007657815865747e+00
26 5 -1.000293672815863e+00 -1.909720602305836e-03 -9.070772019055540e-04 -1.007651587301044e+00
26 6 -1.000294404704383e+00 -1.911529067685154e-03 -9.059171117702550e-04 -1.007645583787969e+00
26 7 -1.000295109453976e+00 -1.913217582463238e-03 -9.049565880994720e-04 -1.007639857750310e+00
26 8 -1.000295781760020e+00 -1.914771044070100e-03 -9.042015127474543e-04 -1.007634459534440e+00
26 9 -1.000296416484384e+00 -1.916175701512743e-03 -9.036537361197200e-04 -1.007629437072389e+00
26 10 -1.000297008675035e+00 -1.917419300311318e-03 -9.033113013570357e-04 -1.007624835342438e+00
26 11 -1.000297553606544e+00 -1.918491255295370e-03 -9.031687536102089e-04 -1.007620695690006e+00
26 12 -1.000298046830250e+00 -1.919382826050786e-03 -9.032174981910962e-04 -1.007617055114199e+00
26 13 -1.000298484221747e+00 -1.920087266446393e-03 -9.034461679203797e-04 -1.007613945636390e+00
26 14 -1.000298862017471e+00 -1.920599924486623e-03 -9.038409763488002e-04 -1.007611393838814e+00
26 15 -1.000299176838945e+00 -1.920918278861457e-03 -9.043860626838849e-04 -1.007609420608379e+00
26 16 -1.000299425708519e+00 -1.921041907600958e-03 -9.050638619970403e-04 -1.007608041074779e+00
26 17 -1.000299606062190e+00 -1.920972388807800e-03 -9.058555472986606e-04 -1.007607264711450e+00
26 18 -1.000299715764269e+00 -1.920713136756687e-03 -9.067415806326311e-04 -1.007607095564714e+00
26 19 -1.000299753127340e+00 -1.920269184245095e-03 -9.077023781209565e-04 -1.007607532571242e+00
26 20 -1.000299716940358e+00 -1.919646934865578e-03 -9.087190476848449e-04 -1.007608569909012e+00
26 21 -1.000299606507322e+00 -1.918853920924196e-03 -9.097741164684963e-04 -1.007610197312648e+00
26 22 -1.000299421697987e+00 -1.917898605270641e-03 -9.108521498153191e-04 -1.007612400286649e+00
26 23 -1.000299163009584e+00 -1.916790253361185e-03 -9.119401864994052e-04 -1.007615160178610e+00
26 24 -1.000298831634495e+00 -1.915538878835312e-03 -9.130279654526827e-04 -1.007618454123366e+00
26 25 -1.000298429524495e+00 -1.914155242031543e-03 -9.141079704726243e-04 -1.007622254919562e+00
26 26 -1.000297959439524e+00 -1.912650866483032e-03 -9.151753475905903e-04 -1.007626530931434e+00
26 27 -1.000297424969643e+00 -1.911038037967773e-03 -9.162277490900188e-04 -1.007631246108115e+00
26 28 -1.000296830523198e+00 -1.909329763051408e-03 -9.172651367227297e-04 -1.007636360179132e+00
26 29 -1.000296181281623e+00 -1.907539685480212e-03 -9.182895448515386e-04 -1.007641829025374e+00
26 30 -1.000295483129358e+00 -1.905681982141020e-03 -9.193047727988784e-04 -1.007647605159727e+00
26 31 -1.000294742572709e+00 -1.903771273952330e-03 -9.203159602863786e-04 -1.007653638212850e+00
26 32 -1.000293966660614e+00 -1.901822580956040e-03 -9.213290147445133e-04 -1.007659875334193e+00
26 33 -1.000293162913481e+00 -1.899851327003268e-03 -9.223499013529538e-04 -1.007666261480889e+00
26 34 -1.000292339257574e+00 -1.897873372582031e-03 -9.233838529960579e-04 -1.007672739638774e+00
26 35 -1.000291503956899e+00 -1.895905039789452e-03 -9.244345841951905e-04 -1.007679251060019e+00
26 36 -1.000290665534224e+00 -1.893963095683353e-03 -9.255035937662823e-04 -1.007685735597587e+00
26 37 -1.000289832676987e+00 -1.892064674936518e-03 -9.265896214520292e-04 -1.007692132178130e+00
26 38 -1.000289014130476e+00 -1.890227144318546e-03 -9.276882899234933e-04 -1.007698379396930e+00
26 39 -1.000288218587149e+00 -1.888467933410064e-03 -9.287919224948250e-04 -1.007704416160983e+00
26 40 -1.000287454583838e+00 -1.886804366985014e-03 -9.298894964073097e-04 -1.007710182281350e+00
26 41 -1.000286730414740e+00 -1.885253524946794e-03 -9.309666923035580e-04 -1.007715618949241e+00
26 42 -1.000286054058974e+00 -1.883832129058726e-03 -9.320060338515513e-04 -1.007720669109561e+00
26 43 -1.000285433112530e+00 -1.882556428924826e-03 -9.329871532465334e-04 -1.007725277821446e+00
26 44 -1.000284874711069e+00 -1.881442048358918e-03 -9.338872403110376e-04 -1.007729392724062e+00
26 45 -1.000284385433243e+00 -1.880503759906689e-03 -9.346817244622051e-04 -1.007732964702257e+00
26 46 -1.000283971181217e+00 -1.879755173305355e-03 -9.353452046894639e-04 -1.007735948791423e+00
26 47 -1.000283637043046e+00 -1.879208346994478e-03 -9.358525911008549e-04 -1.007738305292862e+00
26 48 -1.000283387148726e+00 -1.878873355229415e-03 -9.361803653607393e-04 -1.007740001004528e+00
26 49 -1.000283224536075e+00 -1.878757858538003e-03 -9.363078298268512e-04 -1.007741010428966e+00
26 50 -1.000283151042323e+00 -1.878866724841644e-03 -9.362182184151603e-04 -1.007741316820201e+00
26 51 -1.000283167232839e+00 -1.879201735101179e-03 -9.358995842972144e-04 -1.007740912967436e+00
26 52 -1.000283272373055e+00 -1.879761392306021e-03 -9.353454329073277e-04 -1.007739801655250e+00
26 53 -1.000283464446244e+00 -1.880540844391751e-03 -9.345551053728919e-04 -1.007737995764900e+00
26 54 -1.000283740218157e+00 -1.881531928172608e-03 -9.335339303746693e-04 -1.007735517995732e+00
26 55 -1.000284095346869e+00 -1.882723335623205e-03 -9.322931608589407e-04 -1.007732400210007e+00
26 56 -1.000284524531031e+00 -1.884100892857580e-03 -9.308497055252950e-04 -1.007728682446796e+00
26 57 -1.000285021683432e+00 -1.885647928551340e-03 -9.292256595852884e-04 -1.007724411699645e+00
26 58 -1.000285580112730e+00 -1.887345697142538e-03 -9.274476418463193e-04 -1.007719640588281e+00
26 59 -1.000286192696892e+00 -1.889173817879223e-03 -9.255459601729609e-04 -1.007714426058600e+00
26 60 -1.000286852037317e+00 -1.891110697069572e-03 -9.235536487972850e-04 -1.007708828210853e+00
26 61 -1.000287550590026e+00 -1.893133916022425e-03 -9.215054358521693e-04 -1.007702909296464e+00
26 62 -1.000288280776609e+00 -1.895220583377944e-03 -9.194367013849363e-04 -1.007696732867326e+00
26 63 -1.000289035080307e+00 -1.897347659582587e-03 -9.173824793684968e-04 -1.007690363032403e+00
27 0 -1.000289724579961e+00 -1.900368755956339e-03 -9.094559458195589e-04 -1.007683409932878e+00
27 1 -1.000290510418349e+00 -1.902514302344954e-03 -9.075552304878265e-04 -1.007676808258542e+00
27 2 -1.000291300433173e+00 -1.904637140722909e-03 -9.057594110157947e-04 -1.007670190739542e+00
27 3 -1.000292088054486e+00 -1.906716418605189e-03 -9.040939393626272e-04 -1.007663617889152e+00
27 4 -1.000292867014339e+00 -1.908732272483820e-03 -9.025806978208099e-04 -1.007657148429349e+00
27 5 -1.000293631322170e+00 -1.910665908048524e-03 -9.012377342320157e-04 -1.007650839218991e+00
27 6 -1.000294375220557e+00 -1.912499639225764e-03 -9.000790979548690e-04 -1.007644745281391e+00
27 7 -1.000295093136994e+00 -1.914216917731117e-03 -8.991147666366489e-04 -1.007638919819836e+00
27 8 -1.000295779648485e+00 -1.915802384884269e-03 -8.983506645203304e-04 -1.007633414107035e+00
27 9 -1.000296429471508e+00 -1.917241966775540e-03 -8.977887799745247e-04 -1.007628277170795e+00
27 10 -1.000297037481572e+00 -1.918523017259010e-03 -8.974273830238379e-04 -1.007623555261519e+00
27 11 -1.000297598756831e+00 -1.919634495275922e-03 -8.972613252329104e-04 -1.007619291159277e+00
27 12 -1.000298108633359e+00 -1.920567149291820e-03 -8.972823880450462e-04 -1.007615523432578e+00
27 13 -1.000298562758640e+00 -1.921313677890461e-03 -8.974796433449058e-04 -1.007612285771963e+00
27 14 -1.000298957134534e+00 -1.921868842545290e-03 -8.978398031521170e-04 -1.007609606486972e+00
27 15 -1.000299288147698e+00 -1.922229519877635e-03 -8.983475586369471e-04 -1.007607508201504e+00
27 16 -1.000299552590809e+00 -1.922394688601870e-03 -8.989859347767983e-04 -1.007606007741275e+00
27 17 -1.000299747680164e+00 -1.922365349467372e-03 -8.997367057275064e-04 -1.007605116187794e+00
27 18 -1.000299871075282e+00 -1.922144379935436e-03 -9.005809142125978e-04 -1.007604839064996e+00
27 19 -1.000299920904736e+00 -1.921736333776694e-03 -9.014995083904387e-04 -1.007605176615329e+00
27 20 -1.000299895800725e+00 -1.921147208117271e-03 -9.024740604921700e-04 -1.007606124111429e+00
27 21 -1.000299794943274e+00 -1.920384210779807e-03 -9.034874870351672e-04 -1.007607672143468e+00
27 22 -1.000299618113868e+00 -1.919455562946789e-03 -9.045246744299365e-04 -1.007609806826339e+00
27 23 -1.000299365756943e+00 -1.918370363387943e-03 -9.055729335722419e-04 -1.007612509889636e+00
27 24 -1.000299039045065e+00 -1.917138522250843e-03 -9.066222505410163e-04 -1.007615758649421e+00
27 25 -1.000298639939912e+00 -1.915770750185075e-03 -9.076653474585040e-04 -1.007619525908507e+00
27 26 -1.000298171237966e+00 -1.914278570473541e-03 -9.086976010466194e-04 -1.007623779873306e+00
27 27 -1.000297636589417e+00 -1.912674316084953e-03 -9.097168767412419e-04 -1.007628484186541e+00
27 28 -1.000297040482782e+00 -1.910971084460665e-03 -9.107233204791834e-04 -1.007633598142928e+00
27 29 -1.000296388195390e+00 -1.909182646850224e-03 -9.117191150388808e-04 -1.007639077088863e+00
27 30 -1.000295685718293e+00 -1.907323334350904e-03 -9.127081714624502e-04 -1.007644872938415e+00
27 31 -1.000294939669210e+00 -1.905407935720946e-03 -9.136957106989468e-04 -1.007650934701861e+00
27 32 -1.000294157206469e+00 -1.903451636070495e-03 -9.146877060205232e-04 -1.007657208936389e+00
27 33 -1.000293345951243e+00 -1.901470005439816e-03 -9.156901934477452e-04 -1.007663640080381e+00
27 34 -1.000292513917861e+00 -1.899479022870434e-03 -9.167084968370646e-04 -1.007670170696202e+00
27 35 -1.000291669445694e+00 -1.897495104308623e-03 -9.177464430455860e-04 -1.007676741695500e+00
27 36 -1.000290821123590e+00 -1.895535097569033e-03 -9.188056539433634e-04 -1.007683292637066e+00
27 37 -1.000289977700370e+00 -1.893616218121371e-03 -9.198849900764797e-04 -1.007689762159153e+00
27 38 -1.000289147981974e+00 -1.891755923637380e-03 -9.209801841455626e-04 -1.007696088542436e+00
27 39 -1.000288340723789e+00 -1.889971751430584e-03 -9.220836551830982e-04 -1.007702210330485e+00
27 40 -1.000287564529931e+00 -1.888281154700547e-03 -9.231844628514779e-04 -1.007708066907613e+00
27 41 -1.000286827767070e+00 -1.886701362947590e-03 -9.242683633533035e-04 -1.007713598970047e+00
27 42 -1.000286138491576e+00 -1.885249266933026e-03 -9.253179576893527e-04 -1.007718748901155e+00
27 43 -1.000285504380986e+00 -1.883941304780448e-03 -9.263129581086289e-04 -1.007723461129325e+00
27 44 -1.000284932657716e+00 -1.882793313642116e-03 -9.272306221031055e-04 -1.007727682578198e+00
27 45 -1.000284429994699e+00 -1.881820312845396e-03 -9.280464060542641e-04 -1.007731363309291e+00
27 46 -1.000284002398067e+00 -1.881036198744233e-03 -9.287348657470016e-04 -1.007734457411892e+00
27 47 -1.000283655069932e+00 -1.880453356340691e-03 -9.292707779255618e-04 -1.007736924122628e+00
27 48 -1.000283392262837e+00 -1.880082220068612e-03 -9.296303939671510e-04 -1.007738729079283e+00
27 49 -1.000283217142661e+00 -1.879930833199663e-03 -9.297926959426208e-04 -1.007739845564728e+00
27 50 -1.000283131676229e+00 -1.880004454779137e-03 -9.297405278659942e-04 -1.007740255597645e+00
27 51 -1.000283136555093e+00 -1.880305249884630e-03 -9.294615127236263e-04 -1.007739950763405e+00
27 52 -1.000283231162011e+00 -1.880832084858086e-03 -9.289487132567302e-04 -1.007738932718277e+00
27 53 -1.000283413584035e+00 -1.881580440461720e-03 -9.282010319344907e-04 -1.007737213324931e+00
27 54 -1.000283680674442e+00 -1.882542450559316e-03 -9.272233671820931e-04 -1.007734814394871e+00
27 55 -1.000284028162277e+00 -1.883707067002754e-03 -9.260265485122417e-04 -1.007731767040966e+00
27 56 -1.000284450802420e+00 -1.885060340725067e-03 -9.246270656029930e-04 -1.007728110686144e+00
27 57 -1.000284942552727e+00 -1.886585795849513e-03 -9.230465962992775e-04 -1.007723891823140e+00
27 58 -1.000285496760767e+00 -1.888264861634761e-03 -9.213113403528795e-04 -1.007719162657166e+00
27 59 -1.000286106342775e+00 -1.890077321650519e-03 -9.194511829525899e-04 -1.007713979771079e+00
27 60 -1.000286763941906e+00 -1.892001744787919e-03 -9.174987330109657e-04 -1.007708402923432e+00
27 61 -1.000287462060192e+00 -1.894015877261745e-03 -9.154882928437103e-04 -1.007702494032701e+00
27 62 -1.000288193166245e+00 -1.896096991850844e-03 -9.134548171330525e-04 -1.007696316339449e+00
27 63 -1.000288949785541e+00 -1.898222202610123e-03 -9.114329155278874e-04 -1.007689933696772e+00
28 0 -1.000289559331378e+00 -1.901173863559470e-03 -9.036799350718974e-04 -1.007683196436966e+00
28 1 -1.000290349059594e+00 -1.903322209122977e-03 -9.018069087586863e-04 -1.007676567208770e+00
28 2 -1.000291144461894e+00 -1.905451980813429e-03 -9.000345061887150e-04 -1.007669909887280e+00
28 3 -1.000291938955734e+00 -1.907542345229764e-03 -8.983878071610321e-04 -1.007663285221327e+00
28 4 -1.000292726243386e+00 -1.909573408913008e-03 -8.968883669209565e-04 -1.007656752311564e+00
28 5 -1.000293500289033e+00 -1.911526300936093e-03 -8.955539692741896e-04 -1.007650368517392e+00
28 6 -1.000294255274172e+00 -1.913383212153805e-03 -8.943984791954451e-04 -1.007644189473489e+00
28 7 -1.000294985546557e+00 -1.915127420452253e-03 -8.934317819268392e-04 -1.007638269113000e+00
28 8 -1.000295685581067e+00 -1.916743335661858e-03 -8.926598085471196e-04 -1.007632659575853e+00
28 9 -1.000296349966860e+00 -1.918216588939906e-03 -8.920846551556798e-04 -1.007627410911594e+00
28 10 -1.000296973425821e+00 -1.919534173321148e-03 -8.917047956936441e-04 -1.007622570555394e+00
28 11 -1.000297550857192e+00 -1.920684622284660e-03 -8.915153724720761e-04 -1.007618182633282e+00
28 12 -1.000298077396308e+00 -1.921658199158976e-03 -8.915085355721004e-04 -1.007614287206231e+00
28 13 -1.000298548473721e+00 -1.922447066659750e-03 -8.916737988696402e-04 -1.007610919573846e+00
28 14 -1.000298959864521e+00 -1.923045412204096e-03 -8.919983874095987e-04 -1.007608109729704e+00
28 15 -1.000299307724311e+00 -1.923449515056481e-03 -8.924675693291196e-04 -1.007605882011969e+00
28 16 -1.000299588614817e+00 -1.923657749348265e-03 -8.930649936344295e-04 -1.007604254949117e+00
28 17 -1.000299799525677e+00 -1.923670521107345e-03 -8.937730797651575e-04 -1.007603241273932e+00
28 18 -1.000299937899085e+00 -1.923490141535974e-03 -8.945735062520038e-04 -1.007602848066784e+00
28 19 -1.000300001661907e+00 -1.923120646478026e-03 -8.954478156665204e-04 -1.007603076983552e+00
28 20 -1.000299989267223e+00 -1.922567582095614e-03 -8.963781051582520e-04 -1.007603924520428e+00
28 21 -1.000299899744936e+00 -1.921837784977044e-03 -8.973477307535211e-04 -1.007605382267100e+00
28 22 -1.000299732759705e+00 -1.920939187925214e-03 -8.983419363020389e-04 -1.007607437101502e+00
28 23 -1.000299488673790e+00 -1.919880678390469e-03 -8.993483282017816e-04 -1.007610071288189e+00
28 24 -1.000299168611141e+00 -1.918672022712556e-03 -9.003571506496729e-04 -1.007613262469069e+00
28 25 -1.000298774516027e+00 -1.917323846967022e-03 -9.013613632894942e-04 -1.007616983583273e+00
28 26 -1.000298309195799e+00 -1.915847643094084e-03 -9.023565656458015e-04 -1.007621202802353e+00
28 27 -1.000297776336386e+00 -1.914255760558920e-03 -9.033408298109270e-04 -1.007625883583192e+00
28 28 -1.000297180483161e+00 -1.912561355585641e-03 -9.043144864740686e-04 -1.007630984906317e+00
28 29 -1.000296526987597e+00 -1.910778294769469e-03 -9.052798728647407e-04 -1.007636461700091e+00
28 30 -1.000295821927809e+00 -1.908921033127916e-03 -9.062410184417747e-04 -1.007642265388040e+00
28 31 -1.000295072015650e+00 -1.907004498420308e-03 -9.072032312922389e-04 -1.007648344462593e+00
28 32 -1.000294284503472e+00 -1.905044011750527e-03 -9.081725572692965e-04 -1.007654644990220e+00
28 33 -1.000293467099984e+00 -1.903055260328150e-03 -9.091551101849580e-04 -1.007661110989810e+00
28 34 -1.000292627897213e+00 -1.901054314962743e-03 -9.101563086248800e-04 -1.007667684691039e+00
28 35 -1.000291775302536e+00 -1.899057661347071e-03 -9.111800917134760e-04 -1.007674306746385e+00
28 36 -1.000290917965515e+00 -1.897082204142300e-03 -9.122282047238129e-04 -1.007680916499322e+00
28 37 -1.000290064692020e+00 -1.895145214257528e-03 -9.132996328748690e-04 -1.007687452380003e+00
28 38 -1.000289224345801e+00 -1.893264215922613e-03 -9.143902228760873e-04 -1.007693852428538e+00
28 39 -1.000288405744948e+00 -1.891456834779096e-03 -9.154924876570225e-04 -1.007700054881515e+00
28 40 -1.000287617563214e+00 -1.889740638326863e-03 -9.165955612593318e-04 -1.007705998734799e+00
28 41 -1.000286868243208e+00 -1.888132993374219e-03 -9.176852668082923e-04 -1.007711624220048e+00
28 42 -1.000286165921996e+00 -1.886650946669113e-03 -9.187442784427988e-04 -1.007716873188642e+00
28 43 -1.000285518362430e+00 -1.885311111973462e-03 -9.197523901614437e-04 -1.007721689463130e+00
28 44 -1.000284932878548e+00 -1.884129528545813e-03 -9.206869368869387e-04 -1.007726019265907e+00
28 45 -1.000284416243227e+00 -1.883121452177524e-03 -9.215234253699691e-04 -1.007729811840166e+00
28 46 -1.000283974571998e+00 -1.882301055216475e-03 -9.222364088309167e-04 -1.007733020328913e+00
28 47 -1.000283613186271e+00 -1.881681040250852e-03 -9.228005836949273e-04 -1.007735602894271e+00
28 48 -1.000283336467686e+00 -1.881272199529509e-03 -9.231920253654394e-04 -1.007737523980996e+00
28 49 -1.000283147719539e+00 -1.881082967386061e-03 -9.233894417725758e-04 -1.007738755585659e+00
28 50 -1.000283049050520e+00 -1.881119013637817e-03 -9.233753208060134e-04 -1.007739278391254e+00
28 51 -1.000283041292673e+00 -1.881382917052161e-03 -9.231368744263048e-04 -1.007739082651829e+00
28 52 -1.000283123961933e+00 -1.881873945735423e-03 -9.226667244314718e-04 -1.007738168745475e+00
28 53 -1.000283295266615e+00 -1.882587959870804e-03 -9.219633182661995e-04 -1.007736547346077e+00
28 54 -1.000283552166248e+00 -1.883517443322982e-03 -9.210310935569267e-04 -1.007734239192145e+00
28 55 -1.000283890479220e+00 -1.884651663418349e-03 -9.198804176160486e-04 -1.007731274459340e+00
28 56 -1.000284305032615e+00 -1.885976949741655e-03 -9.185273176474455e-04 -1.007727691779236e+00
28 57 -1.000284789841826e+00 -1.887477070729922e-03 -9.169930069038369e-04 -1.007723536991653e+00
28 58 -1.000285338302623e+00 -1.889133673277033e-03 -9.153032165856622e-04 -1.007718861760483e+00
28 59 -1.000285943376489e+00 -1.890926742263085e-03 -9.134873607218607e-04 -1.007713722201732e+00
28 60 -1.000286597753458e+00 -1.892835040341915e-03 -9.115775784408644e-04 -1.007708177650382e+00
28 61 -1.000287293985060e+00 -1.894836503545578e-03 -9.096077071412881e-04 -1.007702289632469e+00
28 62 -1.000288024589716e+00 -1.896908587964950e-03 -9.076122432007909e-04 -1.007696121036322e+00
28 63 -1.000288782138826e+00 -1.899028577194436e-03 -9.056253462014789e-04 -1.007689735426577e+00
29 0 -1.000289312515340e+00 -1.901900657335895e-03 -8.981090611041427e-04 -1.007683218439260e+00
29 1 -1.000290104891416e+00 -1.904048851437061e-03 -8.962656850667185e-04 -1.007676570107667e+00
29 2 -1.000290904482261e+00 -1.906182742370851e-03 -8.945185708144553e-04 -1.007669880908193e+00
29 3 -1.000291704699552e+00 -1.908281527122042e-03 -8.928924154925179e-04 -1.007663211804789e+00
29 4 -1.000292499224501e+00 -1.910325295513429e-03 -8.914084344979715e-04 -1.007656622250007e+00
29 5 -1.000293281986184e+00 -1.912295115231512e-03 -8.900841294564954e-04 -1.007650170072207e+00
29 6 -1.000294047116359e+00 -1.914173070601802e-03 -8.889331567729828e-04 -1.007643911483316e+00
29 7 -1.000294788896270e+00 -1.915942284245094e-03 -8.879652819591371e-04 -1.007637901105109e+00
29 8 -1.000295501714511e+00 -1.917586956994296e-03 -8.871864163906402e-04 -1.007632191888010e+00
29 9 -1.000296180050760e+00 -1.919092452050969e-03 -8.865987398940318e-04 -1.007626834829429e+00
29 10 -1.000296818491418e+00 -1.920445430990949e-03 -8.862009089362468e-04 -1.007621878466532e+00
29 11 -1.000297411773769e+00 -1.921634030536484e-03 -8.859883391215039e-04 -1.007617368189471e+00
29 12 -1.000297954847682e+00 -1.922648055250354e-03 -8.859535385291634e-04 -1.007613345474395e+00
29 13 -1.000298442940109e+00 -1.923479155602286e-03 -8.860864605902891e-04 -1.007609847157527e+00
29 14 -1.000298871609965e+00 -1.924120964758996e-03 -8.863748477513996e-04 -1.007606904853413e+00
29 15 -1.000299236788602e+00 -1.924569177980772e-03 -8.868045554583433e-04 -1.007604544570516e+00
29 16 -1.000299534809207e+00 -1.924821568738510e-03 -8.873598760498610e-04 -1.007602786523591e+00
29 17 -1.000299762432632e+00 -1.924877941323283e-03 -8.880239069308831e-04 -1.007601645110116e+00
29 18 -1.000299916876855e+00 -1.924740023121075e-03 -8.887790085232740e-04 -1.007601129009112e+00
29 19 -1.000299995854877e+00 -1.924411305179184e-03 -8.896073714583454e-04 -1.007601241360781e+00
29 20 -1.000299997622978e+00 -1.923896847592725e-03 -8.904916719888891e-04 -1.007601979985336e+00
29 21 -1.000299921038307e+00 -1.923203073820627e-03 -8.914157561068219e-04 -1.007603337599265e+00
29 22 -1.000299765622529e+00 -1.922337582724523e-03 -8.923652685164342e-04 -1.007605301987992e+00
29 23 -1.000299531627832e+00 -1.921309005777647e-03 -8.933281422603333e-04 -1.007607856099309e+00
29 24 -1.000299220101384e+00 -1.920126925090757e-03 -8.942948941402991e-04 -1.007610978044092e+00
29 25 -1.000298832942283e+00 -1.918801845689716e-03 -8.952587212614336e-04 -1.007614641035593e+00
29 26 -1.000298372941524e+00 -1.917345192970452e-03 -8.962154396059824e-04 -1.007618813347076e+00
29 27 -1.000297843794326e+00 -1.915769297622203e-03 -8.971633224022323e-04 -1.007623458384836e+00
29 28 -1.000297250077930e+00 -1.914087340597892e-03 -8.981028814563580e-04 -1.007628534943782e+00
29 29 -1.000296597194964e+00 -1.912313252190668e-03 -8.990366051229190e-04 -1.007633997653081e+00
29 30 -1.000295891289519e+00 -1.910461580841534e-03 -8.999686392784542e-04 -1.007639797558707e+00
29 31 -1.000295139148168e+00 -1.908547362235127e-03 -9.009043806788059e-04 -1.007645882746677e+00
29 32 -1.000294348100104e+00 -1.906586022845146e-03 -9.018499512063436e-04 -1.007652198899297e+00
29 33 -1.000293525927588e+00 -1.904593339629446e-03 -9.028115431891326e-04 -1.007658689710499e+00
29 34 -1.000292680789753e+00 -1.902585451147877e-03 -9.037946668131408e-04 -1.007665297160258e+00
29 35 -1.000291821153740e+00 -1.900578889026359e-03 -9.048033710245469e-04 -1.007671961722461e+00
29 36 -1.000290955723040e+00 -1.898590589010807e-03 -9.058395266001444e-04 -1.007678622608612e+00
29 37 -1.000290093355660e+00 -1.896637852004598e-03 -9.069022475031255e-04 -1.007685218119625e+00
29 38 -1.000289242971100e+00 -1.894738247597161e-03 -9.079874947340057e-04 -1.007691686118384e+00
29 39 -1.000288413450932e+00 -1.892909473608112e-03 -9.090878697007257e-04 -1.007697964580780e+00
29 40 -1.000287613541023e+00 -1.891169198456474e-03 -9.101925720691722e-04 -1.007703992150544e+00
29 41 -1.000286851763268e+00 -1.889534914325470e-03 -9.112874811186852e-04 -1.007709708624870e+00
29 42 -1.000286136339838e+00 -1.888023814409030e-03 -9.123553305794643e-04 -1.007715055343831e+00
29 43 -1.000285475124569e+00 -1.886652680978373e-03 -9.133759825702538e-04 -1.007719975534507e+00
29 44 -1.000284875529130e+00 -1.885437747773739e-03 -9.143268445241733e-04 -1.007724414725538e+00
29 45 -1.000284344431419e+00 -1.884394496051727e-03 -9.151834859784596e-04 -1.007728321353863e+00
29 46 -1.000283888060436e+00 -1.883537360778277e-03 -9.159204882272663e-04 -1.007731647629419e+00
29 47 -1.000283511861165e+00 -1.882879350593677e-03 -9.165125102144721e-04 -1.007734350641871e+00
29 48 -1.000283220350041e+00 -1.882431609492703e-03 -9.169355000932662e-04 -1.007736393623985e+00
29 49 -1.000283016975121e+00 -1.882202963691266e-03 -9.171679420148834e-04 -1.007737747243592e+00
29 50 -1.000282903995870e+00 -1.882199502547993e-03 -9.171920140619096e-04 -1.007738390781219e+00
29 51 -1.000282882395901e+00 -1.882424237330700e-03 -9.169945511585351e-04 -1.007738313064016e+00
29 52 -1.000282951838458e+00 -1.882876868391378e-03 -9.165677499733974e-04 -1.007737513063430e+00
29 53 -1.000283110670208e+00 -1.883553676477545e-03 -9.159096015453472e-04 -1.007736000106684e+00
29 54 -1.000283355975433e+00 -1.884447543717828e-03 -9.150240691708541e-04 -1.007733793683867e+00
29 55 -1.000283683679772e+00 -1.885548104249270e-03 -9.139210354462962e-04 -1.007730922854561e+00
29 56 -1.000284088698580e+00 -1.886842017702483e-03 -9.126160337716478e-04 -1.007727425287041e+00
29 57 -1.000284565118640e+00 -1.888313346183655e-03 -9.111297736397567e-04 -1.007723346009690e+00
29 58 -1.000285106395166e+00 -1.889943999452107e-03 -9.094874744513671e-04 -1.007718736006184e+00
29 59 -1.000285705542803e+00 -1.891714202436512e-03 -9.077180358145686e-04 -1.007713650813794e+00
29 60 -1.000286355302808e+00 -1.893602942120117e-03 -9.058530858097294e-04 -1.007708149263662e+00
29 61 -1.000287048278158e+00 -1.895588367196879e-03 -9.039259587862168e-04 -1.007702292436874e+00
29 62 -1.000287777038690e+00 -1.897648134876252e-03 -9.019706599679621e-04 -1.007696142833081e+00
29 63 -1.000288534204441e+00 -1.899759713985153e-03 -9.000208734445820e-04 -1.007689763697103e+00
30 0 -1.000288986767120e+00 -1.902543011012609e-03 -8.928013582659598e-04 -1.007683469432204e+00
30 1 -1.000289780608917e+00 -1.904688229153845e-03 -8.909890628451327e-04 -1.007676810189789e+00
30 2 -1.000290583238877e+00 -1.906823521207679e-03 -8.892686017992064e-04 -1.007670096868525e+00
30 3 -1.000291388068892e+00 -1.908928126660228e-03 -8.876642825263088e-04 -1.007663390623927e+00
30 4 -1.000292188766258e+00 -1.910982131372110e-03 -8.861969728767708e-04 -1.007656751234993e+00
30 5 -1.000292979232905e+00 -1.912966554128822e-03 -8.848838811651026e-04 -1.007650236975231e+00
30 6 -1.000293753560646e+00 -1.914863386425655e-03 -8.837384402714428e-04 -1.007643904605657e+00
30 7 -1.000294505976930e+00 -1.916655613095665e-03 -8.827702789357756e-04 -1.007637809394398e+00
30 8 -1.000295230799340e+00 -1.918327247833164e-03 -8.819852712792114e-04 -1.007632005044106e+00
30 9 -1.000295922414491e+00 -1.919863410304699e-03 -8.813856633566462e-04 -1.007626543432711e+00
30 10 -1.000296575289838e+00 -1.921250455828793e-03 -8.809702776983457e-04 -1.007621474128753e+00
30 11 -1.000297184017203e+00 -1.922476150222556e-03 -8.807347897562667e-04 -1.007616843711839e+00
30 12 -1.000297743377039e+00 -1.923529866045428e-03 -8.806720561635187e-04 -1.007612694993363e+00
30 13 -1.000298248407120e+00 -1.924402767985971e-03 -8.807724631008270e-04 -1.007609066266331e+00
30 14 -1.000298694461894e+00 -1.925087958587801e-03 -8.810242650393043e-04 -1.007605990695929e+00
30 15 -1.000299077257208e+00 -1.925580567534751e-03 -8.814139032437051e-04 -1.007603495906205e+00
30 16 -1.000299392903631e+00 -1.925877779442743e-03 -8.819263209925817e-04 -1.007601603760538e+00
30 17 -1.000299637935897e+00 -1.925978801096557e-03 -8.825453134959414e-04 -1.007600330302316e+00
30 18 -1.000299809346110e+00 -1.925884771583957e-03 -8.832539539459466e-04 -1.007599685814791e+00
30 19 -1.000299904626490e+00 -1.925598622639771e-03 -8.840351203537538e-04 -1.007599674959067e+00
30 20 -1.000299921824072e+00 -1.925124903107435e-03 -8.848721143673932e-04 -1.007600296949914e+00
30 21 -1.000299859605547e+00 -1.924469588851735e-03 -8.857493222812916e-04 -1.007601545731642e+00
30 22 -1.000299717327497e+00 -1.923639904826462e-03 -8.866528364373212e-04 -1.007603410119818e+00
30 23 -1.000299495106844e+00 -1.922644185351454e-03 -8.875709507235430e-04 -1.007605873880151e+00
30 24 -1.000299193886979e+00 -1.921491788008938e-03 -8.884944729556930e-04 -1.007608915733581e+00
30 25 -1.000298815493894e+00 -1.920193056929475e-03 -8.894168445536680e-04 -1.007612509313398e+00
30 26 -1.000298362673951e+00 -1.918759311194787e-03 -8.903340986914891e-04 -1.007616623142804e+00
30 27 -1.000297839103864e+00 -1.917202824329237e-03 -8.912447059081579e-04 -1.007621220722297e+00
30 28 -1.000297249366210e+00 -1.915536766230620e-03 -8.921493510642832e-04 -1.007626260798142e+00
30 29 -1.000296598889769e+00 -1.913775096767676e-03 -8.930506648139269e-04 -1.007631697830775e+00
30 30 -1.000295893861132e+00 -1.911932423774463e-03 -8.939529041901768e-04 -1.007637482615068e+00
30 31 -1.000295141120222e+00 -1.910023857836028e-03 -8.948615523096746e-04 -1.007643562949524e+00
30 32 -1.000294348054882e+00 -1.908064901526887e-03 -8.957828027942254e-04 -1.007649884236551e+00
30 33 -1.000293522506315e+00 -1.906071396530017e-03 -8.967229181620132e-04 -1.007656389934701e+00
30 34 -1.000292672688935e+00 -1.904059525344182e-03 -8.976874918291084e-04 -1.007663021858081e+00
30 35 -1.000291807119814e+00 -1.902045840362604e-03 -8.986806785032881e-04 -1.007669720386574e+00
30 36 -1.000290934548842e+00 -1.900047283241259e-03 -8.997044736309795e-04 -1.007676424680398e+00
30 37 -1.000290063881708e+00 -1.898081162691667e-03 -9.007581183213687e-04 -1.007683072979584e+00
30 38 -1.000289204092081e+00 -1.896165074878907e-03 -9.018376844653598e-04 -1.007689603025464e+00
30 39 -1.000288364125207e+00 -1.894316772727185e-03 -9.029358580437055e-04 -1.007695952581804e+00
30 40 -1.000287552800649e+00 -1.892554010478475e-03 -9.040418980994635e-04 -1.007702059981039e+00
30 41 -1.000286778723287e+00 -1.890894395343726e-03 -9.051417265043275e-04 -1.007707864610911e+00
30 42 -1.000286050206500e+00 -1.889355262188088e-03 -9.062181148572851e-04 -1.007713307307032e+00
30 43 -1.000285375202218e+00 -1.887953558793218e-03 -9.072509709228808e-04 -1.007718330700762e+00
30 44 -1.000284761225950e+00 -1.886705707309719e-03 -9.082177614994749e-04 -1.007722879633094e+00
30 45 -1.000284215265423e+00 -1.885627404414823e-03 -9.090941200150250e-04 -1.007726901748326e+00
30 46 -1.000283743667517e+00 -1.884733336493223e-03 -9.098546707815126e-04 -1.007730348334656e+00
30 47 -1.000283352005621e+00 -1.884036808251013e-03 -9.104740634565411e-04 -1.007733175410964e+00
30 48 -1.000283044935924e+00 -1.883549306980815e-03 -9.109281604463647e-04 -1.007735344990200e+00
30 49 -1.000282826056136e+00 -1.883280044855394e-03 -9.111952729296365e-04 -1.007736826392997e+00
30 50 -1.000282697782451e+00 -1.883235531088240e-03 -9.112573196160622e-04 -1.007737597458654e+00
30 51 -1.000282661258881e+00 -1.883419220323989e-03 -9.111007988581161e-04 -1.007737645516305e+00
30 52 -1.000282716308441e+00 -1.883831267964444e-03 -9.107175092679060e-04 -1.007736968024122e+00
30 53 -1.000282861431297e+00 -1.884468407948496e-03 -9.101050008014345e-04 -1.007735572828387e+00
30 54 -1.000283093852798e+00 -1.885323960138004e-03 -9.092667672134627e-04 -1.007733478019488e+00
30 55 -1.000283409622456e+00 -1.886387969961090e-03 -9.082121996315362e-04 -1.007730711379226e+00
30 56 -1.000283803760429e+00 -1.887647475173931e-03 -9.069563193243472e-04 -1.007727309445400e+00
30 57 -1.000284270440271e+00 -1.889086880355563e-03 -9.055193051840861e-04 -1.007723316272101e+00
30 58 -1.000284803189013e+00 -1.890688403175752e-03 -9.039258333468272e-04 -1.007718782019477e+00
30 59 -1.000285395082472e+00 -1.892432546086932e-03 -9.022042548336988e-04 -1.007713761534606e+00
30 60 -1.000286038917296e+00 -1.894298549567520e-03 -9.003856505878542e-04 -1.007708313066030e+00
30 61 -1.000286727350085e+00 -1.896264797937633e-03 -8.985028160855982e-04 -1.007702497194475e+00
30 62 -1.000287453003820e+00 -1.898309168560108e-03 -8.965892334331758e-04 -1.007696375989477e+00
30 63 -1.000288208548737e+00 -1.900409331120379e-03 -8.946780856090746e-04 -1.007690012346024e+00
31 0 -1.000288585202452e+00 -1.903095645789587e-03 -8.878116105690355e-04 -1.007683941466854e+00
31 1 -1.000289379388758e+00 -1.905235197652879e-03 -8.860313013045392e-04 -1.007677279249644e+00
31 2 -1.000290183961135e+00 -1.907369277498531e-03 -8.843383588317007e-04 -1.007670549389928e+00
31 3 -1.000290992335908e+00 -1.909477179165785e-03 -8.827566946895096e-04 -1.007663813213181e+00
31 4 -1.000291798171278e+00 -1.911538995381685e-03 -8.813068241010100e-04 -1.007657130806185e+00
31 5 -1.000292595348391e+00 -1.913535706934734e-03 -8.800056565432794e-04 -1.007650560867193e+00
31 6 -1.000293377928234e+00 -1.915449226195666e-03 -8.788663947293905e-04 -1.007644160674682e+00
31 7 -1.000294140096316e+00 -1.917262417746899e-03 -8.778985222768594e-04 -1.007637986097703e+00
31 8 -1.000294876112789e+00 -1.918959128073579e-03 -8.771078658844906e-04 -1.007632091537459e+00
31 9 -1.000295580285903e+00 -1.920524254302095e-03 -8.764967272257911e-04 -1.007626529694210e+00
31 10 -1.000296246980085e+00 -1.921943868080575e-03 -8.760640859647755e-04 -1.007621351102209e+00
31 11 -1.000296870658415e+00 -1.923205389347440e-03 -8.758058705291228e-04 -1.007616603454996e+00
31 12 -1.000297445947999e+00 -1.924297785228860e-03 -8.757152790207615e-04 -1.007612330819153e+00
31 13 -1.000297967711534e+00 -1.925211760657480e-03 -8.757831208572824e-04 -1.007608572868422e+00
31 14 -1.000298431111059e+00 -1.925939911731610e-03 -8.759981516843652e-04 -1.007605364249667e+00
31 15 -1.000298831657509e+00 -1.926476824675088e-03 -8.763473902401071e-04 -1.007602734138468e+00
31 16 -1.000299165247827e+00 -1.926819114604147e-03 -8.768164280460926e-04 -1.007600705988525e+00
31 17 -1.000299428196862e+00 -1.926965405174411e-03 -8.773897623309163e-04 -1.007599297444346e+00
31 18 -1.000299617273206e+00 -1.926916253599588e-03 -8.780511919943385e-04 -1.007598520371830e+00
31 19 -1.000299729746256e+00 -1.926674028552872e-03 -8.787843074353739e-04 -1.007598380960233e+00
31 20 -1.000299763446970e+00 -1.926242753201797e-03 -8.795730737173476e-04 -1.007598879856057e+00
31 21 -1.000299716839547e+00 -1.925627931949501e-03 -8.804024629305322e-04 -1.007600012297859e+00
31 22 -1.000299589098153e+00 -1.924836384659685e-03 -8.812590584880829e-04 -1.007601768225562e+00
31 23 -1.000299380182585e+00 -1.923876111970726e-03 -8.821315499393675e-04 -1.007604132341476e+00
31 24 -1.000299090907347e+00 -1.922756206671044e-03 -8.830110614484169e-04 -1.007607084113781e+00
31 25 -1.000298722998188e+00 -1.921486809906151e-03 -8.838912953986010e-04 -1.007610597743651e+00
31 26 -1.000298279128658e+00 -1.920079092692967e-03 -8.847685091987397e-04 -1.007614642155619e+00
31 27 -1.000297762928475e+00 -1.918545231007265e-03 -8.856413681937132e-04 -1.007619181095814e+00
31 28 -1.000297178957321e+00 -1.916898343972588e-03 -8.865107226787781e-04 -1.007624173412905e+00
31 29 -1.000296532642750e+00 -1.915152381467610e-03 -8.873793385731345e-04 -1.007629573547027e+00
31 30 -1.000295830188306e+00 -1.913321973073862e-03 -8.882515784302065e-04 -1.007635332180483e+00
31 31 -1.000295078464632e+00 -1.911422271297053e-03 -8.891330035757424e-04 -1.007641396945364e+00
31 32 -1.000294284898973e+00 -1.909468826817066e-03 -8.900298667009458e-04 -1.007647713068112e+00
31 33 -1.000293457375248e+00 -1.907477520461410e-03 -8.909484864452502e-04 -1.007654223865982e+00
31 34 -1.000292604149575e+00 -1.905464553546693e-03 -8.918945275591149e-04 -1.007660871076113e+00
31 35 -1.000291733778347e+00 -1.903446475498661e-03 -8.928722402427859e-04 -1.007667595065021e+00
31 36 -1.000290855050622e+00 -1.901440212927316e-03 -8.938837341230042e-04 -1.007674335010479e+00
31 37 -1.000289976915399e+00 -1.899463062996720e-03 -8.949283684394928e-04 -1.007681029152607e+00
31 38 -1.000289108397887e+00 -1.897532628583102e-03 -8.960023214763966e-04 -1.007687615170452e+00
31 39 -1.000288258505913e+00 -1.895666698386991e-03 -8.970983616693009e-04 -1.007694030670235e+00
31 40 -1.000287436134122e+00 -1.893883097765343e-03 -8.982058002970474e-04 -1.007700213711717e+00
31 41 -1.000286649974839e+00 -1.892199541123531e-03 -8.993105849277160e-04 -1.007706103290178e+00
31 42 -1.000285908439174e+00 -1.890633501592452e-03 -9.003955015173503e-04 -1.007711639739852e+00
31 43 -1.000285219583980e+00 -1.889202089335360e-03 -9.014404801713969e-04 -1.007716765097567e+00
31 44 -1.000284591034948e+00 -1.887921910444427e-03 -9.024230281478189e-04 -1.007721423519818e+00
31 45 -1.000284029895792e+00 -1.886808871880119e-03 -9.033188304828406e-04 -1.007725561859985e+00
31 46 -1.000283542637325e+00 -1.885877905451389e-03 -9.041025535296889e-04 -1.007729130484052e+00
31 47 -1.000283134966507e+00 -1.885142603587766e-03 -9.047488539155994e-04 -1.007732084341426e+00
31 48 -1.000282811683106e+00 -1.884614786396239e-03 -9.052335422799090e-04 -1.007734384228245e+00
31 49 -1.000282576537928e+00 -1.884304042974290e-03 -9.055348011865995e-04 -1.007735998112928e+00
31 50 -1.000282432108772e+00 -1.884217299472590e-03 -9.056343354128929e-04 -1.007736902367456e+00
31 51 -1.000282379707451e+00 -1.884358459541916e-03 -9.055183483937555e-04 -1.007737082769475e+00
31 52 -1.000282419326500e+00 -1.884728147617716e-03 -9.051782773557130e-04 -1.007736535185072e+00
31 53 -1.000282549631186e+00 -1.885323572478709e-03 -9.046112607393624e-04 -1.007735265878964e+00
31 54 -1.000282768001431e+00 -1.886138521206081e-03 -9.038203415782084e-04 -1.007733291419677e+00
31 55 -1.000283070626158e+00 -1.887163487834822e-03 -9.028144261477434e-04 -1.007730638168014e+00
31 56 -1.000283452646904e+00 -1.888385931283103e-03 -9.016080203150207e-04 -1.007727341374669e+00
31 57 -1.000283908339369e+00 -1.889790642857009e-03 -9.002207622375817e-04 -1.007723443965416e+00
31 58 -1.000284431314489e+00 -1.891360188817020e-03 -8.986767685016993e-04 -1.007718995141983e+00
31 59 -1.000285014717552e+00 -1.893075383812019e-03 -8.970038186185013e-04 -1.007714048953067e+00
31 60 -1.000285651405995e+00 -1.894915750839918e-03 -8.952324180749997e-04 -1.007708662980708e+00
31 61 -1.000286334093457e+00 -1.896859934197765e-03 -8.933947931374724e-04 -1.007702897241328e+00
31 62 -1.000287055457663e+00 -1.898886050812601e-03 -8.915238738634403e-04 -1.007696813330175e+00
31 63 -1.000287808219148e+00 -1.900971985253752e-03 -8.896523167215123e-04 -1.007690473767699e+00
32 0 -1.000288111396957e+00 -1.903554157668971e-03 -8.831906839246803e-04 -1.007684625374697e+00
32 1 -1.000288904866227e+00 -1.905685496333313e-03 -8.814427494251791e-04 -1.007677967864487e+00
32 2 -1.000289710336409e+00 -1.907815862812770e-03 -8.797777021657426e-04 -1.007671228883242e+00
32 3 -1.000290521230148e+00 -1.909924614998878e-03 -8.782190521989796e-04 -1.007664469912076e+00
32 4 -1.000291331199820e+00 -1.911991862425120e-03 -8.767869587511422e-04 -1.007657751328874e+00
32 5 -1.000292134111482e+00 -1.913998560056326e-03 -8.754980307026704e-04 -1.007651132230351e+00
32 6 -1.000292924003317e+00 -1.915926555819529e-03 -8.743652393261858e-04 -1.007644670376286e+00
32 7 -1.000293695028655e+00 -1.917758610128350e-03 -8.733979206502888e-04 -1.007638422195173e+00
32 8 -1.000294441401867e+00 -1.919478419614619e-03 -8.726018500165064e-04 -1.007632442739859e+00
32 9 -1.000295157366998e+00 -1.921070678872859e-03 -8.719793811143499e-04 -1.007626785474718e+00
32 10 -1.000295837201725e+00 -1.922521199223689e-03 -8.715296488161796e-04 -1.007621501828076e+00
32 11 -1.000296475257001e+00 -1.923817079909865e-03 -8.712488327136532e-04 -1.007616640529680e+00
32 12 -1.000297066021896e+00 -1.924946907538444e-03 -8.711304676367668e-04 -1.007612246826812e+00
32 13 -1.000297604197821e+00 -1.925900951519865e-03 -8.711657774838590e-04 -1.007608361704072e+00
32 14 -1.000298084767323e+00 -1.926671326172544e-03 -8.713440076881166e-04 -1.007605021219435e+00
32 15 -1.000298503048572e+00 -1.927252099778806e-03 -8.716527417797529e-04 -1.007602256026689e+00
32 16 -1.000298854735499e+00 -1.927639342710796e-03 -8.720782062605221e-04 -1.007600091099496e+00
32 17 -1.000299135931414e+00 -1.927831116544244e-03 -8.726055895660529e-04 -1.007598545624708e+00
32 18 -1.000299343187097e+00 -1.927827411146656e-03 -8.732194144807630e-04 -1.007597633009483e+00
32 19 -1.000299473551617e+00 -1.927630038270033e-03 -8.739039965407149e-04 -1.007597360950578e+00
32 20 -1.000299524638078e+00 -1.927242492240387e-03 -8.746439908656933e-04 -1.007597731530535e+00
32 21 -1.000299494701057e+00 -1.926669793138636e-03 -8.754249898819304e-04 -1.007598741316861e+00
32 22 -1.000299382719511e+00 -1.925918333134796e-03 -8.762341048857859e-04 -1.007600381442278e+00
32 23 -1.000299188478164e+00 -1.924995747725031e-03 -8.770604572280427e-04 -1.007602637645782e+00
32 24 -1.000298912640527e+00 -1.923910827106783e-03 -8.778955195479734e-04 -1.007605490267062e+00
32 25 -1.000298556806943e+00 -1.922673468622046e-03 -8.787332781051104e-04 -1.007608914214912e+00
32 26 -1.000298123550836e+00 -1.921294653257467e-03 -8.795702254729545e-04 -1.007612878965558e+00
32 27 -1.000297616426147e+00 -1.919786416026357e-03 -8.804052241347894e-04 -1.007617348670531e+00
32 28 -1.000297039940207e+00 -1.918161780314576e-03 -8.812392893519868e-04 -1.007622282446374e+00
32 29 -1.000296399490509e+00 -1.916434641989649e-03 -8.820753204406761e-04 -1.007627634873842e+00
32 30 -1.000295701270759e+00 -1.914619612911392e-03 -8.829177790216426e-04 -1.007633356667989e+00
32 31 -1.000294952158388e+00 -1.912731853664304e-03 -8.837722920590514e-04 -1.007639395421366e+00
32 32 -1.000294159598990e+00 -1.910786932957446e-03 -8.846451555044339e-04 -1.007645696297542e+00
32 33 -1.000293331501124e+00 -1.908800743207561e-03 -8.855427277528557e-04 -1.007652202574089e+00
32 34 -1.000292476148163e+00 -1.906789480755029e-03 -8.864707267043199e-04 -1.007658855997378e+00
32 35 -1.000291602125355e+00 -1.904769672771955e-03 -8.874334766601666e-04 -1.007665596989956e+00
32 36 -1.000290718253577e+00 -1.902758213317892e-03 -8.884331805212300e-04 -1.007672364808275e+00
32 37 -1.000289833519537e+00 -1.900772368574225e-03 -8.894693012600251e-04 -1.007679097755691e+00
32 38 -1.000288956995883e+00 -1.898829727014754e-03 -8.905381162863108e-04 -1.007685733512661e+00
32 39 -1.000288097751425e+00 -1.896948094593454e-03 -8.916324701623347e-04 -1.007692209579979e+00
32 40 -1.000287264757464e+00 -1.895145354949623e-03 -8.927417150958466e-04 -1.007698463777660e+00
32 41 -1.000286466797755e+00 -1.893439321415517e-03 -8.938518077646449e-04 -1.007704434726937e+00
32 42 -1.000285712386302e+00 -1.891847599242927e-03 -8.949455289009658e-04 -1.007710062272165e+00
32 43 -1.000285009690922e+00 -1.890387456849598e-03 -8.960028085523831e-04 -1.007715287860093e+00
32 44 -1.000284366454713e+00 -1.889075683101141e-03 -8.970011693867076e-04 -1.007720054956666e+00
32 45 -1.000283789905299e+00 -1.887928395370097e-03 -8.979163257732178e-04 -1.007724309611974e+00
32 46 -1.000283286644476e+00 -1.886960768370184e-03 -8.987229759954063e-04 -1.007728001261958e+00
32 47 -1.000282862517897e+00 -1.886186675196023e-03 -8.993957912209719e-04 -1.007731083788018e+00
32 48 -1.000282522472681e+00 -1.885618259614241e-03 -8.999105530459884e-04 -1.007733516772613e+00
32 49 -1.000282270416624e+00 -1.885265480454458e-03 -9.002453472302306e-04 -1.007735266825030e+00
32 50 -1.000282109093937e+00 -1.885135677596713e-03 -9.003817019160001e-04 -1.007736308828085e+00
32 51 -1.000282039989811e+00 -1.885233204476328e-03 -9.003055668343054e-04 -1.007736626972621e+00
32 52 -1.000282063272746e+00 -1.885559159939449e-03 -9.000080592857054e-04 -1.007736215483074e+00
32 53 -1.000282177781442e+00 -1.886111239820788e-03 -8.994859421400965e-04 -1.007735078972424e+00
32 54 -1.000282381061666e+00 -1.886883719407691e-03 -8.987418348023471e-04 -1.007733232390882e+00
32 55 -1.000282669455646e+00 -1.887867570450105e-03 -8.977841780554073e-04 -1.007730700558348e+00
32 56 -1.000283038241008e+00 -1.889050707070945e-03 -8.966269760707118e-04 -1.007727517306627e+00
32 57 -1.000283481809182e+00 -1.890418342645179e-03 -8.952893336157796e-04 -1.007723724302684e+00
32 58 -1.000283993866565e+00 -1.891953426376584e-03 -8.937948063573588e-04 -1.007719369668924e+00
32 59 -1.000284567637338e+00 -1.893637117364269e-03 -8.921705918730390e-04 -1.007714506548226e+00
32 60 -1.000285196046712e+00 -1.895449249956808e-03 -8.904466031218308e-04 -1.007709191766508e+00
32 61 -1.000285871869327e+00 -1.897368751962476e-03 -8.886544761310474e-04 -1.007703484709894e+00
32 62 -1.000286587838772e+00 -1.899373997284516e-03 -8.868265655676466e-04 -1.007697446458275e+00
32 63 -1.000287336725656e+00 -1.901443098323882e-03 -8.849949777238451e-04 -1.007691139133557e+00
33 0 -1.000287569369086e+00 -1.903915024780573e-03 -8.789849383464471e-04 -1.007685510998131e+00
33 1 -1.000288361115358e+00 -1.906035755598003e-03 -8.772692617031906e-04 -1.007678865628102e+00
33 2 -1.000289166486277e+00 -1.908160024454752e-03 -8.756320125938625e-04 -1.007672124793583e+00
33 3 -1.000289978911509e+00 -1.910267262060583e-03 -8.740962950001677e-04 -1.007665350117938e+00
33 4 -1.000290792040288e+00 -1.912337605834015e-03 -8.726819107432741e-04 -1.007658602247708e+00
33 5 -1.000291599728063e+00 -1.914351998205727e-03 -8.714051688579420e-04 -1.007651940647386e+00
33 6 -1.000292395995961e+00 -1.916292236406908e-03 -8.702788106529614e-04 -1.007645423525135e+00
33 7 -1.000293174972749e+00 -1.918140991035748e-03 -8.693120256527663e-04 -1.007639107832350e+00
33 8 -1.000293930837894e+00 -1.919881826348975e-03 -8.685105386956985e-04 -1.007633049223914e+00
33 9 -1.000294657785532e+00 -1.921499256459110e-03 -8.678767569096761e-04 -1.007627301861036e+00
33 10 -1.000295350022632e+00 -1.922978857185316e-03 -8.674099721238814e-04 -1.007621917988848e+00
33 11 -1.000296001803946e+00 -1.924307431876282e-03 -8.671066156193025e-04 -1.007616947297027e+00
33 12 -1.000296607495766e+00 -1.925473210799922e-03 -8.669605567926585e-04 -1.007612436140660e+00
33 13 -1.000297161653066e+00 -1.926466052831252e-03 -8.669634283203692e-04 -1.007608426740927e+00
33 14 -1.000297659093048e+00 -1.927277617162758e-03 -8.671049548808894e-04 -1.007604956489431e+00
33 15 -1.000298094953809e+00 -1.927901481598589e-03 -8.673732679684485e-04 -1.007602057441641e+00
33 16 -1.000298464737348e+00 -1.928333198516554e-03 -8.677552073682894e-04 -1.007599756019711e+00
33 17 -1.000298764345335e+00 -1.928570292107787e-03 -8.682366322165676e-04 -1.007598072887036e+00
33 18 -1.000298990119312e+00 -1.928612205895309e-03 -8.688027772877974e-04 -1.007597022933561e+00
33 19 -1.000299138893927e+00 -1.928460209614637e-03 -8.694386836290591e-04 -1.007596615319655e+00
33 20 -1.000299208066083e+00 -1.928117274936039e-03 -8.701297083480671e-04 -1.007596853544843e+00
33 21 -1.000299195677279e+00 -1.927587933219870e-03 -8.708620862330136e-04 -1.007597735518473e+00
33 22 -1.000299100502609e+00 -1.926878133579307e-03 -8.716234875319157e-04 -1.007599253612240e+00
33 23 -1.000298922138017e+00 -1.925995121397192e-03 -8.724035016407216e-04 -1.007601394678618e+00
33 24 -1.000298661077536e+00 -1.924947352091821e-03 -8.731939833574113e-04 -1.007604140032521e+00
33 25 -1.000298318773442e+00 -1.923744441645476e-03 -8.739892275926514e-04 -1.007607465418146e+00
33 26 -1.000297897673088e+00 -1.922397138682368e-03 -8.747859781535507e-04 -1.007611341012434e+00
33 27 -1.000297401226443e+00 -1.920917290910358e-03 -8.755833061365297e-04 -1.007615731536889e+00
33 28 -1.000296833859224e+00 -1.919317778231518e-03 -8.763823998471559e-04 -1.007620596545931e+00
33 29 -1.000296200909843e+00 -1.917612396854436e-03 -8.771862938991297e-04 -1.007625890925665e+00
33 30 -1.000295508534502e+00 -1.915815699206679e-03 -8.779995433497716e-04 -1.007631565577398e+00
33 31 -1.000294763591854e+00 -1.913942816107712e-03 -8.788278301394722e-04 -1.007637568194578e+00
33 32 -1.000293973523181e+00 -1.912009300833753e-03 -8.796774795954044e-04 -1.007643844001652e+00
33 33 -1.000293146242885e+00 -1.910031030285007e-03 -8.805548704501150e-04 -1.007650336337597e+00
33 34 -1.000292290047112e+00 -1.908024175627489e-03 -8.814657466875890e-04 -1.007656987035926e+00
33 35 -1.000291413539051e+00 -1.906005225282151e-03 -8.824144757909149e-04 -1.007663736639748e+00
33 36 -1.000290525562767e+00 -1.903991023554366e-03 -8.834033264976021e-04 -1.007670524547228e+00
33 37 -1.000289635135841e+00 -1.901998786638724e-03 -8.844318448552403e-04 -1.007677289188591e+00
33 38 -1.000288751373852e+00 -1.900046070256876e-03 -8.854963908892548e-04 -1.007683968302778e+00
33 39 -1.000287883404814e+00 -1.898150681921772e-03 -8.865898699298813e-04 -1.007690499330765e+00
33 40 -1.000287040277113e+00 -1.896330550005341e-03 -8.877016609943229e-04 -1.007696819889462e+00
33 41 -1.000286230867889e+00 -1.894603574842976e-03 -8.888177165411913e-04 -1.007702868255947e+00
33 42 -1.000285463797685e+00 -1.892987485280780e-03 -8.899207953312204e-04 -1.007708583803157e+00
33 43 -1.000284747351158e+00 -1.891499704813307e-03 -8.909908034553317e-04 -1.007713907389401e+00
33 44 -1.000284089396521e+00 -1.890157205946438e-03 -8.920052509443361e-04 -1.007718781778620e+00
33 45 -1.000283497293312e+00 -1.888976317418801e-03 -8.929398577320496e-04 -1.007723152204119e+00
33 46 -1.000282977781311e+00 -1.887972455248765e-03 -8.937693408977239e-04 -1.007726967163140e+00
33 47 -1.000282536850804e+00 -1.887159769644935e-03 -8.944683843819482e-04 -1.007730179462578e+00
33 48 -1.000282179601724e+00 -1.886550724264860e-03 -8.950127492368213e-04 -1.007732747461236e+00
33 49 -1.000281910103945e+00 -1.886155644075027e-03 -8.953804438921342e-04 -1.007734636395079e+00
33 50 -1.000281731272383e+00 -1.885982278855714e-03 -8.955528505013506e-04 -1.007735819641799e+00
33 51 -1.000281644769267e+00 -1.886035428721574e-03 -8.955157028595412e-04 -1.007736279786031e+00
33 52 -1.000281650943365e+00 -1.886316667303319e-03 -8.952598366380187e-04 -1.007736009379848e+00
33 53 -1.000281748813254e+00 -1.886824183989751e-03 -8.947816741933856e-04 -1.007735011334312e+00
33 54 -1.000281936099550e+00 -1.887552755497923e-03 -8.940834438186450e-04 -1.007733298910094e+00
33 55 -1.000282209308478e+00 -1.888493849866717e-03 -8.931731520254078e-04 -1.007730895299207e+00
33 56 -1.000282563865043e+00 -1.889635858709316e-03 -8.920643293636699e-04 -1.007727832818194e+00
33 57 -1.000282994287836e+00 -1.890964442809221e-03 -8.907755684298821e-04 -1.007724151772608e+00
33 58 -1.000283494390013e+00 -1.892462962248998e-03 -8.893298763401098e-04 -1.007719899099316e+00
33 59 -1.000284057484762e+00 -1.894112949064948e-03 -8.877538728865819e-04 -1.007715126933568e+00
33 60 -1.000284676572396e+00 -1.895894574405942e-03 -8.860768755785012e-04 -1.007709891260322e+00
33 61 -1.000285344492456e+00 -1.897787069581582e-03 -8.843299205211404e-04 -1.007704250774957e+00
33 62 -1.000286054036002e+00 -1.899769080972809e-03 -8.825447713071546e-04 -1.007698266001142e+00
33 63 -1.000286798024745e+00 -1.901818962646246e-03 -8.807529652316037e-04 -1.007691998629988e+00
34 0 -1.000286963563962e+00 -1.904175593810234e-03 -8.752357256299653e-04 -1.007686587436108e+00
34 1 -1.000287752630110e+00 -1.906283481017306e-03 -8.735517024053005e-04 -1.007679961400963e+00
34 2 -1.000288556945606e+00 -1.908399388869832e-03 -8.719417014223564e-04 -1.007673225850245e+00
34 3 -1.000289369947945e+00 -1.910502831028598e-03 -8.704284183476256e-04 -1.007666442528078e+00
34 4 -1.000290185284870e+00 -1.912573984235802e-03 -8.690312991943704e-04 -1.007659672323849e+00
34 5 -1.000290996803420e+00 -1.914593789985324e-03 -8.677663564072366e-04 -1.007652975043807e+00
34 6 -1.000291798511265e+00 -1.916544006953581e-03 -8.666461045490649e-04 -1.007646409315935e+00
34 7 -1.000292584519332e+00 -1.918407231151367e-03 -8.656795896325957e-04 -1.007640032573547e+00
34 8 -1.000293348982738e+00 -1.920166914589944e-03 -8.648724890324735e-04 -1.007633901014117e+00
34 9 -1.000294086059145e+00 -1.921807414822962e-03 -8.642272659803452e-04 -1.007628069422767e+00
34 10 -1.000294789899768e+00 -1.923314097496636e-03 -8.637433709534914e-04 -1.007622590783839e+00
34 11 -1.000295454679123e+00 -1.924673495971280e-03 -8.634174877031220e-04 -1.007617515667086e+00
34 12 -1.000296074657491e+00 -1.925873511389937e-03 -8.632438197761192e-04 -1.007612891450971e+00
34 13 -1.000296644259951e+00 -1.926903620722828e-03 -8.632144045975151e-04 -1.007608761506048e+00
34 14 -1.000297158153283e+00 -1.927755056881923e-03 -8.633194347478418e-04 -1.007605164474336e+00
34 15 -1.000297611308482e+00 -1.928420935299515e-03 -8.635475697385981e-04 -1.007602133737244e+00
34 16 -1.000297999047479e+00 -1.928896317982286e-03 -8.638862374188516e-04 -1.007599697093370e+00
34 17 -1.000298317081683e+00 -1.929178219079925e-03 -8.643219428091500e-04 -1.007597876610275e+00
34 18 -1.000298561553540e+00 -1.929265561274546e-03 -8.648406126318093e-04 -1.007596688591882e+00
34 19 -1.000298729090743e+00 -1.929159092668942e-03 -8.654280009917079e-04 -1.007596143607631e+00
34 20 -1.000298816877673e+00 -1.928861274182780e-03 -8.660701654959571e-04 -1.007596246543436e+00
34 21 -1.000298822742219e+00 -1.928376150053585e-03 -8.667539959222023e-04 -1.007596996647816e+00
34 22 -1.000298745250490e+00 -1.927709217712550e-03 -8.674677470095298e-04 -1.007598387557026e+00
34 23 -1.000298583799490e+00 -1.926867314612618e-03 -8.682015078606037e-04 -1.007600407291627e+00
34 24 -1.000298338698418e+00 -1.925858535047686e-03 -8.689475458291585e-04 -1.007603038227451e+00
34 25 -1.000298011231428e+00 -1.924692178993087e-03 -8.697004909465694e-04 -1.007606257060916e+00
34 26 -1.000297603696070e+00 -1.923378720964560e-03 -8.704573616207803e-04 -1.007610034812068e+00
34 27 -1.000297119412107e+00 -1.921929775453962e-03 -8.712174571170029e-04 -1.007614336930263e+00
34 28 -1.000296562695901e+00 -1.920358031905546e-03 -8.719821516504233e-04 -1.007619123572300e+00
34 29 -1.000295938798331e+00 -1.918677140226837e-03 -8.727546204959500e-04 -1.007624350096353e+00
34 30 -1.000295253809902e+00 -1.916901547773607e-03 -8.735395124488778e-04 -1.007629967754401e+00
34 31 -1.000294514544102e+00 -1.915046313541845e-03 -8.743425605732141e-04 -1.007635924492244e+00
34 32 -1.000293728415003e+00 -1.913126941006058e-03 -8.751701078753567e-04 -1.007642165720810e+00
34 33 -1.000292903324213e+00 -1.911159266467449e-03 -8.760285302212993e-04 -1.007648634936787e+00
34 34 -1.000292047565680e+00 -1.909159417039381e-03 -8.769235653856254e-04 -1.007655274137587e+00
34 35 -1.000291169748266e+00 -1.907143825319066e-03 -8.778595893946273e-04 -1.007662024055760e+00
34 36 -1.000290278729459e+00 -1.905129269318436e-03 -8.788389039354734e-04 -1.007668824294227e+00
34 37 -1.000289383550768e+00 -1.903132900417920e-03 -8.798611067800413e-04 -1.007675613463586e+00
34 38 -1.000288493366259e+00 -1.901172228036015e-03 -8.809226114326609e-04 -1.007682329407341e+00
34 39 -1.000287617360165e+00 -1.899265046466874e-03 -8.820163609018886e-04 -1.007688909553019e+00
34 40 -1.000286764655978e+00 -1.897429312414814e-03 -8.831317454833830e-04 -1.007695291361893e+00
34 41 -1.000285944224120e+00 -1.895682998904941e-03 -8.842547001190986e-04 -1.007701412804803e+00
34 42 -1.000285164794433e+00 -1.894043949982590e-03 -8.853679432359214e-04 -1.007707212801736e+00
34 43 -1.000284434773701e+00 -1.892529741185294e-03 -8.864513325945095e-04 -1.007712631624512e+00
34 44 -1.000283762161663e+00 -1.891157527375154e-03 -8.874823407894326e-04 -1.007717611331116e+00
34 45 -1.000283154456403e+00 -1.889943847272821e-03 -8.884366727958320e-04 -1.007722096332576e+00
34 46 -1.000282618542707e+00 -1.888904357840944e-03 -8.892890484857494e-04 -1.007726034176113e+00
34 47 -1.000282160563021e+00 -1.888053487746106e-03 -8.900141534529578e-04 -1.007729376574589e+00
34 48 -1.000281785777269e+00 -1.887404021596317e-03 -8.905877263188206e-04 -1.007732080641366e+00
34 49 -1.000281498423007e+00 -1.886966648890620e-03 -8.909877098292215e-04 -1.007734110222390e+00
34 50 -1.000281301589676e+00 -1.886749525424099e-03 -8.911953635679734e-04 -1.007735437178162e+00
34 51 -1.000281197119693e+00 -1.886757894600571e-03 -8.911962341713449e-04 -1.007736042472206e+00
34 52 -1.000281185545894e+00 -1.886993804218067e-03 -8.909809057284544e-04 -1.007735916960086e+00
34 53 -1.000281266071691e+00 -1.887455939676156e-03 -8.905454923561225e-04 -1.007735061816680e+00
34 54 -1.000281436598470e+00 -1.888139584118335e-03 -8.898918673048167e-04 -1.007733488570417e+00
34 55 -1.000281693803272e+00 -1.889036709673215e-03 -8.890276406359350e-04 -1.007731218733869e+00
34 56 -1.000282033266614e+00 -1.890136197232640e-03 -8.879659048228731e-04 -1.007728283044825e+00
34 57 -1.000282449643880e+00 -1.891424171513964e-03 -8.867247713320733e-04 -1.007724720370487e+00
34 58 -1.000282936865182e+00 -1.892884423631697e-03 -8.853267248940319e-04 -1.007720576376859e+00
34 59 -1.000283488341727e+00 -1.894498879456132e-03 -8.837978275769844e-04 -1.007715902108930e+00
34 60 -1.000284097155565e+00 -1.896248065876069e-03 -8.821668129120850e-04 -1.007710752640560e+00
34 61 -1.000284756215610e+00 -1.898111534136042e-03 -8.804641188952406e-04 -1.007705185920231e+00
34 62 -1.000285458373644e+00 -1.900068218181475e-03 -8.787209122026674e-04 -1.007699261868537e+00
34 63 -1.000286196504808e+00 -1.902096728006384e-03 -8.769681512004804e-04 -1.007693041705877e+00
35 0 -1.000286298836559e+00 -1.904334048014556e-03 -8.719789738821899e-04 -1.007687843300868e+00
35 1 -1.000287084306954e+00 -1.906427020476804e-03 -8.703255392116863e-04 -1.007681243561195e+00
35 2 -1.000287886644944e+00 -1.908532430573693e-03 -8.687418118790012e-04 -1.007674520304936e+00
35 3 -1.000288699296621e+00 -1.910629885643819e-03 -8.672500815514878e-04 -1.007667735369272e+00
35 4 -1.000289515908229e+00 -1.912699611155400e-03 -8.658694440646762e-04 -1.007660949864244e+00
35 5 -1.000290330318815e+00 -1.914722557065257e-03 -8.646156214314561e-04 -1.007654223916171e+00
35 6 -1.000291136525417e+00 -1.916680456092611e-03 -8.635009065231716e-04 -1.007647616540082e+00
35 7 -1.000291928627290e+00 -1.918555847186423e-03 -8.625342057016909e-04 -1.007641185601462e+00
35 8 -1.000292700764264e+00 -1.920332091612669e-03 -8.617211513247583e-04 -1.007634987777428e+00
35 9 -1.000293447069099e+00 -1.921993414536477e-03 -8.610642631808624e-04 -1.007629078405333e+00
35 10 -1.000294161651728e+00 -1.923524998561457e-03 -8.605631493765534e-04 -1.007623511126338e+00
35 11 -1.000294838623731e+00 -1.924913137702618e-03 -8.602147449869064e-04 -1.007618337294804e+00
35 12 -1.000295472157887e+00 -1.926145436833589e-03 -8.600135858768933e-04 -1.007613605210047e+00
35 13 -1.000296056566937e+00 -1.927211023577671e-03 -8.599521082194458e-04 -1.007609359293755e+00
35 14 -1.000296586382960e+00 -1.928100735561567e-03 -8.600209590195718e-04 -1.007605639350049e+00
35 15 -1.000297056424236e+00 -1.928807255960514e-03 -8.602093050166400e-04 -1.007602480004398e+00
35 16 -1.000297461846166e+00 -1.929325186524147e-03 -8.605051367226938e-04 -1.007599910351670e+00
35 17 -1.000297798182150e+00 -1.929651060889902e-03 -8.608955773883978e-04 -1.007597953786500e+00
35 18 -1.000298061385771e+00 -1.929783307856464e-03 -8.613672182123706e-04 -1.007596627958793e+00
35 19 -1.000298247885590e+00 -1.929722175837855e-03 -8.619065043041775e-04 -1.007595944793482e+00
35 20 -1.000298354658592e+00 -1.929469629788543e-03 -8.625001840793589e-04 -1.007595910526993e+00
35 21 -1.000298379320643e+00 -1.929029233037149e-03 -8.631358080796305e-04 -1.007596525732342e+00
35 22 -1.000298320225907e+00 -1.928406028298190e-03 -8.638022333052275e-04 -1.007597785321733e+00
35 23 -1.000298176564360e+00 -1.927606432387909e-03 -8.644900725267897e-04 -1.007599678525975e+00
35 24 -1.000297948447353e+00 -1.926638155864031e-03 -8.651920328386453e-04 -1.007602188856531e+00
35 25 -1.000297636973635e+00 -1.925510151084355e-03 -8.659031086998284e-04 -1.007605294066082e+00
35 26 -1.000297244270249e+00 -1.924232580352114e-03 -8.666206212715341e-04 -1.007608966144160e+00
35 27 -1.000296773503325e+00 -1.922816782878390e-03 -8.673441203473941e-04 -1.007613171410717e+00
35 28 -1.000296228854241e+00 -1.921275212418689e-03 -8.680751815741618e-04 -1.007617870781881e+00
35 29 -1.000295615459147e+00 -1.919621324474997e-03 -8.688171326178295e-04 -1.007623020255856e+00
35 30 -1.000294939315522e+00 -1.917869413235089e-03 -8.695747250763259e-04 -1.007628571602851e+00
35 31 -1.000294207166224e+00 -1.916034423202722e-03 -8.703537450902172e-04 -1.007634473171181e+00
35 32 -1.000293426375955e+00 -1.914131774451360e-03 -8.711605428859645e-04 -1.007640670681008e+00
35 33 -1.000292604814750e+00 -1.912177237048768e-03 -8.720014687598098e-04 -1.007647107885661e+00
35 34 -1.000291750758434e+00 -1.910186873196404e-03 -8.728822237364568e-04 -1.007653727029911e+00
35 35 -1.000290872808516e+00 -1.908177042587959e-03 -8.738071566900157e-04 -1.007660469105321e+00
35 36 -1.000289979826205e+00 -1.906164444315694e-03 -8.747785615813991e-04 -1.007667273972917e+00
35 37 -1.000289080870115e+00 -1.904166155112356e-03 -8.757960450871401e-04 -1.007674080465945e+00
35 38 -1.000288185127394e+00 -1.902199626689552e-03 -8.768560362745204e-04 -1.007680826576222e+00
35 39 -1.000287301833578e+00 -1.900282624830087e-03 -8.779514878826769e-04 -1.007687449768889e+00
35 40 -1.000286440183509e+00 -1.898433118108179e-03 -8.790717811833269e-04 -1.007693887399521e+00
35 41 -1.000285609239534e+00 -1.896669138983280e-03 -8.802028146626471e-04 -1.007700077169582e+00
35 42 -1.000284817842038e+00 -1.895008637731636e-03 -8.813272459160958e-04 -1.007705957568320e+00
35 43 -1.000284074522860e+00 -1.893469335279300e-03 -8.824248638720410e-04 -1.007711468295363e+00
35 44 -1.000283387417305e+00 -1.892068563593241e-03 -8.834730842313726e-04 -1.007716550711582e+00
35 45 -1.000282764167508e+00 -1.890823069004406e-03 -8.844475771644330e-04 -1.007721148404095e+00
35 46 -1.000282211810446e+00 -1.889748750737397e-03 -8.853230453658505e-04 -1.007725207955203e+00
35 47 -1.000281736648678e+00 -1.888860318829674e-03 -8.860741608749667e-04 -1.007728679961625e+00
35 48 -1.000281344109347e+00 -1.888170880376019e-03 -8.866766349573201e-04 -1.007731520270605e+00
35 49 -1.000281038603430e+00 -1.887691488861797e-03 -8.871083505303737e-04 -1.007733691320934e+00
35 50 -1.000280823399525e+00 -1.887430704948020e-03 -8.873504573979596e-04 -1.007735163438480e+00
35 51 -1.000280700524326e+00 -1.887394214643062e-03 -8.873883322107115e-04 -1.007735915945731e+00
35 52 -1.000280670698356e+00 -1.887584539111594e-03 -8.872123301683171e-04 -1.007735937981859e+00
35 53 -1.000280733312903e+00 -1.888000858068155e-03 -8.868182866937854e-04 -1.007735228968155e+00
35 54 -1.000280886453079e+00 -1.888638959297809e-03 -8.862077546281322e-04 -1.007733798683004e+00
35 55 -1.000281126970761e+00 -1.889491319333914e-03 -8.853879841990575e-04 -1.007731666934194e+00
35 56 -1.000281450607882e+00 -1.890547312492663e-03 -8.843716673916162e-04 -1.007728862842594e+00
35 57 -1.000281852163973e+00 -1.891793535277840e-03 -8.831764735815361e-04 -1.007725423787296e+00
35 58 -1.000282325693657e+00 -1.893214219903984e-03 -8.818244038642276e-04 -1.007721394108217e+00
35 59 -1.000282864712998e+00 -1.894791697219802e-03 -8.803409961572967e-04 -1.007716823704569e+00
35 60 -1.000283462391892e+00 -1.896506862120287e-03 -8.787544240446755e-04 -1.007711766684296e+00
35 61 -1.000284111714149e+00 -1.898339599281444e-03 -8.770945414985083e-04 -1.007706280195138e+00
35 62 -1.000284805596673e+00 -1.900269143744675e-03 -8.753919249603707e-04 -1.007700423505742e+00
35 63 -1.000285536970647e+00 -1.902274373256615e-03 -8.736769553953004e-04 -1.007694257327060e+00
36 0 -1.000285580435352e+00 -1.904389366272820e-03 -8.692448571095184e-04 -1.007689266958867e+00
36 1 -1.000286361429606e+00 -1.906465523490430e-03 -8.676205251565259e-04 -1.007682700232266e+00
36 2 -1.000287160895160e+00 -1.908558431516686e-03 -8.660617123429440e-04 -1.007675996149555e+00
36 3 -1.000287972286996e+00 -1.910647800283792e-03 -8.645903111584453e-04 -1.007669216613622e+00
36 4 -1.000288789249286e+00 -1.912713911724791e-03 -8.632250772531857e-04 -1.007662422933254e+00
36 5 -1.000289605613483e+00 -1.914737734008538e-03 -8.619814516559046e-04 -1.007655675527255e+00
36 6 -1.000290415368464e+00 -1.916700987753840e-03 -8.608715130970129e-04 -1.007649033757808e+00
36 7 -1.000291212606259e+00 -1.918586172318209e-03 -8.599040326560400e-04 -1.007642555872633e+00
36 8 -1.000291991458144e+00 -1.920376578796494e-03 -8.590845978817840e-04 -1.007636298969838e+00
36 9 -1.000292746042394e+00 -1.922056325252872e-03 -8.584157815903368e-04 -1.007630318864745e+00
36 10 -1.000293470442624e+00 -1.923610442936755e-03 -8.578973440963555e-04 -1.007624669758789e+00
36 11 -1.000294158725736e+00 -1.925025023213157e-03 -8.575264657995971e-04 -1.007619403677537e+00
36 12 -1.000294804996087e+00 -1.926287412583940e-03 -8.572980074408807e-04 -1.007614569725475e+00
36 13 -1.000295403472463e+00 -1.927386425832533e-03 -8.572047929558045e-04 -1.007610213267130e+00
36 14 -1.000295948569858e+00 -1.928312540560728e-03 -8.572379079666733e-04 -1.007606375167043e+00
36 15 -1.000296434970617e+00 -1.929058042505392e-03 -8.573870055402777e-04 -1.007603091196911e+00
36 16 -1.000296857678690e+00 -1.929617106864138e-03 -8.576406125286139e-04 -1.007600391657075e+00
36 17 -1.000297212062052e+00 -1.929985817640733e-03 -8.579864392044624e-04 -1.007598301191305e+00
36 18 -1.000297493895664e+00 -1.930162136504906e-03 -8.584117091331056e-04 -1.007596838732042e+00
36 19 -1.000297699417256e+00 -1.930145834091471e-03 -8.589035325243977e-04 -1.007596017508849e+00
36 20 -1.000297825402276e+00 -1.929938395467044e-03 -8.594493345705476e-04 -1.007595845071286e+00
36 21 -1.000297869256766e+00 -1.929542911685709e-03 -8.600373251792273e-04 -1.007596323299119e+00
36 22 -1.000297829120537e+00 -1.928963970207797e-03 -8.606569726925952e-04 -1.007597448389593e+00
36 23 -1.000297703969522e+00 -1.928207556588056e-03 -8.612994317287570e-04 -1.007599210822669e+00
36 24 -1.000297493706122e+00 -1.927280977664529e-03 -8.619578751623649e-04 -1.007601595311487e+00
36 25 -1.000297199229055e+00 -1.926192810972122e-03 -8.626276915467433e-04 -1.007604580753198e+00
36 26 -1.000296822477072e+00 -1.924952873964849e-03 -8.633065320621105e-04 -1.007608140214704e+00
36 27 -1.000296366442001e+00 -1.923572192535987e-03 -8.639942194209525e-04 -1.007612241015256e+00
36 28 -1.000295835147085e+00 -1.922062940963949e-03 -8.646925506340385e-04 -1.007616844979112e+00
36 29 -1.000295233589110e+00 -1.920438332992570e-03 -8.654050249026868e-04 -1.007621908904486e+00
36 30 -1.000294567647878e+00 -1.918712463603659e-03 -8.661365113699979e-04 -1.007627385236085e+00
36 31 -1.000293843972270e+00 -1.916900122141163e-03 -8.668928541093211e-04 -1.007633222866266e+00
36 32 -1.000293069856216e+00 -1.915016610768062e-03 -8.676804040467592e-04 -1.007639367948819e+00
36 33 -1.000292253119142e+00 -1.913077604495261e-03 -8.685054697690768e-04 -1.007645764600790e+00
36 34 -1.000291402002773e+00 -1.911099078549105e-03 -8.693736896264276e-04 -1.007652355399709e+00
36 35 -1.000290525088894e+00 -1.909097305579710e-03 -8.702893476585169e-04 -1.007659081656879e+00
36 36 -1.000289631233115e+00 -1.907088897170039e-03 -8.712546829570136e-04 -1.007665883535147e+00
36 37 -1.000288729503427e+00 -1.905090847038655e-03 -8.722692629243188e-04 -1.007672700131842e+00
36 38 -1.000287829113026e+00 -1.903120537759787e-03 -8.733294907564133e-04 -1.007679469633817e+00
36 39 -1.000286939342738e+00 -1.901195693368000e-03 -8.744282951625154e-04 -1.007686129591037e+00
36 40 -1.000286069454422e+00 -1.899334281747744e-03 -8.755550192529342e-04 -1.007692617294492e+00
36 41 -1.000285228599577e+00 -1.897554382929881e-03 -8.766954999034479e-04 -1.007698870212490e+00
36 42 -1.000284425727463e+00 -1.895874041217211e-03 -8.778323141168419e-04 -1.007704826438409e+00
36 43 -1.000283669494717e+00 -1.894311111741117e-03 -8.789451656819327e-04 -1.007710425129168e+00
36 44 -1.000282968174269e+00 -1.892883096485004e-03 -8.800113952343131e-04 -1.007715606963981e+00
36 45 -1.000282329556852e+00 -1.891606947140674e-03 -8.810066162491421e-04 -1.007720314705931e+00
36 46 -1.000281760837654e+00 -1.890498805121205e-03 -8.819054936110043e-04 -1.007724493964426e+00
36 47 -1.000281268485635e+00 -1.889573661400032e-03 -8.826826724712033e-04 -1.007728094210751e+00
36 48 -1.000280858101343e+00 -1.888844945143123e-03 -8.833138311299672e-04 -1.007731070013541e+00
36 49 -1.000280534275446e+00 -1.888324074972506e-03 -8.837767913525667e-04 -1.007733382384521e+00
36 50 -1.000280300461690e+00 -1.888020018672585e-03 -8.840525953888475e-04 -1.007735000090079e+00
36 51 -1.000280158875840e+00 -1.887938905802814e-03 -8.841264588261294e-04 -1.007735900790162e+00
36 52 -1.000280110429077e+00 -1.888083728893711e-03 -8.839885254258253e-04 -1.007736071894889e+00
36 53 -1.000280154702193e+00 -1.888454157712758e-03 -8.836343755512364e-04 -1.007735511066174e+00
36 54 -1.000280289965585e+00 -1.889046480066579e-03 -8.830652686656539e-04 -1.007734226327204e+00
36 55 -1.000280513248514e+00 -1.889853673253748e-03 -8.822881265007736e-04 -1.007732235771543e+00
36 56 -1.000280820457967e+00 -1.890865602602721e-03 -8.813152788895227e-04 -1.007729566888158e+00
36 57 -1.000281206541886e+00 -1.892069335114363e-03 -8.801639978560860e-04 -1.007726255548219e+00
36 58 -1.000281665683997e+00 -1.893449544434511e-03 -8.788558470312116e-04 -1.007722344740444e+00
36 59 -1.000282191510388e+00 -1.894988969488813e-03 -8.774158823033361e-04 -1.007717883185492e+00
36 60 -1.000282777284516e+00 -1.896668879608253e-03 -8.758717527216360e-04 -1.007712923984486e+00
36 61 -1.000283416070515e+00 -1.898469501476758e-03 -8.742527564413390e-04 -1.007707523440433e+00
36 62 -1.000284100854521e+00 -1.900370379886161e-03 -8.725889002817102e-04 -1.007701740130202e+00
36 63 -1.000284824626584e+00 -1.902350668444900e-03 -8.709100006967097e-04 -1.007695634221133e+00
37 0 -1.000284813987793e+00 -1.904341284310795e-03 -8.670575498270376e-04 -1.007690846723242e+00
37 1 -1.000285589655262e+00 -1.906398899683919e-03 -8.654604690563298e-04 -1.007684319470507e+00
37 2 -1.000286385373197e+00 -1.908477435722846e-03 -8.639248807904078e-04 -1.007677641303732e+00
37 3 -1.000287194606401e+00 -1.910556712473811e-03 -8.624722960014745e-04 -1.007670874161382e+00
37 4 -1.000288010997794e+00 -1.912617077143935e-03 -8.611211449507627e-04 -1.007664079518770e+00
37 5 -1.000288828372314e+00 -1.914639527067307e-03 -8.598866014669382e-04 -1.007657318050595e+00
37 6 -1.000289640711899e+00 -1.916605783422197e-03 -8.587805409612388e-04 -1.007650649427539e+00
37 7 -1.000290442103617e+00 -1.918498321088670e-03 -8.578116040658618e-04 -1.007644132236283e+00
37 8 -1.000291226675663e+00 -1.920300381507881e-03 -8.569853312315178e-04 -1.007637823936874e+00
37 9 -1.000291988542118e+00 -1.921996004151421e-03 -8.563043405845171e-04 -1.007631780737887e+00
37 10 -1.000292721774981e+00 -1.923570104842138e-03 -8.557685336899329e-04 -1.007626057292631e+00
37 11 -1.000293420413950e+00 -1.925008612610044e-03 -8.553753228003459e-04 -1.007620706176690e+00
37 12 -1.000294078514031e+00 -1.926298657641432e-03 -8.551198777100403e-04 -1.007615777174404e+00
37 13 -1.000294690220185e+00 -1.927428784508106e-03 -8.549953926747876e-04 -1.007611316466723e+00
37 14 -1.000295249850491e+00 -1.928389153044808e-03 -8.549933727908052e-04 -1.007607365854573e+00
37 15 -1.000295751969968e+00 -1.929171691838849e-03 -8.551039342841375e-04 -1.007603962141618e+00
37 16 -1.000296191447100e+00 -1.929770186315756e-03 -8.553161108544637e-04 -1.007601136735616e+00
37 17 -1.000296563497950e+00 -1.930180303357728e-03 -8.556181656736359e-04 -1.007598915448436e+00
37 18 -1.000296863730301e+00 -1.930399565345753e-03 -8.559979216170542e-04 -1.007597318428773e+00
37 19 -1.000297088200025e+00 -1.930427287559500e-03 -8.564431273250443e-04 -1.007596360159529e+00
37 20 -1.000297233486582e+00 -1.930264491018052e-03 -8.569418666613075e-04 -1.007596049470873e+00
37 21 -1.000297296787704e+00 -1.929913802427573e-03 -8.574830004297075e-04 -1.007596389539681e+00
37 22 -1.000297276026370e+00 -1.929379352983566e-03 -8.580566115857424e-04 -1.007597377863105e+00
37 23 -1.000297169958256e+00 -1.928666687148994e-03 -8.586544123134215e-04 -1.007599006208115e+00
37 24 -1.000296978267122e+00 -1.927782690918388e-03 -8.592700653560299e-04 -1.007601260547262e+00
37 25 -1.000296701638804e+00 -1.926735544136248e-03 -8.598993791196618e-04 -1.007604120998229e+00
37 26 -1.000296341808069e+00 -1.925534690757270e-03 -8.605403588722951e-04 -1.007607561801407e+00
37 27 -1.000295901574275e+00 -1.924190808154325e-03 -8.611931240566221e-04 -1.007611551392797e+00
37 28 -1.000295384782520e+00 -1.922715750523289e-03 -8.618597177183659e-04 -1.007616052638656e+00
37 29 -1.000294796269271e+00 -1.921122447346803e-03 -8.625438330650236e-04 -1.007621023277300e+00
37 30 -1.000294141775487e+00 -1.919424753038413e-03 -8.632504727845153e-04 -1.007626416566484e+00
37 31 -1.000293427835067e+00 -1.917637262395665e-03 -8.639855473288555e-04 -1.007632182077280e+00
37 32 -1.000292661650951e+00 -1.915775123189576e-03 -8.647554097117338e-04 -1.007638266523713e+00
37 33 -1.000291850973859e+00 -1.913853885211259e-03 -8.655663185002630e-04 -1.007644614493819e+00
37 34 -1.000291003996717e+00 -1.911889416306573e-03 -8.664238265228075e-04 -1.007651168976171e+00
37 35 -1.000290129270110e+00 -1.909897890322635e-03 -8.673321151619547e-04 -1.007657871655510e+00
37 36 -1.000289235634364e+00 -1.907895822921355e-03 -8.682933224163420e-04 -1.007664663040853e+00
37 37 -1.000288332157979e+00 -1.905900115760003e-03 -8.693069296563121e-04 -1.007671482538230e+00
37 38 -1.000287428072444e+00 -1.903928072906389e-03 -8.703692700816436e-04 -1.007678268571528e+00
37 39 -1.000286532697744e+00 -1.901997368181521e-03 -8.714732070995506e-04 -1.007684958811060e+00
37 40 -1.000285655357647e+00 -1.900125959566586e-03 -8.726080096157889e-04 -1.007691490517890e+00
37 41 -1.000284805287844e+00 -1.898331962227420e-03 -8.737594257351091e-04 -1.007697800968444e+00
37 42 -1.000283991541996e+00 -1.896633500043479e-03 -8.749099327067392e-04 -1.007703827904175e+00
37 43 -1.000283222899013e+00 -1.895048550226672e-03 -8.760391317808289e-04 -1.007709509973554e+00
37 44 -1.000282507769640e+00 -1.893594777211922e-03 -8.771242682042911e-04 -1.007714787193567e+00
37 45 -1.000281854095363e+00 -1.892289332941086e-03 -8.781408775730225e-04 -1.007719601515007e+00
37 46 -1.000281269232590e+00 -1.891148595708911e-03 -8.790635699060380e-04 -1.007723897585486e+00
37 47 -1.000280759820501e+00 -1.890187832621763e-03 -8.798669516010456e-04 -1.007727623757697e+00
37 48 -1.000280331638246e+00 -1.889420793129585e-03 -8.805266585363281e-04 -1.007730733316314e+00
37 49 -1.000279989462446e+00 -1.888859262387303e-03 -8.810204435641566e-04 -1.007733185828787e+00
37 50 -1.000279736937927e+00 -1.888512617056542e-03 -8.813292386681905e-04 -1.007734948482419e+00
37 51 -1.000279576473823e+00 -1.888387429795928e-03 -8.814381032852232e-04 -1.007735997260790e+00
37 52 -1.000279509174575e+00 -1.888487161803683e-03 -8.813369804020324e-04 -1.007736317837495e+00
37 53 -1.000279534812191e+00 -1.888811969126611e-03 -8.810212088858563e-04 -1.007735906110956e+00
37 54 -1.000279651843833e+00 -1.889358634882795e-03 -8.804917727277210e-04 -1.007734768347894e+00
37 55 -1.000279857477463e+00 -1.890120630626939e-03 -8.797552920243256e-04 -1.007732920930827e+00
37 56 -1.000280147786315e+00 -1.891088304377575e-03 -8.788237720462366e-04 -1.007730389723330e+00
37 57 -1.000280517868342e+00 -1.892249185288063e-03 -8.777141323488570e-04 -1.007727209092734e+00
37 58 -1.000280962039160e+00 -1.893588382453543e-03 -8.764475465377501e-04 -1.007723420671540e+00
37 59 -1.000281474038898e+00 -1.895089040244149e-03 -8.750486361565759e-04 -1.007719071985838e+00
37 60 -1.000282047228966e+00 -1.896732802237288e-03 -8.735445722688496e-04 -1.007714215107036e+00
37 61 -1.000282674757677e+00 -1.898500238196248e-03 -8.719641391769498e-04 -1.007708905468560e+00
37 62 -1.000283349683845e+00 -1.900371205301874e-03 -8.703368072682463e-04 -1.007703200928439e+00
37 63 -1.000284065060198e+00 -1.902325138527633e-03 -8.686918522258605e-04 -1.007697161076926e+00
38 0 -1.000284005487173e+00 -1.904190264489557e-03 -8.654350703422606e-04 -1.007692570978890e+00
38 1 -1.000284775001578e+00 -1.906227782358161e-03 -8.638630940977927e-04 -1.007686089396508e+00
38 2 -1.000285566109922e+00 -1.908290208839245e-03 -8.623487758255237e-04 -1.007679443745016e+00
38 3 -1.000286372289981e+00 -1.910357482654497e-03 -8.609132672321546e-04 -1.007672695957073e+00
38 4 -1.000287187186075e+00 -1.912410026470867e-03 -8.595746942483653e-04 -1.007665907631084e+00
38 5 -1.000288004617707e+00 -1.914428876565666e-03 -8.583479827875898e-04 -1.007659139660016e+00
38 6 -1.000288818559945e+00 -1.916395764602439e-03 -8.572448189959729e-04 -1.007652451989742e+00
38 7 -1.000289623096547e+00 -1.918293155242707e-03 -8.562737183953081e-04 -1.007645903502389e+00
38 8 -1.000290412358102e+00 -1.920104262725074e-03 -8.554401704806820e-04 -1.007639551952675e+00
38 9 -1.000291180464001e+00 -1.921813078623842e-03 -8.547468274481757e-04 -1.007633453851135e+00
38 10 -1.000291921487374e+00 -1.923404440117828e-03 -8.541937150192180e-04 -1.007627664194838e+00
38 11 -1.000292629456721e+00 -1.924864155825858e-03 -8.537784554332158e-04 -1.007622235986559e+00
38 12 -1.000293298397278e+00 -1.926179186679454e-03 -8.534965030883090e-04 -1.007617219551307e+00
38 13 -1.000293922402126e+00 -1.927337857250606e-03 -8.533413979600206e-04 -1.007612661737122e+00
38 14 -1.000294495714091e+00 -1.928330058780033e-03 -8.533050395901218e-04 -1.007608605137393e+00
38 15 -1.000295012800338e+00 -1.929147407636328e-03 -8.533779789644736e-04 -1.007605087461621e+00
38 16 -1.000295468411156e+00 -1.929783339754234e-03 -8.535497234272919e-04 -1.007602141117468e+00
38 17 -1.000295857626225e+00 -1.930233140966873e-03 -8.538090537247519e-04 -1.007599792992268e+00
38 18 -1.000296175899265e+00 -1.930493925164518e-03 -8.541443587728895e-04 -1.007598064375306e+00
38 19 -1.000296419113639e+00 -1.930564575687753e-03 -8.545439968038817e-04 -1.007596970951051e+00
38 20 -1.000296583657867e+00 -1.930445664236447e-03 -8.549966877246058e-04 -1.007596522805836e+00
38 21 -1.000296666522559e+00 -1.930139359210280e-03 -8.554919305724600e-04 -1.007596724413695e+00
38 22 -1.000296665411594e+00 -1.929649333557490e-03 -8.560204237983328e-04 -1.007597574591675e+00
38 23 -1.000296578854606e+00 -1.928980681594382e-03 -8.565744502158538e-04 -1.007599066431423e+00
38 24 -1.000296406307486e+00 -1.928139853290262e-03 -8.571481817926323e-04 -1.007601187220092e+00
38 25 -1.000296148231091e+00 -1.927134609832666e-03 -8.577378680202789e-04 -1.007603918368931e+00
38 26 -1.000295806142025e+00 -1.925973994881010e-03 -8.583418914107861e-04 -1.007607235381897e+00
38 27 -1.000295382631530e+00 -1.924668305538251e-03 -8.589606937068427e-04 -1.007611107915424e+00
38 28 -1.000294881349932e+00 -1.923229041253182e-03 -8.595965890682094e-04 -1.007615499990034e+00
38 29 -1.000294306956043e+00 -1.921668811085981e-03 -8.602534857699860e-04 -1.007620370402368e+00
38 30 -1.000293665034000e+00 -1.920001191141486e-03 -8.609365371708074e-04 -1.007625673347672e+00
38 31 -1.000292961984359e+00 -1.918240543082148e-03 -8.616517346693422e-04 -1.007631359202951e+00
38 32 -1.000292204901341e+00 -1.916401824676558e-03 -8.624054423348886e-04 -1.007637375360698e+00
38 33 -1.000291401451238e+00 -1.914500432607725e-03 -8.632038652717078e-04 -1.007643666976312e+00
38 34 -1.000290559764965e+00 -1.912552108292500e-03 -8.640524515532747e-04 -1.007650177521772e+00
38 35 -1.000289688350582e+00 -1.910572913534757e-03 -8.649552483143132e-04 -1.007656849112142e+00
38 36 -1.000288796023023e+00 -1.908579257720505e-03 -8.659142537817412e-04 -1.007663622651082e+00
38 37 -1.000287891842482e+00 -1.906587942764486e-03 -8.669288196780781e-04 -1.007670437892802e+00
38 38 -1.000286985051386e+00 -1.904616189120909e-03 -8.679951621642958e-04 -1.007677233528614e+00
38 39 -1.000286085002310e+00 -1.902681615040956e-03 -8.691060341824585e-04 -1.007683947378279e+00
38 40 -1.000285201074232e+00 -1.900802159654405e-03 -8.702505937422719e-04 -1.007690516709494e+00
38 41 -1.000284342580274e+00 -1.898995960967171e-03 -8.714144731163920e-04 -1.007696878649309e+00
38 42 -1.000283518672741e+00 -1.897281210115446e-03 -8.725800274428729e-04 -1.007702970626581e+00
38 43 -1.000282738248779e+00 -1.895675995929994e-03 -8.737267335081622e-04 -1.007708730813639e+00
38 44 -1.000282009854290e+00 -1.894198135346819e-03 -8.748317204354437e-04 -1.007714098595710e+00
38 45 -1.000281341579764e+00 -1.892864969719356e-03 -8.758704286337820e-04 -1.007719015143827e+00
38 46 -1.000280740942393e+00 -1.891693103882532e-03 -8.768173983572749e-04 -1.007723424173317e+00
38 47 -1.000280214753182e+00 -1.890698073682766e-03 -8.776471822287190e-04 -1.007727272936864e+00
38 48 -1.000279768973390e+00 -1.889893944649733e-03 -8.783353594205863e-04 -1.007730513442102e+00
38 49 -1.000279408569876e+00 -1.889292865503217e-03 -8.788596043029310e-04 -1.007733103813307e+00
38 50 -1.000279137382502e+00 -1.888904618647611e-03 -8.792007354930373e-04 -1.007735009658126e+00
38 51 -1.000278958017114e+00 -1.888736216889676e-03 -8.793436569413332e-04 -1.007736205280965e+00
38 52 -1.000278871774293e+00 -1.888791587780096e-03 -8.792781124854375e-04 -1.007736674613495e+00
38 53 -1.000278878619588e+00 -1.889071370839450e-03 -8.789992038621032e-04 -1.007736411786859e+00
38 54 -1.000278977198241e+00 -1.889572839143421e-03 -8.785076515865594e-04 -1.007735421315173e+00
38 55 -1.000279164897122e+00 -1.890289949657616e-03 -8.778097965788416e-04 -1.007733717883205e+00
38 56 -1.000279437955564e+00 -1.891213521975243e-03 -8.769173514206207e-04 -1.007731325746982e+00
38 57 -1.000279791622152e+00 -1.892331536373200e-03 -8.758469225547981e-04 -1.007728277784565e+00
38 58 -1.000280220346220e+00 -1.893629527917121e-03 -8.746193400324440e-04 -1.007724614279210e+00
38 59 -1.000280717984365e+00 -1.895091038244335e-03 -8.732588439830421e-04 -1.007720381563403e+00
38 60 -1.000281277998236e+00 -1.896698077780613e-03 -8.717921829195491e-04 -1.007715630676506e+00
38 61 -1.000281893622736e+00 -1.898431553814368e-03 -8.702476789120487e-04 -1.007710416174433e+00
38 62 -1.000282557992775e+00 -1.900271634279462e-03 -8.686543094994848e-04 -1.007704795177125e+00
38 63 -1.000283264228266e+00 -1.902198038241024e-03 -8.670408455549533e-04 -1.007698826666467e+00
39 0 -1.000283161280094e+00 -1.903937477728879e-03 -8.643892154476128e-04 -1.007694428227739e+00
39 1 -1.000283923835502e+00 -1.905953505428657e-03 -8.628399815879259e-04 -1.007687998244167e+00
39 2 -1.000284709481815e+00 -1.907998213901854e-03 -8.613447880947754e-04 -1.007681391548799e+00
39 3 -1.000285511714973e+00 -1.910051669810657e-03 -8.599244569870274e-04 -1.007674670018145e+00
39 4 -1.000286324184121e+00 -1.912094380090538e-03 -8.585968381099005e-04 -1.007667895328899e+00
39 5 -1.000287140704603e+00 -1.914107427553778e-03 -8.573766336481063e-04 -1.007661128556465e+00
39 6 -1.000287955245547e+00 -1.916072564039353e-03 -8.562753568544290e-04 -1.007654429884278e+00
39 7 -1.000288761890032e+00 -1.917972259808964e-03 -8.553014046021510e-04 -1.007647858437264e+00
39 8 -1.000289554776049e+00 -1.919789724936392e-03 -8.544602115953887e-04 -1.007641472193972e+00
39 9 -1.000290328035685e+00 -1.921508932458149e-03 -8.537544501649312e-04 -1.007635327880822e+00
39 10 -1.000291075753910e+00 -1.923114676954497e-03 -8.531842472259657e-04 -1.007629480734693e+00
39 11 -1.000291791963399e+00 -1.924592690913483e-03 -8.527474058888057e-04 -1.007623984056483e+00
39 12 -1.000292470679387e+00 -1.925929817850016e-03 -8.524396335600099e-04 -1.007618888558916e+00
39 13 -1.000293105964928e+00 -1.927114217496455e-03 -8.522547838381231e-04 -1.007614241594991e+00
39 14 -1.000293692009193e+00 -1.928135566163973e-03 -8.521851176732756e-04 -1.007610086396056e+00
39 15 -1.000294223202013e+00 -1.928985217914592e-03 -8.522215859617102e-04 -1.007606461437531e+00
39 16 -1.000294694194872e+00 -1.929656305069596e-03 -8.523541334216551e-04 -1.007603400001516e+00
39 17 -1.000295099948507e+00 -1.930143773378359e-03 -8.525720217155577e-04 -1.007600929942611e+00
39 18 -1.000295435776638e+00 -1.930444362123315e-03 -8.528641696845330e-04 -1.007599073607394e+00
39 19 -1.000295697400046e+00 -1.930556547533562e-03 -8.532195117595596e-04 -1.007597847828916e+00
39 20 -1.000295881022273e+00 -1.930480467183798e-03 -8.536273777859545e-04 -1.007597263925826e+00
39 21 -1.000295983429000e+00 -1.930217837328170e-03 -8.540778907789188e-04 -1.007597327670049e+00
39 22 -1.000296002103183e+00 -1.929771870832241e-03 -8.545623629940766e-04 -1.007598039220543e+00
39 23 -1.000295935342513e+00 -1.929147202967276e-03 -8.550736556196581e-04 -1.007599393035462e+00
39 24 -1.000295782365718e+00 -1.928349832362608e-03 -8.556064639784509e-04 -1.007601377776473e+00
39 25 -1.000295543397131e+00 -1.927387080627763e-03 -8.561574981894897e-04 -1.007603976222696e+00
39 26 -1.000295219722395e+00 -1.926267566224074e-03 -8.567255415692065e-04 -1.007607165225002e+00
39 27 -1.000294813711176e+00 -1.925001178965873e-03 -8.573113820509624e-04 -1.007610915748555e+00
39 28 -1.000294328805072e+00 -1.923599034805613e-03 -8.579176261199694e-04 -1.007615193062002e+00
39 29 -1.000293769470710e+00 -1.922073390613753e-03 -8.585484167183441e-04 -1.007619957123467e+00
39 30 -1.000293141120310e+00 -1.920437509111075e-03 -8.592090784257795e-04 -1.007625163177658e+00
39 31 -1.000292450005951e+00 -1.918705483399513e-03 -8.599057033572286e-04 -1.007630762519364e+00
39 32 -1.000291703098771e+00 -1.916892049826867e-03 -8.606446792873992e-04 -1.007636703320203e+00
39 33 -1.000290907967428e+00 -1.915012426486145e-03 -8.614321585436783e-04 -1.007642931388531e+00
39 34 -1.000290072668665e+00 -1.913082207911300e-03 -8.622734735096374e-04 -1.007649390752931e+00
39 35 -1.000289205656984e+00 -1.911117327917272e-03 -8.631725165034366e-04 -1.007656024019809e+00
39 36 -1.000288315712468e+00 -1.909134079317018e-03 -8.641311154252802e-04 -1.007662772532313e+00
39 37 -1.000287411879145e+00 -1.907149159431823e-03 -8.651484518216918e-04 -1.007669576422497e+00
39 38 -1.000286503403211e+00 -1.905179701990369e-03 -8.662205795267247e-04 -1.007676374674169e+00
39 39 -1.000285599662317e+00 -1.903243264104703e-03 -8.673400993056007e-04 -1.007683105287329e+00
39 40 -1.000284710082874e+00 -1.901357757590399e-03 -8.684960242184829e-04 -1.007689705571922e+00
39 41 -1.000283844048247e+00 -1.899541334401266e-03 -8.696738419080746e-04 -1.007696112538745e+00
39 42 -1.000283010803088e+00 -1.897812244401383e-03 -8.708557587951842e-04 -1.007702263334277e+00
39 43 -1.000282219356764e+00 -1.896188677761147e-03 -8.720211036946178e-04 -1.007708095689878e+00
39 44 -1.000281478384306e+00 -1.894688590582563e-03 -8.731468708587047e-04 -1.007713548402994e+00
39 45 -1.000280796120027e+00 -1.893329499292231e-03 -8.742083891826408e-04 -1.007718561911034e+00
39 46 -1.000280180238653e+00 -1.892128222750234e-03 -8.751801112398477e-04 -1.007723079037094e+00
39 47 -1.000279637721746e+00 -1.891100554915029e-03 -8.760365168665874e-04 -1.007727045967942e+00
39 48 -1.000279174712558e+00 -1.890260866811626e-03 -8.767531134124027e-04 -1.007730413466912e+00
39 49 -1.000278796368694e+00 -1.889621659971293e-03 -8.773074882506981e-04 -1.007733138245574e+00
39 50 -1.000278506726391e+00 -1.889193113699185e-03 -8.776803416316592e-04 -1.007735184353424e+00
39 51 -1.000278308590495e+00 -1.888982675387869e-03 -8.778564165537806e-04 -1.007736524425209e+00
39 52 -1.000278203460313e+00 -1.888994735185200e-03 -8.778252527964112e-04 -1.007737140653985e+00
39 53 -1.000278191496778e+00 -1.889230411329631e-03 -8.775817151837647e-04 -1.007737025409414e+00
39 54 -1.000278271533928e+00 -1.889687459682957e-03 -8.771262685546142e-04 -1.007736181465023e+00
39 55 -1.000278441137654e+00 -1.890360313583538e-03 -8.764649893212370e-04 -1.007734621823797e+00
39 56 -1.000278696713712e+00 -1.891240254236267e-03 -8.756093193478629e-04 -1.007732369150680e+00
39 57 -1.000279033662118e+00 -1.892315702179356e-03 -8.745755847454365e-04 -1.007729454850551e+00
39 58 -1.000279446566800e+00 -1.893572606209415e-03 -8.733843180060575e-04 -1.007725917874049e+00
39 59 -1.000279929401512e+00 -1.894994892052486e-03 -8.720594339632049e-04 -1.007721803376148e+00
39 60 -1.000280475729128e+00 -1.896564924825524e-03 -8.706273179286476e-04 -1.007717161374711e+00
39 61 -1.000281078873216e+00 -1.898263940426075e-03 -8.691158870167513e-04 -1.007712045547447e+00
39 62 -1.000281732047990e+00 -1.900072412407678e-03 -8.675536795083669e-04 -1.007706512263671e+00
39 63 -1.000282428444141e+00 -1.901970341366940e-03 -8.659690108585652e-04 -1.007700619877228e+00
40 0 -1.000282288055623e+00 -1.903584802777406e-03 -8.639255846067086e-04 -1.007696407035456e+00
40 1 -1.000283042865305e+00 -1.905578101237344e-03 -8.623965970039635e-04 -1.007690034303465e+00
40 2 -1.000283822205790e+00 -1.907603607945173e-03 -8.609182699590101e-04 -1.007683472826252e+00
40 3 -1.000284619596857e+00 -1.909641524337294e-03 -8.595111330534301e-04 -1.007676784376563e+00
40 4 -1.000285428696498e+00 -1.911672448111570e-03 -8.581927936703981e-04 -1.007670030666793e+00
40 5 -1.000286243319123e+00 -1.913677516792178e-03 -8.569777571957594e-04 -1.007663272911347e+00
40 6 -1.000287057431251e+00 -1.915638514597735e-03 -8.558773823548657e-04 -1.007656571480195e+00
40 7 -1.000287865118668e+00 -1.917537933800059e-03 -8.548999560895673e-04 -1.007649985683021e+00
40 8 -1.000288660530412e+00 -1.919359000853517e-03 -8.540508554570999e-04 -1.007643573657912e+00
40 9 -1.000289437817010e+00 -1.921085697282158e-03 -8.533327570418137e-04 -1.007637392267912e+00
40 10 -1.000290191085352e+00 -1.922702811787319e-03 -8.527458618402153e-04 -1.007631496882900e+00
40 11 -1.000290914387162e+00 -1.924196047333912e-03 -8.522881199823201e-04 -1.007625940965585e+00
40 12 -1.000291601745799e+00 -1.925552183117427e-03 -8.519554548374129e-04 -1.007620775461791e+00
40 13 -1.000292247214152e+00 -1.926759269886423e-03 -8.517419944305538e-04 -1.007616048068776e+00
40 14 -1.000292844948873e+00 -1.927806825666125e-03 -8.516403204381166e-04 -1.007611802494317e+00
40 15 -1.000293389284330e+00 -1.928685998008069e-03 -8.516417431076341e-04 -1.007608077821615e+00
40 16 -1.000293874794124e+00 -1.929389667672245e-03 -8.517366047175660e-04 -1.007604908062576e+00
40 17 -1.000294296338194e+00 -1.929912485551918e-03 -8.519146073738756e-04 -1.007602321919493e+00
40 18 -1.000294649105053e+00 -1.930250853195830e-03 -8.521651584731712e-04 -1.007600342706225e+00
40 19 -1.000294928664646e+00 -1.930402867902092e-03 -8.524777304554610e-04 -1.007598988342061e+00
40 20 -1.000295131043923e+00 -1.930368252074063e-03 -8.528422340282206e-04 -1.007598271342318e+00
40 21 -1.000295252827554e+00 -1.930148278854969e-03 -8.532493987589756e-04 -1.007598198770053e+00
40 22 -1.000295291276393e+00 -1.929745700337973e-03 -8.536911434488279e-04 -1.007598772148663e+00
40 23 -1.000295244450592e+00 -1.929164683625172e-03 -8.541609092224645e-04 -1.007599987349790e+00
40 24 -1.000295111323061e+00 -1.928410760310830e-03 -8.546539255146339e-04 -1.007601834473023e+00
40 25 -1.000294891871045e+00 -1.927490792413506e-03 -8.551673815808809e-04 -1.007604297737603e+00
40 26 -1.000294587137537e+00 -1.926412951083625e-03 -8.557004826564932e-04 -1.007607355417423e+00
40 27 -1.000294199258439e+00 -1.925186695471857e-03 -8.562543821168784e-04 -1.007610979865559e+00
40 28 -1.000293731454325e+00 -1.923822732340744e-03 -8.568319970045628e-04 -1.007615137683699e+00
40 29 -1.000293187987320e+00 -1.922332937381258e-03 -8.574377257087575e-04 -1.007619790083483e+00
40 30 -1.000292574085462e+00 -1.920730228977052e-03 -8.580770872604907e-04 -1.007624893454316e+00
40 31 -1.000291895840368e+00 -1.919028401518619e-03 -8.587562955335020e-04 -1.007630400100978e+00
40 32 -1.000291160088470e+00 -1.917241942067043e-03 -8.594817769180292e-04 -1.007636259060837e+00
40 33 -1.000290374289446e+00 -1.915385864588242e-03 -8.602596391584137e-04 -1.007642416876446e+00
40 34 -1.000289546415067e+00 -1.913475594677280e-03 -8.610950996811860e-04 -1.007648818205061e+00
40 35 -1.000288684856657e+00 -1.911526922280286e-03 -8.619918857203814e-04 -1.007655406199840e+00
40 36 -1.000287798351301e+00 -1.909556014824619e-03 -8.629516311401276e-04 -1.007662122680610e+00
40 37 -1.000286895919501e+00 -1.907579460254336e-03 -8.639733136800902e-04 -1.007668908185113e+00
40 38 -1.000285986803713e+00 -1.905614300807025e-03 -8.650527886234507e-04 -1.007675702018039e+00
40 39 -1.000285080398936e+00 -1.903678026785588e-03 -8.661824702847255e-04 -1.007682442388863e+00
40 40 -1.000284186171611e+00 -1.901788517533604e-03 -8.673511944062343e-04 -1.007689066674838e+00
40 41 -1.000283313568314e+00 -1.899963934045201e-03 -8.685442733575660e-04 -1.007695511793026e+00
40 42 -1.000282471918638e+00 -1.898222577558640e-03 -8.697437382441210e-04 -1.007701714636519e+00
40 43 -1.000281670336017e+00 -1.896582728259220e-03 -8.709287486971493e-04 -1.007707612535932e+00
40 44 -1.000280917616438e+00 -1.895062467839542e-03 -8.720761452689145e-04 -1.007713143747484e+00
40 45 -1.000280222130823e+00 -1.893679474171030e-03 -8.731611246994787e-04 -1.007718248022280e+00
40 46 -1.000279591705285e+00 -1.892450765929097e-03 -8.741580297106766e-04 -1.007722867341782e+00
40 47 -1.000279033486358e+00 -1.891392378451957e-03 -8.750412481661183e-04 -1.007726946885838e+00
40 48 -1.000278553794291e+00 -1.890518969364957e-03 -8.757862021369883e-04 -1.007730436237712e+00
40 49 -1.000278157973860e+00 -1.889843375141081e-03 -8.763703820650402e-04 -1.007733290754445e+00
40 50 -1.000277850256160e+00 -1.889376157845122e-03 -8.767743600635884e-04 -1.007735472971291e+00
40 51 -1.000277633645100e+00 -1.889125188755307e-03 -8.769827088639455e-04 -1.007736953884681e+00
40 52 -1.000277509839212e+00 -1.889095311299770e-03 -8.769847582227477e-04 -1.007737713974411e+00
40 53 -1.000277479195118e+00 -1.889288113352429e-03 -8.767751344519243e-04 -1.007737743871325e+00
40 54 -1.000277540736027e+00 -1.889701825091099e-03 -8.763540480722584e-04 -1.007737044627017e+00
40 55 -1.000277692207807e+00 -1.890331348600618e-03 -8.757273159126812e-04 -1.007735627576582e+00
40 56 -1.000277930184026e+00 -1.891168418619132e-03 -8.749061227472081e-04 -1.007733513806410e+00
40 57 -1.000278250217211e+00 -1.892201885414583e-03 -8.739065424436601e-04 -1.007730733264423e+00
40 58 -1.000278647026298e+00 -1.893418098011249e-03 -8.727488531870347e-04 -1.007727323589362e+00
40 59 -1.000279114702545e+00 -1.894801351631570e-03 -8.714566983470609e-04 -1.007723328778364e+00
40 60 -1.000279646911182e+00 -1.896334352925872e-03 -8.700561594439831e-04 -1.007718797839739e+00
40 61 -1.000280237066320e+00 -1.897998655365684e-03 -8.685748111700825e-04 -1.007713783576418e+00
40 62 -1.000280878463397e+00 -1.899775028221996e-03 -8.670408161073294e-04 -1.007708341606247e+00
40 63 -1.000281564365817e+00 -1.901643744970722e-03 -8.654820945675162e-04 -1.007702529650334e+00
41 0 -1.000281392837188e+00 -1.903134846580269e-03 -8.640436897506854e-04 -1.007698495866943e+00
41 1 -1.000282139134657e+00 -1.905104319496821e-03 -8.625323981418638e-04 -1.007692185756939e+00
41 2 -1.000282911334307e+00 -1.907109256734425e-03 -8.610686438820283e-04 -1.007685675570372e+00
41 3 -1.000283702985457e+00 -1.909129998068346e-03 -8.596727067994675e-04 -1.007679026934937e+00
41 4 -1.000284507760843e+00 -1.911147238769715e-03 -8.583619876894380e-04 -1.007672301550360e+00
41 5 -1.000285319480026e+00 -1.913142181987917e-03 -8.571508238361546e-04 -1.007665560712938e+00
41 6 -1.000286132112008e+00 -1.915096657767699e-03 -8.560504405286387e-04 -1.007658864920161e+00
41 7 -1.000286939748707e+00 -1.916993195092398e-03 -8.550690258711863e-04 -1.007652273611006e+00
41 8 -1.000287736553548e+00 -1.918815055263780e-03 -8.542118970191687e-04 -1.007645845022768e+00
41 9 -1.000288516701469e+00 -1.920546255256960e-03 -8.534817182391326e-04 -1.007639636073202e+00
41 10 -1.000289274331148e+00 -1.922171615301686e-03 -8.528787363714796e-04 -1.007633702154411e+00
41 11 -1.000290003526334e+00 -1.923676854371203e-03 -8.524010124871215e-04 -1.007628096758655e+00
41 12 -1.000290698333785e+00 -1.925048738060483e-03 -8.520446445696331e-04 -1.007622870919989e+00
41 13 -1.000291352814164e+00 -1.926275263300659e-03 -8.518039903278190e-04 -1.007618072523052e+00
41 14 -1.000291961112296e+00 -1.927345848909824e-03 -8.516719064336016e-04 -1.007613745583373e+00
41 15 -1.000292517528887e+00 -1.928251495680175e-03 -8.516400174914439e-04 -1.007609929622351e+00
41 16 -1.000293016580204e+00 -1.928984888452730e-03 -8.516990184047745e-04 -1.007606659228219e+00
41 17 -1.000293453043685e+00 -1.929540431967855e-03 -8.518390053718775e-04 -1.007603963822842e+00
41 18 -1.000293821999069e+00 -1.929914231579678e-03 -8.520498278302560e-04 -1.007601867583261e+00
41 19 -1.000294118879876e+00 -1.930104039789555e-03 -8.523214538274705e-04 -1.007600389433594e+00
41 20 -1.000294339547342e+00 -1.930109188675645e-03 -8.526443404848968e-04 -1.007599543032940e+00
41 21 -1.000294480390924e+00 -1.929930521773946e-03 -8.530097988213819e-04 -1.007599336718104e+00
41 22 -1.000294538449985e+00 -1.929570332477732e-03 -8.534103391681766e-04 -1.007599773394139e+00
41 23 -1.000294511543563e+00 -1.929032312475579e-03 -8.538399789882985e-04 -1.007600850388923e+00
41 24 -1.000294398391985e+00 -1.928321512782593e-03 -8.542944891210566e-04 -1.007602559297891e+00
41 25 -1.000294198716145e+00 -1.927444318517771e-03 -8.547715517911395e-04 -1.007604885847038e+00
41 26 -1.000293913305472e+00 -1.926408433687329e-03 -8.552708095119105e-04 -1.007607809806143e+00
41 27 -1.000293544050633e+00 -1.925222864525542e-03 -8.557937969643202e-04 -1.007611304994090e+00
41 28 -1.000293093940023e+00 -1.923897884087674e-03 -8.563437603315020e-04 -1.007615339426248e+00
41 29 -1.000292567020728e+00 -1.922444961130014e-03 -8.569253752465613e-04 -1.007619875647994e+00
41 30 -1.000291968326557e+00 -1.920876643717094e-03 -8.575443775705289e-04 -1.007624871272108e+00
41 31 -1.000291303778727e+00 -1.919206401137012e-03 -8.582071239231787e-04 -1.007630279692655e+00
41 32 -1.000290580068987e+00 -1.917448444067554e-03 -8.589200993658626e-04 -1.007636050893518e+00
41 33 -1.000289804538338e+00 -1.915617556444851e-03 -8.596893851902481e-04 -1.007642132227847e+00
41 34 -1.000288985064738e+00 -1.913728973875659e-03 -8.605200947480019e-04 -1.007648469044303e+00
41 35 -1.000288129968525e+00 -1.911798328048240e-03 -8.614157883968000e-04 -1.007655005089001e+00
41 36 -1.000287247936477e+00 -1.909841651348992e-03 -8.623778919674141e-04 -1.007661682694664e+00
41 37 -1.000286347958239e+00 -1.907875414583995e-03 -8.634051584237588e-04 -1.007668442837670e+00
41 38 -1.000285439265294e+00 -1.905916562288586e-03 -8.644932201451720e-04 -1.007675225172038e+00
41 39 -1.000284531263205e+00 -1.903982514328417e-03 -8.656342772911770e-04 -1.007681968136951e+00
41 40 -1.000283633451799e+00 -1.902091115376624e-03 -8.668169582881501e-04 -1.007688609192819e+00
41 41 -1.000282755333477e+00 -1.900260531373471e-03 -8.680263723571523e-04 -1.007695085184079e+00
41 42 -1.000281906314332e+00 -1.898509107251098e-03 -8.692443526267205e-04 -1.007701332780904e+00
41 43 -1.000281095602926e+00 -1.896855203445005e-03 -8.704498694873409e-04 -1.007707288948808e+00
41 44 -1.000280332107353e+00 -1.895317016833213e-03 -8.716195875477375e-04 -1.007712891441402e+00
41 45 -1.000279624326114e+00 -1.893912374078467e-03 -8.727285467169838e-04 -1.007718079371916e+00
41 46 -1.000278980227004e+00 -1.892658476024776e-03 -8.737509571488288e-04 -1.007722793946427e+00
41 47 -1.000278407111449e+00 -1.891571576794707e-03 -8.746610967711489e-04 -1.007726979419862e+00
41 48 -1.000277911467409e+00 -1.890666596192439e-03 -8.754342873885022e-04 -1.007730584282098e+00
41 49 -1.000277498819337e+00 -1.889956682310034e-03 -8.760479082408058e-04 -1.007733562617559e+00
41 50 -1.000277173587593e+00 -1.889452758502823e-03 -8.764823909650746e-04 -1.007735875521520e+00
41 51 -1.000276938971051e+00 -1.889163100249464e-03 -8.767221298760384e-04 -1.007737492417901e+00
41 52 -1.000276796864661e+00 -1.889092987173522e-03 -8.767562396231187e-04 -1.007738392127527e+00
41 53 -1.000276747819342e+00 -1.889244463447934e-03 -8.765791025865183e-04 -1.007738563582170e+00
41 54 -1.000276791047593e+00 -1.889616223823176e-03 -8.761906690422955e-04 -1.007738006137773e+00
41 55 -1.000276924476532e+00 -1.890203631184845e-03 -8.755964948786693e-04 -1.007736729479383e+00
41 56 -1.000277144849221e+00 -1.890998865459093e-03 -8.748075171064256e-04 -1.007734753129688e+00
41 57 -1.000277447872258e+00 -1.891991196706596e-03 -8.738395799244661e-04 -1.007732105594232e+00
41 58 -1.000277828401094e+00 -1.893167362837726e-03 -8.727127424678204e-04 -1.007728823213546e+00
41 59 -1.000278280646200e+00 -1.894512016511632e-03 -8.714504239974511e-04 -1.007724948838095e+00
41 60 -1.000278798376855e+00 -1.896008193153082e-03 -8.700784613605648e-04 -1.007720530475988e+00
41 61 -1.000279375098777e+00 -1.897637749900115e-03 -8.686241548030676e-04 -1.007715620065482e+00
41 62 -1.000280004189191e+00 -1.899381737498099e-03 -8.671153615783967e-04 -1.007710272482584e+00
41 63 -1.000280678985606e+00 -1.901220690575287e-03 -8.655796729678179e-04 -1.007704544816849e+00
42 0 -1.000280482975355e+00 -1.902590981812885e-03 -8.647371471203367e-04 -1.007700682825354e+00
42 1 -1.000281220015605e+00 -1.904535661272460e-03 -8.632410230867503e-04 -1.007694440430827e+00
42 2 -1.000281984248868e+00 -1.906518764770065e-03 -8.617895849177691e-04 -1.007687987419746e+00
42 3 -1.000282769260706e+00 -1.908520773386160e-03 -8.604029077245605e-04 -1.007681385231865e+00
42 4 -1.000283568746738e+00 -1.910522488644926e-03 -8.590982231593031e-04 -1.007674695496274e+00
42 5 -1.000284376539364e+00 -1.912505190941209e-03 -8.578897318289853e-04 -1.007667979528564e+00
42 6 -1.000285186615794e+00 -1.914450768284235e-03 -8.567885492876965e-04 -1.007661297895962e+00
42 7 -1.000285993078486e+00 -1.916341800405645e-03 -8.558027768286006e-04 -1.007654710109979e+00
42 8 -1.000286790110334e+00 -1.918161603251394e-03 -8.549376697602398e-04 -1.007648274438552e+00
42 9 -1.000287571917576e+00 -1.919894256995823e-03 -8.541958648076737e-04 -1.007642047766449e+00
42 10 -1.000288332679248e+00 -1.921524648408117e-03 -8.535776278233965e-04 -1.007636085403572e+00
42 11 -1.000289066521521e+00 -1.923038553803216e-03 -8.530810938930501e-04 -1.007630440752947e+00
42 12 -1.000289767527876e+00 -1.924422773311212e-03 -8.527024912649458e-04 -1.007625164800120e+00
42 13 -1.000290429783531e+00 -1.925665304984593e-03 -8.524363596765296e-04 -1.007620305460470e+00
42 14 -1.000291047440555e+00 -1.926755527552230e-03 -8.522757827736026e-04 -1.007615906889174e+00
42 15 -1.000291614785455e+00 -1.927684354233310e-03 -8.522126509442072e-04 -1.007612008880597e+00
42 16 -1.000292126296213e+00 -1.928444330347319e-03 -8.522379612569970e-04 -1.007608646445981e+00
42 17 -1.000292576686606e+00 -1.929029667047856e-03 -8.523421522591675e-04 -1.007605849586987e+00
42 18 -1.000292960945893e+00 -1.929436221220929e-03 -8.525154647389342e-04 -1.007603643219684e+00
42 19 -1.000293274387458e+00 -1.929661441267604e-03 -8.527483145444194e-04 -1.007602047172011e+00
42 20 -1.000293512719571e+00 -1.929704299958620e-03 -8.530316618008898e-04 -1.007601076177673e+00
42 21 -1.000293672145037e+00 -1.929565230862868e-03 -8.533573633415628e-04 -1.007600739813338e+00
42 22 -1.000293749486048e+00 -1.929246076970815e-03 -8.537184976293472e-04 -1.007601042364227e+00
42 23 -1.000293742320572e+00 -1.928750053208885e-03 -8.541096486043494e-04 -1.007601982639301e+00
42 24 -1.000293649112240e+00 -1.928081721454298e-03 -8.545271285808259e-04 -1.007603553774892e+00
42 25 -1.000293469318060e+00 -1.927246976019661e-03 -8.549691182151574e-04 -1.007605743064032e+00
42 26 -1.000293203464256e+00 -1.926253035483456e-03 -8.554357069632112e-04 -1.007608531843446e+00
42 27 -1.000292853185867e+00 -1.925108431693942e-03 -8.559288255139900e-04 -1.007611895473997e+00
42 28 -1.000292421228918e+00 -1.923822981323788e-03 -8.564520678068858e-04 -1.007615803459898e+00
42 29 -1.000291911415881e+00 -1.922407723579318e-03 -8.570104064784621e-04 -1.007620219752047e+00
42 30 -1.000291328577195e+00 -1.920874812760957e-03 -8.576098147735027e-04 -1.007625103258458e+00
42 31 -1.000290678454695e+00 -1.919237367353292e-03 -8.582568159361757e-04 -1.007630408538024e+00
42 32 -1.000289967586674e+00 -1.917509294823718e-03 -8.589579812796531e-04 -1.007636086596710e+00
42 33 -1.000289203187343e+00 -1.915705124715175e-03 -8.597193919715697e-04 -1.007642085664972e+00
42 34 -1.000288393033546e+00 -1.913839883144133e-03 -8.605460759745674e-04 -1.007648351836623e+00
42 35 -1.000287545367718e+00 -1.911929028115152e-03 -8.614414356118103e-04 -1.007654829495650e+00
42 36 -1.000286668819449e+00 -1.909988444153104e-03 -8.624066893175963e-04 -1.007661461527694e+00
42 37 -1.000285772340931e+00 -1.908034475306569e-03 -8.634403586306193e-04 -1.007668189380018e+00
42 38 -1.000284865146662e+00 -1.906083963111736e-03 -8.645378383652729e-04 -1.007674953077009e+00
42 39 -1.000283956646886e+00 -1.904154254488919e-03 -8.656910932765089e-04 -1.007681691302331e+00
42 40 -1.000283056368162e+00 -1.902263156296416e-03 -8.668885215398613e-04 -1.007688341617399e+00
42 41 -1.000282173861084e+00 -1.900428834225378e-03 -8.681150085034285e-04 -1.007694840817185e+00
42 42 -1.000281318600151e+00 -1.898669671134649e-03 -8.693521697278123e-04 -1.007701125372299e+00
42 43 -1.000280499880686e+00 -1.897004102062852e-03 -8.705787645316052e-04 -1.007707131906535e+00
42 44 -1.000279726713439e+00 -1.895450430920189e-03 -8.717712572518029e-04 -1.007712797704957e+00
42 45 -1.000279007713200e+00 -1.894026619128777e-03 -8.729045072283735e-04 -1.007718061298663e+00
42 46 -1.000278350976657e+00 -1.892750029440174e-03 -8.739525706921569e-04 -1.007722863195669e+00
42 47 -1.000277763947023e+00 -1.891637110497050e-03 -8.748895953672616e-04 -1.007727146817008e+00
42 48 -1.000277253267370e+00 -1.890703017498938e-03 -8.756907829870265e-04 -1.007730859659077e+00
42 49 -1.000276824629908e+00 -1.889961180781959e-03 -8.763333851115511e-04 -1.007733954641838e+00
42 50 -1.000276482633312e+00 -1.889422853938823e-03 -8.767976827331472e-04 -1.007736391531922e+00
42 51 -1.000276230662336e+00 -1.889096687247600e-03 -8.770678861161964e-04 -1.007738138282896e+00
42 52 -1.000276070802008e+00 -1.888988372322919e-03 -8.771328884829776e-04 -1.007739172138484e+00
42 53 -1.000276003794054e+00 -1.889100391494014e-03 -8.769868189876514e-04 -1.007739480391309e+00
42 54 -1.000276029038964e+00 -1.889431890248231e-03 -8.766293589032288e-04 -1.007739060745171e+00
42 55 -1.000276144645281e+00 -1.889978680796486e-03 -8.760658001506637e-04 -1.007737921266852e+00
42 56 -1.000276347527001e+00 -1.890733378543037e-03 -8.753068369342989e-04 -1.007736079935903e+00
42 57 -1.000276633547504e+00 -1.891685665348840e-03 -8.743680973147553e-04 -1.007733563824747e+00
42 58 -1.000276997702319e+00 -1.892822660615465e-03 -8.732694464743390e-04 -1.007730407977446e+00
42 59 -1.000277434324481e+00 -1.894129365283672e-03 -8.720341209160612e-04 -1.007726654099500e+00
42 60 -1.000277937289346e+00 -1.895589130874930e-03 -8.706877711474030e-04 -1.007722349206416e+00
42 61 -1.000278500195010e+00 -1.897184102833194e-03 -8.692574922488061e-04 -1.007717544383940e+00
42 62 -1.000279116501224e+00 -1.898895598453678e-03 -8.677709079130588e-04 -1.007712293774977e+00
42 63 -1.000279779621519e+00 -1.900704401693909e-03 -8.662553497315830e-04 -1.007706653835889e+00
43 0 -1.000279566137367e+00 -1.901957391808902e-03 -8.659939433452639e-04 -1.007702955330872e+00
43 1 -1.000280293198167e+00 -1.903876422267380e-03 -8.645105474299750e-04 -1.007696785482506e+00
43 2 -1.000281048651383e+00 -1.905836519498755e-03 -8.630692660657698e-04 -1.007690395346038e+00
43 3 -1.000281826126644e+00 -1.907818309569214e-03 -8.616900168854842e-04 -1.007683846125507e+00
43 4 -1.000282619351221e+00 -1.909802708416710e-03 -8.603899032552701e-04 -1.007677199320759e+00
43 5 -1.000283422178233e+00 -1.911771083454538e-03 -8.591830233726733e-04 -1.007670516207710e+00
43 6 -1.000284228599998e+00 -1.913705392497572e-03 -8.580804075557795e-04 -1.007663857363498e+00
43 7 -1.000285032736439e+00 -1.915588282471939e-03 -8.570900824532369e-04 -1.007657282303829e+00
43 8 -1.000285828797073e+00 -1.917403145888441e-03 -8.562172412311939e-04 -1.007650849248276e+00
43 9 -1.000286611026327e+00 -1.919134152445996e-03 -8.554644806370487e-04 -1.007644614963065e+00
43 10 -1.000287373650743e+00 -1.920766286419373e-03 -8.548320603896103e-04 -1.007638634582747e+00
43 11 -1.000288110848209e+00 -1.922285419570761e-03 -8.543181525196008e-04 -1.007632961310690e+00
43 12 -1.000288816751519e+00 -1.923678433206564e-03 -8.539190706363587e-04 -1.007627645949946e+00
43 13 -1.000289485485465e+00 -1.924933379384248e-03 -8.536294886410360e-04 -1.007622736296063e+00
43 14 -1.000290111225231e+00 -1.926039652044800e-03 -8.534426680436402e-04 -1.007618276489421e+00
43 15 -1.000290688259623e+00 -1.926988132721214e-03 -8.533507135692253e-04 -1.007614306444371e+00
43 16 -1.000291211046156e+00 -1.927771283663507e-03 -8.533448704031134e-04 -1.007610861442059e+00
43 17 -1.000291674253883e+00 -1.928383178375399e-03 -8.534158643366395e-04 -1.007607971913315e+00
43 18 -1.000292072800129e+00 -1.928819477680477e-03 -8.535542722622505e-04 -1.007605663375566e+00
43 19 -1.000292401895005e+00 -1.929077371727771e-03 -8.537509023362528e-04 -1.007603956446036e+00
43 20 -1.000292657108678e+00 -1.929155511595495e-03 -8.539971641634526e-04 -1.007602866845134e+00
43 21 -1.000292834469865e+00 -1.929053949262637e-03 -8.542854145956290e-04 -1.007602405328328e+00
43 22 -1.000292930592629e+00 -1.928774095475022e-03 -8.546092671031828e-04 -1.007602577528848e+00
43 23 -1.000292942818060e+00 -1.928318696032355e-03 -8.549638515145927e-04 -1.007603383735732e+00
43 24 -1.000292869352302e+00 -1.927691821745471e-03 -8.553460103957543e-04 -1.007604818654107e+00
43 25 -1.000292709383846e+00 -1.926898866439529e-03 -8.557544195809333e-04 -1.007606871193648e+00
43 26 -1.000292463168591e+00 -1.925946548025139e-03 -8.561896205598028e-04 -1.007609524320473e+00
43 27 -1.000292132077332e+00 -1.924842905528104e-03 -8.566539517744077e-04 -1.007612755005440e+00
43 28 -1.000291718604378e+00 -1.923597279258332e-03 -8.571513695681347e-04 -1.007616534311421e+00
43 29 -1.000291226338126e+00 -1.922220257296783e-03 -8.576871601045645e-04 -1.007620827666551e+00
43 30 -1.000290659896516e+00 -1.920723576144993e-03 -8.582675556738199e-04 -1.007625595348433e+00
43 31 -1.000290024833433e+00 -1.919119977592404e-03 -8.588992752894657e-04 -1.007630793154876e+00
43 32 -1.000289327525818e+00 -1.917423040547596e-03 -8.595890100457289e-04 -1.007636373182215e+00
43 33 -1.000288575053755e+00 -1.915647017157029e-03 -8.603428732048231e-04 -1.007642284598410e+00
43 34 -1.000287775085917e+00 -1.913806703257340e-03 -8.611658353198581e-04 -1.007648474296817e+00
43 35 -1.000286935780073e+00 -1.911917364539011e-03 -8.620611638835269e-04 -1.007654887348166e+00
43 36 -1.000286065702551e+00 -1.909994723020781e-03 -8.630298860252051e-04 -1.007661467229242e+00
43 37 -1.000285173762874e+00 -1.908054986935467e-03 -8.640702970816903e-04 -1.007668155882593e+00
43 38 -1.000284269153524e+00 -1.906114889656307e-03 -8.651775486975008e-04 -1.007674893719938e+00
43 39 -1.000283361283628e+00 -1.904191700257694e-03 -8.663433589474081e-04 -1.007681619688829e+00
43 40 -1.000282459699823e+00 -1.902303181978624e-03 -8.675558833709655e-04 -1.007688271474429e+00
43 41 -1.000281573994060e+00 -1.900467495593868e-03 -8.687997693347614e-04 -1.007694785840769e+00
43 42 -1.000280713702350e+00 -1.898703059278079e-03 -8.700563963898265e-04 -1.007701099071607e+00
43 43 -1.000279888198716e+00 -1.897028379051220e-03 -8.713042908791248e-04 -1.007707147467300e+00
43 44 -1.000279106586152e+00 -1.895461857145871e-03 -8.725196949855354e-04 -1.007712867881474e+00
43 45 -1.000278377582996e+00 -1.894021575076418e-03 -8.736772664466154e-04 -1.007718198321522e+00
43 46 -1.000277709400695e+00 -1.892725038470033e-03 -8.747508849273257e-04 -1.007723078672518e+00
43 47 -1.000277109609283e+00 -1.891588867219711e-03 -8.757145433395924e-04 -1.007727451613577e+00
43 48 -1.000276584991027e+00 -1.890628422480852e-03 -8.765433013734093e-04 -1.007731263761653e+00
43 49 -1.000276141389325e+00 -1.889857380927906e-03 -8.772142684506472e-04 -1.007734467006616e+00
43 50 -1.000275783565293e+00 -1.889287287673842e-03 -8.777075672950220e-04 -1.007737019927136e+00
43 51 -1.000275515076083e+00 -1.888927131417973e-03 -8.780072182408218e-04 -1.007738889136321e+00
43 52 -1.000275338186592e+00 -1.888782984586194e-03 -8.781018856043943e-04 -1.007740050411078e+00
43 53 -1.000275253822279e+00 -1.888857741718524e-03 -8.779854373023393e-04 -1.007740489495166e+00
43 54 -1.000275261567278e+00 -1.889150977828875e-03 -8.776572792141326e-04 -1.007740202511006e+00
43 55 -1.000275359709912e+00 -1.889658938384744e-03 -8.771224347093602e-04 -1.007739195956194e+00
43 56 -1.000275545336330e+00 -1.890374663666655e-03 -8.763913527892951e-04 -1.007737486293220e+00
43 57 -1.000275814470386e+00 -1.891288240777552e-03 -8.754794495391104e-04 -1.007735099168609e+00
43 58 -1.000276162252501e+00 -1.892387164851907e-03 -8.744064142123865e-04 -1.007732068327788e+00
43 59 -1.000276583142538e+00 -1.893656777016916e-03 -8.731953369773849e-04 -1.007728434329273e+00
43 60 -1.000277071124925e+00 -1.895080733616198e-03 -8.718717350093921e-04 -1.007724243197674e+00
43 61 -1.000277619892327e+00 -1.896641455512924e-03 -8.704625621439808e-04 -1.007719545168688e+00
43 62 -1.000278222989134e+00 -1.898320513823681e-03 -8.689952784925593e-04 -1.007714393651725e+00
43 63 -1.000278873906937e+00 -1.900098929525164e-03 -8.674970288829821e-04 -1.007708844467417e+00
44 0 -1.000278650290235e+00 -1.901239114557927e-03 -8.677967597020680e-04 -1.007705299774034e+00
44 1 -1.000279366675142e+00 -1.903131741002369e-03 -8.663237947694459e-04 -1.007699207045270e+00
44 2 -1.000280112551116e+00 -1.905067743797502e-03 -8.648906555178632e-04 -1.007692885290501e+00
44 3 -1.000280881599297e+00 -1.907027896171626e-03 -8.635171535218319e-04 -1.007686395433161e+00
44 4 -1.000281667586624e+00 -1.908993233929062e-03 -8.622203084111627e-04 -1.007679798792003e+00
44 5 -1.000282464395412e+00 -1.910945220781643e-03 -8.610141511634359e-04 -1.007673156543527e+00
44 6 -1.000283266042267e+00 -1.912865898711597e-03 -8.599096513191833e-04 -1.007666529203816e+00
44 7 -1.000284066673684e+00 -1.914738000609623e-03 -8.589147749044018e-04 -1.007659976213808e+00
44 8 -1.000284860533646e+00 -1.916545016833677e-03 -8.580346559715770e-04 -1.007653555665085e+00
44 9 -1.000285641911534e+00 -1.918271230556234e-03 -8.572718411181994e-04 -1.007647324124925e+00
44 10 -1.000286405088951e+00 -1.919901753041769e-03 -8.566265596008123e-04 -1.007641336461093e+00
44 11 -1.000287144305250e+00 -1.921422588711111e-03 -8.560969846019111e-04 -1.007635645566519e+00
44 12 -1.000287853754050e+00 -1.922820743816290e-03 -8.556794723252264e-04 -1.007630301935140e+00
44 13 -1.000288527611872e+00 -1.924084371937181e-03 -8.553687839231966e-04 -1.007625353109326e+00
44 14 -1.000289160089927e+00 -1.925202932306142e-03 -8.551583084414981e-04 -1.007620843077349e+00
44 15 -1.000289745493941e+00 -1.926167327933017e-03 -8.550403118493070e-04 -1.007616811728757e+00
44 16 -1.000290278277415e+00 -1.926969993863661e-03 -8.550062325198301e-04 -1.007613294462854e+00
44 17 -1.000290753081846e+00 -1.927604922152005e-03 -8.550470263317700e-04 -1.007610321989477e+00
44 18 -1.000291164769713e+00 -1.928067631422563e-03 -8.551535455443769e-04 -1.007607920287813e+00
44 19 -1.000291508465073e+00 -1.928355103614336e-03 -8.553169271286897e-04 -1.007606110638267e+00
44 20 -1.000291779617454e+00 -1.928465713319068e-03 -8.555289683500176e-04 -1.007604909635871e+00
44 21 -1.000291974097879e+00 -1.928399169407831e-03 -8.557824710978369e-04 -1.007604329121924e+00
44 22 -1.000292088325478e+00 -1.928156479525341e-03 -8.560715383640052e-04 -1.007604376012986e+00
44 23 -1.000292119413027e+00 -1.927739938219175e-03 -8.563918106818644e-04 -1.007605052048077e+00
44 24 -1.000292065313033e+00 -1.927153131794697e-03 -8.567406371864994e-04 -1.007606353504085e+00
44 25 -1.000291924945223e+00 -1.926400950824429e-03 -8.571171774366775e-04 -1.007608270935496e+00
44 26 -1.000291698291531e+00 -1.925489603385409e-03 -8.575224234094002e-04 -1.007610788982470e+00
44 27 -1.000291386452160e+00 -1.924426622153330e-03 -8.579591254213002e-04 -1.007613886281960e+00
44 28 -1.000290991661455e+00 -1.923220853459123e-03 -8.584316104920707e-04 -1.007617535521828e+00
44 29 -1.000290517264581e+00 -1.921882412387927e-03 -8.589454934245077e-04 -1.007621703682082e+00
44 30 -1.000289967657813e+00 -1.920422592829208e-03 -8.595072900940456e-04 -1.007626352486924e+00
44 31 -1.000289348198477e+00 -1.918853734508724e-03 -8.601239477820234e-04 -1.007631439045762e+00
44 32 -1.000288665094115e+00 -1.917189063028655e-03 -8.608023141648318e-04 -1.007636916612194e+00
44 33 -1.000287925282907e+00 -1.915442528569529e-03 -8.615485737156087e-04 -1.007642735355531e+00
44 34 -1.000287136317938e+00 -1.913628672785157e-03 -8.623676798774741e-04 -1.007648843028335e+00
44 35 -1.000286306265839e+00 -1.911762548645629e-03 -8.632628027683484e-04 -1.007655185436133e+00
44 36 -1.000285443624473e+00 -1.909859701202195e-03 -8.642348065622424e-04 -1.007661706678683e+00
44 37 -1.000284557256099e+00 -1.907936193179458e-03 -8.652817766696080e-04 -1.007668349215658e+00
44 38 -1.000283656326177e+00 -1.906008641470871e-03 -8.663986285264517e-04 -1.007675053868355e+00
44 39 -1.000282750237083e+00 -1.904094229129495e-03 -8.675768351436436e-04 -1.007681759872544e+00
44 40 -1.000281848549849e+00 -1.902210669549822e-03 -8.688043060727951e-04 -1.007688405056532e+00
44 41 -1.000280960892157e+00 -1.900376115308566e-03 -8.700654408815071e-04 -1.007694926165378e+00
44 42 -1.000280096854986e+00 -1.898609017146660e-03 -8.713413680237291e-04 -1.007701259309001e+00
44 43 -1.000279265882535e+00 -1.896927946555022e-03 -8.726103639194771e-04 -1.007707340488477e+00
44 44 -1.000278477159377e+00 -1.895351395044087e-03 -8.738484306895517e-04 -1.007713106163335e+00
44 45 -1.000277739494965e+00 -1.893897552328126e-03 -8.750300031463596e-04 -1.007718493866784e+00
44 46 -1.000277061201149e+00 -1.892584050822674e-03 -8.761287589569038e-04 -1.007723442928781e+00
44 47 -1.000276449957943e+00 -1.891427658010225e-03 -8.771185110823459e-04 -1.007727895383310e+00
44 48 -1.000275912667725e+00 -1.890443908233939e-03 -8.779741579020441e-04 -1.007731797095941e+00
44 49 -1.000275455305121e+00 -1.889646685139915e-03 -8.786726543280483e-04 -1.007735099075050e+00
44 50 -1.000275082774553e+00 -1.889047783620232e-03 -8.791939562964511e-04 -1.007737758865959e+00
44 51 -1.000274798788298e+00 -1.888656489453404e-03 -8.795218875648227e-04 -1.007739741892896e+00
44 52 -1.000274605776254e+00 -1.888479216336935e-03 -8.796448794318711e-04 -1.007741022608878e+00
44 53 -1.000274504835778e+00 -1.888519235364202e-03 -8.795565365103300e-04 -1.007741585334649e+00
44 54 -1.000274495726644e+00 -1.888776522256487e-03 -8.792559855926603e-04 -1.007741424709883e+00
44 55 -1.000274576913261e+00 -1.889247735429638e-03 -8.787479736150211e-04 -1.007740545729485e+00
44 56 -1.000274745654173e+00 -1.889926327048875e-03 -8.780426959641237e-04 -1.007738963376877e+00
44 57 -1.000274998136770e+00 -1.890802780661973e-03 -8.771553560973761e-04 -1.007736701890418e+00
44 58 -1.000275329650899e+00 -1.891864959739169e-03 -8.761054807403537e-04 -1.007733793721589e+00
44 59 -1.000275734788293e+00 -1.893098538338189e-03 -8.749160421726320e-04 -1.007730278277685e+00
44 60 -1.000276207647459e+00 -1.894487470081615e-03 -8.736124664006942e-04 -1.007726200582362e+00
44 61 -1.000276742020049e+00 -1.896014442498243e-03 -8.722216215326976e-04 -1.007721610010207e+00
44 62 -1.000277331538192e+00 -1.897661269238846e-03 -8.707708718413966e-04 -1.007716559230847e+00
44 63 -1.000277969773177e+00 -1.899409194617085e-03 -8.692872499889852e-04 -1.007711103428860e+00
45 0 -1.000277743674930e+00 -1.900442079579373e-03 -8.701233360432362e-04 -1.007707701175072e+00
45 1 -1.000278448718673e+00 -1.902307642983769e-03 -8.686586877259653e-04 -1.007701689869570e+00
45 2 -1.000279184241919e+00 -1.904218543317678e-03 -8.672318581294408e-04 -1.007695441801179e+00
45 3 -1.000279943983567e+00 -1.906155700466815e-03 -8.658626076624406e-04 -1.007689017574409e+00
45 4 -1.000280721758153e+00 -1.908100274803312e-03 -8.645679178664723e-04 -1.007682478275252e+00
45 5 -1.000281511487183e+00 -1.910033837763353e-03 -8.633617878607338e-04 -1.007675884911639e+00
45 6 -1.000282307222302e+00 -1.911938531801661e-03 -8.622551530725127e-04 -1.007669297858816e+00
45 7 -1.000283103146165e+00 -1.913797193809381e-03 -8.612559369742899e-04 -1.007662776403861e+00
45 8 -1.000283893545307e+00 -1.915593431566465e-03 -8.603692206355901e-04 -1.007656378433489e+00
45 9 -1.000284672762165e+00 -1.917311665783180e-03 -8.595974916289065e-04 -1.007650160231821e+00
45 10 -1.000285435142639e+00 -1.918937165225543e-03 -8.589409260433114e-04 -1.007644176301521e+00
45 11 -1.000286174997411e+00 -1.920456102622797e-03 -8.583976655610939e-04 -1.007638479116768e+00
45 12 -1.000286886590639e+00 -1.921855647947469e-03 -8.579640688872211e-04 -1.007633118750541e+00
45 13 -1.000287564160701e+00 -1.923124098404786e-03 -8.576349377361650e-04 -1.007628142375036e+00
45 14 -1.000288201966513e+00 -1.924251025214922e-03 -8.574037373405755e-04 -1.007623593698435e+00
45 15 -1.000288794343960e+00 -1.925227403636079e-03 -8.572628417460115e-04 -1.007619512447299e+00
45 16 -1.000289335756325e+00 -1.926045694171806e-03 -8.572038277797109e-04 -1.007615933998328e+00
45 17 -1.000289820831726e+00 -1.926699860609641e-03 -8.572178222023037e-04 -1.007612889201764e+00
45 18 -1.000290244393400e+00 -1.927185333177423e-03 -8.572958872691709e-04 -1.007610404360270e+00
45 19 -1.000290601497124e+00 -1.927498939642794e-03 -8.574294198494515e-04 -1.007608501278320e+00
45 20 -1.000290887490831e+00 -1.927638830195591e-03 -8.576105367907295e-04 -1.007607197291727e+00
45 21 -1.000291098106351e+00 -1.927604417580835e-03 -8.578324204146221e-04 -1.007606505209623e+00
45 22 -1.000291229584374e+00 -1.927396345345125e-03 -8.580896041416441e-04 -1.007606433138560e+00
45 23 -1.000291278822890e+00 -1.927016485617123e-03 -8.583781897947393e-04 -1.007606984203833e+00
45 24 -1.000291243530348e+00 -1.926467957865522e-03 -8.586959976185268e-04 -1.007608156221697e+00
45 25 -1.000291122362572e+00 -1.925755156755151e-03 -8.590426491090441e-04 -1.007609941388556e+00
45 26 -1.000290915027762e+00 -1.924883779490300e-03 -8.594195742134120e-04 -1.007612326040717e+00
45 27 -1.000290622352059e+00 -1.923860844252042e-03 -8.598299292595791e-04 -1.007615290523888e+00
45 28 -1.000290246303750e+00 -1.922694688532415e-03 -8.602784147677322e-04 -1.007618809210477e+00
45 29 -1.000289789976875e+00 -1.921394933974588e-03 -8.607709882819957e-04 -1.007622850703502e+00
45 30 -1.000289257537132e+00 -1.919972408152343e-03 -8.613144736589943e-04 -1.007627378249430e+00
45 31 -1.000288654136052e+00 -1.918439023443246e-03 -8.619160786772161e-04 -1.007632350344957e+00
45 32 -1.000287985802681e+00 -1.916807625382482e-03 -8.625828475070121e-04 -1.007637721475845e+00
45 33 -1.000287259324688e+00 -1.915091834581296e-03 -8.633210837578695e-04 -1.007643442884287e+00
45 34 -1.000286482131956e+00 -1.913305912959296e-03 -8.641357756869665e-04 -1.007649463242779e+00
45 35 -1.000285662193680e+00 -1.911464680234454e-03 -8.650300441997882e-04 -1.007655729136145e+00
45 36 -1.000284807933898e+00 -1.909583488760328e-03 -8.660046295591630e-04 -1.007662185319458e+00
45 37 -1.000283928162466e+00 -1.907678242326410e-03 -8.670574371386264e-04 -1.007668774798308e+00
45 38 -1.000283032012712e+00 -1.905765429357813e-03 -8.681831682325636e-04 -1.007675438830781e+00
45 39 -1.000282128875504e+00 -1.903862137867849e-03 -8.693730639825592e-04 -1.007682116961635e+00
45 40 -1.000281228321690e+00 -1.901986025757359e-03 -8.706147911960670e-04 -1.007688747176300e+00
45 41 -1.000280340009268e+00 -1.900155232524118e-03 -8.718924975095837e-04 -1.007695266216400e+00
45 42 -1.000279473577081e+00 -1.898388234845692e-03 -8.731870529020363e-04 -1.007701610041761e+00
45 43 -1.000278638530859e+00 -1.896703661907589e-03 -8.744764737492660e-04 -1.007707714383275e+00
45 44 -1.000277844126951e+00 -1.895120087051161e-03 -8.757365062289595e-04 -1.007713515337317e+00
45 45 -1.000277099254286e+00 -1.893655799136790e-03 -8.769413398534294e-04 -1.007718950004100e+00
45 46 -1.000276412310320e+00 -1.892328541812926e-03 -8.780644258766300e-04 -1.007723957226210e+00
45 47 -1.000275791066725e+00 -1.891155205108158e-03 -8.790793762009951e-04 -1.007728478494772e+00
45 48 -1.000275242525307e+00 -1.890151463379478e-03 -8.799609113455026e-04 -1.007732459054308e+00
45 49 -1.000274772770470e+00 -1.889331368786020e-03 -8.806858182751870e-04 -1.007735849179914e+00
45 50 -1.000274386828535e+00 -1.888706923365374e-03 -8.812338763932012e-04 -1.007738605545387e+00
45 51 -1.000274088545981e+00 -1.888287663609516e-03 -8.815887094430193e-04 -1.007740692558356e+00
45 52 -1.000273880498323e+00 -1.888080297210183e-03 -8.817385181600873e-04 -1.007742083519398e+00
45 53 -1.000273763938702e+00 -1.888088428764089e-03 -8.816766465715041e-04 -1.007742761479322e+00
45 54 -1.000273738791050e+00 -1.888312399898174e-03 -8.814019395294489e-04 -1.007742719717323e+00
45 55 -1.000273803689162e+00 -1.888749255852419e-03 -8.809188592887504e-04 -1.007741961815839e+00
45 56 -1.000273956061351e+00 -1.889392841227383e-03 -8.802373397715339e-04 -1.007740501342301e+00
45 57 -1.000274192259218e+00 -1.890234021595081e-03 -8.793723699695074e-04 -1.007738361165904e+00
45 58 -1.000274507725605e+00 -1.891261019012036e-03 -8.783433205646857e-04 -1.007735572459243e+00
45 59 -1.000274897189966e+00 -1.892459834670208e-03 -8.771730625123181e-04 -1.007732173472404e+00
45 60 -1.000275354871589e+00 -1.893814714883073e-03 -8.758869612991825e-04 -1.007728208210884e+00
45 61 -1.000275874666731e+00 -1.895308606744295e-03 -8.745118474212831e-04 -1.007723725172646e+00
45 62 -1.000276450298776e+00 -1.896923555337096e-03 -8.730750524021332e-04 -1.007718776279981e+00
45 63 -1.000277075420970e+00 -1.898641015572932e-03 -8.716035665552088e-04 -1.007713416076632e+00
46 0 -1.000276854767304e+00 -1.899573127945771e-03 -8.729468624343589e-04 -1.007710142894038e+00
46 1 -1.000277547842554e+00 -1.901411066618915e-03 -8.714886311523637e-04 -1.007704217018435e+00
46 2 -1.000278272264585e+00 -1.903295935311318e-03 -8.700664912082679e-04 -1.007698047723625e+00
46 3 -1.000279021836431e+00 -1.905208800437106e-03 -8.687002060176631e-04 -1.007691695253378e+00
46 4 -1.000279790429278e+00 -1.907130953842732e-03 -8.674067642430122e-04 -1.007685220399710e+00
46 5 -1.000280572014633e+00 -1.909044087325953e-03 -8.662001711334488e-04 -1.007678683926381e+00
46 6 -1.000281360689758e+00 -1.910930458870109e-03 -8.650913594306814e-04 -1.007672145989489e+00
46 7 -1.000282150683045e+00 -1.912773025954217e-03 -8.640882318745396e-04 -1.007665665645003e+00
46 8 -1.000282936333084e+00 -1.914555534179725e-03 -8.631958248117070e-04 -1.007659300491765e+00
46 9 -1.000283712045445e+00 -1.916262567640882e-03 -8.624165606597082e-04 -1.007653106437157e+00
46 10 -1.000284472240257e+00 -1.917879582531769e-03 -8.617505438245583e-04 -1.007647137519482e+00
46 11 -1.000285211308612e+00 -1.919392952070890e-03 -8.611958552295093e-04 -1.007641445695148e+00
46 12 -1.000285923594231e+00 -1.920790045126596e-03 -8.607488167633243e-04 -1.007636080513961e+00
46 13 -1.000286603407590e+00 -1.922059342581584e-03 -8.604042234831331e-04 -1.007631088665013e+00
46 14 -1.000287245066606e+00 -1.923190572176100e-03 -8.601555656769474e-04 -1.007626513453519e+00
46 15 -1.000287842948399e+00 -1.924174827949389e-03 -8.599952728193430e-04 -1.007622394318578e+00
46 16 -1.000288391536751e+00 -1.925004643301360e-03 -8.599150045856490e-04 -1.007618766491467e+00
46 17 -1.000288885458374e+00 -1.925674003631255e-03 -8.599059973500419e-04 -1.007615660835072e+00
46 18 -1.000289319511997e+00 -1.926178304475350e-03 -8.599594561352377e-04 -1.007613103836589e+00
46 19 -1.000289688702364e+00 -1.926514275688494e-03 -8.600669663810316e-04 -1.007611117678203e+00
46 20 -1.000289988294396e+00 -1.926679898874434e-03 -8.602208907372660e-04 -1.007609720292649e+00
46 21 -1.000290213899991e+00 -1.926674343407651e-03 -8.604147176023884e-04 -1.007608925322808e+00
46 22 -1.000290361600935e+00 -1.926497936334901e-03 -8.606433403916064e-04 -1.007608741945065e+00
46 23 -1.000290428098792e+00 -1.926152167322947e-03 -8.609032617999578e-04 -1.007609174571140e+00
46 24 -1.000290410872829e+00 -1.925639718873078e-03 -8.611927259733955e-04 -1.007610222485886e+00
46 25 -1.000290308324735e+00 -1.924964508413737e-03 -8.615117810289115e-04 -1.007611879491196e+00
46 26 -1.000290119893696e+00 -1.924131730191118e-03 -8.618622694704938e-04 -1.007614133615798e+00
46 27 -1.000289846132357e+00 -1.923147886245891e-03 -8.622477389001766e-04 -1.007616966937326e+00
46 28 -1.000289488740073e+00 -1.922020795515954e-03 -8.626732609411479e-04 -1.007620355556739e+00
46 29 -1.000289050553854e+00 -1.920759570019014e-03 -8.631451451886005e-04 -1.007624269760266e+00
46 30 -1.000288535500541e+00 -1.919374549536401e-03 -8.636705429300853e-04 -1.007628674389563e+00
46 31 -1.000287948516251e+00 -1.917877193072006e-03 -8.642569529274253e-04 -1.007633529410148e+00
46 32 -1.000287295441718e+00 -1.916279937097193e-03 -8.649116594164731e-04 -1.007638790622844e+00
46 33 -1.000286582905006e+00 -1.914596043795533e-03 -8.656411398946141e-04 -1.007644410417430e+00
46 34 -1.000285818204785e+00 -1.912839469539373e-03 -8.664504764839860e-04 -1.007650338447021e+00
46 35 -1.000285009205708e+00 -1.911024778555997e-03 -8.673427974793512e-04 -1.007656522124388e+00
46 36 -1.000284164251511e+00 -1.909167110788376e-03 -8.683187705633918e-04 -1.007662906901424e+00
46 37 -1.000283292093912e+00 -1.907282194009238e-03 -8.693761657778611e-04 -1.007669436364077e+00
46 38 -1.000282401829340e+00 -1.905386375157257e-03 -8.705095051751251e-04 -1.007676052231430e+00
46 39 -1.000281502832950e+00 -1.903496638076340e-03 -8.717098203779931e-04 -1.007682694373922e+00
46 40 -1.000280604680652e+00 -1.901630577029654e-03 -8.729645470963903e-04 -1.007689300953120e+00
46 41 -1.000279717054649e+00 -1.899806308853059e-03 -8.742575867590462e-04 -1.007695808734567e+00
46 42 -1.000278849634392e+00 -1.898042326134349e-03 -8.755695524176907e-04 -1.007702153558923e+00
46 43 -1.000278011979172e+00 -1.896357307555521e-03 -8.768781951724289e-04 -1.007708270914874e+00
46 44 -1.000277213407873e+00 -1.894769901056825e-03 -8.781589917196687e-04 -1.007714096565493e+00
46 45 -1.000276462877033e+00 -1.893298484153456e-03 -8.793858677743081e-04 -1.007719567224092e+00
46 46 -1.000275768854439e+00 -1.891960894575105e-03 -8.805320294686485e-04 -1.007724621318124e+00
46 47 -1.000275139185173e+00 -1.890774120966157e-03 -8.815708700130823e-04 -1.007729199893582e+00
46 48 -1.000274580950124e+00 -1.889753947887535e-03 -8.824769148163432e-04 -1.007733247694133e+00
46 49 -1.000274100321451e+00 -1.888914559556367e-03 -8.832267683286615e-04 -1.007736714406041e+00
46 50 -1.000273702423977e+00 -1.888268120987091e-03 -8.838000265162368e-04 -1.007739556001254e+00
46 51 -1.000273391214649e+00 -1.887824369412110e-03 -8.841801154302031e-04 -1.007741736056649e+00
46 52 -1.000273169392343e+00 -1.887590255783231e-03 -8.843550119017045e-04 -1.007743226904959e+00
46 53 -1.000273038346877e+00 -1.887569671494079e-03 -8.843178038169686e-04 -1.007744010495523e+00
46 54 -1.000272998151184e+00 -1.887763283336314e-03 -8.840670542383995e-04 -1.007744078893233e+00
46 55 -1.000273047597340e+00 -1.888168488624210e-03 -8.836069386360650e-04 -1.007743434390382e+00
46 56 -1.000273184276501e+00 -1.888779496155440e-03 -8.829471265702140e-04 -1.007742089233280e+00
46 57 -1.000273404702098e+00 -1.889587533206687e-03 -8.821023887478216e-04 -1.007740064983897e+00
46 58 -1.000273704472098e+00 -1.890581168239788e-03 -8.810919374895444e-04 -1.007737391563970e+00
46 59 -1.000274078459086e+00 -1.891746722818149e-03 -8.799385487671118e-04 -1.007734106068642e+00
46 60 -1.000274521009569e+00 -1.893068730098378e-03 -8.786675499542855e-04 -1.007730251475665e+00
46 61 -1.000275026130032e+00 -1.894530388848871e-03 -8.773057738304545e-04 -1.007725875395179e+00
46 62 -1.000275587639647e+00 -1.896113966159938e-03 -8.758805716708218e-04 -1.007721028990048e+00
46 63 -1.000276199277907e+00 -1.897801118806856e-03 -8.744189507024497e-04 -1.007715766145772e+00
47 0 -1.000275992219674e+00 -1.898640002440677e-03 -8.762363925150441e-04 -1.007712606446817e+00
47 1 -1.000276672745119e+00 -1.900449859108918e-03 -8.747829174356349e-04 -1.007706769667115e+00
47 2 -1.000277385351697e+00 -1.902307851836697e-03 -8.733640800998028e-04 -1.007700683979483e+00
47 3 -1.000278123914575e+00 -1.904195197044229e-03 -8.719996975854225e-04 -1.007694409211290e+00
47 4 -1.000278882371454e+00 -1.906093326559555e-03 -8.707068119967027e-04 -1.007688005791594e+00
47 5 -1.000279654754112e+00 -1.907984063648421e-03 -8.694994771854332e-04 -1.007681534166345e+00
47 6 -1.000280435215614e+00 -1.909849795313697e-03 -8.683886585009712e-04 -1.007675054195967e+00
47 7 -1.000281218040778e+00 -1.911673617349242e-03 -8.673822620827300e-04 -1.007668624620861e+00
47 8 -1.000281997631461e+00 -1.913439435640790e-03 -8.664852913655885e-04 -1.007662302658810e+00
47 9 -1.000282768466959e+00 -1.915132022943483e-03 -8.657001034678675e-04 -1.007656143745664e+00
47 10 -1.000283525050935e+00 -1.916737049693268e-03 -8.650267180131457e-04 -1.007650201363663e+00
47 11 -1.000284261863967e+00 -1.918241119552184e-03 -8.644631278170258e-04 -1.007644526857040e+00
47 12 -1.000284973339551e+00 -1.919631835499871e-03 -8.640055782963204e-04 -1.007639169147188e+00
47 13 -1.000285653871318e+00 -1.920897901782174e-03 -8.636488109594215e-04 -1.007634174326024e+00
47 14 -1.000286297846482e+00 -1.922029243909642e-03 -8.633862909126821e-04 -1.007629585182655e+00
47 15 -1.000286899692471e+00 -1.923017116325347e-03 -8.632104496649035e-04 -1.007625440760133e+00
47 16 -1.000287453922855e+00 -1.923854169109611e-03 -8.631129719017706e-04 -1.007621776032764e+00
47 17 -1.000287955174056e+00 -1.924534457296862e-03 -8.630851411802328e-04 -1.007618621752998e+00
47 18 -1.000288398233516e+00 -1.925053393953991e-03 -8.631182383217411e-04 -1.007616004457894e+00
47 19 -1.000288778069961e+00 -1.925407666013617e-03 -8.632039646028436e-04 -1.007613946566247e+00
47 20 -1.000289089882482e+00 -1.925595143057923e-03 -8.633348495779834e-04 -1.007612466462996e+00
47 21 -1.000289329182981e+00 -1.925614808004116e-03 -8.635046062790677e-04 -1.007611578477503e+00
47 22 -1.000289491916196e+00 -1.925466726197434e-03 -8.637084105787621e-04 -1.007611292711986e+00
47 23 -1.000289574608693e+00 -1.925152053974702e-03 -8.639430970944107e-04 -1.007611614735685e+00
47 24 -1.000289574529124e+00 -1.924673077070142e-03 -8.642072747248087e-04 -1.007612545200061e+00
47 25 -1.000289489839537e+00 -1.924033264954192e-03 -8.645013694668749e-04 -1.007614079443628e+00
47 26 -1.000289319720140e+00 -1.923237326765059e-03 -8.648276000210476e-04 -1.007616207151997e+00
47 27 -1.000289064455506e+00 -1.922291255629098e-03 -8.651898824868094e-04 -1.007618912129495e+00
47 28 -1.000288725476800e+00 -1.921202349889306e-03 -8.655936489386843e-04 -1.007622172227360e+00
47 29 -1.000288305360549e+00 -1.919979201461172e-03 -8.660455609675816e-04 -1.007625959461220e+00
47 30 -1.000287807788076e+00 -1.918631643820467e-03 -8.665531096596744e-04 -1.007630240335045e+00
47 31 -1.000287237471470e+00 -1.917170657577818e-03 -8.671241130472099e-04 -1.007634976363409e+00
47 32 -1.000286600053740e+00 -1.915608241911100e-03 -8.677661397702226e-04 -1.007640124744196e+00
47 33 -1.000285901993907e+00 -1.913957272322363e-03 -8.684858971100504e-04 -1.007645639090076e+00
47 34 -1.000285150450358e+00 -1.912231372507435e-03 -8.692886231810898e-04 -1.007651470101800e+00
47 35 -1.000284353174762e+00 -1.910444825370063e-03 -8.701775184281918e-04 -1.007657566079407e+00
47 36 -1.000283518423213e+00 -1.908612535412548e-03 -8.711532414453533e-04 -1.007663873219752e+00
47 37 -1.000282654883394e+00 -1.906750036345135e-03 -8.722134832334105e-04 -1.007670335721990e+00
47 38 -1.000281771609943e+00 -1.904873520247158e-03 -8.733526308436914e-04 -1.007676895788066e+00
47 39 -1.000280877957295e+00 -1.902999854767307e-03 -8.745615387375264e-04 -1.007683493636956e+00
47 40 -1.000279983500536e+00 -1.901146557268222e-03 -8.758274355553533e-04 -1.007690067637402e+00
47 41 -1.000279097939512e+00 -1.899331708432487e-03 -8.771339938442919e-04 -1.007696554613651e+00
47 42 -1.000278230987372e+00 -1.897573805325410e-03 -8.784615787186859e-04 -1.007702890318982e+00
47 43 -1.000277392249133e+00 -1.895891566284436e-03 -8.797876758962742e-04 -1.007709010031679e+00
47 44 -1.000276591096285e+00 -1.894303702556161e-03 -8.810874861415867e-04 -1.007714849223522e+00
47 45 -1.000275836540410e+00 -1.892828665626565e-03 -8.823346617496129e-04 -1.007720344278532e+00
47 46 -1.000275137104717e+00 -1.891484369630063e-03 -8.835021509835411e-04 -1.007725433280706e+00
47 47 -1.000274500690689e+00 -1.890287880978122e-03 -8.845631116427459e-04 -1.007730056918069e+00
47 48 -1.000273934438760e+00 -1.889255067579923e-03 -8.854918564635707e-04 -1.007734159545232e+00
47 49 -1.000273444586507e+00 -1.888400209803994e-03 -8.862647955707716e-04 -1.007737690403477e+00
47 50 -1.000273036332946e+00 -1.887735591147811e-03 -8.868613392821818e-04 -1.007740604933913e+00
47 51 -1.000272713720904e+00 -1.887271100377003e-03 -8.872647209099590e-04 -1.007742866066574e+00
47 52 -1.000272479549208e+00 -1.887013881599959e-03 -8.874627006315767e-04 -1.007744445351101e+00
47 53 -1.000272335322838e+00 -1.886968063695657e-03 -8.874481177568352e-04 -1.007745323815582e+00
47 54 -1.000272281244603e+00 -1.887134591119813e-03 -8.872192616486214e-04 -1.007745492481628e+00
47 55 -1.000272316249106e+00 -1.887511170075036e-03 -8.867800275379888e-04 -1.007744952503512e+00
47 56 -1.000272438079230e+00 -1.888092338191913e-03 -8.861398212663687e-04 -1.007743714927903e+00
47 57 -1.000272643404533e+00 -1.888869658755356e-03 -8.853131891795849e-04 -1.007741800094367e+00
47 58 -1.000272927977310e+00 -1.889832029161161e-03 -8.843191787344976e-04 -1.007739236725234e+00
47 59 -1.000273286815873e+00 -1.890966078725097e-03 -8.831804729934918e-04 -1.007736060787385e+00
47 60 -1.000273714398387e+00 -1.892256617217542e-03 -8.819223764596126e-04 -1.007732314239691e+00
47 61 -1.000274204847030e+00 -1.893687086824346e-03 -8.805717516638765e-04 -1.007728043798220e+00
47 62 -1.000274752082854e+00 -1.895239970376135e-03 -8.791560075504117e-04 -1.007723299847375e+00
47 63 -1.000275349937579e+00 -1.896897120961941e-03 -8.777022165230143e-04 -1.007718135588650e+00
48 0 -1.000275164779180e+00 -1.897651299706122e-03 -8.799572714881075e-04 -1.007715071464939e+00
48 1 -1.000275832230876e+00 -1.899432737989646e-03 -8.785071417067023e-04 -1.007709327033086e+00
48 2 -1.000276532353309e+00 -1.901263112664857e-03 -8.770904622345243e-04 -1.007703329460422e+00
48 3 -1.000277259103107e+00 -1.903123796298316e-03 -8.757271515815068e-04 -1.007697138091580e+00
48 4 -1.000278006494221e+00 -1.904996368752332e-03 -8.744343529577081e-04 -1.007690812922204e+00
48 5 -1.000278768628788e+00 -1.906862795092529e-03 -8.732262129149437e-04 -1.007684414005890e+00
48 6 -1.000279539726858e+00 -1.908705606238397e-03 -8.721137657801837e-04 -1.007678000822634e+00
48 7 -1.000280314141726e+00 -1.910508055944256e-03 -8.711049485060769e-04 -1.007671631702950e+00
48 8 -1.000281086349853e+00 -1.912254232069517e-03 -8.702047500843163e-04 -1.007665363389591e+00
48 9 -1.000281850913988e+00 -1.913929118208545e-03 -8.694154692676796e-04 -1.007659250759110e+00
48 10 -1.000282602430594e+00 -1.915518623958670e-03 -8.687370320558731e-04 -1.007653346648842e+00
48 11 -1.000283335480147e+00 -1.917009614083460e-03 -8.681673176900147e-04 -1.007647701690733e+00
48 12 -1.000284044597316e+00 -1.918389961505628e-03 -8.677024572166098e-04 -1.007642364067912e+00
48 13 -1.000284724269629e+00 -1.919648631531681e-03 -8.673370932879844e-04 -1.007637379166221e+00
48 14 -1.000285368963021e+00 -1.920775785389576e-03 -8.670646150926320e-04 -1.007632789155377e+00
48 15 -1.000285973164314e+00 -1.921762877619654e-03 -8.668774002568553e-04 -1.007628632578418e+00
48 16 -1.000286531426606e+00 -1.922602718055109e-03 -8.667670986203555e-04 -1.007624944041425e+00
48 17 -1.000287038406293e+00 -1.923289477456685e-03 -8.667249782404479e-04 -1.007621754068851e+00
48 18 -1.000287488890277e+00 -1.923818634865183e-03 -8.667423285773208e-04 -1.007619089126001e+00
48 19 -1.000287877823880e+00 -1.924186886047175e-03 -8.668108922001616e-04 -1.007616971738325e+00
48 20 -1.000288200356683e+00 -1.924392044800855e-03 -8.669232839967320e-04 -1.007615420598446e+00
48 21 -1.000288451920754e+00 -1.924432967028716e-03 -8.670733576083446e-04 -1.007614450565465e+00
48 22 -1.000288628346036e+00 -1.924309515320249e-03 -8.672564898127440e-04 -1.007614072510329e+00
48 23 -1.000288726006399e+00 -1.924022567286182e-03 -8.674697707150254e-04 -1.007614293014977e+00
48 24 -1.000288741981024e+00 -1.923574059487846e-03 -8.677121048886067e-04 -1.007615113972596e+00
48 25 -1.000288674211247e+00 -1.922967052131126e-03 -8.679842380731514e-04 -1.007616532158172e+00
48 26 -1.000288521633467e+00 -1.922205797605579e-03 -8.682887205276135e-04 -1.007618538843777e+00
48 27 -1.000288284274153e+00 -1.921295797512679e-03 -8.686298046741603e-04 -1.007621119523673e+00
48 28 -1.000287963300823e+00 -1.920243836142641e-03 -8.690132611461402e-04 -1.007624253796609e+00
48 29 -1.000287561029498e+00 -1.919057981498653e-03 -8.694460930974436e-04 -1.007627915435152e+00
48 30 -1.000287080892506e+00 -1.917747547712972e-03 -8.699361365858539e-04 -1.007632072656786e+00
48 31 -1.000286527371707e+00 -1.916323016899530e-03 -8.704915519141042e-04 -1.007636688591818e+00
48 32 -1.000285905904061e+00 -1.914795926252444e-03 -8.711202310917221e-04 -1.007641721910017e+00
48 33 -1.000285222769937e+00 -1.913178737059615e-03 -8.718291631278416e-04 -1.007647127524620e+00
48 34 -1.000284484977629e+00 -1.911484711510636e-03 -8.726238050695044e-04 -1.007652857258883e+00
48 35 -1.000283700156856e+00 -1.909727823695930e-03 -8.735074999498632e-04 -1.007658860364138e+00
48 36 -1.000282876468474e+00 -1.907922719420731e-03 -8.744809679905284e-04 -1.007665083829378e+00
48 37 -1.000282022529608e+00 -1.906084719758196e-03 -8.755418845890585e-04 -1.007671472500273e+00
48 38 -1.000281147346866e+00 -1.904229845490746e-03 -8.766845551665745e-04 -1.007677969091582e+00
48 39 -1.000280260247483e+00 -1.902374831335294e-03 -8.778997018302646e-04 -1.007684514204922e+00
48 40 -1.000279370799065e+00 -1.900537101009547e-03 -8.791743831620838e-04 -1.007691046453072e+00
48 41 -1.000278488712307e+00 -1.898734683740498e-03 -8.804920703084664e-04 -1.007697502755184e+00
48 42 -1.000277623726551e+00 -1.896986066733929e-03 -8.818328977576291e-04 -1.007703818815841e+00
48 43 -1.000276785483451e+00 -1.895309992536032e-03 -8.831740956886183e-04 -1.007709929750721e+00
48 44 -1.000275983396145e+00 -1.893725218527218e-03 -8.844905940055152e-04 -1.007715770798082e+00
48 45 -1.000275226518705e+00 -1.892250252699193e-03 -8.857557709844567e-04 -1.007721278075885e+00
48 46 -1.000274523415662e+00 -1.890903068143468e-03 -8.869423087344046e-04 -1.007726389394007e+00
48 47 -1.000273882028568e+00 -1.889700788659726e-03 -8.880231158430596e-04 -1.007731045168187e+00
48 48 -1.000273309538200e+00 -1.888659338342860e-03 -8.889722794480301e-04 -1.007735189476526e+00
48 49 -1.000272812225752e+00 -1.887793058702335e-03 -8.897660082577000e-04 -1.007738771255017e+00
48 50 -1.000272395341129e+00 -1.887114310727661e-03 -8.903835258598005e-04 -1.007741745572882e+00
48 51 -1.000272062989199e+00 -1.886633089590446e-03 -8.908078762296220e-04 -1.007744074885229e+00
48 52 -1.000271818044808e+00 -1.886356683619460e-03 -8.910266113521130e-04 -1.007745730141740e+00
48 53 -1.000271662104478e+00 -1.886289407061733e-03 -8.910323362765536e-04 -1.007746691639928e+00
48 54 -1.000271595478661e+00 -1.886432429763421e-03 -8.908230833281360e-04 -1.007746949545382e+00
48 55 -1.000271617225315e+00 -1.886783718951087e-03 -8.904024794039669e-04 -1.007746504043769e+00
48 56 -1.000271725224343e+00 -1.887338100768314e-03 -8.897796695540392e-04 -1.007745365124042e+00
48 57 -1.000271916291544e+00 -1.888087441835653e-03 -8.889689724812289e-04 -1.007743552016242e+00
48 58 -1.000272186327991e+00 -1.889020941990226e-03 -8.879892676097047e-04 -1.007741092329164e+00
48 59 -1.000272530495992e+00 -1.890125517444239e-03 -8.868631460471443e-04 -1.007738020959983e+00
48 60 -1.000272943407273e+00 -1.891386240026779e-03 -8.856158956503358e-04 -1.007734378877534e+00
48 61 -1.000273419304670e+00 -1.892786786692596e-03 -8.842744224309397e-04 -1.007730211905019e+00
48 62 -1.000273952217519e+00 -1.894309850371832e-03 -8.828662184604435e-04 -1.007725569632206e+00
48 63 -1.000274536075779e+00 -1.895937474583397e-03 -8.814184601224987e-04 -1.007720504554694e+00
49 0 -1.000274381183188e+00 -1.896616384867057e-03 -8.840715706436497e-04 -1.007717515807448e+00
49 1 -1.000275035110529e+00 -1.898369217010569e-03 -8.826236209959155e-04 -1.007711866451417e+00
49 2 -1.000275722140874e+00 -1.900171360891156e-03 -8.812081976387949e-04 -1.007705961070674e+00
49 3 -1.000276436321945e+00 -1.902004351691255e-03 -8.798453646297901e-04 -1.007699858457956e+00
49 4 -1.000277171754139e+00 -1.903849926139439e-03 -8.785524104367616e-04 -1.007693618099886e+00
49 5 -1.000277922621474e+00 -1.905690204169049e-03 -8.773436150853897e-04 -1.007687299571288e+00
49 6 -1.000278683223590e+00 -1.907507877813992e-03 -8.762301188028636e-04 -1.007680961876180e+00
49 7 -1.000279447994294e+00 -1.909286377443378e-03 -8.752199223307840e-04 -1.007674662840523e+00
49 8 -1.000280211494999e+00 -1.911009991453495e-03 -8.743180256311647e-04 -1.007668458644615e+00
49 9 -1.000280968381470e+00 -1.912663934842994e-03 -8.735266810009804e-04 -1.007662403519430e+00
49 10 -1.000281713353298e+00 -1.914234382022205e-03 -8.728457159368597e-04 -1.007656549562371e+00
49 11 -1.000282441102029e+00 -1.915708489694689e-03 -8.722728757114921e-04 -1.007650946589171e+00
49 12 -1.000283146274337e+00 -1.917074434322334e-03 -8.718041439211365e-04 -1.007645641939997e+00
49 13 -1.000283823461754e+00 -1.918321477392855e-03 -8.714340203869683e-04 -1.007640680192510e+00
49 14 -1.000284467219161e+00 -1.919440053569613e-03 -8.711557654757922e-04 -1.007636102792334e+00
49 15 -1.000285072103493e+00 -1.920421858442424e-03 -8.709616446639389e-04 -1.007631947671844e+00
49 16 -1.000285632717598e+00 -1.921259904306497e-03 -8.708432123231990e-04 -1.007628248957230e+00
49 17 -1.000286143746877e+00 -1.921948520767204e-03 -8.707916575692199e-04 -1.007625036836927e+00
49 18 -1.000286599986838e+00 -1.922483297713957e-03 -8.707982094374529e-04 -1.007622337594419e+00
49 19 -1.000286996371130e+00 -1.922860989217197e-03 -8.708545758944800e-04 -1.007620173737910e+00
49 20 -1.000287328015364e+00 -1.923079408340652e-03 -8.709533761367277e-04 -1.007618564125211e+00
49 21 -1.000287590290498e+00 -1.923137342627447e-03 -8.710885206987901e-04 -1.007617523990580e+00
49 22 -1.000287778932502e+00 -1.923034511057728e-03 -8.712555028339059e-04 -1.007617064817002e+00
49 23 -1.000287890184919e+00 -1.922771569598967e-03 -8.714515861534827e-04 -1.007617194046748e+00
49 24 -1.000287920960627e+00 -1.922350158521503e-03 -8.716758963430929e-04 -1.007617914671538e+00
49 25 -1.000287869002306e+00 -1.921772975044510e-03 -8.719294356039521e-04 -1.007619224776794e+00
49 26 -1.000287733021138e+00 -1.921043852030364e-03 -8.722150338706091e-04 -1.007621117122343e+00
49 27 -1.000287512799227e+00 -1.920167826029197e-03 -8.725372376858219e-04 -1.007623578827845e+00
49 28 -1.000287209249355e+00 -1.919151182603203e-03 -8.729021241339115e-04 -1.007626591209296e+00
49 29 -1.000286824431718e+00 -1.918001470811291e-03 -8.733170188870593e-04 -1.007630129795542e+00
49 30 -1.000286361530345e+00 -1.916727481294568e-03 -8.737900994189191e-04 -1.007634164541675e+00
49 31 -1.000285824793632e+00 -1.915339185245922e-03 -8.743298806467288e-04 -1.007638660239977e+00
49 32 -1.000285219445873e+00 -1.913847637856506e-03 -8.749446063572710e-04 -1.007643577097323e+00
49 33 -1.000284551580172e+00 -1.912264860587204e-03 -8.756415924164411e-04 -1.007648871402982e+00
49 34 -1.000283828045736e+00 -1.910603726800364e-03 -8.764265751094139e-04 -1.007654496174851e+00
49 35 -1.000283056341897e+00 -1.908877876446800e-03 -8.773031097240341e-04 -1.007660401674513e+00
49 36 -1.000282244526281e+00 -1.907101674183295e-03 -8.782720496240524e-04 -1.007666535729939e+00
49 37 -1.000281401137494e+00 -1.905290207330642e-03 -8.793311230257217e-04 -1.007672843875681e+00
49 38 -1.000280535126231e+00 -1.903459304653195e-03 -8.804746170948841e-04 -1.007679269380986e+00
49 39 -1.000279655785079e+00 -1.901625548476854e-03 -8.816931780594245e-04 -1.007685753268954e+00
49 40 -1.000278772666967e+00 -1.899806251064199e-03 -8.829737415356618e-04 -1.007692234433169e+00
49 41 -1.000277895485526e+00 -1.898019372091777e-03 -8.842996144865299e-04 -1.007698649930537e+00
49 42 -1.000277033996882e+00 -1.896283368341625e-03 -8.856507305357151e-04 -1.007704935472941e+00
49 43 -1.000276197868615e+00 -1.894616984237371e-03 -8.870040885493132e-04 -1.007711026079222e+00
49 44 -1.000275396544066e+00 -1.893039001988573e-03 -8.883343647066251e-04 -1.007716856820868e+00
49 45 -1.000274639107463e+00 -1.891567966709337e-03 -8.896146706944332e-04 -1.007722363616667e+00
49 46 -1.000273934150503e+00 -1.890221890404561e-03 -8.908174211950991e-04 -1.007727484079082e+00
49 47 -1.000273289638214e+00 -1.889017930408433e-03 -8.919152703209961e-04 -1.007732158447033e+00
49 48 -1.000272712773013e+00 -1.887972038648762e-03 -8.928820742179464e-04 -1.007736330636047e+00
49 49 -1.000272209859569e+00 -1.887098585798847e-03 -8.936938354476957e-04 -1.007739949404999e+00
49 50 -1.000271786177281e+00 -1.886409974362329e-03 -8.943295877607628e-04 -1.007742969594383e+00
49 51 -1.000271445870245e+00 -1.885916264077243e-03 -8.947721883370646e-04 -1.007745353347062e+00
49 52 -1.000271191865238e+00 -1.885624839139494e-03 -8.950089930554102e-04 -1.007747071194401e+00
49 53 -1.000271025825850e+00 -1.885540146689722e-03 -8.950323925364485e-04 -1.007748102894657e+00
49 54 -1.000270948146665e+00 -1.885663529441599e-03 -8.948401824447367e-04 -1.007748437946071e+00
49 55 -1.000270957987683e+00 -1.885993166093629e-03 -8.944357362501189e-04 -1.007748075743281e+00
49 56 -1.000271053347534e+00 -1.886524125699929e-03 -8.938279472615730e-04 -1.007747025380139e+00
49 57 -1.000271231173458e+00 -1.887248536924972e-03 -8.930309121294704e-04 -1.007745305121231e+00
49 58 -1.000271487504568e+00 -1.888155866518445e-03 -8.920633448354766e-04 -1.007742941580803e+00
49 59 -1.000271817641203e+00 -1.889233290015214e-03 -8.909477435676340e-04 -1.007739968672512e+00
49 60 -1.000272216327624e+00 -1.890466122349571e-03 -8.897093781750649e-04 -1.007736426425709e+00
49 61 -1.000272677930046e+00 -1.891838262686090e-03 -8.883752035382331e-04 -1.007732359791575e+00
49 62 -1.000273196590590e+00 -1.893332604568810e-03 -8.869728121119631e-04 -1.007727817566700e+00
49 63 -1.000273766342596e+00 -1.894931374365940e-03 -8.855295119781447e-04 -1.007722851528264e+00
50 0 -1.000273650034125e+00 -1.895545272269163e-03 -8.885385263379315e-04 -1.007719915819669e+00
50 1 -1.000274290079116e+00 -1.897269494131175e-03 -8.870918201824503e-04 -1.007714363609534e+00
50 2 -1.000274963488042e+00 -1.899042956781952e-03 -8.856769870643540e-04 -1.007708553939826e+00
50 3 -1.000275664409931e+00 -1.900847365670859e-03 -8.843142716695957e-04 -1.007702544978052e+00
50 4 -1.000276387043642e+00 -1.902664627001957e-03 -8.830211424465541e-04 -1.007696395612840e+00
50 5 -1.000277125668387e+00 -1.904477031971146e-03 -8.818120485420230e-04 -1.007690164841074e+00
50 6 -1.000277874676243e+00 -1.906267450626907e-03 -8.806982741627210e-04 -1.007683911093367e+00
50 7 -1.000278628592803e+00 -1.908019505999615e-03 -8.796879208111221e-04 -1.007677691601406e+00
50 8 -1.000279382074792e+00 -1.909717704439536e-03 -8.787860280910654e-04 -1.007671561895380e+00
50 9 -1.000280129881532e+00 -1.911347513758873e-03 -8.779948173395260e-04 -1.007665575467692e+00
50 10 -1.000280866826354e+00 -1.912895398404358e-03 -8.773140192338153e-04 -1.007659783578668e+00
50 11 -1.000281587721819e+00 -1.914348834529260e-03 -8.767412328565889e-04 -1.007654235131861e+00
50 12 -1.000282287336286e+00 -1.915696332378545e-03 -8.762722666379402e-04 -1.007648976527943e+00
50 13 -1.000282960376023e+00 -1.916927484619178e-03 -8.759014345650257e-04 -1.007644051431537e+00
50 14 -1.000283601496876e+00 -1.918033039141474e-03 -8.756218145963060e-04 -1.007639500449653e+00
50 15 -1.000284205337628e+00 -1.919004974267956e-03 -8.754255017572316e-04 -1.007635360788904e+00
50 16 -1.000284766560906e+00 -1.919836545848141e-03 -8.753038938755770e-04 -1.007631665988021e+00
50 17 -1.000285279890040e+00 -1.920522283614554e-03 -8.752480355585053e-04 -1.007628445795927e+00
50 18 -1.000285740138891e+00 -1.921057932392778e-03 -8.752490243360635e-04 -1.007625726204362e+00
50 19 -1.000286142241178e+00 -1.921440352797403e-03 -8.752984580686079e-04 -1.007623529582124e+00
50 20 -1.000286481292383e+00 -1.921667409061936e-03 -8.753888809791613e-04 -1.007621874819236e+00
50 21 -1.000286752618522e+00 -1.921737875167356e-03 -8.755141769321267e-04 -1.007620777383455e+00
50 22 -1.000286951880853e+00 -1.921651383605094e-03 -8.756698693647994e-04 -1.007620249219332e+00
50 23 -1.000287075215015e+00 -1.921408426662747e-03 -8.758533115892249e-04 -1.007620298472602e+00
50 24 -1.000287119391499e+00 -1.921010404240391e-03 -8.760637744129107e-04 -1.007620929079134e+00
50 25 -1.000287081977317e+00 -1.920459701177988e-03 -8.763024498852785e-04 -1.007622140295015e+00
50 26 -1.000286961478759e+00 -1.919759773646412e-03 -8.765723894444829e-04 -1.007623926251782e+00
50 27 -1.000286757450668e+00 -1.918915226958489e-03 -8.768783843928163e-04 -1.007626275605610e+00
50 28 -1.000286470564703e+00 -1.917931872525274e-03 -8.772267797038175e-04 -1.007629171327828e+00
50 29 -1.000286102634758e+00 -1.916816755986021e-03 -8.776251967865826e-04 -1.007632590668466e+00
50 30 -1.000285656601392e+00 -1.915578150648901e-03 -8.780821394399203e-04 -1.007636505313758e+00
50 31 -1.000285136479726e+00 -1.914225512872232e-03 -8.786064755809853e-04 -1.007640881741134e+00
50 32 -1.000284547277920e+00 -1.912769402514314e-03 -8.792068166162860e-04 -1.007645681741991e+00
50 33 -1.000283894896095e+00 -1.911221381704749e-03 -8.798908405268709e-04 -1.007650863040437e+00
50 34 -1.000283186017495e+00 -1.909593913372018e-03 -8.806646143861710e-04 -1.007656379906682e+00
50 35 -1.000282428003334e+00 -1.907900281474738e-03 -8.815319678440823e-04 -1.007662183665499e+00
50 36 -1.000281628799468e+00 -1.906154546925338e-03 -8.824939557653172e-04 -1.007668223035245e+00
50 37 -1.000280796857042e+00 -1.904371540020285e-03 -8.835484307483427e-04 -1.007674444289673e+00
50 38 -1.000279941062215e+00 -1.902566875424459e-03 -8.846897319970991e-04 -1.007680791297245e+00
50 39 -1.000279070664728e+00 -1.900756963145101e-03 -8.859084936803969e-04 -1.007687205541614e+00
50 40 -1.000278195194182e+00 -1.898958983937579e-03 -8.871915838278149e-04 -1.007693626240425e+00
50 41 -1.000277324357170e+00 -1.897190804570527e-03 -8.885221943155677e-04 -1.007699990646211e+00
50 42 -1.000276467915403e+00 -1.895470824792061e-03 -8.898801026395936e-04 -1.007706234549489e+00
50 43 -1.000275635550691e+00 -1.893817764207852e-03 -8.912421148076848e-04 -1.007712292947353e+00
50 44 -1.000274836724488e+00 -1.892250405087630e-03 -8.925826820010314e-04 -1.007718100819228e+00
50 45 -1.000274080537922e+00 -1.890787305432917e-03 -8.938746679557419e-04 -1.007723593965273e+00
50 46 -1.000273375594790e+00 -1.889446490281841e-03 -8.950902312900585e-04 -1.007728709893395e+00
50 47 -1.000272729866980e+00 -1.888245123018266e-03 -8.962017777034100e-04 -1.007733388769212e+00
50 48 -1.000272150560960e+00 -1.887199155426884e-03 -8.971829328922306e-04 -1.007737574455774e+00
50 49 -1.000271643986275e+00 -1.886322957926251e-03 -8.980094895309711e-04 -1.007741215654511e+00
50 50 -1.000271215431661e+00 -1.885628940578192e-03 -8.986602889788743e-04 -1.007744267114621e+00
50 51 -1.000270869058508e+00 -1.885127187169312e-03 -8.991180066411253e-04 -1.007746690824890e+00
50 52 -1.000270607822349e+00 -1.884825131762373e-03 -8.993698164611775e-04 -1.007748457071292e+00
50 53 -1.000270433430228e+00 -1.884727305522367e-03 -8.994079141070763e-04 -1.007749545252390e+00
50 54 -1.000270346337361e+00 -1.884835173855876e-03 -8.992298790872121e-04 -1.007749944381709e+00
50 55 -1.000270345782823e+00 -1.885147075784439e-03 -8.988388516463956e-04 -1.007749653247395e+00
50 56 -1.000270429862295e+00 -1.885658272232841e-03 -8.982434924572741e-04 -1.007748680229468e+00
50 57 -1.000270595635411e+00 -1.886361105985120e-03 -8.974576906311330e-04 -1.007747042794196e+00
50 58 -1.000270839264448e+00 -1.887245269442668e-03 -8.965000007347844e-04 -1.007744766702747e+00
50 59 -1.000271156177966e+00 -1.888298164481543e-03 -8.953928267282397e-04 -1.007741884995071e+00
50 60 -1.000271541247691e+00 -1.889505323421980e-03 -8.941614185044339e-04 -1.007738436840031e+00
50 61 -1.000271988961850e+00 -1.890850847485376e-03 -8.928327834033018e-04 -1.007734466368110e+00
50 62 -1.000272493576904e+00 -1.892317816078892e-03 -8.914346242542688e-04 -1.007730021606865e+00
50 63 -1.000273049233888e+00 -1.893888630034070e-03 -8.899943952330160e-04 -1.007725153610777e+00
51 0 -1.000272979656545e+00 -1.894448475474744e-03 -8.933149866905519e-04 -1.007722246730897e+00
51 1 -1.000273605574175e+00 -1.896144303527235e-03 -8.918687866352438e-04 -1.007716792937846e+00
51 2 -1.000274264931487e+00 -1.897888835134892e-03 -8.904540934230784e-04 -1.007711081793309e+00
51 3 -1.000274951990324e+00 -1.899663956816768e-03 -8.890913535214473e-04 -1.007705170758087e+00
51 4 -1.000275661061592e+00 -1.901451759996402e-03 -8.877982395758603e-04 -1.007699118024372e+00
51 5 -1.000276386533432e+00 -1.903234723845772e-03 -8.865894005872969e-04 -1.007692981909957e+00
51 6 -1.000277122902905e+00 -1.904995912029629e-03 -8.854763005330926e-04 -1.007686820176727e+00
51 7 -1.000277864799096e+00 -1.906719156390179e-03 -8.844671764637093e-04 -1.007680689369266e+00
51 8 -1.000278606985561e+00 -1.908389200015451e-03 -8.835671362793865e-04 -1.007674644272346e+00
51 9 -1.000279344335928e+00 -1.909991784279804e-03 -8.827783909235027e-04 -1.007668737545569e+00
51 10 -1.000280071786387e+00 -1.911513684924889e-03 -8.821005844773749e-04 -1.007663019524684e+00
51 11 -1.000280784278848e+00 -1.912942720863167e-03 -8.815311650138944e-04 -1.007657538115377e+00
51 12 -1.000281476712991e+00 -1.914267765183153e-03 -8.810657425746999e-04 -1.007652338682225e+00
51 13 -1.000282143921620e+00 -1.915478777705490e-03 -8.806984059112476e-04 -1.007647463864775e+00
51 14 -1.000282780674089e+00 -1.916566859406468e-03 -8.804220007940196e-04 -1.007642953313540e+00
51 15 -1.000283381702584e+00 -1.917524311613684e-03 -8.802283955480204e-04 -1.007638843396657e+00
51 16 -1.000283941740087e+00 -1.918344674125694e-03 -8.801087693794820e-04 -1.007635166957596e+00
51 17 -1.000284455558547e+00 -1.919022719028774e-03 -8.800539550121081e-04 -1.007631953195641e+00
51 18 -1.000284918001342e+00 -1.919554390677814e-03 -8.800548475331607e-04 -1.007629227695784e+00
51 19 -1.000285324013590e+00 -1.919936702377825e-03 -8.801028606503622e-04 -1.007627012570296e+00
51 20 -1.000285668682718e+00 -1.920167617353335e-03 -8.801903846958391e-04 -1.007625326621228e+00
51 21 -1.000285947304425e+00 -1.920245947036268e-03 -8.803111925733451e-04 -1.007624185419466e+00
51 22 -1.000286155483705e+00 -1.920171292291911e-03 -8.804607518463479e-04 -1.007623601225962e+00
51 23 -1.000286289269841e+00 -1.919944038605751e-03 -8.806364229898525e-04 -1.007623582735085e+00
51 24 -1.000286345313683e+00 -1.919565401110966e-03 -8.808375457556684e-04 -1.007624134673743e+00
51 25 -1.000286321029035e+00 -1.919037503853301e-03 -8.810654326721446e-04 -1.007625257326405e+00
51 26 -1.000286214738860e+00 -1.918363472443559e-03 -8.813232951178829e-04 -1.007626946068592e+00
51 27 -1.000286025790753e+00 -1.917547520993064e-03 -8.816161171294547e-04 -1.007629190981516e+00
51 28 -1.000285754632499e+00 -1.916595020027570e-03 -8.819504689656671e-04 -1.007631976600271e+00
51 29 -1.000285402844932e+00 -1.915512537019960e-03 -8.823342327672663e-04 -1.007635281830310e+00
51 30 -1.000284973133903e+00 -1.914307843680232e-03 -8.827762116526743e-04 -1.007639080053560e+00
51 31 -1.000284469285944e+00 -1.912989887250530e-03 -8.832856119670654e-04 -1.007643339426278e+00
51 32 -1.000283896094372e+00 -1.911568729336643e-03 -8.838714154059793e-04 -1.007648023340078e+00
51 33 -1.000283259264643e+00 -1.910055463427153e-03 -8.845416829509843e-04 -1.007653090983839e+00
51 34 -1.000282565309561e+00 -1.908462127694402e-03 -8.853028493961873e-04 -1.007658497920465e+00
51 35 -1.000281821445443e+00 -1.906801631406599e-03 -8.861590695778799e-04 -1.007664196586634e+00
51 36 -1.000281035498270e+00 -1.905087710292560e-03 -8.871116624349732e-04 -1.007670136642423e+00
51 37 -1.000280215823243e+00 -1.903334916133385e-03 -8.881586746971065e-04 -1.007676265147311e+00
51 38 -1.000279371233248e+00 -1.901558629118731e-03 -8.892945681390129e-04 -1.007682526610242e+00
51 39 -1.000278510925598e+00 -1.899775065790901e-03 -8.905100321300826e-04 -1.007688863020501e+00
51 40 -1.000277644395752e+00 -1.898001250873662e-03 -8.917919311834603e-04 -1.007695213977654e+00
51 41 -1.000276781331563e+00 -1.896254930256403e-03 -8.931234038594924e-04 -1.007701517000012e+00
51 42 -1.000275931488247e+00 -1.894554417339068e-03 -8.944841292252191e-04 -1.007707708033134e+00
51 43 -1.000275104549221e+00 -1.892918377407213e-03 -8.958507709607785e-04 -1.007713722133796e+00
51 44 -1.000274309980307e+00 -1.891365562344487e-03 -8.971975975609259e-04 -1.007719494280139e+00
51 45 -1.000273556884568e+00 -1.889914511378221e-03 -8.984972596289959e-04 -1.007724960254636e+00
51 46 -1.000272853862234e+00 -1.888583231422256e-03 -8.997216863772117e-04 -1.007730057565689e+00
51 47 -1.000272208875993e+00 -1.887388862824614e-03 -9.008430513457047e-04 -1.007734726410555e+00
51 48 -1.000271629119503e+00 -1.886347328958781e-03 -9.018347558714646e-04 -1.007738910709644e+00
51 49 -1.000271120888940e+00 -1.885472969324816e-03 -9.026723838161932e-04 -1.007742559230558e+00
51 50 -1.000270689462709e+00 -1.884778166551259e-03 -9.033345868819689e-04 -1.007745626770996e+00
51 51 -1.000270338998859e+00 -1.884272989721785e-03 -9.038038662832478e-04 -1.007748075316625e+00
51 52 -1.000270072460342e+00 -1.883964881335941e-03 -9.040672260236223e-04 -1.007749875066043e+00
51 53 -1.000269891575450e+00 -1.883858412089579e-03 -9.041166830899240e-04 -1.007751005224984e+00
51 54 -1.000269796836754e+00 -1.883955121411384e-03 -9.039496228181362e-04 -1.007751454501054e+00
51 55 -1.000269787538389e+00 -1.884253456255294e-03 -9.035689792296242e-04 -1.007751221263990e+00
51 56 -1.000269861849464e+00 -1.884748816225853e-03 -9.029832068023502e-04 -1.007750313367864e+00
51 57 -1.000270016920467e+00 -1.885433708015556e-03 -9.022060061228019e-04 -1.007748747657026e+00
51 58 -1.000270249018836e+00 -1.886298004745913e-03 -9.012557820469918e-04 -1.007746549196725e+00
51 59 -1.000270553687488e+00 -1.887329295241295e-03 -9.001548486862852e-04 -1.007743750287812e+00
51 60 -1.000270925915854e+00 -1.888513295292584e-03 -8.989284394397182e-04 -1.007740389348078e+00
51 61 -1.000271360308570e+00 -1.889834281026111e-03 -8.976036173919958e-04 -1.007736509766264e+00
51 62 -1.000271851235270e+00 -1.891275499075421e-03 -8.962081983772899e-04 -1.007732158844137e+00
51 63 -1.000272392947567e+00 -1.892819514389158e-03 -8.947697871422395e-04 -1.007727386922126e+00
52 0 -1.000272377941800e+00 -1.893336834150815e-03 -8.983558637093663e-04 -1.007724483165032e+00
52 1 -1.000272989620619e+00 -1.895004743074725e-03 -8.969095865237308e-04 -1.007719128119329e+00
52 2 -1.000273634618617e+00 -1.896720338538283e-03 -8.954947594226942e-04 -1.007713517442740e+00
52 3 -1.000274307322304e+00 -1.898465700178410e-03 -8.941320392756968e-04 -1.007707707807767e+00
52 4 -1.000275002167824e+00 -1.900223119545488e-03 -8.928393184860597e-04 -1.007701756616509e+00
52 5 -1.000275713665550e+00 -1.901975279508309e-03 -8.916314685675044e-04 -1.007695721410221e+00
52 6 -1.000276436430829e+00 -1.903705454431916e-03 -8.905201595438530e-04 -1.007689659181583e+00
52 7 -1.000277165209386e+00 -1.905397703715672e-03 -8.895137915566060e-04 -1.007683625685891e+00
52 8 -1.000277894883434e+00 -1.907037025729103e-03 -8.886175690581051e-04 -1.007677674866261e+00
52 9 -1.000278620450277e+00 -1.908609452222397e-03 -8.878337184416782e-04 -1.007671858465435e+00
52 10 -1.000279336976626e+00 -1.910102087372825e-03 -8.871618133237091e-04 -1.007666225817005e+00
52 11 -1.000280039541872e+00 -1.911503114640716e-03 -8.865991506514824e-04 -1.007660823743987e+00
52 12 -1.000280723186949e+00 -1.912801798501053e-03 -8.861411248894538e-04 -1.007655696475734e+00
52 13 -1.000281382882352e+00 -1.913988499627712e-03 -8.857815684845578e-04 -1.007650885518193e+00
52 14 -1.000282013522350e+00 -1.915054708676692e-03 -8.855130524065964e-04 -1.007646429454499e+00
52 15 -1.000282609944306e+00 -1.915993089123071e-03 -8.853271649560481e-04 -1.007642363701230e+00
52 16 -1.000283166964089e+00 -1.916797506689965e-03 -8.852148050692517e-04 -1.007638720289010e+00
52 17 -1.000283679414915e+00 -1.917463019416358e-03 -8.851665276288375e-04 -1.007635527748543e+00
52 18 -1.000284142181340e+00 -1.917985814638616e-03 -8.851729567206276e-04 -1.007632811143664e+00
52 19 -1.000284550230822e+00 -1.918363101810986e-03 -8.852252486855919e-04 -1.007630592219452e+00
52 20 -1.000284898654789e+00 -1.918592988709589e-03 -8.853155602755430e-04 -1.007628889574566e+00
52 21 -1.000285182733392e+00 -1.918674373398960e-03 -8.854374693975059e-04 -1.007627718755718e+00
52 22 -1.000285398032854e+00 -1.918606877301551e-03 -8.855863036811993e-04 -1.007627092202028e+00
52 23 -1.000285540535460e+00 -1.918390832430248e-03 -8.857593494563285e-04 -1.007627019013302e+00
52 24 -1.000285606793172e+00 -1.918027321973525e-03 -8.859559381951380e-04 -1.007627504563929e+00
52 25 -1.000285594088581e+00 -1.917518260334392e-03 -8.861774321482029e-04 -1.007628550024948e+00
52 26 -1.000285500583836e+00 -1.916866491010130e-03 -8.864271411289706e-04 -1.007630151878390e+00
52 27 -1.000285325440799e+00 -1.916075881518584e-03 -8.867101895169154e-04 -1.007632301502626e+00
52 28 -1.000285068902443e+00 -1.915151400871251e-03 -8.870333264557258e-04 -1.007634984885154e+00
52 29 -1.000284732332516e+00 -1.914099170942975e-03 -8.874046526611367e-04 -1.007638182497645e+00
52 30 -1.000284318215066e+00 -1.912926486617898e-03 -8.878332350670683e-04 -1.007641869352277e+00
52 31 -1.000283830117868e+00 -1.911641803077234e-03 -8.883285937346970e-04 -1.007646015240575e+00
52 32 -1.000283272625720e+00 -1.910254693289591e-03 -8.889000692600025e-04 -1.007650585131539e+00
52 33 -1.000282651251710e+00 -1.908775783696549e-03 -8.895561089311984e-04 -1.007655539678481e+00
52 34 -1.000281972336583e+00 -1.907216680865033e-03 -8.903035352451653e-04 -1.007660835758964e+00
52 35 -1.000281242947261e+00 -1.905589905970185e-03 -8.911468659253948e-04 -1.007666426957756e+00
52 36 -1.000280470783717e+00 -1.903908853370822e-03 -8.920877364453383e-04 -1.007672263915033e+00
52 37 -1.000279664097845e+00 -1.902187779503708e-03 -8.931244488644138e-04 -1.007678294512348e+00
52 38 -1.000278831620197e+00 -1.900441811178803e-03 -8.942516529737404e-04 -1.007684463940815e+00
52 39 -1.000277982484671e+00 -1.898686948164985e-03 -8.954601619988673e-04 -1.007690714750551e+00
52 40 -1.000277126140389e+00 -1.896940031764657e-03 -8.967369081448725e-04 -1.007696986990303e+00
52 41 -1.000276272243925e+00 -1.895218657714901e-03 -8.980650474202605e-04 -1.007703218517379e+00
52 42 -1.000275430530988e+00 -1.893541022407763e-03 -8.994242273981366e-04 -1.007709345512442e+00
52 43 -1.000274610672371e+00 -1.891925703124359e-03 -9.007910317523054e-04 -1.007715303185901e+00
52 44 -1.000273822122749e+00 -1.890391384455118e-03 -9.021396043979171e-04 -1.007721026623137e+00
52 45 -1.000273073971185e+00 -1.888956549803443e-03 -9.034424344027082e-04 -1.007726451702239e+00
52 46 -1.000272374798584e+00 -1.887639153943232e-03 -9.046712618833210e-04 -1.007731516041964e+00
52 47 -1.000271732542338e+00 -1.886456282718678e-03 -9.057980549506242e-04 -1.007736159981512e+00
52 48 -1.000271154365999e+00 -1.885423799051928e-03 -9.067960068625927e-04 -1.007740327619145e+00
52 49 -1.000270646533877e+00 -1.884555977223594e-03 -9.076405038433883e-04 -1.007743967921639e+00
52 50 -1.000270214295062e+00 -1.883865136833767e-03 -9.083100169580403e-04 -1.007747035874519e+00
52 51 -1.000269861785071e+00 -1.883361296171476e-03 -9.087868810687893e-04 -1.007749493602288e+00
52 52 -1.000269591954326e+00 -1.883051867958784e-03 -9.090579397478995e-04 -1.007751311365393e+00
52 53 -1.000269406530979e+00 -1.882941419580458e-03 -9.091150474478642e-04 -1.007752468339475e+00
52 54 -1.000269306022056e+00 -1.883031516602625e-03 -9.089554202529410e-04 -1.007752953101828e+00
52 55 -1.000269289752983e+00 -1.883320663141220e-03 -9.085818155667013e-04 -1.007752763785521e+00
52 56 -1.000269355942591e+00 -1.883804346400100e-03 -9.080025091239864e-04 -1.007751907900228e+00
52 57 -1.000269501809578e+00 -1.884475186842894e-03 -9.072310348740364e-04 -1.007750401846415e+00
52 58 -1.000269723705909e+00 -1.885323189657802e-03 -9.062856653019850e-04 -1.007748270164203e+00
52 59 -1.000270017271222e+00 -1.886336085014154e-03 -9.051886384112109e-04 -1.007745544571134e+00
52 60 -1.000270377599066e+00 -1.887499732550125e-03 -9.039651796067728e-04 -1.007742262864189e+00
52 61 -1.000270799401755e+00 -1.888798552120539e-03 -9.026424100910018e-04 -1.007738467787153e+00
52 62 -1.000271277158159e+00 -1.890215934934978e-03 -9.012482584199775e-04 -1.007734205978241e+00
52 63 -1.000271805230323e+00 -1.891734594211935e-03 -8.998104822207661e-04 -1.007729527095670e+00
53 0 -1.000271852189613e+00 -1.892221333545111e-03 -9.036145778382971e-04 -1.007726599710939e+00
53 1 -1.000272449671910e+00 -1.893862093654109e-03 -9.021677322510003e-04 -1.007721342663668e+00
53 2 -1.000273080149501e+00 -1.895549037856984e-03 -9.007526188010152e-04 -1.007715833357789e+00
53 3 -1.000273738143524e+00 -1.897264447688223e-03 -8.993901054516277e-04 -1.007710127611080e+00
53 4 -1.000274418226908e+00 -1.898990827196475e-03 -8.980983099327103e-04 -1.007704281953715e+00
53 5 -1.000275115045566e+00 -1.900711079631694e-03 -8.968923349947760e-04 -1.007698353052863e+00
53 6 -1.000275823347571e+00 -1.902408710058149e-03 -8.957840693385928e-04 -1.007692397024329e+00
53 7 -1.000276538008783e+00 -1.904068024706666e-03 -8.947820959304519e-04 -1.007686468731298e+00
53 8 -1.000277254040743e+00 -1.905674292732797e-03 -8.938917421666725e-04 -1.007680621188518e+00
53 9 -1.000277966572672e+00 -1.907213849821870e-03 -8.931152758778050e-04 -1.007674905146584e+00
53 10 -1.000278670809558e+00 -1.908674144775647e-03 -8.924522172917768e-04 -1.007669368859398e+00
53 11 -1.000279361976652e+00 -1.910043746606646e-03 -8.918997167094108e-04 -1.007664057981299e+00
53 12 -1.000280035264810e+00 -1.911312335936772e-03 -8.914529452009591e-04 -1.007659015515746e+00
53 13 -1.000280685791178e+00 -1.912470702320160e-03 -8.911054582385535e-04 -1.007654281740937e+00
53 14 -1.000281308585442e+00 -1.913510759227632e-03 -8.908495167564899e-04 -1.007649894068032e+00
53 15 -1.000281898603032e+00 -1.914425571512636e-03 -8.906763805981794e-04 -1.007645886842841e+00
53 16 -1.000282450756785e+00 -1.915209373520027e-03 -8.905766119752031e-04 -1.007642291157585e+00
53 17 -1.000282959954371e+00 -1.915857551586364e-03 -8.905404273716600e-04 -1.007639134755027e+00
53 18 -1.000283421133383e+00 -1.916366577249097e-03 -8.905581144452630e-04 -1.007636442066739e+00
53 19 -1.000283829295638e+00 -1.916733898518165e-03 -8.906204996542180e-04 -1.007634234358902e+00
53 20 -1.000284179550123e+00 -1.916957813068106e-03 -8.907194274580626e-04 -1.007632529907397e+00
53 21 -1.000284467176465e+00 -1.917037353223567e-03 -8.908481991107130e-04 -1.007631344109318e+00
53 22 -1.000284687718135e+00 -1.916972209561881e-03 -8.910019197886206e-04 -1.007630689454383e+00
53 23 -1.000284837107888e+00 -1.916762710027340e-03 -8.911777194180087e-04 -1.007630575317232e+00
53 24 -1.000284911818525e+00 -1.916409856321940e-03 -8.913748424029234e-04 -1.007631007582888e+00
53 25 -1.000284909023160e+00 -1.915915403939218e-03 -8.915946301402054e-04 -1.007631988166882e+00
53 26 -1.000284826745382e+00 -1.915281963610080e-03 -8.918404302922692e-04 -1.007633514516528e+00
53 27 -1.000284663982663e+00 -1.914513102736319e-03 -8.921174541961967e-04 -1.007635579173596e+00
53 28 -1.000284420793091e+00 -1.913613431522414e-03 -8.924325803963570e-04 -1.007638169455437e+00
53 29 -1.000284098341852e+00 -1.912588664665130e-03 -8.927940825640857e-04 -1.007641267289797e+00
53 30 -1.000283698907947e+00 -1.911445653940489e-03 -8.932112515433019e-04 -1.007644849222462e+00
53 31 -1.000283225854439e+00 -1.910192390582181e-03 -8.936938878962682e-04 -1.007648886600703e+00
53 32 -1.000282683567959e+00 -1.908837979573490e-03 -8.942516658421204e-04 -1.007653345914753e+00
53 33 -1.000282077375465e+00 -1.907392591694499e-03 -8.948934057143452e-04 -1.007658189253672e+00
53 34 -1.000281413448080e+00 -1.905867404293604e-03 -8.956263215684142e-04 -1.007663374804959e+00
53 35 -1.000280698702587e+00 -1.904274546379858e-03 -8.964553162847102e-04 -1.007668857311480e+00
53 36 -1.000279940709372e+00 -1.902627062640604e-03 -8.973823791326625e-04 -1.007674588412369e+00
53 37 -1.000279147610577e+00 -1.900938901510813e-03 -8.984061159079074e-04 -1.007680516841046e+00
53 38 -1.000278328045286e+00 -1.899224918329404e-03 -8.995214226616382e-04 -1.007686588515277e+00
53 39 -1.000277491072878e+00 -1.897500873114094e-03 -9.007193035562137e-04 -1.007692746603156e+00
53 40 -1.000276646083843e+00 -1.895783397632954e-03 -9.019868309740571e-04 -1.007698931667910e+00
53 41 -1.000275802690153e+00 -1.894089908488810e-03 -9.033072522027228e-04 -1.007705081980695e+00
53 42 -1.000274970593426e+00 -1.892438451683054e-03 -9.046602571351814e-04 -1.007711134047864e+00
53 43 -1.000274159436143e+00 -1.890847478409997e-03 -9.060224234991830e-04 -1.007717023340489e+00
53 44 -1.000273378645762e+00 -1.889335565904544e-03 -9.073678426212938e-04 -1.007722685166276e+00
53 45 -1.000272637281354e+00 -1.887921102986151e-03 -9.086689064512028e-04 -1.007728055614153e+00
53 46 -1.000271943888224e+00 -1.886621955392999e-03 -9.098972185907410e-04 -1.007733072529998e+00
53 47 -1.000271306361306e+00 -1.885455117777401e-03 -9.110245826115368e-04 -1.007737676519537e+00
53 48 -1.000270731816024e+00 -1.884436355407056e-03 -9.120240151044939e-04 -1.007741811992001e+00
53 49 -1.000270226466523e+00 -1.883579840794412e-03 -9.128707273104819e-04 -1.007745428249556e+00
53 50 -1.000269795514269e+00 -1.882897795275805e-03 -9.135430238916621e-04 -1.007748480602180e+00
53 51 -1.000269443053537e+00 -1.882400150669941e-03 -9.140230829824225e-04 -1.007750931454765e+00
53 52 -1.000269172002511e+00 -1.882094251100323e-03 -9.142975997499762e-04 -1.007752751281730e+00
53 53 -1.000268984068283e+00 -1.881984617780464e-03 -9.143582853021659e-04 -1.007753919390902e+00
53 54 -1.000268879750455e+00 -1.882072796853642e-03 -9.142022116205799e-04 -1.007754424396687e+00
53 55 -1.000268858383190e+00 -1.882357302770006e-03 -9.138319863711213e-04 -1.007754264365117e+00
53 56 -1.000268918212055e+00 -1.882833662145385e-03 -9.132557331348138e-04 -1.007753446634795e+00
53 57 -1.000269056500867e+00 -1.883494559103833e-03 -9.124868459354540e-04 -1.007751987340131e+00
53 58 -1.000269269663876e+00 -1.884330080142714e-03 -9.115434903188593e-04 -1.007749910672621e+00
53 59 -1.000269553417644e+00 -1.885328048906644e-03 -9.104478478336111e-04 -1.007747247929747e+00
53 60 -1.000269902944035e+00 -1.886474427285949e-03 -9.092251468066482e-04 -1.007744036426732e+00
53 61 -1.000270313051762e+00 -1.887753744332849e-03 -9.079025713641723e-04 -1.007740318373560e+00
53 62 -1.000270778321623e+00 -1.889149507282765e-03 -9.065081666928454e-04 -1.007736139829548e+00
53 63 -1.000271293222255e+00 -1.890644555127831e-03 -9.050698477440908e-04 -1.007731549827551e+00
54 0 -1.000271408956959e+00 -1.891112933677924e-03 -9.090434796819495e-04 -1.007728571493725e+00
54 1 -1.000271992456135e+00 -1.892727642964575e-03 -9.075955947101931e-04 -1.007723410500278e+00
54 2 -1.000272608419976e+00 -1.894386549488749e-03 -9.061800998025550e-04 -1.007718002282863e+00
54 3 -1.000273251511202e+00 -1.896072140642830e-03 -9.048180679614292e-04 -1.007712401758865e+00
54 4 -1.000273916449631e+00 -1.897767144381869e-03 -9.035278344006316e-04 -1.007706664513628e+00
54 5 -1.000274598029720e+00 -1.899454702140616e-03 -9.023247264372198e-04 -1.007700846244790e+00
54 6 -1.000275291146045e+00 -1.901118569144546e-03 -9.012208523263516e-04 -1.007695002089771e+00
54 7 -1.000275990816677e+00 -1.902743315069078e-03 -9.002249894611842e-04 -1.007689185928058e+00
54 8 -1.000276692192313e+00 -1.904314493594059e-03 -8.993426068254933e-04 -1.007683449766084e+00
54 9 -1.000277390542770e+00 -1.905818758342520e-03 -8.985760328734477e-04 -1.007677843285325e+00
54 10 -1.000278081219425e+00 -1.907243918641697e-03 -8.979247502695338e-04 -1.007672413581919e+00
54 11 -1.000278759600471e+00 -1.908578946016954e-03 -8.973857732242723e-04 -1.007667205066045e+00
54 12 -1.000279421032997e+00 -1.909813955631611e-03 -8.969540509509773e-04 -1.007662259441544e+00
54 13 -1.000280060788316e+00 -1.910940189151549e-03 -8.966228494978405e-04 -1.007657615675421e+00
54 14 -1.000280674042082e+00 -1.911950013796587e-03 -8.963840920570034e-04 -1.007653309903607e+00
54 15 -1.000281255880897e+00 -1.912836932960552e-03 -8.962286708989753e-04 -1.007649375282617e+00
54 16 -1.000281801328184e+00 -1.913595588869833e-03 -8.961467651944664e-04 -1.007645841846111e+00
54 17 -1.000282305379166e+00 -1.914221735420190e-03 -8.961281999399275e-04 -1.007642736433782e+00
54 18 -1.000282763037714e+00 -1.914712168711128e-03 -8.961628650876727e-04 -1.007640082730342e+00
54 19 -1.000283169354095e+00 -1.915064617983854e-03 -8.962411883958046e-04 -1.007637901404206e+00
54 20 -1.000283519469382e+00 -1.915277615084919e-03 -8.963546279539628e-04 -1.007636210287613e+00
54 21 -1.000283808677227e+00 -1.915350371397500e-03 -8.964961299354354e-04 -1.007635024508647e+00
54 22 -1.000284032513712e+00 -1.915282692443737e-03 -8.966604943527206e-04 -1.007634356486925e+00
54 23 -1.000284186879532e+00 -1.915074949988623e-03 -8.968446105784468e-04 -1.007634215743909e+00
54 24 -1.000284268188053e+00 -1.914728113978743e-03 -8.970475562744440e-04 -1.007634608538896e+00
54 25 -1.000284273523739e+00 -1.914243830871712e-03 -8.972705812409301e-04 -1.007635537392315e+00
54 26 -1.000284200792492e+00 -1.913624527107350e-03 -8.975170090511582e-04 -1.007637000579272e+00
54 27 -1.000284048848163e+00 -1.912873516630499e-03 -8.977920824622778e-04 -1.007638991670688e+00
54 28 -1.000283817584837e+00 -1.911995095944903e-03 -8.981027590396906e-04 -1.007641499181536e+00
54 29 -1.000283507989677e+00 -1.910994616120165e-03 -8.984574396956866e-04 -1.007644506366236e+00
54 30 -1.000283122155745e+00 -1.909878526801325e-03 -8.988655965306141e-04 -1.007647991182793e+00
54 31 -1.000282663258032e+00 -1.908654391508546e-03 -8.993372698806108e-04 -1.007651926428928e+00
54 32 -1.000282135498657e+00 -1.907330876403174e-03 -8.998824314751910e-04 -1.007656280033237e+00
54 33 -1.000281544028941e+00 -1.905917717722134e-03 -9.005102490852585e-04 -1.007661015460943e+00
54 34 -1.000280894857452e+00 -1.904425677197474e-03 -9.012283177157151e-04 -1.007666092170343e+00
54 35 -1.000280194753936e+00 -1.902866498211358e-03 -9.020419304842413e-04 -1.007671466042775e+00
54 36 -1.000279451158009e+00 -1.901252874735338e-03 -9.029534504430200e-04 -1.007677089718282e+00
54 37 -1.000278672097019e+00 -1.899598438457680e-03 -9.039618220409970e-04 -1.007682912805277e+00
54 38 -1.000277866110677e+00 -1.897917758446661e-03 -9.050622367410277e-04 -1.007688881986559e+00
54 39 -1.000277042173794e+00 -1.896226336086105e-03 -9.062459496863954e-04 -1.007694941096697e+00
54 40 -1.000276209606084e+00 -1.894540570449955e-03 -9.075002403651218e-04 -1.007701031274809e+00
54 41 -1.000275377960666e+00 -1.892877669748752e-03 -9.088085197512043e-04 -1.007707091286696e+00
54 42 -1.000274556889433e+00 -1.891255494083934e-03 -9.101505982416992e-04 -1.007713058063963e+00
54 43 -1.000273755990651e+00 -1.889692329560769e-03 -9.115031295081953e-04 -1.007718867447641e+00
54 44 -1.000272984648767e+00 -1.888206606448585e-03 -9.128402325263796e-04 -1.007724455080164e+00
54 45 -1.000272251876594e+00 -1.886816579095735e-03 -9.141342758785534e-04 -1.007729757379358e+00
54 46 -1.000271566166589e+00 -1.885539983117264e-03 -9.153567923472089e-04 -1.007734712546515e+00
54 47 -1.000270935353314e+00 -1.884393680431351e-03 -9.164794780894094e-04 -1.007739261589602e+00
54 48 -1.000270366486114e+00 -1.883393298876046e-03 -9.174752192213140e-04 -1.007743349364974e+00
54 49 -1.000269865710965e+00 -1.882552871871884e-03 -9.183190849933599e-04 -1.007746925645803e+00
54 50 -1.000269438163150e+00 -1.881884485575484e-03 -9.189892356934559e-04 -1.007749946207925e+00
54 51 -1.000269087876339e+00 -1.881397946457425e-03 -9.194677104248881e-04 -1.007752373888060e+00
54 52 -1.000268817716598e+00 -1.881100489008192e-03 -9.197410749648480e-04 -1.007754179532447e+00
54 53 -1.000268629349800e+00 -1.880996546379947e-03 -9.198009184261106e-04 -1.007755342739408e+00
54 54 -1.000268523247480e+00 -1.881087602903334e-03 -9.196441912706213e-04 -1.007755852318759e+00
54 55 -1.000268498731053e+00 -1.881372139191382e-03 -9.192733760663040e-04 -1.007755706432225e+00
54 56 -1.000268554050405e+00 -1.881845674187694e-03 -9.186964727258251e-04 -1.007754912416913e+00
54 57 -1.000268686491667e+00 -1.882500906532041e-03 -9.179267660733383e-04 -1.007753486313975e+00
54 58 -1.000268892509282e+00 -1.883327955371180e-03 -9.169823422470253e-04 -1.007751452134811e+00
54 59 -1.000269167876694e+00 -1.884314691942928e-03 -9.158853466541040e-04 -1.007748840914400e+00
54 60 -1.000269507847033e+00 -1.885447138024305e-03 -9.146610249599434e-04 -1.007745689629156e+00
54 61 -1.000269907311620e+00 -1.886709893080147e-03 -9.133366364237563e-04 -1.007742040080864e+00
54 62 -1.000270360942767e+00 -1.888086546466699e-03 -9.119403532688958e-04 -1.007737937852751e+00
54 63 -1.000270863309171e+00 -1.889560036614895e-03 -9.105002532267200e-04 -1.007733431424401e+00
55 0 -1.000271053921871e+00 -1.890022418666345e-03 -9.145942395508174e-04 -1.007730374707693e+00
55 1 -1.000271623833952e+00 -1.891612522851676e-03 -9.131447942936635e-04 -1.007725306553769e+00
55 2 -1.000272225474358e+00 -1.893244362388236e-03 -9.117288113210445e-04 -1.007719997849350e+00
55 3 -1.000272853651728e+00 -1.894900631254635e-03 -9.103675550117878e-04 -1.007714502582431e+00
55 4 -1.000273503241083e+00 -1.896564291306625e-03 -9.090795587343667e-04 -1.007708875332505e+00
55 5 -1.000274169196080e+00 -1.898218736941475e-03 -9.078803574236811e-04 -1.007703170749036e+00
55 6 -1.000274846568775e+00 -1.899847988686256e-03 -9.067822702454507e-04 -1.007697442909275e+00
55 7 -1.000275530529966e+00 -1.901436894340794e-03 -9.057942684503839e-04 -1.007691744627971e+00
55 8 -1.000276216379651e+00 -1.902971307325555e-03 -9.049219675733934e-04 -1.007686126821533e+00
55 9 -1.000276899537360e+00 -1.904438214112419e-03 -9.041677667227707e-04 -1.007680638024213e+00
55 10 -1.000277575507764e+00 -1.905825797108032e-03 -9.035311255949475e-04 -1.007675324107528e+00
55 11 -1.000278239826855e+00 -1.907123441334187e-03 -9.030089365347843e-04 -1.007670228179870e+00
55 12 -1.000278888002986e+00 -1.908321710371905e-03 -9.025959329421715e-04 -1.007665390582855e+00
55 13 -1.000279515469041e+00 -1.909412318595196e-03 -9.022850849524559e-04 -1.007660848892455e+00
55 14 -1.000280117556595e+00 -1.910388113928263e-03 -9.020679603714362e-04 -1.007656637873629e+00
55 15 -1.000280689494734e+00 -1.911243068964348e-03 -9.019350577201745e-04 -1.007652789390592e+00
55 16 -1.000281226429742e+00 -1.911972267136528e-03 -9.018761382556434e-04 -1.007649332311185e+00
55 17 -1.000281723458139e+00 -1.912571866652997e-03 -9.018805907604732e-04 -1.007646292457526e+00
55 18 -1.000282175665139e+00 -1.913039028064945e-03 -9.019378540197607e-04 -1.007643692646618e+00
55 19 -1.000282578164549e+00 -1.913371802849516e-03 -9.020378970327609e-04 -1.007641552829025e+00
55 20 -1.000282926143884e+00 -1.913568998007180e-03 -9.021717246500281e-04 -1.007639890277935e+00
55 21 -1.000283214925443e+00 -1.913630046270930e-03 -9.023318525926280e-04 -1.007638719736393e+00
55 22 -1.000283440054398e+00 -1.913554913541205e-03 -9.025126931379172e-04 -1.007638053429561e+00
55 23 -1.000283597417941e+00 -1.913344063743283e-03 -9.027108108748618e-04 -1.007637900892468e+00
55 24 -1.000283683389502e+00 -1.912998484301924e-03 -9.029250366308394e-04 -1.007638268622424e+00
55 25 -1.000283694984525e+00 -1.912519761186854e-03 -9.031564552827962e-04 -1.007639159609823e+00
55 26 -1.000283630011266e+00 -1.911910184302491e-03 -9.034083003721097e-04 -1.007640572822657e+00
55 27 -1.000283487200928e+00 -1.911172861665771e-03 -9.036857882359350e-04 -1.007642502722878e+00
55 28 -1.000283266305114e+00 -1.910311823572688e-03 -9.039959053475903e-04 -1.007644938881544e+00
55 29 -1.000282968154035e+00 -1.909332104358304e-03 -9.043471341248142e-04 -1.007647865738708e+00
55 30 -1.000282594674686e+00 -1.908239796549777e-03 -9.047490824274123e-04 -1.007651262529990e+00
55 31 -1.000282148872447e+00 -1.907042077470933e-03 -9.052119846330903e-04 -1.007655103380500e+00
55 32 -1.000281634781715e+00 -1.905747211136860e-03 -9.057460679009637e-04 -1.007659357548738e+00
55 33 -1.000281057392490e+00 -1.904364530061617e-03 -9.063608135060693e-04 -1.007663989784911e+00
55 34 -1.000280422561412e+00 -1.902904403991933e-03 -9.070641741415683e-04 -1.007668960748898e+00
55 35 -1.000279736917304e+00 -1.901378205489221e-03 -9.078618225308360e-04 -1.007674227418383e+00
55 36 -1.000279007770610e+00 -1.899798283275873e-03 -9.087565002754191e-04 -1.007679743419548e+00
55 37 -1.000278243031594e+00 -1.898177949940278e-03 -9.097475121557463e-04 -1.007685459242349e+00
55 38 -1.000277451134911e+00 -1.896531480096034e-03 -9.108303816222116e-04 -1.007691322356895e+00
55 39 -1.000276640961835e+00 -1.894874102589778e-03 -9.119966626179328e-04 -1.007697277303756e+00
55 40 -1.000275821749242e+00 -1.893221962748644e-03 -9.132338992762892e-04 -1.007703265859642e+00
55 41 -1.000275002977159e+00 -1.891592031999536e-03 -9.145257341156220e-04 -1.007709227367891e+00
55 42 -1.000274194232626e+00 -1.890001951010216e-03 -9.158521752157979e-04 -1.007715099281345e+00
55 43 -1.000273405054313e+00 -1.888469804454198e-03 -9.171900345367601e-04 -1.007720817914187e+00
55 44 -1.000272644767743e+00 -1.887013836782398e-03 -9.185135417647432e-04 -1.007726319355910e+00
55 45 -1.000271922322688e+00 -1.885652126031565e-03 -9.197951236009352e-04 -1.007731540477801e+00
55 46 -1.000271246141414e+00 -1.884402234211505e-03 -9.210063199200369e-04 -1.007736419969374e+00
55 47 -1.000270623980729e+00 -1.883280848182162e-03 -9.221187894930488e-04 -1.007740899374366e+00
55 48 -1.000270062806349e+00 -1.882303418345166e-03 -9.231053454343498e-04 -1.007744924129675e+00
55 49 -1.000269568677708e+00 -1.881483799578276e-03 -9.239409594172430e-04 -1.007748444619895e+00
55 50 -1.000269146644458e+00 -1.880833901791964e-03 -9.246036827997059e-04 -1.007751417238998e+00
55 51 -1.000268800659712e+00 -1.880363363646199e-03 -9.250754461686666e-04 -1.007753805415156e+00
55 52 -1.000268533517645e+00 -1.880079268038338e-03 -9.253427124198339e-04 -1.007755580525105e+00
55 53 -1.000268346823319e+00 -1.879985919187049e-03 -9.253969716339095e-04 -1.007756722613157e+00
55 54 -1.000268241000168e+00 -1.880084698074844e-03 -9.252350756054342e-04 -1.007757220841575e+00
55 55 -1.000268215335902e+00 -1.880374007454311e-03 -9.248594087751888e-04 -1.007757073630089e+00
55 56 -1.000268268063062e+00 -1.880849312605867e-03 -9.242778781870934e-04 -1.007756288478995e+00
55 57 -1.000268396468475e+00 -1.881503280988931e-03 -9.235036889850390e-04 -1.007754881497008e+00
55 58 -1.000268597026010e+00 -1.882326020305403e-03 -9.225548722312184e-04 -1.007752876669602e+00
55 59 -1.000268865546544e+00 -1.883305406152237e-03 -9.214535577655109e-04 -1.007750304918466e+00
55 60 -1.000269197336667e+00 -1.884427477118027e-03 -9.202250286383438e-04 -1.007747203025342e+00
55 61 -1.000269587354859e+00 -1.885676861982826e-03 -9.188966380140388e-04 -1.007743612515694e+00
55 62 -1.000270030352888e+00 -1.887037196688822e-03 -9.174966985558343e-04 -1.007739578605336e+00
55 63 -1.000270520991377e+00 -1.888491491148354e-03 -9.160534572001640e-04 -1.007735149300494e+00
56 0 -1.000270791767121e+00 -1.888960271400134e-03 -9.202181974152213e-04 -1.007731987086964e+00
56 1 -1.000271348675538e+00 -1.890527570615374e-03 -9.187665573132050e-04 -1.007727007260816e+00
56 2 -1.000271936376967e+00 -1.892133689745186e-03 -9.173498957769485e-04 -1.007721795128848e+00
56 3 -1.000272549827600e+00 -1.893761526365002e-03 -9.159896512107199e-04 -1.007716403739035e+00
56 4 -1.000273184062375e+00 -1.895394280467235e-03 -9.147045325529763e-04 -1.007710886629437e+00
56 5 -1.000273834200661e+00 -1.897015607620780e-03 -9.135102602080890e-04 -1.007705297350809e+00
56 6 -1.000274495460004e+00 -1.898609805224102e-03 -9.124193443919234e-04 -1.007699688856886e+00
56 7 -1.000275163173499e+00 -1.900162014252418e-03 -9.114409339690580e-04 -1.007694112821852e+00
56 8 -1.000275832800228e+00 -1.901658403687835e-03 -9.105807824277940e-04 -1.007688618993568e+00
56 9 -1.000276499917173e+00 -1.903086305155852e-03 -9.098413618970908e-04 -1.007683254692829e+00
56 10 -1.000277160187220e+00 -1.904434282146129e-03 -9.092221196678663e-04 -1.007678064515976e+00
56 11 -1.000277809308058e+00 -1.905692140983843e-03 -9.087198373763526e-04 -1.007673090221859e+00
56 12 -1.000278442954378e+00 -1.906850905586493e-03 -9.083290386213989e-04 -1.007668370731312e+00
56 13 -1.000279056727333e+00 -1.907902779468403e-03 -9.080423975596309e-04 -1.007663942159272e+00
56 14 -1.000279646122131e+00 -1.908841110626280e-03 -9.078511205470517e-04 -1.007659837824013e+00
56 15 -1.000280206519494e+00 -1.909660363659053e-03 -9.077452980426100e-04 -1.007656088214258e+00
56 16 -1.000280733200352e+00 -1.910356091574705e-03 -9.077142486247719e-04 -1.007652720933901e+00
56 17 -1.000281221376918e+00 -1.910924890688231e-03 -9.077468908247603e-04 -1.007649760674872e+00
56 18 -1.000281666230940e+00 -1.911364322115965e-03 -9.078321715060135e-04 -1.007647229270429e+00
56 19 -1.000282062954303e+00 -1.911672795774759e-03 -9.079595528757421e-04 -1.007645145841841e+00
56 20 -1.000282406795496e+00 -1.911849431424545e-03 -9.081195278943634e-04 -1.007643526991748e+00
56 21 -1.000282693121574e+00 -1.911893924744473e-03 -9.083041114666518e-04 -1.007642386957148e+00
56 22 -1.000282917504833e+00 -1.911806447867444e-03 -9.085072496032410e-04 -1.007641737636786e+00
56 23 -1.000283075837879e+00 -1.911587604875562e-03 -9.087251005167214e-04 -1.007641588443113e+00
56 24 -1.000283164473283e+00 -1.911238449021407e-03 -9.089561670642737e-04 -1.007641945976019e+00
56 25 -1.000283180377134e+00 -1.910760554379567e-03 -9.092012914386068e-04 -1.007642813559239e+00
56 26 -1.000283121280840e+00 -1.910156123575232e-03 -9.094635467023996e-04 -1.007644190712220e+00
56 27 -1.000282985814445e+00 -1.909428108301025e-03 -9.097480624386989e-04 -1.007646072642139e+00
56 28 -1.000282773608259e+00 -1.908580321767070e-03 -9.100618022075220e-04 -1.007648449829688e+00
56 29 -1.000282485356060e+00 -1.907617529689875e-03 -9.104132817846800e-04 -1.007651307756272e+00
56 30 -1.000282122839013e+00 -1.906545514521916e-03 -9.108121969542003e-04 -1.007654626793363e+00
56 31 -1.000281688912978e+00 -1.905371113128113e-03 -9.112689289754783e-04 -1.007658382254852e+00
56 32 -1.000281187463684e+00 -1.904102230554790e-03 -9.117939159760069e-04 -1.007662544598375e+00
56 33 -1.000280623336293e+00 -1.902747833654983e-03 -9.123969127342998e-04 -1.007667079745310e+00
56 34 -1.000280002248304e+00 -1.901317930349062e-03 -9.130861966438203e-04 -1.007671949468919e+00
56 35 -1.000279330696466e+00 -1.899823543463559e-03 -9.138677982898958e-04 -1.007677111782737e+00
56 36 -1.000278615867076e+00 -1.898276689406072e-03 -9.147448309447167e-04 -1.007682521262145e+00
56 37 -1.000277865554255e+00 -1.896690367615819e-03 -9.157169680276863e-04 -1.007688129262260e+00
56 38 -1.000277088084030e+00 -1.895078556806685e-03 -9.167800865339113e-04 -1.007693884047528e+00
56 39 -1.000276292236241e+00 -1.893456203323678e-03 -9.179260730694806e-04 -1.007699730898515e+00
56 40 -1.000275487153907e+00 -1.891839180728182e-03 -9.191427831899964e-04 -1.007705612287203e+00
56 41 -1.000274682231201e+00 -1.890244199741312e-03 -9.204141502359085e-04 -1.007711468207696e+00
56 42 -1.000273886976374e+00 -1.888688653202737e-03 -9.217204491216408e-04 -1.007717236719076e+00
56 43 -1.000273110853344e+00 -1.887190391057587e-03 -9.230387263516498e-04 -1.007722854708190e+00
56 44 -1.000272363112603e+00 -1.885767433510291e-03 -9.243434042994794e-04 -1.007728258826388e+00
56 45 -1.000271652624590e+00 -1.884437640798821e-03 -9.256070534897064e-04 -1.007733386521671e+00
56 46 -1.000270987725294e+00 -1.883218359853758e-03 -9.268013054027295e-04 -1.007738177095704e+00
56 47 -1.000270376077364e+00 -1.882126062055769e-03 -9.278978587563091e-04 -1.007742572753405e+00
56 48 -1.000269824545325e+00 -1.881175979525951e-03 -9.288695210118771e-04 -1.007746519646618e+00
56 49 -1.000269339083219e+00 -1.880381745933426e-03 -9.296912247766842e-04 -1.007749968918614e+00
56 50 -1.000268924635494e+00 -1.879755051097950e-03 -9.303409635392566e-04 -1.007752877737403e+00
56 51 -1.000268585054982e+00 -1.879305322485384e-03 -9.308006021952194e-04 -1.007755210280985e+00
56 52 -1.000268323044224e+00 -1.879039448964846e-03 -9.310565350207029e-04 -1.007756938615602e+00
56 53 -1.000268140127624e+00 -1.878961563346961e-03 -9.311001822192337e-04 -1.007758043392409e+00
56 54 -1.000268036660479e+00 -1.879072899868848e-03 -9.309283262184532e-04 -1.007758514288280e+00
56 55 -1.000268011876530e+00 -1.879371739578437e-03 -9.305432844219461e-04 -1.007758350140987e+00
56 56 -1.000268063970603e+00 -1.879853451098664e-03 -9.299529007258510e-04 -1.007757558768673e+00
56 57 -1.000268190210088e+00 -1.880510629102254e-03 -9.291703259999922e-04 -1.007756156496445e+00
56 58 -1.000268387068685e+00 -1.881333328733586e-03 -9.282135587196376e-04 -1.007754167428935e+00
56 59 -1.000268650375854e+00 -1.882309388277485e-03 -9.271047358446173e-04 -1.007751622517166e+00
56 60 -1.000268975473992e+00 -1.883424821592484e-03 -9.258692003746750e-04 -1.007748558485341e+00
56 61 -1.000269357373247e+00 -1.884664247754573e-03 -9.245344183754010e-04 -1.007745016707319e+00
56 62 -1.000269790892296e+00 -1.886011314575825e-03 -9.231288570225333e-04 -1.007741042138618e+00
56 63 -1.000270270773871e+00 -1.887449072729028e-03 -9.216809440171275e-04 -1.007736682402049e+00
57 0 -1.000270626088217e+00 -1.887936578940307e-03 -9.258666626463586e-04 -1.007733388289988e+00
57 1 -1.000271170763103e+00 -1.889483224015903e-03 -9.244120230115808e-04 -1.007728490991426e+00
57 2 -1.000271745108863e+00 -1.891065353201981e-03 -9.229943394088753e-04 -1.007723371095072e+00
57 3 -1.000272344226952e+00 -1.892666057555002e-03 -9.216352113621596e-04 -1.007718080725911e+00
57 4 -1.000272963312094e+00 -1.894268770849176e-03 -9.203535037352484e-04 -1.007712672378048e+00
57 5 -1.000273597651951e+00 -1.895857412498341e-03 -9.191650955645672e-04 -1.007707198477520e+00
57 6 -1.000274242635330e+00 -1.897416566780364e-03 -9.180826564312766e-04 -1.007701710804023e+00
57 7 -1.000274893765386e+00 -1.898931681610510e-03 -9.171154840642541e-04 -1.007696259827160e+00
57 8 -1.000275546667575e+00 -1.900389253638457e-03 -9.162694519328373e-04 -1.007690894066025e+00
57 9 -1.000276197081685e+00 -1.901776967836093e-03 -9.155470990409244e-04 -1.007685659579463e+00
57 10 -1.000276840832948e+00 -1.903083775248235e-03 -9.149478610749277e-04 -1.007680599645706e+00
57 11 -1.000277473784939e+00 -1.904299910981953e-03 -9.144684125157428e-04 -1.007675754628500e+00
57 12 -1.000278091783114e+00 -1.905416867885408e-03 -9.141030725944740e-04 -1.007671161979757e+00
57 13 -1.000278690601325e+00 -1.906427347733265e-03 -9.138442253838398e-04 -1.007666856305095e+00
57 14 -1.000279265903867e+00 -1.907325210163417e-03 -9.136827175348733e-04 -1.007662869421840e+00
57 15 -1.000279813231387e+00 -1.908105429100009e-03 -9.136082247941738e-04 -1.007659230372418e+00
57 16 -1.000280328011044e+00 -1.908764050853208e-03 -9.136096082671108e-04 -1.007655965407485e+00
57 17 -1.000280805584061e+00 -1.909298137245431e-03 -9.136752959249014e-04 -1.007653097990541e+00
57 18 -1.000281241242276e+00 -1.909705678672254e-03 -9.137937165726102e-04 -1.007650648872209e+00
57 19 -1.000281630269700e+00 -1.909985474385247e-03 -9.139537897973738e-04 -1.007648636242255e+00
57 20 -1.000281967991469e+00 -1.910136992308767e-03 -9.141454482850034e-04 -1.007647075919600e+00
57 21 -1.000282249836804e+00 -1.910160231501776e-03 -9.143601459988879e-04 -1.007645981509707e+00
57 22 -1.000282471423373e+00 -1.910055614292260e-03 -9.145912931411225e-04 -1.007645364452542e+00
57 23 -1.000282628667876e+00 -1.909823931188310e-03 -9.148345643333142e-04 -1.007645233902299e+00
57 24 -1.000282717921797e+00 -1.909466349893037e-03 -9.150880524686778e-04 -1.007645596420467e+00
57 25 -1.000282736123161e+00 -1.908984483550661e-03 -9.153522761254318e-04 -1.007646455515697e+00
57 26 -1.000282680948574e+00 -1.908380499593937e-03 -9.156300741951152e-04 -1.007647811105850e+00
57 27 -1.000282550948462e+00 -1.907657244888466e-03 -9.159264252327861e-04 -1.007649658991180e+00
57 28 -1.000282345652518e+00 -1.906818365686664e-03 -9.162482129541470e-04 -1.007651990413151e+00
57 29 -1.000282065638562e+00 -1.905868408360556e-03 -9.166039341453738e-04 -1.007654791746615e+00
57 30 -1.000281712562768e+00 -1.904812894549723e-03 -9.170033233835402e-04 -1.007658044349031e+00
57 31 -1.000281289152216e+00 -1.903658369675857e-03 -9.174568618123442e-04 -1.007661724573164e+00
57 32 -1.000280799163453e+00 -1.902412426602469e-03 -9.179751524281855e-04 -1.007665803933845e+00
57 33 -1.000280247314038e+00 -1.901083708210252e-03 -9.185681791182943e-04 -1.007670249399120e+00
57 34 -1.000279639196928e+00 -1.899681895260946e-03 -9.192445053567140e-04 -1.007675023753303e+00
57 35 -1.000278981188453e+00 -1.898217688277965e-03 -9.200104914193079e-04 -1.007680085965088e+00
57 36 -1.000278280358714e+00 -1.896702791732820e-03 -9.208696064281319e-04 -1.007685391500065e+00
57 37 -1.000277544388965e+00 -1.895149904365023e-03 -9.218218884992548e-04 -1.007690892545524e+00
57 38 -1.000276781494934e+00 -1.893572712349397e-03 -9.228635761602705e-04 -1.007696538157039e+00
57 39 -1.000276000349290e+00 -1.891985874295526e-03 -9.239869098034581e-04 -1.007702274378521e+00
57 40 -1.000275209992575e+00 -1.890404980164679e-03 -9.251800908344537e-04 -1.007708044419624e+00
57 41 -1.000274419722152e+00 -1.888846462615212e-03 -9.264273894394392e-04 -1.007713788983813e+00
57 42 -1.000273638954287e+00 -1.887327442953454e-03 -9.277094035321086e-04 -1.007719446814390e+00
57 43 -1.000272877063370e+00 -1.885865505878691e-03 -9.290034806383174e-04 -1.007724955468231e+00
57 44 -1.000272143209803e+00 -1.884478412104742e-03 -9.302843122305600e-04 -1.007730252266652e+00
57 45 -1.000271446170108e+00 -1.883183767279399e-03 -9.315246954787202e-04 -1.007735275343905e+00
57 46 -1.000270794179316e+00 -1.881998665985390e-03 -9.326964372844385e-04 -1.007739964725406e+00
57 47 -1.000270194790044e+00 -1.880939325030165e-03 -9.337713574011471e-04 -1.007744263398821e+00
57 48 -1.000269654748329e+00 -1.880020716463607e-03 -9.347223347564750e-04 -1.007748118365894e+00
57 49 -1.000269179884702e+00 -1.879256209561960e-03 -9.355243345740020e-04 -1.007751481672106e+00
57 50 -1.000268775019859e+00 -1.878657231131814e-03 -9.361553557582028e-04 -1.007754311407137e+00
57 51 -1.000268443887143e+00 -1.878232954521414e-03 -9.365972507198193e-04 -1.007756572652650e+00
57 52 -1.000268189077486e+00 -1.877990030261431e-03 -9.368363904545758e-04 -1.007758238327513e+00
57 53 -1.000268012014418e+00 -1.877932374137340e-03 -9.368641666819732e-04 -1.007759289857933e+00
57 54 -1.000267912965317e+00 -1.878061028788836e-03 -9.366773310722856e-04 -1.007759717599151e+00
57 55 -1.000267891090721e+00 -1.878374111266308e-03 -9.362781678320550e-04 -1.007759520960830e+00
57 56 -1.000267944528684e+00 -1.878866853389801e-03 -9.356744858433926e-04 -1.007758708225322e+00
57 57 -1.000268070508052e+00 -1.879531737301236e-03 -9.348794065653222e-04 -1.007757296077651e+00
57 58 -1.000268265483469e+00 -1.880358725526947e-03 -9.339109200979129e-04 -1.007755308882281e+00
57 59 -1.000268525284903e+00 -1.881335579790925e-03 -9.327911932112793e-04 -1.007752777752964e+00
57 60 -1.000268845273983e+00 -1.882448252130057e-03 -9.315456475999786e-04 -1.007749739479123e+00
57 61 -1.000269220497768e+00 -1.883681316692182e-03 -9.302018779070974e-04 -1.007746235396442e+00
57 62 -1.000269645828746e+00 -1.885018398405676e-03 -9.287885224553366e-04 -1.007742310307579e+00
57 63 -1.000270116080014e+00 -1.886442554458282e-03 -9.273342085220770e-04 -1.007738011552566e+00
58 0 -1.000270559328901e+00 -1.886960971592263e-03 -9.314911570994367e-04 -1.007734560182829e+00
58 1 -1.000271092721762e+00 -1.888489450727448e-03 -9.300324987099396e-04 -1.007729738365798e+00
58 2 -1.000271654491699e+00 -1.890049697546105e-03 -9.286132423750582e-04 -1.007724704992135e+00
58 3 -1.000272239878831e+00 -1.891624978393931e-03 -9.272551440892856e-04 -1.007719511309612e+00
58 4 -1.000272844233530e+00 -1.893198950129809e-03 -9.259772073953319e-04 -1.007714208790857e+00
58 5 -1.000273463011366e+00 -1.894755795061306e-03 -9.247954391643678e-04 -1.007708848729277e+00
58 6 -1.000274091775293e+00 -1.896280390596932e-03 -9.237226310305530e-04 -1.007703481699291e+00
58 7 -1.000274726202665e+00 -1.897758499697502e-03 -9.227681956281776e-04 -1.007698156927160e+00
58 8 -1.000275362089291e+00 -1.899176953720645e-03 -9.219381006071712e-04 -1.007692921665741e+00
58 9 -1.000275995341698e+00 -1.900523797679109e-03 -9.212349335352958e-04 -1.007687820673716e+00
58 10 -1.000276621951591e+00 -1.901788377087263e-03 -9.206581071545951e-04 -1.007682895870996e+00
58 11 -1.000277237951967e+00 -1.902961361177971e-03 -9.202041858861427e-04 -1.007678186190228e+00
58 12 -1.000277839361394e+00 -1.904034714363886e-03 -9.198672892430260e-04 -1.007673727586674e+00
58 13 -1.000278422128800e+00 -1.905001639312250e-03 -9.196395178722354e-04 -1.007669553128722e+00
58 14 -1.000278982092232e+00 -1.905856514335212e-03 -9.195113617123789e-04 -1.007665693090777e+00
58 15 -1.000279514960100e+00 -1.906594835498449e-03 -9.194720802784379e-04 -1.007662175009070e+00
58 16 -1.000280016315708e+00 -1.907213158852851e-03 -9.195100732306204e-04 -1.007659023710985e+00
58 17 -1.000280481640182e+00 -1.907709030105770e-03 -9.196132710440014e-04 -1.007656261357334e+00
58 18 -1.000280906347648e+00 -1.908080890479088e-03 -9.197695707022823e-04 -1.007653907533662e+00
58 19 -1.000281285828535e+00 -1.908327955256250e-03 -9.199673254966765e-04 -1.007651979401422e+00
58 20 -1.000281615500678e+00 -1.908450072368999e-03 -9.201958738250989e-04 -1.007650491885656e+00
58 21 -1.000281890872273e+00 -1.908447580043326e-03 -9.204460638863825e-04 -1.007649457841954e+00
58 22 -1.000282107623863e+00 -1.908321190561859e-03 -9.207107124053429e-04 -1.007648888125184e+00
58 23 -1.000282261715532e+00 -1.908071925823444e-03 -9.209849396086210e-04 -1.007648791492062e+00
58 24 -1.000282349519283e+00 -1.907701118262056e-03 -9.212663492153484e-04 -1.007649174311979e+00
58 25 -1.000282367967981e+00 -1.907210473594195e-03 -9.215550560893173e-04 -1.007650040116491e+00
58 26 -1.000282314706037e+00 -1.906602178033141e-03 -9.218535892325854e-04 -1.007651389060028e+00
58 27 -1.000282188225988e+00 -1.905879026625085e-03 -9.221667064399182e-04 -1.007653217377747e+00
58 28 -1.000281987978280e+00 -1.905044550857878e-03 -9.225011482443670e-04 -1.007655516915335e+00
58 29 -1.000281714446172e+00 -1.904103129743343e-03 -9.228653358970314e-04 -1.007658274783509e+00
58 30 -1.000281369181857e+00 -1.903060075824038e-03 -9.232689917501803e-04 -1.007661473168178e+00
58 31 -1.000280954803622e+00 -1.901921693496214e-03 -9.237226480788879e-04 -1.007665089308153e+00
58 32 -1.000280474957619e+00 -1.900695311093604e-03 -9.242370241596132e-04 -1.007669095632292e+00
58 33 -1.000279934251550e+00 -1.899389291266157e-03 -9.248222863171867e-04 -1.007673460024453e+00
58 34 -1.000279338170115e+00 -1.898013026629882e-03 -9.254872433535015e-04 -1.007678146163382e+00
58 35 -1.000278692982775e+00 -1.896576928408671e-03 -9.262385531277585e-04 -1.007683113875361e+00
58 36 -1.000278005652871e+00 -1.895092414241824e-03 -9.270800178748978e-04 -1.007688319444825e+00
58 37 -1.000277283753681e+00 -1.893571898255005e-03 -9.280120276842263e-04 -1.007693715849603e+00
58 38 -1.000276535391515e+00 -1.892028782026234e-03 -9.290311811186181e-04 -1.007699252920619e+00
58 39 -1.000275769129276e+00 -1.890477437986912e-03 -9.301300823631137e-04 -1.007704877469310e+00
58 40 -1.000274993898903e+00 -1.888933167976530e-03 -9.312972990895863e-04 -1.007710533467236e+00
58 41 -1.000274218891272e+00 -1.887412114671238e-03 -9.325174686635060e-04 -1.007716162376047e+00
58 42 -1.000273453418407e+00 -1.885931108112838e-03 -9.337715535828649e-04 -1.007721703695783e+00
58 43 -1.000272706752041e+00 -1.884507442310128e-03 -9.350372564486046e-04 -1.007727095739735e+00
58 44 -1.000271987949540e+00 -1.883158590099257e-03 -9.362896029860809e-04 -1.007732276589795e+00
58 45 -1.000271305680467e+00 -1.881901871912608e-03 -9.375016900169846e-04 -1.007737185161302e+00
58 46 -1.000270668064961e+00 -1.880754096025650e-03 -9.386455782249226e-04 -1.007741762308472e+00
58 47 -1.000270082530625e+00 -1.879731187173613e-03 -9.396932906064192e-04 -1.007745951918463e+00
58 48 -1.000269555689376e+00 -1.878847818004093e-03 -9.406178606580020e-04 -1.007749701966519e+00
58 49 -1.000269093232010e+00 -1.878117053777379e-03 -9.413943652463260e-04 -1.007752965528239e+00
58 50 -1.000268699838172e+00 -1.877550017749526e-03 -9.420008799888491e-04 -1.007755701751893e+00
58 51 -1.000268379103056e+00 -1.877155585981144e-03 -9.424193088800434e-04 -1.007757876774181e+00
58 52 -1.000268133486459e+00 -1.876940124762883e-03 -9.426360589292944e-04 -1.007759464529839e+00
58 53 -1.000267964291544e+00 -1.876907286510939e-03 -9.426425478128836e-04 -1.007760447385373e+00
58 54 -1.000267871678838e+00 -1.877057878056785e-03 -9.424355432163863e-04 -1.007760816533202e+00
58 55 -1.000267854717222e+00 -1.877389810933611e-03 -9.420173341655215e-04 -1.007760572105776e+00
58 56 -1.000267911469650e+00 -1.877898140069174e-03 -9.413957266419401e-04 -1.007759722995306e+00
58 57 -1.000268039108078e+00 -1.878575195575859e-03 -9.405838418824478e-04 -1.007758286387691e+00
58 58 -1.000268234050069e+00 -1.879410809365982e-03 -9.395996868305717e-04 -1.007756287040053e+00
58 59 -1.000268492109060e+00 -1.880392631375958e-03 -9.384654766474350e-04 -1.007753756350363e+00
58 60 -1.000268808650206e+00 -1.881506518654979e-03 -9.372067252902924e-04 -1.007750731285452e+00
58 61 -1.000269178742853e+00 -1.882736966814798e-03 -9.358511706679754e-04 -1.007747253251810e+00
58 62 -1.000269597299392e+00 -1.884067542620193e-03 -9.344276418114174e-04 -1.007743367007665e+00
58 63 -1.000270059190394e+00 -1.885481274911846e-03 -9.329649867450643e-04 -1.007739119712678e+00
59 0 -1.000270592743597e+00 -1.886042589648985e-03 -9.370436101900049e-04 -1.007735487033477e+00
59 1 -1.000271115977119e+00 -1.887555703373817e-03 -9.355796747023079e-04 -1.007730732486566e+00
59 2 -1.000271666138461e+00 -1.889096530668808e-03 -9.341580544593133e-04 -1.007725778616627e+00
59 3 -1.000272238596879e+00 -1.890648490430473e-03 -9.328006621717444e-04 -1.007720675856864e+00
59 4 -1.000272828851707e+00 -1.892195448483524e-03 -9.315266240419579e-04 -1.007715474696057e+00
59 5 -1.000273432522844e+00 -1.893721843703986e-03 -9.303520459407191e-04 -1.007710225309279e+00
59 6 -1.000274045346012e+00 -1.895212845009536e-03 -9.292898071544259e-04 -1.007704977064804e+00
59 7 -1.000274663172924e+00 -1.896654531823956e-03 -9.283493997485247e-04 -1.007699777933791e+00
59 8 -1.000275281971575e+00 -1.898034074793969e-03 -9.275368508171938e-04 -1.007694673879448e+00
59 9 -1.000275897818379e+00 -1.899339885424036e-03 -9.268547663242074e-04 -1.007689708329000e+00
59 10 -1.000276506874390e+00 -1.900561708270353e-03 -9.263025162802723e-04 -1.007684921816466e+00
59 11 -1.000277105343366e+00 -1.901690646914981e-03 -9.258765474672503e-04 -1.007680351827469e+00
59 12 -1.000277689417569e+00 -1.902719135307930e-03 -9.255707794659964e-04 -1.007676032810028e+00
59 13 -1.000278255222925e+00 -1.903640877059962e-03 -9.253770305866674e-04 -1.007671996276608e+00
59 14 -1.000278798775520e+00 -1.904450772981932e-03 -9.252854351981064e-04 -1.007668270926927e+00
59 15 -1.000279315957549e+00 -1.905144847377972e-03 -9.252848396705949e-04 -1.007664882751571e+00
59 16 -1.000279802515678e+00 -1.905720173623395e-03 -9.253631865146298e-04 -1.007661855110528e+00
59 17 -1.000280254080066e+00 -1.906174792336025e-03 -9.255079101536300e-04 -1.007659208807030e+00
59 18 -1.000280666198910e+00 -1.906507612054760e-03 -9.257063715038119e-04 -1.007656962189649e+00
59 19 -1.000281034382795e+00 -1.906718285466880e-03 -9.259463476154940e-04 -1.007655131305404e+00
59 20 -1.000281354156657e+00 -1.906807065221096e-03 -9.262165658287217e-04 -1.007653730091386e+00
59 21 -1.000281621122790e+00 -1.906774657503011e-03 -9.265072402495905e-04 -1.007652770549657e+00
59 22 -1.000281831041945e+00 -1.906622100202168e-03 -9.268105497365602e-04 -1.007652262827762e+00
59 23 -1.000281979938055e+00 -1.906350690516500e-03 -9.271210003597231e-04 -1.007652215139539e+00
59 24 -1.000282064226371e+00 -1.905961975985986e-03 -9.274356366835927e-04 -1.007652633499916e+00
59 25 -1.000282080857926e+00 -1.905457808546205e-03 -9.277540948317936e-04 -1.007653521294650e+00
59 26 -1.000282027468075e+00 -1.904840448019772e-03 -9.280785174472218e-04 -1.007654878745506e+00
59 27 -1.000281902514573e+00 -1.904112693037165e-03 -9.284133674301589e-04 -1.007656702352811e+00
59 28 -1.000281705391640e+00 -1.903278015965011e-03 -9.287651742651094e-04 -1.007658984395966e+00
59 29 -1.000281436510113e+00 -1.902340683483937e-03 -9.291422232349772e-04 -1.007661712553354e+00
59 30 -1.000281097338730e+00 -1.901305852363006e-03 -9.295541689056209e-04 -1.007664869677955e+00
59 31 -1.000280690406083e+00 -1.900179636933529e-03 -9.300115410627650e-04 -1.007668433742128e+00
59 32 -1.000280219266421e+00 -1.898969149576353e-03 -9.305251235979027e-04 -1.007672377943912e+00
59 33 -1.000279688435695e+00 -1.897682518778214e-03 -9.311052176911481e-04 -1.007676670945355e+00
59 34 -1.000279103307071e+00 -1.896328891182268e-03 -9.317608355565798e-04 -1.007681277194334e+00
59 35 -1.000278470056998e+00 -1.894918424402465e-03 -9.324988972197087e-04 -1.007686157271037e+00
59 36 -1.000277795552325e+00 -1.893462276590360e-03 -9.333235106739929e-04 -1.007691268202340e+00
59 37 -1.000277087265277e+00 -1.891972596797723e-03 -9.342354005049568e-04 -1.007696563704646e+00
59 38 -1.000276353196496e+00 -1.890462515552713e-03 -9.352315176245346e-04 -1.007701994351202e+00
59 39 -1.000275601799103e+00 -1.888946126990363e-03 -9.363048301779593e-04 -1.007707507707901e+00
59 40 -1.000274841892066e+00 -1.887438445441701e-03 -9.374442792349309e-04 -1.007713048521393e+00
59 41 -1.000274082551705e+00 -1.885955316100203e-03 -9.386348852295860e-04 -1.007718559051776e+00
59 42 -1.000273332975785e+00 -1.884513263880932e-03 -9.398580023311916e-04 -1.007723979614174e+00
59 43 -1.000272602322698e+00 -1.883129274329253e-03 -9.410917269981539e-04 -1.007729249345209e+00
59 44 -1.000271899535466e+00 -1.881820511077235e-03 -9.423114687363944e-04 -1.007734307162361e+00
59 45 -1.000271233164421e+00 -1.880603983310782e-03 -9.434906839446303e-04 -1.007739092849286e+00
59 46 -1.000270611201943e+00 -1.879496182550834e-03 -9.446017573323244e-04 -1.007743548186684e+00
59 47 -1.000270040937779e+00 -1.878512708905427e-03 -9.456169934149535e-04 -1.007747618062137e+00
59 48 -1.000269528836661e+00 -1.877667902487841e-03 -9.465096616656105e-04 -1.007751251526833e+00
59 49 -1.000269080435353e+00 -1.876974489657823e-03 -9.472550307106820e-04 -1.007754402798192e+00
59 50 -1.000268700256405e+00 -1.876443251451582e-03 -9.478313303330829e-04 -1.007757032211664e+00
59 51 -1.000268391739619e+00 -1.876082724233122e-03 -9.482205910442431e-04 -1.007759107102556e+00
59 52 -1.000268157196065e+00 -1.875898946064438e-03 -9.484093267223622e-04 -1.007760602571806e+00
59 53 -1.000267997790865e+00 -1.875895262284074e-03 -9.483890445815404e-04 -1.007761502078086e+00
59 54 -1.000267913559849e+00 -1.876072200762270e-03 -9.481565831140127e-04 -1.007761797803862e+00
59 55 -1.000267903462325e+00 -1.876427424804595e-03 -9.477142836592644e-04 -1.007761490756626e+00
59 56 -1.000267965468454e+00 -1.876955771148799e-03 -9.470699908905862e-04 -1.007760590584474e+00
59 57 -1.000268096675972e+00 -1.877649379620825e-03 -9.462368598649558e-04 -1.007759115108641e+00
59 58 -1.000268293448431e+00 -1.878497916856564e-03 -9.452329384343663e-04 -1.007757089601506e+00
59 59 -1.000268551566302e+00 -1.879488888549331e-03 -9.440805058605822e-04 -1.007754545860159e+00
59 60 -1.000268866382422e+00 -1.880608024304316e-03 -9.428051816107951e-04 -1.007751521140307e+00
59 61 -1.000269232973224e+00 -1.881839707740316e-03 -9.414348623883890e-04 -1.007748057028105e+00
59 62 -1.000269646276654e+00 -1.883167413913440e-03 -9.399985855283565e-04 -1.007744198341112e+00
59 63 -1.000270101207628e+00 -1.884574111004927e-03 -9.385254370386610e-04 -1.007739992155033e+00
60 0 -1.000270726383280e+00 -1.885190065032448e-03 -9.424765266589776e-04 -1.007736155648570e+00
60 1 -1.000271240736858e+00 -1.886690890393167e-03 -9.410058129966404e-04 -1.007731459108593e+00
60 2 -1.000271780430693e+00 -1.888215084850335e-03 -9.395807808453803e-04 -1.007726576518764e+00
60 3 -1.000272340952038e+00 -1.889746195317252e-03 -9.382235017421070e-04 -1.007721557568549e+00
60 4 -1.000272917940047e+00 -1.891268277924050e-03 -9.369532137795529e-04 -1.007716451817613e+00
60 5 -1.000273507171474e+00 -1.892766013778310e-03 -9.357861014091070e-04 -1.007711308365111e+00
60 6 -1.000274104549381e+00 -1.894224854000552e-03 -9.347351024525304e-04 -1.007706175400084e+00
60 7 -1.000274706097404e+00 -1.895631191903712e-03 -9.338097508841855e-04 -1.007701099644101e+00
60 8 -1.000275307956071e+00 -1.896972540099088e-03 -9.330160923183078e-04 -1.007696125758812e+00
60 9 -1.000275906372903e+00 -1.898237679414508e-03 -9.323567158257368e-04 -1.007691295825693e+00
60 10 -1.000276497678592e+00 -1.899416752556278e-03 -9.318309246904362e-04 -1.007686648987604e+00
60 11 -1.000277078247191e+00 -1.900501293803045e-03 -9.314350335293855e-04 -1.007682221283652e+00
60 12 -1.000277644444926e+00 -1.901484203531542e-03 -9.311627523889761e-04 -1.007678045650773e+00
60 13 -1.000278192576413e+00 -1.902359684704269e-03 -9.310056115973159e-04 -1.007674152034731e+00
60 14 -1.000278718838365e+00 -1.903123159127356e-03 -9.309533899675798e-04 -1.007670567547686e+00
60 15 -1.000279219290186e+00 -1.903771177970185e-03 -9.309945255578140e-04 -1.007667316619570e+00
60 16 -1.000279689847378e+00 -1.904301333504297e-03 -9.311165095041821e-04 -1.007664421116974e+00
60 17 -1.000280126297592e+00 -1.904712168019279e-03 -9.313062846966125e-04 -1.007661900441879e+00
60 18 -1.000280524333754e+00 -1.905003068361274e-03 -9.315506803557038e-04 -1.007659771648451e+00
60 19 -1.000280879598004e+00 -1.905174137894103e-03 -9.318369013646810e-04 -1.007658049605066e+00
60 20 -1.000281187734438e+00 -1.905226050335775e-03 -9.321530627404163e-04 -1.007656747187729e+00
60 21 -1.000281444453645e+00 -1.905159902642219e-03 -9.324887311437076e-04 -1.007655875452463e+00
60 22 -1.000281645614018e+00 -1.904977090010742e-03 -9.328354190699308e-04 -1.007655443720662e+00
60 23 -1.000281787323608e+00 -1.904679225059276e-03 -9.331869757340643e-04 -1.007655459520899e+00
60 24 -1.000281866062960e+00 -1.904268117079548e-03 -9.335398311378089e-04 -1.007655928354773e+00
60 25 -1.000281878824660e+00 -1.903745816003109e-03 -9.338930760163159e-04 -1.007656853291395e+00
60 26 -1.000281823259626e+00 -1.903114711129843e-03 -9.342483929322520e-04 -1.007658234439605e+00
60 27 -1.000281697815930e+00 -1.902377662907022e-03 -9.346098759012892e-04 -1.007660068379972e+00
60 28 -1.000281501855708e+00 -1.901538142911396e-03 -9.349837739970359e-04 -1.007662347643097e+00
60 29 -1.000281235739593e+00 -1.900600362244902e-03 -9.353781718393950e-04 -1.007665060300447e+00
60 30 -1.000280900873310e+00 -1.899569376577875e-03 -9.358025941419497e-04 -1.007668189706690e+00
60 31 -1.000280499715156e+00 -1.898451162982368e-03 -9.362675087712449e-04 -1.007671714409908e+00
60 32 -1.000280035746143e+00 -1.897252668774125e-03 -9.367837092601645e-04 -1.007675608226369e+00
60 33 -1.000279513407955e+00 -1.895981836197680e-03 -9.373615819172433e-04 -1.007679840455497e+00
60 34 -1.000278938017906e+00 -1.894647608965365e-03 -9.380102975961954e-04 -1.007684376189797e+00
60 35 -1.000278315673053e+00 -1.893259927655641e-03 -9.387369998135537e-04 -1.007689176659450e+00
60 36 -1.000277653155294e+00 -1.891829720866608e-03 -9.395460724043038e-04 -1.007694199549877e+00
60 37 -1.000276957844853e+00 -1.890368896600541e-03 -9.404385542675833e-04 -1.007699399250152e+00
60 38 -1.000276237642316e+00 -1.888890332487773e-03 -9.414117360231810e-04 -1.007704727030001e+00
60 39 -1.000275500892434e+00 -1.887407855673225e-03 -9.424589421379434e-04 -1.007710131188976e+00
60 40 -1.000274756298705e+00 -1.885936197068477e-03 -9.435694845939791e-04 -1.007715557253708e+00
60 41 -1.000274012817620e+00 -1.884490902534296e-03 -9.447287715429974e-04 -1.007720948307061e+00
60 42 -1.000273279525520e+00 -1.883088185567715e-03 -9.459185618854967e-04 -1.007726245516891e+00
60 43 -1.000272565458542e+00 -1.881744712360249e-03 -9.471173680541734e-04 -1.007731388894515e+00
60 44 -1.000271879434894e+00 -1.880477320807192e-03 -9.483010162970335e-04 -1.007736318260317e+00
60 45 -1.000271229874584e+00 -1.879302687244860e-03 -9.494433686271073e-04 -1.007740974345035e+00
60 46 -1.000270624631560e+00 -1.878236962277367e-03 -9.505171925465380e-04 -1.007745299936515e+00
60 47 -1.000270070847419e+00 -1.877295396385280e-03 -9.514951420071156e-04 -1.007749241001908e+00
60 48 -1.000269574828709e+00 -1.876491970258054e-03 -9.523507958865471e-04 -1.007752747753184e+00
60 49 -1.000269141945628e+00 -1.875839040425693e-03 -9.530596921980509e-04 -1.007755775648863e+00
60 50 -1.000268776549823e+00 -1.875347010473352e-03 -9.536002958173308e-04 -1.007758286325544e+00
60 51 -1.000268481911321e+00 -1.875024039346701e-03 -9.539548446600480e-04 -1.007760248439865e+00
60 52 -1.000268260177627e+00 -1.874875798016584e-03 -9.541100358048011e-04 -1.007761638387836e+00
60 53 -1.000268112360219e+00 -1.874905284278473e-03 -9.540575359594202e-04 -1.007762440857901e+00
60 54 -1.000268038353852e+00 -1.875112704464104e-03 -9.537943192257443e-04 -1.007762649168989e+00
60 55 -1.000268036991630e+00 -1.875495430604892e-03 -9.533228389253116e-04 -1.007762265351196e+00
60 56 -1.000268106134521e+00 -1.876048040825531e-03 -9.526510292383642e-04 -1.007761299947259e+00
60 57 -1.000268242789861e+00 -1.876762448469033e-03 -9.517921171076962e-04 -1.007759771540339e+00
60 58 -1.000268443250894e+00 -1.877628121592072e-03 -9.507642175529688e-04 -1.007757706037013e+00
60 59 -1.000268703248566e+00 -1.878632388870015e-03 -9.495896934442861e-04 -1.007755135749862e+00
60 60 -1.000269018106927e+00 -1.879760819607948e-03 -9.482942862401452e-04 -1.007752098336544e+00
60 61 -1.000269382893768e+00 -1.880997653692325e-03 -9.469060651056662e-04 -1.007748635668275e+00
60 62 -1.000269792558017e+00 -1.882326244200661e-03 -9.454542871473787e-04 -1.007744792719140e+00
60 63 -1.000270242045146e+00 -1.883729467909696e-03 -9.439682897233928e-04 -1.007740616575945e+00
61 0 -1.000270959101827e+00 -1.884411507406960e-03 -9.477431469567372e-04 -1.007736555475979e+00
61 1 -1.000271465994797e+00 -1.885903356606038e-03 -9.462639215065070e-04 -1.007731906758484e+00
61 2 -1.000271996520515e+00 -1.887413992311837e-03 -9.448341691522214e-04 -1.007727086138710e+00
61 3 -1.000272546271179e+00 -1.888927061552544e-03 -9.434761266147266e-04 -1.007722142645687e+00
61 4 -1.000273111013522e+00 -1.890426785381957e-03 -9.422091425870217e-04 -1.007717124986629e+00
61 5 -1.000273686670421e+00 -1.891898066277156e-03 -9.410494677677719e-04 -1.007712081248860e+00
61 6 -1.000274269304549e+00 -1.893326624294578e-03 -9.400100719219349e-04 -1.007707058484112e+00
61 7 -1.000274855107223e+00 -1.894699160721860e-03 -9.391004933581460e-04 -1.007702102184036e+00
61 8 -1.000275440389367e+00 -1.896003527216364e-03 -9.383267567496735e-04 -1.007697255718272e+00
61 9 -1.000276021567873e+00 -1.897228870005610e-03 -9.376914000771549e-04 -1.007692559833311e+00
61 10 -1.000276595141467e+00 -1.898365724941173e-03 -9.371936317310707e-04 -1.007688052292501e+00
61 11 -1.000277157653707e+00 -1.899406052632370e-03 -9.368296105170177e-04 -1.007683767695477e+00
61 12 -1.000277705644786e+00 -1.900343215713871e-03 -9.365928192024794e-04 -1.007679737471966e+00
61 13 -1.000278235598013e+00 -1.901171910508881e-03 -9.364744907991310e-04 -1.007675990008040e+00
61 14 -1.000278743890923e+00 -1.901888072392239e-03 -9.364640463632500e-04 -1.007672550837029e+00
61 15 -1.000279226762114e+00 -1.902488774027760e-03 -9.365495162503973e-04 -1.007669442827539e+00
61 16 -1.000279680300870e+00 -1.902972125782116e-03 -9.367179420106524e-04 -1.007666686335175e+00
61 17 -1.000280100459534e+00 -1.903337174153207e-03 -9.369557807172250e-04 -1.007664299330844e+00
61 18 -1.000280483083770e+00 -1.903583787869584e-03 -9.372493413948688e-04 -1.007662297539938e+00
61 19 -1.000280823956026e+00 -1.903712526273094e-03 -9.375852705074609e-04 -1.007660694610842e+00
61 20 -1.000281118850362e+00 -1.903724494526308e-03 -9.379510803217085e-04 -1.007659502299432e+00
61 21 -1.000281363599320e+00 -1.903621198203328e-03 -9.383356911378058e-04 -1.007658730632334e+00
61 22 -1.000281554175064e+00 -1.903404415169655e-03 -9.387299397156581e-04 -1.007658387998802e+00
61 23 -1.000281686787927e+00 -1.903076106078228e-03 -9.391269958613414e-04 -1.007658481115821e+00
61 24 -1.000281758004521e+00 -1.902638382743183e-03 -9.395226361379082e-04 -1.007659014822596e+00
61 25 -1.000281764882900e+00 -1.902093542469822e-03 -9.399153513175565e-04 -1.007659991698557e+00
61 26 -1.000281705115637e+00 -1.901444160003650e-03 -9.403062993357655e-04 -1.007661411549758e+00
61 27 -1.000281577167204e+00 -1.900693216427703e-03 -9.406991373400673e-04 -1.007663270843213e+00
61 28 -1.000281380392100e+00 -1.899844241286537e-03 -9.410997656241798e-04 -1.007665562172501e+00
61 29 -1.000281115123454e+00 -1.898901447924009e-03 -9.415159998570068e-04 -1.007668273821424e+00
61 30 -1.000280782725466e+00 -1.897869847898491e-03 -9.419571678741281e-04 -1.007671389471623e+00
61 31 -1.000280385606351e+00 -1.896755336706185e-03 -9.424336120190498e-04 -1.007674888079374e+00
61 32 -1.000279927192181e+00 -1.895564749564130e-03 -9.429560762280093e-04 -1.007678743923523e+00
61 33 -1.000279411866567e+00 -1.894305891172583e-03 -9.435349767712188e-04 -1.007682926801420e+00
61 34 -1.000278844885725e+00 -1.892987545979349e-03 -9.441795930307700e-04 -1.007687402327341e+00
61 35 -1.000278232281261e+00 -1.891619476207635e-03 -9.448972498569249e-04 -1.007692132272917e+00
61 36 -1.000277580762788e+00 -1.890212414478785e-03 -9.456925747243085e-04 -1.007697074888050e+00
61 37 -1.000276897628523e+00 -1.888778055217845e-03 -9.465668974974722e-04 -1.007702185159936e+00
61 38 -1.000276190685327e+00 -1.887329043446186e-03 -9.475178313476401e-04 -1.007707415004911e+00
61 39 -1.000275468172460e+00 -1.885878952800741e-03 -9.485390445892091e-04 -1.007712713429850e+00
61 40 -1.000274738678154e+00 -1.884442239214159e-03 -9.496202121115708e-04 -1.007718026732245e+00
61 41 -1.000274011036761e+00 -1.883034153693000e-03 -9.507471259595618e-04 -1.007723298822793e+00
61 42 -1.000273294197994e+00 -1.881670597912509e-03 -9.519019502644151e-04 -1.007728471745010e+00
61 43 -1.000272597067916e+00 -1.880367912094761e-03 -9.530636206610281e-04 -1.007733486428551e+00
61 44 -1.000271928330873e+00 -1.879142596296503e-03 -9.542083981711386e-04 -1.007738283654919e+00
61 45 -1.000271296267735e+00 -1.878010978943904e-03 -9.553105816842277e-04 -1.007742805163599e+00
61 46 -1.000270708585669e+00 -1.876988853263966e-03 -9.563433650630445e-04 -1.007746994810103e+00
61 47 -1.000270172269481e+00 -1.876091101418478e-03 -9.572798054923217e-04 -1.007750799705475e+00
61 48 -1.000269693458073e+00 -1.875331322316160e-03 -9.580938545182424e-04 -1.007754171296257e+00
61 49 -1.000269277345051e+00 -1.874721476807999e-03 -9.587613916528035e-04 -1.007757066364481e+00
61 50 -1.000268928100800e+00 -1.874271562954302e-03 -9.592611947207416e-04 -1.007759447935757e+00
61 51 -1.000268648814536e+00 -1.873989332163791e-03 -9.595757878808814e-04 -1.007761286083491e+00
61 52 -1.000268441458012e+00 -1.873880054822865e-03 -9.596921285607130e-04 -1.007762558607703e+00
61 53 -1.000268306875767e+00 -1.873946343554928e-03 -9.596021187771105e-04 -1.007763251550328e+00
61 54 -1.000268244807591e+00 -1.874188042947016e-03 -9.593029423226577e-04 -1.007763359498480e+00
61 55 -1.000268253946222e+00 -1.874602193919356e-03 -9.587972327383981e-04 -1.007762885635741e+00
61 56 -1.000268332028871e+00 -1.875183078368428e-03 -9.580930710585379e-04 -1.007761841525794e+00
61 57 -1.000268475957203e+00 -1.875922347451162e-03 -9.572038013978663e-04 -1.007760246637022e+00
61 58 -1.000268681938039e+00 -1.876809235823419e-03 -9.561476416666635e-04 -1.007758127631929e+00
61 59 -1.000268945636060e+00 -1.877830861399389e-03 -9.549470659670259e-04 -1.007755517456330e+00
61 60 -1.000269262329772e+00 -1.878972601742985e-03 -9.536279562079659e-04 -1.007752454279512e+00
61 61 -1.000269627062160e+00 -1.880218523871840e-03 -9.522185642504272e-04 -1.007748980359120e+00
61 62 -1.000270034777543e+00 -1.881551829653357e-03 -9.507483752660173e-04 -1.007745140924548e+00
61 63 -1.000270480436410e+00 -1.882955272437417e-03 -9.492469915168507e-04 -1.007740983176210e+00
62 0 -1.000271288581686e+00 -1.883714488944562e-03 -9.527976159534249e-04 -1.007736678683287e+00
62 1 -1.000271789555514e+00 -1.885200865821000e-03 -9.513079309166305e-04 -1.007732066821032e+00
62 2 -1.000272312353415e+00 -1.886701261964577e-03 -9.498719011257048e-04 -1.007727297911488e+00
62 3 -1.000272852656771e+00 -1.888199391572428e-03 -9.485119410674527e-04 -1.007722420423606e+00
62 4 -1.000273406344993e+00 -1.889679610321895e-03 -9.472475152567751e-04 -1.007717482304717e+00
62 5 -1.000273969474603e+00 -1.891127018384751e-03 -9.460949315714049e-04 -1.007712530704264e+00
62 6 -1.000274538258631e+00 -1.892527588314016e-03 -9.450671681552362e-04 -1.007707611590227e+00
62 7 -1.000275109049310e+00 -1.893868317067234e-03 -9.441737362615354e-04 -1.007702769265799e+00
62 8 -1.000275678322689e+00 -1.895137384500730e-03 -9.434206066816626e-04 -1.007698045844780e+00
62 9 -1.000276242661225e+00 -1.896324293183238e-03 -9.428102332833865e-04 -1.007693480767716e+00
62 10 -1.000276798729612e+00 -1.897419965623567e-03 -9.423416968176839e-04 -1.007689110437836e+00
62 11 -1.000277343239778e+00 -1.898416782817364e-03 -9.420109715283247e-04 -1.007684968031287e+00
62 12 -1.000277872904240e+00 -1.899308561077462e-03 -9.418112926124734e-04 -1.007681083492611e+00
62 13 -1.000278384382821e+00 -1.900090478962514e-03 -9.417335835296545e-04 -1.007677483675207e+00
62 14 -1.000278874232897e+00 -1.900758975464151e-03 -9.417668988798803e-04 -1.007674192553493e+00
62 15 -1.000279338873924e+00 -1.901311638699521e-03 -9.418988541601552e-04 -1.007671231439238e+00
62 16 -1.000279774572789e+00 -1.901747093763978e-03 -9.421160390258670e-04 -1.007668619170639e+00
62 17 -1.000280177451207e+00 -1.902064888206888e-03 -9.424044308917055e-04 -1.007666372278078e+00
62 18 -1.000280543513099e+00 -1.902265370106607e-03 -9.427498320920988e-04 -1.007664505143770e+00
62 19 -1.000280868688716e+00 -1.902349555754475e-03 -9.431383474122213e-04 -1.007663030167135e+00
62 20 -1.000281148892046e+00 -1.902318987991106e-03 -9.435569035901121e-04 -1.007661957935288e+00
62 21 -1.000281380089361e+00 -1.902175592184472e-03 -9.439937903517747e-04 -1.007661297379540e+00
62 22 -1.000281558379871e+00 -1.901921545347283e-03 -9.444391782217112e-04 -1.007661055874020e+00
62 23 -1.000281680092154e+00 -1.901559180653210e-03 -9.448855535569104e-04 -1.007661239216344e+00
62 24 -1.000281741898946e+00 -1.901090947635646e-03 -9.453280177391659e-04 -1.007661851443041e+00
62 25 -1.000281740947663e+00 -1.900519436450372e-03 -9.457644239752911e-04 -1.007662894473892e+00
62 26 -1.000281674998329e+00 -1.899847459708950e-03 -9.461953565419140e-04 -1.007664367624956e+00
62 27 -1.000281542557615e+00 -1.899078175140625e-03 -9.466239780942179e-04 -1.007666267057198e+00
62 28 -1.000281342997466e+00 -1.898215228228559e-03 -9.470557757517072e-04 -1.007668585234714e+00
62 29 -1.000281076647687e+00 -1.897262893746961e-03 -9.474982283710603e-04 -1.007671310463021e+00
62 30 -1.000280744853597e+00 -1.896226198270453e-03 -9.479603993968933e-04 -1.007674426565768e+00
62 31 -1.000280349993523e+00 -1.895111012928535e-03 -9.484524398210057e-04 -1.007677912734300e+00
62 32 -1.000279895456147e+00 -1.893924114700623e-03 -9.489849791567991e-04 -1.007681743552981e+00
62 33 -1.000279385582792e+00 -1.892673220854246e-03 -9.495684008811088e-04 -1.007685889175438e+00
62 34 -1.000278825583583e+00 -1.891367003006157e-03 -9.502120362798369e-04 -1.007690315608400e+00
62 35 -1.000278221438916e+00 -1.890015087200776e-03 -9.509233447495530e-04 -1.007694985048108e+00
62 36 -1.000277579798615e+00 -1.888628046428287e-03 -9.517071608076624e-04 -1.007699856209843e+00
62 37 -1.000276907888781e+00 -1.887217390653032e-03 -9.525650771088142e-04 -1.007704884602777e+00
62 38 -1.000276213429841e+00 -1.885795554492517e-03 -9.534950082988056e-04 -1.007710022735597e+00
62 39 -1.000275504560661e+00 -1.884375875195890e-03 -9.544909514459884e-04 -1.007715220284237e+00
62 40 -1.000274789756847e+00 -1.882972546973969e-03 -9.555429328114251e-04 -1.007720424292487e+00
62 41 -1.000274077730028e+00 -1.881600534627871e-03 -9.566371178390286e-04 -1.007725579492605e+00
62 42 -1.000273377299400e+00 -1.880275430745994e-03 -9.577560669129979e-04 -1.007730628819892e+00
62 43 -1.000272697234968e+00 -1.879013246861150e-03 -9.588791351643940e-04 -1.007735514156164e+00
62 44 -1.000272046080660e+00 -1.877830139113250e-03 -9.599830237450947e-04 -1.007740177285402e+00
62 45 -1.000271431971597e+00 -1.876742079864324e-03 -9.610424844002632e-04 -1.007744560999665e+00
62 46 -1.000270862461153e+00 -1.875764494048753e-03 -9.620311645358124e-04 -1.007748610271108e+00
62 47 -1.000270344369885e+00 -1.874911880999536e-03 -9.629225640705919e-04 -1.007752273410881e+00
62 48 -1.000269883661779e+00 -1.874197440675058e-03 -9.636910592363290e-04 -1.007755503159338e+00
62 49 -1.000269485347018e+00 -1.873632720049380e-03 -9.643129328631955e-04 -1.007758257679945e+00
62 50 -1.000269153407662e+00 -1.873227292174483e-03 -9.647673432404206e-04 -1.007760501447932e+00
62 51 -1.000268890743918e+00 -1.872988477808615e-03 -9.650371720149464e-04 -1.007762206026437e+00
62 52 -1.000268699142352e+00 -1.872921118323167e-03 -9.651097123576717e-04 -1.007763350709361e+00
62 53 -1.000268579270455e+00 -1.873027408472881e-03 -9.649771802333579e-04 -1.007763922994073e+00
62 54 -1.000268530702530e+00 -1.873306796692396e-03 -9.646370466896542e-04 -1.007763918842756e+00
62 55 -1.000268551979611e+00 -1.873755958031587e-03 -9.640921971997718e-04 -1.007763342702652e+00
62 56 -1.000268640702458e+00 -1.874368842634344e-03 -9.633509239318290e-04 -1.007762207274203e+00
62 57 -1.000268793652865e+00 -1.875136803021437e-03 -9.624267453239193e-04 -1.007760533031829e+00
62 58 -1.000269006935758e+00 -1.876048804750483e-03 -9.613380301914307e-04 -1.007758347513828e+00
62 59 -1.000269276133244e+00 -1.877091722277743e-03 -9.601073985234398e-04 -1.007755684412176e+00
62 60 -1.000269596461497e+00 -1.878250711863553e-03 -9.587608930590277e-04 -1.007752582513790e+00
62 61 -1.000269962921591e+00 -1.879509638692820e-03 -9.573269601764310e-04 -1.007749084567399e+00
62 62 -1.000270370435831e+00 -1.880851522465800e-03 -9.558353243369460e-04 -1.007745236165408e+00
62 63 -1.000270813962215e+00 -1.882258960167499e-03 -9.543158666465179e-04 -1.007741084730919e+00
63 0 -1.000271711377174e+00 -1.883106020370198e-03 -9.575951787370111e-04 -1.007736520227514e+00
63 1 -1.000272208075908e+00 -1.884590573234524e-03 -9.560929002069648e-04 -1.007731933622168e+00
63 2 -1.000272724707381e+00 -1.886084244807487e-03 -9.546488144140000e-04 -1.007727205370880e+00
63 3 -1.000273257024133e+00 -1.887570781034980e-03 -9.532855278372418e-04 -1.007722383492899e+00
63 4 -1.000273801001844e+00 -1.889034640809361e-03 -9.520226257280634e-04 -1.007717515273831e+00
63 5 -1.000274352816772e+00 -1.890461095835256e-03 -9.508764662457939e-04 -1.007712647008352e+00
63 6 -1.000274908820635e+00 -1.891836348502350e-03 -9.498600202444889e-04 -1.007707823653898e+00
63 7 -1.000275465516834e+00 -1.893147671246591e-03 -9.489827501338287e-04 -1.007703088391052e+00
63 8 -1.000276019539193e+00 -1.894383555821432e-03 -9.482505447202399e-04 -1.007698482131397e+00
63 9 -1.000276567631214e+00 -1.895533849580936e-03 -9.476657404850195e-04 -1.007694043047931e+00
63 10 -1.000277106620819e+00 -1.896589852201834e-03 -9.472272576474957e-04 -1.007689806214899e+00
63 11 -1.000277633385465e+00 -1.897544353671224e-03 -9.469308592340942e-04 -1.007685803420705e+00
63 12 -1.000278144806446e+00 -1.898391610130122e-03 -9.467695128029284e-04 -1.007682063166108e+00
63 13 -1.000278637717146e+00 -1.899127269301279e-03 -9.467338147869515e-04 -1.007678610808172e+00
63 14 -1.000279108853749e+00 -1.899748263966937e-03 -9.468124367272864e-04 -1.007675468785768e+00
63 15 -1.000279554817220e+00 -1.900252689971021e-03 -9.469925667310614e-04 -1.007672656867976e+00
63 16 -1.000279972053526e+00 -1.900639679393426e-03 -9.472603378177995e-04 -1.007670192386916e+00
63 17 -1.000280356856293e+00 -1.900909273612379e-03 -9.476012508751455e-04 -1.007668090438451e+00
63 18 -1.000280705392345e+00 -1.901062295675661e-03 -9.480006109548250e-04 -1.007666364054323e+00
63 19 -1.000281013746575e+00 -1.901100217879857e-03 -9.484439972505819e-04 -1.007665024362714e+00
63 20 -1.000281277980865e+00 -1.901025021813277e-03 -9.489177745840140e-04 -1.007664080749891e+00
63 21 -1.000281494203898e+00 -1.900839055778117e-03 -9.494096296708583e-04 -1.007663541010108e+00
63 22 -1.000281658652716e+00 -1.900544904569205e-03 -9.499090899999570e-04 -1.007663411440376e+00
63 23 -1.000281767788864e+00 -1.900145292118003e-03 -9.504079698054430e-04 -1.007663696824833e+00
63 24 -1.000281818410157e+00 -1.899643034720450e-03 -9.509006921922245e-04 -1.007664400269505e+00
63 25 -1.000281807775361e+00 -1.899041053544379e-03 -9.513844557714373e-04 -1.007665522880650e+00
63 26 -1.000281733735866e+00 -1.898342444439198e-03 -9.518592402068987e-04 -1.007667063311938e+00
63 27 -1.000281594865971e+00 -1.897550593446992e-03 -9.523276689797908e-04 -1.007669017231111e+00
63 28 -1.000281390581307e+00 -1.896669318718737e-03 -9.527947607435244e-04 -1.007671376775696e+00
63 29 -1.000281121233699e+00 -1.895703015637816e-03 -9.532675966960791e-04 -1.007674130075420e+00
63 30 -1.000280788172322e+00 -1.894656784522832e-03 -9.537549123375900e-04 -1.007677260908042e+00
63 31 -1.000280393765396e+00 -1.893536528969458e-03 -9.542666006325918e-04 -1.007680748525965e+00
63 32 -1.000279941381977e+00 -1.892349022737346e-03 -9.548131070380771e-04 -1.007684567657225e+00
63 33 -1.000279435337737e+00 -1.891101948875029e-03 -9.554047134239700e-04 -1.007688688659961e+00
63 34 -1.000278880812119e+00 -1.889803916260979e-03 -9.560507402680742e-04 -1.007693077794111e+00
63 35 -1.000278283747896e+00 -1.888464459559211e-03 -9.567587278774404e-04 -1.007697697559348e+00
63 36 -1.000277650746781e+00 -1.887094030199287e-03 -9.575336736730825e-04 -1.007702507036323e+00
63 37 -1.000276988973018e+00 -1.885703985277267e-03 -9.583773985766756e-04 -1.007707462175016e+00
63 38 -1.000276306069583e+00 -1.884306575299657e-03 -9.592880936938723e-04 -1.007712516010006e+00
63 39 -1.000275610081834e+00 -1.882914922669226e-03 -9.602600669207067e-04 -1.007717618834676e+00
63 40 -1.000274909376485e+00 -1.881542976138950e-03 -9.612836806049063e-04 -1.007722718406855e+00
63 41 -1.000274212542900e+00 -1.880205424906612e-03 -9.623454580933748e-04 -1.007727760269774e+00
63 42 -1.000273528267878e+00 -1.878917558300102e-03 -9.634283413204518e-04 -1.007732688257176e+00
63 43 -1.000272865182156e+00 -1.877695061679498e-03 -9.645120939038184e-04 -1.007737445220148e+00
63 44 -1.000272231684947e+00 -1.876553746909430e-03 -9.655738519200500e-04 -1.007741973970518e+00
63 45 -1.000271635760199e+00 -1.875509226355062e-03 -9.665888223429043e-04 -1.007746218388211e+00
63 46 -1.000271084801554e+00 -1.874576549053057e-03 -9.675311189883552e-04 -1.007750124605346e+00
63 47 -1.000270585459922e+00 -1.873769821787022e-03 -9.683747104135068e-04 -1.007753642176911e+00
63 48 -1.000270143519894e+00 -1.873101835524797e-03 -9.690944357233422e-04 -1.007756725175445e+00
63 49 -1.000269763804007e+00 -1.872583712860494e-03 -9.696670281617297e-04 -1.007759333182079e+00
63 50 -1.000269450101156e+00 -1.872224588790613e-03 -9.700720805057935e-04 -1.007761432164547e+00
63 51 -1.000269205116941e+00 -1.872031336057226e-03 -9.702928936576598e-04 -1.007762995230243e+00
63 52 -1.000269030446727e+00 -1.872008345468105e-03 -9.703171661977818e-04 -1.007764003231429e+00
63 53 -1.000268926574548e+00 -1.872157369316068e-03 -9.701375023121887e-04 -1.007764445192901e+00
63 54 -1.000268892901851e+00 -1.872477432527094e-03 -9.697517349573698e-04 -1.007764318533211e+00
63 55 -1.000268927809070e+00 -1.872964813478852e-03 -9.691630751856987e-04 -1.007763629057111e+00
63 56 -1.000269028749900e+00 -1.873613096484704e-03 -9.683800989293690e-04 -1.007762390706927e+00
63 57 -1.000269192373979e+00 -1.874413300256589e-03 -9.674165671248749e-04 -1.007760625073019e+00
63 58 -1.000269414670452e+00 -1.875354087767908e-03 -9.662910562594849e-04 -1.007758360678019e+00
63 59 -1.000269691123383e+00 -1.876422059044614e-03 -9.650263732551012e-04 -1.007755632066630e+00
63 60 -1.000270016869649e+00 -1.877602118945125e-03 -9.636487495039151e-04 -1.007752478751694e+00
63 61 -1.000270386850194e+00 -1.878877899812943e-03 -9.621868461423605e-04 -1.007748944085063e+00
63 62 -1.000270795946445e+00 -1.880232207499834e-03 -9.606706423903852e-04 -1.007745074134735e+00
63 63 -1.000271239095210e+00 -1.881647451570975e-03 -9.591303090977629e-04 -1.007740916654952e+00
