1.516492704547843e-07
1.000000000000000e-12
1.000000000000000e-17
3.534973057659895e-01
1.933842784494207e-01
4.023456790123456e-01
-1.500017464083440e+00
1.901109735892602e-07
64
64
1.685596707818930e-01
1
0 0 -1.000274248748824e+00 -1.884885698481859e-03 -9.553152634062437e-04 -1.007727800119603e+00
0 1 -1.000274675252234e+00 -1.886119884770177e-03 -9.541525808002491e-04 -1.007723962004992e+00
0 2 -1.000275118157860e+00 -1.887361168735764e-03 -9.530306079708084e-04 -1.007720015010590e+00
0 3 -1.000275573173084e+00 -1.888597929472803e-03 -9.519586932501334e-04 -1.007715996556438e+00
0 4 -1.000276036419144e+00 -1.889818167273364e-03 -9.509481934606025e-04 -1.007711944353241e+00
0 5 -1.000276504479254e+00 -1.891009217748292e-03 -9.500137728707841e-04 -1.007707897100800e+00
0 6 -1.000276974302595e+00 -1.892158100108202e-03 -9.491721998300704e-04 -1.007703894189785e+00
0 7 -1.000277443016476e+00 -1.893252383012092e-03 -9.484391774684408e-04 -1.007699974360198e+00
0 8 -1.000277907729296e+00 -1.894281183445548e-03 -9.478256618614304e-04 -1.007696173868766e+00
0 9 -1.000278365394498e+00 -1.895235831283223e-03 -9.473353584662098e-04 -1.007692525061435e+00
0 10 -1.000278812771088e+00 -1.896109898235743e-03 -9.469645250725465e-04 -1.007689056061345e+00
0 11 -1.000279246481853e+00 -1.896898617933504e-03 -9.467041312322490e-04 -1.007685791648800e+00
0 12 -1.000279663140324e+00 -1.897598019008969e-03 -9.465433828216363e-04 -1.007682754756053e+00
0 13 -1.000280059493257e+00 -1.898204199950523e-03 -9.464730986952423e-04 -1.007679967723529e+00
0 14 -1.000280432520509e+00 -1.898713072595080e-03 -9.464875849268181e-04 -1.007677452641953e+00
0 15 -1.000280779456670e+00 -1.899120668164610e-03 -9.465843439698447e-04 -1.007675230577003e+00
0 16 -1.000281097733262e+00 -1.899423837227350e-03 -9.467618828060167e-04 -1.007673320037962e+00
0 17 -1.000281384864984e+00 -1.899620985775878e-03 -9.470167001769008e-04 -1.007671735483667e+00
0 18 -1.000281638316189e+00 -1.899712466346489e-03 -9.473409067914426e-04 -1.007670486702390e+00
0 19 -1.000281855395356e+00 -1.899700410382445e-03 -9.477216731792840e-04 -1.007669579459273e+00
0 20 -1.000282033232010e+00 -1.899588058958183e-03 -9.481429001731042e-04 -1.007669017114179e+00
0 21 -1.000282168874321e+00 -1.899378877503396e-03 -9.485885291326403e-04 -1.007668802400230e+00
0 22 -1.000282259502201e+00 -1.899075824385167e-03 -9.490461855606690e-04 -1.007668938487458e+00
0 23 -1.000282302699730e+00 -1.898681068292230e-03 -9.495096717638643e-04 -1.007669428808995e+00
0 24 -1.000282296698155e+00 -1.898196257381629e-03 -9.499792596982137e-04 -1.007670275705351e+00
0 25 -1.000282240501243e+00 -1.897623206075620e-03 -9.504596383602958e-04 -1.007671478507441e+00
0 26 -1.000282133844871e+00 -1.896964682120511e-03 -9.509564010028026e-04 -1.007673031964536e+00
0 27 -1.000281977017051e+00 -1.896224940236380e-03 -9.514726550059376e-04 -1.007674925734550e+00
0 28 -1.000281770643071e+00 -1.895409780996515e-03 -9.520073217036037e-04 -1.007677145066536e+00
0 29 -1.000281515573056e+00 -1.894526140852667e-03 -9.525559130473493e-04 -1.007679672178075e+00
0 30 -1.000281212963885e+00 -1.893581426237150e-03 -9.531133832827502e-04 -1.007682487533319e+00
0 31 -1.000280864541971e+00 -1.892582904106531e-03 -9.536776385340050e-04 -1.007685570375525e+00
0 32 -1.000280472925369e+00 -1.891537420368227e-03 -9.542519364503781e-04 -1.007688898322986e+00
0 33 -1.000280041832490e+00 -1.890451558022123e-03 -9.548448870459717e-04 -1.007692446355384e+00
0 34 -1.000279576042338e+00 -1.889332143137117e-03 -9.554678591918109e-04 -1.007696185840830e+00
0 35 -1.000279081088510e+00 -1.888186859907996e-03 -9.561308085674950e-04 -1.007700084192178e+00
0 36 -1.000278562810890e+00 -1.887024711713912e-03 -9.568383001166193e-04 -1.007704105323965e+00
0 37 -1.000278026973062e+00 -1.885856152889557e-03 -9.575874190972616e-04 -1.007708210602871e+00
0 38 -1.000277479122311e+00 -1.884692854871236e-03 -9.583683768175756e-04 -1.007712359778582e+00
0 39 -1.000276924736474e+00 -1.883547201498475e-03 -9.591673705499108e-04 -1.007716511535326e+00
0 40 -1.000276369544357e+00 -1.882431692539002e-03 -9.599702773578312e-04 -1.007720623640039e+00
0 41 -1.000275819809526e+00 -1.881358446679530e-03 -9.607654934372923e-04 -1.007724652953268e+00
0 42 -1.000275282378490e+00 -1.880338934651517e-03 -9.615447285900730e-04 -1.007728555673601e+00
0 43 -1.000274764409795e+00 -1.879383975897082e-03 -9.623015411165114e-04 -1.007732288045667e+00
0 44 -1.000274272867892e+00 -1.878503943783860e-03 -9.630284138105697e-04 -1.007735807425319e+00
0 45 -1.000273813996875e+00 -1.877709060424067e-03 -9.637138174677452e-04 -1.007739073288133e+00
0 46 -1.000273393004218e+00 -1.877009617521512e-03 -9.643407256172127e-04 -1.007742047768580e+00
0 47 -1.000273014070075e+00 -1.876415950707900e-03 -9.648874233072737e-04 -1.007744695674787e+00
0 48 -1.000272680623719e+00 -1.875938057829637e-03 -9.653304667133602e-04 -1.007746984358831e+00
0 49 -1.000272395697104e+00 -1.875584889679236e-03 -9.656487390730027e-04 -1.007748883988292e+00
0 50 -1.000272162140922e+00 -1.875363498420963e-03 -9.658270926283726e-04 -1.007750368548641e+00
0 51 -1.000271982572087e+00 -1.875278326852105e-03 -9.658582227101551e-04 -1.007751417452903e+00
0 52 -1.000271859067570e+00 -1.875330908281057e-03 -9.657421156673004e-04 -1.007752017191507e+00
0 53 -1.000271792756479e+00 -1.875520107166400e-03 -9.654834070311727e-04 -1.007752162271575e+00
0 54 -1.000271783518643e+00 -1.875842797232881e-03 -9.650879074670720e-04 -1.007751854945098e+00
0 55 -1.000271829941820e+00 -1.876294648494159e-03 -9.645599703512978e-04 -1.007751103843175e+00
0 56 -1.000271929557728e+00 -1.876870619791588e-03 -9.639020085062986e-04 -1.007749922241970e+00
0 57 -1.000272079249977e+00 -1.877564905444688e-03 -9.631164294636663e-04 -1.007748326853166e+00
0 58 -1.000272275667588e+00 -1.878370390521659e-03 -9.622090500754266e-04 -1.007746337646566e+00
0 59 -1.000272515497809e+00 -1.879277952285356e-03 -9.611922776474033e-04 -1.007743978556729e+00
0 60 -1.000272795527673e+00 -1.880276052370376e-03 -9.600863777861098e-04 -1.007741278396076e+00
0 61 -1.000273112520924e+00 -1.881350945185698e-03 -9.589179781735344e-04 -1.007738271149527e+00
0 62 -1.000273463015577e+00 -1.882487534330081e-03 -9.577162275138677e-04 -1.007734995129110e+00
0 63 -1.000273843170523e+00 -1.883670572207406e-03 -9.565081636855124e-04 -1.007731491100839e+00
1 0 -1.000274690135880e+00 -1.884474620290956e-03 -9.587559091597493e-04 -1.007727468747984e+00
1 1 -1.000275116554734e+00 -1.885713121975658e-03 -9.575794744809705e-04 -1.007723628995330e+00
1 2 -1.000275558239383e+00 -1.886955372345918e-03 -9.564481269478477e-04 -1.007719690503905e+00
1 3 -1.000276010749450e+00 -1.888189602642347e-03 -9.553716312836299e-04 -1.007715691085745e+00
1 4 -1.000276470094054e+00 -1.889403839960793e-03 -9.543611151021966e-04 -1.007711668452056e+00
1 5 -1.000276932846906e+00 -1.890585618075836e-03 -9.534305142744425e-04 -1.007707660798203e+00
1 6 -1.000277396075364e+00 -1.891722260935098e-03 -9.525957199829518e-04 -1.007703706583340e+00
1 7 -1.000277857122316e+00 -1.892801649195673e-03 -9.518718076081612e-04 -1.007699843430586e+00
1 8 -1.000278313337413e+00 -1.893813130488178e-03 -9.512696215762988e-04 -1.007696106584563e+00
1 9 -1.000278761862582e+00 -1.894748147317051e-03 -9.507932875345997e-04 -1.007692527679658e+00
1 10 -1.000279199544647e+00 -1.895600296764400e-03 -9.504397778432508e-04 -1.007689134439766e+00
1 11 -1.000279622997473e+00 -1.896364832454232e-03 -9.502006917412871e-04 -1.007685951391428e+00
1 12 -1.000280028780962e+00 -1.897037893030418e-03 -9.500654263450785e-04 -1.007683001100089e+00
1 13 -1.000280413618051e+00 -1.897615843259213e-03 -9.500243762957638e-04 -1.007680305201114e+00
1 14 -1.000280774555638e+00 -1.898095022405669e-03 -9.500708852925813e-04 -1.007677884662649e+00
1 15 -1.000281109004246e+00 -1.898471986207360e-03 -9.502012611385815e-04 -1.007675759125641e+00
1 16 -1.000281414646893e+00 -1.898744098728011e-03 -9.504129917591812e-04 -1.007673945633483e+00
1 17 -1.000281689258030e+00 -1.898910165484939e-03 -9.507020611096042e-04 -1.007672457415392e+00
1 18 -1.000281930502238e+00 -1.898970775770693e-03 -9.510606653460861e-04 -1.007671303422008e+00
1 19 -1.000282135791947e+00 -1.898928163210688e-03 -9.514764752800063e-04 -1.007670488937199e+00
1 20 -1.000282302272955e+00 -1.898785627468155e-03 -9.519339218481422e-04 -1.007670016998465e+00
1 21 -1.000282426968534e+00 -1.898546759356223e-03 -9.524170951952113e-04 -1.007669889920655e+00
1 22 -1.000282507053099e+00 -1.898214786309462e-03 -9.529131389438281e-04 -1.007670110174189e+00
1 23 -1.000282540170903e+00 -1.897792294149382e-03 -9.534147770036930e-04 -1.007670680187039e+00
1 24 -1.000282524690903e+00 -1.897281422523977e-03 -9.539209224021400e-04 -1.007671601137927e+00
1 25 -1.000282459806518e+00 -1.896684433296044e-03 -9.544350872412229e-04 -1.007672871283869e+00
1 26 -1.000282345446102e+00 -1.896004391643083e-03 -9.549622636674128e-04 -1.007674484602679e+00
1 27 -1.000282182043067e+00 -1.895245657518676e-03 -9.555056669834810e-04 -1.007676430365633e+00
1 28 -1.000281970290764e+00 -1.894413985151281e-03 -9.560648408901825e-04 -1.007678693743475e+00
1 29 -1.000281711029549e+00 -1.893516214868791e-03 -9.566360053382243e-04 -1.007681257001019e+00
1 30 -1.000281405355532e+00 -1.892559720054757e-03 -9.572144512287306e-04 -1.007684100581690e+00
1 31 -1.000281054925170e+00 -1.891551867779047e-03 -9.577977817210627e-04 -1.007687203525817e+00
1 32 -1.000280662317466e+00 -1.890499732582619e-03 -9.583883590510006e-04 -1.007690543075116e+00
1 33 -1.000280231266108e+00 -1.889410179748266e-03 -9.589936473374964e-04 -1.007694093771370e+00
1 34 -1.000279766617820e+00 -1.888290263527367e-03 -9.596240958994960e-04 -1.007697826635475e+00
1 35 -1.000279273999253e+00 -1.887147752184183e-03 -9.602893531839702e-04 -1.007701708946257e+00
1 36 -1.000278759325858e+00 -1.885991556300167e-03 -9.609944027216401e-04 -1.007705704749212e+00
1 37 -1.000278228377453e+00 -1.884831896657902e-03 -9.617372679235583e-04 -1.007709775781946e+00
1 38 -1.000277686635498e+00 -1.883680156074409e-03 -9.625091978068560e-04 -1.007713882322418e+00
1 39 -1.000277139437623e+00 -1.882548470163763e-03 -9.632970919057833e-04 -1.007717983633897e+00
1 40 -1.000276592334685e+00 -1.881449194459210e-03 -9.640869367995697e-04 -1.007722038020191e+00
1 41 -1.000276051425965e+00 -1.880394414038330e-03 -9.648666698576032e-04 -1.007726002785778e+00
1 42 -1.000275523451985e+00 -1.879395626994917e-03 -9.656272594874315e-04 -1.007729834483342e+00
1 43 -1.000275015540898e+00 -1.878463658487810e-03 -9.663616568289071e-04 -1.007733489677509e+00
1 44 -1.000274534681716e+00 -1.877608785104846e-03 -9.670622344651399e-04 -1.007736926108723e+00
1 45 -1.000274087145886e+00 -1.876840983608683e-03 -9.677179980453497e-04 -1.007740103818599e+00
1 46 -1.000273678110606e+00 -1.876170160082648e-03 -9.683129706941801e-04 -1.007742985777773e+00
1 47 -1.000273311629271e+00 -1.875606185054005e-03 -9.688266536426207e-04 -1.007745537909180e+00
1 48 -1.000272990911242e+00 -1.875158601203276e-03 -9.692365733832736e-04 -1.007747728863043e+00
1 49 -1.000272718721300e+00 -1.874835995659827e-03 -9.695220373088979e-04 -1.007749530116435e+00
1 50 -1.000272497664158e+00 -1.874645188237992e-03 -9.696677149838982e-04 -1.007750916796170e+00
1 51 -1.000272330192124e+00 -1.874590501321905e-03 -9.696657205358660e-04 -1.007751869181670e+00
1 52 -1.000272218322654e+00 -1.874673387971877e-03 -9.695154531648512e-04 -1.007752374376341e+00
1 53 -1.000272163205393e+00 -1.874892578991972e-03 -9.692213598964938e-04 -1.007752427396907e+00
1 54 -1.000272164757774e+00 -1.875244689226835e-03 -9.687896900989010e-04 -1.007752031113076e+00
1 55 -1.000272221551569e+00 -1.875724990800246e-03 -9.682258035046879e-04 -1.007751195045485e+00
1 56 -1.000272331005222e+00 -1.876327959184098e-03 -9.675333630354846e-04 -1.007749933654789e+00
1 57 -1.000272489796322e+00 -1.877047317277246e-03 -9.667158306700525e-04 -1.007748264991947e+00
1 58 -1.000272694326024e+00 -1.877875588209384e-03 -9.657795278401950e-04 -1.007746210276248e+00
1 59 -1.000272941066199e+00 -1.878803451374261e-03 -9.647367078660322e-04 -1.007743794362042e+00
1 60 -1.000273226685428e+00 -1.879819322280924e-03 -9.636070113306005e-04 -1.007741046526248e+00
1 61 -1.000273547950765e+00 -1.880909487112805e-03 -9.624163705250381e-04 -1.007738000813485e+00
1 62 -1.000273901498229e+00 -1.882058858146156e-03 -9.611935969708823e-04 -1.007734695396977e+00
1 63 -1.000274283612588e+00 -1.883252094185209e-03 -9.599660028067595e-04 -1.007731170966576e+00
2 0 -1.000275192829436e+00 -1.884149970910783e-03 -9.618850041798985e-04 -1.007726915289862e+00
2 1 -1.000275620215166e+00 -1.885395151692028e-03 -9.606932300996408e-04 -1.007723066238894e+00
2 2 -1.000276061753923e+00 -1.886640793646265e-03 -9.595508462464260e-04 -1.007719128492977e+00
2 3 -1.000276512858762e+00 -1.887874937475171e-03 -9.584681942115198e-04 -1.007715140333508e+00
2 4 -1.000276969404365e+00 -1.889085578957786e-03 -9.574563467799291e-04 -1.007711139618952e+00
2 5 -1.000277427913847e+00 -1.890260392639847e-03 -9.565286233833961e-04 -1.007707164222710e+00
2 6 -1.000277885527093e+00 -1.891386967797712e-03 -9.557000374050742e-04 -1.007703251835308e+00
2 7 -1.000278339769381e+00 -1.892453485858171e-03 -9.549849221966737e-04 -1.007699439056993e+00
2 8 -1.000278788222276e+00 -1.893449539604790e-03 -9.543938324809694e-04 -1.007695760128389e+00
2 9 -1.000279228230872e+00 -1.894366709715069e-03 -9.539311512428492e-04 -1.007692245919316e+00
2 10 -1.000279656757500e+00 -1.895198634670261e-03 -9.535944899135055e-04 -1.007688923695078e+00
2 11 -1.000280070430983e+00 -1.895940577654247e-03 -9.533761219795164e-04 -1.007685817721170e+00
2 12 -1.000280465763274e+00 -1.896588745507496e-03 -9.532657794449227e-04 -1.007682950273888e+00
2 13 -1.000280839435912e+00 -1.897139706747938e-03 -9.532536101291950e-04 -1.007680342434468e+00
2 14 -1.000281188528797e+00 -1.897590167296440e-03 -9.533321249153312e-04 -1.007678014219172e+00
2 15 -1.000281510593088e+00 -1.897937172193381e-03 -9.534964568853651e-04 -1.007675983965719e+00
2 16 -1.000281803542680e+00 -1.898178602317871e-03 -9.537429725259330e-04 -1.007674267276201e+00
2 17 -1.000282065414787e+00 -1.898313699629440e-03 -9.540669609923309e-04 -1.007672876076373e+00
2 18 -1.000282294098797e+00 -1.898343339917878e-03 -9.544605290857417e-04 -1.007671818351249e+00
2 19 -1.000282487145596e+00 -1.898269894920146e-03 -9.549117607797216e-04 -1.007671098788114e+00
2 20 -1.000282641746384e+00 -1.898096725372078e-03 -9.554056611616638e-04 -1.007670720055828e+00
2 21 -1.000282754911654e+00 -1.897827513784901e-03 -9.559266286191326e-04 -1.007670684091367e+00
2 22 -1.000282823802871e+00 -1.897465703277949e-03 -9.564615309963754e-04 -1.007670992761127e+00
2 23 -1.000282846104739e+00 -1.897014252146981e-03 -9.570021742952160e-04 -1.007671647572975e+00
2 24 -1.000282820305050e+00 -1.896475781904981e-03 -9.575461531754019e-04 -1.007672648553284e+00
2 25 -1.000282745781254e+00 -1.895853037782543e-03 -9.580957030885502e-04 -1.007673992789444e+00
2 26 -1.000282622667877e+00 -1.895149453043418e-03 -9.586550206304942e-04 -1.007675673307243e+00
2 27 -1.000282451574209e+00 -1.894369571686117e-03 -9.592272308014328e-04 -1.007677678783023e+00
2 28 -1.000282233299473e+00 -1.893519159618920e-03 -9.598123895407772e-04 -1.007679994137354e+00
2 29 -1.000281968707559e+00 -1.892604981052152e-03 -9.604074510692892e-04 -1.007682601587310e+00
2 30 -1.000281658853690e+00 -1.891634360877941e-03 -9.610081879399052e-04 -1.007685481536369e+00
2 31 -1.000281305328421e+00 -1.890614736171375e-03 -9.616120892979137e-04 -1.007688612838132e+00
2 32 -1.000280910664345e+00 -1.889553393720462e-03 -9.622207577041352e-04 -1.007691972352631e+00
2 33 -1.000280478600243e+00 -1.888457499932556e-03 -9.628405196761218e-04 -1.007695534115309e+00
2 34 -1.000280014046420e+00 -1.887334395122980e-03 -9.634807704475749e-04 -1.007699268661858e+00
2 35 -1.000279522730237e+00 -1.886192013190576e-03 -9.641506256964647e-04 -1.007703142959057e+00
2 36 -1.000279010662666e+00 -1.885039250836163e-03 -9.648552649623557e-04 -1.007707121012562e+00
2 37 -1.000278483667141e+00 -1.883886147256889e-03 -9.655935205242811e-04 -1.007711164809096e+00
2 38 -1.000277947185851e+00 -1.882743810482201e-03 -9.663576878411397e-04 -1.007715235100958e+00
2 39 -1.000277406433773e+00 -1.881624109695193e-03 -9.671354966812483e-04 -1.007719291734764e+00
2 40 -1.000276866787612e+00 -1.880539225258833e-03 -9.679132196893678e-04 -1.007723293583101e+00
2 41 -1.000276334172779e+00 -1.879501187715136e-03 -9.686784710326232e-04 -1.007727198418977e+00
2 42 -1.000275815206171e+00 -1.878521527257328e-03 -9.694215039000352e-04 -1.007730963143543e+00
2 43 -1.000275316968349e+00 -1.877611107338555e-03 -9.701345618159706e-04 -1.007734544601700e+00
2 44 -1.000274846464664e+00 -1.876780157057240e-03 -9.708097215403558e-04 -1.007737900856586e+00
2 45 -1.000274409999586e+00 -1.876038455360303e-03 -9.714363329846392e-04 -1.007740992451453e+00
2 46 -1.000274012738318e+00 -1.875395551283849e-03 -9.719993546656794e-04 -1.007743783145820e+00
2 47 -1.000273658631145e+00 -1.874860851222717e-03 -9.724795125882982e-04 -1.007746239960557e+00
2 48 -1.000273350686493e+00 -1.874443418896923e-03 -9.728554280891685e-04 -1.007748332860917e+00
2 49 -1.000273091407781e+00 -1.874151441248522e-03 -9.731070183198129e-04 -1.007750034677876e+00
2 50 -1.000272883143116e+00 -1.873991471996199e-03 -9.732189383042161e-04 -1.007751321739085e+00
2 51 -1.000272728156740e+00 -1.873967694824967e-03 -9.731828027188318e-04 -1.007752175249783e+00
2 52 -1.000272628379838e+00 -1.874081485013571e-03 -9.729973894067273e-04 -1.007752582970327e+00
2 53 -1.000272584964092e+00 -1.874331459168154e-03 -9.726668299984176e-04 -1.007752540444140e+00
2 54 -1.000272597862431e+00 -1.874713998545354e-03 -9.721976590728448e-04 -1.007752051147482e+00
2 55 -1.000272665645321e+00 -1.875223994570012e-03 -9.715961415070861e-04 -1.007751125463532e+00
2 56 -1.000272785641578e+00 -1.875855437503082e-03 -9.708671973004615e-04 -1.007749779017654e+00
2 57 -1.000272954342793e+00 -1.876601554346279e-03 -9.700154662420422e-04 -1.007748031212169e+00
2 58 -1.000273167906871e+00 -1.877454464001573e-03 -9.690479712905480e-04 -1.007745904575865e+00
2 59 -1.000273422573850e+00 -1.878404599096056e-03 -9.679770070594255e-04 -1.007743424990244e+00
2 60 -1.000273714859674e+00 -1.879440287014924e-03 -9.668217073601947e-04 -1.007740622331167e+00
2 61 -1.000274041494343e+00 -1.880547821424144e-03 -9.656073079399398e-04 -1.007737530829801e+00
2 62 -1.000274399180083e+00 -1.881712120278553e-03 -9.643621726873702e-04 -1.007734188605572e+00
2 63 -1.000274784315217e+00 -1.882917761452237e-03 -9.631137268275773e-04 -1.007730636299433e+00
3 0 -1.000275751486413e+00 -1.883915600935131e-03 -9.646716714740903e-04 -1.007726143451578e+00
3 1 -1.000276180886151e+00 -1.885169767322528e-03 -9.634630833127415e-04 -1.007722277514323e+00
3 2 -1.000276623355394e+00 -1.886421201792773e-03 -9.623080455393513e-04 -1.007718332739641e+00
3 3 -1.000277074167769e+00 -1.887657718769303e-03 -9.612176192788167e-04 -1.007714347933796e+00
3 4 -1.000277529047932e+00 -1.888867228019892e-03 -9.602030009706825e-04 -1.007710361231007e+00
3 5 -1.000277984431335e+00 -1.890037485179211e-03 -9.592770303587600e-04 -1.007706410361563e+00
3 6 -1.000278437483787e+00 -1.891156297743060e-03 -9.584538773740110e-04 -1.007702532425932e+00
3 7 -1.000278885873856e+00 -1.892212126483737e-03 -9.577470490789423e-04 -1.007698763125587e+00
3 8 -1.000279327397252e+00 -1.893194815275317e-03 -9.571666445145564e-04 -1.007695135737784e+00
3 9 -1.000279759609534e+00 -1.894096104855410e-03 -9.567171304105903e-04 -1.007691680337015e+00
3 10 -1.000280179612895e+00 -1.894909693402565e-03 -9.563966537667115e-04 -1.007688423675122e+00
3 11 -1.000280584076832e+00 -1.895630849779809e-03 -9.561981751409483e-04 -1.007685389736709e+00
3 12 -1.000280969476665e+00 -1.896255814215855e-03 -9.561118850459832e-04 -1.007682600565940e+00
3 13 -1.000281332441159e+00 -1.896781299226286e-03 -9.561278640228748e-04 -1.007680076826571e+00
3 14 -1.000281670052341e+00 -1.897204311914736e-03 -9.562379446940421e-04 -1.007677837758740e+00
3 15 -1.000281979964758e+00 -1.897522339774747e-03 -9.564361432856655e-04 -1.007675900545789e+00
3 16 -1.000282260296196e+00 -1.897733769870749e-03 -9.567176368622350e-04 -1.007674279412288e+00
3 17 -1.000282509341712e+00 -1.897838307385970e-03 -9.570768551903868e-04 -1.007672984940341e+00
3 18 -1.000282725233967e+00 -1.897837162021628e-03 -9.575056306316949e-04 -1.007672024036291e+00
3 19 -1.000282905694807e+00 -1.897732884990075e-03 -9.579923426219722e-04 -1.007671400669153e+00
3 20 -1.000283047992455e+00 -1.897528910250177e-03 -9.585225784261131e-04 -1.007671117072044e+00
3 21 -1.000283149142172e+00 -1.897228986908925e-03 -9.590811800379293e-04 -1.007671174821775e+00
3 22 -1.000283206290442e+00 -1.896836722656646e-03 -9.596549457692147e-04 -1.007671575266156e+00
3 23 -1.000283217144985e+00 -1.896355396687128e-03 -9.602349504902508e-04 -1.007672319090770e+00
3 24 -1.000283180291169e+00 -1.895788088262796e-03 -9.608175535467429e-04 -1.007673405213523e+00
3 25 -1.000283095278737e+00 -1.895138045870017e-03 -9.614036546471194e-04 -1.007674829498266e+00
3 26 -1.000282962455008e+00 -1.894409131042113e-03 -9.619964815143942e-04 -1.007676583868454e+00
3 27 -1.000282782630474e+00 -1.893606149599505e-03 -9.625988639676843e-04 -1.007678656205095e+00
3 28 -1.000282556746404e+00 -1.892734944241559e-03 -9.632112311916898e-04 -1.007681030994469e+00
3 29 -1.000282285725473e+00 -1.891802233194861e-03 -9.638312631130892e-04 -1.007683690289656e+00
3 30 -1.000281970606175e+00 -1.890815284631888e-03 -9.644553368671901e-04 -1.007686614417478e+00
3 31 -1.000281612921665e+00 -1.889781575482071e-03 -9.650810198701926e-04 -1.007689782057372e+00
3 32 -1.000281215153167e+00 -1.888708580092676e-03 -9.657093203984777e-04 -1.007693169696651e+00
3 33 -1.000280781033519e+00 -1.887603771402894e-03 -9.663454800175845e-04 -1.007696750822491e+00
3 34 -1.000280315528876e+00 -1.886474821230160e-03 -9.669977450808784e-04 -1.007700495373413e+00
3 35 -1.000279824470400e+00 -1.885329905139435e-03 -9.676744902843378e-04 -1.007704369838369e+00
3 36 -1.000279313981017e+00 -1.884177988601060e-03 -9.683808563149175e-04 -1.007708338005487e+00
3 37 -1.000278789954068e+00 -1.883028991906083e-03 -9.691163200079102e-04 -1.007712361967403e+00
3 38 -1.000278257820744e+00 -1.881893774551745e-03 -9.698741910776577e-04 -1.007716402871207e+00
3 39 -1.000277722694848e+00 -1.880783929840308e-03 -9.706431289929256e-04 -1.007720421131366e+00
3 40 -1.000277189787425e+00 -1.879711434038070e-03 -9.714098644991281e-04 -1.007724376212979e+00
3 41 -1.000276664844239e+00 -1.878688237861091e-03 -9.721618439106680e-04 -1.007728226385278e+00
3 42 -1.000276154342662e+00 -1.877725901015814e-03 -9.728886644799190e-04 -1.007731928900807e+00
3 43 -1.000275665297787e+00 -1.876835352151888e-03 -9.735817911672806e-04 -1.007735440851292e+00
3 44 -1.000275204720598e+00 -1.876026821623892e-03 -9.742328300203621e-04 -1.007738720559424e+00
3 45 -1.000274778951300e+00 -1.875309943605020e-03 -9.748312702290606e-04 -1.007741728995864e+00
3 46 -1.000274393159662e+00 -1.874693948567484e-03 -9.753628570367079e-04 -1.007744430645113e+00
3 47 -1.000274051217410e+00 -1.874187790765596e-03 -9.758095088030287e-04 -1.007746793589134e+00
3 48 -1.000273755954747e+00 -1.873800039710530e-03 -9.761510343748933e-04 -1.007748789106268e+00
3 49 -1.000273509625045e+00 -1.873538449372819e-03 -9.763681347057683e-04 -1.007750391412119e+00
3 50 -1.000273314314630e+00 -1.873409272623376e-03 -9.764456291720211e-04 -1.007751578087248e+00
3 51 -1.000273172079909e+00 -1.873416532670027e-03 -9.763747400614268e-04 -1.007752331318779e+00
3 52 -1.000273084739848e+00 -1.873561526414140e-03 -9.761536157288723e-04 -1.007752639566130e+00
3 53 -1.000273053427462e+00 -1.873842775096259e-03 -9.757859588969842e-04 -1.007752498915288e+00
3 54 -1.000273078124964e+00 -1.874256454193227e-03 -9.752784291261214e-04 -1.007751913436724e+00
3 55 -1.000273157412483e+00 -1.874797097078885e-03 -9.746380697126478e-04 -1.007750894345321e+00
3 56 -1.000273288551903e+00 -1.875458214420303e-03 -9.738710297198438e-04 -1.007749458401259e+00
3 57 -1.000273467871752e+00 -1.876232520511055e-03 -9.729832192504560e-04 -1.007747626353288e+00
3 58 -1.000273691297265e+00 -1.877111693403811e-03 -9.719825454063222e-04 -1.007745422079513e+00
3 59 -1.000273954826905e+00 -1.878085872242499e-03 -9.708815471617670e-04 -1.007742872578368e+00
3 60 -1.000274254794659e+00 -1.879143253032061e-03 -9.696989956171077e-04 -1.007740008448744e+00
3 61 -1.000274587854190e+00 -1.880270109305779e-03 -9.684594605937727e-04 -1.007736864234334e+00
3 62 -1.000274950739039e+00 -1.881451358213182e-03 -9.671907711694577e-04 -1.007733478093738e+00
3 63 -1.000275339942963e+00 -1.882671507549193e-03 -9.659203087878088e-04 -1.007729890658672e+00
4 0 -1.000276360155678e+00 -1.883774490060221e-03 -9.670875400894028e-04 -1.007725159714081e+00
4 1 -1.000276792600741e+00 -1.885039861251139e-03 -9.658608193023707e-04 -1.007721269469577e+00
4 2 -1.000277237065542e+00 -1.886299432041178e-03 -9.646916020511409e-04 -1.007717309976931e+00
4 3 -1.000277688696576e+00 -1.887540762448101e-03 -9.635917885724806e-04 -1.007713320601574e+00
4 4 -1.000278143059926e+00 -1.888751626631801e-03 -9.625728748329460e-04 -1.007709339860078e+00
4 5 -1.000278596471710e+00 -1.889919801430460e-03 -9.616473774085881e-04 -1.007705405508127e+00
4 6 -1.000279046077801e+00 -1.891033259352613e-03 -9.608286910879905e-04 -1.007701554243836e+00
4 7 -1.000279489646371e+00 -1.892080709379699e-03 -9.601294457874873e-04 -1.007697821020528e+00
4 8 -1.000279925161465e+00 -1.893052243085620e-03 -9.595591372729933e-04 -1.007694238225695e+00
4 9 -1.000280350388390e+00 -1.893939777917406e-03 -9.591221382622704e-04 -1.007690835133752e+00
4 10 -1.000280762588852e+00 -1.894737090745243e-03 -9.588170038054058e-04 -1.007687637937822e+00
4 11 -1.000281158499068e+00 -1.895439458079085e-03 -9.586373621934020e-04 -1.007684670313026e+00
4 12 -1.000281534573754e+00 -1.896043126324802e-03 -9.585739614088167e-04 -1.007681954108198e+00
4 13 -1.000281887383843e+00 -1.896544896712706e-03 -9.586169898117755e-04 -1.007679509688444e+00
4 14 -1.000282213986859e+00 -1.896942009491071e-03 -9.587577759714258e-04 -1.007677355692353e+00
4 15 -1.000282512103100e+00 -1.897232337709987e-03 -9.589893136965321e-04 -1.007675508319011e+00
4 16 -1.000282780022061e+00 -1.897414750106706e-03 -9.593055606678084e-04 -1.007673980516034e+00
4 17 -1.000283016283966e+00 -1.897489429977334e-03 -9.596999453224690e-04 -1.007672781518603e+00
4 18 -1.000283219276233e+00 -1.897457963322493e-03 -9.601638377186374e-04 -1.007671917063406e+00
4 19 -1.000283386920803e+00 -1.897323125562663e-03 -9.606857686975807e-04 -1.007671390279602e+00
4 20 -1.000283516595870e+00 -1.897088445331876e-03 -9.612518787652135e-04 -1.007671202879004e+00
4 21 -1.000283605343936e+00 -1.896757723102926e-03 -9.618475591725441e-04 -1.007671356071244e+00
4 22 -1.000283650300144e+00 -1.896334684581514e-03 -9.624597370584088e-04 -1.007671850755987e+00
4 23 -1.000283649181102e+00 -1.895822873965766e-03 -9.630789618994834e-04 -1.007672686900703e+00
4 24 -1.000283600647570e+00 -1.895225791696569e-03 -9.637004797769355e-04 -1.007673862387087e+00
4 25 -1.000283504404920e+00 -1.894547193685173e-03 -9.643238383564338e-04 -1.007675371840975e+00
4 26 -1.000283361012965e+00 -1.893791417515702e-03 -9.649511510500826e-04 -1.007677205967582e+00
4 27 -1.000283171502562e+00 -1.892963604413624e-03 -9.655847486443927e-04 -1.007679351668746e+00
4 28 -1.000282936990134e+00 -1.892069743719712e-03 -9.662252701194491e-04 -1.007681792807502e+00
4 29 -1.000282658493291e+00 -1.891116547747736e-03 -9.668710767440617e-04 -1.007684511137093e+00
4 30 -1.000282337061834e+00 -1.890111228610461e-03 -9.675192455035303e-04 -1.007687486850201e+00
4 31 -1.000281974184612e+00 -1.889061275175428e-03 -9.681676101377463e-04 -1.007690698456442e+00
4 32 -1.000281572289449e+00 -1.887974318087208e-03 -9.688167735914755e-04 -1.007694122090178e+00
4 33 -1.000281135092193e+00 -1.886858129227542e-03 -9.694709880299010e-04 -1.007697730673886e+00
4 34 -1.000280667604293e+00 -1.885720743672935e-03 -9.701373003914610e-04 -1.007701493464815e+00
4 35 -1.000280175759433e+00 -1.884570646481462e-03 -9.708231622919595e-04 -1.007705376325659e+00
4 36 -1.000279665804830e+00 -1.883416955244630e-03 -9.715334374471246e-04 -1.007709342649199e+00
4 37 -1.000279143727888e+00 -1.882269542698251e-03 -9.722680532801816e-04 -1.007713354474651e+00
4 38 -1.000278614977834e+00 -1.881139058183900e-03 -9.730212606174922e-04 -1.007717373240217e+00
4 39 -1.000278084592116e+00 -1.880036819698345e-03 -9.737827147475952e-04 -1.007721359890790e+00
4 40 -1.000277557629245e+00 -1.878974574537433e-03 -9.745397647357697e-04 -1.007725274495570e+00
4 41 -1.000277039653811e+00 -1.877964165662200e-03 -9.752798578577727e-04 -1.007729075847250e+00
4 42 -1.000276536990206e+00 -1.877017172792462e-03 -9.759920260074133e-04 -1.007732721559945e+00
4 43 -1.000276056570186e+00 -1.876144609823911e-03 -9.766669179765272e-04 -1.007736168946630e+00
4 44 -1.000275605397518e+00 -1.875356754576428e-03 -9.772955123194171e-04 -1.007739376528257e+00
4 45 -1.000275189847828e+00 -1.874663153358787e-03 -9.778672252239681e-04 -1.007742305621227e+00
4 46 -1.000274815109814e+00 -1.874072765739022e-03 -9.783684094536100e-04 -1.007744921355597e+00
4 47 -1.000274485001194e+00 -1.873594116862583e-03 -9.787821021739610e-04 -1.007747192818281e+00
4 48 -1.000274202199402e+00 -1.873235275938095e-03 -9.790893568249537e-04 -1.007749092580405e+00
4 49 -1.000273968723981e+00 -1.873003536116702e-03 -9.792718146457273e-04 -1.007750596258397e+00
4 50 -1.000273786399943e+00 -1.872904814992103e-03 -9.793146432718882e-04 -1.007751682728041e+00
4 51 -1.000273657060543e+00 -1.872942950485908e-03 -9.792088025251716e-04 -1.007752335209498e+00
4 52 -1.000273582388190e+00 -1.873119156540098e-03 -9.789518314362131e-04 -1.007752542902610e+00
4 53 -1.000273563474808e+00 -1.873431875626018e-03 -9.785469090654089e-04 -1.007752302453201e+00
4 54 -1.000273600321745e+00 -1.873877106578218e-03 -9.780006585144046e-04 -1.007751618514068e+00
4 55 -1.000273691525751e+00 -1.874449052346042e-03 -9.773207526321919e-04 -1.007750503097704e+00
4 56 -1.000273834302612e+00 -1.875140756858004e-03 -9.765145067790686e-04 -1.007748974060747e+00
4 57 -1.000274024842362e+00 -1.875944412501993e-03 -9.755891598047304e-04 -1.007747053479298e+00
4 58 -1.000274258853201e+00 -1.876851226150901e-03 -9.745536650054167e-04 -1.007744766601697e+00
4 59 -1.000274532089145e+00 -1.877851000368933e-03 -9.734210092821442e-04 -1.007742141613068e+00
4 60 -1.000274840678862e+00 -1.878931756762839e-03 -9.722097656456953e-04 -1.007739209944446e+00
4 61 -1.000275181162898e+00 -1.880079718485670e-03 -9.709438994250799e-04 -1.007736006573364e+00
4 62 -1.000275550269300e+00 -1.881279791732226e-03 -9.696506442049750e-04 -1.007732569796589e+00
4 63 -1.000275944564002e+00 -1.882516422700503e-03 -9.683571904546276e-04 -1.007728940287827e+00
5 0 -1.000277012351365e+00 -1.883728671300447e-03 -9.691070994195372e-04 -1.007723973366910e+00
5 1 -1.000277448846005e+00 -1.885007350391375e-03 -9.678611262939772e-04 -1.007720051652271e+00
5 2 -1.000277896348046e+00 -1.886277312615594e-03 -9.666763444349881e-04 -1.007716069935427e+00
5 3 -1.000278349893378e+00 -1.887525843344951e-03 -9.655655854469365e-04 -1.007712068155393e+00
5 4 -1.000278804887903e+00 -1.888740537847260e-03 -9.645408115266811e-04 -1.007708085294086e+00
5 5 -1.000279257503140e+00 -1.889909136221422e-03 -9.636143862983283e-04 -1.007704159284969e+00
5 6 -1.000279704821704e+00 -1.891019718866421e-03 -9.627990291156862e-04 -1.007700326612831e+00
5 7 -1.000280144664706e+00 -1.892061203066382e-03 -9.621064776615176e-04 -1.007696621654510e+00
5 8 -1.000280575171385e+00 -1.893023914620858e-03 -9.615455013874257e-04 -1.007693076014024e+00
5 9 -1.000280994307639e+00 -1.893899957442304e-03 -9.611202040763459e-04 -1.007689718190816e+00
5 10 -1.000281399508468e+00 -1.894683205382257e-03 -9.608294019744329e-04 -1.007686573788256e+00
5 11 -1.000281787601764e+00 -1.895368949788748e-03 -9.606673400708323e-04 -1.007683666137976e+00
5 12 -1.000282155041268e+00 -1.895953423803606e-03 -9.606253943284447e-04 -1.007681016911530e+00
5 13 -1.000282498341025e+00 -1.896433467677448e-03 -9.606940252258164e-04 -1.007678646274903e+00
5 14 -1.000282814512499e+00 -1.896806486289828e-03 -9.608642450636008e-04 -1.007676572433092e+00
5 15 -1.000283101305272e+00 -1.897070673466940e-03 -9.611281534025766e-04 -1.007674810784936e+00
5 16 -1.000283357144533e+00 -1.897225341877486e-03 -9.614784987319372e-04 -1.007673373134391e+00
5 17 -1.000283580795577e+00 -1.897271154316962e-03 -9.619075954183460e-04 -1.007672267406008e+00
5 18 -1.000283770904362e+00 -1.897210107570516e-03 -9.624061686441343e-04 -1.007671498105208e+00
5 19 -1.000283925617463e+00 -1.897045247037160e-03 -9.629627359588113e-04 -1.007671067406564e+00
5 20 -1.000284042456146e+00 -1.896780226040965e-03 -9.635639258322573e-04 -1.007670976399658e+00
5 21 -1.000284118516752e+00 -1.896418891854558e-03 -9.641957500457043e-04 -1.007671225894770e+00
5 22 -1.000284150932320e+00 -1.895965048111161e-03 -9.648454472669818e-04 -1.007671816395412e+00
5 23 -1.000284137418391e+00 -1.895422446383991e-03 -9.655032586895687e-04 -1.007672747255180e+00
5 24 -1.000284076689493e+00 -1.894794961605265e-03 -9.661634738350905e-04 -1.007674015413068e+00
5 25 -1.000283968586324e+00 -1.894086846336421e-03 -9.668243155683037e-04 -1.007675614278345e+00
5 26 -1.000283813874330e+00 -1.893302948153076e-03 -9.674866710209459e-04 -1.007677533259351e+00
5 27 -1.000283613817123e+00 -1.892448810277610e-03 -9.681521768451367e-04 -1.007679758118696e+00
5 28 -1.000283369735225e+00 -1.891530640889077e-03 -9.688214996639506e-04 -1.007682271908993e+00
5 29 -1.000283082777121e+00 -1.890555195698293e-03 -9.694936025098898e-04 -1.007685055930950e+00
5 30 -1.000282754035082e+00 -1.889529641405427e-03 -9.701663248853168e-04 -1.007688090163718e+00
5 31 -1.000282384971146e+00 -1.888461455263496e-03 -9.708379427365332e-04 -1.007691352939705e+00
5 32 -1.000281977961146e+00 -1.887358388476631e-03 -9.715088590505947e-04 -1.007694820066719e+00
5 33 -1.000281536693808e+00 -1.886228492334633e-03 -9.721824719935913e-04 -1.007698463908816e+00
5 34 -1.000281066213323e+00 -1.885080182585897e-03 -9.728646254731539e-04 -1.007702252986513e+00
5 35 -1.000280572550525e+00 -1.883922311090199e-03 -9.735616996796590e-04 -1.007706152409887e+00
5 36 -1.000280062084783e+00 -1.882764228546945e-03 -9.742780494736348e-04 -1.007710125005172e+00
5 37 -1.000279540918756e+00 -1.881615837656767e-03 -9.750138363111472e-04 -1.007714132588488e+00
5 38 -1.000279014548487e+00 -1.880487627204912e-03 -9.757641395656291e-04 -1.007718136764092e+00
5 39 -1.000278487962436e+00 -1.879390651397225e-03 -9.765196389593461e-04 -1.007722098947145e+00
5 40 -1.000277966084068e+00 -1.878336409712377e-03 -9.772684430938308e-04 -1.007725979807102e+00
5 41 -1.000277454299814e+00 -1.877336608543136e-03 -9.779981760426593e-04 -1.007729738683310e+00
5 42 -1.000276958770735e+00 -1.876402831749068e-03 -9.786974235372441e-04 -1.007733333567285e+00
5 43 -1.000276486328062e+00 -1.875546190865186e-03 -9.793560162120211e-04 -1.007736721976438e+00
5 44 -1.000276043953859e+00 -1.874777053274616e-03 -9.799641727498219e-04 -1.007739862572691e+00
5 45 -1.000275638055955e+00 -1.874104936513812e-03 -9.805110244388508e-04 -1.007742716931297e+00
5 46 -1.000275273853692e+00 -1.873538584744303e-03 -9.809833276357626e-04 -1.007745250735037e+00
5 47 -1.000274955134405e+00 -1.873086127488417e-03 -9.813651252145097e-04 -1.007747434002264e+00
5 48 -1.000274684449890e+00 -1.872755137218979e-03 -9.816387336200061e-04 -1.007749240558848e+00
5 49 -1.000274463606375e+00 -1.872552424779902e-03 -9.817868672160818e-04 -1.007750647422218e+00
5 50 -1.000274294173693e+00 -1.872483539845875e-03 -9.817952247319127e-04 -1.007751634793503e+00
5 51 -1.000274177751602e+00 -1.872552107754194e-03 -9.816546531452664e-04 -1.007752186970868e+00
5 52 -1.000274115863967e+00 -1.872759250317934e-03 -9.813621317877801e-04 -1.007752293935755e+00
5 53 -1.000274109538240e+00 -1.873103344430529e-03 -9.809202447469542e-04 -1.007751952913639e+00
5 54 -1.000274158781268e+00 -1.873580241669094e-03 -9.803354218349285e-04 -1.007751169128979e+00
5 55 -1.000274262209224e+00 -1.874183846383055e-03 -9.796157988551770e-04 -1.007749955355617e+00
5 56 -1.000274417009904e+00 -1.874906755351839e-03 -9.787697612530875e-04 -1.007748330502071e+00
5 57 -1.000274619259823e+00 -1.875740637390335e-03 -9.778058985427946e-04 -1.007746317941216e+00
5 58 -1.000274864469900e+00 -1.876676204757584e-03 -9.767343459170215e-04 -1.007743944294814e+00
5 59 -1.000275148153540e+00 -1.877702885236501e-03 -9.755687348954238e-04 -1.007741238982966e+00
5 60 -1.000275466217420e+00 -1.878808484704661e-03 -9.743276194795884e-04 -1.007738234359501e+00
5 61 -1.000275815056000e+00 -1.879979144001052e-03 -9.730344505048779e-04 -1.007734965948503e+00
5 62 -1.000276191354448e+00 -1.881199744637938e-03 -9.717158341319294e-04 -1.007731472287001e+00
5 63 -1.000276591723318e+00 -1.882454676744893e-03 -9.703986374603536e-04 -1.007727794152373e+00
6 0 -1.000277701131339e+00 -1.883779163214631e-03 -9.707080543587903e-04 -1.007722596496489e+00
6 1 -1.000278142641815e+00 -1.885073110069448e-03 -9.694419484705341e-04 -1.007718636493420e+00
6 2 -1.000278594187791e+00 -1.886355600055036e-03 -9.682404046383762e-04 -1.007714625322611e+00
6 3 -1.000279050714357e+00 -1.887613631693297e-03 -9.671172474704660e-04 -1.007710603492636e+00
6 4 -1.000279507472196e+00 -1.888834585416229e-03 -9.660850568255093e-04 -1.007706610509322e+00
6 5 -1.000279960469998e+00 -1.890006110505031e-03 -9.651562207296324e-04 -1.007702684615804e+00
6 6 -1.000280406687881e+00 -1.891116336366781e-03 -9.643429102968556e-04 -1.007698862266703e+00
6 7 -1.000280843952104e+00 -1.892154341256790e-03 -9.636559925072701e-04 -1.007695177448372e+00
6 8 -1.000281270517782e+00 -1.893110661581135e-03 -9.631034172598796e-04 -1.007691661117586e+00
6 9 -1.000281684533811e+00 -1.893977589347043e-03 -9.626888543817579e-04 -1.007688341055784e+00
6 10 -1.000282083615352e+00 -1.894749111313444e-03 -9.624112207865317e-04 -1.007685242264752e+00
6 11 -1.000282464704363e+00 -1.895420544842474e-03 -9.622652972597269e-04 -1.007682387698197e+00
6 12 -1.000282824275595e+00 -1.895988098039283e-03 -9.622431269907978e-04 -1.007679798851983e+00
6 13 -1.000283158792754e+00 -1.896448607367587e-03 -9.623355898173079e-04 -1.007677495771346e+00
6 14 -1.000283465205328e+00 -1.896799575531839e-03 -9.625335763313021e-04 -1.007675496383643e+00
6 15 -1.000283741258148e+00 -1.897039446437265e-03 -9.628284497016808e-04 -1.007673815479166e+00
6 16 -1.000283985473529e+00 -1.897167926478906e-03 -9.632118003157626e-04 -1.007672463880304e+00
6 17 -1.000284196815027e+00 -1.897186145020903e-03 -9.636747503255465e-04 -1.007671448277077e+00
6 18 -1.000284374182997e+00 -1.897096534068258e-03 -9.642072106413292e-04 -1.007670771915940e+00
6 19 -1.000284515967462e+00 -1.896902453127428e-03 -9.647975071201338e-04 -1.007670435916242e+00
6 20 -1.000284619864496e+00 -1.896607716856114e-03 -9.654326572190215e-04 -1.007670440635607e+00
6 21 -1.000284683053874e+00 -1.896216225426118e-03 -9.660993270317263e-04 -1.007670786429623e+00
6 22 -1.000284702681260e+00 -1.895731828857007e-03 -9.667852264357594e-04 -1.007671473435118e+00
6 23 -1.000284676456168e+00 -1.895158429687602e-03 -9.674805088074082e-04 -1.007672500488559e+00
6 24 -1.000284603127094e+00 -1.894500222750132e-03 -9.681786933349460e-04 -1.007673863694637e+00
6 25 -1.000284482647189e+00 -1.893761932138056e-03 -9.688767485189316e-04 -1.007675555301063e+00
6 26 -1.000284315974730e+00 -1.892948934601408e-03 -9.695742611166890e-04 -1.007677563379282e+00
6 27 -1.000284104611720e+00 -1.892067233052859e-03 -9.702719945747826e-04 -1.007679872420187e+00
6 28 -1.000283850106818e+00 -1.891123326862720e-03 -9.709704489950421e-04 -1.007682464485729e+00
6 29 -1.000283553773882e+00 -1.890124072200745e-03 -9.716690767738176e-04 -1.007685320259455e+00
6 30 -1.000283216780774e+00 -1.889076611151683e-03 -9.723665064404227e-04 -1.007688419407588e+00
6 31 -1.000282840584242e+00 -1.887988392089053e-03 -9.730616120069727e-04 -1.007691740063439e+00
6 32 -1.000282427513480e+00 -1.886867249201363e-03 -9.737548099914819e-04 -1.007695257735557e+00
6 33 -1.000281981221822e+00 -1.885721483506587e-03 -9.744488148522784e-04 -1.007698944254085e+00
6 34 -1.000281506772452e+00 -1.884559894385974e-03 -9.751483114217915e-04 -1.007702767375960e+00
6 35 -1.000281010284222e+00 -1.883391745225560e-03 -9.758585002096584e-04 -1.007706691358910e+00
6 36 -1.000280498271865e+00 -1.882226695357891e-03 -9.765830110741781e-04 -1.007710678304715e+00
6 37 -1.000279976970876e+00 -1.881074758446320e-03 -9.773220085745019e-04 -1.007714689632220e+00
6 38 -1.000279451951732e+00 -1.879946322395118e-03 -9.780712516581872e-04 -1.007718686968372e+00
6 39 -1.000278928182959e+00 -1.878852200613496e-03 -9.788224326511409e-04 -1.007722632115811e+00
6 40 -1.000278410474292e+00 -1.877803633403016e-03 -9.795645354871557e-04 -1.007726486323158e+00
6 41 -1.000277904041562e+00 -1.876812162359886e-03 -9.802855374431193e-04 -1.007730209493192e+00
6 42 -1.000277414875780e+00 -1.875889354149945e-03 -9.809737220494506e-04 -1.007733760014207e+00
6 43 -1.000276949691958e+00 -1.875046422638579e-03 -9.816181358542138e-04 -1.007737095599062e+00
6 44 -1.000276515434992e+00 -1.874293861445096e-03 -9.822081349809488e-04 -1.007740174998712e+00
6 45 -1.000276118538910e+00 -1.873641218357398e-03 -9.827323626994228e-04 -1.007742959958752e+00
6 46 -1.000275764262300e+00 -1.873097083472937e-03 -9.831777578103219e-04 -1.007745416612174e+00
6 47 -1.000275456384002e+00 -1.872669234031403e-03 -9.835292191312317e-04 -1.007747515819358e+00
6 48 -1.000275197358176e+00 -1.872364759762185e-03 -9.837703034360154e-04 -1.007749232604366e+00
6 49 -1.000274988801826e+00 -1.872189975248463e-03 -9.838849019052852e-04 -1.007750545368780e+00
6 50 -1.000274832041015e+00 -1.872150032309497e-03 -9.838594203335571e-04 -1.007751435656665e+00
6 51 -1.000274728436845e+00 -1.872248314601952e-03 -9.836847581333201e-04 -1.007751888882116e+00
6 52 -1.000274679335913e+00 -1.872485838468632e-03 -9.833574132704723e-04 -1.007751895847072e+00
6 53 -1.000274685677955e+00 -1.872860924642826e-03 -9.828793303442598e-04 -1.007751454377511e+00
6 54 -1.000274747458826e+00 -1.873369305758507e-03 -9.822565999199086e-04 -1.007750570261185e+00
6 55 -1.000274863312602e+00 -1.874004622124760e-03 -9.814976423232272e-04 -1.007749256997670e+00
6 56 -1.000275030413752e+00 -1.874759049096698e-03 -9.806117857832483e-04 -1.007747534498679e+00
6 57 -1.000275244749733e+00 -1.875623738150356e-03 -9.796089537725142e-04 -1.007745427392499e+00
6 58 -1.000275501657155e+00 -1.876588891115035e-03 -9.785005673434966e-04 -1.007742963660344e+00
6 59 -1.000275796418786e+00 -1.877643528448641e-03 -9.773010856374826e-04 -1.007740173984739e+00
6 60 -1.000276124709555e+00 -1.878775201658480e-03 -9.760292309271039e-04 -1.007737091713236e+00
6 61 -1.000276482749838e+00 -1.879969936805745e-03 -9.747080546097177e-04 -1.007733753016544e+00
6 62 -1.000276867145502e+00 -1.881212574060043e-03 -9.733635330263752e-04 -1.007730196772609e+00
6 63 -1.000277274520937e+00 -1.882487449721353e-03 -9.720220968616383e-04 -1.007726463932689e+00
7 0 -1.000278419180080e+00 -1.883925915101512e-03 -9.718716704984617e-04 -1.007721043918755e+00
7 1 -1.000278866624094e+00 -1.885236921139780e-03 -9.705848274527722e-04 -1.007717039234627e+00
7 2 -1.000279323174672e+00 -1.886533928026011e-03 -9.693655570368123e-04 -1.007712991744759e+00
7 3 -1.000279783708102e+00 -1.887803643284050e-03 -9.682287053555111e-04 -1.007708942506966e+00
7 4 -1.000280243330851e+00 -1.889033204915339e-03 -9.671876004426827e-04 -1.007704931584481e+00
7 5 -1.000280697877922e+00 -1.890210122789476e-03 -9.662548326177830e-04 -1.007700997638001e+00
7 6 -1.000281144193084e+00 -1.891322516527785e-03 -9.654421745767287e-04 -1.007697177263386e+00
7 7 -1.000281580060631e+00 -1.892359572273262e-03 -9.647596798802894e-04 -1.007693504249905e+00
7 8 -1.000282003807633e+00 -1.893312004095810e-03 -9.642144191837470e-04 -1.007690009068011e+00
7 9 -1.000282413740434e+00 -1.894172284923786e-03 -9.638094800027688e-04 -1.007686718869591e+00
7 10 -1.000282807653516e+00 -1.894934526050531e-03 -9.635437123480956e-04 -1.007683658067070e+00
7 11 -1.000283182621244e+00 -1.895594084171174e-03 -9.634123253638244e-04 -1.007680849207761e+00
7 12 -1.000283535162434e+00 -1.896147137901875e-03 -9.634080358187444e-04 -1.007678313600118e+00
7 13 -1.000283861702035e+00 -1.896590485350368e-03 -9.635222671832351e-04 -1.007676071224048e+00
7 14 -1.000284159117590e+00 -1.896921664066709e-03 -9.637459822532176e-04 -1.007674139868382e+00
7 15 -1.000284425118529e+00 -1.897139293312360e-03 -9.640699899507254e-04 -1.007672533908864e+00
7 16 -1.000284658284491e+00 -1.897243411668372e-03 -9.644848137673630e-04 -1.007671263372656e+00
7 17 -1.000284857744797e+00 -1.897235587750123e-03 -9.649803443957715e-04 -1.007670333829149e+00
7 18 -1.000285022642216e+00 -1.897118701492432e-03 -9.655455298633076e-04 -1.007669747274784e+00
7 19 -1.000285151622273e+00 -1.896896466094352e-03 -9.661683198974632e-04 -1.007669503694700e+00
7 20 -1.000285242584604e+00 -1.896572898228634e-03 -9.668359925591261e-04 -1.007669602604258e+00
7 21 -1.000285292823763e+00 -1.896151967109427e-03 -9.675358633682562e-04 -1.007670043829314e+00
7 22 -1.000285299517888e+00 -1.895637547825212e-03 -9.682562438401120e-04 -1.007670827143899e+00
7 23 -1.000285260371041e+00 -1.895033641502281e-03 -9.689874149938737e-04 -1.007671950949941e+00
7 24 -1.000285174148732e+00 -1.894344702797921e-03 -9.697223349040112e-04 -1.007673410634854e+00
7 25 -1.000285040892344e+00 -1.893575888986806e-03 -9.704568296005923e-04 -1.007675197369621e+00
7 26 -1.000284861735169e+00 -1.892733109971915e-03 -9.711891528983189e-04 -1.007677297886926e+00
7 27 -1.000284638416706e+00 -1.891822875362119e-03 -9.719190391773495e-04 -1.007679695304052e+00
7 28 -1.000284372732257e+00 -1.890852045833816e-03 -9.726466231109534e-04 -1.007682370524716e+00
7 29 -1.000284066192896e+00 -1.889827641014583e-03 -9.733717049978321e-04 -1.007685303444366e+00
7 30 -1.000283720076074e+00 -1.888756809122224e-03 -9.740936908471305e-04 -1.007688473299193e+00
7 31 -1.000283335858266e+00 -1.887646960293042e-03 -9.748121814842332e-04 -1.007691857984794e+00
7 32 -1.000282915831529e+00 -1.886505974925599e-03 -9.755278193716663e-04 -1.007695432733560e+00
7 33 -1.000282463608131e+00 -1.885342366197545e-03 -9.762428334587698e-04 -1.007699168879691e+00
7 34 -1.000281984256162e+00 -1.884165306206145e-03 -9.769608396468620e-04 -1.007703033416842e+00
7 35 -1.000281483970180e+00 -1.882984500451746e-03 -9.776857955350467e-04 -1.007706989680277e+00
7 36 -1.000280969398832e+00 -1.881809984069071e-03 -9.784204144635638e-04 -1.007710998908813e+00
7 37 -1.000280446923895e+00 -1.880651963420567e-03 -9.791646274621608e-04 -1.007715021951451e+00
7 38 -1.000279922215915e+00 -1.879520793809655e-03 -9.799146923499462e-04 -1.007719020299844e+00
7 39 -1.000279400253339e+00 -1.878427082265897e-03 -9.806632609066694e-04 -1.007722956039723e+00
7 40 -1.000278885756628e+00 -1.877381806979761e-03 -9.814002773709922e-04 -1.007726790959948e+00
7 41 -1.000278383782889e+00 -1.876396318583948e-03 -9.821142420807880e-04 -1.007730485535314e+00
7 42 -1.000277900150353e+00 -1.875482141134576e-03 -9.827932997290190e-04 -1.007733998571290e+00
7 43 -1.000277441444403e+00 -1.874650588112563e-03 -9.834257822075574e-04 -1.007737287973511e+00
7 44 -1.000277014557014e+00 -1.873912309206995e-03 -9.840001149750651e-04 -1.007740312536896e+00
7 45 -1.000276625939831e+00 -1.873276938912567e-03 -9.845042674615266e-04 -1.007743034091302e+00
7 46 -1.000276280895871e+00 -1.872752978388501e-03 -9.849251306788046e-04 -1.007745419111378e+00
7 47 -1.000275983215038e+00 -1.872347905129548e-03 -9.852482771605592e-04 -1.007747439195321e+00
7 48 -1.000275735281914e+00 -1.872068350963929e-03 -9.854584394420544e-04 -1.007749070489965e+00
7 49 -1.000275538551075e+00 -1.871920128536136e-03 -9.855407555447847e-04 -1.007750292747259e+00
7 50 -1.000275394120877e+00 -1.871907965440066e-03 -9.854825014184102e-04 -1.007751088859445e+00
7 51 -1.000275303113882e+00 -1.872034973849853e-03 -9.852748046211952e-04 -1.007751445385893e+00
7 52 -1.000275266684824e+00 -1.872302048035937e-03 -9.849137866063302e-04 -1.007751353982572e+00
7 53 -1.000275285663785e+00 -1.872707458160911e-03 -9.844007370475359e-04 -1.007750813095670e+00
7 54 -1.000275360017084e+00 -1.873246844007029e-03 -9.837412781567619e-04 -1.007749829070585e+00
7 55 -1.000275488390966e+00 -1.873913617745020e-03 -9.829439310422596e-04 -1.007748416099639e+00
7 56 -1.000275667957335e+00 -1.874699564486671e-03 -9.820188118942234e-04 -1.007746595046488e+00
7 57 -1.000275894637694e+00 -1.875595332696340e-03 -9.809771218818799e-04 -1.007744391743521e+00
7 58 -1.000276163619554e+00 -1.876590606183368e-03 -9.798316354933914e-04 -1.007741835501283e+00
7 59 -1.000276469970414e+00 -1.877673971906040e-03 -9.785978022667961e-04 -1.007738958272307e+00
7 60 -1.000276809130563e+00 -1.878832691922896e-03 -9.772947017366832e-04 -1.007735794448546e+00
7 61 -1.000277177124134e+00 -1.880052645561778e-03 -9.759451215892109e-04 -1.007732380931713e+00
7 62 -1.000277570443695e+00 -1.881318612881980e-03 -9.745744350087499e-04 -1.007728757035570e+00
7 63 -1.000277985694707e+00 -1.882614875380831e-03 -9.732085463023148e-04 -1.007724963960983e+00
8 0 -1.000279158895560e+00 -1.884167769812115e-03 -9.725830988089561e-04 -1.007719333046727e+00
8 1 -1.000279613131942e+00 -1.885497434714259e-03 -9.712752218104260e-04 -1.007715277790604e+00
8 2 -1.000280075591299e+00 -1.886810774134308e-03 -9.700375339776866e-04 -1.007711187563403e+00
8 3 -1.000280541104011e+00 -1.888094208119409e-03 -9.688858967807104e-04 -1.007707103939111e+00
8 4 -1.000281004648599e+00 -1.889334613640019e-03 -9.678344909318184e-04 -1.007703067547274e+00
8 5 -1.000281461883046e+00 -1.890519319451785e-03 -9.668962808285253e-04 -1.007699117547226e+00
8 6 -1.000281909487400e+00 -1.891636378581984e-03 -9.660828075074249e-04 -1.007695290830129e+00
8 7 -1.000282345159300e+00 -1.892675028162590e-03 -9.654034018065969e-04 -1.007691621181880e+00
8 8 -1.000282767250912e+00 -1.893626118782456e-03 -9.648642313402809e-04 -1.007688138766378e+00
8 9 -1.000283174193348e+00 -1.894482287928534e-03 -9.644676757948209e-04 -1.007684870224221e+00
8 10 -1.000283563951545e+00 -1.895237777129283e-03 -9.642123506834147e-04 -1.007681839417853e+00
8 11 -1.000283933745345e+00 -1.895887996108881e-03 -9.640937639632416e-04 -1.007679068471163e+00
8 12 -1.000284280160336e+00 -1.896429096022050e-03 -9.641052792021544e-04 -1.007676578484538e+00
8 13 -1.000284599598417e+00 -1.896857810857694e-03 -9.642389598956677e-04 -1.007674389405836e+00
8 14 -1.000284888861145e+00 -1.897171655761078e-03 -9.644860266883610e-04 -1.007672519004017e+00
8 15 -1.000285145596271e+00 -1.897369349169095e-03 -9.648369338100560e-04 -1.007670981429645e+00
8 16 -1.000285368401150e+00 -1.897451190921587e-03 -9.652812665842157e-04 -1.007669786118526e+00
8 17 -1.000285556533780e+00 -1.897419147281626e-03 -9.658076871134862e-04 -1.007668937668684e+00
8 18 -1.000285709359633e+00 -1.897276545229747e-03 -9.664040601461729e-04 -1.007668436875497e+00
8 19 -1.000285825784220e+00 -1.897027483977249e-03 -9.670577768795982e-04 -1.007668282539265e+00
8 20 -1.000285903935244e+00 -1.896676224694457e-03 -9.677562235117708e-04 -1.007668473228660e+00
8 21 -1.000285941253845e+00 -1.896226830810411e-03 -9.684873219944527e-04 -1.007669008149125e+00
8 22 -1.000285934974733e+00 -1.895683191885837e-03 -9.692400820676529e-04 -1.007669886690839e+00
8 23 -1.000285882802582e+00 -1.895049361348406e-03 -9.700051147471840e-04 -1.007671106885909e+00
8 24 -1.000285783506825e+00 -1.894329991071811e-03 -9.707750413309349e-04 -1.007672663522707e+00
8 25 -1.000285637193036e+00 -1.893530622140540e-03 -9.715446952393705e-04 -1.007674546803003e+00
8 26 -1.000285445147851e+00 -1.892657686362028e-03 -9.723110090075411e-04 -1.007676742155089e+00
8 27 -1.000285209340970e+00 -1.891718234153360e-03 -9.730725624598085e-04 -1.007679231255846e+00
8 28 -1.000284931826632e+00 -1.890719552537691e-03 -9.738289289907986e-04 -1.007681993702964e+00
8 29 -1.000284614341390e+00 -1.889668891701509e-03 -9.745800910824408e-04 -1.007685008431582e+00
8 30 -1.000284258306295e+00 -1.888573446523223e-03 -9.753261821737001e-04 -1.007688254114302e+00
8 31 -1.000283865245446e+00 -1.887440588780362e-03 -9.760676255215414e-04 -1.007691708352051e+00
8 32 -1.000283437427222e+00 -1.886278211381655e-03 -9.768054914866995e-04 -1.007695346116617e+00
8 33 -1.000282978420170e+00 -1.885094996488315e-03 -9.775417411826050e-04 -1.007699138293708e+00
8 34 -1.000282493283756e+00 -1.883900465244360e-03 -9.782790545607737e-04 -1.007703051138419e+00
8 35 -1.000281988273553e+00 -1.882704780996837e-03 -9.790201312134422e-04 -1.007707047023723e+00
8 36 -1.000281470166280e+00 -1.881518411243976e-03 -9.797666088249423e-04 -1.007711086210735e+00
8 37 -1.000280945498909e+00 -1.880351834760999e-03 -9.805179514644560e-04 -1.007715128813807e+00
8 38 -1.000280420064879e+00 -1.879215448958886e-03 -9.812707098549847e-04 -1.007719136022017e+00
8 39 -1.000279898882260e+00 -1.878119699541770e-03 -9.820184020389198e-04 -1.007723070080831e+00
8 40 -1.000279386609112e+00 -1.877075308939540e-03 -9.827519821610849e-04 -1.007726893262019e+00
8 41 -1.000278888159706e+00 -1.876093414567081e-03 -9.834606290864483e-04 -1.007730566610207e+00
8 42 -1.000278409180966e+00 -1.875185469839254e-03 -9.841325249683559e-04 -1.007734049367243e+00
8 43 -1.000277956118029e+00 -1.874362877734428e-03 -9.847553904763532e-04 -1.007737299635118e+00
8 44 -1.000277535794534e+00 -1.873636465611077e-03 -9.853166911730248e-04 -1.007740276216330e+00
8 45 -1.000277154669063e+00 -1.873016006615865e-03 -9.858035619055359e-04 -1.007742940943696e+00
8 46 -1.000276818090907e+00 -1.872509980073340e-03 -9.862026148507366e-04 -1.007745260521186e+00
8 47 -1.000276529877713e+00 -1.872125624111737e-03 -9.864998875105239e-04 -1.007747207168271e+00
8 48 -1.000276292371606e+00 -1.871869147827672e-03 -9.866811831240135e-04 -1.007748758062368e+00
8 49 -1.000276106893224e+00 -1.871745865193986e-03 -9.867329192058485e-04 -1.007749894255375e+00
8 50 -1.000275974333390e+00 -1.871760058303836e-03 -9.866433852705001e-04 -1.007750599978887e+00
8 51 -1.000275895581594e+00 -1.871914538725516e-03 -9.864041169261380e-04 -1.007750862956132e+00
8 52 -1.000275871590792e+00 -1.872210059335637e-03 -9.860109877465959e-04 -1.007750675723824e+00
8 53 -1.000275903061713e+00 -1.872644841347206e-03 -9.854646476660453e-04 -1.007750037365639e+00
8 54 -1.000275989911559e+00 -1.873214455155361e-03 -9.847701431069554e-04 -1.007748954779939e+00
8 55 -1.000276130789469e+00 -1.873912121399823e-03 -9.839359130224580e-04 -1.007747442820396e+00
8 56 -1.000276322871428e+00 -1.874729270713734e-03 -9.829726840578650e-04 -1.007745523250065e+00
8 57 -1.000276562033794e+00 -1.875656070367811e-03 -9.818928404119955e-04 -1.007743223047007e+00
8 58 -1.000276843341282e+00 -1.876681687051194e-03 -9.807105377881613e-04 -1.007740572806822e+00
8 59 -1.000277161666149e+00 -1.877794255445687e-03 -9.794423520896971e-04 -1.007737605739820e+00
8 60 -1.000277512217932e+00 -1.878980717786268e-03 -9.781079038003106e-04 -1.007734357311546e+00
8 61 -1.000277890808781e+00 -1.880226776094123e-03 -9.767298683933416e-04 -1.007730865221558e+00
8 62 -1.000278293787524e+00 -1.881517130088026e-03 -9.753330704230440e-04 -1.007727169305636e+00
8 63 -1.000278717707252e+00 -1.882836002546595e-03 -9.739428238291971e-04 -1.007723311092118e+00
9 0 -1.000279912479866e+00 -1.884502448390786e-03 -9.728316694703575e-04 -1.007717483685251e+00
9 1 -1.000280374298295e+00 -1.885852158665045e-03 -9.715027942876701e-04 -1.007713372539884e+00
9 2 -1.000280843504113e+00 -1.887183448800288e-03 -9.702463071598902e-04 -1.007709233680056e+00
9 3 -1.000281314904204e+00 -1.888482461646963e-03 -9.690790441550404e-04 -1.007705109154629e+00
9 4 -1.000281783369582e+00 -1.889735803501094e-03 -9.680161129157777e-04 -1.007701040146441e+00
9 5 -1.000282244385245e+00 -1.890930588400205e-03 -9.670710108375617e-04 -1.007697066366226e+00
9 6 -1.000282694447532e+00 -1.892054750092266e-03 -9.662552244760468e-04 -1.007693225131514e+00
9 7 -1.000283131126787e+00 -1.893097518057843e-03 -9.655774825456416e-04 -1.007689550411583e+00
9 8 -1.000283552752137e+00 -1.894049831129088e-03 -9.650430628380303e-04 -1.007686072256705e+00
9 9 -1.000283957840779e+00 -1.894904465652545e-03 -9.646535398102706e-04 -1.007682816941822e+00
9 10 -1.000284344511314e+00 -1.895655792127179e-03 -9.644071337756431e-04 -1.007679807846934e+00
9 11 -1.000284710135983e+00 -1.896299285850987e-03 -9.642995051227291e-04 -1.007677066670988e+00
9 12 -1.000285051388039e+00 -1.896831077612309e-03 -9.643246054562855e-04 -1.007674614282231e+00
9 13 -1.000285364664926e+00 -1.897247820091097e-03 -9.644752030874822e-04 -1.007672470610791e+00
9 14 -1.000285646693936e+00 -1.897546956253541e-03 -9.647429465804594e-04 -1.007670653501172e+00
9 15 -1.000285895040161e+00 -1.897727229158336e-03 -9.651181446994507e-04 -1.007669177055495e+00
9 16 -1.000286108280693e+00 -1.897789122074270e-03 -9.655896065291569e-04 -1.007668050331713e+00
9 17 -1.000286285761577e+00 -1.897734943396381e-03 -9.661448120430353e-04 -1.007667277138243e+00
9 18 -1.000286427043872e+00 -1.897568451105829e-03 -9.667704571112029e-04 -1.007666857160762e+00
9 19 -1.000286531289554e+00 -1.897294153162545e-03 -9.674532024681452e-04 -1.007666787997440e+00
9 20 -1.000286596873588e+00 -1.896916597349266e-03 -9.681803724123437e-04 -1.007667067177352e+00
9 21 -1.000286621414567e+00 -1.896439973965560e-03 -9.689404162355179e-04 -1.007667693184603e+00
9 22 -1.000286602230923e+00 -1.895868186913928e-03 -9.697231013608826e-04 -1.007668664982488e+00
9 23 -1.000286537039204e+00 -1.895205303364095e-03 -9.705195506830449e-04 -1.007669980277798e+00
9 24 -1.000286424604367e+00 -1.894456110244867e-03 -9.713222799659663e-04 -1.007671633371926e+00
9 25 -1.000286265073733e+00 -1.893626474591021e-03 -9.721253128773109e-04 -1.007673613619999e+00
9 26 -1.000286059862895e+00 -1.892723324080319e-03 -9.729243174681314e-04 -1.007675905213844e+00
9 27 -1.000285811158436e+00 -1.891754269361944e-03 -9.737166301233162e-04 -1.007678488361618e+00
9 28 -1.000285521279229e+00 -1.890727080981304e-03 -9.745010784170026e-04 -1.007681341233368e+00
9 29 -1.000285192211164e+00 -1.889649308639156e-03 -9.752776431687192e-04 -1.007684441636038e+00
9 30 -1.000284825551980e+00 -1.888528243478870e-03 -9.760470976790713e-04 -1.007687767531251e+00
9 31 -1.000284422903434e+00 -1.887371229071661e-03 -9.768107452043913e-04 -1.007691296149173e+00
9 32 -1.000283986527349e+00 -1.886186142404048e-03 -9.775702665494037e-04 -1.007695002205774e+00
9 33 -1.000283519949202e+00 -1.884981788133911e-03 -9.783275830176597e-04 -1.007698856191221e+00
9 34 -1.000283028207592e+00 -1.883768001456443e-03 -9.790846091697590e-04 -1.007702823668294e+00
9 35 -1.000282517602872e+00 -1.882555404438982e-03 -9.798428204702474e-04 -1.007706866037535e+00
9 36 -1.000281995030111e+00 -1.881354941322130e-03 -9.806026586525610e-04 -1.007710942493891e+00
9 37 -1.000281467185711e+00 -1.880177438231906e-03 -9.813628998204408e-04 -1.007715012265590e+00
9 38 -1.000280940005221e+00 -1.879033413071838e-03 -9.821201642024576e-04 -1.007719036069036e+00
9 39 -1.000280418574892e+00 -1.877933204680212e-03 -9.828687056058270e-04 -1.007722976170967e+00
9 40 -1.000279907518909e+00 -1.876887296217712e-03 -9.836004987718527e-04 -1.007726795249778e+00
9 41 -1.000279411628294e+00 -1.875906595418668e-03 -9.843055347250292e-04 -1.007730454904145e+00
9 42 -1.000278936384331e+00 -1.875002455659682e-03 -9.849722154394393e-04 -1.007733914828811e+00
9 43 -1.000278488084380e+00 -1.874186351857559e-03 -9.855877851480132e-04 -1.007737133332717e+00
9 44 -1.000278073469246e+00 -1.873469301515432e-03 -9.861387618032692e-04 -1.007740069199483e+00
9 45 -1.000277698992378e+00 -1.872861262497000e-03 -9.866113168496050e-04 -1.007742684189235e+00
9 46 -1.000277370048151e+00 -1.872370759456147e-03 -9.869915605315897e-04 -1.007744945121173e+00
9 47 -1.000277090495299e+00 -1.872004857294126e-03 -9.872657675945244e-04 -1.007746824710992e+00
9 48 -1.000276862658650e+00 -1.871769386804087e-03 -9.874206695043906e-04 -1.007748301060930e+00
9 49 -1.000276687754112e+00 -1.871669176194580e-03 -9.874439557423077e-04 -1.007749356455845e+00
9 50 -1.000276566488708e+00 -1.871708047610190e-03 -9.873250463224522e-04 -1.007749976441528e+00
9 51 -1.000276499529517e+00 -1.871888484931719e-03 -9.870560621921115e-04 -1.007750149911150e+00
9 52 -1.000276487622798e+00 -1.872211078073525e-03 -9.866327778220820e-04 -1.007749870301432e+00
9 53 -1.000276531323261e+00 -1.872673997039793e-03 -9.860552496406094e-04 -1.007749137346910e+00
9 54 -1.000276630479541e+00 -1.873272763717887e-03 -9.853278663200561e-04 -1.007747958492201e+00
9 55 -1.000276783731725e+00 -1.874000444185181e-03 -9.844588083711065e-04 -1.007746349220313e+00
9 56 -1.000276988262493e+00 -1.874848154028236e-03 -9.834592184528458e-04 -1.007744332140619e+00
9 57 -1.000277239920740e+00 -1.875805607749272e-03 -9.823425335710877e-04 -1.007741935314243e+00
9 58 -1.000277533674658e+00 -1.876861464245004e-03 -9.811242767220961e-04 -1.007739190565878e+00
9 59 -1.000277864225083e+00 -1.878003395393181e-03 -9.798222533598511e-04 -1.007736132332141e+00
9 60 -1.000278226561200e+00 -1.879217999156608e-03 -9.784567960711009e-04 -1.007732797158965e+00
9 61 -1.000278616274273e+00 -1.880490772138621e-03 -9.770506299181189e-04 -1.007729223591066e+00
9 62 -1.000279029543493e+00 -1.881806312735346e-03 -9.756281113132485e-04 -1.007725452060916e+00
9 63 -1.000279462836726e+00 -1.883148778349424e-03 -9.742139278889861e-04 -1.007721524501321e+00
10 0 -1.000280672033160e+00 -1.884926559820095e-03 -9.726111448070078e-04 -1.007715517749160e+00
10 1 -1.000281142143874e+00 -1.886297469454715e-03 -9.712616568638347e-04 -1.007711346038856e+00
10 2 -1.000281618857665e+00 -1.887648109553199e-03 -9.699863252567094e-04 -1.007707153244586e+00
10 3 -1.000282096978595e+00 -1.888964361593482e-03 -9.688028867051612e-04 -1.007702981845169e+00
10 4 -1.000282571293472e+00 -1.890232560033106e-03 -9.677274166323670e-04 -1.007698873545843e+00
10 5 -1.000283037125130e+00 -1.891439579565195e-03 -9.667740849219902e-04 -1.007694868633457e+00
10 6 -1.000283490774154e+00 -1.892573188032200e-03 -9.659545041372335e-04 -1.007691004955627e+00
10 7 -1.000283929648432e+00 -1.893622548932279e-03 -9.652769467306730e-04 -1.007687316837951e+00
10 8 -1.000284352006418e+00 -1.894578635319204e-03 -9.647458505995059e-04 -1.007683834416632e+00
10 9 -1.000284756408071e+00 -1.895434327698733e-03 -9.643619198323818e-04 -1.007680583770017e+00
10 10 -1.000285141101379e+00 -1.896184116445107e-03 -9.641228325248475e-04 -1.007677587891559e+00
10 11 -1.000285503611016e+00 -1.896823552059943e-03 -9.640242444668964e-04 -1.007674868073547e+00
10 12 -1.000285840715595e+00 -1.897348755515317e-03 -9.640606069410468e-04 -1.007672444930219e+00
10 13 -1.000286148828443e+00 -1.897756289346945e-03 -9.642254235269755e-04 -1.007670338372111e+00
10 14 -1.000286424609727e+00 -1.898043483592487e-03 -9.645109185437391e-04 -1.007668566389246e+00
10 15 -1.000286665526783e+00 -1.898209035567227e-03 -9.649074664302848e-04 -1.007667143193432e+00
10 16 -1.000286870101227e+00 -1.898253529682113e-03 -9.654032895224707e-04 -1.007666077680890e+00
10 17 -1.000287037724301e+00 -1.898179548474519e-03 -9.659847748294052e-04 -1.007665373079101e+00
10 18 -1.000287168119013e+00 -1.897991249503255e-03 -9.666374033292799e-04 -1.007665028096024e+00
10 19 -1.000287260692143e+00 -1.897693560568926e-03 -9.673469523968345e-04 -1.007665039147431e+00
10 20 -1.000287314078624e+00 -1.897291354783893e-03 -9.681005049235701e-04 -1.007665402649284e+00
10 21 -1.000287326102831e+00 -1.896788987233206e-03 -9.688869259178609e-04 -1.007666116260492e+00
10 22 -1.000287294196033e+00 -1.896190386382589e-03 -9.696967604846965e-04 -1.007667178454668e+00
10 23 -1.000287216102856e+00 -1.895499604065625e-03 -9.705217981676536e-04 -1.007668586634458e+00
10 24 -1.000287090580467e+00 -1.894721502929709e-03 -9.713546794245695e-04 -1.007670334714908e+00
10 25 -1.000286917797931e+00 -1.893862211570536e-03 -9.721888280380230e-04 -1.007672411337307e+00
10 26 -1.000286699273778e+00 -1.892929113675658e-03 -9.730187481925181e-04 -1.007674799555152e+00
10 27 -1.000286437393043e+00 -1.891930384301022e-03 -9.738404849874079e-04 -1.007677478117518e+00
10 28 -1.000286134738451e+00 -1.890874324589103e-03 -9.746519551692351e-04 -1.007680423675313e+00
10 29 -1.000285793563827e+00 -1.889768851654252e-03 -9.754529435027424e-04 -1.007683612750922e+00
10 30 -1.000285415674508e+00 -1.888621409829423e-03 -9.762447408116417e-04 -1.007687022439585e+00
10 31 -1.000285002781201e+00 -1.887439335416571e-03 -9.770295463708393e-04 -1.007690629506077e+00
10 32 -1.000284557159741e+00 -1.886230468579766e-03 -9.778098064009621e-04 -1.007694408400508e+00
10 33 -1.000284082296760e+00 -1.885003689286828e-03 -9.785876312293600e-04 -1.007698329270965e+00
10 34 -1.000283583199582e+00 -1.883769102262758e-03 -9.793643710858096e-04 -1.007702357052406e+00
10 35 -1.000283066196295e+00 -1.882537774657329e-03 -9.801403588136175e-04 -1.007706452191775e+00
10 36 -1.000282538287300e+00 -1.881321158282247e-03 -9.809147640179449e-04 -1.007710572757807e+00
10 37 -1.000282006328059e+00 -1.880130494123091e-03 -9.816854755443263e-04 -1.007714676959268e+00
10 38 -1.000281476411302e+00 -1.878976499989060e-03 -9.824489508036820e-04 -1.007718724872668e+00
10 39 -1.000280953717989e+00 -1.877869470408710e-03 -9.832000153854206e-04 -1.007722678636204e+00
10 40 -1.000280442867780e+00 -1.876819676235642e-03 -9.839316345297124e-04 -1.007726501240336e+00
10 41 -1.000279948551173e+00 -1.875837786090297e-03 -9.846347172217981e-04 -1.007730154807252e+00
10 42 -1.000279476093498e+00 -1.874935023820632e-03 -9.852980665319084e-04 -1.007733599497108e+00
10 43 -1.000279031640165e+00 -1.874122912023418e-03 -9.859086115772261e-04 -1.007736793842630e+00
10 44 -1.000278621836223e+00 -1.873412661445099e-03 -9.864519768817445e-04 -1.007739696592183e+00
10 45 -1.000278253117173e+00 -1.872814453333558e-03 -9.869132797177586e-04 -1.007742269364959e+00
10 46 -1.000277930918528e+00 -1.872336922559461e-03 -9.872779225914938e-04 -1.007744478982732e+00
10 47 -1.000277659149902e+00 -1.871987030648063e-03 -9.875321791527776e-04 -1.007746298527013e+00
10 48 -1.000277440141375e+00 -1.871770282877504e-03 -9.876635332438258e-04 -1.007747706907393e+00
10 49 -1.000277275033150e+00 -1.871691044507719e-03 -9.876608972959361e-04 -1.007748687558813e+00
10 50 -1.000277164374825e+00 -1.871752671093121e-03 -9.875149067495141e-04 -1.007749227299835e+00
10 51 -1.000277108626484e+00 -1.871957295093007e-03 -9.872184354276826e-04 -1.007749316186211e+00
10 52 -1.000277108328004e+00 -1.872305320890255e-03 -9.867673221412841e-04 -1.007748948564192e+00
10 53 -1.000277163875316e+00 -1.872794861786357e-03 -9.861611058408588e-04 -1.007748124825882e+00
10 54 -1.000277275030200e+00 -1.873421409222260e-03 -9.854034643942962e-04 -1.007746852951457e+00
10 55 -1.000277440409897e+00 -1.874177911291755e-03 -9.845021565156964e-04 -1.007745149019622e+00
10 56 -1.000277657202648e+00 -1.875055210943292e-03 -9.834685357374721e-04 -1.007743036432052e+00
10 57 -1.000277921244094e+00 -1.876042604491717e-03 -9.823169297410886e-04 -1.007740544266772e+00
10 58 -1.000278227431144e+00 -1.877128260525336e-03 -9.810641728047430e-04 -1.007737705512248e+00
10 59 -1.000278570319677e+00 -1.878299385977463e-03 -9.797293659297756e-04 -1.007734555783461e+00
10 60 -1.000278944694820e+00 -1.879542216898520e-03 -9.783337056924813e-04 -1.007731132691737e+00
10 61 -1.000279345925171e+00 -1.880842020207197e-03 -9.769001326408598e-04 -1.007727475652283e+00
10 62 -1.000279769999970e+00 -1.882183272338319e-03 -9.754526384230873e-04 -1.007723625753555e+00
10 63 -1.000280213270828e+00 -1.883550056220043e-03 -9.740152776072527e-04 -1.007719625405958e+00
11 0 -1.000281429650241e+00 -1.885435637511908e-03 -9.719199226315932e-04 -1.007713458906653e+00
11 1 -1.000281908673887e+00 -1.886828651136208e-03 -9.705505652970553e-04 -1.007709222659751e+00
11 2 -1.000282393571682e+00 -1.888199802628779e-03 -9.692566998833303e-04 -1.007704971287088e+00
11 3 -1.000282879162690e+00 -1.889534732181515e-03 -9.680568591995565e-04 -1.007700747653462e+00
11 4 -1.000283360174356e+00 -1.890819509184767e-03 -9.669680919455802e-04 -1.007696593941789e+00
11 5 -1.000283831784068e+00 -1.892040753789578e-03 -9.660053547086359e-04 -1.007692551013293e+00
11 6 -1.000284290092624e+00 -1.893186028705010e-03 -9.651805625306186e-04 -1.007688657320060e+00
11 7 -1.000284732316941e+00 -1.894244375391022e-03 -9.645016969269421e-04 -1.007684947697361e+00
11 8 -1.000285156599480e+00 -1.895206743300561e-03 -9.639724406593627e-04 -1.007681452565831e+00
11 9 -1.000285561496614e+00 -1.896066074227175e-03 -9.635925975189818e-04 -1.007678197994202e+00
11 10 -1.000285945354538e+00 -1.896816960553029e-03 -9.633591765929324e-04 -1.007675206713621e+00
11 11 -1.000286305842994e+00 -1.897455032702691e-03 -9.632676682880271e-04 -1.007672499652323e+00
11 12 -1.000286639859319e+00 -1.897976414339137e-03 -9.633129092238780e-04 -1.007670097155677e+00
11 13 -1.000286943853730e+00 -1.898377577243973e-03 -9.634891328734376e-04 -1.007668019098720e+00
11 14 -1.000287214431223e+00 -1.898655707811550e-03 -9.637892590791733e-04 -1.007666283660871e+00
11 15 -1.000287448952285e+00 -1.898809393245050e-03 -9.642039332367372e-04 -1.007664905299855e+00
11 16 -1.000287645851657e+00 -1.898839234921350e-03 -9.647210011903494e-04 -1.007663892962141e+00
11 17 -1.000287804522351e+00 -1.898748011680906e-03 -9.653258859657254e-04 -1.007663249521096e+00
11 18 -1.000287924810448e+00 -1.898540234808971e-03 -9.660028501709600e-04 -1.007662972874280e+00
11 19 -1.000288006347817e+00 -1.898221249550801e-03 -9.667366619337886e-04 -1.007663058314692e+00
11 20 -1.000288048034413e+00 -1.897796286187480e-03 -9.675139827797140e-04 -1.007663501099969e+00
11 21 -1.000288047924700e+00 -1.897269905180695e-03 -9.683239545841362e-04 -1.007664297964794e+00
11 22 -1.000288003592770e+00 -1.896646079866699e-03 -9.691578799113427e-04 -1.007665446812635e+00
11 23 -1.000287912832008e+00 -1.895928828612332e-03 -9.700083367495256e-04 -1.007666944737591e+00
11 24 -1.000287774393598e+00 -1.895123035274731e-03 -9.708683113447935e-04 -1.007668785354023e+00
11 25 -1.000287588451349e+00 -1.894235021033988e-03 -9.717308573734568e-04 -1.007670956728383e+00
11 26 -1.000287356600171e+00 -1.893272573342569e-03 -9.725894565677985e-04 -1.007673440899815e+00
11 27 -1.000287081401091e+00 -1.892244420652224e-03 -9.734388587408931e-04 -1.007676215203701e+00
11 28 -1.000286765693743e+00 -1.891159429801573e-03 -9.742759318916559e-04 -1.007679254713280e+00
11 29 -1.000286412012534e+00 -1.890025949154294e-03 -9.751000681411617e-04 -1.007682534528724e+00
11 30 -1.000286022397929e+00 -1.888851638140169e-03 -9.759129233858045e-04 -1.007686030722373e+00
11 31 -1.000285598701108e+00 -1.887643857215297e-03 -9.767175659266677e-04 -1.007689719482832e+00
11 32 -1.000285143235516e+00 -1.886410398160569e-03 -9.775173276872090e-04 -1.007693574966699e+00
11 33 -1.000284659456901e+00 -1.885160171236078e-03 -9.783147277166795e-04 -1.007697567028421e+00
11 34 -1.000284152333314e+00 -1.883903499050922e-03 -9.791107749322595e-04 -1.007701660053166e+00
11 35 -1.000283628203408e+00 -1.882651866344248e-03 -9.799047855989413e-04 -1.007705813580783e+00
11 36 -1.000283094157147e+00 -1.881417248429517e-03 -9.806946290117295e-04 -1.007709984524677e+00
11 37 -1.000282557204261e+00 -1.880211358796463e-03 -9.814771377799831e-04 -1.007714129963435e+00
11 38 -1.000282023605329e+00 -1.879045193321655e-03 -9.822483741273793e-04 -1.007718209173544e+00
11 39 -1.000281498659866e+00 -1.877929071402214e-03 -9.830035433362899e-04 -1.007722184006786e+00
11 40 -1.000280987012275e+00 -1.876873088503102e-03 -9.837365304690023e-04 -1.007726017655237e+00
11 41 -1.000280493277581e+00 -1.875887672350940e-03 -9.844392356955327e-04 -1.007729672719984e+00
11 42 -1.000280022638572e+00 -1.874983889330628e-03 -9.851010356925058e-04 -1.007733109833297e+00
11 43 -1.000279581088215e+00 -1.874173280359542e-03 -9.857087256113458e-04 -1.007736287772118e+00
11 44 -1.000279175165060e+00 -1.873467243222587e-03 -9.862471310728628e-04 -1.007739165242996e+00
11 45 -1.000278811273633e+00 -1.872876212050765e-03 -9.867002674830284e-04 -1.007741703666354e+00
11 46 -1.000278494884191e+00 -1.872408992150077e-03 -9.870526501404083e-04 -1.007743869758982e+00
11 47 -1.000278229963521e+00 -1.872072513521929e-03 -9.872903113647014e-04 -1.007745636834311e+00
11 48 -1.000278018866575e+00 -1.871872016225426e-03 -9.874012833623364e-04 -1.007746984481029e+00
11 49 -1.000277862685811e+00 -1.871811434958485e-03 -9.873756114851448e-04 -1.007747897187098e+00
11 50 -1.000277761841362e+00 -1.871893660212198e-03 -9.872051953314748e-04 -1.007748362987807e+00
11 51 -1.000277716605804e+00 -1.872120454000338e-03 -9.868838120811302e-04 -1.007748373080000e+00
11 52 -1.000277727318307e+00 -1.872492013332896e-03 -9.864075360199939e-04 -1.007747922716279e+00
11 53 -1.000277794207882e+00 -1.873006386946465e-03 -9.857754916411659e-04 -1.007747012943633e+00
11 54 -1.000277916933252e+00 -1.873659050689082e-03 -9.849906246510111e-04 -1.007745652261971e+00
11 55 -1.000278094073990e+00 -1.874442869995095e-03 -9.840601279864183e-04 -1.007743857309642e+00
11 56 -1.000278322819536e+00 -1.875348459978199e-03 -9.829953569555204e-04 -1.007741652224384e+00
11 57 -1.000278599002896e+00 -1.876364739124985e-03 -9.818113404304273e-04 -1.007739067031146e+00
11 58 -1.000278917473075e+00 -1.877479410908133e-03 -9.805261269964863e-04 -1.007736135809682e+00
11 59 -1.000279272668865e+00 -1.878679223354942e-03 -9.791601392567259e-04 -1.007732895292296e+00
11 60 -1.000279659192638e+00 -1.879950040306870e-03 -9.777355644864940e-04 -1.007729384120597e+00
11 61 -1.000280072195663e+00 -1.881276879769677e-03 -9.762757220375227e-04 -1.007725642582226e+00
11 62 -1.000280507463379e+00 -1.882644077161203e-03 -9.748043607385902e-04 -1.007721712462069e+00
11 63 -1.000280961203257e+00 -1.884035630151434e-03 -9.733449244943844e-04 -1.007717636713507e+00
12 0 -1.000282177518593e+00 -1.886024202192722e-03 -9.707611836514324e-04 -1.007711332155360e+00
12 1 -1.000282665976426e+00 -1.887439961097451e-03 -9.693730570811413e-04 -1.007707028160151e+00
12 2 -1.000283159639991e+00 -1.888832531707476e-03 -9.680613339058168e-04 -1.007702714280218e+00
12 3 -1.000283653357318e+00 -1.890187335927271e-03 -9.668452113728705e-04 -1.007698433727860e+00
12 4 -1.000284141821557e+00 -1.891490192036140e-03 -9.657426809648359e-04 -1.007694229109383e+00
12 5 -1.000284620086199e+00 -1.892727459895071e-03 -9.647695701014120e-04 -1.007690141834796e+00
12 6 -1.000285084055966e+00 -1.893886466227940e-03 -9.639382614762196e-04 -1.007686211005176e+00
12 7 -1.000285530735786e+00 -1.894956078594754e-03 -9.632566237063329e-04 -1.007682472094510e+00
12 8 -1.000285958110771e+00 -1.895927163309459e-03 -9.627277007923391e-04 -1.007678955997972e+00
12 9 -1.000286364685959e+00 -1.896792673453925e-03 -9.623504032325648e-04 -1.007675688973662e+00
12 10 -1.000286748868579e+00 -1.897547276244909e-03 -9.621209702732663e-04 -1.007672693641451e+00
12 11 -1.000287108458568e+00 -1.898186680287796e-03 -9.620345694089851e-04 -1.007669990634970e+00
12 12 -1.000287440480130e+00 -1.898707024782369e-03 -9.620862872829675e-04 -1.007667600027365e+00
12 13 -1.000287741440761e+00 -1.899104697400262e-03 -9.622710465209053e-04 -1.007665541632528e+00
12 14 -1.000288007906104e+00 -1.899376720484122e-03 -9.625825494251477e-04 -1.007663833838777e+00
12 15 -1.000288237126731e+00 -1.899521514708559e-03 -9.630119035683187e-04 -1.007662491460692e+00
12 16 -1.000288427424085e+00 -1.899539615563045e-03 -9.635468013485799e-04 -1.007661523694363e+00
12 17 -1.000288578150598e+00 -1.899433913412077e-03 -9.641718665476144e-04 -1.007660933294687e+00
12 18 -1.000288689232586e+00 -1.899209213988692e-03 -9.648701841388850e-04 -1.007660717546516e+00
12 19 -1.000288760499565e+00 -1.898871262861514e-03 -9.656254207261786e-04 -1.007660870720809e+00
12 20 -1.000288791113375e+00 -1.898425669931579e-03 -9.664236446640790e-04 -1.007661386905319e+00
12 21 -1.000288779377638e+00 -1.897877241813497e-03 -9.672541153715781e-04 -1.007662261822842e+00
12 22 -1.000288723038727e+00 -1.897230025677718e-03 -9.681088340403093e-04 -1.007663492713794e+00
12 23 -1.000288619962908e+00 -1.896487999612655e-03 -9.689812513477316e-04 -1.007665076335197e+00
12 24 -1.000288468902212e+00 -1.895656021220971e-03 -9.698649026133676e-04 -1.007667006067696e+00
12 25 -1.000288270022012e+00 -1.894740533626124e-03 -9.707527125922074e-04 -1.007669269541177e+00
12 26 -1.000288024967605e+00 -1.893749665270745e-03 -9.716373184741931e-04 -1.007671847924869e+00
12 27 -1.000287736450272e+00 -1.892692671587665e-03 -9.725122162561379e-04 -1.007674717221017e+00
12 28 -1.000287407553670e+00 -1.891579006334588e-03 -9.733731208614704e-04 -1.007677850903206e+00
12 29 -1.000287041099178e+00 -1.890417506372127e-03 -9.742188413124556e-04 -1.007681222535706e+00
12 30 -1.000286639385731e+00 -1.889216110910709e-03 -9.750512222475310e-04 -1.007684807015633e+00
12 31 -1.000286204435666e+00 -1.887982245439960e-03 -9.758741317808568e-04 -1.007688579832336e+00
12 32 -1.000285738625826e+00 -1.886723652012416e-03 -9.766918674791664e-04 -1.007692514803785e+00
12 33 -1.000285245392693e+00 -1.885449230927702e-03 -9.775075578581020e-04 -1.007696581529869e+00
12 34 -1.000284729660049e+00 -1.884169466713580e-03 -9.783221061109596e-04 -1.007700743931625e+00
12 35 -1.000284197760598e+00 -1.882896221604607e-03 -9.791339778559057e-04 -1.007704960713007e+00
12 36 -1.000283656855916e+00 -1.881641994622278e-03 -9.799397638129467e-04 -1.007709187635440e+00
12 37 -1.000283114101045e+00 -1.880419017412049e-03 -9.807351090118316e-04 -1.007713380563274e+00
12 38 -1.000282575930588e+00 -1.879238638405923e-03 -9.815154574609284e-04 -1.007717497824248e+00
12 39 -1.000282047783234e+00 -1.878111275646931e-03 -9.822761812801951e-04 -1.007721500821726e+00
12 40 -1.000281534356432e+00 -1.877046895131508e-03 -9.830119761162306e-04 -1.007725352826026e+00
12 41 -1.000281040216293e+00 -1.876055690211887e-03 -9.837157698461010e-04 -1.007729016858957e+00
12 42 -1.000280570419826e+00 -1.875148545292460e-03 -9.843776685249462e-04 -1.007732454023731e+00
12 43 -1.000280130810885e+00 -1.874336986834652e-03 -9.849845267970595e-04 -1.007735623363171e+00
12 44 -1.000279727813420e+00 -1.873632584421883e-03 -9.855205031465862e-04 -1.007738483545094e+00
12 45 -1.000279367788314e+00 -1.873046044182568e-03 -9.859685094329854e-04 -1.007740995745751e+00
12 46 -1.000279056232231e+00 -1.872586395482230e-03 -9.863120283280591e-04 -1.007743126477045e+00
12 47 -1.000278797172125e+00 -1.872260608751007e-03 -9.865366178705998e-04 -1.007744849149248e+00
12 48 -1.000278593004172e+00 -1.872073725232043e-03 -9.866306333145231e-04 -1.007746143893150e+00
12 49 -1.000278444799275e+00 -1.872029290545622e-03 -9.865851237653713e-04 -1.007746996139980e+00
12 50 -1.000278352876757e+00 -1.872129740431260e-03 -9.863932619891560e-04 -1.007747395071449e+00
12 51 -1.000278317344517e+00 -1.872376453394287e-03 -9.860498549618037e-04 -1.007747332989456e+00
12 52 -1.000278338351731e+00 -1.872769399092278e-03 -9.855513842203754e-04 -1.007746806036546e+00
12 53 -1.000278415957286e+00 -1.873306552098935e-03 -9.848966859946540e-04 -1.007745815901536e+00
12 54 -1.000278549703650e+00 -1.873983384472300e-03 -9.840879853188459e-04 -1.007744371580892e+00
12 55 -1.000278738117949e+00 -1.874792712729382e-03 -9.831317902996245e-04 -1.007742490231582e+00
12 56 -1.000278978383842e+00 -1.875724970491748e-03 -9.820392524376794e-04 -1.007740196667992e+00
12 57 -1.000279266338587e+00 -1.876768743508534e-03 -9.808258912145844e-04 -1.007737521789486e+00
12 58 -1.000279596804027e+00 -1.877911302411759e-03 -9.795108342688149e-04 -1.007734500689608e+00
12 59 -1.000279964130154e+00 -1.879138950570461e-03 -9.781158102404009e-04 -1.007731171145733e+00
12 60 -1.000280362761958e+00 -1.880437177086590e-03 -9.766640934526860e-04 -1.007727572776176e+00
12 61 -1.000280787645427e+00 -1.881790737503788e-03 -9.751795362757568e-04 -1.007723746720471e+00
12 62 -1.000281234355274e+00 -1.883183809739793e-03 -9.736857801761865e-04 -1.007719735479841e+00
12 63 -1.000281698931414e+00 -1.884600294910116e-03 -9.722057086862642e-04 -1.007715582603559e+00
13 0 -1.000282908016364e+00 -1.886685848925607e-03 -9.691429786477389e-04 -1.007709163344219e+00
13 1 -1.000283406321028e+00 -1.888124720310912e-03 -9.677375286335951e-04 -1.007704789197360e+00
13 2 -1.000283909229775e+00 -1.889539351710619e-03 -9.664089878522448e-04 -1.007700409645228e+00
13 3 -1.000284411628907e+00 -1.890914971206677e-03 -9.651770638507285e-04 -1.007696068218741e+00
13 4 -1.000284908201178e+00 -1.892237165792280e-03 -9.640606252178566e-04 -1.007691807889243e+00
13 5 -1.000285393901303e+00 -1.893492038326349e-03 -9.630764205749519e-04 -1.007687670570068e+00
13 6 -1.000285864448905e+00 -1.894666658000601e-03 -9.622374471742785e-04 -1.007683696025927e+00
13 7 -1.000286316623964e+00 -1.895749672672807e-03 -9.615516441682704e-04 -1.007679920470192e+00
13 8 -1.000286748218194e+00 -1.896731806134189e-03 -9.610215603885776e-04 -1.007676375448264e+00
13 9 -1.000287157637763e+00 -1.897605966845558e-03 -9.606452572537208e-04 -1.007673087612752e+00
13 10 -1.000287543309010e+00 -1.898366860686055e-03 -9.604181338310701e-04 -1.007670079646074e+00
13 11 -1.000287903140046e+00 -1.899010265358456e-03 -9.603348872747296e-04 -1.007667371983452e+00
13 12 -1.000288234284060e+00 -1.899532346730132e-03 -9.603907042416007e-04 -1.007664984438931e+00
13 13 -1.000288533324124e+00 -1.899929420184357e-03 -9.605811228762501e-04 -1.007662936737077e+00
13 14 -1.000288796805067e+00 -1.900198333697938e-03 -9.609006786810749e-04 -1.007661247473385e+00
13 15 -1.000289021870566e+00 -1.900337295327144e-03 -9.613411104476313e-04 -1.007659931900428e+00
13 16 -1.000289206708432e+00 -1.900346696683993e-03 -9.618901841464420e-04 -1.007658999641559e+00
13 17 -1.000289350590672e+00 -1.900229450572498e-03 -9.625319195747504e-04 -1.007658453569692e+00
13 18 -1.000289453478235e+00 -1.899990585439457e-03 -9.632483092492131e-04 -1.007658290580684e+00
13 19 -1.000289515363904e+00 -1.899636215062911e-03 -9.640218646220379e-04 -1.007658504063626e+00
13 20 -1.000289535660130e+00 -1.899172340715680e-03 -9.648379050303627e-04 -1.007659086959714e+00
13 21 -1.000289512932598e+00 -1.898604053727594e-03 -9.656856351978770e-04 -1.007660033909200e+00
13 22 -1.000289445127203e+00 -1.897935510250738e-03 -9.665576611275057e-04 -1.007661341392132e+00
13 23 -1.000289330209288e+00 -1.897170652038674e-03 -9.674483500537649e-04 -1.007663005779983e+00
13 24 -1.000289166943387e+00 -1.896314272227472e-03 -9.683519635426999e-04 -1.007665020264207e+00
13 25 -1.000288955477884e+00 -1.895372867031470e-03 -9.692615405575900e-04 -1.007667372167369e+00
13 26 -1.000288697484015e+00 -1.894354834839271e-03 -9.701690822422656e-04 -1.007670041947752e+00
13 27 -1.000288395794932e+00 -1.893269916239323e-03 -9.710669176970779e-04 -1.007673004389744e+00
13 28 -1.000288053719746e+00 -1.892128157592807e-03 -9.719495433926936e-04 -1.007676231385005e+00
13 29 -1.000287674366854e+00 -1.890938932608199e-03 -9.728150091585257e-04 -1.007679694876432e+00
13 30 -1.000287260312240e+00 -1.889710525497396e-03 -9.736651555188165e-04 -1.007683368442521e+00
13 31 -1.000286813778211e+00 -1.888450475715190e-03 -9.745045416530686e-04 -1.007687226742293e+00
13 32 -1.000286337232044e+00 -1.887166484695734e-03 -9.753384665659100e-04 -1.007691243194101e+00
13 33 -1.000285834105887e+00 -1.885867409250830e-03 -9.761708412726167e-04 -1.007695387170371e+00
13 34 -1.000285309277639e+00 -1.884563838210526e-03 -9.770027016968283e-04 -1.007699622216088e+00
13 35 -1.000284769058970e+00 -1.883267960533066e-03 -9.778318622252445e-04 -1.007703906290871e+00
13 36 -1.000284220663678e+00 -1.881992783585128e-03 -9.786537062782149e-04 -1.007708194039059e+00
13 37 -1.000283671379428e+00 -1.880751089045080e-03 -9.794626035646403e-04 -1.007712440056383e+00
13 38 -1.000283127816469e+00 -1.879554645784441e-03 -9.802531759460574e-04 -1.007716601590069e+00
13 39 -1.000282595569508e+00 -1.878414046284355e-03 -9.810207375475152e-04 -1.007720639434194e+00
13 40 -1.000282079415615e+00 -1.877339181054661e-03 -9.817606502266828e-04 -1.007724516803461e+00
13 41 -1.000281583899368e+00 -1.876340024710779e-03 -9.824668662093943e-04 -1.007728197068139e+00
13 42 -1.000281113971666e+00 -1.875427260179373e-03 -9.831303525000912e-04 -1.007731641791766e+00
13 43 -1.000280675334256e+00 -1.874612364664622e-03 -9.837382211150536e-04 -1.007734810304929e+00
13 44 -1.000280274291330e+00 -1.873907056015636e-03 -9.842741275251192e-04 -1.007737661248887e+00
13 45 -1.000279917148518e+00 -1.873322320887935e-03 -9.847199247614807e-04 -1.007740155522608e+00
13 46 -1.000279609419298e+00 -1.872867458288255e-03 -9.850579575771746e-04 -1.007742259342345e+00
13 47 -1.000279355190721e+00 -1.872549548816439e-03 -9.852730934571078e-04 -1.007743946082289e+00
13 48 -1.000279156913014e+00 -1.872373505546725e-03 -9.853537722352541e-04 -1.007745196272639e+00
13 49 -1.000279015659378e+00 -1.872342535247532e-03 -9.852918815327640e-04 -1.007745996166056e+00
13 50 -1.000278931677004e+00 -1.872458638809566e-03 -9.850818339424527e-04 -1.007746336005377e+00
13 51 -1.000278904934495e+00 -1.872722804985160e-03 -9.847195625443648e-04 -1.007746209147513e+00
13 52 -1.000278935406116e+00 -1.873134758473096e-03 -9.842021218989946e-04 -1.007745612597010e+00
13 53 -1.000279022982357e+00 -1.873692388923102e-03 -9.835282046102001e-04 -1.007744548661049e+00
13 54 -1.000279167080036e+00 -1.874391173980923e-03 -9.826993586642561e-04 -1.007743026799346e+00
13 55 -1.000279366160211e+00 -1.875223913324657e-03 -9.817213175575339e-04 -1.007741064638553e+00
13 56 -1.000279617391823e+00 -1.876180905825520e-03 -9.806048348726074e-04 -1.007738687606814e+00
13 57 -1.000279916619467e+00 -1.877250452884922e-03 -9.793656968845423e-04 -1.007735927404564e+00
13 58 -1.000280258655357e+00 -1.878419430882929e-03 -9.780239409832442e-04 -1.007732820058336e+00
13 59 -1.000280637788474e+00 -1.879673720949777e-03 -9.766025440724726e-04 -1.007729404308615e+00
13 60 -1.000281048334887e+00 -1.880998442899420e-03 -9.751259291660748e-04 -1.007725720680590e+00
13 61 -1.000281485053369e+00 -1.882378082340962e-03 -9.736186207139296e-04 -1.007721811124579e+00
13 62 -1.000281943308082e+00 -1.883796646639992e-03 -9.721042963902559e-04 -1.007717718856669e+00
13 63 -1.000282418953546e+00 -1.885237929718821e-03 -9.706053550902274e-04 -1.007713488058276e+00
14 0 -1.000283613808086e+00 -1.887413354378892e-03 -9.670782522958374e-04 -1.007706978660151e+00
14 1 -1.000284122255429e+00 -1.888875424537189e-03 -9.656572487845168e-04 -1.007702532805276e+00
14 2 -1.000284634779292e+00 -1.890312484056319e-03 -9.643132819204341e-04 -1.007698085219162e+00
14 3 -1.000285146308423e+00 -1.891709591762805e-03 -9.630663985024380e-04 -1.007693679734774e+00
14 4 -1.000285651536561e+00 -1.893052127331643e-03 -9.619362455812611e-04 -1.007689359632303e+00
14 5 -1.000286145346873e+00 -1.894325948070558e-03 -9.609405072162724e-04 -1.007685167268568e+00
14 6 -1.000286623291349e+00 -1.895517854011035e-03 -9.600929176177154e-04 -1.007681143057955e+00
14 7 -1.000287081920366e+00 -1.896616235247063e-03 -9.594016676912660e-04 -1.007677324022447e+00
14 8 -1.000287518802675e+00 -1.897611615791209e-03 -9.588689761691245e-04 -1.007673742513215e+00
14 9 -1.000287932199909e+00 -1.898496799358409e-03 -9.584921354246427e-04 -1.007670425781952e+00
14 10 -1.000288320512311e+00 -1.899266486115516e-03 -9.582656680360092e-04 -1.007667396764952e+00
14 11 -1.000288681727532e+00 -1.899916505668105e-03 -9.581836703149775e-04 -1.007664675821291e+00
14 12 -1.000289013123193e+00 -1.900443057786767e-03 -9.582412711770777e-04 -1.007662282540346e+00
14 13 -1.000289311372843e+00 -1.900842400422726e-03 -9.584345214411951e-04 -1.007660236533328e+00
14 14 -1.000289573020688e+00 -1.901111206530978e-03 -9.587588026808687e-04 -1.007658556583235e+00
14 15 -1.000289795112348e+00 -1.901247437470434e-03 -9.592066250916215e-04 -1.007657258429548e+00
14 16 -1.000289975688381e+00 -1.901251270724230e-03 -9.597660503323366e-04 -1.007656352272309e+00
14 17 -1.000290113904355e+00 -1.901125551020849e-03 -9.604207129033968e-04 -1.007655841331906e+00
14 18 -1.000290209709053e+00 -1.900875447374737e-03 -9.611516403535159e-04 -1.007655722357641e+00
14 19 -1.000290263218383e+00 -1.900507395227302e-03 -9.619401776627153e-04 -1.007655988032070e+00
14 20 -1.000290274076208e+00 -1.900027786990841e-03 -9.627707628640170e-04 -1.007656630209103e+00
14 21 -1.000290241116129e+00 -1.899442032492963e-03 -9.636323687837437e-04 -1.007657642398783e+00
14 22 -1.000290162507196e+00 -1.898754435876163e-03 -9.645180819958431e-04 -1.007659020226064e+00
14 23 -1.000290036340882e+00 -1.897968916623172e-03 -9.654231886373931e-04 -1.007660759611968e+00
14 24 -1.000289861410131e+00 -1.897090175848184e-03 -9.663428209027608e-04 -1.007662853579335e+00
14 25 -1.000289637842620e+00 -1.896124698475234e-03 -9.672703676171090e-04 -1.007665289258430e+00
14 26 -1.000289367313445e+00 -1.895081076184813e-03 -9.681974251345925e-04 -1.007668046563875e+00
14 27 -1.000289052747613e+00 -1.893969478797388e-03 -9.691152855655726e-04 -1.007671099208095e+00
14 28 -1.000288697656036e+00 -1.892800534611816e-03 -9.700172045037969e-04 -1.007674417558700e+00
14 29 -1.000288305427713e+00 -1.891584191088547e-03 -9.709003191005761e-04 -1.007677971885017e+00
14 30 -1.000287878928760e+00 -1.890329140367231e-03 -9.717662646434695e-04 -1.007681734318948e+00
14 31 -1.000287420607505e+00 -1.889043091206474e-03 -9.726201473885323e-04 -1.007685678554521e+00
14 32 -1.000286933049167e+00 -1.887733724063509e-03 -9.734682577365076e-04 -1.007689777534527e+00
14 33 -1.000286419699371e+00 -1.886409826970065e-03 -9.743154273541740e-04 -1.007694000417254e+00
14 34 -1.000285885391947e+00 -1.885082036139725e-03 -9.751630563939106e-04 -1.007698310458436e+00
14 35 -1.000285336404468e+00 -1.883762808065423e-03 -9.760085327583216e-04 -1.007702664980785e+00
14 36 -1.000284779983004e+00 -1.882465628385674e-03 -9.768461509149663e-04 -1.007707017575374e+00
14 37 -1.000284223532036e+00 -1.881203845533043e-03 -9.776689657190747e-04 -1.007711321546416e+00
14 38 -1.000283673834539e+00 -1.879989707154757e-03 -9.784706013832569e-04 -1.007715532951369e+00
14 39 -1.000283136653868e+00 -1.878834055272112e-03 -9.792460865344411e-04 -1.007719611820811e+00
14 40 -1.000282616870921e+00 -1.877746765799174e-03 -9.799912746886073e-04 -1.007723521172023e+00
14 41 -1.000282119036288e+00 -1.876737619747518e-03 -9.807010979759228e-04 -1.007727224637349e+00
14 42 -1.000281648016738e+00 -1.875817085331396e-03 -9.813674853268019e-04 -1.007730684219724e+00
14 43 -1.000281209382344e+00 -1.874996555263604e-03 -9.819779998201234e-04 -1.007733859558380e+00
14 44 -1.000280809315549e+00 -1.874287865214099e-03 -9.825159835010291e-04 -1.007736709287714e+00
14 45 -1.000280454056798e+00 -1.873702280628172e-03 -9.829623199511942e-04 -1.007739194007911e+00
14 46 -1.000280149126235e+00 -1.873249406495262e-03 -9.832981553649608e-04 -1.007741279559286e+00
14 47 -1.000279898668313e+00 -1.872936499058164e-03 -9.835074757243640e-04 -1.007742939151756e+00
14 48 -1.000279705196638e+00 -1.872768416412018e-03 -9.835785623891384e-04 -1.007744153568528e+00
14 49 -1.000279569807798e+00 -1.872748084707752e-03 -9.835039449245684e-04 -1.007744909750836e+00
14 50 -1.000279492704737e+00 -1.872877099534142e-03 -9.832791994775986e-04 -1.007745198903481e+00
14 51 -1.000279473743772e+00 -1.873156061022516e-03 -9.829014463670284e-04 -1.007745015375679e+00
14 52 -1.000279512743115e+00 -1.873584434608714e-03 -9.823684658765469e-04 -1.007744356995021e+00
14 53 -1.000279609431438e+00 -1.874160013992658e-03 -9.816789641846266e-04 -1.007743226652608e+00
14 54 -1.000279763094755e+00 -1.874878289589967e-03 -9.808338862625449e-04 -1.007741634227268e+00
14 55 -1.000279972116312e+00 -1.875732074026818e-03 -9.798381341704684e-04 -1.007739597758141e+00
14 56 -1.000280233640197e+00 -1.876711577543089e-03 -9.787018886289181e-04 -1.007737143220089e+00
14 57 -1.000280543518024e+00 -1.877804867913283e-03 -9.774409740190204e-04 -1.007734303039800e+00
14 58 -1.000280896566329e+00 -1.878998471266568e-03 -9.760761398100958e-04 -1.007731114093772e+00
14 59 -1.000281287039325e+00 -1.880277876284580e-03 -9.746315124154757e-04 -1.007727615997431e+00
14 60 -1.000281709154490e+00 -1.881627846646910e-03 -9.731326874271709e-04 -1.007723850100509e+00
14 61 -1.000282157506728e+00 -1.883032597177800e-03 -9.716049795890637e-04 -1.007719859103814e+00
14 62 -1.000282627256976e+00 -1.884475956108157e-03 -9.700722485874794e-04 -1.007715686914080e+00
14 63 -1.000283114062900e+00 -1.885941601140808e-03 -9.685565063443579e-04 -1.007711378361550e+00
15 0 -1.000284287935455e+00 -1.888198799151556e-03 -9.645848015608901e-04 -1.007704804103049e+00
15 1 -1.000284806698071e+00 -1.889683871560785e-03 -9.631503069859396e-04 -1.007700285855707e+00
15 2 -1.000285329091767e+00 -1.891143448427630e-03 -9.617926327645769e-04 -1.007695768704327e+00
15 3 -1.000285850086664e+00 -1.892562442897806e-03 -9.605319831545469e-04 -1.007691296780902e+00
15 4 -1.000286364405246e+00 -1.893926053864450e-03 -9.593886554822093e-04 -1.007686913625473e+00
15 5 -1.000286866886948e+00 -1.895219911487649e-03 -9.583812464199126e-04 -1.007682661970119e+00
15 6 -1.000287352938941e+00 -1.896430544830778e-03 -9.575243198282653e-04 -1.007678582839892e+00
15 7 -1.000287818885516e+00 -1.897546057224679e-03 -9.568264897129138e-04 -1.007674714101934e+00
15 8 -1.000288262050427e+00 -1.898556720131078e-03 -9.562898243087845e-04 -1.007671089042455e+00
15 9 -1.000288680508720e+00 -1.899455170411859e-03 -9.559109598793760e-04 -1.007667735708297e+00
15 10 -1.000289072587573e+00 -1.900236050782914e-03 -9.556835428180339e-04 -1.007664677493128e+00
15 11 -1.000289436319542e+00 -1.900895216591343e-03 -9.556009615997071e-04 -1.007661934827795e+00
15 12 -1.000289769095150e+00 -1.901428903162681e-03 -9.556581290113677e-04 -1.007659527135825e+00
15 13 -1.000290067689043e+00 -1.901833327399488e-03 -9.558514809595312e-04 -1.007657473899287e+00
15 14 -1.000290328665572e+00 -1.902104995378180e-03 -9.561772201889559e-04 -1.007655794054813e+00
15 15 -1.000290548986130e+00 -1.902241599886934e-03 -9.566287349364704e-04 -1.007654503847430e+00
15 16 -1.000290726537208e+00 -1.902243043680092e-03 -9.571945913868985e-04 -1.007653614172155e+00
15 17 -1.000290860327104e+00 -1.902112014993479e-03 -9.578582720918006e-04 -1.007653128810118e+00
15 18 -1.000290950246407e+00 -1.901853734233776e-03 -9.586000047752607e-04 -1.007653044614290e+00
15 19 -1.000290996489642e+00 -1.901474898582069e-03 -9.594000009953805e-04 -1.007653353765571e+00
15 20 -1.000290998905136e+00 -1.900982277737965e-03 -9.602417160578209e-04 -1.007654047128006e+00
15 21 -1.000290956592513e+00 -1.900381626413056e-03 -9.611137169926988e-04 -1.007655117062642e+00
15 22 -1.000290867963000e+00 -1.899677437777536e-03 -9.620094215695426e-04 -1.007656558251907e+00
15 23 -1.000290731261058e+00 -1.898873632619520e-03 -9.629249959596088e-04 -1.007658366087743e+00
15 24 -1.000290545327254e+00 -1.897974803628517e-03 -9.638565495912652e-04 -1.007660533422158e+00
15 25 -1.000290310269334e+00 -1.896987366345592e-03 -9.647980404668988e-04 -1.007663047291859e+00
15 26 -1.000290027747255e+00 -1.895920026402325e-03 -9.657409050576458e-04 -1.007665887236939e+00
15 27 -1.000289700747521e+00 -1.894783315283788e-03 -9.666755666551816e-04 -1.007669026067045e+00
15 28 -1.000289332955000e+00 -1.893588416321568e-03 -9.675940627268755e-04 -1.007672432721659e+00
15 29 -1.000288928026328e+00 -1.892345873774786e-03 -9.684924945768617e-04 -1.007676075782431e+00
15 30 -1.000288489124619e+00 -1.891064845140136e-03 -9.693720918575225e-04 -1.007679925829538e+00
15 31 -1.000288018946671e+00 -1.889753268124443e-03 -9.702383347172731e-04 -1.007683955458677e+00
15 32 -1.000287520222934e+00 -1.888418832104271e-03 -9.710984495289853e-04 -1.007688137047317e+00
15 33 -1.000286996432682e+00 -1.887070240603092e-03 -9.719582861973453e-04 -1.007692439537528e+00
15 34 -1.000286452370821e+00 -1.885718123327654e-03 -9.728198239007858e-04 -1.007696825977833e+00
15 35 -1.000285894270265e+00 -1.884375139017083e-03 -9.736802648118645e-04 -1.007701253173091e+00
15 36 -1.000285329389649e+00 -1.883055207845930e-03 -9.745329756243509e-04 -1.007705673751212e+00
15 37 -1.000284765231993e+00 -1.881772245701068e-03 -9.753697077794880e-04 -1.007710039734397e+00
15 38 -1.000284208745775e+00 -1.880539025519693e-03 -9.761829487904633e-04 -1.007714305907478e+00
15 39 -1.000283665871204e+00 -1.879366710722059e-03 -9.769672210237224e-04 -1.007718431394598e+00
15 40 -1.000283141614280e+00 -1.878265228583265e-03 -9.777186716846407e-04 -1.007722378869554e+00
15 41 -1.000282640558524e+00 -1.877244200665803e-03 -9.784331284065529e-04 -1.007726112128056e+00
15 42 -1.000282167510223e+00 -1.876313874629465e-03 -9.791035471548228e-04 -1.007729593580495e+00
15 43 -1.000281727921355e+00 -1.875485525155304e-03 -9.797181223270802e-04 -1.007732783192046e+00
15 44 -1.000281327853977e+00 -1.874771070141040e-03 -9.802600891477768e-04 -1.007735639615293e+00
15 45 -1.000280973475547e+00 -1.874182042196184e-03 -9.807094923376808e-04 -1.007738123141663e+00
15 46 -1.000280670302770e+00 -1.873728378543044e-03 -9.810462662809007e-04 -1.007740199166889e+00
15 47 -1.000280422532846e+00 -1.873417570941103e-03 -9.812533570457843e-04 -1.007741840613899e+00
15 48 -1.000280232748952e+00 -1.873254496774519e-03 -9.813186485168664e-04 -1.007743028369660e+00
15 49 -1.000280102089022e+00 -1.873241866351560e-03 -9.812350909970220e-04 -1.007743749922511e+00
15 50 -1.000280030737897e+00 -1.873380908335699e-03 -9.809993067853777e-04 -1.007743997329299e+00
15 51 -1.000280018467337e+00 -1.873671843325992e-03 -9.806096253145553e-04 -1.007743765857228e+00
15 52 -1.000280064961635e+00 -1.874113868037526e-03 -9.800646845230417e-04 -1.007743054105766e+00
15 53 -1.000280169798919e+00 -1.874704669948716e-03 -9.793633671006479e-04 -1.007741865504083e+00
15 54 -1.000280332133524e+00 -1.875439756887163e-03 -9.785061171385136e-04 -1.007740210297007e+00
15 55 -1.000280550261452e+00 -1.876311980893737e-03 -9.774969844132384e-04 -1.007738106872246e+00
15 56 -1.000280821291440e+00 -1.877311508314177e-03 -9.763454278367130e-04 -1.007735581678914e+00
15 57 -1.000281141079082e+00 -1.878426225733660e-03 -9.750670845638041e-04 -1.007732667791494e+00
15 58 -1.000281504455440e+00 -1.879642357337861e-03 -9.736831971075088e-04 -1.007729402852236e+00
15 59 -1.000281905663553e+00 -1.880945035141776e-03 -9.722189050063036e-04 -1.007725827261702e+00
15 60 -1.000282338853166e+00 -1.882318686866339e-03 -9.707009610527782e-04 -1.007721983103858e+00
15 61 -1.000282798483079e+00 -1.883747262758199e-03 -9.691555622857049e-04 -1.007717913752163e+00
15 62 -1.000283279525322e+00 -1.885214408791121e-03 -9.676068920230883e-04 -1.007713663756283e+00
15 63 -1.000283777436156e+00 -1.886703679937338e-03 -9.660766903676340e-04 -1.007709278590448e+00
16 0 -1.000284923900276e+00 -1.889033699147311e-03 -9.616851681912064e-04 -1.007702664974385e+00
16 1 -1.000285453023498e+00 -1.890541298238293e-03 -9.602394963022108e-04 -1.007698074529748e+00
16 2 -1.000285985422710e+00 -1.892023204920951e-03 -9.588701255864153e-04 -1.007693487125119e+00
16 3 -1.000286516103223e+00 -1.893464208346681e-03 -9.575972317372603e-04 -1.007688947202455e+00
16 4 -1.000287039829664e+00 -1.894849354500781e-03 -9.564416091061747e-04 -1.007684498522947e+00
16 5 -1.000287551424780e+00 -1.896164070482268e-03 -9.554227074977652e-04 -1.007680184122588e+00
16 6 -1.000288046177751e+00 -1.897394621784794e-03 -9.545559792749211e-04 -1.007676045577976e+00
16 7 -1.000288520197963e+00 -1.898528805890987e-03 -9.538506157630399e-04 -1.007672121606044e+00
16 8 -1.000288970550398e+00 -1.899556595672781e-03 -9.533087214386610e-04 -1.007668446526072e+00
16 9 -1.000289395086678e+00 -1.900470399451480e-03 -9.529264181114284e-04 -1.007665049359702e+00
16 10 -1.000289792013811e+00 -1.901264744621403e-03 -9.526965138916772e-04 -1.007661954167447e+00
16 11 -1.000290159369608e+00 -1.901935476930958e-03 -9.526116114413628e-04 -1.007659181623079e+00
16 12 -1.000290494639088e+00 -1.902478862199249e-03 -9.526662556814410e-04 -1.007656751068461e+00
16 13 -1.000290794703596e+00 -1.902891092612871e-03 -9.528571210370744e-04 -1.007654681852656e+00
16 14 -1.000291056167693e+00 -1.903168522741055e-03 -9.531811704819348e-04 -1.007652993023364e+00
16 15 -1.000291275926283e+00 -1.903308566589998e-03 -9.536327399663812e-04 -1.007651701323578e+00
16 16 -1.000291451711712e+00 -1.903310802821836e-03 -9.542010879811972e-04 -1.007650818428539e+00
16 17 -1.000291582360507e+00 -1.903177680342960e-03 -9.548697840133733e-04 -1.007650348868620e+00
16 18 -1.000291667661647e+00 -1.902914378247408e-03 -9.556184525799906e-04 -1.007650289847914e+00
16 19 -1.000291707840892e+00 -1.902527783700696e-03 -9.564262491113377e-04 -1.007650633273655e+00
16 20 -1.000291702916931e+00 -1.902025015375894e-03 -9.572755813797291e-04 -1.007651369155401e+00
16 21 -1.000291652245461e+00 -1.901412189652847e-03 -9.581544483854439e-04 -1.007652488719283e+00
16 22 -1.000291554493338e+00 -1.900694029538710e-03 -9.590564312938363e-04 -1.007653985630477e+00
16 23 -1.000291408083421e+00 -1.899874488869442e-03 -9.599784981419234e-04 -1.007655854664161e+00
16 24 -1.000291211925392e+00 -1.898958046887245e-03 -9.609178005137423e-04 -1.007658088478266e+00
16 25 -1.000290966112086e+00 -1.897950999926834e-03 -9.618690601922428e-04 -1.007660674095562e+00
16 26 -1.000290672272988e+00 -1.896862088519699e-03 -9.628238029461396e-04 -1.007663590846043e+00
16 27 -1.000290333426432e+00 -1.895702129058199e-03 -9.637717835939407e-04 -1.007666810822494e+00
16 28 -1.000289953400072e+00 -1.894482817380009e-03 -9.647038895434682e-04 -1.007670301667431e+00
16 29 -1.000289536098960e+00 -1.893215302235913e-03 -9.656150996814262e-04 -1.007674030300848e+00
16 30 -1.000289084983520e+00 -1.891909255623693e-03 -9.665060476646264e-04 -1.007677965674313e+00
16 31 -1.000288603017061e+00 -1.890572905512195e-03 -9.673823929663656e-04 -1.007682079159055e+00
16 32 -1.000288093101396e+00 -1.889213989248622e-03 -9.682521996064332e-04 -1.007686342466969e+00
16 33 -1.000287558771361e+00 -1.887841120684023e-03 -9.691223885282184e-04 -1.007690724305492e+00
16 34 -1.000287004791373e+00 -1.886464874592319e-03 -9.699957069225319e-04 -1.007695187588920e+00
16 35 -1.000286437342080e+00 -1.885098043031171e-03 -9.708694181745623e-04 -1.007699688730277e+00
16 36 -1.000285863675874e+00 -1.883754924636850e-03 -9.717361591484514e-04 -1.007704179508125e+00
16 37 -1.000285291374190e+00 -1.882449987208633e-03 -9.725864405647585e-04 -1.007708610704660e+00
16 38 -1.000284727539889e+00 -1.881196562025545e-03 -9.734115169854383e-04 -1.007712935777991e+00
16 39 -1.000284178293819e+00 -1.880006199967272e-03 -9.742051999939192e-04 -1.007717112818333e+00
16 40 -1.000283648784933e+00 -1.878888948280504e-03 -9.749637173297548e-04 -1.007721104010291e+00
16 41 -1.000283143655203e+00 -1.877854311296219e-03 -9.756836706652811e-04 -1.007724873204577e+00
16 42 -1.000282667675047e+00 -1.876912318692525e-03 -9.763590682458674e-04 -1.007728383175384e+00
16 43 -1.000282226194765e+00 -1.876074097431481e-03 -9.769788937572610e-04 -1.007731594224810e+00
16 44 -1.000281825160783e+00 -1.875351608762738e-03 -9.775264899758939e-04 -1.007734465051902e+00
16 45 -1.000281470662246e+00 -1.874756631722566e-03 -9.779812291783201e-04 -1.007736955640335e+00
16 46 -1.000281168202984e+00 -1.874299451642540e-03 -9.783218686409071e-04 -1.007739030884489e+00
16 47 -1.000280922027003e+00 -1.873987848949208e-03 -9.785301946714637e-04 -1.007740663303754e+00
16 48 -1.000280734790448e+00 -1.873826793932154e-03 -9.785934676617169e-04 -1.007741833738409e+00
16 49 -1.000280607687278e+00 -1.873818850694417e-03 -9.785048207799395e-04 -1.007742530076269e+00
16 50 -1.000280540908009e+00 -1.873964927476596e-03 -9.782617672455748e-04 -1.007742745107277e+00
16 51 -1.000280534167485e+00 -1.874264882937640e-03 -9.778638254037170e-04 -1.007742474931165e+00
16 52 -1.000280587040742e+00 -1.874717641520841e-03 -9.773105950120820e-04 -1.007741718856344e+00
16 53 -1.000280698970853e+00 -1.875320775601857e-03 -9.766012968312001e-04 -1.007740480794295e+00
16 54 -1.000280868983860e+00 -1.876069812468891e-03 -9.757360006871106e-04 -1.007738771295408e+00
16 55 -1.000281095281900e+00 -1.876957666227196e-03 -9.747179205762009e-04 -1.007736609025635e+00
16 56 -1.000281374928275e+00 -1.877974501869431e-03 -9.735556764917236e-04 -1.007734020829679e+00
16 57 -1.000281703777341e+00 -1.879108077775442e-03 -9.722645047940681e-04 -1.007731040347529e+00
16 58 -1.000282076681058e+00 -1.880344367456581e-03 -9.708659087868996e-04 -1.007727705903144e+00
16 59 -1.000282487891484e+00 -1.881668186904188e-03 -9.693858719909521e-04 -1.007724058593487e+00
16 60 -1.000282931520826e+00 -1.883063654401637e-03 -9.678522495897322e-04 -1.007720141142020e+00
16 61 -1.000283401922771e+00 -1.884514468711257e-03 -9.662921820886573e-04 -1.007715997503077e+00
16 62 -1.000283893901129e+00 -1.886004096285172e-03 -9.647303074175373e-04 -1.007711672799975e+00
16 63 -1.000284402713389e+00 -1.887515966290568e-03 -9.631882213617200e-04 -1.007707213123258e+00
17 0 -1.000285515736816e+00 -1.889909139827842e-03 -9.584064662185272e-04 -1.007700585403908e+00
17 1 -1.000286055137590e+00 -1.891438520709566e-03 -9.569521324596708e-04 -1.007695923825514e+00
17 2 -1.000286597557528e+00 -1.892942299886698e-03 -9.555733229775193e-04 -1.007691266318996e+00
17 3 -1.000287138026166e+00 -1.894405161461757e-03 -9.542900015137569e-04 -1.007686657661003e+00
17 4 -1.000287671358800e+00 -1.895812026519731e-03 -9.531232865833605e-04 -1.007682141807747e+00
17 5 -1.000288192386607e+00 -1.897148147667616e-03 -9.520933865837749e-04 -1.007677762029065e+00
17 6 -1.000288696310302e+00 -1.898399542768358e-03 -9.512166643903769e-04 -1.007673560378584e+00
17 7 -1.000289179042450e+00 -1.899553694675883e-03 -9.505030193523204e-04 -1.007669576397871e+00
17 8 -1.000289637384005e+00 -1.900600239936037e-03 -9.499547787603491e-04 -1.007665845503666e+00
17 9 -1.000290068932830e+00 -1.901531299382997e-03 -9.495677149285080e-04 -1.007662397849070e+00
17 10 -1.000290471730341e+00 -1.902341223269860e-03 -9.493338719801234e-04 -1.007659258368569e+00
17 11 -1.000290843776456e+00 -1.903025804173489e-03 -9.492450217134411e-04 -1.007656448167302e+00
17 12 -1.000291182625819e+00 -1.903581325673501e-03 -9.492952035776346e-04 -1.007653986614770e+00
17 13 -1.000291485266242e+00 -1.904003969190096e-03 -9.494811722602923e-04 -1.007651892940531e+00
17 14 -1.000291748360479e+00 -1.904289958309319e-03 -9.498005571692928e-04 -1.007650186258933e+00
17 15 -1.000291968757565e+00 -1.904436429347368e-03 -9.502486721207709e-04 -1.007648883780357e+00
17 16 -1.000292144042205e+00 -1.904442600275159e-03 -9.508156276044546e-04 -1.007647998010544e+00
17 17 -1.000292272861709e+00 -1.904310605991597e-03 -9.514853158886998e-04 -1.007647534387253e+00
17 18 -1.000292354863930e+00 -1.904045490793796e-03 -9.522369794757757e-04 -1.007647490703059e+00
17 19 -1.000292390257248e+00 -1.903654250419684e-03 -9.530488367761724e-04 -1.007647858835121e+00
17 20 -1.000292379190689e+00 -1.903144310366844e-03 -9.539022232650404e-04 -1.007648628107181e+00
17 21 -1.000292321258119e+00 -1.902522154268875e-03 -9.547844272176774e-04 -1.007649788659120e+00
17 22 -1.000292215388801e+00 -1.901792772528657e-03 -9.556890150937427e-04 -1.007651333084206e+00
17 23 -1.000292060206483e+00 -1.900960189653687e-03 -9.566136431136061e-04 -1.007653255451294e+00
17 24 -1.000291854712846e+00 -1.900028777923884e-03 -9.575565256602213e-04 -1.007655548181386e+00
17 25 -1.000291598994992e+00 -1.899004675196056e-03 -9.585133105428418e-04 -1.007658198339467e+00
17 26 -1.000291294640685e+00 -1.897896581042221e-03 -9.594758569636283e-04 -1.007661185199061e+00
17 27 -1.000290944671787e+00 -1.896715513070568e-03 -9.604334766218159e-04 -1.007664480333742e+00
17 28 -1.000290553025073e+00 -1.895473622513607e-03 -9.613760183877838e-04 -1.007668050252036e+00
17 29 -1.000290123829254e+00 -1.894182654404326e-03 -9.622972933682218e-04 -1.007671860277479e+00
17 30 -1.000289660835866e+00 -1.892852833926452e-03 -9.631971679811383e-04 -1.007675877687453e+00
17 31 -1.000289167287600e+00 -1.891492739454767e-03 -9.640812740503235e-04 -1.007680072515944e+00
17 32 -1.000288646281552e+00 -1.890110202713467e-03 -9.649583763574668e-04 -1.007684415703521e+00
17 33 -1.000288101431089e+00 -1.888713753630582e-03 -9.658364726210475e-04 -1.007688875688524e+00
17 34 -1.000287537481761e+00 -1.887313871260007e-03 -9.667192334254611e-04 -1.007693415310946e+00
17 35 -1.000286960557643e+00 -1.885923411158382e-03 -9.676042264528600e-04 -1.007697990719721e+00
17 36 -1.000286377887581e+00 -1.884556984059148e-03 -9.684835853891084e-04 -1.007702552977725e+00
17 37 -1.000285797110159e+00 -1.883229578346228e-03 -9.693466918553315e-04 -1.007707051700477e+00
17 38 -1.000285225468098e+00 -1.881955101807107e-03 -9.701835186507469e-04 -1.007711438996093e+00
17 39 -1.000284669262283e+00 -1.880745550408950e-03 -9.709869874612326e-04 -1.007715671813301e+00
17 40 -1.000284133798657e+00 -1.879611160218615e-03 -9.717531870686149e-04 -1.007719711706593e+00
17 41 -1.000283623801172e+00 -1.878561367608497e-03 -9.724793388580665e-04 -1.007723522465787e+00
17 42 -1.000283144029333e+00 -1.877605995844640e-03 -9.731604865604809e-04 -1.007727067173203e+00
17 43 -1.000282699750500e+00 -1.876755999955805e-03 -9.737865313521142e-04 -1.007730306471032e+00
17 44 -1.000282296803466e+00 -1.876023344350090e-03 -9.743411360857363e-04 -1.007733199134270e+00
17 45 -1.000281941196571e+00 -1.875420026149295e-03 -9.748031953964319e-04 -1.007735704848888e+00
17 46 -1.000281638412617e+00 -1.874956684457257e-03 -9.751503705320516e-04 -1.007737787962632e+00
17 47 -1.000281392735700e+00 -1.874641433366776e-03 -9.753632118647022e-04 -1.007739420483035e+00
17 48 -1.000281206895824e+00 -1.874479406997194e-03 -9.754281522586861e-04 -1.007740583054872e+00
17 49 -1.000281082154463e+00 -1.874473096444579e-03 -9.753382615789735e-04 -1.007741263812536e+00
17 50 -1.000281018729066e+00 -1.874623143914937e-03 -9.750917551928889e-04 -1.007741456150444e+00
17 51 -1.000281016304416e+00 -1.874929072338260e-03 -9.746892772043774e-04 -1.007741156905093e+00
17 52 -1.000281074372414e+00 -1.875389536290970e-03 -9.741314604515791e-04 -1.007740366022462e+00
17 53 -1.000281192259982e+00 -1.876001985891970e-03 -9.734180168879571e-04 -1.007739087833597e+00
17 54 -1.000281368872542e+00 -1.876761968056601e-03 -9.725487875529665e-04 -1.007737333126739e+00
17 55 -1.000281602315187e+00 -1.877662478022102e-03 -9.715262035350499e-04 -1.007735120768132e+00
17 56 -1.000281889596749e+00 -1.878693718757517e-03 -9.703579653950367e-04 -1.007732477913707e+00
17 57 -1.000282226563280e+00 -1.879843372166219e-03 -9.690587155323128e-04 -1.007729438684878e+00
17 58 -1.000282608090216e+00 -1.881097213853412e-03 -9.676499814320641e-04 -1.007726042004710e+00
17 59 -1.000283028455055e+00 -1.882439788517520e-03 -9.661583944657610e-04 -1.007722329579534e+00
17 60 -1.000283481761002e+00 -1.883854937253313e-03 -9.646128190340915e-04 -1.007718344675728e+00
17 61 -1.000283962289439e+00 -1.885326126628421e-03 -9.630413661178836e-04 -1.007714131727927e+00
17 62 -1.000284464701933e+00 -1.886836651957599e-03 -9.614692427194341e-04 -1.007709736346488e+00
17 63 -1.000284984066959e+00 -1.888369817651919e-03 -9.599180344993862e-04 -1.007705205187633e+00
18 0 -1.000286058071119e+00 -1.890815907733579e-03 -9.547801457748984e-04 -1.007698587936263e+00
18 1 -1.000286607540001e+00 -1.892366071828865e-03 -9.533198106611843e-04 -1.007693857125330e+00
18 2 -1.000287159876643e+00 -1.893891009179224e-03 -9.519340126763216e-04 -1.007689130485864e+00
18 3 -1.000287710119606e+00 -1.895375314322596e-03 -9.506423298599397e-04 -1.007684453166461e+00
18 4 -1.000288253138180e+00 -1.896803810227045e-03 -9.494660187341377e-04 -1.007679869307041e+00
18 5 -1.000288783794076e+00 -1.898161606725878e-03 -9.484259196995082e-04 -1.007675422346904e+00
18 6 -1.000289297230494e+00 -1.899434497749867e-03 -9.475392898399334e-04 -1.007671154731273e+00
18 7 -1.000289789187242e+00 -1.900609653097076e-03 -9.468168382843940e-04 -1.007667106774185e+00
18 8 -1.000290256204448e+00 -1.901676344720314e-03 -9.462612940569278e-04 -1.007663315019807e+00
18 9 -1.000290695603417e+00 -1.902626352135931e-03 -9.458682615240080e-04 -1.007659810880630e+00
18 10 -1.000291105218105e+00 -1.903453785462773e-03 -9.456291285678532e-04 -1.007656620360742e+00
18 11 -1.000291482965626e+00 -1.904154333846959e-03 -9.455348265456428e-04 -1.007653765194771e+00
18 12 -1.000291826439588e+00 -1.904724277483745e-03 -9.455787729989908e-04 -1.007651264913038e+00
18 13 -1.000292132727609e+00 -1.905159796270143e-03 -9.457576408302520e-04 -1.007649138661313e+00
18 14 -1.000292398565313e+00 -1.905457006393094e-03 -9.460696038522731e-04 -1.007647405580589e+00
18 15 -1.000292620778315e+00 -1.905612778235096e-03 -9.465109435337257e-04 -1.007646083298673e+00
18 16 -1.000292796816255e+00 -1.905625946066398e-03 -9.470727481853510e-04 -1.007645185167215e+00
18 17 -1.000292925127068e+00 -1.905498266137269e-03 -9.477394572978430e-04 -1.007644717656180e+00
18 18 -1.000293005183002e+00 -1.905234556294343e-03 -9.484901693194633e-04 -1.007644679367642e+00
18 19 -1.000293037126859e+00 -1.904841832362780e-03 -9.493023225037135e-04 -1.007645062399669e+00
18 20 -1.000293021193484e+00 -1.904327771839206e-03 -9.501561970144010e-04 -1.007645855586320e+00
18 21 -1.000292957189384e+00 -1.903699218815720e-03 -9.510382540614648e-04 -1.007647048065033e+00
18 22 -1.000292844305537e+00 -1.902961462615446e-03 -9.519418653904892e-04 -1.007648631328779e+00
18 23 -1.000292681384889e+00 -1.902118639471940e-03 -9.528652316892362e-04 -1.007650598655388e+00
18 24 -1.000292467544416e+00 -1.901175032107189e-03 -9.538076061716216e-04 -1.007652942169200e+00
18 25 -1.000292202878416e+00 -1.900136592660470e-03 -9.547656863975594e-04 -1.007655649008081e+00
18 26 -1.000291888925971e+00 -1.899011909842037e-03 -9.557318946937988e-04 -1.007658698526692e+00
18 27 -1.000291528686294e+00 -1.897812114742107e-03 -9.566953414934272e-04 -1.007662061982238e+00
18 28 -1.000291126170203e+00 -1.896549744094874e-03 -9.576449884964136e-04 -1.007665704938463e+00
18 29 -1.000290685700596e+00 -1.895237114967773e-03 -9.585734780045971e-04 -1.007669591224906e+00
18 30 -1.000290211307500e+00 -1.893885031986911e-03 -9.594797653900759e-04 -1.007673686433229e+00
18 31 -1.000289706520117e+00 -1.892502480221100e-03 -9.603692448432547e-04 -1.007677959166127e+00
18 32 -1.000289174651695e+00 -1.891097437554711e-03 -9.612512125645444e-04 -1.007682379486110e+00
18 33 -1.000288619417460e+00 -1.889678366358563e-03 -9.621347018068578e-04 -1.007686915513143e+00
18 34 -1.000288045558553e+00 -1.888255618420651e-03 -9.630244221117576e-04 -1.007691530057343e+00
18 35 -1.000287459141596e+00 -1.886842044960696e-03 -9.639184744953202e-04 -1.007696179127936e+00
18 36 -1.000286867356715e+00 -1.885452494891473e-03 -9.648087351215897e-04 -1.007700813220254e+00
18 37 -1.000286277878039e+00 -1.884102431144472e-03 -9.656836125169596e-04 -1.007705380885153e+00
18 38 -1.000285698070767e+00 -1.882806340202541e-03 -9.665317990127769e-04 -1.007709832889897e+00
18 39 -1.000285134410930e+00 -1.881576709946340e-03 -9.673451806716253e-04 -1.007714124958342e+00
18 40 -1.000284592371432e+00 -1.880424032121918e-03 -9.681194904113768e-04 -1.007718217882646e+00
18 41 -1.000284076779279e+00 -1.879357730250287e-03 -9.688523878064902e-04 -1.007722075270325e+00
18 42 -1.000283592407776e+00 -1.878387441754652e-03 -9.695398932019688e-04 -1.007725660444539e+00
18 43 -1.000283144461816e+00 -1.877523932200069e-03 -9.701729177153621e-04 -1.007728934382057e+00
18 44 -1.000282738683517e+00 -1.876779129680210e-03 -9.707356453007502e-04 -1.007731855962485e+00
18 45 -1.000282381000939e+00 -1.876165215244951e-03 -9.712067073244944e-04 -1.007734384591141e+00
18 46 -1.000282076869482e+00 -1.875693177566030e-03 -9.715627930323072e-04 -1.007736484035235e+00
18 47 -1.000281830606358e+00 -1.875371500012225e-03 -9.717831879129765e-04 -1.007738125692412e+00
18 48 -1.000281645014230e+00 -1.875205546982581e-03 -9.718533235053352e-04 -1.007739289866835e+00
18 49 -1.000281521430638e+00 -1.875197812025221e-03 -9.717659607147648e-04 -1.007739964781886e+00
18 50 -1.000281460118582e+00 -1.875348732886671e-03 -9.715198007000088e-04 -1.007740144298309e+00
18 51 -1.000281460758205e+00 -1.875657531200887e-03 -9.711165085328013e-04 -1.007739825884928e+00
18 52 -1.000281522784878e+00 -1.876122600025722e-03 -9.705577848345463e-04 -1.007739010048273e+00
18 53 -1.000281645430938e+00 -1.876741262391818e-03 -9.698439702977298e-04 -1.007737701471257e+00
18 54 -1.000281827492969e+00 -1.877509083944786e-03 -9.689748344467862e-04 -1.007735911105498e+00
18 55 -1.000282066979637e+00 -1.878419156724711e-03 -9.679521118098053e-04 -1.007733657932198e+00
18 56 -1.000282360837883e+00 -1.879461756948994e-03 -9.667825428352270e-04 -1.007730969329266e+00
18 57 -1.000282704897065e+00 -1.880624539077384e-03 -9.654800110832579e-04 -1.007727879814536e+00
18 58 -1.000283094055127e+00 -1.881893133687046e-03 -9.640658362219084e-04 -1.007724428829567e+00
18 59 -1.000283522627364e+00 -1.883251861888499e-03 -9.625670810610432e-04 -1.007720658605945e+00
18 60 -1.000283984733880e+00 -1.884684324638971e-03 -9.610134902587012e-04 -1.007716612857731e+00
18 61 -1.000284474616998e+00 -1.886173781082184e-03 -9.594341362378413e-04 -1.007712336395129e+00
18 62 -1.000284986826102e+00 -1.887703369130857e-03 -9.578548878070904e-04 -1.007707875215747e+00
18 63 -1.000285516257067e+00 -1.889256273883851e-03 -9.562974553125453e-04 -1.007703276469617e+00
19 0 -1.000286546165509e+00 -1.891744614871095e-03 -9.508416944929454e-04 -1.007696693194486e+00
19 1 -1.000287105371918e+00 -1.893314331177723e-03 -9.493781020562399e-04 -1.007691895839813e+00
19 2 -1.000287667406065e+00 -1.894859473717868e-03 -9.479878969350830e-04 -1.007687101814295e+00
19 3 -1.000288227296936e+00 -1.896364559124651e-03 -9.466901139870118e-04 -1.007682356685663e+00
19 4 -1.000288779965794e+00 -1.897814336536638e-03 -9.455059553034429e-04 -1.007677704782477e+00
19 5 -1.000289320322993e+00 -1.899193806200542e-03 -9.444567393871909e-04 -1.007673189659486e+00
19 6 -1.000289843485212e+00 -1.900488568277615e-03 -9.435605632742479e-04 -1.007668854062555e+00
19 7 -1.000290345048477e+00 -1.901685491273250e-03 -9.428290140538130e-04 -1.007664739002341e+00
19 8 -1.000290821303543e+00 -1.902773465076179e-03 -9.422653858405477e-04 -1.007660882145152e+00
19 9 -1.000291269280817e+00 -1.903743881598478e-03 -9.418653055774984e-04 -1.007657316256753e+00
19 10 -1.000291686570080e+00 -1.904590549132434e-03 -9.416196422623006e-04 -1.007654068587261e+00
19 11 -1.000292070960607e+00 -1.905308997921505e-03 -9.415185140937104e-04 -1.007651161701838e+00
19 12 -1.000292420049523e+00 -1.905895475266022e-03 -9.415546270895923e-04 -1.007648615445346e+00
19 13 -1.000292731011189e+00 -1.906346162857661e-03 -9.417244139273322e-04 -1.007646448938709e+00
19 14 -1.000293000664555e+00 -1.906657094158507e-03 -9.420264485607579e-04 -1.007644681318834e+00
19 15 -1.000293225834684e+00 -1.906824894261569e-03 -9.424579311731021e-04 -1.007643330567988e+00
19 16 -1.000293403853777e+00 -1.906848003992931e-03 -9.430110157114024e-04 -1.007642410867996e+00
19 17 -1.000293532967576e+00 -1.906727748142018e-03 -9.436708934561179e-04 -1.007641929810272e+00
19 18 -1.000293612444411e+00 -1.906468631373510e-03 -9.444167646829815e-04 -1.007641887003748e+00
19 19 -1.000293642315285e+00 -1.906077596635401e-03 -9.452254770197093e-04 -1.007642275018023e+00
19 20 -1.000293622853060e+00 -1.905562506769111e-03 -9.460763146963098e-04 -1.007643082416849e+00
19 21 -1.000293554044263e+00 -1.904930546299375e-03 -9.469548274650892e-04 -1.007644297454043e+00
19 22 -1.000293435333220e+00 -1.904187327117164e-03 -9.478540183391755e-04 -1.007645910522909e+00
19 23 -1.000293265795351e+00 -1.903337139519060e-03 -9.487724654004798e-04 -1.007647914035139e+00
19 24 -1.000293044685399e+00 -1.902384203426580e-03 -9.497103941661157e-04 -1.007650299746957e+00
19 25 -1.000292772120606e+00 -1.901334270258631e-03 -9.506656328906192e-04 -1.007653054876190e+00
19 26 -1.000292449588754e+00 -1.900195756399460e-03 -9.516313732241768e-04 -1.007656158975896e+00
19 27 -1.000292080043373e+00 -1.898979818254084e-03 -9.525967732048901e-04 -1.007659583186133e+00
19 28 -1.000291667534124e+00 -1.897699297988821e-03 -9.535500933376502e-04 -1.007663292333663e+00
19 29 -1.000291216544703e+00 -1.896367044688642e-03 -9.544828517830082e-04 -1.007667248891379e+00
19 30 -1.000290731364748e+00 -1.894994454500516e-03 -9.553929835677810e-04 -1.007671416790215e+00
19 31 -1.000290215811015e+00 -1.893590969101828e-03 -9.562854417991358e-04 -1.007675763130548e+00
19 32 -1.000289673430121e+00 -1.892164767625824e-03 -9.571698600632336e-04 -1.007680256992881e+00
19 33 -1.000289108062092e+00 -1.890724271159934e-03 -9.580562212032986e-04 -1.007684866116577e+00
19 34 -1.000288524460422e+00 -1.889279683087811e-03 -9.589503447536209e-04 -1.007689553309525e+00
19 35 -1.000287928636807e+00 -1.887843787138894e-03 -9.598510701982517e-04 -1.007694274557702e+00
19 36 -1.000287327730145e+00 -1.886431591857240e-03 -9.607502703174777e-04 -1.007698979945832e+00
19 37 -1.000286729428947e+00 -1.885058975646448e-03 -9.616355744830822e-04 -1.007703617087127e+00
19 38 -1.000286141201311e+00 -1.883740989661467e-03 -9.624944461592329e-04 -1.007708135449444e+00
19 39 -1.000285569689528e+00 -1.882490647975091e-03 -9.633176296637380e-04 -1.007712489475312e+00
19 40 -1.000285020539229e+00 -1.881318760587494e-03 -9.641002966637655e-04 -1.007716639074871e+00
19 41 -1.000284498698655e+00 -1.880234797358298e-03 -9.648403434048932e-04 -1.007720547549479e+00
19 42 -1.000284008978766e+00 -1.879248239066861e-03 -9.655346677198782e-04 -1.007724178385213e+00
19 43 -1.000283556543660e+00 -1.878369652088635e-03 -9.661752427086961e-04 -1.007727492878052e+00
19 44 -1.000283147052341e+00 -1.877610891297120e-03 -9.667469538881885e-04 -1.007730450038235e+00
19 45 -1.000282786356073e+00 -1.876984283223163e-03 -9.672283940449523e-04 -1.007733009013588e+00
19 46 -1.000282479878584e+00 -1.876501152647583e-03 -9.675954421984425e-04 -1.007735132968326e+00
19 47 -1.000282231963621e+00 -1.876170378039725e-03 -9.678261384010293e-04 -1.007736792602748e+00
19 48 -1.000282045483834e+00 -1.875997614708033e-03 -9.679047762776534e-04 -1.007737967739893e+00
19 49 -1.000281921858641e+00 -1.875985434388433e-03 -9.678235723051230e-04 -1.007738646532114e+00
19 50 -1.000281861412248e+00 -1.876134137376177e-03 -9.675814776089464e-04 -1.007738823161700e+00
19 51 -1.000281863843588e+00 -1.876442686101225e-03 -9.671810349008435e-04 -1.007738495618177e+00
19 52 -1.000281928557998e+00 -1.876909227074690e-03 -9.666250078116405e-04 -1.007737664885858e+00
19 53 -1.000282054716872e+00 -1.877530954685360e-03 -9.659144806834711e-04 -1.007736335927382e+00
19 54 -1.000282241023343e+00 -1.878303451706695e-03 -9.650493131219315e-04 -1.007734519779087e+00
19 55 -1.000282485393992e+00 -1.879219919056279e-03 -9.640306587631318e-04 -1.007732235447031e+00
19 56 -1.000282784708630e+00 -1.880270737063636e-03 -9.628642982793700e-04 -1.007729510437138e+00
19 57 -1.000283134771062e+00 -1.881443578484533e-03 -9.615632259028319e-04 -1.007726379576157e+00
19 58 -1.000283530497690e+00 -1.882723980641838e-03 -9.601483346755154e-04 -1.007722882745318e+00
19 59 -1.000283966249548e+00 -1.884096090090577e-03 -9.586468899496884e-04 -1.007719062622912e+00
19 60 -1.000284436185939e+00 -1.885543308145042e-03 -9.570893561528838e-04 -1.007714963280705e+00
19 61 -1.000284934542557e+00 -1.887048716117218e-03 -9.555057215214713e-04 -1.007710629799272e+00
19 62 -1.000285455789556e+00 -1.888595313420951e-03 -9.539225830081476e-04 -1.007706108454016e+00
19 63 -1.000285994672493e+00 -1.890166175704683e-03 -9.523619047749882e-04 -1.007701446798736e+00
20 0 -1.000286975947554e+00 -1.892685813203770e-03 -9.466302782939245e-04 -1.007694919630026e+00
20 1 -1.000287544448218e+00 -1.894273644469825e-03 -9.451661922296867e-04 -1.007690059139687e+00
20 2 -1.000288115852361e+00 -1.895837823832095e-03 -9.437742264129855e-04 -1.007685200196374e+00
20 3 -1.000288685158360e+00 -1.897362797809033e-03 -9.424727373249590e-04 -1.007680388840786e+00
20 4 -1.000289247332302e+00 -1.898833262511180e-03 -9.412826814607222e-04 -1.007675669611196e+00
20 5 -1.000289797346482e+00 -1.900234141412770e-03 -9.402256804106719e-04 -1.007671086138135e+00
20 6 -1.000290330320688e+00 -1.901550875813735e-03 -9.393205808765668e-04 -1.007666681377644e+00
20 7 -1.000290841739801e+00 -1.902770054457636e-03 -9.385798789119367e-04 -1.007662496941682e+00
20 8 -1.000291327664543e+00 -1.903880179669766e-03 -9.380075740080102e-04 -1.007658571578080e+00
20 9 -1.000291784829112e+00 -1.904872219066767e-03 -9.375995073836789e-04 -1.007654939461778e+00
20 10 -1.000292210548883e+00 -1.905739620789324e-03 -9.373461913402985e-04 -1.007651629240171e+00
20 11 -1.000292602441721e+00 -1.906477697183868e-03 -9.372369947899390e-04 -1.007648664506269e+00
20 12 -1.000292958069386e+00 -1.907082625751481e-03 -9.372638534604654e-04 -1.007646065588086e+00
20 13 -1.000293274674009e+00 -1.907550586964276e-03 -9.374228118728917e-04 -1.007643851662080e+00
20 14 -1.000293549163383e+00 -1.907877555319218e-03 -9.377126846310845e-04 -1.007642041843763e+00
20 15 -1.000293778383791e+00 -1.908059937707625e-03 -9.381315064579135e-04 -1.007640654401620e+00
20 16 -1.000293959571405e+00 -1.908095784086863e-03 -9.386725442552900e-04 -1.007639704306152e+00
20 17 -1.000294090774112e+00 -1.907985948258478e-03 -9.393219181057526e-04 -1.007639200322724e+00
20 18 -1.000294171035053e+00 -1.907734542791100e-03 -9.400591748135912e-04 -1.007639143234538e+00
20 19 -1.000294200230550e+00 -1.907348342895718e-03 -9.408607873353369e-04 -1.007639526325999e+00
20 20 -1.000294178621656e+00 -1.906835319484747e-03 -9.417051448219665e-04 -1.007640338128481e+00
20 21 -1.000294106336042e+00 -1.906202963956628e-03 -9.425768375723901e-04 -1.007641566164256e+00
20 22 -1.000293983055463e+00 -1.905457224961257e-03 -9.434683396073566e-04 -1.007643199758129e+00
20 23 -1.000293808095286e+00 -1.904602588153991e-03 -9.443784235375277e-04 -1.007645230394987e+00
20 24 -1.000293580868381e+00 -1.903643244829440e-03 -9.453081816641626e-04 -1.007647649385657e+00
20 25 -1.000293301532556e+00 -1.902584742709296e-03 -9.462566085484395e-04 -1.007650444013994e+00
20 26 -1.000292971525969e+00 -1.901435274821926e-03 -9.472178401175367e-04 -1.007653594124974e+00
20 27 -1.000292593737435e+00 -1.900205937579835e-03 -9.481813284673495e-04 -1.007657070929431e+00
20 28 -1.000292172221275e+00 -1.898909791250891e-03 -9.491348466616686e-04 -1.007660838735863e+00
20 29 -1.000291711585675e+00 -1.897560162328122e-03 -9.500688780099100e-04 -1.007664858828494e+00
20 30 -1.000291216355259e+00 -1.896169035429277e-03 -9.509802678065502e-04 -1.007669093539095e+00
20 31 -1.000290690629218e+00 -1.894746349979696e-03 -9.518733406949203e-04 -1.007673508421160e+00
20 32 -1.000290138200445e+00 -1.893300542307078e-03 -9.527578579911770e-04 -1.007678071476522e+00
20 33 -1.000289563055498e+00 -1.891840027303351e-03 -9.536446255195698e-04 -1.007682749991484e+00
20 34 -1.000288969978706e+00 -1.890374850084100e-03 -9.545405962945447e-04 -1.007687506781564e+00
20 35 -1.000288364932738e+00 -1.888917670821085e-03 -9.554455207823868e-04 -1.007692297913740e+00
20 36 -1.000287754995819e+00 -1.887483577418263e-03 -9.563515203144283e-04 -1.007697073222385e+00
20 37 -1.000287147850802e+00 -1.886088793922843e-03 -9.572456687200091e-04 -1.007701779530621e+00
20 38 -1.000286551047636e+00 -1.884748906670627e-03 -9.581143000945290e-04 -1.007706365078671e+00
20 39 -1.000285971382474e+00 -1.883477476514104e-03 -9.589469548701333e-04 -1.007710782999417e+00
20 40 -1.000285414675282e+00 -1.882285687639918e-03 -9.597380583038408e-04 -1.007714992217483e+00
20 41 -1.000284886010369e+00 -1.881183117411927e-03 -9.604855300361492e-04 -1.007718955605555e+00
20 42 -1.000284390258752e+00 -1.880179127125717e-03 -9.611870093956909e-04 -1.007722636725603e+00
20 43 -1.000283932566040e+00 -1.879284082862357e-03 -9.618355400696696e-04 -1.007725997166806e+00
20 44 -1.000283518523899e+00 -1.878509733462269e-03 -9.624168611137429e-04 -1.007728996092014e+00
20 45 -1.000283153913079e+00 -1.877868509716126e-03 -9.629097523238416e-04 -1.007731592419955e+00
20 46 -1.000282844123707e+00 -1.877372050852132e-03 -9.632894751052645e-04 -1.007733748700305e+00
20 47 -1.000282593520465e+00 -1.877029646522963e-03 -9.635328908352628e-04 -1.007735434859093e+00
20 48 -1.000282405042423e+00 -1.876847296354922e-03 -9.636230615755254e-04 -1.007736630103901e+00
20 49 -1.000282280194131e+00 -1.876827723885664e-03 -9.635514441281944e-04 -1.007737322356986e+00
20 50 -1.000282219373482e+00 -1.876971162360483e-03 -9.633169937420895e-04 -1.007737505973853e+00
20 51 -1.000282222319231e+00 -1.877276364150610e-03 -9.629229534615094e-04 -1.007737179346738e+00
20 52 -1.000282288432595e+00 -1.877741251435735e-03 -9.623731040003848e-04 -1.007736343848650e+00
20 53 -1.000282416829119e+00 -1.878362892512004e-03 -9.616693594031484e-04 -1.007735004646094e+00
20 54 -1.000282606136898e+00 -1.879136885377088e-03 -9.608118277325191e-04 -1.007733172779879e+00
20 55 -1.000282854188342e+00 -1.880056548401114e-03 -9.598012211892153e-04 -1.007730867188363e+00
20 56 -1.000283157793571e+00 -1.881112392442277e-03 -9.586424009825854e-04 -1.007728115406883e+00
20 57 -1.000283512722338e+00 -1.882292150591280e-03 -9.573473801237113e-04 -1.007724952479776e+00
20 58 -1.000283913902914e+00 -1.883581316543287e-03 -9.559364273602582e-04 -1.007721418650513e+00
20 59 -1.000284355745516e+00 -1.884963911169630e-03 -9.544367776772698e-04 -1.007717556972635e+00
20 60 -1.000284832466572e+00 -1.886423178673442e-03 -9.528794288316706e-04 -1.007713411793964e+00
20 61 -1.000285338325565e+00 -1.887942056012685e-03 -9.512952033515203e-04 -1.007709028363720e+00
20 62 -1.000285867747953e+00 -1.889503427750678e-03 -9.497114624086994e-04 -1.007704453120265e+00
20 63 -1.000286415356139e+00 -1.891090274312778e-03 -9.481505413342357e-04 -1.007699733916613e+00
21 0 -1.000287344023942e+00 -1.893630098156514e-03 -9.421883244821717e-04 -1.007693283360886e+00
21 1 -1.000287921274099e+00 -1.895234430753364e-03 -9.407264647466655e-04 -1.007688363779047e+00
21 2 -1.000288501621845e+00 -1.896816290534779e-03 -9.393353817578012e-04 -1.007683443036253e+00
21 3 -1.000289080012453e+00 -1.898360057812935e-03 -9.380326462392866e-04 -1.007678567703506e+00
21 4 -1.000289651444989e+00 -1.899850392165517e-03 -9.368387870244913e-04 -1.007673782564780e+00
21 5 -1.000290210961725e+00 -1.901272171172263e-03 -9.357755395275369e-04 -1.007669131303440e+00
21 6 -1.000290753712593e+00 -1.902610715294931e-03 -9.348623768388849e-04 -1.007664657000845e+00
21 7 -1.000291275106250e+00 -1.903852363884409e-03 -9.341126959130639e-04 -1.007660401760782e+00
21 8 -1.000291770999725e+00 -1.904985238353118e-03 -9.335313129079758e-04 -1.007656405339460e+00
21 9 -1.000292237834861e+00 -1.905999856291260e-03 -9.331144685448914e-04 -1.007652703337504e+00
21 10 -1.000292672630032e+00 -1.906889253043883e-03 -9.328524990631444e-04 -1.007649325919752e+00
21 11 -1.000293072791347e+00 -1.907648462976613e-03 -9.327341221937480e-04 -1.007646297892472e+00
21 12 -1.000293435804385e+00 -1.908273550782721e-03 -9.327504783744169e-04 -1.007643640243868e+00
21 13 -1.000293758954725e+00 -1.908760685777545e-03 -9.328970934080001e-04 -1.007641372306416e+00
21 14 -1.000294039239026e+00 -1.909105804395737e-03 -9.331728551973988e-04 -1.007639513174005e+00
21 15 -1.000294273544275e+00 -1.909305126879705e-03 -9.335765178278085e-04 -1.007638081333584e+00
21 16 -1.000294459034604e+00 -1.909356326244783e-03 -9.341024670767752e-04 -1.007637092481734e+00
21 17 -1.000294593570909e+00 -1.909259759521257e-03 -9.347378954820791e-04 -1.007636556575137e+00
21 18 -1.000294675957235e+00 -1.909019077982141e-03 -9.354629313863291e-04 -1.007636475705962e+00
21 19 -1.000294705876923e+00 -1.908640795153634e-03 -9.362539078151864e-04 -1.007636844102527e+00
21 20 -1.000294683528994e+00 -1.908132904473637e-03 -9.370884581032077e-04 -1.007637650512627e+00
21 21 -1.000294609138285e+00 -1.907503157470466e-03 -9.379502047196800e-04 -1.007638881908677e+00
21 22 -1.000294482600579e+00 -1.906757842358032e-03 -9.388309540410031e-04 -1.007640526611277e+00
21 23 -1.000294303472051e+00 -1.905901677605153e-03 -9.397294828646928e-04 -1.007642575138420e+00
21 24 -1.000294071340929e+00 -1.904938865610875e-03 -9.406476104869537e-04 -1.007645018277332e+00
21 25 -1.000293786424372e+00 -1.903874759344015e-03 -9.415854871964403e-04 -1.007647843344175e+00
21 26 -1.000293450116717e+00 -1.902717289330397e-03 -9.425383308317420e-04 -1.007651030543453e+00
21 27 -1.000293065227383e+00 -1.901477412054940e-03 -9.434961225641867e-04 -1.007654551328626e+00
21 28 -1.000292635783139e+00 -1.900168314169751e-03 -9.444463813383049e-04 -1.007658369712904e+00
21 29 -1.000292166478651e+00 -1.898803732403248e-03 -9.453786861687623e-04 -1.007662445984094e+00
21 30 -1.000291662044078e+00 -1.897396221670609e-03 -9.462887666885159e-04 -1.007666740970259e+00
21 31 -1.000291126849868e+00 -1.895956249474536e-03 -9.471801565964026e-04 -1.007671218662275e+00
21 32 -1.000290564943151e+00 -1.894492563449254e-03 -9.480625292763344e-04 -1.007675845899062e+00
21 33 -1.000289980476636e+00 -1.893013614553508e-03 -9.489473519827112e-04 -1.007680589434860e+00
21 34 -1.000289378285098e+00 -1.891529291348613e-03 -9.498426864005787e-04 -1.007685412084689e+00
21 35 -1.000288764291294e+00 -1.890052083580963e-03 -9.507493268557058e-04 -1.007690270084628e+00
21 36 -1.000288145506725e+00 -1.888597079610882e-03 -9.516598823771823e-04 -1.007695113176445e+00
21 37 -1.000287529590285e+00 -1.887180771359469e-03 -9.525611147780609e-04 -1.007699887555852e+00
21 38 -1.000286924151989e+00 -1.885819236688807e-03 -9.534383715869544e-04 -1.007704540334596e+00
21 39 -1.000286336126532e+00 -1.884526589465662e-03 -9.542799736600320e-04 -1.007709023336100e+00
21 40 -1.000285771505829e+00 -1.883314435371038e-03 -9.550794426606491e-04 -1.007713294414925e+00
21 41 -1.000285235521485e+00 -1.882192520330235e-03 -9.558345052531196e-04 -1.007717315897208e+00
21 42 -1.000284733124915e+00 -1.881170130086611e-03 -9.565433745389085e-04 -1.007721051327029e+00
21 43 -1.000284269465561e+00 -1.880257438111269e-03 -9.572001290504818e-04 -1.007724462550599e+00
21 44 -1.000283850085316e+00 -1.879466059927905e-03 -9.577914781302480e-04 -1.007727508899889e+00
21 45 -1.000283480703391e+00 -1.878808488543223e-03 -9.582966053580469e-04 -1.007730149095999e+00
21 46 -1.000283166676871e+00 -1.878296649007102e-03 -9.586903698001738e-04 -1.007732345072687e+00
21 47 -1.000282912387018e+00 -1.877940248173915e-03 -9.589485656585119e-04 -1.007734065917202e+00
21 48 -1.000282720835235e+00 -1.877745674550530e-03 -9.590529770523026e-04 -1.007735290096695e+00
21 49 -1.000282593612282e+00 -1.877715873031069e-03 -9.589941151697340e-04 -1.007736005147474e+00
21 50 -1.000282531199207e+00 -1.877851082067724e-03 -9.587706931624111e-04 -1.007736205447294e+00
21 51 -1.000282533392937e+00 -1.878149899172229e-03 -9.583864493526308e-04 -1.007735889667764e+00
21 52 -1.000282599615193e+00 -1.878610051275771e-03 -9.578460951123434e-04 -1.007735059477056e+00
21 53 -1.000282728961476e+00 -1.879228487683355e-03 -9.571524266222046e-04 -1.007733720167592e+00
21 54 -1.000282920005854e+00 -1.880000820471208e-03 -9.563059477361395e-04 -1.007731882703309e+00
21 55 -1.000283170508047e+00 -1.880920491400223e-03 -9.553070852960061e-04 -1.007729565860053e+00
21 56 -1.000283477208939e+00 -1.881978163844545e-03 -9.541598582982370e-04 -1.007726797100147e+00
21 57 -1.000283835836642e+00 -1.883161668883905e-03 -9.528752478425328e-04 -1.007723611591077e+00
21 58 -1.000284241322784e+00 -1.884456503194296e-03 -9.514727289483599e-04 -1.007720049861940e+00
21 59 -1.000284688125993e+00 -1.885846609756611e-03 -9.499792777788918e-04 -1.007716155276359e+00
21 60 -1.000285170532970e+00 -1.887315119099713e-03 -9.484262194169418e-04 -1.007711972386240e+00
21 61 -1.000285682854241e+00 -1.888844859968374e-03 -9.468450953180698e-04 -1.007707546515499e+00
21 62 -1.000286219505246e+00 -1.890418629611685e-03 -9.452640341401903e-04 -1.007702924150701e+00
21 63 -1.000286775016134e+00 -1.892019331583757e-03 -9.437058424518999e-04 -1.007698153329152e+00
22 0 -1.000287647680611e+00 -1.894568201407609e-03 -9.375610511258021e-04 -1.007691798093060e+00
22 1 -1.000288233047280e+00 -1.896187277438394e-03 -9.361040335877124e-04 -1.007686824006687e+00
22 2 -1.000288821824827e+00 -1.897785303413980e-03 -9.347164068930013e-04 -1.007681845150472e+00
22 3 -1.000289408882429e+00 -1.899346593402486e-03 -9.334148813012055e-04 -1.007676908683611e+00
22 4 -1.000289989236167e+00 -1.900855781940158e-03 -9.322193926043086e-04 -1.007672059685026e+00
22 5 -1.000290558000888e+00 -1.902297728513184e-03 -9.311515936573623e-04 -1.007667341885525e+00
22 6 -1.000291110380146e+00 -1.903657672411856e-03 -9.302314319554869e-04 -1.007662798416498e+00
22 7 -1.000291641742094e+00 -1.904921741226860e-03 -9.294731584370661e-04 -1.007658471756159e+00
22 8 -1.000292147772094e+00 -1.906077693406647e-03 -9.288824840069417e-04 -1.007654402568928e+00
22 9 -1.000292624632342e+00 -1.907115582643065e-03 -9.284562200555523e-04 -1.007650627858780e+00
22 10 -1.000293069030240e+00 -1.908027987120539e-03 -9.281847180462120e-04 -1.007647179391395e+00
22 11 -1.000293478124726e+00 -1.908809604792304e-03 -9.280561729190068e-04 -1.007644083351299e+00
22 12 -1.000293849283958e+00 -1.909456339617184e-03 -9.280609405430621e-04 -1.007641361566420e+00
22 13 -1.000294179807908e+00 -1.909964332237932e-03 -9.281939212095792e-04 -1.007639033644663e+00
22 14 -1.000294466776391e+00 -1.910329497526486e-03 -9.284539082118227e-04 -1.007637118677434e+00
22 15 -1.000294707133394e+00 -1.910547903531216e-03 -9.288402338311603e-04 -1.007635635306748e+00
22 16 -1.000294897996378e+00 -1.910616870401737e-03 -9.293483680627919e-04 -1.007634599876227e+00
22 17 -1.000295037055686e+00 -1.910536246071117e-03 -9.299666821056219e-04 -1.007634023519594e+00
22 18 -1.000295122869696e+00 -1.910309162419899e-03 -9.306761031850493e-04 -1.007633909739028e+00
22 19 -1.000295154896184e+00 -1.909941781147907e-03 -9.314530694173118e-04 -1.007634253915177e+00
22 20 -1.000295133223234e+00 -1.909442027170339e-03 -9.322746313324148e-04 -1.007635045263583e+00
22 21 -1.000295058125000e+00 -1.908817853030777e-03 -9.331234765047690e-04 -1.007636270413599e+00
22 22 -1.000294929680704e+00 -1.908075876422634e-03 -9.339906336150915e-04 -1.007637916780554e+00
22 23 -1.000294747681072e+00 -1.907221079633251e-03 -9.348746945301790e-04 -1.007639973901032e+00
22 24 -1.000294511902965e+00 -1.906257719292118e-03 -9.357780379218205e-04 -1.007642431964313e+00
22 25 -1.000294222642043e+00 -1.905190973721522e-03 -9.367019143507371e-04 -1.007645278267818e+00
22 26 -1.000293881258320e+00 -1.904028484641124e-03 -9.376427191666159e-04 -1.007648493416588e+00
22 27 -1.000293490471723e+00 -1.902780996471710e-03 -9.385911772117971e-04 -1.007652049258309e+00
22 28 -1.000293054252126e+00 -1.901461729114681e-03 -9.395347970698441e-04 -1.007655909731470e+00
22 29 -1.000292577342180e+00 -1.900084751985261e-03 -9.404624204464719e-04 -1.007660034337586e+00
22 30 -1.000292064644236e+00 -1.898663157436373e-03 -9.413686805173873e-04 -1.007664382527161e+00
22 31 -1.000291520783067e+00 -1.897207959193185e-03 -9.422561896663851e-04 -1.007668916742569e+00
22 32 -1.000290950062690e+00 -1.895728266085640e-03 -9.431343211013111e-04 -1.007673602591804e+00
22 33 -1.000290356818706e+00 -1.894232612470621e-03 -9.440150144475011e-04 -1.007678406215564e+00
22 34 -1.000289745956280e+00 -1.892730743138583e-03 -9.449073687755732e-04 -1.007683290403705e+00
22 35 -1.000289123370231e+00 -1.891234941423023e-03 -9.458133103484054e-04 -1.007688211630624e+00
22 36 -1.000288496002867e+00 -1.889760221777625e-03 -9.467261521114798e-04 -1.007693119694690e+00
22 37 -1.000287871473217e+00 -1.888323261364879e-03 -9.476325967885630e-04 -1.007697960335802e+00
22 38 -1.000287257429587e+00 -1.886940573432469e-03 -9.485171851998808e-04 -1.007702679660138e+00
22 39 -1.000286660927566e+00 -1.885626816702779e-03 -9.493670497113941e-04 -1.007707228209800e+00
22 40 -1.000286088124947e+00 -1.884394055666189e-03 -9.501746853475924e-04 -1.007711562705339e+00
22 41 -1.000285544408144e+00 -1.883252263727972e-03 -9.509374151346327e-04 -1.007715644815929e+00
22 42 -1.000285034826779e+00 -1.882210700074788e-03 -9.516538334529270e-04 -1.007719437970013e+00
22 43 -1.000284564555844e+00 -1.881279361763159e-03 -9.523189748091002e-04 -1.007722904225478e+00
22 44 -1.000284139106356e+00 -1.880469710683000e-03 -9.529205947743660e-04 -1.007726003092816e+00
22 45 -1.000283764147465e+00 -1.879794261228988e-03 -9.534384790207754e-04 -1.007728693127790e+00
22 46 -1.000283445006209e+00 -1.879265189747282e-03 -9.538473133455565e-04 -1.007730935657141e+00
22 47 -1.000283186077450e+00 -1.878892615814243e-03 -9.541219769828864e-04 -1.007732698880005e+00
22 48 -1.000282990420650e+00 -1.878683351279260e-03 -9.542429792484302e-04 -1.007733960410373e+00
22 49 -1.000282859712208e+00 -1.878640626484513e-03 -9.541997364876561e-04 -1.007734707247151e+00
22 50 -1.000282794523079e+00 -1.878764757671552e-03 -9.539904828189514e-04 -1.007734933637471e+00
22 51 -1.000282794723768e+00 -1.879054247163985e-03 -9.536192271141596e-04 -1.007734638405661e+00
22 52 -1.000282859779123e+00 -1.879506661669817e-03 -9.530914875016800e-04 -1.007733823419688e+00
22 53 -1.000282988790397e+00 -1.880118843525428e-03 -9.524109578091610e-04 -1.007732494019048e+00
22 54 -1.000283180300829e+00 -1.880886419776576e-03 -9.515786661969225e-04 -1.007730661008096e+00
22 55 -1.000283432012421e+00 -1.881802959970444e-03 -9.505949186160807e-04 -1.007728342903066e+00
22 56 -1.000283740600510e+00 -1.882859297803879e-03 -9.494630013358109e-04 -1.007725566987982e+00
22 57 -1.000284101745430e+00 -1.884043395204210e-03 -9.481928549137048e-04 -1.007722368456468e+00
22 58 -1.000284510372419e+00 -1.885340794764508e-03 -9.468030252620870e-04 -1.007718788046547e+00
22 59 -1.000284960983989e+00 -1.886735407492744e-03 -9.453200138502438e-04 -1.007714869371790e+00
22 60 -1.000285447945286e+00 -1.888210293580664e-03 -9.437752546060260e-04 -1.007710657126440e+00
22 61 -1.000285965641068e+00 -1.889748211248684e-03 -9.422008621738823e-04 -1.007706196626155e+00
22 62 -1.000286508510220e+00 -1.891331900897898e-03 -9.406257020511177e-04 -1.007701534295919e+00
22 63 -1.000287071024003e+00 -1.892944211167250e-03 -9.390731299473010e-04 -1.007696718236830e+00
23 0 -1.000287884871218e+00 -1.895491074200051e-03 -9.327959477923013e-04 -1.007690475115649e+00
23 1 -1.000288477647768e+00 -1.897123024378115e-03 -9.313462294968074e-04 -1.007685451556043e+00
23 2 -1.000289074266786e+00 -1.898735576058334e-03 -9.299644993525420e-04 -1.007680418751416e+00
23 3 -1.000289669498826e+00 -1.900312973227283e-03 -9.286665685192600e-04 -1.007675424504546e+00
23 4 -1.000290258357614e+00 -1.901839831509474e-03 -9.274716378346918e-04 -1.007670514249437e+00
23 5 -1.000290836027755e+00 -1.903301016014562e-03 -9.264010817843633e-04 -1.007665731776672e+00
23 6 -1.000291397785485e+00 -1.904681724429423e-03 -9.254751475525018e-04 -1.007661120205767e+00
23 7 -1.000291938993467e+00 -1.905967915510845e-03 -9.247088562488700e-04 -1.007656722270601e+00
23 8 -1.000292455201695e+00 -1.907147012926339e-03 -9.241088551705510e-04 -1.007652579422412e+00
23 9 -1.000292942313668e+00 -1.908208605091841e-03 -9.236726761967514e-04 -1.007648730009008e+00
23 10 -1.000293396720987e+00 -1.909144778913660e-03 -9.233908800194343e-04 -1.007645207440304e+00
23 11 -1.000293815306277e+00 -1.909949841325767e-03 -9.232512926981747e-04 -1.007642039417655e+00
23 12 -1.000294195280083e+00 -1.910619484141575e-03 -9.232435323465958e-04 -1.007639248784677e+00
23 13 -1.000294533924001e+00 -1.911149794469706e-03 -9.233617956780740e-04 -1.007636855559390e+00
23 14 -1.000294828389632e+00 -1.911536676598981e-03 -9.236046201805431e-04 -1.007634878869717e+00
23 15 -1.000295075690198e+00 -1.911776081674219e-03 -9.239717556270500e-04 -1.007633337458401e+00
23 16 -1.000295272921905e+00 -1.911865009409241e-03 -9.244596834765103e-04 -1.007632248226534e+00
23 17 -1.000295417625600e+00 -1.911802799586357e-03 -9.250580191744413e-04 -1.007631623441893e+00
23 18 -1.000295508114750e+00 -1.911592019373122e-03 -9.257486808560941e-04 -1.007631468082175e+00
23 19 -1.000295543595578e+00 -1.911238394836772e-03 -9.265084585519884e-04 -1.007631778862943e+00
23 20 -1.000295523998950e+00 -1.910749688010291e-03 -9.273140213615383e-04 -1.007632545715543e+00
23 21 -1.000295449597951e+00 -1.910133982168388e-03 -9.281471961176403e-04 -1.007633755153325e+00
23 22 -1.000295320618303e+00 -1.909398201332732e-03 -9.289981575699563e-04 -1.007635393817538e+00
23 23 -1.000295137071953e+00 -1.908547614374742e-03 -9.298651333236525e-04 -1.007637450276270e+00
23 24 -1.000294898932884e+00 -1.907586575919212e-03 -9.307508741790167e-04 -1.007639914056164e+00
23 25 -1.000294606593634e+00 -1.906520118956595e-03 -9.316576342119600e-04 -1.007642772373228e+00
23 26 -1.000294261392427e+00 -1.905355583351422e-03 -9.325830365175306e-04 -1.007646006248271e+00
23 27 -1.000293865954455e+00 -1.904103439726909e-03 -9.335187351269114e-04 -1.007649588049667e+00
23 28 -1.000293424167179e+00 -1.902776849819961e-03 -9.344524729198794e-04 -1.007653481852218e+00
23 29 -1.000292940783304e+00 -1.901390129946420e-03 -9.353725516554728e-04 -1.007657646593648e+00
23 30 -1.000292420840961e+00 -1.899956862965003e-03 -9.362725720693912e-04 -1.007662040501102e+00
23 31 -1.000291869196994e+00 -1.898488613950936e-03 -9.371541323200097e-04 -1.007666624512300e+00
23 32 -1.000291290409598e+00 -1.896994896635039e-03 -9.380261055596932e-04 -1.007671362954786e+00
23 33 -1.000290689010558e+00 -1.895484378964884e-03 -9.389006958751873e-04 -1.007676221275357e+00
23 34 -1.000290069994848e+00 -1.893966684752389e-03 -9.397879259151462e-04 -1.007681162199987e+00
23 35 -1.000289439243556e+00 -1.892453866811156e-03 -9.406908940045501e-04 -1.007686142490590e+00
23 36 -1.000288803630905e+00 -1.890960798551362e-03 -9.416038013582879e-04 -1.007691112138028e+00
23 37 -1.000288170723105e+00 -1.889504257975255e-03 -9.425135433752509e-04 -1.007696016600702e+00
23 38 -1.000287548185797e+00 -1.888101127355109e-03 -9.434040634258006e-04 -1.007700801120928e+00
23 39 -1.000286943176187e+00 -1.886766588416191e-03 -9.442613814666547e-04 -1.007705415013543e+00
23 40 -1.000286362008558e+00 -1.885513190768895e-03 -9.450768815740100e-04 -1.007709813822804e+00
23 41 -1.000285810227926e+00 -1.884351190020641e-03 -9.458472868245207e-04 -1.007713958460863e+00
23 42 -1.000285292997084e+00 -1.883289871105758e-03 -9.465713637230971e-04 -1.007717812141161e+00
23 43 -1.000284815537182e+00 -1.882339079018199e-03 -9.472449837778371e-04 -1.007721337079038e+00
23 44 -1.000284383348061e+00 -1.881510109666465e-03 -9.478569801087168e-04 -1.007724492964827e+00
23 45 -1.000284002062354e+00 -1.880815460673701e-03 -9.483879116069456e-04 -1.007727238221489e+00
23 46 -1.000283676982335e+00 -1.880267520374213e-03 -9.488125241740420e-04 -1.007729533588320e+00
23 47 -1.000283412515069e+00 -1.879876806535700e-03 -9.491049687975557e-04 -1.007731346342982e+00
23 48 -1.000283211774112e+00 -1.879650578218884e-03 -9.492445323551984e-04 -1.007732653147045e+00
23 49 -1.000283076519674e+00 -1.879592408227644e-03 -9.492194297935348e-04 -1.007733440317353e+00
23 50 -1.000283007416757e+00 -1.879702761244147e-03 -9.490271983952961e-04 -1.007733701818824e+00
23 51 -1.000283004421709e+00 -1.879980106754065e-03 -9.486718825035579e-04 -1.007733436500777e+00
23 52 -1.000283067062738e+00 -1.880421891631436e-03 -9.481596501884574e-04 -1.007732646334280e+00
23 53 -1.000283194472061e+00 -1.881024868593673e-03 -9.474950696189729e-04 -1.007731336626314e+00
23 54 -1.000283385186846e+00 -1.881784683322622e-03 -9.466797961050860e-04 -1.007729517938732e+00
23 55 -1.000283636869489e+00 -1.882695036771205e-03 -9.457141792511116e-04 -1.007727208430272e+00
23 56 -1.000283946136916e+00 -1.883746947299308e-03 -9.446009082866259e-04 -1.007724435098626e+00
23 57 -1.000284308617689e+00 -1.884928536080798e-03 -9.433489154852511e-04 -1.007721233062693e+00
23 58 -1.000284719220452e+00 -1.886225430485418e-03 -9.419757204929661e-04 -1.007717643191377e+00
23 59 -1.000285172483761e+00 -1.887621552589291e-03 -9.405071544415737e-04 -1.007713709292796e+00
23 60 -1.000285662854364e+00 -1.889099934402219e-03 -9.389745369629074e-04 -1.007709476152526e+00
23 61 -1.000286184809733e+00 -1.890643301961173e-03 -9.374103845798074e-04 -1.007704989007576e+00
23 62 -1.000286732843332e+00 -1.892234371447418e-03 -9.358442351255538e-04 -1.007700294119939e+00
23 63 -1.000287301402079e+00 -1.893855961586473e-03 -9.343000448162242e-04 -1.007695439533173e+00
24 0 -1.000288054196629e+00 -1.896389962981310e-03 -9.279422143672303e-04 -1.007689323356211e+00
24 1 -1.000288653617889e+00 -1.898032838803636e-03 -9.265020468161889e-04 -1.007684255700239e+00
24 2 -1.000289257429097e+00 -1.899658180771689e-03 -9.251284640285302e-04 -1.007679173500580e+00
24 3 -1.000289860281062e+00 -1.901250155711553e-03 -9.238363768318404e-04 -1.007674125253331e+00
24 4 -1.000290457163251e+00 -1.902793361154284e-03 -9.226441383925520e-04 -1.007669156815366e+00
24 5 -1.000291043321974e+00 -1.904272686370704e-03 -9.215726579148961e-04 -1.007664312066894e+00
24 6 -1.000291614120002e+00 -1.905673324875149e-03 -9.206422922771215e-04 -1.007659634070892e+00
24 7 -1.000292164947428e+00 -1.906981112875729e-03 -9.198687152386105e-04 -1.007655165702678e+00
24 8 -1.000292691258040e+00 -1.908183176699879e-03 -9.192595134483273e-04 -1.007650949062988e+00
24 9 -1.000293188724922e+00 -1.909268650632293e-03 -9.188130615800868e-04 -1.007647023750019e+00
24 10 -1.000293653428107e+00 -1.910229107245675e-03 -9.185203190435660e-04 -1.007643424821740e+00
24 11 -1.000294081951912e+00 -1.911058413271200e-03 -9.183689169151294e-04 -1.007640181604942e+00
24 12 -1.000294471311645e+00 -1.911751995472843e-03 -9.183478168217361e-04 -1.007637318124533e+00
24 13 -1.000294818735379e+00 -1.912305856313630e-03 -9.184504659171661e-04 -1.007634854952692e+00
24 14 -1.000295121429767e+00 -1.912715894015679e-03 -9.186749986362069e-04 -1.007632811312349e+00
24 15 -1.000295376484604e+00 -1.912977976495641e-03 -9.190214095410262e-04 -1.007631206006893e+00
24 16 -1.000295580999047e+00 -1.913088821804202e-03 -9.194870844197447e-04 -1.007630056400751e+00
24 17 -1.000295732389236e+00 -1.913047275640223e-03 -9.200629058464146e-04 -1.007629375826446e+00
24 18 -1.000295828731629e+00 -1.912855309398944e-03 -9.207319428684088e-04 -1.007629170765675e+00
24 19 -1.000295868962046e+00 -1.912518138177548e-03 -9.214715778335555e-04 -1.007629439422075e+00
24 20 -1.000295852811649e+00 -1.912043265632644e-03 -9.222583217729812e-04 -1.007630172682501e+00
24 21 -1.000295780501001e+00 -1.911438826113339e-03 -9.230732542753079e-04 -1.007631357185533e+00
24 22 -1.000295652360290e+00 -1.910712014321468e-03 -9.239056575117511e-04 -1.007632978957304e+00
24 23 -1.000295468602579e+00 -1.909868398874444e-03 -9.247532334168712e-04 -1.007635025638262e+00
24 24 -1.000295229401946e+00 -1.908912474075488e-03 -9.256189068311689e-04 -1.007637486042829e+00
24 25 -1.000294935264276e+00 -1.907849163810108e-03 -9.265058023512020e-04 -1.007640347237430e+00
24 26 -1.000294587520807e+00 -1.906685505967652e-03 -9.274127744613542e-04 -1.007643590650326e+00
24 27 -1.000294188701640e+00 -1.905431647862606e-03 -9.283325558575895e-04 -1.007647189268997e+00
24 28 -1.000293742590806e+00 -1.904100606304082e-03 -9.292533597542219e-04 -1.007651107500127e+00
24 29 -1.000293253914718e+00 -1.902706853110895e-03 -9.301631679031955e-04 -1.007655303946490e+00
24 30 -1.000292727808747e+00 -1.901264401845483e-03 -9.310546548741856e-04 -1.007659735790322e+00
24 31 -1.000292169334799e+00 -1.899785360425462e-03 -9.319283530112982e-04 -1.007664362537843e+00
24 32 -1.000291583297167e+00 -1.898279683084177e-03 -9.327924563446741e-04 -1.007669147207431e+00
24 33 -1.000290974433156e+00 -1.896756222308436e-03 -9.336592157080768e-04 -1.007674054476014e+00
24 34 -1.000290347845715e+00 -1.895224512503603e-03 -9.345394264080111e-04 -1.007679046955159e+00
24 35 -1.000289709417978e+00 -1.893696364006622e-03 -9.354373501659613e-04 -1.007684081723466e+00
24 36 -1.000289065960534e+00 -1.892186451178323e-03 -9.363482219551770e-04 -1.007689109083871e+00
24 37 -1.000288424977093e+00 -1.890711569706571e-03 -9.372593701889271e-04 -1.007694074384768e+00
24 38 -1.000287794131267e+00 -1.889288897120993e-03 -9.381543705406358e-04 -1.007698922159231e+00
24 39 -1.000287180661758e+00 -1.887934103772030e-03 -9.390182481812810e-04 -1.007703600571680e+00
24 40 -1.000286591027111e+00 -1.886660238859573e-03 -9.398412339599868e-04 -1.007708063970145e+00
24 41 -1.000286030931129e+00 -1.885477888908195e-03 -9.406192769457468e-04 -1.007712272422443e+00
24 42 -1.000285505661709e+00 -1.884396418744489e-03 -9.413510982928411e-04 -1.007716188827555e+00
24 43 -1.000285020505240e+00 -1.883425553197591e-03 -9.420332521483405e-04 -1.007719775495612e+00
24 44 -1.000284580970255e+00 -1.882576417999634e-03 -9.426556345614929e-04 -1.007722992290403e+00
24 45 -1.000284192667928e+00 -1.881861459526972e-03 -9.431997143592858e-04 -1.007725797535048e+00
24 46 -1.000283860883229e+00 -1.881293235727301e-03 -9.436405249818147e-04 -1.007728151410569e+00
24 47 -1.000283590035955e+00 -1.880882639413368e-03 -9.439517018987503e-04 -1.007730020254476e+00
24 48 -1.000283383290511e+00 -1.880637389972503e-03 -9.441114085880182e-04 -1.007731379691161e+00
24 49 -1.000283242488056e+00 -1.880561450650344e-03 -9.441065993043842e-04 -1.007732215221551e+00
24 50 -1.000283168389227e+00 -1.880655500809329e-03 -9.439339251232110e-04 -1.007732520382161e+00
24 51 -1.000283161045314e+00 -1.880918040498172e-03 -9.435972300017766e-04 -1.007732293920002e+00
24 52 -1.000283220065499e+00 -1.881346441975193e-03 -9.431031480289318e-04 -1.007731537810881e+00
24 53 -1.000283344637035e+00 -1.881937391048483e-03 -9.424570595963267e-04 -1.007730257249376e+00
24 54 -1.000283533316608e+00 -1.882686558817089e-03 -9.416613190105585e-04 -1.007728462473621e+00
24 55 -1.000283783747812e+00 -1.883587781218264e-03 -9.407164761220775e-04 -1.007726171187728e+00
24 56 -1.000284092499866e+00 -1.884632273082572e-03 -9.396247779573675e-04 -1.007723409992180e+00
24 57 -1.000284455148333e+00 -1.885808339331322e-03 -9.383942187286305e-04 -1.007720213825164e+00
24 58 -1.000284866575392e+00 -1.887101726728083e-03 -9.370412353700426e-04 -1.007716623605805e+00
24 59 -1.000285321345116e+00 -1.888496407833905e-03 -9.355908200935045e-04 -1.007712683285192e+00
24 60 -1.000285813984134e+00 -1.889975426455513e-03 -9.340739586167980e-04 -1.007708437699707e+00
24 61 -1.000286339075967e+00 -1.891521514457067e-03 -9.325233783845728e-04 -1.007703931950978e+00
24 62 -1.000286891196496e+00 -1.893117397839591e-03 -9.309691923921693e-04 -1.007699212047792e+00
24 63 -1.000287464802848e+00 -1.894745893098082e-03 -9.294359785627962e-04 -1.007694325857905e+00
25 0 -1.000288154878451e+00 -1.897256479229665e-03 -9.230501666622566e-04 -1.007688349480801e+00
25 1 -1.000288760135556e+00 -1.898908283047054e-03 -9.216215587630236e-04 -1.007683243356760e+00
25 2 -1.000289370442245e+00 -1.900544614754807e-03 -9.202581373252271e-04 -1.007678116616112e+00
25 3 -1.000289980310729e+00 -1.902149554501894e-03 -9.189739485927522e-04 -1.007673018489415e+00
25 4 -1.000290584682728e+00 -1.903707677405486e-03 -9.177864192113495e-04 -1.007667995328596e+00
25 5 -1.000291178853295e+00 -1.905203909294179e-03 -9.167158232011145e-04 -1.007663091150010e+00
25 6 -1.000291758279875e+00 -1.906623473086464e-03 -9.157824298154588e-04 -1.007658348935029e+00
25 7 -1.000292318409613e+00 -1.907952130305949e-03 -9.150024187050437e-04 -1.007653811595533e+00
25 8 -1.000292854640575e+00 -1.909176755138080e-03 -9.143842798340406e-04 -1.007649521734726e+00
25 9 -1.000293362449733e+00 -1.910286050479148e-03 -9.139273209940593e-04 -1.007645520079628e+00
25 10 -1.000293837618355e+00 -1.911271062834247e-03 -9.136230784071353e-04 -1.007641843302767e+00
25 11 -1.000294276418254e+00 -1.912125176615944e-03 -9.134591754641916e-04 -1.007638522431992e+00
25 12 -1.000294675635851e+00 -1.912843501174968e-03 -9.134240299531549e-04 -1.007635582822567e+00
25 13 -1.000295032409390e+00 -1.913421917889528e-03 -9.135103279181219e-04 -1.007633045749382e+00
25 14 -1.000295343978948e+00 -1.913856316243505e-03 -9.137156741005719e-04 -1.007630930607435e+00
25 15 -1.000295607512937e+00 -1.914142511305609e-03 -9.140401306015206e-04 -1.007629256237347e+00
25 16 -1.000295820135510e+00 -1.914276982882177e-03 -9.144818507158673e-04 -1.007628040372359e+00
25 17 -1.000295979165509e+00 -1.914258108742702e-03 -9.150329642889885e-04 -1.007627297318445e+00
25 18 -1.000296082456777e+00 -1.914087248060879e-03 -9.156778142597557e-04 -1.007627035054561e+00
25 19 -1.000296128663376e+00 -1.913769040299914e-03 -9.163946009425547e-04 -1.007627253392705e+00
25 20 -1.000296117279472e+00 -1.913310637398203e-03 -9.171599146359048e-04 -1.007627944398629e+00
25 21 -1.000296048422337e+00 -1.912720138203989e-03 -9.179542370377371e-04 -1.007629095083838e+00
25 22 -1.000295922480634e+00 -1.912004960234658e-03 -9.187659596025968e-04 -1.007630691042968e+00
25 23 -1.000295739841926e+00 -1.911170973918512e-03 -9.195921226531965e-04 -1.007632719058952e+00
25 24 -1.000295500877483e+00 -1.910222850828583e-03 -9.204356245530151e-04 -1.007635167202683e+00
25 25 -1.000295206220368e+00 -1.909165447133658e-03 -9.213002971250342e-04 -1.007638022320896e+00
25 26 -1.000294857211109e+00 -1.908005510501508e-03 -9.221861845354413e-04 -1.007641266220821e+00
25 27 -1.000294456288692e+00 -1.906752828068077e-03 -9.230872070494849e-04 -1.007644872580513e+00
25 28 -1.000294007117478e+00 -1.905420191952316e-03 -9.239922665440165e-04 -1.007648806315003e+00
25 29 -1.000293514363880e+00 -1.904022135671261e-03 -9.248892578409163e-04 -1.007653025920240e+00
25 30 -1.000292983221041e+00 -1.902573032792691e-03 -9.257700731818724e-04 -1.007657487730650e+00
25 31 -1.000292418924790e+00 -1.901085511586913e-03 -9.266341711872232e-04 -1.007662149922608e+00
25 32 -1.000291826512031e+00 -1.899569992355433e-03 -9.274889161303644e-04 -1.007666974200293e+00
25 33 -1.000291210930490e+00 -1.898035561687730e-03 -9.283463870609369e-04 -1.007671924402650e+00
25 34 -1.000290577407382e+00 -1.896491703452407e-03 -9.292179705596607e-04 -1.007676962966832e+00
25 35 -1.000289931844629e+00 -1.894949985434773e-03 -9.301090357986402e-04 -1.007682047297747e+00
25 36 -1.000289280996608e+00 -1.893424835511885e-03 -9.310159532337415e-04 -1.007687128111447e+00
25 37 -1.000288632298280e+00 -1.891932988012392e-03 -9.319267035712086e-04 -1.007692150809990e+00
25 38 -1.000287993394037e+00 -1.890491837377127e-03 -9.328247353522969e-04 -1.007697059379381e+00
25 39 -1.000287371583864e+00 -1.889117496995447e-03 -9.336942332769174e-04 -1.007701800930207e+00
25 40 -1.000286773456102e+00 -1.887823517906661e-03 -9.345242765145414e-04 -1.007706328616362e+00
25 41 -1.000286204870206e+00 -1.886620858997249e-03 -9.353098950794234e-04 -1.007710601587740e+00
25 42 -1.000285671247998e+00 -1.885519019501658e-03 -9.360495473552068e-04 -1.007714582330806e+00
25 43 -1.000285177958168e+00 -1.884527642283980e-03 -9.367402867446268e-04 -1.007718233181161e+00
25 44 -1.000284730537361e+00 -1.883657686577368e-03 -9.373730127172000e-04 -1.007721514162837e+00
25 45 -1.000284334591472e+00 -1.882921518004828e-03 -9.379302005660516e-04 -1.007724383531037e+00
25 46 -1.000283995397744e+00 -1.882331820899317e-03 -9.383873823187343e-04 -1.007726800944720e+00
25 47 -1.000283717391270e+00 -1.881899832858328e-03 -9.387179067810338e-04 -1.007728731796473e+00
25 48 -1.000283503784980e+00 -1.881633735756640e-03 -9.388989552878950e-04 -1.007730150605515e+00
25 49 -1.000283356497401e+00 -1.881537920800924e-03 -9.389162118423792e-04 -1.007731041936928e+00
25 50 -1.000283276384171e+00 -1.881613342154993e-03 -9.387652879199789e-04 -1.007731398760021e+00
25 51 -1.000283263597555e+00 -1.881858593275677e-03 -9.384495997018173e-04 -1.007731219593935e+00
25 52 -1.000283317842328e+00 -1.882271020497692e-03 -9.379760435774469e-04 -1.007730506320968e+00
25 53 -1.000283438383037e+00 -1.882847270187461e-03 -9.373507135787634e-04 -1.007729263944822e+00
25 54 -1.000283623821692e+00 -1.883583049243564e-03 -9.365767001920534e-04 -1.007727502301016e+00
25 55 -1.000283871806215e+00 -1.884472333174566e-03 -9.356548944217647e-04 -1.007725238542872e+00
25 56 -1.000284178872328e+00 -1.885506543302060e-03 -9.345872672773875e-04 -1.007722498760768e+00
25 57 -1.000284540544454e+00 -1.886674189126458e-03 -9.333809789026588e-04 -1.007719317601823e+00
25 58 -1.000284951669528e+00 -1.887961167215500e-03 -9.320513688411247e-04 -1.007715735950933e+00
25 59 -1.000285406824796e+00 -1.889351536252076e-03 -9.306224545568271e-04 -1.007711797851721e+00
25 60 -1.000285900610634e+00 -1.890828388959160e-03 -9.291246796902036e-04 -1.007707548159700e+00
25 61 -1.000286427724512e+00 -1.892374499597815e-03 -9.275907787679674e-04 -1.007703031799066e+00
25 62 -1.000286982848386e+00 -1.893972638523051e-03 -9.260513127712704e-04 -1.007698294449203e+00
25 63 -1.000287560483107e+00 -1.895605649998717e-03 -9.245314700607906e-04 -1.007693383690074e+00
26 0 -1.000288186729308e+00 -1.898082664698776e-03 -9.181706189777769e-04 -1.007687558024551e+00
26 1 -1.000288796983578e+00 -1.899741376735426e-03 -9.167553101531202e-04 -1.007682419226723e+00
26 2 -1.000289413054386e+00 -1.901386859748074e-03 -9.154037898099845e-04 -1.007677253019068e+00
26 3 -1.000290029299548e+00 -1.903003096049137e-03 -9.141293107322226e-04 -1.007672109396657e+00
26 4 -1.000290640588817e+00 -1.904574629033106e-03 -9.129483314766264e-04 -1.007667035280334e+00
26 5 -1.000291242248678e+00 -1.906086426875687e-03 -9.118803448533413e-04 -1.007662074883927e+00
26 6 -1.000291829833541e+00 -1.907523770556483e-03 -9.109453356220359e-04 -1.007657271101986e+00
26 7 -1.000292398872879e+00 -1.908872394503634e-03 -9.101598193849688e-04 -1.007652666791509e+00
26 8 -1.000292944749154e+00 -1.910118971419589e-03 -9.095331164611995e-04 -1.007648304909023e+00
26 9 -1.000293462781952e+00 -1.911251805663503e-03 -9.090655230928464e-04 -1.007644227167798e+00
26 10 -1.000293948474507e+00 -1.912261417579544e-03 -9.087493121508368e-04 -1.007640471786532e+00
26 11 -1.000294397780164e+00 -1.913140675817981e-03 -9.085722928461095e-04 -1.007637071534372e+00
26 12 -1.000294807227780e+00 -1.913884321918167e-03 -9.085224794211073e-04 -1.007634053225625e+00
26 13 -1.000295173829365e+00 -1.914488074916473e-03 -9.085918210473515e-04 -1.007631438987903e+00
26 14 -1.000295494832605e+00 -1.914947805557811e-03 -9.087772921363544e-04 -1.007629248481565e+00
26 15 -1.000295767481398e+00 -1.915259302424512e-03 -9.090788475360490e-04 -1.007627500577035e+00
26 16 -1.000295988943981e+00 -1.915418853488239e-03 -9.094952474445888e-04 -1.007626213284746e+00
26 17 -1.000296156470563e+00 -1.915424404835815e-03 -9.100198084817450e-04 -1.007625401777275e+00
26 18 -1.000296267712290e+00 -1.915276701159021e-03 -9.106382298929510e-04 -1.007625075492673e+00
26 19 -1.000296321037929e+00 -1.914979754665429e-03 -9.113297325272707e-04 -1.007625235934860e+00
26 20 -1.000296315674033e+00 -1.914540278255056e-03 -9.120712282047093e-04 -1.007625876546249e+00
26 21 -1.000296251586173e+00 -1.913966244539948e-03 -9.128427809955570e-04 -1.007626984957563e+00
26 22 -1.000296129172669e+00 -1.913265234180568e-03 -9.136319354169349e-04 -1.007628546537430e+00
26 23 -1.000295948962928e+00 -1.912443409219880e-03 -9.144349661744527e-04 -1.007630547311276e+00
26 24 -1.000295711516589e+00 -1.911505650366745e-03 -9.152545506186287e-04 -1.007632974595023e+00
26 25 -1.000295417604562e+00 -1.910456790877649e-03 -9.160950413592351e-04 -1.007635814946524e+00
26 26 -1.000295068593462e+00 -1.909303310372511e-03 -9.169575882552329e-04 -1.007639050507382e+00
26 27 -1.000294666838762e+00 -1.908054611465703e-03 -9.178373645884085e-04 -1.007642655693090e+00
26 28 -1.000294215873717e+00 -1.906723190683367e-03 -9.187241533191142e-04 -1.007646596082109e+00
26 29 -1.000293720274508e+00 -1.905323549954135e-03 -9.196059988622552e-04 -1.007650830285115e+00
26 30 -1.000293185252751e+00 -1.903870343441982e-03 -9.204741863248427e-04 -1.007655313999131e+00
26 31 -1.000292616183710e+00 -1.902376683611848e-03 -9.213271365852091e-04 -1.007660004198967e+00
26 32 -1.000292018318161e+00 -1.900853470935018e-03 -9.221712680614419e-04 -1.007664861294918e+00
26 33 -1.000291396814383e+00 -1.899310071991289e-03 -9.230182776470991e-04 -1.007669848231301e+00
26 34 -1.000290757037584e+00 -1.897755964263265e-03 -9.238799393096181e-04 -1.007674927204860e+00
26 35 -1.000290104925510e+00 -1.896202484151724e-03 -9.247626298397180e-04 -1.007680055938056e+00
26 36 -1.000289447186347e+00 -1.894663777403755e-03 -9.256639100731933e-04 -1.007685185640326e+00
26 37 -1.000288791183520e+00 -1.893156444516868e-03 -9.265726028202516e-04 -1.007690261918924e+00
26 38 -1.000288144527609e+00 -1.891698016399198e-03 -9.274722711172615e-04 -1.007695228378266e+00
26 39 -1.000287514560223e+00 -1.890304994267505e-03 -9.283464438119685e-04 -1.007700031188464e+00
26 40 -1.000286907983475e+00 -1.888991421374688e-03 -9.291830935262743e-04 -1.007704622331796e+00
26 41 -1.000286330806437e+00 -1.887768662194334e-03 -9.299762208366942e-04 -1.007708959980612e+00
26 42 -1.000285788590494e+00 -1.886646403394000e-03 -9.307238127486580e-04 -1.007713006114473e+00
26 43 -1.000285286801273e+00 -1.885634248754094e-03 -9.314232171966356e-04 -1.007716723020809e+00
26 44 -1.000284831022056e+00 -1.884743002464509e-03 -9.320662352718911e-04 -1.007720070863570e+00
26 45 -1.000284426870439e+00 -1.883984926402212e-03 -9.326364007861194e-04 -1.007723007858161e+00
26 46 -1.000284079627398e+00 -1.883372789160025e-03 -9.331099295417009e-04 -1.007725493182545e+00
26 47 -1.000283793747814e+00 -1.882918136916319e-03 -9.334601184083474e-04 -1.007727491294092e+00
26 48 -1.000283572491888e+00 -1.882629605480888e-03 -9.336633435538973e-04 -1.007728975557357e+00
26 49 -1.000283417851723e+00 -1.882512040717411e-03 -9.337040585481626e-04 -1.007729929496425e+00
26 50 -1.000283330775642e+00 -1.882566724550353e-03 -9.335767233314350e-04 -1.007730345382508e+00
26 51 -1.000283311519937e+00 -1.882792404315516e-03 -9.332841162433804e-04 -1.007730221385063e+00
26 52 -1.000283359896197e+00 -1.883186450699088e-03 -9.328331809439462e-04 -1.007729559197723e+00
26 53 -1.000283475266064e+00 -1.883745501967490e-03 -9.322305943639231e-04 -1.007728363558053e+00
26 54 -1.000283656302301e+00 -1.884465315170528e-03 -9.314801838129690e-04 -1.007726643822601e+00
26 55 -1.000283900682138e+00 -1.885340011836724e-03 -9.305832997560088e-04 -1.007724416499184e+00
26 56 -1.000284204925285e+00 -1.886361228616826e-03 -9.295418064957633e-04 -1.007721707054810e+00
26 57 -1.000284564510205e+00 -1.887517697059883e-03 -9.283621624287530e-04 -1.007718549731873e+00
26 58 -1.000284974241613e+00 -1.888795489918864e-03 -9.270586364401715e-04 -1.007714985291737e+00
26 59 -1.000285428696680e+00 -1.890178783778793e-03 -9.256541727286131e-04 -1.007711057818736e+00
26 60 -1.000285922539583e+00 -1.891650754026244e-03 -9.241784835622027e-04 -1.007706812162692e+00
26 61 -1.000286450584220e+00 -1.893194251615937e-03 -9.226641011359066e-04 -1.007702293042673e+00
26 62 -1.000287007637517e+00 -1.894792125411833e-03 -9.211418815013738e-04 -1.007697545748093e+00
26 63 -1.000287588275475e+00 -1.896427279085261e-03 -9.196375790529982e-04 -1.007692617468681e+00
27 0 -1.000288150121965e+00 -1.898861052269816e-03 -9.133542546576913e-04 -1.007686951542460e+00
27 1 -1.000288764517374e+00 -1.900524654305423e-03 -9.119536977885633e-04 -1.007681785956324e+00
27 2 -1.000289385597800e+00 -1.902177436253967e-03 -9.106155172891703e-04 -1.007676585504775e+00
27 3 -1.000290007554562e+00 -1.903803270611648e-03 -9.093522760060162e-04 -1.007671400964233e+00
27 4 -1.000290625161390e+00 -1.905386655208924e-03 -9.081794618148075e-04 -1.007666279897101e+00
27 5 -1.000291233755256e+00 -1.906912599786132e-03 -9.071156696850214e-04 -1.007661266788007e+00
27 6 -1.000291828984043e+00 -1.908366466259963e-03 -9.061804111856126e-04 -1.007656404458844e+00
27 7 -1.000292406479589e+00 -1.909734007267914e-03 -9.053903520557494e-04 -1.007651735637516e+00
27 8 -1.000292961646905e+00 -1.911001747808065e-03 -9.047555367067856e-04 -1.007647303489421e+00
27 9 -1.000293489689818e+00 -1.912157635281646e-03 -9.042772682585511e-04 -1.007643150556748e+00
27 10 -1.000293985861307e+00 -1.913191675431454e-03 -9.039486916457609e-04 -1.007639316504379e+00
27 11 -1.000294445798472e+00 -1.914096197205196e-03 -9.037579946914329e-04 -1.007635835847971e+00
27 12 -1.000294865749602e+00 -1.914865526959763e-03 -9.036929515748750e-04 -1.007632736967121e+00
27 13 -1.000295242565093e+00 -1.915495176333859e-03 -9.037448342949436e-04 -1.007630042989603e+00
27 14 -1.000295573471254e+00 -1.915980980421078e-03 -9.039099163710584e-04 -1.007627773946865e+00
27 15 -1.000295855779306e+00 -1.916318722712871e-03 -9.041878802612113e-04 -1.007625948747536e+00
27 16 -1.000296086716855e+00 -1.916504546607627e-03 -9.045779158407325e-04 -1.007624585594876e+00
27 17 -1.000296263494138e+00 -1.916536011008650e-03 -9.050744286008603e-04 -1.007623700411055e+00
27 18 -1.000296383584265e+00 -1.916413258001593e-03 -9.056645132269110e-04 -1.007623304025572e+00
27 19 -1.000296445075119e+00 -1.916139635830536e-03 -9.063285831671628e-04 -1.007623399678459e+00
27 20 -1.000296446902613e+00 -1.915721339889861e-03 -9.070441102395341e-04 -1.007623982355329e+00
27 21 -1.000296388835975e+00 -1.915166124393598e-03 -9.077909457427256e-04 -1.007625040544269e+00
27 22 -1.000296271233035e+00 -1.914481663419565e-03 -9.085558717097581e-04 -1.007626559609210e+00
27 23 -1.000296094727376e+00 -1.913674388149121e-03 -9.093343298868280e-04 -1.007628524945088e+00
27 24 -1.000295860052322e+00 -1.912749412667733e-03 -9.101285969149673e-04 -1.007630923123367e+00
27 25 -1.000295568123349e+00 -1.911711592942412e-03 -9.109433453161910e-04 -1.007633740349901e+00
27 26 -1.000295220349547e+00 -1.910567171566109e-03 -9.117807086150257e-04 -1.007636959044053e+00
27 27 -1.000294819013541e+00 -1.909325155051054e-03 -9.126371331380833e-04 -1.007640554381637e+00
27 28 -1.000294367510852e+00 -1.907997683849055e-03 -9.135034425819355e-04 -1.007644492736235e+00
27 29 -1.000293870301116e+00 -1.906599137599926e-03 -9.143680621768279e-04 -1.007648733045153e+00
27 30 -1.000293332576060e+00 -1.905144364888632e-03 -9.152218693463708e-04 -1.007653230588105e+00
27 31 -1.000292759813418e+00 -1.903646913585789e-03 -9.160623249011480e-04 -1.007657941290170e+00
27 32 -1.000292157454395e+00 -1.902118166293274e-03 -9.168948240193876e-04 -1.007662824313107e+00
27 33 -1.000291530863002e+00 -1.900567809562131e-03 -9.177304880028292e-04 -1.007667841664636e+00
27 34 -1.000290885552920e+00 -1.899005361555396e-03 -9.185812607668805e-04 -1.007672955233383e+00
27 35 -1.000290227514267e+00 -1.897441948674227e-03 -9.194543877964713e-04 -1.007678123034277e+00
27 36 -1.000289563421169e+00 -1.895891411346350e-03 -9.203486270681254e-04 -1.007683296828527e+00
27 37 -1.000288900566118e+00 -1.894370152170536e-03 -9.212537971574621e-04 -1.007688422564849e+00
27 38 -1.000288246514204e+00 -1.892895758334107e-03 -9.221538089606902e-04 -1.007693443630903e+00
27 39 -1.000287608630201e+00 -1.891485056154543e-03 -9.230317425161506e-04 -1.007698305382593e+00
27 40 -1.000286993713083e+00 -1.890152560405036e-03 -9.238745501936436e-04 -1.007702958671495e+00
27 41 -1.000286407912987e+00 -1.888910065112890e-03 -9.246751319036985e-04 -1.007707360647782e+00
27 42 -1.000285856933329e+00 -1.887767493888982e-03 -9.254308123859962e-04 -1.007711472695881e+00
27 43 -1.000285346348687e+00 -1.886734457603754e-03 -9.261390165035447e-04 -1.007715256978160e+00
27 44 -1.000284881806283e+00 -1.885821624678112e-03 -9.267923067616495e-04 -1.007718673769799e+00
27 45 -1.000284468952766e+00 -1.885041137799209e-03 -9.273752807235217e-04 -1.007721681268960e+00
27 46 -1.000284113085758e+00 -1.884405810193681e-03 -9.278649895335248e-04 -1.007724238217654e+00
27 47 -1.000283818686217e+00 -1.883927455989964e-03 -9.282349083892356e-04 -1.007726308161612e+00
27 48 -1.000283589061784e+00 -1.883615146900909e-03 -9.284608123580982e-04 -1.007727863279000e+00
27 49 -1.000283426274648e+00 -1.883474199487554e-03 -9.285260107872607e-04 -1.007728885962776e+00
27 50 -1.000283331362179e+00 -1.883506268052328e-03 -9.284237454153525e-04 -1.007729367664967e+00
27 51 -1.000283304684921e+00 -1.883710310142458e-03 -9.281559722834110e-04 -1.007729306089338e+00
27 52 -1.000283346168994e+00 -1.884083771266242e-03 -9.277294646432639e-04 -1.007728702649744e+00
27 53 -1.000283455290053e+00 -1.884623315999305e-03 -9.271513248253903e-04 -1.007727561746305e+00
27 54 -1.000283630815855e+00 -1.885324769428752e-03 -9.264260811240665e-04 -1.007725892184916e+00
27 55 -1.000283870478968e+00 -1.886182407479002e-03 -9.255556338928653e-04 -1.007723709737367e+00
27 56 -1.000284170803572e+00 -1.887188090517188e-03 -9.245419050494714e-04 -1.007721039134909e+00
27 57 -1.000284527231007e+00 -1.888330787130524e-03 -9.233908051172786e-04 -1.007717914097802e+00
27 58 -1.000284934519274e+00 -1.889596768841608e-03 -9.221155984605013e-04 -1.007714375169065e+00
27 59 -1.000285387231991e+00 -1.890970357585620e-03 -9.207380982302930e-04 -1.007710466420057e+00
27 60 -1.000285880084014e+00 -1.892434841216049e-03 -9.192871218714071e-04 -1.007706232675447e+00
27 61 -1.000286408003096e+00 -1.893973178970209e-03 -9.177947919152502e-04 -1.007701718433767e+00
27 62 -1.000286965934967e+00 -1.895568331346788e-03 -9.162920862596952e-04 -1.007696968549366e+00
27 63 -1.000287548559162e+00 -1.897203293840305e-03 -9.148052485767721e-04 -1.007692029731924e+00
28 0 -1.000288045958849e+00 -1.899584721707030e-03 -9.086509965717228e-04 -1.007686530773214e+00
28 1 -1.000288663632885e+00 -1.901251217496299e-03 -9.072663501519428e-04 -1.007681344311710e+00
28 2 -1.000289288955196e+00 -1.902909452320674e-03 -9.059426316734967e-04 -1.007676114929032e+00
28 3 -1.000289915942723e+00 -1.904543177106963e-03 -9.046918450265089e-04 -1.007670894184837e+00
28 4 -1.000290539250247e+00 -1.906136826790580e-03 -9.035285435206894e-04 -1.007665730350595e+00
28 5 -1.000291154201506e+00 -1.907675445573811e-03 -9.024703417101022e-04 -1.007660668263668e+00
28 6 -1.000291756528708e+00 -1.909144492367518e-03 -9.015361052582835e-04 -1.007655750706728e+00
28 7 -1.000292341980156e+00 -1.910529779204407e-03 -9.007424560237671e-04 -1.007651020224659e+00
28 8 -1.000292906018364e+00 -1.911817738558601e-03 -9.001000272362992e-04 -1.007646520056407e+00
28 9 -1.000293443774510e+00 -1.912996009917750e-03 -8.996111098614988e-04 -1.007642293406083e+00
28 10 -1.000293950284924e+00 -1.914054106808069e-03 -8.992698272660511e-04 -1.007638381258472e+00
28 11 -1.000294420880395e+00 -1.914983804098017e-03 -8.990649314288750e-04 -1.007634819848908e+00
28 12 -1.000294851511913e+00 -1.915778970013543e-03 -8.989841374201103e-04 -1.007631639203767e+00
28 13 -1.000295238835238e+00 -1.916434861785307e-03 -8.990181331338728e-04 -1.007628863589956e+00
28 14 -1.000295580024145e+00 -1.916947255454809e-03 -8.991624539160754e-04 -1.007626513524602e+00
28 15 -1.000295872444006e+00 -1.917311944193044e-03 -8.994163617287504e-04 -1.007624607980786e+00
28 16 -1.000296113392500e+00 -1.917524972668123e-03 -8.997792899269387e-04 -1.007623165282026e+00
28 17 -1.000296300067684e+00 -1.917583564223421e-03 -9.002466014433161e-04 -1.007622201975480e+00
28 18 -1.000296429793389e+00 -1.917487284529900e-03 -9.008067807919407e-04 -1.007621730185507e+00
28 19 -1.000296500388626e+00 -1.917238796894347e-03 -9.014415697716888e-04 -1.007621754893258e+00
28 20 -1.000296510483517e+00 -1.916843711190488e-03 -9.021292268571189e-04 -1.007622272761325e+00
28 21 -1.000296459611315e+00 -1.916309472441449e-03 -9.028496124863529e-04 -1.007623273359014e+00
28 22 -1.000296348039723e+00 -1.915643771295755e-03 -9.035888677077636e-04 -1.007624742273755e+00
28 23 -1.000296176465157e+00 -1.914853274233733e-03 -9.043415734347479e-04 -1.007626664418855e+00
28 24 -1.000295945774241e+00 -1.913943343496076e-03 -9.051094490782456e-04 -1.007629025655844e+00
28 25 -1.000295657029020e+00 -1.912918901300838e-03 -9.058972811715347e-04 -1.007631811787348e+00
28 26 -1.000295311696139e+00 -1.911785991296374e-03 -9.067080324942048e-04 -1.007635005445846e+00
28 27 -1.000294911998557e+00 -1.910553225036614e-03 -9.075393968346455e-04 -1.007638582567066e+00
28 28 -1.000294461192072e+00 -1.909232337969038e-03 -9.083833602572548e-04 -1.007642510426941e+00
28 29 -1.000293963597614e+00 -1.907837501125429e-03 -9.092289466460262e-04 -1.007646748489447e+00
28 30 -1.000293424350304e+00 -1.906383666606683e-03 -9.100668416341637e-04 -1.007651251843302e+00
28 31 -1.000292848991803e+00 -1.904884757590267e-03 -9.108936614386457e-04 -1.007655975536009e+00
28 32 -1.000292243126192e+00 -1.903352628277839e-03 -9.117137417793624e-04 -1.007660877550612e+00
28 33 -1.000291612313471e+00 -1.901797317399941e-03 -9.125374597029798e-04 -1.007665918933407e+00
28 34 -1.000290962222484e+00 -1.900228431575428e-03 -9.133767072687922e-04 -1.007671061198968e+00
28 35 -1.000290298911051e+00 -1.898656917349923e-03 -9.142394267947371e-04 -1.007676262615877e+00
28 36 -1.000289629032824e+00 -1.897096298910892e-03 -9.151255326796437e-04 -1.007681475534494e+00
28 37 -1.000288959813056e+00 -1.895562726581470e-03 -9.160259517497373e-04 -1.007686646364329e+00
28 38 -1.000288298762840e+00 -1.894073766349302e-03 -9.169251590490071e-04 -1.007691718436224e+00
28 39 -1.000287653253476e+00 -1.892646501774762e-03 -9.178060065503685e-04 -1.007696636426567e+00
28 40 -1.000287030163617e+00 -1.891295888244074e-03 -9.186545497030240e-04 -1.007701350113943e+00
28 41 -1.000286435773756e+00 -1.890034163115033e-03 -9.194625584389288e-04 -1.007705815598122e+00
28 42 -1.000285875928806e+00 -1.888871531330230e-03 -9.202265300623321e-04 -1.007709993587999e+00
28 43 -1.000285356321635e+00 -1.887817659129399e-03 -9.209437448348652e-04 -1.007713846040874e+00
28 44 -1.000284882679150e+00 -1.886883105748604e-03 -9.216073537999601e-04 -1.007717333305688e+00
28 45 -1.000284460694181e+00 -1.886079887044449e-03 -9.222029767213699e-04 -1.007720413580103e+00
28 46 -1.000284095694951e+00 -1.885420825129929e-03 -9.227086118907659e-04 -1.007723045217807e+00
28 47 -1.000283792196636e+00 -1.884917959305749e-03 -9.230981283247681e-04 -1.007725190887310e+00
28 48 -1.000283553556244e+00 -1.884580771510295e-03 -9.233469211149502e-04 -1.007726821564330e+00
28 49 -1.000283381903190e+00 -1.884415054553101e-03 -9.234372829955500e-04 -1.007727918436761e+00
28 50 -1.000283278359223e+00 -1.884422870206471e-03 -9.233612181145584e-04 -1.007728472028867e+00
28 51 -1.000283243386841e+00 -1.884603437133792e-03 -9.231197084929685e-04 -1.007728479469486e+00
28 52 -1.000283277031101e+00 -1.884954325428828e-03 -9.227191450420873e-04 -1.007727941804833e+00
28 53 -1.000283378895334e+00 -1.885472262517966e-03 -9.221668774074849e-04 -1.007726863030937e+00
28 54 -1.000283547864452e+00 -1.886153161955506e-03 -9.214680642399323e-04 -1.007725251339319e+00
28 55 -1.000283781752560e+00 -1.886991464051092e-03 -9.206252147785967e-04 -1.007723121682748e+00
28 56 -1.000284077111389e+00 -1.887979261487964e-03 -9.196404605160923e-04 -1.007720497946415e+00
28 57 -1.000284429357833e+00 -1.889105773269479e-03 -9.185193319794714e-04 -1.007717413207293e+00
28 58 -1.000284833201678e+00 -1.890357488695246e-03 -9.172741908065299e-04 -1.007713907690023e+00
28 59 -1.000285283180007e+00 -1.891718897782068e-03 -9.159257039240651e-04 -1.007710025397304e+00
28 60 -1.000285774042783e+00 -1.893173426212316e-03 -9.145016626895290e-04 -1.007705811112937e+00
28 61 -1.000286300824410e+00 -1.894704169868546e-03 -9.130335825928599e-04 -1.007701309109713e+00
28 62 -1.000286858618039e+00 -1.896294232292398e-03 -9.115523760191309e-04 -1.007696563776922e+00
28 63 -1.000287442231375e+00 -1.897926733330113e-03 -9.100846688050297e-04 -1.007691621268826e+00
29 0 -1.000287875643108e+00 -1.900247349141269e-03 -9.041093901921376e-04 -1.007686294810441e+00
29 1 -1.000288495735877e+00 -1.901914781650091e-03 -9.027415187559720e-04 -1.007681093361420e+00
29 2 -1.000289124527203e+00 -1.903576646130826e-03 -9.014330630409571e-04 -1.007675840402220e+00
29 3 -1.000289755856386e+00 -1.905216561655685e-03 -9.001956197441316e-04 -1.007670588261349e+00
29 4 -1.000290384238475e+00 -1.906818880783279e-03 -8.990428804190730e-04 -1.007665385977547e+00
29 5 -1.000291004958370e+00 -1.908368669113258e-03 -8.979914343723204e-04 -1.007660278827914e+00
29 6 -1.000291613818117e+00 -1.909851490979093e-03 -8.970593519319374e-04 -1.007655309607743e+00
29 7 -1.000292206690262e+00 -1.911253253547695e-03 -8.962630163955461e-04 -1.007650520646646e+00
29 8 -1.000292779125597e+00 -1.912560351881183e-03 -8.956134906617451e-04 -1.007645955134186e+00
29 9 -1.000293326225787e+00 -1.913760172433272e-03 -8.951139982637897e-04 -1.007641656765214e+00
29 10 -1.000293842848553e+00 -1.914841768478790e-03 -8.947597150390884e-04 -1.007637667697910e+00
29 11 -1.000294324035429e+00 -1.915796356180313e-03 -8.945401287366025e-04 -1.007634025830938e+00
29 12 -1.000294765430225e+00 -1.916617308789850e-03 -8.944430869335858e-04 -1.007630762891494e+00
29 13 -1.000295163464542e+00 -1.917299581856201e-03 -8.944588167770340e-04 -1.007627904411405e+00
29 14 -1.000295515227172e+00 -1.917838862687153e-03 -8.945821138111136e-04 -1.007625471514630e+00
29 15 -1.000295818119666e+00 -1.918230961057673e-03 -8.948116948268989e-04 -1.007623483283683e+00
29 16 -1.000296069515584e+00 -1.918471865739359e-03 -8.951470487936151e-04 -1.007621958103637e+00
29 17 -1.000296266626951e+00 -1.918558521939286e-03 -8.955843363110955e-04 -1.007620913016977e+00
29 18 -1.000296406660158e+00 -1.918489958522604e-03 -8.961133822337276e-04 -1.007620361320562e+00
29 19 -1.000296487184200e+00 -1.918268148693548e-03 -8.967173518259836e-04 -1.007620309704751e+00
29 20 -1.000296506516313e+00 -1.917898060974249e-03 -8.973754968917278e-04 -1.007620756608179e+00
29 21 -1.000296463920382e+00 -1.917386744763700e-03 -8.980679175648890e-04 -1.007621692884411e+00
29 22 -1.000296359526450e+00 -1.916741825967177e-03 -8.987802678260776e-04 -1.007623104572125e+00
29 23 -1.000296194049968e+00 -1.915970162095124e-03 -8.995062805820679e-04 -1.007624976269542e+00
29 24 -1.000295968505210e+00 -1.915077367945238e-03 -9.002469910446585e-04 -1.007627293186671e+00
29 25 -1.000295684097825e+00 -1.914068471428840e-03 -9.010070975873768e-04 -1.007630040686250e+00
29 26 -1.000295342364995e+00 -1.912949360223257e-03 -9.017902128910782e-04 -1.007633201545404e+00
29 27 -1.000294945484782e+00 -1.911728263523229e-03 -9.025952097131317e-04 -1.007636752439756e+00
29 28 -1.000294496575432e+00 -1.910416474920893e-03 -9.034153165679654e-04 -1.007640661630867e+00
29 29 -1.000293999801486e+00 -1.909027877101848e-03 -9.042403523694524e-04 -1.007644889294078e+00
29 30 -1.000293460207239e+00 -1.907577432539991e-03 -9.050610348058142e-04 -1.007649390554780e+00
29 31 -1.000292883359008e+00 -1.906079369603671e-03 -9.058732840235028e-04 -1.007654119772697e+00
29 32 -1.000292274992591e+00 -1.904545990753891e-03 -9.066803822577458e-04 -1.007659033846749e+00
29 33 -1.000291640849398e+00 -1.902987709903810e-03 -9.074918246525957e-04 -1.007664092855990e+00
29 34 -1.000290986756125e+00 -1.901414268665541e-03 -9.083192340841818e-04 -1.007669257879237e+00
29 35 -1.000290318851781e+00 -1.899836470816996e-03 -9.091710525009658e-04 -1.007674487389021e+00
29 36 -1.000289643783854e+00 -1.898267524928059e-03 -9.100482652264339e-04 -1.007679734342989e+00
29 37 -1.000288968716712e+00 -1.896723285397963e-03 -9.109429749700262e-04 -1.007684945712707e+00
29 38 -1.000288301102196e+00 -1.895221224514460e-03 -9.118404118512291e-04 -1.007690064923622e+00
29 39 -1.000287648303749e+00 -1.893778612174945e-03 -9.127234253740929e-04 -1.007695036112346e+00
29 40 -1.000287017262798e+00 -1.892410804170861e-03 -9.135773291051989e-04 -1.007699808057642e+00
29 41 -1.000286414377846e+00 -1.891130484517224e-03 -9.143927761336570e-04 -1.007704335797207e+00
29 42 -1.000285845632052e+00 -1.889948177669975e-03 -9.151653031194115e-04 -1.007708579292584e+00
29 43 -1.000285316843134e+00 -1.888873654053886e-03 -9.158918295236744e-04 -1.007712500214182e+00
29 44 -1.000284833831410e+00 -1.887917396315409e-03 -9.165658972419571e-04 -1.007716058939684e+00
29 45 -1.000284402352330e+00 -1.887091293697741e-03 -9.171740622585030e-04 -1.007719213676437e+00
29 46 -1.000284027779485e+00 -1.886408147054283e-03 -9.176953374274901e-04 -1.007721922436770e+00
29 47 -1.000283714672223e+00 -1.885880178305772e-03 -9.181041766865117e-04 -1.007724147053800e+00
29 48 -1.000283466440694e+00 -1.885517247977216e-03 -9.183758229957852e-04 -1.007725857299258e+00
29 49 -1.000283285279610e+00 -1.885325620744979e-03 -9.184917147837873e-04 -1.007727033098872e+00
29 50 -1.000283172389912e+00 -1.885307791143470e-03 -9.184426459909297e-04 -1.007727663953633e+00
29 51 -1.000283128331722e+00 -1.885463283529635e-03 -9.182285110467509e-04 -1.007727746315156e+00
29 52 -1.000283153270167e+00 -1.885789840246195e-03 -9.178551207024386e-04 -1.007727280778389e+00
29 53 -1.000283246946252e+00 -1.886284288918521e-03 -9.173298804313786e-04 -1.007726270874970e+00
29 54 -1.000283408381510e+00 -1.886942653934771e-03 -9.166584766496509e-04 -1.007724724127620e+00
29 55 -1.000283635497267e+00 -1.887759551643862e-03 -9.158440526166716e-04 -1.007722654595962e+00
29 56 -1.000283924897843e+00 -1.888727315974768e-03 -9.148890826232300e-04 -1.007720085213617e+00
29 57 -1.000284271991875e+00 -1.889835428118971e-03 -9.137988915827883e-04 -1.007717048292708e+00
29 58 -1.000284671442769e+00 -1.891070610795059e-03 -9.125850706891887e-04 -1.007713583635402e+00
29 59 -1.000285117749530e+00 -1.892417540460349e-03 -9.112671679014140e-04 -1.007709735116115e+00
29 60 -1.000285605680143e+00 -1.893859801384883e-03 -9.098718544973213e-04 -1.007705547463235e+00
29 61 -1.000286130364199e+00 -1.895380650340896e-03 -9.084298593399527e-04 -1.007701064728024e+00
29 62 -1.000286687045504e+00 -1.896963362620152e-03 -9.069718347627430e-04 -1.007696330820342e+00
29 63 -1.000287270680337e+00 -1.898591214584216e-03 -9.055246546566724e-04 -1.007691391278641e+00
30 0 -1.000287641051835e+00 -1.900843248883585e-03 -8.997760114574952e-04 -1.007686241277657e+00
30 1 -1.000288262713285e+00 -1.902509714522016e-03 -8.984254928364642e-04 -1.007681030662338e+00
30 2 -1.000288894201802e+00 -1.904173421445974e-03 -8.971327836155209e-04 -1.007675759486488e+00
30 3 -1.000289529180707e+00 -1.905817849229410e-03 -8.959092385648810e-04 -1.007670480815787e+00
30 4 -1.000290162007489e+00 -1.907427247599305e-03 -8.947677935588715e-04 -1.007665244502132e+00
30 5 -1.000290787901693e+00 -1.908986685174575e-03 -8.937240074444358e-04 -1.007660096350814e+00
30 6 -1.000291402716007e+00 -1.910481832460899e-03 -8.927950350668105e-04 -1.007655079237152e+00
30 7 -1.000292002448637e+00 -1.911898721141530e-03 -8.919968333899333e-04 -1.007650235264600e+00
30 8 -1.000292582764317e+00 -1.913223762105333e-03 -8.913407183508111e-04 -1.007645607466412e+00
30 9 -1.000293138776874e+00 -1.914444147528002e-03 -8.908307571616715e-04 -1.007641239858867e+00
30 10 -1.000293665206597e+00 -1.915548511110904e-03 -8.904632172319464e-04 -1.007637175611374e+00
30 11 -1.000294156829465e+00 -1.916527516072250e-03 -8.902284730842563e-04 -1.007633454201039e+00
30 12 -1.000294608979375e+00 -1.917374011223185e-03 -8.901147000300287e-04 -1.007630109081124e+00
30 13 -1.000295017838484e+00 -1.918082603850844e-03 -8.901118143464030e-04 -1.007627167159176e+00
30 14 -1.000295380377762e+00 -1.918648857113650e-03 -8.902139066324731e-04 -1.007624650291248e+00
30 15 -1.000295694012915e+00 -1.919068596581880e-03 -8.904190519730233e-04 -1.007622577730189e+00
30 16 -1.000295956194335e+00 -1.919337793950308e-03 -8.907266124581276e-04 -1.007620967877776e+00
30 17 -1.000296164171542e+00 -1.919453177149943e-03 -8.911333651255492e-04 -1.007619838142123e+00
30 18 -1.000296315066929e+00 -1.919413289016811e-03 -8.916303849637041e-04 -1.007619202851312e+00
30 19 -1.000296406224278e+00 -1.919219423203535e-03 -8.922023120634487e-04 -1.007619070338396e+00
30 20 -1.000296435649174e+00 -1.918875865520855e-03 -8.928295700752696e-04 -1.007619440878535e+00
30 21 -1.000296402310005e+00 -1.918389190544922e-03 -8.934927292848419e-04 -1.007620306785801e+00
30 22 -1.000296306154909e+00 -1.917766875534540e-03 -8.941771377433290e-04 -1.007621654773191e+00
30 23 -1.000296147873127e+00 -1.917015915111605e-03 -8.948757336812261e-04 -1.007623469305260e+00
30 24 -1.000295928576445e+00 -1.916142170602320e-03 -8.955887750998799e-04 -1.007625735020614e+00
30 25 -1.000295649606300e+00 -1.915150809724087e-03 -8.963206816005058e-04 -1.007628436820335e+00
30 26 -1.000295312580586e+00 -1.914047609706928e-03 -8.970755200237637e-04 -1.007631557558052e+00
30 27 -1.000294919647742e+00 -1.912840439484629e-03 -8.978532356713261e-04 -1.007635074614648e+00
30 28 -1.000294473794204e+00 -1.911540126143710e-03 -8.986483363120424e-04 -1.007638957297654e+00
30 29 -1.000293979015186e+00 -1.910160193015383e-03 -8.994516033889511e-04 -1.007643166659462e+00
30 30 -1.000293440233245e+00 -1.908715520099089e-03 -9.002540097644466e-04 -1.007647658086457e+00
30 31 -1.000292863000173e+00 -1.907220562318859e-03 -9.010509554521331e-04 -1.007652385455280e+00
30 32 -1.000292253149316e+00 -1.905688034369004e-03 -9.018447168335432e-04 -1.007657304699634e+00
30 33 -1.000291616584390e+00 -1.904128738041145e-03 -9.026438051929458e-04 -1.007662374945768e+00
30 34 -1.000290959288455e+00 -1.902552593238218e-03 -9.034593697553271e-04 -1.007667556782096e+00
30 35 -1.000290287492817e+00 -1.900970303009367e-03 -9.043001381602737e-04 -1.007672808827565e+00
30 36 -1.000289607853192e+00 -1.899394771699811e-03 -9.051680408025968e-04 -1.007678084647162e+00
30 37 -1.000288927481651e+00 -1.897841525701055e-03 -9.060563768897416e-04 -1.007683331856371e+00
30 38 -1.000288253768626e+00 -1.896327877793460e-03 -9.069512897826675e-04 -1.007688494116008e+00
30 39 -1.000287594057763e+00 -1.894871211964144e-03 -9.078358481213217e-04 -1.007693515165946e+00
30 40 -1.000286955337138e+00 -1.893487236169226e-03 -9.086948038490607e-04 -1.007698342872068e+00
30 41 -1.000286344109896e+00 -1.892189074355629e-03 -9.095177473251371e-04 -1.007702931213682e+00
30 42 -1.000285766491807e+00 -1.890987601485055e-03 -9.102991578913149e-04 -1.007707239342578e+00
30 43 -1.000285228429074e+00 -1.889892739514138e-03 -9.110353923740062e-04 -1.007711228561409e+00
30 44 -1.000284735846716e+00 -1.888914931576545e-03 -9.117201701468354e-04 -1.007714859225550e+00
30 45 -1.000284294578229e+00 -1.888065948532496e-03 -9.123408573682506e-04 -1.007718089553750e+00
30 46 -1.000283910057872e+00 -1.887358546940408e-03 -9.128775019170025e-04 -1.007720877259806e+00
30 47 -1.000283586900688e+00 -1.886805090781828e-03 -9.133053012979652e-04 -1.007723183388707e+00
30 48 -1.000283328575537e+00 -1.886415783154616e-03 -9.135995708156007e-04 -1.007724976520427e+00
30 49 -1.000283137341865e+00 -1.886197347707343e-03 -9.137410833716423e-04 -1.007726235276767e+00
30 50 -1.000283014474846e+00 -1.886152727894418e-03 -9.137194938095141e-04 -1.007726948051342e+00
30 51 -1.000282960626305e+00 -1.886281791155485e-03 -9.135335370478324e-04 -1.007727110523999e+00
30 52 -1.000282976079232e+00 -1.886582495742301e-03 -9.131882680389553e-04 -1.007726722761901e+00
30 53 -1.000283060718341e+00 -1.887051806247079e-03 -9.126909512668194e-04 -1.007725787779826e+00
30 54 -1.000283213718185e+00 -1.887685882034049e-03 -9.120476703280003e-04 -1.007724312385711e+00
30 55 -1.000283433131884e+00 -1.888479528990520e-03 -9.112621923424418e-04 -1.007722309681153e+00
30 56 -1.000283715642482e+00 -1.889425331186404e-03 -9.103374432964144e-04 -1.007719801551640e+00
30 57 -1.000284056669422e+00 -1.890513041704163e-03 -9.092787160310060e-04 -1.007716819427553e+00
30 58 -1.000284450835131e+00 -1.891729629207980e-03 -9.080969878881469e-04 -1.007713402581945e+00
30 59 -1.000284892591369e+00 -1.893059971231387e-03 -9.068107554622338e-04 -1.007709594695158e+00
30 60 -1.000285376706510e+00 -1.894487826822141e-03 -9.054455166009254e-04 -1.007705440424302e+00
30 61 -1.000285898390133e+00 -1.895996632949968e-03 -9.040310590920929e-04 -1.007700983611954e+00
30 62 -1.000286453034539e+00 -1.897569861666266e-03 -9.025975813124909e-04 -1.007696267689827e+00
30 63 -1.000287035760354e+00 -1.899190976958084e-03 -9.011720490401557e-04 -1.007691337535451e+00
31 0 -1.000287344511385e+00 -1.901367406119743e-03 -8.956949098537312e-04 -1.007686366505693e+00
31 1 -1.000287966906752e+00 -1.903031066472042e-03 -8.943620477714850e-04 -1.007681152446584e+00
31 2 -1.000288600326059e+00 -1.904694874920415e-03 -8.930852640921701e-04 -1.007675868392405e+00
31 3 -1.000289238263388e+00 -1.906342167476903e-03 -8.918758433175614e-04 -1.007670568096448e+00
31 4 -1.000289874904482e+00 -1.907957070660140e-03 -8.907461002704621e-04 -1.007665302255326e+00
31 5 -1.000290505377075e+00 -1.909524633462458e-03 -8.897105974394154e-04 -1.007660117288669e+00
31 6 -1.000291125561486e+00 -1.911030626126578e-03 -8.887854878517195e-04 -1.007655056230792e+00
31 7 -1.000291731576798e+00 -1.912461227121706e-03 -8.879861288593309e-04 -1.007650160968412e+00
31 8 -1.000292319221463e+00 -1.913802912720943e-03 -8.873239024741204e-04 -1.007645474290568e+00
31 9 -1.000292883660425e+00 -1.915042741792813e-03 -8.868036004248688e-04 -1.007641040372163e+00
31 10 -1.000293419519733e+00 -1.916168977270926e-03 -8.864225840627202e-04 -1.007636903219345e+00
31 11 -1.000293921339509e+00 -1.917171745904929e-03 -8.861722393666725e-04 -1.007633103775836e+00
31 12 -1.000294384148089e+00 -1.918043350698831e-03 -8.860412613163223e-04 -1.007629677217911e+00
31 13 -1.000294803857758e+00 -1.918778005894778e-03 -8.860194265216328e-04 -1.007626651923033e+00
31 14 -1.000295177289580e+00 -1.919371110722661e-03 -8.861001907331859e-04 -1.007624050604407e+00
31 15 -1.000295501848344e+00 -1.919818498617149e-03 -8.862809225476965e-04 -1.007621892758075e+00
31 16 -1.000295775057375e+00 -1.920116157722392e-03 -8.865606873747347e-04 -1.007620196772365e+00
31 17 -1.000295994223545e+00 -1.920260660225918e-03 -8.869366837638466e-04 -1.007618980297292e+00
31 18 -1.000296156418870e+00 -1.920250122547982e-03 -8.874011101630991e-04 -1.007618258538338e+00
31 19 -1.000296258791772e+00 -1.920085184706579e-03 -8.879400875216227e-04 -1.007618041372501e+00
31 20 -1.000296299045601e+00 -1.919769424431933e-03 -8.885353550262190e-04 -1.007618330931539e+00
31 21 -1.000296275834977e+00 -1.919308871789885e-03 -8.891681749116519e-04 -1.007619121135747e+00
31 22 -1.000296188886211e+00 -1.918710770988325e-03 -8.898237910484488e-04 -1.007620399586574e+00
31 23 -1.000296038816852e+00 -1.917982191470132e-03 -8.904944388892955e-04 -1.007622150807380e+00
31 24 -1.000295826802332e+00 -1.917129224557167e-03 -8.911795436641163e-04 -1.007624358965485e+00
31 25 -1.000295554307230e+00 -1.916157205059743e-03 -8.918830746797403e-04 -1.007627008495014e+00
31 26 -1.000295223036926e+00 -1.915071845763232e-03 -8.926093492355028e-04 -1.007630082261718e+00
31 27 -1.000294835125296e+00 -1.913880685543568e-03 -8.933592463924564e-04 -1.007633558304953e+00
31 28 -1.000294393435801e+00 -1.912594072510538e-03 -8.941285468136863e-04 -1.007637407015922e+00
31 29 -1.000293901786077e+00 -1.911225109620443e-03 -8.949091277397430e-04 -1.007641590469290e+00
31 30 -1.000293364949777e+00 -1.909788503879442e-03 -8.956924314562306e-04 -1.007646064530551e+00
31 31 -1.000292788425980e+00 -1.908298851631672e-03 -8.964735342559126e-04 -1.007650782809142e+00
31 32 -1.000292178109361e+00 -1.906769232044884e-03 -8.972537935768077e-04 -1.007655700414079e+00
31 33 -1.000291540042795e+00 -1.905210836385466e-03 -8.980406739955222e-04 -1.007660775554111e+00
31 34 -1.000290880359881e+00 -1.903633800843816e-03 -8.988446673048316e-04 -1.007665968283069e+00
31 35 -1.000290205392432e+00 -1.902048772737827e-03 -8.996745649479995e-04 -1.007671237304169e+00
31 36 -1.000289521818319e+00 -1.900468373454865e-03 -9.005330818967300e-04 -1.007676536772556e+00
31 37 -1.000288836707695e+00 -1.898907781198424e-03 -9.014146873649960e-04 -1.007681815009252e+00
31 38 -1.000288157390280e+00 -1.897384091399331e-03 -9.023065574554813e-04 -1.007687016039198e+00
31 39 -1.000287491180475e+00 -1.895914730363282e-03 -9.031921886162147e-04 -1.007692083350070e+00
31 40 -1.000286845098070e+00 -1.894515703566709e-03 -9.040559688856226e-04 -1.007696963993652e+00
31 41 -1.000286225736972e+00 -1.893200558563974e-03 -9.048865180353756e-04 -1.007701610909232e+00
31 42 -1.000285639337859e+00 -1.891980543561710e-03 -9.056772012280907e-04 -1.007705982387408e+00
31 43 -1.000285091976126e+00 -1.890865776159896e-03 -9.064236332689827e-04 -1.007710039285326e+00
31 44 -1.000284589690160e+00 -1.889866700251702e-03 -9.071194911940463e-04 -1.007713741879579e+00
31 45 -1.000284138405483e+00 -1.888994984269823e-03 -9.077527913668461e-04 -1.007717048392473e+00
31 46 -1.000283743632362e+00 -1.888263325167353e-03 -9.083045903071800e-04 -1.007719916276510e+00
31 47 -1.000283410054238e+00 -1.887684191837811e-03 -9.087509491403459e-04 -1.007722305839612e+00
31 48 -1.000283141206129e+00 -1.887268091576922e-03 -9.090674668589987e-04 -1.007724184493600e+00
31 49 -1.000282939413490e+00 -1.887022187411035e-03 -9.092344569267148e-04 -1.007725529527527e+00
31 50 -1.000282806021518e+00 -1.886949879362458e-03 -9.092405452619694e-04 -1.007726328154398e+00
31 51 -1.000282741766653e+00 -1.887051407443086e-03 -9.090832786138837e-04 -1.007726575196728e+00
31 52 -1.000282747044460e+00 -1.887324984243240e-03 -9.087668093671010e-04 -1.007726270125420e+00
31 53 -1.000282821885424e+00 -1.887767746535982e-03 -9.082980670374721e-04 -1.007725415393453e+00
31 54 -1.000282965630015e+00 -1.888376013925474e-03 -9.076833793144934e-04 -1.007724017056623e+00
31 55 -1.000283176485754e+00 -1.889144796680865e-03 -9.069270919525248e-04 -1.007722087205120e+00
31 56 -1.000283451240766e+00 -1.890066937651260e-03 -9.060326622781537e-04 -1.007719646592162e+00
31 57 -1.000283785346826e+00 -1.891132469617190e-03 -9.050055160777803e-04 -1.007716725657006e+00
31 58 -1.000284173394453e+00 -1.892328616895824e-03 -9.038561906753136e-04 -1.007713363036041e+00
31 59 -1.000284609781895e+00 -1.893640469088871e-03 -9.026022357937441e-04 -1.007709602144206e+00
31 60 -1.000285089260539e+00 -1.895051971508121e-03 -9.012679648747072e-04 -1.007705487549299e+00
31 61 -1.000285607101809e+00 -1.896546755419418e-03 -8.998821016684684e-04 -1.007701062904312e+00
31 62 -1.000286158839323e+00 -1.898108510343865e-03 -8.984742055351229e-04 -1.007696371177781e+00
31 63 -1.000286739768820e+00 -1.899720916935116e-03 -8.970711622413163e-04 -1.007691456557179e+00
32 0 -1.000286988774393e+00 -1.901815499447747e-03 -8.919070954754107e-04 -1.007686665712013e+00
32 1 -1.000287611088195e+00 -1.903474591083176e-03 -8.905919366705028e-04 -1.007681453807663e+00
32 2 -1.000288245680139e+00 -1.905136814322822e-03 -8.893309725078471e-04 -1.007676162172480e+00
32 3 -1.000288885886922e+00 -1.906785361877317e-03 -8.881355881407857e-04 -1.007670845180038e+00
32 4 -1.000289525712589e+00 -1.908404217981896e-03 -8.870176346868228e-04 -1.007665554386816e+00
32 5 -1.000290160167725e+00 -1.909978386339727e-03 -8.859907498134122e-04 -1.007660336906748e+00
32 6 -1.000290785134373e+00 -1.911493723812648e-03 -8.850700354794663e-04 -1.007655236020135e+00
32 7 -1.000291396841811e+00 -1.912936570263507e-03 -8.842700975391563e-04 -1.007650293425295e+00
32 8 -1.000291991235702e+00 -1.914293512094869e-03 -8.836021937958928e-04 -1.007645551598970e+00
32 9 -1.000292563567427e+00 -1.915551536880680e-03 -8.830716950705571e-04 -1.007641054720796e+00
32 10 -1.000293108412860e+00 -1.916698592708891e-03 -8.826770220216379e-04 -1.007636847450655e+00
32 11 -1.000293620110995e+00 -1.917724296606842e-03 -8.824106660792432e-04 -1.007632972063872e+00
32 12 -1.000294093395826e+00 -1.918620393345641e-03 -8.822620234100240e-04 -1.007629465428871e+00
32 13 -1.000294523894995e+00 -1.919380663186339e-03 -8.822209165512558e-04 -1.007626357466575e+00
32 14 -1.000294908249603e+00 -1.920000299086645e-03 -8.822802688037466e-04 -1.007623671866991e+00
32 15 -1.000295243826191e+00 -1.920475127328389e-03 -8.824367122693200e-04 -1.007621428452382e+00
32 16 -1.000295528212200e+00 -1.920801179084950e-03 -8.826888658391115e-04 -1.007619645584537e+00
32 17 -1.000295758787300e+00 -1.920974930920559e-03 -8.830341485929656e-04 -1.007618341041396e+00
32 18 -1.000295932605924e+00 -1.920994139604527e-03 -8.834657241318237e-04 -1.007617530743168e+00
32 19 -1.000296046654889e+00 -1.920858831670032e-03 -8.839711554670791e-04 -1.007617225983698e+00
32 20 -1.000296098352125e+00 -1.920571867288251e-03 -8.845336018921516e-04 -1.007617430733742e+00
32 21 -1.000296086028161e+00 -1.920138673454962e-03 -8.851352227110903e-04 -1.007618140633467e+00
32 22 -1.000296009153017e+00 -1.919566179181999e-03 -8.857613717762632e-04 -1.007619344372170e+00
32 23 -1.000295868228143e+00 -1.918861459994898e-03 -8.864037084297762e-04 -1.007621026730292e+00
32 24 -1.000295664455735e+00 -1.918030809892787e-03 -8.870608096867177e-04 -1.007623171523491e+00
32 25 -1.000295399405958e+00 -1.917079749442884e-03 -8.877360493033057e-04 -1.007625762733011e+00
32 26 -1.000295074874639e+00 -1.916013971750206e-03 -8.884337912826426e-04 -1.007628783178411e+00
32 27 -1.000294692995512e+00 -1.914840722990822e-03 -8.891556830351564e-04 -1.007632211499220e+00
32 28 -1.000294256520510e+00 -1.913569871709541e-03 -8.898987304292286e-04 -1.007636019185739e+00
32 29 -1.000293769085825e+00 -1.912214050037957e-03 -8.906560024389089e-04 -1.007640169459580e+00
32 30 -1.000293235293083e+00 -1.910787705618655e-03 -8.914196088470003e-04 -1.007644618874799e+00
32 31 -1.000292660552409e+00 -1.909305486959841e-03 -8.921845111498165e-04 -1.007649320996106e+00
32 32 -1.000292050782621e+00 -1.907780779612079e-03 -8.929512699778338e-04 -1.007654230266616e+00
32 33 -1.000291412139168e+00 -1.906225154405739e-03 -8.937262815263652e-04 -1.007659304033850e+00
32 34 -1.000290750896056e+00 -1.904648994851599e-03 -8.945192239282241e-04 -1.007664501785837e+00
32 35 -1.000290073490536e+00 -1.903062938610283e-03 -8.953387310834209e-04 -1.007669782245985e+00
32 36 -1.000289386635536e+00 -1.901479353866759e-03 -8.961881141912507e-04 -1.007675100127107e+00
32 37 -1.000288697370888e+00 -1.899913062043929e-03 -8.970629410437400e-04 -1.007680404497661e+00
32 38 -1.000288012968840e+00 -1.898380892496754e-03 -8.979514973488108e-04 -1.007685639861859e+00
32 39 -1.000287340707699e+00 -1.896900244671115e-03 -8.988378945186564e-04 -1.007690749598261e+00
32 40 -1.000286687625539e+00 -1.895487362212069e-03 -8.997063631236811e-04 -1.007695680053326e+00
32 41 -1.000286060392959e+00 -1.894156190663337e-03 -9.005446781441154e-04 -1.007700383160103e+00
32 42 -1.000285465366048e+00 -1.892918365158088e-03 -9.013450752833939e-04 -1.007704816309130e+00
32 43 -1.000284908747415e+00 -1.891784238636508e-03 -9.021022771485628e-04 -1.007708939838114e+00
32 44 -1.000284396694761e+00 -1.890764297933914e-03 -9.028097011835624e-04 -1.007712713883338e+00
32 45 -1.000283935237656e+00 -1.889870131607870e-03 -9.034558277170805e-04 -1.007716096654236e+00
32 46 -1.000283529977047e+00 -1.889114369313278e-03 -9.040226512992064e-04 -1.007719045373693e+00
32 47 -1.000283185678351e+00 -1.888509552608799e-03 -9.044871739604800e-04 -1.007721519664810e+00
32 48 -1.000282905952157e+00 -1.888066454487030e-03 -9.048254675351192e-04 -1.007723485802734e+00
32 49 -1.000282693193254e+00 -1.887792652507952e-03 -9.050176000433361e-04 -1.007724919726940e+00
32 50 -1.000282548813706e+00 -1.887692002662577e-03 -9.050513120487898e-04 -1.007725807408793e+00
32 51 -1.000282473626827e+00 -1.887765139005867e-03 -9.049229765028477e-04 -1.007726142736988e+00
32 52 -1.000282468133078e+00 -1.888010561540621e-03 -9.046357300419387e-04 -1.007725924523508e+00
32 53 -1.000282532507032e+00 -1.888425612167718e-03 -9.041959836306010e-04 -1.007725154620981e+00
32 54 -1.000282666263856e+00 -1.889006795682108e-03 -9.036101402706475e-04 -1.007723838306643e+00
32 55 -1.000282867785101e+00 -1.889749341845802e-03 -9.028830463053522e-04 -1.007721986620920e+00
32 56 -1.000283133989841e+00 -1.890646360852805e-03 -9.020187369531298e-04 -1.007719619114618e+00
32 57 -1.000283460385895e+00 -1.891688171935307e-03 -9.010229195414013e-04 -1.007716765134501e+00
32 58 -1.000283841544565e+00 -1.892862262257504e-03 -8.999058744913381e-04 -1.007713462573938e+00
32 59 -1.000284271807411e+00 -1.894153940480843e-03 -8.986843413887144e-04 -1.007709754508522e+00
32 60 -1.000284745892362e+00 -1.895547344699769e-03 -8.973814809238132e-04 -1.007705685396848e+00
32 61 -1.000285259112535e+00 -1.897026309372593e-03 -8.960248663470498e-04 -1.007701298724769e+00
32 62 -1.000285807131217e+00 -1.898574757542427e-03 -8.946432496248494e-04 -1.007696637023573e+00
32 63 -1.000286385424763e+00 -1.900176612499862e-03 -8.932632561273204e-04 -1.007691743777773e+00
33 0 -1.000286576998230e+00 -1.902183913229362e-03 -8.884500781032283e-04 -1.007687133178748e+00
33 1 -1.000287198437099e+00 -1.903836755828859e-03 -8.871524337595980e-04 -1.007681928883402e+00
33 2 -1.000287833453400e+00 -1.905495767244056e-03 -8.859069244818807e-04 -1.007676634908969e+00
33 3 -1.000288475243228e+00 -1.907144002059703e-03 -8.847251988960300e-04 -1.007671306165259e+00
33 4 -1.000289117623837e+00 -1.908765285746839e-03 -8.836188179703745e-04 -1.007665995065251e+00
33 5 -1.000289755465460e+00 -1.910344549261059e-03 -8.826006007122242e-04 -1.007660749487263e+00
33 6 -1.000290384623999e+00 -1.911867716846032e-03 -8.816845877168809e-04 -1.007655613049361e+00
33 7 -1.000291001422873e+00 -1.913321296623360e-03 -8.808845083710539e-04 -1.007650627306534e+00
33 8 -1.000291601962118e+00 -1.914692024441552e-03 -8.802113094581483e-04 -1.007645834374187e+00
33 9 -1.000292181610490e+00 -1.915966878398972e-03 -8.796707744410710e-04 -1.007641278293606e+00
33 10 -1.000292734937384e+00 -1.917133553306359e-03 -8.792623129242097e-04 -1.007637004191374e+00
33 11 -1.000293256119353e+00 -1.918181192961164e-03 -8.789795813816420e-04 -1.007633055519919e+00
33 12 -1.000293739613998e+00 -1.919100981669249e-03 -8.788128408432210e-04 -1.007629470780408e+00
33 13 -1.000294180755968e+00 -1.919886230882122e-03 -8.787521521311329e-04 -1.007626281485705e+00
33 14 -1.000294575979401e+00 -1.920531883924612e-03 -8.787900368814699e-04 -1.007623512412949e+00
33 15 -1.000294922583729e+00 -1.921033737811129e-03 -8.789223971013131e-04 -1.007621183802877e+00
33 16 -1.000295218206980e+00 -1.921387885308530e-03 -8.791472813251171e-04 -1.007619313995629e+00
33 17 -1.000295460312315e+00 -1.921590764551951e-03 -8.794621297069951e-04 -1.007617920794679e+00
33 18 -1.000295645967540e+00 -1.921639844670449e-03 -8.798608872698315e-04 -1.007617020667237e+00
33 19 -1.000295772034129e+00 -1.921534591156078e-03 -8.803324779411710e-04 -1.007616626174286e+00
33 20 -1.000295835667715e+00 -1.921277152257724e-03 -8.808615438835474e-04 -1.007616743074526e+00
33 21 -1.000295834872264e+00 -1.920872305701132e-03 -8.814313226740906e-04 -1.007617368808895e+00
33 22 -1.000295768833299e+00 -1.920326587864652e-03 -8.820274962844642e-04 -1.007618493334706e+00
33 23 -1.000295637893972e+00 -1.919647007062175e-03 -8.826413042228598e-04 -1.007620101889352e+00
33 24 -1.000295443244145e+00 -1.918840022168131e-03 -8.832705006561683e-04 -1.007622178074472e+00
33 25 -1.000295186537419e+00 -1.917911348496580e-03 -8.839177505535578e-04 -1.007624705452616e+00
33 26 -1.000294869659002e+00 -1.916866701296680e-03 -8.845872687021402e-04 -1.007627666746947e+00
33 27 -1.000294494755581e+00 -1.915713076882364e-03 -8.852812856894159e-04 -1.007631041130045e+00
33 28 -1.000294064480934e+00 -1.914459874725376e-03 -8.859979468129582e-04 -1.007634801186179e+00
33 29 -1.000293582290126e+00 -1.913119217062838e-03 -8.867315694264763e-04 -1.007638911386533e+00
33 30 -1.000293052594191e+00 -1.911705212148789e-03 -8.874751060985359e-04 -1.007643329170028e+00
33 31 -1.000292480680913e+00 -1.910232469618243e-03 -8.882236169210093e-04 -1.007648008281263e+00
33 32 -1.000291872455971e+00 -1.908714614297980e-03 -8.889770178849751e-04 -1.007652902672355e+00
33 33 -1.000291234158010e+00 -1.907163575166383e-03 -8.897406565942914e-04 -1.007657968906668e+00
33 34 -1.000290572187327e+00 -1.905590006065129e-03 -8.905232743337526e-04 -1.007663165888983e+00
33 35 -1.000289893088153e+00 -1.904004580378405e-03 -8.913331349269965e-04 -1.007668452298852e+00
33 36 -1.000289203619767e+00 -1.902419449555780e-03 -8.921739373611337e-04 -1.007673783361716e+00
33 37 -1.000288510803814e+00 -1.900849080549501e-03 -8.930422355639572e-04 -1.007679108917006e+00
33 38 -1.000287821860492e+00 -1.899309998007788e-03 -8.939274570329267e-04 -1.007684374048066e+00
33 39 -1.000287144027792e+00 -1.897819509879013e-03 -8.948144864602527e-04 -1.007689522162815e+00
33 40 -1.000286484350395e+00 -1.896394035548361e-03 -8.956876031693525e-04 -1.007694499019534e+00
33 41 -1.000285849561626e+00 -1.895047884286948e-03 -8.965338907970596e-04 -1.007699255594649e+00
33 42 -1.000285246122036e+00 -1.893793082520884e-03 -8.973444815960264e-04 -1.007703748353335e+00
33 43 -1.000284680357015e+00 -1.892640252773865e-03 -8.981130904226506e-04 -1.007707937044670e+00
33 44 -1.000284158546709e+00 -1.891599967266918e-03 -8.988326693032508e-04 -1.007711781599519e+00
33 45 -1.000283686834318e+00 -1.890683762349279e-03 -8.994919586688270e-04 -1.007715240190874e+00
33 46 -1.000283270924923e+00 -1.889904200052604e-03 -9.000737807233946e-04 -1.007718269837715e+00
33 47 -1.000282915679930e+00 -1.889273868427674e-03 -9.005561108591171e-04 -1.007720829529433e+00
33 48 -1.000282624796645e+00 -1.888803769182622e-03 -9.009156530976442e-04 -1.007722884442062e+00
33 49 -1.000282400744564e+00 -1.888501865512971e-03 -9.011324425494521e-04 -1.007724409160739e+00
33 50 -1.000282245000854e+00 -1.888372461229102e-03 -9.011935044919348e-04 -1.007725388366696e+00
33 51 -1.000282158448058e+00 -1.888416598309808e-03 -9.010940935394687e-04 -1.007725814946195e+00
33 52 -1.000282141682119e+00 -1.888633091789535e-03 -9.008362542733710e-04 -1.007725686993811e+00
33 53 -1.000282195016435e+00 -1.889019518453725e-03 -9.004257127913663e-04 -1.007725005729613e+00
33 54 -1.000282318145137e+00 -1.889572591663453e-03 -8.998687701462088e-04 -1.007723775638276e+00
33 55 -1.000282509639771e+00 -1.890287775363668e-03 -8.991706660983638e-04 -1.007722006688393e+00
33 56 -1.000282766575010e+00 -1.891158455745327e-03 -8.983360250548999e-04 -1.007719717173066e+00
33 57 -1.000283084540033e+00 -1.892175244671556e-03 -8.973709609357631e-04 -1.007716935254950e+00
33 58 -1.000283458102993e+00 -1.893325897144272e-03 -8.962856811173664e-04 -1.007713697981881e+00
33 59 -1.000283881548967e+00 -1.894595944014064e-03 -8.950962779132857e-04 -1.007710048015328e+00
33 60 -1.000284349547566e+00 -1.895969717754371e-03 -8.938248321119463e-04 -1.007706029682680e+00
33 61 -1.000284857432197e+00 -1.897431259513783e-03 -8.924977200034742e-04 -1.007701686326943e+00
33 62 -1.000285400980163e+00 -1.898964736702797e-03 -8.911427415083131e-04 -1.007697060077619e+00
33 63 -1.000285975848675e+00 -1.900554337366946e-03 -8.897860805647066e-04 -1.007692193718921e+00
34 0 -1.000286112724817e+00 -1.902469740898546e-03 -8.853574655611371e-04 -1.007687762423036e+00
34 1 -1.000286732519344e+00 -1.904114743644329e-03 -8.840769366084377e-04 -1.007682571030428e+00
34 2 -1.000287367222282e+00 -1.905768981078046e-03 -8.828462912786571e-04 -1.007677279891477e+00
34 3 -1.000288009910562e+00 -1.907415380124095e-03 -8.816775893958794e-04 -1.007671944353089e+00
34 4 -1.000288654214840e+00 -1.909037594584827e-03 -8.805822847076681e-04 -1.007666617661863e+00
34 5 -1.000289294844875e+00 -1.910620454610660e-03 -8.795725143968991e-04 -1.007661348517601e+00
34 6 -1.000289927601676e+00 -1.912149927496998e-03 -8.786612864990988e-04 -1.007656180968665e+00
34 7 -1.000290548882182e+00 -1.913612689089408e-03 -8.778613601477726e-04 -1.007651156485312e+00
34 8 -1.000291154941711e+00 -1.914995657782868e-03 -8.771831947237399e-04 -1.007646316791205e+00
34 9 -1.000291741292186e+00 -1.916285862228408e-03 -8.766328052377965e-04 -1.007641705659730e+00
34 10 -1.000292302538668e+00 -1.917470809916883e-03 -8.762104863286159e-04 -1.007637368496636e+00
34 11 -1.000292832737061e+00 -1.918539217641875e-03 -8.759110813602530e-04 -1.007633349759096e+00
34 12 -1.000293326093007e+00 -1.919481718255938e-03 -8.757258550955781e-04 -1.007629689492502e+00
34 13 -1.000293777646597e+00 -1.920291127072280e-03 -8.756452985097041e-04 -1.007626420823400e+00
34 14 -1.000294183601856e+00 -1.920962094763590e-03 -8.756616859222043e-04 -1.007623569714490e+00
34 15 -1.000294541161703e+00 -1.921490360932008e-03 -8.757702313748613e-04 -1.007621156923012e+00
34 16 -1.000294847997202e+00 -1.921872090495106e-03 -8.759683194033166e-04 -1.007619200788250e+00
34 17 -1.000295101660689e+00 -1.922103735696368e-03 -8.762532211647079e-04 -1.007617719050712e+00
34 18 -1.000295299261233e+00 -1.922182552448988e-03 -8.766194618689217e-04 -1.007616728558116e+00
34 19 -1.000295437572253e+00 -1.922107507738225e-03 -8.770572067563896e-04 -1.007616242972331e+00
34 20 -1.000295513515528e+00 -1.921880058179865e-03 -8.775525999551886e-04 -1.007616269758089e+00
34 21 -1.000295524773595e+00 -1.921504299304970e-03 -8.780901084047658e-04 -1.007616808205009e+00
34 22 -1.000295470225851e+00 -1.920986303560888e-03 -8.786559567426123e-04 -1.007617849698061e+00
34 23 -1.000295350017919e+00 -1.920332935734171e-03 -8.792411445939591e-04 -1.007619380130682e+00
34 24 -1.000295165287082e+00 -1.919550772489263e-03 -8.798426676879269e-04 -1.007621383042704e+00
34 25 -1.000294917744371e+00 -1.918645723116582e-03 -8.804624047051491e-04 -1.007623841630480e+00
34 26 -1.000294609359105e+00 -1.917623562043326e-03 -8.811042410424587e-04 -1.007626738481170e+00
34 27 -1.000294242301780e+00 -1.916491081571371e-03 -8.817707937300376e-04 -1.007630053229476e+00
34 28 -1.000293819142493e+00 -1.915257232567701e-03 -8.824612279483389e-04 -1.007633759530162e+00
34 29 -1.000293343159638e+00 -1.913933600763946e-03 -8.831711254345691e-04 -1.007637823181596e+00
34 30 -1.000292818560230e+00 -1.912533883678765e-03 -8.838944281633829e-04 -1.007642202685289e+00
34 31 -1.000292250479952e+00 -1.911072561472921e-03 -8.846265050947129e-04 -1.007646852188386e+00
34 32 -1.000291644774722e+00 -1.909563423543201e-03 -8.853668037720792e-04 -1.007651725341069e+00
34 33 -1.000291007734947e+00 -1.908018724486032e-03 -8.861196828813853e-04 -1.007656778019704e+00
34 34 -1.000290345869630e+00 -1.906449402659411e-03 -8.868928607363266e-04 -1.007661968542651e+00
34 35 -1.000289665828128e+00 -1.904866210119829e-03 -8.876940354662400e-04 -1.007667255483564e+00
34 36 -1.000288974425288e+00 -1.903281123040910e-03 -8.885270738274425e-04 -1.007672594525169e+00
34 37 -1.000288278676641e+00 -1.901708266406506e-03 -8.893893675724875e-04 -1.007677936283801e+00
34 38 -1.000287585757488e+00 -1.900163832167257e-03 -8.902714731790275e-04 -1.007683226505411e+00
34 39 -1.000286902863758e+00 -1.898664978076370e-03 -8.911591725398344e-04 -1.007688408759275e+00
34 40 -1.000286237036970e+00 -1.897228235435718e-03 -8.920369913601647e-04 -1.007693428339185e+00
34 41 -1.000285595059719e+00 -1.895868235610981e-03 -8.928914957710997e-04 -1.007698235329305e+00
34 42 -1.000284983485021e+00 -1.894597391484445e-03 -8.937127794739284e-04 -1.007702785258276e+00
34 43 -1.000284408754291e+00 -1.893426622715817e-03 -8.944934725292668e-04 -1.007707037224428e+00
34 44 -1.000283877270305e+00 -1.892366627816924e-03 -8.952258755322079e-04 -1.007710950886877e+00
34 45 -1.000283395296761e+00 -1.891428922420490e-03 -8.958987766029498e-04 -1.007714484351955e+00
34 46 -1.000282968654661e+00 -1.890626007582013e-03 -8.964956813372429e-04 -1.007717594453640e+00
34 47 -1.000282602315200e+00 -1.889970498032814e-03 -8.969955262909710e-04 -1.007720239597284e+00
34 48 -1.000282300074682e+00 -1.889473589632298e-03 -8.973757714530740e-04 -1.007722383903690e+00
34 49 -1.000282064484688e+00 -1.889143599753661e-03 -8.976166209170149e-04 -1.007724000610186e+00
34 50 -1.000281897087682e+00 -1.888985265777498e-03 -8.977045730097350e-04 -1.007725073070163e+00
34 51 -1.000281798828530e+00 -1.889000044296196e-03 -8.976338570847451e-04 -1.007725593106187e+00
34 52 -1.000281770387896e+00 -1.889187086729655e-03 -8.974053885690245e-04 -1.007725558042442e+00
34 53 -1.000281812209316e+00 -1.889544230273674e-03 -8.970240659425254e-04 -1.007724968441320e+00
34 54 -1.000281924165685e+00 -1.890068418235034e-03 -8.964959095740489e-04 -1.007723827991799e+00
34 55 -1.000282105030550e+00 -1.890755362979461e-03 -8.958264208195749e-04 -1.007722145583188e+00
34 56 -1.000282352056800e+00 -1.891598735221648e-03 -8.950207889553075e-04 -1.007719938211834e+00
34 57 -1.000282660940922e+00 -1.892589444850623e-03 -8.940856304522548e-04 -1.007717232778210e+00
34 58 -1.000283026266982e+00 -1.893715517866084e-03 -8.930312557546971e-04 -1.007714065388576e+00
34 59 -1.000283442267567e+00 -1.894962707416463e-03 -8.918732913335473e-04 -1.007710478214518e+00
34 60 -1.000283903551522e+00 -1.896315537551129e-03 -8.906328487194985e-04 -1.007706515426942e+00
34 61 -1.000284405450577e+00 -1.897758253986085e-03 -8.893351026699457e-04 -1.007702220251579e+00
34 62 -1.000284943836817e+00 -1.899275273466371e-03 -8.880067863607342e-04 -1.007697634460597e+00
34 63 -1.000285514543431e+00 -1.900851066284570e-03 -8.866734687536474e-04 -1.007692800155188e+00
35 0 -1.000285599861582e+00 -1.902670781189679e-03 -8.826586266987736e-04 -1.007688546352224e+00
35 1 -1.000286217267400e+00 -1.904306447506071e-03 -8.813946320899819e-04 -1.007683372982600e+00
35 2 -1.000286850929901e+00 -1.905954416279882e-03 -8.801780702469009e-04 -1.007678089777226e+00
35 3 -1.000287493832566e+00 -1.907597502662630e-03 -8.790215389689793e-04 -1.007672752407549e+00
35 4 -1.000288139425149e+00 -1.909219180161134e-03 -8.779365698523183e-04 -1.007667414911608e+00
35 5 -1.000288782240737e+00 -1.910804150755326e-03 -8.769347802497906e-04 -1.007662126852370e+00
35 6 -1.000289417997009e+00 -1.912338396710174e-03 -8.760282121381503e-04 -1.007656932797373e+00
35 7 -1.000290043140160e+00 -1.913808754055162e-03 -8.752285952752742e-04 -1.007651874200914e+00
35 8 -1.000290654075581e+00 -1.915202349683449e-03 -8.745457424750261e-04 -1.007646992383166e+00
35 9 -1.000291246478394e+00 -1.916506319582852e-03 -8.739857111570148e-04 -1.007642330735904e+00
35 10 -1.000291815028985e+00 -1.917708053364481e-03 -8.735495464989526e-04 -1.007637934758134e+00
35 11 -1.000292353706622e+00 -1.918795896630580e-03 -8.732332609047928e-04 -1.007633849722932e+00
35 12 -1.000292856495378e+00 -1.919759951332391e-03 -8.730292312235034e-04 -1.007630117103486e+00
35 13 -1.000293318146027e+00 -1.920592517685414e-03 -8.729285627944628e-04 -1.007626771635009e+00
35 14 -1.000293734613974e+00 -1.921287912763582e-03 -8.729234544206638e-04 -1.007623840549082e+00
35 15 -1.000294102976907e+00 -1.921841786431495e-03 -8.730085075450595e-04 -1.007621345218023e+00
35 16 -1.000294420918140e+00 -1.922250378656542e-03 -8.731803821567185e-04 -1.007619304014306e+00
35 17 -1.000294686079633e+00 -1.922510201811558e-03 -8.734360072514211e-04 -1.007617734543768e+00
35 18 -1.000294895635448e+00 -1.922618372537318e-03 -8.737702779313720e-04 -1.007616653875606e+00
35 19 -1.000295046307900e+00 -1.922573429789279e-03 -8.741744477383579e-04 -1.007616076595037e+00
35 20 -1.000295134817657e+00 -1.922376172796720e-03 -8.746361378235867e-04 -1.007616011762716e+00
35 21 -1.000295158538030e+00 -1.922029995671612e-03 -8.751411605384006e-04 -1.007616460532761e+00
35 22 -1.000295116027358e+00 -1.921540442966545e-03 -8.756764870054943e-04 -1.007617415856214e+00
35 23 -1.000295007198249e+00 -1.920914158284296e-03 -8.762330739786427e-04 -1.007618864478147e+00
35 24 -1.000294833095060e+00 -1.920157781033221e-03 -8.768072589874850e-04 -1.007620790040139e+00
35 25 -1.000294595457019e+00 -1.919277403825869e-03 -8.774000948597043e-04 -1.007623175442415e+00
35 26 -1.000294296327954e+00 -1.918278890834341e-03 -8.780149801677118e-04 -1.007626003109767e+00
35 27 -1.000293937910153e+00 -1.917168877176248e-03 -8.786547183170607e-04 -1.007629253067573e+00
35 28 -1.000293522704994e+00 -1.915955894534082e-03 -8.793193462962521e-04 -1.007632900000387e+00
35 29 -1.000293053822525e+00 -1.914650978458520e-03 -8.800056856196710e-04 -1.007636911084718e+00
35 30 -1.000292535257641e+00 -1.913267354748891e-03 -8.807087808883215e-04 -1.007641246040435e+00
35 31 -1.000291971968432e+00 -1.911819286214075e-03 -8.814245097759273e-04 -1.007645859633639e+00
35 32 -1.000291369726073e+00 -1.910320646539614e-03 -8.821520447918804e-04 -1.007650705411839e+00
35 33 -1.000290734840164e+00 -1.908783973092046e-03 -8.828948522060585e-04 -1.007655738679917e+00
35 34 -1.000290073907824e+00 -1.907220493313243e-03 -8.836595809273560e-04 -1.007660917182216e+00
35 35 -1.000289393678258e+00 -1.905641076722813e-03 -8.844531921317266e-04 -1.007666199329110e+00
35 36 -1.000288701028710e+00 -1.904057569076437e-03 -8.852794976134059e-04 -1.007671541196592e+00
35 37 -1.000288002980158e+00 -1.902483775266558e-03 -8.861365491535619e-04 -1.007676894166245e+00
35 38 -1.000287306671455e+00 -1.900935537332927e-03 -8.870159758275807e-04 -1.007682204712975e+00
35 39 -1.000286619256914e+00 -1.899429811191484e-03 -8.879045423457269e-04 -1.007687416691561e+00
35 40 -1.000285947767099e+00 -1.897983176604586e-03 -8.887872023171701e-04 -1.007692475059490e+00
35 41 -1.000285299021314e+00 -1.896610539496335e-03 -8.896501909222669e-04 -1.007697329086218e+00
35 42 -1.000284679652392e+00 -1.895324685392573e-03 -8.904826631556026e-04 -1.007701933367418e+00
35 43 -1.000284096208911e+00 -1.894136850909027e-03 -8.912761277347212e-04 -1.007706246298070e+00
35 44 -1.000283555213484e+00 -1.893057898695719e-03 -8.920220747534135e-04 -1.007710227200089e+00
35 45 -1.000283063054215e+00 -1.892099357656148e-03 -8.927091281265020e-04 -1.007713834077031e+00
35 46 -1.000282625677603e+00 -1.891273680552552e-03 -8.933213058134785e-04 -1.007717023590325e+00
35 47 -1.000282248177483e+00 -1.890593495065952e-03 -8.938384508035204e-04 -1.007719753610098e+00
35 48 -1.000281934462040e+00 -1.890070159832677e-03 -8.942388632912396e-04 -1.007721987251954e+00
35 49 -1.000281687174214e+00 -1.889712313974404e-03 -8.945030991913029e-04 -1.007723696421899e+00
35 50 -1.000281507924201e+00 -1.889525109397081e-03 -8.946173276777712e-04 -1.007724863117830e+00
35 51 -1.000281397713448e+00 -1.889510416945129e-03 -8.945748786028033e-04 -1.007725478045919e+00
35 52 -1.000281357295662e+00 -1.889667738798892e-03 -8.943755412060070e-04 -1.007725537714071e+00
35 53 -1.000281387232824e+00 -1.889995193227476e-03 -8.940232726124088e-04 -1.007725042008466e+00
35 54 -1.000281487572149e+00 -1.890489972652797e-03 -8.935236393038901e-04 -1.007723993827665e+00
35 55 -1.000281657296957e+00 -1.891148051480136e-03 -8.928822530885235e-04 -1.007722400987375e+00
35 56 -1.000281893858140e+00 -1.891963393055947e-03 -8.921048093329890e-04 -1.007720279165497e+00
35 57 -1.000282193085204e+00 -1.892927209858279e-03 -8.911984899057938e-04 -1.007717653938313e+00
35 58 -1.000282549599723e+00 -1.894027800715877e-03 -8.901738687646795e-04 -1.007714560382791e+00
35 59 -1.000282957589762e+00 -1.895251138987418e-03 -8.890462980904027e-04 -1.007711040104380e+00
35 60 -1.000283411594037e+00 -1.896581933785011e-03 -8.878360634277828e-04 -1.007707137088272e+00
35 61 -1.000283906920930e+00 -1.898004627907638e-03 -8.865671755692102e-04 -1.007702894468201e+00
35 62 -1.000284439515169e+00 -1.899503886213841e-03 -8.852652214796260e-04 -1.007698353710780e+00
35 63 -1.000285005376066e+00 -1.901064473230380e-03 -8.839549969460326e-04 -1.007693556265507e+00
36 0 -1.000285042663285e+00 -1.902785529734236e-03 -8.803784220334214e-04 -1.007689477396517e+00
36 1 -1.000285656961771e+00 -1.904410460652805e-03 -8.791302293070353e-04 -1.007684326985251e+00
36 2 -1.000286288867289e+00 -1.906050735469396e-03 -8.779268212374914e-04 -1.007679056725616e+00
36 3 -1.000286931299358e+00 -1.907689078826799e-03 -8.767814347698458e-04 -1.007673722489525e+00
36 4 -1.000287577538125e+00 -1.909308780386076e-03 -8.757058589198717e-04 -1.007668379045221e+00
36 5 -1.000288221928522e+00 -1.910894388622966e-03 -8.747113716053800e-04 -1.007663076843013e+00
36 6 -1.000288860077901e+00 -1.912431870041246e-03 -8.738091504740932e-04 -1.007657861051577e+00
36 7 -1.000289488454709e+00 -1.913908206619481e-03 -8.730098739892612e-04 -1.007652773185583e+00
36 8 -1.000290103603454e+00 -1.915310752132930e-03 -8.723225721823189e-04 -1.007647854167443e+00
36 9 -1.000290701376456e+00 -1.916626802561905e-03 -8.717531539764462e-04 -1.007643146909927e+00
36 10 -1.000291276565762e+00 -1.917843701342563e-03 -8.713032543945199e-04 -1.007638696823400e+00
36 11 -1.000291823119112e+00 -1.918949487144608e-03 -8.709699977535576e-04 -1.007634549795187e+00
36 12 -1.000292334834502e+00 -1.919933762950857e-03 -8.707469463841621e-04 -1.007630748584315e+00
36 13 -1.000292806185484e+00 -1.920788304635137e-03 -8.706259888163167e-04 -1.007627329501503e+00
36 14 -1.000293232865830e+00 -1.921507058905623e-03 -8.705994303344378e-04 -1.007624321111187e+00
36 15 -1.000293611800984e+00 -1.922085550808963e-03 -8.706613651935551e-04 -1.007621745496220e+00
36 16 -1.000293940663143e+00 -1.922520090586555e-03 -8.708077034785402e-04 -1.007619621108711e+00
36 17 -1.000294217179121e+00 -1.922807289042767e-03 -8.710348819298854e-04 -1.007617965366362e+00
36 18 -1.000294438606916e+00 -1.922944195101446e-03 -8.713379539023139e-04 -1.007616795411372e+00
36 19 -1.000294601653205e+00 -1.922928995897610e-03 -8.717090810597963e-04 -1.007616126568230e+00
36 20 -1.000294702873218e+00 -1.922761879803708e-03 -8.721372945144817e-04 -1.007615969360193e+00
36 21 -1.000294739349522e+00 -1.922445533962566e-03 -8.726098294388252e-04 -1.007616326791531e+00
36 22 -1.000294709311400e+00 -1.921984920145994e-03 -8.731145891332229e-04 -1.007617193493932e+00
36 23 -1.000294612407624e+00 -1.921386383890355e-03 -8.736426942180745e-04 -1.007618557252065e+00
36 24 -1.000294449549975e+00 -1.920656565246204e-03 -8.741899563438082e-04 -1.007620401982681e+00
36 25 -1.000294222473791e+00 -1.919801719069697e-03 -8.747566020438825e-04 -1.007622710379062e+00
36 26 -1.000293933283517e+00 -1.918827822221567e-03 -8.753454136696782e-04 -1.007625464692200e+00
36 27 -1.000293584218177e+00 -1.917741399269586e-03 -8.759591848138714e-04 -1.007628645266750e+00
36 28 -1.000293177725421e+00 -1.916550600040159e-03 -8.765986537829700e-04 -1.007632227759636e+00
36 29 -1.000292716758506e+00 -1.915265908720658e-03 -8.772618187170833e-04 -1.007636180750533e+00
36 30 -1.000292205097192e+00 -1.913900029719120e-03 -8.779449033993149e-04 -1.007640465310146e+00
36 31 -1.000291647501315e+00 -1.912466925669388e-03 -8.786444765310630e-04 -1.007645037029097e+00
36 32 -1.000291049625070e+00 -1.910980471151089e-03 -8.793596388093071e-04 -1.007649849556292e+00
36 33 -1.000290417764536e+00 -1.909453434314859e-03 -8.800930932750877e-04 -1.007654857756468e+00
36 34 -1.000289758581870e+00 -1.907897326148449e-03 -8.808504137990824e-04 -1.007660018829086e+00
36 35 -1.000289078917456e+00 -1.906323166701404e-03 -8.816376838439810e-04 -1.007665290971258e+00
36 36 -1.000288385715097e+00 -1.904742717772172e-03 -8.824584436193284e-04 -1.007670630581725e+00
36 37 -1.000287686011866e+00 -1.903169494173527e-03 -8.833112054498908e-04 -1.007675989778784e+00
36 38 -1.000286986919499e+00 -1.901618981534514e-03 -8.841885744129366e-04 -1.007681315814531e+00
36 39 -1.000286295553104e+00 -1.900107890518777e-03 -8.850783429748706e-04 -1.007686552943272e+00
36 40 -1.000285618926498e+00 -1.898652787958803e-03 -8.859660514152317e-04 -1.007691645916626e+00
36 41 -1.000284963884257e+00 -1.897268802195010e-03 -8.868377956225092e-04 -1.007696543279223e+00
36 42 -1.000284337126116e+00 -1.895969069039895e-03 -8.876819216809156e-04 -1.007701198712618e+00
36 43 -1.000283745297228e+00 -1.894765153691904e-03 -8.884888210050650e-04 -1.007705569866604e+00
36 44 -1.000283195034408e+00 -1.893668116455170e-03 -8.892490465438491e-04 -1.007709615663147e+00
36 45 -1.000282692850769e+00 -1.892689534248784e-03 -8.899508552886618e-04 -1.007713293963305e+00
36 46 -1.000282244825050e+00 -1.891841828911921e-03 -8.905785877173925e-04 -1.007716561263506e+00
36 47 -1.000281856185060e+00 -1.891137633243686e-03 -8.911128996194173e-04 -1.007719374946123e+00
36 48 -1.000281530963891e+00 -1.890588441300717e-03 -8.915329738644000e-04 -1.007721697176374e+00
36 49 -1.000281271906652e+00 -1.890203181501772e-03 -8.918198750004133e-04 -1.007723498555648e+00
36 50 -1.000281080695749e+00 -1.889987396974433e-03 -8.919596417378848e-04 -1.007724759710915e+00
36 51 -1.000280958384918e+00 -1.889943365710792e-03 -8.919448565465132e-04 -1.007725470189377e+00
36 52 -1.000280905789062e+00 -1.890070948268719e-03 -8.917742242639535e-04 -1.007725625643063e+00
36 53 -1.000280923574602e+00 -1.890368559587197e-03 -8.914506800980042e-04 -1.007725225268204e+00
36 54 -1.000281011954511e+00 -1.890833657392936e-03 -8.909791761554891e-04 -1.007724271186021e+00
36 55 -1.000281170124995e+00 -1.891462490392755e-03 -8.903652706952980e-04 -1.007722770157617e+00
36 56 -1.000281395751315e+00 -1.892249322230695e-03 -8.896150745033631e-04 -1.007720736537698e+00
36 57 -1.000281684820898e+00 -1.893185672299602e-03 -8.887363618818033e-04 -1.007718194531881e+00
36 58 -1.000282032016474e+00 -1.894260113396252e-03 -8.877401079649240e-04 -1.007715178109485e+00
36 59 -1.000282431493358e+00 -1.895458835316223e-03 -8.866415836558207e-04 -1.007711728235052e+00
36 60 -1.000282877714328e+00 -1.896766722641412e-03 -8.854604180155093e-04 -1.007707888675141e+00
36 61 -1.000283365944041e+00 -1.898168403070250e-03 -8.842195362232915e-04 -1.007703702494088e+00
36 62 -1.000283892175715e+00 -1.899648782314145e-03 -8.829433386608186e-04 -1.007699210909189e+00
36 63 -1.000284452560187e+00 -1.901192924957170e-03 -8.816557120045256e-04 -1.007694454762823e+00
37 0 -1.000284445714583e+00 -1.902813168869452e-03 -8.785370038413249e-04 -1.007690547610648e+00
37 1 -1.000285056213560e+00 -1.904426065100252e-03 -8.773037617403798e-04 -1.007685424897357e+00
37 2 -1.000285685656177e+00 -1.906057291044462e-03 -8.761124714160791e-04 -1.007680172499318e+00
37 3 -1.000286326930568e+00 -1.907689507269641e-03 -8.749770807039912e-04 -1.007674846355852e+00
37 4 -1.000286973164185e+00 -1.909305821973141e-03 -8.739098026868601e-04 -1.007669501885168e+00
37 5 -1.000287618507753e+00 -1.910890608028444e-03 -8.729217674771344e-04 -1.007664190429862e+00
37 6 -1.000288258433747e+00 -1.912429783684914e-03 -8.720234217632289e-04 -1.007658957832605e+00
37 7 -1.000288889404078e+00 -1.913910456477281e-03 -8.712244089137206e-04 -1.007653845749866e+00
37 8 -1.000289508086267e+00 -1.915320218038153e-03 -8.705328674099568e-04 -1.007648894727152e+00
37 9 -1.000290110517770e+00 -1.916646572114329e-03 -8.699543714515026e-04 -1.007644147116932e+00
37 10 -1.000290691634447e+00 -1.917876888102543e-03 -8.694909649712461e-04 -1.007639648066597e+00
37 11 -1.000291245397410e+00 -1.918998968674323e-03 -8.691407900749006e-04 -1.007635443868304e+00
37 12 -1.000291765458272e+00 -1.920001960999115e-03 -8.688986296277289e-04 -1.007631578401535e+00
37 13 -1.000292246032292e+00 -1.920877118646930e-03 -8.687573012029534e-04 -1.007628089489038e+00
37 14 -1.000292682544751e+00 -1.921617987226014e-03 -8.687094011752507e-04 -1.007625007069268e+00
37 15 -1.000293071744361e+00 -1.922219930061077e-03 -8.687486481531303e-04 -1.007622354026154e+00
37 16 -1.000293411266864e+00 -1.922679315267078e-03 -8.688702129640957e-04 -1.007620148949737e+00
37 17 -1.000293698914252e+00 -1.922992882159633e-03 -8.690699178064104e-04 -1.007618409034185e+00
37 18 -1.000293932042346e+00 -1.923157679769494e-03 -8.693427684652210e-04 -1.007617151358216e+00
37 19 -1.000294107375103e+00 -1.923171623108683e-03 -8.696816344751317e-04 -1.007616391799431e+00
37 20 -1.000294221339543e+00 -1.923034346537661e-03 -8.700768512615993e-04 -1.007616142192373e+00
37 21 -1.000294270751400e+00 -1.922747838172000e-03 -8.705171132438563e-04 -1.007616407348669e+00
37 22 -1.000294253509942e+00 -1.922316432858491e-03 -8.709914164411083e-04 -1.007617183668775e+00
37 23 -1.000294168974681e+00 -1.921746104011301e-03 -8.714912540955538e-04 -1.007618460153634e+00
37 24 -1.000294017886696e+00 -1.921043424290332e-03 -8.720120716724771e-04 -1.007620221176801e+00
37 25 -1.000293801943060e+00 -1.920214779307434e-03 -8.725533078268640e-04 -1.007622449333103e+00
37 26 -1.000293523290942e+00 -1.919266273177785e-03 -8.731170311735822e-04 -1.007625126704051e+00
37 27 -1.000293184207855e+00 -1.918204365034818e-03 -8.737058397815494e-04 -1.007628233883613e+00
37 28 -1.000292787102100e+00 -1.917036866605096e-03 -8.743209871350352e-04 -1.007631747429015e+00
37 29 -1.000292334784199e+00 -1.915773721330565e-03 -8.749615498260962e-04 -1.007635637323159e+00
37 30 -1.000291830820561e+00 -1.914427074705511e-03 -8.756249688372234e-04 -1.007639866094875e+00
37 31 -1.000291279757356e+00 -1.913010513495747e-03 -8.763086623101671e-04 -1.007644390349721e+00
37 32 -1.000290687103171e+00 -1.911537828903322e-03 -8.770118646284176e-04 -1.007649164042562e+00
37 33 -1.000290059108629e+00 -1.910021960148710e-03 -8.777366723339775e-04 -1.007654141742663e+00
37 34 -1.000289402475997e+00 -1.908474686213875e-03 -8.784876189100443e-04 -1.007659280150297e+00
37 35 -1.000288724125027e+00 -1.906907203776556e-03 -8.792698044967071e-04 -1.007664537208647e+00
37 36 -1.000288031067373e+00 -1.905331236731902e-03 -8.800862956185494e-04 -1.007669869565167e+00
37 37 -1.000287330365447e+00 -1.903760046303632e-03 -8.809358527920249e-04 -1.007675230031423e+00
37 38 -1.000286629113640e+00 -1.902208765573211e-03 -8.818119255500675e-04 -1.007680566666092e+00
37 39 -1.000285934392020e+00 -1.900693825743918e-03 -8.827033378139255e-04 -1.007685824224153e+00
37 40 -1.000285253193899e+00 -1.899231722968916e-03 -8.835963469165002e-04 -1.007690947381449e+00
37 41 -1.000284592379034e+00 -1.897837752688137e-03 -8.844770986050684e-04 -1.007695884058806e+00
37 42 -1.000283958701266e+00 -1.896525370917007e-03 -8.853332838835736e-04 -1.007700587057814e+00
37 43 -1.000283358890420e+00 -1.895306474682369e-03 -8.861542200592856e-04 -1.007705013253082e+00
37 44 -1.000282799689194e+00 -1.894192349829063e-03 -8.869294326609615e-04 -1.007709121108887e+00
37 45 -1.000282287732839e+00 -1.893194655022786e-03 -8.876466259999470e-04 -1.007712868303015e+00
37 46 -1.000281829235810e+00 -1.892325802029666e-03 -8.882902626240335e-04 -1.007716211170432e+00
37 47 -1.000281429569136e+00 -1.891598426608490e-03 -8.888416835922645e-04 -1.007719106651093e+00
37 48 -1.000281092903351e+00 -1.891024135183135e-03 -8.892809548240374e-04 -1.007721516019113e+00
37 49 -1.000280822097409e+00 -1.890612113319724e-03 -8.895897748272739e-04 -1.007723408609938e+00
37 50 -1.000280618912160e+00 -1.890368268287774e-03 -8.897542431902957e-04 -1.007724763678716e+00
37 51 -1.000280484451102e+00 -1.890295272140223e-03 -8.897663661368587e-04 -1.007725569581756e+00
37 52 -1.000280419579080e+00 -1.890393345186310e-03 -8.896238417127266e-04 -1.007725821080891e+00
37 53 -1.000280425051275e+00 -1.890661209224560e-03 -8.893285385345890e-04 -1.007725516672840e+00
37 54 -1.000280501233903e+00 -1.891096599536123e-03 -8.888846533705620e-04 -1.007724657722550e+00
37 55 -1.000280647534287e+00 -1.891696049335819e-03 -8.882975213497019e-04 -1.007723249968378e+00
37 56 -1.000280861844546e+00 -1.892454129843910e-03 -8.875735502187734e-04 -1.007721306452515e+00
37 57 -1.000281140333548e+00 -1.893362672019643e-03 -8.867210968325406e-04 -1.007718849977944e+00
37 58 -1.000281477770336e+00 -1.894410523770721e-03 -8.857516463335058e-04 -1.007715913337861e+00
37 59 -1.000281868292860e+00 -1.895584086619316e-03 -8.846805743196569e-04 -1.007712536783741e+00
37 60 -1.000282306286111e+00 -1.896868408711638e-03 -8.835270418255886e-04 -1.007708763826992e+00
37 61 -1.000282786952765e+00 -1.898248286351444e-03 -8.823130045040143e-04 -1.007704637481071e+00
37 62 -1.000283306309207e+00 -1.899708853040634e-03 -8.810616768996108e-04 -1.007700198772537e+00
37 63 -1.000283860638966e+00 -1.901235472898660e-03 -8.797959287280885e-04 -1.007695487992581e+00
38 0 -1.000283813913447e+00 -1.902753558615452e-03 -8.771496870503934e-04 -1.007691748735335e+00
38 1 -1.000284419948048e+00 -1.904353221198405e-03 -8.759304595918997e-04 -1.007686658253739e+00
38 2 -1.000285046233053e+00 -1.905974114069888e-03 -8.747501887561973e-04 -1.007681428524926e+00
38 3 -1.000285685660044e+00 -1.907598864883029e-03 -8.736235727447009e-04 -1.007676115416696e+00
38 4 -1.000286331226126e+00 -1.909210409078039e-03 -8.725633960650209e-04 -1.007670774899136e+00
38 5 -1.000286976887692e+00 -1.910792926063472e-03 -8.715808366899449e-04 -1.007665459191821e+00
38 6 -1.000287617961257e+00 -1.912332252836623e-03 -8.706857701811775e-04 -1.007660214872502e+00
38 7 -1.000288250872750e+00 -1.913815596940848e-03 -8.698868581742442e-04 -1.007655083822721e+00
38 8 -1.000288872392193e+00 -1.915230791491855e-03 -8.691912701579692e-04 -1.007650106245180e+00
38 9 -1.000289478743984e+00 -1.916565589696529e-03 -8.686040710915330e-04 -1.007645323867945e+00
38 10 -1.000290065034935e+00 -1.917807457602212e-03 -8.681275193768009e-04 -1.007640781412186e+00
38 11 -1.000290625283083e+00 -1.918944038013220e-03 -8.677606468725654e-04 -1.007636525361463e+00
38 12 -1.000291153036627e+00 -1.919964076248258e-03 -8.674994517204182e-04 -1.007632600529105e+00
38 13 -1.000291642277918e+00 -1.920858317512756e-03 -8.673377974232250e-04 -1.007629046156332e+00
38 14 -1.000292088163349e+00 -1.921619882907875e-03 -8.672687513465194e-04 -1.007625893572395e+00
38 15 -1.000292487243776e+00 -1.922243936758100e-03 -8.672858086680321e-04 -1.007623166545032e+00
38 16 -1.000292837092108e+00 -1.922726885844819e-03 -8.673834465098958e-04 -1.007620883869901e+00
38 17 -1.000293135571359e+00 -1.923065619341649e-03 -8.675567819706101e-04 -1.007619062500295e+00
38 18 -1.000293380143646e+00 -1.923257248759024e-03 -8.678005805085582e-04 -1.007617719329796e+00
38 19 -1.000293567579679e+00 -1.923299498211013e-03 -8.681082064410357e-04 -1.007616870604505e+00
38 20 -1.000293694216035e+00 -1.923191513950149e-03 -8.684711592135976e-04 -1.007616529303397e+00
38 21 -1.000293756630158e+00 -1.922934606263801e-03 -8.688795868806018e-04 -1.007616701975290e+00
38 22 -1.000293752397074e+00 -1.922532450435113e-03 -8.693237080180319e-04 -1.007617386850872e+00
38 23 -1.000293680567439e+00 -1.921990578208415e-03 -8.697955916154070e-04 -1.007618574310515e+00
38 24 -1.000293541676051e+00 -1.921315422929379e-03 -8.702904976521254e-04 -1.007620249370313e+00
38 25 -1.000293337346154e+00 -1.920513460234122e-03 -8.708071519810361e-04 -1.007622394651228e+00
38 26 -1.000293069746159e+00 -1.919590927014101e-03 -8.713468467838029e-04 -1.007624992086156e+00
38 27 -1.000292741190194e+00 -1.918554258513035e-03 -8.719118159282957e-04 -1.007628022454125e+00
38 28 -1.000292354060150e+00 -1.917410976647823e-03 -8.725036332713801e-04 -1.007631463129589e+00
38 29 -1.000291911039734e+00 -1.916170505991685e-03 -8.731223248089668e-04 -1.007635285473863e+00
38 30 -1.000291415488392e+00 -1.914844408613936e-03 -8.737665476216182e-04 -1.007639453553079e+00
38 31 -1.000290871728655e+00 -1.913445828516520e-03 -8.744346987415695e-04 -1.007643925159493e+00
38 32 -1.000290285099010e+00 -1.911988390247752e-03 -8.751263467667134e-04 -1.007648654756036e+00
38 33 -1.000289661774209e+00 -1.910485138124308e-03 -8.758431599532758e-04 -1.007653596772382e+00
38 34 -1.000289008470610e+00 -1.908948093951400e-03 -8.765887044001123e-04 -1.007658707471162e+00
38 35 -1.000288332172783e+00 -1.907388649209039e-03 -8.773670298433049e-04 -1.007663944511656e+00
38 36 -1.000287639958586e+00 -1.905818533723403e-03 -8.781805491698203e-04 -1.007669264715178e+00
38 37 -1.000286938923168e+00 -1.904250796364456e-03 -8.790280548380348e-04 -1.007674621530427e+00
38 38 -1.000286236153236e+00 -1.902700231021909e-03 -8.799036809828167e-04 -1.007679963833587e+00
38 39 -1.000285538699415e+00 -1.901182964809326e-03 -8.807972469093581e-04 -1.007685236966843e+00
38 40 -1.000284853532824e+00 -1.899715370583405e-03 -8.816958248431202e-04 -1.007690385656939e+00
38 41 -1.000284187520001e+00 -1.898312854240502e-03 -8.825857896180420e-04 -1.007695357310336e+00
38 42 -1.000283547456614e+00 -1.896989155278499e-03 -8.834543482722935e-04 -1.007700103897606e+00
38 43 -1.000282940144242e+00 -1.895756497161684e-03 -8.842898235734671e-04 -1.007704581502014e+00
38 44 -1.000282372420713e+00 -1.894626412369396e-03 -8.850806621402139e-04 -1.007708748079964e+00
38 45 -1.000281851037208e+00 -1.893610672778541e-03 -8.858138534496737e-04 -1.007712561085221e+00
38 46 -1.000281382343907e+00 -1.892721703379327e-03 -8.864737792984745e-04 -1.007715976690900e+00
38 47 -1.000280971861516e+00 -1.891972145531963e-03 -8.870423109292398e-04 -1.007718951438506e+00
38 48 -1.000280623909073e+00 -1.891373698847553e-03 -8.875003570573922e-04 -1.007721445776433e+00
38 49 -1.000280341471295e+00 -1.890935774675239e-03 -8.878303397428827e-04 -1.007723427825638e+00
38 50 -1.000280126395349e+00 -1.890664614726039e-03 -8.880185955323975e-04 -1.007724875482790e+00
38 51 -1.000279979834019e+00 -1.890563266865324e-03 -8.880567368410288e-04 -1.007725775892457e+00
38 52 -1.000279902691771e+00 -1.890632306146664e-03 -8.879415643631917e-04 -1.007726122899149e+00
38 53 -1.000279895795642e+00 -1.890870765350855e-03 -8.876738726249361e-04 -1.007725914296075e+00
38 54 -1.000279959649091e+00 -1.891276665159767e-03 -8.872569873514166e-04 -1.007725150719791e+00
38 55 -1.000280093864064e+00 -1.891846831247075e-03 -8.866958528149670e-04 -1.007723836928057e+00
38 56 -1.000280296567725e+00 -1.892576149091029e-03 -8.859970330132062e-04 -1.007721984675337e+00
38 57 -1.000280564131716e+00 -1.893456766168314e-03 -8.851694213540377e-04 -1.007719615344909e+00
38 58 -1.000280891437443e+00 -1.894477807272049e-03 -8.842250884427506e-04 -1.007716760495543e+00
38 59 -1.000281272624444e+00 -1.895625881194506e-03 -8.831796855400268e-04 -1.007713459595367e+00
38 60 -1.000281702002418e+00 -1.896886186516098e-03 -8.820521050417290e-04 -1.007709755859704e+00
38 61 -1.000282174696570e+00 -1.898243668326441e-03 -8.808634820174874e-04 -1.007705692265193e+00
38 62 -1.000282686720739e+00 -1.899683669303313e-03 -8.796358871632199e-04 -1.007701309707404e+00
38 63 -1.000283234468753e+00 -1.901191846267979e-03 -8.783910983989450e-04 -1.007696647991245e+00
39 0 -1.000283152455272e+00 -1.902607231184384e-03 -8.762268910057075e-04 -1.007693072211787e+00
39 1 -1.000283753389063e+00 -1.904192560905482e-03 -8.750206912808863e-04 -1.007688018280481e+00
39 2 -1.000284375834154e+00 -1.905801907085452e-03 -8.738503224218681e-04 -1.007682815907196e+00
39 3 -1.000285012721785e+00 -1.907417899693116e-03 -8.727312388467634e-04 -1.007677520746429e+00
39 4 -1.000285656945976e+00 -1.909023316253052e-03 -8.716769193921363e-04 -1.007672189206869e+00
39 5 -1.000286302274844e+00 -1.910602129970075e-03 -8.706987821986077e-04 -1.007666874349362e+00
39 6 -1.000286943852357e+00 -1.912140064797678e-03 -8.698063113949570e-04 -1.007661623532647e+00
39 7 -1.000287578039619e+00 -1.913624398816453e-03 -8.690072750659420e-04 -1.007656478944776e+00
39 8 -1.000288201685007e+00 -1.915043202657295e-03 -8.683078308995393e-04 -1.007651480492057e+00
39 9 -1.000288811195494e+00 -1.916384513251585e-03 -8.677123787622226e-04 -1.007646669233001e+00
39 10 -1.000289401870321e+00 -1.917635961063006e-03 -8.672231904623949e-04 -1.007642089312901e+00
39 11 -1.000289967825683e+00 -1.918785109075020e-03 -8.668400296758958e-04 -1.007637787192061e+00
39 12 -1.000290502551519e+00 -1.919820364380077e-03 -8.665600642402990e-04 -1.007633808413423e+00
39 13 -1.000290999828359e+00 -1.920731989217419e-03 -8.663782873790717e-04 -1.007630193515921e+00
39 14 -1.000291454549851e+00 -1.921512665158522e-03 -8.662884055892264e-04 -1.007626975211191e+00
39 15 -1.000291863052159e+00 -1.922157321960197e-03 -8.662838566899081e-04 -1.007624178221338e+00
39 16 -1.000292222819050e+00 -1.922662380396493e-03 -8.663585018238579e-04 -1.007621821621001e+00
39 17 -1.000292531756400e+00 -1.923024891549265e-03 -8.665066971446525e-04 -1.007619922123783e+00
39 18 -1.000292787435386e+00 -1.923242084528132e-03 -8.667227949018299e-04 -1.007618496334587e+00
39 19 -1.000292986698778e+00 -1.923311573627641e-03 -8.670004353232886e-04 -1.007617560687766e+00
39 20 -1.000293125830161e+00 -1.923232090937722e-03 -8.673321113819956e-04 -1.007617129125811e+00
39 21 -1.000293201201040e+00 -1.923004302937240e-03 -8.677093774538469e-04 -1.007617209838320e+00
39 22 -1.000293210074265e+00 -1.922631204701639e-03 -8.681237695916396e-04 -1.007617802921050e+00
39 23 -1.000293151178222e+00 -1.922117823103476e-03 -8.685681224771269e-04 -1.007618900280462e+00
39 24 -1.000293024809545e+00 -1.921470378841831e-03 -8.690377047617452e-04 -1.007620487759759e+00
39 25 -1.000292832482051e+00 -1.920695389064689e-03 -8.695306375641166e-04 -1.007622548143193e+00
39 26 -1.000292576360780e+00 -1.919799219396255e-03 -8.700474106334191e-04 -1.007625063253452e+00
39 27 -1.000292258790641e+00 -1.918788317301796e-03 -8.705897479282273e-04 -1.007628014000041e+00
39 28 -1.000291882137920e+00 -1.917669965877435e-03 -8.711593470650950e-04 -1.007631378483983e+00
39 29 -1.000291448976602e+00 -1.916453103055522e-03 -8.717570283688496e-04 -1.007635129396217e+00
39 30 -1.000290962469709e+00 -1.915148696264011e-03 -8.723826256515772e-04 -1.007639232389874e+00
39 31 -1.000290426711552e+00 -1.913769390020452e-03 -8.730356115854027e-04 -1.007643646594050e+00
39 32 -1.000289846850560e+00 -1.912328561865024e-03 -8.737160776910844e-04 -1.007648327175974e+00
39 33 -1.000289228957434e+00 -1.910839290484537e-03 -8.744254570215655e-04 -1.007653228590564e+00
39 34 -1.000288579736168e+00 -1.909313806062445e-03 -8.751664566640519e-04 -1.007658306740267e+00
39 35 -1.000287906219259e+00 -1.907763704323247e-03 -8.759420495542325e-04 -1.007663518982940e+00
39 36 -1.000287215546231e+00 -1.906200761155417e-03 -8.767538436317391e-04 -1.007668822240241e+00
39 37 -1.000286514850223e+00 -1.904637857389152e-03 -8.776004516286291e-04 -1.007674170531021e+00
39 38 -1.000285811219313e+00 -1.903089469323478e-03 -8.784765114639458e-04 -1.007679513542464e+00
39 39 -1.000285111681265e+00 -1.901571404847486e-03 -8.793727651949181e-04 -1.007684797275044e+00
39 40 -1.000284423185337e+00 -1.900099867325583e-03 -8.802771629053529e-04 -1.007689966626693e+00
39 41 -1.000283752598428e+00 -1.898690316952120e-03 -8.811764712973877e-04 -1.007694968604231e+00
39 42 -1.000283106746686e+00 -1.897356734482505e-03 -8.820575946215790e-04 -1.007699754410215e+00
39 43 -1.000282492489903e+00 -1.896111655849866e-03 -8.829079727507834e-04 -1.007704279335841e+00
39 44 -1.000281916748249e+00 -1.894966873863660e-03 -8.837149613534614e-04 -1.007708500788639e+00
39 45 -1.000281386379561e+00 -1.893934301829172e-03 -8.844647020272521e-04 -1.007712375958350e+00
39 46 -1.000280907866125e+00 -1.893026402335192e-03 -8.851412988061205e-04 -1.007715860852888e+00
39 47 -1.000280486881267e+00 -1.892255828453794e-03 -8.857269777265546e-04 -1.007718911659657e+00
39 48 -1.000280127901277e+00 -1.891634357303457e-03 -8.862034122684630e-04 -1.007721488073601e+00
39 49 -1.000279834048233e+00 -1.891171596319000e-03 -8.865537990308916e-04 -1.007723557064379e+00
39 50 -1.000279607264986e+00 -1.890874090553123e-03 -8.867648653679480e-04 -1.007725095196912e+00
39 51 -1.000279448755150e+00 -1.890745240742916e-03 -8.868280159791008e-04 -1.007726088395937e+00
39 52 -1.000279359453618e+00 -1.890785964965696e-03 -8.867392905172693e-04 -1.007726529571852e+00
39 53 -1.000279340241612e+00 -1.890995604604382e-03 -8.864984388434803e-04 -1.007726415817281e+00
39 54 -1.000279391740970e+00 -1.891372468964503e-03 -8.861078297442087e-04 -1.007725747073512e+00
39 55 -1.000279513757321e+00 -1.891913681608473e-03 -8.855718580524074e-04 -1.007724527167740e+00
39 56 -1.000279704656390e+00 -1.892614447957598e-03 -8.848970875777470e-04 -1.007722766604511e+00
39 57 -1.000279961030972e+00 -1.893467237109092e-03 -8.840928686959901e-04 -1.007720485345316e+00
39 58 -1.000280277901121e+00 -1.894461453595367e-03 -8.831718968077928e-04 -1.007717713666498e+00
39 59 -1.000280649430229e+00 -1.895583910243289e-03 -8.821502478199624e-04 -1.007714490184119e+00
39 60 -1.000281069859819e+00 -1.896819942908719e-03 -8.810467473339283e-04 -1.007710857771346e+00
39 61 -1.000281534225617e+00 -1.898154623234710e-03 -8.798818851519708e-04 -1.007706859376127e+00
39 62 -1.000282038513742e+00 -1.899573479562134e-03 -8.786766697268624e-04 -1.007702535821893e+00
39 63 -1.000282579203099e+00 -1.901062448206219e-03 -8.774517491789069e-04 -1.007697926499346e+00
40 0 -1.000282466817015e+00 -1.902375390182340e-03 -8.757741496216275e-04 -1.007694509147968e+00
40 1 -1.000283062043624e+00 -1.903945386467940e-03 -8.745799711284103e-04 -1.007689495860862e+00
40 2 -1.000283679980880e+00 -1.905542042535801e-03 -8.734184071969527e-04 -1.007684325393989e+00
40 3 -1.000284313636356e+00 -1.907148029264232e-03 -8.723056409012750e-04 -1.007679053046422e+00
40 4 -1.000284955832481e+00 -1.908745987053995e-03 -8.712559393929932e-04 -1.007673735539565e+00
40 5 -1.000285600161404e+00 -1.910319676127929e-03 -8.702811424500434e-04 -1.007668426719661e+00
40 6 -1.000286241583289e+00 -1.911854678281824e-03 -8.693905352758430e-04 -1.007663174754809e+00
40 7 -1.000286876367347e+00 -1.913338309835540e-03 -8.685911121525432e-04 -1.007658022216211e+00
40 8 -1.000287501413422e+00 -1.914758867492773e-03 -8.678880126469812e-04 -1.007653008770932e+00
40 9 -1.000288113300815e+00 -1.916104697962668e-03 -8.672848401888391e-04 -1.007648174782018e+00
40 10 -1.000288707536566e+00 -1.917363659499430e-03 -8.667836795876285e-04 -1.007643563685136e+00
40 11 -1.000289278372857e+00 -1.918523317314273e-03 -8.663848442928268e-04 -1.007639221705726e+00
40 12 -1.000289819287462e+00 -1.919571811894545e-03 -8.660865877485568e-04 -1.007635194899227e+00
40 13 -1.000290323895059e+00 -1.920498958909737e-03 -8.658850804135643e-04 -1.007631524956864e+00
40 14 -1.000290786839218e+00 -1.921296994763932e-03 -8.657748175441737e-04 -1.007628245938133e+00
40 15 -1.000291204229586e+00 -1.921960582435948e-03 -8.657493526152618e-04 -1.007625383574925e+00
40 16 -1.000291573435495e+00 -1.922486127742937e-03 -8.658020370320625e-04 -1.007622957297187e+00
40 17 -1.000291892384259e+00 -1.922870846583467e-03 -8.659264460309773e-04 -1.007620983597348e+00
40 18 -1.000292158753294e+00 -1.923112132569576e-03 -8.661163709368652e-04 -1.007619478707193e+00
40 19 -1.000292369477944e+00 -1.923207569279602e-03 -8.663655103565878e-04 -1.007618459076659e+00
40 20 -1.000292520824850e+00 -1.923155554770221e-03 -8.666671559264437e-04 -1.007617939420637e+00
40 21 -1.000292608994821e+00 -1.922956157939535e-03 -8.670141809426123e-04 -1.007617929448145e+00
40 22 -1.000292630956703e+00 -1.922611686275245e-03 -8.673994951880163e-04 -1.007618431125239e+00
40 23 -1.000292585109953e+00 -1.922126607306264e-03 -8.678168683171754e-04 -1.007619438009380e+00
40 24 -1.000292471485724e+00 -1.921506856417756e-03 -8.682617776235777e-04 -1.007620936950353e+00
40 25 -1.000292291453614e+00 -1.920758936972646e-03 -8.687318760930397e-04 -1.007622911044094e+00
40 26 -1.000292047148150e+00 -1.919889329702103e-03 -8.692268619895118e-04 -1.007625342059184e+00
40 27 -1.000291740935390e+00 -1.918904524085630e-03 -8.697478310886024e-04 -1.007628210991797e+00
40 28 -1.000291375174227e+00 -1.917811616449296e-03 -8.702964130301953e-04 -1.007631496573847e+00
40 29 -1.000290952346302e+00 -1.916619098988042e-03 -8.708740473138620e-04 -1.007635172756314e+00
40 30 -1.000290475432069e+00 -1.915337346045482e-03 -8.714816691542055e-04 -1.007639206800593e+00
40 31 -1.000289948298157e+00 -1.913978457254160e-03 -8.721198882773452e-04 -1.007643559298592e+00
40 32 -1.000289375887885e+00 -1.912555487730487e-03 -8.727894897403286e-04 -1.007648186307963e+00
40 33 -1.000288764142611e+00 -1.911081476656403e-03 -8.734918726120739e-04 -1.007653042480013e+00
40 34 -1.000288119727697e+00 -1.909568819361816e-03 -8.742290247655308e-04 -1.007658083450547e+00
40 35 -1.000287449704696e+00 -1.908029315880267e-03 -8.750028572886531e-04 -1.007663266273038e+00
40 36 -1.000286761267411e+00 -1.906474823088974e-03 -8.758140556987751e-04 -1.007668547900089e+00
40 37 -1.000286061589853e+00 -1.904918099372929e-03 -8.766608538290090e-04 -1.007673882845233e+00
40 38 -1.000285357769537e+00 -1.903373332044221e-03 -8.775381992777909e-04 -1.007679221583447e+00
40 39 -1.000284656818590e+00 -1.901856004027079e-03 -8.784376520645682e-04 -1.007684510827785e+00
40 40 -1.000283965666535e+00 -1.900382110282830e-03 -8.793480675993831e-04 -1.007689695758949e+00
40 41 -1.000283291176245e+00 -1.898967110863860e-03 -8.802567455813610e-04 -1.007694723102356e+00
40 42 -1.000282640194322e+00 -1.897625181248494e-03 -8.811504714893517e-04 -1.007699543368588e+00
40 43 -1.000282019625264e+00 -1.896369148121077e-03 -8.820159403883274e-04 -1.007704111070961e+00
40 44 -1.000281436457319e+00 -1.895211070829073e-03 -8.828394433466409e-04 -1.007708383036975e+00
40 45 -1.000280897642810e+00 -1.894163027797371e-03 -8.836061744435560e-04 -1.007712316155413e+00
40 46 -1.000280409788641e+00 -1.893237542926834e-03 -8.842997764697516e-04 -1.007715866265136e+00
40 47 -1.000279978719829e+00 -1.892447289609057e-03 -8.849026421257820e-04 -1.007718989244277e+00
40 48 -1.000279609075900e+00 -1.891804110470676e-03 -8.853970979553816e-04 -1.007721644111562e+00
40 49 -1.000279304126962e+00 -1.891317781623629e-03 -8.857671265684289e-04 -1.007723796759233e+00
40 50 -1.000279065921764e+00 -1.890995119390078e-03 -8.859999723642033e-04 -1.007725422462086e+00
40 51 -1.000278895718113e+00 -1.890839850122750e-03 -8.860870145806770e-04 -1.007726505931910e+00
40 52 -1.000278794473635e+00 -1.890853216996701e-03 -8.860236888056111e-04 -1.007727039139306e+00
40 53 -1.000278763105988e+00 -1.891034861287537e-03 -8.858087647214357e-04 -1.007727018485918e+00
40 54 -1.000278802334169e+00 -1.891383378932023e-03 -8.854436015594568e-04 -1.007726443256289e+00
40 55 -1.000278912142210e+00 -1.891896193388292e-03 -8.849319023325645e-04 -1.007725316405010e+00
40 56 -1.000279091133042e+00 -1.892568834298378e-03 -8.842800656700347e-04 -1.007723647236201e+00
40 57 -1.000279336135536e+00 -1.893394097788100e-03 -8.834977897154056e-04 -1.007721454300740e+00
40 58 -1.000279642334171e+00 -1.894361672313710e-03 -8.825983968320228e-04 -1.007718766554890e+00
40 59 -1.000280003941153e+00 -1.895458573103017e-03 -8.815985087389016e-04 -1.007715621697036e+00
40 60 -1.000280415141612e+00 -1.896670261120731e-03 -8.805170801695852e-04 -1.007712062207026e+00
40 61 -1.000280870874115e+00 -1.897981911479919e-03 -8.793741499755599e-04 -1.007708131003574e+00
40 62 -1.000281367073545e+00 -1.899379210931146e-03 -8.781897823768736e-04 -1.007703868892526e+00
40 63 -1.000281900276571e+00 -1.900848355794522e-03 -8.769834964870871e-04 -1.007699314928057e+00
41 0 -1.000281762740421e+00 -1.902059914426730e-03 -8.757921850459119e-04 -1.007696050240316e+00
41 1 -1.000282351685898e+00 -1.903613674460897e-03 -8.746090290663330e-04 -1.007691081455146e+00
41 2 -1.000282964464678e+00 -1.905196566929414e-03 -8.734552284001372e-04 -1.007685947294559e+00
41 3 -1.000283594196761e+00 -1.906791344915952e-03 -8.723476351907658e-04 -1.007680702562060e+00
41 4 -1.000284233668075e+00 -1.908380538636439e-03 -8.713013661497154e-04 -1.007675404154470e+00
41 5 -1.000284876313297e+00 -1.909947695229049e-03 -8.703288463925377e-04 -1.007670106627622e+00
41 6 -1.000285516903409e+00 -1.911478228764326e-03 -8.694393606839488e-04 -1.007664858969186e+00
41 7 -1.000286151591403e+00 -1.912959459684010e-03 -8.686392765808487e-04 -1.007659704203366e+00
41 8 -1.000286777300055e+00 -1.914379892707537e-03 -8.679327455937159e-04 -1.007654681822857e+00
41 9 -1.000287390765497e+00 -1.915728201956091e-03 -8.673224724485883e-04 -1.007649831487340e+00
41 10 -1.000287987711507e+00 -1.916992530641740e-03 -8.668101630263812e-04 -1.007645195807979e+00
41 11 -1.000288562559548e+00 -1.918160527739503e-03 -8.663964817747406e-04 -1.007640820572500e+00
41 12 -1.000289108821010e+00 -1.919220145132314e-03 -8.660806482079908e-04 -1.007636752123243e+00
41 13 -1.000289619984786e+00 -1.920160799157366e-03 -8.658600188289346e-04 -1.007633033135001e+00
41 14 -1.000290090463406e+00 -1.920974285418428e-03 -8.657300028109693e-04 -1.007629698954326e+00
41 15 -1.000290516133531e+00 -1.921654972096841e-03 -8.656844427918398e-04 -1.007626776362514e+00
41 16 -1.000290894226637e+00 -1.922199217937264e-03 -8.657163106685725e-04 -1.007624285222030e+00
41 17 -1.000291222667784e+00 -1.922604398419635e-03 -8.658184158169024e-04 -1.007622241836923e+00
41 18 -1.000291499232694e+00 -1.922868110025574e-03 -8.659838698792474e-04 -1.007620661999933e+00
41 19 -1.000291720964444e+00 -1.922987980655767e-03 -8.662062208899518e-04 -1.007619562015469e+00
41 20 -1.000291884146197e+00 -1.922962158288067e-03 -8.664793468501969e-04 -1.007618957174595e+00
41 21 -1.000291984845313e+00 -1.922790172108877e-03 -8.667973150706915e-04 -1.007618858560194e+00
41 22 -1.000292019760796e+00 -1.922473649478126e-03 -8.671544235396120e-04 -1.007619269979884e+00
41 23 -1.000291986963698e+00 -1.922016455165576e-03 -8.675455186011301e-04 -1.007620186739902e+00
41 24 -1.000291886197632e+00 -1.921424169097677e-03 -8.679664844770748e-04 -1.007621596867710e+00
41 25 -1.000291718654826e+00 -1.920703220009593e-03 -8.684146657630791e-04 -1.007623483928734e+00
41 26 -1.000291486410466e+00 -1.919860181122065e-03 -8.688890156749474e-04 -1.007625829709943e+00
41 27 -1.000291191838719e+00 -1.918901606837704e-03 -8.693899141440550e-04 -1.007628615261684e+00
41 28 -1.000290837296306e+00 -1.917834458030545e-03 -8.699187425226771e-04 -1.007631819849379e+00
41 29 -1.000290425189214e+00 -1.916666828791127e-03 -8.704773709413709e-04 -1.007635418597615e+00
41 30 -1.000289958331611e+00 -1.915408513947235e-03 -8.710677281182500e-04 -1.007639380370216e+00
41 31 -1.000289440367676e+00 -1.914071034922850e-03 -8.716915854717742e-04 -1.007643667321822e+00
41 32 -1.000288876025568e+00 -1.912667055564257e-03 -8.723505687927258e-04 -1.007648236573339e+00
41 33 -1.000288271095421e+00 -1.911209500193678e-03 -8.730462458623297e-04 -1.007653043147221e+00
41 34 -1.000287632178543e+00 -1.909710878243732e-03 -8.737800515292283e-04 -1.007658042521210e+00
41 35 -1.000286966345173e+00 -1.908183184411550e-03 -8.745528903338610e-04 -1.007663191457528e+00
41 36 -1.000286280833212e+00 -1.906638384643686e-03 -8.753644455909470e-04 -1.007668446878256e+00
41 37 -1.000285582857767e+00 -1.905089159744357e-03 -8.762123929341151e-04 -1.007673763711240e+00
41 38 -1.000284879532523e+00 -1.903549442388535e-03 -8.770917901579748e-04 -1.007679093180149e+00
41 39 -1.000284177861519e+00 -1.902034393983484e-03 -8.779948835590373e-04 -1.007684382746500e+00
41 40 -1.000283484758190e+00 -1.900559769936036e-03 -8.789114264515160e-04 -1.007689577974805e+00
41 41 -1.000282807078936e+00 -1.899140978401905e-03 -8.798293668733410e-04 -1.007694625429463e+00
41 42 -1.000282151682474e+00 -1.897792340139216e-03 -8.807355514988621e-04 -1.007699475016514e+00
41 43 -1.000281525505242e+00 -1.896526944283617e-03 -8.816160888846715e-04 -1.007704080499110e+00
41 44 -1.000280935588401e+00 -1.895357115373589e-03 -8.824562678701780e-04 -1.007708398104370e+00
41 45 -1.000280388963885e+00 -1.894295114786512e-03 -8.832402715293840e-04 -1.007712384389350e+00
41 46 -1.000279892351870e+00 -1.893353549380176e-03 -8.839511180893898e-04 -1.007715995021293e+00
41 47 -1.000279451724209e+00 -1.892545123455528e-03 -8.845711737213498e-04 -1.007719185612853e+00
41 48 -1.000279071886551e+00 -1.891881736916309e-03 -8.850832782548847e-04 -1.007721914586261e+00
41 49 -1.000278756266002e+00 -1.891373309451069e-03 -8.854721734200528e-04 -1.007724146840969e+00
41 50 -1.000278507027460e+00 -1.891026895723479e-03 -8.857257153817355e-04 -1.007725856420191e+00
41 51 -1.000278325487881e+00 -1.890846516897683e-03 -8.858354291123819e-04 -1.007727026845541e+00
41 52 -1.000278212621924e+00 -1.890833718224441e-03 -8.857963168022824e-04 -1.007727649152296e+00
41 53 -1.000278169366591e+00 -1.890988426249562e-03 -8.856062642767247e-04 -1.007727719066870e+00
41 54 -1.000278196514909e+00 -1.891309515658097e-03 -8.852656039579997e-04 -1.007727235262060e+00
41 55 -1.000278294209850e+00 -1.891794707328493e-03 -8.847772272306660e-04 -1.007726199886616e+00
41 56 -1.000278461285211e+00 -1.892439857352532e-03 -8.841472016895115e-04 -1.007724621104575e+00
41 57 -1.000278694816924e+00 -1.893238094452282e-03 -8.833854398314048e-04 -1.007722516079309e+00
41 58 -1.000278990178322e+00 -1.894179396626680e-03 -8.825058564392159e-04 -1.007719912419793e+00
41 59 -1.000279341657371e+00 -1.895250981877200e-03 -8.815257075974471e-04 -1.007716846845364e+00
41 60 -1.000279743399181e+00 -1.896438425989948e-03 -8.804642593275502e-04 -1.007713361386541e+00
41 61 -1.000280190242428e+00 -1.897726984845371e-03 -8.793413052396620e-04 -1.007709498922046e+00
41 62 -1.000280678049901e+00 -1.899102473770546e-03 -8.781761151075520e-04 -1.007705300287806e+00
41 63 -1.000281203387545e+00 -1.900551324001610e-03 -8.769871184109308e-04 -1.007700804282212e+00
42 0 -1.000281046213295e+00 -1.901663365274025e-03 -8.762770388369948e-04 -1.007697685658148e+00
42 1 -1.000281628339195e+00 -1.903200083696466e-03 -8.751039371857558e-04 -1.007692764982647e+00
42 2 -1.000282235329954e+00 -1.904768209433465e-03 -8.739569422973155e-04 -1.007687671359370e+00
42 3 -1.000282860452441e+00 -1.906350621021127e-03 -8.728534862130860e-04 -1.007682458960543e+00
42 4 -1.000283496493984e+00 -1.907929771669293e-03 -8.718095613051944e-04 -1.007677184710781e+00
42 5 -1.000284136756274e+00 -1.909489002521560e-03 -8.708383180808343e-04 -1.007671903780092e+00
42 6 -1.000284775821973e+00 -1.911013538726984e-03 -8.699492384208230e-04 -1.007666665967305e+00
42 7 -1.000285409707195e+00 -1.912490670129386e-03 -8.691482322024135e-04 -1.007661514810475e+00
42 8 -1.000286035328598e+00 -1.913909085812991e-03 -8.684385279202896e-04 -1.007656489697587e+00
42 9 -1.000286649559121e+00 -1.915257796306921e-03 -8.678218621418120e-04 -1.007651629594214e+00
42 10 -1.000287248341635e+00 -1.916525279064364e-03 -8.672993858681387e-04 -1.007646976193603e+00
42 11 -1.000287826294767e+00 -1.917699345684072e-03 -8.668719066784602e-04 -1.007642574656050e+00
42 12 -1.000288377007817e+00 -1.918767842226783e-03 -8.665394593811767e-04 -1.007638471380676e+00
42 13 -1.000288893887103e+00 -1.919719843041646e-03 -8.663005559518338e-04 -1.007634709836538e+00
42 14 -1.000289371139075e+00 -1.920546717405216e-03 -8.661516154221355e-04 -1.007631326571330e+00
42 15 -1.000289804406621e+00 -1.921242515875455e-03 -8.660869369213944e-04 -1.007628349438358e+00
42 16 -1.000290190762740e+00 -1.921803516367771e-03 -8.660992613203243e-04 -1.007625798807531e+00
42 17 -1.000290528105276e+00 -1.922227241467880e-03 -8.661806802676094e-04 -1.007623690839251e+00
42 18 -1.000290814295621e+00 -1.922511519723552e-03 -8.663235390509821e-04 -1.007622040840666e+00
42 19 -1.000291046494066e+00 -1.922654092555313e-03 -8.665210414822941e-04 -1.007620864824303e+00
42 20 -1.000291221030378e+00 -1.922652943994655e-03 -8.667674289723667e-04 -1.007620178458704e+00
42 21 -1.000291333876865e+00 -1.922507132378322e-03 -8.670578039129154e-04 -1.007619994031424e+00
42 22 -1.000291381492253e+00 -1.922217627725566e-03 -8.673878238605430e-04 -1.007620317127624e+00
42 23 -1.000291361626908e+00 -1.921787661267863e-03 -8.677535203923312e-04 -1.007621144869750e+00
42 24 -1.000291273720857e+00 -1.921222392299787e-03 -8.681513735073311e-04 -1.007622466620359e+00
42 25 -1.000291118758683e+00 -1.920528110897933e-03 -8.685785955628749e-04 -1.007624266576145e+00
42 26 -1.000290898726727e+00 -1.919711452062408e-03 -8.690334739503741e-04 -1.007626526629329e+00
42 27 -1.000290615991075e+00 -1.918779050110691e-03 -8.695156181848493e-04 -1.007629227865851e+00
42 28 -1.000290272908042e+00 -1.917737779029261e-03 -8.700259986037859e-04 -1.007632349990119e+00
42 29 -1.000289871823188e+00 -1.916595387499706e-03 -8.705667207107921e-04 -1.007635869200042e+00
42 30 -1.000289415402337e+00 -1.915361115731542e-03 -8.711405704238286e-04 -1.007639755929440e+00
42 31 -1.000288907076587e+00 -1.914045885995694e-03 -8.717504686854211e-04 -1.007643973968579e+00
42 32 -1.000288351353717e+00 -1.912661909760562e-03 -8.723990016107234e-04 -1.007648481659233e+00
42 33 -1.000287753854462e+00 -1.911221921319585e-03 -8.730881032800513e-04 -1.007653234570830e+00
42 34 -1.000287121092168e+00 -1.909738486619708e-03 -8.738188421167147e-04 -1.007658188144924e+00
42 35 -1.000286460124482e+00 -1.908223775654471e-03 -8.745912093225955e-04 -1.007663298882606e+00
42 36 -1.000285778220619e+00 -1.906689883334863e-03 -8.754038464010572e-04 -1.007668523625308e+00
42 37 -1.000285082634124e+00 -1.905149455101336e-03 -8.762537178677617e-04 -1.007673817633775e+00
42 38 -1.000284380499774e+00 -1.903616207439925e-03 -8.771357947277075e-04 -1.007679132827668e+00
42 39 -1.000283678820933e+00 -1.902104992071948e-03 -8.780428569355471e-04 -1.007684417434449e+00
42 40 -1.000282984499828e+00 -1.900631301808740e-03 -8.789655149677108e-04 -1.007689617490891e+00
42 41 -1.000282304385918e+00 -1.899210445185682e-03 -8.798924514739245e-04 -1.007694679519839e+00
42 42 -1.000281645343685e+00 -1.897856837400986e-03 -8.808107439360691e-04 -1.007699552919350e+00
42 43 -1.000281014329910e+00 -1.896583795903530e-03 -8.817060866704156e-04 -1.007704190743801e+00
42 44 -1.000280418423130e+00 -1.895403901314976e-03 -8.825628613003525e-04 -1.007708548612190e+00
42 45 -1.000279864717846e+00 -1.894329609296030e-03 -8.833642135881192e-04 -1.007712582726575e+00
42 46 -1.000279360032681e+00 -1.893373628524197e-03 -8.840923994103912e-04 -1.007716248581184e+00
42 47 -1.000278910477499e+00 -1.892548705978757e-03 -8.847295679914550e-04 -1.007719501565332e+00
42 48 -1.000278521023346e+00 -1.891866793686357e-03 -8.852589115052581e-04 -1.007722299586652e+00
42 49 -1.000278195260905e+00 -1.891337932116081e-03 -8.856658681979618e-04 -1.007724606646543e+00
42 50 -1.000277935481000e+00 -1.890969381346118e-03 -8.859389664231767e-04 -1.007726395630921e+00
42 51 -1.000277743066116e+00 -1.890765424088433e-03 -8.860700305487923e-04 -1.007727648909321e+00
42 52 -1.000277619004437e+00 -1.890727880205926e-03 -8.860538068643595e-04 -1.007728356597067e+00
42 53 -1.000277564236374e+00 -1.890856941194128e-03 -8.858874213097321e-04 -1.007728513768046e+00
42 54 -1.000277579604662e+00 -1.891151746685543e-03 -8.855701979605210e-04 -1.007728118534331e+00
42 55 -1.000277665388041e+00 -1.891610307534828e-03 -8.851041244143618e-04 -1.007727172313667e+00
42 56 -1.000277820639670e+00 -1.892228805378595e-03 -8.844947783015378e-04 -1.007725682201792e+00
42 57 -1.000278042688836e+00 -1.893000706235004e-03 -8.837521355149553e-04 -1.007723664010968e+00
42 58 -1.000278327119989e+00 -1.893916284611868e-03 -8.828906340413160e-04 -1.007721143986350e+00
42 59 -1.000278668325226e+00 -1.894962964464116e-03 -8.819282167566353e-04 -1.007718157810235e+00
42 60 -1.000279060430382e+00 -1.896126428862200e-03 -8.808846221774976e-04 -1.007714747002936e+00
42 61 -1.000279498176672e+00 -1.897391992768503e-03 -8.797796079290271e-04 -1.007710954383043e+00
42 62 -1.000279977337309e+00 -1.898745568525342e-03 -8.786318250659236e-04 -1.007706820856576e+00
42 63 -1.000280494478974e+00 -1.900173792691101e-03 -8.774586895759079e-04 -1.007702385046654e+00
43 0 -1.000280323447410e+00 -1.901188995282375e-03 -8.772202541096020e-04 -1.007699404902088e+00
43 1 -1.000280898254453e+00 -1.902707964769232e-03 -8.760562865430734e-04 -1.007694535677808e+00
43 2 -1.000281498853414e+00 -1.904260392736319e-03 -8.749152454057025e-04 -1.007689486633288e+00
43 3 -1.000282118689771e+00 -1.905829327374519e-03 -8.738150276589858e-04 -1.007684311180683e+00
43 4 -1.000282750591926e+00 -1.907397183692176e-03 -8.727724919374560e-04 -1.007679066117119e+00
43 5 -1.000283387758525e+00 -1.908947111450661e-03 -8.718016257321684e-04 -1.007673807112697e+00
43 6 -1.000284024591380e+00 -1.910464131362059e-03 -8.709122973744975e-04 -1.007668584748548e+00
43 7 -1.000284656953714e+00 -1.911935468812352e-03 -8.701101439002843e-04 -1.007663443125439e+00
43 8 -1.000285281727558e+00 -1.913349968662727e-03 -8.693975687658472e-04 -1.007658421599315e+00
43 9 -1.000285895898764e+00 -1.914696977891066e-03 -8.687753065357625e-04 -1.007653558468014e+00
43 10 -1.000286495625234e+00 -1.915965348657693e-03 -8.682437995444978e-04 -1.007648894435844e+00
43 11 -1.000287075744692e+00 -1.917143129875336e-03 -8.678037887593236e-04 -1.007644473861455e+00
43 12 -1.000287629966019e+00 -1.918218147309851e-03 -8.674559479103307e-04 -1.007640342970777e+00
43 13 -1.000288151658026e+00 -1.919179199097692e-03 -8.671998760506411e-04 -1.007636545822250e+00
43 14 -1.000288634851423e+00 -1.920017252785048e-03 -8.670330651034315e-04 -1.007633120054898e+00
43 15 -1.000289074960673e+00 -1.920726025405533e-03 -8.669504246332617e-04 -1.007630094596268e+00
43 16 -1.000289468883444e+00 -1.921301680417400e-03 -8.669446245855624e-04 -1.007627490392563e+00
43 17 -1.000289814464921e+00 -1.921741868128914e-03 -8.670071176085275e-04 -1.007625323516792e+00
43 18 -1.000290109635198e+00 -1.922044668316913e-03 -8.671294304505968e-04 -1.007623608765323e+00
43 19 -1.000290351675622e+00 -1.922207998225926e-03 -8.673042499264165e-04 -1.007622361728551e+00
43 20 -1.000290536988812e+00 -1.922229765197385e-03 -8.675259535677048e-04 -1.007621598252212e+00
43 21 -1.000290661490566e+00 -1.922108635300392e-03 -8.677904905873780e-04 -1.007621331637882e+00
43 22 -1.000290721433236e+00 -1.921844958614403e-03 -8.680948071621578e-04 -1.007621569150901e+00
43 23 -1.000290714261159e+00 -1.921441315863599e-03 -8.684361912094863e-04 -1.007622309764590e+00
43 24 -1.000290639101586e+00 -1.920902388475971e-03 -8.688118900830613e-04 -1.007623544313165e+00
43 25 -1.000290496705381e+00 -1.920234263497210e-03 -8.692191689020462e-04 -1.007625257783466e+00
43 26 -1.000290288940835e+00 -1.919443599870099e-03 -8.696557576144834e-04 -1.007627432272299e+00
43 27 -1.000290018146930e+00 -1.918537117977251e-03 -8.701204753262688e-04 -1.007630048899245e+00
43 28 -1.000289686677647e+00 -1.917521649007042e-03 -8.706137414912953e-04 -1.007633087719894e+00
43 29 -1.000289296831269e+00 -1.916404652339577e-03 -8.711377015295332e-04 -1.007636525894304e+00
43 30 -1.000288851144047e+00 -1.915194848720850e-03 -8.716958388615137e-04 -1.007640335368864e+00
43 31 -1.000288352846836e+00 -1.913902552728193e-03 -8.722921762135133e-04 -1.007644481614846e+00
43 32 -1.000287806226428e+00 -1.912539471327724e-03 -8.729303486825106e-04 -1.007648924334629e+00
43 33 -1.000287216719952e+00 -1.911118075510672e-03 -8.736128426958821e-04 -1.007653619818562e+00
43 34 -1.000286590730866e+00 -1.909650924744677e-03 -8.743405607956061e-04 -1.007658523606153e+00
43 35 -1.000285935282569e+00 -1.908150335386378e-03 -8.751127084414412e-04 -1.007663591985499e+00
43 36 -1.000285257660589e+00 -1.906628542288291e-03 -8.759268868475296e-04 -1.007668781680701e+00
43 37 -1.000284565151356e+00 -1.905098193544702e-03 -8.767792280160602e-04 -1.007674048205936e+00
43 38 -1.000283864913350e+00 -1.903572829977074e-03 -8.776644289988797e-04 -1.007679344114235e+00
43 39 -1.000283163955847e+00 -1.902067012441605e-03 -8.785756362678374e-04 -1.007684618400080e+00
43 40 -1.000282469175656e+00 -1.900595956476445e-03 -8.795042460717793e-04 -1.007689817646397e+00
43 41 -1.000281787416874e+00 -1.899174828823858e-03 -8.804397308085219e-04 -1.007694888448690e+00
43 42 -1.000281125545576e+00 -1.897818088250346e-03 -8.813695524933713e-04 -1.007699779800421e+00
43 43 -1.000280490528704e+00 -1.896539241016651e-03 -8.822791710809072e-04 -1.007704444103290e+00
43 44 -1.000279889466775e+00 -1.895351107012059e-03 -8.831521842321830e-04 -1.007708836374578e+00
43 45 -1.000279329498453e+00 -1.894266340989314e-03 -8.839707109535744e-04 -1.007712912445394e+00
43 46 -1.000278817523061e+00 -1.893297768941837e-03 -8.847161369639503e-04 -1.007716627636437e+00
43 47 -1.000278359775579e+00 -1.892458192161429e-03 -8.853702145640872e-04 -1.007719937155277e+00
43 48 -1.000277961387622e+00 -1.891759611740775e-03 -8.859163135956967e-04 -1.007722798479413e+00
43 49 -1.000277626117228e+00 -1.891212168867371e-03 -8.863404742391405e-04 -1.007725174814342e+00
43 50 -1.000277356390216e+00 -1.890823297489135e-03 -8.866319218191507e-04 -1.007727037974943e+00
43 51 -1.000277153662154e+00 -1.890597507145859e-03 -8.867829109548735e-04 -1.007728369231256e+00
43 52 -1.000277018933296e+00 -1.890536860663243e-03 -8.867881097919791e-04 -1.007729157807056e+00
43 53 -1.000276953133102e+00 -1.890641788689365e-03 -8.866440310199486e-04 -1.007729398154602e+00
43 54 -1.000276957129368e+00 -1.890911676506039e-03 -8.863490434525065e-04 -1.007729087880914e+00
43 55 -1.000277031310353e+00 -1.891344812396807e-03 -8.859041700634066e-04 -1.007728227754238e+00
43 56 -1.000277174931804e+00 -1.891937698399488e-03 -8.853143536009281e-04 -1.007726823886214e+00
43 57 -1.000277385577276e+00 -1.892684140372120e-03 -8.845894720789713e-04 -1.007724890789666e+00
43 58 -1.000277659061570e+00 -1.893574717171130e-03 -8.837443866041787e-04 -1.007722453340794e+00
43 59 -1.000277989909980e+00 -1.894597065069992e-03 -8.827977415976802e-04 -1.007719546130174e+00
43 60 -1.000278372253711e+00 -1.895736970301045e-03 -8.817698820296978e-04 -1.007716210102799e+00
43 61 -1.000278800744138e+00 -1.896979786981852e-03 -8.806807340019348e-04 -1.007712487988515e+00
43 62 -1.000279271051509e+00 -1.898311492110375e-03 -8.795485246586404e-04 -1.007708420795057e+00
43 63 -1.000279779715702e+00 -1.899718894372564e-03 -8.783897667053901e-04 -1.007704047048030e+00
44 0 -1.000279600851232e+00 -1.900640754924519e-03 -8.786091011600918e-04 -1.007701196652840e+00
44 1 -1.000280167883518e+00 -1.902141368349442e-03 -8.774534064814703e-04 -1.007696381935243e+00
44 2 -1.000280761518133e+00 -1.903677243185814e-03 -8.763175855128523e-04 -1.007691381296811e+00
44 3 -1.000281375407255e+00 -1.905231641259469e-03 -8.752198644182094e-04 -1.007686247270096e+00
44 4 -1.000282002460507e+00 -1.906786982705807e-03 -8.741779245170898e-04 -1.007681036365507e+00
44 5 -1.000282635808146e+00 -1.908326248191357e-03 -8.732066696339723e-04 -1.007675804621900e+00
44 6 -1.000283269685401e+00 -1.909834245544335e-03 -8.723165286133168e-04 -1.007670603351381e+00
44 7 -1.000283899792155e+00 -1.911298104143234e-03 -8.715130597648072e-04 -1.007665477251309e+00
44 8 -1.000284522948878e+00 -1.912706791833619e-03 -8.707979693728852e-04 -1.007660465719384e+00
44 9 -1.000285136227443e+00 -1.914049983268689e-03 -8.701709929838489e-04 -1.007655606428175e+00
44 10 -1.000285735990660e+00 -1.915316936507487e-03 -8.696317375829967e-04 -1.007650939044373e+00
44 11 -1.000286317310950e+00 -1.916496006760005e-03 -8.691806731655020e-04 -1.007646506968918e+00
44 12 -1.000286874054654e+00 -1.917575085404462e-03 -8.688189172202953e-04 -1.007642356030134e+00
44 13 -1.000287399598776e+00 -1.918542766886656e-03 -8.685470524959112e-04 -1.007638530659893e+00
44 14 -1.000287887833425e+00 -1.919389651956117e-03 -8.683636710842610e-04 -1.007635069455093e+00
44 15 -1.000288333956422e+00 -1.920109116706487e-03 -8.682644268149082e-04 -1.007632002396412e+00
44 16 -1.000288734677795e+00 -1.920697178059890e-03 -8.682420837214955e-04 -1.007629351066521e+00
44 17 -1.000289087764981e+00 -1.921151588353519e-03 -8.682875612081982e-04 -1.007627131517878e+00
44 18 -1.000289391196210e+00 -1.921470687673736e-03 -8.683915504646370e-04 -1.007625358031983e+00
44 19 -1.000289642372292e+00 -1.921652623709603e-03 -8.685460739391115e-04 -1.007624045663873e+00
44 20 -1.000289837790536e+00 -1.921695313681450e-03 -8.687454204704569e-04 -1.007623210238077e+00
44 21 -1.000289973347684e+00 -1.921597117597686e-03 -8.689861746396182e-04 -1.007622865862670e+00
44 22 -1.000290045126928e+00 -1.921357816875076e-03 -8.692664601150872e-04 -1.007623021353829e+00
44 23 -1.000290050287956e+00 -1.920979339964495e-03 -8.695848515317616e-04 -1.007623677533823e+00
44 24 -1.000289987643467e+00 -1.920465843668713e-03 -8.699395108430773e-04 -1.007624826818154e+00
44 25 -1.000289857689611e+00 -1.919823149463043e-03 -8.703279424201444e-04 -1.007626455135290e+00
44 26 -1.000289662148636e+00 -1.919057896422130e-03 -8.707474517420577e-04 -1.007628544896425e+00
44 27 -1.000289403311283e+00 -1.918176888383334e-03 -8.711960819085367e-04 -1.007631077269185e+00
44 28 -1.000289083523783e+00 -1.917186952247530e-03 -8.716735885968614e-04 -1.007634032581231e+00
44 29 -1.000288705047617e+00 -1.916095315591236e-03 -8.721819680839364e-04 -1.007637388836947e+00
44 30 -1.000288270308064e+00 -1.914910223393309e-03 -8.727252240797289e-04 -1.007641119416542e+00
44 31 -1.000287782351284e+00 -1.913641386294649e-03 -8.733083999022727e-04 -1.007645191489825e+00
44 32 -1.000287245246952e+00 -1.912299965096850e-03 -8.739362346764776e-04 -1.007649566237685e+00
44 33 -1.000286664238607e+00 -1.910898097951036e-03 -8.746119356405147e-04 -1.007654200839676e+00
44 34 -1.000286045600259e+00 -1.909448270634108e-03 -8.753364473132266e-04 -1.007659051078672e+00
44 35 -1.000285396299444e+00 -1.907962907718260e-03 -8.761083468817005e-04 -1.007664073096986e+00
44 36 -1.000284723621230e+00 -1.906454385597133e-03 -8.769242372867361e-04 -1.007669223480025e+00
44 37 -1.000284034876624e+00 -1.904935387486941e-03 -8.777793317118325e-04 -1.007674457920728e+00
44 38 -1.000283337247763e+00 -1.903419319291871e-03 -8.786678823162083e-04 -1.007679729536322e+00
44 39 -1.000282637755012e+00 -1.901920475455762e-03 -8.795832269865057e-04 -1.007684988074886e+00
44 40 -1.000281943295944e+00 -1.900453787784368e-03 -8.805174495941397e-04 -1.007690180723828e+00
44 41 -1.000281260712685e+00 -1.899034245451688e-03 -8.814608357995556e-04 -1.007695254257642e+00
44 42 -1.000280596870941e+00 -1.897676301048926e-03 -8.824013653538366e-04 -1.007700157373320e+00
44 43 -1.000279958739396e+00 -1.896393605804390e-03 -8.833244447341901e-04 -1.007704841889907e+00
44 44 -1.000279353425922e+00 -1.895199194925901e-03 -8.842130338505784e-04 -1.007709262243669e+00
44 45 -1.000278788094261e+00 -1.894105920313661e-03 -8.850482711613522e-04 -1.007713373887205e+00
44 46 -1.000278269704203e+00 -1.893126736381741e-03 -8.858105979815144e-04 -1.007717131969692e+00
44 47 -1.000277804599042e+00 -1.892274509122061e-03 -8.864812069886313e-04 -1.007720491558589e+00
44 48 -1.000277398061973e+00 -1.891561287326626e-03 -8.870434645837101e-04 -1.007723409786497e+00
44 49 -1.000277054019110e+00 -1.890997295967269e-03 -8.874838912630113e-04 -1.007725849169375e+00
44 50 -1.000276775039183e+00 -1.890590113475855e-03 -8.877923990669237e-04 -1.007727780546841e+00
44 51 -1.000276562659178e+00 -1.890344440940168e-03 -8.879617769145891e-04 -1.007729184155583e+00
44 52 -1.000276417892060e+00 -1.890262549241484e-03 -8.879867862024761e-04 -1.007730048369026e+00
44 53 -1.000276341644042e+00 -1.890345077559599e-03 -8.878634898777720e-04 -1.007730367056900e+00
44 54 -1.000276334783662e+00 -1.890591632077580e-03 -8.875893871445537e-04 -1.007730137381889e+00
44 55 -1.000276397779912e+00 -1.891000760437806e-03 -8.871645093476023e-04 -1.007729359551154e+00
44 56 -1.000276530069324e+00 -1.891569275176927e-03 -8.865930393907481e-04 -1.007728038788203e+00
44 57 -1.000276729484951e+00 -1.892291321723805e-03 -8.858845929238136e-04 -1.007726188372960e+00
44 58 -1.000276992087217e+00 -1.893157791009960e-03 -8.850543285477344e-04 -1.007723831820784e+00
44 59 -1.000277312563114e+00 -1.894156540328111e-03 -8.841215699786763e-04 -1.007721002582723e+00
44 60 -1.000277685076945e+00 -1.895273458549038e-03 -8.831073703629930e-04 -1.007717740961310e+00
44 61 -1.000278104203151e+00 -1.896493922068692e-03 -8.820320155251607e-04 -1.007714089559606e+00
44 62 -1.000278565500520e+00 -1.897803940746274e-03 -8.809135149311770e-04 -1.007710089508129e+00
44 63 -1.000279065456509e+00 -1.899190459196484e-03 -8.797676185731081e-04 -1.007705779308818e+00
45 0 -1.000278884995484e+00 -1.900023293461673e-03 -8.804268381842201e-04 -1.007703048629615e+00
45 1 -1.000279443845410e+00 -1.901505048424747e-03 -8.792786186329543e-04 -1.007698291162137e+00
45 2 -1.000280029980630e+00 -1.903023596268130e-03 -8.781474075984999e-04 -1.007693342513298e+00
45 3 -1.000280637283544e+00 -1.904562455031192e-03 -8.770516097171197e-04 -1.007688254228038e+00
45 4 -1.000281258784421e+00 -1.906104096871585e-03 -8.760096534692881e-04 -1.007683082369820e+00
45 5 -1.000281887583603e+00 -1.907631363229652e-03 -8.750374036617025e-04 -1.007677883199199e+00
45 6 -1.000282517770679e+00 -1.909128848453135e-03 -8.741460025213182e-04 -1.007672708684985e+00
45 7 -1.000283144877931e+00 -1.910583557994737e-03 -8.733411263127128e-04 -1.007667604137734e+00
45 8 -1.000283765640082e+00 -1.911984547116269e-03 -8.726239372165082e-04 -1.007662609068340e+00
45 9 -1.000284377186271e+00 -1.913321801360428e-03 -8.719932110602594e-04 -1.007657760579852e+00
45 10 -1.000284976068548e+00 -1.914585005994515e-03 -8.714476242264639e-04 -1.007653097275420e+00
45 11 -1.000285557602865e+00 -1.915762883895835e-03 -8.709871842405460e-04 -1.007648661464263e+00
45 12 -1.000286115846134e+00 -1.916843476328822e-03 -8.706132454275941e-04 -1.007644498362698e+00
45 13 -1.000286644228857e+00 -1.917815252276264e-03 -8.703272390910930e-04 -1.007640652551382e+00
45 14 -1.000287136539811e+00 -1.918668490926973e-03 -8.701288473743791e-04 -1.007637163428483e+00
45 15 -1.000287587778249e+00 -1.919396229084141e-03 -8.700145768402225e-04 -1.007634061983044e+00
45 16 -1.000287994459357e+00 -1.919994307806224e-03 -8.699774490055662e-04 -1.007631370483806e+00
45 17 -1.000288354249274e+00 -1.920460551102579e-03 -8.700079776361480e-04 -1.007629105036217e+00
45 18 -1.000288665151276e+00 -1.920793559248849e-03 -8.700960352520114e-04 -1.007627279421243e+00
45 19 -1.000288924678827e+00 -1.920991756130244e-03 -8.702328619002443e-04 -1.007625908064833e+00
45 20 -1.000289129440500e+00 -1.921053151907734e-03 -8.704124429134034e-04 -1.007625006580522e+00
45 21 -1.000289275349172e+00 -1.920975891970660e-03 -8.706317707176232e-04 -1.007624589663768e+00
45 22 -1.000289358358512e+00 -1.920759253783990e-03 -8.708899981889953e-04 -1.007624667520228e+00
45 23 -1.000289375371324e+00 -1.920404528142386e-03 -8.711869741945468e-04 -1.007625242779020e+00
45 24 -1.000289324891484e+00 -1.919915312641242e-03 -8.715218923991091e-04 -1.007626309515909e+00
45 25 -1.000289207145060e+00 -1.919297104193813e-03 -8.718926774700850e-04 -1.007627854741984e+00
45 26 -1.000289023682436e+00 -1.918556473755572e-03 -8.722963625520741e-04 -1.007629861300010e+00
45 27 -1.000288776723809e+00 -1.917700297905751e-03 -8.727302619008000e-04 -1.007632310434725e+00
45 28 -1.000288468599100e+00 -1.916735431289308e-03 -8.731933845981312e-04 -1.007635182677164e+00
45 29 -1.000288101540389e+00 -1.915668926557198e-03 -8.736874014732364e-04 -1.007638456755886e+00
45 30 -1.000287677879560e+00 -1.914508603453267e-03 -8.742166480269841e-04 -1.007642107388204e+00
45 31 -1.000287200495563e+00 -1.913263584417984e-03 -8.747870764048809e-04 -1.007646103432121e+00
45 32 -1.000286673248933e+00 -1.911944453999680e-03 -8.754045494470087e-04 -1.007650407640091e+00
45 33 -1.000286101184012e+00 -1.910562953607630e-03 -8.760731406143771e-04 -1.007654978239439e+00
45 34 -1.000285490428689e+00 -1.909131425714374e-03 -8.767940446738614e-04 -1.007659771409907e+00
45 35 -1.000284847873658e+00 -1.907662356594090e-03 -8.775653922665047e-04 -1.007664743233890e+00
45 36 -1.000284180785318e+00 -1.906168255878108e-03 -8.783828684462089e-04 -1.007669850154822e+00
45 37 -1.000283496488280e+00 -1.904661867406886e-03 -8.792407185305700e-04 -1.007675047978442e+00
45 38 -1.000282802185552e+00 -1.903156501714250e-03 -8.801326005615268e-04 -1.007680290312893e+00
45 39 -1.000282104911980e+00 -1.901666215891398e-03 -8.810518672890240e-04 -1.007685527632547e+00
45 40 -1.000281411571823e+00 -1.900205659129844e-03 -8.819911700627932e-04 -1.007690707772257e+00
45 41 -1.000280729009813e+00 -1.898789613688130e-03 -8.829416005081794e-04 -1.007695777783686e+00
45 42 -1.000280064091443e+00 -1.897432478462562e-03 -8.838917651304986e-04 -1.007700686178171e+00
45 43 -1.000279423780939e+00 -1.896148003090992e-03 -8.848271925036189e-04 -1.007705384273108e+00
45 44 -1.000278815180293e+00 -1.894949407815680e-03 -8.857303683036612e-04 -1.007709825958191e+00
45 45 -1.000278245459003e+00 -1.893849732353597e-03 -8.865815301502403e-04 -1.007713966311154e+00
45 46 -1.000277721615066e+00 -1.892862065117684e-03 -8.873601365283994e-04 -1.007717760316790e+00
45 47 -1.000277250079908e+00 -1.891999345397816e-03 -8.880466808226280e-04 -1.007721162943164e+00
45 48 -1.000276836275422e+00 -1.891273669938505e-03 -8.886243457173852e-04 -1.007724131060920e+00
45 49 -1.000276484293114e+00 -1.890695333505602e-03 -8.890799894854253e-04 -1.007726626605239e+00
45 50 -1.000276196850709e+00 -1.890272031840211e-03 -8.894041678286238e-04 -1.007728619545151e+00
45 51 -1.000275975575407e+00 -1.890008622812413e-03 -8.895902783409520e-04 -1.007730089161631e+00
45 52 -1.000275821495854e+00 -1.889907548912180e-03 -8.896333342973535e-04 -1.007731023028608e+00
45 53 -1.000275735485267e+00 -1.889969623400680e-03 -8.895291229157411e-04 -1.007731414479651e+00
45 54 -1.000275718389420e+00 -1.890194642947420e-03 -8.892743888651910e-04 -1.007731260300690e+00
45 55 -1.000275770727290e+00 -1.890581390463027e-03 -8.888681799604672e-04 -1.007730560234069e+00
45 56 -1.000275892089906e+00 -1.891126974215130e-03 -8.883138193169817e-04 -1.007729318721037e+00
45 57 -1.000276080549318e+00 -1.891825875754369e-03 -8.876204995597315e-04 -1.007727547888618e+00
45 58 -1.000276332421849e+00 -1.892669304409814e-03 -8.868035317922077e-04 -1.007725269915388e+00
45 59 -1.000276642582624e+00 -1.893645348095676e-03 -8.858828619789206e-04 -1.007722517077093e+00
45 60 -1.000277005258826e+00 -1.894740001184778e-03 -8.848803176317890e-04 -1.007719328967504e+00
45 61 -1.000277414966095e+00 -1.895938649664525e-03 -8.838167149296352e-04 -1.007715748014646e+00
45 62 -1.000277867148759e+00 -1.897227306406014e-03 -8.827100553159669e-04 -1.007711815480441e+00
45 63 -1.000278358219021e+00 -1.898593013549080e-03 -8.815754917638134e-04 -1.007707569912021e+00
46 0 -1.000278182569998e+00 -1.899341950299582e-03 -8.826529989036275e-04 -1.007704947476659e+00
46 1 -1.000278732883850e+00 -1.900804456245752e-03 -8.815115184353657e-04 -1.007700249657828e+00
46 2 -1.000279311029146e+00 -1.902304993085167e-03 -8.803844280261404e-04 -1.007695356302123e+00
46 3 -1.000279911136624e+00 -1.903827375104850e-03 -8.792901509422253e-04 -1.007690317872763e+00
46 4 -1.000280526394814e+00 -1.905354176152570e-03 -8.782477583964181e-04 -1.007685189827084e+00
46 5 -1.000281149915482e+00 -1.906868135473401e-03 -8.772740851946878e-04 -1.007680028486399e+00
46 6 -1.000281775669729e+00 -1.908353641446476e-03 -8.763811138917351e-04 -1.007674886379774e+00
46 7 -1.000282399024576e+00 -1.909797552633794e-03 -8.755748310389761e-04 -1.007669809428294e+00
46 8 -1.000283016608732e+00 -1.911188975220690e-03 -8.748560270346683e-04 -1.007664837320822e+00
46 9 -1.000283625579228e+00 -1.912518181833711e-03 -8.742225918770407e-04 -1.007660006656796e+00
46 10 -1.000284222656735e+00 -1.913775295759907e-03 -8.736722110385017e-04 -1.007655354973170e+00
46 11 -1.000284803402644e+00 -1.914949459744147e-03 -8.732042577233084e-04 -1.007650923378409e+00
46 12 -1.000285362092055e+00 -1.916028946100333e-03 -8.728201111456752e-04 -1.007646756275330e+00
46 13 -1.000285892252877e+00 -1.917002181150868e-03 -8.725218883353512e-04 -1.007642898162562e+00
46 14 -1.000286387614963e+00 -1.917859177312297e-03 -8.723103140556748e-04 -1.007639389062161e+00
46 15 -1.000286843002977e+00 -1.918592643064242e-03 -8.721828266500325e-04 -1.007636260903456e+00
46 16 -1.000287254735797e+00 -1.919198218726134e-03 -8.721328601393499e-04 -1.007633536676693e+00
46 17 -1.000287620357555e+00 -1.919673767111571e-03 -8.721506658745073e-04 -1.007631232615324e+00
46 18 -1.000287937872023e+00 -1.920018140110037e-03 -8.722253463132078e-04 -1.007629362030695e+00
46 19 -1.000288204893495e+00 -1.920230073287967e-03 -8.723472736578967e-04 -1.007627938648910e+00
46 20 -1.000288418152586e+00 -1.920307746790597e-03 -8.725099319650665e-04 -1.007626977697132e+00
46 21 -1.000288573610257e+00 -1.920249185870590e-03 -8.727104852949638e-04 -1.007626494231956e+00
46 22 -1.000288667131640e+00 -1.920053240972766e-03 -8.729489347802386e-04 -1.007626499657369e+00
46 23 -1.000288695395915e+00 -1.919720596218399e-03 -8.732263479959493e-04 -1.007626998327028e+00
46 24 -1.000288656611193e+00 -1.919254268941940e-03 -8.735430326282052e-04 -1.007627986022276e+00
46 25 -1.000288550724400e+00 -1.918659378327024e-03 -8.738975022305264e-04 -1.007629450962025e+00
46 26 -1.000288379091437e+00 -1.917942376368885e-03 -8.742866828716396e-04 -1.007631376541045e+00
46 27 -1.000288143839241e+00 -1.917110193852927e-03 -8.747072375984667e-04 -1.007633744124944e+00
46 28 -1.000287847269968e+00 -1.916169737616000e-03 -8.751573784017895e-04 -1.007636534392871e+00
46 29 -1.000287491590518e+00 -1.915127940173388e-03 -8.756382925387226e-04 -1.007639726677805e+00
46 30 -1.000287079055513e+00 -1.913992252238455e-03 -8.761544535039417e-04 -1.007643296920755e+00
46 31 -1.000286612395376e+00 -1.912771235164632e-03 -8.767125836825698e-04 -1.007647215630156e+00
46 32 -1.000286095272910e+00 -1.911474879169944e-03 -8.773196535038385e-04 -1.007651447197258e+00
46 33 -1.000285532531983e+00 -1.910114472478414e-03 -8.779807201842045e-04 -1.007655951042053e+00
46 34 -1.000284930141232e+00 -1.908702144679664e-03 -8.786974301453552e-04 -1.007660683897412e+00
46 35 -1.000284294894959e+00 -1.907250390355840e-03 -8.794676668222161e-04 -1.007665601887831e+00
46 36 -1.000283634021686e+00 -1.905771833927380e-03 -8.802863127625104e-04 -1.007670661331870e+00
46 37 -1.000282954846097e+00 -1.904279297084479e-03 -8.811466346029265e-04 -1.007675818095134e+00
46 38 -1.000282264586468e+00 -1.902786031945962e-03 -8.820415734246028e-04 -1.007681026202176e+00
46 39 -1.000281570293427e+00 -1.901305890773096e-03 -8.829643251232725e-04 -1.007686236813565e+00
46 40 -1.000280878882952e+00 -1.899853248041524e-03 -8.839079714881043e-04 -1.007691398439674e+00
46 41 -1.000280197207491e+00 -1.898442656183752e-03 -8.848643735921047e-04 -1.007696458498865e+00
46 42 -1.000279532134350e+00 -1.897088416153615e-03 -8.858228469884290e-04 -1.007701365428142e+00
46 43 -1.000278890619557e+00 -1.895804328105966e-03 -8.867692072878784e-04 -1.007706070132874e+00
46 44 -1.000278279747820e+00 -1.894603761376522e-03 -8.876856411533052e-04 -1.007710526004232e+00
46 45 -1.000277706675396e+00 -1.893499926543340e-03 -8.885515952347966e-04 -1.007714687761795e+00
46 46 -1.000277178414862e+00 -1.892506045458928e-03 -8.893455432400768e-04 -1.007718510239631e+00
46 47 -1.000276701462814e+00 -1.891635136893750e-03 -8.900471675056055e-04 -1.007721948345952e+00
46 48 -1.000276281363234e+00 -1.890899346757178e-03 -8.906392949250127e-04 -1.007724958769099e+00
46 49 -1.000275922366607e+00 -1.890309028112393e-03 -8.911089647760582e-04 -1.007727502973507e+00
46 50 -1.000275627343443e+00 -1.889871969363927e-03 -8.914473036474237e-04 -1.007729550169048e+00
46 51 -1.000275398020156e+00 -1.889593152079044e-03 -8.916483608508150e-04 -1.007731078767071e+00
46 52 -1.000275235446396e+00 -1.889475153743149e-03 -8.917075420459328e-04 -1.007732075600237e+00
46 53 -1.000275140455487e+00 -1.889518924394920e-03 -8.916205367245258e-04 -1.007732533518949e+00
46 54 -1.000275113848423e+00 -1.889724415636875e-03 -8.913834749005309e-04 -1.007732449006594e+00
46 55 -1.000275156162356e+00 -1.890090615691584e-03 -8.909944637490703e-04 -1.007731821443885e+00
46 56 -1.000275267112608e+00 -1.890614908520426e-03 -8.904558961107011e-04 -1.007730654604883e+00
46 57 -1.000275444993778e+00 -1.891292104156259e-03 -8.897763919212623e-04 -1.007728959558147e+00
46 58 -1.000275686382445e+00 -1.892113734072742e-03 -8.889712569574691e-04 -1.007726757187804e+00
46 59 -1.000275986365037e+00 -1.893068126492925e-03 -8.880609706476768e-04 -1.007724078573050e+00
46 60 -1.000276339262416e+00 -1.894141387208956e-03 -8.870681639515260e-04 -1.007720962535821e+00
46 61 -1.000276739554159e+00 -1.895318903453063e-03 -8.860143277386868e-04 -1.007717451272795e+00
46 62 -1.000277182572753e+00 -1.896586663987222e-03 -8.849176607707638e-04 -1.007713586174042e+00
46 63 -1.000277664636009e+00 -1.897931769129762e-03 -8.837929032797712e-04 -1.007709405893754e+00
47 0 -1.000277500330783e+00 -1.898602733777914e-03 -8.852637001453949e-04 -1.007706878693788e+00
47 1 -1.000278041814738e+00 -1.900045721365477e-03 -8.841282775747185e-04 -1.007702242538279e+00
47 2 -1.000278611531732e+00 -1.901527664098437e-03 -8.830049302592284e-04 -1.007697407456115e+00
47 3 -1.000279203872878e+00 -1.903032708799709e-03 -8.819119372928800e-04 -1.007692422750892e+00
47 4 -1.000279812219661e+00 -1.904543582283412e-03 -8.808688835362645e-04 -1.007687343118556e+00
47 5 -1.000280429738333e+00 -1.906042965052713e-03 -8.798935475363740e-04 -1.007682224769043e+00
47 6 -1.000281050314247e+00 -1.907515055404402e-03 -8.789988491375510e-04 -1.007677120673697e+00
47 7 -1.000281669158389e+00 -1.908946548338215e-03 -8.781912663371050e-04 -1.007672077339911e+00
47 8 -1.000282282778094e+00 -1.910326565129209e-03 -8.774714030637300e-04 -1.007667134689155e+00
47 9 -1.000282888329445e+00 -1.911645635580825e-03 -8.768363692548275e-04 -1.007662328890878e+00
47 10 -1.000283482677001e+00 -1.912894321363553e-03 -8.762828359126599e-04 -1.007657696435538e+00
47 11 -1.000284061622802e+00 -1.914062227410081e-03 -8.758093950404876e-04 -1.007653277147291e+00
47 12 -1.000284619681680e+00 -1.915137933598025e-03 -8.754172405878737e-04 -1.007649114429769e+00
47 13 -1.000285150520237e+00 -1.916109908968983e-03 -8.751089904171822e-04 -1.007645252467505e+00
47 14 -1.000285647853792e+00 -1.916967962362347e-03 -8.748863288027860e-04 -1.007641731711703e+00
47 15 -1.000286106361970e+00 -1.917704495034206e-03 -8.747476719445849e-04 -1.007638584938939e+00
47 16 -1.000286522172258e+00 -1.918314928314599e-03 -8.746870061214478e-04 -1.007635835877023e+00
47 17 -1.000286892689952e+00 -1.918797130173034e-03 -8.746944727821473e-04 -1.007633500960020e+00
47 18 -1.000287215894213e+00 -1.919150187349550e-03 -8.747584820745561e-04 -1.007631593077018e+00
47 19 -1.000287489483860e+00 -1.919373171460001e-03 -8.748684875396066e-04 -1.007630125208548e+00
47 20 -1.000287710316488e+00 -1.919464502133365e-03 -8.750172969138253e-04 -1.007629112037368e+00
47 21 -1.000287874429021e+00 -1.919422179735715e-03 -8.752020083837838e-04 -1.007628568752682e+00
47 22 -1.000287977638896e+00 -1.919244714327737e-03 -8.754232639614696e-04 -1.007628507742043e+00
47 23 -1.000288016439121e+00 -1.918932229533564e-03 -8.756832533599528e-04 -1.007628934964265e+00
47 24 -1.000287988762123e+00 -1.918487156145268e-03 -8.759834423087430e-04 -1.007629847914723e+00
47 25 -1.000287894273621e+00 -1.917914190932321e-03 -8.763230824596404e-04 -1.007631236122757e+00
47 26 -1.000287734116580e+00 -1.917219615452440e-03 -8.766991647575448e-04 -1.007633083654520e+00
47 27 -1.000287510302214e+00 -1.916410388555984e-03 -8.771078061934500e-04 -1.007635372055452e+00
47 28 -1.000287225090899e+00 -1.915493485184942e-03 -8.775464047155617e-04 -1.007638082113822e+00
47 29 -1.000286880665443e+00 -1.914475769159051e-03 -8.780155285124161e-04 -1.007641193650042e+00
47 30 -1.000286479217574e+00 -1.913364382833074e-03 -8.785195957827577e-04 -1.007644683700272e+00
47 31 -1.000286023348420e+00 -1.912167364220403e-03 -8.790659382704809e-04 -1.007648524358871e+00
47 32 -1.000285516537295e+00 -1.910894103557074e-03 -8.796625826930503e-04 -1.007652681695713e+00
47 33 -1.000284963430525e+00 -1.909555388683091e-03 -8.803156555058982e-04 -1.007657116450392e+00
47 34 -1.000284369828368e+00 -1.908163069144021e-03 -8.810274420102857e-04 -1.007661786062792e+00
47 35 -1.000283742411362e+00 -1.906729589385127e-03 -8.817957880947305e-04 -1.007666646814455e+00
47 36 -1.000283088350669e+00 -1.905267660604657e-03 -8.826149197218677e-04 -1.007671654936412e+00
47 37 -1.000282414955319e+00 -1.903790190539218e-03 -8.834771520187835e-04 -1.007676766316938e+00
47 38 -1.000281729450331e+00 -1.902310405590898e-03 -8.843746163174307e-04 -1.007681935325476e+00
47 39 -1.000281038900864e+00 -1.900841987518415e-03 -8.853001905644204e-04 -1.007687113759256e+00
47 40 -1.000280350238222e+00 -1.899399050071942e-03 -8.862472382789497e-04 -1.007692250817627e+00
47 41 -1.000279670327780e+00 -1.897995899824877e-03 -8.872083266167330e-04 -1.007697294364139e+00
47 42 -1.000279006042184e+00 -1.896646699685157e-03 -8.881735344208314e-04 -1.007702192871048e+00
47 43 -1.000278364327799e+00 -1.895365251834657e-03 -8.891291143057204e-04 -1.007706896929483e+00
47 44 -1.000277752242777e+00 -1.894165033781072e-03 -8.900571352771351e-04 -1.007711359493815e+00
47 45 -1.000277176912242e+00 -1.893059402962432e-03 -8.909363887517363e-04 -1.007715534954737e+00
47 46 -1.000276645339200e+00 -1.892061707811051e-03 -8.917443976043108e-04 -1.007719378016052e+00
47 47 -1.000276164060088e+00 -1.891185049139749e-03 -8.924599532722223e-04 -1.007722843566572e+00
47 48 -1.000275738720663e+00 -1.890441622885768e-03 -8.930653699234574e-04 -1.007725888190226e+00
47 49 -1.000275373720186e+00 -1.889841831206194e-03 -8.935477035525859e-04 -1.007728472989893e+00
47 50 -1.000275072083314e+00 -1.889393533878747e-03 -8.938985529288561e-04 -1.007730566530127e+00
47 51 -1.000274835644493e+00 -1.889101805590282e-03 -8.941126305042334e-04 -1.007732146444710e+00
47 52 -1.000274665481659e+00 -1.888969322601939e-03 -8.941858525963870e-04 -1.007733198890779e+00
47 53 -1.000274562384402e+00 -1.888997132564102e-03 -8.941139865848413e-04 -1.007733716294499e+00
47 54 -1.000274527089387e+00 -1.889185302789390e-03 -8.938927067964628e-04 -1.007733694914381e+00
47 55 -1.000274560120141e+00 -1.889532991746800e-03 -8.935192556109993e-04 -1.007733133877060e+00
47 56 -1.000274661282654e+00 -1.890037833033878e-03 -8.929950579003865e-04 -1.007732036414683e+00
47 57 -1.000274829071467e+00 -1.890694951909954e-03 -8.923280290331558e-04 -1.007730412648778e+00
47 58 -1.000275060321253e+00 -1.891496202315218e-03 -8.915333056743477e-04 -1.007728282230492e+00
47 59 -1.000275350348791e+00 -1.892430162273706e-03 -8.906317843388151e-04 -1.007725675035794e+00
47 60 -1.000275693599262e+00 -1.893483057502929e-03 -8.896468914022020e-04 -1.007722629057304e+00
47 61 -1.000276084542475e+00 -1.894640271948005e-03 -8.886009062014529e-04 -1.007719186200182e+00
47 62 -1.000276518407113e+00 -1.895887746199969e-03 -8.875124187451977e-04 -1.007715387969488e+00
47 63 -1.000276991401992e+00 -1.897212599765095e-03 -8.863959525165869e-04 -1.007711273179267e+00
48 0 -1.000276845036545e+00 -1.897812285018982e-03 -8.882319635979288e-04 -1.007708826624501e+00
48 1 -1.000277377462878e+00 -1.899235617402313e-03 -8.871019612031473e-04 -1.007704253719005e+00
48 2 -1.000277938373462e+00 -1.900698497559550e-03 -8.859820759004181e-04 -1.007699479517258e+00
48 3 -1.000278522425338e+00 -1.902185436119700e-03 -8.848902832937259e-04 -1.007694552103608e+00
48 4 -1.000279123223486e+00 -1.903679364075696e-03 -8.838465335389518e-04 -1.007689525265589e+00
48 5 -1.000279734032046e+00 -1.905162952049059e-03 -8.828694887345922e-04 -1.007684454922136e+00
48 6 -1.000280348688214e+00 -1.906620232753185e-03 -8.819730696146690e-04 -1.007679394348030e+00
48 7 -1.000280962263172e+00 -1.908037728365712e-03 -8.811644093303833e-04 -1.007674390589243e+00
48 8 -1.000281571133208e+00 -1.909404541411071e-03 -8.804441172725041e-04 -1.007669483841579e+00
48 9 -1.000282172426281e+00 -1.910711424095573e-03 -8.798086568918878e-04 -1.007664709922849e+00
48 10 -1.000282763123092e+00 -1.911949367155751e-03 -8.792536977431358e-04 -1.007660104316527e+00
48 11 -1.000283339255279e+00 -1.913108469693243e-03 -8.787769329646464e-04 -1.007655705504481e+00
48 12 -1.000283895592312e+00 -1.914177689062283e-03 -8.783791700773332e-04 -1.007651555725372e+00
48 13 -1.000284425976884e+00 -1.915145622671835e-03 -8.780633274991378e-04 -1.007647698621925e+00
48 14 -1.000284924155032e+00 -1.916001946423821e-03 -8.778319328193201e-04 -1.007644174864860e+00
48 15 -1.000285384696093e+00 -1.916738786465945e-03 -8.776843905171436e-04 -1.007641017957927e+00
48 16 -1.000285803547768e+00 -1.917351335243847e-03 -8.776153575097233e-04 -1.007638252359235e+00
48 17 -1.000286177964378e+00 -1.917837432927929e-03 -8.776150208739556e-04 -1.007635894770581e+00
48 18 -1.000286505875874e+00 -1.918196376998647e-03 -8.776712016931002e-04 -1.007633957720787e+00
48 19 -1.000286785045724e+00 -1.918427588319333e-03 -8.777724191840053e-04 -1.007632453423883e+00
48 20 -1.000287012457751e+00 -1.918529786470303e-03 -8.779106573204182e-04 -1.007631395880756e+00
48 21 -1.000287184247742e+00 -1.918501040091407e-03 -8.780827172471796e-04 -1.007630800189388e+00
48 22 -1.000287296224636e+00 -1.918339612297221e-03 -8.782896552357621e-04 -1.007630679489689e+00
48 23 -1.000287344735659e+00 -1.918045126236076e-03 -8.785346488913554e-04 -1.007631041192219e+00
48 24 -1.000287327464088e+00 -1.917619435288208e-03 -8.788203258246325e-04 -1.007631884476181e+00
48 25 -1.000287243799510e+00 -1.917066779445575e-03 -8.791467997662908e-04 -1.007633200257227e+00
48 26 -1.000287094658422e+00 -1.916393219685086e-03 -8.795112984911966e-04 -1.007634973387048e+00
48 27 -1.000286881915121e+00 -1.915605710392858e-03 -8.799095212618859e-04 -1.007637185662426e+00
48 28 -1.000286607772332e+00 -1.914711301759632e-03 -8.803380684604317e-04 -1.007639817958582e+00
48 29 -1.000286274386693e+00 -1.913716835293419e-03 -8.807967803433770e-04 -1.007642850473330e+00
48 30 -1.000285883899047e+00 -1.912629208105069e-03 -8.812898330990555e-04 -1.007646261198956e+00
48 31 -1.000285438800439e+00 -1.911455982454927e-03 -8.818249896498230e-04 -1.007650023725140e+00
48 32 -1.000284942403517e+00 -1.910205956299825e-03 -8.824112477608913e-04 -1.007654105808757e+00
48 33 -1.000284399164176e+00 -1.908889381035827e-03 -8.830558531561003e-04 -1.007658469612621e+00
48 34 -1.000283814709292e+00 -1.907517763449046e-03 -8.837618962690818e-04 -1.007663073431206e+00
48 35 -1.000283195590991e+00 -1.906103436211324e-03 -8.845273978945182e-04 -1.007667873828058e+00
48 36 -1.000282548904191e+00 -1.904659160992996e-03 -8.853460983992327e-04 -1.007672827002201e+00
48 37 -1.000281881925028e+00 -1.903197930649409e-03 -8.862094249484156e-04 -1.007677888843790e+00
48 38 -1.000281201873860e+00 -1.901732972753880e-03 -8.871086388431479e-04 -1.007683014002828e+00
48 39 -1.000280515826146e+00 -1.900277832868828e-03 -8.880361547430126e-04 -1.007688154858645e+00
48 40 -1.000279830730212e+00 -1.898846383314430e-03 -8.889854629781427e-04 -1.007693261299153e+00
48 41 -1.000279153469216e+00 -1.897452675983375e-03 -8.899497499378810e-04 -1.007698281698126e+00
48 42 -1.000278490925700e+00 -1.896110700484846e-03 -8.909198836759338e-04 -1.007703164668722e+00
48 43 -1.000277850036873e+00 -1.894834212704796e-03 -8.918826849762169e-04 -1.007707860593017e+00
48 44 -1.000277237827419e+00 -1.893636753370720e-03 -8.928202870812032e-04 -1.007712322063274e+00
48 45 -1.000276661375274e+00 -1.892531796482333e-03 -8.937109831203762e-04 -1.007716503182370e+00
48 46 -1.000276127649920e+00 -1.891532803650197e-03 -8.945314135571245e-04 -1.007720358552111e+00
48 47 -1.000275643200383e+00 -1.890652955466871e-03 -8.952594336362476e-04 -1.007723843085863e+00
48 48 -1.000275213750437e+00 -1.889904497306304e-03 -8.958767088153867e-04 -1.007726913340316e+00
48 49 -1.000274843834240e+00 -1.889297873281082e-03 -8.963701467375597e-04 -1.007729530163003e+00
48 50 -1.000274536629298e+00 -1.888840996950112e-03 -8.967316986367614e-04 -1.007731661586368e+00
48 51 -1.000274294086124e+00 -1.888539008450589e-03 -8.969567208751462e-04 -1.007733284563309e+00
48 52 -1.000274117319741e+00 -1.888394647651268e-03 -8.970417330559947e-04 -1.007734384648191e+00
48 53 -1.000274007075477e+00 -1.888409020034195e-03 -8.969827475433518e-04 -1.007734953905923e+00
48 54 -1.000273964009401e+00 -1.888582267095810e-03 -8.967751551398109e-04 -1.007734988448499e+00
48 55 -1.000273988600571e+00 -1.888913677995648e-03 -8.964154393431602e-04 -1.007734487259004e+00
48 56 -1.000274080709247e+00 -1.889401103592126e-03 -8.959040537032000e-04 -1.007733453163258e+00
48 57 -1.000274239001460e+00 -1.890039964825117e-03 -8.952481004682368e-04 -1.007731895464199e+00
48 58 -1.000274460561058e+00 -1.890822434291483e-03 -8.944623847351100e-04 -1.007729832660442e+00
48 59 -1.000274740949109e+00 -1.891737348292797e-03 -8.935680818894656e-04 -1.007727293434015e+00
48 60 -1.000275074764199e+00 -1.892771062760210e-03 -8.925893700860453e-04 -1.007724314899689e+00
48 61 -1.000275456495173e+00 -1.893908957349452e-03 -8.915493970105302e-04 -1.007720938610160e+00
48 62 -1.000275881280146e+00 -1.895136903964195e-03 -8.904673200283923e-04 -1.007717206163303e+00
48 63 -1.000276345209433e+00 -1.896442003579249e-03 -8.893576470312837e-04 -1.007713156575794e+00
49 0 -1.000276223374601e+00 -1.896977825493818e-03 -8.915280465310926e-04 -1.007710774511315e+00
49 1 -1.000276746588056e+00 -1.898381511300452e-03 -8.904028545566333e-04 -1.007706265965490e+00
49 2 -1.000277298382973e+00 -1.899824991122282e-03 -8.892862260757743e-04 -1.007701554819978e+00
49 3 -1.000277873681127e+00 -1.901293164420188e-03 -8.881956835871123e-04 -1.007696687900686e+00
49 4 -1.000278466336217e+00 -1.902769215781450e-03 -8.871513807933655e-04 -1.007691717952421e+00
49 5 -1.000279069752571e+00 -1.904235858921599e-03 -8.861727716494608e-04 -1.007686700420248e+00
49 6 -1.000279677760653e+00 -1.905676993768817e-03 -8.852748059220661e-04 -1.007681688724789e+00
49 7 -1.000280285314859e+00 -1.907078968559680e-03 -8.844654125659663e-04 -1.007676730378772e+00
49 8 -1.000280888657105e+00 -1.908430836812841e-03 -8.837453980467434e-04 -1.007671865877797e+00
49 9 -1.000281484862965e+00 -1.909723535296310e-03 -8.831107352137667e-04 -1.007667130766575e+00
49 10 -1.000282070999713e+00 -1.910948465675730e-03 -8.825561403744303e-04 -1.007662559578222e+00
49 11 -1.000282643311728e+00 -1.912096242077453e-03 -8.820783230179059e-04 -1.007658189421326e+00
49 12 -1.000283196830921e+00 -1.913156260767293e-03 -8.816775190070065e-04 -1.007654061227915e+00
49 13 -1.000283725608589e+00 -1.914117331692103e-03 -8.813567383437438e-04 -1.007650217879379e+00
49 14 -1.000284223466543e+00 -1.914969074950422e-03 -8.811192061038838e-04 -1.007646700043449e+00
49 15 -1.000284684902983e+00 -1.915703384595840e-03 -8.809652889215822e-04 -1.007643541804487e+00
49 16 -1.000285105704007e+00 -1.916315223529356e-03 -8.808904066773555e-04 -1.007640768318788e+00
49 17 -1.000285482966304e+00 -1.916802373816883e-03 -8.808849440926374e-04 -1.007638396612954e+00
49 18 -1.000285814547924e+00 -1.917164314253999e-03 -8.809362567064930e-04 -1.007636438926776e+00
49 19 -1.000286098254635e+00 -1.917400817301352e-03 -8.810319481410946e-04 -1.007634906710562e+00
49 20 -1.000286331190111e+00 -1.917510951840948e-03 -8.811630633715268e-04 -1.007633813171839e+00
49 21 -1.000286509606074e+00 -1.917492942650499e-03 -8.813258894621995e-04 -1.007633173106375e+00
49 22 -1.000286629339372e+00 -1.917344903607868e-03 -8.815216584193945e-04 -1.007633000164552e+00
49 23 -1.000286686633618e+00 -1.917066030002191e-03 -8.817543679146262e-04 -1.007633303023674e+00
49 24 -1.000286678954985e+00 -1.916657622116423e-03 -8.820277708097082e-04 -1.007634082478656e+00
49 25 -1.000286605428775e+00 -1.916123439975935e-03 -8.823429372799246e-04 -1.007635330879417e+00
49 26 -1.000286466736975e+00 -1.915469277167185e-03 -8.826974972209417e-04 -1.007637033967745e+00
49 27 -1.000286264598266e+00 -1.914702046743116e-03 -8.830868780314948e-04 -1.007639173870629e+00
49 28 -1.000286001140931e+00 -1.913828872829059e-03 -8.835069310158470e-04 -1.007641731544084e+00
49 29 -1.000285678490191e+00 -1.912856614077301e-03 -8.839566898118490e-04 -1.007644687465302e+00
49 30 -1.000285298745039e+00 -1.911791985466808e-03 -8.844399146584867e-04 -1.007648020439214e+00
49 31 -1.000284864305064e+00 -1.910642129864993e-03 -8.849646095043896e-04 -1.007651705435441e+00
49 32 -1.000284378335419e+00 -1.909415274801104e-03 -8.855406258602446e-04 -1.007655711870862e+00
49 33 -1.000283845112773e+00 -1.908121112184845e-03 -8.861763408882512e-04 -1.007660003406130e+00
49 34 -1.000283270089855e+00 -1.906770749952026e-03 -8.868757894595436e-04 -1.007664539326730e+00
49 35 -1.000282659678906e+00 -1.905376346214030e-03 -8.876373749656719e-04 -1.007669276609547e+00
49 36 -1.000282020881095e+00 -1.903950669896010e-03 -8.884545418314709e-04 -1.007674171493161e+00
49 37 -1.000281360921682e+00 -1.902506789115426e-03 -8.893179262364943e-04 -1.007679179865612e+00
49 38 -1.000280687002440e+00 -1.901057952736843e-03 -8.902178929605116e-04 -1.007684256602966e+00
49 39 -1.000280006201788e+00 -1.899617602969102e-03 -8.911462683448146e-04 -1.007689354610189e+00
49 40 -1.000279325484376e+00 -1.898199394161069e-03 -8.920965140208219e-04 -1.007694424451276e+00
49 41 -1.000278651755010e+00 -1.896817121606518e-03 -8.930623293249836e-04 -1.007699415061509e+00
49 42 -1.000277991911173e+00 -1.895484571916899e-03 -8.940353695887229e-04 -1.007704275294437e+00
49 43 -1.000277352883208e+00 -1.894215407885671e-03 -8.950031327955835e-04 -1.007708955432688e+00
49 44 -1.000276741657947e+00 -1.893023185654299e-03 -8.959479934782921e-04 -1.007713407792399e+00
49 45 -1.000276165252316e+00 -1.891921459538323e-03 -8.968479197834485e-04 -1.007717586242309e+00
49 46 -1.000275630579101e+00 -1.890923784043636e-03 -8.976787703344904e-04 -1.007721445320221e+00
49 47 -1.000275144171476e+00 -1.890043411936980e-03 -8.984174546394200e-04 -1.007724940012332e+00
49 48 -1.000274711804621e+00 -1.889292635383668e-03 -8.990448791094522e-04 -1.007728026924092e+00
49 49 -1.000274338130065e+00 -1.888681934555047e-03 -8.995476439393705e-04 -1.007730666750765e+00
49 50 -1.000274026473646e+00 -1.888219262258494e-03 -8.999179179366818e-04 -1.007732827105399e+00
49 51 -1.000273778908580e+00 -1.887909799642098e-03 -9.001516534445627e-04 -1.007734484359964e+00
49 52 -1.000273596597065e+00 -1.887756317360314e-03 -9.002460376082512e-04 -1.007735623542685e+00
49 53 -1.000273480243090e+00 -1.887759939641247e-03 -9.001974807305472e-04 -1.007736236421892e+00
49 54 -1.000273430409583e+00 -1.887920838986015e-03 -9.000012696565593e-04 -1.007736319041974e+00
49 55 -1.000273447501966e+00 -1.888238391583466e-03 -8.996532612434641e-04 -1.007735870355787e+00
49 56 -1.000273531396711e+00 -1.888710627462644e-03 -8.991529685607611e-04 -1.007734892926158e+00
49 57 -1.000273680897918e+00 -1.889333237724519e-03 -8.985065996684759e-04 -1.007733395379635e+00
49 58 -1.000273893322863e+00 -1.890098704919395e-03 -8.977284742280419e-04 -1.007731395161573e+00
49 59 -1.000274164484610e+00 -1.890996129562365e-03 -8.968398933969833e-04 -1.007728919788822e+00
49 60 -1.000274489161249e+00 -1.892012008809630e-03 -8.958657108988344e-04 -1.007726005462407e+00
49 61 -1.000274861890980e+00 -1.893131720602920e-03 -8.948299866389871e-04 -1.007722693322266e+00
49 62 -1.000275277739509e+00 -1.894341051873507e-03 -8.937525979747514e-04 -1.007719025027833e+00
49 63 -1.000275732674547e+00 -1.895627049341399e-03 -8.926482371061016e-04 -1.007715039830950e+00
50 0 -1.000275641877269e+00 -1.896107088696621e-03 -8.951197765575225e-04 -1.007712704620828e+00
50 1 -1.000276155801505e+00 -1.897491296088537e-03 -8.939987944541986e-04 -1.007708261014774e+00
50 2 -1.000276698249219e+00 -1.898915186321022e-03 -8.928852688683934e-04 -1.007703614606864e+00
50 3 -1.000277264398845e+00 -1.900364065377462e-03 -8.917961347126456e-04 -1.007698810948173e+00
50 4 -1.000277848371782e+00 -1.901821417509041e-03 -8.907515800277082e-04 -1.007693901622994e+00
50 5 -1.000278443752375e+00 -1.903270055027149e-03 -8.897717311162671e-04 -1.007688941420968e+00
50 6 -1.000279044408267e+00 -1.904693785224231e-03 -8.888725588778126e-04 -1.007683983736054e+00
50 7 -1.000279645206290e+00 -1.906078789854235e-03 -8.880629006057847e-04 -1.007679076452404e+00
50 8 -1.000280242257501e+00 -1.907414048523364e-03 -8.873439437472817e-04 -1.007674260371181e+00
50 9 -1.000280832564972e+00 -1.908690643553451e-03 -8.867113425432924e-04 -1.007669570837848e+00
50 10 -1.000281413252331e+00 -1.909900361337119e-03 -8.861589412746496e-04 -1.007665041506571e+00
50 11 -1.000281980754635e+00 -1.911034340168106e-03 -8.856824164356577e-04 -1.007660708109721e+00
50 12 -1.000282530366805e+00 -1.912082466894529e-03 -8.852812687539670e-04 -1.007656610157905e+00
50 13 -1.000283056375572e+00 -1.913033845149946e-03 -8.849583887391465e-04 -1.007652789563156e+00
50 14 -1.000283552722115e+00 -1.913878121236000e-03 -8.847175282870722e-04 -1.007649286758713e+00
50 15 -1.000284013875900e+00 -1.914607010030757e-03 -8.845599544650153e-04 -1.007646136239365e+00
50 16 -1.000284435485864e+00 -1.915215254132648e-03 -8.844819128108668e-04 -1.007643363801375e+00
50 17 -1.000284814490680e+00 -1.915700552139326e-03 -8.844741276731718e-04 -1.007640986837401e+00
50 18 -1.000285148657067e+00 -1.916062531698397e-03 -8.845236269194023e-04 -1.007639017372774e+00
50 19 -1.000285435809346e+00 -1.916301308833165e-03 -8.846171498776605e-04 -1.007637466119462e+00
50 20 -1.000285673159385e+00 -1.916416338292157e-03 -8.847447230012405e-04 -1.007636345410389e+00
50 21 -1.000285857085668e+00 -1.916406080794973e-03 -8.849019235615547e-04 -1.007635669547587e+00
50 22 -1.000285983485509e+00 -1.916268600252753e-03 -8.850899165613157e-04 -1.007635452445659e+00
50 23 -1.000286048541527e+00 -1.916002747372036e-03 -8.853133234989794e-04 -1.007635703836752e+00
50 24 -1.000286049539215e+00 -1.915609308235533e-03 -8.855769462297660e-04 -1.007636426027184e+00
50 25 -1.000285985357851e+00 -1.915091551876674e-03 -8.858828725123087e-04 -1.007637612818931e+00
50 26 -1.000285856442818e+00 -1.914454962989656e-03 -8.862292866762280e-04 -1.007639250934182e+00
50 27 -1.000285664341856e+00 -1.913706373728018e-03 -8.866115017980355e-04 -1.007641322912862e+00
50 28 -1.000285411091858e+00 -1.912852972665162e-03 -8.870246982518159e-04 -1.007643809801610e+00
50 29 -1.000285098778608e+00 -1.911901666990732e-03 -8.874670568595589e-04 -1.007646692273872e+00
50 30 -1.000284729465162e+00 -1.910859050785979e-03 -8.879417663221092e-04 -1.007649949803140e+00
50 31 -1.000284305477080e+00 -1.909731911030670e-03 -8.884568753165654e-04 -1.007653558601731e+00
50 32 -1.000283829852810e+00 -1.908527940466535e-03 -8.890229428842855e-04 -1.007657489684081e+00
50 33 -1.000283306704796e+00 -1.907256262933584e-03 -8.896494508177095e-04 -1.007661708249904e+00
50 34 -1.000282741315360e+00 -1.905927540739840e-03 -8.903414855801298e-04 -1.007666174693727e+00
50 35 -1.000282139949173e+00 -1.904553696065245e-03 -8.910980285889167e-04 -1.007670846537499e+00
50 36 -1.000281509498206e+00 -1.903147456382538e-03 -8.919124295950782e-04 -1.007675680145012e+00
50 37 -1.000280857118740e+00 -1.901721946529806e-03 -8.927746602046995e-04 -1.007680631415969e+00
50 38 -1.000280189978088e+00 -1.900290449475500e-03 -8.936741963085030e-04 -1.007685655409557e+00
50 39 -1.000279515147384e+00 -1.898866334347708e-03 -8.946021751703551e-04 -1.007690705499935e+00
50 40 -1.000278839604137e+00 -1.897463063849426e-03 -8.955518789821291e-04 -1.007695732904821e+00
50 41 -1.000278170276980e+00 -1.896094181054551e-03 -8.965173984253156e-04 -1.007700687159345e+00
50 42 -1.000277514083344e+00 -1.894773246151346e-03 -8.974911473667346e-04 -1.007705517448504e+00
50 43 -1.000276877950573e+00 -1.893513785109272e-03 -8.984613854399251e-04 -1.007710174065635e+00
50 44 -1.000276268825805e+00 -1.892329320041070e-03 -8.994108957729183e-04 -1.007714609146006e+00
50 45 -1.000275693653603e+00 -1.891233443813473e-03 -9.003175058525724e-04 -1.007718776391221e+00
50 46 -1.000275159268310e+00 -1.890239776686482e-03 -9.011564217419923e-04 -1.007722630323944e+00
50 47 -1.000274672158483e+00 -1.889361630470690e-03 -9.019036335782151e-04 -1.007726126055891e+00
50 48 -1.000274238121814e+00 -1.888611338709989e-03 -9.025392080248025e-04 -1.007729220316466e+00
50 49 -1.000273861905983e+00 -1.887999411790699e-03 -9.030492909666627e-04 -1.007731873749981e+00
50 50 -1.000273546976943e+00 -1.887533829515695e-03 -9.034261245692595e-04 -1.007734053662859e+00
50 51 -1.000273295535350e+00 -1.887219793168040e-03 -9.036661834268264e-04 -1.007735735947385e+00
50 52 -1.000273108801573e+00 -1.887060074757751e-03 -9.037673568652735e-04 -1.007736905183381e+00
50 53 -1.000272987444455e+00 -1.887055779778752e-03 -9.037265871824235e-04 -1.007737552907940e+00
50 54 -1.000272931925160e+00 -1.887207067559991e-03 -9.035392380970864e-04 -1.007737675177372e+00
50 55 -1.000272942548931e+00 -1.887513354393662e-03 -9.032006936139409e-04 -1.007737271028839e+00
50 56 -1.000273019170042e+00 -1.887972806625871e-03 -9.027095902094805e-04 -1.007736342909554e+00
50 57 -1.000273160693259e+00 -1.888581354357888e-03 -9.020711914582904e-04 -1.007734898922642e+00
50 58 -1.000273364646779e+00 -1.889331775820995e-03 -9.012991928610068e-04 -1.007732955578226e+00
50 59 -1.000273627096374e+00 -1.890213437949289e-03 -9.004148604050867e-04 -1.007730539278249e+00
50 60 -1.000273943021560e+00 -1.891212989925933e-03 -8.994436189771643e-04 -1.007727685289135e+00
50 61 -1.000274307040579e+00 -1.892315813828628e-03 -8.984104483241281e-04 -1.007724434280386e+00
50 62 -1.000274714169154e+00 -1.893507599913164e-03 -8.973360703796049e-04 -1.007720827933779e+00
50 63 -1.000275160253879e+00 -1.894775307809815e-03 -8.962355537576905e-04 -1.007716905758025e+00
51 0 -1.000275106830978e+00 -1.895208238225744e-03 -8.989728858396725e-04 -1.007714598433172e+00
51 1 -1.000275611474670e+00 -1.896573308856928e-03 -8.978555013927858e-04 -1.007710219765051e+00
51 2 -1.000276144430121e+00 -1.897977587312961e-03 -8.967449482141858e-04 -1.007705639215490e+00
51 3 -1.000276701117524e+00 -1.899406795518702e-03 -8.956574590032212e-04 -1.007700901069070e+00
51 4 -1.000277275938021e+00 -1.900844758489974e-03 -8.946130855986267e-04 -1.007696055652273e+00
51 5 -1.000277862691920e+00 -1.902274443317440e-03 -8.936324840279296e-04 -1.007691156924419e+00
51 6 -1.000278455328955e+00 -1.903679611009611e-03 -8.927326029010138e-04 -1.007686258069848e+00
51 7 -1.000279048662958e+00 -1.905046293084599e-03 -8.919232679670830e-04 -1.007681407226537e+00
51 8 -1.000279638684650e+00 -1.906363376971472e-03 -8.912062168899064e-04 -1.007676645485165e+00
51 9 -1.000280222309571e+00 -1.907622051907048e-03 -8.905769670715068e-04 -1.007672008057655e+00
51 10 -1.000280796688051e+00 -1.908814455890205e-03 -8.900286016909296e-04 -1.007667527802270e+00
51 11 -1.000281358419515e+00 -1.909932249151956e-03 -8.895557510487503e-04 -1.007663239098778e+00
51 12 -1.000281903055434e+00 -1.910965850084952e-03 -8.891570436707396e-04 -1.007659179950163e+00
51 13 -1.000282425138300e+00 -1.911904731902727e-03 -8.888350444316907e-04 -1.007655391107999e+00
51 14 -1.000282918769316e+00 -1.912738651602902e-03 -8.885938427240903e-04 -1.007651912536826e+00
51 15 -1.000283378433630e+00 -1.913459206740616e-03 -8.884355108135297e-04 -1.007648778950694e+00
51 16 -1.000283799673374e+00 -1.914060939643449e-03 -8.883571501091291e-04 -1.007646016699177e+00
51 17 -1.000284179275584e+00 -1.914541446801660e-03 -8.883499507564872e-04 -1.007643643561926e+00
51 18 -1.000284514900445e+00 -1.914900470792665e-03 -8.884007595554392e-04 -1.007641671424064e+00
51 19 -1.000284804366834e+00 -1.915138453678275e-03 -8.884955325028735e-04 -1.007640110305073e+00
51 20 -1.000285044978773e+00 -1.915255259614602e-03 -8.886232351300265e-04 -1.007638971612360e+00
51 21 -1.000285233246137e+00 -1.915249655007078e-03 -8.887785664496231e-04 -1.007638268986578e+00
51 22 -1.000285365154325e+00 -1.915119751209424e-03 -8.889623858079231e-04 -1.007638016364546e+00
51 23 -1.000285436866400e+00 -1.914864145334301e-03 -8.891797205633064e-04 -1.007638224302204e+00
51 24 -1.000285445526896e+00 -1.914483162105705e-03 -8.894363074894260e-04 -1.007638896478193e+00
51 25 -1.000285389793526e+00 -1.913979582196508e-03 -8.897352765571516e-04 -1.007640028129851e+00
51 26 -1.000285269879238e+00 -1.913358547091647e-03 -8.900754999282168e-04 -1.007641607031331e+00
51 27 -1.000285087149300e+00 -1.912626766840937e-03 -8.904523399550099e-04 -1.007643616220742e+00
51 28 -1.000284843532759e+00 -1.911791477112777e-03 -8.908604107858920e-04 -1.007646036861510e+00
51 29 -1.000284541065889e+00 -1.910859656649225e-03 -8.912970274415773e-04 -1.007648849755596e+00
51 30 -1.000284181778847e+00 -1.909837836663655e-03 -8.917646743969352e-04 -1.007652034902528e+00
51 31 -1.000283767938772e+00 -1.908732516765527e-03 -8.922712489791590e-04 -1.007655569602742e+00
51 32 -1.000283302478772e+00 -1.907550902899141e-03 -8.928278473690943e-04 -1.007659426373557e+00
51 33 -1.000282789365262e+00 -1.906301557434538e-03 -8.934449905615579e-04 -1.007663571959010e+00
51 34 -1.000282233718613e+00 -1.904994662244747e-03 -8.941288872393345e-04 -1.007667967954691e+00
51 35 -1.000281641652696e+00 -1.903641846584769e-03 -8.948792727789117e-04 -1.007672572552228e+00
51 36 -1.000281019937574e+00 -1.902255744172669e-03 -8.956896078827429e-04 -1.007677342336818e+00
51 37 -1.000280375643003e+00 -1.900849509862588e-03 -8.965493507573196e-04 -1.007682233251654e+00
51 38 -1.000279715884572e+00 -1.899436465674781e-03 -8.974471295285165e-04 -1.007687200509797e+00
51 39 -1.000279047713255e+00 -1.898029934184626e-03 -8.983733189594353e-04 -1.007692197900769e+00
51 40 -1.000278378113047e+00 -1.896643214526571e-03 -8.993208806271780e-04 -1.007697177265615e+00
51 41 -1.000277714036473e+00 -1.895289607867151e-03 -9.002841637570305e-04 -1.007702088764524e+00
51 42 -1.000277062425369e+00 -1.893982431394441e-03 -9.012562868610119e-04 -1.007706881994371e+00
51 43 -1.000276430209100e+00 -1.892735034749364e-03 -9.022263294922855e-04 -1.007711507367097e+00
51 44 -1.000275824295666e+00 -1.891560856261046e-03 -9.031776363656673e-04 -1.007715916939361e+00
51 45 -1.000275251548715e+00 -1.890473481204926e-03 -9.040880838424793e-04 -1.007720064324469e+00
51 46 -1.000274718704532e+00 -1.889486562089110e-03 -9.049323791010998e-04 -1.007723904089409e+00
51 47 -1.000274232178671e+00 -1.888613450630151e-03 -9.056856545088560e-04 -1.007727391530017e+00
51 48 -1.000273797760592e+00 -1.887866512477113e-03 -9.063270890245634e-04 -1.007730483576240e+00
51 49 -1.000273420269340e+00 -1.887256281580623e-03 -9.068422449440229e-04 -1.007733140921700e+00
51 50 -1.000273103298972e+00 -1.886790754505614e-03 -9.072232898450025e-04 -1.007735330677618e+00
51 51 -1.000272849179913e+00 -1.886475135341077e-03 -9.074671249724702e-04 -1.007737028357827e+00
51 52 -1.000272659201800e+00 -1.886312171444602e-03 -9.075723473241873e-04 -1.007738218172830e+00
51 53 -1.000272534007230e+00 -1.886302914229891e-03 -9.075365425989046e-04 -1.007738891494678e+00
51 54 -1.000272473951245e+00 -1.886447465986166e-03 -9.073553270742344e-04 -1.007739044469690e+00
51 55 -1.000272479216063e+00 -1.886745234357769e-03 -9.070237816016163e-04 -1.007738676331496e+00
51 56 -1.000272549596241e+00 -1.887194475079980e-03 -9.065397610626113e-04 -1.007737789560571e+00
51 57 -1.000272684056692e+00 -1.887791320361227e-03 -9.059075674316173e-04 -1.007736391899204e+00
51 58 -1.000272880307686e+00 -1.888528823986772e-03 -9.051401539783361e-04 -1.007734499057860e+00
51 59 -1.000273134661263e+00 -1.889396617457725e-03 -9.042585893594369e-04 -1.007732136394173e+00
51 60 -1.000273442315192e+00 -1.890381511902808e-03 -9.032887423532953e-04 -1.007729338235059e+00
51 61 -1.000273797997457e+00 -1.891468901833046e-03 -9.022564855010738e-04 -1.007726144727751e+00
51 62 -1.000274196699485e+00 -1.892644373557903e-03 -9.011834786764890e-04 -1.007722597531725e+00
51 63 -1.000274634153876e+00 -1.893894770592210e-03 -9.000853450168132e-04 -1.007718736422619e+00
52 0 -1.000274624180931e+00 -1.894289775761300e-03 -9.030513403756492e-04 -1.007716436885728e+00
52 1 -1.000275119643030e+00 -1.895636237389147e-03 -9.019369077064547e-04 -1.007712122523695e+00
52 2 -1.000275643055732e+00 -1.897021067078421e-03 -9.008291895396100e-04 -1.007707608327735e+00
52 3 -1.000276190059706e+00 -1.898430403128673e-03 -8.997436259204725e-04 -1.007702937349803e+00
52 4 -1.000276755340306e+00 -1.899848445657726e-03 -8.986999669753573e-04 -1.007698158586306e+00
52 5 -1.000277332944425e+00 -1.901258371409383e-03 -8.977192379256757e-04 -1.007693325004255e+00
52 6 -1.000277916948198e+00 -1.902643946413646e-03 -8.968192875824579e-04 -1.007688489389835e+00
52 7 -1.000278502151320e+00 -1.903991076773634e-03 -8.960109748773633e-04 -1.007683699997041e+00
52 8 -1.000279084441503e+00 -1.905288546792718e-03 -8.952967362322393e-04 -1.007678998167750e+00
52 9 -1.000279660637492e+00 -1.906527615789490e-03 -8.946721370461979e-04 -1.007674419035094e+00
52 10 -1.000280227888525e+00 -1.907700735100121e-03 -8.941296351667649e-04 -1.007669994751661e+00
52 11 -1.000280782929056e+00 -1.908800074216630e-03 -8.936628368242099e-04 -1.007665758391725e+00
52 12 -1.000281321553981e+00 -1.909816612282321e-03 -8.932693917226946e-04 -1.007661746395013e+00
52 13 -1.000281838574602e+00 -1.910740260052361e-03 -8.929513451498305e-04 -1.007657998185221e+00
52 14 -1.000282328288470e+00 -1.911560969664378e-03 -8.927129228121751e-04 -1.007654553028030e+00
52 15 -1.000282785241607e+00 -1.912270291159668e-03 -8.925568764175161e-04 -1.007651445647218e+00
52 16 -1.000283204904959e+00 -1.912862597892189e-03 -8.924811592993402e-04 -1.007648702829344e+00
52 17 -1.000283583927146e+00 -1.913335373457352e-03 -8.924775329366802e-04 -1.007646342739025e+00
52 18 -1.000283919851633e+00 -1.913688441416446e-03 -8.925328128233681e-04 -1.007644377191754e+00
52 19 -1.000284210468896e+00 -1.913922544349908e-03 -8.926322782681191e-04 -1.007642815576908e+00
52 20 -1.000284453155882e+00 -1.914037966859965e-03 -8.927638283900452e-04 -1.007641668353950e+00
52 21 -1.000284644552535e+00 -1.914033839123285e-03 -8.929211474121158e-04 -1.007640948362084e+00
52 22 -1.000284780754141e+00 -1.913908412131260e-03 -8.931045625914138e-04 -1.007640669331050e+00
52 23 -1.000284857943051e+00 -1.913660124979598e-03 -8.933192750680506e-04 -1.007640842398166e+00
52 24 -1.000284873164647e+00 -1.913288906680548e-03 -8.935718078683481e-04 -1.007641472442979e+00
52 25 -1.000284824885208e+00 -1.912797066740738e-03 -8.938663190942323e-04 -1.007642556084540e+00
52 26 -1.000284713095742e+00 -1.912189378126534e-03 -8.942024775565625e-04 -1.007644082197639e+00
52 27 -1.000284538971883e+00 -1.911472387631235e-03 -8.945758584236427e-04 -1.007646034402851e+00
52 28 -1.000284304319677e+00 -1.910653353728025e-03 -8.949806368341493e-04 -1.007648394021049e+00
52 29 -1.000284011114448e+00 -1.909739341031740e-03 -8.954132819332755e-04 -1.007651141931284e+00
52 30 -1.000283661353743e+00 -1.908736871022965e-03 -8.958754680945950e-04 -1.007654258522265e+00
52 31 -1.000283257259517e+00 -1.907652227138644e-03 -8.963747520120576e-04 -1.007657722015951e+00
52 32 -1.000282801680624e+00 -1.906492187242776e-03 -8.969225782871020e-04 -1.007661506308690e+00
52 33 -1.000282298458150e+00 -1.905264774118346e-03 -8.975304049079702e-04 -1.007665579656850e+00
52 34 -1.000281752563485e+00 -1.903979668220515e-03 -8.982055936996045e-04 -1.007669904917935e+00
52 35 -1.000281169961268e+00 -1.902648156026782e-03 -8.989487838656303e-04 -1.007674441064005e+00
52 36 -1.000280557290466e+00 -1.901282724046940e-03 -8.997537499134832e-04 -1.007679145002885e+00
52 37 -1.000279921518137e+00 -1.899896523389845e-03 -9.006096074014901e-04 -1.007683972769230e+00
52 38 -1.000279269690124e+00 -1.898502911772638e-03 -9.015042095436878e-04 -1.007688879716458e+00
52 39 -1.000278608822049e+00 -1.897115186754140e-03 -9.024271243884347e-04 -1.007693820001802e+00
52 40 -1.000277945895166e+00 -1.895746512689165e-03 -9.033708656103193e-04 -1.007698746053080e+00
52 41 -1.000277287883621e+00 -1.894409964757856e-03 -9.043299014535720e-04 -1.007703608666956e+00
52 42 -1.000276641757073e+00 -1.893118607803385e-03 -9.052979782721545e-04 -1.007708357919936e+00
52 43 -1.000276014452560e+00 -1.891885580908930e-03 -9.062650263272430e-04 -1.007712944445671e+00
52 44 -1.000275412841721e+00 -1.890724190153047e-03 -9.072150861630561e-04 -1.007717320328381e+00
52 45 -1.000274843701842e+00 -1.889647964242735e-03 -9.081262719894449e-04 -1.007721439181007e+00
52 46 -1.000274313654218e+00 -1.888670548695060e-03 -9.089729653779546e-04 -1.007725255684436e+00
52 47 -1.000273829014014e+00 -1.887805309529441e-03 -9.097295358097200e-04 -1.007728725385049e+00
52 48 -1.000273395530424e+00 -1.887064630536959e-03 -9.103742609707838e-04 -1.007731805493133e+00
52 49 -1.000273018065961e+00 -1.886459061230160e-03 -9.108920125452264e-04 -1.007734456850504e+00
52 50 -1.000272700326956e+00 -1.885996606343176e-03 -9.112747377882806e-04 -1.007736646482124e+00
52 51 -1.000272444772863e+00 -1.885682458484097e-03 -9.115196518613130e-04 -1.007738349624790e+00
52 52 -1.000272252772820e+00 -1.885519317504706e-03 -9.116260370927204e-04 -1.007739550201224e+00
52 53 -1.000272124954211e+00 -1.885508148117134e-03 -9.115922084804586e-04 -1.007740239485067e+00
52 54 -1.000272061566046e+00 -1.885648953338633e-03 -9.114141997057507e-04 -1.007740413786869e+00
52 55 -1.000272062649188e+00 -1.885941082827423e-03 -9.110869683178061e-04 -1.007740072643910e+00
52 56 -1.000272127902936e+00 -1.886382831354375e-03 -9.106077105815102e-04 -1.007739218718463e+00
52 57 -1.000272256309880e+00 -1.886970490887798e-03 -9.099797838158374e-04 -1.007737859562085e+00
52 58 -1.000272445728031e+00 -1.887697364943202e-03 -9.092153062329574e-04 -1.007736010235817e+00
52 59 -1.000272692702220e+00 -1.888553343513948e-03 -9.083349923355618e-04 -1.007733695142018e+00
52 60 -1.000272992659424e+00 -1.889525408053135e-03 -9.073650105267717e-04 -1.007730947679889e+00
52 61 -1.000273340464780e+00 -1.890598975498524e-03 -9.063320670451075e-04 -1.007727807430968e+00
52 62 -1.000273731113352e+00 -1.891759525165512e-03 -9.052588200562327e-04 -1.007724315984324e+00
52 63 -1.000274160236270e+00 -1.892993759813142e-03 -9.041616061264292e-04 -1.007720513380957e+00
53 0 -1.000274199434445e+00 -1.893360442845615e-03 -9.073176600772109e-04 -1.007718200658675e+00
53 1 -1.000274685908261e+00 -1.894689019720333e-03 -9.062054774028515e-04 -1.007713949299950e+00
53 2 -1.000275199829323e+00 -1.896054765286956e-03 -9.051004181990705e-04 -1.007709501267674e+00
53 3 -1.000275737031822e+00 -1.897444225307691e-03 -9.040170673416374e-04 -1.007704898440223e+00
53 4 -1.000276292481797e+00 -1.898842001027386e-03 -9.029747189193378e-04 -1.007700188440574e+00
53 5 -1.000276860496641e+00 -1.900231530376000e-03 -9.019945945114201e-04 -1.007695423100752e+00
53 6 -1.000277435320921e+00 -1.901596638921636e-03 -9.010953342825715e-04 -1.007690654620842e+00
53 7 -1.000278011781991e+00 -1.902923139917798e-03 -9.002888383567748e-04 -1.007685931216662e+00
53 8 -1.000278585688202e+00 -1.904199711445567e-03 -8.995783644449982e-04 -1.007681294420739e+00
53 9 -1.000279153758583e+00 -1.905417649626358e-03 -8.989597064963037e-04 -1.007676779327589e+00
53 10 -1.000279713116603e+00 -1.906569677613567e-03 -8.984248517160655e-04 -1.007672417476817e+00
53 11 -1.000280260600593e+00 -1.907648451770208e-03 -8.979664381682646e-04 -1.007668240705543e+00
53 12 -1.000280792229584e+00 -1.908645528515859e-03 -8.975810639531749e-04 -1.007664283867107e+00
53 13 -1.000281303089043e+00 -1.909551314111991e-03 -8.972700794796058e-04 -1.007660584918658e+00
53 14 -1.000281787703710e+00 -1.910356037873234e-03 -8.970376404394343e-04 -1.007657182206992e+00
53 15 -1.000282240724980e+00 -1.911051278217424e-03 -8.968870259963801e-04 -1.007654110242886e+00
53 16 -1.000282657592394e+00 -1.911631281469534e-03 -8.968170033752186e-04 -1.007651396106013e+00
53 17 -1.000283034836045e+00 -1.912093416477095e-03 -8.968199861063227e-04 -1.007649058318456e+00
53 18 -1.000283369878366e+00 -1.912437556003684e-03 -8.968829050761234e-04 -1.007647108687164e+00
53 19 -1.000283660460858e+00 -1.912664711421111e-03 -8.969904904324630e-04 -1.007645556045453e+00
53 20 -1.000283904012001e+00 -1.912775586511239e-03 -8.971296055561745e-04 -1.007644409910347e+00
53 21 -1.000284097294920e+00 -1.912769720227927e-03 -8.972928191076157e-04 -1.007643682210685e+00
53 22 -1.000284236530443e+00 -1.912645587823188e-03 -8.974797190302950e-04 -1.007643386258005e+00
53 23 -1.000284317955433e+00 -1.912401567932701e-03 -8.976954415457028e-04 -1.007643533523060e+00
53 24 -1.000284338558627e+00 -1.912037270272488e-03 -8.979471174661378e-04 -1.007644129887572e+00
53 25 -1.000284296649548e+00 -1.911554564583815e-03 -8.982398799707615e-04 -1.007645173263074e+00
53 26 -1.000284192013986e+00 -1.910957840817075e-03 -8.985742736228793e-04 -1.007646653646551e+00
53 27 -1.000284025636011e+00 -1.910253444213367e-03 -8.989462428347936e-04 -1.007648555317060e+00
53 28 -1.000283799185884e+00 -1.909448626509105e-03 -8.993496683069192e-04 -1.007650859803839e+00
53 29 -1.000283514565664e+00 -1.908550543223091e-03 -8.997802252903071e-04 -1.007653548030228e+00
53 30 -1.000283173737717e+00 -1.907565752127672e-03 -9.002387025958844e-04 -1.007656600649332e+00
53 31 -1.000282778889283e+00 -1.906500391976061e-03 -9.007321401815918e-04 -1.007659996631634e+00
53 32 -1.000282332805187e+00 -1.905360880404678e-03 -9.012721303448459e-04 -1.007663711101966e+00
53 33 -1.000281839223665e+00 -1.904154737379839e-03 -9.018709322941824e-04 -1.007667713759480e+00
53 34 -1.000281302984025e+00 -1.902891135783633e-03 -9.025370506706462e-04 -1.007671968750564e+00
53 35 -1.000280729908027e+00 -1.901580978813097e-03 -9.032721467942813e-04 -1.007676435919514e+00
53 36 -1.000280126498465e+00 -1.900236553662178e-03 -9.040705021248199e-04 -1.007681072597252e+00
53 37 -1.000279499605830e+00 -1.898870968488536e-03 -9.049210741663043e-04 -1.007685834970550e+00
53 38 -1.000278856188225e+00 -1.897497605218504e-03 -9.058110430051976e-04 -1.007690678535747e+00
53 39 -1.000278203208934e+00 -1.896129751983082e-03 -9.067291558560207e-04 -1.007695557779112e+00
53 40 -1.000277547634540e+00 -1.894780466559162e-03 -9.076673690582713e-04 -1.007700425675284e+00
53 41 -1.000276896455994e+00 -1.893462618868701e-03 -9.086201283857008e-04 -1.007705233655804e+00
53 42 -1.000276256672711e+00 -1.892189019601647e-03 -9.095817109225683e-04 -1.007709932330034e+00
53 43 -1.000275635235294e+00 -1.890972569725612e-03 -9.105428998403761e-04 -1.007714472647786e+00
53 44 -1.000275038983811e+00 -1.889826397656193e-03 -9.114885428390202e-04 -1.007718806827049e+00
53 45 -1.000274474606887e+00 -1.888763925063079e-03 -9.123971748562291e-04 -1.007722888575347e+00
53 46 -1.000273948596966e+00 -1.887798746233014e-03 -9.132430394206270e-04 -1.007726672766780e+00
53 47 -1.000273467143170e+00 -1.886944209747700e-03 -9.139998678412243e-04 -1.007730115272402e+00
53 48 -1.000273035922025e+00 -1.886212698744344e-03 -9.146450575303945e-04 -1.007733173665559e+00
53 49 -1.000272659809024e+00 -1.885614768114673e-03 -9.151627090812522e-04 -1.007735809034349e+00
53 50 -1.000272342602931e+00 -1.885158422664564e-03 -9.155444122640724e-04 -1.007737988425347e+00
53 51 -1.000272086887750e+00 -1.884848831701366e-03 -9.157875713536751e-04 -1.007739686900483e+00
53 52 -1.000271894120780e+00 -1.884688628234643e-03 -9.158921054275152e-04 -1.007740888177431e+00
53 53 -1.000271764926842e+00 -1.884678661112592e-03 -9.158571172503783e-04 -1.007741583497094e+00
53 54 -1.000271699453180e+00 -1.884818794027512e-03 -9.156792075254339e-04 -1.007741769404526e+00
53 55 -1.000271697585804e+00 -1.885108269321873e-03 -9.153533950572656e-04 -1.007741445842718e+00
53 56 -1.000271758896338e+00 -1.885545368085949e-03 -9.148763640707956e-04 -1.007740615801184e+00
53 57 -1.000271882342195e+00 -1.886126495388447e-03 -9.142505774014623e-04 -1.007739286813559e+00
53 58 -1.000272065890495e+00 -1.886845173331316e-03 -9.134872543292534e-04 -1.007737473452706e+00
53 59 -1.000272306298497e+00 -1.887691539564645e-03 -9.126066102491937e-04 -1.007735199272527e+00
53 60 -1.000272599226770e+00 -1.888652751945666e-03 -9.116349580602832e-04 -1.007732496774046e+00
53 61 -1.000272939701708e+00 -1.889714261127128e-03 -9.105997497544207e-04 -1.007729404939063e+00
53 62 -1.000273322751247e+00 -1.890861440562402e-03 -9.095246684549950e-04 -1.007725965235556e+00
53 63 -1.000273743922404e+00 -1.892080832275870e-03 -9.084268997054726e-04 -1.007722217957572e+00
54 0 -1.000273837566457e+00 -1.892429120649542e-03 -9.117332255889759e-04 -1.007719870487352e+00
54 1 -1.000274315342421e+00 -1.893740740912367e-03 -9.106225139857586e-04 -1.007715680126728e+00
54 2 -1.000274819930109e+00 -1.895087982189566e-03 -9.095198675778319e-04 -1.007711297332173e+00
54 3 -1.000275347325477e+00 -1.896457779490837e-03 -9.084389840193114e-04 -1.007706762891713e+00
54 4 -1.000275892763684e+00 -1.897835151917758e-03 -9.073985637813580e-04 -1.007702123042536e+00
54 5 -1.000276450848767e+00 -1.899203844791693e-03 -9.064198459286376e-04 -1.007697428363838e+00
54 6 -1.000277016031714e+00 -1.900547798654670e-03 -9.055221260792584e-04 -1.007692730289669e+00
54 7 -1.000277583210627e+00 -1.901852772925244e-03 -9.047183168869779e-04 -1.007688076832561e+00
54 8 -1.000278148143717e+00 -1.903107344732173e-03 -9.040125891745474e-04 -1.007683509633402e+00
54 9 -1.000278707454085e+00 -1.904302819016247e-03 -9.034011344072107e-04 -1.007679063770071e+00
54 10 -1.000279258218999e+00 -1.905432147594245e-03 -9.028756365308520e-04 -1.007674770260244e+00
54 11 -1.000279797348905e+00 -1.906488442306705e-03 -9.024278527560899e-04 -1.007670659791421e+00
54 12 -1.000280321062315e+00 -1.907463840460795e-03 -9.020532926402760e-04 -1.007666765640198e+00
54 13 -1.000280824716506e+00 -1.908349290503677e-03 -9.017524603638861e-04 -1.007663124190273e+00
54 14 -1.000281303087752e+00 -1.909135376062930e-03 -9.015292368336311e-04 -1.007659772666181e+00
54 15 -1.000281750974968e+00 -1.909813783054877e-03 -9.013872559879568e-04 -1.007656745137764e+00
54 16 -1.000282163828818e+00 -1.910378681989221e-03 -9.013260283658522e-04 -1.007654068810688e+00
54 17 -1.000282538087074e+00 -1.910827335142247e-03 -9.013386719240626e-04 -1.007651762508980e+00
54 18 -1.000282871053441e+00 -1.911159637344801e-03 -9.014123701267867e-04 -1.007649838076058e+00
54 19 -1.000283160403425e+00 -1.911376832685030e-03 -9.015314469905663e-04 -1.007648303869901e+00
54 20 -1.000283403594542e+00 -1.911480030849416e-03 -9.016817955513505e-04 -1.007647168497731e+00
54 21 -1.000283597501291e+00 -1.911469210556493e-03 -9.018548067662950e-04 -1.007646442902357e+00
54 22 -1.000283738479532e+00 -1.911343146566013e-03 -9.020491472348091e-04 -1.007646139788118e+00
54 23 -1.000283822851406e+00 -1.911100254056500e-03 -9.022696501409334e-04 -1.007646270711717e+00
54 24 -1.000283847590766e+00 -1.910739908197790e-03 -9.025238515501758e-04 -1.007646842337156e+00
54 25 -1.000283810888403e+00 -1.910263583794600e-03 -9.028177690562335e-04 -1.007647853745738e+00
54 26 -1.000283712347591e+00 -1.909675285690357e-03 -9.031528683442444e-04 -1.007649296046851e+00
54 27 -1.000283552764823e+00 -1.908981124920324e-03 -9.035256052720670e-04 -1.007651154238591e+00
54 28 -1.000283333665069e+00 -1.908188313607222e-03 -9.039297219915308e-04 -1.007653410115296e+00
54 29 -1.000283056864589e+00 -1.907304093824484e-03 -9.043601820459695e-04 -1.007656044631498e+00
54 30 -1.000282724285265e+00 -1.906335096747441e-03 -9.048168464882390e-04 -1.007659038597046e+00
54 31 -1.000282338087017e+00 -1.905287385699753e-03 -9.053060816463334e-04 -1.007662371557636e+00
54 32 -1.000281901009332e+00 -1.904167092859141e-03 -9.058394214636105e-04 -1.007666019694095e+00
54 33 -1.000281416711009e+00 -1.902981285988238e-03 -9.064297615481462e-04 -1.007669954042941e+00
54 34 -1.000280889919422e+00 -1.901738639621037e-03 -9.070866980107197e-04 -1.007674140030532e+00
54 35 -1.000280326324372e+00 -1.900449644349597e-03 -9.078129967401421e-04 -1.007678538441691e+00
54 36 -1.000279732291855e+00 -1.899126339541829e-03 -9.086036228309736e-04 -1.007683107125265e+00
54 37 -1.000279114544971e+00 -1.897781747563078e-03 -9.094475678772255e-04 -1.007687802489914e+00
54 38 -1.000278479937064e+00 -1.896429255673004e-03 -9.103314661083347e-04 -1.007692580192223e+00
54 39 -1.000277835361022e+00 -1.895082151633519e-03 -9.112432602226532e-04 -1.007697395019197e+00
54 40 -1.000277187754396e+00 -1.893753412791465e-03 -9.121742610820682e-04 -1.007702200452150e+00
54 41 -1.000276544117384e+00 -1.892455728180791e-03 -9.131187529788543e-04 -1.007706948545086e+00
54 42 -1.000275911479277e+00 -1.891201660236217e-03 -9.140714292036690e-04 -1.007711590477532e+00
54 43 -1.000275296810010e+00 -1.890003852323311e-03 -9.150238991327960e-04 -1.007716077597008e+00
54 44 -1.000274706924599e+00 -1.888875214526725e-03 -9.159619024252253e-04 -1.007720362357492e+00
54 45 -1.000274148423724e+00 -1.887829010922484e-03 -9.168645658080945e-04 -1.007724398660866e+00
54 46 -1.000273627660529e+00 -1.886878736545174e-03 -9.177061905553857e-04 -1.007728141661869e+00
54 47 -1.000273150675076e+00 -1.886037685591490e-03 -9.184600200582149e-04 -1.007731547636227e+00
54 48 -1.000272723039391e+00 -1.885318216930207e-03 -9.191026263740222e-04 -1.007734574605432e+00
54 49 -1.000272349609346e+00 -1.884730877391837e-03 -9.196172884689564e-04 -1.007737184002854e+00
54 50 -1.000272034252212e+00 -1.884283663022858e-03 -9.199951157493121e-04 -1.007739343005392e+00
54 51 -1.000271779667936e+00 -1.883981710156709e-03 -9.202335699202299e-04 -1.007741026602468e+00
54 52 -1.000271587408511e+00 -1.883827569639459e-03 -9.203331345356901e-04 -1.007742218388508e+00
54 53 -1.000271458109737e+00 -1.883821949220085e-03 -9.202937304142509e-04 -1.007742909635611e+00
54 54 -1.000271391824987e+00 -1.883964535613832e-03 -9.201126559973927e-04 -1.007743097190690e+00
54 55 -1.000271388276891e+00 -1.884254415118203e-03 -9.197851752062147e-04 -1.007742781499227e+00
54 56 -1.000271446881212e+00 -1.884689801301111e-03 -9.193076254945344e-04 -1.007741966017096e+00
54 57 -1.000271566528538e+00 -1.885267162579037e-03 -9.186816568022337e-04 -1.007740658430783e+00
54 58 -1.000271745253392e+00 -1.885980203610715e-03 -9.179175570997548e-04 -1.007738872993863e+00
54 59 -1.000271979998666e+00 -1.886819293754420e-03 -9.170349153561576e-04 -1.007736632535178e+00
54 60 -1.000272266655957e+00 -1.887771770421592e-03 -9.160600292214140e-04 -1.007733968705027e+00
54 61 -1.000272600432777e+00 -1.888823130028088e-03 -9.150209836957893e-04 -1.007730919861888e+00
54 62 -1.000272976419336e+00 -1.889958645242587e-03 -9.139424801313834e-04 -1.007727527300983e+00
54 63 -1.000273390099999e+00 -1.891164682348925e-03 -9.128426617349611e-04 -1.007723831547124e+00
55 0 -1.000273542931036e+00 -1.891504732111701e-03 -9.162585684531793e-04 -1.007721427483928e+00
55 1 -1.000274012397869e+00 -1.892800531227106e-03 -9.151484531917201e-04 -1.007717295394888e+00
55 2 -1.000274507921220e+00 -1.894130072801681e-03 -9.140478737828152e-04 -1.007712976137966e+00
55 3 -1.000275025623274e+00 -1.895480653938033e-03 -9.129696402259905e-04 -1.007708509516629e+00
55 4 -1.000275560989073e+00 -1.896837718379575e-03 -9.119317435734314e-04 -1.007703940401636e+00
55 5 -1.000276108916963e+00 -1.898185357881913e-03 -9.109552623764585e-04 -1.007699318030828e+00
55 6 -1.000276664096677e+00 -1.899507682050047e-03 -9.100599901034171e-04 -1.007694692907335e+00
55 7 -1.000277221539687e+00 -1.900790440463846e-03 -9.092597876782287e-04 -1.007690112670409e+00
55 8 -1.000277776987749e+00 -1.902022122889359e-03 -9.085597966495941e-04 -1.007685618967495e+00
55 9 -1.000278326978517e+00 -1.903194021488241e-03 -9.079567571478392e-04 -1.007681246861936e+00
55 10 -1.000278868527771e+00 -1.904299273556432e-03 -9.074422236072980e-04 -1.007677026934970e+00
55 11 -1.000279398587110e+00 -1.905331407477843e-03 -9.070071871540761e-04 -1.007672988827029e+00
55 12 -1.000279913545645e+00 -1.906283132614428e-03 -9.066460678873768e-04 -1.007669164278659e+00
55 13 -1.000280409022618e+00 -1.907145973732456e-03 -9.063584008805029e-04 -1.007665588028056e+00
55 14 -1.000280880062739e+00 -1.907910938258634e-03 -9.061475959911763e-04 -1.007662295998251e+00
55 15 -1.000281321650661e+00 -1.908569899110267e-03 -9.060174545953190e-04 -1.007659321593086e+00
55 16 -1.000281729292000e+00 -1.909117009977411e-03 -9.059681296955686e-04 -1.007656691958363e+00
55 17 -1.000282099364032e+00 -1.909549445126938e-03 -9.059934653484896e-04 -1.007654426136079e+00
55 18 -1.000282429060865e+00 -1.909867100673997e-03 -9.060810196700649e-04 -1.007652536030980e+00
55 19 -1.000282715979584e+00 -1.910071415146170e-03 -9.062148631233736e-04 -1.007651029607526e+00
55 20 -1.000282957584533e+00 -1.910163880339141e-03 -9.063800153145483e-04 -1.007649914618498e+00
55 21 -1.000283150845818e+00 -1.910144931485526e-03 -9.065666674343575e-04 -1.007649200978159e+00
55 22 -1.000283292257647e+00 -1.910013706559709e-03 -9.067724136275782e-04 -1.007648900622163e+00
55 23 -1.000283378252821e+00 -1.909768750713042e-03 -9.070015540656421e-04 -1.007649024953946e+00
55 24 -1.000283405830122e+00 -1.909409295457511e-03 -9.072618096210873e-04 -1.007649581184016e+00
55 25 -1.000283373102058e+00 -1.908936478467518e-03 -9.075599562172840e-04 -1.007650569407548e+00
55 26 -1.000283279517613e+00 -1.908353930861302e-03 -9.078983896750580e-04 -1.007651981802100e+00
55 27 -1.000283125695673e+00 -1.907667504318848e-03 -9.082741991627252e-04 -1.007653804125759e+00
55 28 -1.000282913010381e+00 -1.906884337034914e-03 -9.086811490050621e-04 -1.007656018496606e+00
55 29 -1.000282643180370e+00 -1.906011744895824e-03 -9.091135999936183e-04 -1.007658605904771e+00
55 30 -1.000282318079663e+00 -1.905056459847052e-03 -9.095704779283881e-04 -1.007661547228271e+00
55 31 -1.000281939844967e+00 -1.904024534179661e-03 -9.100573434204712e-04 -1.007664822421029e+00
55 32 -1.000281511186691e+00 -1.902921893214220e-03 -9.105854678768472e-04 -1.007668408533282e+00
55 33 -1.000281035707513e+00 -1.901755215095803e-03 -9.111681951522598e-04 -1.007672277801879e+00
55 34 -1.000280518045544e+00 -1.900532700707787e-03 -9.118161222600770e-04 -1.007676396887168e+00
55 35 -1.000279963773814e+00 -1.899264411529639e-03 -9.125331632982738e-04 -1.007680727554770e+00
55 36 -1.000279379125508e+00 -1.897962096431217e-03 -9.133151208526962e-04 -1.007685228255661e+00
55 37 -1.000278770689151e+00 -1.896638647401966e-03 -9.141512136825663e-04 -1.007689855695642e+00
55 38 -1.000278145198109e+00 -1.895307431581064e-03 -9.150276789995354e-04 -1.007694565722286e+00
55 39 -1.000277509456504e+00 -1.893981738416996e-03 -9.159317015730757e-04 -1.007699313406592e+00
55 40 -1.000276870356468e+00 -1.892674487708288e-03 -9.168538826509988e-04 -1.007704052698807e+00
55 41 -1.000276234897251e+00 -1.891398214570826e-03 -9.177882124556609e-04 -1.007708736253986e+00
55 42 -1.000275610136053e+00 -1.890165246545885e-03 -9.187296718868659e-04 -1.007713315842796e+00
55 43 -1.000275003067319e+00 -1.888987958711036e-03 -9.196706417063008e-04 -1.007717743276579e+00
55 44 -1.000274420488796e+00 -1.887879008506373e-03 -9.205978088083756e-04 -1.007721971339690e+00
55 45 -1.000273868916909e+00 -1.886851453864209e-03 -9.214910448650065e-04 -1.007725954228577e+00
55 46 -1.000273354558905e+00 -1.885918640529869e-03 -9.223249063284051e-04 -1.007729647470762e+00
55 47 -1.000272883286064e+00 -1.885093766863490e-03 -9.230723200063488e-04 -1.007733007831485e+00
55 48 -1.000272460535363e+00 -1.884389138732027e-03 -9.237091201911288e-04 -1.007735993868786e+00
55 49 -1.000272091109003e+00 -1.883815277636766e-03 -9.242177454349065e-04 -1.007738567461877e+00
55 50 -1.000271778915212e+00 -1.883380160932012e-03 -9.245887204447208e-04 -1.007740696026670e+00
55 51 -1.000271526757058e+00 -1.883088884135037e-03 -9.248194311977863e-04 -1.007742354581584e+00
55 52 -1.000271336284866e+00 -1.882943904273680e-03 -9.249108338713459e-04 -1.007743526678833e+00
55 53 -1.000271208158869e+00 -1.882945766751081e-03 -9.248636698712846e-04 -1.007744203684443e+00
55 54 -1.000271142349576e+00 -1.883093946871377e-03 -9.246760435973631e-04 -1.007744382810712e+00
55 55 -1.000271138412959e+00 -1.883387327930550e-03 -9.243436416805058e-04 -1.007744065094918e+00
55 56 -1.000271195585799e+00 -1.883824001885239e-03 -9.238626339391189e-04 -1.007743254589995e+00
55 57 -1.000271312652574e+00 -1.884400448187797e-03 -9.232339681873114e-04 -1.007741959302047e+00
55 58 -1.000271487671714e+00 -1.885110513652635e-03 -9.224670013835320e-04 -1.007740193338834e+00
55 59 -1.000271717739470e+00 -1.885944778633337e-03 -9.215805908747708e-04 -1.007737978940604e+00
55 60 -1.000271998968989e+00 -1.886890759975493e-03 -9.206008609390674e-04 -1.007735346971116e+00
55 61 -1.000272326763505e+00 -1.887934011716606e-03 -9.195563970901600e-04 -1.007732335154655e+00
55 62 -1.000272696303709e+00 -1.889059714101094e-03 -9.184728800431314e-04 -1.007728984564108e+00
55 63 -1.000273103036055e+00 -1.890254047962779e-03 -9.173694895665374e-04 -1.007725335923427e+00
56 0 -1.000273319182332e+00 -1.890596150239810e-03 -9.208536423623785e-04 -1.007722853452090e+00
56 1 -1.000273780826265e+00 -1.891877469596090e-03 -9.197431381618296e-04 -1.007718776183726e+00
56 2 -1.000274267666259e+00 -1.893190345379237e-03 -9.186441541507274e-04 -1.007714517969002e+00
56 3 -1.000274775912676e+00 -1.894522401320022e-03 -9.175686440142412e-04 -1.007710117752313e+00
56 4 -1.000275301274184e+00 -1.895859502075634e-03 -9.165337999291445e-04 -1.007705619089298e+00
56 5 -1.000275838942217e+00 -1.897186116173678e-03 -9.155603697682010e-04 -1.007701069820854e+00
56 6 -1.000276383870596e+00 -1.898486573171546e-03 -9.146684714153926e-04 -1.007696519375030e+00
56 7 -1.000276931224562e+00 -1.899746660186893e-03 -9.138728164699606e-04 -1.007692014848872e+00
56 8 -1.000277476766186e+00 -1.900954800672110e-03 -9.131795387910532e-04 -1.007687597779305e+00
56 9 -1.000278016964375e+00 -1.902102259260686e-03 -9.125860554674436e-04 -1.007683303197689e+00
56 10 -1.000278548764017e+00 -1.903182317381367e-03 -9.120839649601661e-04 -1.007679161324415e+00
56 11 -1.000279069129174e+00 -1.904188875628043e-03 -9.116636291452315e-04 -1.007675200864448e+00
56 12 -1.000279574587802e+00 -1.905115194870369e-03 -9.113184125217007e-04 -1.007671452091484e+00
56 13 -1.000280061004186e+00 -1.905953396467657e-03 -9.110467904843612e-04 -1.007667948064186e+00
56 14 -1.000280523700295e+00 -1.906694971017319e-03 -9.108515208388292e-04 -1.007664723255720e+00
56 15 -1.000280957879450e+00 -1.907332055925761e-03 -9.107363764945614e-04 -1.007661810188633e+00
56 16 -1.000281359145834e+00 -1.907858853108029e-03 -9.107020247121183e-04 -1.007659235749614e+00
56 17 -1.000281723852502e+00 -1.908272477096436e-03 -9.107430255901859e-04 -1.007657019088853e+00
56 18 -1.000282049099722e+00 -1.908572811849518e-03 -9.108474142671361e-04 -1.007655172175160e+00
56 19 -1.000282332399276e+00 -1.908761452386322e-03 -9.109991633353036e-04 -1.007653702655731e+00
56 20 -1.000282571201927e+00 -1.908840240712493e-03 -9.111825424361634e-04 -1.007652617500124e+00
56 21 -1.000282762554769e+00 -1.908810071373599e-03 -9.113865608435703e-04 -1.007651925583511e+00
56 22 -1.000282903087602e+00 -1.908670495553697e-03 -9.116076253369592e-04 -1.007651637944401e+00
56 23 -1.000282989363177e+00 -1.908420275174693e-03 -9.118492892402465e-04 -1.007651765609743e+00
56 24 -1.000283018442049e+00 -1.908058592871895e-03 -9.121192267147084e-04 -1.007652316089996e+00
56 25 -1.000282988400289e+00 -1.907586319108581e-03 -9.124248136105789e-04 -1.007653290306681e+00
56 26 -1.000282898565584e+00 -1.907006736546228e-03 -9.127693471620445e-04 -1.007654681425709e+00
56 27 -1.000282749395019e+00 -1.906325421452850e-03 -9.131506462257779e-04 -1.007656475982940e+00
56 28 -1.000282542110962e+00 -1.905549404601664e-03 -9.135626561748916e-04 -1.007658656475459e+00
56 29 -1.000282278324394e+00 -1.904686056159640e-03 -9.139992659979398e-04 -1.007661203946985e+00
56 30 -1.000281959852752e+00 -1.903742226087512e-03 -9.144584933942623e-04 -1.007664099275292e+00
56 31 -1.000281588810337e+00 -1.902724012738845e-03 -9.149449909010173e-04 -1.007667322668309e+00
56 32 -1.000281167891546e+00 -1.901637213741079e-03 -9.154695725694883e-04 -1.007670851853359e+00
56 33 -1.000280700665083e+00 -1.900488189667706e-03 -9.160458256682718e-04 -1.007674660104957e+00
56 34 -1.000280191704042e+00 -1.899284707205372e-03 -9.166852213775146e-04 -1.007678715235693e+00
56 35 -1.000279646483643e+00 -1.898036396254765e-03 -9.173928251301284e-04 -1.007682980000849e+00
56 36 -1.000279071112935e+00 -1.896754680694918e-03 -9.181654025130647e-04 -1.007687413521420e+00
56 37 -1.000278472042831e+00 -1.895452277876274e-03 -9.189925868650748e-04 -1.007691972876574e+00
56 38 -1.000277855873973e+00 -1.894142503583702e-03 -9.198603841642394e-04 -1.007696614147917e+00
56 39 -1.000277229303683e+00 -1.892838643615841e-03 -9.207552970307262e-04 -1.007701292686855e+00
56 40 -1.000276599160882e+00 -1.891553578928451e-03 -9.216671791361598e-04 -1.007705962879192e+00
56 41 -1.000275972431324e+00 -1.890299719299242e-03 -9.225896044692856e-04 -1.007710577951919e+00
56 42 -1.000275356195886e+00 -1.889089177443459e-03 -9.235177027403492e-04 -1.007715090272159e+00
56 43 -1.000274757477543e+00 -1.887934058420195e-03 -9.244445446451195e-04 -1.007719452164783e+00
56 44 -1.000274183065363e+00 -1.886846740691657e-03 -9.253577876329169e-04 -1.007723616827066e+00
56 45 -1.000273639398130e+00 -1.885840031985047e-03 -9.262381778232203e-04 -1.007727538844972e+00
56 46 -1.000273132534710e+00 -1.884927078548236e-03 -9.270607193509277e-04 -1.007731174211947e+00
56 47 -1.000272668161602e+00 -1.884120937443245e-03 -9.277982098669078e-04 -1.007734480272355e+00
56 48 -1.000272251552150e+00 -1.883433827575310e-03 -9.284258637694101e-04 -1.007737416213265e+00
56 49 -1.000271887420365e+00 -1.882876224163129e-03 -9.289252925980852e-04 -1.007739944460522e+00
56 50 -1.000271579685084e+00 -1.882456074930880e-03 -9.292863539559929e-04 -1.007742032775366e+00
56 51 -1.000271331235476e+00 -1.882178427977884e-03 -9.295062288986045e-04 -1.007743656305525e+00
56 52 -1.000271143820141e+00 -1.882045637692033e-03 -9.295862395954430e-04 -1.007744798642807e+00
56 53 -1.000271018136153e+00 -1.882058069938699e-03 -9.295279240511573e-04 -1.007745451308915e+00
56 54 -1.000270954084803e+00 -1.882214958571142e-03 -9.293302753507908e-04 -1.007745611938937e+00
56 55 -1.000270951057461e+00 -1.882514939992878e-03 -9.289895688863252e-04 -1.007745282241238e+00
56 56 -1.000271008094397e+00 -1.882955930875426e-03 -9.285019948557825e-04 -1.007744466987045e+00
56 57 -1.000271123838043e+00 -1.883534367203940e-03 -9.278679359118499e-04 -1.007743174663746e+00
56 58 -1.000271296326817e+00 -1.884244193751515e-03 -9.270958510528503e-04 -1.007741419408245e+00
56 59 -1.000271522773731e+00 -1.885076176862782e-03 -9.262037865477460e-04 -1.007739223017968e+00
56 60 -1.000271799497336e+00 -1.886018009181533e-03 -9.252175428352610e-04 -1.007736615649681e+00
56 61 -1.000272122105098e+00 -1.887055313162008e-03 -9.241660592386300e-04 -1.007733634397113e+00
56 62 -1.000272485893881e+00 -1.888173187511683e-03 -9.230759270315023e-04 -1.007730320066210e+00
56 63 -1.000272886299214e+00 -1.889357623151392e-03 -9.219674097177870e-04 -1.007726713540640e+00
57 0 -1.000273169207497e+00 -1.889712114715454e-03 -9.254780749490245e-04 -1.007724131183664e+00
57 1 -1.000273623609390e+00 -1.890980495112083e-03 -9.243660760911306e-04 -1.007720104574666e+00
57 2 -1.000274102257429e+00 -1.892277967182106e-03 -9.232680686694371e-04 -1.007715904109600e+00
57 3 -1.000274601411037e+00 -1.893592438450004e-03 -9.221952125565655e-04 -1.007711568014794e+00
57 4 -1.000275116970140e+00 -1.894910180035096e-03 -9.211638416005174e-04 -1.007707138613107e+00
57 5 -1.000275644409107e+00 -1.896216057726398e-03 -9.201942170410665e-04 -1.007702662328319e+00
57 6 -1.000276178963120e+00 -1.897494666989022e-03 -9.193065983254569e-04 -1.007698187394974e+00
57 7 -1.000276715987745e+00 -1.898731881352927e-03 -9.185164206201316e-04 -1.007693760206294e+00
57 8 -1.000277251303654e+00 -1.899916085296786e-03 -9.178307952832730e-04 -1.007689422061176e+00
57 9 -1.000277781333275e+00 -1.901038508410139e-03 -9.172479173421380e-04 -1.007685207922588e+00
57 10 -1.000278302947549e+00 -1.902092538526329e-03 -9.167595959953854e-04 -1.007681147711873e+00
57 11 -1.000278813097873e+00 -1.903072400671830e-03 -9.163557170443787e-04 -1.007677269314004e+00
57 12 -1.000279308417795e+00 -1.903971875882688e-03 -9.160286558987285e-04 -1.007673601630515e+00
57 13 -1.000279784993462e+00 -1.904783688021753e-03 -9.157757724529250e-04 -1.007670176045267e+00
57 14 -1.000280238424695e+00 -1.905499858385202e-03 -9.155990124759086e-04 -1.007667025468522e+00
57 15 -1.000280664159926e+00 -1.906112861821895e-03 -9.155019222793364e-04 -1.007664181343341e+00
57 16 -1.000281057943544e+00 -1.906617017144883e-03 -9.154855318478578e-04 -1.007661670092304e+00
57 17 -1.000281416143731e+00 -1.907009416119156e-03 -9.155450754142922e-04 -1.007659510842019e+00
57 18 -1.000281735788967e+00 -1.907289925533363e-03 -9.156691435099219e-04 -1.007657715603581e+00
57 19 -1.000282014305088e+00 -1.907460261716999e-03 -9.158417630876418e-04 -1.007656291771275e+00
57 20 -1.000282249111853e+00 -1.907522579024743e-03 -9.160465982618777e-04 -1.007655245613001e+00
57 21 -1.000282437312985e+00 -1.907478220811120e-03 -9.162715326449729e-04 -1.007654584984513e+00
57 22 -1.000282575665657e+00 -1.907327186684968e-03 -9.165117107210209e-04 -1.007654319933933e+00
57 23 -1.000282660875552e+00 -1.907068533089269e-03 -9.167697488366440e-04 -1.007654460909849e+00
57 24 -1.000282690097762e+00 -1.906701489479119e-03 -9.170530397587691e-04 -1.007655015472671e+00
57 25 -1.000282661413690e+00 -1.906226738933296e-03 -9.173693733137330e-04 -1.007655985157046e+00
57 26 -1.000282574066467e+00 -1.905647254690761e-03 -9.177228815048489e-04 -1.007657364002358e+00
57 27 -1.000282428373006e+00 -1.904968332688766e-03 -9.181121791020851e-04 -1.007659139311270e+00
57 28 -1.000282225408285e+00 -1.904196866350663e-03 -9.185315428233883e-04 -1.007661294004413e+00
57 29 -1.000281966668269e+00 -1.903340255431438e-03 -9.189745373704093e-04 -1.007663809206967e+00
57 30 -1.000281653904387e+00 -1.902405474710911e-03 -9.194383329134642e-04 -1.007666665749888e+00
57 31 -1.000281289206203e+00 -1.901398716392692e-03 -9.199266051531272e-04 -1.007669843959072e+00
57 32 -1.000280875261605e+00 -1.900325727219682e-03 -9.204495325654900e-04 -1.007673322047868e+00
57 33 -1.000280415625361e+00 -1.899192628906481e-03 -9.210207315533518e-04 -1.007677074146820e+00
57 34 -1.000279914830233e+00 -1.898006806668098e-03 -9.216523886673573e-04 -1.007681069106936e+00
57 35 -1.000279378275591e+00 -1.896777470907686e-03 -9.223506828506860e-04 -1.007685270649389e+00
57 36 -1.000278811959568e+00 -1.895515696216655e-03 -9.231134354341917e-04 -1.007689638611675e+00
57 37 -1.000278222196955e+00 -1.894233983573818e-03 -9.239308697418137e-04 -1.007694130518328e+00
57 38 -1.000277615446030e+00 -1.892945561689938e-03 -9.247889377668063e-04 -1.007698702737985e+00
57 39 -1.000276998280379e+00 -1.891663700024195e-03 -9.256735627597946e-04 -1.007703310912619e+00
57 40 -1.000276377447123e+00 -1.890401254227004e-03 -9.265738408756086e-04 -1.007707909836900e+00
57 41 -1.000275759903920e+00 -1.889170537470056e-03 -9.274828225661288e-04 -1.007712453275548e+00
57 42 -1.000275152748690e+00 -1.887983473373403e-03 -9.283956416540971e-04 -1.007716894183135e+00
57 43 -1.000274563035411e+00 -1.886851904376853e-03 -9.293059525299374e-04 -1.007721185430039e+00
57 44 -1.000273997553449e+00 -1.885787913037943e-03 -9.302023730051851e-04 -1.007725280693336e+00
57 45 -1.000273462673155e+00 -1.884804019223253e-03 -9.310666248918130e-04 -1.007729135033977e+00
57 46 -1.000272964306575e+00 -1.883913120954243e-03 -9.318743411819946e-04 -1.007732705002605e+00
57 47 -1.000272507943590e+00 -1.883128085700640e-03 -9.325983876583776e-04 -1.007735948615267e+00
57 48 -1.000272098668222e+00 -1.882461006944380e-03 -9.332135031258486e-04 -1.007738825782938e+00
57 49 -1.000271741072405e+00 -1.881922289115735e-03 -9.337005176037747e-04 -1.007741299577720e+00
57 50 -1.000271439053172e+00 -1.881519837900946e-03 -9.340485644357436e-04 -1.007743338209643e+00
57 51 -1.000271195564720e+00 -1.881258648029571e-03 -9.342544994217335e-04 -1.007744917054733e+00
57 52 -1.000271012449788e+00 -1.881140965101599e-03 -9.343198935119476e-04 -1.007746019826182e+00
57 53 -1.000270890452952e+00 -1.881166962645246e-03 -9.342470325250041e-04 -1.007746638260968e+00
57 54 -1.000270829421811e+00 -1.881335607990837e-03 -9.340358538919483e-04 -1.007746770467588e+00
57 55 -1.000270828590130e+00 -1.881645250579603e-03 -9.336833718117842e-04 -1.007746418894252e+00
57 56 -1.000270886790117e+00 -1.882093579556523e-03 -9.331859881902461e-04 -1.007745589140510e+00
57 57 -1.000271002490728e+00 -1.882676931756616e-03 -9.325436795914414e-04 -1.007744290328520e+00
57 58 -1.000271173667391e+00 -1.883389302425372e-03 -9.317640722790822e-04 -1.007742536797930e+00
57 59 -1.000271397609971e+00 -1.884221614503671e-03 -9.308643509532774e-04 -1.007740350056819e+00
57 60 -1.000271670819928e+00 -1.885161728931091e-03 -9.298698549449945e-04 -1.007737759649090e+00
57 61 -1.000271989110946e+00 -1.886195345907724e-03 -9.288097219329530e-04 -1.007734802056086e+00
57 62 -1.000272347918156e+00 -1.887307495458812e-03 -9.277113580844753e-04 -1.007731517778800e+00
57 63 -1.000272742694107e+00 -1.888483978857709e-03 -9.265961254114474e-04 -1.007727947816334e+00
58 0 -1.000273095073232e+00 -1.888861157117568e-03 -9.300914018128644e-04 -1.007725244731271e+00
58 1 -1.000273542903737e+00 -1.890118327315305e-03 -9.289766780114593e-04 -1.007721263940353e+00
58 2 -1.000274013957469e+00 -1.891401878749004e-03 -9.278788661865958e-04 -1.007717117153559e+00
58 3 -1.000274504504233e+00 -1.892699953805726e-03 -9.268084244272243e-04 -1.007712842030853e+00
58 4 -1.000275010597972e+00 -1.893999205409801e-03 -9.257808010507562e-04 -1.007708479772594e+00
58 5 -1.000275527977249e+00 -1.895284906529079e-03 -9.248156345444024e-04 -1.007704075401369e+00
58 6 -1.000276052167067e+00 -1.896541957655807e-03 -9.239331407147049e-04 -1.007699675870459e+00
58 7 -1.000276578744429e+00 -1.897756367006035e-03 -9.231493269613617e-04 -1.007695326721575e+00
58 8 -1.000277103626876e+00 -1.898916512652347e-03 -9.224722316908392e-04 -1.007691068882157e+00
58 9 -1.000277623217362e+00 -1.900013589209156e-03 -9.219008976098233e-04 -1.007686937191961e+00
58 10 -1.000278134316352e+00 -1.901041058043700e-03 -9.214274983424855e-04 -1.007682961318926e+00
58 11 -1.000278633841987e+00 -1.901993418953022e-03 -9.210416075754354e-04 -1.007679168443381e+00
58 12 -1.000279118500094e+00 -1.902864932489315e-03 -9.207347078270640e-04 -1.007675586210445e+00
58 13 -1.000279584570477e+00 -1.903648917175288e-03 -9.205030231448798e-04 -1.007672244370244e+00
58 14 -1.000280027923374e+00 -1.904337959449778e-03 -9.203475528576031e-04 -1.007669174195376e+00
58 15 -1.000280444271221e+00 -1.904924937132785e-03 -9.202714229266306e-04 -1.007666405876632e+00
58 16 -1.000280829536538e+00 -1.905404355479363e-03 -9.202758562705411e-04 -1.007663965170351e+00
58 17 -1.000281180143630e+00 -1.905773328262877e-03 -9.203566880609725e-04 -1.007661871029275e+00
58 18 -1.000281493076984e+00 -1.906031709568441e-03 -9.205031145425950e-04 -1.007660135458399e+00
58 19 -1.000281765682346e+00 -1.906181306462097e-03 -9.206993595348106e-04 -1.007658765647227e+00
58 20 -1.000281995334918e+00 -1.906224543590532e-03 -9.209286414173444e-04 -1.007657767249658e+00
58 21 -1.000282179174184e+00 -1.906163190606070e-03 -9.211778101297088e-04 -1.007657147148345e+00
58 22 -1.000282314072030e+00 -1.905997716038399e-03 -9.214407147607936e-04 -1.007656914341989e+00
58 23 -1.000282396883806e+00 -1.905727537540207e-03 -9.217188746982616e-04 -1.007657078524807e+00
58 24 -1.000282424886697e+00 -1.905352024434045e-03 -9.220191720201731e-04 -1.007657647062965e+00
58 25 -1.000282396207494e+00 -1.904871759142239e-03 -9.223496035189285e-04 -1.007658621873555e+00
58 26 -1.000282310044165e+00 -1.904289457689582e-03 -9.227150327464790e-04 -1.007659997721005e+00
58 27 -1.000282166600719e+00 -1.903610143672837e-03 -9.231149026423766e-04 -1.007661762630029e+00
58 28 -1.000281966814958e+00 -1.902840549394925e-03 -9.235439565090047e-04 -1.007663899971809e+00
58 29 -1.000281712063930e+00 -1.901988076218444e-03 -9.239955929910516e-04 -1.007666390986439e+00
58 30 -1.000281404023672e+00 -1.901059820423058e-03 -9.244662263176760e-04 -1.007669216433167e+00
58 31 -1.000281044753984e+00 -1.900062105085621e-03 -9.249585226812923e-04 -1.007672356641948e+00
58 32 -1.000280636941980e+00 -1.899000697731351e-03 -9.254818699192494e-04 -1.007675790129257e+00
58 33 -1.000280184145622e+00 -1.897881563641040e-03 -9.260496974350269e-04 -1.007679491688241e+00
58 34 -1.000279690881413e+00 -1.896711770707259e-03 -9.266747214608425e-04 -1.007683431066827e+00
58 35 -1.000279162496911e+00 -1.895500136315977e-03 -9.273641564685531e-04 -1.007687572895960e+00
58 36 -1.000278604896610e+00 -1.894257373017943e-03 -9.281169360355491e-04 -1.007691877751655e+00
58 37 -1.000278024265297e+00 -1.892995728399253e-03 -9.289240307846822e-04 -1.007696303666761e+00
58 38 -1.000277426913044e+00 -1.891728305877923e-03 -9.297715214318930e-04 -1.007700807355504e+00
58 39 -1.000276819274722e+00 -1.890468339156255e-03 -9.306448785821011e-04 -1.007705344773040e+00
58 40 -1.000276207996896e+00 -1.889228665804210e-03 -9.315324602424491e-04 -1.007709871105601e+00
58 41 -1.000275599992680e+00 -1.888021529349623e-03 -9.324267053056216e-04 -1.007714340620591e+00
58 42 -1.000275002367962e+00 -1.886858694532229e-03 -9.333226058416041e-04 -1.007718706838604e+00
58 43 -1.000274422208435e+00 -1.885751757802733e-03 -9.342142716307086e-04 -1.007722923188238e+00
58 44 -1.000273866312647e+00 -1.884712499132461e-03 -9.350912368526284e-04 -1.007726943874940e+00
58 45 -1.000273340993716e+00 -1.883753120476055e-03 -9.359362684346119e-04 -1.007730724508337e+00
58 46 -1.000272852022258e+00 -1.882886226134185e-03 -9.367257917115867e-04 -1.007734222282642e+00
58 47 -1.000272404684355e+00 -1.882124444907935e-03 -9.374329406273398e-04 -1.007737395976841e+00
58 48 -1.000272003852938e+00 -1.881479703108813e-03 -9.380321443263345e-04 -1.007740206320040e+00
58 49 -1.000271653965554e+00 -1.880962306041100e-03 -9.385035282769353e-04 -1.007742617129142e+00
58 50 -1.000271358863605e+00 -1.880580102570054e-03 -9.388354724577189e-04 -1.007744597164706e+00
58 51 -1.000271121541646e+00 -1.880338028525453e-03 -9.390244000024272e-04 -1.007746122127497e+00
58 52 -1.000270943928430e+00 -1.880238217743161e-03 -9.390720065297831e-04 -1.007747175930756e+00
58 53 -1.000270826824391e+00 -1.880280643333615e-03 -9.389812543241411e-04 -1.007747750582667e+00
58 54 -1.000270770039800e+00 -1.880463985983834e-03 -9.387530533051660e-04 -1.007747844710032e+00
58 55 -1.000270772662064e+00 -1.880786272394641e-03 -9.383852867040143e-04 -1.007747461559623e+00
58 56 -1.000270833310044e+00 -1.881244914689004e-03 -9.378747569836155e-04 -1.007746607655657e+00
58 57 -1.000270950253351e+00 -1.881836095013214e-03 -9.372212110937867e-04 -1.007745292896566e+00
58 58 -1.000271121363672e+00 -1.882553808771847e-03 -9.364315387299107e-04 -1.007743531994582e+00
58 59 -1.000271343965504e+00 -1.883389101474879e-03 -9.355220439683877e-04 -1.007741346328638e+00
58 60 -1.000271614714903e+00 -1.884329990649642e-03 -9.345174858411427e-04 -1.007738764937645e+00
58 61 -1.000271929627059e+00 -1.885362261732125e-03 -9.334470416633070e-04 -1.007735823722955e+00
58 62 -1.000272284292864e+00 -1.886470890249384e-03 -9.323388139216844e-04 -1.007732562851023e+00
58 63 -1.000272674209370e+00 -1.887641492208276e-03 -9.312152458984143e-04 -1.007729023390511e+00
59 0 -1.000273097987170e+00 -1.888051533928174e-03 -9.346532868149306e-04 -1.007726179653569e+00
59 1 -1.000273540000142e+00 -1.889299394447152e-03 -9.335344857949054e-04 -1.007722239205541e+00
59 2 -1.000274004156828e+00 -1.890570716292202e-03 -9.324359192124010e-04 -1.007718141284460e+00
59 3 -1.000274486700587e+00 -1.891853823192025e-03 -9.313674620110985e-04 -1.007713923141348e+00
59 4 -1.000274983798782e+00 -1.893135716068831e-03 -9.303436829522099e-04 -1.007709624987477e+00
59 5 -1.000275491427646e+00 -1.894402074069277e-03 -9.293834864637450e-04 -1.007705290495244e+00
59 6 -1.000276005401237e+00 -1.895638133277456e-03 -9.285068643881203e-04 -1.007700965283384e+00
59 7 -1.000276521542332e+00 -1.896830082260986e-03 -9.277302269086857e-04 -1.007696693914398e+00
59 8 -1.000277035902003e+00 -1.897966329216964e-03 -9.270624554435912e-04 -1.007692516809886e+00
59 9 -1.000277544894357e+00 -1.899038041229037e-03 -9.265034762769823e-04 -1.007688468615401e+00
59 10 -1.000278045259191e+00 -1.900038726034158e-03 -9.260459625573429e-04 -1.007684578773705e+00
59 11 -1.000278533866250e+00 -1.900963108485509e-03 -9.256793446222396e-04 -1.007680873870897e+00
59 12 -1.000279007461806e+00 -1.901805880795235e-03 -9.253943339332563e-04 -1.007677380426203e+00
59 13 -1.000279462487430e+00 -1.902560935505808e-03 -9.251860334523211e-04 -1.007674126630145e+00
59 14 -1.000279895068728e+00 -1.903221444473334e-03 -9.250543910453691e-04 -1.007671142083797e+00
59 15 -1.000280301192784e+00 -1.903780744116592e-03 -9.250019292464163e-04 -1.007668455585237e+00
59 16 -1.000280676993067e+00 -1.904233594206481e-03 -9.250298812871100e-04 -1.007666092032300e+00
59 17 -1.000281018991121e+00 -1.904577181899713e-03 -9.251345803904268e-04 -1.007664070039525e+00
59 18 -1.000281324159886e+00 -1.904811362631972e-03 -9.253058478538505e-04 -1.007662401532001e+00
59 19 -1.000281589777244e+00 -1.904938009634861e-03 -9.255282312378861e-04 -1.007661093523658e+00
59 20 -1.000281813165074e+00 -1.904959773953944e-03 -9.257846720440764e-04 -1.007660151141949e+00
59 21 -1.000281991478670e+00 -1.904878819123800e-03 -9.260611102836061e-04 -1.007659580363266e+00
59 22 -1.000282121688556e+00 -1.904696088583166e-03 -9.263501088650974e-04 -1.007659389111171e+00
59 23 -1.000282200800235e+00 -1.904411414645654e-03 -9.266519658318125e-04 -1.007659586181152e+00
59 24 -1.000282226234490e+00 -1.904024393568569e-03 -9.269728370246087e-04 -1.007660178515453e+00
59 25 -1.000282196200628e+00 -1.903535598004176e-03 -9.273207055431650e-04 -1.007661168172175e+00
59 26 -1.000282109892296e+00 -1.902947550929116e-03 -9.277010297980428e-04 -1.007662550461735e+00
59 27 -1.000281967432718e+00 -1.902265024938879e-03 -9.281140770396262e-04 -1.007664314051619e+00
59 28 -1.000281769638559e+00 -1.901494575467059e-03 -9.285551715356155e-04 -1.007666442768835e+00
59 29 -1.000281517768328e+00 -1.900643576668967e-03 -9.290177084108318e-04 -1.007668918001283e+00
59 30 -1.000281213414442e+00 -1.899719234344729e-03 -9.294974647749001e-04 -1.007671720429392e+00
59 31 -1.000280858599856e+00 -1.898728027899131e-03 -9.299961017292401e-04 -1.007674830297589e+00
59 32 -1.000280456012759e+00 -1.897675809379585e-03 -9.305220902628349e-04 -1.007678226258149e+00
59 33 -1.000280009227851e+00 -1.896568470588751e-03 -9.310884626332859e-04 -1.007681883569512e+00
59 34 -1.000279522767908e+00 -1.895412835530293e-03 -9.317082584556008e-04 -1.007685772712106e+00
59 35 -1.000279001953853e+00 -1.894217368879185e-03 -9.323896115843400e-04 -1.007689859139309e+00
59 36 -1.000278452617180e+00 -1.892992420883293e-03 -9.331325853556171e-04 -1.007694104161323e+00
59 37 -1.000277880823319e+00 -1.891749955496276e-03 -9.339290311014145e-04 -1.007698466368891e+00
59 38 -1.000277292732590e+00 -1.890502912297587e-03 -9.347653403390649e-04 -1.007702902881030e+00
59 39 -1.000276694628940e+00 -1.889264464034492e-03 -9.356266780152963e-04 -1.007707369998847e+00
59 40 -1.000276093040125e+00 -1.888047430318751e-03 -9.365007128944259e-04 -1.007711823294120e+00
59 41 -1.000275494816789e+00 -1.886864008479442e-03 -9.373792073624780e-04 -1.007716217504975e+00
59 42 -1.000274907061335e+00 -1.885725837547180e-03 -9.382568700648663e-04 -1.007720506686939e+00
59 43 -1.000274336889840e+00 -1.884644293125069e-03 -9.391281200416664e-04 -1.007724644820897e+00
59 44 -1.000273791118240e+00 -1.883630856365968e-03 -9.399833310060957e-04 -1.007728586669879e+00
59 45 -1.000273276015019e+00 -1.882697390092003e-03 -9.408063495506021e-04 -1.007732288451419e+00
59 46 -1.000272797218383e+00 -1.881856164671846e-03 -9.415745330785279e-04 -1.007735708080524e+00
59 47 -1.000272359808431e+00 -1.881119522365906e-03 -9.422614796341389e-04 -1.007738805185048e+00
59 48 -1.000271968429811e+00 -1.880499178257713e-03 -9.428414911044602e-04 -1.007741541403977e+00
59 49 -1.000271627335820e+00 -1.880005306288347e-03 -9.432940948470936e-04 -1.007743881396520e+00
59 50 -1.000271340277974e+00 -1.879645680991881e-03 -9.436069176991644e-04 -1.007745794573350e+00
59 51 -1.000271110263662e+00 -1.879425174073171e-03 -9.437758592251226e-04 -1.007747257052039e+00
59 52 -1.000270939295687e+00 -1.879345807821805e-03 -9.438026128764512e-04 -1.007748253019537e+00
59 53 -1.000270828235798e+00 -1.879407351632478e-03 -9.436907262153260e-04 -1.007748774806777e+00
59 54 -1.000270776873253e+00 -1.879608184733674e-03 -9.434420819551151e-04 -1.007748821597775e+00
59 55 -1.000270784163940e+00 -1.879945980380195e-03 -9.430555392321706e-04 -1.007748397485812e+00
59 56 -1.000270848514258e+00 -1.880417827861072e-03 -9.425284821732292e-04 -1.007747510001239e+00
59 57 -1.000270967974786e+00 -1.881019700055003e-03 -9.418606172550429e-04 -1.007746169946693e+00
59 58 -1.000271140276089e+00 -1.881745540065610e-03 -9.410582224233784e-04 -1.007744392570494e+00
59 59 -1.000271362734111e+00 -1.882586477750566e-03 -9.401367346473878e-04 -1.007742199286199e+00
59 60 -1.000271632126213e+00 -1.883530671131337e-03 -9.391202358882723e-04 -1.007739618747650e+00
59 61 -1.000271944657522e+00 -1.884563995644550e-03 -9.380377870155590e-04 -1.007736686324179e+00
59 62 -1.000272296086526e+00 -1.885671386820578e-03 -9.369180500859435e-04 -1.007733441829679e+00
59 63 -1.000272681980441e+00 -1.886838283442559e-03 -9.357845015896581e-04 -1.007729926357496e+00
60 0 -1.000273178274752e+00 -1.887291165760945e-03 -9.391237344743811e-04 -1.007726923231731e+00
60 1 -1.000273615299054e+00 -1.888531768137652e-03 -9.379993917788245e-04 -1.007723017078623e+00
60 2 -1.000274073346696e+00 -1.889792740956145e-03 -9.368989519595531e-04 -1.007718962525489e+00
60 3 -1.000274548600955e+00 -1.891062532786631e-03 -9.358318480226766e-04 -1.007714796572369e+00
60 4 -1.000275037300310e+00 -1.892328450718737e-03 -9.348118083160905e-04 -1.007710558592889e+00
60 5 -1.000275535625446e+00 -1.893576568168344e-03 -9.338569209707776e-04 -1.007706290993185e+00
60 6 -1.000276039669546e+00 -1.894792477742031e-03 -9.329867850982108e-04 -1.007702038040277e+00
60 7 -1.000276545517734e+00 -1.895962589665851e-03 -9.322180324498329e-04 -1.007697843214479e+00
60 8 -1.000277049388059e+00 -1.897075380951895e-03 -9.315602733637289e-04 -1.007693746302319e+00
60 9 -1.000277547738585e+00 -1.898122005065895e-03 -9.310143189575432e-04 -1.007689781672247e+00
60 10 -1.000278037264152e+00 -1.899095995478409e-03 -9.305734535037960e-04 -1.007685978551799e+00
60 11 -1.000278514777184e+00 -1.899992254596849e-03 -9.302271308780390e-04 -1.007682363032373e+00
60 12 -1.000278977035557e+00 -1.900805853461673e-03 -9.299654339267966e-04 -1.007678960645867e+00
60 13 -1.000279420608405e+00 -1.901531226067091e-03 -9.297823934405206e-04 -1.007675798127235e+00
60 14 -1.000279841854721e+00 -1.902162135185894e-03 -9.296768333899052e-04 -1.007672903414258e+00
60 15 -1.000280237038435e+00 -1.902692420067676e-03 -9.296505060706086e-04 -1.007670303808079e+00
60 16 -1.000280602530576e+00 -1.903117159609208e-03 -9.297044650568956e-04 -1.007668023171502e+00
60 17 -1.000280934989450e+00 -1.903433670319511e-03 -9.298354119588663e-04 -1.007666079609232e+00
60 18 -1.000281231412073e+00 -1.903641831802863e-03 -9.300337800986937e-04 -1.007664484871250e+00
60 19 -1.000281489026702e+00 -1.903743566304700e-03 -9.302845464277730e-04 -1.007663245803563e+00
60 20 -1.000281705098827e+00 -1.903741708559552e-03 -9.305705461818165e-04 -1.007662367086599e+00
60 21 -1.000281876781904e+00 -1.903638776099987e-03 -9.308769596521217e-04 -1.007661853871044e+00
60 22 -1.000282001126506e+00 -1.903436178918109e-03 -9.311951145724119e-04 -1.007661713012602e+00
60 23 -1.000282075282738e+00 -1.903134202272521e-03 -9.315240034405360e-04 -1.007661952300670e+00
60 24 -1.000282096829983e+00 -1.902732747660152e-03 -9.318688618376528e-04 -1.007662578045382e+00
60 25 -1.000282064093280e+00 -1.902232470323110e-03 -9.322374326590972e-04 -1.007663592200090e+00
60 26 -1.000281976302883e+00 -1.901635774316162e-03 -9.326356036322730e-04 -1.007664990416742e+00
60 27 -1.000281833537003e+00 -1.900947215367687e-03 -9.330644259298737e-04 -1.007666761894088e+00
60 28 -1.000281636512699e+00 -1.900173165695865e-03 -9.335198933745349e-04 -1.007668890895732e+00
60 29 -1.000281386375276e+00 -1.899320945191147e-03 -9.339955577045651e-04 -1.007671358983163e+00
60 30 -1.000281084627615e+00 -1.898397850553290e-03 -9.344867000486057e-04 -1.007674146763299e+00
60 31 -1.000280733247561e+00 -1.897410531369609e-03 -9.349940174877451e-04 -1.007677234329816e+00
60 32 -1.000280334922545e+00 -1.896364977828036e-03 -9.355249714399774e-04 -1.007680600324649e+00
60 33 -1.000279893253474e+00 -1.895267088499794e-03 -9.360920006375411e-04 -1.007684220278309e+00
60 34 -1.000279412789449e+00 -1.894123523482849e-03 -9.367082484146795e-04 -1.007688065222881e+00
60 35 -1.000278898850053e+00 -1.892942447830815e-03 -9.373826169635694e-04 -1.007692101318033e+00
60 36 -1.000278357217090e+00 -1.891733862601467e-03 -9.381162760520709e-04 -1.007696290575425e+00
60 37 -1.000277793851601e+00 -1.890509426662832e-03 -9.389020618220046e-04 -1.007700592175315e+00
60 38 -1.000277214767165e+00 -1.889281878814845e-03 -9.397268518770993e-04 -1.007704963697162e+00
60 39 -1.000276626087913e+00 -1.888064300941150e-03 -9.405756683464137e-04 -1.007709361828902e+00
60 40 -1.000276034205789e+00 -1.886869487653409e-03 -9.414355682582826e-04 -1.007713742533295e+00
60 41 -1.000275445890209e+00 -1.885709608779008e-03 -9.422975987651593e-04 -1.007718060992567e+00
60 42 -1.000274868226420e+00 -1.884596211738419e-03 -9.431560535262655e-04 -1.007722271760314e+00
60 43 -1.000274308357111e+00 -1.883540483227301e-03 -9.440055023943911e-04 -1.007726329348491e+00
60 44 -1.000273773122503e+00 -1.882553619629717e-03 -9.448370509402300e-04 -1.007730189087541e+00
60 45 -1.000273268759984e+00 -1.881647133710291e-03 -9.456356227743827e-04 -1.007733807843963e+00
60 46 -1.000272800787747e+00 -1.880832928901539e-03 -9.463796181498899e-04 -1.007737144317400e+00
60 47 -1.000272374082637e+00 -1.880123015604277e-03 -9.470432849413440e-04 -1.007740159063034e+00
60 48 -1.000271993048783e+00 -1.879528852142079e-03 -9.476009910181731e-04 -1.007742814718114e+00
60 49 -1.000271661728797e+00 -1.879060445666930e-03 -9.480317978735577e-04 -1.007745076878773e+00
60 50 -1.000271383750880e+00 -1.878725476448302e-03 -9.483226085978252e-04 -1.007746915700942e+00
60 51 -1.000271162105701e+00 -1.878528746636231e-03 -9.484687282074343e-04 -1.007748307806009e+00
60 52 -1.000270998854349e+00 -1.878472169612094e-03 -9.484717231367866e-04 -1.007749237723812e+00
60 53 -1.000270894922006e+00 -1.878555312561094e-03 -9.483356181508801e-04 -1.007749698154390e+00
60 54 -1.000270850092559e+00 -1.878776244676678e-03 -9.480632409414253e-04 -1.007749688869573e+00
60 55 -1.000270863208120e+00 -1.879132261054898e-03 -9.476545070258855e-04 -1.007749214844980e+00
60 56 -1.000270932469176e+00 -1.879620086429727e-03 -9.471075509081938e-04 -1.007748284684399e+00
60 57 -1.000271055693919e+00 -1.880235431266053e-03 -9.464222354092975e-04 -1.007746910208983e+00
60 58 -1.000271230438923e+00 -1.880972132770760e-03 -9.456043766969158e-04 -1.007745107357072e+00
60 59 -1.000271453968979e+00 -1.881821363637057e-03 -9.446685907241175e-04 -1.007742897739695e+00
60 60 -1.000271723145508e+00 -1.882771401766254e-03 -9.436382120449750e-04 -1.007740309755782e+00
60 61 -1.000272034345111e+00 -1.883808213562071e-03 -9.425420377754473e-04 -1.007737378307919e+00
60 62 -1.000272383499167e+00 -1.884916708294515e-03 -9.414091398230367e-04 -1.007734142853979e+00
60 63 -1.000272766267678e+00 -1.886082158717557e-03 -9.402639510203465e-04 -1.007730644470454e+00
61 0 -1.000273335371398e+00 -1.886587580351027e-03 -9.434633014965192e-04 -1.007727464659613e+00
61 1 -1.000273768301309e+00 -1.887823102468956e-03 -9.423318572604660e-04 -1.007723586255041e+00
61 2 -1.000274221107900e+00 -1.889075773094385e-03 -9.412282672749785e-04 -1.007719568959035e+00
61 3 -1.000274689885163e+00 -1.890334107797076e-03 -9.401616815585120e-04 -1.007715449673876e+00
61 4 -1.000275170900297e+00 -1.891585671146339e-03 -9.391450593564178e-04 -1.007711267099963e+00
61 5 -1.000275660499859e+00 -1.892816908404276e-03 -9.381956225292217e-04 -1.007707062490825e+00
61 6 -1.000276155037509e+00 -1.894013779421285e-03 -9.373324262009553e-04 -1.007702878780680e+00
61 7 -1.000276650868865e+00 -1.895162951415314e-03 -9.365721372087464e-04 -1.007698758293283e+00
61 8 -1.000277144407686e+00 -1.896253009066657e-03 -9.359249552481580e-04 -1.007694740062196e+00
61 9 -1.000277632189466e+00 -1.897275111530199e-03 -9.353925434155076e-04 -1.007690858088502e+00
61 10 -1.000278110884951e+00 -1.898222804546211e-03 -9.349688811888006e-04 -1.007687141375958e+00
61 11 -1.000278577246954e+00 -1.899091124664705e-03 -9.346436044565006e-04 -1.007683615605480e+00
61 12 -1.000279028020348e+00 -1.899875465954612e-03 -9.344063249352450e-04 -1.007680305462381e+00
61 13 -1.000279459866865e+00 -1.900570760760070e-03 -9.342500823563447e-04 -1.007677236355075e+00
61 14 -1.000279869351117e+00 -1.901171353878266e-03 -9.341725391465138e-04 -1.007674434606160e+00
61 15 -1.000280253007775e+00 -1.901671619198912e-03 -9.341745319826539e-04 -1.007671925954249e+00
61 16 -1.000280607464754e+00 -1.902067013559211e-03 -9.342567434178665e-04 -1.007669733073276e+00
61 17 -1.000280929553369e+00 -1.902355041000981e-03 -9.344160909947344e-04 -1.007667873387006e+00
61 18 -1.000281216332085e+00 -1.902535636120209e-03 -9.346435743019332e-04 -1.007666358357155e+00
61 19 -1.000281465003289e+00 -1.902610761838970e-03 -9.349246790157401e-04 -1.007665194645240e+00
61 20 -1.000281672779160e+00 -1.902583397590697e-03 -9.352422989606277e-04 -1.007664386549940e+00
61 21 -1.000281836796998e+00 -1.902456369784341e-03 -9.355810251424995e-04 -1.007663938484997e+00
61 22 -1.000281954167525e+00 -1.902231533250930e-03 -9.359310409093766e-04 -1.007663856275777e+00
61 23 -1.000282022174578e+00 -1.901909648555349e-03 -9.362899923716124e-04 -1.007664146636727e+00
61 24 -1.000282038564440e+00 -1.901490989409922e-03 -9.366620295191033e-04 -1.007664815065665e+00
61 25 -1.000282001806014e+00 -1.900976383982816e-03 -9.370544309281723e-04 -1.007665863170579e+00
61 26 -1.000281911205650e+00 -1.900368198804399e-03 -9.374733250077620e-04 -1.007667286722655e+00
61 27 -1.000281766834856e+00 -1.899670819082035e-03 -9.379204707253240e-04 -1.007669075310046e+00
61 28 -1.000281569337719e+00 -1.898890438214048e-03 -9.383925901583415e-04 -1.007671213586121e+00
61 29 -1.000281319756930e+00 -1.898034298619559e-03 -9.388835428973564e-04 -1.007673683299849e+00
61 30 -1.000281019503019e+00 -1.897109764405694e-03 -9.393882720857013e-04 -1.007676464998300e+00
61 31 -1.000280670500309e+00 -1.896123658252112e-03 -9.399065868770713e-04 -1.007679538581670e+00
61 32 -1.000280275430642e+00 -1.895082150847661e-03 -9.404448832282440e-04 -1.007682882558736e+00
61 33 -1.000279837926347e+00 -1.893991222180306e-03 -9.410148309199330e-04 -1.007686472549765e+00
61 34 -1.000279362579458e+00 -1.892857451729528e-03 -9.416294517622758e-04 -1.007690279949454e+00
61 35 -1.000278854732527e+00 -1.891688769100645e-03 -9.422982349960507e-04 -1.007694271483106e+00
61 36 -1.000278320142928e+00 -1.890494853181818e-03 -9.430233922134373e-04 -1.007698409801102e+00
61 37 -1.000277764686311e+00 -1.889287046946196e-03 -9.437988143889263e-04 -1.007702654682262e+00
61 38 -1.000277194237110e+00 -1.888077855026668e-03 -9.446120272072731e-04 -1.007706964214503e+00
61 39 -1.000276614754511e+00 -1.886880235221628e-03 -9.454480833918946e-04 -1.007711295518987e+00
61 40 -1.000276032479644e+00 -1.885706943353551e-03 -9.462935325870593e-04 -1.007715604965405e+00
61 41 -1.000275454081828e+00 -1.884570134670934e-03 -9.471386968677449e-04 -1.007719848160495e+00
61 42 -1.000274886613502e+00 -1.883481297816623e-03 -9.479773392971574e-04 -1.007723980117582e+00
61 43 -1.000274337237478e+00 -1.882451467326908e-03 -9.488040157846874e-04 -1.007727955847183e+00
61 44 -1.000273812823357e+00 -1.881491578640701e-03 -9.496104284636843e-04 -1.007731731238182e+00
61 45 -1.000273319591334e+00 -1.880612794740145e-03 -9.503825373769176e-04 -1.007735263826592e+00
61 46 -1.000272862954804e+00 -1.879826627696477e-03 -9.510998633526464e-04 -1.007738513144527e+00
61 47 -1.000272447594757e+00 -1.879144714619347e-03 -9.517374735072305e-04 -1.007741440743541e+00
61 48 -1.000272077667876e+00 -1.878578211395412e-03 -9.522699994321846e-04 -1.007744010341806e+00
61 49 -1.000271756984075e+00 -1.878136920782785e-03 -9.526761904461101e-04 -1.007746188561527e+00
61 50 -1.000271489016722e+00 -1.877828406487139e-03 -9.529422838060001e-04 -1.007747946393499e+00
61 51 -1.000271276708947e+00 -1.877657394664471e-03 -9.530629417975474e-04 -1.007749261045421e+00
61 52 -1.000271122160861e+00 -1.877625694161213e-03 -9.530394851979317e-04 -1.007750117454816e+00
61 53 -1.000271026359689e+00 -1.877732676377729e-03 -9.528762941101892e-04 -1.007750508730537e+00
61 54 -1.000270989098263e+00 -1.877976098713901e-03 -9.525770858824687e-04 -1.007750435252995e+00
61 55 -1.000271009124619e+00 -1.878352859892733e-03 -9.521428843159461e-04 -1.007749902903965e+00
61 56 -1.000271084444848e+00 -1.878859283017179e-03 -9.515727259847568e-04 -1.007748921414237e+00
61 57 -1.000271212637877e+00 -1.879490765355512e-03 -9.508668288389137e-04 -1.007747503722824e+00
61 58 -1.000271391058911e+00 -1.880240984512357e-03 -9.500307181234353e-04 -1.007745666599459e+00
61 59 -1.000271616880885e+00 -1.881101111717794e-03 -9.490782668990026e-04 -1.007743432011811e+00
61 60 -1.000271887009141e+00 -1.882059519455260e-03 -9.480320218905759e-04 -1.007740828242771e+00
61 61 -1.000272197966827e+00 -1.883102261740499e-03 -9.469203836171154e-04 -1.007737889810332e+00
61 62 -1.000272545856572e+00 -1.884214233841235e-03 -9.457726765428748e-04 -1.007734655828471e+00
61 63 -1.000272926449587e+00 -1.885380555997307e-03 -9.446141872016335e-04 -1.007731167321626e+00
62 0 -1.000273567829041e+00 -1.885947856056932e-03 -9.476333151919857e-04 -1.007727795213175e+00
62 1 -1.000273997613641e+00 -1.887180574540403e-03 -9.464931372020082e-04 -1.007723937596752e+00
62 2 -1.000274446115085e+00 -1.888427128927091e-03 -9.453849795644267e-04 -1.007719950918908e+00
62 3 -1.000274909314272e+00 -1.889676044189149e-03 -9.443178805750894e-04 -1.007715872128135e+00
62 4 -1.000275383466229e+00 -1.890915088334011e-03 -9.433041314195281e-04 -1.007711739423327e+00
62 5 -1.000275865040987e+00 -1.892131046360634e-03 -9.423600717871866e-04 -1.007707593044186e+00
62 6 -1.000276350626081e+00 -1.893310245443774e-03 -9.415040845362925e-04 -1.007703474646308e+00
62 7 -1.000276836846909e+00 -1.894439637589394e-03 -9.407526866397444e-04 -1.007699425354657e+00
62 8 -1.000277320335710e+00 -1.895507952441589e-03 -9.401165072212501e-04 -1.007695483348510e+00
62 9 -1.000277797738103e+00 -1.896506378602784e-03 -9.395979956511041e-04 -1.007691682167741e+00
62 10 -1.000278265725778e+00 -1.897428467857149e-03 -9.391918803190845e-04 -1.007688050566548e+00
62 11 -1.000278720996119e+00 -1.898269352588393e-03 -9.388881236585376e-04 -1.007684613882659e+00
62 12 -1.000279160261592e+00 -1.899024693080363e-03 -9.386760329997019e-04 -1.007681396092479e+00
62 13 -1.000279580242522e+00 -1.899689868707036e-03 -9.385477669192083e-04 -1.007678421424308e+00
62 14 -1.000279977677105e+00 -1.900259784185372e-03 -9.384998242748979e-04 -1.007675714668670e+00
62 15 -1.000280349356667e+00 -1.900729366348161e-03 -9.385320071548640e-04 -1.007673299976894e+00
62 16 -1.000280692177160e+00 -1.901094500382455e-03 -9.386444409715699e-04 -1.007671198710548e+00
62 17 -1.000281003174413e+00 -1.901352936111763e-03 -9.388340886939612e-04 -1.007669427448719e+00
62 18 -1.000281279506213e+00 -1.901504701464092e-03 -9.390924380655187e-04 -1.007667997236096e+00
62 19 -1.000281518377544e+00 -1.901551801373027e-03 -9.394055323605325e-04 -1.007666914507884e+00
62 20 -1.000281716956360e+00 -1.901497326310059e-03 -9.397564762067185e-04 -1.007666183229337e+00
62 21 -1.000281872353631e+00 -1.901344363393746e-03 -9.401294551279416e-04 -1.007665807169140e+00
62 22 -1.000281981720484e+00 -1.901095179327633e-03 -9.405136347600217e-04 -1.007665791184034e+00
62 23 -1.000282042459487e+00 -1.900751016811919e-03 -9.409053185077243e-04 -1.007666140881261e+00
62 24 -1.000282052485371e+00 -1.900312575056380e-03 -9.413074403239611e-04 -1.007666860800382e+00
62 25 -1.000282010432736e+00 -1.899780939501537e-03 -9.417266012645893e-04 -1.007667951979816e+00
62 26 -1.000281915720599e+00 -1.899158524718442e-03 -9.421689654508901e-04 -1.007669410078620e+00
62 27 -1.000281768453512e+00 -1.898449603131551e-03 -9.426368897588659e-04 -1.007671224904413e+00
62 28 -1.000281569233779e+00 -1.897660205476950e-03 -9.431278501912861e-04 -1.007673381423598e+00
62 29 -1.000281319017289e+00 -1.896797479107605e-03 -9.436361504214824e-04 -1.007675861570983e+00
62 30 -1.000281019123108e+00 -1.895868828922272e-03 -9.441565646308184e-04 -1.007678645851994e+00
62 31 -1.000280671414508e+00 -1.894881243695688e-03 -9.446881225368150e-04 -1.007681713950216e+00
62 32 -1.000280278560752e+00 -1.893841105181481e-03 -9.452361376763455e-04 -1.007685044142394e+00
62 33 -1.000279844226673e+00 -1.892754541482288e-03 -9.458113626932123e-04 -1.007688611972544e+00
62 34 -1.000279373059759e+00 -1.891628134926723e-03 -9.464264749642660e-04 -1.007692389008258e+00
62 35 -1.000278870447845e+00 -1.890469652679905e-03 -9.470913452243033e-04 -1.007696342380624e+00
62 36 -1.000278342150118e+00 -1.889288492026978e-03 -9.478091222725391e-04 -1.007700435286741e+00
62 37 -1.000277793979294e+00 -1.888095681300529e-03 -9.485747840231025e-04 -1.007704628087266e+00
62 38 -1.000277231682831e+00 -1.886903463428554e-03 -9.493766462427742e-04 -1.007708879413904e+00
62 39 -1.000276661054075e+00 -1.885724637527880e-03 -9.501999702138288e-04 -1.007713146868637e+00
62 40 -1.000276088171053e+00 -1.884571900651901e-03 -9.510309268879692e-04 -1.007717387253239e+00
62 41 -1.000275519584581e+00 -1.883457399598505e-03 -9.518591341457795e-04 -1.007721556588587e+00
62 42 -1.000274962297013e+00 -1.882392593929032e-03 -9.526777299239281e-04 -1.007725610311649e+00
62 43 -1.000274423482124e+00 -1.881388405808075e-03 -9.534810913686066e-04 -1.007729503890713e+00
62 44 -1.000273910041774e+00 -1.880455542211814e-03 -9.542613590679525e-04 -1.007733193747081e+00
62 45 -1.000273428192448e+00 -1.879604827641000e-03 -9.550054521076533e-04 -1.007736638086832e+00
62 46 -1.000272983260027e+00 -1.878847367961252e-03 -9.556940532079595e-04 -1.007739797304951e+00
62 47 -1.000272579741470e+00 -1.878194391359591e-03 -9.563031953612460e-04 -1.007742634005390e+00
62 48 -1.000272221544775e+00 -1.877656707224649e-03 -9.568079694821176e-04 -1.007745113060540e+00
62 49 -1.000271912230212e+00 -1.877243874733043e-03 -9.571869836133360e-04 -1.007747202201223e+00
62 50 -1.000271655087498e+00 -1.876963315918313e-03 -9.574258946681934e-04 -1.007748873338036e+00
62 51 -1.000271452981006e+00 -1.876819672948895e-03 -9.575186986104638e-04 -1.007750104343046e+00
62 52 -1.000271308027793e+00 -1.876814656033428e-03 -9.574663615614815e-04 -1.007750880620395e+00
62 53 -1.000271221272196e+00 -1.876947451904203e-03 -9.572734869207703e-04 -1.007751195720020e+00
62 54 -1.000271192528117e+00 -1.877215510907340e-03 -9.569446007248889e-04 -1.007751050643037e+00
62 55 -1.000271220470053e+00 -1.877615323907379e-03 -9.564818568626987e-04 -1.007750452190114e+00
62 56 -1.000271302925553e+00 -1.878142781077830e-03 -9.558853238129431e-04 -1.007749411257491e+00
62 57 -1.000271437233981e+00 -1.878792919412656e-03 -9.551557693602958e-04 -1.007747941983921e+00
62 58 -1.000271620527906e+00 -1.879559203779887e-03 -9.542986150673009e-04 -1.007746062097883e+00
62 59 -1.000271849850596e+00 -1.880432756950245e-03 -9.533271000526286e-04 -1.007743794078258e+00
62 60 -1.000272122109499e+00 -1.881402016098660e-03 -9.522629750127059e-04 -1.007741166237214e+00
62 61 -1.000272433943852e+00 -1.882453115247750e-03 -9.511341303684244e-04 -1.007738212804414e+00
62 62 -1.000272781618954e+00 -1.883570945948554e-03 -9.499699838987940e-04 -1.007734972577556e+00
62 63 -1.000273161030371e+00 -1.884740490736226e-03 -9.487965514141071e-04 -1.007731486503552e+00
63 0 -1.000273873335952e+00 -1.885378562795432e-03 -9.515961064520434e-04 -1.007727908404118e+00
63 1 -1.000274300967817e+00 -1.886610823349591e-03 -9.504455189022152e-04 -1.007724064292951e+00
63 2 -1.000274746155051e+00 -1.887853556518610e-03 -9.493312611761949e-04 -1.007720101160178e+00
63 3 -1.000275204747602e+00 -1.889095240772765e-03 -9.482624375517967e-04 -1.007716056131951e+00
63 4 -1.000275672950426e+00 -1.890323789965940e-03 -9.472507980396607e-04 -1.007711967078639e+00
63 5 -1.000276147312563e+00 -1.891526288240590e-03 -9.463118186586430e-04 -1.007707873384211e+00
63 6 -1.000276624621906e+00 -1.892689419360758e-03 -9.454631095306361e-04 -1.007703815513179e+00
63 7 -1.000277101763962e+00 -1.893800439053719e-03 -9.447208613300661e-04 -1.007699833384174e+00
63 8 -1.000277575605161e+00 -1.894848256061329e-03 -9.440959580102554e-04 -1.007695964242163e+00
63 9 -1.000278042931719e+00 -1.895824115423300e-03 -9.435915387997799e-04 -1.007692241072883e+00
63 10 -1.000278500444240e+00 -1.896721575526625e-03 -9.432031025468064e-04 -1.007688692340674e+00
63 11 -1.000278944794923e+00 -1.897535832145064e-03 -9.429210640283774e-04 -1.007685343089558e+00
63 12 -1.000279372650325e+00 -1.898262756046759e-03 -9.427345962301528e-04 -1.007682216716188e+00
63 13 -1.000279780757883e+00 -1.898898116587466e-03 -9.426351108685603e-04 -1.007679336424875e+00
63 14 -1.000280165994627e+00 -1.899437344389071e-03 -9.426179765662254e-04 -1.007676725587072e+00
63 15 -1.000280525387203e+00 -1.899875923353591e-03 -9.426818726449599e-04 -1.007674406783503e+00
63 16 -1.000280856102195e+00 -1.900210207042188e-03 -9.428261932494587e-04 -1.007672399975257e+00
63 17 -1.000281155405539e+00 -1.900438247349034e-03 -9.430477637699397e-04 -1.007670720746478e+00
63 18 -1.000281420591228e+00 -1.900560210187972e-03 -9.433384513589893e-04 -1.007669379585053e+00
63 19 -1.000281648898874e+00 -1.900578153580549e-03 -9.436848724714453e-04 -1.007668382634280e+00
63 20 -1.000281837467038e+00 -1.900495252267481e-03 -9.440704757558015e-04 -1.007667733554496e+00
63 21 -1.000281983375102e+00 -1.900314805512810e-03 -9.444792309267197e-04 -1.007667435557812e+00
63 22 -1.000282083796402e+00 -1.900039450079525e-03 -9.448994430179744e-04 -1.007667492611739e+00
63 23 -1.000282136234234e+00 -1.899670902757318e-03 -9.453261202468258e-04 -1.007667909218737e+00
63 24 -1.000282138766878e+00 -1.899210326222759e-03 -9.457608896621084e-04 -1.007668688852676e+00
63 25 -1.000282090209542e+00 -1.898659138398732e-03 -9.462094805126117e-04 -1.007669831783057e+00
63 26 -1.000281990126217e+00 -1.898019888370309e-03 -9.466778788749516e-04 -1.007671333325349e+00
63 27 -1.000281838694220e+00 -1.897296802919092e-03 -9.471688994813307e-04 -1.007673183314688e+00
63 28 -1.000281636508825e+00 -1.896495778139093e-03 -9.476807631060981e-04 -1.007675366924645e+00
63 29 -1.000281384460087e+00 -1.895623856267598e-03 -9.482083328993198e-04 -1.007677866254294e+00
63 30 -1.000281083780876e+00 -1.894688455641807e-03 -9.487463876219911e-04 -1.007680661784190e+00
63 31 -1.000280736267641e+00 -1.893696715477441e-03 -9.492933147477521e-04 -1.007683732974657e+00
63 32 -1.000280344568629e+00 -1.892655246804924e-03 -9.498533684180100e-04 -1.007687057796890e+00
63 33 -1.000279912378457e+00 -1.891570382609682e-03 -9.504362687556256e-04 -1.007690611573340e+00
63 34 -1.000279444408331e+00 -1.890448789075689e-03 -9.510541360622522e-04 -1.007694365859544e+00
63 35 -1.000278946110904e+00 -1.889298150307828e-03 -9.517169997369328e-04 -1.007698288018570e+00
63 36 -1.000278423273276e+00 -1.888127634863107e-03 -9.524288040124939e-04 -1.007702341676210e+00
63 37 -1.000277881670260e+00 -1.886947970520757e-03 -9.531856053799514e-04 -1.007706487731352e+00
63 38 -1.000277326938930e+00 -1.885771119148266e-03 -9.539766253829067e-04 -1.007710685376897e+00
63 39 -1.000276764710573e+00 -1.884609687491694e-03 -9.547875098224356e-04 -1.007714892738936e+00
63 40 -1.000276200891152e+00 -1.883476288530578e-03 -9.556042002962039e-04 -1.007719067083675e+00
63 41 -1.000275641895627e+00 -1.882383059313254e-03 -9.564156626050510e-04 -1.007723164846519e+00
63 42 -1.000275094657865e+00 -1.881341455402285e-03 -9.572143404922631e-04 -1.007727141857087e+00
63 43 -1.000274566350976e+00 -1.880362327580552e-03 -9.579942741109940e-04 -1.007730953995434e+00
63 44 -1.000274063909385e+00 -1.879456193781878e-03 -9.587478676777255e-04 -1.007734558175297e+00
63 45 -1.000273593558136e+00 -1.878633561650856e-03 -9.594628875604118e-04 -1.007737913255051e+00
63 46 -1.000273160554233e+00 -1.877905126533418e-03 -9.601211807262291e-04 -1.007740980503931e+00
63 47 -1.000272769226543e+00 -1.877281679810106e-03 -9.606998639231653e-04 -1.007743723617548e+00
63 48 -1.000272423238824e+00 -1.876773643434340e-03 -9.611746744843170e-04 -1.007746108683893e+00
63 49 -1.000272125890150e+00 -1.876390292654627e-03 -9.615242627423399e-04 -1.007748104618241e+00
63 50 -1.000271880261229e+00 -1.876138879782415e-03 -9.617338164105498e-04 -1.007749684331474e+00
63 51 -1.000271689107134e+00 -1.876023953245896e-03 -9.617966670539715e-04 -1.007750826432680e+00
63 52 -1.000271554537716e+00 -1.876047131511330e-03 -9.617133302765669e-04 -1.007751516845126e+00
63 53 -1.000271477645845e+00 -1.876207431506596e-03 -9.614884949512672e-04 -1.007751749586079e+00
63 54 -1.000271458275591e+00 -1.876502007160252e-03 -9.611273916835580e-04 -1.007751526282651e+00
63 55 -1.000271495048331e+00 -1.876926937201755e-03 -9.606332948818297e-04 -1.007750854655888e+00
63 56 -1.000271585632604e+00 -1.877477654543829e-03 -9.600074084077109e-04 -1.007749746789222e+00
63 57 -1.000271727134166e+00 -1.878148793487714e-03 -9.592512348909117e-04 -1.007748218084692e+00
63 58 -1.000271916448038e+00 -1.878933554092626e-03 -9.583702910711520e-04 -1.007746287342575e+00
63 59 -1.000272150453915e+00 -1.879822961479359e-03 -9.573773193690922e-04 -1.007743977700911e+00
63 60 -1.000272426019349e+00 -1.880805483614124e-03 -9.562932992482704e-04 -1.007741317648970e+00
63 61 -1.000272739864841e+00 -1.881867322752485e-03 -9.551455211035297e-04 -1.007738341235629e+00
63 62 -1.000273088402969e+00 -1.882993374355462e-03 -9.539633408041974e-04 -1.007735086985871e+00
63 63 -1.000273467660700e+00 -1.884168498448365e-03 -9.527733619259028e-04 -1.007731595755949e+00
