1.589070089028702e-07
1.000000000000000e-12
1.000000000000000e-17
3.535489264277179e-01
1.934873848197911e-01
1.811111111111111e-01
-1.500017464083440e+00
1.901109735892602e-07
64
64
9.481481481481480e-02
1
0 0 -1.000274736980086e+00 -1.885445758340198e-03 -9.537083663545421e-04 -1.007725803151994e+00
0 1 -1.000275143853685e+00 -1.886621665830928e-03 -9.526052853380069e-04 -1.007722146320702e+00
0 2 -1.000275566814132e+00 -1.887804988444694e-03 -9.515395201063874e-04 -1.007718384096722e+00
0 3 -1.000276002108080e+00 -1.888983124782593e-03 -9.505263990867386e-04 -1.007714554551358e+00
0 4 -1.000276446102502e+00 -1.890143913221309e-03 -9.495795847045196e-04 -1.007710695272314e+00
0 5 -1.000276895296377e+00 -1.891275752189100e-03 -9.487108898154793e-04 -1.007706843047429e+00
0 6 -1.000277346316913e+00 -1.892367713826644e-03 -9.479300925215282e-04 -1.007703033580530e+00
0 7 -1.000277795903726e+00 -1.893409648585750e-03 -9.472447645549544e-04 -1.007699301231673e+00
0 8 -1.000278240887267e+00 -1.894392274664981e-03 -9.466601509953971e-04 -1.007695678778019e+00
0 9 -1.000278678167752e+00 -1.895307244078820e-03 -9.461791439611154e-04 -1.007692197202258e+00
0 10 -1.000279104698820e+00 -1.896147179962617e-03 -9.458023752955253e-04 -1.007688885520494e+00
0 11 -1.000279517478113e+00 -1.896905688387106e-03 -9.455284196551086e-04 -1.007685770649588e+00
0 12 -1.000279913545346e+00 -1.897577355813058e-03 -9.453540679830393e-04 -1.007682877297850e+00
0 13 -1.000280289985936e+00 -1.898157742787751e-03 -9.452746191711378e-04 -1.007680227865034e+00
0 14 -1.000280643936162e+00 -1.898643376732505e-03 -9.452841479555970e-04 -1.007677842356451e+00
0 15 -1.000280972586166e+00 -1.899031739118192e-03 -9.453757310158814e-04 -1.007675738330005e+00
0 16 -1.000281273180190e+00 -1.899321238822990e-03 -9.455416405112457e-04 -1.007673930893975e+00
0 17 -1.000281543016509e+00 -1.899511162884229e-03 -9.457735364869479e-04 -1.007672432766370e+00
0 18 -1.000281779451133e+00 -1.899601598712877e-03 -9.460626975373414e-04 -1.007671254396989e+00
0 19 -1.000281979910318e+00 -1.899593330692738e-03 -9.464003159588739e-04 -1.007670404132342e+00
0 20 -1.000282141917574e+00 -1.899487726305227e-03 -9.467778532651248e-04 -1.007669888374896e+00
0 21 -1.000282263139213e+00 -1.899286633975270e-03 -9.471874194306994e-04 -1.007669711675707e+00
0 22 -1.000282341447805e+00 -1.898992311717859e-03 -9.476221198599527e-04 -1.007669876718926e+00
0 23 -1.000282374997554e+00 -1.898607396053420e-03 -9.480763142456092e-04 -1.007670384193818e+00
0 24 -1.000282362302862e+00 -1.898134910284519e-03 -9.485457499787737e-04 -1.007671232581812e+00
0 25 -1.000282302311370e+00 -1.897578301561091e-03 -9.490275645294376e-04 -1.007672417906941e+00
0 26 -1.000282194464309e+00 -1.896941488203411e-03 -9.495201859287175e-04 -1.007673933509243e+00
0 27 -1.000282038740166e+00 -1.896228897378551e-03 -9.500231824945961e-04 -1.007675769893196e+00
0 28 -1.000281835682532e+00 -1.895445481663516e-03 -9.505371099549012e-04 -1.007677914670084e+00
0 29 -1.000281586417163e+00 -1.894596716050155e-03 -9.510633775060264e-04 -1.007680352572614e+00
0 30 -1.000281292663241e+00 -1.893688585583392e-03 -9.516041187306601e-04 -1.007683065502031e+00
0 31 -1.000280956739641e+00 -1.892727575233294e-03 -9.521620265235021e-04 -1.007686032578263e+00
0 32 -1.000280581563006e+00 -1.891720671040798e-03 -9.527401057398790e-04 -1.007689230182959e+00
0 33 -1.000280170633023e+00 -1.890675376598408e-03 -9.533413173064668e-04 -1.007692632000380e+00
0 34 -1.000279728001298e+00 -1.889599740429061e-03 -9.539681269033052e-04 -1.007696209075594e+00
0 35 -1.000279258222323e+00 -1.888502380643783e-03 -9.546220133170786e-04 -1.007699929921468e+00
0 36 -1.000278766288666e+00 -1.887392490335990e-03 -9.553030156711168e-04 -1.007703760700864e+00
0 37 -1.000278257556713e+00 -1.886279812766319e-03 -9.560093930506211e-04 -1.007707665486192e+00
0 38 -1.000277737670616e+00 -1.885174583718167e-03 -9.567374383153897e-04 -1.007711606577352e+00
0 39 -1.000277212488549e+00 -1.884087443745448e-03 -9.574814454939286e-04 -1.007715544859854e+00
0 40 -1.000276688009772e+00 -1.883029326096479e-03 -9.582337949353037e-04 -1.007719440197333e+00
0 41 -1.000276170298031e+00 -1.882011329046049e-03 -9.589851057531932e-04 -1.007723251857253e+00
0 42 -1.000275665397760e+00 -1.881044581826565e-03 -9.597244154960321e-04 -1.007726938965723e+00
0 43 -1.000275179242140e+00 -1.880140108467657e-03 -9.604393753629895e-04 -1.007730460989981e+00
0 44 -1.000274717554944e+00 -1.879308686719310e-03 -9.611164799201043e-04 -1.007733778253502e+00
0 45 -1.000274285751159e+00 -1.878560695585628e-03 -9.617413676205537e-04 -1.007736852486696e+00
0 46 -1.000273888843313e+00 -1.877905945668907e-03 -9.622992250592856e-04 -1.007739647407675e+00
0 47 -1.000273531358865e+00 -1.877353488531889e-03 -9.627753054851314e-04 -1.007742129326829e+00
0 48 -1.000273217269555e+00 -1.876911404722384e-03 -9.631555386318330e-04 -1.007744267774949e+00
0 49 -1.000272949930167e+00 -1.876586577766833e-03 -9.634271766771305e-04 -1.007746036149057e+00
0 50 -1.000272732024728e+00 -1.876384471719483e-03 -9.635794035669607e-04 -1.007747412346127e+00
0 51 -1.000272565521539e+00 -1.876308936018890e-03 -9.636038400617875e-04 -1.007748379330449e+00
0 52 -1.000272451641448e+00 -1.876362059368719e-03 -9.634949021014961e-04 -1.007748925574005e+00
0 53 -1.000272390845333e+00 -1.876544086446756e-03 -9.632500047070944e-04 -1.007749045320338e+00
0 54 -1.000272382846576e+00 -1.876853401143907e-03 -9.628696351789627e-04 -1.007748738643902e+00
0 55 -1.000272426651426e+00 -1.877286569316349e-03 -9.623573369065257e-04 -1.007748011308600e+00
0 56 -1.000272520624624e+00 -1.877838425629479e-03 -9.617196409175727e-04 -1.007746874465978e+00
0 57 -1.000272662571999e+00 -1.878502188356262e-03 -9.609659571323853e-04 -1.007745344254587e+00
0 58 -1.000272849829738e+00 -1.879269594050670e-03 -9.601084050790844e-04 -1.007743441352071e+00
0 59 -1.000273079351768e+00 -1.880131053692595e-03 -9.591615452835079e-04 -1.007741190503080e+00
0 60 -1.000273347790070e+00 -1.881075835058052e-03 -9.581419801720066e-04 -1.007738620024500e+00
0 61 -1.000273651566010e+00 -1.882092272163408e-03 -9.570678233505593e-04 -1.007735761283481e+00
0 62 -1.000273986933900e+00 -1.883167996346250e-03 -9.559580743021262e-04 -1.007732648145206e+00
0 63 -1.000274350040069e+00 -1.884290177438754e-03 -9.548319663906415e-04 -1.007729316394532e+00
1 0 -1.000275145584058e+00 -1.885041201358398e-03 -9.569738220335621e-04 -1.007725543973201e+00
1 1 -1.000275552213576e+00 -1.886220579634165e-03 -9.558598662932726e-04 -1.007721886475944e+00
1 2 -1.000275973829864e+00 -1.887404573538369e-03 -9.547861904045542e-04 -1.007718132444611e+00
1 3 -1.000276406687868e+00 -1.888580558975142e-03 -9.537682409864529e-04 -1.007714319870071e+00
1 4 -1.000276847174434e+00 -1.889736384107968e-03 -9.528197539200894e-04 -1.007710486161851e+00
1 5 -1.000277291822342e+00 -1.890860491320919e-03 -9.519525715441220e-04 -1.007706667826344e+00
1 6 -1.000277737307567e+00 -1.891942030883408e-03 -9.511764642015045e-04 -1.007702900182553e+00
1 7 -1.000278180432544e+00 -1.892970963991001e-03 -9.504989672051577e-04 -1.007699217108975e+00
1 8 -1.000278618101778e+00 -1.893938149252850e-03 -9.499252668885386e-04 -1.007695650817971e+00
1 9 -1.000279047296984e+00 -1.894835405090548e-03 -9.494581756160407e-04 -1.007692231661477e+00
1 10 -1.000279465057395e+00 -1.895655543753002e-03 -9.490982201304127e-04 -1.007688987974807e+00
1 11 -1.000279868468515e+00 -1.896392380792524e-03 -9.488438367357682e-04 -1.007685945955123e+00
1 12 -1.000280254659985e+00 -1.897040730564703e-03 -9.486916376881811e-04 -1.007683129559408e+00
1 13 -1.000280620810005e+00 -1.897596397381066e-03 -9.486367010659677e-04 -1.007680560410768e+00
1 14 -1.000280964151405e+00 -1.898056164901633e-03 -9.486728440335486e-04 -1.007678257719157e+00
1 15 -1.000281281975037e+00 -1.898417779549179e-03 -9.487928598232531e-04 -1.007676238234910e+00
1 16 -1.000281571629378e+00 -1.898679920202303e-03 -9.489887238009188e-04 -1.007674516253067e+00
1 17 -1.000281830518747e+00 -1.898842145586436e-03 -9.492517958423562e-04 -1.007673103679973e+00
1 18 -1.000282056104724e+00 -1.898904813786776e-03 -9.495730551878525e-04 -1.007672010162650e+00
1 19 -1.000282245916690e+00 -1.898868977222672e-03 -9.499433928990453e-04 -1.007671243259438e+00
1 20 -1.000282397577700e+00 -1.898736267952035e-03 -9.503539598486231e-04 -1.007670808603493e+00
1 21 -1.000282508849656e+00 -1.898508794354734e-03 -9.507965385674415e-04 -1.007670710000811e+00
1 22 -1.000282577696640e+00 -1.898189067197816e-03 -9.512638884037196e-04 -1.007670949423270e+00
1 23 -1.000282602360074e+00 -1.897779964491254e-03 -9.517500110318799e-04 -1.007671526891272e+00
1 24 -1.000282581436760e+00 -1.897284735081870e-03 -9.522502977847232e-04 -1.007672440270779e+00
1 25 -1.000282513950967e+00 -1.896707031533285e-03 -9.527615487331882e-04 -1.007673685030919e+00
1 26 -1.000282399413504e+00 -1.896050954849451e-03 -9.532818867854137e-04 -1.007675254020505e+00
1 27 -1.000282237864180e+00 -1.895321092014152e-03 -9.538106130391300e-04 -1.007677137314513e+00
1 28 -1.000282029898953e+00 -1.894522534918603e-03 -9.543480499523926e-04 -1.007679322150065e+00
1 29 -1.000281776686909e+00 -1.893660880918491e-03 -9.548953969286672e-04 -1.007681792933896e+00
1 30 -1.000281479981744e+00 -1.892742223116097e-03 -9.554545907409472e-04 -1.007684531286308e+00
1 31 -1.000281142128358e+00 -1.891773140416813e-03 -9.560281364094215e-04 -1.007687516094249e+00
1 32 -1.000280766061141e+00 -1.890760696167697e-03 -9.566188652998083e-04 -1.007690723561868e+00
1 33 -1.000280355289253e+00 -1.889712450315746e-03 -9.572295926213423e-04 -1.007694127260542e+00
1 34 -1.000279913865135e+00 -1.888636482163688e-03 -9.578626822249177e-04 -1.007697698195036e+00
1 35 -1.000279446334815e+00 -1.887541411900449e-03 -9.585195670636823e-04 -1.007701404914615e+00
1 36 -1.000278957672475e+00 -1.886436405780652e-03 -9.592002990186191e-04 -1.007705213693594e+00
1 37 -1.000278453205921e+00 -1.885331154148280e-03 -9.599032000934882e-04 -1.007709088784157e+00
1 38 -1.000277938540742e+00 -1.884235818368243e-03 -9.606246603188108e-04 -1.007712992726006e+00
1 39 -1.000277419487297e+00 -1.883160947499490e-03 -9.613590885304558e-04 -1.007716886698140e+00
1 40 -1.000276901988987e+00 -1.882117369026549e-03 -9.620989866082158e-04 -1.007720730908432e+00
1 41 -1.000276392047066e+00 -1.881116061594742e-03 -9.628351000066300e-04 -1.007724485019985e+00
1 42 -1.000275895637798e+00 -1.880168018810483e-03 -9.635566040000948e-04 -1.007728108610682e+00
1 43 -1.000275418620484e+00 -1.879284109260529e-03 -9.642513102393133e-04 -1.007731561663862e+00
1 44 -1.000274966638386e+00 -1.878474931850444e-03 -9.649059068454188e-04 -1.007734805091619e+00
1 45 -1.000274545018216e+00 -1.877750662103011e-03 -9.655062627249105e-04 -1.007737801288896e+00
1 46 -1.000274158675869e+00 -1.877120884617554e-03 -9.660378262626894e-04 -1.007740514710248e+00
1 47 -1.000273812034336e+00 -1.876594407416681e-03 -9.664861305895922e-04 -1.007742912463459e+00
1 48 -1.000273508954946e+00 -1.876179056546331e-03 -9.668373876269343e-04 -1.007744964921369e+00
1 49 -1.000273252679318e+00 -1.875881456785312e-03 -9.670791215738143e-04 -1.007746646348013e+00
1 50 -1.000273045779278e+00 -1.875706814510593e-03 -9.672007731678074e-04 -1.007747935512812e+00
1 51 -1.000272890114881e+00 -1.875658725113202e-03 -9.671942081913303e-04 -1.007748816243722e+00
1 52 -1.000272786803915e+00 -1.875739026351014e-03 -9.670540856705805e-04 -1.007749277862036e+00
1 53 -1.000272736208787e+00 -1.875947712670772e-03 -9.667780730812306e-04 -1.007749315447821e+00
1 54 -1.000272737947343e+00 -1.876282916380324e-03 -9.663669264353210e-04 -1.007748929902615e+00
1 55 -1.000272790931721e+00 -1.876740950526197e-03 -9.658244724937100e-04 -1.007748127807468e+00
1 56 -1.000272893433575e+00 -1.877316398784513e-03 -9.651575302330016e-04 -1.007746921113324e+00
1 57 -1.000273043168032e+00 -1.878002235719324e-03 -9.643757877231211e-04 -1.007745326724613e+00
1 58 -1.000273237385979e+00 -1.878789967896543e-03 -9.634916203980615e-04 -1.007743366030005e+00
1 59 -1.000273472965272e+00 -1.879669795660898e-03 -9.625198170792428e-04 -1.007741064408462e+00
1 60 -1.000273746494320e+00 -1.880630798965284e-03 -9.614771842547521e-04 -1.007738450717922e+00
1 61 -1.000274054345013e+00 -1.881661147754381e-03 -9.603820250587664e-04 -1.007735556765838e+00
1 62 -1.000274392735805e+00 -1.882748332137233e-03 -9.592535247787036e-04 -1.007732416758734e+00
1 63 -1.000274757788723e+00 -1.883879402081029e-03 -9.581111051569241e-04 -1.007729066731719e+00
2 0 -1.000275611849752e+00 -1.884718498047608e-03 -9.599438161693059e-04 -1.007725076067312e+00
2 1 -1.000276019213139e+00 -1.885903430065418e-03 -9.588177443395805e-04 -1.007721411057229e+00
2 2 -1.000276440452241e+00 -1.887090186211083e-03 -9.577350084161315e-04 -1.007717658414797e+00
2 3 -1.000276871820668e+00 -1.888266101840829e-03 -9.567111814494639e-04 -1.007713856110070e+00
2 4 -1.000277309714813e+00 -1.889419016016914e-03 -9.557600800850048e-04 -1.007710041437339e+00
2 5 -1.000277750690477e+00 -1.890537395773404e-03 -9.548935802792987e-04 -1.007706250686517e+00
2 6 -1.000278191461802e+00 -1.891610450593062e-03 -9.541214441532391e-04 -1.007702518856114e+00
2 7 -1.000278628884309e+00 -1.892628234265994e-03 -9.534511659876946e-04 -1.007698879404665e+00
2 8 -1.000279059928124e+00 -1.893581728397683e-03 -9.528878665110945e-04 -1.007695364037673e+00
2 9 -1.000279481649494e+00 -1.894462901181698e-03 -9.524342713937928e-04 -1.007692002530009e+00
2 10 -1.000279891167636e+00 -1.895264738270108e-03 -9.520907970025661e-04 -1.007688822585083e+00
2 11 -1.000280285651312e+00 -1.895981249747479e-03 -9.518557388426585e-04 -1.007685849725034e+00
2 12 -1.000280662315964e+00 -1.896607463303018e-03 -9.517255309959616e-04 -1.007683107197521e+00
2 13 -1.000281018428608e+00 -1.897139412973743e-03 -9.516950328050274e-04 -1.007680615888701e+00
2 14 -1.000281351315024e+00 -1.897574126006254e-03 -9.517578051806948e-04 -1.007678394248504e+00
2 15 -1.000281658364015e+00 -1.897909603348978e-03 -9.519063568582697e-04 -1.007676458248017e+00
2 16 -1.000281937026797e+00 -1.898144785810615e-03 -9.521323632219568e-04 -1.007674821389313e+00
2 17 -1.000282184813670e+00 -1.898279497798185e-03 -9.524268803314397e-04 -1.007673494779534e+00
2 18 -1.000282399293220e+00 -1.898314364009265e-03 -9.527805860144157e-04 -1.007672487267374e+00
2 19 -1.000282578100833e+00 -1.898250702766612e-03 -9.531840713523157e-04 -1.007671805618910e+00
2 20 -1.000282718963160e+00 -1.898090410251359e-03 -9.536281820884223e-04 -1.007671454685823e+00
2 21 -1.000282819742497e+00 -1.897835855851203e-03 -9.541043825169159e-04 -1.007671437509718e+00
2 22 -1.000282878499816e+00 -1.897489806183459e-03 -9.546050963881565e-04 -1.007671755323121e+00
2 23 -1.000282893569882e+00 -1.897055386982154e-03 -9.551239756321225e-04 -1.007672407440606e+00
2 24 -1.000282863639083e+00 -1.896536082735390e-03 -9.556560589110255e-04 -1.007673391064375e+00
2 25 -1.000282787816722e+00 -1.895935765250810e-03 -9.561978065656602e-04 -1.007674701049857e+00
2 26 -1.000282665692791e+00 -1.895258735154812e-03 -9.567470293158058e-04 -1.007676329687333e+00
2 27 -1.000282497379050e+00 -1.894509758566981e-03 -9.573027513505280e-04 -1.007678266548438e+00
2 28 -1.000282283535142e+00 -1.893694087533106e-03 -9.578650518648503e-04 -1.007680498417973e+00
2 29 -1.000282025384965e+00 -1.892817463301570e-03 -9.584349114880008e-04 -1.007683009296695e+00
2 30 -1.000281724727949e+00 -1.891886109045730e-03 -9.590140615257690e-04 -1.007685780443310e+00
2 31 -1.000281383945788e+00 -1.890906720722814e-03 -9.596048083469740e-04 -1.007688790429688e+00
2 32 -1.000281006000979e+00 -1.889886463879175e-03 -9.602097943216558e-04 -1.007692015197990e+00
2 33 -1.000280594422098e+00 -1.888832981360670e-03 -9.608316675112627e-04 -1.007695428120968e+00
2 34 -1.000280153271868e+00 -1.887754410572481e-03 -9.614726632547595e-04 -1.007699000078972e+00
2 35 -1.000279687096767e+00 -1.886659400832552e-03 -9.621341389109501e-04 -1.007702699577929e+00
2 36 -1.000279200860919e+00 -1.885557117274788e-03 -9.628161294679798e-04 -1.007706492930376e+00
2 37 -1.000278699871087e+00 -1.884457220554975e-03 -9.635169937036643e-04 -1.007710344503809e+00
2 38 -1.000278189700754e+00 -1.883369817516433e-03 -9.642331983626902e-04 -1.007714217023728e+00
2 39 -1.000277676117683e+00 -1.882305382389035e-03 -9.649592521218982e-04 -1.007718071918608e+00
2 40 -1.000277165013483e+00 -1.881274651234129e-03 -9.656877666560281e-04 -1.007721869704167e+00
2 41 -1.000276662329956e+00 -1.880288495939209e-03 -9.664096025331826e-04 -1.007725570408533e+00
2 42 -1.000276173977351e+00 -1.879357786229062e-03 -9.671140602845852e-04 -1.007729134036106e+00
2 43 -1.000275705742649e+00 -1.878493245972270e-03 -9.677890979996369e-04 -1.007732521066018e+00
2 44 -1.000275263190022e+00 -1.877705304974966e-03 -9.684215829164294e-04 -1.007735692982495e+00
2 45 -1.000274851559426e+00 -1.877003943658227e-03 -9.689976019013833e-04 -1.007738612832124e+00
2 46 -1.000274475671579e+00 -1.876398526750030e-03 -9.695028574815462e-04 -1.007741245798276e+00
2 47 -1.000274139846013e+00 -1.875897621954771e-03 -9.699231619235768e-04 -1.007743559785346e+00
2 48 -1.000273847834014e+00 -1.875508801319756e-03 -9.702450156089349e-04 -1.007745526013685e+00
2 49 -1.000273602763722e+00 -1.875238429377039e-03 -9.704562263242348e-04 -1.007747119624187e+00
2 50 -1.000273407093704e+00 -1.875091451860536e-03 -9.705465059260094e-04 -1.007748320272196e+00
2 51 -1.000273262573934e+00 -1.875071205968453e-03 -9.705079800714477e-04 -1.007749112666579e+00
2 52 -1.000273170216796e+00 -1.875179273564644e-03 -9.703355650825350e-04 -1.007749486998086e+00
2 53 -1.000273130283829e+00 -1.875415393419257e-03 -9.700271947625005e-04 -1.007749439204687e+00
2 54 -1.000273142295101e+00 -1.875777440033292e-03 -9.695839089566562e-04 -1.007748971037533e+00
2 55 -1.000273205066247e+00 -1.876261465863505e-03 -9.690098360827640e-04 -1.007748089920643e+00
2 56 -1.000273316772790e+00 -1.876861793717086e-03 -9.683121056050477e-04 -1.007746808635595e+00
2 57 -1.000273475035080e+00 -1.877571142527743e-03 -9.675007101964637e-04 -1.007745144889776e+00
2 58 -1.000273677013345e+00 -1.878380775206135e-03 -9.665883098520518e-04 -1.007743120825553e+00
2 59 -1.000273919502509e+00 -1.879280666291090e-03 -9.655899498408013e-04 -1.007740762504756e+00
2 60 -1.000274199019080e+00 -1.880259691674605e-03 -9.645226653837690e-04 -1.007738099380491e+00
2 61 -1.000274511876150e+00 -1.881305840701689e-03 -9.634049682375936e-04 -1.007735163757870e+00
2 62 -1.000274854246739e+00 -1.882406446093097e-03 -9.622562427749249e-04 -1.007731990242213e+00
2 63 -1.000275222219261e+00 -1.883548422221323e-03 -9.610961081188999e-04 -1.007728615174906e+00
3 0 -1.000276130827294e+00 -1.884481392248897e-03 -9.625890523089240e-04 -1.007724402531298e+00
3 1 -1.000276539902806e+00 -1.885673923083292e-03 -9.614496707782713e-04 -1.007720723198465e+00
3 2 -1.000276961743567e+00 -1.886865522622386e-03 -9.603567383389113e-04 -1.007716965087213e+00
3 3 -1.000277392592203e+00 -1.888043468105757e-03 -9.593259623224034e-04 -1.007713166206601e+00
3 4 -1.000277828844149e+00 -1.889195570444294e-03 -9.583712478933148e-04 -1.007709363800284e+00
3 5 -1.000278267067153e+00 -1.890310301560686e-03 -9.575045100690264e-04 -1.007705594009001e+00
3 6 -1.000278704002397e+00 -1.891376910312320e-03 -9.567355043095803e-04 -1.007701891578686e+00
3 7 -1.000279136547827e+00 -1.892385523358696e-03 -9.560716815613849e-04 -1.007698289615323e+00
3 8 -1.000279561729556e+00 -1.893327225915561e-03 -9.555180921162870e-04 -1.007694819382971e+00
3 9 -1.000279976670200e+00 -1.894194117387739e-03 -9.550773694825185e-04 -1.007691510140538e+00
3 10 -1.000280378562362e+00 -1.894979339293967e-03 -9.547498155312521e-04 -1.007688389015229e+00
3 11 -1.000280764652531e+00 -1.895677079302778e-03 -9.545335838231310e-04 -1.007685480905915e+00
3 12 -1.000281132236907e+00 -1.896282561657834e-03 -9.544249325075207e-04 -1.007682808400611e+00
3 13 -1.000281478666559e+00 -1.896792033899289e-03 -9.544185064627985e-04 -1.007680391695516e+00
3 14 -1.000281801355908e+00 -1.897202752129588e-03 -9.545076142570746e-04 -1.007678248522435e+00
3 15 -1.000282097788178e+00 -1.897512959184501e-03 -9.546844818983520e-04 -1.007676394108403e+00
3 16 -1.000282365514816e+00 -1.897721847319679e-03 -9.549404842793356e-04 -1.007674841190682e+00
3 17 -1.000282602150976e+00 -1.897829498334073e-03 -9.552663721059315e-04 -1.007673600097478e+00
3 18 -1.000282805372797e+00 -1.897836797584663e-03 -9.556525211214401e-04 -1.007672678890077e+00
3 19 -1.000282972923831e+00 -1.897745325465896e-03 -9.560892246243788e-04 -1.007672083543890e+00
3 20 -1.000283102637649e+00 -1.897557239972707e-03 -9.565670297643452e-04 -1.007671818123197e+00
3 21 -1.000283192480973e+00 -1.897275170504861e-03 -9.570770934033405e-04 -1.007671884892819e+00
3 22 -1.000283240616326e+00 -1.896902140524389e-03 -9.576115166413389e-04 -1.007672284325599e+00
3 23 -1.000283245477281e+00 -1.896441527480619e-03 -9.581636134270224e-04 -1.007673014999868e+00
3 24 -1.000283205846196e+00 -1.895897059008297e-03 -9.587280774824127e-04 -1.007674073413176e+00
3 25 -1.000283120924794e+00 -1.895272837132346e-03 -9.593010318750203e-04 -1.007675453756833e+00
3 26 -1.000282990390758e+00 -1.894573376293996e-03 -9.598799727617161e-04 -1.007677147703378e+00
3 27 -1.000282814437492e+00 -1.893803638686620e-03 -9.604636418939344e-04 -1.007679144254017e+00
3 28 -1.000282593798915e+00 -1.892969055299021e-03 -9.610518687554666e-04 -1.007681429668644e+00
3 29 -1.000282329764655e+00 -1.892075530971327e-03 -9.616454095089616e-04 -1.007683987466904e+00
3 30 -1.000282024190676e+00 -1.891129439290406e-03 -9.622457849582322e-04 -1.007686798469442e+00
3 31 -1.000281679505962e+00 -1.890137614736544e-03 -9.628550963532824e-04 -1.007689840854482e+00
3 32 -1.000281298711238e+00 -1.889107348207204e-03 -9.634757863051411e-04 -1.007693090220998e+00
3 33 -1.000280885364168e+00 -1.888046390336099e-03 -9.641103187164734e-04 -1.007696519660425e+00
3 34 -1.000280443546962e+00 -1.886962962837910e-03 -9.647607770488418e-04 -1.007700099846391e+00
3 35 -1.000279977815377e+00 -1.885865770909135e-03 -9.654284150940854e-04 -1.007703799161375e+00
3 36 -1.000279493131911e+00 -1.884764004662090e-03 -9.661132214935810e-04 -1.007707583880658e+00
3 37 -1.000278994790077e+00 -1.883667319123735e-03 -9.668135644516809e-04 -1.007711418419311e+00
3 38 -1.000278488338089e+00 -1.882585787730238e-03 -9.675259648138707e-04 -1.007715265630638e+00
3 39 -1.000277979506878e+00 -1.881529828076765e-03 -9.682450136602673e-04 -1.007719087143803e+00
3 40 -1.000277474140973e+00 -1.880510100720483e-03 -9.689634184545770e-04 -1.007722843740936e+00
3 41 -1.000276978126452e+00 -1.879537385130414e-03 -9.696721416399542e-04 -1.007726495779678e+00
3 42 -1.000276497310434e+00 -1.878622440477591e-03 -9.703605944139476e-04 -1.007730003660423e+00
3 43 -1.000276037409995e+00 -1.877775858665774e-03 -9.710168645960662e-04 -1.007733328331282e+00
3 44 -1.000275603912545e+00 -1.877007912595822e-03 -9.716279805173517e-04 -1.007736431824572e+00
3 45 -1.000275201973709e+00 -1.876328398561745e-03 -9.721802299075969e-04 -1.007739277817996e+00
3 46 -1.000274836321410e+00 -1.875746470218228e-03 -9.726595562754173e-04 -1.007741832208501e+00
3 47 -1.000274511173842e+00 -1.875270461042671e-03 -9.730520442749269e-04 -1.007744063687989e+00
3 48 -1.000274230173921e+00 -1.874907692586595e-03 -9.733444831323861e-04 -1.007745944320687e+00
3 49 -1.000273996337313e+00 -1.874664270442272e-03 -9.735249704682916e-04 -1.007747450125464e+00
3 50 -1.000273812009447e+00 -1.874544879203022e-03 -9.735834989571551e-04 -1.007748561649305e+00
3 51 -1.000273678829451e+00 -1.874552596049960e-03 -9.735124649591771e-04 -1.007749264491794e+00
3 52 -1.000273597702981e+00 -1.874688744330662e-03 -9.733070527029273e-04 -1.007749549725592e+00
3 53 -1.000273568789206e+00 -1.874952803933845e-03 -9.729654726983976e-04 -1.007749414160551e+00
3 54 -1.000273591508900e+00 -1.875342387471504e-03 -9.724890599639018e-04 -1.007748860413274e+00
3 55 -1.000273664579510e+00 -1.875853281316191e-03 -9.718822587071937e-04 -1.007747896769762e+00
3 56 -1.000273786078276e+00 -1.876479540058469e-03 -9.711525273801766e-04 -1.007746536865694e+00
3 57 -1.000273953527716e+00 -1.877213617519473e-03 -9.703101864939192e-04 -1.007744799240539e+00
3 58 -1.000274163992991e+00 -1.878046521277698e-03 -9.693682071789216e-04 -1.007742706826305e+00
3 59 -1.000274414180063e+00 -1.878967986581017e-03 -9.683419181531054e-04 -1.007740286410580e+00
3 60 -1.000274700526015e+00 -1.879966670778691e-03 -9.672486074906477e-04 -1.007737568089894e+00
3 61 -1.000275019276585e+00 -1.881030367885110e-03 -9.661070145222124e-04 -1.007734584718377e+00
3 62 -1.000275366550317e+00 -1.882146238538401e-03 -9.649367360127936e-04 -1.007731371353000e+00
3 63 -1.000275738392921e+00 -1.883301046843383e-03 -9.637575972356833e-04 -1.007727964694813e+00
4 0 -1.000276696993781e+00 -1.884332790907934e-03 -9.648826666313467e-04 -1.007723529075747e+00
4 1 -1.000277108747479e+00 -1.885534900772434e-03 -9.637288635366202e-04 -1.007719828735784e+00
4 2 -1.000277532167994e+00 -1.886733387156996e-03 -9.626246426775849e-04 -1.007716058335198e+00
4 3 -1.000277963477543e+00 -1.887915452434743e-03 -9.615858527158822e-04 -1.007712255980366e+00
4 4 -1.000278399060254e+00 -1.889068860948536e-03 -9.606264949056953e-04 -1.007708458927928e+00
4 5 -1.000278835484650e+00 -1.890182069630728e-03 -9.597585298395579e-04 -1.007704703237868e+00
4 6 -1.000279269507288e+00 -1.891244345804377e-03 -9.589917101668287e-04 -1.007701023475480e+00
4 7 -1.000279698057017e+00 -1.892245867810253e-03 -9.583334437617751e-04 -1.007697452467137e+00
4 8 -1.000280118205328e+00 -1.893177803747809e-03 -9.577887076898632e-04 -1.007694021106297e+00
4 9 -1.000280527132028e+00 -1.894032364201516e-03 -9.573600394930588e-04 -1.007690758202790e+00
4 10 -1.000280922095352e+00 -1.894802827003804e-03 -9.570476241932339e-04 -1.007687690370639e+00
4 11 -1.000281300412859e+00 -1.895483538209362e-03 -9.568494740770643e-04 -1.007684841945191e+00
4 12 -1.000281659455590e+00 -1.896069899964642e-03 -9.567616752505732e-04 -1.007682234911139e+00
4 13 -1.000281996653245e+00 -1.896558355441274e-03 -9.567786643179118e-04 -1.007679888827279e+00
4 14 -1.000282309503860e+00 -1.896946372713107e-03 -9.568935043099550e-04 -1.007677820755908e+00
4 15 -1.000282595580553e+00 -1.897232421129231e-03 -9.570981439323340e-04 -1.007676045223692e+00
4 16 -1.000282852531468e+00 -1.897415931374443e-03 -9.573836603375367e-04 -1.007674574239344e+00
4 17 -1.000283078074599e+00 -1.897497232474517e-03 -9.577404994548151e-04 -1.007673417378664e+00
4 18 -1.000283269993390e+00 -1.897477462791811e-03 -9.581587356046980e-04 -1.007672581932264e+00
4 19 -1.000283426140853e+00 -1.897358458923346e-03 -9.586283676985703e-04 -1.007672073093428e+00
4 20 -1.000283544459929e+00 -1.897142636280781e-03 -9.591396519746379e-04 -1.007671894140333e+00
4 21 -1.000283623025124e+00 -1.896832881585571e-03 -9.596834497349602e-04 -1.007672046554548e+00
4 22 -1.000283660104625e+00 -1.896432474531934e-03 -9.602515539410159e-04 -1.007672530034286e+00
4 23 -1.000283654235592e+00 -1.895945046117330e-03 -9.608369551131610e-04 -1.007673342398001e+00
4 24 -1.000283604301841e+00 -1.895374571931527e-03 -9.614340137179036e-04 -1.007674479405922e+00
4 25 -1.000283509603921e+00 -1.894725392511841e-03 -9.620385223610519e-04 -1.007675934542849e+00
4 26 -1.000283369914755e+00 -1.894002247863126e-03 -9.626476644512136e-04 -1.007677698811631e+00
4 27 -1.000283185518103e+00 -1.893210310762738e-03 -9.632598977266327e-04 -1.007679760583211e+00
4 28 -1.000282957231799e+00 -1.892355207555960e-03 -9.638747992060195e-04 -1.007682105527079e+00
4 29 -1.000282686421422e+00 -1.891443024396429e-03 -9.644928982819105e-04 -1.007684716612291e+00
4 30 -1.000282375009830e+00 -1.890480303987345e-03 -9.651155036915233e-04 -1.007687574149130e+00
4 31 -1.000282025483423e+00 -1.889474038959610e-03 -9.657445093481461e-04 -1.007690655847914e+00
4 32 -1.000281640890861e+00 -1.888431666501143e-03 -9.663821524791490e-04 -1.007693936888340e+00
4 33 -1.000281224828193e+00 -1.887361067905408e-03 -9.670307009886464e-04 -1.007697390002092e+00
4 34 -1.000280781406127e+00 -1.886270574096856e-03 -9.676920672568732e-04 -1.007700985575776e+00
4 35 -1.000280315198405e+00 -1.885168972187586e-03 -9.683673762613500e-04 -1.007704691788782e+00
4 36 -1.000279831174221e+00 -1.884065503033799e-03 -9.690565421308003e-04 -1.007708474803512e+00
4 37 -1.000279334621677e+00 -1.882969840375726e-03 -9.697579149440092e-04 -1.007712299013267e+00
4 38 -1.000278831070941e+00 -1.881892046454668e-03 -9.704680454508555e-04 -1.007716127337172e+00
4 39 -1.000278326222455e+00 -1.880842501889340e-03 -9.711815874376136e-04 -1.007719921551291e+00
4 40 -1.000277825878915e+00 -1.879831808889750e-03 -9.718913280948830e-04 -1.007723642658604e+00
4 41 -1.000277335874908e+00 -1.878870669978313e-03 -9.725883168563130e-04 -1.007727251307018e+00
4 42 -1.000276861998030e+00 -1.877969748693024e-03 -9.732620592231311e-04 -1.007730708256982e+00
4 43 -1.000276409898778e+00 -1.877139519844513e-03 -9.739007535948384e-04 -1.007733974891542e+00
4 44 -1.000275984990998e+00 -1.876390113815891e-03 -9.744915681232550e-04 -1.007737013759960e+00
4 45 -1.000275592349135e+00 -1.875731155921812e-03 -9.750209702318751e-04 -1.007739789144100e+00
4 46 -1.000275236611558e+00 -1.875171600118721e-03 -9.754751262647346e-04 -1.007742267631812e+00
4 47 -1.000274921898406e+00 -1.874719554827848e-03 -9.758403807790605e-04 -1.007744418684152e+00
4 48 -1.000274651747157e+00 -1.874382097615987e-03 -9.761038063426733e-04 -1.007746215196355e+00
4 49 -1.000274429063118e+00 -1.874165078920485e-03 -9.762537912723174e-04 -1.007747634058831e+00
4 50 -1.000274256079714e+00 -1.874072923885726e-03 -9.762806141620341e-04 -1.007748656709210e+00
4 51 -1.000274134325555e+00 -1.874108450138960e-03 -9.761769490053674e-04 -1.007749269640115e+00
4 52 -1.000274064599314e+00 -1.874272722161128e-03 -9.759382550564126e-04 -1.007749464810847e+00
4 53 -1.000274046957097e+00 -1.874564959757420e-03 -9.755630263653505e-04 -1.007749239910573e+00
4 54 -1.000274080719442e+00 -1.874982511516700e-03 -9.750529004278925e-04 -1.007748598431464e+00
4 55 -1.000274164504585e+00 -1.875520894512801e-03 -9.744126468547073e-04 -1.007747549533901e+00
4 56 -1.000274296290205e+00 -1.876173890283610e-03 -9.736500670998484e-04 -1.007746107723422e+00
4 57 -1.000274473498885e+00 -1.876933680382230e-03 -9.727758288288809e-04 -1.007744292393320e+00
4 58 -1.000274693097220e+00 -1.877791007464089e-03 -9.718032376901781e-04 -1.007742127294614e+00
4 59 -1.000274951697136e+00 -1.878735356132670e-03 -9.707479304070362e-04 -1.007739639976762e+00
4 60 -1.000275245649805e+00 -1.879755152904173e-03 -9.696274704688570e-04 -1.007736861220667e+00
4 61 -1.000275571125987e+00 -1.880837983661410e-03 -9.684608430021758e-04 -1.007733824474224e+00
4 62 -1.000275924181344e+00 -1.881970823834830e-03 -9.672678699977023e-04 -1.007730565293934e+00
4 63 -1.000276300810203e+00 -1.883140274036782e-03 -9.660685907959155e-04 -1.007727120790013e+00
5 0 -1.000277304322063e+00 -1.884274697485637e-03 -9.668005567585640e-04 -1.007722464045433e+00
5 1 -1.000277719695520e+00 -1.885488275345223e-03 -9.656313374287381e-04 -1.007718736225842e+00
5 2 -1.000278145660626e+00 -1.886695627079073e-03 -9.645148140466193e-04 -1.007714946841730e+00
5 3 -1.000278578410230e+00 -1.887883864693184e-03 -9.634669825441373e-04 -1.007711134152068e+00
5 4 -1.000279014307199e+00 -1.889040688495413e-03 -9.625019475441709e-04 -1.007707335487755e+00
5 5 -1.000279449909684e+00 -1.890154520671503e-03 -9.616317226522218e-04 -1.007703586896672e+00
5 6 -1.000279881977572e+00 -1.891214625464004e-03 -9.608660635213268e-04 -1.007699922838231e+00
5 7 -1.000280307458476e+00 -1.892211210779935e-03 -9.602123376295886e-04 -1.007696375935967e+00
5 8 -1.000280723457863e+00 -1.893135505782321e-03 -9.596754484186117e-04 -1.007692976787931e+00
5 9 -1.000281127202516e+00 -1.893979810689439e-03 -9.592578358806591e-04 -1.007689753827552e+00
5 10 -1.000281516007345e+00 -1.894737518193133e-03 -9.589595678365952e-04 -1.007686733225813e+00
5 11 -1.000281887253236e+00 -1.895403111688432e-03 -9.587785177315466e-04 -1.007683938821071e+00
5 12 -1.000282238379330e+00 -1.895972150947826e-03 -9.587106052703307e-04 -1.007681392056703e+00
5 13 -1.000282566887798e+00 -1.896441255104296e-03 -9.587500672238516e-04 -1.007679111912574e+00
5 14 -1.000282870354377e+00 -1.896808085017629e-03 -9.588897309693596e-04 -1.007677114837477e+00
5 15 -1.000283146436602e+00 -1.897071318634247e-03 -9.591212769739687e-04 -1.007675414709387e+00
5 16 -1.000283392874870e+00 -1.897230609703315e-03 -9.594354909144626e-04 -1.007674022851913e+00
5 17 -1.000283607487133e+00 -1.897286522173168e-03 -9.598225173413315e-04 -1.007672948121653e+00
5 18 -1.000283788162898e+00 -1.897240437614761e-03 -9.602721317677345e-04 -1.007672197062494e+00
5 19 -1.000283932864927e+00 -1.897094440908961e-03 -9.607740432997551e-04 -1.007671774101460e+00
5 20 -1.000284039647220e+00 -1.896851198800109e-03 -9.613182256301241e-04 -1.007671681738021e+00
5 21 -1.000284106694880e+00 -1.896513851193181e-03 -9.618952570494548e-04 -1.007671920669089e+00
5 22 -1.000284132385309e+00 -1.896085931700593e-03 -9.624966382113696e-04 -1.007672489809075e+00
5 23 -1.000284115363261e+00 -1.895571324505386e-03 -9.631150531516704e-04 -1.007673386200265e+00
5 24 -1.000284054618616e+00 -1.894974255516913e-03 -9.637445441254455e-04 -1.007674604840733e+00
5 25 -1.000283949556281e+00 -1.894299309673178e-03 -9.643805839157564e-04 -1.007676138473689e+00
5 26 -1.000283800051059e+00 -1.893551461920916e-03 -9.650200488200844e-04 -1.007677977387491e+00
5 27 -1.000283606484764e+00 -1.892736107747308e-03 -9.656611146101205e-04 -1.007680109270468e+00
5 28 -1.000283369767809e+00 -1.891859083000050e-03 -9.663031065286873e-04 -1.007682519143406e+00
5 29 -1.000283091351150e+00 -1.890926670811257e-03 -9.669463282917056e-04 -1.007685189361386e+00
5 30 -1.000282773234305e+00 -1.889945599699590e-03 -9.675918786173876e-04 -1.007688099657460e+00
5 31 -1.000282417970697e+00 -1.888923037938367e-03 -9.682414460362973e-04 -1.007691227205374e+00
5 32 -1.000282028666140e+00 -1.887866587751895e-03 -9.688970616572568e-04 -1.007694546694942e+00
5 33 -1.000281608964014e+00 -1.886784281936734e-03 -9.695607908371380e-04 -1.007698030424121e+00
5 34 -1.000281163012273e+00 -1.885684583793840e-03 -9.702343606154809e-04 -1.007701648415350e+00
5 35 -1.000280695411115e+00 -1.884576387044944e-03 -9.709187457159059e-04 -1.007705368567480e+00
5 36 -1.000280211144540e+00 -1.883469008302703e-03 -9.716137598016578e-04 -1.007709156855433e+00
5 37 -1.000279715503036e+00 -1.882372164342032e-03 -9.723177078517838e-04 -1.007712977580627e+00
5 38 -1.000279214006149e+00 -1.881295928997393e-03 -9.730271455388528e-04 -1.007716793663525e+00
5 39 -1.000278712330570e+00 -1.880250666473741e-03 -9.737367680112761e-04 -1.007720566969855e+00
5 40 -1.000278216242922e+00 -1.879246938915458e-03 -9.744394242472715e-04 -1.007724258673912e+00
5 41 -1.000277731531165e+00 -1.878295388721732e-03 -9.751262341565794e-04 -1.007727829669912e+00
5 42 -1.000277263927675e+00 -1.877406600204050e-03 -9.757867797823927e-04 -1.007731241037080e+00
5 43 -1.000276819020383e+00 -1.876590947482314e-03 -9.764093492682729e-04 -1.007734454553857e+00
5 44 -1.000276402153443e+00 -1.875858434558754e-03 -9.769812267537740e-04 -1.007737433249416e+00
5 45 -1.000276018324054e+00 -1.875218531168642e-03 -9.774890345274016e-04 -1.007740141975749e+00
5 46 -1.000275672085211e+00 -1.874680005656887e-03 -9.779191390249615e-04 -1.007742547980620e+00
5 47 -1.000275367463279e+00 -1.874250753347232e-03 -9.782581269840382e-04 -1.007744621467416e+00
5 48 -1.000275107894225e+00 -1.873937616937781e-03 -9.784933432956551e-04 -1.007746336141701e+00
5 49 -1.000274896176144e+00 -1.873746197970505e-03 -9.786134625642132e-04 -1.007747669751492e+00
5 50 -1.000274734432693e+00 -1.873680666208920e-03 -9.786090498905403e-04 -1.007748604616445e+00
5 51 -1.000274624083359e+00 -1.873743582309893e-03 -9.784730601375934e-04 -1.007749128117417e+00
5 52 -1.000274565820444e+00 -1.873935753387910e-03 -9.782012313095639e-04 -1.007749233098887e+00
5 53 -1.000274559597032e+00 -1.874256139854834e-03 -9.777923441166350e-04 -1.007748918130863e+00
5 54 -1.000274604633188e+00 -1.874701826303049e-03 -9.772483416297878e-04 -1.007748187584674e+00
5 55 -1.000274699447625e+00 -1.875268059539624e-03 -9.765743239789177e-04 -1.007747051500744e+00
5 56 -1.000274841917856e+00 -1.875948345332553e-03 -9.757784449832797e-04 -1.007745525264000e+00
5 57 -1.000275029365187e+00 -1.876734588007277e-03 -9.748717339966997e-04 -1.007743629136939e+00
5 58 -1.000275258655164e+00 -1.877617258272972e-03 -9.738678499734768e-04 -1.007741387711242e+00
5 59 -1.000275526301830e+00 -1.878585581455361e-03 -9.727827584768897e-04 -1.007738829325682e+00
5 60 -1.000275828565106e+00 -1.879627743279888e-03 -9.716343185660291e-04 -1.007735985478738e+00
5 61 -1.000276161534055e+00 -1.880731110535523e-03 -9.704417779707155e-04 -1.007732890250764e+00
5 62 -1.000276521193804e+00 -1.881882462071713e-03 -9.692251955589157e-04 -1.007729579740216e+00
5 63 -1.000276903479292e+00 -1.883068223649597e-03 -9.680048312549063e-04 -1.007726091510413e+00
6 0 -1.000277946354596e+00 -1.884308153436448e-03 -9.683217093296514e-04 -1.007721218396312e+00
6 1 -1.000278366252933e+00 -1.885534971541976e-03 -9.671362318811537e-04 -1.007717456919862e+00
6 2 -1.000278795702009e+00 -1.886753076018106e-03 -9.660065034529971e-04 -1.007713642070028e+00
6 3 -1.000279230856925e+00 -1.887949474296899e-03 -9.649486719466481e-04 -1.007709812310253e+00
6 4 -1.000279668049775e+00 -1.889111786024792e-03 -9.639769524388335e-04 -1.007706005104811e+00
6 5 -1.000280103817420e+00 -1.890228379437500e-03 -9.631034196395044e-04 -1.007702256557063e+00
6 6 -1.000280534911050e+00 -1.891288494434523e-03 -9.623378393997049e-04 -1.007698601095153e+00
6 7 -1.000280958284587e+00 -1.892282346006734e-03 -9.616875437156219e-04 -1.007695071218347e+00
6 8 -1.000281371065320e+00 -1.893201201357854e-03 -9.611573648526848e-04 -1.007691697308953e+00
6 9 -1.000281770515730e+00 -1.894037427248723e-03 -9.607496462824908e-04 -1.007688507502579e+00
6 10 -1.000282153997398e+00 -1.894784508446793e-03 -9.604643401273933e-04 -1.007685527602742e+00
6 11 -1.000282518945865e+00 -1.895437043351942e-03 -9.602991850121321e-04 -1.007682781022334e+00
6 12 -1.000282862860716e+00 -1.895990727301685e-03 -9.602499420246237e-04 -1.007680288731506e+00
6 13 -1.000283183309463e+00 -1.896442333502581e-03 -9.603106593264669e-04 -1.007678069196890e+00
6 14 -1.000283477938748e+00 -1.896789694316305e-03 -9.604739415041947e-04 -1.007676138316593e+00
6 15 -1.000283744484271e+00 -1.897031676448633e-03 -9.607312129899486e-04 -1.007674509377589e+00
6 16 -1.000283980773389e+00 -1.897168139050453e-03 -9.610729778543905e-04 -1.007673193068769e+00
6 17 -1.000284184720011e+00 -1.897199865885810e-03 -9.614890863882291e-04 -1.007672197569393e+00
6 18 -1.000284354317299e+00 -1.897128469350581e-03 -9.619690206569747e-04 -1.007671528709095e+00
6 19 -1.000284487637115e+00 -1.896956272910790e-03 -9.625022057239669e-04 -1.007671190170938e+00
6 20 -1.000284582845508e+00 -1.896686187223565e-03 -9.630783414125488e-04 -1.007671183688125e+00
6 21 -1.000284638240376e+00 -1.896321599642663e-03 -9.636877361322662e-04 -1.007671509177200e+00
6 22 -1.000284652311190e+00 -1.895866293438608e-03 -9.643216153861875e-04 -1.007672164766322e+00
6 23 -1.000284623813618e+00 -1.895324403653880e-03 -9.649723756426229e-04 -1.007673146712003e+00
6 24 -1.000284551847487e+00 -1.894700406886541e-03 -9.656337586319700e-04 -1.007674449231898e+00
6 25 -1.000284435926751e+00 -1.893999136058553e-03 -9.663009313434352e-04 -1.007676064299836e+00
6 26 -1.000284276033736e+00 -1.893225807934928e-03 -9.669704723455900e-04 -1.007677981452752e+00
6 27 -1.000284072655033e+00 -1.892386050559437e-03 -9.676402809390158e-04 -1.007680187651292e+00
6 28 -1.000283826801393e+00 -1.891485921406877e-03 -9.683094342915576e-04 -1.007682667215699e+00
6 29 -1.000283540017712e+00 -1.890531914125046e-03 -9.689780145800621e-04 -1.007685401830352e+00
6 30 -1.000283214389139e+00 -1.889530957435293e-03 -9.696469160437501e-04 -1.007688370591121e+00
6 31 -1.000282852545119e+00 -1.888490410565238e-03 -9.703176277821033e-04 -1.007691550072602e+00
6 32 -1.000282457657431e+00 -1.887418057526220e-03 -9.709919785935896e-04 -1.007694914409129e+00
6 33 -1.000282033425320e+00 -1.886322101305126e-03 -9.716718299050535e-04 -1.007698435396010e+00
6 34 -1.000281584042251e+00 -1.885211158429045e-03 -9.723587145371070e-04 -1.007702082619711e+00
6 35 -1.000281114142958e+00 -1.884094252073777e-03 -9.730534401120821e-04 -1.007705823625007e+00
6 36 -1.000280628734191e+00 -1.882980798690706e-03 -9.737556968366243e-04 -1.007709624126023e+00
6 37 -1.000280133116570e+00 -1.881880582102422e-03 -9.744637188943964e-04 -1.007713448261984e+00
6 38 -1.000279632806397e+00 -1.880803710433877e-03 -9.751740419180328e-04 -1.007717258889840e+00
6 39 -1.000279133463468e+00 -1.879760552366430e-03 -9.758813801801980e-04 -1.007721017906252e+00
6 40 -1.000278640824602e+00 -1.878761649318121e-03 -9.765786250440756e-04 -1.007724686603281e+00
6 41 -1.000278160636738e+00 -1.877817601804503e-03 -9.772569489230254e-04 -1.007728226072054e+00
6 42 -1.000277698581971e+00 -1.876938932451836e-03 -9.779059915900495e-04 -1.007731597664784e+00
6 43 -1.000277260190132e+00 -1.876135932055487e-03 -9.785141091175709e-04 -1.007734763512022e+00
6 44 -1.000276850740137e+00 -1.875418495893303e-03 -9.790686760784350e-04 -1.007737687080445e+00
6 45 -1.000276475156707e+00 -1.874795955812719e-03 -9.795564418694409e-04 -1.007740333750356e+00
6 46 -1.000276137912499e+00 -1.874276911127937e-03 -9.799639462951943e-04 -1.007742671390338e+00
6 47 -1.000275842945138e+00 -1.873869058318295e-03 -9.802779958760694e-04 -1.007744670912335e+00
6 48 -1.000275593593817e+00 -1.873579016689455e-03 -9.804861917631987e-04 -1.007746306804560e+00
6 49 -1.000275392553638e+00 -1.873412147775095e-03 -9.805774855027581e-04 -1.007747557650419e+00
6 50 -1.000275241841888e+00 -1.873372372496695e-03 -9.805427249833308e-04 -1.007748406634772e+00
6 51 -1.000275142771251e+00 -1.873461999030521e-03 -9.803751455575544e-04 -1.007748842015521e+00
6 52 -1.000275095929014e+00 -1.873681580277143e-03 -9.800707642825513e-04 -1.007748857515593e+00
6 53 -1.000275101166032e+00 -1.874029819889590e-03 -9.796286479418774e-04 -1.007748452581215e+00
6 54 -1.000275157602488e+00 -1.874503540690222e-03 -9.790510441890405e-04 -1.007747632459502e+00
6 55 -1.000275263657937e+00 -1.875097720333250e-03 -9.783433842750473e-04 -1.007746408070346e+00
6 56 -1.000275417109708e+00 -1.875805588152230e-03 -9.775141786042465e-04 -1.007744795681991e+00
6 57 -1.000275615177259e+00 -1.876618768761316e-03 -9.765748270532516e-04 -1.007742816434662e+00
6 58 -1.000275854623731e+00 -1.877527456801437e-03 -9.755393551209274e-04 -1.007740495773663e+00
6 59 -1.000276131862669e+00 -1.878520612465185e-03 -9.744240734752059e-04 -1.007737862845784e+00
6 60 -1.000276443058530e+00 -1.879586173054510e-03 -9.732471535264011e-04 -1.007734949892955e+00
6 61 -1.000276784212952e+00 -1.880711277396280e-03 -9.720281199019705e-04 -1.007731791660174e+00
6 62 -1.000277151233820e+00 -1.881882498483716e-03 -9.707872780149074e-04 -1.007728424823634e+00
6 63 -1.000277539989529e+00 -1.883086077853404e-03 -9.695451132195944e-04 -1.007724887437424e+00
7 0 -1.000278616281758e+00 -1.884433191957196e-03 -9.694285172292226e-04 -1.007719805620335e+00
7 1 -1.000279041562053e+00 -1.885674881632621e-03 -9.682261267480688e-04 -1.007716004684737e+00
7 2 -1.000279475397090e+00 -1.886905509940697e-03 -9.670824357433071e-04 -1.007712158181652e+00
7 3 -1.000279913896438e+00 -1.888111966820780e-03 -9.660137473752421e-04 -1.007708304827482e+00
7 4 -1.000280353352432e+00 -1.889281775650928e-03 -9.650343937294120e-04 -1.007704482276429e+00
7 5 -1.000280790270249e+00 -1.890403232578284e-03 -9.641565189673737e-04 -1.007700726752131e+00
7 6 -1.000281221380699e+00 -1.891465532688306e-03 -9.633899074994961e-04 -1.007697072724023e+00
7 7 -1.000281643631442e+00 -1.892458875484324e-03 -9.627418629578790e-04 -1.007693552646365e+00
7 8 -1.000282054158824e+00 -1.893374542272534e-03 -9.622171516746647e-04 -1.007690196768926e+00
7 9 -1.000282450248902e+00 -1.894204942196250e-03 -9.618180241825958e-04 -1.007687033012365e+00
7 10 -1.000282829299047e+00 -1.894943628369447e-03 -9.615443203666752e-04 -1.007684086892295e+00
7 11 -1.000283188789858e+00 -1.895585290609727e-03 -9.613936498541381e-04 -1.007681381472550e+00
7 12 -1.000283526272669e+00 -1.896125735935747e-03 -9.613616250770204e-04 -1.007678937324577e+00
7 13 -1.000283839372251e+00 -1.896561867764646e-03 -9.614421193910104e-04 -1.007676772474043e+00
7 14 -1.000284125798578e+00 -1.896891666920708e-03 -9.616275302841415e-04 -1.007674902336668e+00
7 15 -1.000284383358500e+00 -1.897114167136464e-03 -9.619090415968374e-04 -1.007673339671890e+00
7 16 -1.000284609960006e+00 -1.897229412773020e-03 -9.622768894663139e-04 -1.007672094592121e+00
7 17 -1.000284803607748e+00 -1.897238389420357e-03 -9.627206409108831e-04 -1.007671174650274e+00
7 18 -1.000284962395005e+00 -1.897142925434008e-03 -9.632294928985601e-04 -1.007670585002185e+00
7 19 -1.000285084501165e+00 -1.896945571298937e-03 -9.637925938777422e-04 -1.007670328615570e+00
7 20 -1.000285168204466e+00 -1.896649472465256e-03 -9.643993792700928e-04 -1.007670406476010e+00
7 21 -1.000285211916942e+00 -1.896258256183271e-03 -9.650399014073881e-04 -1.007670817730721e+00
7 22 -1.000285214242306e+00 -1.895775949372395e-03 -9.657051287776026e-04 -1.007671559725431e+00
7 23 -1.000285174049911e+00 -1.895206933994322e-03 -9.663871906706024e-04 -1.007672627926754e+00
7 24 -1.000285090552804e+00 -1.894555935869324e-03 -9.670795482080364e-04 -1.007674015759740e+00
7 25 -1.000284963377799e+00 -1.893828037194362e-03 -9.677770797339147e-04 -1.007675714408653e+00
7 26 -1.000284792619414e+00 -1.893028700970913e-03 -9.684760790918443e-04 -1.007677712630059e+00
7 27 -1.000284578874787e+00 -1.892163795397767e-03 -9.691741780162081e-04 -1.007679996618947e+00
7 28 -1.000284323261855e+00 -1.891239609624151e-03 -9.698702121296933e-04 -1.007682549949829e+00
7 29 -1.000284027427087e+00 -1.890262859231929e-03 -9.705640487377974e-04 -1.007685353586692e+00
7 30 -1.000283693549400e+00 -1.889240685408843e-03 -9.712563859450383e-04 -1.007688385935219e+00
7 31 -1.000283324342668e+00 -1.888180651623035e-03 -9.719485228548559e-04 -1.007691622914210e+00
7 32 -1.000282923052977e+00 -1.887090738304104e-03 -9.726420940629469e-04 -1.007695038042447e+00
7 33 -1.000282493443419e+00 -1.885979334869489e-03 -9.733387607144808e-04 -1.007698602549992e+00
7 34 -1.000282039760615e+00 -1.884855229373296e-03 -9.740398578934336e-04 -1.007702285522138e+00
7 35 -1.000281566681426e+00 -1.883727595188199e-03 -9.747460141965111e-04 -1.007706054080994e+00
7 36 -1.000281079243049e+00 -1.882605971306208e-03 -9.754567770433801e-04 -1.007709873609131e+00
7 37 -1.000280582763836e+00 -1.881500231821056e-03 -9.761702861261788e-04 -1.007713708014394e+00
7 38 -1.000280082764110e+00 -1.880420541523078e-03 -9.768830326269500e-04 -1.007717520025703e+00
7 39 -1.000279584893700e+00 -1.879377294642221e-03 -9.775897273744140e-04 -1.007721271510872e+00
7 40 -1.000279094866238e+00 -1.878381031808546e-03 -9.782832840270702e-04 -1.007724923823427e+00
7 41 -1.000278618393773e+00 -1.877442330638400e-03 -9.789549087932999e-04 -1.007728438198482e+00
7 42 -1.000278161113580e+00 -1.876571670404566e-03 -9.795942797000896e-04 -1.007731776211805e+00
7 43 -1.000277728502418e+00 -1.875779276972784e-03 -9.801897982923311e-04 -1.007734900298495e+00
7 44 -1.000277325779014e+00 -1.875074955957188e-03 -9.807289030996549e-04 -1.007737774314818e+00
7 45 -1.000276957800997e+00 -1.874467920684068e-03 -9.811984411411394e-04 -1.007740364121337e+00
7 46 -1.000276628966324e+00 -1.873966619896570e-03 -9.815850959115843e-04 -1.007742638161972e+00
7 47 -1.000276343129565e+00 -1.873578567681227e-03 -9.818758672329631e-04 -1.007744568016552e+00
7 48 -1.000276103538733e+00 -1.873310173918976e-03 -9.820585918660328e-04 -1.007746128920427e+00
7 49 -1.000275912791130e+00 -1.873166571460071e-03 -9.821224845236534e-04 -1.007747300262259e+00
7 50 -1.000275772802015e+00 -1.873151441041041e-03 -9.820586681436631e-04 -1.007748066068286e+00
7 51 -1.000275684780482e+00 -1.873266844793108e-03 -9.818606544916041e-04 -1.007748415455912e+00
7 52 -1.000275649211046e+00 -1.873513086559883e-03 -9.815247364963347e-04 -1.007748343013182e+00
7 53 -1.000275665843977e+00 -1.873888617852183e-03 -9.810502630042441e-04 -1.007747849051333e+00
7 54 -1.000275733700849e+00 -1.874390003793419e-03 -9.804397814363174e-04 -1.007746939684060e+00
7 55 -1.000275851103039e+00 -1.875011955994421e-03 -9.796990499423253e-04 -1.007745626704481e+00
7 56 -1.000276015728423e+00 -1.875747429227117e-03 -9.788369337964599e-04 -1.007743927261113e+00
7 57 -1.000276224695024e+00 -1.876587768847459e-03 -9.778652058463377e-04 -1.007741863372070e+00
7 58 -1.000276474663272e+00 -1.877522892104922e-03 -9.767982653947121e-04 -1.007739461341021e+00
7 59 -1.000276761944659e+00 -1.878541490685316e-03 -9.756527792814315e-04 -1.007736751134152e+00
7 60 -1.000277082605061e+00 -1.879631248308560e-03 -9.744472436042517e-04 -1.007733765755344e+00
7 61 -1.000277432554169e+00 -1.880779069564294e-03 -9.732014705522212e-04 -1.007730540638374e+00
7 62 -1.000277807617053e+00 -1.881971314696531e-03 -9.719360190671721e-04 -1.007727113065340e+00
7 63 -1.000278203589297e+00 -1.883194033616110e-03 -9.706716027655018e-04 -1.007723521612631e+00
8 0 -1.000279307024016e+00 -1.884648807924209e-03 -9.701070767356090e-04 -1.007718241611123e+00
8 1 -1.000279738484086e+00 -1.885906836685357e-03 -9.688873368676354e-04 -1.007714395864735e+00
8 2 -1.000280177557950e+00 -1.887151619300098e-03 -9.677291027710316e-04 -1.007710511895697e+00
8 3 -1.000280620302543e+00 -1.888369916908976e-03 -9.666488343809356e-04 -1.007706628717580e+00
8 4 -1.000281062962202e+00 -1.889549142603256e-03 -9.656609861533318e-04 -1.007702784226767e+00
8 5 -1.000281502000764e+00 -1.890677503604287e-03 -9.647777799769318e-04 -1.007699014828181e+00
8 6 -1.000281934117437e+00 -1.891744130412405e-03 -9.640090284016952e-04 -1.007695355103047e+00
8 7 -1.000282356241113e+00 -1.892739184645254e-03 -9.633620158498794e-04 -1.007691837539740e+00
8 8 -1.000282765504161e+00 -1.893653937664282e-03 -9.628414502488993e-04 -1.007688492339668e+00
8 9 -1.000283159203579e+00 -1.894480816369831e-03 -9.624494951481984e-04 -1.007685347293493e+00
8 10 -1.000283534760848e+00 -1.895213417459255e-03 -9.621858840665997e-04 -1.007682427712410e+00
8 11 -1.000283889691011e+00 -1.895846497179516e-03 -9.620481055792762e-04 -1.007679756392923e+00
8 12 -1.000284221587515e+00 -1.896375949033880e-03 -9.620316350940097e-04 -1.007677353587402e+00
8 13 -1.000284528123540e+00 -1.896798781544113e-03 -9.621301867542087e-04 -1.007675236957208e+00
8 14 -1.000284807064071e+00 -1.897113099257226e-03 -9.623359693928406e-04 -1.007673421509208e+00
8 15 -1.000285056279108e+00 -1.897318078831539e-03 -9.626399454751438e-04 -1.007671919545953e+00
8 16 -1.000285273749805e+00 -1.897413927069574e-03 -9.630321008635702e-04 -1.007670740669704e+00
8 17 -1.000285457565244e+00 -1.897401811046044e-03 -9.635017337897251e-04 -1.007669891865510e+00
8 18 -1.000285605914229e+00 -1.897283757947013e-03 -9.640377674275943e-04 -1.007669377663067e+00
8 19 -1.000285717080975e+00 -1.897062531305546e-03 -9.646290834876338e-04 -1.007669200351222e+00
8 20 -1.000285789454924e+00 -1.896741499971195e-03 -9.652648641060319e-04 -1.007669360194542e+00
8 21 -1.000285821562690e+00 -1.896324521790588e-03 -9.659349200865955e-04 -1.007669855588554e+00
8 22 -1.000285812123757e+00 -1.895815859930232e-03 -9.666299815365326e-04 -1.007670683105638e+00
8 23 -1.000285760123380e+00 -1.895220137748391e-03 -9.673419321439058e-04 -1.007671837423887e+00
8 24 -1.000285664890420e+00 -1.894542326850717e-03 -9.680639745579720e-04 -1.007673311170163e+00
8 25 -1.000285526167598e+00 -1.893787757859874e-03 -9.687907185615226e-04 -1.007675094726094e+00
8 26 -1.000285344165435e+00 -1.892962142232277e-03 -9.695181895101626e-04 -1.007677176046110e+00
8 27 -1.000285119596426e+00 -1.892071593586513e-03 -9.702437636964005e-04 -1.007679540529074e+00
8 28 -1.000284853691524e+00 -1.891122640472314e-03 -9.709660445670749e-04 -1.007682170966226e+00
8 29 -1.000284548205478e+00 -1.890122229825243e-03 -9.716846934727214e-04 -1.007685047558364e+00
8 30 -1.000284205418361e+00 -1.889077725807985e-03 -9.724002227777469e-04 -1.007688147973987e+00
8 31 -1.000283828136209e+00 -1.887996907421566e-03 -9.731137536910870e-04 -1.007691447425739e+00
8 32 -1.000283419687079e+00 -1.886887963707909e-03 -9.738267384708419e-04 -1.007694918763948e+00
8 33 -1.000282983905249e+00 -1.885759484201661e-03 -9.745406462849838e-04 -1.007698532597998e+00
8 34 -1.000282525097582e+00 -1.884620444404919e-03 -9.752566160381081e-04 -1.007702257453057e+00
8 35 -1.000282047990133e+00 -1.883480186364637e-03 -9.759750903670675e-04 -1.007706059965605e+00
8 36 -1.000281557657719e+00 -1.882348392262599e-03 -9.766954587838497e-04 -1.007709905120880e+00
8 37 -1.000281059443683e+00 -1.881235048371593e-03 -9.774157454777068e-04 -1.007713756529107e+00
8 38 -1.000280558879605e+00 -1.880150398201192e-03 -9.781323738153349e-04 -1.007717576726754e+00
8 39 -1.000280061612428e+00 -1.879104882730469e-03 -9.788400287550456e-04 -1.007721327491768e+00
8 40 -1.000279573339331e+00 -1.878109061679250e-03 -9.795316262042977e-04 -1.007724970182152e+00
8 41 -1.000279099743770e+00 -1.877173508689821e-03 -9.801983875531550e-04 -1.007728466123232e+00
8 42 -1.000278646424130e+00 -1.876308678564477e-03 -9.808300095598495e-04 -1.007731777061832e+00
8 43 -1.000278218809790e+00 -1.875524751739285e-03 -9.814149166698690e-04 -1.007734865684901e+00
8 44 -1.000277822064917e+00 -1.874831464252375e-03 -9.819405848068689e-04 -1.007737696185508e+00
8 45 -1.000277460985769e+00 -1.874237931147531e-03 -9.823939285711484e-04 -1.007740234852490e+00
8 46 -1.000277139901642e+00 -1.873752470460425e-03 -9.827617436417465e-04 -1.007742450654505e+00
8 47 -1.000276862590446e+00 -1.873382432588869e-03 -9.830311934234844e-04 -1.007744315790983e+00
8 48 -1.000276632215426e+00 -1.873134034417046e-03 -9.831903256972596e-04 -1.007745806200739e+00
8 49 -1.000276451281995e+00 -1.873012193460948e-03 -9.832286006211857e-04 -1.007746902040956e+00
8 50 -1.000276321608459e+00 -1.873020360766763e-03 -9.831374046234650e-04 -1.007747588149487e+00
8 51 -1.000276244304509e+00 -1.873160361033914e-03 -9.829105180983707e-04 -1.007747854478410e+00
8 52 -1.000276219755216e+00 -1.873432256542450e-03 -9.825445032480707e-04 -1.007747696459510e+00
8 53 -1.000276247612769e+00 -1.873834253234708e-03 -9.820389837372761e-04 -1.007747115251202e+00
8 54 -1.000276326802000e+00 -1.874362664326603e-03 -9.813967981360848e-04 -1.007746117819339e+00
8 55 -1.000276455547761e+00 -1.875011940700405e-03 -9.806240221529893e-04 -1.007744716817785e+00
8 56 -1.000276631430139e+00 -1.875774767338004e-03 -9.797298679005404e-04 -1.007742930263967e+00
8 57 -1.000276851467159e+00 -1.876642213801875e-03 -9.787264769272358e-04 -1.007740781045451e+00
8 58 -1.000277112217182e+00 -1.877603921302513e-03 -9.776286231137237e-04 -1.007738296321641e+00
8 59 -1.000277409889083e+00 -1.878648312219417e-03 -9.764533345179765e-04 -1.007735506882349e+00
8 60 -1.000277740448272e+00 -1.879762814318630e-03 -9.752194389494226e-04 -1.007732446503597e+00
8 61 -1.000278099709295e+00 -1.880934094474219e-03 -9.739470425574191e-04 -1.007729151323321e+00
8 62 -1.000278483409978e+00 -1.882148295734310e-03 -9.726569615751350e-04 -1.007725659250114e+00
8 63 -1.000278887267754e+00 -1.883391271103397e-03 -9.713701380985859e-04 -1.007722009407976e+00
9 0 -1.000280011317375e+00 -1.884952947196827e-03 -9.703474550915816e-04 -1.007716544466166e+00
9 1 -1.000280449684927e+00 -1.886228597268380e-03 -9.691101761334844e-04 -1.007712649079602e+00
9 2 -1.000280894789908e+00 -1.887489001080976e-03 -9.679370248617962e-04 -1.007708722283153e+00
9 3 -1.000281342630363e+00 -1.888720781690059e-03 -9.668446173326971e-04 -1.007704803426249e+00
9 4 -1.000281789395326e+00 -1.889911229797080e-03 -9.658475341418556e-04 -1.007700930694203e+00
9 5 -1.000282231498434e+00 -1.891048448175781e-03 -9.649580828467059e-04 -1.007697140730246e+00
9 6 -1.000282665596633e+00 -1.892121483747202e-03 -9.641861146421052e-04 -1.007693468295543e+00
9 7 -1.000283088587887e+00 -1.893120438493089e-03 -9.635389055093750e-04 -1.007689945989920e+00
9 8 -1.000283497587655e+00 -1.894036550235938e-03 -9.630211144568871e-04 -1.007686604049557e+00
9 9 -1.000283889890912e+00 -1.894862238756434e-03 -9.626348263444485e-04 -1.007683470221286e+00
9 10 -1.000284262930840e+00 -1.895591118588509e-03 -9.623796766894395e-04 -1.007680569699021e+00
9 11 -1.000284614245465e+00 -1.896217986370413e-03 -9.622530429643784e-04 -1.007677925097721e+00
9 12 -1.000284941459969e+00 -1.896738796149244e-03 -9.622502764991908e-04 -1.007675556433453e+00
9 13 -1.000285242286382e+00 -1.897150635489144e-03 -9.623649492420886e-04 -1.007673481083532e+00
9 14 -1.000285514535488e+00 -1.897451706170501e-03 -9.625891023133120e-04 -1.007671713725250e+00
9 15 -1.000285756131423e+00 -1.897641301394059e-03 -9.629134995939323e-04 -1.007670266282001e+00
9 16 -1.000285965120050e+00 -1.897719765438865e-03 -9.633278981780734e-04 -1.007669147918862e+00
9 17 -1.000286139667533e+00 -1.897688424405895e-03 -9.638213455800396e-04 -1.007668365118012e+00
9 18 -1.000286278052392e+00 -1.897549484706810e-03 -9.643825058155681e-04 -1.007667921838623e+00
9 19 -1.000286378659619e+00 -1.897305906230072e-03 -9.650000066617501e-04 -1.007667819736223e+00
9 20 -1.000286439987699e+00 -1.896961267543468e-03 -9.656627900462195e-04 -1.007668058388869e+00
9 21 -1.000286460677394e+00 -1.896519646179547e-03 -9.663604406303512e-04 -1.007668635463952e+00
9 22 -1.000286439564769e+00 -1.895985532680631e-03 -9.670834692853912e-04 -1.007669546775188e+00
9 23 -1.000286375752446e+00 -1.895363784469122e-03 -9.678235369019513e-04 -1.007670786220086e+00
9 24 -1.000286268686994e+00 -1.894659613496900e-03 -9.685736120046773e-04 -1.007672345628513e+00
9 25 -1.000286118229437e+00 -1.893878596016424e-03 -9.693280586301228e-04 -1.007674214572642e+00
9 26 -1.000285924709347e+00 -1.893026692091211e-03 -9.700826527229964e-04 -1.007676380189701e+00
9 27 -1.000285688958408e+00 -1.892110263662112e-03 -9.708345301047533e-04 -1.007678827059925e+00
9 28 -1.000285412325364e+00 -1.891136084064361e-03 -9.715820740805433e-04 -1.007681537161793e+00
9 29 -1.000285096679061e+00 -1.890111339057498e-03 -9.723247511131414e-04 -1.007684489896800e+00
9 30 -1.000284744407341e+00 -1.889043624513302e-03 -9.730628999031595e-04 -1.007687662155379e+00
9 31 -1.000284358415308e+00 -1.887940944164816e-03 -9.737974777302838e-04 -1.007691028400880e+00
9 32 -1.000283942119808e+00 -1.886811705422968e-03 -9.745297691563184e-04 -1.007694560770329e+00
9 33 -1.000283499432990e+00 -1.885664709208072e-03 -9.752610635689832e-04 -1.007698229204181e+00
9 34 -1.000283034728555e+00 -1.884509132074373e-03 -9.759923099177997e-04 -1.007702001614653e+00
9 35 -1.000282552788246e+00 -1.883354500805571e-03 -9.767237628077942e-04 -1.007705844095945e+00
9 36 -1.000282058730998e+00 -1.882210659080493e-03 -9.774546431154270e-04 -1.007709721176535e+00
9 37 -1.000281557931894e+00 -1.881087725576719e-03 -9.781828418002957e-04 -1.007713596107127e+00
9 38 -1.000281055940873e+00 -1.879996043785428e-03 -9.789046929333778e-04 -1.007717431168661e+00
9 39 -1.000280558409121e+00 -1.878946122294764e-03 -9.796148339621051e-04 -1.007721187988155e+00
9 40 -1.000280071024161e+00 -1.877948559467388e-03 -9.803061633576091e-04 -1.007724827871247e+00
9 41 -1.000279599447276e+00 -1.877013943697088e-03 -9.809698995725702e-04 -1.007728312179352e+00
9 42 -1.000279149244218e+00 -1.876152724366658e-03 -9.815957393946686e-04 -1.007731602775741e+00
9 43 -1.000278725803175e+00 -1.875375056380649e-03 -9.821721086304979e-04 -1.007734662543184e+00
9 44 -1.000278334239784e+00 -1.874690626703703e-03 -9.826864949364345e-04 -1.007737455955481e+00
9 45 -1.000277979294987e+00 -1.874108472979011e-03 -9.831258507187527e-04 -1.007739949674178e+00
9 46 -1.000277665235870e+00 -1.873636803642638e-03 -9.834770515094681e-04 -1.007742113136900e+00
9 47 -1.000277395770618e+00 -1.873282825893643e-03 -9.837273925227543e-04 -1.007743919107806e+00
9 48 -1.000277173984695e+00 -1.873052581984299e-03 -9.838651049170102e-04 -1.007745344178871e+00
9 49 -1.000277002298143e+00 -1.872950789388214e-03 -9.838798729557071e-04 -1.007746369232736e+00
9 50 -1.000276882438162e+00 -1.872980682053366e-03 -9.837633312755527e-04 -1.007746979882148e+00
9 51 -1.000276815420205e+00 -1.873143858095781e-03 -9.835095176246333e-04 -1.007747166881252e+00
9 52 -1.000276801534226e+00 -1.873440147862814e-03 -9.831152536315716e-04 -1.007746926476711e+00
9 53 -1.000276840337692e+00 -1.873867520334018e-03 -9.825804271349759e-04 -1.007746260649593e+00
9 54 -1.000276930661377e+00 -1.874422044835727e-03 -9.819081551485664e-04 -1.007745177196612e+00
9 55 -1.000277070636111e+00 -1.875097919399164e-03 -9.811048165249590e-04 -1.007743689612168e+00
9 56 -1.000277257746739e+00 -1.875887566693701e-03 -9.801799561411260e-04 -1.007741816763397e+00
9 57 -1.000277488913571e+00 -1.876781786679979e-03 -9.791460731633044e-04 -1.007739582391487e+00
9 58 -1.000277760594507e+00 -1.877769948782231e-03 -9.780183096300356e-04 -1.007737014501237e+00
9 59 -1.000278068896442e+00 -1.878840208391085e-03 -9.768140529699300e-04 -1.007734144701549e+00
9 60 -1.000278409683780e+00 -1.879979737978094e-03 -9.755524638520057e-04 -1.007731007541678e+00
9 61 -1.000278778673990e+00 -1.881174965903939e-03 -9.742539441715595e-04 -1.007727639870938e+00
9 62 -1.000279171514343e+00 -1.882411815996580e-03 -9.729395675632938e-04 -1.007724080237854e+00
9 63 -1.000279583839788e+00 -1.883675941381741e-03 -9.716305017647358e-04 -1.007720368332598e+00
10 0 -1.000280721801356e+00 -1.885342517517836e-03 -9.701439200645984e-04 -1.007714734224233e+00
10 1 -1.000281167723657e+00 -1.886636866189253e-03 -9.688891822803025e-04 -1.007710784956914e+00
10 2 -1.000281619580558e+00 -1.887914173542508e-03 -9.677009716610006e-04 -1.007706810493651e+00
10 3 -1.000282073305906e+00 -1.889160917314520e-03 -9.665960573578553e-04 -1.007702850552621e+00
10 4 -1.000282525027058e+00 -1.890364255508922e-03 -9.655891481829876e-04 -1.007698943649615e+00
10 5 -1.000282971099455e+00 -1.891512172438978e-03 -9.646926445336621e-04 -1.007695126718756e+00
10 6 -1.000283408127942e+00 -1.892593613803457e-03 -9.639164469589008e-04 -1.007691434765127e+00
10 7 -1.000283832968045e+00 -1.893598601251370e-03 -9.632678349617400e-04 -1.007687900573905e+00
10 8 -1.000284242705631e+00 -1.894518315905128e-03 -9.627514301032672e-04 -1.007684554497786e+00
10 9 -1.000284634620490e+00 -1.895345145382608e-03 -9.623692490733879e-04 -1.007681424326864e+00
10 10 -1.000285006144633e+00 -1.896072695931880e-03 -9.621208396735509e-04 -1.007678535226735e+00
10 11 -1.000285354827068e+00 -1.896695778134387e-03 -9.620034797683047e-04 -1.007675909718414e+00
10 12 -1.000285678313689e+00 -1.897210379941540e-03 -9.620124110334401e-04 -1.007673567667055e+00
10 13 -1.000285974344982e+00 -1.897613640738937e-03 -9.621410818910687e-04 -1.007671526250431e+00
10 14 -1.000286240767452e+00 -1.897903831658771e-03 -9.623813886388897e-04 -1.007669799900504e+00
10 15 -1.000286475549576e+00 -1.898080334609190e-03 -9.627239218850894e-04 -1.007668400243942e+00
10 16 -1.000286676792633e+00 -1.898143604597672e-03 -9.631582348711613e-04 -1.007667336086816e+00
10 17 -1.000286842731396e+00 -1.898095101890734e-03 -9.636731465714605e-04 -1.007666613480658e+00
10 18 -1.000286971726878e+00 -1.897937189782468e-03 -9.642570804561557e-04 -1.007666235878540e+00
10 19 -1.000287062259432e+00 -1.897673005353309e-03 -9.648984261867705e-04 -1.007666204356557e+00
10 20 -1.000287112933277e+00 -1.897306321214009e-03 -9.655859004241569e-04 -1.007666517847665e+00
10 21 -1.000287122501915e+00 -1.896841421875456e-03 -9.663088782063897e-04 -1.007667173321107e+00
10 22 -1.000287089917859e+00 -1.896283014549717e-03 -9.670576712819179e-04 -1.007668165853425e+00
10 23 -1.000287014401743e+00 -1.895636181558676e-03 -9.678237418127382e-04 -1.007669488576243e+00
10 24 -1.000286895519062e+00 -1.894906367938356e-03 -9.685998504060911e-04 -1.007671132529865e+00
10 25 -1.000286733250882e+00 -1.894099390792966e-03 -9.693801406319520e-04 -1.007673086476583e+00
10 26 -1.000286528048060e+00 -1.893221456744203e-03 -9.701601608469913e-04 -1.007675336728613e+00
10 27 -1.000286280864357e+00 -1.892279176717253e-03 -9.709368239891330e-04 -1.007677867032809e+00
10 28 -1.000285993170127e+00 -1.891279572080090e-03 -9.717083075143796e-04 -1.007680658532849e+00
10 29 -1.000285666953189e+00 -1.890230072790748e-03 -9.724738958877775e-04 -1.007683689802095e+00
10 30 -1.000285304714811e+00 -1.889138513052375e-03 -9.732337676183571e-04 -1.007686936919591e+00
10 31 -1.000284909465132e+00 -1.888013128452339e-03 -9.739887312884948e-04 -1.007690373563932e+00
10 32 -1.000284484715806e+00 -1.886862552430706e-03 -9.747399202271569e-04 -1.007693971121389e+00
10 33 -1.000284034462862e+00 -1.885695806241240e-03 -9.754884592188212e-04 -1.007697698822503e+00
10 34 -1.000283563152797e+00 -1.884522278534947e-03 -9.762351175487221e-04 -1.007701523921069e+00
10 35 -1.000283075628907e+00 -1.883351694401268e-03 -9.769799642202778e-04 -1.007705411919350e+00
10 36 -1.000282577060134e+00 -1.882194075138450e-03 -9.777220450648192e-04 -1.007709326835654e+00
10 37 -1.000282072859503e+00 -1.881059690128042e-03 -9.784591038494513e-04 -1.007713231504326e+00
10 38 -1.000281568601954e+00 -1.879959002458928e-03 -9.791873666890531e-04 -1.007717087891790e+00
10 39 -1.000281069949841e+00 -1.878902608159892e-03 -9.799014034345419e-04 -1.007720857415322e+00
10 40 -1.000280582587925e+00 -1.877901163524449e-03 -9.805940760590193e-04 -1.007724501271218e+00
10 41 -1.000280112162009e+00 -1.876965290403267e-03 -9.812565826873953e-04 -1.007727980801618e+00
10 42 -1.000279664211681e+00 -1.876105451408423e-03 -9.818786030517282e-04 -1.007731257931105e+00
10 43 -1.000279244090239e+00 -1.875331795190033e-03 -9.824485450076557e-04 -1.007734295682093e+00
10 44 -1.000278856871090e+00 -1.874653980047284e-03 -9.829538842206181e-04 -1.007737058751140e+00
10 45 -1.000278507246365e+00 -1.874080987790187e-03 -9.833815822248521e-04 -1.007739514112620e+00
10 46 -1.000278199427800e+00 -1.873620939337959e-03 -9.837185622659005e-04 -1.007741631612474e+00
10 47 -1.000277937061031e+00 -1.873280920149720e-03 -9.839522187326368e-04 -1.007743384520498e+00
10 48 -1.000277723161041e+00 -1.873066817594343e-03 -9.840709363351562e-04 -1.007744750026567e+00
10 49 -1.000277560069684e+00 -1.872983166543589e-03 -9.840645988222431e-04 -1.007745709688441e+00
10 50 -1.000277449429808e+00 -1.873032998890131e-03 -9.839250701910371e-04 -1.007746249848606e+00
10 51 -1.000277392168637e+00 -1.873217699102367e-03 -9.836466310020804e-04 -1.007746362023377e+00
10 52 -1.000277388486096e+00 -1.873536877070305e-03 -9.832263492937266e-04 -1.007746043239148e+00
10 53 -1.000277437849212e+00 -1.873988275664852e-03 -9.826643628332184e-04 -1.007745296267686e+00
10 54 -1.000277538998477e+00 -1.874567731107651e-03 -9.819640501438098e-04 -1.007744129706249e+00
10 55 -1.000277689974201e+00 -1.875269199205885e-03 -9.811320739550010e-04 -1.007742557860977e+00
10 56 -1.000277888169274e+00 -1.876084850279998e-03 -9.801782921286732e-04 -1.007740600422485e+00
10 57 -1.000278130409340e+00 -1.877005223539842e-03 -9.791155435743919e-04 -1.007738281962745e+00
10 58 -1.000278413054518e+00 -1.878019424072584e-03 -9.779593245610636e-04 -1.007735631312876e+00
10 59 -1.000278732111701e+00 -1.879115346014248e-03 -9.767273727441992e-04 -1.007732680886546e+00
10 60 -1.000279083345081e+00 -1.880279910303143e-03 -9.754391764925484e-04 -1.007729465998376e+00
10 61 -1.000279462374337e+00 -1.881499308681532e-03 -9.741154301354258e-04 -1.007726024208514e+00
10 62 -1.000279864754048e+00 -1.882759246216229e-03 -9.727774608347219e-04 -1.007722394711505e+00
10 63 -1.000280286033463e+00 -1.884045175477775e-03 -9.714466560752814e-04 -1.007718617775276e+00
11 0 -1.000281431108710e+00 -1.885813422147998e-03 -9.694951242936687e-04 -1.007712832540265e+00
11 1 -1.000281885142966e+00 -1.887127324607100e-03 -9.682232948831053e-04 -1.007708825800393e+00
11 2 -1.000282344390901e+00 -1.888422614616428e-03 -9.670201349238369e-04 -1.007704799417420e+00
11 3 -1.000282804717754e+00 -1.889685619196511e-03 -9.659025612076071e-04 -1.007700793505983e+00
11 4 -1.000283262183756e+00 -1.890903355104172e-03 -9.648854108647111e-04 -1.007696846948975e+00
11 5 -1.000283713079179e+00 -1.892063676085788e-03 -9.639811829026557e-04 -1.007692997018459e+00
11 6 -1.000284153947954e+00 -1.893155410767039e-03 -9.631998374935427e-04 -1.007689279021781e+00
11 7 -1.000284581592467e+00 -1.894168480915324e-03 -9.625486704923321e-04 -1.007685725999352e+00
11 8 -1.000284993056712e+00 -1.895093988254546e-03 -9.620322793084528e-04 -1.007682368500415e+00
11 9 -1.000285385592194e+00 -1.895924263451627e-03 -9.616526248519248e-04 -1.007679234444826e+00
11 10 -1.000285756616726e+00 -1.896652878577227e-03 -9.614091789111288e-04 -1.007676349058568e+00
11 11 -1.000286103677919e+00 -1.897274631520433e-03 -9.612991325168563e-04 -1.007673734857345e+00
11 12 -1.000286424430693e+00 -1.897785516684138e-03 -9.613176336323023e-04 -1.007671411643754e+00
11 13 -1.000286716632864e+00 -1.898182697080849e-03 -9.614580273813309e-04 -1.007669396484071e+00
11 14 -1.000286978155942e+00 -1.898464484599343e-03 -9.617120895185927e-04 -1.007667703651899e+00
11 15 -1.000287207002345e+00 -1.898630321176512e-03 -9.620702644612872e-04 -1.007666344562445e+00
11 16 -1.000287401318614e+00 -1.898680744152437e-03 -9.625219294957122e-04 -1.007665327746048e+00
11 17 -1.000287559398477e+00 -1.898617320712814e-03 -9.630557013387988e-04 -1.007664658903124e+00
11 18 -1.000287679676918e+00 -1.898442546265791e-03 -9.636597856385537e-04 -1.007664341052673e+00
11 19 -1.000287760722960e+00 -1.898159713796043e-03 -9.643223529073239e-04 -1.007664374752199e+00
11 20 -1.000287801241997e+00 -1.897772772201113e-03 -9.650319116465431e-04 -1.007664758338186e+00
11 21 -1.000287800097604e+00 -1.897286198106273e-03 -9.657776454056485e-04 -1.007665488119459e+00
11 22 -1.000287756357562e+00 -1.896704902766603e-03 -9.665496881828267e-04 -1.007666558463955e+00
11 23 -1.000287669360392e+00 -1.896034182652995e-03 -9.673393285210509e-04 -1.007667961757930e+00
11 24 -1.000287538791046e+00 -1.895279706924726e-03 -9.681391466447787e-04 -1.007669688265580e+00
11 25 -1.000287364751557e+00 -1.894447526597671e-03 -9.689430930702114e-04 -1.007671725946299e+00
11 26 -1.000287147815406e+00 -1.893544090441621e-03 -9.697465131633546e-04 -1.007674060287453e+00
11 27 -1.000286889060434e+00 -1.892576256851553e-03 -9.705461172137924e-04 -1.007676674195054e+00
11 28 -1.000286590081521e+00 -1.891551296386964e-03 -9.713398930488453e-04 -1.007679547963187e+00
11 29 -1.000286252989270e+00 -1.890476886329238e-03 -9.721269572307919e-04 -1.007682659316498e+00
11 30 -1.000285880402914e+00 -1.889361103589474e-03 -9.729073423468808e-04 -1.007685983497886e+00
11 31 -1.000285475442677e+00 -1.888212420772698e-03 -9.736817242697959e-04 -1.007689493373229e+00
11 32 -1.000285041720303e+00 -1.887039703107596e-03 -9.744511027502870e-04 -1.007693159547413e+00
11 33 -1.000284583320952e+00 -1.885852198801111e-03 -9.752164552958724e-04 -1.007696950507822e+00
11 34 -1.000284104769045e+00 -1.884659516929702e-03 -9.759783851117168e-04 -1.007700832812966e+00
11 35 -1.000283610974577e+00 -1.883471591874812e-03 -9.767367821326930e-04 -1.007704771331183e+00
11 36 -1.000283107161836e+00 -1.882298636432507e-03 -9.774905150684193e-04 -1.007708729523280e+00
11 37 -1.000282598787429e+00 -1.881151086831266e-03 -9.782371705611725e-04 -1.007712669756083e+00
11 38 -1.000282091457335e+00 -1.880039543334194e-03 -9.789728513711024e-04 -1.007716553628062e+00
11 39 -1.000281590851598e+00 -1.878974707838697e-03 -9.796920418686506e-04 -1.007720342291558e+00
11 40 -1.000281102659125e+00 -1.877967313272988e-03 -9.803875498470105e-04 -1.007723996777244e+00
11 41 -1.000280632517138e+00 -1.877028033267091e-03 -9.810505370693558e-04 -1.007727478352250e+00
11 42 -1.000280185945646e+00 -1.876167361520476e-03 -9.816706511776943e-04 -1.007730748947973e+00
11 43 -1.000279768269415e+00 -1.875395458761516e-03 -9.822362655004665e-04 -1.007733771671157e+00
11 44 -1.000279384526134e+00 -1.874721974595091e-03 -9.827348227960811e-04 -1.007736511382040e+00
11 45 -1.000279039365971e+00 -1.874155856733729e-03 -9.831532673033974e-04 -1.007738935304848e+00
11 46 -1.000278736952412e+00 -1.873705161052326e-03 -9.834785391466755e-04 -1.007741013629875e+00
11 47 -1.000278480875839e+00 -1.873376873326689e-03 -9.836980992815815e-04 -1.007742720070208e+00
11 48 -1.000278274088358e+00 -1.873176747042957e-03 -9.838004546880968e-04 -1.007744032353422e+00
11 49 -1.000278118861437e+00 -1.873109153925784e-03 -9.837756612791808e-04 -1.007744932654830e+00
11 50 -1.000278016761103e+00 -1.873176941118036e-03 -9.836157902774762e-04 -1.007745407993670e+00
11 51 -1.000277968633081e+00 -1.873381294459684e-03 -9.833153472098861e-04 -1.007745450601532e+00
11 52 -1.000277974593129e+00 -1.873721616935454e-03 -9.828716302736828e-04 -1.007745058242384e+00
11 53 -1.000278034023106e+00 -1.874195438566576e-03 -9.822850094975543e-04 -1.007744234438458e+00
11 54 -1.000278145578084e+00 -1.874798375936221e-03 -9.815591040610772e-04 -1.007742988548228e+00
11 55 -1.000278307212306e+00 -1.875524155971395e-03 -9.807008366115189e-04 -1.007741335652351e+00
11 56 -1.000278516230825e+00 -1.876364709372389e-03 -9.797203525469601e-04 -1.007739296230804e+00
11 57 -1.000278769368597e+00 -1.877310326434468e-03 -9.786308060439459e-04 -1.007736895655142e+00
11 58 -1.000279062891752e+00 -1.878349858538525e-03 -9.774480265241285e-04 -1.007734163554728e+00
11 59 -1.000279392710362e+00 -1.879470947489793e-03 -9.761900855844046e-04 -1.007731133124806e+00
11 60 -1.000279754490433e+00 -1.880660269540719e-03 -9.748767875479073e-04 -1.007727840429012e+00
11 61 -1.000280143754452e+00 -1.881903784624408e-03 -9.735291103385131e-04 -1.007724323729448e+00
11 62 -1.000280555963494e+00 -1.883186982102790e-03 -9.721686266048715e-04 -1.007720622864872e+00
11 63 -1.000280986579066e+00 -1.884495115551140e-03 -9.708169346742128e-04 -1.007716778685677e+00
12 0 -1.000282131955791e+00 -1.886360616038349e-03 -9.684042381929729e-04 -1.007710862304461e+00
12 1 -1.000282594560411e+00 -1.887694691086971e-03 -9.671159808165951e-04 -1.007706795201264e+00
12 2 -1.000283061747378e+00 -1.889008823343226e-03 -9.658982476903542e-04 -1.007702713290171e+00
12 3 -1.000283529309784e+00 -1.890289185562805e-03 -9.647680952466302e-04 -1.007698657104965e+00
12 4 -1.000283993236287e+00 -1.891522646748853e-03 -9.637404865493794e-04 -1.007694665926562e+00
12 5 -1.000284449746149e+00 -1.892696920057352e-03 -9.628280230697702e-04 -1.007690777405846e+00
12 6 -1.000284895314651e+00 -1.893800702903247e-03 -9.620407340481396e-04 -1.007687027205370e+00
12 7 -1.000285326681198e+00 -1.894823798854160e-03 -9.613859448694156e-04 -1.007683448686551e+00
12 8 -1.000285740836286e+00 -1.895757208510067e-03 -9.608682432496800e-04 -1.007680072671825e+00
12 9 -1.000286134990438e+00 -1.896593181550833e-03 -9.604895482420221e-04 -1.007676927294650e+00
12 10 -1.000286506534265e+00 -1.897325230232506e-03 -9.602492688800865e-04 -1.007674037929329e+00
12 11 -1.000286853001221e+00 -1.897948112825314e-03 -9.601445234352755e-04 -1.007671427176266e+00
12 12 -1.000287172043057e+00 -1.898457802322879e-03 -9.601703830151161e-04 -1.007669114865810e+00
12 13 -1.000287461423369e+00 -1.898851456970006e-03 -9.603201104063937e-04 -1.007667118041841e+00
12 14 -1.000287719027566e+00 -1.899127400535153e-03 -9.605853861409355e-04 -1.007665450907580e+00
12 15 -1.000287942880975e+00 -1.899285105447100e-03 -9.609565373194113e-04 -1.007664124754894e+00
12 16 -1.000288131164369e+00 -1.899325161535208e-03 -9.614227958385490e-04 -1.007663147926420e+00
12 17 -1.000288282219781e+00 -1.899249213986512e-03 -9.619726057874471e-04 -1.007662525856258e+00
12 18 -1.000288394546601e+00 -1.899059863772749e-03 -9.625939813567674e-04 -1.007662261206735e+00
12 19 -1.000288466794599e+00 -1.898760536397695e-03 -9.632748963417717e-04 -1.007662354084241e+00
12 20 -1.000288497764316e+00 -1.898355336913014e-03 -9.640036710372093e-04 -1.007662802285551e+00
12 21 -1.000288486425361e+00 -1.897848916988352e-03 -9.647693176075737e-04 -1.007663601504799e+00
12 22 -1.000288431958530e+00 -1.897246377566206e-03 -9.655618148310911e-04 -1.007664745436259e+00
12 23 -1.000288333819281e+00 -1.896553217012172e-03 -9.663723034981299e-04 -1.007666225746957e+00
12 24 -1.000288191811734e+00 -1.895775317901150e-03 -9.671932119742155e-04 -1.007668031944943e+00
12 25 -1.000288006158909e+00 -1.894918956087841e-03 -9.680183268816722e-04 -1.007670151201398e+00
12 26 -1.000287777557340e+00 -1.893990815749964e-03 -9.688428176791684e-04 -1.007672568186912e+00
12 27 -1.000287507210047e+00 -1.892997998888982e-03 -9.696632147923034e-04 -1.007675264966987e+00
12 28 -1.000287196838313e+00 -1.891948024102426e-03 -9.704773344306592e-04 -1.007678220979449e+00
12 29 -1.000286848678203e+00 -1.890848816899685e-03 -9.712841401151701e-04 -1.007681413088189e+00
12 30 -1.000286465470364e+00 -1.889708699207636e-03 -9.720835329405088e-04 -1.007684815683489e+00
12 31 -1.000286050449215e+00 -1.888536383838975e-03 -9.728760722116943e-04 -1.007688400798178e+00
12 32 -1.000285607331033e+00 -1.887340971528732e-03 -9.736626423267725e-04 -1.007692138232667e+00
12 33 -1.000285140294523e+00 -1.886131941795632e-03 -9.744440922117150e-04 -1.007695995706021e+00
12 34 -1.000284653946324e+00 -1.884919129917013e-03 -9.752208751697498e-04 -1.007699939053133e+00
12 35 -1.000284153267467e+00 -1.883712687762004e-03 -9.759927124702359e-04 -1.007703932474874e+00
12 36 -1.000283643542213e+00 -1.882523030737849e-03 -9.767582980969569e-04 -1.007707938834959e+00
12 37 -1.000283130275781e+00 -1.881360775695838e-03 -9.775150557475305e-04 -1.007711919987973e+00
12 38 -1.000282619110735e+00 -1.880236675829747e-03 -9.782589527269879e-04 -1.007715837115901e+00
12 39 -1.000282115750946e+00 -1.879161555849152e-03 -9.789843727229376e-04 -1.007719651054720e+00
12 40 -1.000281625896088e+00 -1.878146242639992e-03 -9.796840540417743e-04 -1.007723322616352e+00
12 41 -1.000281155181601e+00 -1.877201478734570e-03 -9.803491082564675e-04 -1.007726812939469e+00
12 42 -1.000280709114607e+00 -1.876337805918097e-03 -9.809691381684131e-04 -1.007730083908672e+00
12 43 -1.000280292997942e+00 -1.875565414649160e-03 -9.815324688022724e-04 -1.007733098659539e+00
12 44 -1.000279911840255e+00 -1.874893965020005e-03 -9.820264924889745e-04 -1.007735822156705e+00
12 45 -1.000279570256646e+00 -1.874332391633055e-03 -9.824381130645516e-04 -1.007738221811041e+00
12 46 -1.000279272369526e+00 -1.873888707642408e-03 -9.827542589668399e-04 -1.007740268091518e+00
12 47 -1.000279021721578e+00 -1.873569821915993e-03 -9.829624258369631e-04 -1.007741935088084e+00
12 48 -1.000278821209989e+00 -1.873381376319957e-03 -9.830512108982652e-04 -1.007743201000390e+00
12 49 -1.000278673044017e+00 -1.873327600339838e-03 -9.830108129137512e-04 -1.007744048558201e+00
12 50 -1.000278578720859e+00 -1.873411175432058e-03 -9.828334852234155e-04 -1.007744465398564e+00
12 51 -1.000278539012213e+00 -1.873633106096027e-03 -9.825139370533702e-04 -1.007744444413899e+00
12 52 -1.000278553956494e+00 -1.873992604499183e-03 -9.820496772494837e-04 -1.007743984054816e+00
12 53 -1.000278622856619e+00 -1.874487003455716e-03 -9.814412874094129e-04 -1.007743088545359e+00
12 54 -1.000278744287944e+00 -1.875111715668005e-03 -9.806926031202838e-04 -1.007741767958209e+00
12 55 -1.000278916123986e+00 -1.875860255176592e-03 -9.798107786003704e-04 -1.007740038103081e+00
12 56 -1.000279135587118e+00 -1.876724328919167e-03 -9.788062159059670e-04 -1.007737920205762e+00
12 57 -1.000279399326668e+00 -1.877693993326722e-03 -9.776923538645681e-04 -1.007735440396675e+00
12 58 -1.000279703519585e+00 -1.878757859702554e-03 -9.764853273810854e-04 -1.007732629066933e+00
12 59 -1.000280043983340e+00 -1.879903329377705e-03 -9.752035189086638e-04 -1.007729520162279e+00
12 60 -1.000280416289007e+00 -1.881116843818242e-03 -9.738670305151965e-04 -1.007726150470579e+00
12 61 -1.000280815863875e+00 -1.882384138946149e-03 -9.724971094165310e-04 -1.007722558938267e+00
12 62 -1.000281238076071e+00 -1.883690494134505e-03 -9.711155614873446e-04 -1.007718786038478e+00
12 63 -1.000281678298556e+00 -1.885020967901238e-03 -9.697441837017270e-04 -1.007714873201735e+00
13 0 -1.000282817232120e+00 -1.886978182797121e-03 -9.668790263447253e-04 -1.007708847217341e+00
13 1 -1.000283288759088e+00 -1.888332801764842e-03 -9.655753027693742e-04 -1.007704717604420e+00
13 2 -1.000283764333543e+00 -1.889666402927494e-03 -9.643436456714940e-04 -1.007700577251290e+00
13 3 -1.000284239673821e+00 -1.890965003336529e-03 -9.632012403695430e-04 -1.007696467127885e+00
13 4 -1.000284710693630e+00 -1.892215319909055e-03 -9.621631707143197e-04 -1.007692426937874e+00
13 5 -1.000285173536482e+00 -1.893404917110792e-03 -9.612421423182900e-04 -1.007688494746056e+00
13 6 -1.000285624602325e+00 -1.894522348663761e-03 -9.604482616335815e-04 -1.007684706618054e+00
13 7 -1.000286060558752e+00 -1.895557283222475e-03 -9.597888962978671e-04 -1.007681096297046e+00
13 8 -1.000286478332036e+00 -1.896500599974271e-03 -9.592686392461166e-04 -1.007677694950424e+00
13 9 -1.000286875079594e+00 -1.897344444384491e-03 -9.588893829971413e-04 -1.007674531005894e+00
13 10 -1.000287248151933e+00 -1.898082243364677e-03 -9.586504888906594e-04 -1.007671630073312e+00
13 11 -1.000287595055380e+00 -1.898708688621727e-03 -9.585490177392705e-04 -1.007669014928177e+00
13 12 -1.000287913426116e+00 -1.899219704190689e-03 -9.585799809025733e-04 -1.007666705518570e+00
13 13 -1.000288201021791e+00 -1.899612415488988e-03 -9.587365797653643e-04 -1.007664718954480e+00
13 14 -1.000288455730260e+00 -1.899885129095070e-03 -9.590104256389352e-04 -1.007663069457521e+00
13 15 -1.000288675588179e+00 -1.900037317692601e-03 -9.593917588191346e-04 -1.007661768286672e+00
13 16 -1.000288858798864e+00 -1.900069592947930e-03 -9.598696986102470e-04 -1.007660823687551e+00
13 17 -1.000289003741305e+00 -1.899983648203554e-03 -9.604325487749429e-04 -1.007660240915591e+00
13 18 -1.000289108968785e+00 -1.899782161975084e-03 -9.610681616635996e-04 -1.007660022358328e+00
13 19 -1.000289173202602e+00 -1.899468666818713e-03 -9.617643403714774e-04 -1.007660167745166e+00
13 20 -1.000289195331010e+00 -1.899047401613870e-03 -9.625092400410140e-04 -1.007660674397354e+00
13 21 -1.000289174424299e+00 -1.898523174112393e-03 -9.632917235315444e-04 -1.007661537446805e+00
13 22 -1.000289109772886e+00 -1.897901258896715e-03 -9.641016379302900e-04 -1.007662749955442e+00
13 23 -1.000289000947133e+00 -1.897187342239348e-03 -9.649300028146713e-04 -1.007664302903897e+00
13 24 -1.000288847869056e+00 -1.896387507629978e-03 -9.657691240978939e-04 -1.007666185070956e+00
13 25 -1.000288650881812e+00 -1.895508244811324e-03 -9.666126549935194e-04 -1.007668382861156e+00
13 26 -1.000288410804523e+00 -1.894556464446592e-03 -9.674556179252589e-04 -1.007670880143959e+00
13 27 -1.000288128965418e+00 -1.893539505742932e-03 -9.682943882327699e-04 -1.007673658153490e+00
13 28 -1.000287807212888e+00 -1.892465131655079e-03 -9.691266301569173e-04 -1.007676695473847e+00
13 29 -1.000287447909995e+00 -1.891341514642493e-03 -9.699511698248647e-04 -1.007679968104530e+00
13 30 -1.000287053921196e+00 -1.890177221973679e-03 -9.707677911915255e-04 -1.007683449574582e+00
13 31 -1.000286628598168e+00 -1.888981207769479e-03 -9.715769526556921e-04 -1.007687111071746e+00
13 32 -1.000286175765157e+00 -1.887762809807182e-03 -9.723794412383954e-04 -1.007690921577468e+00
13 33 -1.000285699697969e+00 -1.886531741110442e-03 -9.731759966205519e-04 -1.007694848025465e+00
13 34 -1.000285205088976e+00 -1.885298066528245e-03 -9.739669404649338e-04 -1.007698855506748e+00
13 35 -1.000284696993756e+00 -1.884072160674765e-03 -9.747518393622933e-04 -1.007702907530137e+00
13 36 -1.000284180760288e+00 -1.882864649553790e-03 -9.755292193741076e-04 -1.007706966331820e+00
13 37 -1.000283661946745e+00 -1.881686341835468e-03 -9.762963397023273e-04 -1.007710993216671e+00
13 38 -1.000283146237380e+00 -1.880548157531858e-03 -9.770490237352219e-04 -1.007714948906482e+00
13 39 -1.000282639365642e+00 -1.879461059391439e-03 -9.777815424062790e-04 -1.007718793873722e+00
13 40 -1.000282147048144e+00 -1.878435983697633e-03 -9.784865520810323e-04 -1.007722488663251e+00
13 41 -1.000281674925032e+00 -1.877483757376217e-03 -9.791551029596662e-04 -1.007725994235702e+00
13 42 -1.000281228497294e+00 -1.876614986283453e-03 -9.797767428963565e-04 -1.007729272376631e+00
13 43 -1.000280813052677e+00 -1.875839907473652e-03 -9.803397379214221e-04 -1.007732286195026e+00
13 44 -1.000280433577565e+00 -1.875168209616743e-03 -9.808314161117845e-04 -1.007735000701463e+00
13 45 -1.000280094658840e+00 -1.874608834068987e-03 -9.812386215504682e-04 -1.007737383431241e+00
13 46 -1.000279800385103e+00 -1.874169773199906e-03 -9.815482453400864e-04 -1.007739405065108e+00
13 47 -1.000279554259175e+00 -1.873857882291229e-03 -9.817477874101773e-04 -1.007741039999542e+00
13 48 -1.000279359131549e+00 -1.873678714837319e-03 -9.818259031402496e-04 -1.007742266835991e+00
13 49 -1.000279217157618e+00 -1.873636380132532e-03 -9.817729033365034e-04 -1.007743068791255e+00
13 50 -1.000279129774081e+00 -1.873733414598751e-03 -9.815811957154994e-04 -1.007743434055785e+00
13 51 -1.000279097686797e+00 -1.873970660911481e-03 -9.812456687518850e-04 -1.007743356120659e+00
13 52 -1.000279120864602e+00 -1.874347158996184e-03 -9.807640193322535e-04 -1.007742834063459e+00
13 53 -1.000279198538536e+00 -1.874860062421711e-03 -9.801370170905927e-04 -1.007741872753376e+00
13 54 -1.000279329210722e+00 -1.875504598035492e-03 -9.793686868019447e-04 -1.007740482922710e+00
13 55 -1.000279510680178e+00 -1.876274085570742e-03 -9.784663823043836e-04 -1.007738681056299e+00
13 56 -1.000279740092787e+00 -1.877160026986906e-03 -9.774407269430626e-04 -1.007736489072863e+00
13 57 -1.000280014018295e+00 -1.878152262901049e-03 -9.763054081799638e-04 -1.007733933812060e+00
13 58 -1.000280328550214e+00 -1.879239181121528e-03 -9.750768325995020e-04 -1.007731046382079e+00
13 59 -1.000280679418690e+00 -1.880407957336938e-03 -9.737736640447884e-04 -1.007727861439859e+00
13 60 -1.000281062104404e+00 -1.881644811095535e-03 -9.724162781688373e-04 -1.007724416464124e+00
13 61 -1.000281471942813e+00 -1.882935264944001e-03 -9.710261720884156e-04 -1.007720751059650e+00
13 62 -1.000281904210994e+00 -1.884264396666980e-03 -9.696253684046418e-04 -1.007716906316322e+00
13 63 -1.000282354193849e+00 -1.885617076215236e-03 -9.682358470018759e-04 -1.007712924235032e+00
14 0 -1.000283480087186e+00 -1.887659429236727e-03 -9.649318641297092e-04 -1.007706811337086e+00
14 1 -1.000283960775978e+00 -1.889034708815128e-03 -9.636139275616747e-04 -1.007702617844429e+00
14 2 -1.000284445079836e+00 -1.890388162975990e-03 -9.623692677712506e-04 -1.007698416868981e+00
14 3 -1.000284928640754e+00 -1.891705653813983e-03 -9.612151853087694e-04 -1.007694249827799e+00
14 4 -1.000285407295093e+00 -1.892973743767341e-03 -9.601668769274271e-04 -1.007690156866559e+00
14 5 -1.000285877106934e+00 -1.894179842374902e-03 -9.592371516150539e-04 -1.007686176493636e+00
14 6 -1.000286334395378e+00 -1.895312349224161e-03 -9.584361991805853e-04 -1.007682345219445e+00
14 7 -1.000286775748561e+00 -1.896360783326759e-03 -9.577714411051522e-04 -1.007678697223386e+00
14 8 -1.000287198018761e+00 -1.897315883547768e-03 -9.572474905773761e-04 -1.007675264084805e+00
14 9 -1.000287598298759e+00 -1.898169668584876e-03 -9.568662300799518e-04 -1.007672074603622e+00
14 10 -1.000287973886362e+00 -1.898915454944428e-03 -9.566269897532454e-04 -1.007669154710598e+00
14 11 -1.000288322247987e+00 -1.899547841465555e-03 -9.565267891909722e-04 -1.007666527444603e+00
14 12 -1.000288640991857e+00 -1.900062676277024e-03 -9.565605973850341e-04 -1.007664212959769e+00
14 13 -1.000288927857756e+00 -1.900457024160832e-03 -9.567215752056136e-04 -1.007662228520422e+00
14 14 -1.000289180724254e+00 -1.900729145476395e-03 -9.570012908619383e-04 -1.007660588455733e+00
14 15 -1.000289397627516e+00 -1.900878483033664e-03 -9.573899290331204e-04 -1.007659304082101e+00
14 16 -1.000289576781464e+00 -1.900905639665371e-03 -9.578765307451695e-04 -1.007658383638688e+00
14 17 -1.000289716590137e+00 -1.900812326372673e-03 -9.584492941925088e-04 -1.007657832291751e+00
14 18 -1.000289815649238e+00 -1.900601269808834e-03 -9.590959426699037e-04 -1.007657652240304e+00
14 19 -1.000289872741201e+00 -1.900276082433450e-03 -9.598041378862953e-04 -1.007657842916396e+00
14 20 -1.000289886833349e+00 -1.899841113019417e-03 -9.605618956241921e-04 -1.007658401235275e+00
14 21 -1.000289857090074e+00 -1.899301304828130e-03 -9.613579533045858e-04 -1.007659321824841e+00
14 22 -1.000289782906703e+00 -1.898662088248956e-03 -9.621820508183649e-04 -1.007660597162851e+00
14 23 -1.000289663965214e+00 -1.897929321623193e-03 -9.630251136872049e-04 -1.007662217583756e+00
14 24 -1.000289500303172e+00 -1.897109275115811e-03 -9.638793554515114e-04 -1.007664171170728e+00
14 25 -1.000289292382108e+00 -1.896208639652248e-03 -9.647383272599821e-04 -1.007666443589731e+00
14 26 -1.000289041142283e+00 -1.895234541388846e-03 -9.655969344301357e-04 -1.007669017932324e+00
14 27 -1.000288748036012e+00 -1.894194547901736e-03 -9.664514232727813e-04 -1.007671874619420e+00
14 28 -1.000288415038260e+00 -1.893096660286227e-03 -9.672993270523227e-04 -1.007674991393299e+00
14 29 -1.000288044639431e+00 -1.891949294300372e-03 -9.681393510396170e-04 -1.007678343394272e+00
14 30 -1.000287639829038e+00 -1.890761260710321e-03 -9.689711763241324e-04 -1.007681903289992e+00
14 31 -1.000287204077952e+00 -1.889541753976215e-03 -9.697951751440531e-04 -1.007685641419666e+00
14 32 -1.000286741320770e+00 -1.888300348355029e-03 -9.706120542382434e-04 -1.007689525939947e+00
14 33 -1.000286255933028e+00 -1.887046990305004e-03 -9.714224634971155e-04 -1.007693522990687e+00
14 34 -1.000285752695537e+00 -1.885791975084967e-03 -9.722266127599869e-04 -1.007697596907266e+00
14 35 -1.000285236741146e+00 -1.884545902517737e-03 -9.730239308550574e-04 -1.007701710490637e+00
14 36 -1.000284713484505e+00 -1.883319614260070e-03 -9.738127867474259e-04 -1.007705825327737e+00
14 37 -1.000284188540327e+00 -1.882124119116700e-03 -9.745902782024481e-04 -1.007709902144332e+00
14 38 -1.000283667638996e+00 -1.880970515184121e-03 -9.753520806449321e-04 -1.007713901165322e+00
14 39 -1.000283156548757e+00 -1.879869916293508e-03 -9.760923437576495e-04 -1.007717782458246e+00
14 40 -1.000282661008946e+00 -1.878833381825906e-03 -9.768036322927273e-04 -1.007721506257045e+00
14 41 -1.000282186670678e+00 -1.877871837083650e-03 -9.774769265253412e-04 -1.007725033298172e+00
14 42 -1.000281739035445e+00 -1.876995966501591e-03 -9.781017122807928e-04 -1.007728325218774e+00
14 43 -1.000281323382719e+00 -1.876216069193307e-03 -9.786661893826257e-04 -1.007731345048128e+00
14 44 -1.000280944683466e+00 -1.875541879353504e-03 -9.791576115723304e-04 -1.007734057785534e+00
14 45 -1.000280607503331e+00 -1.874982364123556e-03 -9.795627476259716e-04 -1.007736431028468e+00
14 46 -1.000280315904501e+00 -1.874545516466931e-03 -9.798684290448186e-04 -1.007738435601587e+00
14 47 -1.000280073357847e+00 -1.874238161271365e-03 -9.800621318273295e-04 -1.007740046135789e+00
14 48 -1.000279882675493e+00 -1.874065787501266e-03 -9.801325378126207e-04 -1.007741241560879e+00
14 49 -1.000279745967547e+00 -1.874032407651508e-03 -9.800700378133677e-04 -1.007742005508262e+00
14 50 -1.000279664618959e+00 -1.874140435497295e-03 -9.798671640061118e-04 -1.007742326651132e+00
14 51 -1.000279639278477e+00 -1.874390573225537e-03 -9.795189570650008e-04 -1.007742199010498e+00
14 52 -1.000279669853741e+00 -1.874781709065368e-03 -9.790232765046797e-04 -1.007741622224405e+00
14 53 -1.000279755511752e+00 -1.875310837585139e-03 -9.783810536852708e-04 -1.007740601742799e+00
14 54 -1.000279894688759e+00 -1.875973020260028e-03 -9.775964728309357e-04 -1.007739148894508e+00
14 55 -1.000280085116393e+00 -1.876761403467134e-03 -9.766770529541725e-04 -1.007737280777265e+00
14 56 -1.000280323871009e+00 -1.877667305316732e-03 -9.756336001189911e-04 -1.007735019942172e+00
14 57 -1.000280607449610e+00 -1.878680371273118e-03 -9.744800099836081e-04 -1.007732393880753e+00
14 58 -1.000280931868951e+00 -1.879788785157918e-03 -9.732329216299772e-04 -1.007729434365198e+00
14 59 -1.000281292778252e+00 -1.880979514811466e-03 -9.719112452032585e-04 -1.007726176715696e+00
14 60 -1.000281685573567e+00 -1.882238573545554e-03 -9.705356004190958e-04 -1.007722659060214e+00
14 61 -1.000282105503191e+00 -1.883551283911279e-03 -9.691277100067463e-04 -1.007718921627968e+00
14 62 -1.000282547756399e+00 -1.884902533208332e-03 -9.677097925917450e-04 -1.007715006100128e+00
14 63 -1.000283007531855e+00 -1.886277011784504e-03 -9.663039919254138e-04 -1.007710955030760e+00
15 0 -1.000284114012234e+00 -1.888396993242512e-03 -9.625796932370840e-04 -1.007704778618373e+00
15 1 -1.000284603985820e+00 -1.889792793216413e-03 -9.612490726795153e-04 -1.007700520669831e+00
15 2 -1.000285097249348e+00 -1.891166236684372e-03 -9.599925943000676e-04 -1.007696257651317e+00
15 3 -1.000285589367882e+00 -1.892503033527888e-03 -9.588276573286719e-04 -1.007692031432399e+00
15 4 -1.000286076098999e+00 -1.893789591168435e-03 -9.577695606396946e-04 -1.007687882614988e+00
15 5 -1.000286553424745e+00 -1.895013160120772e-03 -9.568312129044634e-04 -1.007683850174717e+00
15 6 -1.000287017579155e+00 -1.896161977763161e-03 -9.560228909138275e-04 -1.007679971101353e+00
15 7 -1.000287465064513e+00 -1.897225400718463e-03 -9.553520801801846e-04 -1.007676280058471e+00
15 8 -1.000287892650307e+00 -1.898194009919726e-03 -9.548234290569315e-04 -1.007672809099853e+00
15 9 -1.000288297353870e+00 -1.899059675762822e-03 -9.544388270799879e-04 -1.007669587472037e+00
15 10 -1.000288676408347e+00 -1.899815580402740e-03 -9.541975904234345e-04 -1.007666641508163e+00
15 11 -1.000289027227891e+00 -1.900456204463054e-03 -9.540967144534602e-04 -1.007663994595308e+00
15 12 -1.000289347380474e+00 -1.900977293678491e-03 -9.541311438259466e-04 -1.007661667180398e+00
15 13 -1.000289634575957e+00 -1.901375824647790e-03 -9.542940199576195e-04 -1.007659676769897e+00
15 14 -1.000289886671829e+00 -1.901649983088217e-03 -9.545768936690304e-04 -1.007658037888369e+00
15 15 -1.000290101692048e+00 -1.901799152662647e-03 -9.549699249016317e-04 -1.007656761997494e+00
15 16 -1.000290277849154e+00 -1.901823897127040e-03 -9.554621114432448e-04 -1.007655857419089e+00
15 17 -1.000290413559915e+00 -1.901725914274044e-03 -9.560415827105289e-04 -1.007655329320740e+00
15 18 -1.000290507450236e+00 -1.901507948583011e-03 -9.566959685265580e-04 -1.007655179802030e+00
15 19 -1.000290558352363e+00 -1.901173664159060e-03 -9.574128213672197e-04 -1.007655408080780e+00
15 20 -1.000290565302941e+00 -1.900727494428187e-03 -9.581800458458460e-04 -1.007656010740155e+00
15 21 -1.000290527552589e+00 -1.900174496050151e-03 -9.589862794854501e-04 -1.007656981967926e+00
15 22 -1.000290444595496e+00 -1.899520235779976e-03 -9.598211803238184e-04 -1.007658313712304e+00
15 23 -1.000290316220717e+00 -1.898770726621959e-03 -9.606756072362406e-04 -1.007659995708194e+00
15 24 -1.000290142577899e+00 -1.897932409526260e-03 -9.615417115802021e-04 -1.007662015383354e+00
15 25 -1.000289924244066e+00 -1.897012162046330e-03 -9.624129740893632e-04 -1.007664357700451e+00
15 26 -1.000289662278049e+00 -1.896017312835047e-03 -9.632842135103967e-04 -1.007667005004189e+00
15 27 -1.000289358253971e+00 -1.894955646829324e-03 -9.641515740862225e-04 -1.007669936928694e+00
15 28 -1.000289014271612e+00 -1.893835394596429e-03 -9.650124801204897e-04 -1.007673130395371e+00
15 29 -1.000288632947730e+00 -1.892665208938468e-03 -9.658655332048173e-04 -1.007676559700242e+00
15 30 -1.000288217396844e+00 -1.891454139928577e-03 -9.667103255859750e-04 -1.007680196658784e+00
15 31 -1.000287771209813e+00 -1.890211619430838e-03 -9.675471570612233e-04 -1.007684010766593e+00
15 32 -1.000287298432952e+00 -1.888947455606881e-03 -9.683766701656890e-04 -1.007687969357898e+00
15 33 -1.000286803543165e+00 -1.887671825845150e-03 -9.691994442191678e-04 -1.007692037779198e+00
15 34 -1.000286291411497e+00 -1.886395253999383e-03 -9.700155979296896e-04 -1.007696179607763e+00
15 35 -1.000285767250060e+00 -1.885128565004506e-03 -9.708244414297354e-04 -1.007700356929165e+00
15 36 -1.000285236542490e+00 -1.883882818533110e-03 -9.716242010207243e-04 -1.007704530667247e+00
15 37 -1.000284704962842e+00 -1.882669228659964e-03 -9.724118208580356e-04 -1.007708660948095e+00
15 38 -1.000284178291192e+00 -1.881499079543458e-03 -9.731828292278089e-04 -1.007712707472159e+00
15 39 -1.000283662335105e+00 -1.880383646589009e-03 -9.739312499898676e-04 -1.007716629867635e+00
15 40 -1.000283162862111e+00 -1.879334124318006e-03 -9.746495495236070e-04 -1.007720388017773e+00
15 41 -1.000282685540365e+00 -1.878361548902142e-03 -9.753286322892044e-04 -1.007723942392009e+00
15 42 -1.000282235878246e+00 -1.877476696056907e-03 -9.759579179992571e-04 -1.007727254433865e+00
15 43 -1.000281819153577e+00 -1.876689940715684e-03 -9.765255364211925e-04 -1.007730287043433e+00
15 44 -1.000281440328831e+00 -1.876011078442830e-03 -9.770186605384593e-04 -1.007733005152786e+00
15 45 -1.000281103955633e+00 -1.875449120449460e-03 -9.774239721956118e-04 -1.007735376358970e+00
15 46 -1.000280814077209e+00 -1.875012080864772e-03 -9.777282247449327e-04 -1.007737371562611e+00
15 47 -1.000280574140316e+00 -1.874706776843860e-03 -9.779188445535397e-04 -1.007738965556643e+00
15 48 -1.000280386927104e+00 -1.874538657112510e-03 -9.779845089062046e-04 -1.007740137523050e+00
15 49 -1.000280254511332e+00 -1.874511662168373e-03 -9.779156557376046e-04 -1.007740871429868e+00
15 50 -1.000280178235350e+00 -1.874628107166123e-03 -9.777049100969043e-04 -1.007741156356322e+00
15 51 -1.000280158699824e+00 -1.874888576620735e-03 -9.773474356689145e-04 -1.007740986779411e+00
15 52 -1.000280195759995e+00 -1.875291829266818e-03 -9.768412267281681e-04 -1.007740362825516e+00
15 53 -1.000280288527365e+00 -1.875834723003573e-03 -9.761873477216212e-04 -1.007739290453622e+00
15 54 -1.000280435380517e+00 -1.876512176615034e-03 -9.753901108045145e-04 -1.007737781517980e+00
15 55 -1.000280633991503e+00 -1.877317186064132e-03 -9.744571641926318e-04 -1.007735853659825e+00
15 56 -1.000280881374738e+00 -1.878240908738677e-03 -9.733994559800462e-04 -1.007733529995467e+00
15 57 -1.000281173962037e+00 -1.879272817954674e-03 -9.722310463945442e-04 -1.007730838603582e+00
15 58 -1.000281507700973e+00 -1.880400915658947e-03 -9.709687637973276e-04 -1.007727811859274e+00
15 59 -1.000281878167210e+00 -1.881611982233703e-03 -9.696317250265261e-04 -1.007724485690318e+00
15 60 -1.000282280679008e+00 -1.882891843034302e-03 -9.682407595198768e-04 -1.007720898824917e+00
15 61 -1.000282710403412e+00 -1.884225636700090e-03 -9.668177866046796e-04 -1.007717092075048e+00
15 62 -1.000283162446558e+00 -1.885598073770489e-03 -9.653851962786718e-04 -1.007713107679751e+00
15 63 -1.000283631924052e+00 -1.886993676255355e-03 -9.639652742349530e-04 -1.007708988721872e+00
16 0 -1.000284712914801e+00 -1.889182960222540e-03 -9.598439156977974e-04 -1.007702772462814e+00
16 1 -1.000285212178111e+00 -1.890598886593124e-03 -9.585023911809279e-04 -1.007698450277107e+00
16 2 -1.000285714516984e+00 -1.891992207350301e-03 -9.572355232982952e-04 -1.007694124565894e+00
16 3 -1.000286215419958e+00 -1.893348484812286e-03 -9.560607906062813e-04 -1.007689837651340e+00
16 4 -1.000286710565422e+00 -1.894653973054426e-03 -9.549935799912129e-04 -1.007685630599850e+00
16 5 -1.000287195851951e+00 -1.895895761843874e-03 -9.540468927504174e-04 -1.007681542871374e+00
16 6 -1.000287667425519e+00 -1.897061920429640e-03 -9.532310936161212e-04 -1.007677611963112e+00
16 7 -1.000288121697375e+00 -1.898141632153732e-03 -9.525537407070165e-04 -1.007673873064786e+00
16 8 -1.000288555346585e+00 -1.899125304207902e-03 -9.520195317294962e-04 -1.007670358761080e+00
16 9 -1.000288965305300e+00 -1.900004638923696e-03 -9.516303802812457e-04 -1.007667098813541e+00
16 10 -1.000289348730849e+00 -1.900772661533204e-03 -9.513856062679987e-04 -1.007664120034306e+00
16 11 -1.000289702973230e+00 -1.901423709884506e-03 -9.512821986088514e-04 -1.007661446240586e+00
16 12 -1.000290025548067e+00 -1.901953401414184e-03 -9.513150962393897e-04 -1.007659098256893e+00
16 13 -1.000290314123424e+00 -1.902358597852951e-03 -9.514774421116745e-04 -1.007657093917068e+00
16 14 -1.000290566524153e+00 -1.902637382955393e-03 -9.517607947593721e-04 -1.007655448025692e+00
16 15 -1.000290780750446e+00 -1.902789052903503e-03 -9.521553197256539e-04 -1.007654172274889e+00
16 16 -1.000290955001506e+00 -1.902814102726781e-03 -9.526500067235088e-04 -1.007653275156577e+00
16 17 -1.000291087694374e+00 -1.902714186459903e-03 -9.532329542108198e-04 -1.007652761929197e+00
16 18 -1.000291177472586e+00 -1.902492036033841e-03 -9.538917359831479e-04 -1.007652634681961e+00
16 19 -1.000291223206162e+00 -1.902151338222742e-03 -9.546138298119877e-04 -1.007652892503731e+00
16 20 -1.000291223990199e+00 -1.901696584545843e-03 -9.553870596585228e-04 -1.007653531724030e+00
16 21 -1.000291179152362e+00 -1.901132921509664e-03 -9.561999903126940e-04 -1.007654546159892e+00
16 22 -1.000291088278379e+00 -1.900466031563965e-03 -9.570422238581089e-04 -1.007655927289724e+00
16 23 -1.000290951258666e+00 -1.899702063766559e-03 -9.579045795923398e-04 -1.007657664300728e+00
16 24 -1.000290768350270e+00 -1.898847612463905e-03 -9.587791762308710e-04 -1.007659744011862e+00
16 25 -1.000290540241569e+00 -1.897909725489635e-03 -9.596594554131304e-04 -1.007662150725290e+00
16 26 -1.000290268106180e+00 -1.896895919070850e-03 -9.605401801576715e-04 -1.007664866077610e+00
16 27 -1.000289953636580e+00 -1.895814182397408e-03 -9.614174203905524e-04 -1.007667868950479e+00
16 28 -1.000289599054324e+00 -1.894672964450778e-03 -9.622885142369887e-04 -1.007671135474211e+00
16 29 -1.000289207100157e+00 -1.893481146308983e-03 -9.631519770286657e-04 -1.007674639125136e+00
16 30 -1.000288781012200e+00 -1.892248010851685e-03 -9.640073257465407e-04 -1.007678350885141e+00
16 31 -1.000288324500928e+00 -1.890983222352394e-03 -9.648548005336128e-04 -1.007682239419598e+00
16 32 -1.000287841724691e+00 -1.889696818219700e-03 -9.656949947564082e-04 -1.007686271250982e+00
16 33 -1.000287337262418e+00 -1.888399201967054e-03 -9.665284356989319e-04 -1.007690410941744e+00
16 34 -1.000286816076289e+00 -1.887101121751611e-03 -9.673551718930541e-04 -1.007694621317457e+00
16 35 -1.000286283458925e+00 -1.885813624881263e-03 -9.681744155894431e-04 -1.007698863749374e+00
16 36 -1.000285744964576e+00 -1.884547988463172e-03 -9.689842681712483e-04 -1.007703098493034e+00
16 37 -1.000285206328677e+00 -1.883315633750478e-03 -9.697815323525195e-04 -1.007707285063349e+00
16 38 -1.000284673383739e+00 -1.882128035780924e-03 -9.705615946640101e-04 -1.007711382617597e+00
16 39 -1.000284151980482e+00 -1.880996639310428e-03 -9.713183527268496e-04 -1.007715350317608e+00
16 40 -1.000283647919580e+00 -1.879932783837828e-03 -9.720441712727603e-04 -1.007719147661891e+00
16 41 -1.000283166891952e+00 -1.878947627045388e-03 -9.727298758924322e-04 -1.007722734814681e+00
16 42 -1.000282714419009e+00 -1.878052047023925e-03 -9.733648186298166e-04 -1.007726072984506e+00
16 43 -1.000282295783463e+00 -1.877256506872614e-03 -9.739370581671421e-04 -1.007729124895675e+00
16 44 -1.000281915946258e+00 -1.876570878062251e-03 -9.744336838465604e-04 -1.007731855359070e+00
16 45 -1.000281579452248e+00 -1.876004232958156e-03 -9.748412829803756e-04 -1.007734231910115e+00
16 46 -1.000281290333167e+00 -1.875564626567702e-03 -9.751465159223409e-04 -1.007736225457994e+00
16 47 -1.000281052019541e+00 -1.875258890734446e-03 -9.753367363114002e-04 -1.007737810884145e+00
16 48 -1.000280867272112e+00 -1.875092458639734e-03 -9.754005870661246e-04 -1.007738967543589e+00
16 49 -1.000280738137433e+00 -1.875069224447168e-03 -9.753285202037930e-04 -1.007739679659053e+00
16 50 -1.000280665924595e+00 -1.875191429918061e-03 -9.751132207541030e-04 -1.007739936634686e+00
16 51 -1.000280651195482e+00 -1.875459566225606e-03 -9.747499442250129e-04 -1.007739733324519e+00
16 52 -1.000280693762155e+00 -1.875872286491630e-03 -9.742367897982268e-04 -1.007739070265309e+00
16 53 -1.000280792689705e+00 -1.876426335888150e-03 -9.735749249463117e-04 -1.007737953847283e+00
16 54 -1.000280946307785e+00 -1.877116514694781e-03 -9.727687573559153e-04 -1.007736396373204e+00
16 55 -1.000281152237231e+00 -1.877935693015390e-03 -9.718260276781776e-04 -1.007734415952539e+00
16 56 -1.000281407438688e+00 -1.878874892507221e-03 -9.707577842040393e-04 -1.007732036193108e+00
16 57 -1.000281708287036e+00 -1.879923439362874e-03 -9.695782063584956e-04 -1.007729285689080e+00
16 58 -1.000282050668952e+00 -1.881069177826227e-03 -9.683042660046195e-04 -1.007726197350725e+00
16 59 -1.000282430094655e+00 -1.882298723367852e-03 -9.669552435965209e-04 -1.007722807651412e+00
16 60 -1.000282841812332e+00 -1.883597733988704e-03 -9.655521398874596e-04 -1.007719155863991e+00
16 61 -1.000283280914848e+00 -1.884951182895502e-03 -9.641170377881803e-04 -1.007715283334379e+00
16 62 -1.000283742431180e+00 -1.886343619944490e-03 -9.626724705994994e-04 -1.007711232818682e+00
16 63 -1.000284221398440e+00 -1.887759412395870e-03 -9.612408412397724e-04 -1.007707047896883e+00
17 0 -1.000285271183944e+00 -1.890008983378119e-03 -9.567502263383253e-04 -1.007700815300451e+00
17 1 -1.000285779624906e+00 -1.891444396723234e-03 -9.553997958748668e-04 -1.007696429875652e+00
17 2 -1.000286291039664e+00 -1.892857238802136e-03 -9.541241863575383e-04 -1.007692041589503e+00
17 3 -1.000286800841621e+00 -1.894232931035107e-03 -9.529409337039272e-04 -1.007687693211200e+00
17 4 -1.000287304630700e+00 -1.895557578239431e-03 -9.518654952873871e-04 -1.007683426273149e+00
17 5 -1.000287798221711e+00 -1.896818109946718e-03 -9.509109545578798e-04 -1.007679280730347e+00
17 6 -1.000288277670678e+00 -1.898002423261773e-03 -9.500877623370973e-04 -1.007675294610009e+00
17 7 -1.000288739293886e+00 -1.899099519443836e-03 -9.494035557524751e-04 -1.007671503663599e+00
17 8 -1.000289179673784e+00 -1.900099618605313e-03 -9.488630945714729e-04 -1.007667941055137e+00
17 9 -1.000289595648941e+00 -1.900994237462422e-03 -9.484683330005667e-04 -1.007664637121947e+00
17 10 -1.000289984290623e+00 -1.901776223123247e-03 -9.482186128984630e-04 -1.007661619226786e+00
17 11 -1.000290342873317e+00 -1.902439746987687e-03 -9.481109352584096e-04 -1.007658911695786e+00
17 12 -1.000290668848685e+00 -1.902980273435907e-03 -9.481402520530080e-04 -1.007656535812146e+00
17 13 -1.000290959831634e+00 -1.903394524118188e-03 -9.482997282329812e-04 -1.007654509817699e+00
17 14 -1.000291213603204e+00 -1.903680454794936e-03 -9.485809544399964e-04 -1.007652848877699e+00
17 15 -1.000291428128492e+00 -1.903837246766115e-03 -9.489741316036595e-04 -1.007651564997220e+00
17 16 -1.000291601581561e+00 -1.903865297575887e-03 -9.494682761983907e-04 -1.007650666923204e+00
17 17 -1.000291732367418e+00 -1.903766187858509e-03 -9.500514936640009e-04 -1.007650160091634e+00
17 18 -1.000291819134568e+00 -1.903542607068605e-03 -9.507113401481011e-04 -1.007650046668841e+00
17 19 -1.000291860778193e+00 -1.903198235287983e-03 -9.514352549944650e-04 -1.007650325701227e+00
17 20 -1.000291856439997e+00 -1.902737594569330e-03 -9.522110139936042e-04 -1.007650993346686e+00
17 21 -1.000291805514323e+00 -1.902165896552594e-03 -9.530271377435772e-04 -1.007652043125304e+00
17 22 -1.000291707669882e+00 -1.901488917585229e-03 -9.538731985652506e-04 -1.007653466110125e+00
17 23 -1.000291562891459e+00 -1.900712923045965e-03 -9.547400024992981e-04 -1.007655250997695e+00
17 24 -1.000291371537545e+00 -1.899844642100878e-03 -9.556196639217515e-04 -1.007657384050577e+00
17 25 -1.000291134402528e+00 -1.898891275121877e-03 -9.565056157463139e-04 -1.007659848959546e+00
17 26 -1.000290852769801e+00 -1.897860509195991e-03 -9.573925959241707e-04 -1.007662626699063e+00
17 27 -1.000290528445450e+00 -1.896760522491842e-03 -9.582766282509712e-04 -1.007665695440872e+00
17 28 -1.000290163768430e+00 -1.895599969081559e-03 -9.591549879756472e-04 -1.007669030562661e+00
17 29 -1.000289761599786e+00 -1.894387947347249e-03 -9.600261218002864e-04 -1.007672604754276e+00
17 30 -1.000289325298543e+00 -1.893133964236550e-03 -9.608894847646319e-04 -1.007676388191352e+00
17 31 -1.000288858693141e+00 -1.891847909163001e-03 -9.617452693020012e-04 -1.007680348731423e+00
17 32 -1.000288366053167e+00 -1.890540042041859e-03 -9.625940332724169e-04 -1.007684452104415e+00
17 33 -1.000287852059338e+00 -1.889220985802984e-03 -9.634362692075910e-04 -1.007688662105752e+00
17 34 -1.000287321765095e+00 -1.887901706387764e-03 -9.642719763121043e-04 -1.007692940823693e+00
17 35 -1.000286780543997e+00 -1.886593467814732e-03 -9.651002913229333e-04 -1.007697248925571e+00
17 36 -1.000286234021686e+00 -1.885307760779113e-03 -9.659192113032366e-04 -1.007701546003307e+00
17 37 -1.000285687996304e+00 -1.884056212606543e-03 -9.667254132519384e-04 -1.007705790957892e+00
17 38 -1.000285148354938e+00 -1.882850491270107e-03 -9.675141513451976e-04 -1.007709942392207e+00
17 39 -1.000284620994620e+00 -1.881702215780938e-03 -9.682792007786567e-04 -1.007713958982347e+00
17 40 -1.000284111753391e+00 -1.880622877641620e-03 -9.690128251175845e-04 -1.007717799815765e+00
17 41 -1.000283626350118e+00 -1.879623764582828e-03 -9.697057707564143e-04 -1.007721424719124e+00
17 42 -1.000283170325220e+00 -1.878715866853482e-03 -9.703473226182330e-04 -1.007724794627743e+00
17 43 -1.000282748972819e+00 -1.877909746815788e-03 -9.709254697674188e-04 -1.007727872045953e+00
17 44 -1.000282367259171e+00 -1.877215364752279e-03 -9.714272183428338e-04 -1.007730621612757e+00
17 45 -1.000282029729499e+00 -1.876641869795524e-03 -9.718390571652732e-04 -1.007733010743534e+00
17 46 -1.000281740411614e+00 -1.876197376918074e-03 -9.721475420770849e-04 -1.007735010288665e+00
17 47 -1.000281502727953e+00 -1.875888755115047e-03 -9.723399336990085e-04 -1.007736595142360e+00
17 48 -1.000281319426533e+00 -1.875721446831085e-03 -9.724048127663729e-04 -1.007737744751319e+00
17 49 -1.000281192535800e+00 -1.875699325785530e-03 -9.723326129257039e-04 -1.007738443509214e+00
17 50 -1.000281123340999e+00 -1.875824586451757e-03 -9.721160452943413e-04 -1.007738681060847e+00
17 51 -1.000281112374844e+00 -1.876097652521860e-03 -9.717504242567300e-04 -1.007738452553142e+00
17 52 -1.000281159415848e+00 -1.876517096894316e-03 -9.712339226755022e-04 -1.007737758849821e+00
17 53 -1.000281263492079e+00 -1.877079577048872e-03 -9.705677803895298e-04 -1.007736606690240e+00
17 54 -1.000281422893317e+00 -1.877779799956554e-03 -9.697564680629241e-04 -1.007735008744707e+00
17 55 -1.000281635197972e+00 -1.878610535711056e-03 -9.688077820272394e-04 -1.007732983510554e+00
17 56 -1.000281897321639e+00 -1.879562696688536e-03 -9.677328290067560e-04 -1.007730555007682e+00
17 57 -1.000282205590998e+00 -1.880625488418511e-03 -9.665458619190375e-04 -1.007727752268754e+00
17 58 -1.000282555840583e+00 -1.881786623195708e-03 -9.652639489414040e-04 -1.007724608666323e+00
17 59 -1.000282943523890e+00 -1.883032576009313e-03 -9.639064885122960e-04 -1.007721161151729e+00
17 60 -1.000283363827551e+00 -1.884348860076888e-03 -9.624946112889106e-04 -1.007717449480900e+00
17 61 -1.000283811778249e+00 -1.885720303520539e-03 -9.610505278772403e-04 -1.007713515479063e+00
17 62 -1.000284282334904e+00 -1.887131313590210e-03 -9.595968840266620e-04 -1.007709402372414e+00
17 63 -1.000284770461980e+00 -1.888566118701853e-03 -9.581561723837105e-04 -1.007705154199300e+00
18 0 -1.000285783744298e+00 -1.890866403369690e-03 -9.533283841626184e-04 -1.007698928219844e+00
18 1 -1.000286301137560e+00 -1.892320432261457e-03 -9.519712237018083e-04 -1.007694481301443e+00
18 2 -1.000286821515679e+00 -1.893752205376413e-03 -9.506887054378806e-04 -1.007690031305108e+00
18 3 -1.000287340219301e+00 -1.895147011844461e-03 -9.494983984413738e-04 -1.007685621435854e+00
18 4 -1.000287852771619e+00 -1.896490813301897e-03 -9.484158102209130e-04 -1.007681293687885e+00
18 5 -1.000288354904428e+00 -1.897770381565648e-03 -9.474540927384013e-04 -1.007677088516305e+00
18 6 -1.000288842583109e+00 -1.898973439835598e-03 -9.466237778230953e-04 -1.007673044494511e+00
18 7 -1.000289312026456e+00 -1.900088801070620e-03 -9.459325851466307e-04 -1.007669197963536e+00
18 8 -1.000289759715626e+00 -1.901106487543845e-03 -9.453853473154123e-04 -1.007665582706879e+00
18 9 -1.000290182388577e+00 -1.902017814983375e-03 -9.449840749927633e-04 -1.007662229690973e+00
18 10 -1.000290577021388e+00 -1.902815432953923e-03 -9.447281504067488e-04 -1.007659166894606e+00
18 11 -1.000290940802584e+00 -1.903493324375176e-03 -9.446146055200940e-04 -1.007656419225978e+00
18 12 -1.000291271109006e+00 -1.904046777406219e-03 -9.446384241049313e-04 -1.007654008502762e+00
18 13 -1.000291565491625e+00 -1.904472349893496e-03 -9.447928130435938e-04 -1.007651953450677e+00
18 14 -1.000291821676990e+00 -1.904767845012188e-03 -9.450694185103545e-04 -1.007650269672054e+00
18 15 -1.000292037584212e+00 -1.904932303257977e-03 -9.454585054790376e-04 -1.007648969563100e+00
18 16 -1.000292211350854e+00 -1.904965997284296e-03 -9.459491511760290e-04 -1.007648062206557e+00
18 17 -1.000292341357816e+00 -1.904870405614742e-03 -9.465295057703968e-04 -1.007647553299652e+00
18 18 -1.000292426245839e+00 -1.904648145754230e-03 -9.471871466483881e-04 -1.007647445171975e+00
18 19 -1.000292464922291e+00 -1.904302861840978e-03 -9.479095119678936e-04 -1.007647736913858e+00
18 20 -1.000292456562974e+00 -1.903839078614331e-03 -9.486843629207763e-04 -1.007648424594779e+00
18 21 -1.000292400617539e+00 -1.903262047272392e-03 -9.495002052810266e-04 -1.007649501514948e+00
18 22 -1.000292296827811e+00 -1.902577614999223e-03 -9.503466079063724e-04 -1.007650958411704e+00
18 23 -1.000292145264559e+00 -1.901792142607460e-03 -9.512143890491198e-04 -1.007652783553536e+00
18 24 -1.000291946380542e+00 -1.900912474647665e-03 -9.520956855388776e-04 -1.007654962703768e+00
18 25 -1.000291701069679e+00 -1.899945945300209e-03 -9.529839504555294e-04 -1.007657478995803e+00
18 26 -1.000291410718926e+00 -1.898900394254366e-03 -9.538739264313770e-04 -1.007660312794435e+00
18 27 -1.000291077241906e+00 -1.897784171418066e-03 -9.547616190806188e-04 -1.007663441611953e+00
18 28 -1.000290703089299e+00 -1.896606120598466e-03 -9.556442643744773e-04 -1.007666840119868e+00
18 29 -1.000290291237497e+00 -1.895375544427917e-03 -9.565202585367187e-04 -1.007670480262576e+00
18 30 -1.000289845162446e+00 -1.894102162922947e-03 -9.573890081508486e-04 -1.007674331445197e+00
18 31 -1.000289368807609e+00 -1.892796081145272e-03 -9.582506690933069e-04 -1.007678360748590e+00
18 32 -1.000288866551899e+00 -1.891467772915695e-03 -9.591057757216048e-04 -1.007682533137283e+00
18 33 -1.000288343176734e+00 -1.890128072160867e-03 -9.599548015143366e-04 -1.007686811663739e+00
18 34 -1.000287803826195e+00 -1.888788153914307e-03 -9.607977166971541e-04 -1.007691157701009e+00
18 35 -1.000287253954388e+00 -1.887459490424571e-03 -9.616336057354301e-04 -1.007695531232098e+00
18 36 -1.000286699258321e+00 -1.886153779111179e-03 -9.624603839754126e-04 -1.007699891199437e+00
18 37 -1.000286145599503e+00 -1.884882849395660e-03 -9.632746213961630e-04 -1.007704195895738e+00
18 38 -1.000285598921126e+00 -1.883658561355251e-03 -9.640714529964771e-04 -1.007708403366116e+00
18 39 -1.000285065168994e+00 -1.882492710152259e-03 -9.648445393041705e-04 -1.007712471789723e+00
18 40 -1.000284550222011e+00 -1.881396943608344e-03 -9.655860464257333e-04 -1.007716359824253e+00
18 41 -1.000284059831667e+00 -1.880382686040508e-03 -9.662866435139792e-04 -1.007720026932079e+00
18 42 -1.000283599563084e+00 -1.879461048109757e-03 -9.669355509167043e-04 -1.007723433741070e+00
18 43 -1.000283174728097e+00 -1.878642700966632e-03 -9.675206919504831e-04 -1.007726542495158e+00
18 44 -1.000282790304944e+00 -1.877937705016396e-03 -9.680289928235986e-04 -1.007729317614413e+00
18 45 -1.000282450846342e+00 -1.877355300622704e-03 -9.684468429061628e-04 -1.007731726337731e+00
18 46 -1.000282160383943e+00 -1.876903681235608e-03 -9.687606851611938e-04 -1.007733739389148e+00
18 47 -1.000281922340406e+00 -1.876589775117241e-03 -9.689576701040995e-04 -1.007735331598927e+00
18 48 -1.000281739459700e+00 -1.876419058519404e-03 -9.690262910511629e-04 -1.007736482423330e+00
18 49 -1.000281613761209e+00 -1.876395410764011e-03 -9.689569319365671e-04 -1.007737176341780e+00
18 50 -1.000281546515839e+00 -1.876521005938384e-03 -9.687422956684213e-04 -1.007737403152316e+00
18 51 -1.000281538236991e+00 -1.876796227217156e-03 -9.683777215079418e-04 -1.007737158206556e+00
18 52 -1.000281588679450e+00 -1.877219593631348e-03 -9.678614239699844e-04 -1.007736442608198e+00
18 53 -1.000281696843823e+00 -1.877787700814542e-03 -9.671946843829011e-04 -1.007735263360491e+00
18 54 -1.000281860989332e+00 -1.878495188483456e-03 -9.663820042290240e-04 -1.007733633416685e+00
18 55 -1.000282078661137e+00 -1.879334753455586e-03 -9.654311997638578e-04 -1.007731571577466e+00
18 56 -1.000282346738820e+00 -1.880297226064179e-03 -9.643533956599857e-04 -1.007729102191580e+00
18 57 -1.000282661509806e+00 -1.881371718473441e-03 -9.631628734090465e-04 -1.007726254649796e+00
18 58 -1.000283018765521e+00 -1.882545837948343e-03 -9.618767499701648e-04 -1.007723062710145e+00
18 59 -1.000283413911943e+00 -1.883805944914048e-03 -9.605144947323194e-04 -1.007719563729461e+00
18 60 -1.000283842083307e+00 -1.885137431939658e-03 -9.590973249081899e-04 -1.007715797880147e+00
18 61 -1.000284298248863e+00 -1.886525003981643e-03 -9.576475407703132e-04 -1.007711807407253e+00
18 62 -1.000284777305442e+00 -1.887952945478619e-03 -9.561878673955035e-04 -1.007707635954904e+00
18 63 -1.000285274151794e+00 -1.889405363765108e-03 -9.547408574733308e-04 -1.007703327975188e+00
19 0 -1.000286246097563e+00 -1.891746363646666e-03 -9.496119245175150e-04 -1.007697130660725e+00
19 1 -1.000286772110994e+00 -1.893217923160243e-03 -9.482503419867311e-04 -1.007692624692871e+00
19 2 -1.000287301231689e+00 -1.894667817521255e-03 -9.469628927605659e-04 -1.007688114560742e+00
19 3 -1.000287828730812e+00 -1.896081213704365e-03 -9.457671531856922e-04 -1.007683643889242e+00
19 4 -1.000288350057370e+00 -1.897443937666217e-03 -9.446786584649240e-04 -1.007679255126084e+00
19 5 -1.000288860861924e+00 -1.898742608073622e-03 -9.437106124912935e-04 -1.007674989225797e+00
19 6 -1.000289357019887e+00 -1.899964775242070e-03 -9.428736194659182e-04 -1.007670885316014e+00
19 7 -1.000289834651540e+00 -1.901099060420747e-03 -9.421754819325707e-04 -1.007666980346632e+00
19 8 -1.000290290133506e+00 -1.902135279653560e-03 -9.416211139651575e-04 -1.007663308753270e+00
19 9 -1.000290720097536e+00 -1.903064534604650e-03 -9.412125973435418e-04 -1.007659902177344e+00
19 10 -1.000291121416860e+00 -1.903879260451024e-03 -9.409493724840910e-04 -1.007656789270534e+00
19 11 -1.000291491184904e+00 -1.904573232026358e-03 -9.408285210964117e-04 -1.007653995587972e+00
19 12 -1.000291826693732e+00 -1.905141539846970e-03 -9.408450776740051e-04 -1.007651543551571e+00
19 13 -1.000292125420228e+00 -1.905580555606282e-03 -9.409923107270940e-04 -1.007649452442447e+00
19 14 -1.000292385026381e+00 -1.905887907035132e-03 -9.412619441855805e-04 -1.007647738371317e+00
19 15 -1.000292603375170e+00 -1.906062469978135e-03 -9.416443339014117e-04 -1.007646414197550e+00
19 16 -1.000292778556878e+00 -1.906104366472299e-03 -9.421286503849906e-04 -1.007645489415350e+00
19 17 -1.000292908916514e+00 -1.906014945145188e-03 -9.427031257651653e-04 -1.007644970064089e+00
19 18 -1.000292993074351e+00 -1.905796722637965e-03 -9.433553977292518e-04 -1.007644858721139e+00
19 19 -1.000293029936822e+00 -1.905453278379860e-03 -9.440729408689085e-04 -1.007645154605779e+00
19 20 -1.000293018700853e+00 -1.904989112029547e-03 -9.448435357159631e-04 -1.007645853782311e+00
19 21 -1.000292958859109e+00 -1.904409488114119e-03 -9.456557028209925e-04 -1.007646949410938e+00
19 22 -1.000292850215382e+00 -1.903720300516796e-03 -9.464990336588470e-04 -1.007648431967685e+00
19 23 -1.000292692916755e+00 -1.902927983638792e-03 -9.473643831850397e-04 -1.007650289360348e+00
19 24 -1.000292487501873e+00 -1.902039477215075e-03 -9.482439358097839e-04 -1.007652506914418e+00
19 25 -1.000292234956561e+00 -1.901062229631713e-03 -9.491311917620767e-04 -1.007655067264570e+00
19 26 -1.000291936763946e+00 -1.900004213767828e-03 -9.500209265308424e-04 -1.007657950223922e+00
19 27 -1.000291594937941e+00 -1.898873932589209e-03 -9.509091547434943e-04 -1.007661132701945e+00
19 28 -1.000291212034063e+00 -1.897680402485357e-03 -9.517930968733640e-04 -1.007664588717307e+00
19 29 -1.000290791137841e+00 -1.896433115142704e-03 -9.526711174566970e-04 -1.007668289517763e+00
19 30 -1.000290335836857e+00 -1.895141990476753e-03 -9.535425883643868e-04 -1.007672203781774e+00
19 31 -1.000289850185470e+00 -1.893817337833118e-03 -9.544076394217322e-04 -1.007676297852168e+00
19 32 -1.000289338668993e+00 -1.892469834658222e-03 -9.552667921077080e-04 -1.007680535962129e+00
19 33 -1.000288806167551e+00 -1.891110515624018e-03 -9.561205149891460e-04 -1.007684880452439e+00
19 34 -1.000288257914425e+00 -1.889750754100119e-03 -9.569687684395966e-04 -1.007689292010754e+00
19 35 -1.000287699443205e+00 -1.888402219909232e-03 -9.578106075159829e-04 -1.007693729962956e+00
19 36 -1.000287136521638e+00 -1.887076807909713e-03 -9.586438894708561e-04 -1.007698152623762e+00
19 37 -1.000286575074595e+00 -1.885786542710739e-03 -9.594650985242986e-04 -1.007702517691768e+00
19 38 -1.000286021102133e+00 -1.884543472437020e-03 -9.602692670931861e-04 -1.007706782660108e+00
19 39 -1.000285480600570e+00 -1.883359567430300e-03 -9.610499519910495e-04 -1.007710905207895e+00
19 40 -1.000284959492632e+00 -1.882246633917369e-03 -9.617992280280099e-04 -1.007714843550600e+00
19 41 -1.000284463566620e+00 -1.881216237370115e-03 -9.625076910340946e-04 -1.007718556765049e+00
19 42 -1.000283998417548e+00 -1.880279615098335e-03 -9.631645011881746e-04 -1.007722005143137e+00
19 43 -1.000283569380885e+00 -1.879447554788841e-03 -9.637575218225500e-04 -1.007725150632960e+00
19 44 -1.000283181453413e+00 -1.878730227072420e-03 -9.642736046040171e-04 -1.007727957391426e+00
19 45 -1.000282839202578e+00 -1.878136977104273e-03 -9.646990412285060e-04 -1.007730392425711e+00
19 46 -1.000282546671697e+00 -1.877676094293186e-03 -9.650201568503125e-04 -1.007732426267201e+00
19 47 -1.000282307291910e+00 -1.877354587298354e-03 -9.652239783117534e-04 -1.007734033606802e+00
19 48 -1.000282123811795e+00 -1.877177990347852e-03 -9.652988890156265e-04 -1.007735193828004e+00
19 49 -1.000281998250824e+00 -1.877150214745173e-03 -9.652351934275063e-04 -1.007735891408589e+00
19 50 -1.000281931875200e+00 -1.877273441657908e-03 -9.650255525302762e-04 -1.007736116209690e+00
19 51 -1.000281925188874e+00 -1.877548041186549e-03 -9.646652963453145e-04 -1.007735863697340e+00
19 52 -1.000281977932755e+00 -1.877972505382521e-03 -9.641526486179429e-04 -1.007735135126264e+00
19 53 -1.000282089089688e+00 -1.878543394555102e-03 -9.634889012867055e-04 -1.007733937675723e+00
19 54 -1.000282256897900e+00 -1.879255307808542e-03 -9.626785554425871e-04 -1.007732284494381e+00
19 55 -1.000282478878662e+00 -1.880100895773934e-03 -9.617294133111465e-04 -1.007730194599311e+00
19 56 -1.000282751884696e+00 -1.881070934315905e-03 -9.606525790226461e-04 -1.007727692582686e+00
19 57 -1.000283072173226e+00 -1.882154470053537e-03 -9.594623193316650e-04 -1.007724808110478e+00
19 58 -1.000283435501744e+00 -1.883339032792203e-03 -9.581757534022745e-04 -1.007721575246605e+00
19 59 -1.000283837238119e+00 -1.884610895085683e-03 -9.568123745858398e-04 -1.007718031678022e+00
19 60 -1.000284272473726e+00 -1.885955354116481e-03 -9.553934422146466e-04 -1.007714217923436e+00
19 61 -1.000284736129698e+00 -1.887357015094695e-03 -9.539413063116425e-04 -1.007710176583766e+00
19 62 -1.000285223049487e+00 -1.888800060900037e-03 -9.524787363612655e-04 -1.007705951664339e+00
19 63 -1.000285728073846e+00 -1.890268496692698e-03 -9.510283142682589e-04 -1.007701587982422e+00
20 0 -1.000286654350781e+00 -1.892639918766376e-03 -9.456378150925602e-04 -1.007695440177884e+00
20 1 -1.000287188554616e+00 -1.894127733659668e-03 -9.442741998658351e-04 -1.007690878238878e+00
20 2 -1.000287726096224e+00 -1.895594739260056e-03 -9.429838973103122e-04 -1.007686310202562e+00
20 3 -1.000288262181309e+00 -1.897025991670559e-03 -9.417844642019428e-04 -1.007681780094046e+00
20 4 -1.000288792188011e+00 -1.898407190061441e-03 -9.406914392866317e-04 -1.007677330802194e+00
20 5 -1.000289311688473e+00 -1.899724806606022e-03 -9.397180590891157e-04 -1.007673003774251e+00
20 6 -1.000289816470138e+00 -1.900966222395085e-03 -9.388749882046607e-04 -1.007668838692349e+00
20 7 -1.000290302555213e+00 -1.902119866255852e-03 -9.381701091806025e-04 -1.007664873126384e+00
20 8 -1.000290766214072e+00 -1.903175342272342e-03 -9.376084236099694e-04 -1.007661142188548e+00
20 9 -1.000291203968300e+00 -1.904123527838437e-03 -9.371920971512778e-04 -1.007657678232010e+00
20 10 -1.000291612582308e+00 -1.904956629904095e-03 -9.369206450265665e-04 -1.007654510628330e+00
20 11 -1.000291989046753e+00 -1.905668198274335e-03 -9.367912169911081e-04 -1.007651665635477e+00
20 12 -1.000292330560080e+00 -1.906253106491774e-03 -9.367989171175552e-04 -1.007649166342349e+00
20 13 -1.000292634515777e+00 -1.906707519573070e-03 -9.369370949146986e-04 -1.007647032651065e+00
20 14 -1.000292898502000e+00 -1.907028868862510e-03 -9.371975731782677e-04 -1.007645281246123e+00
20 15 -1.000293120316194e+00 -1.907215843688425e-03 -9.375708236539639e-04 -1.007643925516211e+00
20 16 -1.000293297991221e+00 -1.907268391562184e-03 -9.380461407331285e-04 -1.007642975437477e+00
20 17 -1.000293429824903e+00 -1.907187704929628e-03 -9.386118743252929e-04 -1.007642437468021e+00
20 18 -1.000293514404643e+00 -1.906976171698941e-03 -9.392557609082150e-04 -1.007642314514284e+00
20 19 -1.000293550622770e+00 -1.906637278248098e-03 -9.399653492256097e-04 -1.007642606008167e+00
20 20 -1.000293537683866e+00 -1.906175471232100e-03 -9.407284733493103e-04 -1.007643308092927e+00
20 21 -1.000293475110452e+00 -1.905596001852077e-03 -9.415336981225320e-04 -1.007644413870907e+00
20 22 -1.000293362756147e+00 -1.904904786068223e-03 -9.423706630344508e-04 -1.007645913633963e+00
20 23 -1.000293200833561e+00 -1.904108309398435e-03 -9.432302829004372e-04 -1.007647794999936e+00
20 24 -1.000292989957649e+00 -1.903213585739641e-03 -9.441048128881058e-04 -1.007650042922281e+00
20 25 -1.000292731197300e+00 -1.902228157256244e-03 -9.449878250872401e-04 -1.007652639600310e+00
20 26 -1.000292426123355e+00 -1.901160109854133e-03 -9.458741541097125e-04 -1.007655564357704e+00
20 27 -1.000292076841772e+00 -1.900018079860844e-03 -9.467598498893102e-04 -1.007658793562180e+00
20 28 -1.000291686004932e+00 -1.898811237498065e-03 -9.476421412511524e-04 -1.007662300638793e+00
20 29 -1.000291256800046e+00 -1.897549246357307e-03 -9.485193802012200e-04 -1.007666056194682e+00
20 30 -1.000290792919839e+00 -1.896242211250877e-03 -9.493909177176991e-04 -1.007670028232540e+00
20 31 -1.000290298524376e+00 -1.894900632795926e-03 -9.502568677315743e-04 -1.007674182402158e+00
20 32 -1.000289778201445e+00 -1.893535380054808e-03 -9.511177486211960e-04 -1.007678482245961e+00
20 33 -1.000289236926944e+00 -1.892157676399558e-03 -9.519740366341728e-04 -1.007682889431340e+00
20 34 -1.000288680021160e+00 -1.890779081186982e-03 -9.528256994058267e-04 -1.007687363996898e+00
20 35 -1.000288113095553e+00 -1.889411449607326e-03 -9.536717840172280e-04 -1.007691864644490e+00
20 36 -1.000287541987483e+00 -1.888066862561314e-03 -9.545101134423640e-04 -1.007696349089612e+00
20 37 -1.000286972684498e+00 -1.886757530093602e-03 -9.553371091651330e-04 -1.007700774459352e+00
20 38 -1.000286411243543e+00 -1.885495681363757e-03 -9.561477199868639e-04 -1.007705097709377e+00
20 39 -1.000285863712565e+00 -1.884293458440057e-03 -9.569354122194551e-04 -1.007709276022899e+00
20 40 -1.000285336060525e+00 -1.883162825876204e-03 -9.576921776248170e-04 -1.007713267166799e+00
20 41 -1.000284834116144e+00 -1.882115492651402e-03 -9.584085444919057e-04 -1.007717029817412e+00
20 42 -1.000284363508946e+00 -1.881162826901955e-03 -9.590736185660908e-04 -1.007720523908264e+00
20 43 -1.000283929603616e+00 -1.880315739133407e-03 -9.596752098905642e-04 -1.007723711060500e+00
20 44 -1.000283537421978e+00 -1.879584519238853e-03 -9.602001024477057e-04 -1.007726555126200e+00
20 45 -1.000283191553398e+00 -1.878978629432667e-03 -9.606344948277530e-04 -1.007729022828235e+00
20 46 -1.000282896060515e+00 -1.878506470991653e-03 -9.609645932116456e-04 -1.007731084442300e+00
20 47 -1.000282654391091e+00 -1.878175152912308e-03 -9.611772908801580e-04 -1.007732714446641e+00
20 48 -1.000282469307051e+00 -1.877990291165433e-03 -9.612608418060351e-04 -1.007733892069319e+00
20 49 -1.000282342837246e+00 -1.877955855449335e-03 -9.612054435219233e-04 -1.007734601697526e+00
20 50 -1.000282276252785e+00 -1.878074061521325e-03 -9.610036829345344e-04 -1.007734833164241e+00
20 51 -1.000282270057946e+00 -1.878345293992865e-03 -9.606508473519913e-04 -1.007734581958759e+00
20 52 -1.000282323989628e+00 -1.878768045241277e-03 -9.601451373789535e-04 -1.007733849396232e+00
20 53 -1.000282437022761e+00 -1.879338867200311e-03 -9.594878250854748e-04 -1.007732642742037e+00
20 54 -1.000282607384194e+00 -1.880052345103730e-03 -9.586833813545436e-04 -1.007730975251478e+00
20 55 -1.000282832580669e+00 -1.880901110423039e-03 -9.577395625796988e-04 -1.007728866070275e+00
20 56 -1.000283109447234e+00 -1.881875912269938e-03 -9.566674162215547e-04 -1.007726339947116e+00
20 57 -1.000283434220065e+00 -1.882965759835388e-03 -9.554811533261150e-04 -1.007723426738134e+00
20 58 -1.000283802631913e+00 -1.884158133212522e-03 -9.541978507689532e-04 -1.007720160731939e+00
20 59 -1.000284210021869e+00 -1.885439243972625e-03 -9.528369800466104e-04 -1.007716579869174e+00
20 60 -1.000284651448025e+00 -1.886794319817788e-03 -9.514197979120776e-04 -1.007712724942780e+00
20 61 -1.000285121793056e+00 -1.888207890714823e-03 -9.499686629734271e-04 -1.007708638842314e+00
20 62 -1.000285615856271e+00 -1.889664060273692e-03 -9.485063530647743e-04 -1.007704365874121e+00
20 63 -1.000286128428724e+00 -1.891146751175435e-03 -9.470554480228621e-04 -1.007699951169174e+00
21 0 -1.000287005231750e+00 -1.893538134299824e-03 -9.414460592270107e-04 -1.007693872278746e+00
21 1 -1.000287547109830e+00 -1.895040765552314e-03 -9.400828292321266e-04 -1.007689258004734e+00
21 2 -1.000288092659377e+00 -1.896523695012510e-03 -9.387918025409472e-04 -1.007684634888429e+00
21 3 -1.000288637025310e+00 -1.897971880229690e-03 -9.375904893174888e-04 -1.007680047331923e+00
21 4 -1.000289175519035e+00 -1.899370904049750e-03 -9.364944063589474e-04 -1.007675538648003e+00
21 5 -1.000289703638005e+00 -1.900707100558060e-03 -9.355168013197434e-04 -1.007671150764679e+00
21 6 -1.000290217084754e+00 -1.901967687252276e-03 -9.346683844395794e-04 -1.007666923913074e+00
21 7 -1.000290711785255e+00 -1.903140902478343e-03 -9.339571122067037e-04 -1.007662896286423e+00
21 8 -1.000291183903685e+00 -1.904216135988155e-03 -9.333880765946202e-04 -1.007659103687701e+00
21 9 -1.000291629849368e+00 -1.905184034089654e-03 -9.329635374398914e-04 -1.007655579207793e+00
21 10 -1.000292046273621e+00 -1.906036564579926e-03 -9.326830999861433e-04 -1.007652352975540e+00
21 11 -1.000292430058172e+00 -1.906767037970466e-03 -9.325439995730722e-04 -1.007649451998861e+00
21 12 -1.000292778300392e+00 -1.907370094273000e-03 -9.325414279934047e-04 -1.007646900087442e+00
21 13 -1.000293088302268e+00 -1.907841673868850e-03 -9.326688342767098e-04 -1.007644717821752e+00
21 14 -1.000293357569727e+00 -1.908178992706301e-03 -9.329181602027221e-04 -1.007642922519339e+00
21 15 -1.000293583825931e+00 -1.908380533351523e-03 -9.332800169878861e-04 -1.007641528159636e+00
21 16 -1.000293765036893e+00 -1.908446046844768e-03 -9.337438513897965e-04 -1.007640545265704e+00
21 17 -1.000293899442716e+00 -1.908376545329356e-03 -9.342981646551130e-04 -1.007639980784661e+00
21 18 -1.000293985586021e+00 -1.908174261557217e-03 -9.349308290985857e-04 -1.007639838028950e+00
21 19 -1.000294022331829e+00 -1.907842560801644e-03 -9.356295050702903e-04 -1.007640116725994e+00
21 20 -1.000294008878431e+00 -1.907385808514081e-03 -9.363821146460837e-04 -1.007640813183450e+00
21 21 -1.000293944764409e+00 -1.906809215752746e-03 -9.371772963607311e-04 -1.007641920529193e+00
21 22 -1.000293829880272e+00 -1.906118695804477e-03 -9.380047622029782e-04 -1.007643428949426e+00
21 23 -1.000293664492370e+00 -1.905320762368639e-03 -9.388555083196332e-04 -1.007645325845610e+00
21 24 -1.000293449281231e+00 -1.904422481802082e-03 -9.397218815177854e-04 -1.007647595868983e+00
21 25 -1.000293185388893e+00 -1.903431469079395e-03 -9.405975479552355e-04 -1.007650220850570e+00
21 26 -1.000292874464511e+00 -1.902355902471328e-03 -9.414774255941302e-04 -1.007653179690011e+00
21 27 -1.000292518696939e+00 -1.901204531106636e-03 -9.423576248704183e-04 -1.007656448278118e+00
21 28 -1.000292120826445e+00 -1.899986658998654e-03 -9.432354065275830e-04 -1.007659999510498e+00
21 29 -1.000291684133431e+00 -1.898712103061016e-03 -9.441091292851032e-04 -1.007663803415102e+00
21 30 -1.000291212408239e+00 -1.897391136503607e-03 -9.449781371995734e-04 -1.007667827375266e+00
21 31 -1.000290709910395e+00 -1.896034436517336e-03 -9.458425384026415e-04 -1.007672036398818e+00
21 32 -1.000290181325208e+00 -1.894653050063816e-03 -9.467028571676313e-04 -1.007676393384415e+00
21 33 -1.000289631720571e+00 -1.893258375826224e-03 -9.475595881886693e-04 -1.007680859369959e+00
21 34 -1.000289066500966e+00 -1.891862145748135e-03 -9.484127211108976e-04 -1.007685393786037e+00
21 35 -1.000288491353597e+00 -1.890476386821178e-03 -9.492613146486453e-04 -1.007689954748783e+00
21 36 -1.000287912183721e+00 -1.889113352593057e-03 -9.501031806834885e-04 -1.007694499409653e+00
21 37 -1.000287335040296e+00 -1.887785426498200e-03 -9.509347013756654e-04 -1.007698984354093e+00
21 38 -1.000286766036644e+00 -1.886505009523820e-03 -9.517507618958335e-04 -1.007703366021459e+00
21 39 -1.000286211272917e+00 -1.885284409802949e-03 -9.525447527871448e-04 -1.007707601109649e+00
21 40 -1.000285676766068e+00 -1.884135747739418e-03 -9.533085928029151e-04 -1.007711646937618e+00
21 41 -1.000285168388165e+00 -1.883070875924219e-03 -9.540327498953515e-04 -1.007715461773054e+00
21 42 -1.000284691807391e+00 -1.882101295855372e-03 -9.547062817259839e-04 -1.007719005173736e+00
21 43 -1.000284252422990e+00 -1.881238045919574e-03 -9.553169520467193e-04 -1.007722238406294e+00
21 44 -1.000283855288109e+00 -1.880491542893326e-03 -9.558514850896415e-04 -1.007725124980184e+00
21 45 -1.000283505020926e+00 -1.879871376541082e-03 -9.562959933621160e-04 -1.007727631286078e+00
21 46 -1.000283205710842e+00 -1.879386074246757e-03 -9.566365664307014e-04 -1.007729727284898e+00
21 47 -1.000282960830346e+00 -1.879042864097841e-03 -9.568599580289707e-04 -1.007731387170898e+00
21 48 -1.000282773163497e+00 -1.878847466744866e-03 -9.569542769214822e-04 -1.007732589934768e+00
21 49 -1.000282644757755e+00 -1.878803936020850e-03 -9.569095894052128e-04 -1.007733319784792e+00
21 50 -1.000282576898611e+00 -1.878914549376582e-03 -9.567183783975631e-04 -1.007733566434940e+00
21 51 -1.000282570100378e+00 -1.879179733514550e-03 -9.563758563030488e-04 -1.007733325306065e+00
21 52 -1.000282624105849e+00 -1.879598008638216e-03 -9.558801689808255e-04 -1.007732597681963e+00
21 53 -1.000282737891909e+00 -1.880165945327254e-03 -9.552325390344808e-04 -1.007731390823423e+00
21 54 -1.000282909683615e+00 -1.880878141563975e-03 -9.544373787805984e-04 -1.007729718003408e+00
21 55 -1.000283136982465e+00 -1.881727236488346e-03 -9.535023692017917e-04 -1.007727598408345e+00
21 56 -1.000283416614996e+00 -1.882703979975280e-03 -9.524384678337979e-04 -1.007725056855935e+00
21 57 -1.000283744805459e+00 -1.883797371750657e-03 -9.512597920763726e-04 -1.007722123306631e+00
21 58 -1.000284117270950e+00 -1.884994869930081e-03 -9.499833345381890e-04 -1.007718832191707e+00
21 59 -1.000284529330955e+00 -1.886282652129230e-03 -9.486285006259353e-04 -1.007715221628244e+00
21 60 -1.000284976019696e+00 -1.887645902639016e-03 -9.472165005310133e-04 -1.007711332610675e+00
21 61 -1.000285452191006e+00 -1.889069100877430e-03 -9.457696604035049e-04 -1.007707208249224e+00
21 62 -1.000285952609465e+00 -1.890536293924943e-03 -9.443107301216006e-04 -1.007702893089520e+00
21 63 -1.000286472025159e+00 -1.892031342459362e-03 -9.428622558756372e-04 -1.007698432522078e+00
22 0 -1.000287296092708e+00 -1.894432178126821e-03 -9.370792503821340e-04 -1.007692440331558e+00
22 1 -1.000287845055125e+00 -1.895948051280395e-03 -9.357187994535162e-04 -1.007687777833357e+00
22 2 -1.000288398119637e+00 -1.897445565454438e-03 -9.344291798366324e-04 -1.007683102979694e+00
22 3 -1.000288950375615e+00 -1.898909592790919e-03 -9.332278287187466e-04 -1.007678460523237e+00
22 4 -1.000289497072544e+00 -1.900325611472584e-03 -9.321302150263074e-04 -1.007673894179366e+00
22 5 -1.000290033637602e+00 -1.901679827121154e-03 -9.311495746846898e-04 -1.007669446341102e+00
22 6 -1.000290555692370e+00 -1.902959300927677e-03 -9.302966465369987e-04 -1.007665157778268e+00
22 7 -1.000291059069806e+00 -1.904152085417066e-03 -9.295794517452779e-04 -1.007661067302795e+00
22 8 -1.000291539829750e+00 -1.905247357167388e-03 -9.290031720476957e-04 -1.007657211411885e+00
22 9 -1.000291994269060e+00 -1.906235528021517e-03 -9.285701689765626e-04 -1.007653623949260e+00
22 10 -1.000292418923403e+00 -1.907108318692270e-03 -9.282801512893195e-04 -1.007650335828776e+00
22 11 -1.000292810561061e+00 -1.907858789115517e-03 -9.281304563176104e-04 -1.007647374845778e+00
22 12 -1.000293166172472e+00 -1.908481332379928e-03 -9.281163806131603e-04 -1.007644765574337e+00
22 13 -1.000293482961368e+00 -1.908971649123048e-03 -9.282314900416146e-04 -1.007642529321582e+00
22 14 -1.000293758344022e+00 -1.909326723065095e-03 -9.284678641755282e-04 -1.007640684090719e+00
22 15 -1.000293989961355e+00 -1.909544811666948e-03 -9.288162756475502e-04 -1.007639244507767e+00
22 16 -1.000294175703947e+00 -1.909625449670709e-03 -9.292663499396373e-04 -1.007638221701450e+00
22 17 -1.000294313744465e+00 -1.909569446898205e-03 -9.298067708773013e-04 -1.007637623172045e+00
22 18 -1.000294402569350e+00 -1.909378855991136e-03 -9.304255818139713e-04 -1.007637452710836e+00
22 19 -1.000294441003193e+00 -1.909056893741755e-03 -9.311105912152494e-04 -1.007637710422037e+00
22 20 -1.000294428223871e+00 -1.908607816403714e-03 -9.318498434129020e-04 -1.007638392862803e+00
22 21 -1.000294363771800e+00 -1.908036768025633e-03 -9.326320799063021e-04 -1.007639493270418e+00
22 22 -1.000294247560713e+00 -1.907349634165445e-03 -9.334471089203148e-04 -1.007641001805754e+00
22 23 -1.000294079897940e+00 -1.906552933344226e-03 -9.342860277049262e-04 -1.007642905730315e+00
22 24 -1.000293861517872e+00 -1.905653762378998e-03 -9.351412931762754e-04 -1.007645189465616e+00
22 25 -1.000293593624921e+00 -1.904659787888025e-03 -9.360066852015919e-04 -1.007647834543639e+00
22 26 -1.000293277936352e+00 -1.903579259472787e-03 -9.368772270655325e-04 -1.007650819507903e+00
22 27 -1.000292916713906e+00 -1.902421017853513e-03 -9.377491132246536e-04 -1.007654119840480e+00
22 28 -1.000292512775928e+00 -1.901194479970931e-03 -9.386196590454776e-04 -1.007657707975277e+00
22 29 -1.000292069486703e+00 -1.899909596437593e-03 -9.394872492560876e-04 -1.007661553426177e+00
22 30 -1.000291590725757e+00 -1.898576790957503e-03 -9.403512354756910e-04 -1.007665623018191e+00
22 31 -1.000291080844797e+00 -1.897206901013849e-03 -9.412117301545328e-04 -1.007669881173837e+00
22 32 -1.000290544620751e+00 -1.895811136456174e-03 -9.420692713202560e-04 -1.007674290200218e+00
22 33 -1.000289987208996e+00 -1.894401057000360e-03 -9.429243807983986e-04 -1.007678810553725e+00
22 34 -1.000289414094820e+00 -1.892988552862896e-03 -9.437770826808738e-04 -1.007683401101895e+00
22 35 -1.000288831038462e+00 -1.891585807984363e-03 -9.446264648509449e-04 -1.007688019418441e+00
22 36 -1.000288244010815e+00 -1.890205233655129e-03 -9.454703496242710e-04 -1.007692622131597e+00
22 37 -1.000287659120535e+00 -1.888859373124841e-03 -9.463051023199097e-04 -1.007697165320302e+00
22 38 -1.000287082536409e+00 -1.887560788266353e-03 -9.471255646018505e-04 -1.007701604934074e+00
22 39 -1.000286520410826e+00 -1.886321945494982e-03 -9.479250669433316e-04 -1.007705897202342e+00
22 40 -1.000285978809837e+00 -1.885155116411871e-03 -9.486954661082459e-04 -1.007709999003464e+00
22 41 -1.000285463651228e+00 -1.884072295562335e-03 -9.494271773540712e-04 -1.007713868193908e+00
22 42 -1.000284980645581e+00 -1.883085118918652e-03 -9.501092167020645e-04 -1.007717463942773e+00
22 43 -1.000284535231659e+00 -1.882204756273668e-03 -9.507293088726299e-04 -1.007720747139268e+00
22 44 -1.000284132499787e+00 -1.881441757144451e-03 -9.512741270433985e-04 -1.007723680917760e+00
22 45 -1.000283777103540e+00 -1.880805847637396e-03 -9.517297062447554e-04 -1.007726231293677e+00
22 46 -1.000283473166377e+00 -1.880305693947122e-03 -9.520820246483712e-04 -1.007728367857737e+00
22 47 -1.000283224193541e+00 -1.879948660428851e-03 -9.523176946223780e-04 -1.007730064452013e+00
22 48 -1.000283032999829e+00 -1.879740593767163e-03 -9.524246685576204e-04 -1.007731299751008e+00
22 49 -1.000282901660334e+00 -1.879685656480209e-03 -9.523928611381718e-04 -1.007732057698089e+00
22 50 -1.000282831484288e+00 -1.879786214188236e-03 -9.522146242169822e-04 -1.007732327798265e+00
22 51 -1.000282823005671e+00 -1.880042762888956e-03 -9.518850651815091e-04 -1.007732105312538e+00
22 52 -1.000282875982955e+00 -1.880453877749491e-03 -9.514022451341556e-04 -1.007731391402103e+00
22 53 -1.000282989404757e+00 -1.881016174820314e-03 -9.507673088235369e-04 -1.007730193232750e+00
22 54 -1.000283161503946e+00 -1.881724291458419e-03 -9.499845829773785e-04 -1.007728524005645e+00
22 55 -1.000283389786087e+00 -1.882570901102906e-03 -9.490616458822672e-04 -1.007726402859637e+00
22 56 -1.000283671078221e+00 -1.883546781266069e-03 -9.480093352611604e-04 -1.007723854594709e+00
22 57 -1.000284001601532e+00 -1.884640949541772e-03 -9.468416403974868e-04 -1.007720909190749e+00
22 58 -1.000284377066355e+00 -1.885840869706380e-03 -9.455754302616464e-04 -1.007717601139322e+00
22 59 -1.000284792781592e+00 -1.887132712622930e-03 -9.442300017569389e-04 -1.007713968655615e+00
22 60 -1.000285243766752e+00 -1.888501645061834e-03 -9.428264761280643e-04 -1.007710052862872e+00
22 61 -1.000285724856075e+00 -1.889932120120459e-03 -9.413871073467650e-04 -1.007705897025243e+00
22 62 -1.000286230788660e+00 -1.891408151008844e-03 -9.399345816176063e-04 -1.007701545866170e+00
22 63 -1.000286756282530e+00 -1.892913557342806e-03 -9.384913799822149e-04 -1.007697044979923e+00
23 0 -1.000287524903956e+00 -1.895313403768214e-03 -9.325820829493398e-04 -1.007691155537040e+00
23 1 -1.000288080300504e+00 -1.896840838037248e-03 -9.312267304317719e-04 -1.007686449313628e+00
23 2 -1.000288640319562e+00 -1.898351473420751e-03 -9.299406024125963e-04 -1.007681726503122e+00
23 3 -1.000289200000536e+00 -1.899830110044229e-03 -9.287410383115702e-04 -1.007677032180602e+00
23 4 -1.000289754536172e+00 -1.901262133502404e-03 -9.276434340525913e-04 -1.007672410440809e+00
23 5 -1.000290299288346e+00 -1.902633631569892e-03 -9.266609904798489e-04 -1.007667904122815e+00
23 6 -1.000290829802538e+00 -1.903931518233962e-03 -9.258044561028815e-04 -1.007663554519410e+00
23 7 -1.000291341823163e+00 -1.905143667339753e-03 -9.250819046059187e-04 -1.007659401049105e+00
23 8 -1.000291831309128e+00 -1.906259046350043e-03 -9.244986036555323e-04 -1.007655480897973e+00
23 9 -1.000292294446362e+00 -1.907267832528742e-03 -9.240570209925571e-04 -1.007651828667719e+00
23 10 -1.000292727654206e+00 -1.908161495093109e-03 -9.237569799904813e-04 -1.007648476073956e+00
23 11 -1.000293127584800e+00 -1.908932835508421e-03 -9.235959348001687e-04 -1.007645451725961e+00
23 12 -1.000293491117376e+00 -1.909575989503688e-03 -9.235693027373312e-04 -1.007642780996154e+00
23 13 -1.000293815351970e+00 -1.910086405566069e-03 -9.236707826401621e-04 -1.007640485958160e+00
23 14 -1.000294097608952e+00 -1.910460821108162e-03 -9.238926088549400e-04 -1.007638585345223e+00
23 15 -1.000294335440133e+00 -1.910697252796769e-03 -9.242257350753303e-04 -1.007637094477909e+00
23 16 -1.000294526652980e+00 -1.910795001397485e-03 -9.246599895984183e-04 -1.007636025142978e+00
23 17 -1.000294669343708e+00 -1.910754654039494e-03 -9.251842680224560e-04 -1.007635385453350e+00
23 18 -1.000294761931727e+00 -1.910578059826735e-03 -9.257868180388258e-04 -1.007635179747887e+00
23 19 -1.000294803188538e+00 -1.910268261112229e-03 -9.264556311766271e-04 -1.007635408584934e+00
23 20 -1.000294792257620e+00 -1.909829377754977e-03 -9.271789074299994e-04 -1.007636068853929e+00
23 21 -1.000294728666677e+00 -1.909266459852761e-03 -9.279455202526195e-04 -1.007637153985943e+00
23 22 -1.000294612338315e+00 -1.908585339715886e-03 -9.287453973163820e-04 -1.007638654199104e+00
23 23 -1.000294443607296e+00 -1.907792517074384e-03 -9.295697553332858e-04 -1.007640556693456e+00
23 24 -1.000294223249412e+00 -1.906895097176383e-03 -9.304111775912323e-04 -1.007642845734714e+00
23 25 -1.000293952519948e+00 -1.905900777010641e-03 -9.312635747503189e-04 -1.007645502626684e+00
23 26 -1.000293633193343e+00 -1.904817856274458e-03 -9.321220947768590e-04 -1.007648505626711e+00
23 27 -1.000293267593576e+00 -1.903655245889342e-03 -9.329830373623236e-04 -1.007651829878206e+00
23 28 -1.000292858606624e+00 -1.902422454458985e-03 -9.338437938576925e-04 -1.007655447423166e+00
23 29 -1.000292409670613e+00 -1.901129545702330e-03 -9.347027942318304e-04 -1.007659327329750e+00
23 30 -1.000291924744956e+00 -1.899787074563760e-03 -9.355594126824563e-04 -1.007663435929974e+00
23 31 -1.000291408265401e+00 -1.898406021385310e-03 -9.364137760422292e-04 -1.007667737121771e+00
23 32 -1.000290865093820e+00 -1.896997743105644e-03 -9.372664427881846e-04 -1.007672192676213e+00
23 33 -1.000290300467841e+00 -1.895573945394705e-03 -9.381179686133922e-04 -1.007676762519639e+00
23 34 -1.000289719949463e+00 -1.894146661431610e-03 -9.389684221244942e-04 -1.007681405005731e+00
23 35 -1.000289129368681e+00 -1.892728216352381e-03 -9.398169352091759e-04 -1.007686077213147e+00
23 36 -1.000288534759390e+00 -1.891331163575317e-03 -9.406613595192916e-04 -1.007690735291029e+00
23 37 -1.000287942287922e+00 -1.889968191594161e-03 -9.414980643314423e-04 -1.007695334850633e+00
23 38 -1.000287358177166e+00 -1.888652010594614e-03 -9.423218675734553e-04 -1.007699831383273e+00
23 39 -1.000286788631244e+00 -1.887395235633271e-03 -9.431260556329071e-04 -1.007704180672501e+00
23 40 -1.000286239765960e+00 -1.886210283352548e-03 -9.439024342802434e-04 -1.007708339168145e+00
23 41 -1.000285717546795e+00 -1.885109287334287e-03 -9.446413732810004e-04 -1.007712264316951e+00
23 42 -1.000285227729986e+00 -1.884104017589087e-03 -9.453318531305740e-04 -1.007715914891451e+00
23 43 -1.000284775798179e+00 -1.883205776980705e-03 -9.459615667850101e-04 -1.007719251386624e+00
23 44 -1.000284366884284e+00 -1.882425251926263e-03 -9.465171453193536e-04 -1.007722236534730e+00
23 45 -1.000284005683630e+00 -1.881772312213465e-03 -9.469845557817283e-04 -1.007724835937060e+00
23 46 -1.000283696360878e+00 -1.881255773843720e-03 -9.473496725301424e-04 -1.007727018762953e+00
23 47 -1.000283442461742e+00 -1.880883152442044e-03 -9.475989688150995e-04 -1.007728758439441e+00
23 48 -1.000283246840014e+00 -1.880660439977158e-03 -9.477202343720481e-04 -1.007730033251044e+00
23 49 -1.000283111607230e+00 -1.880591930727520e-03 -9.477032164375611e-04 -1.007730826793285e+00
23 50 -1.000283038105600e+00 -1.880680103977742e-03 -9.475401124350400e-04 -1.007731128273932e+00
23 51 -1.000283026898201e+00 -1.880925551318460e-03 -9.472258975352565e-04 -1.007730932704567e+00
23 52 -1.000283077768710e+00 -1.881326929214795e-03 -9.467585202150691e-04 -1.007730241034573e+00
23 53 -1.000283189727113e+00 -1.881880925613236e-03 -9.461390205010775e-04 -1.007729060245277e+00
23 54 -1.000283361023737e+00 -1.882582243765704e-03 -9.453716140661140e-04 -1.007727403376345e+00
23 55 -1.000283589177553e+00 -1.883423617744756e-03 -9.444637515816140e-04 -1.007725289430783e+00
23 56 -1.000283871024956e+00 -1.884395878911903e-03 -9.434261243288981e-04 -1.007722743105233e+00
23 57 -1.000284202792620e+00 -1.885488089363266e-03 -9.422725625029242e-04 -1.007719794315466e+00
23 58 -1.000284580192708e+00 -1.886687745734793e-03 -9.410197751715268e-04 -1.007716477531515e+00
23 59 -1.000284998532264e+00 -1.887981039060686e-03 -9.396869108904776e-04 -1.007712830988490e+00
23 60 -1.000285452824869e+00 -1.889353144143400e-03 -9.382949616558110e-04 -1.007708895866401e+00
23 61 -1.000285937893992e+00 -1.890788511571392e-03 -9.368660711003457e-04 -1.007704715517769e+00
23 62 -1.000286448462132e+00 -1.892271142945114e-03 -9.354228271442676e-04 -1.007700334783543e+00
23 63 -1.000286979223963e+00 -1.893784837436468e-03 -9.339876151940418e-04 -1.007695799406636e+00
24 0 -1.000287690239380e+00 -1.896173426722674e-03 -9.280008264915199e-04 -1.007690026953860e+00
24 1 -1.000288251373341e+00 -1.897710664117970e-03 -9.266527704371468e-04 -1.007685281805274e+00
24 2 -1.000288817732232e+00 -1.899232860678869e-03 -9.253721258734553e-04 -1.007680515173817e+00
24 3 -1.000289384311171e+00 -1.900724757578512e-03 -9.241761119748934e-04 -1.007675772428693e+00
24 4 -1.000289946251527e+00 -1.902171659902971e-03 -9.230800282028059e-04 -1.007671098019977e+00
24 5 -1.000290498855351e+00 -1.903559549164146e-03 -9.220970171921803e-04 -1.007666535210497e+00
24 6 -1.000291037597682e+00 -1.904875202938810e-03 -9.212378169225274e-04 -1.007662125794939e+00
24 7 -1.000291558139842e+00 -1.906106325413254e-03 -9.205105392420231e-04 -1.007657909780545e+00
24 8 -1.000292056344407e+00 -1.907241681248864e-03 -9.199205311569124e-04 -1.007653925030204e+00
24 9 -1.000292528289541e+00 -1.908271216175769e-03 -9.194703680703756e-04 -1.007650206899251e+00
24 10 -1.000292970279521e+00 -1.909186147289013e-03 -9.191599962377779e-04 -1.007646787910061e+00
24 11 -1.000293378849485e+00 -1.909979013136871e-03 -9.189869994731260e-04 -1.007643697501366e+00
24 12 -1.000293750764693e+00 -1.910643684420555e-03 -9.189469306940086e-04 -1.007640961868975e+00
24 13 -1.000294083017392e+00 -1.911175347776157e-03 -9.190336366843987e-04 -1.007638603884324e+00
24 14 -1.000294372827139e+00 -1.911570483288433e-03 -9.192395216767164e-04 -1.007636643045717e+00
24 15 -1.000294617650968e+00 -1.911826854058255e-03 -9.195557375691901e-04 -1.007635095407591e+00
24 16 -1.000294815206461e+00 -1.911943511427359e-03 -9.199723369388990e-04 -1.007633973460859e+00
24 17 -1.000294963505112e+00 -1.911920801291837e-03 -9.204784538979594e-04 -1.007633285985614e+00
24 18 -1.000295060889272e+00 -1.911760347733607e-03 -9.210625715753214e-04 -1.007633037931475e+00
24 19 -1.000295106065425e+00 -1.911464994515834e-03 -9.217128977684024e-04 -1.007633230382847e+00
24 20 -1.000295098128994e+00 -1.911038698897352e-03 -9.224178204883751e-04 -1.007633860641390e+00
24 21 -1.000295036580250e+00 -1.910486390206154e-03 -9.231663736265957e-04 -1.007634922416420e+00
24 22 -1.000294921335886e+00 -1.909813821856133e-03 -9.239486269923776e-04 -1.007636406066925e+00
24 23 -1.000294752744050e+00 -1.909027451170797e-03 -9.247559340263475e-04 -1.007638298810702e+00
24 24 -1.000294531608879e+00 -1.908134369779304e-03 -9.255810187513174e-04 -1.007640584832683e+00
24 25 -1.000294259224336e+00 -1.907142283663488e-03 -9.264179371029529e-04 -1.007643245281111e+00
24 26 -1.000293937410521e+00 -1.906059521423577e-03 -9.272619782030890e-04 -1.007646258198411e+00
24 27 -1.000293568542549e+00 -1.904895042946067e-03 -9.281095656797946e-04 -1.007649598459911e+00
24 28 -1.000293155563124e+00 -1.903658427025413e-03 -9.289581866557171e-04 -1.007653237786662e+00
24 29 -1.000292701973491e+00 -1.902359829086999e-03 -9.298063349971648e-04 -1.007657144872298e+00
24 30 -1.000292211802870e+00 -1.901009915040439e-03 -9.306534224567259e-04 -1.007661285624648e+00
24 31 -1.000291689562219e+00 -1.899619789838870e-03 -9.314996001956996e-04 -1.007665623480518e+00
24 32 -1.000291140191002e+00 -1.898200941008988e-03 -9.323454531404100e-04 -1.007670119732941e+00
24 33 -1.000290569003102e+00 -1.896765204285309e-03 -9.331915759478295e-04 -1.007674733832975e+00
24 34 -1.000289981632393e+00 -1.895324739772540e-03 -9.340380891150321e-04 -1.007679423673245e+00
24 35 -1.000289383974851e+00 -1.893891997677575e-03 -9.348841800469280e-04 -1.007684145887277e+00
24 36 -1.000288782124469e+00 -1.892479657659280e-03 -9.357277455458295e-04 -1.007688856191091e+00
24 37 -1.000288182302945e+00 -1.891100538177708e-03 -9.365651775027585e-04 -1.007693509769886e+00
24 38 -1.000287590785500e+00 -1.889767483956828e-03 -9.373912887523766e-04 -1.007698061692579e+00
24 39 -1.000287013827078e+00 -1.888493247776322e-03 -9.381993370299846e-04 -1.007702467323655e+00
24 40 -1.000286457593548e+00 -1.887290384023505e-03 -9.389810876466572e-04 -1.007706682700062e+00
24 41 -1.000285928099685e+00 -1.886171161180011e-03 -9.397268714086690e-04 -1.007710664864247e+00
24 42 -1.000285431150103e+00 -1.885147481414085e-03 -9.404256384562825e-04 -1.007714372189292e+00
24 43 -1.000284972275164e+00 -1.884230780817138e-03 -9.410650562828944e-04 -1.007717764764527e+00
24 44 -1.000284556655366e+00 -1.883431885371581e-03 -9.416317223869061e-04 -1.007720804898061e+00
24 45 -1.000284189033845e+00 -1.882760814165294e-03 -9.421115460159186e-04 -1.007723457743229e+00
24 46 -1.000283873623247e+00 -1.882226541875322e-03 -9.424903073700459e-04 -1.007725692002757e+00
24 47 -1.000283614017076e+00 -1.881836748057464e-03 -9.427543462676367e-04 -1.007727480632072e+00
24 48 -1.000283413116017e+00 -1.881597586978828e-03 -9.428912880643312e-04 -1.007728801457474e+00
24 49 -1.000283273076565e+00 -1.881513505769237e-03 -9.428907017905404e-04 -1.007729637648201e+00
24 50 -1.000283195282859e+00 -1.881587121219171e-03 -9.427446117145295e-04 -1.007729978030167e+00
24 51 -1.000283180336228e+00 -1.881819145604421e-03 -9.424478370568457e-04 -1.007729817278829e+00
24 52 -1.000283228054862e+00 -1.882208342208829e-03 -9.419981881910250e-04 -1.007729156044555e+00
24 53 -1.000283337479595e+00 -1.882751496600310e-03 -9.413965755801131e-04 -1.007728001036382e+00
24 54 -1.000283506887710e+00 -1.883443403742704e-03 -9.406470805442679e-04 -1.007726365044365e+00
24 55 -1.000283733820833e+00 -1.884276884164978e-03 -9.397570035907948e-04 -1.007724266848417e+00
24 56 -1.000284015133532e+00 -1.885242849006623e-03 -9.387368656232798e-04 -1.007721730956390e+00
24 57 -1.000284347066398e+00 -1.886330431044098e-03 -9.376003101301501e-04 -1.007718787136755e+00
24 58 -1.000284725341624e+00 -1.887527186070293e-03 -9.363638539190965e-04 -1.007715469757878e+00
24 59 -1.000285145272562e+00 -1.888819351258491e-03 -9.350464609138575e-04 -1.007711816998855e+00
24 60 -1.000285601875133e+00 -1.890192134505039e-03 -9.336689559356956e-04 -1.007707870025731e+00
24 61 -1.000286089970443e+00 -1.891630007482677e-03 -9.322533355289363e-04 -1.007703672214452e+00
24 62 -1.000286604272836e+00 -1.893116981887340e-03 -9.308220561040677e-04 -1.007699268464638e+00
24 63 -1.000287139461895e+00 -1.894636856172314e-03 -9.293973787952713e-04 -1.007694704615110e+00
25 0 -1.000287791256109e+00 -1.897004194631128e-03 -9.233827719694300e-04 -1.007689061567176e+00
25 1 -1.000288357397733e+00 -1.898549428000695e-03 -9.220440472946830e-04 -1.007684282510635e+00
25 2 -1.000288929440474e+00 -1.900081556085370e-03 -9.207707436219160e-04 -1.007679476469683e+00
25 3 -1.000289502340843e+00 -1.901585273773909e-03 -9.195799401824755e-04 -1.007674689079492e+00
25 4 -1.000290071194346e+00 -1.903045817805978e-03 -9.184868186638005e-04 -1.007669965120211e+00
25 5 -1.000290631249023e+00 -1.904449075624070e-03 -9.175044413313509e-04 -1.007665348253528e+00
25 6 -1.000291177915624e+00 -1.905781700166777e-03 -9.166435150738264e-04 -1.007660880751677e+00
25 7 -1.000291706778514e+00 -1.907031236392629e-03 -9.159121740190116e-04 -1.007656603188612e+00
25 8 -1.000292213609586e+00 -1.908186254600821e-03 -9.153158355729068e-04 -1.007652554085707e+00
25 9 -1.000292694383869e+00 -1.909236474915404e-03 -9.148571815282700e-04 -1.007648769538728e+00
25 10 -1.000293145293545e+00 -1.910172864951117e-03 -9.145362866472066e-04 -1.007645282871635e+00
25 11 -1.000293562757585e+00 -1.910987699140023e-03 -9.143508750084272e-04 -1.007642124358064e+00
25 12 -1.000293943426075e+00 -1.911674578572020e-03 -9.142966482264271e-04 -1.007639321032656e+00
25 13 -1.000294284180818e+00 -1.912228421245223e-03 -9.143676146260951e-04 -1.007636896586737e+00
25 14 -1.000294582136931e+00 -1.912645441613302e-03 -9.145563619864808e-04 -1.007634871310162e+00
25 15 -1.000294834652111e+00 -1.912923139029463e-03 -9.148542554347485e-04 -1.007633262022975e+00
25 16 -1.000295039348307e+00 -1.913060302602880e-03 -9.152515902909503e-04 -1.007632081959167e+00
25 17 -1.000295194145085e+00 -1.913057021129943e-03 -9.157377625765777e-04 -1.007631340613116e+00
25 18 -1.000295297298757e+00 -1.912914674563635e-03 -9.163015191561990e-04 -1.007631043601421e+00
25 19 -1.000295347439699e+00 -1.912635885689689e-03 -9.169313154814826e-04 -1.007631192601190e+00
25 20 -1.000295343602116e+00 -1.912224424117464e-03 -9.176157588860458e-04 -1.007631785402967e+00
25 21 -1.000295285244302e+00 -1.911685072310918e-03 -9.183440715183191e-04 -1.007632816076879e+00
25 22 -1.000295172262189e+00 -1.911023479505760e-03 -9.191064874590945e-04 -1.007634275205470e+00
25 23 -1.000295005002961e+00 -1.910246037076151e-03 -9.198945132917104e-04 -1.007636150103659e+00
25 24 -1.000294784285566e+00 -1.909359800991212e-03 -9.207010264576313e-04 -1.007638424951530e+00
25 25 -1.000294511429960e+00 -1.908372465004685e-03 -9.215202400481018e-04 -1.007641080815260e+00
25 26 -1.000294188289948e+00 -1.907292365646492e-03 -9.223475979060000e-04 -1.007644095594137e+00
25 27 -1.000293817280304e+00 -1.906128490584572e-03 -9.231796638325977e-04 -1.007647443966585e+00
25 28 -1.000293401389121e+00 -1.904890467169103e-03 -9.240140387238230e-04 -1.007651097404711e+00
25 29 -1.000292944169555e+00 -1.903588520821017e-03 -9.248492977917322e-04 -1.007655024300282e+00
25 30 -1.000292449709983e+00 -1.902233407594646e-03 -9.256849046944799e-04 -1.007659190207707e+00
25 31 -1.000291922587034e+00 -1.900836337927859e-03 -9.265210447078614e-04 -1.007663558168839e+00
25 32 -1.000291367809639e+00 -1.899408912479721e-03 -9.273583348037477e-04 -1.007668089059800e+00
25 33 -1.000290790761211e+00 -1.897963080583936e-03 -9.281974121507549e-04 -1.007672741913687e+00
25 34 -1.000290197142099e+00 -1.896511113101369e-03 -9.290384536810729e-04 -1.007677474216475e+00
25 35 -1.000289592910042e+00 -1.895065569099007e-03 -9.298807104600605e-04 -1.007682242207914e+00
25 36 -1.000288984215863e+00 -1.893639238285262e-03 -9.307221370908864e-04 -1.007687001218787e+00
25 37 -1.000288377334017e+00 -1.892245053427238e-03 -9.315591640170015e-04 -1.007691706051911e+00
25 38 -1.000287778590072e+00 -1.890895979614541e-03 -9.323866155082318e-04 -1.007696311391508e+00
25 39 -1.000287194288647e+00 -1.889604895706556e-03 -9.331977348724122e-04 -1.007700772212345e+00
25 40 -1.000286630645605e+00 -1.888384485327579e-03 -9.339842570216361e-04 -1.007705044157968e+00
25 41 -1.000286093726140e+00 -1.887247146443293e-03 -9.347364796742085e-04 -1.007709083876179e+00
25 42 -1.000285589385575e+00 -1.886204910577269e-03 -9.354433262365700e-04 -1.007712849341238e+00
25 43 -1.000285123205502e+00 -1.885269346331931e-03 -9.360924431167109e-04 -1.007716300228845e+00
25 44 -1.000284700418593e+00 -1.884451420426290e-03 -9.366704016540352e-04 -1.007719398406057e+00
25 45 -1.000284325821303e+00 -1.883761304696177e-03 -9.371630637622478e-04 -1.007722108551386e+00
25 46 -1.000284003680550e+00 -1.883208139076014e-03 -9.375561266364889e-04 -1.007724398862671e+00
25 47 -1.000283737644589e+00 -1.882799777555570e-03 -9.378358050389278e-04 -1.007726241773152e+00
25 48 -1.000283530668548e+00 -1.882542551352166e-03 -9.379895623965949e-04 -1.007727614588674e+00
25 49 -1.000283384961906e+00 -1.882441078905828e-03 -9.380067840666262e-04 -1.007728499980363e+00
25 50 -1.000283301959199e+00 -1.882498136097254e-03 -9.378793075193351e-04 -1.007728886313385e+00
25 51 -1.000283282308889e+00 -1.882714579616704e-03 -9.376017760993533e-04 -1.007728767843648e+00
25 52 -1.000283325872841e+00 -1.883089304235056e-03 -9.371718393499260e-04 -1.007728144837187e+00
25 53 -1.000283431731976e+00 -1.883619217840504e-03 -9.365902558646370e-04 -1.007727023645528e+00
25 54 -1.000283598199716e+00 -1.884299231767693e-03 -9.358609519011221e-04 -1.007725416724184e+00
25 55 -1.000283822849413e+00 -1.885122278100154e-03 -9.349910576958233e-04 -1.007723342544533e+00
25 56 -1.000284102562657e+00 -1.886079373427814e-03 -9.339909024147700e-04 -1.007720825340159e+00
25 57 -1.000284433602335e+00 -1.887159746951571e-03 -9.328739186223767e-04 -1.007717894649229e+00
25 58 -1.000284811708508e+00 -1.888351038937352e-03 -9.316564027266895e-04 -1.007714584660208e+00
25 59 -1.000285232208391e+00 -1.889639557535189e-03 -9.303571017479144e-04 -1.007710933423023e+00
25 60 -1.000285690127893e+00 -1.891010568001202e-03 -9.289966382866534e-04 -1.007706982021116e+00
25 61 -1.000286180293628e+00 -1.892448586125193e-03 -9.275968269362826e-04 -1.007702773790425e+00
25 62 -1.000286697419691e+00 -1.893937654727107e-03 -9.261799610545511e-04 -1.007698353632315e+00
25 63 -1.000287236178338e+00 -1.895461590466290e-03 -9.247681508197470e-04 -1.007693767430996e+00
26 0 -1.000287827670482e+00 -1.897798051750036e-03 -9.187756591831657e-04 -1.007688264389717e+00
26 1 -1.000288398069489e+00 -1.899349450560231e-03 -9.174481021806712e-04 -1.007683456583160e+00
26 2 -1.000288975111193e+00 -1.900889836118103e-03 -9.161838260371307e-04 -1.007678615745560e+00
26 3 -1.000289553719176e+00 -1.902403869498814e-03 -9.149997533815436e-04 -1.007673787749423e+00
26 4 -1.000290128948677e+00 -1.903876731250464e-03 -9.139109294520668e-04 -1.007669017678534e+00
26 5 -1.000290695999581e+00 -1.905294226860508e-03 -9.129303158041781e-04 -1.007664349567853e+00
26 6 -1.000291250224642e+00 -1.906642896718403e-03 -9.120685681815068e-04 -1.007659826141541e+00
26 7 -1.000291787137916e+00 -1.907910138255232e-03 -9.113338261668456e-04 -1.007655488514491e+00
26 8 -1.000292302427190e+00 -1.909084337885141e-03 -9.107315667409475e-04 -1.007651375842053e+00
26 9 -1.000292791970161e+00 -1.910154998324222e-03 -9.102645746514259e-04 -1.007647524940159e+00
26 10 -1.000293251851221e+00 -1.911112842849366e-03 -9.099330566031692e-04 -1.007643969921411e+00
26 11 -1.000293678375553e+00 -1.911949883629972e-03 -9.097348853164495e-04 -1.007640741890425e+00
26 12 -1.000294068078486e+00 -1.912659450897366e-03 -9.096659221685649e-04 -1.007637868725795e+00
26 13 -1.000294417730125e+00 -1.913236190102001e-03 -9.097203490829424e-04 -1.007635374951794e+00
26 14 -1.000294724338643e+00 -1.913676044077172e-03 -9.098909496929191e-04 -1.007633281669204e+00
26 15 -1.000294985158927e+00 -1.913976240748172e-03 -9.101693153501113e-04 -1.007631606488139e+00
26 16 -1.000295197712821e+00 -1.914135297310548e-03 -9.105459994309168e-04 -1.007630363415654e+00
26 17 -1.000295359822055e+00 -1.914153032778965e-03 -9.110106795606680e-04 -1.007629562698499e+00
26 18 -1.000295469649016e+00 -1.914030566401105e-03 -9.115523913739784e-04 -1.007629210669357e+00
26 19 -1.000295525737811e+00 -1.913770279553428e-03 -9.121598670390259e-04 -1.007629309659160e+00
26 20 -1.000295527049119e+00 -1.913375730915344e-03 -9.128219630573671e-04 -1.007629858018723e+00
26 21 -1.000295472985361e+00 -1.912851531393085e-03 -9.135281168450000e-04 -1.007630850257150e+00
26 22 -1.000295363407052e+00 -1.912203201377056e-03 -9.142687484520029e-04 -1.007632277261336e+00
26 23 -1.000295198645875e+00 -1.911437042823819e-03 -9.150355333930191e-04 -1.007634126522875e+00
26 24 -1.000294979521802e+00 -1.910560054231470e-03 -9.158215137771584e-04 -1.007636382292984e+00
26 25 -1.000294707367887e+00 -1.909579896421215e-03 -9.166210693792570e-04 -1.007639025628563e+00
26 26 -1.000294384059397e+00 -1.908504893183061e-03 -9.174298095503166e-04 -1.007642034357549e+00
26 27 -1.000294012038857e+00 -1.907344038694293e-03 -9.182444518735586e-04 -1.007645383033905e+00
26 28 -1.000293594328027e+00 -1.906106987145773e-03 -9.190627268603969e-04 -1.007649042953850e+00
26 29 -1.000293134520488e+00 -1.904804012296089e-03 -9.198833070117499e-04 -1.007652982280095e+00
26 30 -1.000292636752697e+00 -1.903445939201333e-03 -9.207057214798018e-04 -1.007657166285346e+00
26 31 -1.000292105656669e+00 -1.902044063702741e-03 -9.215301991114710e-04 -1.007661557685716e+00
26 32 -1.000291546301809e+00 -1.900610081155248e-03 -9.223573938817026e-04 -1.007666117005033e+00
26 33 -1.000290964133688e+00 -1.899156037699342e-03 -9.231879874512513e-04 -1.007670802917440e+00
26 34 -1.000290364913291e+00 -1.897694298932359e-03 -9.240222152144899e-04 -1.007675572556922e+00
26 35 -1.000289754655474e+00 -1.896237516591121e-03 -9.248593969438140e-04 -1.007680381821672e+00
26 36 -1.000289139564162e+00 -1.894798574067663e-03 -9.256975543659073e-04 -1.007685185706815e+00
26 37 -1.000288525963693e+00 -1.893390502748903e-03 -9.265331692111344e-04 -1.007689938677614e+00
26 38 -1.000287920227904e+00 -1.892026373930236e-03 -9.273610911633374e-04 -1.007694595071874e+00
26 39 -1.000287328709760e+00 -1.890719180443347e-03 -9.281745617934244e-04 -1.007699109505666e+00
26 40 -1.000286757674676e+00 -1.889481725661984e-03 -9.289652948232909e-04 -1.007703437251894e+00
26 41 -1.000286213239005e+00 -1.888326530703097e-03 -9.297235597460941e-04 -1.007707534576632e+00
26 42 -1.000285701310855e+00 -1.887265753057000e-03 -9.304382551820841e-04 -1.007711359058282e+00
26 43 -1.000285227526271e+00 -1.886311092366718e-03 -9.310970087713530e-04 -1.007714869953915e+00
26 44 -1.000284797174210e+00 -1.885473655821706e-03 -9.316863713577343e-04 -1.007718028677934e+00
26 45 -1.000284415109369e+00 -1.884763769484874e-03 -9.321921671305656e-04 -1.007720799414063e+00
26 46 -1.000284085658740e+00 -1.884190743029600e-03 -9.326000219117994e-04 -1.007723149823733e+00
26 47 -1.000283812531912e+00 -1.883762613128715e-03 -9.328960359439554e-04 -1.007725051773869e+00
26 48 -1.000283598745533e+00 -1.883485899971557e-03 -9.330675170028120e-04 -1.007726481994751e+00
26 49 -1.000283446569527e+00 -1.883365408960395e-03 -9.331036661664131e-04 -1.007727422595113e+00
26 50 -1.000283357496764e+00 -1.883404094199915e-03 -9.329961253953220e-04 -1.007727861406898e+00
26 51 -1.000283332231331e+00 -1.883602978685797e-03 -9.327393465132162e-04 -1.007727792187613e+00
26 52 -1.000283370687629e+00 -1.883961111946239e-03 -9.323307989334249e-04 -1.007727214737161e+00
26 53 -1.000283471995609e+00 -1.884475547712741e-03 -9.317710698368898e-04 -1.007726134967556e+00
26 54 -1.000283634513758e+00 -1.885141337325387e-03 -9.310639122064232e-04 -1.007724564917691e+00
26 55 -1.000283855856058e+00 -1.885951548591174e-03 -9.302162686014445e-04 -1.007722522667190e+00
26 56 -1.000284132939825e+00 -1.886897328336939e-03 -9.292382583051277e-04 -1.007720032091638e+00
26 57 -1.000284462058464e+00 -1.887968027140816e-03 -9.281430824476710e-04 -1.007717122417284e+00
26 58 -1.000284838977489e+00 -1.889151394359878e-03 -9.269467928444656e-04 -1.007713827575642e+00
26 59 -1.000285259045124e+00 -1.890433833127284e-03 -9.256678912435599e-04 -1.007710185415924e+00
26 60 -1.000285717304289e+00 -1.891800689198396e-03 -9.243267665356079e-04 -1.007706236873010e+00
26 61 -1.000286208594235e+00 -1.893236544359386e-03 -9.229450193702800e-04 -1.007702025182571e+00
26 62 -1.000286727636075e+00 -1.894725492785899e-03 -9.215447505874448e-04 -1.007697595193200e+00
26 63 -1.000287269102023e+00 -1.896251387705245e-03 -9.201478944334003e-04 -1.007692992785562e+00
27 0 -1.000287799732205e+00 -1.898547797913714e-03 -9.142270951664085e-04 -1.007687638586107e+00
27 1 -1.000288373628909e+00 -1.900103531277153e-03 -9.129123150320020e-04 -1.007682807261160e+00
27 2 -1.000288954967105e+00 -1.901650479059509e-03 -9.116585520977330e-04 -1.007677936374147e+00
27 3 -1.000289538643046e+00 -1.903173280680075e-03 -9.104825589106413e-04 -1.007673072005987e+00
27 4 -1.000290119677182e+00 -1.904657072195253e-03 -9.093992287336145e-04 -1.007668259517831e+00
27 5 -1.000290693226897e+00 -1.906087588785823e-03 -9.084214046000058e-04 -1.007663543292903e+00
27 6 -1.000291254593222e+00 -1.907451270524380e-03 -9.075596723235293e-04 -1.007658966480739e+00
27 7 -1.000291799226900e+00 -1.908735380016932e-03 -9.068221599619423e-04 -1.007654570708034e+00
27 8 -1.000292322738833e+00 -1.909928131765438e-03 -9.062143920374143e-04 -1.007650395734925e+00
27 9 -1.000292820916017e+00 -1.911018820997441e-03 -9.057392510530056e-04 -1.007646479072070e+00
27 10 -1.000293289740444e+00 -1.911997933951051e-03 -9.053970771402559e-04 -1.007642855601238e+00
27 11 -1.000293725407247e+00 -1.912857225094949e-03 -9.051858982015110e-04 -1.007639557245631e+00
27 12 -1.000294124338852e+00 -1.913589755406346e-03 -9.051017448935907e-04 -1.007636612723886e+00
27 13 -1.000294483193671e+00 -1.914189896470511e-03 -9.051389833412833e-04 -1.007634047398337e+00
27 14 -1.000294798871553e+00 -1.914653316037045e-03 -9.052906035125579e-04 -1.007631883192668e+00
27 15 -1.000295068522340e+00 -1.914976965797719e-03 -9.055484334834908e-04 -1.007630138523086e+00
27 16 -1.000295289564640e+00 -1.915159084510668e-03 -9.059032969225603e-04 -1.007628828190406e+00
27 17 -1.000295459717741e+00 -1.915199211749303e-03 -9.063451693399440e-04 -1.007627963223220e+00
27 18 -1.000295577043416e+00 -1.915098192245530e-03 -9.068633966850048e-04 -1.007627550711887e+00
27 19 -1.000295639990549e+00 -1.914858148219873e-03 -9.074470137651444e-04 -1.007627593694765e+00
27 20 -1.000295647435211e+00 -1.914482406621702e-03 -9.080851538656514e-04 -1.007628091146792e+00
27 21 -1.000295598711001e+00 -1.913975383885004e-03 -9.087674955893371e-04 -1.007629038088466e+00
27 22 -1.000295493628807e+00 -1.913342447759458e-03 -9.094846662816723e-04 -1.007630425789124e+00
27 23 -1.000295332490348e+00 -1.912589787697964e-03 -9.102285257679369e-04 -1.007632241995699e+00
27 24 -1.000295116102811e+00 -1.911724323330340e-03 -9.109922910537937e-04 -1.007634471105595e+00
27 25 -1.000294845799407e+00 -1.910753662358866e-03 -9.117705162698396e-04 -1.007637094238076e+00
27 26 -1.000294523464446e+00 -1.909686095568879e-03 -9.125589844475723e-04 -1.007640089221148e+00
27 27 -1.000294151555989e+00 -1.908530602581766e-03 -9.133545776371072e-04 -1.007643430557327e+00
27 28 -1.000293733117454e+00 -1.907296842773785e-03 -9.141551693165367e-04 -1.007647089440688e+00
27 29 -1.000293271771070e+00 -1.905995116450879e-03 -9.149595436713288e-04 -1.007651033878307e+00
27 30 -1.000292771689881e+00 -1.904636296108417e-03 -9.157673081634923e-04 -1.007655228934155e+00
27 31 -1.000292237550360e+00 -1.903231742274709e-03 -9.165787440772655e-04 -1.007659637069990e+00
27 32 -1.000291674472648e+00 -1.901793225939838e-03 -9.173945464957810e-04 -1.007664218524330e+00
27 33 -1.000291087956433e+00 -1.900332872846007e-03 -9.182154422087327e-04 -1.007668931673051e+00
27 34 -1.000290483816961e+00 -1.898863127214031e-03 -9.190417249708939e-04 -1.007673733353647e+00
27 35 -1.000289868121129e+00 -1.897396717483802e-03 -9.198727852171226e-04 -1.007678579175238e+00
27 36 -1.000289247121905e+00 -1.895946604706675e-03 -9.207067175111699e-04 -1.007683423847056e+00
27 37 -1.000288627190386e+00 -1.894525903341319e-03 -9.215400643786998e-04 -1.007688221542166e+00
27 38 -1.000288014746396e+00 -1.893147776550396e-03 -9.223677125405979e-04 -1.007692926291274e+00
27 39 -1.000287416189747e+00 -1.891825318742262e-03 -9.231829127516248e-04 -1.007697492383997e+00
27 40 -1.000286837834804e+00 -1.890571443313061e-03 -9.239773651510559e-04 -1.007701874746469e+00
27 41 -1.000286285849615e+00 -1.889398787812670e-03 -9.247413144014902e-04 -1.007706029277529e+00
27 42 -1.000285766196826e+00 -1.888319631544380e-03 -9.254636348896637e-04 -1.007709913165483e+00
27 43 -1.000285284569743e+00 -1.887345802716767e-03 -9.261319360233230e-04 -1.007713485247641e+00
27 44 -1.000284846317290e+00 -1.886488547719867e-03 -9.267327514396905e-04 -1.007716706478396e+00
27 45 -1.000284456356927e+00 -1.885758347105847e-03 -9.272518750800138e-04 -1.007719540531562e+00
27 46 -1.000284119081067e+00 -1.885164682859834e-03 -9.276748724694916e-04 -1.007721954507052e+00
27 47 -1.000283838266647e+00 -1.884715779993986e-03 -9.279877414125447e-04 -1.007723919669270e+00
27 48 -1.000283616998359e+00 -1.884418356983273e-03 -9.281776433965816e-04 -1.007725412125694e+00
27 49 -1.000283457613542e+00 -1.884277419369597e-03 -9.282335985690054e-04 -1.007726413365216e+00
27 50 -1.000283361670846e+00 -1.884296116164108e-03 -9.281470492370293e-04 -1.007726910620549e+00
27 51 -1.000283329937870e+00 -1.884475656036641e-03 -9.279122448173508e-04 -1.007726897078692e+00
27 52 -1.000283362389828e+00 -1.884815264441145e-03 -9.275264593494637e-04 -1.007726371997444e+00
27 53 -1.000283458214310e+00 -1.885312163200149e-03 -9.269900919284072e-04 -1.007725340770885e+00
27 54 -1.000283615823662e+00 -1.885961566426237e-03 -9.263067064155873e-04 -1.007723814941410e+00
27 55 -1.000283832881209e+00 -1.886756700638529e-03 -9.254830432480236e-04 -1.007721812116553e+00
27 56 -1.000284106348381e+00 -1.887688866207775e-03 -9.245289974798703e-04 -1.007719355733836e+00
27 57 -1.000284432557033e+00 -1.888747558883124e-03 -9.234575223380340e-04 -1.007716474628579e+00
27 58 -1.000284807305550e+00 -1.889920661042490e-03 -9.222844047660304e-04 -1.007713202399291e+00
27 59 -1.000285225970031e+00 -1.891194694020471e-03 -9.210278768495539e-04 -1.007709576624094e+00
27 60 -1.000285683616862e+00 -1.892555105973005e-03 -9.197080663074812e-04 -1.007705638026160e+00
27 61 -1.000286175104306e+00 -1.893986565268190e-03 -9.183463313195346e-04 -1.007701429684088e+00
27 62 -1.000286695167084e+00 -1.895473236746142e-03 -9.169645531795529e-04 -1.007696996341803e+00
27 63 -1.000287238484107e+00 -1.896999027805441e-03 -9.155844669960818e-04 -1.007692383829611e+00
28 0 -1.000287708198122e+00 -1.899246741871622e-03 -9.097839738943229e-04 -1.007687185612731e+00
28 1 -1.000288284833049e+00 -1.900804998949735e-03 -9.084833310530693e-04 -1.007682336017025e+00
28 2 -1.000288869757623e+00 -1.902356813212962e-03 -9.072413425280371e-04 -1.007677439903993e+00
28 3 -1.000289457846118e+00 -1.903886813863955e-03 -9.060745804965372e-04 -1.007672543534984e+00
28 4 -1.000290044089378e+00 -1.905380103490610e-03 -9.049977740287394e-04 -1.007667692523243e+00
28 5 -1.000290623607723e+00 -1.906822358304867e-03 -9.040236327067199e-04 -1.007662931575309e+00
28 6 -1.000291191656648e+00 -1.908199930361972e-03 -9.031626556600653e-04 -1.007658304238470e+00
28 7 -1.000291743630638e+00 -1.909499960494078e-03 -9.024229433041079e-04 -1.007653852620338e+00
28 8 -1.000292275071200e+00 -1.910710504088937e-03 -9.018100552024676e-04 -1.007649617053955e+00
28 9 -1.000292781681857e+00 -1.911820660344764e-03 -9.013269649075238e-04 -1.007645635714806e+00
28 10 -1.000293259348498e+00 -1.912820687788459e-03 -9.009741457138274e-04 -1.007641944228290e+00
28 11 -1.000293704161010e+00 -1.913702089801819e-03 -9.007497859473303e-04 -1.007638575317260e+00
28 12 -1.000294112431878e+00 -1.914457661775221e-03 -9.006500940981461e-04 -1.007635558529850e+00
28 13 -1.000294480709021e+00 -1.915081502590467e-03 -9.006696297608236e-04 -1.007632920063973e+00
28 14 -1.000294805783865e+00 -1.915569004409379e-03 -9.008015975928237e-04 -1.007630682669439e+00
28 15 -1.000295084700201e+00 -1.915916840867714e-03 -9.010380701866196e-04 -1.007628865575875e+00
28 16 -1.000295314771464e+00 -1.916122968540049e-03 -9.013701507218762e-04 -1.007627484390597e+00
28 17 -1.000295493611173e+00 -1.916186640844952e-03 -9.017881254593889e-04 -1.007626550945255e+00
28 18 -1.000295619175291e+00 -1.916108417582037e-03 -9.022816683620425e-04 -1.007626073119924e+00
28 19 -1.000295689810100e+00 -1.915890147475066e-03 -9.028401390722496e-04 -1.007626054704190e+00
28 20 -1.000295704297350e+00 -1.915534907700720e-03 -9.034529724855828e-04 -1.007626495352774e+00
28 21 -1.000295661889948e+00 -1.915046899296061e-03 -9.041101127892288e-04 -1.007627390663904e+00
28 22 -1.000295562335749e+00 -1.914431315052726e-03 -9.048024153423302e-04 -1.007628732362763e+00
28 23 -1.000295405892562e+00 -1.913694209829864e-03 -9.055219393445892e-04 -1.007630508527037e+00
28 24 -1.000295193341130e+00 -1.912842403435263e-03 -9.062620863227596e-04 -1.007632703774026e+00
28 25 -1.000294926001811e+00 -1.911883430496993e-03 -9.070175910554745e-04 -1.007635299356769e+00
28 26 -1.000294605755464e+00 -1.910825529030828e-03 -9.077844161066074e-04 -1.007638273174098e+00
28 27 -1.000294235063448e+00 -1.909677643676228e-03 -9.085596158599392e-04 -1.007641599749022e+00
28 28 -1.000293816978637e+00 -1.908449417509968e-03 -9.093412175927243e-04 -1.007645250247377e+00
28 29 -1.000293355139733e+00 -1.907151155156639e-03 -9.101281298274504e-04 -1.007649192595883e+00
28 30 -1.000292853744382e+00 -1.905793754474674e-03 -9.109200500898098e-04 -1.007653391724681e+00
28 31 -1.000292317502141e+00 -1.904388619697518e-03 -9.117173202881626e-04 -1.007657809913499e+00
28 32 -1.000291751573624e+00 -1.902947578056670e-03 -9.125206801349847e-04 -1.007662407183529e+00
28 33 -1.000291161503879e+00 -1.901482817107999e-03 -9.133309011962609e-04 -1.007667141675094e+00
28 34 -1.000290553155336e+00 -1.900006843258682e-03 -9.141483334467185e-04 -1.007671969986441e+00
28 35 -1.000289932641413e+00 -1.898532446070102e-03 -9.149724367463783e-04 -1.007676847490014e+00
28 36 -1.000289306259853e+00 -1.897072648893744e-03 -9.158013806266856e-04 -1.007681728657879e+00
28 37 -1.000288680425152e+00 -1.895640633928472e-03 -9.166317748427260e-04 -1.007686567416355e+00
28 38 -1.000288061600574e+00 -1.894249641678419e-03 -9.174585523745963e-04 -1.007691317529550e+00
28 39 -1.000287456231139e+00 -1.892912855727607e-03 -9.182749819961812e-04 -1.007695932993332e+00
28 40 -1.000286870679547e+00 -1.891643289954235e-03 -9.190727560185017e-04 -1.007700368410635e+00
28 41 -1.000286311165926e+00 -1.890453691371772e-03 -9.198420962299236e-04 -1.007704579328581e+00
28 42 -1.000285783708804e+00 -1.889356456077137e-03 -9.205718520268839e-04 -1.007708522554360e+00
28 43 -1.000285294061098e+00 -1.888363537498405e-03 -9.212496131782160e-04 -1.007712156508045e+00
28 44 -1.000284847635074e+00 -1.887486319423053e-03 -9.218618966279206e-04 -1.007715441679476e+00
28 45 -1.000284449415202e+00 -1.886735436361770e-03 -9.223944708683364e-04 -1.007718341220979e+00
28 46 -1.000284103864160e+00 -1.886120543449003e-03 -9.228328508568013e-04 -1.007720821652105e+00
28 47 -1.000283814831606e+00 -1.885650057239195e-03 -9.231629444656921e-04 -1.007722853606621e+00
28 48 -1.000283585476250e+00 -1.885330901336288e-03 -9.233717781706826e-04 -1.007724412529525e+00
28 49 -1.000283418209380e+00 -1.885168292261888e-03 -9.234481976760461e-04 -1.007725479238977e+00
28 50 -1.000283314662311e+00 -1.885165588067454e-03 -9.233834456929958e-04 -1.007726040309481e+00
28 51 -1.000283275673326e+00 -1.885324199744696e-03 -9.231715630174811e-04 -1.007726088293103e+00
28 52 -1.000283301286074e+00 -1.885643547498687e-03 -9.228096172575964e-04 -1.007725621836222e+00
28 53 -1.000283390753970e+00 -1.886121041804391e-03 -9.222978059685281e-04 -1.007724645741188e+00
28 54 -1.000283542551717e+00 -1.886752080946169e-03 -9.216394907452704e-04 -1.007723170977704e+00
28 55 -1.000283754400396e+00 -1.887530071710629e-03 -9.208411984478010e-04 -1.007721214604789e+00
28 56 -1.000284023313639e+00 -1.888446489851567e-03 -9.199125892208418e-04 -1.007718799545653e+00
28 57 -1.000284345669449e+00 -1.889490998747418e-03 -9.188663561428214e-04 -1.007715954168618e+00
28 58 -1.000284717306271e+00 -1.890651636484391e-03 -9.177180055324561e-04 -1.007712711665442e+00
28 59 -1.000285133634585e+00 -1.891915064581319e-03 -9.164854799860290e-04 -1.007709109275235e+00
28 60 -1.000285589750186e+00 -1.893266854327442e-03 -9.151886228197042e-04 -1.007705187448886e+00
28 61 -1.000286080536135e+00 -1.894691780185887e-03 -9.138485247392143e-04 -1.007700989053641e+00
28 62 -1.000286600746716e+00 -1.896174095879784e-03 -9.124868231522702e-04 -1.007696558679618e+00
28 63 -1.000287145073625e+00 -1.897697779475881e-03 -9.111250328862215e-04 -1.007691942063015e+00
29 0 -1.000287554306622e+00 -1.899888748425376e-03 -9.054919079468478e-04 -1.007686905367460e+00
29 1 -1.000288132928483e+00 -1.901447756186313e-03 -9.042064989036334e-04 -1.007682042716306e+00
29 2 -1.000288720729923e+00 -1.903002758360360e-03 -9.029773046970515e-04 -1.007677126229074e+00
29 3 -1.000289312568187e+00 -1.904538384517518e-03 -9.018207099014554e-04 -1.007672202321118e+00
29 4 -1.000289903409422e+00 -1.906039714357655e-03 -9.007512703280171e-04 -1.007667316832734e+00
29 5 -1.000290488342143e+00 -1.907492376318242e-03 -8.997815502251303e-04 -1.007662514768051e+00
29 6 -1.000291062582264e+00 -1.908882646481414e-03 -8.989219479467561e-04 -1.007657840044134e+00
29 7 -1.000291621474825e+00 -1.910197556754715e-03 -8.981805218072873e-04 -1.007653335218542e+00
29 8 -1.000292160499448e+00 -1.911425016710217e-03 -8.975628540979643e-04 -1.007649041163632e+00
29 9 -1.000292675283829e+00 -1.912553942320291e-03 -8.970720017522052e-04 -1.007644996685735e+00
29 10 -1.000293161624711e+00 -1.913574375336305e-03 -8.967085697086769e-04 -1.007641238123417e+00
29 11 -1.000293615512304e+00 -1.914477576194152e-03 -8.964709109077790e-04 -1.007637798975513e+00
29 12 -1.000294033153057e+00 -1.915256080204927e-03 -8.963554192160763e-04 -1.007634709603355e+00
29 13 -1.000294410986794e+00 -1.915903717202575e-03 -8.963568556745906e-04 -1.007631997030151e+00
29 14 -1.000294745697643e+00 -1.916415606011927e-03 -8.964686462936929e-04 -1.007629684826644e+00
29 15 -1.000295034223408e+00 -1.916788142931262e-03 -8.966831137378583e-04 -1.007627793035933e+00
29 16 -1.000295273771462e+00 -1.917019001241334e-03 -8.969916468302607e-04 -1.007626338077437e+00
29 17 -1.000295461847634e+00 -1.917107144849722e-03 -8.973848514478534e-04 -1.007625332597742e+00
29 18 -1.000295596298644e+00 -1.917052842136394e-03 -8.978527428665237e-04 -1.007624785287304e+00
29 19 -1.000295675362516e+00 -1.916857657626932e-03 -8.983850237528427e-04 -1.007624700720153e+00
29 20 -1.000295697718414e+00 -1.916524403556166e-03 -8.989714523711726e-04 -1.007625079278247e+00
29 21 -1.000295662527941e+00 -1.916057047014690e-03 -8.996022609245486e-04 -1.007625917196842e+00
29 22 -1.000295569463690e+00 -1.915460585599999e-03 -9.002685525303013e-04 -1.007627206723642e+00
29 23 -1.000295418726445e+00 -1.914740918946422e-03 -9.009626004426139e-04 -1.007628936337486e+00
29 24 -1.000295211057179e+00 -1.913904746705945e-03 -9.016779998804328e-04 -1.007631090947363e+00
29 25 -1.000294947750376e+00 -1.912959510712083e-03 -9.024096714903895e-04 -1.007633652011346e+00
29 26 -1.000294630670980e+00 -1.911913376878852e-03 -9.031537614437575e-04 -1.007636597569146e+00
29 27 -1.000294262271488e+00 -1.910775235013384e-03 -9.039075021133435e-04 -1.007639902234878e+00
29 28 -1.000293845601946e+00 -1.909554690651666e-03 -9.046690830890713e-04 -1.007643537219885e+00
29 29 -1.000293384304983e+00 -1.908262030280522e-03 -9.054375478256392e-04 -1.007647470447348e+00
29 30 -1.000292882590438e+00 -1.906908154640572e-03 -9.062126943144274e-04 -1.007651666790302e+00
29 31 -1.000292345189186e+00 -1.905504490312015e-03 -9.069949327667832e-04 -1.007656088419885e+00
29 32 -1.000291777291577e+00 -1.904062900971588e-03 -9.077850508139093e-04 -1.007660695208938e+00
29 33 -1.000291184478628e+00 -1.902595617802823e-03 -9.085838635614548e-04 -1.007665445126413e+00
29 34 -1.000290572652203e+00 -1.901115192805686e-03 -9.093917730738443e-04 -1.007670294589842e+00
29 35 -1.000289947966242e+00 -1.899634461298931e-03 -9.102083045764746e-04 -1.007675198787646e+00
29 36 -1.000289316758693e+00 -1.898166494028994e-03 -9.110317015032883e-04 -1.007680112002867e+00
29 37 -1.000288685483903e+00 -1.896724526093677e-03 -9.118586439737071e-04 -1.007684987959860e+00
29 38 -1.000288060645892e+00 -1.895321861217038e-03 -9.126841173844072e-04 -1.007689780196200e+00
29 39 -1.000287448733161e+00 -1.893971759939002e-03 -9.135014150579662e-04 -1.007694442446638e+00
29 40 -1.000286856156003e+00 -1.892687326918255e-03 -9.143022258514427e-04 -1.007698929015112e+00
29 41 -1.000286289186766e+00 -1.891481411257813e-03 -9.150767495765380e-04 -1.007703195114020e+00
29 42 -1.000285753900874e+00 -1.890366520432441e-03 -9.158138082984131e-04 -1.007707197180282e+00
29 43 -1.000285256112890e+00 -1.889354729405886e-03 -9.165009683791948e-04 -1.007710893221252e+00
29 44 -1.000284801301497e+00 -1.888457557044689e-03 -9.171247278395788e-04 -1.007714243260340e+00
29 45 -1.000284394522019e+00 -1.887685790392553e-03 -9.176708318882565e-04 -1.007717209920809e+00
29 46 -1.000284040311782e+00 -1.887049257289024e-03 -9.181247525467537e-04 -1.007719759128266e+00
29 47 -1.000283742598050e+00 -1.886556567334061e-03 -9.184723193161237e-04 -1.007721860863944e+00
29 48 -1.000283504618996e+00 -1.886214853875446e-03 -9.187004357627541e-04 -1.007723489877791e+00
29 49 -1.000283328865780e+00 -1.886029552628407e-03 -9.187977822282869e-04 -1.007724626274128e+00
29 50 -1.000283217048639e+00 -1.886004242233231e-03 -9.187554055201684e-04 -1.007725255917784e+00
29 51 -1.000283170083125e+00 -1.886140550358190e-03 -9.185671355121010e-04 -1.007725370668074e+00
29 52 -1.000283188088371e+00 -1.886438108565587e-03 -9.182298261875780e-04 -1.007724968496892e+00
29 53 -1.000283270391161e+00 -1.886894534198233e-03 -9.177434637693715e-04 -1.007724053547712e+00
29 54 -1.000283415536443e+00 -1.887505428930761e-03 -9.171111976743638e-04 -1.007722636147723e+00
29 55 -1.000283621311047e+00 -1.888264399724809e-03 -9.163393326320166e-04 -1.007720732735814e+00
29 56 -1.000283884788691e+00 -1.889163118220046e-03 -9.154372864572853e-04 -1.007718365648032e+00
29 57 -1.000284202401034e+00 -1.890191436308290e-03 -9.144174841173821e-04 -1.007715562713124e+00
29 58 -1.000284570033419e+00 -1.891337568616310e-03 -9.132951406846261e-04 -1.007712356646473e+00
29 59 -1.000284983136783e+00 -1.892588337188490e-03 -9.120878945747455e-04 -1.007708784283852e+00
29 60 -1.000285436841838e+00 -1.893929455964389e-03 -9.108152859585278e-04 -1.007704885745788e+00
29 61 -1.000285926061742e+00 -1.895345823876049e-03 -9.094981167752197e-04 -1.007700703636287e+00
29 62 -1.000286445575671e+00 -1.896821800471966e-03 -9.081577591504432e-04 -1.007696282345641e+00
29 63 -1.000286990093558e+00 -1.898341449896509e-03 -9.068154886556206e-04 -1.007691667475144e+00
30 0 -1.000287339753221e+00 -1.900468278277163e-03 -9.013946823645202e-04 -1.007686796345639e+00
30 1 -1.000287919625115e+00 -1.902026316321907e-03 -9.001253311844324e-04 -1.007681925783780e+00
30 2 -1.000288509600896e+00 -1.903582859569945e-03 -8.989096997593655e-04 -1.007676993765563e+00
30 3 -1.000289104525393e+00 -1.905122547968349e-03 -8.977639806677453e-04 -1.007672046834713e+00
30 4 -1.000289699344716e+00 -1.906630448594014e-03 -8.967025505530867e-04 -1.007667131033124e+00
30 5 -1.000290289120545e+00 -1.908092152930970e-03 -8.957378197158804e-04 -1.007662291636374e+00
30 6 -1.000290869034802e+00 -1.909493872657292e-03 -8.948800745519582e-04 -1.007657572903617e+00
30 7 -1.000291434389554e+00 -1.910822543411184e-03 -8.941373187756166e-04 -1.007653017811388e+00
30 8 -1.000291980609910e+00 -1.912065942595535e-03 -8.935151458842521e-04 -1.007648667736363e+00
30 9 -1.000292503255526e+00 -1.913212816528177e-03 -8.930166883999779e-04 -1.007644562079094e+00
30 10 -1.000292998041366e+00 -1.914253002218661e-03 -8.926426806493815e-04 -1.007640737857354e+00
30 11 -1.000293460864201e+00 -1.915177526890007e-03 -8.923916431965204e-04 -1.007637229317488e+00
30 12 -1.000293887829297e+00 -1.915978673365214e-03 -8.922601614813945e-04 -1.007634067611385e+00
30 13 -1.000294275271803e+00 -1.916650008270488e-03 -8.922432048106110e-04 -1.007631280570426e+00
30 14 -1.000294619770646e+00 -1.917186381382498e-03 -8.923344261258609e-04 -1.007628892574800e+00
30 15 -1.000294918158665e+00 -1.917583914617712e-03 -8.925264019522568e-04 -1.007626924474719e+00
30 16 -1.000295167537457e+00 -1.917839999786597e-03 -8.928108097657357e-04 -1.007625393499244e+00
30 17 -1.000295365304713e+00 -1.917953311528948e-03 -8.931785795981580e-04 -1.007624313111736e+00
30 18 -1.000295509196126e+00 -1.917923824109639e-03 -8.936200766142519e-04 -1.007623692822988e+00
30 19 -1.000295597337507e+00 -1.917752810788449e-03 -8.941253603465453e-04 -1.007623538014398e+00
30 20 -1.000295628298834e+00 -1.917442807045763e-03 -8.946845306856962e-04 -1.007623849832967e+00
30 21 -1.000295601141357e+00 -1.916997530372307e-03 -8.952881279149532e-04 -1.007624625201559e+00
30 22 -1.000295515451468e+00 -1.916421765145316e-03 -8.959275214346454e-04 -1.007625856949959e+00
30 23 -1.000295371360759e+00 -1.915721236688993e-03 -8.965952127151162e-04 -1.007627534023469e+00
30 24 -1.000295169557677e+00 -1.914902505247153e-03 -8.972849993789095e-04 -1.007629641691195e+00
30 25 -1.000294911298111e+00 -1.913972900816606e-03 -8.979919923959213e-04 -1.007632161685616e+00
30 26 -1.000294598418705e+00 -1.912940498158214e-03 -8.987125244676469e-04 -1.007635072256776e+00
30 27 -1.000294233350930e+00 -1.911814112539890e-03 -8.994440099736236e-04 -1.007638348180510e+00
30 28 -1.000293819129691e+00 -1.910603291019602e-03 -9.001848072351919e-04 -1.007641960787157e+00
30 29 -1.000293359388929e+00 -1.909318279770496e-03 -9.009341032180569e-04 -1.007645878072990e+00
30 30 -1.000292858337992e+00 -1.907969959713202e-03 -9.016918055709168e-04 -1.007650064931682e+00
30 31 -1.000292320716840e+00 -1.906569757717089e-03 -9.024584001285956e-04 -1.007654483501380e+00
30 32 -1.000291751734303e+00 -1.905129553553666e-03 -9.032347254479459e-04 -1.007659093577303e+00
30 33 -1.000291156997500e+00 -1.903661603787185e-03 -9.040216380312628e-04 -1.007663853021663e+00
30 34 -1.000290542439506e+00 -1.902178489504805e-03 -9.048195863311010e-04 -1.007668718129995e+00
30 35 -1.000289914248239e+00 -1.900693076379295e-03 -9.056281547399208e-04 -1.007673643960072e+00
30 36 -1.000289278796866e+00 -1.899218467867407e-03 -9.064456565810712e-04 -1.007678584654250e+00
30 37 -1.000288642575893e+00 -1.897767937946417e-03 -9.072688417398392e-04 -1.007683493778223e+00
30 38 -1.000288012127407e+00 -1.896354840322372e-03 -9.080927506049934e-04 -1.007688324681270e+00
30 39 -1.000287393981530e+00 -1.894992500401155e-03 -9.089107052554828e-04 -1.007693030869764e+00
30 40 -1.000286794595095e+00 -1.893694103401647e-03 -9.097143943704117e-04 -1.007697566374702e+00
30 41 -1.000286220292537e+00 -1.892472592811304e-03 -9.104939956998329e-04 -1.007701886092053e+00
30 42 -1.000285677207038e+00 -1.891340582173451e-03 -9.112382999678872e-04 -1.007705946099480e+00
30 43 -1.000285171216590e+00 -1.890310264208907e-03 -9.119348441540793e-04 -1.007709703997199e+00
30 44 -1.000284707868901e+00 -1.889393289856046e-03 -9.125701026972788e-04 -1.007713119343584e+00
30 45 -1.000284292293517e+00 -1.888600596416647e-03 -9.131297969654237e-04 -1.007716154229355e+00
30 46 -1.000283929106448e+00 -1.887942183300265e-03 -9.135993608556063e-04 -1.007718773976234e+00
30 47 -1.000283622317097e+00 -1.887426853574038e-03 -9.139645551594830e-04 -1.007720947895506e+00
30 48 -1.000283375247974e+00 -1.887061952879160e-03 -9.142121726771840e-04 -1.007722650016521e+00
30 49 -1.000283190475320e+00 -1.886853141691161e-03 -9.143307393507801e-04 -1.007723859695027e+00
30 50 -1.000283069793941e+00 -1.886804228421303e-03 -9.143111125757788e-04 -1.007724562041809e+00
30 51 -1.000283014202765e+00 -1.886917069762421e-03 -9.141469121289554e-04 -1.007724748171337e+00
30 52 -1.000283023902854e+00 -1.887191522966654e-03 -9.138347746297287e-04 -1.007724415324525e+00
30 53 -1.000283098301101e+00 -1.887625427769408e-03 -9.133744688076646e-04 -1.007723566926928e+00
30 54 -1.000283236019819e+00 -1.888214605951467e-03 -9.127689253140998e-04 -1.007722212600999e+00
30 55 -1.000283434919095e+00 -1.888952882610370e-03 -9.120242211464308e-04 -1.007720368099499e+00
30 56 -1.000283692140317e+00 -1.889832143993090e-03 -9.111495276392182e-04 -1.007718055103143e+00
30 57 -1.000284004175971e+00 -1.890842449365795e-03 -9.101569979315859e-04 -1.007715300833637e+00
30 58 -1.000284366964758e+00 -1.891972208676960e-03 -9.090615503114816e-04 -1.007712137465297e+00
30 59 -1.000284776003808e+00 -1.893208423112583e-03 -9.078805095855983e-04 -1.007708601369881e+00
30 60 -1.000285226463906e+00 -1.894536967270082e-03 -9.066330989600066e-04 -1.007704732282385e+00
30 61 -1.000285713293080e+00 -1.895942881390979e-03 -9.053398145872513e-04 -1.007700572495023e+00
30 62 -1.000286231300101e+00 -1.897410646413401e-03 -9.040217452166570e-04 -1.007696166155662e+00
30 63 -1.000286775218045e+00 -1.898924427048350e-03 -9.026999104256616e-04 -1.007691558692162e+00
31 0 -1.000287066667501e+00 -1.900980419418323e-03 -8.975337400943184e-04 -1.007686855800227e+00
31 1 -1.000287647071379e+00 -1.902535831994665e-03 -8.962809964401390e-04 -1.007681982372951e+00
31 2 -1.000288238530621e+00 -1.904092313112074e-03 -8.950794412515724e-04 -1.007677039630304e+00
31 3 -1.000288835882020e+00 -1.905634522772703e-03 -8.939450733467699e-04 -1.007672074218567e+00
31 4 -1.000289434055975e+00 -1.907147525105616e-03 -8.928920876772269e-04 -1.007667132356002e+00
31 5 -1.000290028091893e+00 -1.908616884808089e-03 -8.919327354715309e-04 -1.007662259563942e+00
31 6 -1.000290613142890e+00 -1.910028760416151e-03 -8.910771828827884e-04 -1.007657500415684e+00
31 7 -1.000291184474206e+00 -1.911370003981733e-03 -8.903333686059260e-04 -1.007652898274860e+00
31 8 -1.000291737463542e+00 -1.912628274449312e-03 -8.897068871305101e-04 -1.007648494986685e+00
31 9 -1.000292267610189e+00 -1.913792162302709e-03 -8.892009391895469e-04 -1.007644330508195e+00
31 10 -1.000292770554955e+00 -1.914851312848815e-03 -8.888163856307459e-04 -1.007640442499193e+00
31 11 -1.000293242108125e+00 -1.915796531678422e-03 -8.885519163584738e-04 -1.007636865919396e+00
31 12 -1.000293678279470e+00 -1.916619858726622e-03 -8.884043133040083e-04 -1.007633632682470e+00
31 13 -1.000294075303652e+00 -1.917314604927466e-03 -8.883687598967997e-04 -1.007630771405784e+00
31 14 -1.000294429657294e+00 -1.917875357047239e-03 -8.884391405120740e-04 -1.007628307262299e+00
31 15 -1.000294738070359e+00 -1.918297968031483e-03 -8.886082874705295e-04 -1.007626261895765e+00
31 16 -1.000294997540233e+00 -1.918579553120740e-03 -8.888681669822365e-04 -1.007624653333529e+00
31 17 -1.000295205357317e+00 -1.918718501127677e-03 -8.892100338648982e-04 -1.007623495848789e+00
31 18 -1.000295359145871e+00 -1.918714492802822e-03 -8.896246071457990e-04 -1.007622799773878e+00
31 19 -1.000295456917189e+00 -1.918568506789147e-03 -8.901023123065707e-04 -1.007622571310253e+00
31 20 -1.000295497127367e+00 -1.918282793887980e-03 -8.906336050134343e-04 -1.007622812396395e+00
31 21 -1.000295478729982e+00 -1.917860809560799e-03 -8.912093508827768e-04 -1.007623520683567e+00
31 22 -1.000295401215584e+00 -1.917307109106270e-03 -8.918212026359579e-04 -1.007624689636575e+00
31 23 -1.000295264635369e+00 -1.916627226012662e-03 -8.924619034949586e-04 -1.007626308727643e+00
31 24 -1.000295069613330e+00 -1.915827563249158e-03 -8.931254619348025e-04 -1.007628363649842e+00
31 25 -1.000294817354602e+00 -1.914915320939994e-03 -8.938071834061740e-04 -1.007630836475977e+00
31 26 -1.000294509655344e+00 -1.913898464014675e-03 -8.945035893143871e-04 -1.007633705734849e+00
31 27 -1.000294148913812e+00 -1.912785713595730e-03 -8.952122786281014e-04 -1.007636946434972e+00
31 28 -1.000293738137519e+00 -1.911586537644980e-03 -8.959317830092875e-04 -1.007640530098836e+00
31 29 -1.000293280939226e+00 -1.910311120220021e-03 -8.966614400030569e-04 -1.007644424871530e+00
31 30 -1.000292781515013e+00 -1.908970299627718e-03 -8.974012752468349e-04 -1.007648595745449e+00
31 31 -1.000292244601301e+00 -1.907575480420432e-03 -8.981518570692992e-04 -1.007653004903254e+00
31 32 -1.000291675413677e+00 -1.906138537649692e-03 -8.989140775376629e-04 -1.007657612134964e+00
31 33 -1.000291079575115e+00 -1.904671734909438e-03 -8.996888318377148e-04 -1.007662375261096e+00
31 34 -1.000290463041282e+00 -1.903187665917297e-03 -9.004766081489562e-04 -1.007667250513835e+00
31 35 -1.000289832027076e+00 -1.901699211408392e-03 -9.012770419686268e-04 -1.007672192873891e+00
31 36 -1.000289192935514e+00 -1.900219493288779e-03 -9.020885094482112e-04 -1.007677156390988e+00
31 37 -1.000288552289385e+00 -1.898761811158169e-03 -9.029078259402841e-04 -1.007682094514197e+00
31 38 -1.000287916666053e+00 -1.897339556103409e-03 -9.037300860628161e-04 -1.007686960441621e+00
31 39 -1.000287292635180e+00 -1.895966106451138e-03 -9.045486424669358e-04 -1.007691707484203e+00
31 40 -1.000286686698820e+00 -1.894654717618104e-03 -9.053551853208385e-04 -1.007696289427022e+00
31 41 -1.000286105233155e+00 -1.893418419696527e-03 -9.061398689758050e-04 -1.007700660868474e+00
31 42 -1.000285554429779e+00 -1.892269926928722e-03 -9.068914476057966e-04 -1.007704777538445e+00
31 43 -1.000285040231547e+00 -1.891221545728692e-03 -9.075974213507293e-04 -1.007708596637147e+00
31 44 -1.000284568257307e+00 -1.890285055653522e-03 -9.082442342217183e-04 -1.007712077261962e+00
31 45 -1.000284143713753e+00 -1.889471541584740e-03 -9.088175802275151e-04 -1.007715180970394e+00
31 46 -1.000283771299265e+00 -1.888791172854778e-03 -9.093028568531919e-04 -1.007717872473395e+00
31 47 -1.000283455109526e+00 -1.888252945400288e-03 -9.096857635798295e-04 -1.007720120399359e+00
31 48 -1.000283198555717e+00 -1.887864418079517e-03 -9.099529937914686e-04 -1.007721898037631e+00
31 49 -1.000283004303796e+00 -1.887631479726424e-03 -9.100929307345765e-04 -1.007723183967331e+00
31 50 -1.000282874238241e+00 -1.887558175569231e-03 -9.100962508742746e-04 -1.007723962507389e+00
31 51 -1.000282809446839e+00 -1.887646601317557e-03 -9.099563675139536e-04 -1.007724223982254e+00
31 52 -1.000282810218260e+00 -1.887896851720841e-03 -9.096696992615028e-04 -1.007723964853073e+00
31 53 -1.000282876045435e+00 -1.888307001967275e-03 -9.092357941975627e-04 -1.007723187776193e+00
31 54 -1.000283005634481e+00 -1.888873108314416e-03 -9.086573605196551e-04 -1.007721901614318e+00
31 55 -1.000283196925658e+00 -1.889589229533433e-03 -9.079402449484956e-04 -1.007720121375113e+00
31 56 -1.000283447135026e+00 -1.890447482647876e-03 -9.070933716603937e-04 -1.007717868023022e+00
31 57 -1.000283752822563e+00 -1.891438150746538e-03 -9.061286222774901e-04 -1.007715168111904e+00
31 58 -1.000284109986435e+00 -1.892549855804018e-03 -9.050606174212859e-04 -1.007712053215465e+00
31 59 -1.000284514175447e+00 -1.893769794877995e-03 -9.039063640497757e-04 -1.007708559184733e+00
31 60 -1.000284960605267e+00 -1.895084019369621e-03 -9.026847598605134e-04 -1.007704725317735e+00
31 61 -1.000285444263082e+00 -1.896477725960152e-03 -9.014159829022626e-04 -1.007700593550058e+00
31 62 -1.000285959991416e+00 -1.897935531163047e-03 -9.001208241419973e-04 -1.007696207747682e+00
31 63 -1.000286502550869e+00 -1.899441713630874e-03 -8.988200330891578e-04 -1.007691613128971e+00
32 0 -1.000286737591302e+00 -1.901420909526243e-03 -8.939477074266138e-04 -1.007687079903564e+00
32 1 -1.000287317831012e+00 -1.902972115387098e-03 -8.927118505476131e-04 -1.007682208534509e+00
32 2 -1.000287910097627e+00 -1.904526984458314e-03 -8.915246329071912e-04 -1.007677259816189e+00
32 3 -1.000288509224088e+00 -1.906070206085736e-03 -8.904018602238724e-04 -1.007672280471291e+00
32 4 -1.000289110129059e+00 -1.907586850409236e-03 -8.893575465589003e-04 -1.007667316869814e+00
32 5 -1.000289707833824e+00 -1.909062464952557e-03 -8.884037824483027e-04 -1.007662414753373e+00
32 6 -1.000290297467518e+00 -1.910483166206012e-03 -8.875506085481359e-04 -1.007657618980587e+00
32 7 -1.000290874264335e+00 -1.911835735243656e-03 -8.868058904629501e-04 -1.007652973269303e+00
32 8 -1.000291433561310e+00 -1.913107726181162e-03 -8.861752149480778e-04 -1.007648519896964e+00
32 9 -1.000291970804874e+00 -1.914287587861300e-03 -8.856618439058743e-04 -1.007644299337930e+00
32 10 -1.000292481569555e+00 -1.915364788090105e-03 -8.852667611130523e-04 -1.007640349853260e+00
32 11 -1.000292961586629e+00 -1.916329924019820e-03 -8.849888263772121e-04 -1.007636707076888e+00
32 12 -1.000293406776704e+00 -1.917174803877702e-03 -8.848250219852003e-04 -1.007633403650634e+00
32 13 -1.000293813278844e+00 -1.917892492061374e-03 -8.847707502921692e-04 -1.007630468950853e+00
32 14 -1.000294177471158e+00 -1.918477320470322e-03 -8.848201301633008e-04 -1.007627928920427e+00
32 15 -1.000294495983901e+00 -1.918924881058903e-03 -8.849662496549251e-04 -1.007625805975424e+00
32 16 -1.000294765712927e+00 -1.919232020074073e-03 -8.852013612087646e-04 -1.007624118922399e+00
32 17 -1.000294983843294e+00 -1.919396846673901e-03 -8.855170416639351e-04 -1.007622882830106e+00
32 18 -1.000295147888695e+00 -1.919418751828331e-03 -8.859043635534565e-04 -1.007622108845420e+00
32 19 -1.000295255745219e+00 -1.919298419867694e-03 -8.863541225840699e-04 -1.007621803992537e+00
32 20 -1.000295305752177e+00 -1.919037812738996e-03 -8.868571399442592e-04 -1.007621971017083e+00
32 21 -1.000295296749851e+00 -1.918640114711240e-03 -8.874046205278525e-04 -1.007622608329960e+00
32 22 -1.000295228124705e+00 -1.918109638650574e-03 -8.879885154443503e-04 -1.007623710076548e+00
32 23 -1.000295099837450e+00 -1.917451710444724e-03 -8.886018224975453e-04 -1.007625266310915e+00
32 24 -1.000294912436543e+00 -1.916672559104183e-03 -8.892387696010683e-04 -1.007627263209754e+00
32 25 -1.000294667064822e+00 -1.915779237709485e-03 -8.898948609980045e-04 -1.007629683248978e+00
32 26 -1.000294365466160e+00 -1.914779583440854e-03 -8.905668084067684e-04 -1.007632505302318e+00
32 27 -1.000294009993659e+00 -1.913682204288712e-03 -8.912523966986452e-04 -1.007635704680480e+00
32 28 -1.000293603615358e+00 -1.912496468820193e-03 -8.919503341252963e-04 -1.007639253170642e+00
32 29 -1.000293149910453e+00 -1.911232477253908e-03 -8.926601148353581e-04 -1.007643119142308e+00
32 30 -1.000292653049029e+00 -1.909901002549919e-03 -8.933818899966385e-04 -1.007647267764602e+00
32 31 -1.000292117751268e+00 -1.908513404364111e-03 -8.941163167531299e-04 -1.007651661342294e+00
32 32 -1.000291549227548e+00 -1.907081531974987e-03 -8.948643431493566e-04 -1.007656259733348e+00
32 33 -1.000290953106069e+00 -1.905617637249455e-03 -8.956269004187332e-04 -1.007661020782712e+00
32 34 -1.000290335356092e+00 -1.904134310026249e-03 -8.964045091823492e-04 -1.007665900718146e+00
32 35 -1.000289702212199e+00 -1.902644431353839e-03 -8.971968459838539e-04 -1.007670854495851e+00
32 36 -1.000289060101633e+00 -1.901161128024536e-03 -8.980023397320800e-04 -1.007675836119795e+00
32 37 -1.000288415575286e+00 -1.899697712380265e-03 -8.988178637956494e-04 -1.007680798964277e+00
32 38 -1.000287775242704e+00 -1.898267600511359e-03 -8.996385633521050e-04 -1.007685696113553e+00
32 39 -1.000287145710834e+00 -1.896884212166340e-03 -9.004578207425042e-04 -1.007690480715574e+00
32 40 -1.000286533525489e+00 -1.895560863044416e-03 -9.012673270716542e-04 -1.007695106335812e+00
32 41 -1.000285945114006e+00 -1.894310661966703e-03 -9.020572106695020e-04 -1.007699527294627e+00
32 42 -1.000285386726621e+00 -1.893146417948772e-03 -9.028161833395492e-04 -1.007703698987666e+00
32 43 -1.000284864372036e+00 -1.892080546688270e-03 -9.035316999532220e-04 -1.007707578224044e+00
32 44 -1.000284383741992e+00 -1.891124952970382e-03 -9.041901652186815e-04 -1.007711123645154e+00
32 45 -1.000283950122838e+00 -1.890290866448823e-03 -9.047772395003454e-04 -1.007714296276458e+00
32 46 -1.000283568298486e+00 -1.889588623981651e-03 -9.052782827861895e-04 -1.007717060215141e+00
32 47 -1.000283242454516e+00 -1.889027412762429e-03 -9.056789381993611e-04 -1.007719383398460e+00
32 48 -1.000282976094750e+00 -1.888615004873941e-03 -9.059658093006181e-04 -1.007721238360506e+00
32 49 -1.000282771979140e+00 -1.888357519871115e-03 -9.061271479475186e-04 -1.007722602880347e+00
32 50 -1.000282632086344e+00 -1.888259244714445e-03 -9.061534595259575e-04 -1.007723460454098e+00
32 51 -1.000282557597650e+00 -1.888322521382648e-03 -9.060379570382977e-04 -1.007723800579585e+00
32 52 -1.000282548894178e+00 -1.888547691394970e-03 -9.057768430801427e-04 -1.007723618897368e+00
32 53 -1.000282605560141e+00 -1.888933076293384e-03 -9.053694442533489e-04 -1.007722917250125e+00
32 54 -1.000282726391195e+00 -1.889474978816786e-03 -9.048182450174598e-04 -1.007721703693141e+00
32 55 -1.000282909413894e+00 -1.890167704084708e-03 -9.041288621062290e-04 -1.007719992438822e+00
32 56 -1.000283151925222e+00 -1.891003613148298e-03 -9.033099750562119e-04 -1.007717803683194e+00
32 57 -1.000283450558772e+00 -1.891973226808558e-03 -9.023731978840862e-04 -1.007715163258674e+00
32 58 -1.000283801377916e+00 -1.893065393421036e-03 -9.013328570312588e-04 -1.007712102084731e+00
32 59 -1.000284199988251e+00 -1.894267520304134e-03 -9.002056425535999e-04 -1.007708655440406e+00
32 60 -1.000284641654764e+00 -1.895565849707152e-03 -8.990101234595453e-04 -1.007704862139954e+00
32 61 -1.000285121407726e+00 -1.896945748241304e-03 -8.977661521781782e-04 -1.007700763720751e+00
32 62 -1.000285634127149e+00 -1.898391980755740e-03 -8.964942114987080e-04 -1.007696403730156e+00
32 63 -1.000286174605024e+00 -1.899888951754746e-03 -8.952147700370529e-04 -1.007691827144112e+00
33 0 -1.000286355458090e+00 -1.901786149829177e-03 -8.906719666199307e-04 -1.007687463906340e+00
33 1 -1.000286934861265e+00 -1.903331650323304e-03 -8.894530148096397e-04 -1.007682599379836e+00
33 2 -1.000287527275780e+00 -1.904883418239678e-03 -8.882801528618813e-04 -1.007677649361324e+00
33 3 -1.000288127534716e+00 -1.906426181090777e-03 -8.871689963148322e-04 -1.007672660623531e+00
33 4 -1.000288730548783e+00 -1.907945023663567e-03 -8.861333819811136e-04 -1.007667679662897e+00
33 5 -1.000289331325023e+00 -1.909425485634011e-03 -8.851852413968927e-04 -1.007662752415058e+00
33 6 -1.000289924973006e+00 -1.910853652134265e-03 -8.843344877675602e-04 -1.007657923994739e+00
33 7 -1.000290506701213e+00 -1.912216245546100e-03 -8.835889081067567e-04 -1.007653238440741e+00
33 8 -1.000291071812453e+00 -1.913500728997882e-03 -8.829540740188989e-04 -1.007648738424898e+00
33 9 -1.000291615707755e+00 -1.914695424704288e-03 -8.824333016060467e-04 -1.007644464896855e+00
33 10 -1.000292133903341e+00 -1.915789638223833e-03 -8.820276932565544e-04 -1.007640456674882e+00
33 11 -1.000292622059231e+00 -1.916773772588464e-03 -8.817362781116323e-04 -1.007636750024667e+00
33 12 -1.000293076013747e+00 -1.917639417027710e-03 -8.815562412972998e-04 -1.007633378278038e+00
33 13 -1.000293491816113e+00 -1.918379400679397e-03 -8.814832073967449e-04 -1.007630371536931e+00
33 14 -1.000293865750675e+00 -1.918987811034547e-03 -8.815115313274965e-04 -1.007627756484313e+00
33 15 -1.000294194352013e+00 -1.919459989160746e-03 -8.816345551622460e-04 -1.007625556281188e+00
33 16 -1.000294474417962e+00 -1.919792522091105e-03 -8.818448127435121e-04 -1.007623790488235e+00
33 17 -1.000294703031260e+00 -1.919983248260665e-03 -8.821341968313040e-04 -1.007622474948019e+00
33 18 -1.000294877597219e+00 -1.920031275807199e-03 -8.824941289740149e-04 -1.007621621606177e+00
33 19 -1.000294995897456e+00 -1.919936998253385e-03 -8.829157749616131e-04 -1.007621238303637e+00
33 20 -1.000295056153064e+00 -1.919702087618135e-03 -8.833903269886430e-04 -1.007621328600502e+00
33 21 -1.000295057086976e+00 -1.919329450995095e-03 -8.839093395235760e-04 -1.007621891689682e+00
33 22 -1.000294997974895e+00 -1.918823148392108e-03 -8.844650747321933e-04 -1.007622922433928e+00
33 23 -1.000294878678179e+00 -1.918188284284303e-03 -8.850507970292454e-04 -1.007624411517779e+00
33 24 -1.000294699659443e+00 -1.917430897943998e-03 -8.856609626407252e-04 -1.007626345658024e+00
33 25 -1.000294461988242e+00 -1.916557878904789e-03 -8.862912792313797e-04 -1.007628707794196e+00
33 26 -1.000294167344947e+00 -1.915576919697424e-03 -8.869386501520850e-04 -1.007631477207873e+00
33 27 -1.000293818026100e+00 -1.914496497200461e-03 -8.876010467270479e-04 -1.007634629578269e+00
33 28 -1.000293416948493e+00 -1.913325860757627e-03 -8.882773561278135e-04 -1.007638137028408e+00
33 29 -1.000292967645534e+00 -1.912075005169026e-03 -8.889672341319927e-04 -1.007641968227665e+00
33 30 -1.000292474248802e+00 -1.910754615619868e-03 -8.896709640741044e-04 -1.007646088599186e+00
33 31 -1.000291941449762e+00 -1.909375984623914e-03 -8.903892979011743e-04 -1.007650460646225e+00
33 32 -1.000291374441603e+00 -1.907950914548670e-03 -8.911232425022244e-04 -1.007655044367681e+00
33 33 -1.000290778846862e+00 -1.906491626451207e-03 -8.918737629585488e-04 -1.007659797699854e+00
33 34 -1.000290160639113e+00 -1.905010689872490e-03 -8.926414045392301e-04 -1.007664676924915e+00
33 35 -1.000289526065147e+00 -1.903520972044833e-03 -8.934258730646532e-04 -1.007669637025707e+00
33 36 -1.000288881570556e+00 -1.902035591674870e-03 -8.942256376913403e-04 -1.007674632006250e+00
33 37 -1.000288233729788e+00 -1.900567861274762e-03 -8.950376195816413e-04 -1.007679615207965e+00
33 38 -1.000287589181182e+00 -1.899131209972166e-03 -8.958570077788560e-04 -1.007684539638452e+00
33 39 -1.000286954566581e+00 -1.897739088105685e-03 -8.966772104997252e-04 -1.007689358313991e+00
33 40 -1.000286336473929e+00 -1.896404862113844e-03 -8.974899171340220e-04 -1.007694024606265e+00
33 41 -1.000285741380696e+00 -1.895141711346828e-03 -8.982852264182423e-04 -1.007698492578661e+00
33 42 -1.000285175595437e+00 -1.893962533119132e-03 -8.990518015242308e-04 -1.007702717308400e+00
33 43 -1.000284645193265e+00 -1.892879847864649e-03 -8.997770427608106e-04 -1.007706655223507e+00
33 44 -1.000284155940192e+00 -1.891905682293189e-03 -9.004473050582089e-04 -1.007710264515032e+00
33 45 -1.000283713204216e+00 -1.891051407708585e-03 -9.010482067521823e-04 -1.007713505679886e+00
33 46 -1.000283321857281e+00 -1.890327525359065e-03 -9.015650668077571e-04 -1.007716342202517e+00
33 47 -1.000282986177963e+00 -1.889743411415214e-03 -9.019834742739990e-04 -1.007718741324622e+00
33 48 -1.000282709766384e+00 -1.889307050591748e-03 -9.022899501828896e-04 -1.007720674812994e+00
33 49 -1.000282495480378e+00 -1.889024794347476e-03 -9.024726253168459e-04 -1.007722119627834e+00
33 50 -1.000282345396617e+00 -1.888901174232955e-03 -9.025218445243723e-04 -1.007723058418632e+00
33 51 -1.000282260793730e+00 -1.888938783319787e-03 -9.024306284885503e-04 -1.007723479828035e+00
33 52 -1.000282242149400e+00 -1.889138216886232e-03 -9.021949678834408e-04 -1.007723378642459e+00
33 53 -1.000282289143640e+00 -1.889498051432339e-03 -9.018139690222745e-04 -1.007722755853611e+00
33 54 -1.000282400666513e+00 -1.890014845506084e-03 -9.012898933734670e-04 -1.007721618670302e+00
33 55 -1.000282574836047e+00 -1.890683160304507e-03 -9.006281301327532e-04 -1.007719980469128e+00
33 56 -1.000282809035631e+00 -1.891495611312564e-03 -8.998371191547224e-04 -1.007717860634481e+00
33 57 -1.000283099978056e+00 -1.892442968236648e-03 -8.989282138514139e-04 -1.007715284231415e+00
33 58 -1.000283443797181e+00 -1.893514317448110e-03 -8.979154540649067e-04 -1.007712281478701e+00
33 59 -1.000283836160054e+00 -1.894697288262852e-03 -8.968152188843849e-04 -1.007708887038801e+00
33 60 -1.000284272384989e+00 -1.895978325532053e-03 -8.956457507485993e-04 -1.007705139200713e+00
33 61 -1.000284747548914e+00 -1.897342977413954e-03 -8.944265739446590e-04 -1.007701079065749e+00
33 62 -1.000285256572727e+00 -1.898776168223446e-03 -8.931778570146744e-04 -1.007696749828877e+00
33 63 -1.000285794283261e+00 -1.900262438816694e-03 -8.919197803539602e-04 -1.007692196193392e+00
34 0 -1.000285923573454e+00 -1.902073211594466e-03 -8.877382815619193e-04 -1.007688002287853e+00
34 1 -1.000286501492336e+00 -1.903611596710175e-03 -8.865360072831161e-04 -1.007683149235695e+00
34 2 -1.000287093412594e+00 -1.905158840660949e-03 -8.853772908047147e-04 -1.007678202508214e+00
34 3 -1.000287694171305e+00 -1.906699717586289e-03 -8.842775626376442e-04 -1.007673208901278e+00
34 4 -1.000288298674988e+00 -1.908219335577410e-03 -8.832504884626369e-04 -1.007668215010508e+00
34 5 -1.000288901920136e+00 -1.909703235517574e-03 -8.823078455935384e-04 -1.007663266938091e+00
34 6 -1.000289499000761e+00 -1.911137481268697e-03 -8.814594210934674e-04 -1.007658410025708e+00
34 7 -1.000290085104558e+00 -1.912508748584952e-03 -8.807129203474211e-04 -1.007653688599212e+00
34 8 -1.000290655506352e+00 -1.913804423976160e-03 -8.800738935417249e-04 -1.007649145684447e+00
34 9 -1.000291205569150e+00 -1.915012718887236e-03 -8.795457040586208e-04 -1.007644822661138e+00
34 10 -1.000291730758811e+00 -1.916122792705147e-03 -8.791295677975084e-04 -1.007640758858139e+00
34 11 -1.000292226672050e+00 -1.917124869857684e-03 -8.788246810673019e-04 -1.007636991127111e+00
34 12 -1.000292689072416e+00 -1.918010335264377e-03 -8.786284322059739e-04 -1.007633553446027e+00
34 13 -1.000293113925955e+00 -1.918771796414690e-03 -8.785366694371299e-04 -1.007630476601883e+00
34 14 -1.000293497428826e+00 -1.919403108841874e-03 -8.785439839868789e-04 -1.007627787981831e+00
34 15 -1.000293836024622e+00 -1.919899374562348e-03 -8.786439689179526e-04 -1.007625511459583e+00
34 16 -1.000294126417462e+00 -1.920256933330727e-03 -8.788294324692961e-04 -1.007623667319057e+00
34 17 -1.000294365591831e+00 -1.920473364575659e-03 -8.790925740032586e-04 -1.007622272147206e+00
34 18 -1.000294550848024e+00 -1.920547503468630e-03 -8.794251557694236e-04 -1.007621338664638e+00
34 19 -1.000294679855069e+00 -1.920479458950555e-03 -8.798187094255211e-04 -1.007620875515928e+00
34 20 -1.000294750715675e+00 -1.920270614809375e-03 -8.802647995413075e-04 -1.007620887075871e+00
34 21 -1.000294762032850e+00 -1.919923597948399e-03 -8.807553368321040e-04 -1.007621373333569e+00
34 22 -1.000294712966352e+00 -1.919442207794599e-03 -8.812829047886692e-04 -1.007622329897853e+00
34 23 -1.000294603270498e+00 -1.918831315498475e-03 -8.818410455066618e-04 -1.007623748126399e+00
34 24 -1.000294433312573e+00 -1.918096755971806e-03 -8.824244523654779e-04 -1.007625615328929e+00
34 25 -1.000294204078517e+00 -1.917245239574492e-03 -8.830290413289228e-04 -1.007627914966236e+00
34 26 -1.000293917174635e+00 -1.916284298152109e-03 -8.836519088740447e-04 -1.007630626787555e+00
34 27 -1.000293574830100e+00 -1.915222260340003e-03 -8.842912131683793e-04 -1.007633726903902e+00
34 28 -1.000293179899166e+00 -1.914068237255690e-03 -8.849460219037504e-04 -1.007637187842766e+00
34 29 -1.000292735857692e+00 -1.912832097484520e-03 -8.856161564096949e-04 -1.007640978646688e+00
34 30 -1.000292246786681e+00 -1.911524416579737e-03 -8.863020380434433e-04 -1.007645065068329e+00
34 31 -1.000291717336744e+00 -1.910156397909051e-03 -8.870045195604959e-04 -1.007649409884636e+00
34 32 -1.000291152672066e+00 -1.908739775881894e-03 -8.877246700822638e-04 -1.007653973307705e+00
34 33 -1.000290558398646e+00 -1.907286721851416e-03 -8.884634867134282e-04 -1.007658713431325e+00
34 34 -1.000289940485020e+00 -1.905809768913774e-03 -8.892215314614624e-04 -1.007663586650041e+00
34 35 -1.000289305182508e+00 -1.904321756613684e-03 -8.899985269100972e-04 -1.007668548023811e+00
34 36 -1.000288658948911e+00 -1.902835783013866e-03 -8.907929682748402e-04 -1.007673551601800e+00
34 37 -1.000288008377445e+00 -1.901365148997717e-03 -8.916018115103509e-04 -1.007678550733175e+00
34 38 -1.000287360131673e+00 -1.899923285636982e-03 -8.924202795430322e-04 -1.007683498384636e+00
34 39 -1.000286720885716e+00 -1.898523663464088e-03 -8.932417999290975e-04 -1.007688347471766e+00
34 40 -1.000286097267647e+00 -1.897179690005481e-03 -8.940580561020042e-04 -1.007693051199332e+00
34 41 -1.000285495803568e+00 -1.895904606707030e-03 -8.948591128657789e-04 -1.007697563396194e+00
34 42 -1.000284922859560e+00 -1.894711392604926e-03 -8.956335780031812e-04 -1.007701838837927e+00
34 43 -1.000284384577194e+00 -1.893612668124218e-03 -8.963687874502020e-04 -1.007705833582695e+00
34 44 -1.000283886797543e+00 -1.892620578134239e-03 -8.970510350733340e-04 -1.007709505379093e+00
34 45 -1.000283434971598e+00 -1.891746632003477e-03 -8.976658872485584e-04 -1.007712814201752e+00
34 46 -1.000283034061266e+00 -1.891001491970852e-03 -8.981986159851088e-04 -1.007715722926022e+00
34 47 -1.000282688440716e+00 -1.890394720499362e-03 -8.986347558546151e-04 -1.007718198096655e+00
34 48 -1.000282401809479e+00 -1.889934513348932e-03 -8.989607505186168e-04 -1.007720210705712e+00
34 49 -1.000282177126556e+00 -1.889627453565114e-03 -8.991646188284312e-04 -1.007721736881665e+00
34 50 -1.000282016569874e+00 -1.889478318519739e-03 -8.992365554478863e-04 -1.007722758409683e+00
34 51 -1.000281921518667e+00 -1.889489955449399e-03 -8.991693974871895e-04 -1.007723263054786e+00
34 52 -1.000281892550597e+00 -1.889663218183382e-03 -8.989589293576536e-04 -1.007723244722817e+00
34 53 -1.000281929445108e+00 -1.889996944127517e-03 -8.986040401218191e-04 -1.007722703525804e+00
34 54 -1.000282031190564e+00 -1.890487954205430e-03 -8.981067705803335e-04 -1.007721645796211e+00
34 55 -1.000282196000734e+00 -1.891131072711703e-03 -8.974722861954206e-04 -1.007720084043369e+00
34 56 -1.000282421350085e+00 -1.891919177135384e-03 -8.967087938243966e-04 -1.007718036805887e+00
34 57 -1.000282704035504e+00 -1.892843294303184e-03 -8.958273958400530e-04 -1.007715528344483e+00
34 58 -1.000283040266086e+00 -1.893892757414071e-03 -8.948418565370839e-04 -1.007712588138655e+00
34 59 -1.000283425774575e+00 -1.895055426971245e-03 -8.937682543230901e-04 -1.007709250196196e+00
34 60 -1.000283855936225e+00 -1.896317959699557e-03 -8.926245123221593e-04 -1.007705552245091e+00
34 61 -1.000284325877747e+00 -1.897666094514546e-03 -8.914298295325506e-04 -1.007701534917993e+00
34 62 -1.000284830563913e+00 -1.899084924445229e-03 -8.902040588911170e-04 -1.007697241027453e+00
34 63 -1.000285364859583e+00 -1.900559136059690e-03 -8.889670888262660e-04 -1.007692714975570e+00
35 0 -1.000285445596589e+00 -1.902279836666107e-03 -8.851744811631971e-04 -1.007688688891416e+00
35 1 -1.000286021407959e+00 -1.903809788809001e-03 -8.839884320830730e-04 -1.007683851783997e+00
35 2 -1.000286612209023e+00 -1.905351156104043e-03 -8.828434429232676e-04 -1.007678912846216e+00
35 3 -1.000287212844660e+00 -1.906888767440076e-03 -8.817547666661555e-04 -1.007673918869390e+00
35 4 -1.000287818220920e+00 -1.908407762623000e-03 -8.807359065337652e-04 -1.007668916519708e+00
35 5 -1.000288423327305e+00 -1.909893692425871e-03 -8.797984932411906e-04 -1.007663952037438e+00
35 6 -1.000289023246034e+00 -1.911332609267426e-03 -8.789521918089483e-04 -1.007659070961003e+00
35 7 -1.000289613148695e+00 -1.912711154428754e-03 -8.782046251644339e-04 -1.007654317867698e+00
35 8 -1.000290188288117e+00 -1.914016652497990e-03 -8.775613170499377e-04 -1.007649736094967e+00
35 9 -1.000290743996450e+00 -1.915237220522669e-03 -8.770256712476070e-04 -1.007645367405287e+00
35 10 -1.000291275697142e+00 -1.916361888833662e-03 -8.765990108147248e-04 -1.007641251588253e+00
35 11 -1.000291778931921e+00 -1.917380720563964e-03 -8.762806948258515e-04 -1.007637426030518e+00
35 12 -1.000292249397699e+00 -1.918284913169130e-03 -8.760683127380935e-04 -1.007633925306062e+00
35 13 -1.000292682984681e+00 -1.919066868075651e-03 -8.759579357971242e-04 -1.007630780840658e+00
35 14 -1.000293075807076e+00 -1.919720223104997e-03 -8.759443902319413e-04 -1.007628020684526e+00
35 15 -1.000293424222938e+00 -1.920239855037375e-03 -8.760215155341311e-04 -1.007625669386148e+00
35 16 -1.000293724847796e+00 -1.920621870485817e-03 -8.761823854275866e-04 -1.007623747915515e+00
35 17 -1.000293974572745e+00 -1.920863603781911e-03 -8.764194940557154e-04 -1.007622273568584e+00
35 18 -1.000294170597248e+00 -1.920963629261137e-03 -8.767249327760865e-04 -1.007621259811354e+00
35 19 -1.000294310480652e+00 -1.920921780144706e-03 -8.770905909015352e-04 -1.007620716072254e+00
35 20 -1.000294392208368e+00 -1.920739156547163e-03 -8.775084026374120e-04 -1.007620647533417e+00
35 21 -1.000294414262206e+00 -1.920418104683864e-03 -8.779706382563185e-04 -1.007621054987409e+00
35 22 -1.000294375681960e+00 -1.919962157651309e-03 -8.784702106414726e-04 -1.007621934812320e+00
35 23 -1.000294276108307e+00 -1.919375943133349e-03 -8.790009494357815e-04 -1.007623279076474e+00
35 24 -1.000294115804728e+00 -1.918665078753398e-03 -8.795577935797498e-04 -1.007625075730091e+00
35 25 -1.000293895664074e+00 -1.917836081306139e-03 -8.801368724457897e-04 -1.007627308808615e+00
35 26 -1.000293617208624e+00 -1.916896306566472e-03 -8.807354776395291e-04 -1.007629958586225e+00
35 27 -1.000293282589905e+00 -1.915853918450600e-03 -8.813519546294992e-04 -1.007633001666735e+00
35 28 -1.000292894589054e+00 -1.914717872014631e-03 -8.819855525314122e-04 -1.007636411047049e+00
35 29 -1.000292456613403e+00 -1.913497890154973e-03 -8.826362611955502e-04 -1.007640156211923e+00
35 30 -1.000291972681965e+00 -1.912204417768905e-03 -8.833046453454675e-04 -1.007644203316112e+00
35 31 -1.000291447392823e+00 -1.910848547461355e-03 -8.839916645902267e-04 -1.007648515483887e+00
35 32 -1.000290885869713e+00 -1.909441925062304e-03 -8.846984539809026e-04 -1.007653053211144e+00
35 33 -1.000290293691507e+00 -1.907996653811193e-03 -8.854260413224673e-04 -1.007657774813401e+00
35 34 -1.000289676812382e+00 -1.906525214419216e-03 -8.861749980848138e-04 -1.007662636854473e+00
35 35 -1.000289041480366e+00 -1.905040404981055e-03 -8.869450512483109e-04 -1.007667594521452e+00
35 36 -1.000288394159176e+00 -1.903555290977605e-03 -8.877347067239050e-04 -1.007672601952264e+00
35 37 -1.000287741455938e+00 -1.902083150985462e-03 -8.885409397616481e-04 -1.007677612541933e+00
35 38 -1.000287090055681e+00 -1.900637407758906e-03 -8.893589943649365e-04 -1.007682579250613e+00
35 39 -1.000286446661778e+00 -1.899231541746513e-03 -8.901823086665127e-04 -1.007687454924915e+00
35 40 -1.000285817939960e+00 -1.897878991814914e-03 -8.910025544123119e-04 -1.007692192630793e+00
35 41 -1.000285210463100e+00 -1.896593053210114e-03 -8.918097572265928e-04 -1.007696745985299e+00
35 42 -1.000284630653564e+00 -1.895386780093072e-03 -8.925924624940626e-04 -1.007701069479721e+00
35 43 -1.000284084718722e+00 -1.894272887501582e-03 -8.933379322237008e-04 -1.007705118816162e+00
35 44 -1.000283578574660e+00 -1.893263633883491e-03 -8.940323878524362e-04 -1.007708851312112e+00
35 45 -1.000283117756036e+00 -1.892370662781141e-03 -8.946613326027861e-04 -1.007712226428447e+00
35 46 -1.000282707316129e+00 -1.891604793988218e-03 -8.952099833100411e-04 -1.007715206436795e+00
35 47 -1.000282351726652e+00 -1.890975772933431e-03 -8.956638172861291e-04 -1.007717757187418e+00
35 48 -1.000282054788836e+00 -1.890492003420683e-03 -8.960092040949095e-04 -1.007719848896518e+00
35 49 -1.000281819565415e+00 -1.890160298271406e-03 -8.962340583691526e-04 -1.007721456854270e+00
35 50 -1.000281648338336e+00 -1.889985680658880e-03 -8.963284340371892e-04 -1.007722561968837e+00
35 51 -1.000281542590182e+00 -1.889971253492494e-03 -8.962849934480284e-04 -1.007723151110739e+00
35 52 -1.000281503001209e+00 -1.890118131626036e-03 -8.960993215036014e-04 -1.007723217286701e+00
35 53 -1.000281529452941e+00 -1.890425416641728e-03 -8.957700944634756e-04 -1.007722759709482e+00
35 54 -1.000281621035029e+00 -1.890890195887416e-03 -8.952991358082437e-04 -1.007721783813939e+00
35 55 -1.000281776060413e+00 -1.891507561252584e-03 -8.946913918437069e-04 -1.007720301219117e+00
35 56 -1.000281992098431e+00 -1.892270656898295e-03 -8.939548442734356e-04 -1.007718329593196e+00
35 57 -1.000282266034113e+00 -1.893170771911876e-03 -8.931003558902069e-04 -1.007715892365347e+00
35 58 -1.000282594155940e+00 -1.894197492368782e-03 -8.921414291577289e-04 -1.007713018245387e+00
35 59 -1.000282972266251e+00 -1.895338916677371e-03 -8.910938556956271e-04 -1.007709740554658e+00
35 60 -1.000283395800510e+00 -1.896581920175287e-03 -8.899752512766915e-04 -1.007706096430236e+00
35 61 -1.000283859937898e+00 -1.897912439242850e-03 -8.888044978206497e-04 -1.007702126009099e+00
35 62 -1.000284359689634e+00 -1.899315742883409e-03 -8.876011363408941e-04 -1.007697871695415e+00
35 63 -1.000284889961502e+00 -1.900776671370643e-03 -8.863847636197173e-04 -1.007693377563624e+00
36 0 -1.000284925522539e+00 -1.902404433755207e-03 -8.830042042429282e-04 -1.007689517038935e+00
36 1 -1.000285498627160e+00 -1.903924729729219e-03 -8.818337295510527e-04 -1.007684700178713e+00
36 2 -1.000286087700791e+00 -1.905458940287869e-03 -8.807018673395040e-04 -1.007679773429416e+00
36 3 -1.000286687599896e+00 -1.906991956636033e-03 -8.796237029254814e-04 -1.007674783549699e+00
36 4 -1.000287293233689e+00 -1.908508958047434e-03 -8.786125883564111e-04 -1.007669777247649e+00
36 5 -1.000287899588195e+00 -1.909995513633343e-03 -8.776800178947671e-04 -1.007664800871833e+00
36 6 -1.000288501737619e+00 -1.911437674384999e-03 -8.768355409620569e-04 -1.007659900124652e+00
36 7 -1.000289094841946e+00 -1.912822059342646e-03 -8.760866993065742e-04 -1.007655119797270e+00
36 8 -1.000289674137637e+00 -1.914135945800621e-03 -8.754389864950151e-04 -1.007650503495423e+00
36 9 -1.000290234932919e+00 -1.915367373297287e-03 -8.748958395526310e-04 -1.007646093315032e+00
36 10 -1.000290772616945e+00 -1.916505261749628e-03 -8.744586805128848e-04 -1.007641929451878e+00
36 11 -1.000291282685179e+00 -1.917539532290544e-03 -8.741270243185311e-04 -1.007638049770671e+00
36 12 -1.000291760776455e+00 -1.918461213534308e-03 -8.738986570451122e-04 -1.007634489386158e+00
36 13 -1.000292202712947e+00 -1.919262518167600e-03 -8.737698700597541e-04 -1.007631280311844e+00
36 14 -1.000292604533896e+00 -1.919936882712674e-03 -8.737357210279418e-04 -1.007628451213745e+00
36 15 -1.000292962518127e+00 -1.920478974861572e-03 -8.737902893536301e-04 -1.007626027270224e+00
36 16 -1.000293273198383e+00 -1.920884684062111e-03 -8.739269038230197e-04 -1.007624030094788e+00
36 17 -1.000293533377716e+00 -1.921151114910313e-03 -8.741383398348272e-04 -1.007622477653285e+00
36 18 -1.000293740159554e+00 -1.921276594937566e-03 -8.744170035109174e-04 -1.007621384122893e+00
36 19 -1.000293890997464e+00 -1.921260693146953e-03 -8.747551298308330e-04 -1.007620759689221e+00
36 20 -1.000293983761777e+00 -1.921104233197405e-03 -8.751450160063179e-04 -1.007620610327265e+00
36 21 -1.000294016812849e+00 -1.920809282152773e-03 -8.755792919733012e-04 -1.007620937635098e+00
36 22 -1.000293989067459e+00 -1.920379102693180e-03 -8.760512057303998e-04 -1.007621738779059e+00
36 23 -1.000293900047134e+00 -1.919818070686455e-03 -8.765548828473541e-04 -1.007623006570551e+00
36 24 -1.000293749904212e+00 -1.919131575303559e-03 -8.770855157273950e-04 -1.007624729642165e+00
36 25 -1.000293539429857e+00 -1.918325926643636e-03 -8.776394525702627e-04 -1.007626892652974e+00
36 26 -1.000293270052997e+00 -1.917408289864159e-03 -8.782141825522883e-04 -1.007629476456468e+00
36 27 -1.000292943837905e+00 -1.916386648644826e-03 -8.788082388419316e-04 -1.007632458207120e+00
36 28 -1.000292563482859e+00 -1.915269785436118e-03 -8.794210523203389e-04 -1.007635811431888e+00
36 29 -1.000292132316604e+00 -1.914067259319397e-03 -8.800527836343807e-04 -1.007639506122175e+00
36 30 -1.000291654285586e+00 -1.912789364690359e-03 -8.807041456424515e-04 -1.007643508903410e+00
36 31 -1.000291133924416e+00 -1.911447062782171e-03 -8.813762105775831e-04 -1.007647783317399e+00
36 32 -1.000290576305561e+00 -1.910051890967137e-03 -8.820701834750507e-04 -1.007652290211606e+00
36 33 -1.000289986970549e+00 -1.908615866292457e-03 -8.827871226185138e-04 -1.007656988185710e+00
36 34 -1.000289371850014e+00 -1.907151401292839e-03 -8.835276029188719e-04 -1.007661834028614e+00
36 35 -1.000288737180882e+00 -1.905671239318489e-03 -8.842913438664227e-04 -1.007666783102943e+00
36 36 -1.000288089426538e+00 -1.904188402208068e-03 -8.850768460400518e-04 -1.007671789676534e+00
36 37 -1.000287435203086e+00 -1.902716136372861e-03 -8.858810870558762e-04 -1.007676807226387e+00
36 38 -1.000286781212978e+00 -1.901267846433799e-03 -8.866993174515893e-04 -1.007681788739975e+00
36 39 -1.000286134185393e+00 -1.899857012786269e-03 -8.875249753277634e-04 -1.007686687026884e+00
36 40 -1.000285500820899e+00 -1.898497096281181e-03 -8.883497133681484e-04 -1.007691455042233e+00
36 41 -1.000284887736908e+00 -1.897201437833403e-03 -8.891635119371452e-04 -1.007696046214163e+00
36 42 -1.000284301410257e+00 -1.895983159698978e-03 -8.899548472732686e-04 -1.007700414768867e+00
36 43 -1.000283748112651e+00 -1.894855065359463e-03 -8.907108986707160e-04 -1.007704516069292e+00
36 44 -1.000283233834300e+00 -1.893829521659197e-03 -8.914178040384711e-04 -1.007708307016011e+00
36 45 -1.000282764193460e+00 -1.892918302071019e-03 -8.920609914980334e-04 -1.007711746566989e+00
36 46 -1.000282344335427e+00 -1.892132379960707e-03 -8.926256128916948e-04 -1.007714796398751e+00
36 47 -1.000281978830549e+00 -1.891481679418661e-03 -8.930970834427159e-04 -1.007717421674549e+00
36 48 -1.000281671583216e+00 -1.890974808094626e-03 -8.934616997363576e-04 -1.007719591839489e+00
36 49 -1.000281425761775e+00 -1.890618805518347e-03 -8.937072780409324e-04 -1.007721281344638e+00
36 50 -1.000281243754335e+00 -1.890418939145003e-03 -8.938237398955813e-04 -1.007722470214433e+00
36 51 -1.000281127148870e+00 -1.890378567141959e-03 -8.938035815483056e-04 -1.007723144415021e+00
36 52 -1.000281076730001e+00 -1.890499065630303e-03 -8.936421956999155e-04 -1.007723296043410e+00
36 53 -1.000281092483081e+00 -1.890779801291459e-03 -8.933380510499447e-04 -1.007722923401784e+00
36 54 -1.000281173601134e+00 -1.891218129506493e-03 -8.928927577719168e-04 -1.007722031014558e+00
36 55 -1.000281318498813e+00 -1.891809411703046e-03 -8.923110480246187e-04 -1.007720629596206e+00
36 56 -1.000281524843263e+00 -1.892547060757312e-03 -8.916006866469116e-04 -1.007718735928741e+00
36 57 -1.000281789610926e+00 -1.893422630453593e-03 -8.907723093026071e-04 -1.007716372591441e+00
36 58 -1.000282109173151e+00 -1.894425962971180e-03 -8.898391723608857e-04 -1.007713567502548e+00
36 59 -1.000282479405268e+00 -1.895545398584847e-03 -8.888167976849299e-04 -1.007710353272685e+00
36 60 -1.000282895805914e+00 -1.896768035621737e-03 -8.877225096940819e-04 -1.007706766423744e+00
36 61 -1.000283353609212e+00 -1.898080012669618e-03 -8.865748861414980e-04 -1.007702846573972e+00
36 62 -1.000283847875101e+00 -1.899466780026894e-03 -8.853931648732742e-04 -1.007698635696770e+00
36 63 -1.000284373552752e+00 -1.900913337652392e-03 -8.841966561481363e-04 -1.007694177516301e+00
37 0 -1.000284367665032e+00 -1.902446072665093e-03 -8.812467084523833e-04 -1.007690479617911e+00
37 1 -1.000284937487053e+00 -1.903955584486133e-03 -8.800909891661826e-04 -1.007685687132900e+00
37 2 -1.000285524241050e+00 -1.905481432086192e-03 -8.789715013616399e-04 -1.007680776863874e+00
37 3 -1.000286122798871e+00 -1.907008575858303e-03 -8.779031746482039e-04 -1.007675795508697e+00
37 4 -1.000286728076556e+00 -1.908522241799758e-03 -8.768992233474037e-04 -1.007670789788213e+00
37 5 -1.000287335060310e+00 -1.910008025805700e-03 -8.759710175811126e-04 -1.007665806127534e+00
37 6 -1.000287938820163e+00 -1.911451987540358e-03 -8.751279998282399e-04 -1.007660890357942e+00
37 7 -1.000288534508831e+00 -1.912840735853478e-03 -8.743776339374634e-04 -1.007656087445645e+00
37 8 -1.000289117351763e+00 -1.914161515398582e-03 -8.737253805732708e-04 -1.007651441220136e+00
37 9 -1.000289682640116e+00 -1.915402305948914e-03 -8.731747022734492e-04 -1.007646994058336e+00
37 10 -1.000290225736974e+00 -1.916551937125815e-03 -8.727271100099482e-04 -1.007642786503037e+00
37 11 -1.000290742100447e+00 -1.917600208840678e-03 -8.723822652790638e-04 -1.007638856835693e+00
37 12 -1.000291227320116e+00 -1.918538001023568e-03 -8.721381436227658e-04 -1.007635240652319e+00
37 13 -1.000291677158509e+00 -1.919357357015262e-03 -8.719912507933742e-04 -1.007631970497320e+00
37 14 -1.000292087587666e+00 -1.920051530898370e-03 -8.719368696997776e-04 -1.007629075598142e+00
37 15 -1.000292454814192e+00 -1.920614999459093e-03 -8.719693112583789e-04 -1.007626581712151e+00
37 16 -1.000292775294275e+00 -1.921043452336897e-03 -8.720821476074098e-04 -1.007624511049936e+00
37 17 -1.000293045748674e+00 -1.921333781143270e-03 -8.722684203327228e-04 -1.007622882204512e+00
37 18 -1.000293263190238e+00 -1.921484082567521e-03 -8.725208335640224e-04 -1.007621710024909e+00
37 19 -1.000293424971463e+00 -1.921493675087319e-03 -8.728319528240600e-04 -1.007621005421466e+00
37 20 -1.000293528850643e+00 -1.921363115143679e-03 -8.731944283052054e-04 -1.007620775142554e+00
37 21 -1.000293573067272e+00 -1.921094194119691e-03 -8.736012463987985e-04 -1.007621021589181e+00
37 22 -1.000293556413110e+00 -1.920689902216864e-03 -8.740459931394558e-04 -1.007621742729681e+00
37 23 -1.000293478286165e+00 -1.920154356971560e-03 -8.745230966874802e-04 -1.007622932145633e+00
37 24 -1.000293338721283e+00 -1.919492709277194e-03 -8.750280103388704e-04 -1.007624579189569e+00
37 25 -1.000293138400154e+00 -1.918711050501231e-03 -8.755573067398336e-04 -1.007626669189549e+00
37 26 -1.000292878649829e+00 -1.917816341916156e-03 -8.761086752315112e-04 -1.007629183628556e+00
37 27 -1.000292561438598e+00 -1.916816372877128e-03 -8.766808369416891e-04 -1.007632100264783e+00
37 28 -1.000292189373050e+00 -1.915719738013274e-03 -8.772734044619584e-04 -1.007635393211259e+00
37 29 -1.000291765694208e+00 -1.914535815810017e-03 -8.778867107881961e-04 -1.007639033025941e+00
37 30 -1.000291294266366e+00 -1.913274731891396e-03 -8.785216207632560e-04 -1.007642986868406e+00
37 31 -1.000290779550715e+00 -1.911947296990292e-03 -8.791793245888129e-04 -1.007647218763178e+00
37 32 -1.000290226558411e+00 -1.910564920985944e-03 -8.798611020543729e-04 -1.007651689973591e+00
37 33 -1.000289640783910e+00 -1.909139516975464e-03 -8.805680432824940e-04 -1.007656359443935e+00
37 34 -1.000289028125429e+00 -1.907683413972321e-03 -8.813007221044618e-04 -1.007661184241904e+00
37 35 -1.000288394801210e+00 -1.906209288041523e-03 -8.820588395075002e-04 -1.007666119951363e+00
37 36 -1.000287747268083e+00 -1.904730106927336e-03 -8.828408750779542e-04 -1.007671121009236e+00
37 37 -1.000287092146027e+00 -1.903259075324279e-03 -8.836437917658508e-04 -1.007676141009877e+00
37 38 -1.000286436150620e+00 -1.901809570371263e-03 -8.844628312292540e-04 -1.007681133001143e+00
37 39 -1.000285786033212e+00 -1.900395063241429e-03 -8.852914194131646e-04 -1.007686049786027e+00
37 40 -1.000285148526085e+00 -1.899029027939477e-03 -8.861211812994001e-04 -1.007690844236130e+00
37 41 -1.000284530288419e+00 -1.897724842674772e-03 -8.869420456631799e-04 -1.007695469615109e+00
37 42 -1.000283937849021e+00 -1.896495690151187e-03 -8.877424134222361e-04 -1.007699879905787e+00
37 43 -1.000283377541780e+00 -1.895354455710043e-03 -8.885093730680090e-04 -1.007704030150792e+00
37 44 -1.000282855429393e+00 -1.894313609006996e-03 -8.892289683504057e-04 -1.007707876850044e+00
37 45 -1.000282377212660e+00 -1.893385048309890e-03 -8.898865404366772e-04 -1.007711378473423e+00
37 46 -1.000281948128443e+00 -1.892579895375687e-03 -8.904671656384668e-04 -1.007714496116386e+00
37 47 -1.000281572845884e+00 -1.891908247715119e-03 -8.909561903684375e-04 -1.007717194267635e+00
37 48 -1.000281255373242e+00 -1.891378911823357e-03 -8.913398367995208e-04 -1.007719441610588e+00
37 49 -1.000280998985560e+00 -1.890999149492796e-03 -8.916058265924843e-04 -1.007721211762684e+00
37 50 -1.000280806178324e+00 -1.890774468855793e-03 -8.917439561765168e-04 -1.007722483866184e+00
37 51 -1.000280678646059e+00 -1.890708480767760e-03 -8.917465640242052e-04 -1.007723242981168e+00
37 52 -1.000280617278772e+00 -1.890802820936732e-03 -8.916088579669670e-04 -1.007723480291428e+00
37 53 -1.000280622166573e+00 -1.891057119915825e-03 -8.913291047545049e-04 -1.007723193184869e+00
37 54 -1.000280692606927e+00 -1.891469000106450e-03 -8.909087058064014e-04 -1.007722385271794e+00
37 55 -1.000280827117746e+00 -1.892034091851229e-03 -8.903521843279974e-04 -1.007721066356942e+00
37 56 -1.000281023466175e+00 -1.892746076650811e-03 -8.896670963152812e-04 -1.007719252328018e+00
37 57 -1.000281278722725e+00 -1.893596773218336e-03 -8.888638628544135e-04 -1.007716964903351e+00
37 58 -1.000281589344423e+00 -1.894576280278870e-03 -8.879555113217633e-04 -1.007714231196263e+00
37 59 -1.000281951282340e+00 -1.895673181058056e-03 -8.869573135042501e-04 -1.007711083090691e+00
37 60 -1.000282360100924e+00 -1.896874799082556e-03 -8.858863218901326e-04 -1.007707556474455e+00
37 61 -1.000282811091633e+00 -1.898167478269673e-03 -8.847608270400283e-04 -1.007703690426867e+00
37 62 -1.000283299365219e+00 -1.899536853657009e-03 -8.835997771663507e-04 -1.007699526471380e+00
37 63 -1.000283819916288e+00 -1.900968088688245e-03 -8.824222060845864e-04 -1.007695107963526e+00
38 0 -1.000283776639851e+00 -1.902404478845853e-03 -8.799167440833757e-04 -1.007691569133881e+00
38 1 -1.000284342626333e+00 -1.903902173459458e-03 -8.787748262054922e-04 -1.007686804970917e+00
38 2 -1.000284926483971e+00 -1.905418525881353e-03 -8.776668410725104e-04 -1.007681915359725e+00
38 3 -1.000285523103883e+00 -1.906938572058733e-03 -8.766075762052796e-04 -1.007676946908871e+00
38 4 -1.000286127412868e+00 -1.908447591924340e-03 -8.756101231641298e-04 -1.007671946320943e+00
38 5 -1.000286734401177e+00 -1.909931216519851e-03 -8.746857421073166e-04 -1.007666960063970e+00
38 6 -1.000287339138526e+00 -1.911375523960870e-03 -8.738437792947125e-04 -1.007662034062021e+00
38 7 -1.000287936774620e+00 -1.912767124835628e-03 -8.730916255583983e-04 -1.007657213416258e+00
38 8 -1.000288522529216e+00 -1.914093246271292e-03 -8.724347065696465e-04 -1.007652542132741e+00
38 9 -1.000289091683193e+00 -1.915341826809963e-03 -8.718765022620549e-04 -1.007648062813742e+00
38 10 -1.000289639581668e+00 -1.916501626679923e-03 -8.714186011277727e-04 -1.007643816287271e+00
38 11 -1.000290161654270e+00 -1.917562346427747e-03 -8.710607994481079e-04 -1.007639841187232e+00
38 12 -1.000290653450510e+00 -1.918514739295653e-03 -8.708012518124751e-04 -1.007636173526288e+00
38 13 -1.000291110682290e+00 -1.919350700981531e-03 -8.706366693967905e-04 -1.007632846316200e+00
38 14 -1.000291529262807e+00 -1.920063323960401e-03 -8.705625517820976e-04 -1.007629889285707e+00
38 15 -1.000291905333830e+00 -1.920646913719650e-03 -8.705734314395134e-04 -1.007627328716329e+00
38 16 -1.000292235281608e+00 -1.921096978880916e-03 -8.706631107471810e-04 -1.007625187365387e+00
38 17 -1.000292515750898e+00 -1.921410216591718e-03 -8.708248806925282e-04 -1.007623484405287e+00
38 18 -1.000292743670001e+00 -1.921584510417410e-03 -8.710517245807924e-04 -1.007622235312670e+00
38 19 -1.000292916295566e+00 -1.921618943513380e-03 -8.713365208479637e-04 -1.007621451686418e+00
38 20 -1.000293031277506e+00 -1.921513816027316e-03 -8.716722595133287e-04 -1.007621141024929e+00
38 21 -1.000293086736006e+00 -1.921270649348721e-03 -8.720522767041793e-04 -1.007621306524002e+00
38 22 -1.000293081336950e+00 -1.920892161440687e-03 -8.724704963451291e-04 -1.007621946961430e+00
38 23 -1.000293014351501e+00 -1.920382206711692e-03 -8.729216539324645e-04 -1.007623056711171e+00
38 24 -1.000292885691534e+00 -1.919745689139611e-03 -8.734014702651462e-04 -1.007624625879843e+00
38 25 -1.000292695922348e+00 -1.918988470552663e-03 -8.739067478221116e-04 -1.007626640506045e+00
38 26 -1.000292446261542e+00 -1.918117296552658e-03 -8.744353786719638e-04 -1.007629082747493e+00
38 27 -1.000292138573642e+00 -1.917139749592361e-03 -8.749862720758288e-04 -1.007631931013935e+00
38 28 -1.000291775365651e+00 -1.916064222777585e-03 -8.755592217989927e-04 -1.007635160055427e+00
38 29 -1.000291359782768e+00 -1.914899898949023e-03 -8.761547337392396e-04 -1.007638741050791e+00
38 30 -1.000290895598683e+00 -1.913656718501666e-03 -8.767738275745965e-04 -1.007642641751265e+00
38 31 -1.000290387192264e+00 -1.912345323952572e-03 -8.774178166096342e-04 -1.007646826724248e+00
38 32 -1.000289839504141e+00 -1.910976979556207e-03 -8.780880609810506e-04 -1.007651257709581e+00
38 33 -1.000289257972668e+00 -1.909563477481684e-03 -8.787856854817168e-04 -1.007655894053252e+00
38 34 -1.000288648455340e+00 -1.908117048677678e-03 -8.795112600988438e-04 -1.007660693151996e+00
38 35 -1.000288017144410e+00 -1.906650289865517e-03 -8.802644582257179e-04 -1.007665610854271e+00
38 36 -1.000287370483864e+00 -1.905176104337501e-03 -8.810437245165610e-04 -1.007670601804490e+00
38 37 -1.000286715092268e+00 -1.903707645800033e-03 -8.818459910350449e-04 -1.007675619748932e+00
38 38 -1.000286057693976e+00 -1.902258255394400e-03 -8.826664747934513e-04 -1.007680617826734e+00
38 39 -1.000285405058796e+00 -1.900841386751557e-03 -8.834985766411693e-04 -1.007685548862687e+00
38 40 -1.000284763947253e+00 -1.899470518354753e-03 -8.843338848748105e-04 -1.007690365672437e+00
38 41 -1.000284141056914e+00 -1.898159056944520e-03 -8.851622706873940e-04 -1.007695021381589e+00
38 42 -1.000283542965435e+00 -1.896920237730304e-03 -8.859720541264038e-04 -1.007699469752940e+00
38 43 -1.000282976066152e+00 -1.895767021130636e-03 -8.867502255139438e-04 -1.007703665528803e+00
38 44 -1.000282446491782e+00 -1.894711973331546e-03 -8.874827246867802e-04 -1.007707564827594e+00
38 45 -1.000281960023474e+00 -1.893767110974448e-03 -8.881547946831883e-04 -1.007711125651185e+00
38 46 -1.000281521988024e+00 -1.892943697786504e-03 -8.887514254255505e-04 -1.007714308533652e+00
38 47 -1.000281137152537e+00 -1.892251998576031e-03 -8.892578861358219e-04 -1.007717077306394e+00
38 48 -1.000280809628939e+00 -1.891701012612007e-03 -8.896603208011233e-04 -1.007719399906041e+00
38 49 -1.000280542799007e+00 -1.891298217712963e-03 -8.899463581972261e-04 -1.007721249129735e+00
38 50 -1.000280339265729e+00 -1.891049356871874e-03 -8.901056756183788e-04 -1.007722603248206e+00
38 51 -1.000280200830435e+00 -1.890958289004009e-03 -8.901304613868861e-04 -1.007723446421936e+00
38 52 -1.000280128488770e+00 -1.891026905780351e-03 -8.900157455697164e-04 -1.007723768925265e+00
38 53 -1.000280122435654e+00 -1.891255098153808e-03 -8.897595987733534e-04 -1.007723567236116e+00
38 54 -1.000280182073029e+00 -1.891640752015543e-03 -8.893632185377392e-04 -1.007722844056017e+00
38 55 -1.000280306022636e+00 -1.892179763649603e-03 -8.888309242798001e-04 -1.007721608283357e+00
38 56 -1.000280492153042e+00 -1.892866081037716e-03 -8.881700706909727e-04 -1.007719874910762e+00
38 57 -1.000280737630876e+00 -1.893691785982996e-03 -8.873908764113165e-04 -1.007717664791602e+00
38 58 -1.000281039001076e+00 -1.894647231927585e-03 -8.865061573264926e-04 -1.007715004228192e+00
38 59 -1.000281392292726e+00 -1.895721243851683e-03 -8.855309565124270e-04 -1.007711924368474e+00
38 60 -1.000281793138392e+00 -1.896901370576781e-03 -8.844820769171412e-04 -1.007708460452592e+00
38 61 -1.000282236889050e+00 -1.898174162486050e-03 -8.833775427934783e-04 -1.007704651004835e+00
38 62 -1.000282718708169e+00 -1.899525440950575e-03 -8.822360306159963e-04 -1.007700537082882e+00
38 63 -1.000283233637657e+00 -1.900940535108630e-03 -8.810763121794747e-04 -1.007696161657814e+00
39 0 -1.000283157348522e+00 -1.902280030135126e-03 -8.790244919088602e-04 -1.007692777723470e+00
39 1 -1.000283718969155e+00 -1.903764967923612e-03 -8.778953214684708e-04 -1.007688045642093e+00
39 2 -1.000284299368960e+00 -1.905270766435817e-03 -8.767978824723954e-04 -1.007683180743851e+00
39 3 -1.000284893462391e+00 -1.906782543229781e-03 -8.757468353194401e-04 -1.007678229518733e+00
39 4 -1.000285496191242e+00 -1.908285639326295e-03 -8.747551649316629e-04 -1.007673238618249e+00
39 5 -1.000286102553874e+00 -1.909765728935680e-03 -8.738340371859906e-04 -1.007668254518701e+00
39 6 -1.000286707623652e+00 -1.911208918115961e-03 -8.729927144203803e-04 -1.007663323199888e+00
39 7 -1.000287306551668e+00 -1.912601831363004e-03 -8.722385204803826e-04 -1.007658489855530e+00
39 8 -1.000287894557357e+00 -1.913931693847240e-03 -8.715768445896175e-04 -1.007653798618324e+00
39 9 -1.000288466917905e+00 -1.915186421593241e-03 -8.710111760090231e-04 -1.007649292258775e+00
39 10 -1.000289018968264e+00 -1.916354726635643e-03 -8.705431682544216e-04 -1.007645011827137e+00
39 11 -1.000289546118499e+00 -1.917426233219464e-03 -8.701727380542271e-04 -1.007640996242009e+00
39 12 -1.000290043887609e+00 -1.918391591878725e-03 -8.698982052153806e-04 -1.007637281862358e+00
39 13 -1.000290507946290e+00 -1.919242574175658e-03 -8.697164743257266e-04 -1.007633902098560e+00
39 14 -1.000290934157505e+00 -1.919972133066822e-03 -8.696232509044667e-04 -1.007630887117029e+00
39 15 -1.000291318605888e+00 -1.920574423658669e-03 -8.696132773652982e-04 -1.007628263664938e+00
39 16 -1.000291657614891e+00 -1.921044794092054e-03 -8.696805716534894e-04 -1.007626054990838e+00
39 17 -1.000291947760068e+00 -1.921379767269772e-03 -8.698186558624482e-04 -1.007624280793732e+00
39 18 -1.000292185891502e+00 -1.921577032605399e-03 -8.700207719824633e-04 -1.007622957130302e+00
39 19 -1.000292369175554e+00 -1.921635454437872e-03 -8.702800913707245e-04 -1.007622096248753e+00
39 20 -1.000292495158138e+00 -1.921555089520665e-03 -8.705899274454370e-04 -1.007621706369171e+00
39 21 -1.000292561842747e+00 -1.921337197336420e-03 -8.709439557592445e-04 -1.007621791467517e+00
39 22 -1.000292567769605e+00 -1.920984225973667e-03 -8.713364348789828e-04 -1.007622351132746e+00
39 23 -1.000292512080664e+00 -1.920499763622082e-03 -8.717624100830060e-04 -1.007623380548920e+00
39 24 -1.000292394560320e+00 -1.919888460343432e-03 -8.722178747521499e-04 -1.007624870606338e+00
39 25 -1.000292215651625e+00 -1.919155939257349e-03 -8.726998658238282e-04 -1.007626808090585e+00
39 26 -1.000291976456138e+00 -1.918308719947045e-03 -8.732064804878529e-04 -1.007629175874457e+00
39 27 -1.000291678727739e+00 -1.917354166780898e-03 -8.737368161164055e-04 -1.007631953062404e+00
39 28 -1.000291324866921e+00 -1.916300459404990e-03 -8.742908463595141e-04 -1.007635115086805e+00
39 29 -1.000290917916105e+00 -1.915156572025208e-03 -8.748692494896211e-04 -1.007638633794994e+00
39 30 -1.000290461551076e+00 -1.913932245151560e-03 -8.754732021403502e-04 -1.007642477581239e+00
39 31 -1.000289960060493e+00 -1.912637936708485e-03 -8.761041457863005e-04 -1.007646611611150e+00
39 32 -1.000289418306170e+00 -1.911284748385480e-03 -8.767635270310039e-04 -1.007650998157341e+00
39 33 -1.000288841662180e+00 -1.909884335570803e-03 -8.774525094550652e-04 -1.007655597020199e+00
39 34 -1.000288235937614e+00 -1.908448817258709e-03 -8.781716588016205e-04 -1.007660365972466e+00
39 35 -1.000287607291682e+00 -1.906990698842994e-03 -8.789206148705436e-04 -1.007665261169022e+00
39 36 -1.000286962149249e+00 -1.905522808892091e-03 -8.796977761439758e-04 -1.007670237499078e+00
39 37 -1.000286307122178e+00 -1.904058241433952e-03 -8.805000290691430e-04 -1.007675248893339e+00
39 38 -1.000285648939242e+00 -1.902610293849472e-03 -8.813225507634625e-04 -1.007680248610896e+00
39 39 -1.000284994384828e+00 -1.901192394275167e-03 -8.821587043043871e-04 -1.007685189525924e+00
39 40 -1.000284350243879e+00 -1.899818017021344e-03 -8.830000326744125e-04 -1.007690024426130e+00
39 41 -1.000283723248567e+00 -1.898500588619318e-03 -8.838363439786687e-04 -1.007694706326071e+00
39 42 -1.000283120021792e+00 -1.897253388746327e-03 -8.846558726703328e-04 -1.007699188792714e+00
39 43 -1.000282547012882e+00 -1.896089445512881e-03 -8.854455048486940e-04 -1.007703426290461e+00
39 44 -1.000282010421152e+00 -1.895021414330519e-03 -8.861910680657894e-04 -1.007707374579313e+00
39 45 -1.000281516104868e+00 -1.894061422793817e-03 -8.868776967636474e-04 -1.007710991217516e+00
39 46 -1.000281069478053e+00 -1.893220869228072e-03 -8.874902833134878e-04 -1.007714236202060e+00
39 47 -1.000280675403755e+00 -1.892510178291371e-03 -8.880140102551821e-04 -1.007717072730483e+00
39 48 -1.000280338096070e+00 -1.891938534158739e-03 -8.884349379730931e-04 -1.007719468015534e+00
39 49 -1.000280061042344e+00 -1.891513622547274e-03 -8.887406021437791e-04 -1.007721394055829e+00
39 50 -1.000279846952171e+00 -1.891241413647004e-03 -8.889205651660410e-04 -1.007722828269257e+00
39 51 -1.000279697732970e+00 -1.891126007695823e-03 -8.889668718773944e-04 -1.007723753931601e+00
39 52 -1.000279614485265e+00 -1.891169546274281e-03 -8.888743815313983e-04 -1.007724160420597e+00
39 53 -1.000279597507884e+00 -1.891372174956405e-03 -8.886409745026149e-04 -1.007724043317010e+00
39 54 -1.000279646306433e+00 -1.891732037610408e-03 -8.882676492732516e-04 -1.007723404426253e+00
39 55 -1.000279759606185e+00 -1.892245291423192e-03 -8.877585264614027e-04 -1.007722251751211e+00
39 56 -1.000279935377618e+00 -1.892906146340104e-03 -8.871207667115132e-04 -1.007720599397087e+00
39 57 -1.000280170884734e+00 -1.893706943239301e-03 -8.863643977975295e-04 -1.007718467356032e+00
39 58 -1.000280462762209e+00 -1.894638286896489e-03 -8.855020410896749e-04 -1.007715881118551e+00
39 59 -1.000280807119244e+00 -1.895689241415071e-03 -8.845485328283140e-04 -1.007712871091297e+00
39 60 -1.000281199658557e+00 -1.896847578984676e-03 -8.835204511199290e-04 -1.007709471858142e+00
39 61 -1.000281635792438e+00 -1.898100055257949e-03 -8.824355784724262e-04 -1.007705721377824e+00
39 62 -1.000282110738743e+00 -1.899432677767365e-03 -8.813123414880420e-04 -1.007701660229928e+00
39 63 -1.000282619588521e+00 -1.900830942459006e-03 -8.801692680855246e-04 -1.007697330986340e+00
40 0 -1.000282514961721e+00 -1.902073756479580e-03 -8.785755629036722e-04 -1.007694097127551e+00
40 1 -1.000283071708943e+00 -1.903545089055042e-03 -8.774580214054106e-04 -1.007689400693682e+00
40 2 -1.000283648105061e+00 -1.905039347748642e-03 -8.763701215951801e-04 -1.007684564430926e+00
40 3 -1.000284239092056e+00 -1.906541737321064e-03 -8.753264128796753e-04 -1.007679634681176e+00
40 4 -1.000284839631138e+00 -1.908037666589283e-03 -8.743397906033550e-04 -1.007674658011705e+00
40 5 -1.000285444733080e+00 -1.909512860687878e-03 -8.734213429701839e-04 -1.007669680871540e+00
40 6 -1.000286049479180e+00 -1.910953463239214e-03 -8.725802616829484e-04 -1.007664749256995e+00
40 7 -1.000286649026540e+00 -1.912346125054605e-03 -8.718238107034969e-04 -1.007659908409501e+00
40 8 -1.000287238599583e+00 -1.913678084830855e-03 -8.711573422786441e-04 -1.007655202537331e+00
40 9 -1.000287813478107e+00 -1.914937254614543e-03 -8.705843471033062e-04 -1.007650674521767e+00
40 10 -1.000288368994547e+00 -1.916112319883942e-03 -8.701065301191087e-04 -1.007646365570598e+00
40 11 -1.000288900548380e+00 -1.917192852824373e-03 -8.697239119178341e-04 -1.007642314815647e+00
40 12 -1.000289403637784e+00 -1.918169426548894e-03 -8.694349609686548e-04 -1.007638558888007e+00
40 13 -1.000289873901730e+00 -1.919033713053113e-03 -8.692367605949224e-04 -1.007635131525101e+00
40 14 -1.000290307161729e+00 -1.919778549018118e-03 -8.691252090992417e-04 -1.007632063264302e+00
40 15 -1.000290699453397e+00 -1.920397961613457e-03 -8.690952452088319e-04 -1.007629381255388e+00
40 16 -1.000291047044987e+00 -1.920887160558679e-03 -8.691410863406110e-04 -1.007627109177924e+00
40 17 -1.000291346449913e+00 -1.921242515857725e-03 -8.692564663330148e-04 -1.007625267201445e+00
40 18 -1.000291594446546e+00 -1.921461542815013e-03 -8.694348639020208e-04 -1.007623871912421e+00
40 19 -1.000291788116939e+00 -1.921542905088644e-03 -8.696697208611947e-04 -1.007622936164915e+00
40 20 -1.000291924908182e+00 -1.921486431127536e-03 -8.699546542615904e-04 -1.007622468866345e+00
40 21 -1.000292002710666e+00 -1.921293128851624e-03 -8.702836651509662e-04 -1.007622474752051e+00
40 22 -1.000292019940196e+00 -1.920965180955696e-03 -8.706513400394509e-04 -1.007622954218337e+00
40 23 -1.000291975608231e+00 -1.920505908461879e-03 -8.710530334470403e-04 -1.007623903271409e+00
40 24 -1.000291869368381e+00 -1.919919702653738e-03 -8.714850142548480e-04 -1.007625313608696e+00
40 25 -1.000291701536729e+00 -1.919211940629967e-03 -8.719445573242806e-04 -1.007627172793399e+00
40 26 -1.000291473093234e+00 -1.918388907185532e-03 -8.724299668118403e-04 -1.007629464448632e+00
40 27 -1.000291185675208e+00 -1.917457739063307e-03 -8.729405275961845e-04 -1.007632168411434e+00
40 28 -1.000290841570727e+00 -1.916426392352877e-03 -8.734763910820647e-04 -1.007635260835892e+00
40 29 -1.000290443713522e+00 -1.915303621466508e-03 -8.740384065410408e-04 -1.007638714279477e+00
40 30 -1.000289995675256e+00 -1.914098954102987e-03 -8.746279090420946e-04 -1.007642497825036e+00
40 31 -1.000289501647596e+00 -1.912822648945991e-03 -8.752464729561311e-04 -1.007646577285837e+00
40 32 -1.000288966406310e+00 -1.911485629713986e-03 -8.758956378302341e-04 -1.007650915518047e+00
40 33 -1.000288395253813e+00 -1.910099400019583e-03 -8.765766118274533e-04 -1.007655472825444e+00
40 34 -1.000287793943568e+00 -1.908675953172181e-03 -8.772899590925441e-04 -1.007660207401955e+00
40 35 -1.000287168594979e+00 -1.907227691359733e-03 -8.780352834081249e-04 -1.007665075749055e+00
40 36 -1.000286525607792e+00 -1.905767358644249e-03 -8.788109290100620e-04 -1.007670033035358e+00
40 37 -1.000285871582022e+00 -1.904307981209810e-03 -8.796137244777455e-04 -1.007675033406043e+00
40 38 -1.000285213246363e+00 -1.902862805058468e-03 -8.804387936836600e-04 -1.007680030268082e+00
40 39 -1.000284557395626e+00 -1.901445224928235e-03 -8.812794505055027e-04 -1.007684976572646e+00
40 40 -1.000283910835177e+00 -1.900068702676524e-03 -8.821271845903709e-04 -1.007689825106750e+00
40 41 -1.000283280327824e+00 -1.898746676221896e-03 -8.829717360203057e-04 -1.007694528800213e+00
40 42 -1.000282672537627e+00 -1.897492461281287e-03 -8.838012502109229e-04 -1.007699041049970e+00
40 43 -1.000282093965635e+00 -1.896319145267874e-03 -8.846025048912594e-04 -1.007703316068593e+00
40 44 -1.000281550873462e+00 -1.895239464654296e-03 -8.853612086029640e-04 -1.007707309284161e+00
40 45 -1.000281049192387e+00 -1.894265649976412e-03 -8.860623774899117e-04 -1.007710977838483e+00
40 46 -1.000280594419868e+00 -1.893409225727865e-03 -8.866907952279207e-04 -1.007714281220521e+00
40 47 -1.000280191511444e+00 -1.892680767103597e-03 -8.872315476722611e-04 -1.007717182025365e+00
40 48 -1.000279844780410e+00 -1.892089633286068e-03 -8.876706049759858e-04 -1.007719646773763e+00
40 49 -1.000279557817307e+00 -1.891643708098510e-03 -8.879954076132314e-04 -1.007721646695358e+00
40 50 -1.000279333436406e+00 -1.891349179502783e-03 -8.881954055070853e-04 -1.007723158381663e+00
40 51 -1.000279173649339e+00 -1.891210379871450e-03 -8.882625057468654e-04 -1.007724164248342e+00
40 52 -1.000279079659541e+00 -1.891229691903629e-03 -8.881914036447139e-04 -1.007724652799763e+00
40 53 -1.000279051867859e+00 -1.891407507819268e-03 -8.879797953357622e-04 -1.007724618740668e+00
40 54 -1.000279089882003e+00 -1.891742222247834e-03 -8.876284849287972e-04 -1.007724062999404e+00
40 55 -1.000279192529660e+00 -1.892230246281241e-03 -8.871413990092807e-04 -1.007722992701302e+00
40 56 -1.000279357882720e+00 -1.892866044966029e-03 -8.865255111329038e-04 -1.007721421080294e+00
40 57 -1.000279583302990e+00 -1.893642212224037e-03 -8.857906691471975e-04 -1.007719367278417e+00
40 58 -1.000279865516321e+00 -1.894549599454928e-03 -8.849493160377458e-04 -1.007716855978173e+00
40 59 -1.000280200714006e+00 -1.895577506054592e-03 -8.840161028763864e-04 -1.007713916843024e+00
40 60 -1.000280584670785e+00 -1.896713924015898e-03 -8.830074088653651e-04 -1.007710583796169e+00
40 61 -1.000281012861806e+00 -1.897945811216205e-03 -8.819408020113072e-04 -1.007706894224670e+00
40 62 -1.000281480560792e+00 -1.899259359607632e-03 -8.808344843654785e-04 -1.007702888220740e+00
40 63 -1.000281982909661e+00 -1.900640231762083e-03 -8.797067616659701e-04 -1.007698607944122e+00
41 0 -1.000281854901472e+00 -1.901787342471165e-03 -8.785710564580063e-04 -1.007695518628066e+00
41 1 -1.000282406291345e+00 -1.903244310668761e-03 -8.774639947684214e-04 -1.007690861205367e+00
41 2 -1.000282978154605e+00 -1.904726115886329e-03 -8.763846096606698e-04 -1.007686057355922e+00
41 3 -1.000283565464979e+00 -1.906218054961751e-03 -8.753473565327710e-04 -1.007681153244694e+00
41 4 -1.000284163207670e+00 -1.907705610763107e-03 -8.743650586573668e-04 -1.007676195321616e+00
41 5 -1.000284766410552e+00 -1.909174567216670e-03 -8.734487434553215e-04 -1.007671229971135e+00
41 6 -1.000285370167533e+00 -1.910611115332758e-03 -8.726075459697858e-04 -1.007666303164575e+00
41 7 -1.000285969646473e+00 -1.912001944392351e-03 -8.718486786068745e-04 -1.007661460145279e+00
41 8 -1.000286560081977e+00 -1.913334321688429e-03 -8.711774571674202e-04 -1.007656745145887e+00
41 9 -1.000287136762682e+00 -1.914596173914265e-03 -8.705973660137773e-04 -1.007652201099764e+00
41 10 -1.000287695026119e+00 -1.915776182173680e-03 -8.701101470761203e-04 -1.007647869305187e+00
41 11 -1.000288230270006e+00 -1.916863891287832e-03 -8.697159067938455e-04 -1.007643789034015e+00
41 12 -1.000288737981153e+00 -1.917849822599405e-03 -8.694132437812608e-04 -1.007639997114283e+00
41 13 -1.000289213776295e+00 -1.918725573954682e-03 -8.691994028724134e-04 -1.007636527536657e+00
41 14 -1.000289653444571e+00 -1.919483890409067e-03 -8.690704593486109e-04 -1.007633411138654e+00
41 15 -1.000290052981018e+00 -1.920118694920524e-03 -8.690215326591906e-04 -1.007630675405697e+00
41 16 -1.000290408606415e+00 -1.920625081632499e-03 -8.690470224547598e-04 -1.007628344385776e+00
41 17 -1.000290716779202e+00 -1.920999289814959e-03 -8.691408539211394e-04 -1.007626438660599e+00
41 18 -1.000290974212889e+00 -1.921238682124994e-03 -8.692967189072693e-04 -1.007624975292103e+00
41 19 -1.000291177911752e+00 -1.921341741518254e-03 -8.695083048499704e-04 -1.007623967691439e+00
41 20 -1.000291325229854e+00 -1.921308085136340e-03 -8.697695096120549e-04 -1.007623425413761e+00
41 21 -1.000291413948876e+00 -1.921138481847197e-03 -8.700746420150262e-04 -1.007623353927360e+00
41 22 -1.000291442362610e+00 -1.920834856130745e-03 -8.704186055885976e-04 -1.007623754424819e+00
41 23 -1.000291409352148e+00 -1.920400263712303e-03 -8.707970597767287e-04 -1.007624623738557e+00
41 24 -1.000291314438291e+00 -1.919838834536015e-03 -8.712065492750192e-04 -1.007625954389814e+00
41 25 -1.000291157806553e+00 -1.919155694226395e-03 -8.716445887635172e-04 -1.007627734744489e+00
41 26 -1.000290940310838e+00 -1.918356885993610e-03 -8.721096900742110e-04 -1.007629949205164e+00
41 27 -1.000290663467140e+00 -1.917449311531459e-03 -8.726013240365186e-04 -1.007632578372568e+00
41 28 -1.000290329446232e+00 -1.916440695073936e-03 -8.731198169587109e-04 -1.007635599155957e+00
41 29 -1.000289941068122e+00 -1.915339561579074e-03 -8.736661870367409e-04 -1.007638984859714e+00
41 30 -1.000289501795099e+00 -1.914155214777782e-03 -8.742419283390005e-04 -1.007642705295215e+00
41 31 -1.000289015716258e+00 -1.912897701531126e-03 -8.748487521951855e-04 -1.007646726965999e+00
41 32 -1.000288487515178e+00 -1.911577753709484e-03 -8.754882981633077e-04 -1.007651013356908e+00
41 33 -1.000287922415904e+00 -1.910206708636670e-03 -8.761618270489333e-04 -1.007655525321450e+00
41 34 -1.000287326109417e+00 -1.908796420229733e-03 -8.768699073779518e-04 -1.007660221518662e+00
41 35 -1.000286704668948e+00 -1.907359175911060e-03 -8.776121081081535e-04 -1.007665058834502e+00
41 36 -1.000286064463495e+00 -1.905907625911981e-03 -8.783867148243327e-04 -1.007669992748726e+00
41 37 -1.000285412076185e+00 -1.904454720465650e-03 -8.791904896128142e-04 -1.007674977649589e+00
41 38 -1.000284754230964e+00 -1.903013646403739e-03 -8.800184927821537e-04 -1.007679967119728e+00
41 39 -1.000284097728758e+00 -1.901597757356537e-03 -8.808639794715674e-04 -1.007684914214194e+00
41 40 -1.000283449391294e+00 -1.900220494930611e-03 -8.817183789975961e-04 -1.007689771745181e+00
41 41 -1.000282816007853e+00 -1.898895300077568e-03 -8.825713595383484e-04 -1.007694492584132e+00
41 42 -1.000282204279085e+00 -1.897635515512600e-03 -8.834109756164501e-04 -1.007699029986004e+00
41 43 -1.000281620752850e+00 -1.896454278818304e-03 -8.842238943206689e-04 -1.007703337940381e+00
41 44 -1.000281071748075e+00 -1.895364398792959e-03 -8.849957001841068e-04 -1.007707371572214e+00
41 45 -1.000280563264072e+00 -1.894378200079232e-03 -8.857112827002226e-04 -1.007711087637416e+00
41 46 -1.000280100876709e+00 -1.893507323471648e-03 -8.863553064526581e-04 -1.007714445151868e+00
41 47 -1.000279689629142e+00 -1.892762483655532e-03 -8.869127504291975e-04 -1.007717406147143e+00
41 48 -1.000279333929540e+00 -1.892153203296966e-03 -8.873694867785216e-04 -1.007719936491428e+00
41 49 -1.000279037468025e+00 -1.891687552813410e-03 -8.877128570561635e-04 -1.007722006682813e+00
41 50 -1.000278803160321e+00 -1.891371926303463e-03 -8.879321997140298e-04 -1.007723592522254e+00
41 51 -1.000278633119106e+00 -1.891210876523990e-03 -8.880192889921376e-04 -1.007724675600172e+00
41 52 -1.000278528647592e+00 -1.891207016056135e-03 -8.879686629218560e-04 -1.007725243580329e+00
41 53 -1.000278490245772e+00 -1.891360973598063e-03 -8.877778396377554e-04 -1.007725290320805e+00
41 54 -1.000278517620964e+00 -1.891671385219125e-03 -8.874474338682732e-04 -1.007724815899652e+00
41 55 -1.000278609701227e+00 -1.892134906917871e-03 -8.869811828303762e-04 -1.007723826590077e+00
41 56 -1.000278764658554e+00 -1.892746250239566e-03 -8.863858792932248e-04 -1.007722334777552e+00
41 57 -1.000278979952334e+00 -1.893498254542128e-03 -8.856712012200769e-04 -1.007720358770931e+00
41 58 -1.000279252400503e+00 -1.894382011531567e-03 -8.848494285798749e-04 -1.007717922454007e+00
41 59 -1.000279578278073e+00 -1.895387050568505e-03 -8.839350484988353e-04 -1.007715054749931e+00
41 60 -1.000279953433574e+00 -1.896501578752807e-03 -8.829442673706254e-04 -1.007711788919949e+00
41 61 -1.000280373406597e+00 -1.897712752156684e-03 -8.818944672374988e-04 -1.007708161775228e+00
41 62 -1.000280833528139e+00 -1.899006944090566e-03 -8.808036535425132e-04 -1.007704212913635e+00
41 63 -1.000281328992489e+00 -1.900369981984008e-03 -8.796899347961489e-04 -1.007699984072800e+00
42 0 -1.000281182821157e+00 -1.901423131845864e-03 -8.790076721520182e-04 -1.007697032954926e+00
42 1 -1.000281728395074e+00 -1.902865064418703e-03 -8.779099411856159e-04 -1.007692417693021e+00
42 2 -1.000282295214741e+00 -1.904333574455374e-03 -8.768380586074472e-04 -1.007687649876135e+00
42 3 -1.000282878289861e+00 -1.905814055149307e-03 -8.758064031124215e-04 -1.007682775464144e+00
42 4 -1.000283472634472e+00 -1.907292069616414e-03 -8.748277432522437e-04 -1.007677840755551e+00
42 5 -1.000284073298668e+00 -1.908753468649644e-03 -8.739130624600558e-04 -1.007672892030939e+00
42 6 -1.000284675393935e+00 -1.910184500315100e-03 -8.730714536059671e-04 -1.007667975194124e+00
42 7 -1.000285274103717e+00 -1.911571904021761e-03 -8.723100869098649e-04 -1.007663135444604e+00
42 8 -1.000285864678046e+00 -1.912902990513581e-03 -8.716342432429010e-04 -1.007658416987417e+00
42 9 -1.000286442420681e+00 -1.914165719949629e-03 -8.710473933844200e-04 -1.007653862747387e+00
42 10 -1.000287002681723e+00 -1.915348791275425e-03 -8.705513017881038e-04 -1.007649514045160e+00
42 11 -1.000287540865563e+00 -1.916441746341940e-03 -8.701461419814629e-04 -1.007645410220005e+00
42 12 -1.000288052456808e+00 -1.917435080414955e-03 -8.698306224829461e-04 -1.007641588221635e+00
42 13 -1.000288533059502e+00 -1.918320343460278e-03 -8.696021299692483e-04 -1.007638082217586e+00
42 14 -1.000288978439738e+00 -1.919090214654881e-03 -8.694568985940810e-04 -1.007634923271326e+00
42 15 -1.000289384560468e+00 -1.919738537099850e-03 -8.693902113602618e-04 -1.007632139135103e+00
42 16 -1.000289747602658e+00 -1.920260312625340e-03 -8.693966317705877e-04 -1.007629754161663e+00
42 17 -1.000290063977095e+00 -1.920651672887225e-03 -8.694702546393469e-04 -1.007627789283640e+00
42 18 -1.000290330339724e+00 -1.920909850909809e-03 -8.696049596453289e-04 -1.007626261979227e+00
42 19 -1.000290543624063e+00 -1.921033170572997e-03 -8.697946528772483e-04 -1.007625186162952e+00
42 20 -1.000290701097439e+00 -1.921021056471374e-03 -8.700334872422163e-04 -1.007624571993420e+00
42 21 -1.000290800438057e+00 -1.920874053395288e-03 -8.703160575189474e-04 -1.007624425638887e+00
42 22 -1.000290839821419e+00 -1.920593838008751e-03 -8.706375685700371e-04 -1.007624749068073e+00
42 23 -1.000290817999908e+00 -1.920183205794783e-03 -8.709939761159564e-04 -1.007625539934399e+00
42 24 -1.000290734360860e+00 -1.919646025335543e-03 -8.713820977655218e-04 -1.007626791592238e+00
42 25 -1.000290588956816e+00 -1.918987167478007e-03 -8.717996876750530e-04 -1.007628493229019e+00
42 26 -1.000290382512395e+00 -1.918212429267360e-03 -8.722454644610849e-04 -1.007630630049170e+00
42 27 -1.000290116418715e+00 -1.917328472124350e-03 -8.727190822653782e-04 -1.007633183441111e+00
42 28 -1.000289792725410e+00 -1.916342782043446e-03 -8.732210386685881e-04 -1.007636131096498e+00
42 29 -1.000289414134642e+00 -1.915263646630939e-03 -8.737525178114461e-04 -1.007639447097870e+00
42 30 -1.000288983995050e+00 -1.914100136339274e-03 -8.743151722576322e-04 -1.007643102019323e+00
42 31 -1.000288506288580e+00 -1.912862075344004e-03 -8.749108538260574e-04 -1.007647063091611e+00
42 32 -1.000287985601378e+00 -1.911559990986105e-03 -8.755413099397788e-04 -1.007651294468916e+00
42 33 -1.000287427073095e+00 -1.910205040455188e-03 -8.762078643159944e-04 -1.007655757597715e+00
42 34 -1.000286836325925e+00 -1.908808924958910e-03 -8.769110990797579e-04 -1.007660411643624e+00
42 35 -1.000286219380936e+00 -1.907383805728235e-03 -8.776505535283780e-04 -1.007665213913094e+00
42 36 -1.000285582570928e+00 -1.905942229650380e-03 -8.784244546405800e-04 -1.007670120227822e+00
42 37 -1.000284932457103e+00 -1.904497062671753e-03 -8.792294936964178e-04 -1.007675085247129e+00
42 38 -1.000284275754009e+00 -1.903061424764192e-03 -8.800606605729080e-04 -1.007680062755807e+00
42 39 -1.000283619264383e+00 -1.901648621020969e-03 -8.809111445707818e-04 -1.007685005938224e+00
42 40 -1.000282969822125e+00 -1.900272064983143e-03 -8.817723095399832e-04 -1.007689867657509e+00
42 41 -1.000282334238525e+00 -1.898945191934132e-03 -8.826337495327070e-04 -1.007694600754344e+00
42 42 -1.000281719245917e+00 -1.897681362243664e-03 -8.834834278819215e-04 -1.007699158370978e+00
42 43 -1.000281131433705e+00 -1.896493754253329e-03 -8.843079004075892e-04 -1.007703494303940e+00
42 44 -1.000280577172528e+00 -1.895395239592759e-03 -8.850926246111093e-04 -1.007707563406524e+00
42 45 -1.000280062523750e+00 -1.894398226822092e-03 -8.858223570353543e-04 -1.007711322084247e+00
42 46 -1.000279593135431e+00 -1.893514461779270e-03 -8.864816340929821e-04 -1.007714728920517e+00
42 47 -1.000279174132303e+00 -1.892754786472875e-03 -8.870553178002418e-04 -1.007717745427584e+00
42 48 -1.000278810011864e+00 -1.892128874155451e-03 -8.875291737308442e-04 -1.007720336866896e+00
42 49 -1.000278504558759e+00 -1.891644968203808e-03 -8.878904397989138e-04 -1.007722473051525e+00
42 50 -1.000278260785469e+00 -1.891309654732413e-03 -8.881283430351794e-04 -1.007724129038086e+00
42 51 -1.000278080901308e+00 -1.891127692930455e-03 -8.882345289051331e-04 -1.007725285635867e+00
42 52 -1.000277966305117e+00 -1.891101911986172e-03 -8.882033845085017e-04 -1.007725929708922e+00
42 53 -1.000277917592075e+00 -1.891233164509076e-03 -8.880322567237607e-04 -1.007726054306926e+00
42 54 -1.000277934565433e+00 -1.891520316105927e-03 -8.877215767382374e-04 -1.007725658693813e+00
42 55 -1.000278016250588e+00 -1.891960256665355e-03 -8.872748973123795e-04 -1.007724748323714e+00
42 56 -1.000278160917632e+00 -1.892547934291573e-03 -8.866988360427338e-04 -1.007723334761718e+00
42 57 -1.000278366122735e+00 -1.893276424821734e-03 -8.860029099368414e-04 -1.007721435505524e+00
42 58 -1.000278628776206e+00 -1.894137052247294e-03 -8.851992503112803e-04 -1.007719073655622e+00
42 59 -1.000278945237915e+00 -1.895119569038829e-03 -8.843022007547580e-04 -1.007716277403038e+00
42 60 -1.000279311431836e+00 -1.896212391789377e-03 -8.833278204482797e-04 -1.007713079348517e+00
42 61 -1.000279722963680e+00 -1.897402870013981e-03 -8.822933343547112e-04 -1.007709515724412e+00
42 62 -1.000280175223143e+00 -1.898677554243832e-03 -8.812165807968854e-04 -1.007705625629188e+00
42 63 -1.000280663458245e+00 -1.900022433742439e-03 -8.801154983109211e-04 -1.007701450370781e+00
43 0 -1.000280504582168e+00 -1.900984132339107e-03 -8.798778687546105e-04 -1.007698630172291e+00
43 1 -1.000281043909263e+00 -1.902410445438448e-03 -8.787883459930041e-04 -1.007694059992464e+00
43 2 -1.000281605195494e+00 -1.903864890997631e-03 -8.777229916079429e-04 -1.007689331652647e+00
43 3 -1.000282183490851e+00 -1.905332962630191e-03 -8.766961246981287e-04 -1.007684490879270e+00
43 4 -1.000282773843309e+00 -1.906800309916880e-03 -8.757204760196135e-04 -1.007679583784186e+00
43 5 -1.000283371330573e+00 -1.908252858455690e-03 -8.748070016061940e-04 -1.007674656503979e+00
43 6 -1.000283971086938e+00 -1.909676922790937e-03 -8.739647667702143e-04 -1.007669754831920e+00
43 7 -1.000284568316521e+00 -1.911059304018143e-03 -8.732009094443962e-04 -1.007664923876893e+00
43 8 -1.000285158290209e+00 -1.912387371105729e-03 -8.725206781280037e-04 -1.007660207763085e+00
43 9 -1.000285736333099e+00 -1.913649136090151e-03 -8.719275240574825e-04 -1.007655649345894e+00
43 10 -1.000286297815002e+00 -1.914833337347197e-03 -8.714232204868177e-04 -1.007651289901069e+00
43 11 -1.000286838155099e+00 -1.915929537827783e-03 -8.710079887961799e-04 -1.007647168763125e+00
43 12 -1.000287352844787e+00 -1.916928232588895e-03 -8.706806256323258e-04 -1.007643322927402e+00
43 13 -1.000287837484908e+00 -1.917820950309055e-03 -8.704386379786941e-04 -1.007639786660791e+00
43 14 -1.000288287827737e+00 -1.918600330261110e-03 -8.702783990338112e-04 -1.007636591177777e+00
43 15 -1.000288699812607e+00 -1.919260160397585e-03 -8.701953366240462e-04 -1.007633764427647e+00
43 16 -1.000289069588431e+00 -1.919795374198521e-03 -8.701841582922773e-04 -1.007631331002081e+00
43 17 -1.000289393525858e+00 -1.920202019723771e-03 -8.702391055040003e-04 -1.007629312120430e+00
43 18 -1.000289668230757e+00 -1.920477224380941e-03 -8.703542190923685e-04 -1.007627725614685e+00
43 19 -1.000289890573245e+00 -1.920619176050763e-03 -8.705235946768753e-04 -1.007626585844782e+00
43 20 -1.000290057740880e+00 -1.920627127789022e-03 -8.707416110911003e-04 -1.007625903522105e+00
43 21 -1.000290167314625e+00 -1.920501418154106e-03 -8.710031229486583e-04 -1.007625685473700e+00
43 22 -1.000290217356667e+00 -1.920243489470167e-03 -8.713036160794693e-04 -1.007625934415455e+00
43 23 -1.000290206493736e+00 -1.919855885179911e-03 -8.716393292489736e-04 -1.007626648807559e+00
43 24 -1.000290133980600e+00 -1.919342215662184e-03 -8.720073460086764e-04 -1.007627822837596e+00
43 25 -1.000289999735929e+00 -1.918707096544565e-03 -8.724056565884926e-04 -1.007629446524810e+00
43 26 -1.000289804353064e+00 -1.917956076343475e-03 -8.728331836288513e-04 -1.007631505891024e+00
43 27 -1.000289549095740e+00 -1.917095572867230e-03 -8.732897607905800e-04 -1.007633983130460e+00
43 28 -1.000289235889682e+00 -1.916132829633242e-03 -8.737760521793990e-04 -1.007636856737678e+00
43 29 -1.000288867316227e+00 -1.915075891337476e-03 -8.742934037040868e-04 -1.007640101597189e+00
43 30 -1.000288446607059e+00 -1.913933587698536e-03 -8.748436250657542e-04 -1.007643689074034e+00
43 31 -1.000287977633120e+00 -1.912715510495671e-03 -8.754287119239333e-04 -1.007647587159381e+00
43 32 -1.000287464878552e+00 -1.911431970842519e-03 -8.760505279922281e-04 -1.007651760714109e+00
43 33 -1.000286913393388e+00 -1.910093933040666e-03 -8.767104717555770e-04 -1.007656171816752e+00
43 34 -1.000286328725427e+00 -1.908712932913303e-03 -8.774091512246262e-04 -1.007660780177607e+00
43 35 -1.000285716837884e+00 -1.907300993805355e-03 -8.781460856946426e-04 -1.007665543558835e+00
43 36 -1.000285084021890e+00 -1.905870549108137e-03 -8.789194485910515e-04 -1.007670418155374e+00
43 37 -1.000284436811716e+00 -1.904434371976019e-03 -8.797258605672943e-04 -1.007675358924835e+00
43 38 -1.000283781907984e+00 -1.903005508067930e-03 -8.805602378639721e-04 -1.007680319878756e+00
43 39 -1.000283126110952e+00 -1.901597206460521e-03 -8.814156998898892e-04 -1.007685254355554e+00
43 40 -1.000282476262293e+00 -1.900222844375006e-03 -8.822835423919135e-04 -1.007690115296062e+00
43 41 -1.000281839190624e+00 -1.898895842460396e-03 -8.831532849574226e-04 -1.007694855538666e+00
43 42 -1.000281221654929e+00 -1.897629569408167e-03 -8.840128010140033e-04 -1.007699428142207e+00
43 43 -1.000280630280592e+00 -1.896437234521922e-03 -8.848485363835858e-04 -1.007703786741343e+00
43 44 -1.000280071483690e+00 -1.895331761622231e-03 -8.856458209037394e-04 -1.007707885953035e+00
43 45 -1.000279551380740e+00 -1.894325631660745e-03 -8.863892741827181e-04 -1.007711681872734e+00
43 46 -1.000279075684863e+00 -1.893430683305927e-03 -8.870632969533288e-04 -1.007715132695898e+00
43 47 -1.000278649595330e+00 -1.892657872794214e-03 -8.876526248413826e-04 -1.007718199463836e+00
43 48 -1.000278277692143e+00 -1.892017009483223e-03 -8.881429083226679e-04 -1.007720846883909e+00
43 49 -1.000277963847927e+00 -1.891516493906552e-03 -8.885212765458938e-04 -1.007723044139893e+00
43 50 -1.000277711165839e+00 -1.891163087961679e-03 -8.887768444665464e-04 -1.007724765599377e+00
43 51 -1.000277521946287e+00 -1.890961741439315e-03 -8.889011322178802e-04 -1.007725991342638e+00
43 52 -1.000277397678519e+00 -1.890915484787247e-03 -8.888883822419526e-04 -1.007726707483181e+00
43 53 -1.000277339047796e+00 -1.891025379505090e-03 -8.887357775391447e-04 -1.007726906309806e+00
43 54 -1.000277345948472e+00 -1.891290506401082e-03 -8.884435725726087e-04 -1.007726586317509e+00
43 55 -1.000277417499245e+00 -1.891707976215341e-03 -8.880151412602401e-04 -1.007725752181805e+00
43 56 -1.000277552065464e+00 -1.892272961996376e-03 -8.874569315629052e-04 -1.007724414681714e+00
43 57 -1.000277747298523e+00 -1.892978765584341e-03 -8.867783074680325e-04 -1.007722590531745e+00
43 58 -1.000278000200774e+00 -1.893816933890243e-03 -8.859912644225294e-04 -1.007720302069916e+00
43 59 -1.000278307217702e+00 -1.894777434503890e-03 -8.851100213521037e-04 -1.007717576767619e+00
43 60 -1.000278664350167e+00 -1.895848886846263e-03 -8.841505148790321e-04 -1.007714446569874e+00
43 61 -1.000279067271589e+00 -1.897018828107512e-03 -8.831298415948004e-04 -1.007710947129990e+00
43 62 -1.000279511431775e+00 -1.898273981056256e-03 -8.820657027086521e-04 -1.007707117043800e+00
43 63 -1.000279992133872e+00 -1.899600493086747e-03 -8.809758951486593e-04 -1.007702997182933e+00
44 0 -1.000279826225763e+00 -1.900474018387027e-03 -8.811700635402001e-04 -1.007700299557277e+00
44 1 -1.000280358906017e+00 -1.901884216252857e-03 -8.800876745845873e-04 -1.007695777135110e+00
44 2 -1.000280914193108e+00 -1.903323902313499e-03 -8.790279323412654e-04 -1.007691091522303e+00
44 3 -1.000281487181706e+00 -1.904778674590792e-03 -8.780051129182462e-04 -1.007686288182955e+00
44 4 -1.000282072958896e+00 -1.906234275020320e-03 -8.770319256844632e-04 -1.007681413007218e+00
44 5 -1.000282666635526e+00 -1.907676711596772e-03 -8.761193154389133e-04 -1.007676511947667e+00
44 6 -1.000283263374294e+00 -1.909092374875446e-03 -8.752763342752405e-04 -1.007671630642454e+00
44 7 -1.000283858405535e+00 -1.910468139461260e-03 -8.745100980566198e-04 -1.007666814060747e+00
44 8 -1.000284447026574e+00 -1.911791446939798e-03 -8.738258267352069e-04 -1.007662106192211e+00
44 9 -1.000285024589795e+00 -1.913050378609616e-03 -8.732269477211163e-04 -1.007657549763711e+00
44 10 -1.000285586491567e+00 -1.914233733089266e-03 -8.727152303476778e-04 -1.007653185940116e+00
44 11 -1.000286128173834e+00 -1.915331118396386e-03 -8.722909244888738e-04 -1.007649053978452e+00
44 12 -1.000286645143636e+00 -1.916333055203293e-03 -8.719528923273712e-04 -1.007645190843159e+00
44 13 -1.000287133007751e+00 -1.917231077055278e-03 -8.716987384912556e-04 -1.007641630824119e+00
44 14 -1.000287587513609e+00 -1.918017809026229e-03 -8.715249538452473e-04 -1.007638405212793e+00
44 15 -1.000288004585466e+00 -1.918687009132457e-03 -8.714270904252124e-04 -1.007635542084074e+00
44 16 -1.000288380348216e+00 -1.919233567299967e-03 -8.713999784512767e-04 -1.007633066199864e+00
44 17 -1.000288711139931e+00 -1.919653472462060e-03 -8.714379821682943e-04 -1.007630999000368e+00
44 18 -1.000288993523835e+00 -1.919943770875058e-03 -8.715352758593679e-04 -1.007629358607560e+00
44 19 -1.000289224314302e+00 -1.920102538975674e-03 -8.716861132968328e-04 -1.007628159764412e+00
44 20 -1.000289400626916e+00 -1.920128881923321e-03 -8.718850665144371e-04 -1.007627413676397e+00
44 21 -1.000289519952691e+00 -1.920022952813159e-03 -8.721272195770894e-04 -1.007627127779442e+00
44 22 -1.000289580246532e+00 -1.919785975900662e-03 -8.724083144148465e-04 -1.007627305499683e+00
44 23 -1.000289580013896e+00 -1.919420253952727e-03 -8.727248548290482e-04 -1.007627946080880e+00
44 24 -1.000289518379587e+00 -1.918929146006659e-03 -8.730741786650536e-04 -1.007629044532942e+00
44 25 -1.000289395129230e+00 -1.918317015444430e-03 -8.734545051533976e-04 -1.007630591706754e+00
44 26 -1.000289210724213e+00 -1.917589162313755e-03 -8.738649559488026e-04 -1.007632574449657e+00
44 27 -1.000288966299373e+00 -1.916751759353452e-03 -8.743055390196650e-04 -1.007634975774121e+00
44 28 -1.000288663654823e+00 -1.915811805522141e-03 -8.747770789369671e-04 -1.007637774991417e+00
44 29 -1.000288305249263e+00 -1.914777099402609e-03 -8.752810779891478e-04 -1.007640947804273e+00
44 30 -1.000287894195077e+00 -1.913656224411017e-03 -8.758195008930344e-04 -1.007644466390819e+00
44 31 -1.000287434249026e+00 -1.912458531512082e-03 -8.763944902199513e-04 -1.007648299531880e+00
44 32 -1.000286929789326e+00 -1.911194105021460e-03 -8.770080346028979e-04 -1.007652412828863e+00
44 33 -1.000286385771918e+00 -1.909873704606993e-03 -8.776616203599553e-04 -1.007656769027757e+00
44 34 -1.000285807665197e+00 -1.908508688470472e-03 -8.783558965233917e-04 -1.007661328419106e+00
44 35 -1.000285201369113e+00 -1.907110930145878e-03 -8.790903763818741e-04 -1.007666049255284e+00
44 36 -1.000284573127734e+00 -1.905692738971192e-03 -8.798631897687696e-04 -1.007670888135572e+00
44 37 -1.000283929443449e+00 -1.904266786563276e-03 -8.806708915649460e-04 -1.007675800342415e+00
44 38 -1.000283276998443e+00 -1.902846036575313e-03 -8.815083253063800e-04 -1.007680740138187e+00
44 39 -1.000282622586105e+00 -1.901443674238568e-03 -8.823685398810913e-04 -1.007685661040312e+00
44 40 -1.000281973051365e+00 -1.900073031981190e-03 -8.832427628413419e-04 -1.007690516094327e+00
44 41 -1.000281335235443e+00 -1.898747506805827e-03 -8.841204408859830e-04 -1.007695258164677e+00
44 42 -1.000280715918807e+00 -1.897480466084716e-03 -8.849893607827881e-04 -1.007699840256902e+00
44 43 -1.000280121756874e+00 -1.896285139439916e-03 -8.858358620421890e-04 -1.007704215877648e+00
44 44 -1.000279559204309e+00 -1.895174491199860e-03 -8.866451488308229e-04 -1.007708339446351e+00
44 45 -1.000279034425259e+00 -1.894161062321481e-03 -8.874017022454639e-04 -1.007712166791714e+00
44 46 -1.000278553190033e+00 -1.893256771200994e-03 -8.880897818756402e-04 -1.007715655769017e+00
44 47 -1.000278120764385e+00 -1.892472673899473e-03 -8.886939891280202e-04 -1.007718767002088e+00
44 48 -1.000277741802743e+00 -1.891818699787736e-03 -8.891998516927257e-04 -1.007721464703582e+00
44 49 -1.000277420257919e+00 -1.891303389193040e-03 -8.895943848029732e-04 -1.007723717490705e+00
44 50 -1.000277159316507e+00 -1.890933661969772e-03 -8.898665902820526e-04 -1.007725499104412e+00
44 51 -1.000276961363302e+00 -1.890714640713388e-03 -8.900078662567106e-04 -1.007726788956180e+00
44 52 -1.000276827971559e+00 -1.890649539530333e-03 -8.900123171515649e-04 -1.007727572467031e+00
44 53 -1.000276759910423e+00 -1.890739611661546e-03 -8.898769701382630e-04 -1.007727841220721e+00
44 54 -1.000276757159561e+00 -1.890984136820929e-03 -8.896019106680127e-04 -1.007727592995872e+00
44 55 -1.000276818925921e+00 -1.891380431460463e-03 -8.891903404434799e-04 -1.007726831737426e+00
44 56 -1.000276943666174e+00 -1.891923879787563e-03 -8.886485438932673e-04 -1.007725567480596e+00
44 57 -1.000277129124431e+00 -1.892607997443835e-03 -8.879857393267338e-04 -1.007723816191479e+00
44 58 -1.000277372394129e+00 -1.893424543766106e-03 -8.872137973526304e-04 -1.007721599471356e+00
44 59 -1.000277670006708e+00 -1.894363692475360e-03 -8.863468290289346e-04 -1.007718944088574e+00
44 60 -1.000278018041028e+00 -1.895414257981498e-03 -8.854006714645751e-04 -1.007715881341409e+00
44 61 -1.000278412239602e+00 -1.896563958330579e-03 -8.843923206528215e-04 -1.007712446307303e+00
44 62 -1.000278848113734e+00 -1.897799682870122e-03 -8.833393703845630e-04 -1.007708677077977e+00
44 63 -1.000279321023102e+00 -1.899107732815482e-03 -8.822595046841923e-04 -1.007704614083182e+00
45 0 -1.000279153938532e+00 -1.899897128584529e-03 -8.828688651435542e-04 -1.007702029486822e+00
45 1 -1.000279679606753e+00 -1.901290806253223e-03 -8.817925994641847e-04 -1.007697557229573e+00
45 2 -1.000280228457211e+00 -1.902715115739085e-03 -8.807376266003576e-04 -1.007692917374692e+00
45 3 -1.000280795633624e+00 -1.904155763207804e-03 -8.797181955900404e-04 -1.007688155095091e+00
45 4 -1.000281376267338e+00 -1.905598588479916e-03 -8.787470099072583e-04 -1.007683316024761e+00
45 5 -1.000281965508056e+00 -1.907029689473162e-03 -8.778350183947754e-04 -1.007678445891821e+00
45 6 -1.000282558552879e+00 -1.908435542511358e-03 -8.769912739333153e-04 -1.007673590132830e+00
45 7 -1.000283150664266e+00 -1.909803107492580e-03 -8.762228811186625e-04 -1.007668793526609e+00
45 8 -1.000283737171644e+00 -1.911119912396264e-03 -8.755350364729003e-04 -1.007664099874923e+00
45 9 -1.000284313460530e+00 -1.912374124329411e-03 -8.749311407175842e-04 -1.007659551718265e+00
45 10 -1.000284874960527e+00 -1.913554622324648e-03 -8.744129476798744e-04 -1.007655190045403e+00
45 11 -1.000285417144116e+00 -1.914651082903504e-03 -8.739807170586475e-04 -1.007651053963612e+00
45 12 -1.000285935542502e+00 -1.915654077543257e-03 -8.736333540035825e-04 -1.007647180331084e+00
45 13 -1.000286425777212e+00 -1.916555170282223e-03 -8.733685372167034e-04 -1.007643603385673e+00
45 14 -1.000286883599669e+00 -1.917346997642914e-03 -8.731828521592321e-04 -1.007640354421845e+00
45 15 -1.000287304927697e+00 -1.918023313234667e-03 -8.730719526685600e-04 -1.007637461567398e+00
45 16 -1.000287685870287e+00 -1.918578988507580e-03 -8.730307689787552e-04 -1.007634949684504e+00
45 17 -1.000288022740478e+00 -1.919009977949199e-03 -8.730537633349555e-04 -1.007632840367511e+00
45 18 -1.000288312066319e+00 -1.919313271730441e-03 -8.731352146042890e-04 -1.007631151962631e+00
45 19 -1.000288550614412e+00 -1.919486860768642e-03 -8.732695013410089e-04 -1.007629899529103e+00
45 20 -1.000288735436782e+00 -1.919529728065202e-03 -8.734513530308939e-04 -1.007629094701204e+00
45 21 -1.000288863942635e+00 -1.919441864648553e-03 -8.736760488204228e-04 -1.007628745465928e+00
45 22 -1.000288933986743e+00 -1.919224296055819e-03 -8.739395571494661e-04 -1.007628855913803e+00
45 23 -1.000288943959077e+00 -1.918879099179580e-03 -8.742386238306314e-04 -1.007629426038929e+00
45 24 -1.000288892858702e+00 -1.918409392123994e-03 -8.745708246467604e-04 -1.007630451652030e+00
45 25 -1.000288780340667e+00 -1.917819292369090e-03 -8.749345968723258e-04 -1.007631924425209e+00
45 26 -1.000288606735221e+00 -1.917113854535266e-03 -8.753292533530701e-04 -1.007633832030318e+00
45 27 -1.000288373048047e+00 -1.916299007286602e-03 -8.757549693410358e-04 -1.007636158302908e+00
45 28 -1.000288080952968e+00 -1.915381504908844e-03 -8.762127226315911e-04 -1.007638883378542e+00
45 29 -1.000287732785146e+00 -1.914368898499626e-03 -8.767041654522505e-04 -1.007641983788656e+00
45 30 -1.000287331536241e+00 -1.913269521627443e-03 -8.772314142629158e-04 -1.007645432540426e+00
45 31 -1.000286880846590e+00 -1.912092478038940e-03 -8.777967607016691e-04 -1.007649199227401e+00
45 32 -1.000286384985344e+00 -1.910847616098150e-03 -8.784023268933365e-04 -1.007653250220830e+00
45 33 -1.000285848810425e+00 -1.909545479709270e-03 -8.790497012198084e-04 -1.007657548967258e+00
45 34 -1.000285277706225e+00 -1.908197237462537e-03 -8.797395912224775e-04 -1.007662056371650e+00
45 35 -1.000284677504395e+00 -1.906814601383944e-03 -8.804715216061483e-04 -1.007666731209359e+00
45 36 -1.000284054396809e+00 -1.905409746158458e-03 -8.812435929691138e-04 -1.007671530513830e+00
45 37 -1.000283414849022e+00 -1.903995232537708e-03 -8.820523041665314e-04 -1.007676409919193e+00
45 38 -1.000282765520116e+00 -1.902583933762418e-03 -8.828924314497344e-04 -1.007681323963757e+00
45 39 -1.000282113192125e+00 -1.901188963156590e-03 -8.837569559683153e-04 -1.007686226368827e+00
45 40 -1.000281464708750e+00 -1.899823599987671e-03 -8.846370394802541e-04 -1.007691070310724e+00
45 41 -1.000280826919012e+00 -1.898501208323825e-03 -8.855220596137342e-04 -1.007695808708756e+00
45 42 -1.000280206619427e+00 -1.897235143717085e-03 -8.863997221151091e-04 -1.007700394547796e+00
45 43 -1.000279610489173e+00 -1.896038644573852e-03 -8.872562663844774e-04 -1.007704781243122e+00
45 44 -1.000279045014352e+00 -1.894924703446581e-03 -8.880767755415794e-04 -1.007708923057263e+00
45 45 -1.000278516398780e+00 -1.893905908158236e-03 -8.888455934773726e-04 -1.007712775597733e+00
45 46 -1.000278030461309e+00 -1.892994242426350e-03 -8.895468361257837e-04 -1.007716296431687e+00
45 47 -1.000277592525130e+00 -1.892200846254453e-03 -8.901649652133747e-04 -1.007719445824348e+00
45 48 -1.000277207310037e+00 -1.891535751816461e-03 -8.906853792328368e-04 -1.007722187557847e+00
45 49 -1.000276878840296e+00 -1.891007620895796e-03 -8.910949747442722e-04 -1.007724489750161e+00
45 50 -1.000276610377640e+00 -1.890623512010319e-03 -8.913826395481986e-04 -1.007726325584381e+00
45 51 -1.000276404383366e+00 -1.890388700752374e-03 -8.915396534679187e-04 -1.007727673871571e+00
45 52 -1.000276262507229e+00 -1.890306565281547e-03 -8.915599901866676e-04 -1.007728519406329e+00
45 53 -1.000276185595133e+00 -1.890378531673776e-03 -8.914405299651068e-04 -1.007728853130063e+00
45 54 -1.000276173705320e+00 -1.890604060402058e-03 -8.911811980630610e-04 -1.007728672164550e+00
45 55 -1.000276226126851e+00 -1.890980656346055e-03 -8.907850317398925e-04 -1.007727979780165e+00
45 56 -1.000276341402657e+00 -1.891503898980672e-03 -8.902581586878367e-04 -1.007726785318544e+00
45 57 -1.000276517366060e+00 -1.892167503806750e-03 -8.896096586557235e-04 -1.007725104038965e+00
45 58 -1.000276751199792e+00 -1.892963430612446e-03 -8.888512871722212e-04 -1.007722956837676e+00
45 59 -1.000277039520906e+00 -1.893882048887434e-03 -8.879970621442557e-04 -1.007720369802284e+00
45 60 -1.000277378486929e+00 -1.894912359084599e-03 -8.870627418634431e-04 -1.007717373597993e+00
45 61 -1.000277763910659e+00 -1.896042252553880e-03 -8.860652475546125e-04 -1.007714002732464e+00
45 62 -1.000278191366223e+00 -1.897258778903536e-03 -8.850220942312585e-04 -1.007710294793783e+00
45 63 -1.000278656271088e+00 -1.898548387996704e-03 -8.839508814957258e-04 -1.007706289766502e+00
46 0 -1.000278494010180e+00 -1.899258454940210e-03 -8.849553333121011e-04 -1.007703807348050e+00
46 1 -1.000279012340880e+00 -1.900635303271863e-03 -8.838842538824315e-04 -1.007699387365824e+00
46 2 -1.000279554350266e+00 -1.902043702597165e-03 -8.828332903076470e-04 -1.007694796051416e+00
46 3 -1.000280115235339e+00 -1.903469470621452e-03 -8.818166795429643e-04 -1.007690078258221e+00
46 4 -1.000280690176965e+00 -1.904898550707048e-03 -8.808471331744272e-04 -1.007685279328757e+00
46 5 -1.000281274369682e+00 -1.906317138475057e-03 -8.799356180988364e-04 -1.007680444724792e+00
46 6 -1.000281863051217e+00 -1.907711805592749e-03 -8.790912017298085e-04 -1.007675619634318e+00
46 7 -1.000282451522211e+00 -1.909069608493694e-03 -8.783209888637307e-04 -1.007670848595442e+00
46 8 -1.000283035150052e+00 -1.910378174934039e-03 -8.776301587224371e-04 -1.007666175168337e+00
46 9 -1.000283609359385e+00 -1.911625774072832e-03 -8.770220836995152e-04 -1.007661641648656e+00
46 10 -1.000284169619593e+00 -1.912801384729852e-03 -8.764984921102435e-04 -1.007657288784854e+00
46 11 -1.000284711441011e+00 -1.913894774087865e-03 -8.760596362547669e-04 -1.007653155464999e+00
46 12 -1.000285230387141e+00 -1.914896588711948e-03 -8.757044419954257e-04 -1.007649278367704e+00
46 13 -1.000285722102995e+00 -1.915798448684528e-03 -8.754306374722314e-04 -1.007645691603464e+00
46 14 -1.000286182352872e+00 -1.916593027755793e-03 -8.752348781062550e-04 -1.007642426394944e+00
46 15 -1.000286607056686e+00 -1.917274100361402e-03 -8.751128958846458e-04 -1.007639510850772e+00
46 16 -1.000286992315482e+00 -1.917836544239220e-03 -8.750596973437680e-04 -1.007636969864215e+00
46 17 -1.000287334424916e+00 -1.918276304500434e-03 -8.750698166700508e-04 -1.007634825115537e+00
46 18 -1.000287629885632e+00 -1.918590341234739e-03 -8.751376070390162e-04 -1.007633095106045e+00
46 19 -1.000287875424644e+00 -1.918776586678924e-03 -8.752575370069850e-04 -1.007631795141220e+00
46 20 -1.000288068039043e+00 -1.918833928577486e-03 -8.754244557126347e-04 -1.007630937215169e+00
46 21 -1.000288205065021e+00 -1.918762221577128e-03 -8.756337994773485e-04 -1.007630529801234e+00
46 22 -1.000288284265607e+00 -1.918562315292334e-03 -8.758817288100246e-04 -1.007630577598033e+00
46 23 -1.000288303922532e+00 -1.918236079139667e-03 -8.761652034435447e-04 -1.007631081305896e+00
46 24 -1.000288262914732e+00 -1.917786403823957e-03 -8.764820162517170e-04 -1.007632037505561e+00
46 25 -1.000288160770584e+00 -1.917217170321679e-03 -8.768308077405198e-04 -1.007633438670785e+00
46 26 -1.000287997691632e+00 -1.916533194157939e-03 -8.772110709686105e-04 -1.007635273286692e+00
46 27 -1.000287774555650e+00 -1.915740163856265e-03 -8.776231393406263e-04 -1.007637526007294e+00
46 28 -1.000287492910568e+00 -1.914844590976955e-03 -8.780681354506327e-04 -1.007640177793445e+00
46 29 -1.000287154967884e+00 -1.913853779467610e-03 -8.785478539207283e-04 -1.007643206010668e+00
46 30 -1.000286763598033e+00 -1.912775811640771e-03 -8.790645581262865e-04 -1.007646584504773e+00
46 31 -1.000286322323745e+00 -1.911619539955914e-03 -8.796206894572253e-04 -1.007650283697884e+00
46 32 -1.000285835302848e+00 -1.910394569332286e-03 -8.802185115871149e-04 -1.007654270755148e+00
46 33 -1.000285307291846e+00 -1.909111217590219e-03 -8.808597298223801e-04 -1.007658509854211e+00
46 34 -1.000284743586953e+00 -1.907780452248168e-03 -8.815451292454436e-04 -1.007662962546762e+00
46 35 -1.000284149946930e+00 -1.906413812565209e-03 -8.822742659850092e-04 -1.007667588161813e+00
46 36 -1.000283532506586e+00 -1.905023327895230e-03 -8.830452296087189e-04 -1.007672344195826e+00
46 37 -1.000282897689659e+00 -1.903621438155088e-03 -8.838544772718445e-04 -1.007677186662209e+00
46 38 -1.000282252127309e+00 -1.902220917206497e-03 -8.846967275914189e-04 -1.007682070401008e+00
46 39 -1.000281602585702e+00 -1.900834798278177e-03 -8.855649001243620e-04 -1.007686949361767e+00
46 40 -1.000280955902774e+00 -1.899476298936974e-03 -8.864500960736293e-04 -1.007691776877504e+00
46 41 -1.000280318930327e+00 -1.898158740361262e-03 -8.873416304942952e-04 -1.007696505952906e+00
46 42 -1.000279698475219e+00 -1.896895454935556e-03 -8.882271362151652e-04 -1.007701089587373e+00
46 43 -1.000279101233951e+00 -1.895699677719939e-03 -8.890927610833477e-04 -1.007705481143160e+00
46 44 -1.000278533716759e+00 -1.894584416589419e-03 -8.899234746111543e-04 -1.007709634768051e+00
46 45 -1.000278002158733e+00 -1.893562291974102e-03 -8.907034883429212e-04 -1.007713505897104e+00
46 46 -1.000277512417916e+00 -1.892645337094892e-03 -8.914167757160954e-04 -1.007717051865890e+00
46 47 -1.000277069865128e+00 -1.891844758915720e-03 -8.920476562049040e-04 -1.007720232643811e+00
46 48 -1.000276679275771e+00 -1.891170674438069e-03 -8.925813945503029e-04 -1.007723011649751e+00
46 49 -1.000276344736016e+00 -1.890631847591399e-03 -8.930047650451287e-04 -1.007725356573923e+00
46 50 -1.000276069573460e+00 -1.890235454868609e-03 -8.933065413284796e-04 -1.007727240116221e+00
46 51 -1.000275856317038e+00 -1.889986903545277e-03 -8.934778891353488e-04 -1.007728640562125e+00
46 52 -1.000275706684650e+00 -1.889889714754316e-03 -8.935126593517098e-04 -1.007729542151932e+00
46 53 -1.000275621590941e+00 -1.889945466795402e-03 -8.934075954595031e-04 -1.007729935253866e+00
46 54 -1.000275601164958e+00 -1.890153780743905e-03 -8.931624729308727e-04 -1.007729816399840e+00
46 55 -1.000275644770653e+00 -1.890512330648310e-03 -8.927801736825641e-04 -1.007729188249241e+00
46 56 -1.000275751031108e+00 -1.891016873597998e-03 -8.922666761466941e-04 -1.007728059507279e+00
46 57 -1.000275917864319e+00 -1.891661309208908e-03 -8.916309286298099e-04 -1.007726444774999e+00
46 58 -1.000276142539434e+00 -1.892437783801146e-03 -8.908845805305468e-04 -1.007724364282961e+00
46 59 -1.000276421757830e+00 -1.893336850583681e-03 -8.900415694738915e-04 -1.007721843467410e+00
46 60 -1.000276751755761e+00 -1.894347686007046e-03 -8.891175930082059e-04 -1.007718912379241e+00
46 61 -1.000277128417230e+00 -1.895458346414688e-03 -8.881295208731290e-04 -1.007715604965791e+00
46 62 -1.000277547380321e+00 -1.896656034562084e-03 -8.870948161447596e-04 -1.007711958314837e+00
46 63 -1.000278004121371e+00 -1.897927343010702e-03 -8.860310214167571e-04 -1.007708011964913e+00
47 0 -1.000277852782799e+00 -1.898563621551382e-03 -8.874072590174588e-04 -1.007705619485140e+00
47 1 -1.000278363495693e+00 -1.899923434076568e-03 -8.863405062740830e-04 -1.007701253557399e+00
47 2 -1.000278898298156e+00 -1.901315480641449e-03 -8.852928783861590e-04 -1.007696713283146e+00
47 3 -1.000279452444571e+00 -1.902725693663729e-03 -8.842786140009250e-04 -1.007692043168386e+00
47 4 -1.000280021170718e+00 -1.904140126010381e-03 -8.833104452183939e-04 -1.007687288227337e+00
47 5 -1.000280599722135e+00 -1.905545078892453e-03 -8.823993696747632e-04 -1.007682493612394e+00
47 6 -1.000281183383493e+00 -1.906927228481283e-03 -8.815544824548803e-04 -1.007677704216461e+00
47 7 -1.000281767499816e+00 -1.908273738526618e-03 -8.807829001237490e-04 -1.007672964287002e+00
47 8 -1.000282347482588e+00 -1.909572349749450e-03 -8.800897915168255e-04 -1.007668317088044e+00
47 9 -1.000282918801750e+00 -1.910811449195471e-03 -8.794785006084753e-04 -1.007663804611405e+00
47 10 -1.000283476972790e+00 -1.911980133754541e-03 -8.789507221805564e-04 -1.007659467302792e+00
47 11 -1.000284017550790e+00 -1.913068282108012e-03 -8.785066854207247e-04 -1.007655343764559e+00
47 12 -1.000284536139407e+00 -1.914066639449377e-03 -8.781453149431386e-04 -1.007651470423832e+00
47 13 -1.000285028415840e+00 -1.914966907309934e-03 -8.778643629250231e-04 -1.007647881188088e+00
47 14 -1.000285490166090e+00 -1.915761822240914e-03 -8.776605290013735e-04 -1.007644607133469e+00
47 15 -1.000285917320499e+00 -1.916445204265785e-03 -8.775295985860409e-04 -1.007641676278584e+00
47 16 -1.000286305980066e+00 -1.917011961952169e-03 -8.774666296664086e-04 -1.007639113479026e+00
47 17 -1.000286652430905e+00 -1.917458056457229e-03 -8.774662010848665e-04 -1.007636940431040e+00
47 18 -1.000286953154264e+00 -1.917780444370842e-03 -8.775227089755470e-04 -1.007635175719337e+00
47 19 -1.000287204845840e+00 -1.917977026601144e-03 -8.776306761235835e-04 -1.007633834823542e+00
47 20 -1.000287404456534e+00 -1.918046623430422e-03 -8.777850319218794e-04 -1.007632930025679e+00
47 21 -1.000287549258868e+00 -1.917988980737070e-03 -8.779813290551284e-04 -1.007632470214620e+00
47 22 -1.000287636933554e+00 -1.917804797945087e-03 -8.782158814947946e-04 -1.007632460631537e+00
47 23 -1.000287665662622e+00 -1.917495758687861e-03 -8.784858301130090e-04 -1.007632902628769e+00
47 24 -1.000287634211799e+00 -1.917064542956013e-03 -8.787891595866394e-04 -1.007633793516841e+00
47 25 -1.000287541988072e+00 -1.916514807603817e-03 -8.791246950575802e-04 -1.007635126542564e+00
47 26 -1.000287389068195e+00 -1.915851138313304e-03 -8.794920958225736e-04 -1.007636890983848e+00
47 27 -1.000287176204730e+00 -1.915078990205270e-03 -8.798918420755373e-04 -1.007639072299523e+00
47 28 -1.000286904821335e+00 -1.914204636638310e-03 -8.803251911170466e-04 -1.007641652268599e+00
47 29 -1.000286577006749e+00 -1.913235137075335e-03 -8.807940709752612e-04 -1.007644609088891e+00
47 30 -1.000286195510610e+00 -1.912178323306896e-03 -8.813008855998915e-04 -1.007647917447848e+00
47 31 -1.000285763737793e+00 -1.911042794474623e-03 -8.818482251917627e-04 -1.007651548605828e+00
47 32 -1.000285285733436e+00 -1.909837906519452e-03 -8.824385015816275e-04 -1.007655470540135e+00
47 33 -1.000284766150018e+00 -1.908573742546467e-03 -8.830735511577967e-04 -1.007659648185104e+00
47 34 -1.000284210192018e+00 -1.907261058597366e-03 -8.837542561870626e-04 -1.007664043768103e+00
47 35 -1.000283623541104e+00 -1.905911210195624e-03 -8.844802263103784e-04 -1.007668617201029e+00
47 36 -1.000283012270346e+00 -1.904536070553183e-03 -8.852495614098601e-04 -1.007673326471853e+00
47 37 -1.000282382756754e+00 -1.903147948645442e-03 -8.860586948549206e-04 -1.007678128000435e+00
47 38 -1.000281741598734e+00 -1.901759509825060e-03 -8.869023009363177e-04 -1.007682976953956e+00
47 39 -1.000281095541917e+00 -1.900383698572974e-03 -8.877732473200786e-04 -1.007687827535138e+00
47 40 -1.000280451413707e+00 -1.899033661514956e-03 -8.886625831056943e-04 -1.007692633261156e+00
47 41 -1.000279816063472e+00 -1.897722666416871e-03 -8.895595699317713e-04 -1.007697347254071e+00
47 42 -1.000279196302573e+00 -1.896464010741769e-03 -8.904517781491523e-04 -1.007701922564080e+00
47 43 -1.000278598838261e+00 -1.895270913389913e-03 -8.913252752514729e-04 -1.007706312540575e+00
47 44 -1.000278030197319e+00 -1.894156383495969e-03 -8.921649279309387e-04 -1.007710471261954e+00
47 45 -1.000277496637350e+00 -1.893133058603198e-03 -8.929548240663924e-04 -1.007714354043074e+00
47 46 -1.000277004045829e+00 -1.892213004706203e-03 -8.936787995364811e-04 -1.007717918047119e+00
47 47 -1.000276557830927e+00 -1.891407477961270e-03 -8.943210324091024e-04 -1.007721123012862e+00
47 48 -1.000276162813229e+00 -1.890726661190287e-03 -8.948666520032592e-04 -1.007723932066725e+00
47 49 -1.000275823130487e+00 -1.890179400007924e-03 -8.953023088190004e-04 -1.007726312546950e+00
47 50 -1.000275542166163e+00 -1.889772967286469e-03 -8.956166632904733e-04 -1.007728236748908e+00
47 51 -1.000275322507335e+00 -1.889512879875740e-03 -8.958007718018549e-04 -1.007729682511144e+00
47 52 -1.000275165930956e+00 -1.889402779598496e-03 -8.958483711211198e-04 -1.007730633596833e+00
47 53 -1.000275073411516e+00 -1.889444374639652e-03 -8.957560794791796e-04 -1.007731079876768e+00
47 54 -1.000275045140150e+00 -1.889637424692845e-03 -8.955235347764839e-04 -1.007731017366785e+00
47 55 -1.000275080547501e+00 -1.889979752031526e-03 -8.951534743567786e-04 -1.007730448185205e+00
47 56 -1.000275178329639e+00 -1.890467271918478e-03 -8.946517359703864e-04 -1.007729380464853e+00
47 57 -1.000275336483467e+00 -1.891094050301093e-03 -8.940271438725919e-04 -1.007727828205180e+00
47 58 -1.000275552360467e+00 -1.891852404146519e-03 -8.932912495345027e-04 -1.007725811018498e+00
47 59 -1.000275822744046e+00 -1.892733056749253e-03 -8.924579214250277e-04 -1.007723353725944e+00
47 60 -1.000276143948475e+00 -1.893725349174446e-03 -8.915428120298670e-04 -1.007720485788750e+00
47 61 -1.000276511929279e+00 -1.894817493194248e-03 -8.905627603037113e-04 -1.007717240608774e+00
47 62 -1.000276922389269e+00 -1.895996836652223e-03 -8.895352018142950e-04 -1.007713654780869e+00
47 63 -1.000277370864602e+00 -1.897250108393429e-03 -8.884776476305187e-04 -1.007709767398669e+00
48 0 -1.000277236591283e+00 -1.897818850931064e-03 -8.901994589969401e-04 -1.007707451193171e+00
48 1 -1.000277739457136e+00 -1.899161532060840e-03 -8.891362496294599e-04 -1.007703140732116e+00
48 2 -1.000278266731634e+00 -1.900536883801771e-03 -8.880913689278437e-04 -1.007698653674707e+00
48 3 -1.000278813730444e+00 -1.901930956208854e-03 -8.870790696257794e-04 -1.007694034152414e+00
48 4 -1.000279375749537e+00 -1.903329917340597e-03 -8.861121154305899e-04 -1.007689326814741e+00
48 5 -1.000279948091605e+00 -1.904720181618644e-03 -8.852015460769981e-04 -1.007684576461868e+00
48 6 -1.000280526094762e+00 -1.906088538839060e-03 -8.843564961496280e-04 -1.007679827644543e+00
48 7 -1.000281105154902e+00 -1.907422270833730e-03 -8.835841049205132e-04 -1.007675124268806e+00
48 8 -1.000281680733907e+00 -1.908709243975844e-03 -8.828895384937249e-04 -1.007670509248198e+00
48 9 -1.000282248353101e+00 -1.909937978012316e-03 -8.822761141545408e-04 -1.007666024213243e+00
48 10 -1.000282803580252e+00 -1.911097705185599e-03 -8.817454869694500e-04 -1.007661709246010e+00
48 11 -1.000283342021937e+00 -1.912178435800992e-03 -8.812978484926550e-04 -1.007657602597515e+00
48 12 -1.000283859329621e+00 -1.913171036478557e-03 -8.809321007510014e-04 -1.007653740372706e+00
48 13 -1.000284351221055e+00 -1.914067314694275e-03 -8.806459946481229e-04 -1.007650156202401e+00
48 14 -1.000284813512536e+00 -1.914860094775999e-03 -8.804362475478124e-04 -1.007646880942849e+00
48 15 -1.000285242153249e+00 -1.915543267125526e-03 -8.802986721128681e-04 -1.007643942451248e+00
48 16 -1.000285633252253e+00 -1.916111795867679e-03 -8.802283515956696e-04 -1.007641365475555e+00
48 17 -1.000285983094042e+00 -1.916561683447628e-03 -8.802198815997636e-04 -1.007639171657845e+00
48 18 -1.000286288148434e+00 -1.916889909318334e-03 -8.802676695738733e-04 -1.007637379594481e+00
48 19 -1.000286545088165e+00 -1.917094370841513e-03 -8.803662559815369e-04 -1.007636004865183e+00
48 20 -1.000286750827001e+00 -1.917173849738239e-03 -8.805106095691136e-04 -1.007635059963966e+00
48 21 -1.000286902583544e+00 -1.917128012109844e-03 -8.806963564495918e-04 -1.007634554119644e+00
48 22 -1.000286997966201e+00 -1.916957434707024e-03 -8.809199224953162e-04 -1.007634493044637e+00
48 23 -1.000287035066818e+00 -1.916663639767120e-03 -8.811785929692676e-04 -1.007634878680734e+00
48 24 -1.000287012546212e+00 -1.916249116614350e-03 -8.814705147140863e-04 -1.007635709017600e+00
48 25 -1.000286929696680e+00 -1.915717313424977e-03 -8.817946752349559e-04 -1.007636978036886e+00
48 26 -1.000286786475334e+00 -1.915072597691328e-03 -8.821508833908186e-04 -1.007638675781240e+00
48 27 -1.000286583513434e+00 -1.914320200293521e-03 -8.825397525360823e-04 -1.007640788493035e+00
48 28 -1.000286322113358e+00 -1.913466163841690e-03 -8.829626624436537e-04 -1.007643298752990e+00
48 29 -1.000286004243292e+00 -1.912517308865045e-03 -8.834216637991421e-04 -1.007646185580122e+00
48 30 -1.000285632533509e+00 -1.911481219615212e-03 -8.839192933404878e-04 -1.007649424499442e+00
48 31 -1.000285210271606e+00 -1.910366241894896e-03 -8.844582873036976e-04 -1.007652987613305e+00
48 32 -1.000284741389627e+00 -1.909181479521693e-03 -8.850412098445735e-04 -1.007656843722634e+00
48 33 -1.000284230434452e+00 -1.907936774626908e-03 -8.856700405640458e-04 -1.007660958537087e+00
48 34 -1.000283682516032e+00 -1.906642662811354e-03 -8.863457781320060e-04 -1.007665294984287e+00
48 35 -1.000283103235141e+00 -1.905310305374392e-03 -8.870681089788292e-04 -1.007669813586628e+00
48 36 -1.000282498598728e+00 -1.903951408879448e-03 -8.878351666712870e-04 -1.007674472850786e+00
48 37 -1.000281874932412e+00 -1.902578141617895e-03 -8.886433812685488e-04 -1.007679229628488e+00
48 38 -1.000281238797013e+00 -1.901203051165513e-03 -8.894873993131474e-04 -1.007684039439124e+00
48 39 -1.000280596912659e+00 -1.899838983830422e-03 -8.903600498829434e-04 -1.007688856765328e+00
48 40 -1.000279956091157e+00 -1.898499005376988e-03 -8.912523414641966e-04 -1.007693635337655e+00
48 41 -1.000279323174151e+00 -1.897196319444416e-03 -8.921534937304233e-04 -1.007698328427828e+00
48 42 -1.000278704971624e+00 -1.895944176471060e-03 -8.930510274154421e-04 -1.007702889173830e+00
48 43 -1.000278108194714e+00 -1.894755765269819e-03 -8.939309441160741e-04 -1.007707270955505e+00
48 44 -1.000277539378791e+00 -1.893644080770470e-03 -8.947780222838634e-04 -1.007711427831347e+00
48 45 -1.000277004795013e+00 -1.892621761226599e-03 -8.955762385765676e-04 -1.007715315050698e+00
48 46 -1.000276510350428e+00 -1.891700888096800e-03 -8.963093000494454e-04 -1.007718889664778e+00
48 47 -1.000276061479906e+00 -1.890892748004727e-03 -8.969612482544960e-04 -1.007722111249475e+00
48 48 -1.000275663038146e+00 -1.890207569288965e-03 -8.975170792013892e-04 -1.007724942713595e+00
48 49 -1.000275319203554e+00 -1.889654257866473e-03 -8.979633207333445e-04 -1.007727351122564e+00
48 50 -1.000275033405038e+00 -1.889240160994599e-03 -8.982885224400482e-04 -1.007729308447846e+00
48 51 -1.000274808277841e+00 -1.888970882434651e-03 -8.984836369375429e-04 -1.007730792162365e+00
48 52 -1.000274645648206e+00 -1.888850161281202e-03 -8.985422965153415e-04 -1.007731785634116e+00
48 53 -1.000274546540829e+00 -1.888879811893514e-03 -8.984610069641642e-04 -1.007732278317716e+00
48 54 -1.000274511199509e+00 -1.889059709295324e-03 -8.982392824668697e-04 -1.007732265791685e+00
48 55 -1.000274539112550e+00 -1.889387801509703e-03 -8.978797284862983e-04 -1.007731749708751e+00
48 56 -1.000274629040663e+00 -1.889860140516735e-03 -8.973880523818703e-04 -1.007730737700914e+00
48 57 -1.000274779052548e+00 -1.890470938687072e-03 -8.967729624884941e-04 -1.007729243231184e+00
48 58 -1.000274986576708e+00 -1.891212665978212e-03 -8.960459199873398e-04 -1.007727285348700e+00
48 59 -1.000275248475248e+00 -1.892076200603483e-03 -8.952207337527195e-04 -1.007724888302470e+00
48 60 -1.000275561138781e+00 -1.893051035260122e-03 -8.943130247174738e-04 -1.007722080995587e+00
48 61 -1.000275920593856e+00 -1.894125526087200e-03 -8.933396191566121e-04 -1.007718896305870e+00
48 62 -1.000276322608260e+00 -1.895287156936456e-03 -8.923179468752464e-04 -1.007715370347402e+00
48 63 -1.000276762778658e+00 -1.896522785890294e-03 -8.912655107234719e-04 -1.007711541772799e+00
49 0 -1.000276651694955e+00 -1.897030916924468e-03 -8.933040798422656e-04 -1.007709286766882e+00
49 1 -1.000277146541817e+00 -1.898356491642363e-03 -8.922437004905753e-04 -1.007705032777165e+00
49 2 -1.000277666018954e+00 -1.899714918453713e-03 -8.912010574638720e-04 -1.007700600744797e+00
49 3 -1.000278205506885e+00 -1.901092367431121e-03 -8.901904285265475e-04 -1.007696034401304e+00
49 4 -1.000278760366641e+00 -1.902475126678273e-03 -8.892246187269848e-04 -1.007691377997675e+00
49 5 -1.000279325964100e+00 -1.903849731086519e-03 -8.883147196129685e-04 -1.007686675939970e+00
49 6 -1.000279897697559e+00 -1.905203093440264e-03 -8.874699153658724e-04 -1.007681972388343e+00
49 7 -1.000280471020542e+00 -1.906522624398674e-03 -8.866973779994493e-04 -1.007677310855718e+00
49 8 -1.000281041451601e+00 -1.907796327802447e-03 -8.860022790276589e-04 -1.007672733852384e+00
49 9 -1.000281604569381e+00 -1.909012869754972e-03 -8.853879121476915e-04 -1.007668282592473e+00
49 10 -1.000282156000075e+00 -1.910161634411969e-03 -8.848558879517188e-04 -1.007663996734308e+00
49 11 -1.000282691408481e+00 -1.911232783257271e-03 -8.844063471053490e-04 -1.007659914112211e+00
49 12 -1.000283206501170e+00 -1.912217326056377e-03 -8.840381488928502e-04 -1.007656070440420e+00
49 13 -1.000283697044309e+00 -1.913107199434811e-03 -8.837490182709396e-04 -1.007652499002694e+00
49 14 -1.000284158892893e+00 -1.913895339906103e-03 -8.835356633003764e-04 -1.007649230363126e+00
49 15 -1.000284588023593e+00 -1.914575733277310e-03 -8.833938962795513e-04 -1.007646292144583e+00
49 16 -1.000284980561892e+00 -1.915143424056686e-03 -8.833187983702621e-04 -1.007643708916272e+00
49 17 -1.000285332798545e+00 -1.915594480692699e-03 -8.833049537887431e-04 -1.007641502196831e+00
49 18 -1.000285641199818e+00 -1.915925931375164e-03 -8.833467497949190e-04 -1.007639690523275e+00
49 19 -1.000285902424001e+00 -1.916135697944500e-03 -8.834387077186085e-04 -1.007638289499593e+00
49 20 -1.000286113357067e+00 -1.916222553193125e-03 -8.835757939255427e-04 -1.007637311752539e+00
49 21 -1.000286271173659e+00 -1.916186113197468e-03 -8.837536637077173e-04 -1.007636766772235e+00
49 22 -1.000286373420185e+00 -1.916026860672475e-03 -8.839688111893895e-04 -1.007636660667277e+00
49 23 -1.000286418108583e+00 -1.915746182953932e-03 -8.842186261268394e-04 -1.007636995899545e+00
49 24 -1.000286403804290e+00 -1.915346401654436e-03 -8.845013841287230e-04 -1.007637771077821e+00
49 25 -1.000286329692931e+00 -1.914830774582924e-03 -8.848162093210101e-04 -1.007638980871250e+00
49 26 -1.000286195618281e+00 -1.914203465150233e-03 -8.851630407068270e-04 -1.007640616051498e+00
49 27 -1.000286002095375e+00 -1.913469491563065e-03 -8.855426089417193e-04 -1.007642663615588e+00
49 28 -1.000285750309583e+00 -1.912634675781705e-03 -8.859564020547145e-04 -1.007645106920814e+00
49 29 -1.000285442112029e+00 -1.911705607664692e-03 -8.864065808146552e-04 -1.007647925787418e+00
49 30 -1.000285080016150e+00 -1.910689629545998e-03 -8.868958050103267e-04 -1.007651096565671e+00
49 31 -1.000284667193879e+00 -1.909594836584023e-03 -8.874269516389002e-04 -1.007654592195683e+00
49 32 -1.000284207464851e+00 -1.908430080107331e-03 -8.880027383830742e-04 -1.007658382305318e+00
49 33 -1.000283705269830e+00 -1.907204957460822e-03 -8.886252975009284e-04 -1.007662433391058e+00
49 34 -1.000283165622281e+00 -1.905929776663676e-03 -8.892957616096979e-04 -1.007666709100177e+00
49 35 -1.000282594038918e+00 -1.904615495622507e-03 -8.900139167484123e-04 -1.007671170589482e+00
49 36 -1.000281996456660e+00 -1.903273644674753e-03 -8.907779542637720e-04 -1.007675776908661e+00
49 37 -1.000281379145353e+00 -1.901916242050694e-03 -8.915843233067249e-04 -1.007680485365131e+00
49 38 -1.000280748623381e+00 -1.900555708060404e-03 -8.924276621030696e-04 -1.007685251855702e+00
49 39 -1.000280111580192e+00 -1.899204781034789e-03 -8.933007774486914e-04 -1.007690031170547e+00
49 40 -1.000279474806736e+00 -1.897876435761388e-03 -8.941946512329362e-04 -1.007694777283289e+00
49 41 -1.000278845131519e+00 -1.896583800768157e-03 -8.950984748760363e-04 -1.007699443648203e+00
49 42 -1.000278229357069e+00 -1.895340066610858e-03 -8.959997350275928e-04 -1.007703983530127e+00
49 43 -1.000277634191276e+00 -1.894158376993694e-03 -8.968843851749147e-04 -1.007708350385858e+00
49 44 -1.000277066169942e+00 -1.893051696207240e-03 -8.977371338280129e-04 -1.007712498306247e+00
49 45 -1.000276531568724e+00 -1.892032646009025e-03 -8.985418628323752e-04 -1.007716382531783e+00
49 46 -1.000276036304234e+00 -1.891113305044050e-03 -8.992821634834094e-04 -1.007719960064398e+00
49 47 -1.000275585827095e+00 -1.890304970546231e-03 -8.999419502065584e-04 -1.007723190387725e+00
49 48 -1.000275185014674e+00 -1.889617895178644e-03 -9.005060917977645e-04 -1.007726036270339e+00
49 49 -1.000274838074755e+00 -1.889061023269090e-03 -9.009609975045695e-04 -1.007728464585715e+00
49 50 -1.000274548470888e+00 -1.888641753978906e-03 -9.012951103945804e-04 -1.007730447064009e+00
49 51 -1.000274318876038e+00 -1.888365754595849e-03 -9.014992863130096e-04 -1.007731960896844e+00
49 52 -1.000274151155478e+00 -1.888236837277303e-03 -9.015670638634289e-04 -1.007732989142384e+00
49 53 -1.000274046374003e+00 -1.888256898096105e-03 -9.014948503338114e-04 -1.007733520923589e+00
49 54 -1.000274004818110e+00 -1.888425903118974e-03 -9.012820514859546e-04 -1.007733551464342e+00
49 55 -1.000274026023921e+00 -1.888741902142232e-03 -9.009311554824487e-04 -1.007733082032805e+00
49 56 -1.000274108807359e+00 -1.889201060595910e-03 -9.004477515029601e-04 -1.007732119838531e+00
49 57 -1.000274251300583e+00 -1.889797715542903e-03 -8.998404413588221e-04 -1.007730677880475e+00
49 58 -1.000274451002519e+00 -1.890524470443331e-03 -8.991206037477324e-04 -1.007728774707253e+00
49 59 -1.000274704849375e+00 -1.891372341397314e-03 -8.983019964849513e-04 -1.007726434046691e+00
49 60 -1.000275009305359e+00 -1.892330958113427e-03 -8.974002203596816e-04 -1.007723684282632e+00
49 61 -1.000275360466723e+00 -1.893388808810268e-03 -8.964321043330643e-04 -1.007720557796215e+00
49 62 -1.000275754165863e+00 -1.894533503187395e-03 -8.954150915652937e-04 -1.007717090237905e+00
49 63 -1.000276186060105e+00 -1.895752020321000e-03 -8.943666980046815e-04 -1.007713319828030e+00
50 0 -1.000276104201251e+00 -1.896207084300128e-03 -8.966909073783451e-04 -1.007711109607738e+00
50 1 -1.000276590921081e+00 -1.897515709276820e-03 -8.956327034711985e-04 -1.007706912642232e+00
50 2 -1.000277102390384e+00 -1.898857105747206e-03 -8.945918571164050e-04 -1.007702537025092e+00
50 3 -1.000277634057634e+00 -1.900217565397317e-03 -8.935826805318541e-04 -1.007698026065191e+00
50 4 -1.000278181353377e+00 -1.901583500596706e-03 -8.926180278624132e-04 -1.007693423583606e+00
50 5 -1.000278739712534e+00 -1.902941573686353e-03 -8.917090500216144e-04 -1.007688773551425e+00
50 6 -1.000279304600333e+00 -1.904278829559394e-03 -8.908649891518017e-04 -1.007684119690160e+00
50 7 -1.000279871534681e+00 -1.905582817913457e-03 -8.900930590770638e-04 -1.007679505068847e+00
50 8 -1.000280436097057e+00 -1.906841691162933e-03 -8.893984446398701e-04 -1.007674971743111e+00
50 9 -1.000280993929386e+00 -1.908044274715521e-03 -8.887844195789806e-04 -1.007670560456724e+00
50 10 -1.000281540722370e+00 -1.909180120321180e-03 -8.882525465689013e-04 -1.007666310385533e+00
50 11 -1.000282072205446e+00 -1.910239558988492e-03 -8.878029038563696e-04 -1.007662258884144e+00
50 12 -1.000282584147175e+00 -1.911213764120317e-03 -8.874342891935606e-04 -1.007658441210217e+00
50 13 -1.000283072369698e+00 -1.912094823870058e-03 -8.871443774295081e-04 -1.007654890231684e+00
50 14 -1.000283532775017e+00 -1.912875810876818e-03 -8.869298400885898e-04 -1.007651636148706e+00
50 15 -1.000283961375953e+00 -1.913550830960006e-03 -8.867864609533619e-04 -1.007648706277217e+00
50 16 -1.000284354322814e+00 -1.914115033435699e-03 -8.867092911063624e-04 -1.007646124936944e+00
50 17 -1.000284707920610e+00 -1.914564577226451e-03 -8.866928747756622e-04 -1.007643913453763e+00
50 18 -1.000285018640089e+00 -1.914896564911228e-03 -8.867315476345223e-04 -1.007642090233899e+00
50 19 -1.000285283133672e+00 -1.915108970430973e-03 -8.868197757040719e-04 -1.007640670829650e+00
50 20 -1.000285498268875e+00 -1.915200586978580e-03 -8.869524816836269e-04 -1.007639667920930e+00
50 21 -1.000285661186438e+00 -1.915171010724914e-03 -8.871253052628809e-04 -1.007639091178499e+00
50 22 -1.000285769381425e+00 -1.915020660131814e-03 -8.873347635417544e-04 -1.007638947027848e+00
50 23 -1.000285820796721e+00 -1.914750815674540e-03 -8.875783085266443e-04 -1.007639238376220e+00
50 24 -1.000285813912709e+00 -1.914363656036473e-03 -8.878543083645205e-04 -1.007639964385405e+00
50 25 -1.000285747817401e+00 -1.913862269342253e-03 -8.881619949033644e-04 -1.007641120357107e+00
50 26 -1.000285622248834e+00 -1.913250631843935e-03 -8.885014149288764e-04 -1.007642697747296e+00
50 27 -1.000285437612149e+00 -1.912533563248718e-03 -8.888733984274247e-04 -1.007644684270134e+00
50 28 -1.000285194981082e+00 -1.911716677100742e-03 -8.892795260068175e-04 -1.007647064027132e+00
50 29 -1.000284896094225e+00 -1.910806343144826e-03 -8.897220541756456e-04 -1.007649817612330e+00
50 30 -1.000284543351937e+00 -1.909809670465965e-03 -8.902037533556011e-04 -1.007652922179524e+00
50 31 -1.000284139813412e+00 -1.908734509695378e-03 -8.907276327916702e-04 -1.007656351491896e+00
50 32 -1.000283689187742e+00 -1.907589462334994e-03 -8.912965616676489e-04 -1.007660075998509e+00
50 33 -1.000283195810089e+00 -1.906383879685013e-03 -8.919128312011855e-04 -1.007664062986832e+00
50 34 -1.000282664596470e+00 -1.905127837493841e-03 -8.925777225140799e-04 -1.007668276836374e+00
50 35 -1.000282100977263e+00 -1.903832083262433e-03 -8.932911419777809e-04 -1.007672679356259e+00
50 36 -1.000281510816040e+00 -1.902507962748149e-03 -8.940513624498005e-04 -1.007677230159989e+00
50 37 -1.000280900322716e+00 -1.901167335054705e-03 -8.948548758215523e-04 -1.007681887033486e+00
50 38 -1.000280275968485e+00 -1.899822483908809e-03 -8.956963333592887e-04 -1.007686606275488e+00
50 39 -1.000279644407007e+00 -1.898486030230708e-03 -8.965685378930975e-04 -1.007691343010007e+00
50 40 -1.000279012403017e+00 -1.897170847746400e-03 -8.974624609585149e-04 -1.007696051483222e+00
50 41 -1.000278386766124e+00 -1.895889978216813e-03 -8.983672820007302e-04 -1.007700685366985e+00
50 42 -1.000277774285016e+00 -1.894656538609933e-03 -8.992704717579758e-04 -1.007705198094748e+00
50 43 -1.000277181657152e+00 -1.893483612003410e-03 -9.001579560823591e-04 -1.007709543248221e+00
50 44 -1.000276615410627e+00 -1.892384115087691e-03 -9.010143951566883e-04 -1.007713675004098e+00
50 45 -1.000276081816392e+00 -1.891370634777451e-03 -9.018235968011868e-04 -1.007717548653649e+00
50 46 -1.000275586790336e+00 -1.890455227205850e-03 -9.025690545871933e-04 -1.007721121215940e+00
50 47 -1.000275135787742e+00 -1.889649179481253e-03 -9.032345698463177e-04 -1.007724352155018e+00
50 48 -1.000274733697165e+00 -1.888962747096760e-03 -9.038048941321525e-04 -1.007727204176959e+00
50 49 -1.000274384744267e+00 -1.888404890451395e-03 -9.042663253680790e-04 -1.007729644045404e+00
50 50 -1.000274092415979e+00 -1.887983037288869e-03 -9.046072069943887e-04 -1.007731643334795e+00
50 51 -1.000273859412125e+00 -1.887702894347260e-03 -9.048183068757857e-04 -1.007733179042563e+00
50 52 -1.000273687626531e+00 -1.887568322367428e-03 -9.048930819103131e-04 -1.007734234003786e+00
50 53 -1.000273578153738e+00 -1.887581274290709e-03 -9.048278559567805e-04 -1.007734797096042e+00
50 54 -1.000273531312435e+00 -1.887741781961581e-03 -9.046219431294498e-04 -1.007734863275135e+00
50 55 -1.000273546675969e+00 -1.888047971663448e-03 -9.042777306393503e-04 -1.007734433510805e+00
50 56 -1.000273623105223e+00 -1.888496097741870e-03 -9.038007035292054e-04 -1.007733514673457e+00
50 57 -1.000273758786475e+00 -1.889080598775913e-03 -9.031993681148847e-04 -1.007732119375915e+00
50 58 -1.000273951281175e+00 -1.889794190307581e-03 -9.024850293516164e-04 -1.007730265736550e+00
50 59 -1.000274197593620e+00 -1.890628007228667e-03 -9.016714021711999e-04 -1.007727977021646e+00
50 60 -1.000274494257690e+00 -1.891571800057100e-03 -9.007740768883154e-04 -1.007725281142037e+00
50 61 -1.000274837437201e+00 -1.892614175672775e-03 -8.998098980449009e-04 -1.007722210015066e+00
50 62 -1.000275223028090e+00 -1.893742858277967e-03 -8.987963388477102e-04 -1.007718798850054e+00
50 63 -1.000275646747830e+00 -1.894944938385910e-03 -8.977509475738031e-04 -1.007715085449324e+00
51 0 -1.000275599983224e+00 -1.895355036558781e-03 -9.003276769513494e-04 -1.007712902386553e+00
51 1 -1.000276078538545e+00 -1.896647011674355e-03 -8.992710377192982e-04 -1.007708762501019e+00
51 2 -1.000276581855934e+00 -1.897971410491322e-03 -8.982316010599453e-04 -1.007704444219621e+00
51 3 -1.000277105454397e+00 -1.899314647096959e-03 -8.972237215164213e-04 -1.007699990408947e+00
51 4 -1.000277644838129e+00 -1.900663262073850e-03 -8.962603077060666e-04 -1.007695444430158e+00
51 5 -1.000278195516632e+00 -1.902004051715702e-03 -8.953525750046986e-04 -1.007690849780403e+00
51 6 -1.000278753028416e+00 -1.903324201188795e-03 -8.945098299661100e-04 -1.007686249697672e+00
51 7 -1.000279312962304e+00 -1.904611408604234e-03 -8.937393358492027e-04 -1.007681686758810e+00
51 8 -1.000279870969044e+00 -1.905853985682207e-03 -8.930462977610010e-04 -1.007677202513943e+00
51 9 -1.000280422759853e+00 -1.907040929517635e-03 -8.924339731575277e-04 -1.007672837183281e+00
51 10 -1.000280964095733e+00 -1.908161973758811e-03 -8.919038747098130e-04 -1.007668629404577e+00
51 11 -1.000281490776675e+00 -1.909207635617135e-03 -8.914560085738267e-04 -1.007664615993725e+00
51 12 -1.000281998639769e+00 -1.910169271579941e-03 -8.910890934285304e-04 -1.007660831687992e+00
51 13 -1.000282483570570e+00 -1.911039143192983e-03 -8.908007303557488e-04 -1.007657308871093e+00
51 14 -1.000282941526224e+00 -1.911810482383607e-03 -8.905875274619620e-04 -1.007654077308775e+00
51 15 -1.000283368564084e+00 -1.912477538505172e-03 -8.904452121885436e-04 -1.007651163939856e+00
51 16 -1.000283760867652e+00 -1.913035589475574e-03 -8.903687774510833e-04 -1.007648592764833e+00
51 17 -1.000284114764486e+00 -1.913480909123127e-03 -8.903526985518541e-04 -1.007646384846352e+00
51 18 -1.000284426738096e+00 -1.913810699747690e-03 -8.903912285181143e-04 -1.007644558387925e+00
51 19 -1.000284693443529e+00 -1.914023013966075e-03 -8.904787432188277e-04 -1.007643128815985e+00
51 20 -1.000284911738996e+00 -1.914116693765635e-03 -8.906100817742596e-04 -1.007642108785543e+00
51 21 -1.000285078741497e+00 -1.914091345631480e-03 -8.907808238012937e-04 -1.007641508065662e+00
51 22 -1.000285191905774e+00 -1.913947354441576e-03 -8.909874632501190e-04 -1.007641333315532e+00
51 23 -1.000285249116884e+00 -1.913685922795974e-03 -8.912274705909958e-04 -1.007641587809374e+00
51 24 -1.000285248780908e+00 -1.913309112349364e-03 -8.914992681403318e-04 -1.007642271192070e+00
51 25 -1.000285189898167e+00 -1.912819864157022e-03 -8.918021638171953e-04 -1.007643379336594e+00
51 26 -1.000285072109792e+00 -1.912221986857201e-03 -8.921362870766371e-04 -1.007644904329714e+00
51 27 -1.000284895718599e+00 -1.911520118311232e-03 -8.925025472882006e-04 -1.007646834556805e+00
51 28 -1.000284661693056e+00 -1.910719677970558e-03 -8.929026005791146e-04 -1.007649154824245e+00
51 29 -1.000284371664777e+00 -1.909826828378963e-03 -8.933387830595363e-04 -1.007651846464819e+00
51 30 -1.000284027926040e+00 -1.908848457108620e-03 -8.938139605878261e-04 -1.007654887404326e+00
51 31 -1.000283633427560e+00 -1.907792179782588e-03 -8.943312627005191e-04 -1.007658252203707e+00
51 32 -1.000283191770977e+00 -1.906666354015519e-03 -8.948937043296301e-04 -1.007661912117712e+00
51 33 -1.000282707187516e+00 -1.905480086989528e-03 -8.955037379473678e-04 -1.007665835219884e+00
51 34 -1.000282184495964e+00 -1.904243220555360e-03 -8.961628037588349e-04 -1.007669986625900e+00
51 35 -1.000281629039121e+00 -1.902966287209274e-03 -8.968709461976651e-04 -1.007674328808274e+00
51 36 -1.000281046604529e+00 -1.901660441195510e-03 -8.976265420507025e-04 -1.007678821961302e+00
51 37 -1.000280443338366e+00 -1.900337374280312e-03 -8.984261496471515e-04 -1.007683424370076e+00
51 38 -1.000279825660165e+00 -1.899009225108832e-03 -8.992644553721825e-04 -1.007688092757470e+00
51 39 -1.000279200182881e+00 -1.897688488351547e-03 -9.001342776914983e-04 -1.007692782605735e+00
51 40 -1.000278573639575e+00 -1.896387926514996e-03 -9.010265960534051e-04 -1.007697448463331e+00
51 41 -1.000277952814885e+00 -1.895120482435393e-03 -9.019305966034102e-04 -1.007702044256544e+00
51 42 -1.000277344477071e+00 -1.893899185485837e-03 -9.028337545098443e-04 -1.007706523630507e+00
51 43 -1.000276755306010e+00 -1.892737042471183e-03 -9.037219905887228e-04 -1.007710840340228e+00
51 44 -1.000276191814007e+00 -1.891646904929248e-03 -9.045799413019886e-04 -1.007714948703254e+00
51 45 -1.000275660257961e+00 -1.890641305392267e-03 -9.053913655038363e-04 -1.007718804124461e+00
51 46 -1.000275166542605e+00 -1.889732256652033e-03 -9.061396819871329e-04 -1.007722363709413e+00
51 47 -1.000274716116774e+00 -1.888931014356968e-03 -9.068085977017885e-04 -1.007725586976347e+00
51 48 -1.000274313868742e+00 -1.888247814941606e-03 -9.073827610867813e-04 -1.007728436647085e+00
51 49 -1.000273964030354e+00 -1.887691611919913e-03 -9.078483696380376e-04 -1.007730879459119e+00
51 50 -1.000273670100336e+00 -1.887269837641423e-03 -9.081936769185235e-04 -1.007732886918955e+00
51 51 -1.000273434794271e+00 -1.886988213888713e-03 -9.084093734859214e-04 -1.007734435918337e+00
51 52 -1.000273260023923e+00 -1.886850625353158e-03 -9.084888477448647e-04 -1.007735509156905e+00
51 53 -1.000273146903001e+00 -1.886859056593946e-03 -9.084283564028410e-04 -1.007736095354918e+00
51 54 -1.000273095771480e+00 -1.887013579230024e-03 -9.082271402308755e-04 -1.007736189289658e+00
51 55 -1.000273106228806e+00 -1.887312369869616e-03 -9.078875036780832e-04 -1.007735791722052e+00
51 56 -1.000273177169914e+00 -1.887751746218051e-03 -9.074148436841438e-04 -1.007734909270531e+00
51 57 -1.000273306824960e+00 -1.888326223864315e-03 -9.068175839213314e-04 -1.007733554244769e+00
51 58 -1.000273492808862e+00 -1.889028607427886e-03 -9.061069654778636e-04 -1.007731744409548e+00
51 59 -1.000273732186738e+00 -1.889850129867461e-03 -9.052966686406497e-04 -1.007729502636296e+00
51 60 -1.000274021557017e+00 -1.890780644689419e-03 -9.044022819876916e-04 -1.007726856416237e+00
51 61 -1.000274357147890e+00 -1.891808862446475e-03 -9.034406768998158e-04 -1.007723837242699e+00
51 62 -1.000274734916970e+00 -1.892922609234401e-03 -9.024293711451601e-04 -1.007720479912102e+00
51 63 -1.000275150640828e+00 -1.894109076619287e-03 -9.013859621200778e-04 -1.007716821827215e+00
52 0 -1.000275144593334e+00 -1.894482794639739e-03 -9.041803801660538e-04 -1.007714647253771e+00
52 1 -1.000275615023351e+00 -1.895758573507090e-03 -9.031247211834667e-04 -1.007710563964996e+00
52 2 -1.000276110118524e+00 -1.897066158892314e-03 -9.020863434820540e-04 -1.007706303418401e+00
52 3 -1.000276625470351e+00 -1.898392087131486e-03 -9.010796503737167e-04 -1.007701908022452e+00
52 4 -1.000277156660299e+00 -1.899723030266951e-03 -9.001176083140263e-04 -1.007697420651197e+00
52 5 -1.000277699277385e+00 -1.901045924098040e-03 -8.992114998199623e-04 -1.007692884292573e+00
52 6 -1.000278248939192e+00 -1.902348101199779e-03 -8.983706997572394e-04 -1.007688341660171e+00
52 7 -1.000278801311716e+00 -1.903617416761655e-03 -8.976025261880851e-04 -1.007683834792966e+00
52 8 -1.000279352121235e+00 -1.904842351928498e-03 -8.969122100481070e-04 -1.007679404686402e+00
52 9 -1.000279897154091e+00 -1.906012086795442e-03 -8.963029960728317e-04 -1.007675090986584e+00
52 10 -1.000280432246966e+00 -1.907116549702493e-03 -8.957763457989097e-04 -1.007670931741423e+00
52 11 -1.000280953275906e+00 -1.908146459319853e-03 -8.953321850769939e-04 -1.007666963172483e+00
52 12 -1.000281456152760e+00 -1.909093373525349e-03 -8.949691374409303e-04 -1.007663219435068e+00
52 13 -1.000281936833600e+00 -1.909949747972628e-03 -8.946847077559404e-04 -1.007659732362527e+00
52 14 -1.000282391338453e+00 -1.910708995818300e-03 -8.944754146228795e-04 -1.007656531218457e+00
52 15 -1.000282815777364e+00 -1.911365532529923e-03 -8.943369017025127e-04 -1.007653642496302e+00
52 16 -1.000283206375470e+00 -1.911914787861782e-03 -8.942640759414942e-04 -1.007651089807981e+00
52 17 -1.000283559491375e+00 -1.912353174364751e-03 -8.942513154016643e-04 -1.007648893882686e+00
52 18 -1.000283871629692e+00 -1.912678018394314e-03 -8.942927605612416e-04 -1.007647072650754e+00
52 19 -1.000284139456520e+00 -1.912887476709715e-03 -8.943826638291998e-04 -1.007645641340474e+00
52 20 -1.000284359829888e+00 -1.912980467693604e-03 -8.945157424267239e-04 -1.007644612504687e+00
52 21 -1.000284529853300e+00 -1.912956637956815e-03 -8.946874726764995e-04 -1.007643995927915e+00
52 22 -1.000284646952286e+00 -1.912816369389621e-03 -8.948942796654947e-04 -1.007643798418601e+00
52 23 -1.000284708965478e+00 -1.912560816166222e-03 -8.951336077577930e-04 -1.007644023537235e+00
52 24 -1.000284714235868e+00 -1.912191949991091e-03 -8.954038932416312e-04 -1.007644671337635e+00
52 25 -1.000284661686758e+00 -1.911712589131431e-03 -8.957044861951069e-04 -1.007645738196894e+00
52 26 -1.000284550872132e+00 -1.911126395982199e-03 -8.960355714789400e-04 -1.007647216772655e+00
52 27 -1.000284382001039e+00 -1.910437845230412e-03 -8.963981159819491e-04 -1.007649096068717e+00
52 28 -1.000284155944123e+00 -1.909652178956186e-03 -8.967938324878187e-04 -1.007651361549037e+00
52 29 -1.000283874232713e+00 -1.908775368088008e-03 -8.972251187179276e-04 -1.007653995241195e+00
52 30 -1.000283539057155e+00 -1.907814093178702e-03 -8.976949185339248e-04 -1.007656975802301e+00
52 31 -1.000283153265105e+00 -1.906775747388150e-03 -8.982064666556197e-04 -1.007660278556184e+00
52 32 -1.000282720355091e+00 -1.905668453949607e-03 -8.987629137222561e-04 -1.007663875537168e+00
52 33 -1.000282244457401e+00 -1.904501081642838e-03 -8.993668708685519e-04 -1.007667735589017e+00
52 34 -1.000281730295054e+00 -1.903283240067779e-03 -9.000199434357122e-04 -1.007671824558181e+00
52 35 -1.000281183123055e+00 -1.902025244594374e-03 -9.007223281185749e-04 -1.007676105584743e+00
52 36 -1.000280608651071e+00 -1.900738053037257e-03 -9.014725256303437e-04 -1.007680539455303e+00
52 37 -1.000280012958386e+00 -1.899433183331099e-03 -9.022671831291840e-04 -1.007685084970196e+00
52 38 -1.000279402408779e+00 -1.898122621624438e-03 -9.031010440804907e-04 -1.007689699295809e+00
52 39 -1.000278783569672e+00 -1.896818727835316e-03 -9.039669630803340e-04 -1.007694338296351e+00
52 40 -1.000278163136953e+00 -1.895534143213802e-03 -9.048559471213936e-04 -1.007698956852225e+00
52 41 -1.000277547864219e+00 -1.894281699866816e-03 -9.057572091305472e-04 -1.007703509180297e+00
52 42 -1.000276944492724e+00 -1.893074325845395e-03 -9.066582505704937e-04 -1.007707949179983e+00
52 43 -1.000276359677541e+00 -1.891924935752853e-03 -9.075450118191126e-04 -1.007712230829183e+00
52 44 -1.000275799907040e+00 -1.890846297748489e-03 -9.084021329153358e-04 -1.007716308643448e+00
52 45 -1.000275271414826e+00 -1.889850869892642e-03 -9.092133522305143e-04 -1.007720138205466e+00
52 46 -1.000274780084183e+00 -1.888950600372063e-03 -9.099620408797534e-04 -1.007723676777336e+00
52 47 -1.000274331346401e+00 -1.888156691333642e-03 -9.106318348343869e-04 -1.007726884006757e+00
52 48 -1.000273930077842e+00 -1.887479337374965e-03 -9.112072981947065e-04 -1.007729722711692e+00
52 49 -1.000273580504737e+00 -1.886927461648332e-03 -9.116745428455369e-04 -1.007732159688300e+00
52 50 -1.000273286125999e+00 -1.886508477087134e-03 -9.120217451151021e-04 -1.007734166462757e+00
52 51 -1.000273049661760e+00 -1.886228096016918e-03 -9.122395309486242e-04 -1.007735719910037e+00
52 52 -1.000272873030846e+00 -1.886090202021875e-03 -9.123212349171395e-04 -1.007736802683850e+00
52 53 -1.000272757355336e+00 -1.886096785616103e-03 -9.122630640588940e-04 -1.007737403437114e+00
52 54 -1.000272702985472e+00 -1.886247931973724e-03 -9.120642055224538e-04 -1.007737516859166e+00
52 55 -1.000272709535426e+00 -1.886541841395308e-03 -9.117269011657205e-04 -1.007737143593399e+00
52 56 -1.000272775922654e+00 -1.886974868325765e-03 -9.112564781936092e-04 -1.007736290097273e+00
52 57 -1.000272900410100e+00 -1.887541579603960e-03 -9.106612924726427e-04 -1.007734968465153e+00
52 58 -1.000273080656224e+00 -1.888234844943294e-03 -9.099525322389889e-04 -1.007733196189145e+00
52 59 -1.000273313778757e+00 -1.889045973630503e-03 -9.091438517393564e-04 -1.007730995817038e+00
52 60 -1.000273596434387e+00 -1.889964902769360e-03 -9.082508463324624e-04 -1.007728394480480e+00
52 61 -1.000273924911285e+00 -1.890980429788326e-03 -9.072904245347616e-04 -1.007725423296301e+00
52 62 -1.000274295226026e+00 -1.892080468832771e-03 -9.062801613503542e-04 -1.007722116682076e+00
52 63 -1.000274703212770e+00 -1.893252301507990e-03 -9.052377178220529e-04 -1.007718511662895e+00
53 0 -1.000274743176282e+00 -1.893598629662281e-03 -9.082135642648376e-04 -1.007716326087104e+00
53 1 -1.000275205602122e+00 -1.894858828396428e-03 -9.071583083573838e-04 -1.007712298337154e+00
53 2 -1.000275692485491e+00 -1.896149948699564e-03 -9.061206550304173e-04 -1.007708095353927e+00
53 3 -1.000276199491537e+00 -1.897458647629662e-03 -9.051150615952989e-04 -1.007703759077317e+00
53 4 -1.000276722281666e+00 -1.898771730326340e-03 -9.041545542751783e-04 -1.007699331873181e+00
53 5 -1.000277256528495e+00 -1.900076276354670e-03 -9.032504831173786e-04 -1.007694856190246e+00
53 6 -1.000277797933910e+00 -1.901359772087044e-03 -9.024122921684570e-04 -1.007690374180318e+00
53 7 -1.000278342246953e+00 -1.902610237714213e-03 -9.016473569113530e-04 -1.007685927301865e+00
53 8 -1.000278885275276e+00 -1.903816332676622e-03 -9.009609380491021e-04 -1.007681555950605e+00
53 9 -1.000279422885727e+00 -1.904967429908800e-03 -9.003562706062442e-04 -1.007677299152442e+00
53 10 -1.000279950995728e+00 -1.906053664004586e-03 -8.998347640663630e-04 -1.007673194317024e+00
53 11 -1.000280465562569e+00 -1.907065969106548e-03 -8.993962568613123e-04 -1.007669277018880e+00
53 12 -1.000280962578557e+00 -1.907996121017207e-03 -8.990392632883784e-04 -1.007665580774045e+00
53 13 -1.000281438076704e+00 -1.908836788218335e-03 -8.987611715575133e-04 -1.007662136804363e+00
53 14 -1.000281888147195e+00 -1.909581585675898e-03 -8.985583857610705e-04 -1.007658973806649e+00
53 15 -1.000282308960860e+00 -1.910225116899262e-03 -8.984264386994369e-04 -1.007656117761461e+00
53 16 -1.000282696792970e+00 -1.910762985903483e-03 -8.983601242716963e-04 -1.007653591823745e+00
53 17 -1.000283048041607e+00 -1.911191766363000e-03 -8.983536965607451e-04 -1.007651416321711e+00
53 18 -1.000283359240772e+00 -1.911508931596582e-03 -8.984011554905546e-04 -1.007649608844707e+00
53 19 -1.000283627076152e+00 -1.911712767064882e-03 -8.984965984865860e-04 -1.007648184351500e+00
53 20 -1.000283848414837e+00 -1.911802294359616e-03 -8.986345844802550e-04 -1.007647155215890e+00
53 21 -1.000284020356949e+00 -1.911777228915399e-03 -8.988104453925698e-04 -1.007646531156552e+00
53 22 -1.000284140309748e+00 -1.911637979348371e-03 -8.990204931649652e-04 -1.007646319047896e+00
53 23 -1.000284206077007e+00 -1.911385681085613e-03 -8.992621013742746e-04 -1.007646522653959e+00
53 24 -1.000284215950385e+00 -1.911022244193123e-03 -8.995336786908126e-04 -1.007647142358375e+00
53 25 -1.000284168787485e+00 -1.910550389818788e-03 -8.998345816872497e-04 -1.007648174970029e+00
53 26 -1.000284064065528e+00 -1.909973656770538e-03 -9.001650216422895e-04 -1.007649613652918e+00
53 27 -1.000283901909162e+00 -1.909296376943638e-03 -9.005259992225483e-04 -1.007651447970613e+00
53 28 -1.000283683099729e+00 -1.908523634122414e-03 -9.009192630459295e-04 -1.007653663989310e+00
53 29 -1.000283409076092e+00 -1.907661225754990e-03 -9.013472527101786e-04 -1.007656244378651e+00
53 30 -1.000283081933831e+00 -1.906715642405640e-03 -9.018129707938068e-04 -1.007659168477866e+00
53 31 -1.000282704424029e+00 -1.905694070283447e-03 -9.023197392142649e-04 -1.007662412329388e+00
53 32 -1.000282279947725e+00 -1.904604411370469e-03 -9.028708299962230e-04 -1.007665948709939e+00
53 33 -1.000281812538594e+00 -1.903455305494706e-03 -9.034690053254462e-04 -1.007669747206649e+00
53 34 -1.000281306826531e+00 -1.902256134929831e-03 -9.041160368577742e-04 -1.007673774382131e+00
53 35 -1.000280767979599e+00 -1.901016998712197e-03 -9.048122834073254e-04 -1.007677994040283e+00
53 36 -1.000280201628821e+00 -1.899748656029631e-03 -9.055563860765505e-04 -1.007682367564014e+00
53 37 -1.000279613784315e+00 -1.898462446588367e-03 -9.063451010588375e-04 -1.007686854279148e+00
53 38 -1.000279010750441e+00 -1.897170197695766e-03 -9.071732502368800e-04 -1.007691411812316e+00
53 39 -1.000278399044359e+00 -1.895884126532443e-03 -9.080337450990385e-04 -1.007695996432587e+00
53 40 -1.000277785319426e+00 -1.894616743817017e-03 -9.089176401135248e-04 -1.007700563380320e+00
53 41 -1.000277176292378e+00 -1.893380760080012e-03 -9.098141953649329e-04 -1.007705067196661e+00
53 42 -1.000276578670997e+00 -1.892188988773212e-03 -9.107109613277556e-04 -1.007709462077036e+00
53 43 -1.000275999078257e+00 -1.891054236194880e-03 -9.115939241254691e-04 -1.007713702272991e+00
53 44 -1.000275443970480e+00 -1.889989168743463e-03 -9.124477566896144e-04 -1.007717742556135e+00
53 45 -1.000274919549017e+00 -1.889006150041030e-03 -9.132562078653502e-04 -1.007721538750649e+00
53 46 -1.000274431665706e+00 -1.888117042255134e-03 -9.140026315949913e-04 -1.007725048345103e+00
53 47 -1.000273985723206e+00 -1.887332971229134e-03 -9.146706206672072e-04 -1.007728231193643e+00
53 48 -1.000273586574233e+00 -1.886664066142018e-03 -9.152446782289298e-04 -1.007731050292688e+00
53 49 -1.000273238427633e+00 -1.886119196083579e-03 -9.157108493331802e-04 -1.007733472581953e+00
53 50 -1.000272944770973e+00 -1.885705730655323e-03 -9.160572487997152e-04 -1.007735469694057e+00
53 51 -1.000272708317615e+00 -1.885429348064393e-03 -9.162744530174058e-04 -1.007737018576591e+00
53 52 -1.000272530982329e+00 -1.885293905342585e-03 -9.163557591044714e-04 -1.007738101928507e+00
53 53 -1.000272413884663e+00 -1.885301373135750e-03 -9.162973431680559e-04 -1.007738708426303e+00
53 54 -1.000272357374156e+00 -1.885451823985738e-03 -9.160983597775631e-04 -1.007738832761973e+00
53 55 -1.000272361068234e+00 -1.885743454974493e-03 -9.157610102373556e-04 -1.007738475553564e+00
53 56 -1.000272423894939e+00 -1.886172629932007e-03 -9.152905726721718e-04 -1.007737643191181e+00
53 57 -1.000272544138298e+00 -1.886733940357372e-03 -9.146953521358211e-04 -1.007736347644916e+00
53 58 -1.000272719489719e+00 -1.887420296332218e-03 -9.139864966376959e-04 -1.007734606218164e+00
53 59 -1.000272947110506e+00 -1.888223060839915e-03 -9.131776438710304e-04 -1.007732441210097e+00
53 60 -1.000273223708309e+00 -1.889132234018051e-03 -9.122844044780235e-04 -1.007729879458063e+00
53 61 -1.000273545625886e+00 -1.890136682145100e-03 -9.113237334848117e-04 -1.007726951755675e+00
53 62 -1.000273908935237e+00 -1.891224392440880e-03 -9.103132743753996e-04 -1.007723692181018e+00
53 63 -1.000274309525920e+00 -1.892382724381605e-03 -9.092707649357915e-04 -1.007720137408365e+00
54 0 -1.000274400383769e+00 -1.892710972895158e-03 -9.123906212729050e-04 -1.007717920765223e+00
54 1 -1.000274855012735e+00 -1.893956376917935e-03 -9.113351783269597e-04 -1.007713946892463e+00
54 2 -1.000275333781477e+00 -1.895231555237827e-03 -9.102979095531964e-04 -1.007709800688053e+00
54 3 -1.000275832428906e+00 -1.896523282362670e-03 -9.092933304443479e-04 -1.007705523619716e+00
54 4 -1.000276346697845e+00 -1.897818496208028e-03 -9.083345275569467e-04 -1.007701157531857e+00
54 5 -1.000276872347589e+00 -1.899104422926528e-03 -9.074329166840927e-04 -1.007696744310160e+00
54 6 -1.000277405168812e+00 -1.900368708047219e-03 -9.065980091104786e-04 -1.007692325511868e+00
54 7 -1.000277940998787e+00 -1.901599543464201e-03 -9.058372376034358e-04 -1.007687941977242e+00
54 8 -1.000278475731734e+00 -1.902785774317647e-03 -9.051558944269422e-04 -1.007683633462611e+00
54 9 -1.000279005319943e+00 -1.903916974895602e-03 -9.045572066164615e-04 -1.007679438332028e+00
54 10 -1.000279525766300e+00 -1.904983496333043e-03 -9.040425305103509e-04 -1.007675393312119e+00
54 11 -1.000280033114016e+00 -1.905976500487751e-03 -9.036116111241151e-04 -1.007671533282485e+00
54 12 -1.000280523440791e+00 -1.906887995340383e-03 -9.032628414569405e-04 -1.007667891068816e+00
54 13 -1.000280992862280e+00 -1.907710878841078e-03 -9.029934747098612e-04 -1.007664497225694e+00
54 14 -1.000281437545698e+00 -1.908438986892621e-03 -9.027997770221538e-04 -1.007661379821641e+00
54 15 -1.000281853730524e+00 -1.909067131744148e-03 -9.026771444380671e-04 -1.007658564259108e+00
54 16 -1.000282237750452e+00 -1.909591112621512e-03 -9.026202320206284e-04 -1.007656073170778e+00
54 17 -1.000282586051329e+00 -1.910007685187774e-03 -9.026231447844296e-04 -1.007653926419513e+00
54 18 -1.000282895204919e+00 -1.910314491378777e-03 -9.026797161471021e-04 -1.007652141187733e+00
54 19 -1.000283161925198e+00 -1.910509968744320e-03 -9.027838595467277e-04 -1.007650732094573e+00
54 20 -1.000283383097513e+00 -1.910593267434581e-03 -9.029299421255009e-04 -1.007649711260186e+00
54 21 -1.000283555828472e+00 -1.910564198881103e-03 -9.031131130267334e-04 -1.007649088258857e+00
54 22 -1.000283677517870e+00 -1.910423227234076e-03 -9.033295286064724e-04 -1.007648869948652e+00
54 23 -1.000283745946362e+00 -1.910171498865148e-03 -9.035764475489702e-04 -1.007649060212579e+00
54 24 -1.000283759366425e+00 -1.909810891179405e-03 -9.038522087593026e-04 -1.007649659681435e+00
54 25 -1.000283716581751e+00 -1.909344054922798e-03 -9.041561383078713e-04 -1.007650665519388e+00
54 26 -1.000283617003788e+00 -1.908774429381439e-03 -9.044884431731516e-04 -1.007652071327261e+00
54 27 -1.000283460682950e+00 -1.908106225742191e-03 -9.048501323157482e-04 -1.007653867163653e+00
54 28 -1.000283248320705e+00 -1.907344390392068e-03 -9.052429678538248e-04 -1.007656039634967e+00
54 29 -1.000282981272173e+00 -1.906494567445382e-03 -9.056694100800664e-04 -1.007658571993073e+00
54 30 -1.000282661546268e+00 -1.905563077001015e-03 -9.061324991234618e-04 -1.007661444201853e+00
54 31 -1.000282291805054e+00 -1.904556916856796e-03 -9.066356233849944e-04 -1.007664632968329e+00
54 32 -1.000281875358862e+00 -1.903483784152217e-03 -9.071821582702752e-04 -1.007668111764142e+00
54 33 -1.000281416150275e+00 -1.902352102567068e-03 -9.077750048549490e-04 -1.007671850882878e+00
54 34 -1.000280918719882e+00 -1.901171035458356e-03 -9.084160971362020e-04 -1.007675817578870e+00
54 35 -1.000280388150866e+00 -1.899950469762436e-03 -9.091059607958039e-04 -1.007679976306664e+00
54 36 -1.000279829995931e+00 -1.898700966689634e-03 -9.098433896264104e-04 -1.007684289041744e+00
54 37 -1.000279250194612e+00 -1.897433685275965e-03 -9.106252663919937e-04 -1.007688715640435e+00
54 38 -1.000278654988799e+00 -1.896160289070359e-03 -9.114465113158142e-04 -1.007693214202703e+00
54 39 -1.000278050841115e+00 -1.894892845903266e-03 -9.123001127474409e-04 -1.007697741421991e+00
54 40 -1.000277444357350e+00 -1.893643727950966e-03 -9.131771920094438e-04 -1.007702252923628e+00
54 41 -1.000276842211750e+00 -1.892425514196695e-03 -9.140670764099765e-04 -1.007706703604913e+00
54 42 -1.000276251072298e+00 -1.891250890822040e-03 -9.149573881507424e-04 -1.007711047998001e+00
54 43 -1.000275677522788e+00 -1.890132540385897e-03 -9.158341856328636e-04 -1.007715240677546e+00
54 44 -1.000275127979674e+00 -1.889083009796753e-03 -9.166822049059010e-04 -1.007719236727789e+00
54 45 -1.000274608603380e+00 -1.888114548520780e-03 -9.174852380555367e-04 -1.007722992277487e+00
54 46 -1.000274125204527e+00 -1.887238911115456e-03 -9.182266551859717e-04 -1.007726465111920e+00
54 47 -1.000273683146298e+00 -1.886467124112484e-03 -9.188900372981363e-04 -1.007729615368707e+00
54 48 -1.000273287246235e+00 -1.885809227621601e-03 -9.194598539266779e-04 -1.007732406304499e+00
54 49 -1.000272941684067e+00 -1.885274012805824e-03 -9.199221059794480e-04 -1.007734805087332e+00
54 50 -1.000272649924383e+00 -1.884868781704730e-03 -9.202648659331903e-04 -1.007736783543679e+00
54 51 -1.000272414662379e+00 -1.884599153602546e-03 -9.204786783163555e-04 -1.007738318783458e+00
54 52 -1.000272237797695e+00 -1.884468933689792e-03 -9.205568210399348e-04 -1.007739393641531e+00
54 53 -1.000272120436487e+00 -1.884480047041482e-03 -9.204954594823066e-04 -1.007739996908590e+00
54 54 -1.000272062916597e+00 -1.884632527247382e-03 -9.202937381051235e-04 -1.007740123370493e+00
54 55 -1.000272064847218e+00 -1.884924541137374e-03 -9.199538412561132e-04 -1.007739773712665e+00
54 56 -1.000272125155043e+00 -1.885352434614288e-03 -9.194810204687054e-04 -1.007738954351320e+00
54 57 -1.000272242133288e+00 -1.885910797034218e-03 -9.188835491962820e-04 -1.007737677223932e+00
54 58 -1.000272413495101e+00 -1.886592553294069e-03 -9.181725501166345e-04 -1.007735959532076e+00
54 59 -1.000272636435479e+00 -1.887389096412968e-03 -9.173616553329535e-04 -1.007733823405508e+00
54 60 -1.000272907704974e+00 -1.888290468369167e-03 -9.164664993633582e-04 -1.007731295455852e+00
54 61 -1.000273223694869e+00 -1.889285585812967e-03 -9.155040921767297e-04 -1.007728406209636e+00
54 62 -1.000273580528280e+00 -1.890362493054790e-03 -9.144921558936519e-04 -1.007725189449454e+00
54 63 -1.000273974147060e+00 -1.891508613689002e-03 -9.134485172976246e-04 -1.007721681532153e+00
55 0 -1.000274120294209e+00 -1.891828326129123e-03 -9.166740645508803e-04 -1.007719413454982e+00
55 1 -1.000274567422836e+00 -1.893059894418931e-03 -9.156178113474889e-04 -1.007715491173599e+00
55 2 -1.000275038265573e+00 -1.894319836268067e-03 -9.145805602603479e-04 -1.007711400317548e+00
55 3 -1.000275528634113e+00 -1.895595038644026e-03 -9.135768882787855e-04 -1.007707181885856e+00
55 4 -1.000276034352985e+00 -1.896872570238875e-03 -9.126199413955172e-04 -1.007702877195420e+00
55 5 -1.000276551270078e+00 -1.898139804909667e-03 -9.117211974678876e-04 -1.007698527552261e+00
55 6 -1.000277075268181e+00 -1.899384550879151e-03 -9.108902308092107e-04 -1.007694173893745e+00
55 7 -1.000277602277001e+00 -1.900595176795531e-03 -9.101345286425796e-04 -1.007689856411035e+00
55 8 -1.000278128281864e+00 -1.901760719663100e-03 -9.094594138916535e-04 -1.007685614186566e+00
55 9 -1.000278649324967e+00 -1.902870962394632e-03 -9.088681056111577e-04 -1.007681484885344e+00
55 10 -1.000279161498809e+00 -1.903916481088407e-03 -9.083619057841266e-04 -1.007677504512012e+00
55 11 -1.000279660936423e+00 -1.904888675192923e-03 -9.079404610810283e-04 -1.007673707210398e+00
55 12 -1.000280143805100e+00 -1.905779796935417e-03 -9.076020326400599e-04 -1.007670125070995e+00
55 13 -1.000280606308277e+00 -1.906582988543101e-03 -9.073437220666901e-04 -1.007666787930025e+00
55 14 -1.000281044696522e+00 -1.907292324007454e-03 -9.071616363039054e-04 -1.007663723170928e+00
55 15 -1.000281455285227e+00 -1.907902842762013e-03 -9.070510110288408e-04 -1.007660955558358e+00
55 16 -1.000281834474365e+00 -1.908410558267248e-03 -9.070063384313498e-04 -1.007658507141996e+00
55 17 -1.000282178765815e+00 -1.908812427767756e-03 -9.070215507808019e-04 -1.007656397257263e+00
55 18 -1.000282484777622e+00 -1.909106282239473e-03 -9.070902911295259e-04 -1.007654642615371e+00
55 19 -1.000282749260728e+00 -1.909290732881372e-03 -9.072062632129249e-04 -1.007653257428947e+00
55 20 -1.000282969127714e+00 -1.909365081681915e-03 -9.073636126501804e-04 -1.007652253493919e+00
55 21 -1.000283141501399e+00 -1.909329261744243e-03 -9.075572706217370e-04 -1.007651640163964e+00
55 22 -1.000283263784935e+00 -1.909183820785928e-03 -9.077831977183155e-04 -1.007651424198622e+00
55 23 -1.000283333747640e+00 -1.908929945394292e-03 -9.080384950166202e-04 -1.007651609514594e+00
55 24 -1.000283349615047e+00 -1.908569509273747e-03 -9.083213898169507e-04 -1.007652196905709e+00
55 25 -1.000283310149090e+00 -1.908105120299063e-03 -9.086311397314939e-04 -1.007653183811257e+00
55 26 -1.000283214707130e+00 -1.907540143848637e-03 -9.089679150337034e-04 -1.007654564193510e+00
55 27 -1.000283063276310e+00 -1.906878694105793e-03 -9.093327059923838e-04 -1.007656328535228e+00
55 28 -1.000282856488367e+00 -1.906125602390223e-03 -9.097272648333174e-04 -1.007658463915529e+00
55 29 -1.000282595624142e+00 -1.905286381314677e-03 -9.101540502217806e-04 -1.007660954102549e+00
55 30 -1.000282282614853e+00 -1.904367202300124e-03 -9.106161169691126e-04 -1.007663779619599e+00
55 31 -1.000281920042022e+00 -1.903374895881820e-03 -9.111168969102359e-04 -1.007666917775675e+00
55 32 -1.000281511132994e+00 -1.902316973563512e-03 -9.116598477142180e-04 -1.007670342681064e+00
55 33 -1.000281059745850e+00 -1.901201658941402e-03 -9.122479929719527e-04 -1.007674025289109e+00
55 34 -1.000280570336983e+00 -1.900037908573061e-03 -9.128834199094598e-04 -1.007677933510603e+00
55 35 -1.000280047907965e+00 -1.898835404944976e-03 -9.135668206841306e-04 -1.007682032428012e+00
55 36 -1.000279497934455e+00 -1.897604514475075e-03 -9.142971498072134e-04 -1.007686284599100e+00
55 37 -1.000278926284786e+00 -1.896356215102300e-03 -9.150714308650059e-04 -1.007690650410717e+00
55 38 -1.000278339136194e+00 -1.895102003806073e-03 -9.158846998152012e-04 -1.007695088443679e+00
55 39 -1.000277742893280e+00 -1.893853794466697e-03 -9.167300400710362e-04 -1.007699555829815e+00
55 40 -1.000277144109673e+00 -1.892623814061312e-03 -9.175986581680187e-04 -1.007704008601164e+00
55 41 -1.000276549411661e+00 -1.891424500943092e-03 -9.184799679201506e-04 -1.007708402041549e+00
55 42 -1.000275965421369e+00 -1.890268402528049e-03 -9.193616848917943e-04 -1.007712691058150e+00
55 43 -1.000275398676820e+00 -1.889168063721453e-03 -9.202299651839226e-04 -1.007716830594406e+00
55 44 -1.000274855547247e+00 -1.888135895313023e-03 -9.210696378991314e-04 -1.007720776101043e+00
55 45 -1.000274342143742e+00 -1.887184013259140e-03 -9.218645720816415e-04 -1.007724484073859e+00
55 46 -1.000273864226269e+00 -1.886324043162080e-03 -9.225981892461175e-04 -1.007727912664393e+00
55 47 -1.000273427108191e+00 -1.885566889803786e-03 -9.232540925930747e-04 -1.007731022368465e+00
55 48 -1.000273035560746e+00 -1.884922480989686e-03 -9.238167486862981e-04 -1.007733776782631e+00
55 49 -1.000272693722851e+00 -1.884399505873537e-03 -9.242721407628064e-04 -1.007736143388114e+00
55 50 -1.000272405024352e+00 -1.884005174318668e-03 -9.246083216441884e-04 -1.007738094293553e+00
55 51 -1.000272172130948e+00 -1.883745022044757e-03 -9.248158243447707e-04 -1.007739606860070e+00
55 52 -1.000271996916311e+00 -1.883622777647106e-03 -9.248879277282600e-04 -1.007740664147058e+00
55 53 -1.000271880462462e+00 -1.883640295155234e-03 -9.248208082941134e-04 -1.007741255149206e+00
55 54 -1.000271823084539e+00 -1.883797542807760e-03 -9.246136244058003e-04 -1.007741374837850e+00
55 55 -1.000271824372169e+00 -1.884092630352636e-03 -9.242685684811246e-04 -1.007741024057888e+00
55 56 -1.000271883239072e+00 -1.884521858968126e-03 -9.237908895706265e-04 -1.007740209343076e+00
55 57 -1.000271997975809e+00 -1.885079789195290e-03 -9.231888508685132e-04 -1.007738942689147e+00
55 58 -1.000272166305644e+00 -1.885759334631610e-03 -9.224735669493820e-04 -1.007737241284699e+00
55 59 -1.000272385446732e+00 -1.886551893957983e-03 -9.216586770127084e-04 -1.007735127172197e+00
55 60 -1.000272652183879e+00 -1.887447529405464e-03 -9.207598486420493e-04 -1.007732626808206e+00
55 61 -1.000272962950262e+00 -1.888435189140887e-03 -9.197941548125031e-04 -1.007729770510495e+00
55 62 -1.000273313915051e+00 -1.889502957758411e-03 -9.187794055555334e-04 -1.007726591814194e+00
55 63 -1.000273701068457e+00 -1.890638308052895e-03 -9.177335278915582e-04 -1.007723126797512e+00
56 0 -1.000273906340313e+00 -1.890959175357112e-03 -9.210257908561348e-04 -1.007720786899237e+00
56 1 -1.000274346355778e+00 -1.892178041068205e-03 -9.199680526511244e-04 -1.007716913290860e+00
56 2 -1.000274809555572e+00 -1.893423638489128e-03 -9.189304042255749e-04 -1.007712875686148e+00
56 3 -1.000275291822119e+00 -1.894682960480279e-03 -9.179274869313395e-04 -1.007708714625611e+00
56 4 -1.000275789060765e+00 -1.895943202859318e-03 -9.169725043143534e-04 -1.007704470899658e+00
56 5 -1.000276297208498e+00 -1.897191886190022e-03 -9.160769912200868e-04 -1.007700185226695e+00
56 6 -1.000276812242148e+00 -1.898416982718498e-03 -9.152505787702063e-04 -1.007695897907977e+00
56 7 -1.000277330186962e+00 -1.899607041205601e-03 -9.145008031034783e-04 -1.007691648462015e+00
56 8 -1.000277847123137e+00 -1.900751295332294e-03 -9.138330141896079e-04 -1.007687475268634e+00
56 9 -1.000278359186530e+00 -1.901839742171251e-03 -9.132504214391250e-04 -1.007683415263006e+00
56 10 -1.000278862562591e+00 -1.902863188931949e-03 -9.127542709725110e-04 -1.007679503696360e+00
56 11 -1.000279353477346e+00 -1.903813280265675e-03 -9.123441068056381e-04 -1.007675773942887e+00
56 12 -1.000279828191274e+00 -1.904682522696522e-03 -9.120180488413124e-04 -1.007672257318745e+00
56 13 -1.000280283000066e+00 -1.905464315312062e-03 -9.117730323825131e-04 -1.007668982896732e+00
56 14 -1.000280714243119e+00 -1.906152984671872e-03 -9.116049864241517e-04 -1.007665977325701e+00
56 15 -1.000281118318238e+00 -1.906743813262510e-03 -9.115089651240025e-04 -1.007663264679607e+00
56 16 -1.000281491699145e+00 -1.907233045866469e-03 -9.114792757170850e-04 -1.007660866368862e+00
56 17 -1.000281830951913e+00 -1.907617859318406e-03 -9.115096559103823e-04 -1.007658801142403e+00
56 18 -1.000282132749270e+00 -1.907896292197575e-03 -9.115935370895477e-04 -1.007657085179715e+00
56 19 -1.000282393887601e+00 -1.908067148763648e-03 -9.117243910323720e-04 -1.007655732224505e+00
56 20 -1.000282611315582e+00 -1.908129904186018e-03 -9.118961159723930e-04 -1.007654753681343e+00
56 21 -1.000282782181956e+00 -1.908084637404743e-03 -9.121033936614317e-04 -1.007654158608960e+00
56 22 -1.000282903903966e+00 -1.907932006503253e-03 -9.123419519391367e-04 -1.007653953587461e+00
56 23 -1.000282974251227e+00 -1.907673266672181e-03 -9.126086938044623e-04 -1.007654142482665e+00
56 24 -1.000282991434571e+00 -1.907310316721928e-03 -9.129016939957622e-04 -1.007654726166094e+00
56 25 -1.000282954186676e+00 -1.906845749853052e-03 -9.132201032867248e-04 -1.007655702268333e+00
56 26 -1.000282861823080e+00 -1.906282884273939e-03 -9.135640217043678e-04 -1.007657065032805e+00
56 27 -1.000282714279247e+00 -1.905625762160808e-03 -9.139343926075264e-04 -1.007658805290447e+00
56 28 -1.000282512128020e+00 -1.904879123589003e-03 -9.143329338621369e-04 -1.007660910519994e+00
56 29 -1.000282256586183e+00 -1.904048373191616e-03 -9.147620792448304e-04 -1.007663364933551e+00
56 30 -1.000281949516969e+00 -1.903139557224881e-03 -9.152248743644969e-04 -1.007666149542191e+00
56 31 -1.000281593430491e+00 -1.902159361989283e-03 -9.157247698334869e-04 -1.007669242187846e+00
56 32 -1.000281191479580e+00 -1.901115135055689e-03 -9.162652816755715e-04 -1.007672617555446e+00
56 33 -1.000280747445417e+00 -1.900014919240805e-03 -9.168495355731296e-04 -1.007676247201659e+00
56 34 -1.000280265706474e+00 -1.898867479826980e-03 -9.174797581763121e-04 -1.007680099648376e+00
56 35 -1.000279751187082e+00 -1.897682305465705e-03 -9.181568030782731e-04 -1.007684140574877e+00
56 36 -1.000279209288061e+00 -1.896469573539453e-03 -9.188797891745131e-04 -1.007688333104249e+00
56 37 -1.000278645806849e+00 -1.895240082981904e-03 -9.196458911326252e-04 -1.007692638147569e+00
56 38 -1.000278066854773e+00 -1.894005163762411e-03 -9.204502747703247e-04 -1.007697014767809e+00
56 39 -1.000277478775726e+00 -1.892776573084971e-03 -9.212861345166748e-04 -1.007701420544263e+00
56 40 -1.000276888067152e+00 -1.891566387556843e-03 -9.221447788907099e-04 -1.007705811933760e+00
56 41 -1.000276301302364e+00 -1.890386897413906e-03 -9.230157258090273e-04 -1.007710144633300e+00
56 42 -1.000275725052050e+00 -1.889250501639948e-03 -9.238868037577519e-04 -1.007714373959056e+00
56 43 -1.000275165802372e+00 -1.888169595240318e-03 -9.247442899360524e-04 -1.007718455264978e+00
56 44 -1.000274629868444e+00 -1.887156437538262e-03 -9.255731350421431e-04 -1.007722344419184e+00
56 45 -1.000274123304155e+00 -1.886222992759288e-03 -9.263573182867828e-04 -1.007725998344176e+00
56 46 -1.000273651809978e+00 -1.885380737340704e-03 -9.270803483437338e-04 -1.007729375623998e+00
56 47 -1.000273220639679e+00 -1.884640432735194e-03 -9.277258863025399e-04 -1.007732437184419e+00
56 48 -1.000272834507433e+00 -1.884011871578741e-03 -9.282784292256196e-04 -1.007735147039839e+00
56 49 -1.000272497499872e+00 -1.883503617100094e-03 -9.287239725046322e-04 -1.007737473068374e+00
56 50 -1.000272213000527e+00 -1.883122762711912e-03 -9.290505751204923e-04 -1.007739387747442e+00
56 51 -1.000271983634464e+00 -1.882874736394995e-03 -9.292487814628527e-04 -1.007740868776259e+00
56 52 -1.000271811238684e+00 -1.882763165768610e-03 -9.293118935053007e-04 -1.007741899525908e+00
56 53 -1.000271696860506e+00 -1.882789808695548e-03 -9.292361223146705e-04 -1.007742469283660e+00
56 54 -1.000271640781665e+00 -1.882954542191981e-03 -9.290206655686163e-04 -1.007742573296082e+00
56 55 -1.000271642561289e+00 -1.883255392677850e-03 -9.286677503072940e-04 -1.007742212657312e+00
56 56 -1.000271701088802e+00 -1.883688590184899e-03 -9.281826490481083e-04 -1.007741394108379e+00
56 57 -1.000271814640396e+00 -1.884248639962014e-03 -9.275736380709671e-04 -1.007740129793244e+00
56 58 -1.000271980937770e+00 -1.884928418368736e-03 -9.268518429551205e-04 -1.007738436975810e+00
56 59 -1.000272197211455e+00 -1.885719305372758e-03 -9.260309243061200e-04 -1.007736337693538e+00
56 60 -1.000272460271340e+00 -1.886611361412612e-03 -9.251265931754878e-04 -1.007733858320482e+00
56 61 -1.000272766585146e+00 -1.887593546580859e-03 -9.241559939981856e-04 -1.007731029027292e+00
56 62 -1.000273112362351e+00 -1.888653968390009e-03 -9.231370333038949e-04 -1.007727883152885e+00
56 63 -1.000273493637005e+00 -1.889780133471999e-03 -9.220877483341265e-04 -1.007724456538585e+00
57 0 -1.000273761246977e+00 -1.890111909801109e-03 -9.254073273298156e-04 -1.007722024694475e+00
57 1 -1.000274194626544e+00 -1.891319376571117e-03 -9.243473625831197e-04 -1.007718196214466e+00
57 2 -1.000274650561956e+00 -1.892551708251032e-03 -9.233088347007632e-04 -1.007714209090717e+00
57 3 -1.000275125003232e+00 -1.893795995292980e-03 -9.223064524322383e-04 -1.007710103422465e+00
57 4 -1.000275613934280e+00 -1.895039554863763e-03 -9.213534749321711e-04 -1.007705919483178e+00
57 5 -1.000276113380179e+00 -1.896270050943842e-03 -9.204614881087675e-04 -1.007701697405142e+00
57 6 -1.000276619412326e+00 -1.897475619141463e-03 -9.196401718030804e-04 -1.007697476845864e+00
57 7 -1.000277128153454e+00 -1.898644989931542e-03 -9.188971031075560e-04 -1.007693296635263e+00
57 8 -1.000277635781318e+00 -1.899767596492511e-03 -9.182376531834742e-04 -1.007689194429874e+00
57 9 -1.000278138528168e+00 -1.900833653352163e-03 -9.176650184675877e-04 -1.007685206412724e+00
57 10 -1.000278632674977e+00 -1.901834202917345e-03 -9.171803867848336e-04 -1.007681367057512e+00
57 11 -1.000279114543379e+00 -1.902761140728655e-03 -9.167831953383728e-04 -1.007677708940993e+00
57 12 -1.000279580489955e+00 -1.903607235259221e-03 -9.164714148740767e-04 -1.007674262572807e+00
57 13 -1.000280026906152e+00 -1.904366152033050e-03 -9.162418019643251e-04 -1.007671056226050e+00
57 14 -1.000280450224704e+00 -1.905032481756853e-03 -9.160900911331585e-04 -1.007668115773871e+00
57 15 -1.000280846931669e+00 -1.905601763568616e-03 -9.160111357580076e-04 -1.007665464552677e+00
57 16 -1.000281213581579e+00 -1.906070488604772e-03 -9.159990380932370e-04 -1.007663123282194e+00
57 17 -1.000281546812426e+00 -1.906436068910370e-03 -9.160473221035539e-04 -1.007661110071533e+00
57 18 -1.000281843359627e+00 -1.906696766769746e-03 -9.161491892452650e-04 -1.007659440513774e+00
57 19 -1.000282100073318e+00 -1.906851596917943e-03 -9.162978603323769e-04 -1.007658127825360e+00
57 20 -1.000282313947137e+00 -1.906900227355579e-03 -9.164869640795906e-04 -1.007657182954933e+00
57 21 -1.000282482165335e+00 -1.906842905135854e-03 -9.167109056651007e-04 -1.007656614594932e+00
57 22 -1.000282602169678e+00 -1.906680423632015e-03 -9.169651473680446e-04 -1.007656429068309e+00
57 23 -1.000282671741507e+00 -1.906414133939822e-03 -9.172463566229112e-04 -1.007656630106496e+00
57 24 -1.000282689089302e+00 -1.906045988695257e-03 -9.175524161168433e-04 -1.007657218571476e+00
57 25 -1.000282652929260e+00 -1.905578594998709e-03 -9.178823317790619e-04 -1.007658192198168e+00
57 26 -1.000282562547679e+00 -1.905015251165368e-03 -9.182360995040893e-04 -1.007659545427647e+00
57 27 -1.000282417840417e+00 -1.904359953343305e-03 -9.186145865981482e-04 -1.007661269358830e+00
57 28 -1.000282219332949e+00 -1.903617375676678e-03 -9.190194509946548e-04 -1.007663351791201e+00
57 29 -1.000281968188943e+00 -1.902792839835095e-03 -9.194530776074402e-04 -1.007665777302631e+00
57 30 -1.000281666213931e+00 -1.901892291673121e-03 -9.199184785642385e-04 -1.007668527315280e+00
57 31 -1.000281315856295e+00 -1.900922297795081e-03 -9.204190976353995e-04 -1.007671580129562e+00
57 32 -1.000280920203485e+00 -1.899890065782290e-03 -9.209584830230582e-04 -1.007674910933868e+00
57 33 -1.000280482968192e+00 -1.898803479660924e-03 -9.215398386447666e-04 -1.007678491823627e+00
57 34 -1.000280008458077e+00 -1.897671131630563e-03 -9.221655127055005e-04 -1.007682291878789e+00
57 35 -1.000279501525536e+00 -1.896502329877874e-03 -9.228365107403557e-04 -1.007686277336730e+00
57 36 -1.000278967499884e+00 -1.895307071540128e-03 -9.235521150358469e-04 -1.007690411860627e+00
57 37 -1.000278412109063e+00 -1.894095981483906e-03 -9.243096573251869e-04 -1.007694656871850e+00
57 38 -1.000277841398076e+00 -1.892880224301617e-03 -9.251044440962070e-04 -1.007698971911676e+00
57 39 -1.000277261648073e+00 -1.891671399392349e-03 -9.259297942128620e-04 -1.007703315012198e+00
57 40 -1.000276679297014e+00 -1.890481429753582e-03 -9.267771324935530e-04 -1.007707643068225e+00
57 41 -1.000276100861041e+00 -1.889322452356887e-03 -9.276360958410538e-04 -1.007711912210360e+00
57 42 -1.000275532854449e+00 -1.888206710164168e-03 -9.284946424700481e-04 -1.007716078192559e+00
57 43 -1.000274981705864e+00 -1.887146437654660e-03 -9.293391914571757e-04 -1.007720096817498e+00
57 44 -1.000274453669944e+00 -1.886153729086227e-03 -9.301548411239253e-04 -1.007723924417526e+00
57 45 -1.000273954736319e+00 -1.885240380818493e-03 -9.309257119747876e-04 -1.007727518395874e+00
57 46 -1.000273490537935e+00 -1.884417701639449e-03 -9.316354347314479e-04 -1.007730837830320e+00
57 47 -1.000273066259708e+00 -1.883696288962852e-03 -9.322677648601985e-04 -1.007733844145664e+00
57 48 -1.000272686548438e+00 -1.883085777959156e-03 -9.328072654083795e-04 -1.007736501849948e+00
57 49 -1.000272355427575e+00 -1.882594582981168e-03 -9.332399762186579e-04 -1.007738779298033e+00
57 50 -1.000272076223314e+00 -1.882229657812992e-03 -9.335539907830235e-04 -1.007740649418352e+00
57 51 -1.000271851509178e+00 -1.881996299117327e-03 -9.337398902034089e-04 -1.007742090332671e+00
57 52 -1.000271683074884e+00 -1.881898009448427e-03 -9.337910237508408e-04 -1.007743085809821e+00
57 53 -1.000271571922797e+00 -1.881936426090110e-03 -9.337036618996716e-04 -1.007743625515713e+00
57 54 -1.000271518291186e+00 -1.882111310085003e-03 -9.334770681742441e-04 -1.007743705057724e+00
57 55 -1.000271521698298e+00 -1.882420579095336e-03 -9.331135322493724e-04 -1.007743325865733e+00
57 56 -1.000271580998250e+00 -1.882860365896353e-03 -9.326183779681391e-04 -1.007742494976315e+00
57 57 -1.000271694441382e+00 -1.883425094351480e-03 -9.319999199962436e-04 -1.007741224770049e+00
57 58 -1.000271859736428e+00 -1.884107578331511e-03 -9.312693157731077e-04 -1.007739532671812e+00
57 59 -1.000272074115512e+00 -1.884899155106857e-03 -9.304402632239949e-04 -1.007737440794914e+00
57 60 -1.000272334403964e+00 -1.885789860938112e-03 -9.295285285980060e-04 -1.007734975505006e+00
57 61 -1.000272637095985e+00 -1.886768647629994e-03 -9.285513368262877e-04 -1.007732166890325e+00
57 62 -1.000272978435018e+00 -1.887823627880916e-03 -9.275266991685602e-04 -1.007729048147272e+00
57 63 -1.000273354493921e+00 -1.888942326427961e-03 -9.264727722332340e-04 -1.007725654924420e+00
58 0 -1.000273686981193e+00 -1.889294747015930e-03 -9.297800649817508e-04 -1.007723111551446e+00
58 1 -1.000274114289661e+00 -1.890492281087764e-03 -9.287170539302743e-04 -1.007719324049668e+00
58 2 -1.000274563433694e+00 -1.891712607962844e-03 -9.276770820953493e-04 -1.007715383971876e+00
58 3 -1.000275030426567e+00 -1.892942905377127e-03 -9.266749293055963e-04 -1.007711331001140e+00
58 4 -1.000275511327059e+00 -1.894170603716187e-03 -9.257239089143467e-04 -1.007707204912836e+00
58 5 -1.000276002245863e+00 -1.895383504942199e-03 -9.248356516099925e-04 -1.007703045263613e+00
58 6 -1.000276499348100e+00 -1.896569905401140e-03 -9.240198765958532e-04 -1.007698891068057e+00
58 7 -1.000276998854553e+00 -1.897718716685797e-03 -9.232841922635781e-04 -1.007694780460619e+00
58 8 -1.000277497041920e+00 -1.898819571898597e-03 -9.226339832605771e-04 -1.007690750363376e+00
58 9 -1.000277990240569e+00 -1.899862904202924e-03 -9.220724278383437e-04 -1.007686836193193e+00
58 10 -1.000278474828899e+00 -1.900839993462357e-03 -9.216006517743430e-04 -1.007683071628881e+00
58 11 -1.000278947226105e+00 -1.901742989592925e-03 -9.212179813836639e-04 -1.007679488429174e+00
58 12 -1.000279403886891e+00 -1.902564927735524e-03 -9.209222319019335e-04 -1.007676116274101e+00
58 13 -1.000279841300939e+00 -1.903299746287666e-03 -9.207099709042565e-04 -1.007672982610244e+00
58 14 -1.000280255997950e+00 -1.903942308971563e-03 -9.205767238571617e-04 -1.007670112501805e+00
58 15 -1.000280644557384e+00 -1.904488422765717e-03 -9.205171258966372e-04 -1.007667528507403e+00
58 16 -1.000281003620938e+00 -1.904934837611963e-03 -9.205250564400990e-04 -1.007665250611626e+00
58 17 -1.000281329905609e+00 -1.905279213700615e-03 -9.205938091525807e-04 -1.007663296237472e+00
58 18 -1.000281620217110e+00 -1.905520050777503e-03 -9.207163401726541e-04 -1.007661680342517e+00
58 19 -1.000281871467495e+00 -1.905656589459059e-03 -9.208856036298282e-04 -1.007660415561606e+00
58 20 -1.000282080704042e+00 -1.905688708107613e-03 -9.210949406732495e-04 -1.007659512326968e+00
58 21 -1.000282245155739e+00 -1.905616841864429e-03 -9.213384575115683e-04 -1.007658978897948e+00
58 22 -1.000282362298972e+00 -1.905441942360574e-03 -9.216113226575540e-04 -1.007658821265990e+00
58 23 -1.000282429938100e+00 -1.905165482705069e-03 -9.219099341666340e-04 -1.007659042945537e+00
58 24 -1.000282446291614e+00 -1.904789497539705e-03 -9.222319456457987e-04 -1.007659644700904e+00
58 25 -1.000282410072083e+00 -1.904316636352901e-03 -9.225761814479519e-04 -1.007660624282637e+00
58 26 -1.000282320549375e+00 -1.903750205254613e-03 -9.229424996583961e-04 -1.007661976243084e+00
58 27 -1.000282177592263e+00 -1.903094181207764e-03 -9.233316619110793e-04 -1.007663691864747e+00
58 28 -1.000281981690923e+00 -1.902353198713772e-03 -9.237452400790077e-04 -1.007665759184536e+00
58 29 -1.000281733967338e+00 -1.901532522391136e-03 -9.241855459494092e-04 -1.007668163063910e+00
58 30 -1.000281436180097e+00 -1.900638023534744e-03 -9.246555336480172e-04 -1.007670885255114e+00
58 31 -1.000281090726090e+00 -1.899676175097071e-03 -9.251586138384279e-04 -1.007673904436998e+00
58 32 -1.000280700637129e+00 -1.898654070358813e-03 -9.256983393641352e-04 -1.007677196224117e+00
58 33 -1.000280269566312e+00 -1.897579458349216e-03 -9.262779661862946e-04 -1.007680733180521e+00
58 34 -1.000279801758157e+00 -1.896460778552548e-03 -9.268999426312154e-04 -1.007684484885261e+00
58 35 -1.000279301999309e+00 -1.895307174921570e-03 -9.275654120708229e-04 -1.007688418087350e+00
58 36 -1.000278775552052e+00 -1.894128476262615e-03 -9.282738143946556e-04 -1.007692496956088e+00
58 37 -1.000278228077319e+00 -1.892935140904614e-03 -9.290226403128804e-04 -1.007696683402095e+00
58 38 -1.000277665554186e+00 -1.891738171629178e-03 -9.298073445485498e-04 -1.007700937436283e+00
58 39 -1.000277094199761e+00 -1.890549010802822e-03 -9.306213808335143e-04 -1.007705217544326e+00
58 40 -1.000276520390068e+00 -1.889379426828727e-03 -9.314563014762409e-04 -1.007709481066358e+00
58 41 -1.000275950580706e+00 -1.888241400577902e-03 -9.323018740517933e-04 -1.007713684580898e+00
58 42 -1.000275391225294e+00 -1.887147013493467e-03 -9.331462000763145e-04 -1.007717784303247e+00
58 43 -1.000274848689871e+00 -1.886108331047632e-03 -9.339758578076276e-04 -1.007721736517876e+00
58 44 -1.000274329163058e+00 -1.885137271273232e-03 -9.347761155820783e-04 -1.007725498062045e+00
58 45 -1.000273838564022e+00 -1.884245448891022e-03 -9.355312632189981e-04 -1.007729026867453e+00
58 46 -1.000273382450918e+00 -1.883443988350829e-03 -9.362250865466285e-04 -1.007732282561918e+00
58 47 -1.000272965931267e+00 -1.882743303683624e-03 -9.368414714768645e-04 -1.007735227134318e+00
58 48 -1.000272593574954e+00 -1.882152851720003e-03 -9.373650831753785e-04 -1.007737825657308e+00
58 49 -1.000272269332156e+00 -1.881680876497493e-03 -9.377820396494133e-04 -1.007740047036755e+00
58 50 -1.000271996461319e+00 -1.881334170208847e-03 -9.380804992426030e-04 -1.007741864729671e+00
58 51 -1.000271777473884e+00 -1.881117875469069e-03 -9.382511072569277e-04 -1.007743257361584e+00
58 52 -1.000271614102019e+00 -1.881035346561387e-03 -9.382872862240557e-04 -1.007744209181845e+00
58 53 -1.000271507293443e+00 -1.881088076928630e-03 -9.381853920648956e-04 -1.007744710316783e+00
58 54 -1.000271457233530e+00 -1.881275688077148e-03 -9.379447815874259e-04 -1.007744756815729e+00
58 55 -1.000271463389870e+00 -1.881595964466485e-03 -9.375678361571197e-04 -1.007744350527159e+00
58 56 -1.000271524570810e+00 -1.882044916353694e-03 -9.370599602569057e-04 -1.007743498868240e+00
58 57 -1.000271638989889e+00 -1.882616860918338e-03 -9.364295341446615e-04 -1.007742214541238e+00
58 58 -1.000271804331807e+00 -1.883304524894233e-03 -9.356877700886146e-04 -1.007740515214974e+00
58 59 -1.000272017819507e+00 -1.884099179178068e-03 -9.348484210589146e-04 -1.007738423158309e+00
58 60 -1.000272276283795e+00 -1.884990813586926e-03 -9.339273213150873e-04 -1.007735964802837e+00
58 61 -1.000272576236820e+00 -1.885968351387841e-03 -9.329417857119864e-04 -1.007733170220204e+00
58 62 -1.000272913949058e+00 -1.887019892353101e-03 -9.319099385046193e-04 -1.007730072520226e+00
58 63 -1.000273285526440e+00 -1.888132962824891e-03 -9.308500646280640e-04 -1.007726707206485e+00
59 0 -1.000273684715060e+00 -1.888515663623033e-03 -9.341054822366723e-04 -1.007724033535415e+00
59 1 -1.000274106600369e+00 -1.889704882115968e-03 -9.330385198824194e-04 -1.007720282290292e+00
59 2 -1.000274549517184e+00 -1.890914638224009e-03 -9.319964465795756e-04 -1.007716385183842e+00
59 3 -1.000275009536518e+00 -1.892132184739685e-03 -9.309941176993370e-04 -1.007712381515766e+00
59 4 -1.000275482787048e+00 -1.893345055149773e-03 -9.300449000372164e-04 -1.007708310590239e+00
59 5 -1.000275965461252e+00 -1.894541181905882e-03 -9.291604629863290e-04 -1.007704211407151e+00
59 6 -1.000276453815583e+00 -1.895709017037262e-03 -9.283505554478734e-04 -1.007700122348839e+00
59 7 -1.000276944167868e+00 -1.896837650068988e-03 -9.276228064759650e-04 -1.007696080857905e+00
59 8 -1.000277432893881e+00 -1.897916912282064e-03 -9.269826048056527e-04 -1.007692123119723e+00
59 9 -1.000277916422990e+00 -1.898937454855141e-03 -9.264331034672231e-04 -1.007688283778128e+00
59 10 -1.000278391232142e+00 -1.899890795221483e-03 -9.259753613988436e-04 -1.007684595707433e+00
59 11 -1.000278853839123e+00 -1.900769338375011e-03 -9.256085900901975e-04 -1.007681089837288e+00
59 12 -1.000279300797825e+00 -1.901566387946785e-03 -9.253304439213050e-04 -1.007677795004524e+00
59 13 -1.000279728697848e+00 -1.902276159011464e-03 -9.251372927466681e-04 -1.007674737810471e+00
59 14 -1.000280134168684e+00 -1.902893794442309e-03 -9.250244404268023e-04 -1.007671942485063e+00
59 15 -1.000280513887332e+00 -1.903415377137370e-03 -9.249862887274413e-04 -1.007669430777995e+00
59 16 -1.000280864588039e+00 -1.903837925320264e-03 -9.250164785060038e-04 -1.007667221903001e+00
59 17 -1.000281183073274e+00 -1.904159357958270e-03 -9.251080584312409e-04 -1.007665332556922e+00
59 18 -1.000281466226354e+00 -1.904378424007333e-03 -9.252537262540123e-04 -1.007663777017390e+00
59 19 -1.000281711029061e+00 -1.904494602945387e-03 -9.254461572071764e-04 -1.007662567288870e+00
59 20 -1.000281914590503e+00 -1.904507998285383e-03 -9.256783913756185e-04 -1.007661713233085e+00
59 21 -1.000282074193217e+00 -1.904419250880114e-03 -9.259442184783546e-04 -1.007661222614355e+00
59 22 -1.000282187358071e+00 -1.904229491809064e-03 -9.262384898311007e-04 -1.007661101020860e+00
59 23 -1.000282251923504e+00 -1.903940340713898e-03 -9.265573047764225e-04 -1.007661351669359e+00
59 24 -1.000282266130097e+00 -1.903553941074370e-03 -9.268980544379939e-04 -1.007661975139979e+00
59 25 -1.000282228699551e+00 -1.903073012762037e-03 -9.272593469482910e-04 -1.007662969109632e+00
59 26 -1.000282138898383e+00 -1.902500897838444e-03 -9.276408695677093e-04 -1.007664328152172e+00
59 27 -1.000281996581226e+00 -1.901841581599132e-03 -9.280432487952932e-04 -1.007666043645348e+00
59 28 -1.000281802215342e+00 -1.901099685525510e-03 -9.284679446189613e-04 -1.007668103777573e+00
59 29 -1.000281556892733e+00 -1.900280443465415e-03 -9.289171717085360e-04 -1.007670493609446e+00
59 30 -1.000281262336222e+00 -1.899389678891689e-03 -9.293938015957846e-04 -1.007673195138470e+00
59 31 -1.000280920901960e+00 -1.898433798350651e-03 -9.299011852663872e-04 -1.007676187337057e+00
59 32 -1.000280535576264e+00 -1.897419807644298e-03 -9.304428520989317e-04 -1.007679446164297e+00
59 33 -1.000280109961901e+00 -1.896355345974270e-03 -9.310220823775181e-04 -1.007682944578375e+00
59 34 -1.000279648248445e+00 -1.895248722620520e-03 -9.316413999739396e-04 -1.007686652592485e+00
59 35 -1.000279155163744e+00 -1.894108936222551e-03 -9.323020676244474e-04 -1.007690537413471e+00
59 36 -1.000278635908399e+00 -1.892945661705555e-03 -9.330036725517123e-04 -1.007694563675974e+00
59 37 -1.000278096079707e+00 -1.891769200613100e-03 -9.337438624035692e-04 -1.007698693752965e+00
59 38 -1.000277541592198e+00 -1.890590399776191e-03 -9.345182441383886e-04 -1.007702888110239e+00
59 39 -1.000276978598628e+00 -1.889420547699635e-03 -9.353204133851406e-04 -1.007707105681408e+00
59 40 -1.000276413411444e+00 -1.888271259325139e-03 -9.361420579251599e-04 -1.007711304253800e+00
59 41 -1.000275852422994e+00 -1.887154358488046e-03 -9.369730845034927e-04 -1.007715440863471e+00
59 42 -1.000275302022680e+00 -1.886081761918386e-03 -9.378017478219018e-04 -1.007719472204764e+00
59 43 -1.000274768509813e+00 -1.885065360462299e-03 -9.386147982637703e-04 -1.007723355069429e+00
59 44 -1.000274258002277e+00 -1.884116887524686e-03 -9.393976921341720e-04 -1.007727046833107e+00
59 45 -1.000273776343311e+00 -1.883247764592348e-03 -9.401349128375662e-04 -1.007730505998243e+00
59 46 -1.000273329009823e+00 -1.882468917087687e-03 -9.408104315805591e-04 -1.007733692793702e+00
59 47 -1.000272921024440e+00 -1.881790558595558e-03 -9.414082989560568e-04 -1.007736569830572e+00
59 48 -1.000272556871678e+00 -1.881221948945260e-03 -9.419133176549884e-04 -1.007739102809776e+00
59 49 -1.000272240419169e+00 -1.880771142009274e-03 -9.423117180469181e-04 -1.007741261256884e+00
59 50 -1.000271974847796e+00 -1.880444747619079e-03 -9.425917549642014e-04 -1.007743019230682e+00
59 51 -1.000271762597052e+00 -1.880247733054084e-03 -9.427441668175740e-04 -1.007744355936332e+00
59 52 -1.000271605332075e+00 -1.880183282827135e-03 -9.427624765225604e-04 -1.007745256180164e+00
59 53 -1.000271503936905e+00 -1.880252724735964e-03 -9.426431523778451e-04 -1.007745710625315e+00
59 54 -1.000271458535168e+00 -1.880455518337945e-03 -9.423856725811748e-04 -1.007745715840087e+00
59 55 -1.000271468534716e+00 -1.880789291742994e-03 -9.419925398168825e-04 -1.007745274169811e+00
59 56 -1.000271532688539e+00 -1.881249908910276e-03 -9.414692694389382e-04 -1.007744393491730e+00
59 57 -1.000271649163141e+00 -1.881831556136809e-03 -9.408243361922533e-04 -1.007743086910326e+00
59 58 -1.000271815608452e+00 -1.882526848854171e-03 -9.400690323644703e-04 -1.007741372419082e+00
59 59 -1.000272029227480e+00 -1.883326968240761e-03 -9.392171856533354e-04 -1.007739272520928e+00
59 60 -1.000272286846443e+00 -1.884221835882942e-03 -9.382847123350804e-04 -1.007736813786585e+00
59 61 -1.000272584986553e+00 -1.885200326468374e-03 -9.372890272127423e-04 -1.007734026336995e+00
59 62 -1.000272919937728e+00 -1.886250508286902e-03 -9.362483760746298e-04 -1.007730943253859e+00
59 63 -1.000273287832448e+00 -1.887359892024470e-03 -9.351811810455404e-04 -1.007727599947434e+00
60 0 -1.000273754802554e+00 -1.887782330506502e-03 -9.383453632915139e-04 -1.007724778284362e+00
60 1 -1.000274171989583e+00 -1.888964985898072e-03 -9.372734576214377e-04 -1.007721058050032e+00
60 2 -1.000274609329115e+00 -1.890165764813501e-03 -9.362285268432493e-04 -1.007717199241080e+00
60 3 -1.000275062943378e+00 -1.891371981358470e-03 -9.352255071060645e-04 -1.007713240813079e+00
60 4 -1.000275529024888e+00 -1.892571260341636e-03 -9.342778187523438e-04 -1.007709221632632e+00
60 5 -1.000276003842714e+00 -1.893751654994780e-03 -9.333971646587863e-04 -1.007705180170362e+00
60 6 -1.000276483740627e+00 -1.894901765302727e-03 -9.325933141394366e-04 -1.007701154197528e+00
60 7 -1.000276965130979e+00 -1.896010853084547e-03 -9.318739056911130e-04 -1.007697180478571e+00
60 8 -1.000277444487612e+00 -1.897068944083998e-03 -9.312443214130050e-04 -1.007693294468098e+00
60 9 -1.000277918338856e+00 -1.898066904829371e-03 -9.307076808333791e-04 -1.007689530037895e+00
60 10 -1.000278383260366e+00 -1.898996487863772e-03 -9.302649706284856e-04 -1.007685919257402e+00
60 11 -1.000278835868580e+00 -1.899850351215284e-03 -9.299152834340592e-04 -1.007682492225755e+00
60 12 -1.000279272816878e+00 -1.900622066356369e-03 -9.296561078391951e-04 -1.007679276931341e+00
60 13 -1.000279690795738e+00 -1.901306126336407e-03 -9.294836085151385e-04 -1.007676299119351e+00
60 14 -1.000280086536300e+00 -1.901897956252739e-03 -9.293928573550555e-04 -1.007673582169458e+00
60 15 -1.000280456816082e+00 -1.902393919676742e-03 -9.293780100257385e-04 -1.007671147001488e+00
60 16 -1.000280798466290e+00 -1.902791309796395e-03 -9.294324549426436e-04 -1.007669012030996e+00
60 17 -1.000281108380718e+00 -1.903088312821650e-03 -9.295489825708846e-04 -1.007667193194637e+00
60 18 -1.000281383527076e+00 -1.903283936432463e-03 -9.297200213072778e-04 -1.007665704051489e+00
60 19 -1.000281620964088e+00 -1.903377909286192e-03 -9.299379585740563e-04 -1.007664555933743e+00
60 20 -1.000281817870342e+00 -1.903370572183094e-03 -9.301955241649616e-04 -1.007663758084918e+00
60 21 -1.000281971590399e+00 -1.903262787046581e-03 -9.304861786501548e-04 -1.007663317716915e+00
60 22 -1.000282079699142e+00 -1.903055883469612e-03 -9.308044379989032e-04 -1.007663239946617e+00
60 23 -1.000282140079658e+00 -1.902751649961118e-03 -9.311460788015024e-04 -1.007663527616411e+00
60 24 -1.000282151006208e+00 -1.902352363905220e-03 -9.315082007177935e-04 -1.007664181038711e+00
60 25 -1.000282111222222e+00 -1.901860842762373e-03 -9.318891638881647e-04 -1.007665197727614e+00
60 26 -1.000282020004101e+00 -1.901280492705403e-03 -9.322884532580770e-04 -1.007666572186464e+00
60 27 -1.000281877205518e+00 -1.900615335055882e-03 -9.327065316542374e-04 -1.007668295797465e+00
60 28 -1.000281683283423e+00 -1.899870005020434e-03 -9.331447221655815e-04 -1.007670356812739e+00
60 29 -1.000281439311808e+00 -1.899049732200457e-03 -9.336051190973265e-04 -1.007672740405416e+00
60 30 -1.000281146989232e+00 -1.898160319371446e-03 -9.340904874229396e-04 -1.007675428730852e+00
60 31 -1.000280808642112e+00 -1.897208134359858e-03 -9.346040922890891e-04 -1.007678400967661e+00
60 32 -1.000280427221643e+00 -1.896200123057544e-03 -9.351494113049877e-04 -1.007681633334921e+00
60 33 -1.000280006289902e+00 -1.895143841451929e-03 -9.357297200325403e-04 -1.007685099105791e+00
60 34 -1.000279549990290e+00 -1.894047493149796e-03 -9.363475907220327e-04 -1.007688768656545e+00
60 35 -1.000279062999393e+00 -1.892919952472346e-03 -9.370043834858128e-04 -1.007692609592281e+00
60 36 -1.000278550462061e+00 -1.891770756909626e-03 -9.376998186050151e-04 -1.007696586967190e+00
60 37 -1.000278017916117e+00 -1.890610063237870e-03 -9.384316944563321e-04 -1.007700663583937e+00
60 38 -1.000277471213969e+00 -1.889448570762776e-03 -9.391957702676903e-04 -1.007704800341437e+00
60 39 -1.000276916444744e+00 -1.888297419639788e-03 -9.399857871692988e-04 -1.007708956609078e+00
60 40 -1.000276359856472e+00 -1.887168074368506e-03 -9.407935733897662e-04 -1.007713090618291e+00
60 41 -1.000275807776239e+00 -1.886072202785821e-03 -9.416091801123492e-04 -1.007717159867285e+00
60 42 -1.000275266526533e+00 -1.885021556288392e-03 -9.424210211333751e-04 -1.007721121540281e+00
60 43 -1.000274742336731e+00 -1.884027848359534e-03 -9.432160272892104e-04 -1.007724932954029e+00
60 44 -1.000274241250116e+00 -1.883102621993905e-03 -9.439798560366867e-04 -1.007728552049261e+00
60 45 -1.000273769029341e+00 -1.882257096269885e-03 -9.446972040972353e-04 -1.007731937935306e+00
60 46 -1.000273331064647e+00 -1.881501985543930e-03 -9.453522543190337e-04 -1.007735051485734e+00
60 47 -1.000272932287499e+00 -1.880847288661924e-03 -9.459292531799504e-04 -1.007737855983577e+00
60 48 -1.000272577089703e+00 -1.880302052106345e-03 -9.464131746394565e-04 -1.007740317814319e+00
60 49 -1.000272269247952e+00 -1.879874121493096e-03 -9.467903952160431e-04 -1.007742407186085e+00
60 50 -1.000272011856621e+00 -1.879569905263019e-03 -9.470492981301627e-04 -1.007744098826477e+00
60 51 -1.000271807274359e+00 -1.879394176115867e-03 -9.471807442181579e-04 -1.007745372588699e+00
60 52 -1.000271657090707e+00 -1.879349929327691e-03 -9.471783842558089e-04 -1.007746213905137e+00
60 53 -1.000271562117744e+00 -1.879438306963789e-03 -9.470388261089289e-04 -1.007746614046102e+00
60 54 -1.000271522409218e+00 -1.879658585814397e-03 -9.467616976437294e-04 -1.007746570170337e+00
60 55 -1.000271537305067e+00 -1.880008216194741e-03 -9.463496527637087e-04 -1.007746085192037e+00
60 56 -1.000271605494274e+00 -1.880482893581192e-03 -9.458083486220246e-04 -1.007745167521893e+00
60 57 -1.000271725086799e+00 -1.881076650376427e-03 -9.451463846271443e-04 -1.007743830742536e+00
60 58 -1.000271893687516e+00 -1.881781967399061e-03 -9.443751599997291e-04 -1.007742093249610e+00
60 59 -1.000272108468993e+00 -1.882589913459881e-03 -9.435085987448190e-04 -1.007739977856078e+00
60 60 -1.000272366242763e+00 -1.883490320523838e-03 -9.425627149371902e-04 -1.007737511343613e+00
60 61 -1.000272663529798e+00 -1.884471994593787e-03 -9.415550345921288e-04 -1.007734723949161e+00
60 62 -1.000272996631181e+00 -1.885522953629260e-03 -9.405039339087963e-04 -1.007731648787112e+00
60 63 -1.000273361698750e+00 -1.886630675160123e-03 -9.394279806511552e-04 -1.007728321228473e+00
61 0 -1.000273896770188e+00 -1.887102050866125e-03 -9.424620166938878e-04 -1.007725335204907e+00
61 1 -1.000274310052795e+00 -1.888280011838111e-03 -9.413840927003019e-04 -1.007721640271189e+00
61 2 -1.000274742543520e+00 -1.889473549310359e-03 -9.403354500358028e-04 -1.007717814540497e+00
61 3 -1.000275190408457e+00 -1.890670023703608e-03 -9.393311117159072e-04 -1.007713896668903e+00
61 4 -1.000275649896825e+00 -1.891857137569125e-03 -9.383845530506954e-04 -1.007709925126146e+00
61 5 -1.000276117347728e+00 -1.893023052931753e-03 -9.375075065055124e-04 -1.007705937889837e+00
61 6 -1.000276589186821e+00 -1.894156507729788e-03 -9.367097531943702e-04 -1.007701972150320e+00
61 7 -1.000277061917162e+00 -1.895246928315072e-03 -9.359989296870231e-04 -1.007698064016129e+00
61 8 -1.000277532108431e+00 -1.896284528875633e-03 -9.353804001442299e-04 -1.007694248226091e+00
61 9 -1.000277996386696e+00 -1.897260386053294e-03 -9.348572416460182e-04 -1.007690557890696e+00
61 10 -1.000278451425494e+00 -1.898166482597912e-03 -9.344303625306862e-04 -1.007687024283221e+00
61 11 -1.000278893939274e+00 -1.898995725353378e-03 -9.340987322120630e-04 -1.007683676678568e+00
61 12 -1.000279320680525e+00 -1.899741950592126e-03 -9.338596690812089e-04 -1.007680542219358e+00
61 13 -1.000279728440650e+00 -1.900399927672436e-03 -9.337091266814012e-04 -1.007677645793339e+00
61 14 -1.000280114053204e+00 -1.900965363864909e-03 -9.336419364843691e-04 -1.007675009924001e+00
61 15 -1.000280474398211e+00 -1.901434905436382e-03 -9.336519970261072e-04 -1.007672654688976e+00
61 16 -1.000280806407392e+00 -1.901806124755439e-03 -9.337324319561456e-04 -1.007670597685755e+00
61 17 -1.000281107070835e+00 -1.902077481103310e-03 -9.338757621397835e-04 -1.007668854064565e+00
61 18 -1.000281373446576e+00 -1.902248247690601e-03 -9.340741378283321e-04 -1.007667436635245e+00
61 19 -1.000281602676870e+00 -1.902318410319504e-03 -9.343196523098619e-04 -1.007666356022211e+00
61 20 -1.000281792017048e+00 -1.902288557096245e-03 -9.346047193395185e-04 -1.007665620807980e+00
61 21 -1.000281938881748e+00 -1.902159783920456e-03 -9.349224625285865e-04 -1.007665237599970e+00
61 22 -1.000282040908758e+00 -1.901933635137283e-03 -9.352670502032513e-04 -1.007665210982077e+00
61 23 -1.000282096035724e+00 -1.901612087939992e-03 -9.356339179169933e-04 -1.007665543350999e+00
61 24 -1.000282102581721e+00 -1.901197576936961e-03 -9.360198497114615e-04 -1.007666234670746e+00
61 25 -1.000282059324241e+00 -1.900693043172180e-03 -9.364229297363744e-04 -1.007667282204574e+00
61 26 -1.000281965562612e+00 -1.900101984155908e-03 -9.368424119123504e-04 -1.007668680293970e+00
61 27 -1.000281821162685e+00 -1.899428484479651e-03 -9.372785686029381e-04 -1.007670420234471e+00
61 28 -1.000281626583915e+00 -1.898677219943529e-03 -9.377325620090581e-04 -1.007672490252125e+00
61 29 -1.000281382894591e+00 -1.897853442616924e-03 -9.382063438868893e-04 -1.007674875543680e+00
61 30 -1.000281091780691e+00 -1.896962961529263e-03 -9.387025501535011e-04 -1.007677558333896e+00
61 31 -1.000280755549958e+00 -1.896012133318188e-03 -9.392243352257790e-04 -1.007680517919626e+00
61 32 -1.000280377128990e+00 -1.895007872071785e-03 -9.397750968494880e-04 -1.007683730693050e+00
61 33 -1.000279960049163e+00 -1.893957678415974e-03 -9.403580757945199e-04 -1.007687170158868e+00
61 34 -1.000279508416857e+00 -1.892869676271061e-03 -9.409758635937422e-04 -1.007690806980752e+00
61 35 -1.000279026865353e+00 -1.891752638225516e-03 -9.416298929771374e-04 -1.007694609098029e+00
61 36 -1.000278520490248e+00 -1.890615982840355e-03 -9.423199992713520e-04 -1.007698541933278e+00
61 37 -1.000277994774867e+00 -1.889469736601196e-03 -9.430441210801170e-04 -1.007702568679704e+00
61 38 -1.000277455512805e+00 -1.888324462001976e-03 -9.437981659757143e-04 -1.007706650641439e+00
61 39 -1.000276908731124e+00 -1.887191158270031e-03 -9.445760209684475e-04 -1.007710747606342e+00
61 40 -1.000276360613451e+00 -1.886081144459202e-03 -9.453696567375824e-04 -1.007714818241440e+00
61 41 -1.000275817420526e+00 -1.885005935810131e-03 -9.461692708238565e-04 -1.007718820505072e+00
61 42 -1.000275285406101e+00 -1.883977120246362e-03 -9.469634381539561e-04 -1.007722712075345e+00
61 43 -1.000274770727161e+00 -1.883006233519821e-03 -9.477392740055462e-04 -1.007726450805561e+00
61 44 -1.000274279349317e+00 -1.882104625015297e-03 -9.484826452679095e-04 -1.007729995221621e+00
61 45 -1.000273816951046e+00 -1.881283305302585e-03 -9.491784763669731e-04 -1.007733305067541e+00
61 46 -1.000273388831718e+00 -1.880552768780615e-03 -9.498111830041026e-04 -1.007736341896289e+00
61 47 -1.000272999826514e+00 -1.879922787897816e-03 -9.503652348546925e-04 -1.007739069704860e+00
61 48 -1.000272654228262e+00 -1.879402181669401e-03 -9.508258083881675e-04 -1.007741455612811e+00
61 49 -1.000272355715492e+00 -1.878998571704249e-03 -9.511794585586584e-04 -1.007743470565987e+00
61 50 -1.000272107288348e+00 -1.878718148538501e-03 -9.514147279672761e-04 -1.007745090019077e+00
61 51 -1.000271911216815e+00 -1.878565473344114e-03 -9.515226286442726e-04 -1.007746294533544e+00
61 52 -1.000271769007132e+00 -1.878543334710461e-03 -9.514969662357179e-04 -1.007747070229868e+00
61 53 -1.000271681392015e+00 -1.878652670984206e-03 -9.513345147609038e-04 -1.007747409048740e+00
61 54 -1.000271648348231e+00 -1.878892557613062e-03 -9.510350794674843e-04 -1.007747308802942e+00
61 55 -1.000271669140650e+00 -1.879260247635427e-03 -9.506014952586570e-04 -1.007746773040301e+00
61 56 -1.000271742386447e+00 -1.879751247356169e-03 -9.500395924611362e-04 -1.007745810772665e+00
61 57 -1.000271866130273e+00 -1.880359413624088e-03 -9.493581261597535e-04 -1.007744436131809e+00
61 58 -1.000272037922330e+00 -1.881077070685034e-03 -9.485686306636088e-04 -1.007742667988163e+00
61 59 -1.000272254894667e+00 -1.881895153260796e-03 -9.476851497036234e-04 -1.007740529537149e+00
61 60 -1.000272513833958e+00 -1.882803382508387e-03 -9.467238130913603e-04 -1.007738047842415e+00
61 61 -1.000272811251187e+00 -1.883790475515347e-03 -9.457022709192697e-04 -1.007735253324685e+00
61 62 -1.000273143449787e+00 -1.884844381113606e-03 -9.446390391203721e-04 -1.007732179193024e+00
61 63 -1.000273506593229e+00 -1.885952526246943e-03 -9.435528391798702e-04 -1.007728860834588e+00
62 0 -1.000274109321114e+00 -1.886481699176439e-03 -9.464184999866095e-04 -1.007725695647663e+00
62 1 -1.000274519552659e+00 -1.887656928476124e-03 -9.453334094017612e-04 -1.007722019910793e+00
62 2 -1.000274947992771e+00 -1.888845081742934e-03 -9.442801079876616e-04 -1.007718221559329e+00
62 3 -1.000275390843311e+00 -1.890033549505475e-03 -9.432737126417631e-04 -1.007714338999479e+00
62 4 -1.000275844401985e+00 -1.891210096623116e-03 -9.423277565629882e-04 -1.007710410352157e+00
62 5 -1.000276305070177e+00 -1.892362979952142e-03 -9.414539993820570e-04 -1.007706473146071e+00
62 6 -1.000276769348834e+00 -1.893481063498572e-03 -9.406622264583801e-04 -1.007702564028172e+00
62 7 -1.000277233826677e+00 -1.894553928195580e-03 -9.399600616745323e-04 -1.007698718481595e+00
62 8 -1.000277695165610e+00 -1.895571968003666e-03 -9.393528400472455e-04 -1.007694970554422e+00
62 9 -1.000278150086962e+00 -1.896526461885884e-03 -9.388435867488719e-04 -1.007691352616542e+00
62 10 -1.000278595360481e+00 -1.897409615855348e-03 -9.384331249610970e-04 -1.007687895161644e+00
62 11 -1.000279027797383e+00 -1.898214579337318e-03 -9.381202963984081e-04 -1.007684626653752e+00
62 12 -1.000279444248116e+00 -1.898935447702035e-03 -9.379022458342491e-04 -1.007681573401172e+00
62 13 -1.000279841604043e+00 -1.899567261883570e-03 -9.377747113350995e-04 -1.007678759443043e+00
62 14 -1.000280216800928e+00 -1.900106008551328e-03 -9.377322769645406e-04 -1.007676206449780e+00
62 15 -1.000280566822432e+00 -1.900548616360653e-03 -9.377685744000954e-04 -1.007673933651976e+00
62 16 -1.000280888703385e+00 -1.900892938524105e-03 -9.378764517859587e-04 -1.007671957817162e+00
62 17 -1.000281179534048e+00 -1.901137710335917e-03 -9.380481508871431e-04 -1.007670293291977e+00
62 18 -1.000281436467783e+00 -1.901282474766175e-03 -9.382755368759518e-04 -1.007668952114232e+00
62 19 -1.000281656736412e+00 -1.901327480722117e-03 -9.385504045987857e-04 -1.007667944170559e+00
62 20 -1.000281837678834e+00 -1.901273571540619e-03 -9.388648491066651e-04 -1.007667277344816e+00
62 21 -1.000281976787150e+00 -1.901122087249664e-03 -9.392116539365642e-04 -1.007666957594778e+00
62 22 -1.000282071770159e+00 -1.900874800186283e-03 -9.395846332161542e-04 -1.007666988917075e+00
62 23 -1.000282120629328e+00 -1.900533893537616e-03 -9.399788689407871e-04 -1.007667373196861e+00
62 24 -1.000282121739223e+00 -1.900101980478872e-03 -9.403908106502528e-04 -1.007668109972544e+00
62 25 -1.000282073923229e+00 -1.899582149800933e-03 -9.408182431842558e-04 -1.007669196171744e+00
62 26 -1.000281976516157e+00 -1.898978015984068e-03 -9.412601645087213e-04 -1.007670625885719e+00
62 27 -1.000281829408953e+00 -1.898293753225426e-03 -9.417166322573725e-04 -1.007672390233297e+00
62 28 -1.000281633076505e+00 -1.897534104515754e-03 -9.421886253188276e-04 -1.007674477323737e+00
62 29 -1.000281388593899e+00 -1.896704370905720e-03 -9.426779321851828e-04 -1.007676872287392e+00
62 30 -1.000281097646323e+00 -1.895810394246678e-03 -9.431870390689771e-04 -1.007679557329692e+00
62 31 -1.000280762533978e+00 -1.894858547268354e-03 -9.437189665941307e-04 -1.007682511777262e+00
62 32 -1.000280386169508e+00 -1.893855740506421e-03 -9.442770056301465e-04 -1.007685712106948e+00
62 33 -1.000279972063697e+00 -1.892809447552398e-03 -9.448643320284799e-04 -1.007689131969352e+00
62 34 -1.000279524295219e+00 -1.891727739496231e-03 -9.454835262206883e-04 -1.007692742237046e+00
62 35 -1.000279047462352e+00 -1.890619311355263e-03 -9.461360662553883e-04 -1.007696511115080e+00
62 36 -1.000278546618594e+00 -1.889493483498808e-03 -9.468218809258962e-04 -1.007700404336967e+00
62 37 -1.000278027198503e+00 -1.888360168876882e-03 -9.475390346068206e-04 -1.007704385441005e+00
62 38 -1.000277494940890e+00 -1.887229805799789e-03 -9.482835756059722e-04 -1.007708416103586e+00
62 39 -1.000276955813061e+00 -1.886113261826538e-03 -9.490495339579478e-04 -1.007712456508868e+00
62 40 -1.000276415935159e+00 -1.885021717703795e-03 -9.498290217624164e-04 -1.007716465744866e+00
62 41 -1.000275881501435e+00 -1.883966541749886e-03 -9.506123817117446e-04 -1.007720402221404e+00
62 42 -1.000275358695886e+00 -1.882959162388150e-03 -9.513883484224906e-04 -1.007724224108598e+00
62 43 -1.000274853601378e+00 -1.882010939508142e-03 -9.521442214326542e-04 -1.007727889801940e+00
62 44 -1.000274372103715e+00 -1.881133028524886e-03 -9.528660802803954e-04 -1.007731358424900e+00
62 45 -1.000273919794736e+00 -1.880336228662382e-03 -9.535390858510683e-04 -1.007734590374905e+00
62 46 -1.000273501879874e+00 -1.879630808499749e-03 -9.541479024628911e-04 -1.007737547910555e+00
62 47 -1.000273123094013e+00 -1.879026305043310e-03 -9.546772456568287e-04 -1.007740195777444e+00
62 48 -1.000272787625991e+00 -1.878531298352118e-03 -9.551125220002774e-04 -1.007742501870661e+00
62 49 -1.000272499050373e+00 -1.878153173133739e-03 -9.554404944597237e-04 -1.007744437919518e+00
62 50 -1.000272260266681e+00 -1.877897888231134e-03 -9.556498941254210e-04 -1.007745980154755e+00
62 51 -1.000272073449486e+00 -1.877769778698034e-03 -9.557319116362510e-04 -1.007747109898237e+00
62 52 -1.000271940014995e+00 -1.877771411276499e-03 -9.556805332585206e-04 -1.007747814012766e+00
62 53 -1.000271860610207e+00 -1.877903505099909e-03 -9.554927243672594e-04 -1.007748085164014e+00
62 54 -1.000271835128899e+00 -1.878164918143227e-03 -9.551684939945271e-04 -1.007747921873864e+00
62 55 -1.000271862754684e+00 -1.878552688755155e-03 -9.547108869339618e-04 -1.007747328381309e+00
62 56 -1.000271942026042e+00 -1.879062115174554e-03 -9.541259377864865e-04 -1.007746314360704e+00
62 57 -1.000272070914469e+00 -1.879686858747230e-03 -9.534225887631707e-04 -1.007744894557654e+00
62 58 -1.000272246906666e+00 -1.880419066600199e-03 -9.526125386388484e-04 -1.007743088384591e+00
62 59 -1.000272467084436e+00 -1.881249518464258e-03 -9.517099761379522e-04 -1.007740919488716e+00
62 60 -1.000272728199407e+00 -1.882167803896551e-03 -9.507311666903712e-04 -1.007738415285551e+00
62 61 -1.000273026742600e+00 -1.883162531185857e-03 -9.496938987781041e-04 -1.007735606446843e+00
62 62 -1.000273359010632e+00 -1.884221561508371e-03 -9.486168381149839e-04 -1.007732526338397e+00
62 63 -1.000273721170303e+00 -1.885332253695000e-03 -9.475188681104480e-04 -1.007729210420662e+00
63 0 -1.000274390351776e+00 -1.885927659030197e-03 -9.501788561352185e-04 -1.007725853064846e+00
63 1 -1.000274798434505e+00 -1.887102189188991e-03 -9.490853925225466e-04 -1.007722190105888e+00
63 2 -1.000275223681740e+00 -1.888286913412430e-03 -9.480264047990961e-04 -1.007718413030435e+00
63 3 -1.000275662322349e+00 -1.889469235130387e-03 -9.470171115262259e-04 -1.007714560048798e+00
63 4 -1.000276110693465e+00 -1.890636964729804e-03 -9.460711079390347e-04 -1.007710668986749e+00
63 5 -1.000276565250032e+00 -1.891778438348511e-03 -9.452001799149211e-04 -1.007706776974573e+00
63 6 -1.000277022560575e+00 -1.892882632129711e-03 -9.444141111572769e-04 -1.007702920160984e+00
63 7 -1.000277479293104e+00 -1.893939269158790e-03 -9.437205034237580e-04 -1.007699133443317e+00
63 8 -1.000277932196828e+00 -1.894938912069755e-03 -9.431246517964318e-04 -1.007695450213188e+00
63 9 -1.000278378084783e+00 -1.895873032273868e-03 -9.426295197034475e-04 -1.007691902128760e+00
63 10 -1.000278813820419e+00 -1.896734050042582e-03 -9.422358380363271e-04 -1.007688518928456e+00
63 11 -1.000279236309670e+00 -1.897515348723321e-03 -9.419423167327511e-04 -1.007685328287258e+00
63 12 -1.000279642498964e+00 -1.898211274469079e-03 -9.417459245200567e-04 -1.007682355699500e+00
63 13 -1.000280029377869e+00 -1.898817132607776e-03 -9.416421808672906e-04 -1.007679624372777e+00
63 14 -1.000280393983338e+00 -1.899329184027312e-03 -9.416254169338851e-04 -1.007677155135403e+00
63 15 -1.000280733402786e+00 -1.899744636776852e-03 -9.416889896427066e-04 -1.007674966374798e+00
63 16 -1.000281044775598e+00 -1.900061623780726e-03 -9.418254626878671e-04 -1.007673074025831e+00
63 17 -1.000281325295050e+00 -1.900279156889271e-03 -9.420267905656294e-04 -1.007671491622277e+00
63 18 -1.000281572214084e+00 -1.900397051078189e-03 -9.422845476007196e-04 -1.007670230413313e+00
63 19 -1.000281782859471e+00 -1.900415822212732e-03 -9.425902277496312e-04 -1.007669299523855e+00
63 20 -1.000281954659783e+00 -1.900336574252772e-03 -9.429356077768289e-04 -1.007668706108554e+00
63 21 -1.000282085191217e+00 -1.900160898825977e-03 -9.433131322094774e-04 -1.007668455437650e+00
63 22 -1.000282172241022e+00 -1.899890806938329e-03 -9.437162594110580e-04 -1.007668550872579e+00
63 23 -1.000282213883114e+00 -1.899528702508327e-03 -9.441397109175866e-04 -1.007668993726928e+00
63 24 -1.000282208557495e+00 -1.899077395974683e-03 -9.445795887120221e-04 -1.007669783042246e+00
63 25 -1.000282155144548e+00 -1.898540145684442e-03 -9.450333602737896e-04 -1.007670915330992e+00
63 26 -1.000282053026575e+00 -1.897920707003341e-03 -9.454997468444160e-04 -1.007672384349297e+00
63 27 -1.000281902132222e+00 -1.897223368846781e-03 -9.459785701966668e-04 -1.007674180951214e+00
63 28 -1.000281702964558e+00 -1.896452966969948e-03 -9.464706059889548e-04 -1.007676293039975e+00
63 29 -1.000281456617907e+00 -1.895614877130043e-03 -9.469774608898297e-04 -1.007678705590477e+00
63 30 -1.000281164788534e+00 -1.894715000128275e-03 -9.475014527897986e-04 -1.007681400699989e+00
63 31 -1.000280829780348e+00 -1.893759751742819e-03 -9.480454475931189e-04 -1.007684357635894e+00
63 32 -1.000280454502710e+00 -1.892756066768583e-03 -9.486126043326265e-04 -1.007687552871166e+00
63 33 -1.000280042455852e+00 -1.891711419891650e-03 -9.492060049492054e-04 -1.007690960116334e+00
63 34 -1.000279597700146e+00 -1.890633856894432e-03 -9.498281878039075e-04 -1.007694550371952e+00
63 35 -1.000279124807520e+00 -1.889532020946745e-03 -9.504806467234237e-04 -1.007698292035504e+00
63 36 -1.000278628797043e+00 -1.888415156840020e-03 -9.511633792469198e-04 -1.007702151088519e+00
63 37 -1.000278115060819e+00 -1.887293082577720e-03 -9.518745576233864e-04 -1.007706091363845e+00
63 38 -1.000277589287603e+00 -1.886176126868908e-03 -9.526103597475534e-04 -1.007710074871812e+00
63 39 -1.000277057388113e+00 -1.885075037002014e-03 -9.533649524238487e-04 -1.007714062164607e+00
63 40 -1.000276525420774e+00 -1.884000864547918e-03 -9.541305852132476e-04 -1.007718012730829e+00
63 41 -1.000275999513953e+00 -1.882964838311238e-03 -9.548977421316287e-04 -1.007721885418188e+00
63 42 -1.000275485781607e+00 -1.881978233136140e-03 -9.556553129538021e-04 -1.007725638881463e+00
63 43 -1.000274990231686e+00 -1.881052237488232e-03 -9.563907771310835e-04 -1.007729232056639e+00
63 44 -1.000274518669072e+00 -1.880197815376007e-03 -9.570904249927418e-04 -1.007732624668850e+00
63 45 -1.000274076597474e+00 -1.879425554652080e-03 -9.577396572012706e-04 -1.007735777779965e+00
63 46 -1.000273669126345e+00 -1.878745494985218e-03 -9.583233969579544e-04 -1.007738654373001e+00
63 47 -1.000273300887531e+00 -1.878166931961940e-03 -9.588266229583037e-04 -1.007741219967970e+00
63 48 -1.000272975962355e+00 -1.877698198408723e-03 -9.592349946536208e-04 -1.007743443266991e+00
63 49 -1.000272697817030e+00 -1.877346432103647e-03 -9.595355088779322e-04 -1.007745296819272e+00
63 50 -1.000272469245293e+00 -1.877117348888293e-03 -9.597171116495384e-04 -1.007746757672378e+00
63 51 -1.000272292320713e+00 -1.877015045653635e-03 -9.597711974927027e-04 -1.007747807952212e+00
63 52 -1.000272168363953e+00 -1.877041854904942e-03 -9.596919570123438e-04 -1.007748435308613e+00
63 53 -1.000272097931061e+00 -1.877198263702417e-03 -9.594765701287536e-04 -1.007748633177706e+00
63 54 -1.000272080827726e+00 -1.877482898711510e-03 -9.591252740928845e-04 -1.007748400837834e+00
63 55 -1.000272116151032e+00 -1.877892568402564e-03 -9.586413506765264e-04 -1.007747743269376e+00
63 56 -1.000272202354954e+00 -1.878422346343585e-03 -9.580310686611512e-04 -1.007746670862638e+00
63 57 -1.000272337331059e+00 -1.879065680380797e-03 -9.573035887912064e-04 -1.007745199034442e+00
63 58 -1.000272518494447e+00 -1.879814521246515e-03 -9.564708048005364e-04 -1.007743347801430e+00
63 59 -1.000272742867336e+00 -1.880659473641780e-03 -9.555470773181883e-04 -1.007741141328825e+00
63 60 -1.000273007156305e+00 -1.881589975607011e-03 -9.545488288351243e-04 -1.007738607451241e+00
63 61 -1.000273307822473e+00 -1.882594507505328e-03 -9.534940018538751e-04 -1.007735777156591e+00
63 62 -1.000273641146178e+00 -1.883660824582567e-03 -9.524014229254360e-04 -1.007732684029412e+00
63 63 -1.000274003288639e+00 -1.884776199876835e-03 -9.512901459976682e-04 -1.007729363662546e+00
