1.556700621964454e-07
1.000000000000000e-12
1.000000000000000e-17
3.535268032869772e-01
1.934431963753466e-01
2.759259259259259e-01
-1.500017464083440e+00
1.901109735892602e-07
64
64
1.264197530864197e-01
1
0 0 -1.000274523972518e+00 -1.885199090683654e-03 -9.544164028220061e-04 -1.007726678400520e+00
0 1 -1.000274939066605e+00 -1.886401956574585e-03 -9.532810491364471e-04 -1.007722940305727e+00
0 2 -1.000275370459156e+00 -1.887612095778279e-03 -9.521847769909025e-04 -1.007719094926516e+00
0 3 -1.000275814306459e+00 -1.888816652929779e-03 -9.511431062853085e-04 -1.007715181153861e+00
0 4 -1.000276266916623e+00 -1.890003200542115e-03 -9.501700113488120e-04 -1.007711237351376e+00
0 5 -1.000276724763931e+00 -1.891159844539851e-03 -9.492778078985432e-04 -1.007707301078859e+00
0 6 -1.000277184477653e+00 -1.892275353231745e-03 -9.484769025594422e-04 -1.007703408810598e+00
0 7 -1.000277642811669e+00 -1.893339300536300e-03 -9.477754515549814e-04 -1.007699595636419e+00
0 8 -1.000278096606726e+00 -1.894342197598958e-03 -9.471790476527123e-04 -1.007695894965303e+00
0 9 -1.000278542756937e+00 -1.895275582128619e-03 -9.466905689024249e-04 -1.007692338276672e+00
0 10 -1.000278978188092e+00 -1.896132047441643e-03 -9.463102711542319e-04 -1.007688954958498e+00
0 11 -1.000279399850648e+00 -1.896905218424689e-03 -9.460361146442853e-04 -1.007685772230044e+00
0 12 -1.000279804726179e+00 -1.897589703207709e-03 -9.458642299074320e-04 -1.007682815103476e+00
0 13 -1.000280189841825e+00 -1.898181053269644e-03 -9.457893889076862e-04 -1.007680106330374e+00
0 14 -1.000280552284364e+00 -1.898675750891709e-03 -9.458053653310932e-04 -1.007677666308982e+00
0 15 -1.000280889206649e+00 -1.899071221393553e-03 -9.459051307430246e-04 -1.007675512970119e+00
0 16 -1.000281197823944e+00 -1.899365848436397e-03 -9.460809149754825e-04 -1.007673661691465e+00
0 17 -1.000281475403457e+00 -1.899558961089701e-03 -9.463242274032054e-04 -1.007672125300449e+00
0 18 -1.000281719254568e+00 -1.899650767143345e-03 -9.466259599386290e-04 -1.007670914205026e+00
0 19 -1.000281926729703e+00 -1.899642228434932e-03 -9.469766594181275e-04 -1.007670036637472e+00
0 20 -1.000282095246098e+00 -1.899534900587787e-03 -9.473669817662657e-04 -1.007669498933143e+00
0 21 -1.000282222335247e+00 -1.899330777018946e-03 -9.477882573015846e-04 -1.007669305733688e+00
0 22 -1.000282305719513e+00 -1.899032177889179e-03 -9.482330390961955e-04 -1.007669460022744e+00
0 23 -1.000282343406780e+00 -1.898641710752416e-03 -9.486954953891123e-04 -1.007669962959950e+00
0 24 -1.000282333788062e+00 -1.898162306251282e-03 -9.491715500179254e-04 -1.007670813551284e+00
0 25 -1.000282275721786e+00 -1.897597305872456e-03 -9.496587608369122e-04 -1.007672008255895e+00
0 26 -1.000282168593067e+00 -1.896950560338765e-03 -9.501560207883148e-04 -1.007673540654924e+00
0 27 -1.000282012345693e+00 -1.896226497648838e-03 -9.506632234009888e-04 -1.007675401275907e+00
0 28 -1.000281807494974e+00 -1.895430139254782e-03 -9.511810241630325e-04 -1.007677577589769e+00
0 29 -1.000281555135142e+00 -1.894567068817806e-03 -9.517107575142133e-04 -1.007680054122865e+00
0 30 -1.000281256952052e+00 -1.893643377006162e-03 -9.522544712653164e-04 -1.007682812595514e+00
0 31 -1.000280915242551e+00 -1.892665613278867e-03 -9.528149597138281e-04 -1.007685832014128e+00
0 32 -1.000280532931921e+00 -1.891640771881610e-03 -9.533956501058145e-04 -1.007689088685837e+00
0 33 -1.000280113575223e+00 -1.890576324026824e-03 -9.540002422734265e-04 -1.007692556175381e+00
0 34 -1.000279661329646e+00 -1.889480284878327e-03 -9.546321044061663e-04 -1.007696205268600e+00
0 35 -1.000279180893536e+00 -1.888361284536634e-03 -9.552935411686763e-04 -1.007700004020159e+00
0 36 -1.000278677420255e+00 -1.887228608841809e-03 -9.559851155967277e-04 -1.007703917930199e+00
0 37 -1.000278156424471e+00 -1.886092188033481e-03 -9.567051914395256e-04 -1.007707910238797e+00
0 38 -1.000277623697940e+00 -1.884962528086968e-03 -9.574497796489747e-04 -1.007711942293198e+00
0 39 -1.000277085241566e+00 -1.883850592737045e-03 -9.582126637544782e-04 -1.007715973948810e+00
0 40 -1.000276547207559e+00 -1.882767653497866e-03 -9.589856912112914e-04 -1.007719963988634e+00
0 41 -1.000276015837626e+00 -1.881725130160492e-03 -9.597590858886401e-04 -1.007723870561885e+00
0 42 -1.000275497383583e+00 -1.880734441263061e-03 -9.605216718680837e-04 -1.007727651648823e+00
0 43 -1.000274998004351e+00 -1.879806872138256e-03 -9.612609826059811e-04 -1.007731265560850e+00
0 44 -1.000274523645025e+00 -1.878953454234891e-03 -9.619633206458685e-04 -1.007734671478150e+00
0 45 -1.000274079914028e+00 -1.878184840743701e-03 -9.626138876233355e-04 -1.007737830012203e+00
0 46 -1.000273671976738e+00 -1.877511160779249e-03 -9.631970995068056e-04 -1.007740703775881e+00
0 47 -1.000273304475898e+00 -1.876941835813191e-03 -9.636971435644901e-04 -1.007743257963032e+00
0 48 -1.000272981475974e+00 -1.876485350061346e-03 -9.640987470519234e-04 -1.007745460963819e+00
0 49 -1.000272706419245e+00 -1.876148983409714e-03 -9.643880464132174e-04 -1.007747285038008e+00
0 50 -1.000272482081111e+00 -1.875938535749440e-03 -9.645534010548556e-04 -1.007748707028226e+00
0 51 -1.000272310519658e+00 -1.875858084289082e-03 -9.645860063823802e-04 -1.007749709043791e+00
0 52 -1.000272193025466e+00 -1.875909813519158e-03 -9.644802245419167e-04 -1.007750279012792e+00
0 53 -1.000272130086830e+00 -1.876093941623391e-03 -9.642336438493359e-04 -1.007750411002047e+00
0 54 -1.000272121387938e+00 -1.876408742304945e-03 -9.638469616873611e-04 -1.007750105247209e+00
0 55 -1.000272165850385e+00 -1.876850635745824e-03 -9.633238242673111e-04 -1.007749367910343e+00
0 56 -1.000272261714994e+00 -1.877414309117945e-03 -9.626707305076133e-04 -1.007748210655290e+00
0 57 -1.000272406648936e+00 -1.878092834928572e-03 -9.618970263922255e-04 -1.007746650158266e+00
0 58 -1.000272597858478e+00 -1.878877780165713e-03 -9.610149201844212e-04 -1.007744707638212e+00
0 59 -1.000272832190572e+00 -1.879759324052303e-03 -9.600393880662676e-04 -1.007742408427845e+00
0 60 -1.000273106213834e+00 -1.880726412293895e-03 -9.589878471997385e-04 -1.007739781552754e+00
0 61 -1.000273416278865e+00 -1.881766967773420e-03 -9.578795477338391e-04 -1.007736859262696e+00
0 62 -1.000273758566254e+00 -1.882868157062676e-03 -9.567347440337688e-04 -1.007733676470858e+00
0 63 -1.000274129134033e+00 -1.884016687299498e-03 -9.555737985553221e-04 -1.007730270101080e+00
1 0 -1.000274946914989e+00 -1.884791412699763e-03 -9.577588446572428e-04 -1.007726388353815e+00
1 1 -1.000275361747983e+00 -1.885997938845014e-03 -9.566120201297631e-04 -1.007722649602348e+00
1 2 -1.000275791725757e+00 -1.887208779575711e-03 -9.555074508579001e-04 -1.007718812909033e+00
1 3 -1.000276233004385e+00 -1.888411047732757e-03 -9.544607973663235e-04 -1.007714917109747e+00
1 4 -1.000276681904665e+00 -1.889592324035924e-03 -9.534860968968326e-04 -1.007711000399815e+00
1 5 -1.000277134932948e+00 -1.890740765317393e-03 -9.525956580275023e-04 -1.007707100041660e+00
1 6 -1.000277588772959e+00 -1.891845231516975e-03 -9.517998347308239e-04 -1.007703252082147e+00
1 7 -1.000278040253071e+00 -1.892895422766390e-03 -9.511067144658768e-04 -1.007699491071295e+00
1 8 -1.000278486301703e+00 -1.893882003356401e-03 -9.505218254850300e-04 -1.007695849795606e+00
1 9 -1.000278923905647e+00 -1.894796685379570e-03 -9.500479875160455e-04 -1.007692359057971e+00
1 10 -1.000279350082281e+00 -1.895632255794276e-03 -9.496853874386138e-04 -1.007689047533628e+00
1 11 -1.000279761870494e+00 -1.896382553269331e-03 -9.494318786657688e-04 -1.007685941698910e+00
1 12 -1.000280156339100e+00 -1.897042421401554e-03 -9.492834223278837e-04 -1.007683065791434e+00
1 13 -1.000280530605772e+00 -1.897607668899603e-03 -9.492345477966659e-04 -1.007680441753424e+00
1 14 -1.000280881855580e+00 -1.898075054096918e-03 -9.492787223818993e-04 -1.007678089139888e+00
1 15 -1.000281207349290e+00 -1.898442290764755e-03 -9.494085744194207e-04 -1.007676025013963e+00
1 16 -1.000281504417738e+00 -1.898708054905188e-03 -9.496159876143393e-04 -1.007674263878345e+00
1 17 -1.000281770446463e+00 -1.898871964172433e-03 -9.498921490036757e-04 -1.007672817696426e+00
1 18 -1.000282002860385e+00 -1.898934507098587e-03 -9.502276600229188e-04 -1.007671696035124e+00
1 19 -1.000282199120768e+00 -1.898896918664452e-03 -9.506127954908618e-04 -1.007670906311922e+00
1 20 -1.000282356745876e+00 -1.898761023300955e-03 -9.510379298394005e-04 -1.007670454070618e+00
1 21 -1.000282473361974e+00 -1.898529082518494e-03 -9.514940736860374e-04 -1.007670343180489e+00
1 22 -1.000282546782741e+00 -1.898203684622530e-03 -9.519734075664983e-04 -1.007670575873110e+00
1 23 -1.000282575106030e+00 -1.897787700864355e-03 -9.524696833813524e-04 -1.007671152587473e+00
1 24 -1.000282556811425e+00 -1.897284311699769e-03 -9.529783965056845e-04 -1.007672071660291e+00
1 25 -1.000282490842265e+00 -1.896697083834657e-03 -9.534967061955009e-04 -1.007673328953084e+00
1 26 -1.000282376661541e+00 -1.896030061510997e-03 -9.540231707761799e-04 -1.007674917531305e+00
1 27 -1.000282214280723e+00 -1.895287833966465e-03 -9.545574245662282e-04 -1.007676827485170e+00
1 28 -1.000282004270636e+00 -1.894475557196709e-03 -9.550999239765973e-04 -1.007679045913164e+00
1 29 -1.000281747768595e+00 -1.893598931671544e-03 -9.556518310361277e-04 -1.007681557017939e+00
1 30 -1.000281446492502e+00 -1.892664155500137e-03 -9.562150130463650e-04 -1.007684342232884e+00
1 31 -1.000281102762549e+00 -1.891677879873870e-03 -9.567920573748853e-04 -1.007687380312277e+00
1 32 -1.000280719520687e+00 -1.890647191493056e-03 -9.573861664846031e-04 -1.007690647356756e+00
1 33 -1.000280300332711e+00 -1.889579634990213e-03 -9.580008306917633e-04 -1.007694116789937e+00
1 34 -1.000279849359903e+00 -1.888483268500374e-03 -9.586392669189483e-04 -1.007697759340739e+00
1 35 -1.000279371296162e+00 -1.887366726844225e-03 -9.593037197298405e-04 -1.007701543100386e+00
1 36 -1.000278871279370e+00 -1.886239261181158e-03 -9.599947910332036e-04 -1.007705433696874e+00
1 37 -1.000278354795450e+00 -1.885110733161268e-03 -9.607109620899172e-04 -1.007709394578972e+00
1 38 -1.000277827593402e+00 -1.883991556142521e-03 -9.614484010267300e-04 -1.007713387368657e+00
1 39 -1.000277295618887e+00 -1.882892587809758e-03 -9.622010474497792e-04 -1.007717372246834e+00
1 40 -1.000276764959810e+00 -1.881824987285965e-03 -9.629608779557705e-04 -1.007721308362394e+00
1 41 -1.000276241788428e+00 -1.880800056196835e-03 -9.637182175546194e-04 -1.007725154270168e+00
1 42 -1.000275732284673e+00 -1.879829083138238e-03 -9.644619862536001e-04 -1.007728868405357e+00
1 43 -1.000275242533509e+00 -1.878923202155569e-03 -9.651798435100342e-04 -1.007732409599242e+00
1 44 -1.000274778401730e+00 -1.878093263282724e-03 -9.658582789096692e-04 -1.007735737632684e+00
1 45 -1.000274345411085e+00 -1.877349703963019e-03 -9.664827541864658e-04 -1.007738813809447e+00
1 46 -1.000273948628113e+00 -1.876702405683738e-03 -9.670380057245669e-04 -1.007741601527046e+00
1 47 -1.000273592583321e+00 -1.876160519258613e-03 -9.675085692028991e-04 -1.007744066843541e+00
1 48 -1.000273281218176e+00 -1.875732247801062e-03 -9.678795095490313e-04 -1.007746179067248e+00
1 49 -1.000273017847264e+00 -1.875424591918390e-03 -9.681372602819244e-04 -1.007747911397459e+00
1 50 -1.000272805121130e+00 -1.875243082221180e-03 -9.682704277870942e-04 -1.007749241606831e+00
1 51 -1.000272644982079e+00 -1.875191538463926e-03 -9.682704186391326e-04 -1.007750152704798e+00
1 52 -1.000272538616410e+00 -1.875271894878918e-03 -9.681318019654733e-04 -1.007750633486168e+00
1 53 -1.000272486417233e+00 -1.875484118009655e-03 -9.678524032400018e-04 -1.007750678864464e+00
1 54 -1.000272487976859e+00 -1.875826220880700e-03 -9.674332075408406e-04 -1.007750289922537e+00
1 55 -1.000272542122489e+00 -1.876294352200313e-03 -9.668781950822282e-04 -1.007749473682143e+00
1 56 -1.000272646995449e+00 -1.876882922858875e-03 -9.661942176279573e-04 -1.007748242671946e+00
1 57 -1.000272800160369e+00 -1.877584735592643e-03 -9.653909546842275e-04 -1.007746614411861e+00
1 58 -1.000272998723989e+00 -1.878391106274489e-03 -9.644808969052196e-04 -1.007744610906804e+00
1 59 -1.000273239444753e+00 -1.879291990872983e-03 -9.634792397970233e-04 -1.007742258180887e+00
1 60 -1.000273518820980e+00 -1.880276143784918e-03 -9.624035692035060e-04 -1.007739585829199e+00
1 61 -1.000273833154558e+00 -1.881331326692210e-03 -9.612732839119875e-04 -1.007736626540707e+00
1 62 -1.000274178596930e+00 -1.882444568605569e-03 -9.601088010540259e-04 -1.007733415551266e+00
1 63 -1.000274551190235e+00 -1.883602455655177e-03 -9.589306808905703e-04 -1.007729990017768e+00
2 0 -1.000275429115277e+00 -1.884467637697022e-03 -9.607985773860497e-04 -1.007725883670950e+00
2 1 -1.000275844718483e+00 -1.885680024565417e-03 -9.596389512293688e-04 -1.007722137033642e+00
2 2 -1.000276274303406e+00 -1.886893778958018e-03 -9.585248440730957e-04 -1.007718301832294e+00
2 3 -1.000276714016311e+00 -1.888095962056062e-03 -9.574720734186120e-04 -1.007714416910922e+00
2 4 -1.000277160179180e+00 -1.889274141155362e-03 -9.564947555748947e-04 -1.007710520366536e+00
2 5 -1.000277609317465e+00 -1.890416501778871e-03 -9.556052019640031e-04 -1.007706649238511e+00
2 6 -1.000278058156154e+00 -1.891511974153268e-03 -9.548137136060951e-04 -1.007702839220407e+00
2 7 -1.000278503586371e+00 -1.892550365421313e-03 -9.541282985103593e-04 -1.007699124390756e+00
2 8 -1.000278942615205e+00 -1.893522476291684e-03 -9.535544036701103e-04 -1.007695536972558e+00
2 9 -1.000279372316048e+00 -1.894420178103072e-03 -9.530947744872976e-04 -1.007692107142592e+00
2 10 -1.000279789793838e+00 -1.895236436489493e-03 -9.527495195680038e-04 -1.007688862909152e+00
2 11 -1.000280192172593e+00 -1.895965288168206e-03 -9.525163854259582e-04 -1.007685830050517e+00
2 12 -1.000280576604686e+00 -1.896601795685069e-03 -9.523911713534214e-04 -1.007683032075239e+00
2 13 -1.000280940293759e+00 -1.897142008447933e-03 -9.523681746079884e-04 -1.007680490161545e+00
2 14 -1.000281280518045e+00 -1.897582945650366e-03 -9.524405635762855e-04 -1.007678223063586e+00
2 15 -1.000281594641605e+00 -1.897922597276292e-03 -9.526006231967199e-04 -1.007676247011581e+00
2 16 -1.000281880108092e+00 -1.898159923520604e-03 -9.528398824116593e-04 -1.007674575656016e+00
2 17 -1.000282134421344e+00 -1.898294826436999e-03 -9.531491925599511e-04 -1.007673220105732e+00
2 18 -1.000282355124467e+00 -1.898328073691890e-03 -9.535188532415627e-04 -1.007672189085196e+00
2 19 -1.000282539792106e+00 -1.898261172656796e-03 -9.539388643571159e-04 -1.007671489188615e+00
2 20 -1.000282686048979e+00 -1.898096215643243e-03 -9.543993275127002e-04 -1.007671125155295e+00
2 21 -1.000282791621570e+00 -1.897835731309418e-03 -9.548909520835779e-04 -1.007671100065178e+00
2 22 -1.000282854419965e+00 -1.897482576492250e-03 -9.554055681169672e-04 -1.007671415374902e+00
2 23 -1.000282872637093e+00 -1.897039890029857e-03 -9.559365285718327e-04 -1.007672070769941e+00
2 24 -1.000282844847227e+00 -1.896511111643729e-03 -9.564789064359095e-04 -1.007673063870196e+00
2 25 -1.000282770086725e+00 -1.895900048990721e-03 -9.570294551511763e-04 -1.007674389875480e+00
2 26 -1.000282647906847e+00 -1.895210960613407e-03 -9.575863814584411e-04 -1.007676041258063e+00
2 27 -1.000282478398924e+00 -1.894448620296804e-03 -9.581490407954328e-04 -1.007678007586386e+00
2 28 -1.000282262202368e+00 -1.893618341974009e-03 -9.587176751260856e-04 -1.007680275500951e+00
2 29 -1.000282000510632e+00 -1.892725965112498e-03 -9.592932666422719e-04 -1.007682828796963e+00
2 30 -1.000281695085971e+00 -1.891777816446017e-03 -9.598775011637545e-04 -1.007685648538927e+00
2 31 -1.000281348283032e+00 -1.890780670526043e-03 -9.604727584737583e-04 -1.007688713146915e+00
2 32 -1.000280963070402e+00 -1.889741730530112e-03 -9.610820079725219e-04 -1.007691998430072e+00
2 33 -1.000280543033977e+00 -1.888668642199743e-03 -9.617085088877215e-04 -1.007695477581201e+00
2 34 -1.000280092348433e+00 -1.887569537577533e-03 -9.623552917559233e-04 -1.007699121179447e+00
2 35 -1.000279615712682e+00 -1.886453088227699e-03 -9.630244978974771e-04 -1.007702897261677e+00
2 36 -1.000279118258509e+00 -1.885328540805979e-03 -9.637167257258065e-04 -1.007706771501031e+00
2 37 -1.000278605451921e+00 -1.884205714245744e-03 -9.644305406185639e-04 -1.007710707485010e+00
2 38 -1.000278083006851e+00 -1.883094949722426e-03 -9.651622476717956e-04 -1.007714667054580e+00
2 39 -1.000277556819739e+00 -1.882007014334185e-03 -9.659059342533954e-04 -1.007718610673367e+00
2 40 -1.000277032918260e+00 -1.880952967064821e-03 -9.666537037834188e-04 -1.007722497823042e+00
2 41 -1.000276517407518e+00 -1.879944002596842e-03 -9.673959785378458e-04 -1.007726287436683e+00
2 42 -1.000276016396674e+00 -1.878991291323195e-03 -9.681217633133967e-04 -1.007729938379820e+00
2 43 -1.000275535897476e+00 -1.878105828577830e-03 -9.688188237651166e-04 -1.007733409980718e+00
2 44 -1.000275081699533e+00 -1.877298295571615e-03 -9.694738114778776e-04 -1.007736662600355e+00
2 45 -1.000274659239800e+00 -1.876578925074476e-03 -9.700724248685156e-04 -1.007739658218147e+00
2 46 -1.000274273488450e+00 -1.875957358788644e-03 -9.705997063956758e-04 -1.007742361005847e+00
2 47 -1.000273928866122e+00 -1.875442480322746e-03 -9.710405395757690e-04 -1.007744737883603e+00
2 48 -1.000273629192694e+00 -1.875042210853021e-03 -9.713803399848557e-04 -1.007746759084384e+00
2 49 -1.000273377654958e+00 -1.874763267919649e-03 -9.716058599543120e-04 -1.007748398760299e+00
2 50 -1.000273176776869e+00 -1.874610907775560e-03 -9.717059765218273e-04 -1.007749635631670e+00
2 51 -1.000273028381883e+00 -1.874588687476031e-03 -9.716723271943859e-04 -1.007750453628540e+00
2 52 -1.000272933548340e+00 -1.874698286071161e-03 -9.714997011598981e-04 -1.007750842434602e+00
2 53 -1.000272892570870e+00 -1.874939413959275e-03 -9.711861686290468e-04 -1.007750797832106e+00
2 54 -1.000272904947722e+00 -1.875309818893081e-03 -9.707330092479545e-04 -1.007750321771860e+00
2 55 -1.000272969410475e+00 -1.875805372021934e-03 -9.701445498372282e-04 -1.007749422156935e+00
2 56 -1.000273083999593e+00 -1.876420198686785e-03 -9.694280181259770e-04 -1.007748112408181e+00
2 57 -1.000273246174323e+00 -1.877146818694159e-03 -9.685934610919302e-04 -1.007746410926147e+00
2 58 -1.000273452936664e+00 -1.877976280533621e-03 -9.676536920165251e-04 -1.007744340548542e+00
2 59 -1.000273700948732e+00 -1.878898299011541e-03 -9.666241650250139e-04 -1.007741928045695e+00
2 60 -1.000273986628413e+00 -1.879901418864643e-03 -9.655226661539853e-04 -1.007739203643089e+00
2 61 -1.000274306217366e+00 -1.880973222624043e-03 -9.643687625416003e-04 -1.007736200533262e+00
2 62 -1.000274655826402e+00 -1.882100584950093e-03 -9.631830421278672e-04 -1.007732954338205e+00
2 63 -1.000275031471617e+00 -1.883269955655520e-03 -9.619862635569957e-04 -1.007729502506331e+00
3 0 -1.000275965445775e+00 -1.884231554122141e-03 -9.635056121260283e-04 -1.007725167728157e+00
3 1 -1.000276382850717e+00 -1.885451961687767e-03 -9.623319039394964e-04 -1.007721406016076e+00
3 2 -1.000276813076749e+00 -1.886670831051029e-03 -9.612070302538627e-04 -1.007717565057945e+00
3 3 -1.000277252251081e+00 -1.887875152539439e-03 -9.601469806965209e-04 -1.007713683767996e+00
3 4 -1.000277696685594e+00 -1.889052458420790e-03 -9.591659675721465e-04 -1.007709800215278e+00
3 5 -1.000278142911735e+00 -1.890190940125910e-03 -9.582763175965529e-04 -1.007705951292640e+00
3 6 -1.000278587681920e+00 -1.891279575584468e-03 -9.574882821359020e-04 -1.007702172418950e+00
3 7 -1.000279027937056e+00 -1.892308257684907e-03 -9.568097830054000e-04 -1.007698497276893e+00
3 8 -1.000279460752252e+00 -1.893267904215127e-03 -9.562461722973806e-04 -1.007694957594380e+00
3 9 -1.000279883279776e+00 -1.894150528217060e-03 -9.558001063059284e-04 -1.007691582981827e+00
3 10 -1.000280292706843e+00 -1.894949257327671e-03 -9.554716055442245e-04 -1.007688400833679e+00
3 11 -1.000280686238514e+00 -1.895658309222360e-03 -9.552583088038951e-04 -1.007685436280745e+00
3 12 -1.000281061106518e+00 -1.896272947139323e-03 -9.551558618139203e-04 -1.007682712153988e+00
3 13 -1.000281414595400e+00 -1.896789442302250e-03 -9.551583429285092e-04 -1.007680248920193e+00
3 14 -1.000281744070796e+00 -1.897205056959634e-03 -9.552586331943590e-04 -1.007678064582827e+00
3 15 -1.000282046994581e+00 -1.897518042469328e-03 -9.554486785038669e-04 -1.007676174581906e+00
3 16 -1.000282320919298e+00 -1.897727632406784e-03 -9.557196484338334e-04 -1.007674591746981e+00
3 17 -1.000282563465666e+00 -1.897834006356008e-03 -9.560620480302817e-04 -1.007673326350743e+00
3 18 -1.000282772296355e+00 -1.897838207253393e-03 -9.564658646331062e-04 -1.007672386281719e+00
3 19 -1.000282945103044e+00 -1.897742012620158e-03 -9.569208196024981e-04 -1.007671777308140e+00
3 20 -1.000283079621805e+00 -1.897547780679847e-03 -9.574167491830189e-04 -1.007671503356325e+00
3 21 -1.000283173684384e+00 -1.897258304965551e-03 -9.579440799414203e-04 -1.007671566704902e+00
3 22 -1.000283225301936e+00 -1.896876709154651e-03 -9.584943158688211e-04 -1.007671968019208e+00
3 23 -1.000283232766975e+00 -1.896406400749663e-03 -9.590604333655864e-04 -1.007672706206178e+00
3 24 -1.000283194753673e+00 -1.895851084863428e-03 -9.596370958067569e-04 -1.007673778130405e+00
3 25 -1.000283110398209e+00 -1.895214822286826e-03 -9.602206504921879e-04 -1.007675178275966e+00
3 26 -1.000282979349011e+00 -1.894502103352628e-03 -9.608089412604360e-04 -1.007676898454283e+00
3 27 -1.000282801788184e+00 -1.893717907177771e-03 -9.614010287730140e-04 -1.007678927635203e+00
3 28 -1.000282578436017e+00 -1.892867727359855e-03 -9.619969274593061e-04 -1.007681251920503e+00
3 29 -1.000282310554755e+00 -1.891957563271720e-03 -9.625974341307084e-04 -1.007683854617589e+00
3 30 -1.000281999963050e+00 -1.890993889967749e-03 -9.632040548951358e-04 -1.007686716343902e+00
3 31 -1.000281649060920e+00 -1.889983625061631e-03 -9.638189657915422e-04 -1.007689815107664e+00
3 32 -1.000281260853437e+00 -1.888934110026005e-03 -9.644449011449068e-04 -1.007693126345784e+00
3 33 -1.000280838955778e+00 -1.887853117251662e-03 -9.650848744369604e-04 -1.007696622934069e+00
3 34 -1.000280387564995e+00 -1.886748881953684e-03 -9.657417003785829e-04 -1.007700275211508e+00
3 35 -1.000279911394086e+00 -1.885630143725016e-03 -9.664173767182589e-04 -1.007704051070377e+00
3 36 -1.000279415577944e+00 -1.884506175354178e-03 -9.671124554617060e-04 -1.007707916144200e+00
3 37 -1.000278905571699e+00 -1.883386780434732e-03 -9.678255495286010e-04 -1.007711834084501e+00
3 38 -1.000278387062476e+00 -1.882282250447374e-03 -9.685530763601598e-04 -1.007715766889420e+00
3 39 -1.000277865904282e+00 -1.881203279422354e-03 -9.692892586216871e-04 -1.007719675256508e+00
3 40 -1.000277348069500e+00 -1.880160840146926e-03 -9.700263215155532e-04 -1.007723518961833e+00
3 41 -1.000276839599236e+00 -1.879166032841266e-03 -9.707547796965959e-04 -1.007727257284660e+00
3 42 -1.000276346533790e+00 -1.878229922568674e-03 -9.714637114229835e-04 -1.007730849491548e+00
3 43 -1.000275874813169e+00 -1.877363380094044e-03 -9.721409677544616e-04 -1.007734255379213e+00
3 44 -1.000275430151670e+00 -1.876576932792195e-03 -9.727733341109661e-04 -1.007737435860792e+00
3 45 -1.000275017904195e+00 -1.875880622953831e-03 -9.733467165936949e-04 -1.007740353565832e+00
3 46 -1.000274642948000e+00 -1.875283863735926e-03 -9.738464419607980e-04 -1.007742973420581e+00
3 47 -1.000274309597334e+00 -1.874795278326545e-03 -9.742577328184329e-04 -1.007745263196119e+00
3 48 -1.000274021553246e+00 -1.874422508314336e-03 -9.745663607062066e-04 -1.007747194047637e+00
3 49 -1.000273781876196e+00 -1.874171987369090e-03 -9.747594124104324e-04 -1.007748741084183e+00
3 50 -1.000273592963404e+00 -1.874048694934495e-03 -9.748260551576890e-04 -1.007749883982434e+00
3 51 -1.000273456517764e+00 -1.874055922313768e-03 -9.747581744746434e-04 -1.007750607605515e+00
3 52 -1.000273373506940e+00 -1.874195090399860e-03 -9.745507904127355e-04 -1.007750902541178e+00
3 53 -1.000273344124429e+00 -1.874465650956756e-03 -9.742022225994841e-04 -1.007750765455830e+00
3 54 -1.000273367772739e+00 -1.874865084145437e-03 -9.737140480061821e-04 -1.007750199182238e+00
3 55 -1.000273443087142e+00 -1.875388980033575e-03 -9.730909473342282e-04 -1.007749212519214e+00
3 56 -1.000273568006654e+00 -1.876031171926100e-03 -9.723405415774769e-04 -1.007747819799294e+00
3 57 -1.000273739883418e+00 -1.876783886345658e-03 -9.714732741163265e-04 -1.007746040332067e+00
3 58 -1.000273955610838e+00 -1.877637890659259e-03 -9.705023180763780e-04 -1.007743897826238e+00
3 59 -1.000274211748222e+00 -1.878582642653766e-03 -9.694434248226299e-04 -1.007741419845433e+00
3 60 -1.000274504623978e+00 -1.879606460667825e-03 -9.683146131570693e-04 -1.007738637300087e+00
3 61 -1.000274830408706e+00 -1.880696731468632e-03 -9.671356400318315e-04 -1.007735583945742e+00
3 62 -1.000275185161398e+00 -1.881840159738646e-03 -9.659272736303912e-04 -1.007732295850339e+00
3 63 -1.000275564861944e+00 -1.883023044740393e-03 -9.647104716923458e-04 -1.007728810809720e+00
4 0 -1.000276550190717e+00 -1.884086096967235e-03 -9.658524330115106e-04 -1.007724246587675e+00
4 1 -1.000276970415999e+00 -1.885316616195930e-03 -9.646634494541043e-04 -1.007720462745743e+00
4 2 -1.000277402315803e+00 -1.886542761365211e-03 -9.635266272469715e-04 -1.007716608823973e+00
4 3 -1.000277841989630e+00 -1.887751434066170e-03 -9.624581413290016e-04 -1.007712723865698e+00
4 4 -1.000278285728483e+00 -1.888930110742889e-03 -9.614723167216097e-04 -1.007708845980502e+00
4 5 -1.000278730056819e+00 -1.890066965840450e-03 -9.605815098930596e-04 -1.007705011992017e+00
4 6 -1.000279171740202e+00 -1.891151001290741e-03 -9.597959297036768e-04 -1.007701257126784e+00
4 7 -1.000279607755316e+00 -1.892172172597595e-03 -9.591234094459950e-04 -1.007697614753637e+00
4 8 -1.000280035233152e+00 -1.893121493123034e-03 -9.585691961009386e-04 -1.007694116181869e+00
4 9 -1.000280451395495e+00 -1.893991097989806e-03 -9.581358437005605e-04 -1.007690790523688e+00
4 10 -1.000280853505140e+00 -1.894774258329209e-03 -9.578232750474538e-04 -1.007687664620438e+00
4 11 -1.000281238843114e+00 -1.895465354045345e-03 -9.576290202711050e-04 -1.007684763012528e+00
4 12 -1.000281604715687e+00 -1.896059829222385e-03 -9.575485804581542e-04 -1.007682107910479e+00
4 13 -1.000281948482805e+00 -1.896554156228306e-03 -9.575758303988713e-04 -1.007679719127874e+00
4 14 -1.000282267591214e+00 -1.896945820261423e-03 -9.577033792584516e-04 -1.007677613974475e+00
4 15 -1.000282559594268e+00 -1.897233316306592e-03 -9.579228433897555e-04 -1.007675807151350e+00
4 16 -1.000282822148246e+00 -1.897416137378621e-03 -9.582250335139881e-04 -1.007674310707953e+00
4 17 -1.000283052987996e+00 -1.897494731016521e-03 -9.586001013155570e-04 -1.007673134108047e+00
4 18 -1.000283249895932e+00 -1.897470409591393e-03 -9.590377126674094e-04 -1.007672284417725e+00
4 19 -1.000283410683502e+00 -1.897345217062556e-03 -9.595273061790904e-04 -1.007671766582260e+00
4 20 -1.000283533202321e+00 -1.897121774245034e-03 -9.600584590014413e-04 -1.007671583712017e+00
4 21 -1.000283615393949e+00 -1.896803135875525e-03 -9.606213327661727e-04 -1.007671737277887e+00
4 22 -1.000283655374915e+00 -1.896392689201438e-03 -9.612071309975914e-04 -1.007672227142982e+00
4 23 -1.000283651541441e+00 -1.895894109331768e-03 -9.618084795057445e-04 -1.007673051416944e+00
4 24 -1.000283602672012e+00 -1.895311369882909e-03 -9.624196506392079e-04 -1.007674206179040e+00
4 25 -1.000283508008135e+00 -1.894648793345348e-03 -9.630365919090927e-04 -1.007675685154142e+00
4 26 -1.000283367302789e+00 -1.893911115917727e-03 -9.636567787151810e-04 -1.007677479435514e+00
4 27 -1.000283180838463e+00 -1.893103540254564e-03 -9.642789649379699e-04 -1.007679577325571e+00
4 28 -1.000282949427683e+00 -1.892231759562527e-03 -9.649029266701808e-04 -1.007681964312147e+00
4 29 -1.000282674413520e+00 -1.891301952557672e-03 -9.655292715807796e-04 -1.007684623139003e+00
4 30 -1.000282357682660e+00 -1.890320760710601e-03 -9.661593303511778e-04 -1.007687533902901e+00
4 31 -1.000282001691166e+00 -1.889295262444843e-03 -9.667950833226644e-04 -1.007690674127305e+00
4 32 -1.000281609490283e+00 -1.888232956994850e-03 -9.674390339361889e-04 -1.007694018800966e+00
4 33 -1.000281184733415e+00 -1.887141766387693e-03 -9.680939427277799e-04 -1.007697540401329e+00
4 34 -1.000280731648552e+00 -1.886030056012413e-03 -9.687623861200843e-04 -1.007701208941016e+00
4 35 -1.000280254971384e+00 -1.884906663399282e-03 -9.694461825278511e-04 -1.007704992079660e+00
4 36 -1.000279759848855e+00 -1.883780917972040e-03 -9.701457956939346e-04 -1.007708855325615e+00
4 37 -1.000279251734339e+00 -1.882662636390336e-03 -9.708598473132293e-04 -1.007712762316149e+00
4 38 -1.000278736296805e+00 -1.881562084658893e-03 -9.715848385261182e-04 -1.007716675139594e+00
4 39 -1.000278219355232e+00 -1.880489903077390e-03 -9.723151108339588e-04 -1.007720554673303e+00
4 40 -1.000277706832400e+00 -1.879456993661417e-03 -9.730430035724498e-04 -1.007724360944554e+00
4 41 -1.000277204709428e+00 -1.878474375834927e-03 -9.737591178867776e-04 -1.007728053542138e+00
4 42 -1.000276718960554e+00 -1.877553023480722e-03 -9.744525939227484e-04 -1.007731592099079e+00
4 43 -1.000276255456354e+00 -1.876703698595586e-03 -9.751113466338243e-04 -1.007734936845748e+00
4 44 -1.000275819838374e+00 -1.875936791740090e-03 -9.757222649128376e-04 -1.007738049212744e+00
4 45 -1.000275417382807e+00 -1.875262171329036e-03 -9.762714292175784e-04 -1.007740892447178e+00
4 46 -1.000275052878193e+00 -1.874689036220824e-03 -9.767444221982654e-04 -1.007743432201835e+00
4 47 -1.000274730537011e+00 -1.874225759617400e-03 -9.771267885866123e-04 -1.007745637077508e+00
4 48 -1.000274453945687e+00 -1.873879709563912e-03 -9.774046530741610e-04 -1.007747479138516e+00
4 49 -1.000274226041280e+00 -1.873657037955154e-03 -9.775654462092912e-04 -1.007748934446057e+00
4 50 -1.000274049095415e+00 -1.873562446938117e-03 -9.775986409020323e-04 -1.007749983635206e+00
4 51 -1.000273924689855e+00 -1.873598960749661e-03 -9.774963851749169e-04 -1.007750612508324e+00
4 52 -1.000273853679971e+00 -1.873767741261608e-03 -9.772539383458320e-04 -1.007750812564834e+00
4 53 -1.000273836156336e+00 -1.874067981385418e-03 -9.768698712166299e-04 -1.007750581363051e+00
4 54 -1.000273871424465e+00 -1.874496893350617e-03 -9.763460570209745e-04 -1.007749922625779e+00
4 55 -1.000273958022874e+00 -1.875049784525510e-03 -9.756875325553121e-04 -1.007748846057101e+00
4 56 -1.000274093789102e+00 -1.875720192187038e-03 -9.749023231484510e-04 -1.007747366914116e+00
4 57 -1.000274275967588e+00 -1.876500042381592e-03 -9.740012911660596e-04 -1.007745505434561e+00
4 58 -1.000274501340744e+00 -1.877379810673839e-03 -9.729980019827827e-04 -1.007743286226570e+00
4 59 -1.000274766359950e+00 -1.878348684243050e-03 -9.719085406090880e-04 -1.007740737686261e+00
4 60 -1.000275067256238e+00 -1.879394739929653e-03 -9.707511912721502e-04 -1.007737891457296e+00
4 61 -1.000275400119300e+00 -1.880505153721529e-03 -9.695459233174926e-04 -1.007734781911458e+00
4 62 -1.000275760945831e+00 -1.881666446432075e-03 -9.683136954121165e-04 -1.007731445616453e+00
4 63 -1.000276145669651e+00 -1.882864754117930e-03 -9.670756647701467e-04 -1.007727920767125e+00
5 0 -1.000277177117221e+00 -1.884033277451840e-03 -9.678143368799994e-04 -1.007723129023108e+00
5 1 -1.000277601155637e+00 -1.885275902457562e-03 -9.666090098695700e-04 -1.007719316221194e+00
5 2 -1.000278035747455e+00 -1.886511414924426e-03 -9.654591400566256e-04 -1.007715442264847e+00
5 3 -1.000278476956516e+00 -1.887726611532740e-03 -9.643810981788099e-04 -1.007711546381254e+00
5 4 -1.000278921042908e+00 -1.888908893425532e-03 -9.633893378371035e-04 -1.007707666785559e+00
5 5 -1.000279364511528e+00 -1.890046395436866e-03 -9.624962615420859e-04 -1.007703840308689e+00
5 6 -1.000279804126620e+00 -1.891128118966323e-03 -9.617120467082510e-04 -1.007700102069767e+00
5 7 -1.000280236885849e+00 -1.892144057606691e-03 -9.610444401058863e-04 -1.007696485210689e+00
5 8 -1.000280659962672e+00 -1.893085297229746e-03 -9.604985768075423e-04 -1.007693020704817e+00
5 9 -1.000281070637504e+00 -1.893944073627881e-03 -9.600768976331138e-04 -1.007689737241617e+00
5 10 -1.000281466240507e+00 -1.894713780888974e-03 -9.597792192854471e-04 -1.007686661178038e+00
5 11 -1.000281844122407e+00 -1.895388940563374e-03 -9.596029627907310e-04 -1.007683816528326e+00
5 12 -1.000282201658476e+00 -1.895965156353066e-03 -9.595434938785342e-04 -1.007681224945044e+00
5 13 -1.000282536278129e+00 -1.896439079728330e-03 -9.595945005843636e-04 -1.007678905651503e+00
5 14 -1.000282845502410e+00 -1.896808396584000e-03 -9.597483393068388e-04 -1.007676875327076e+00
5 15 -1.000283126968956e+00 -1.897071824743206e-03 -9.599963119337723e-04 -1.007675147993806e+00
5 16 -1.000283378431504e+00 -1.897229099484755e-03 -9.603288766563806e-04 -1.007673734971324e+00
5 17 -1.000283597734992e+00 -1.897280923962545e-03 -9.607358289981512e-04 -1.007672644950396e+00
5 18 -1.000283782780467e+00 -1.897228871925143e-03 -9.612065060859911e-04 -1.007671884195994e+00
5 19 -1.000283931500736e+00 -1.897075248244525e-03 -9.617300594321334e-04 -1.007671456840471e+00
5 20 -1.000284041866369e+00 -1.896822931650136e-03 -9.622958120615916e-04 -1.007671365180902e+00
5 21 -1.000284111932919e+00 -1.896475233415643e-03 -9.628936773512961e-04 -1.007671609878217e+00
5 22 -1.000284139926364e+00 -1.896035799861788e-03 -9.635145842631126e-04 -1.007672189986877e+00
5 23 -1.000284124350270e+00 -1.895508570552872e-03 -9.641508367331854e-04 -1.007673102807212e+00
5 24 -1.000284064091022e+00 -1.894897787778591e-03 -9.647963396870405e-04 -1.007674343612079e+00
5 25 -1.000283958499873e+00 -1.894208041085380e-03 -9.654466532854158e-04 -1.007675905333081e+00
5 26 -1.000283807440500e+00 -1.893444323608311e-03 -9.660988845784813e-04 -1.007677778296842e+00
5 27 -1.000283611304047e+00 -1.892612077064548e-03 -9.667514727557034e-04 -1.007679950077884e+00
5 28 -1.000283371005383e+00 -1.891717211952616e-03 -9.674039471645961e-04 -1.007682405482546e+00
5 29 -1.000283087979559e+00 -1.890766104057140e-03 -9.680567240560149e-04 -1.007685126621029e+00
5 30 -1.000282764192516e+00 -1.889765577965012e-03 -9.687109649605791e-04 -1.007688092999950e+00
5 31 -1.000282402166868e+00 -1.888722888924097e-03 -9.693684663665569e-04 -1.007691281589254e+00
5 32 -1.000282005009462e+00 -1.887645710881782e-03 -9.700315110840200e-04 -1.007694666859379e+00
5 33 -1.000281576420435e+00 -1.886542135485388e-03 -9.707026071513063e-04 -1.007698220814780e+00
5 34 -1.000281120666798e+00 -1.885420682576022e-03 -9.713840779186943e-04 -1.007701913061035e+00
5 35 -1.000280642515134e+00 -1.884290315699588e-03 -9.720775325611701e-04 -1.007705710940089e+00
5 36 -1.000280147133058e+00 -1.883160450710071e-03 -9.727833073274375e-04 -1.007709579750069e+00
5 37 -1.000279639981144e+00 -1.882040946120058e-03 -9.734999930664990e-04 -1.007713483034087e+00
5 38 -1.000279126718990e+00 -1.880942067874446e-03 -9.742241427746086e-04 -1.007717382900233e+00
5 39 -1.000278613138445e+00 -1.879874423395160e-03 -9.749501966529218e-04 -1.007721240346928e+00
5 40 -1.000278105119119e+00 -1.878848860752818e-03 -9.756705978588658e-04 -1.007725015604624e+00
5 41 -1.000277608587024e+00 -1.877876333475449e-03 -9.763760269495609e-04 -1.007728668530140e+00
5 42 -1.000277129454029e+00 -1.876967739674655e-03 -9.770556742274852e-04 -1.007732159083144e+00
5 43 -1.000276673524375e+00 -1.876133749766513e-03 -9.776974969683788e-04 -1.007735447887173e+00
5 44 -1.000276246370009e+00 -1.875384636080271e-03 -9.782884560322939e-04 -1.007738496849787e+00
5 45 -1.000275853192245e+00 -1.874730111784658e-03 -9.788147695828991e-04 -1.007741269796772e+00
5 46 -1.000275498695777e+00 -1.874179178562283e-03 -9.792622418605295e-04 -1.007743733071403e+00
5 47 -1.000275186996971e+00 -1.873739973676559e-03 -9.796167150602688e-04 -1.007745856072857e+00
5 48 -1.000274921573146e+00 -1.873419601262056e-03 -9.798646563316696e-04 -1.007747611751112e+00
5 49 -1.000274705242208e+00 -1.873223936358693e-03 -9.799938427765369e-04 -1.007748977106128e+00
5 50 -1.000274540152553e+00 -1.873157405350208e-03 -9.799940640391794e-04 -1.007749933726713e+00
5 51 -1.000274427765418e+00 -1.873222765812848e-03 -9.798577424308249e-04 -1.007750468354321e+00
5 52 -1.000274368823316e+00 -1.873420921534865e-03 -9.795803829976072e-04 -1.007750573400934e+00
5 53 -1.000274363312876e+00 -1.873750808244359e-03 -9.791608070594238e-04 -1.007750247318028e+00
5 54 -1.000274410441810e+00 -1.874209371815730e-03 -9.786011792664491e-04 -1.007749494720829e+00
5 55 -1.000274508651748e+00 -1.874791637397840e-03 -9.779068893151742e-04 -1.007748326222682e+00
5 56 -1.000274655679240e+00 -1.875490844740404e-03 -9.770863713032007e-04 -1.007746758011583e+00
5 57 -1.000274848661331e+00 -1.876298615096936e-03 -9.761509222083803e-04 -1.007744811264556e+00
5 58 -1.000275084268296e+00 -1.877205124524121e-03 -9.751145260157072e-04 -1.007742511508813e+00
5 59 -1.000275358839921e+00 -1.878199278725631e-03 -9.739936338078279e-04 -1.007739888003340e+00
5 60 -1.000275668503403e+00 -1.879268900233344e-03 -9.728068263701256e-04 -1.007736973165009e+00
5 61 -1.000276009258908e+00 -1.880400941185001e-03 -9.715743081633910e-04 -1.007733802027661e+00
5 62 -1.000276377031219e+00 -1.881581726420447e-03 -9.703172389300294e-04 -1.007730411706315e+00
5 63 -1.000276767698648e+00 -1.882797217815697e-03 -9.690569751846634e-04 -1.007726840841591e+00
6 0 -1.000277839551347e+00 -1.884074120654152e-03 -9.693697723530941e-04 -1.007721826500730e+00
6 1 -1.000278268357319e+00 -1.885330721787843e-03 -9.681471973356918e-04 -1.007717978221554e+00
6 2 -1.000278706632155e+00 -1.886577595919278e-03 -9.669833004837177e-04 -1.007714077386245e+00
6 3 -1.000279150396781e+00 -1.887801420454997e-03 -9.658946557464688e-04 -1.007710163456257e+00
6 4 -1.000279595871196e+00 -1.888989503167189e-03 -9.648958600170607e-04 -1.007706274813385e+00
6 5 -1.000280039528856e+00 -1.890129917356969e-03 -9.639993794842188e-04 -1.007702448369988e+00
6 6 -1.000280478118415e+00 -1.891211639283409e-03 -9.632153744471987e-04 -1.007698719222840e+00
6 7 -1.000280908643249e+00 -1.892224675341180e-03 -9.625515112268874e-04 -1.007695120376659e+00
6 8 -1.000281328304808e+00 -1.893160159494617e-03 -9.620128101026609e-04 -1.007691682556777e+00
6 9 -1.000281734429818e+00 -1.894010405032210e-03 -9.616015907863897e-04 -1.007688434112213e+00
6 10 -1.000282124406111e+00 -1.894768906670139e-03 -9.613175571948777e-04 -1.007685400991414e+00
6 11 -1.000282495646617e+00 -1.895430305525463e-03 -9.611580212637270e-04 -1.007682606752986e+00
6 12 -1.000282845589228e+00 -1.895990342374123e-03 -9.611182229016173e-04 -1.007680072559332e+00
6 13 -1.000283171726297e+00 -1.896445824174579e-03 -9.611916816984895e-04 -1.007677817111748e+00
6 14 -1.000283471645785e+00 -1.896794613161229e-03 -9.613705239319338e-04 -1.007675856528756e+00
6 15 -1.000283743061706e+00 -1.897035626631481e-03 -9.616457573035915e-04 -1.007674204220533e+00
6 16 -1.000283983817976e+00 -1.897168822033280e-03 -9.620074995943212e-04 -1.007672870835495e+00
6 17 -1.000284191864259e+00 -1.897195142648176e-03 -9.624451924635328e-04 -1.007671864336908e+00
6 18 -1.000284365217602e+00 -1.897116412568661e-03 -9.629478401994401e-04 -1.007671190219879e+00
6 19 -1.000284501932428e+00 -1.896935189900694e-03 -9.635043034841128e-04 -1.007670851821993e+00
6 20 -1.000284600100898e+00 -1.896654605518552e-03 -9.641036547688300e-04 -1.007670850634641e+00
6 21 -1.000284657896401e+00 -1.896278221897937e-03 -9.647355741282322e-04 -1.007671186509820e+00
6 22 -1.000284673658162e+00 -1.895809938727054e-03 -9.653907416555695e-04 -1.007671857691483e+00
6 23 -1.000284646000214e+00 -1.895253954766549e-03 -9.660611702739924e-04 -1.007672860665728e+00
6 24 -1.000284573919695e+00 -1.894614778514580e-03 -9.667404253041217e-04 -1.007674189886208e+00
6 25 -1.000284456881156e+00 -1.893897269175810e-03 -9.674236974050653e-04 -1.007675837465318e+00
6 26 -1.000284294864028e+00 -1.893106685067753e-03 -9.681077308517440e-04 -1.007677792922822e+00
6 27 -1.000284088375003e+00 -1.892248719657397e-03 -9.687906466018386e-04 -1.007680043053859e+00
6 28 -1.000283838440011e+00 -1.891329515953354e-03 -9.694717213964153e-04 -1.007682571924279e+00
6 29 -1.000283546596231e+00 -1.890355662772374e-03 -9.701511789759937e-04 -1.007685360947206e+00
6 30 -1.000283214899590e+00 -1.889334183179486e-03 -9.708300193428163e-04 -1.007688388973999e+00
6 31 -1.000282845949494e+00 -1.888272523600910e-03 -9.715098700810105e-04 -1.007691632356827e+00
6 32 -1.000282442917465e+00 -1.887178547169710e-03 -9.721928091527774e-04 -1.007695064983944e+00
6 33 -1.000282009558397e+00 -1.886060532041917e-03 -9.728810999839295e-04 -1.007698658319594e+00
6 34 -1.000281550185916e+00 -1.884927173752578e-03 -9.735768060176974e-04 -1.007702381488184e+00
6 35 -1.000281069605247e+00 -1.883787587609962e-03 -9.742813039776171e-04 -1.007706201433319e+00
6 36 -1.000280573012865e+00 -1.882651304381981e-03 -9.749947673405414e-04 -1.007710083160046e+00
6 37 -1.000280065885138e+00 -1.881528252930054e-03 -9.757157171658257e-04 -1.007713990037691e+00
6 38 -1.000279553881010e+00 -1.880428725122098e-03 -9.764407245022489e-04 -1.007717884121929e+00
6 39 -1.000279042773445e+00 -1.879363317541354e-03 -9.771643049289464e-04 -1.007721726469778e+00
6 40 -1.000278538406050e+00 -1.878342842594793e-03 -9.778789922452148e-04 -1.007725477461814e+00
6 41 -1.000278046655468e+00 -1.877378204094096e-03 -9.785755379148379e-04 -1.007729097176384e+00
6 42 -1.000277573375654e+00 -1.876480240643972e-03 -9.792431708880592e-04 -1.007732545855826e+00
6 43 -1.000277124308223e+00 -1.875659548981886e-03 -9.798698700737088e-04 -1.007735784472392e+00
6 44 -1.000276704959233e+00 -1.874926303032806e-03 -9.804426366169115e-04 -1.007738775364835e+00
6 45 -1.000276320459550e+00 -1.874290081522481e-03 -9.809477872021501e-04 -1.007741482891375e+00
6 46 -1.000275975435562e+00 -1.873759708918147e-03 -9.813713083809054e-04 -1.007743874041205e+00
6 47 -1.000275673913914e+00 -1.873343103567107e-03 -9.816993085697363e-04 -1.007745918972156e+00
6 48 -1.000275419269233e+00 -1.873047118247972e-03 -9.819185795406375e-04 -1.007747591488187e+00
6 49 -1.000275214205733e+00 -1.872877358986944e-03 -9.820172410828990e-04 -1.007748869505921e+00
6 50 -1.000275060752351e+00 -1.872837980616677e-03 -9.819854055614446e-04 -1.007749735554440e+00
6 51 -1.000274960251687e+00 -1.872931476413472e-03 -9.818157785029804e-04 -1.007750177306906e+00
6 52 -1.000274913333737e+00 -1.873158494254149e-03 -9.815041157429545e-04 -1.007750188083714e+00
6 53 -1.000274919880752e+00 -1.873517715607773e-03 -9.810494866781599e-04 -1.007749767226210e+00
6 54 -1.000274979002353e+00 -1.874005823550809e-03 -9.804543388161311e-04 -1.007748920238456e+00
6 55 -1.000275089043705e+00 -1.874617564104998e-03 -9.797244057443064e-04 -1.007747658639815e+00
6 56 -1.000275247641425e+00 -1.875345880670264e-03 -9.788685276905073e-04 -1.007745999548531e+00
6 57 -1.000275451826153e+00 -1.876182087954317e-03 -9.778984444777828e-04 -1.007743965085514e+00
6 58 -1.000275698155936e+00 -1.877116057563496e-03 -9.768285781563395e-04 -1.007741581709007e+00
6 59 -1.000275982856813e+00 -1.878136405922758e-03 -9.756757728140272e-04 -1.007738879561623e+00
6 60 -1.000276301947365e+00 -1.879230691371165e-03 -9.744589336082614e-04 -1.007735891863432e+00
6 61 -1.000276651331007e+00 -1.880385631449206e-03 -9.731985215927283e-04 -1.007732654347903e+00
6 62 -1.000277026851906e+00 -1.881587344687900e-03 -9.719159079458028e-04 -1.007729204718864e+00
6 63 -1.000277424324006e+00 -1.882821609412479e-03 -9.706326477829754e-04 -1.007725582104518e+00
7 0 -1.000278530458690e+00 -1.884208615966079e-03 -9.705006683885641e-04 -1.007720353106191e+00
7 1 -1.000278964936100e+00 -1.885480914217259e-03 -9.692601411032193e-04 -1.007716463229268e+00
7 2 -1.000279407845135e+00 -1.886741020527207e-03 -9.680813936854553e-04 -1.007712528984725e+00
7 3 -1.000279855157319e+00 -1.887975480539955e-03 -9.669812075271912e-04 -1.007708590113958e+00
7 4 -1.000280303044299e+00 -1.889171492120631e-03 -9.659743359148875e-04 -1.007704685222170e+00
7 5 -1.000280747937127e+00 -1.890317046389820e-03 -9.650733266585837e-04 -1.007700851373399e+00
7 6 -1.000281186555191e+00 -1.891401070612492e-03 -9.642883395808283e-04 -1.007697123724748e+00
7 7 -1.000281615892227e+00 -1.892413558411041e-03 -9.636269706954585e-04 -1.007693535234420e+00
7 8 -1.000282033162384e+00 -1.893345666081910e-03 -9.630941273492984e-04 -1.007690116472132e+00
7 9 -1.000282435725076e+00 -1.894189759580226e-03 -9.626920039609579e-04 -1.007686895534961e+00
7 10 -1.000282821014747e+00 -1.894939410627826e-03 -9.624201866350856e-04 -1.007683898044511e+00
7 11 -1.000283186497834e+00 -1.895589356762125e-03 -9.622758784539002e-04 -1.007681147179452e+00
7 12 -1.000283529667499e+00 -1.896135451941775e-03 -9.622542033889615e-04 -1.007678663685241e+00
7 13 -1.000283848071793e+00 -1.896574633307487e-03 -9.623485324823655e-04 -1.007676465815047e+00
7 14 -1.000284139357679e+00 -1.896904913277902e-03 -9.625507876379054e-04 -1.007674569201410e+00
7 15 -1.000284401307029e+00 -1.897125383164818e-03 -9.628517072136108e-04 -1.007672986715746e+00
7 16 -1.000284631845644e+00 -1.897236199593508e-03 -9.632410864373938e-04 -1.007671728402234e+00
7 17 -1.000284829021087e+00 -1.897238526909727e-03 -9.637080212421460e-04 -1.007670801552874e+00
7 18 -1.000284990962195e+00 -1.897134425223410e-03 -9.642411831859323e-04 -1.007670210934654e+00
7 19 -1.000285115843948e+00 -1.896926695987202e-03 -9.648291397825288e-04 -1.007669959116485e+00
7 20 -1.000285201881761e+00 -1.896618715163869e-03 -9.654607154905926e-04 -1.007670046797288e+00
7 21 -1.000285247370065e+00 -1.896214290051297e-03 -9.661253703501844e-04 -1.007670473026042e+00
7 22 -1.000285250764729e+00 -1.895717566799266e-03 -9.668135605439476e-04 -1.007671235239230e+00
7 23 -1.000285210793109e+00 -1.895132996617228e-03 -9.675170400412204e-04 -1.007672329108937e+00
7 24 -1.000285126565513e+00 -1.894465349692698e-03 -9.682290657842575e-04 -1.007673748263171e+00
7 25 -1.000284997662486e+00 -1.893719754667412e-03 -9.689444819194863e-04 -1.007675483977673e+00
7 26 -1.000284824183039e+00 -1.892901740086346e-03 -9.696596811105688e-04 -1.007677524934948e+00
7 27 -1.000284606754991e+00 -1.892017261043046e-03 -9.703724670312477e-04 -1.007679857108204e+00
7 28 -1.000284346522871e+00 -1.891072706199679e-03 -9.710818605118603e-04 -1.007682463770878e+00
7 29 -1.000284045135143e+00 -1.890074891717655e-03 -9.717878927324010e-04 -1.007685325581558e+00
7 30 -1.000283704747653e+00 -1.889031052845205e-03 -9.724914106305256e-04 -1.007688420677298e+00
7 31 -1.000283328046282e+00 -1.887948839687887e-03 -9.731938899528406e-04 -1.007691724734290e+00
7 32 -1.000282918275960e+00 -1.886836316823112e-03 -9.738972240027269e-04 -1.007695211000777e+00
7 33 -1.000282479254022e+00 -1.885701963023489e-03 -9.746034462296221e-04 -1.007698850340208e+00
7 34 -1.000282015347800e+00 -1.884554667574581e-03 -9.753143613148974e-04 -1.007702611328982e+00
7 35 -1.000281531408273e+00 -1.883403720382193e-03 -9.760310976673889e-04 -1.007706460438293e+00
7 36 -1.000281032668349e+00 -1.882258793638637e-03 -9.767536357713695e-04 -1.007710362301531e+00
7 37 -1.000280524628355e+00 -1.881129914184927e-03 -9.774803899657879e-04 -1.007714280036205e+00
7 38 -1.000280012955124e+00 -1.880027425890015e-03 -9.782079147443075e-04 -1.007718175572732e+00
7 39 -1.000279503411208e+00 -1.878961937419152e-03 -9.789307751380510e-04 -1.007722009961498e+00
7 40 -1.000279001811953e+00 -1.877944245087849e-03 -9.796415796150787e-04 -1.007725743675892e+00
7 41 -1.000278513991102e+00 -1.876985220193285e-03 -9.803311406740630e-04 -1.007729336965109e+00
7 42 -1.000278045749786e+00 -1.876095658477243e-03 -9.809887150461604e-04 -1.007732750307181e+00
7 43 -1.000277602771235e+00 -1.875286101150101e-03 -9.816022842377759e-04 -1.007735944975704e+00
7 44 -1.000277190499911e+00 -1.874566644578216e-03 -9.821588588306953e-04 -1.007738883689778e+00
7 45 -1.000276814001311e+00 -1.873946755860199e-03 -9.826448135429428e-04 -1.007741531286358e+00
7 46 -1.000276477829597e+00 -1.873435104644658e-03 -9.830462743083135e-04 -1.007743855348125e+00
7 47 -1.000276185928541e+00 -1.873039409811051e-03 -9.833495790248510e-04 -1.007745826744823e+00
7 48 -1.000275941577157e+00 -1.872766287947356e-03 -9.835418197007763e-04 -1.007747420095422e+00
7 49 -1.000275747372508e+00 -1.872621086873638e-03 -9.836114484624175e-04 -1.007748614202283e+00
7 50 -1.000275605229237e+00 -1.872607696918963e-03 -9.835489012448009e-04 -1.007749392512035e+00
7 51 -1.000275516374472e+00 -1.872728351461472e-03 -9.833471726171047e-04 -1.007749743614689e+00
7 52 -1.000275481326988e+00 -1.872983445930816e-03 -9.830022726496225e-04 -1.007749661729596e+00
7 53 -1.000275499864934e+00 -1.873371411738920e-03 -9.825135147262785e-04 -1.007749147079824e+00
7 54 -1.000275571000131e+00 -1.873888674587654e-03 -9.818836174666158e-04 -1.007748206048765e+00
7 55 -1.000275692982229e+00 -1.874529706926443e-03 -9.811186439209179e-04 -1.007746851051764e+00
7 56 -1.000275863349500e+00 -1.875287159757138e-03 -9.802278304483537e-04 -1.007745100129665e+00
7 57 -1.000276079027904e+00 -1.876152042407310e-03 -9.792233596558945e-04 -1.007742976344496e+00
7 58 -1.000276336464260e+00 -1.877113920119320e-03 -9.781201031459135e-04 -1.007740507089143e+00
7 59 -1.000276631770160e+00 -1.878161115309695e-03 -9.769353183523880e-04 -1.007737723401311e+00
7 60 -1.000276960852389e+00 -1.879280915198417e-03 -9.756882579843405e-04 -1.007734659324746e+00
7 61 -1.000277319511855e+00 -1.880459794599041e-03 -9.743996585624283e-04 -1.007731351321406e+00
7 62 -1.000277703504567e+00 -1.881683657509603e-03 -9.730911119875207e-04 -1.007727837718224e+00
7 63 -1.000278108572012e+00 -1.882938091048283e-03 -9.717843706123031e-04 -1.007724158167137e+00
8 0 -1.000279242528959e+00 -1.884435684569184e-03 -9.711927422952587e-04 -1.007718725408943e+00
8 1 -1.000279683519378e+00 -1.885725227497388e-03 -9.699337928240240e-04 -1.007714788290057e+00
8 2 -1.000280131961658e+00 -1.887000287072147e-03 -9.687395620019755e-04 -1.007710814504257e+00
8 3 -1.000280583772263e+00 -1.888247266706577e-03 -9.676270395299320e-04 -1.007706844113235e+00
8 4 -1.000281035067248e+00 -1.889453239768462e-03 -9.666111457759126e-04 -1.007702915997017e+00
8 5 -1.000281482225399e+00 -1.890606096344634e-03 -9.657045273827715e-04 -1.007699067436293e+00
8 6 -1.000281921924043e+00 -1.891694692018834e-03 -9.649173620165721e-04 -1.007695333727292e+00
8 7 -1.000282351132215e+00 -1.892708982110353e-03 -9.642571895507123e-04 -1.007691747871708e+00
8 8 -1.000282767060990e+00 -1.893640118567010e-03 -9.637288111741585e-04 -1.007688340378843e+00
8 9 -1.000283167087827e+00 -1.894480493969304e-03 -9.633342956883988e-04 -1.007685139186954e+00
8 10 -1.000283548681451e+00 -1.895223732316149e-03 -9.630731082884938e-04 -1.007682169677507e+00
8 11 -1.000283909351879e+00 -1.895864643321212e-03 -9.629423439995934e-04 -1.007679454730071e+00
8 12 -1.000284246639193e+00 -1.896399169068413e-03 -9.629370210139168e-04 -1.007677014751308e+00
8 13 -1.000284558139240e+00 -1.896824350440847e-03 -9.630503826076446e-04 -1.007674867624295e+00
8 14 -1.000284841549613e+00 -1.897138322556075e-03 -9.632741743519815e-04 -1.007673028574533e+00
8 15 -1.000285094710857e+00 -1.897340323127134e-03 -9.635988944121921e-04 -1.007671510013955e+00
8 16 -1.000285315621228e+00 -1.897430681782605e-03 -9.640140393176145e-04 -1.007670321458742e+00
8 17 -1.000285502417906e+00 -1.897410761354953e-03 -9.645083735807249e-04 -1.007669469596334e+00
8 18 -1.000285653335840e+00 -1.897282840650250e-03 -9.650702407324177e-04 -1.007668958516635e+00
8 19 -1.000285766668121e+00 -1.897049952223186e-03 -9.656879149902782e-04 -1.007668790053982e+00
8 20 -1.000285840753800e+00 -1.896715708040525e-03 -9.663499754907785e-04 -1.007668964135884e+00
8 21 -1.000285874010535e+00 -1.896284152218105e-03 -9.670456742986762e-04 -1.007669479021240e+00
8 22 -1.000285865013775e+00 -1.895759669487475e-03 -9.677652673503770e-04 -1.007670331346685e+00
8 23 -1.000285812606977e+00 -1.895146955954750e-03 -9.685002818934346e-04 -1.007671515973594e+00
8 24 -1.000285716015777e+00 -1.894451037260726e-03 -9.692437004914756e-04 -1.007673025703100e+00
8 25 -1.000285574938555e+00 -1.893677308246291e-03 -9.699900488318251e-04 -1.007674850966039e+00
8 26 -1.000285389596472e+00 -1.892831569309044e-03 -9.707353847975388e-04 -1.007676979587881e+00
8 27 -1.000285160742848e+00 -1.891920044343113e-03 -9.714772002172742e-04 -1.007679396685904e+00
8 28 -1.000284889647313e+00 -1.890949378951331e-03 -9.722142592829643e-04 -1.007682084695443e+00
8 29 -1.000284578077740e+00 -1.889926629304652e-03 -9.729464015639656e-04 -1.007685023469303e+00
8 30 -1.000284228298811e+00 -1.888859254716553e-03 -9.736743297634813e-04 -1.007688190378348e+00
8 31 -1.000283843091823e+00 -1.887755119566141e-03 -9.743993858870565e-04 -1.007691560371520e+00
8 32 -1.000283425783460e+00 -1.886622500098768e-03 -9.751233018078313e-04 -1.007695106005283e+00
8 33 -1.000282980260895e+00 -1.885470087273425e-03 -9.758479013266698e-04 -1.007698797488116e+00
8 34 -1.000282510951723e+00 -1.884306979014880e-03 -9.765747391469143e-04 -1.007702602789369e+00
8 35 -1.000282022759029e+00 -1.883142659387660e-03 -9.773046872832416e-04 -1.007706487841815e+00
8 36 -1.000281520958985e+00 -1.881986965948454e-03 -9.780375090069327e-04 -1.007710416834717e+00
8 37 -1.000281011083526e+00 -1.880850049777439e-03 -9.787714780384196e-04 -1.007714352558669e+00
8 38 -1.000280498815704e+00 -1.879742332624976e-03 -9.795030977157509e-04 -1.007718256746060e+00
8 39 -1.000279989916195e+00 -1.878674458718243e-03 -9.802269546274108e-04 -1.007722090373698e+00
8 40 -1.000279490180155e+00 -1.877657228591262e-03 -9.809357137098031e-04 -1.007725813948008e+00
8 41 -1.000279005405417e+00 -1.876701498717497e-03 -9.816202376667987e-04 -1.007729387835802e+00
8 42 -1.000278541346000e+00 -1.875818038841017e-03 -9.822698010094584e-04 -1.007732772701172e+00
8 43 -1.000278103631629e+00 -1.875017353048823e-03 -9.828723709240721e-04 -1.007735930068345e+00
8 44 -1.000277697650008e+00 -1.874309481562911e-03 -9.834149386580941e-04 -1.007738822981642e+00
8 45 -1.000277328406727e+00 -1.873703803716704e-03 -9.838838970360176e-04 -1.007741416697967e+00
8 46 -1.000277000390110e+00 -1.873208858425476e-03 -9.842654664123862e-04 -1.007743679335043e+00
8 47 -1.000276717468317e+00 -1.872832186964190e-03 -9.845461727633787e-04 -1.007745582420457e+00
8 48 -1.000276482832491e+00 -1.872580187748784e-03 -9.847133778232168e-04 -1.007747101340869e+00
8 49 -1.000276298980001e+00 -1.872457963925120e-03 -9.847558497458179e-04 -1.007748215745222e+00
8 50 -1.000276167717408e+00 -1.872469150662372e-03 -9.846643441173183e-04 -1.007748909967493e+00
8 51 -1.000276090160726e+00 -1.872615727892362e-03 -9.844321469457942e-04 -1.007749173492406e+00
8 52 -1.000276066720029e+00 -1.872897844065252e-03 -9.840555236128930e-04 -1.007749001421251e+00
8 53 -1.000276097070654e+00 -1.873313686575015e-03 -9.835340255450306e-04 -1.007748394843688e+00
8 54 -1.000276180127551e+00 -1.873859430815224e-03 -9.828706282415110e-04 -1.007747361007360e+00
8 55 -1.000276314046176e+00 -1.874529283156098e-03 -9.820717051771978e-04 -1.007745913208304e+00
8 56 -1.000276496268565e+00 -1.875315608939780e-03 -9.811468714625111e-04 -1.007744070395334e+00
8 57 -1.000276723618588e+00 -1.876209116767024e-03 -9.801087432546628e-04 -1.007741856559807e+00
8 58 -1.000276992434020e+00 -1.877199067083684e-03 -9.789726441029342e-04 -1.007739300023482e+00
8 59 -1.000277298712640e+00 -1.878273486643147e-03 -9.777562575212278e-04 -1.007736432721924e+00
8 60 -1.000277638247739e+00 -1.879419387472490e-03 -9.764792013422038e-04 -1.007733289534365e+00
8 61 -1.000278006733550e+00 -1.880622996307557e-03 -9.751625028741179e-04 -1.007729907670966e+00
8 62 -1.000278399831761e+00 -1.881869996841803e-03 -9.738279822164541e-04 -1.007726326107635e+00
8 63 -1.000278813204245e+00 -1.883145779272972e-03 -9.724975865427692e-04 -1.007722585049833e+00
9 0 -1.000279968263876e+00 -1.884753167229872e-03 -9.714357775368116e-04 -1.007716962259827e+00
9 1 -1.000280416535230e+00 -1.886061306495512e-03 -9.701582005164944e-04 -1.007712972805835e+00
9 2 -1.000280871345774e+00 -1.887352866974772e-03 -9.689480760961744e-04 -1.007708953824546e+00
9 3 -1.000281328552071e+00 -1.888614101520790e-03 -9.678225994431529e-04 -1.007704945732816e+00
9 4 -1.000281784208452e+00 -1.889831946718855e-03 -9.667968655819607e-04 -1.007700987730640e+00
9 5 -1.000282234632833e+00 -1.890994174802543e-03 -9.658836359203782e-04 -1.007697117374160e+00
9 6 -1.000282676448770e+00 -1.892089548294516e-03 -9.650931255873850e-04 -1.007693370172899e+00
9 7 -1.000283106586149e+00 -1.893107959199788e-03 -9.644328358955214e-04 -1.007689779259753e+00
9 8 -1.000283522237165e+00 -1.894040528328701e-03 -9.639074728601747e-04 -1.007686375178985e+00
9 9 -1.000283920781987e+00 -1.894879648143034e-03 -9.635189831399057e-04 -1.007683185805854e+00
9 10 -1.000284299710158e+00 -1.895618968983438e-03 -9.632667106049786e-04 -1.007680236373179e+00
9 11 -1.000284656564130e+00 -1.896253347271258e-03 -9.631476442268495e-04 -1.007677549547451e+00
9 12 -1.000284988921608e+00 -1.896778787419102e-03 -9.631567064991977e-04 -1.007675145478463e+00
9 13 -1.000285294417737e+00 -1.897192407123525e-03 -9.632870335527888e-04 -1.007673041759846e+00
9 14 -1.000285570791851e+00 -1.897492435604460e-03 -9.635302241808336e-04 -1.007671253292715e+00
9 15 -1.000285815933257e+00 -1.897678227133282e-03 -9.638765695972505e-04 -1.007669792115194e+00
9 16 -1.000286027902213e+00 -1.897750255216633e-03 -9.643152974017949e-04 -1.007668667300049e+00
9 17 -1.000286204915940e+00 -1.897710055557380e-03 -9.648348610962438e-04 -1.007667885005731e+00
9 18 -1.000286345308299e+00 -1.897560105370883e-03 -9.654232858881143e-04 -1.007667448705259e+00
9 19 -1.000286447486401e+00 -1.897303653151684e-03 -9.660685557959673e-04 -1.007667359542197e+00
9 20 -1.000286509911797e+00 -1.896944535288310e-03 -9.667590083923158e-04 -1.007667616702810e+00
9 21 -1.000286531126494e+00 -1.896487023119058e-03 -9.674836989665087e-04 -1.007668217675605e+00
9 22 -1.000286509827902e+00 -1.895935731216027e-03 -9.682327053410170e-04 -1.007669158309368e+00
9 23 -1.000286444978068e+00 -1.895295592046327e-03 -9.689973600228028e-04 -1.007670432662159e+00
9 24 -1.000286335919762e+00 -1.894571878669975e-03 -9.697704074999279e-04 -1.007672032712817e+00
9 25 -1.000286182470417e+00 -1.893770246288923e-03 -9.705460876172992e-04 -1.007673948046808e+00
9 26 -1.000285984974982e+00 -1.892896765823554e-03 -9.713201456965113e-04 -1.007676165621634e+00
9 27 -1.000285744315464e+00 -1.891957934276525e-03 -9.720897718161317e-04 -1.007678669673636e+00
9 28 -1.000285461891814e+00 -1.890960663036581e-03 -9.728534757011831e-04 -1.007681441762727e+00
9 29 -1.000285139598276e+00 -1.889912259098531e-03 -9.736109071846697e-04 -1.007684460891872e+00
9 30 -1.000284779816358e+00 -1.888820416268805e-03 -9.743626332597405e-04 -1.007687703620038e+00
9 31 -1.000284385431016e+00 -1.887693222233796e-03 -9.751098802698899e-04 -1.007691144123789e+00
9 32 -1.000283959858484e+00 -1.886539173061257e-03 -9.758542437251305e-04 -1.007694754222948e+00
9 33 -1.000283507062655e+00 -1.885367180823976e-03 -9.765973625985263e-04 -1.007698503424526e+00
9 34 -1.000283031537397e+00 -1.884186563884185e-03 -9.773405572019902e-04 -1.007702359039917e+00
9 35 -1.000282538243557e+00 -1.883007016739627e-03 -9.780844428006327e-04 -1.007706286405673e+00
9 36 -1.000282032506631e+00 -1.881838563327994e-03 -9.788285479037236e-04 -1.007710249201645e+00
9 37 -1.000281519897158e+00 -1.880691503375985e-03 -9.795709756575772e-04 -1.007714209820952e+00
9 38 -1.000281006122372e+00 -1.879576361811534e-03 -9.803081444654691e-04 -1.007718129726552e+00
9 39 -1.000280496949509e+00 -1.878503842010576e-03 -9.810346333808655e-04 -1.007721969754293e+00
9 40 -1.000279998161721e+00 -1.877484769161009e-03 -9.817431441058973e-04 -1.007725690383131e+00
9 41 -1.000279515528287e+00 -1.876530002668272e-03 -9.824245781940473e-04 -1.007729252043033e+00
9 42 -1.000279054762478e+00 -1.875650303354353e-03 -9.830682189581998e-04 -1.007732615531875e+00
9 43 -1.000278621446082e+00 -1.874856156775926e-03 -9.836620049202432e-04 -1.007735742570409e+00
9 44 -1.000278220915293e+00 -1.874157568310746e-03 -9.841928825615729e-04 -1.007738596470367e+00
9 45 -1.000277858121376e+00 -1.873563853376838e-03 -9.846472252754740e-04 -1.007741142847420e+00
9 46 -1.000277537493337e+00 -1.873083445261642e-03 -9.850113025475010e-04 -1.007743350291398e+00
9 47 -1.000277262831400e+00 -1.872723731835118e-03 -9.852717835776949e-04 -1.007745190926057e+00
9 48 -1.000277037247204e+00 -1.872490914196854e-03 -9.854162639859449e-04 -1.007746640849745e+00
9 49 -1.000276863146564e+00 -1.872389866799874e-03 -9.854338061046591e-04 -1.007747680511357e+00
9 50 -1.000276742235019e+00 -1.872423981088444e-03 -9.853154764418706e-04 -1.007748295095322e+00
9 51 -1.000276675522976e+00 -1.872594992240435e-03 -9.850548510482999e-04 -1.007748474951152e+00
9 52 -1.000276663315668e+00 -1.872902809576713e-03 -9.846484490346791e-04 -1.007748216036294e+00
9 53 -1.000276705188065e+00 -1.873345384586343e-03 -9.840960520698205e-04 -1.007747520284036e+00
9 54 -1.000276799959916e+00 -1.873918651182762e-03 -9.834008759965836e-04 -1.007746395785028e+00
9 55 -1.000276945694343e+00 -1.874616559225149e-03 -9.825695813083682e-04 -1.007744856694646e+00
9 56 -1.000277139739844e+00 -1.875431197985251e-03 -9.816121373558758e-04 -1.007742922847529e+00
9 57 -1.000277378821611e+00 -1.876352983414198e-03 -9.805415754555197e-04 -1.007740619143867e+00
9 58 -1.000277659171592e+00 -1.877370876265419e-03 -9.793736638255763e-04 -1.007737974819536e+00
9 59 -1.000277976675720e+00 -1.878472609401037e-03 -9.781265160630976e-04 -1.007735022701530e+00
9 60 -1.000278327013710e+00 -1.879644918812594e-03 -9.768201259836697e-04 -1.007731798506733e+00
9 61 -1.000278705770609e+00 -1.880873780666453e-03 -9.754758227799479e-04 -1.007728340203810e+00
9 62 -1.000279108509036e+00 -1.882144654955652e-03 -9.741156600379154e-04 -1.007724687435446e+00
9 63 -1.000279530805099e+00 -1.883442731279130e-03 -9.727617759630919e-04 -1.007720880983956e+00
10 0 -1.000280700067837e+00 -1.885157835036065e-03 -9.712238621807796e-04 -1.007715084519463e+00
10 1 -1.000281156303576e+00 -1.886485705777492e-03 -9.699277417121998e-04 -1.007711038258005e+00
10 2 -1.000281618242006e+00 -1.887795119261724e-03 -9.687015637604975e-04 -1.007706968978978e+00
10 3 -1.000282081675710e+00 -1.889072171633637e-03 -9.675627221067511e-04 -1.007702917483945e+00
10 4 -1.000282542592287e+00 -1.890303652750343e-03 -9.665264905480961e-04 -1.007698923331549e+00
10 5 -1.000282997241511e+00 -1.891477202245502e-03 -9.656057595399051e-04 -1.007695024405685e+00
10 6 -1.000283442182726e+00 -1.892581469784167e-03 -9.648108018870665e-04 -1.007691256497829e+00
10 7 -1.000283874293146e+00 -1.893606260156829e-03 -9.641491003122798e-04 -1.007687652955724e+00
10 8 -1.000284290730626e+00 -1.894542636719917e-03 -9.636252801398789e-04 -1.007684244452124e+00
10 9 -1.000284688862352e+00 -1.895382964655884e-03 -9.632411732232695e-04 -1.007681058896403e+00
10 10 -1.000285066184319e+00 -1.896120893680433e-03 -9.629960048504172e-04 -1.007678121467954e+00
10 11 -1.000285420259230e+00 -1.896751300554361e-03 -9.628866613442810e-04 -1.007675454710145e+00
10 12 -1.000285748692255e+00 -1.897270225777724e-03 -9.629079792668209e-04 -1.007673078600710e+00
10 13 -1.000286049148642e+00 -1.897674836458715e-03 -9.630530076566329e-04 -1.007671010527258e+00
10 14 -1.000286319399965e+00 -1.897963426277404e-03 -9.633132290161110e-04 -1.007669265152981e+00
10 15 -1.000286557373794e+00 -1.898135434618195e-03 -9.636787640206360e-04 -1.007667854232496e+00
10 16 -1.000286761181218e+00 -1.898191447705399e-03 -9.641386061434659e-04 -1.007666786485150e+00
10 17 -1.000286929108764e+00 -1.898133145766651e-03 -9.646809243137454e-04 -1.007666067623680e+00
10 18 -1.000287059580276e+00 -1.897963180651678e-03 -9.652934409824857e-04 -1.007665700575169e+00
10 19 -1.000287151110886e+00 -1.897684998206213e-03 -9.659638573172103e-04 -1.007665685847529e+00
10 20 -1.000287202281965e+00 -1.897302645326607e-03 -9.666802746961165e-04 -1.007666021924382e+00
10 21 -1.000287211759985e+00 -1.896820609723538e-03 -9.674315621743982e-04 -1.007666705548931e+00
10 22 -1.000287178365925e+00 -1.896243725922491e-03 -9.682076403212848e-04 -1.007667731799354e+00
10 23 -1.000287101182242e+00 -1.895577152589953e-03 -9.689996787051807e-04 -1.007669093944308e+00
10 24 -1.000286979670157e+00 -1.894826400332345e-03 -9.698002217667676e-04 -1.007670783151321e+00
10 25 -1.000286813767049e+00 -1.893997376987150e-03 -9.706032597373435e-04 -1.007672788165607e+00
10 26 -1.000286603942656e+00 -1.893096420239460e-03 -9.714042525107760e-04 -1.007675095072754e+00
10 27 -1.000286351209622e+00 -1.892130301299802e-03 -9.722001034804006e-04 -1.007677687213181e+00
10 28 -1.000286057101895e+00 -1.891106203012999e-03 -9.729890734613567e-04 -1.007680545244953e+00
10 29 -1.000285723645766e+00 -1.890031691904864e-03 -9.737706252932659e-04 -1.007683647285310e+00
10 30 -1.000285353346734e+00 -1.888914705586239e-03 -9.745451978028607e-04 -1.007686969040856e+00
10 31 -1.000284949200999e+00 -1.887763562904372e-03 -9.753139187472607e-04 -1.007690483876002e+00
10 32 -1.000284514721417e+00 -1.886586985907014e-03 -9.760782730367783e-04 -1.007694162836542e+00
10 33 -1.000284053954792e+00 -1.885394113991333e-03 -9.768397428749963e-04 -1.007697974690262e+00
10 34 -1.000283571466679e+00 -1.884194494676109e-03 -9.775994354660424e-04 -1.007701886048273e+00
10 35 -1.000283072280719e+00 -1.882998045929186e-03 -9.783577161633927e-04 -1.007705861601350e+00
10 36 -1.000282561777032e+00 -1.881814996038454e-03 -9.791138681074483e-04 -1.007709864462377e+00
10 37 -1.000282045570986e+00 -1.880655815511802e-03 -9.798657987863408e-04 -1.007713856562378e+00
10 38 -1.000281529401393e+00 -1.879531156536837e-03 -9.806098098906514e-04 -1.007717799026729e+00
10 39 -1.000281019050203e+00 -1.878451804762194e-03 -9.813404436139009e-04 -1.007721652484116e+00
10 40 -1.000280520296751e+00 -1.877428630300921e-03 -9.820504177182488e-04 -1.007725377325647e+00
10 41 -1.000280038889430e+00 -1.876472513185305e-03 -9.827306609253442e-04 -1.007728933989183e+00
10 42 -1.000279580507658e+00 -1.875594222288540e-03 -9.833704577056456e-04 -1.007732283352446e+00
10 43 -1.000279150691391e+00 -1.874804242827744e-03 -9.839577067882162e-04 -1.007735387276926e+00
10 44 -1.000278754730886e+00 -1.874112565962860e-03 -9.844792887228127e-04 -1.007738209282755e+00
10 45 -1.000278397528782e+00 -1.873528466686813e-03 -9.849215235713383e-04 -1.007740715281363e+00
10 46 -1.000278083461410e+00 -1.873060298346541e-03 -9.852706860519614e-04 -1.007742874267873e+00
10 47 -1.000277816268942e+00 -1.872715321172695e-03 -9.855135421969045e-04 -1.007744658894653e+00
10 48 -1.000277598992217e+00 -1.872499561972252e-03 -9.856378816014220e-04 -1.007746045908860e+00
10 49 -1.000277433954210e+00 -1.872417684978153e-03 -9.856330334545144e-04 -1.007747016505179e+00
10 50 -1.000277322767404e+00 -1.872472851991985e-03 -9.854903610696933e-04 -1.007747556673207e+00
10 51 -1.000277266343268e+00 -1.872666564602485e-03 -9.852037251360990e-04 -1.007747657588773e+00
10 52 -1.000277264887219e+00 -1.872998502895679e-03 -9.847698945730289e-04 -1.007747316031977e+00
10 53 -1.000277317877352e+00 -1.873466392463642e-03 -9.841888717968383e-04 -1.007746534749529e+00
10 54 -1.000277424040885e+00 -1.874065936861689e-03 -9.834640938406749e-04 -1.007745322645835e+00
10 55 -1.000277581351367e+00 -1.874790841793302e-03 -9.826024802769315e-04 -1.007743694705495e+00
10 56 -1.000277787067176e+00 -1.875632932965092e-03 -9.816143235770655e-04 -1.007741671618743e+00
10 57 -1.000278037818833e+00 -1.876582344712635e-03 -9.805130433891696e-04 -1.007739279166896e+00
10 58 -1.000278329736550e+00 -1.877627746568370e-03 -9.793148356603528e-04 -1.007736547477028e+00
10 59 -1.000278658597783e+00 -1.878756583128070e-03 -9.780382385070473e-04 -1.007733510250834e+00
10 60 -1.000279019970333e+00 -1.879955317215127e-03 -9.767036248495039e-04 -1.007730204034085e+00
10 61 -1.000279409329238e+00 -1.881209674869317e-03 -9.753326319402885e-04 -1.007726667554966e+00
10 62 -1.000279822134684e+00 -1.882504891245129e-03 -9.739475495730696e-04 -1.007722941133370e+00
10 63 -1.000280253871970e+00 -1.883825953739758e-03 -9.725707016730988e-04 -1.007719066145159e+00
11 0 -1.000281430340655e+00 -1.885645424642959e-03 -9.705555799485580e-04 -1.007713114718688e+00
11 1 -1.000281895129562e+00 -1.886993927217351e-03 -9.692413076888636e-04 -1.007709007861735e+00
11 2 -1.000282364869311e+00 -1.888322330319644e-03 -9.679991885476541e-04 -1.007704883803280e+00
11 3 -1.000282835285195e+00 -1.889616569464586e-03 -9.668468039291734e-04 -1.007700783753637e+00
11 4 -1.000283302294163e+00 -1.890863280127776e-03 -9.657996067367013e-04 -1.007696747662459e+00
11 5 -1.000283762071926e+00 -1.892049956784860e-03 -9.648706283682678e-04 -1.007692813787037e+00
11 6 -1.000284211104594e+00 -1.893165118427295e-03 -9.640702190308780e-04 -1.007689018262949e+00
11 7 -1.000284646204361e+00 -1.894198460207476e-03 -9.634058643840709e-04 -1.007685394731088e+00
11 8 -1.000285064479908e+00 -1.895140962317675e-03 -9.628821268289981e-04 -1.007681974083485e+00
11 9 -1.000285463269684e+00 -1.895984935304029e-03 -9.625007346590355e-04 -1.007678784360881e+00
11 10 -1.000285840061205e+00 -1.896724000818888e-03 -9.622608003029585e-04 -1.007675850786224e+00
11 11 -1.000286192424442e+00 -1.897353029198408e-03 -9.621591120229354e-04 -1.007673195871963e+00
11 12 -1.000286517981022e+00 -1.897868070335354e-03 -9.621904300137512e-04 -1.007670839511303e+00
11 13 -1.000286814416354e+00 -1.898266312707674e-03 -9.623477357948498e-04 -1.007668798972434e+00
11 14 -1.000287079524217e+00 -1.898546084189229e-03 -9.626224263000891e-04 -1.007667088769752e+00
11 15 -1.000287311259602e+00 -1.898706877210854e-03 -9.630044898389575e-04 -1.007665720466580e+00
11 16 -1.000287507772724e+00 -1.898749358241809e-03 -9.634827245205370e-04 -1.007664702522236e+00
11 17 -1.000287667407547e+00 -1.898675321018526e-03 -9.640450471659743e-04 -1.007664040294466e+00
11 18 -1.000287788667238e+00 -1.898487564638524e-03 -9.646788995821285e-04 -1.007663736246224e+00
11 19 -1.000287870167062e+00 -1.898189710415609e-03 -9.653717123163662e-04 -1.007663790315549e+00
11 20 -1.000287910603945e+00 -1.897785999611665e-03 -9.661113580116288e-04 -1.007664200330035e+00
11 21 -1.000287908767668e+00 -1.897281123930095e-03 -9.668865299297658e-04 -1.007664962318968e+00
11 22 -1.000287863603374e+00 -1.896680126471519e-03 -9.676870113953698e-04 -1.007666070613512e+00
11 23 -1.000287774314990e+00 -1.895988380369672e-03 -9.685038404438609e-04 -1.007667517713261e+00
11 24 -1.000287640483058e+00 -1.895211622365126e-03 -9.693294003980096e-04 -1.007669293991078e+00
11 25 -1.000287462165385e+00 -1.894356003384252e-03 -9.701574709046732e-04 -1.007671387362836e+00
11 26 -1.000287239956799e+00 -1.893428121526752e-03 -9.709832581408516e-04 -1.007673783046069e+00
11 27 -1.000286975001353e+00 -1.892435020060613e-03 -9.718033989128542e-04 -1.007676463480442e+00
11 28 -1.000286668969248e+00 -1.891384155835351e-03 -9.726159142592421e-04 -1.007679408406179e+00
11 29 -1.000286324023181e+00 -1.890283361311658e-03 -9.734200837465830e-04 -1.007682595027609e+00
11 30 -1.000285942798730e+00 -1.889140825727834e-03 -9.742162243623169e-04 -1.007685998165318e+00
11 31 -1.000285528410070e+00 -1.887965105713947e-03 -9.750053805107495e-04 -1.007689590337995e+00
11 32 -1.000285084473047e+00 -1.886765153842242e-03 -9.757889516119293e-04 -1.007693341786883e+00
11 33 -1.000284615122921e+00 -1.885550340674661e-03 -9.765682929850480e-04 -1.007697220510874e+00
11 34 -1.000284125001683e+00 -1.884330448523017e-03 -9.773443246183708e-04 -1.007701192387569e+00
11 35 -1.000283619200095e+00 -1.883115628485334e-03 -9.781171753653567e-04 -1.007705221421623e+00
11 36 -1.000283103157428e+00 -1.881916328001739e-03 -9.788858793518839e-04 -1.007709270109680e+00
11 37 -1.000282582539304e+00 -1.880743207869826e-03 -9.796481290149162e-04 -1.007713299862861e+00
11 38 -1.000282063122783e+00 -1.879607069737260e-03 -9.804000808702788e-04 -1.007717271405839e+00
11 39 -1.000281550712236e+00 -1.878518803663095e-03 -9.811362117466179e-04 -1.007721145096727e+00
11 40 -1.000281051091298e+00 -1.877489344714843e-03 -9.818492341319791e-04 -1.007724881178929e+00
11 41 -1.000280569995375e+00 -1.876529611108605e-03 -9.825300919876938e-04 -1.007728440042462e+00
11 42 -1.000280113077256e+00 -1.875650396059160e-03 -9.831680649656927e-04 -1.007731782591098e+00
11 43 -1.000279685841469e+00 -1.874862201468758e-03 -9.837510046869901e-04 -1.007734870771980e+00
11 44 -1.000279293538216e+00 -1.874175023931208e-03 -9.842657095207252e-04 -1.007737668254238e+00
11 45 -1.000278941027512e+00 -1.873598121156392e-03 -9.846984168724036e-04 -1.007740141179744e+00
11 46 -1.000278632639774e+00 -1.873139792388702e-03 -9.850353657715428e-04 -1.007742258878865e+00
11 47 -1.000278372062950e+00 -1.872807196590195e-03 -9.852633730280200e-04 -1.007743994461538e+00
11 48 -1.000278162275851e+00 -1.872606210793349e-03 -9.853703794734704e-04 -1.007745325255811e+00
11 49 -1.000278005527826e+00 -1.872541310085168e-03 -9.853459485879036e-04 -1.007746233140092e+00
11 50 -1.000277903347195e+00 -1.872615443725097e-03 -9.851817207477216e-04 -1.007746704854412e+00
11 51 -1.000277856554196e+00 -1.872829893342503e-03 -9.848718317514975e-04 -1.007746732354022e+00
11 52 -1.000277865260463e+00 -1.873184121523792e-03 -9.844132940315237e-04 -1.007746313201131e+00
11 53 -1.000277928851808e+00 -1.873675639985957e-03 -9.838063194114921e-04 -1.007745450917928e+00
11 54 -1.000278045966767e+00 -1.874299935720988e-03 -9.830545443391357e-04 -1.007744155183799e+00
11 55 -1.000278214493110e+00 -1.875050485607302e-03 -9.821651154774257e-04 -1.007742441772840e+00
11 56 -1.000278431603226e+00 -1.875918867158577e-03 -9.811486114642699e-04 -1.007740332192551e+00
11 57 -1.000278693837597e+00 -1.876894947118917e-03 -9.800188055641790e-04 -1.007737853070155e+00
11 58 -1.000278997229716e+00 -1.877967115781847e-03 -9.787922950017004e-04 -1.007735035392143e+00
11 59 -1.000279337453277e+00 -1.879122538944791e-03 -9.774880271805988e-04 -1.007731913707910e+00
11 60 -1.000279709967436e+00 -1.880347412717610e-03 -9.761267491482288e-04 -1.007728525373259e+00
11 61 -1.000280110138039e+00 -1.881627216503104e-03 -9.747304067697871e-04 -1.007724909867864e+00
11 62 -1.000280533321047e+00 -1.882946962105320e-03 -9.733215254747478e-04 -1.007721108190888e+00
11 63 -1.000280974907279e+00 -1.884291435417933e-03 -9.719226078559620e-04 -1.007717162320789e+00
12 0 -1.000282151571312e+00 -1.886210697762561e-03 -9.694341476214518e-04 -1.007711076658274e+00
12 1 -1.000282625398117e+00 -1.887580482411989e-03 -9.681024330426900e-04 -1.007706906158094e+00
12 2 -1.000283103516397e+00 -1.888928778860980e-03 -9.668447726738755e-04 -1.007702723520786e+00
12 3 -1.000283581581624e+00 -1.890241360318158e-03 -9.656789204349399e-04 -1.007698570383818e+00
12 4 -1.000284055437235e+00 -1.891504702619271e-03 -9.646205043549068e-04 -1.007694487113923e+00
12 5 -1.000284521180293e+00 -1.892706144957277e-03 -9.636827052706649e-04 -1.007690512380486e+00
12 6 -1.000284975216144e+00 -1.893834060062506e-03 -9.628759690277457e-04 -1.007686682718164e+00
12 7 -1.000285414280978e+00 -1.894878012611139e-03 -9.622078067322200e-04 -1.007683032133350e+00
12 8 -1.000285835420329e+00 -1.895828874664850e-03 -9.616827386585034e-04 -1.007679591824596e+00
12 9 -1.000286235928413e+00 -1.896678874946995e-03 -9.613024044271344e-04 -1.007676390059980e+00
12 10 -1.000286613269046e+00 -1.897421579524166e-03 -9.610658120963942e-04 -1.007673452203322e+00
12 11 -1.000286965005822e+00 -1.898051825247955e-03 -9.609696577255863e-04 -1.007670800830018e+00
12 12 -1.000287288765038e+00 -1.898565644288585e-03 -9.610086346779126e-04 -1.007668455838684e+00
12 13 -1.000287582241729e+00 -1.898960218267538e-03 -9.611756757139850e-04 -1.007666434466368e+00
12 14 -1.000287843241568e+00 -1.899233879141098e-03 -9.614621221907896e-04 -1.007664751168084e+00
12 15 -1.000288069735900e+00 -1.899386140184516e-03 -9.618578689472908e-04 -1.007663417408722e+00
12 16 -1.000288259901814e+00 -1.899417714427839e-03 -9.623515608130699e-04 -1.007662441484352e+00
12 17 -1.000288412127817e+00 -1.899330475794100e-03 -9.629309006426099e-04 -1.007661828494844e+00
12 18 -1.000288524984353e+00 -1.899127340485415e-03 -9.635830780452172e-04 -1.007661580528692e+00
12 19 -1.000288597177291e+00 -1.898812080645122e-03 -9.642952703026928e-04 -1.007661697028361e+00
12 20 -1.000288627513003e+00 -1.898389113084758e-03 -9.650551317718466e-04 -1.007662175221319e+00
12 21 -1.000288614901728e+00 -1.897863318812183e-03 -9.658511912288986e-04 -1.007663010463221e+00
12 22 -1.000288558412199e+00 -1.897239936643473e-03 -9.666731140669139e-04 -1.007664196368300e+00
12 23 -1.000288457370273e+00 -1.896524541598140e-03 -9.675118370782847e-04 -1.007665724691560e+00
12 24 -1.000288311476219e+00 -1.895723083909595e-03 -9.683596214528034e-04 -1.007667585032725e+00
12 25 -1.000288120908044e+00 -1.894841945714231e-03 -9.692100776075974e-04 -1.007669764497152e+00
12 26 -1.000287886385002e+00 -1.893887976125735e-03 -9.700581939702221e-04 -1.007672247447945e+00
12 27 -1.000287609182321e+00 -1.892868485368702e-03 -9.709003654979303e-04 -1.007675015428356e+00
12 28 -1.000287291107586e+00 -1.891791204220411e-03 -9.717343859768283e-04 -1.007678047253346e+00
12 29 -1.000286934462878e+00 -1.890664234984289e-03 -9.725593566444859e-04 -1.007681319196417e+00
12 30 -1.000286542018485e+00 -1.889496024141554e-03 -9.733754779718150e-04 -1.007684805167963e+00
12 31 -1.000286117012180e+00 -1.888295371148920e-03 -9.741837238678818e-04 -1.007688476815150e+00
12 32 -1.000285663168499e+00 -1.887071462378144e-03 -9.749854313748196e-04 -1.007692303550302e+00
12 33 -1.000285184716167e+00 -1.885833901520311e-03 -9.757818591182942e-04 -1.007696252580727e+00
12 34 -1.000284686377666e+00 -1.884592708381334e-03 -9.765737692687432e-04 -1.007700289026552e+00
12 35 -1.000284173314375e+00 -1.883358273324409e-03 -9.773610736458634e-04 -1.007704376176107e+00
12 36 -1.000283651028429e+00 -1.882141274324509e-03 -9.781425607189979e-04 -1.007708475869620e+00
12 37 -1.000283125240324e+00 -1.880952578988481e-03 -9.789156947674388e-04 -1.007712548948163e+00
12 38 -1.000282601771254e+00 -1.879803158283088e-03 -9.796764629693294e-04 -1.007716555678833e+00
12 39 -1.000282086455121e+00 -1.878704027436461e-03 -9.804192500773782e-04 -1.007720456089739e+00
12 40 -1.000281585087790e+00 -1.877666205988542e-03 -9.811367419556496e-04 -1.007724210218131e+00
12 41 -1.000281103399673e+00 -1.876700667478625e-03 -9.818198858380037e-04 -1.007727778350959e+00
12 42 -1.000280647024323e+00 -1.875818244728353e-03 -9.824579522833541e-04 -1.007731121365651e+00
12 43 -1.000280221437454e+00 -1.875029471872443e-03 -9.830387424923648e-04 -1.007734201241696e+00
12 44 -1.000279831855393e+00 -1.874344369307856e-03 -9.835489619348600e-04 -1.007736981738232e+00
12 45 -1.000279483101817e+00 -1.873772199806747e-03 -9.839747416616016e-04 -1.007739429160989e+00
12 46 -1.000279179468065e+00 -1.873321233988870e-03 -9.843022482760419e-04 -1.007741513103510e+00
12 47 -1.000278924597596e+00 -1.872998556212648e-03 -9.845183047325831e-04 -1.007743207059381e+00
12 48 -1.000278721415991e+00 -1.872809919599029e-03 -9.846109585048589e-04 -1.007744488864669e+00
12 49 -1.000278572108540e+00 -1.872759633432513e-03 -9.845699704700255e-04 -1.007745341012326e+00
12 50 -1.000278478128911e+00 -1.872850454053550e-03 -9.843872332289912e-04 -1.007745750930288e+00
12 51 -1.000278440214643e+00 -1.873083459122087e-03 -9.840571437526398e-04 -1.007745711298593e+00
12 52 -1.000278458390740e+00 -1.873457907823167e-03 -9.835769484864091e-04 -1.007745220412487e+00
12 53 -1.000278531956613e+00 -1.873971112544707e-03 -9.829470550969748e-04 -1.007744282522094e+00
12 54 -1.000278659467134e+00 -1.874618359999528e-03 -9.821712757524658e-04 -1.007742908033743e+00
12 55 -1.000278838728921e+00 -1.875392915988617e-03 -9.812569494501132e-04 -1.007741113463217e+00
12 56 -1.000279066833188e+00 -1.876286127999789e-03 -9.802148991250100e-04 -1.007738921088834e+00
12 57 -1.000279340235874e+00 -1.877287612699301e-03 -9.790592094209277e-04 -1.007736358338986e+00
12 58 -1.000279654879827e+00 -1.878385496910502e-03 -9.778068432017460e-04 -1.007733457017709e+00
12 59 -1.000280006340866e+00 -1.879566680578453e-03 -9.764771327312315e-04 -1.007730252486052e+00
12 60 -1.000280389974092e+00 -1.880817102709417e-03 -9.750911862654236e-04 -1.007726782882646e+00
12 61 -1.000280801038631e+00 -1.882122002749034e-03 -9.736712527420195e-04 -1.007723088421334e+00
12 62 -1.000281234786285e+00 -1.883466173778172e-03 -9.722400886697068e-04 -1.007719210772599e+00
12 63 -1.000281686511293e+00 -1.884834203450553e-03 -9.708203662243509e-04 -1.007715192518019e+00
13 0 -1.000282856431018e+00 -1.886847522667134e-03 -9.678674944553355e-04 -1.007708994961302e+00
13 1 -1.000283339668154e+00 -1.888238977655194e-03 -9.665193666300016e-04 -1.007704758556957e+00
13 2 -1.000283826637051e+00 -1.889607824195673e-03 -9.652468601567938e-04 -1.007700514276070e+00
13 3 -1.000284312921552e+00 -1.890939673614290e-03 -9.640678824191979e-04 -1.007696304196603e+00
13 4 -1.000284794289680e+00 -1.892220839277254e-03 -9.629982278855293e-04 -1.007692169122459e+00
13 5 -1.000285266756578e+00 -1.893438497563027e-03 -9.620512311498152e-04 -1.007688148166644e+00
13 6 -1.000285726640844e+00 -1.894580861703511e-03 -9.612374496444083e-04 -1.007684278310348e+00
13 7 -1.000286170593150e+00 -1.895637346852846e-03 -9.605644426295524e-04 -1.007680593991203e+00
13 8 -1.000286595583045e+00 -1.896598693150938e-03 -9.600367112704368e-04 -1.007677126796619e+00
13 9 -1.000286998845565e+00 -1.897457020854017e-03 -9.596558245804816e-04 -1.007673905315323e+00
13 10 -1.000287377805512e+00 -1.898205812806820e-03 -9.594206977401918e-04 -1.007670955149258e+00
13 11 -1.000287730005899e+00 -1.898839844869494e-03 -9.593279422738383e-04 -1.007668299032332e+00
13 12 -1.000288053065290e+00 -1.899355104285958e-03 -9.593721942115322e-04 -1.007665956959756e+00
13 13 -1.000288344677478e+00 -1.899748738193498e-03 -9.595463547506512e-04 -1.007663946225020e+00
13 14 -1.000288602649612e+00 -1.900019053227558e-03 -9.598417380712074e-04 -1.007662281311836e+00
13 15 -1.000288824958136e+00 -1.900165551256441e-03 -9.602481846051713e-04 -1.007660973679977e+00
13 16 -1.000289009794304e+00 -1.900188957222690e-03 -9.607542307021560e-04 -1.007660031561783e+00
13 17 -1.000289155577590e+00 -1.900091190490839e-03 -9.613474081157532e-04 -1.007659459900078e+00
13 18 -1.000289260932661e+00 -1.899875252462192e-03 -9.620146883041104e-04 -1.007659260503225e+00
13 19 -1.000289324644929e+00 -1.899545039012025e-03 -9.627430179899298e-04 -1.007659432399726e+00
13 20 -1.000289345622153e+00 -1.899105120666693e-03 -9.635198476649748e-04 -1.007659972282881e+00
13 21 -1.000289322890307e+00 -1.898560550489439e-03 -9.643335545392190e-04 -1.007660874884595e+00
13 22 -1.000289255639866e+00 -1.897916748827888e-03 -9.651737046234314e-04 -1.007662133138351e+00
13 23 -1.000289143318350e+00 -1.897179479362258e-03 -9.660311620591676e-04 -1.007663738082885e+00
13 24 -1.000288985745501e+00 -1.896354891933730e-03 -9.668981043102443e-04 -1.007665678571645e+00
13 25 -1.000288783218453e+00 -1.895449585650179e-03 -9.677680156015750e-04 -1.007667940926632e+00
13 26 -1.000288536579278e+00 -1.894470648331610e-03 -9.686357061106224e-04 -1.007670508679594e+00
13 27 -1.000288247233159e+00 -1.893425649227742e-03 -9.694973577442142e-04 -1.007673362490681e+00
13 28 -1.000287917125013e+00 -1.892322590228458e-03 -9.703505528154019e-04 -1.007676480251305e+00
13 29 -1.000287548697786e+00 -1.891169844649658e-03 -9.711942206406296e-04 -1.007679837296395e+00
13 30 -1.000287144859584e+00 -1.889976119422777e-03 -9.720284496967635e-04 -1.007683406612036e+00
13 31 -1.000286708976191e+00 -1.888750460139619e-03 -9.728541536355334e-04 -1.007687158956357e+00
13 32 -1.000286244885728e+00 -1.887502288889558e-03 -9.736726273718998e-04 -1.007691062895187e+00
13 33 -1.000285756914752e+00 -1.886241442710233e-03 -9.744850620208888e-04 -1.007695084828833e+00
13 34 -1.000285249869614e+00 -1.884978178959515e-03 -9.752920935858706e-04 -1.007699189104836e+00
13 35 -1.000284728985054e+00 -1.883723129977791e-03 -9.760934417163909e-04 -1.007703338274939e+00
13 36 -1.000284199828950e+00 -1.882487211964162e-03 -9.768876596409262e-04 -1.007707493492656e+00
13 37 -1.000283668180407e+00 -1.881281512463736e-03 -9.776719771318011e-04 -1.007711614987781e+00
13 38 -1.000283139909785e+00 -1.880117188979546e-03 -9.784421928285864e-04 -1.007715662520104e+00
13 39 -1.000282620886973e+00 -1.879005400925967e-03 -9.791925753510785e-04 -1.007719595733149e+00
13 40 -1.000282116927622e+00 -1.877957270772153e-03 -9.799157634475238e-04 -1.007723374402481e+00
13 41 -1.000281633765062e+00 -1.876983843711397e-03 -9.806026960060530e-04 -1.007726958658634e+00
13 42 -1.000281177021140e+00 -1.876096006491628e-03 -9.812426316555870e-04 -1.007730309301849e+00
13 43 -1.000280752149627e+00 -1.875304339705056e-03 -9.818233215595738e-04 -1.007733388292210e+00
13 44 -1.000280364339380e+00 -1.874618904239306e-03 -9.823313734504261e-04 -1.007736159421467e+00
13 45 -1.000280018384119e+00 -1.874048988674776e-03 -9.827527948576675e-04 -1.007738589093675e+00
13 46 -1.000279718542959e+00 -1.873602859692785e-03 -9.830736482582740e-04 -1.007740647092670e+00
13 47 -1.000279468422651e+00 -1.873287554127784e-03 -9.832807202400675e-04 -1.007742307218277e+00
13 48 -1.000279270904433e+00 -1.873108728357598e-03 -9.833621194431949e-04 -1.007743547736490e+00
13 49 -1.000279128119219e+00 -1.873070550847962e-03 -9.833077641067738e-04 -1.007744351680213e+00
13 50 -1.000279041455810e+00 -1.873175606549704e-03 -9.831097697161945e-04 -1.007744707096945e+00
13 51 -1.000279011578317e+00 -1.873424787604191e-03 -9.827627756388002e-04 -1.007744607329090e+00
13 52 -1.000279038433446e+00 -1.873817166773607e-03 -9.822642488966865e-04 -1.007744051345925e+00
13 53 -1.000279121241377e+00 -1.874349874298827e-03 -9.816147772121787e-04 -1.007743044068064e+00
13 54 -1.000279258479344e+00 -1.875018014977382e-03 -9.808183237269279e-04 -1.007741596572581e+00
13 55 -1.000279447878207e+00 -1.875814663367794e-03 -9.798823833592270e-04 -1.007739726061662e+00
13 56 -1.000279686453615e+00 -1.876730957916291e-03 -9.788179775680791e-04 -1.007737455529193e+00
13 57 -1.000279970583355e+00 -1.877756286220145e-03 -9.776394536633287e-04 -1.007734813149975e+00
13 58 -1.000280296126649e+00 -1.878878530941307e-03 -9.763640963477987e-04 -1.007731831494315e+00
13 59 -1.000280658568329e+00 -1.880084342390690e-03 -9.750115897124709e-04 -1.007728546690596e+00
13 60 -1.000281053165356e+00 -1.881359415309432e-03 -9.736033823726336e-04 -1.007724997624461e+00
13 61 -1.000281475074334e+00 -1.882688759182034e-03 -9.721620145001625e-04 -1.007721225216790e+00
13 62 -1.000281919444825e+00 -1.884056956085067e-03 -9.707104650402123e-04 -1.007717271791593e+00
13 63 -1.000282381474010e+00 -1.885448401220975e-03 -9.692715645727660e-04 -1.007713180525923e+00
14 0 -1.000283537863556e+00 -1.887548974130858e-03 -9.658682806440999e-04 -1.007706894595574e+00
14 1 -1.000284030764540e+00 -1.888962218082170e-03 -9.645050808324421e-04 -1.007702590847313e+00
14 2 -1.000284526943638e+00 -1.890352014386771e-03 -9.632187172899412e-04 -1.007698282633823e+00
14 3 -1.000285021911865e+00 -1.891703814769911e-03 -9.620272281803353e-04 -1.007694012482686e+00
14 4 -1.000285511360777e+00 -1.893003769513751e-03 -9.609465610626519e-04 -1.007689821649778e+00
14 5 -1.000285991221584e+00 -1.894238887214533e-03 -9.599902040044535e-04 -1.007685749716254e+00
14 6 -1.000286457721713e+00 -1.895397210915382e-03 -9.591688388112376e-04 -1.007681834149454e+00
14 7 -1.000286907418400e+00 -1.896467989405212e-03 -9.584900946609384e-04 -1.007678109876447e+00
14 8 -1.000287337193701e+00 -1.897441808720886e-03 -9.579584778552322e-04 -1.007674608949642e+00
14 9 -1.000287744209330e+00 -1.898310654765211e-03 -9.575755076630779e-04 -1.007671360368072e+00
14 10 -1.000288125835898e+00 -1.899067899472490e-03 -9.573400211310486e-04 -1.007668390068306e+00
14 11 -1.000288479581300e+00 -1.899708229952385e-03 -9.572485550993637e-04 -1.007665721039041e+00
14 12 -1.000288803043561e+00 -1.900227561564604e-03 -9.572956977866218e-04 -1.007663373463245e+00
14 13 -1.000289093904110e+00 -1.900622980124818e-03 -9.574743342227977e-04 -1.007661364777144e+00
14 14 -1.000289349961054e+00 -1.900892738353814e-03 -9.577757777951112e-04 -1.007659709579708e+00
14 15 -1.000289569184649e+00 -1.901036294911140e-03 -9.581898529635429e-04 -1.007658419417942e+00
14 16 -1.000289749767573e+00 -1.901054352052341e-03 -9.587050338584442e-04 -1.007657502559570e+00
14 17 -1.000289890146371e+00 -1.900948839305346e-03 -9.593087275222803e-04 -1.007656963892131e+00
14 18 -1.000289988986015e+00 -1.900722809862327e-03 -9.599877264424959e-04 -1.007656805042052e+00
14 19 -1.000290045138915e+00 -1.900380253813926e-03 -9.607287751173023e-04 -1.007657024712612e+00
14 20 -1.000290057604387e+00 -1.899925870985201e-03 -9.615191389683483e-04 -1.007657619137264e+00
14 21 -1.000290025517729e+00 -1.899364867231504e-03 -9.623470583183497e-04 -1.007658582481539e+00
14 22 -1.000289948187857e+00 -1.898702828817458e-03 -9.632020176154839e-04 -1.007659907040859e+00
14 23 -1.000289825182462e+00 -1.897945693595411e-03 -9.640748351907891e-04 -1.007661583172322e+00
14 24 -1.000289656439592e+00 -1.897099795775235e-03 -9.649576420798196e-04 -1.007663599016183e+00
14 25 -1.000289442373754e+00 -1.896171935591323e-03 -9.658438398875124e-04 -1.007665940144361e+00
14 26 -1.000289183947479e+00 -1.895169425037211e-03 -9.667281024048348e-04 -1.007668589287744e+00
14 27 -1.000288882693523e+00 -1.894100081384956e-03 -9.676064308600196e-04 -1.007671526246764e+00
14 28 -1.000288540692527e+00 -1.892972171371772e-03 -9.684762152803913e-04 -1.007674728002794e+00
14 29 -1.000288160528222e+00 -1.891794337531615e-03 -9.693362211568041e-04 -1.007678168955347e+00
14 30 -1.000287745248276e+00 -1.890575548338898e-03 -9.701864286962358e-04 -1.007681821160917e+00
14 31 -1.000287298349705e+00 -1.889325097189825e-03 -9.710276987727039e-04 -1.007685654478992e+00
14 32 -1.000286823788034e+00 -1.888052642149037e-03 -9.718613011975083e-04 -1.007689636619528e+00
14 33 -1.000286325991175e+00 -1.886768251900000e-03 -9.726883868726195e-04 -1.007693733168743e+00
14 34 -1.000285809852110e+00 -1.885482419000749e-03 -9.735094982680036e-04 -1.007697907694871e+00
14 35 -1.000285280681057e+00 -1.884206017288095e-03 -9.743241921188041e-04 -1.007702122002076e+00
14 36 -1.000284744113698e+00 -1.882950205039934e-03 -9.751308036590621e-04 -1.007706336537315e+00
14 37 -1.000284205990517e+00 -1.881726299124897e-03 -9.759263290035585e-04 -1.007710510887948e+00
14 38 -1.000283672235177e+00 -1.880545657817485e-03 -9.767063647446029e-04 -1.007714604264703e+00
14 39 -1.000283148759291e+00 -1.879419601574944e-03 -9.774650427939061e-04 -1.007718575877742e+00
14 40 -1.000282641405311e+00 -1.878359372665677e-03 -9.781949359332846e-04 -1.007722385189801e+00
14 41 -1.000282155917143e+00 -1.877376103143982e-03 -9.788869638342253e-04 -1.007725992124691e+00
14 42 -1.000281697912566e+00 -1.876480747142465e-03 -9.795303715636572e-04 -1.007729357356260e+00
14 43 -1.000281272830555e+00 -1.875683944778705e-03 -9.801128637230382e-04 -1.007732442774822e+00
14 44 -1.000280885839088e+00 -1.874995812304117e-03 -9.806209509602240e-04 -1.007735212149643e+00
14 45 -1.000280541708331e+00 -1.874425682903110e-03 -9.810405068485207e-04 -1.007737631919821e+00
14 46 -1.000280244672043e+00 -1.873981842896595e-03 -9.813574638541484e-04 -1.007739671986584e+00
14 47 -1.000279998308110e+00 -1.873671308767187e-03 -9.815585329426206e-04 -1.007741306375785e+00
14 48 -1.000279805462326e+00 -1.873499668202854e-03 -9.816318386825888e-04 -1.007742513701144e+00
14 49 -1.000279668220893e+00 -1.873470975206293e-03 -9.815674141602203e-04 -1.007743277456294e+00
14 50 -1.000279587917798e+00 -1.873587666881805e-03 -9.813575639612308e-04 -1.007743586233777e+00
14 51 -1.000279565153690e+00 -1.873850470903033e-03 -9.809971460860514e-04 -1.007743433967729e+00
14 52 -1.000279599806257e+00 -1.874258293152136e-03 -9.804838309131927e-04 -1.007742820233759e+00
14 53 -1.000279691024565e+00 -1.874808100980660e-03 -9.798183686717254e-04 -1.007741750557720e+00
14 54 -1.000279837215170e+00 -1.875494837565645e-03 -9.790048481484364e-04 -1.007740236623500e+00
14 55 -1.000280036039543e+00 -1.876311408413535e-03 -9.780508827158807e-04 -1.007738296255486e+00
14 56 -1.000280284444274e+00 -1.877248766657417e-03 -9.769676439318141e-04 -1.007735953098545e+00
14 57 -1.000280578736052e+00 -1.878296094588107e-03 -9.757696884840295e-04 -1.007733236011046e+00
14 58 -1.000280914698096e+00 -1.879441052845902e-03 -9.744745726397564e-04 -1.007730178270999e+00
14 59 -1.000281287732105e+00 -1.880670061623776e-03 -9.731022913730165e-04 -1.007726816721300e+00
14 60 -1.000281693004280e+00 -1.881968587885715e-03 -9.716746048007212e-04 -1.007723190948669e+00
14 61 -1.000282125574623e+00 -1.883321424477966e-03 -9.702143261313880e-04 -1.007719342544031e+00
14 62 -1.000282580494051e+00 -1.884712952836539e-03 -9.687446442477805e-04 -1.007715314458898e+00
14 63 -1.000283052863770e+00 -1.886127383799495e-03 -9.672885350156922e-04 -1.007711150450710e+00
15 0 -1.000284189170656e+00 -1.888307447390897e-03 -9.634538529179412e-04 -1.007704800386091e+00
15 1 -1.000284691865630e+00 -1.889742326702855e-03 -9.620772173314147e-04 -1.007700428694725e+00
15 2 -1.000285197496458e+00 -1.891153209708029e-03 -9.607782692379156e-04 -1.007696055063503e+00
15 3 -1.000285701500762e+00 -1.892525392626887e-03 -9.595751515554249e-04 -1.007691722474459e+00
15 4 -1.000286199493375e+00 -1.893844864102991e-03 -9.584839470881377e-04 -1.007687472645239e+00
15 5 -1.000286687320740e+00 -1.895098462478124e-03 -9.575182921626932e-04 -1.007683345643074e+00
15 6 -1.000287161116206e+00 -1.896274052649646e-03 -9.566890016531312e-04 -1.007679379453190e+00
15 7 -1.000287617337315e+00 -1.897360702694801e-03 -9.560037943957397e-04 -1.007675609542216e+00
15 8 -1.000288052768606e+00 -1.898348824177941e-03 -9.554672065854664e-04 -1.007672068496842e+00
15 9 -1.000288464485355e+00 -1.899230243776108e-03 -9.550807310480521e-04 -1.007668785811347e+00
15 10 -1.000288849789271e+00 -1.899998195303644e-03 -9.548431444308393e-04 -1.007665787850811e+00
15 11 -1.000289206138605e+00 -1.900647249646516e-03 -9.547509208512391e-04 -1.007663097953744e+00
15 12 -1.000289531097774e+00 -1.901173223596903e-03 -9.547986106437495e-04 -1.007660736581563e+00
15 13 -1.000289822324426e+00 -1.901573115244804e-03 -9.549790968048905e-04 -1.007658721399091e+00
15 14 -1.000290077597039e+00 -1.901845095695052e-03 -9.552837161395697e-04 -1.007657067205417e+00
15 15 -1.000290294868683e+00 -1.901988549990108e-03 -9.557023137118012e-04 -1.007655785723466e+00
15 16 -1.000290472321079e+00 -1.902004124303691e-03 -9.562233475368364e-04 -1.007654885351599e+00
15 17 -1.000290608393919e+00 -1.901893723050160e-03 -9.568341488187545e-04 -1.007654371023081e+00
15 18 -1.000290701777801e+00 -1.901660416344209e-03 -9.575213750919730e-04 -1.007654244284297e+00
15 19 -1.000290751378318e+00 -1.901308256870423e-03 -9.582716025053526e-04 -1.007654503608075e+00
15 20 -1.000290756275019e+00 -1.900842047483506e-03 -9.590719343986968e-04 -1.007655144848229e+00
15 21 -1.000290715704549e+00 -1.900267126015091e-03 -9.599104906072614e-04 -1.007656161667177e+00
15 22 -1.000290629089293e+00 -1.899589227394147e-03 -9.607766913269864e-04 -1.007657545772125e+00
15 23 -1.000290496114121e+00 -1.898814447534210e-03 -9.616613341943972e-04 -1.007659286880820e+00
15 24 -1.000290316833176e+00 -1.897949288583044e-03 -9.625565393173165e-04 -1.007661372459375e+00
15 25 -1.000290091775935e+00 -1.897000735033903e-03 -9.634556685065487e-04 -1.007663787367605e+00
15 26 -1.000289822022244e+00 -1.895976306677154e-03 -9.643533022192480e-04 -1.007666513572729e+00
15 27 -1.000289509228730e+00 -1.894884054644808e-03 -9.652452964367618e-04 -1.007669530049560e+00
15 28 -1.000289155608513e+00 -1.893732500539673e-03 -9.661288715978431e-04 -1.007672812895552e+00
15 29 -1.000288763884436e+00 -1.892530551217793e-03 -9.670026394440052e-04 -1.007676335589034e+00
15 30 -1.000288337244086e+00 -1.891287435651017e-03 -9.678664749989323e-04 -1.007680069260459e+00
15 31 -1.000287879317634e+00 -1.890012695034462e-03 -9.687211910441291e-04 -1.007683982869292e+00
15 32 -1.000287394180651e+00 -1.888716221960129e-03 -9.695680458317191e-04 -1.007688043268778e+00
15 33 -1.000286886365034e+00 -1.887408313152748e-03 -9.704081748514256e-04 -1.007692215232327e+00
15 34 -1.000286360852537e+00 -1.886099691692139e-03 -9.712420596070624e-04 -1.007696461550444e+00
15 35 -1.000285823030370e+00 -1.884801469330045e-03 -9.720691263992992e-04 -1.007700743278120e+00
15 36 -1.000285278603270e+00 -1.883525046433375e-03 -9.728875158973445e-04 -1.007705020146636e+00
15 37 -1.000284733474933e+00 -1.882281974610468e-03 -9.736939988575457e-04 -1.007709251080328e+00
15 38 -1.000284193625573e+00 -1.881083823742332e-03 -9.744839628641079e-04 -1.007713394707934e+00
15 39 -1.000283665013456e+00 -1.879942089605647e-03 -9.752513868608446e-04 -1.007717409764354e+00
15 40 -1.000283153514192e+00 -1.878868149264611e-03 -9.759887609531645e-04 -1.007721255353726e+00
15 41 -1.000282664889530e+00 -1.877873235485533e-03 -9.766869756976171e-04 -1.007724891146736e+00
15 42 -1.000282204760768e+00 -1.876968382150686e-03 -9.773352620733432e-04 -1.007728277644178e+00
15 43 -1.000281778559436e+00 -1.876164300779199e-03 -9.779212840444204e-04 -1.007731376618147e+00
15 44 -1.000281391439467e+00 -1.875471176345009e-03 -9.784314603403798e-04 -1.007734151762275e+00
15 45 -1.000281048154035e+00 -1.874898403756653e-03 -9.788515264029100e-04 -1.007736569489111e+00
15 46 -1.000280752918441e+00 -1.874454311153939e-03 -9.791672652761743e-04 -1.007738599745096e+00
15 47 -1.000280509289463e+00 -1.874145921164639e-03 -9.793652776480739e-04 -1.007740216701162e+00
15 48 -1.000280320086221e+00 -1.873978781224091e-03 -9.794336600125082e-04 -1.007741399233909e+00
15 49 -1.000280187359927e+00 -1.873956858772480e-03 -9.793625155635306e-04 -1.007742131213322e+00
15 50 -1.000280112400155e+00 -1.874082468945219e-03 -9.791442998121887e-04 -1.007742401695279e+00
15 51 -1.000280095754587e+00 -1.874356198359615e-03 -9.787740610092157e-04 -1.007742205127605e+00
15 52 -1.000280137241764e+00 -1.874776807433387e-03 -9.782496523831458e-04 -1.007741541618248e+00
15 53 -1.000280235948438e+00 -1.875341121501485e-03 -9.775719676410883e-04 -1.007740417226909e+00
15 54 -1.000280390218368e+00 -1.876043944329984e-03 -9.767451956203775e-04 -1.007738844172575e+00
15 55 -1.000280597651045e+00 -1.876878036858644e-03 -9.757770305613389e-04 -1.007736840828488e+00
15 56 -1.000280855131295e+00 -1.877834192902426e-03 -9.746787447030238e-04 -1.007734431417628e+00
15 57 -1.000281158902226e+00 -1.878901415319942e-03 -9.734650481320430e-04 -1.007731645412568e+00
15 58 -1.000281504679141e+00 -1.880067167290671e-03 -9.721537135268063e-04 -1.007728516733966e+00
15 59 -1.000281887789342e+00 -1.881317661511665e-03 -9.707649990229806e-04 -1.007725082878071e+00
15 60 -1.000282303316982e+00 -1.882638157107984e-03 -9.693209400193474e-04 -1.007721384077212e+00
15 61 -1.000282746232925e+00 -1.884013246731511e-03 -9.678445983568401e-04 -1.007717462546468e+00
15 62 -1.000283211494658e+00 -1.885427124121791e-03 -9.663593563479646e-04 -1.007713361830901e+00
15 63 -1.000283694110170e+00 -1.886863826197986e-03 -9.648883199856019e-04 -1.007709126245321e+00
16 0 -1.000284804089907e+00 -1.889114780981752e-03 -9.606461365526721e-04 -1.007702736539705e+00
16 1 -1.000285316583736e+00 -1.890570872888183e-03 -9.592579694183411e-04 -1.007698297148888e+00
16 2 -1.000285831786398e+00 -1.892002715956084e-03 -9.579479732853767e-04 -1.007693857432289e+00
16 3 -1.000286345062335e+00 -1.893395456998587e-03 -9.567343666288194e-04 -1.007689460826035e+00
16 4 -1.000286851950239e+00 -1.894734926680108e-03 -9.556333451042738e-04 -1.007685149513815e+00
16 5 -1.000287348212039e+00 -1.896007793100903e-03 -9.546586828785223e-04 -1.007680964060601e+00
16 6 -1.000287829885526e+00 -1.897201737751474e-03 -9.538213319040096e-04 -1.007676942993804e+00
16 7 -1.000288293323949e+00 -1.898305636210276e-03 -9.531291176156387e-04 -1.007673122361660e+00
16 8 -1.000288735205927e+00 -1.899309707260861e-03 -9.525866306512762e-04 -1.007669535346863e+00
16 9 -1.000289152508464e+00 -1.900205594998044e-03 -9.521953625303463e-04 -1.007666212017647e+00
16 10 -1.000289542450463e+00 -1.900986368989829e-03 -9.519540497750049e-04 -1.007663179256855e+00
16 11 -1.000289902426296e+00 -1.901646457064941e-03 -9.518591177985850e-04 -1.007660460845166e+00
16 12 -1.000290229953581e+00 -1.902181551041861e-03 -9.519050898368198e-04 -1.007658077612287e+00
16 13 -1.000290522654580e+00 -1.902588535324025e-03 -9.520848602076759e-04 -1.007656047536781e+00
16 14 -1.000290778277651e+00 -1.902865472932497e-03 -9.523898110006782e-04 -1.007654385699910e+00
16 15 -1.000290994748142e+00 -1.903011646803513e-03 -9.528098416751839e-04 -1.007653104084062e+00
16 16 -1.000291170224979e+00 -1.903027615293608e-03 -9.533334389065761e-04 -1.007652211308469e+00
16 17 -1.000291303137269e+00 -1.902915222937720e-03 -9.539479084011950e-04 -1.007651712450968e+00
16 18 -1.000291392186199e+00 -1.902677521201478e-03 -9.546398207352719e-04 -1.007651609081029e+00
16 19 -1.000291436315805e+00 -1.902318592337263e-03 -9.553956224506462e-04 -1.007651899539438e+00
16 20 -1.000291434673166e+00 -1.901843314285771e-03 -9.562022817668702e-04 -1.007652579385838e+00
16 21 -1.000291386586602e+00 -1.901257134314422e-03 -9.570478163999043e-04 -1.007653641849267e+00
16 22 -1.000291291585313e+00 -1.900565917248881e-03 -9.579215992935094e-04 -1.007655078105282e+00
16 23 -1.000291149466944e+00 -1.899775899865569e-03 -9.588144304245133e-04 -1.007656877280370e+00
16 24 -1.000290960398453e+00 -1.898893734974832e-03 -9.597184518217767e-04 -1.007659026210614e+00
16 25 -1.000290725020937e+00 -1.897926573293667e-03 -9.606270266102513e-04 -1.007661509087473e+00
16 26 -1.000290444527358e+00 -1.896882124081986e-03 -9.615346852640147e-04 -1.007664307159405e+00
16 27 -1.000290120693290e+00 -1.895768655427435e-03 -9.624371762765118e-04 -1.007667398619239e+00
16 28 -1.000289755859663e+00 -1.894594930631751e-03 -9.633315763878708e-04 -1.007670758717236e+00
16 29 -1.000289352885163e+00 -1.893370112821541e-03 -9.642163559461643e-04 -1.007674360035778e+00
16 30 -1.000288915095990e+00 -1.892103687739586e-03 -9.650912878553102e-04 -1.007678172793423e+00
16 31 -1.000288446255915e+00 -1.890805442386246e-03 -9.659571390225845e-04 -1.007682165057513e+00
16 32 -1.000287950562068e+00 -1.889485500917571e-03 -9.668151659693951e-04 -1.007686302831551e+00
16 33 -1.000287432652150e+00 -1.888154382882108e-03 -9.676665104304539e-04 -1.007690550084857e+00
16 34 -1.000286897598166e+00 -1.886823034963416e-03 -9.685116245487755e-04 -1.007694868840179e+00
16 35 -1.000286350865154e+00 -1.885502800179352e-03 -9.693498388293361e-04 -1.007699219411509e+00
16 36 -1.000285798227410e+00 -1.884205317227106e-03 -9.701791280937610e-04 -1.007703560815948e+00
16 37 -1.000285245652850e+00 -1.882942373792189e-03 -9.709960532851581e-04 -1.007707851304859e+00
16 38 -1.000284699180561e+00 -1.881725758413114e-03 -9.717957931290074e-04 -1.007712048901794e+00
16 39 -1.000284164819519e+00 -1.880567153511231e-03 -9.725721624212081e-04 -1.007716111832448e+00
16 40 -1.000283648484125e+00 -1.879478083895806e-03 -9.733175544287348e-04 -1.007719998802518e+00
16 41 -1.000283155960750e+00 -1.878469895366787e-03 -9.740228216689862e-04 -1.007723669187675e+00
16 42 -1.000282692881576e+00 -1.877553712547883e-03 -9.746771813572840e-04 -1.007727083272670e+00
16 43 -1.000282264678098e+00 -1.876740328953959e-03 -9.752682646345045e-04 -1.007730202665621e+00
16 44 -1.000281876497304e+00 -1.876040010403021e-03 -9.757824071730224e-04 -1.007732990932981e+00
16 45 -1.000281533082214e+00 -1.875462229240598e-03 -9.762052077583079e-04 -1.007735414400369e+00
16 46 -1.000281238636645e+00 -1.875015376063824e-03 -9.765222871458583e-04 -1.007737442988505e+00
16 47 -1.000280996703895e+00 -1.874706505120039e-03 -9.767201063351310e-04 -1.007739050932696e+00
16 48 -1.000280810085101e+00 -1.874541152271920e-03 -9.767866917484633e-04 -1.007740217285113e+00
16 49 -1.000280680806285e+00 -1.874523227781213e-03 -9.767121704706962e-04 -1.007740926202595e+00
16 50 -1.000280610123182e+00 -1.874654952650182e-03 -9.764891071466518e-04 -1.007741167116714e+00
16 51 -1.000280598541260e+00 -1.874936797676187e-03 -9.761127078218869e-04 -1.007740934905522e+00
16 52 -1.000280645830217e+00 -1.875367400936249e-03 -9.755809847762599e-04 -1.007740230129756e+00
16 53 -1.000280751024020e+00 -1.875943468362065e-03 -9.748949545098686e-04 -1.007739059305007e+00
16 54 -1.000280912412358e+00 -1.876659688128990e-03 -9.740588806311147e-04 -1.007737435106669e+00
16 55 -1.000281127540833e+00 -1.877508702457493e-03 -9.730805021662886e-04 -1.007735376377184e+00
16 56 -1.000281393240315e+00 -1.878481173298911e-03 -9.719711435141406e-04 -1.007732907838812e+00
16 57 -1.000281705698324e+00 -1.879565951953136e-03 -9.707456109134209e-04 -1.007730059502250e+00
16 58 -1.000282060570916e+00 -1.880750331171452e-03 -9.694218346413467e-04 -1.007726865858362e+00
16 59 -1.000282453120394e+00 -1.882020341312349e-03 -9.680202830365880e-04 -1.007723364988671e+00
16 60 -1.000282878358437e+00 -1.883361056098667e-03 -9.665632246855747e-04 -1.007719597709143e+00
16 61 -1.000283331175506e+00 -1.884756887143194e-03 -9.650739399881953e-04 -1.007715606805636e+00
16 62 -1.000283806442589e+00 -1.886191856359118e-03 -9.635759837042742e-04 -1.007711436373760e+00
16 63 -1.000284299079064e+00 -1.887649839895355e-03 -9.620925742800619e-04 -1.007707131253519e+00
17 0 -1.000285376862718e+00 -1.889962382930067e-03 -9.574714643157707e-04 -1.007700726204360e+00
17 1 -1.000285899035879e+00 -1.891439004311526e-03 -9.560739021484547e-04 -1.007696220184873e+00
17 2 -1.000286423808317e+00 -1.892891421851092e-03 -9.547546301059874e-04 -1.007691714529172e+00
17 3 -1.000286946472347e+00 -1.894304641106292e-03 -9.535319102004207e-04 -1.007687253121547e+00
17 4 -1.000287462491948e+00 -1.895664340732456e-03 -9.524220240752347e-04 -1.007682878610384e+00
17 5 -1.000287967545769e+00 -1.896957021022284e-03 -9.514388681158687e-04 -1.007678632064099e+00
17 6 -1.000288457575913e+00 -1.898170177381206e-03 -9.505935304500044e-04 -1.007674552569489e+00
17 7 -1.000288928828438e+00 -1.899292483836870e-03 -9.498939564990023e-04 -1.007670676789988e+00
17 8 -1.000289377869429e+00 -1.900313950697104e-03 -9.493448145671736e-04 -1.007667038557156e+00
17 9 -1.000289801567344e+00 -1.901226018205083e-03 -9.489476209839963e-04 -1.007663668584070e+00
17 10 -1.000290197045428e+00 -1.902021566888720e-03 -9.487010947848110e-04 -1.007660594354965e+00
17 11 -1.000290561620430e+00 -1.902694855428329e-03 -9.486016290196208e-04 -1.007657840181671e+00
17 12 -1.000290892750121e+00 -1.903241424914982e-03 -9.486437316597517e-04 -1.007655427349764e+00
17 13 -1.000291188009852e+00 -1.903658021148313e-03 -9.488203208753937e-04 -1.007653374233997e+00
17 14 -1.000291445107618e+00 -1.903942574129337e-03 -9.491228434541033e-04 -1.007651696275994e+00
17 15 -1.000291661930971e+00 -1.904094237948563e-03 -9.495412840660213e-04 -1.007650405796526e+00
17 16 -1.000291836604775e+00 -1.904113453055354e-03 -9.500642008604439e-04 -1.007649511721202e+00
17 17 -1.000291967534314e+00 -1.904001970604345e-03 -9.506789245814313e-04 -1.007649019367020e+00
17 18 -1.000292053416451e+00 -1.903762788313183e-03 -9.513719893291569e-04 -1.007648930427325e+00
17 19 -1.000292093218343e+00 -1.903399984231754e-03 -9.521297547008063e-04 -1.007649243210738e+00
17 20 -1.000292086140543e+00 -1.902918481630987e-03 -9.529390846551587e-04 -1.007649953073756e+00
17 21 -1.000292031591637e+00 -1.902323812715605e-03 -9.537879154845473e-04 -1.007651052888846e+00
17 22 -1.000291929199388e+00 -1.901621952238453e-03 -9.546655896495316e-04 -1.007652533362064e+00
17 23 -1.000291778868519e+00 -1.900819260143869e-03 -9.555629299382403e-04 -1.007654383080680e+00
17 24 -1.000291580874337e+00 -1.899922522016293e-03 -9.564721297123809e-04 -1.007656588299497e+00
17 25 -1.000291335965001e+00 -1.898939035466640e-03 -9.573865920145665e-04 -1.007659132592009e+00
17 26 -1.000291045441238e+00 -1.897876679039688e-03 -9.583008401937973e-04 -1.007661996540490e+00
17 27 -1.000290711191562e+00 -1.896743918672604e-03 -9.592105545126368e-04 -1.007665157607275e+00
17 28 -1.000290335678762e+00 -1.895549743533142e-03 -9.601126965391802e-04 -1.007668590241126e+00
17 29 -1.000289921892465e+00 -1.894303561828145e-03 -9.610056100180293e-04 -1.007672266164644e+00
17 30 -1.000289473294387e+00 -1.893015109304298e-03 -9.618889695788763e-04 -1.007676154710098e+00
17 31 -1.000288993780794e+00 -1.891694414514781e-03 -9.627634967790575e-04 -1.007680223070258e+00
17 32 -1.000288487670776e+00 -1.890351828727359e-03 -9.636304526023012e-04 -1.007684436413355e+00
17 33 -1.000287959708821e+00 -1.888998087679232e-03 -9.644910028896330e-04 -1.007688757920423e+00
17 34 -1.000287415057944e+00 -1.887644352732180e-03 -9.653456000775566e-04 -1.007693148864539e+00
17 35 -1.000286859261228e+00 -1.886302188706855e-03 -9.661935146318658e-04 -1.007697568836044e+00
17 36 -1.000286298162422e+00 -1.884983465308055e-03 -9.670325885407187e-04 -1.007701976149361e+00
17 37 -1.000285737793884e+00 -1.883700203555855e-03 -9.678591950360201e-04 -1.007706328383689e+00
17 38 -1.000285184254947e+00 -1.882464413651877e-03 -9.686683112059666e-04 -1.007710582944856e+00
17 39 -1.000284643608392e+00 -1.881287972672268e-03 -9.694535821395334e-04 -1.007714697524326e+00
17 40 -1.000284121812310e+00 -1.880182563827118e-03 -9.702072931448753e-04 -1.007718630395930e+00
17 41 -1.000283624683960e+00 -1.879159656690317e-03 -9.709202506544658e-04 -1.007722340603157e+00
17 42 -1.000283157873453e+00 -1.878230476278056e-03 -9.715816587300542e-04 -1.007725788175741e+00
17 43 -1.000282726819561e+00 -1.877405907366041e-03 -9.721791248362184e-04 -1.007728934515423e+00
17 44 -1.000282336669581e+00 -1.876696307349318e-03 -9.726989137205128e-04 -1.007731743012401e+00
17 45 -1.000281992163452e+00 -1.876111240243279e-03 -9.731264941097158e-04 -1.007734179846769e+00
17 46 -1.000281697500633e+00 -1.875659178382782e-03 -9.734473175624786e-04 -1.007736214843651e+00
17 47 -1.000281456218653e+00 -1.875347232370664e-03 -9.736476811465988e-04 -1.007737822221423e+00
17 48 -1.000281271109377e+00 -1.875180955359235e-03 -9.737155020940301e-04 -1.007738981117894e+00
17 49 -1.000281144183389e+00 -1.875164230683850e-03 -9.736408851548858e-04 -1.007739675883685e+00
17 50 -1.000281076673048e+00 -1.875299214236219e-03 -9.734164598814011e-04 -1.007739896234972e+00
17 51 -1.000281069052404e+00 -1.875586287734352e-03 -9.730375539334814e-04 -1.007739637392485e+00
17 52 -1.000281121053077e+00 -1.876023991920304e-03 -9.725023113295318e-04 -1.007738900284319e+00
17 53 -1.000281231666525e+00 -1.876608937736327e-03 -9.718118489576685e-04 -1.007737691797275e+00
17 54 -1.000281399137726e+00 -1.877335722655020e-03 -9.709704808561009e-04 -1.007736024979262e+00
17 55 -1.000281620966849e+00 -1.878196896477639e-03 -9.699859575672518e-04 -1.007733919058814e+00
17 56 -1.000281893938910e+00 -1.879183017524389e-03 -9.688696096458342e-04 -1.007731399174473e+00
17 57 -1.000282214194315e+00 -1.880282815122610e-03 -9.676362825698898e-04 -1.007728495792552e+00
17 58 -1.000282577339051e+00 -1.881483440825751e-03 -9.663040032662379e-04 -1.007725243894703e+00
17 59 -1.000282978580241e+00 -1.882770769765767e-03 -9.648933935891262e-04 -1.007721682074329e+00
17 60 -1.000283412867170e+00 -1.884129714491027e-03 -9.634269086839549e-04 -1.007717851664614e+00
17 61 -1.000283875019651e+00 -1.885544527003782e-03 -9.619280125522868e-04 -1.007713795962484e+00
17 62 -1.000284359830715e+00 -1.886999076109327e-03 -9.604204070207886e-04 -1.007709559562272e+00
17 63 -1.000284862137528e+00 -1.888477093040541e-03 -9.589274025869712e-04 -1.007705187788066e+00
18 0 -1.000285902290191e+00 -1.890841355266368e-03 -9.539603436822858e-04 -1.007698791082352e+00
18 1 -1.000286433902650e+00 -1.892337577120959e-03 -9.525557118383902e-04 -1.007694220297952e+00
18 2 -1.000286968122871e+00 -1.893809935120468e-03 -9.512291347285620e-04 -1.007689649640905e+00
18 3 -1.000287500172854e+00 -1.895243303415300e-03 -9.499988839577434e-04 -1.007685123433082e+00
18 4 -1.000288025443963e+00 -1.896623216540623e-03 -9.488812965556716e-04 -1.007680684781675e+00
18 5 -1.000288539533713e+00 -1.897936011658323e-03 -9.478903705774526e-04 -1.007676375258743e+00
18 6 -1.000289038289722e+00 -1.899168998127970e-03 -9.470373242235934e-04 -1.007672234520218e+00
18 7 -1.000289517849743e+00 -1.900310642550496e-03 -9.463302318560193e-04 -1.007668299868843e+00
18 8 -1.000289974662695e+00 -1.901350734242053e-03 -9.457738601438568e-04 -1.007664605827657e+00
18 9 -1.000290405479990e+00 -1.902280490831852e-03 -9.453697764179308e-04 -1.007661183816506e+00
18 10 -1.000290807317653e+00 -1.903092580596350e-03 -9.451167069901732e-04 -1.007658061998091e+00
18 11 -1.000291177401858e+00 -1.903781068062960e-03 -9.450110313673603e-04 -1.007655265299696e+00
18 12 -1.000291513117929e+00 -1.904341319032205e-03 -9.450472552421211e-04 -1.007652815546195e+00
18 13 -1.000291811983076e+00 -1.904769917248108e-03 -9.452183323603856e-04 -1.007650731586785e+00
18 14 -1.000292071655006e+00 -1.905064636329394e-03 -9.455157912756870e-04 -1.007649029297550e+00
18 15 -1.000292289973861e+00 -1.905224476444039e-03 -9.459297296906083e-04 -1.007647721412242e+00
18 16 -1.000292465019867e+00 -1.905249731921730e-03 -9.464488174405648e-04 -1.007646817243058e+00
18 17 -1.000292595161988e+00 -1.905142028883782e-03 -9.470604597230745e-04 -1.007646322434970e+00
18 18 -1.000292679078238e+00 -1.904904277269730e-03 -9.477512057313453e-04 -1.007646238902044e+00
18 19 -1.000292715743212e+00 -1.904540516853290e-03 -9.485073738172592e-04 -1.007646565020807e+00
18 20 -1.000292704395793e+00 -1.904055685044746e-03 -9.493157581578115e-04 -1.007647296039778e+00
18 21 -1.000292644511926e+00 -1.903455372806331e-03 -9.501642366945093e-04 -1.007648424557447e+00
18 22 -1.000292535808084e+00 -1.902745643640235e-03 -9.510421380284564e-04 -1.007649940877948e+00
18 23 -1.000292378288866e+00 -1.901932962298198e-03 -9.519403255417527e-04 -1.007651833106121e+00
18 24 -1.000292172332133e+00 -1.901024228758454e-03 -9.528510693757195e-04 -1.007654086968872e+00
18 25 -1.000291918787436e+00 -1.900026867478284e-03 -9.537678476954088e-04 -1.007656685477027e+00
18 26 -1.000291619056940e+00 -1.898948904867107e-03 -9.546852181300053e-04 -1.007659608604870e+00
18 27 -1.000291275134999e+00 -1.897798983656192e-03 -9.555988327322019e-04 -1.007662833142892e+00
18 28 -1.000290889598950e+00 -1.896586300390898e-03 -9.565055686775633e-04 -1.007666332793265e+00
18 29 -1.000290465562830e+00 -1.895320494143976e-03 -9.574036603979523e-04 -1.007670078465468e+00
18 30 -1.000290006619139e+00 -1.894011541051909e-03 -9.582926894729845e-04 -1.007674038641311e+00
18 31 -1.000289516794076e+00 -1.892669704706716e-03 -9.591733318068997e-04 -1.007678179665524e+00
18 32 -1.000289000527848e+00 -1.891305557371468e-03 -9.600468558931540e-04 -1.007682465893431e+00
18 33 -1.000288462671733e+00 -1.889930042911112e-03 -9.609144653819388e-04 -1.007686859740971e+00
18 34 -1.000287908479839e+00 -1.888554526749070e-03 -9.617766396484151e-04 -1.007691321756982e+00
18 35 -1.000287343573020e+00 -1.887190783675741e-03 -9.626326247309705e-04 -1.007695810833410e+00
18 36 -1.000286773863867e+00 -1.885850903860348e-03 -9.634801659173828e-04 -1.007700284602724e+00
18 37 -1.000286205448663e+00 -1.884547134998762e-03 -9.643154764178126e-04 -1.007704699983442e+00
18 38 -1.000285644487406e+00 -1.883291707849403e-03 -9.651333454759359e-04 -1.007709013762162e+00
18 39 -1.000285097098812e+00 -1.882096698541904e-03 -9.659272486763694e-04 -1.007713183080697e+00
18 40 -1.000284569288768e+00 -1.880973956755558e-03 -9.666893557029689e-04 -1.007717165754646e+00
18 41 -1.000284066911142e+00 -1.879935084988011e-03 -9.674104197644786e-04 -1.007720920462984e+00
18 42 -1.000283595640663e+00 -1.878991417137394e-03 -9.680796321202941e-04 -1.007724406945329e+00
18 43 -1.000283160930506e+00 -1.878153937168120e-03 -9.686845862953484e-04 -1.007727586358495e+00
18 44 -1.000282767935498e+00 -1.877433103160653e-03 -9.692114908423176e-04 -1.007730421870980e+00
18 45 -1.000282421399721e+00 -1.876838583486318e-03 -9.696456954623164e-04 -1.007732879461234e+00
18 46 -1.000282125525664e+00 -1.876378950382835e-03 -9.699724810162299e-04 -1.007734928789538e+00
18 47 -1.000281883852991e+00 -1.876061394894879e-03 -9.701779617362771e-04 -1.007736543975179e+00
18 48 -1.000281699173019e+00 -1.875891516068724e-03 -9.702499105482112e-04 -1.007737704150150e+00
18 49 -1.000281573490474e+00 -1.875873200818874e-03 -9.701783650339713e-04 -1.007738393763868e+00
18 50 -1.000281508024649e+00 -1.876008569897838e-03 -9.699559738479684e-04 -1.007738602723161e+00
18 51 -1.000281503229025e+00 -1.876297944193385e-03 -9.695781467013692e-04 -1.007738326499792e+00
18 52 -1.000281558808217e+00 -1.876739793685300e-03 -9.690431289045123e-04 -1.007737566299071e+00
18 53 -1.000281673721876e+00 -1.877330659898624e-03 -9.683521140816033e-04 -1.007736329290044e+00
18 54 -1.000281846180068e+00 -1.878065075158674e-03 -9.675094435029010e-04 -1.007734628805643e+00
18 55 -1.000282073646382e+00 -1.878935523569076e-03 -9.665228489457990e-04 -1.007732484373958e+00
18 56 -1.000282352868409e+00 -1.879932488533908e-03 -9.654036246624790e-04 -1.007729921463102e+00
18 57 -1.000282679948116e+00 -1.881044607758965e-03 -9.641666009167647e-04 -1.007726970908580e+00
18 58 -1.000283050450738e+00 -1.882258921992331e-03 -9.628298404489255e-04 -1.007723668099444e+00
18 59 -1.000283459538218e+00 -1.883561179801451e-03 -9.614140595627086e-04 -1.007720052063348e+00
18 60 -1.000283902107988e+00 -1.884936158610005e-03 -9.599418493997101e-04 -1.007716164579417e+00
18 61 -1.000284372919801e+00 -1.886367974210760e-03 -9.584368183823404e-04 -1.007712049390353e+00
18 62 -1.000284866698457e+00 -1.887840363072336e-03 -9.569227865048531e-04 -1.007707751531176e+00
18 63 -1.000285378206714e+00 -1.889336929411293e-03 -9.554231337276438e-04 -1.007703316762287e+00
19 0 -1.000286375775545e+00 -1.891742612975912e-03 -9.501471639862622e-04 -1.007696951111903e+00
19 1 -1.000286916473728e+00 -1.893257280446210e-03 -9.487379266049218e-04 -1.007692318166624e+00
19 2 -1.000287459905004e+00 -1.894748712638875e-03 -9.474061697200866e-04 -1.007687684196873e+00
19 3 -1.000288001223499e+00 -1.896201663311130e-03 -9.461701399562892e-04 -1.007683093947984e+00
19 4 -1.000288535750591e+00 -1.897601532097407e-03 -9.450461965767798e-04 -1.007678590976780e+00
19 5 -1.000289059005618e+00 -1.898934499797994e-03 -9.440484141750946e-04 -1.007674217353992e+00
19 6 -1.000289566744256e+00 -1.900187692743823e-03 -9.431881293109240e-04 -1.007670013306534e+00
19 7 -1.000290054996646e+00 -1.901349367702160e-03 -9.424735491304405e-04 -1.007666016790546e+00
19 8 -1.000290520091972e+00 -1.902409083875276e-03 -9.419095560796191e-04 -1.007662263052407e+00
19 9 -1.000290958658094e+00 -1.903357820446372e-03 -9.414977938365611e-04 -1.007658784270450e+00
19 10 -1.000291367593926e+00 -1.904188012581304e-03 -9.412370219971258e-04 -1.007655609354130e+00
19 11 -1.000291744023282e+00 -1.904893507475112e-03 -9.411236274532620e-04 -1.007652763923493e+00
19 12 -1.000292085247127e+00 -1.905469472516684e-03 -9.411521280603459e-04 -1.007650270420910e+00
19 13 -1.000292388713695e+00 -1.905912307292059e-03 -9.413155246129686e-04 -1.007648148244094e+00
19 14 -1.000292652020863e+00 -1.906219607323355e-03 -9.416054423638568e-04 -1.007646413773274e+00
19 15 -1.000292872952375e+00 -1.906390195909205e-03 -9.420121165054240e-04 -1.007645080224165e+00
19 16 -1.000293049534073e+00 -1.906424195359933e-03 -9.425243653941994e-04 -1.007644157369320e+00
19 17 -1.000293180086898e+00 -1.906323077001822e-03 -9.431297160575464e-04 -1.007643651264805e+00
19 18 -1.000293263255912e+00 -1.906089630009162e-03 -9.438147845060776e-04 -1.007643564138662e+00
19 19 -1.000293298007397e+00 -1.905727821953626e-03 -9.445658957144121e-04 -1.007643894534297e+00
19 20 -1.000293283602758e+00 -1.905242572564915e-03 -9.453698115290400e-04 -1.007644637688872e+00
19 21 -1.000293219571130e+00 -1.904639504134060e-03 -9.462143767556402e-04 -1.007645786013640e+00
19 22 -1.000293105706167e+00 -1.903924746258424e-03 -9.470889227809984e-04 -1.007647329484516e+00
19 23 -1.000292942103433e+00 -1.903104849070427e-03 -9.479843688829650e-04 -1.007649255786758e+00
19 24 -1.000292729236210e+00 -1.902186808248245e-03 -9.488930832210435e-04 -1.007651550176857e+00
19 25 -1.000292468048830e+00 -1.901178155041508e-03 -9.498086500406275e-04 -1.007654195160948e+00
19 26 -1.000292160037717e+00 -1.900087041699312e-03 -9.507257001280168e-04 -1.007657170167286e+00
19 27 -1.000291807294883e+00 -1.898922264982489e-03 -9.516398973536209e-04 -1.007660451379760e+00
19 28 -1.000291412503535e+00 -1.897693207771755e-03 -9.525480673102117e-04 -1.007664011817679e+00
19 29 -1.000290978894135e+00 -1.896409722990678e-03 -9.534483550816633e-04 -1.007667821633424e+00
19 30 -1.000290510183745e+00 -1.895082014935966e-03 -9.543402562242330e-04 -1.007671848503163e+00
19 31 -1.000290010524470e+00 -1.893720573517270e-03 -9.552244004787084e-04 -1.007676057958612e+00
19 32 -1.000289484475496e+00 -1.892336184190819e-03 -9.561020643212691e-04 -1.007680413572286e+00
19 33 -1.000288936993931e+00 -1.890939989595180e-03 -9.569744987747538e-04 -1.007684877024966e+00
19 34 -1.000288373424422e+00 -1.889543547226604e-03 -9.578422329431703e-04 -1.007689408173059e+00
19 35 -1.000287799464868e+00 -1.888158828015737e-03 -9.587045224561393e-04 -1.007693965242592e+00
19 36 -1.000287221095584e+00 -1.886798129193968e-03 -9.595590536846717e-04 -1.007698505213520e+00
19 37 -1.000286644475628e+00 -1.885473914900625e-03 -9.604019119691466e-04 -1.007702984365081e+00
19 38 -1.000286075825275e+00 -1.884198631458594e-03 -9.612277183346295e-04 -1.007707358873424e+00
19 39 -1.000285521320400e+00 -1.882984554821269e-03 -9.620297844856775e-04 -1.007711585324890e+00
19 40 -1.000284987017920e+00 -1.881843706402940e-03 -9.628001603474922e-04 -1.007715621058307e+00
19 41 -1.000284478813346e+00 -1.880787828972662e-03 -9.635295398907205e-04 -1.007719424361413e+00
19 42 -1.000284002412288e+00 -1.879828372583746e-03 -9.642071014529909e-04 -1.007722954652774e+00
19 43 -1.000283563289219e+00 -1.878976427097353e-03 -9.648204339856657e-04 -1.007726172809565e+00
19 44 -1.000283166613676e+00 -1.878242558976773e-03 -9.653557058437931e-04 -1.007729041736765e+00
19 45 -1.000282817141235e+00 -1.877636552223464e-03 -9.657981622672566e-04 -1.007731527157624e+00
19 46 -1.000282519085006e+00 -1.877167095837916e-03 -9.661329173454959e-04 -1.007733598499709e+00
19 47 -1.000282275994785e+00 -1.876841484178589e-03 -9.663458896932369e-04 -1.007735229701901e+00
19 48 -1.000282090669967e+00 -1.876665389953255e-03 -9.664246778257801e-04 -1.007736399799173e+00
19 49 -1.000281965118881e+00 -1.876642734256941e-03 -9.663592095661760e-04 -1.007737093243179e+00
19 50 -1.000281900558080e+00 -1.876775633783460e-03 -9.661421060006795e-04 -1.007737300033736e+00
19 51 -1.000281897431418e+00 -1.877064378215390e-03 -9.657688167358064e-04 -1.007737015798015e+00
19 52 -1.000281955427565e+00 -1.877507394185305e-03 -9.652376556312709e-04 -1.007736241926150e+00
19 53 -1.000282073485107e+00 -1.878101179724150e-03 -9.645498686465887e-04 -1.007734985779228e+00
19 54 -1.000282249789307e+00 -1.878840228008598e-03 -9.637098021313349e-04 -1.007733260885219e+00
19 55 -1.000282481776563e+00 -1.879716984807964e-03 -9.627251415724131e-04 -1.007731086981124e+00
19 56 -1.000282766165846e+00 -1.880721887658799e-03 -9.616071065859829e-04 -1.007728489774456e+00
19 57 -1.000283099029308e+00 -1.881843512858567e-03 -9.603704620019374e-04 -1.007725500382102e+00
19 58 -1.000283475900482e+00 -1.883068820821436e-03 -9.590332478523855e-04 -1.007722154516177e+00
19 59 -1.000283891906098e+00 -1.884383463237654e-03 -9.576162149627944e-04 -1.007718491558010e+00
19 60 -1.000284341902621e+00 -1.885772110238067e-03 -9.561420366081341e-04 -1.007714553656560e+00
19 61 -1.000284820600922e+00 -1.887218766527760e-03 -9.546344227242926e-04 -1.007710384930375e+00
19 62 -1.000285322668036e+00 -1.888707058299478e-03 -9.531172799138900e-04 -1.007706030793411e+00
19 63 -1.000285842801149e+00 -1.890220481914680e-03 -9.516140336390398e-04 -1.007701537390232e+00
20 0 -1.000286793352510e+00 -1.892656994837350e-03 -9.460698456046251e-04 -1.007695224225670e+00
20 1 -1.000287342679159e+00 -1.894188752250040e-03 -9.446585506802245e-04 -1.007690532394146e+00
20 2 -1.000287894977937e+00 -1.895698181037874e-03 -9.433238442262204e-04 -1.007685837494761e+00
20 3 -1.000288445338138e+00 -1.897169926427599e-03 -9.420839138159651e-04 -1.007681184678980e+00
20 4 -1.000288989014289e+00 -1.898589263505015e-03 -9.409551062588487e-04 -1.007676617940818e+00
20 5 -1.000289521451281e+00 -1.899942225498763e-03 -9.399515434812971e-04 -1.007672179839634e+00
20 6 -1.000290038316613e+00 -1.901215761623804e-03 -9.390846630917349e-04 -1.007667911167719e+00
20 7 -1.000290535535201e+00 -1.902397919713258e-03 -9.383628035241996e-04 -1.007663850539415e+00
20 8 -1.000291009315967e+00 -1.903478023173644e-03 -9.377909765991829e-04 -1.007660033945575e+00
20 9 -1.000291456158954e+00 -1.904446800446992e-03 -9.373709258057724e-04 -1.007656494362909e+00
20 10 -1.000291872838139e+00 -1.905296436054455e-03 -9.371014700369495e-04 -1.007653261504347e+00
20 11 -1.000292256364733e+00 -1.906020539197053e-03 -9.369790259471815e-04 -1.007650361750875e+00
20 12 -1.000292603944317e+00 -1.906614057303851e-03 -9.369981396976224e-04 -1.007647818234652e+00
20 13 -1.000292912945839e+00 -1.907073185036415e-03 -9.371518709329808e-04 -1.007645650971568e+00
20 14 -1.000293180898368e+00 -1.907395320033197e-03 -9.374319545774808e-04 -1.007643876910303e+00
20 15 -1.000293405521017e+00 -1.907579088309711e-03 -9.378287840755081e-04 -1.007642509810741e+00
20 16 -1.000293584776345e+00 -1.907624416706094e-03 -9.383313592521104e-04 -1.007641559972909e+00
20 17 -1.000293716926327e+00 -1.907532593834511e-03 -9.389273737041923e-04 -1.007641033941780e+00
20 18 -1.000293800569564e+00 -1.907306256336981e-03 -9.396035613125738e-04 -1.007640934348648e+00
20 19 -1.000293834648476e+00 -1.906949266262642e-03 -9.403463027580024e-04 -1.007641260000314e+00
20 20 -1.000293818430750e+00 -1.906466493584176e-03 -9.411423672897756e-04 -1.007642006219546e+00
20 21 -1.000293751483377e+00 -1.905863563346115e-03 -9.419795937399601e-04 -1.007643165320946e+00
20 22 -1.000293633664051e+00 -1.905146647159400e-03 -9.428473331159261e-04 -1.007644727031708e+00
20 23 -1.000293465148827e+00 -1.904322360207478e-03 -9.437365736494899e-04 -1.007646678685442e+00
20 24 -1.000293246498013e+00 -1.903397775006496e-03 -9.446397985575830e-04 -1.007649005129020e+00
20 25 -1.000292978743113e+00 -1.902380509606286e-03 -9.455507244018593e-04 -1.007651688424506e+00
20 26 -1.000292663466716e+00 -1.901278819721753e-03 -9.464640905216338e-04 -1.007654707519517e+00
20 27 -1.000292302849401e+00 -1.900101632294522e-03 -9.473756116611039e-04 -1.007658038061321e+00
20 28 -1.000291899670571e+00 -1.898858493636770e-03 -9.482820962288833e-04 -1.007661652456229e+00
20 29 -1.000291457267859e+00 -1.897559451011242e-03 -9.491816228012468e-04 -1.007665520163353e+00
20 30 -1.000290979475137e+00 -1.896214921933561e-03 -9.500736102371086e-04 -1.007669608107108e+00
20 31 -1.000290470564859e+00 -1.894835611612272e-03 -9.509586419039729e-04 -1.007673881049865e+00
20 32 -1.000289935211839e+00 -1.893432509404793e-03 -9.518380006133474e-04 -1.007678301818094e+00
20 33 -1.000289378477244e+00 -1.892016946460850e-03 -9.527129903643327e-04 -1.007682831392392e+00
20 34 -1.000288805795114e+00 -1.890600659358184e-03 -9.535842083950554e-04 -1.007687428973848e+00
20 35 -1.000288222939121e+00 -1.889195799659358e-03 -9.544509510146837e-04 -1.007692052161939e+00
20 36 -1.000287635955672e+00 -1.887814855750106e-03 -9.553108834717572e-04 -1.007696657321765e+00
20 37 -1.000287051064956e+00 -1.886470494852990e-03 -9.561599984757856e-04 -1.007701200123363e+00
20 38 -1.000286474546547e+00 -1.885175370452508e-03 -9.569927733029119e-04 -1.007705636150040e+00
20 39 -1.000285912633901e+00 -1.883941955769116e-03 -9.578023661598557e-04 -1.007709921435761e+00
20 40 -1.000285371437255e+00 -1.882782446332012e-03 -9.585807063848039e-04 -1.007714012832394e+00
20 41 -1.000284856897965e+00 -1.881708730348744e-03 -9.593184239712136e-04 -1.007717868216531e+00
20 42 -1.000284374758234e+00 -1.880732379863772e-03 -9.600046836557529e-04 -1.007721446659584e+00
20 43 -1.000283930520506e+00 -1.879864596380499e-03 -9.606270779096932e-04 -1.007724708727777e+00
20 44 -1.000283529376205e+00 -1.879116061463490e-03 -9.611717507963972e-04 -1.007727617023618e+00
20 45 -1.000283176099831e+00 -1.878496684600214e-03 -9.616238603609265e-04 -1.007730136964677e+00
20 46 -1.000282874922748e+00 -1.878015286552283e-03 -9.619683633871206e-04 -1.007732237681193e+00
20 47 -1.000282629412820e+00 -1.877679286065286e-03 -9.621909767847375e-04 -1.007733892853019e+00
20 48 -1.000282442386066e+00 -1.877494456210631e-03 -9.622791001823655e-04 -1.007735081327828e+00
20 49 -1.000282315863849e+00 -1.877464782835396e-03 -9.622225121913017e-04 -1.007735787461537e+00
20 50 -1.000282251070325e+00 -1.877592410365416e-03 -9.620137601422568e-04 -1.007736001246440e+00
20 51 -1.000282248450595e+00 -1.877877627740995e-03 -9.616482900320289e-04 -1.007735718366995e+00
20 52 -1.000282307688342e+00 -1.878318846198304e-03 -9.611244497097688e-04 -1.007734940304585e+00
20 53 -1.000282427711785e+00 -1.878912546426213e-03 -9.604435122032557e-04 -1.007733674521573e+00
20 54 -1.000282606691690e+00 -1.879653208595755e-03 -9.596098078254227e-04 -1.007731934649667e+00
20 55 -1.000282842047013e+00 -1.880533267645850e-03 -9.586309513592134e-04 -1.007729740541853e+00
20 56 -1.000283130477168e+00 -1.881543144274751e-03 -9.575180540451567e-04 -1.007727118052680e+00
20 57 -1.000283468033065e+00 -1.882671383316472e-03 -9.562857699058624e-04 -1.007724098491481e+00
20 58 -1.000283850225278e+00 -1.883904895089002e-03 -9.549520612327703e-04 -1.007720717808631e+00
20 59 -1.000284272154995e+00 -1.885229264374341e-03 -9.535376543030240e-04 -1.007717015657531e+00
20 60 -1.000284728648518e+00 -1.886629082787795e-03 -9.520652488920444e-04 -1.007713034478681e+00
20 61 -1.000285214379223e+00 -1.888088270304036e-03 -9.505586105640612e-04 -1.007708818693670e+00
20 62 -1.000285723967366e+00 -1.889590365997331e-03 -9.490416985233537e-04 -1.007704414030548e+00
20 63 -1.000286252054223e+00 -1.891118778515298e-03 -9.475379586856123e-04 -1.007699866962235e+00
21 0 -1.000287151699958e+00 -1.893575364870011e-03 -9.417694342088969e-04 -1.007693626188833e+00
21 1 -1.000287709106280e+00 -1.895122684455191e-03 -9.403586563896784e-04 -1.007688879333750e+00
21 2 -1.000288269832481e+00 -1.896648845673512e-03 -9.390232829045866e-04 -1.007684126512337e+00
21 3 -1.000288828906628e+00 -1.898138397809774e-03 -9.377814095046183e-04 -1.007679413261657e+00
21 4 -1.000289381520107e+00 -1.899576502968497e-03 -9.366493351251134e-04 -1.007674783996685e+00
21 5 -1.000289923047775e+00 -1.900949057390719e-03 -9.356411967404135e-04 -1.007670281750654e+00
21 6 -1.000290449073728e+00 -1.902242841479058e-03 -9.347685108512092e-04 -1.007665947869469e+00
21 7 -1.000290955421553e+00 -1.903445698066984e-03 -9.340397403023385e-04 -1.007661821622118e+00
21 8 -1.000291438181443e+00 -1.904546712778648e-03 -9.334600352637452e-04 -1.007657939754031e+00
21 9 -1.000291893723740e+00 -1.905536355081525e-03 -9.330312595673762e-04 -1.007654336067181e+00
21 10 -1.000292318691955e+00 -1.906406545080881e-03 -9.327523165800226e-04 -1.007651041121863e+00
21 11 -1.000292709976254e+00 -1.907150636223606e-03 -9.326196760052778e-04 -1.007648082117735e+00
21 12 -1.000293064677021e+00 -1.907763336537627e-03 -9.326279298773319e-04 -1.007645482941427e+00
21 13 -1.000293380074414e+00 -1.908240616870614e-03 -9.327702088317825e-04 -1.007643264290553e+00
21 14 -1.000293653620390e+00 -1.908579659277398e-03 -9.330383687387757e-04 -1.007641443740578e+00
21 15 -1.000293882961912e+00 -1.908778874392670e-03 -9.334229786007476e-04 -1.007640035651544e+00
21 16 -1.000294065990168e+00 -1.908837972518802e-03 -9.339132486030883e-04 -1.007639050911733e+00
21 17 -1.000294200898151e+00 -1.908758033907370e-03 -9.344970802994131e-04 -1.007638496626455e+00
21 18 -1.000294286225305e+00 -1.908541512690562e-03 -9.351613748178745e-04 -1.007638375914014e+00
21 19 -1.000294320875002e+00 -1.908192132842338e-03 -9.358926179868581e-04 -1.007638687938301e+00
21 20 -1.000294304104566e+00 -1.907714682069714e-03 -9.366776280217907e-04 -1.007639428205667e+00
21 21 -1.000294235502455e+00 -1.907114758491905e-03 -9.375042668171135e-04 -1.007640589028334e+00
21 22 -1.000294114975949e+00 -1.906398550666839e-03 -9.383619221877385e-04 -1.007642159968352e+00
21 23 -1.000293942769811e+00 -1.905572717974105e-03 -9.392416624084793e-04 -1.007644128078984e+00
21 24 -1.000293719521740e+00 -1.904644390672439e-03 -9.401360987978216e-04 -1.007646477861493e+00
21 25 -1.000293446341666e+00 -1.903621253481424e-03 -9.410391015820126e-04 -1.007649190997875e+00
21 26 -1.000293124889366e+00 -1.902511643097220e-03 -9.419455498437474e-04 -1.007652246023414e+00
21 27 -1.000292757424255e+00 -1.901324592444787e-03 -9.428512462329366e-04 -1.007655618121153e+00
21 28 -1.000292346811574e+00 -1.900069787249474e-03 -9.437530171531413e-04 -1.007659279157822e+00
21 29 -1.000291896485787e+00 -1.898757447471209e-03 -9.446489002524770e-04 -1.007663197969478e+00
21 30 -1.000291410388367e+00 -1.897398186234025e-03 -9.455382497888464e-04 -1.007667340791219e+00
21 31 -1.000290892905075e+00 -1.896002910708599e-03 -9.464216035334292e-04 -1.007671671667912e+00
21 32 -1.000290348821846e+00 -1.894582803445915e-03 -9.473002474146596e-04 -1.007676152722657e+00
21 33 -1.000289783301341e+00 -1.893149373162143e-03 -9.481755402478549e-04 -1.007680744274998e+00
21 34 -1.000289201865259e+00 -1.891714521930815e-03 -9.490481610648959e-04 -1.007685404912030e+00
21 35 -1.000288610361273e+00 -1.890290565303306e-03 -9.499174739501137e-04 -1.007690091651550e+00
21 36 -1.000288014899829e+00 -1.888890164970694e-03 -9.507811592197655e-04 -1.007694760288227e+00
21 37 -1.000287421760201e+00 -1.887526175271708e-03 -9.516351535886330e-04 -1.007699365920445e+00
21 38 -1.000286837279786e+00 -1.886211445507108e-03 -9.524738186207246e-04 -1.007703863564118e+00
21 39 -1.000286267749332e+00 -1.884958640609475e-03 -9.532901734653964e-04 -1.007708208712089e+00
21 40 -1.000285719333806e+00 -1.883780129791944e-03 -9.540760290474211e-04 -1.007712357727205e+00
21 41 -1.000285198023748e+00 -1.882687949593270e-03 -9.548219477042713e-04 -1.007716268062054e+00
21 42 -1.000284709603062e+00 -1.881693798435066e-03 -9.555170789829080e-04 -1.007719898419852e+00
21 43 -1.000284259608540e+00 -1.880808994361452e-03 -9.561490251524539e-04 -1.007723209027938e+00
21 44 -1.000283853260565e+00 -1.880044339758103e-03 -9.567039211352896e-04 -1.007726162150733e+00
21 45 -1.000283495359926e+00 -1.879409877737110e-03 -9.571668570676426e-04 -1.007728722854024e+00
21 46 -1.000283190163789e+00 -1.878914573648350e-03 -9.575226468450271e-04 -1.007730859910746e+00
21 47 -1.000282941266017e+00 -1.878565989833686e-03 -9.577568060440932e-04 -1.007732546666188e+00
21 48 -1.000282751507802e+00 -1.878370025258007e-03 -9.578565171027731e-04 -1.007733761691499e+00
21 49 -1.000282622932877e+00 -1.878330760424842e-03 -9.578113746157896e-04 -1.007734489149028e+00
21 50 -1.000282556783080e+00 -1.878450398967869e-03 -9.576138083806078e-04 -1.007734718923091e+00
21 51 -1.000282553515415e+00 -1.878729259753284e-03 -9.572592172267748e-04 -1.007734446656728e+00
21 52 -1.000282612819495e+00 -1.879165767261947e-03 -9.567459467546841e-04 -1.007733673827369e+00
21 53 -1.000282733623999e+00 -1.879756411562200e-03 -9.560752704967779e-04 -1.007732407906298e+00
21 54 -1.000282914095602e+00 -1.880495685818826e-03 -9.552514826149999e-04 -1.007730662537474e+00
21 55 -1.000283151645588e+00 -1.881376040957616e-03 -9.542821063979487e-04 -1.007728457597598e+00
21 56 -1.000283442962916e+00 -1.882387909319520e-03 -9.531781159680537e-04 -1.007725818995628e+00
21 57 -1.000283784085865e+00 -1.883519834094231e-03 -9.519540140460942e-04 -1.007722778142813e+00
21 58 -1.000284170510638e+00 -1.884758705695329e-03 -9.506276340088151e-04 -1.007719371141678e+00
21 59 -1.000284597322079e+00 -1.886090071732726e-03 -9.492196207611556e-04 -1.007715637836387e+00
21 60 -1.000285059326583e+00 -1.887498473966452e-03 -9.477526450875407e-04 -1.007711620881609e+00
21 61 -1.000285551171196e+00 -1.888967774442331e-03 -9.462504805337859e-04 -1.007707364928681e+00
21 62 -1.000286067440664e+00 -1.890481449234935e-03 -9.447371025503373e-04 -1.007702915952385e+00
21 63 -1.000286602730685e+00 -1.892022840423383e-03 -9.432359512084945e-04 -1.007698320694738e+00
22 0 -1.000287448143923e+00 -1.894488704327731e-03 -9.372896443906452e-04 -1.007692170513144e+00
22 1 -1.000288013003286e+00 -1.896049916931124e-03 -9.358819281954558e-04 -1.007687372995003e+00
22 2 -1.000288581632554e+00 -1.897591387590655e-03 -9.345481688021486e-04 -1.007682565803190e+00
22 3 -1.000289149002662e+00 -1.899097582720715e-03 -9.333063395464564e-04 -1.007677794837185e+00
22 4 -1.000289710246001e+00 -1.900553563953715e-03 -9.321726564439824e-04 -1.007673104913503e+00
22 5 -1.000290260672311e+00 -1.901945102376054e-03 -9.311612375637256e-04 -1.007668539520998e+00
22 6 -1.000290795787870e+00 -1.903258819772795e-03 -9.302836523322984e-04 -1.007664140542410e+00
22 7 -1.000291311320232e+00 -1.904482360939657e-03 -9.295484757020887e-04 -1.007659947889566e+00
22 8 -1.000291803244430e+00 -1.905604575737238e-03 -9.289609996772970e-04 -1.007655999061048e+00
22 9 -1.000292267801592e+00 -1.906615670588619e-03 -9.285232252104485e-04 -1.007652328698038e+00
22 10 -1.000292701501563e+00 -1.907507291102957e-03 -9.282341640139380e-04 -1.007648968239593e+00
22 11 -1.000293101107055e+00 -1.908272520437362e-03 -9.280903625401198e-04 -1.007645945750327e+00
22 12 -1.000293463605016e+00 -1.908905810685581e-03 -9.280864770648557e-04 -1.007643285925973e+00
22 13 -1.000293786178376e+00 -1.909402892445167e-03 -9.282157214665484e-04 -1.007641010201521e+00
22 14 -1.000294066194358e+00 -1.909760716456402e-03 -9.284700825648097e-04 -1.007639136831824e+00
22 15 -1.000294301220893e+00 -1.909977461877777e-03 -9.288403192579865e-04 -1.007637680827726e+00
22 16 -1.000294489070631e+00 -1.910052603987516e-03 -9.293158767358055e-04 -1.007636653719616e+00
22 17 -1.000294627858682e+00 -1.909986991891578e-03 -9.298849016923525e-04 -1.007636063236636e+00
22 18 -1.000294716053597e+00 -1.909782869365527e-03 -9.305345092812573e-04 -1.007635913061634e+00
22 19 -1.000294752504886e+00 -1.909443790509510e-03 -9.312513396441281e-04 -1.007636202806776e+00
22 20 -1.000294736442646e+00 -1.908974427933023e-03 -9.320223029931176e-04 -1.007636928260592e+00
22 21 -1.000294667459717e+00 -1.908380322435702e-03 -9.328353151111501e-04 -1.007638081829325e+00
22 22 -1.000294545497451e+00 -1.907667653707047e-03 -9.336798184439757e-04 -1.007639652996378e+00
22 23 -1.000294370856247e+00 -1.906843103791647e-03 -9.345469709253259e-04 -1.007641628609634e+00
22 24 -1.000294144240286e+00 -1.905913841230947e-03 -9.354295213377291e-04 -1.007643992892292e+00
22 25 -1.000293866828203e+00 -1.904887597447461e-03 -9.363215099112351e-04 -1.007646727212473e+00
22 26 -1.000293540347353e+00 -1.903772768056733e-03 -9.372179819224597e-04 -1.007649809762387e+00
22 27 -1.000293167125754e+00 -1.902578467768623e-03 -9.381148621011969e-04 -1.007653215334595e+00
22 28 -1.000292750103449e+00 -1.901314496798361e-03 -9.390090298716290e-04 -1.007656915332915e+00
22 29 -1.000292292800490e+00 -1.899991224440895e-03 -9.398985096580047e-04 -1.007660878045660e+00
22 30 -1.000291799255622e+00 -1.898619439723975e-03 -9.407826060892003e-04 -1.007665069087161e+00
22 31 -1.000291273959652e+00 -1.897210236435358e-03 -9.416618138316510e-04 -1.007669451842944e+00
22 32 -1.000290721803928e+00 -1.895774978069262e-03 -9.425374179235896e-04 -1.007673987781325e+00
22 33 -1.000290148049030e+00 -1.894325339103586e-03 -9.434108304207322e-04 -1.007678636604714e+00
22 34 -1.000289558301954e+00 -1.892873373184265e-03 -9.442828208319527e-04 -1.007683356330990e+00
22 35 -1.000288958482287e+00 -1.891431542823669e-03 -9.451528432626397e-04 -1.007688103444223e+00
22 36 -1.000288354762250e+00 -1.890012664122134e-03 -9.460186261861344e-04 -1.007692833217315e+00
22 37 -1.000287753477819e+00 -1.888629760619204e-03 -9.468760865766815e-04 -1.007697500220697e+00
22 38 -1.000287161022209e+00 -1.887295863454102e-03 -9.477195005122956e-04 -1.007702058935884e+00
22 39 -1.000286583742499e+00 -1.886023820875140e-03 -9.485417659247646e-04 -1.007706464333626e+00
22 40 -1.000286027859076e+00 -1.884826172818726e-03 -9.493345801700086e-04 -1.007710672292699e+00
22 41 -1.000285499414307e+00 -1.883715105185065e-03 -9.500884348484361e-04 -1.007714639834602e+00
22 42 -1.000285004238296e+00 -1.882702445916770e-03 -9.507924613280542e-04 -1.007718325278014e+00
22 43 -1.000284547908092e+00 -1.881799633409436e-03 -9.514342758728624e-04 -1.007721688487900e+00
22 44 -1.000284135679764e+00 -1.881017595155780e-03 -9.520000183266195e-04 -1.007724691359930e+00
22 45 -1.000283772387547e+00 -1.880366514153593e-03 -9.524747313313832e-04 -1.007727298567349e+00
22 46 -1.000283462321911e+00 -1.879855511134262e-03 -9.528431040863247e-04 -1.007729478470557e+00
22 47 -1.000283209110678e+00 -1.879492309325234e-03 -9.530904571966451e-04 -1.007731204008234e+00
22 48 -1.000283015628715e+00 -1.879282957358373e-03 -9.532037445854638e-04 -1.007732453388415e+00
22 49 -1.000282883951192e+00 -1.879231658762980e-03 -9.531723482897829e-04 -1.007733210484502e+00
22 50 -1.000282815347305e+00 -1.879340706832961e-03 -9.529885407955712e-04 -1.007733464974363e+00
22 51 -1.000282810296307e+00 -1.879610480818346e-03 -9.526476313134692e-04 -1.007733212361486e+00
22 52 -1.000282868504607e+00 -1.880039447553661e-03 -9.521479259329292e-04 -1.007732454023110e+00
22 53 -1.000282988912292e+00 -1.880624133712198e-03 -9.514906708945831e-04 -1.007731197345791e+00
22 54 -1.000283169692434e+00 -1.881359071346983e-03 -9.506801046714653e-04 -1.007729455894221e+00
22 55 -1.000283408258391e+00 -1.882236753412266e-03 -9.497236414817461e-04 -1.007727249477816e+00
22 56 -1.000283701297699e+00 -1.883247651462602e-03 -9.486320946444130e-04 -1.007724603968350e+00
22 57 -1.000284044844552e+00 -1.884380336341684e-03 -9.474197804066735e-04 -1.007721550788143e+00
22 58 -1.000284434389179e+00 -1.885621708573982e-03 -9.461043564656937e-04 -1.007718126104887e+00
22 59 -1.000284865008809e+00 -1.886957308064132e-03 -9.447063325343998e-04 -1.007714369872418e+00
22 60 -1.000285331499488e+00 -1.888371654878479e-03 -9.432482962311732e-04 -1.007710324883892e+00
22 61 -1.000285828492514e+00 -1.889848579638221e-03 -9.417539809381997e-04 -1.007706035948666e+00
22 62 -1.000286350548251e+00 -1.891371519853714e-03 -9.402473403739480e-04 -1.007701549220625e+00
22 63 -1.000286892227463e+00 -1.892923772864260e-03 -9.387517813799120e-04 -1.007696911649663e+00
23 0 -1.000287680648942e+00 -1.895388195076125e-03 -9.326763582486384e-04 -1.007690868438312e+00
23 1 -1.000288252271458e+00 -1.896961521542112e-03 -9.312741637890260e-04 -1.007686025021835e+00
23 2 -1.000288828208756e+00 -1.898516749386969e-03 -9.299442451837290e-04 -1.007681167468271e+00
23 3 -1.000289403379073e+00 -1.900038275277390e-03 -9.287044261366704e-04 -1.007676342014619e+00
23 4 -1.000289972860164e+00 -1.901511073117506e-03 -9.275708065785019e-04 -1.007671593857971e+00
23 5 -1.000290531901812e+00 -1.902920801304351e-03 -9.265574513792190e-04 -1.007666966922609e+00
23 6 -1.000291075938681e+00 -1.904253934815309e-03 -9.256759539657222e-04 -1.007662503607082e+00
23 7 -1.000291600608871e+00 -1.905497930324789e-03 -9.249349839660885e-04 -1.007658244446253e+00
23 8 -1.000292101777715e+00 -1.906641407817658e-03 -9.243399730205332e-04 -1.007654227679368e+00
23 9 -1.000292575559867e+00 -1.907674310610062e-03 -9.238930716622446e-04 -1.007650488788524e+00
23 10 -1.000293018330648e+00 -1.908588003535512e-03 -9.235934217505256e-04 -1.007647060110478e+00
23 11 -1.000293426721090e+00 -1.909375288550266e-03 -9.234376698944732e-04 -1.007643970608721e+00
23 12 -1.000293797598255e+00 -1.910030348530107e-03 -9.234205554376048e-04 -1.007641245831577e+00
23 13 -1.000294128040598e+00 -1.910548659911446e-03 -9.235353879804249e-04 -1.007638907998700e+00
23 14 -1.000294415323731e+00 -1.910926928401830e-03 -9.237742943436332e-04 -1.007636976090910e+00
23 15 -1.000294656930417e+00 -1.911163087862925e-03 -9.241282348061552e-04 -1.007635465814343e+00
23 16 -1.000294850588615e+00 -1.911256362958964e-03 -9.245869096883631e-04 -1.007634389387621e+00
23 17 -1.000294994327808e+00 -1.911207351788995e-03 -9.251387432671086e-04 -1.007633755219304e+00
23 18 -1.000295086534845e+00 -1.911018062051047e-03 -9.257711082575725e-04 -1.007633567628434e+00
23 19 -1.000295125991172e+00 -1.910691847311652e-03 -9.264708473430784e-04 -1.007633826763138e+00
23 20 -1.000295111882991e+00 -1.910233232654000e-03 -9.272250067173609e-04 -1.007634528790926e+00
23 21 -1.000295043790129e+00 -1.909647670887196e-03 -9.280215885808190e-04 -1.007635666308799e+00
23 22 -1.000294921671552e+00 -1.908941306068622e-03 -9.288501088979272e-04 -1.007637228811252e+00
23 23 -1.000294745868882e+00 -1.908120820315511e-03 -9.297018240436866e-04 -1.007639203020501e+00
23 24 -1.000294517140695e+00 -1.907193400700214e-03 -9.305696263558522e-04 -1.007641572952366e+00
23 25 -1.000294236723913e+00 -1.906166806068723e-03 -9.314477373880319e-04 -1.007644319727436e+00
23 26 -1.000293906403471e+00 -1.905049469763810e-03 -9.323313899516741e-04 -1.007647421263346e+00
23 27 -1.000293528565287e+00 -1.903850564198989e-03 -9.332166615156098e-04 -1.007650852037034e+00
23 28 -1.000293106212521e+00 -1.902579978342206e-03 -9.341005185310219e-04 -1.007654583069337e+00
23 29 -1.000292642938837e+00 -1.901248206142929e-03 -9.349810012370038e-04 -1.007658582180015e+00
23 30 -1.000292142869148e+00 -1.899866191343133e-03 -9.358573821849215e-04 -1.007662814434929e+00
23 31 -1.000291610590065e+00 -1.898445197421814e-03 -9.367301175080195e-04 -1.007667242622851e+00
23 32 -1.000291051091432e+00 -1.896996755057025e-03 -9.376004872960158e-04 -1.007671827611354e+00
23 33 -1.000290469727059e+00 -1.895532691649896e-03 -9.384699524457945e-04 -1.007676528534693e+00
23 34 -1.000289872186162e+00 -1.894065198198970e-03 -9.393393766899247e-04 -1.007681302889435e+00
23 35 -1.000289264457921e+00 -1.892606867302382e-03 -9.402083208802796e-04 -1.007686106675318e+00
23 36 -1.000288652773990e+00 -1.891170650404984e-03 -9.410745903666955e-04 -1.007690894694101e+00
23 37 -1.000288043524432e+00 -1.889769721139658e-03 -9.419341167575646e-04 -1.007695621036370e+00
23 38 -1.000287443155793e+00 -1.888417276255560e-03 -9.427811217811873e-04 -1.007700239688953e+00
23 39 -1.000286858069925e+00 -1.887126336326575e-03 -9.436084025541156e-04 -1.007704705126613e+00
23 40 -1.000286294542754e+00 -1.885909606951990e-03 -9.444075499136240e-04 -1.007708972754665e+00
23 41 -1.000285758670568e+00 -1.884779423018239e-03 -9.451689819942009e-04 -1.007712999160818e+00
23 42 -1.000285256333558e+00 -1.883747743961073e-03 -9.458818074339700e-04 -1.007716742267435e+00
23 43 -1.000284793154306e+00 -1.882826130972148e-03 -9.465336582611442e-04 -1.007720161559108e+00
23 44 -1.000284374430834e+00 -1.882025639396587e-03 -9.471106913534084e-04 -1.007723218537791e+00
23 45 -1.000284005037769e+00 -1.881356596747577e-03 -9.475979221178573e-04 -1.007725877448572e+00
23 46 -1.000283689306317e+00 -1.880828287952769e-03 -9.479799360116878e-04 -1.007728106189132e+00
23 47 -1.000283430906063e+00 -1.880448611875119e-03 -9.482418709287659e-04 -1.007729877225134e+00
23 48 -1.000283232753780e+00 -1.880223787902521e-03 -9.483704486457957e-04 -1.007731168320415e+00
23 49 -1.000283096964820e+00 -1.880158168905905e-03 -9.483548172757087e-04 -1.007731962967930e+00
23 50 -1.000283024845111e+00 -1.880254167162839e-03 -9.481870571149947e-04 -1.007732250542626e+00
23 51 -1.000283016906182e+00 -1.880512252204760e-03 -9.478623475789020e-04 -1.007732026311592e+00
23 52 -1.000283072881818e+00 -1.880930962003367e-03 -9.473789182936232e-04 -1.007731291456896e+00
23 53 -1.000283191734344e+00 -1.881506886997537e-03 -9.467379598518647e-04 -1.007730053187319e+00
23 54 -1.000283371653840e+00 -1.882234624122083e-03 -9.459436355250519e-04 -1.007728324896442e+00
23 55 -1.000283610065657e+00 -1.883106734160958e-03 -9.450032349709443e-04 -1.007726126235274e+00
23 56 -1.000283903664922e+00 -1.884113754561654e-03 -9.439273916212636e-04 -1.007723482947954e+00
23 57 -1.000284248490060e+00 -1.885244311995273e-03 -9.427302060246683e-04 -1.007720426378658e+00
23 58 -1.000284640033368e+00 -1.886485346388847e-03 -9.414291188151759e-04 -1.007716992673993e+00
23 59 -1.000285073372701e+00 -1.887822419097484e-03 -9.400444543089735e-04 -1.007713221816519e+00
23 60 -1.000285543302663e+00 -1.889240056277417e-03 -9.385986645342415e-04 -1.007709156663289e+00
23 61 -1.000286044448616e+00 -1.890722083042429e-03 -9.371153948510074e-04 -1.007704842112360e+00
23 62 -1.000286571357107e+00 -1.892251922343954e-03 -9.356185386948463e-04 -1.007700324431224e+00
23 63 -1.000287118564477e+00 -1.893812848549566e-03 -9.341314419056372e-04 -1.007695650716925e+00
24 0 -1.000287847801046e+00 -1.896265295519613e-03 -9.279770857759850e-04 -1.007689728969811e+00
24 1 -1.000288425448449e+00 -1.897848877813499e-03 -9.265827386789383e-04 -1.007684844730362e+00
24 2 -1.000289008042233e+00 -1.899416211222992e-03 -9.252587831207786e-04 -1.007679941192125e+00
24 3 -1.000289590452592e+00 -1.900951635458120e-03 -9.240228704273134e-04 -1.007675064903669e+00
24 4 -1.000290167707063e+00 -1.902440049144682e-03 -9.228909545029941e-04 -1.007670261421143e+00
24 5 -1.000290735000700e+00 -1.903867010737242e-03 -9.218770134333343e-04 -1.007665575082946e+00
24 6 -1.000291287703155e+00 -1.905218861495486e-03 -9.209926336456371e-04 -1.007661048779221e+00
24 7 -1.000291821370604e+00 -1.906482882216228e-03 -9.202465578320607e-04 -1.007656723641894e+00
24 8 -1.000292331765728e+00 -1.907647472123733e-03 -9.196443499602181e-04 -1.007652638629154e+00
24 9 -1.000292814881562e+00 -1.908702315292662e-03 -9.191883178873005e-04 -1.007648830053880e+00
24 10 -1.000293266960396e+00 -1.909638493705541e-03 -9.188777522714997e-04 -1.007645331156306e+00
24 11 -1.000293684499578e+00 -1.910448521017460e-03 -9.187094222275262e-04 -1.007642171820168e+00
24 12 -1.000294064241595e+00 -1.911126300596223e-03 -9.186781694497482e-04 -1.007639378479471e+00
24 13 -1.000294403154464e+00 -1.911667043237045e-03 -9.187774122409147e-04 -1.007636974177427e+00
24 14 -1.000294698416303e+00 -1.912067198371169e-03 -9.189994255408163e-04 -1.007634978659776e+00
24 15 -1.000294947419479e+00 -1.912324443512753e-03 -9.193353795254505e-04 -1.007633408364845e+00
24 16 -1.000295147802052e+00 -1.912437739951101e-03 -9.197752452629964e-04 -1.007632276238319e+00
24 17 -1.000295297501149e+00 -1.912407417563435e-03 -9.203077521990180e-04 -1.007631591416924e+00
24 18 -1.000295394812225e+00 -1.912235224678330e-03 -9.209205702853644e-04 -1.007631358920859e+00
24 19 -1.000295438435465e+00 -1.911924285685138e-03 -9.216007911036461e-04 -1.007631579515734e+00
24 20 -1.000295427497122e+00 -1.911478946788666e-03 -9.223356411252662e-04 -1.007632249840983e+00
24 21 -1.000295361546492e+00 -1.910904541952133e-03 -9.231132431625119e-04 -1.007633362781073e+00
24 22 -1.000295240542917e+00 -1.910207151833858e-03 -9.239232070534970e-04 -1.007634907934438e+00
24 23 -1.000295064853773e+00 -1.909393435152531e-03 -9.247568961551474e-04 -1.007636871981016e+00
24 24 -1.000294835278987e+00 -1.908470577651446e-03 -9.256073497921849e-04 -1.007639238801992e+00
24 25 -1.000294553102695e+00 -1.907446346930382e-03 -9.264689775014011e-04 -1.007641989336978e+00
24 26 -1.000294220157011e+00 -1.906329193695030e-03 -9.273372156629231e-04 -1.007645101297016e+00
24 27 -1.000293838874750e+00 -1.905128324482920e-03 -9.282083208980922e-04 -1.007648548918268e+00
24 28 -1.000293412310159e+00 -1.903853691083911e-03 -9.290793787834811e-04 -1.007652302919758e+00
24 29 -1.000292944118013e+00 -1.902515886470221e-03 -9.299484750385434e-04 -1.007656330734494e+00
24 30 -1.000292438497530e+00 -1.901125986483502e-03 -9.308148698644947e-04 -1.007660596955801e+00
24 31 -1.000291900120931e+00 -1.899695405900668e-03 -9.316789875009815e-04 -1.007665063842356e+00
24 32 -1.000291334068596e+00 -1.898235827623184e-03 -9.325420994166163e-04 -1.007669691719016e+00
24 33 -1.000290745781891e+00 -1.896759218371375e-03 -9.334057087590124e-04 -1.007674439204422e+00
24 34 -1.000290141028446e+00 -1.895277892075598e-03 -9.342707725948418e-04 -1.007679263324254e+00
24 35 -1.000289525864325e+00 -1.893804554826749e-03 -9.351369693880610e-04 -1.007684119644684e+00
24 36 -1.000288906578141e+00 -1.892352274573835e-03 -9.360022048821251e-04 -1.007688962548116e+00
24 37 -1.000288289611315e+00 -1.890934355384051e-03 -9.368624567419905e-04 -1.007693745696008e+00
24 38 -1.000287681460966e+00 -1.889564141873446e-03 -9.377119231853981e-04 -1.007698422624756e+00
24 39 -1.000287088581763e+00 -1.888254814019544e-03 -9.385433223664802e-04 -1.007702947344502e+00
24 40 -1.000286517304811e+00 -1.887019236301851e-03 -9.393481473117594e-04 -1.007707274802431e+00
24 41 -1.000285973781830e+00 -1.885869890806770e-03 -9.401167404699652e-04 -1.007711361154124e+00
24 42 -1.000285463946332e+00 -1.884818869135904e-03 -9.408381818625881e-04 -1.007715163918636e+00
24 43 -1.000284993471106e+00 -1.883877856522111e-03 -9.415001180988264e-04 -1.007718642187260e+00
24 44 -1.000284567702002e+00 -1.883058037825438e-03 -9.420887319525225e-04 -1.007721757048026e+00
24 45 -1.000284191560768e+00 -1.882369888310416e-03 -9.425890303799228e-04 -1.007724472287221e+00
24 46 -1.000283869426523e+00 -1.881822863589976e-03 -9.429855180611188e-04 -1.007726755296179e+00
24 47 -1.000283605018034e+00 -1.881425049696120e-03 -9.432631680731215e-04 -1.007728578009218e+00
24 48 -1.000283401301774e+00 -1.881182854650904e-03 -9.434084740830610e-04 -1.007729917672299e+00
24 49 -1.000283260441714e+00 -1.881100804634634e-03 -9.434103363999738e-04 -1.007730757311225e+00
24 50 -1.000283183789620e+00 -1.881181458768223e-03 -9.432606139977179e-04 -1.007731085904257e+00
24 51 -1.000283171898948e+00 -1.881425405690820e-03 -9.429543198203843e-04 -1.007730898387688e+00
24 52 -1.000283224540992e+00 -1.881831282423077e-03 -9.424895715478856e-04 -1.007730195656174e+00
24 53 -1.000283340710874e+00 -1.882395769857041e-03 -9.418674758924853e-04 -1.007728984649592e+00
24 54 -1.000283518626328e+00 -1.883113555723837e-03 -9.410921014245042e-04 -1.007727278499000e+00
24 55 -1.000283755734805e+00 -1.883977294296566e-03 -9.401705992051081e-04 -1.007725096605779e+00
24 56 -1.000284048748149e+00 -1.884977614954267e-03 -9.391134075640363e-04 -1.007722464496595e+00
24 57 -1.000284393717177e+00 -1.886103227289108e-03 -9.379343879589861e-04 -1.007719413349727e+00
24 58 -1.000284786143877e+00 -1.887341138823597e-03 -9.366507286732231e-04 -1.007715979206044e+00
24 59 -1.000285221114372e+00 -1.888676960710349e-03 -9.352825230251200e-04 -1.007712201997310e+00
24 60 -1.000285693429963e+00 -1.890095252430095e-03 -9.338520374429543e-04 -1.007708124571554e+00
24 61 -1.000286197719087e+00 -1.891579858992012e-03 -9.323827821095361e-04 -1.007703791848438e+00
24 62 -1.000286728524319e+00 -1.893114212165535e-03 -9.308985516094317e-04 -1.007699250146174e+00
24 63 -1.000287280367654e+00 -1.894681584453949e-03 -9.294226032065151e-04 -1.007694546650451e+00
25 0 -1.000287948784796e+00 -1.897111810230826e-03 -9.232403951699712e-04 -1.007688758961274e+00
25 1 -1.000288531684937e+00 -1.898703741257803e-03 -9.218560424032356e-04 -1.007683839195183e+00
25 2 -1.000289120241192e+00 -1.900281458184034e-03 -9.205400227959533e-04 -1.007678894331783e+00
25 3 -1.000289709280515e+00 -1.901829256010396e-03 -9.193097975312097e-04 -1.007673971204739e+00
25 4 -1.000290293784657e+00 -1.903331970155764e-03 -9.181811486225668e-04 -1.007669115707163e+00
25 5 -1.000290868899163e+00 -1.904775071991077e-03 -9.171679356092758e-04 -1.007664372569241e+00
25 6 -1.000291429935403e+00 -1.906144782851828e-03 -9.162817061431818e-04 -1.007659785146656e+00
25 7 -1.000291972375683e+00 -1.907428221330152e-03 -9.155312514194771e-04 -1.007655395138832e+00
25 8 -1.000292491888262e+00 -1.908613577543955e-03 -9.149222560073800e-04 -1.007651242194171e+00
25 9 -1.000292984351283e+00 -1.909690283929962e-03 -9.144571880120962e-04 -1.007647363435242e+00
25 10 -1.000293445877732e+00 -1.910649141734702e-03 -9.141355018107976e-04 -1.007643792998658e+00
25 11 -1.000293872831370e+00 -1.911482372843934e-03 -9.139541098079323e-04 -1.007640561697963e+00
25 12 -1.000294261827171e+00 -1.912183593686503e-03 -9.139079755654824e-04 -1.007637696876032e+00
25 13 -1.000294609718179e+00 -1.912747740591333e-03 -9.139906394885211e-04 -1.007635222429423e+00
25 14 -1.000294913580310e+00 -1.913170998271860e-03 -9.141945318514842e-04 -1.007633158898982e+00
25 15 -1.000295170711228e+00 -1.913450779567913e-03 -9.145110385275722e-04 -1.007631523484596e+00
25 16 -1.000295378654704e+00 -1.913585772204055e-03 -9.149304127352356e-04 -1.007630329891404e+00
25 17 -1.000295535249860e+00 -1.913576023460470e-03 -9.154417116704280e-04 -1.007629588025748e+00
25 18 -1.000295638692488e+00 -1.913423002214128e-03 -9.160329375456678e-04 -1.007629303664930e+00
25 19 -1.000295687589705e+00 -1.913129577778322e-03 -9.166914743018253e-04 -1.007629478265311e+00
25 20 -1.000295680992540e+00 -1.912699887442619e-03 -9.174047726037323e-04 -1.007630109026834e+00
25 21 -1.000295618402330e+00 -1.912139115421536e-03 -9.181611115661401e-04 -1.007631189217788e+00
25 22 -1.000295499761190e+00 -1.911453250713689e-03 -9.189502169773757e-04 -1.007632708634535e+00
25 23 -1.000295325446192e+00 -1.910648904863384e-03 -9.197635680864709e-04 -1.007634653999234e+00
25 24 -1.000295096284832e+00 -1.909733242310562e-03 -9.205943528193396e-04 -1.007637009132640e+00
25 25 -1.000294813596612e+00 -1.908714020838759e-03 -9.214371713480856e-04 -1.007639754861676e+00
25 26 -1.000294479249933e+00 -1.907599688759690e-03 -9.222876743337828e-04 -1.007642868759157e+00
25 27 -1.000294095713431e+00 -1.906399464173481e-03 -9.231423189993212e-04 -1.007646324893735e+00
25 28 -1.000293666080425e+00 -1.905123336368714e-03 -9.239983392558604e-04 -1.007650093762395e+00
25 29 -1.000293194053954e+00 -1.903781971143377e-03 -9.248538958166277e-04 -1.007654142494668e+00
25 30 -1.000292683894870e+00 -1.902386552262604e-03 -9.257082580426232e-04 -1.007658435291564e+00
25 31 -1.000292140349793e+00 -1.900948625747451e-03 -9.265618269788719e-04 -1.007662933952954e+00
25 32 -1.000291568580757e+00 -1.899480010716721e-03 -9.274158624989615e-04 -1.007667598322095e+00
25 33 -1.000290974110217e+00 -1.897992799280207e-03 -9.282719016839016e-04 -1.007672386556207e+00
25 34 -1.000290362779729e+00 -1.896499414029137e-03 -9.291309897688027e-04 -1.007677255261776e+00
25 35 -1.000289740709011e+00 -1.895012658281502e-03 -9.299929278946574e-04 -1.007682159623471e+00
25 36 -1.000289114240879e+00 -1.893545697862568e-03 -9.308557401607279e-04 -1.007687053657453e+00
25 37 -1.000288489865312e+00 -1.892111947475659e-03 -9.317154779244368e-04 -1.007691890648183e+00
25 38 -1.000287874127226e+00 -1.890724881258950e-03 -9.325663452476326e-04 -1.007696623727817e+00
25 39 -1.000287273531978e+00 -1.889397824581138e-03 -9.334010035751992e-04 -1.007701206476204e+00
25 40 -1.000286694465050e+00 -1.888143792502636e-03 -9.342108580948806e-04 -1.007705593401956e+00
25 41 -1.000286143134490e+00 -1.886975410894767e-03 -9.349861740610720e-04 -1.007709740235071e+00
25 42 -1.000285625529740e+00 -1.885904902957978e-03 -9.357159958138236e-04 -1.007713604088730e+00
25 43 -1.000285147377989e+00 -1.884944078515951e-03 -9.363879800323679e-04 -1.007717143651587e+00
25 44 -1.000284714078433e+00 -1.884104252889940e-03 -9.369883401908271e-04 -1.007720319581470e+00
25 45 -1.000284330606311e+00 -1.883396050788261e-03 -9.375020911225722e-04 -1.007723095181127e+00
25 46 -1.000284001395406e+00 -1.882829102415724e-03 -9.379136805326025e-04 -1.007725437299845e+00
25 47 -1.000283730220667e+00 -1.882411689370549e-03 -9.382079389139897e-04 -1.007727317290666e+00
25 48 -1.000283520105682e+00 -1.882150423038449e-03 -9.383711427166299e-04 -1.007728711815597e+00
25 49 -1.000283373271046e+00 -1.882050023967601e-03 -9.383919383430517e-04 -1.007729603353162e+00
25 50 -1.000283291122971e+00 -1.882113223551722e-03 -9.382619412017586e-04 -1.007729980396649e+00
25 51 -1.000283274266006e+00 -1.882340756740132e-03 -9.379759656760187e-04 -1.007729837461046e+00
25 52 -1.000283322518715e+00 -1.882731386684039e-03 -9.375319840537631e-04 -1.007729175063762e+00
25 53 -1.000283434919301e+00 -1.883281910877410e-03 -9.369309914637127e-04 -1.007727999786683e+00
25 54 -1.000283609723607e+00 -1.883987133102183e-03 -9.361769427924907e-04 -1.007726324409292e+00
25 55 -1.000283844411284e+00 -1.884839826109931e-03 -9.352768380849385e-04 -1.007724167993886e+00
25 56 -1.000284135720176e+00 -1.885830736759627e-03 -9.342409086639071e-04 -1.007721555760166e+00
25 57 -1.000284479721736e+00 -1.886948684069428e-03 -9.330827586159126e-04 -1.007718518632683e+00
25 58 -1.000284871934982e+00 -1.888180770273281e-03 -9.318192947803688e-04 -1.007715092463256e+00
25 59 -1.000285307461222e+00 -1.889512683303937e-03 -9.304703395485898e-04 -1.007711317056250e+00
25 60 -1.000285781115684e+00 -1.890929042154179e-03 -9.290579273622041e-04 -1.007707235180709e+00
25 61 -1.000286287538031e+00 -1.892413736563504e-03 -9.276053873923994e-04 -1.007702891713034e+00
25 62 -1.000286821275984e+00 -1.893950229969644e-03 -9.261363768831238e-04 -1.007698332961490e+00
25 63 -1.000287376846687e+00 -1.895521813332982e-03 -9.246740371430275e-04 -1.007693606144645e+00
26 0 -1.000287983356724e+00 -1.897919954340967e-03 -9.185153224350296e-04 -1.007687963229049e+00
26 1 -1.000288570716974e+00 -1.899518305295122e-03 -9.171428953784814e-04 -1.007683013372013e+00
26 2 -1.000289164512567e+00 -1.901104640343060e-03 -9.158365966698747e-04 -1.007678032045237e+00
26 3 -1.000289759532012e+00 -1.902663221323381e-03 -9.146136846341902e-04 -1.007673066341279e+00
26 4 -1.000290350715655e+00 -1.904178832040494e-03 -9.134897482698947e-04 -1.007668162467860e+00
26 5 -1.000290933164625e+00 -1.905636869425415e-03 -9.124784999822556e-04 -1.007663365524052e+00
26 6 -1.000291502138659e+00 -1.907023448853053e-03 -9.115914175723891e-04 -1.007658719304119e+00
26 7 -1.000292053054462e+00 -1.908325541324182e-03 -9.108373142198126e-04 -1.007654266043108e+00
26 8 -1.000292581494894e+00 -1.909531141567038e-03 -9.102219794765470e-04 -1.007650046045635e+00
26 9 -1.000293083231371e+00 -1.910629441019662e-03 -9.097480402038854e-04 -1.007646097214320e+00
26 10 -1.000293554253162e+00 -1.911610965746654e-03 -9.094151259237042e-04 -1.007642454564523e+00
26 11 -1.000293990792527e+00 -1.912467645781746e-03 -9.092203112943051e-04 -1.007639149838113e+00
26 12 -1.000294389335823e+00 -1.913192806373677e-03 -9.091587008930518e-04 -1.007636211299318e+00
26 13 -1.000294746618089e+00 -1.913781103451855e-03 -9.092239707724971e-04 -1.007633663718196e+00
26 14 -1.000295059609413e+00 -1.914228451048515e-03 -9.094087132497788e-04 -1.007631528453085e+00
26 15 -1.000295325509267e+00 -1.914531991310413e-03 -9.097045335767627e-04 -1.007629823488323e+00
26 16 -1.000295541763683e+00 -1.914690130976767e-03 -9.101019744494550e-04 -1.007628563313663e+00
26 17 -1.000295706109464e+00 -1.914702623900535e-03 -9.105904379523067e-04 -1.007627758637081e+00
26 18 -1.000295816636079e+00 -1.914570643182576e-03 -9.111582882019951e-04 -1.007627416038533e+00
26 19 -1.000295871847268e+00 -1.914296780145275e-03 -9.117932412355148e-04 -1.007627537729760e+00
26 20 -1.000295870704634e+00 -1.913884934854893e-03 -9.124830146218669e-04 -1.007628121554390e+00
26 21 -1.000295812644684e+00 -1.913340111600042e-03 -9.132160804509148e-04 -1.007629161258023e+00
26 22 -1.000295697574813e+00 -1.912668179617114e-03 -9.139823044001308e-04 -1.007630646927668e+00
26 23 -1.000295525865428e+00 -1.911875679328580e-03 -9.147732916247174e-04 -1.007632565412394e+00
26 24 -1.000295298357195e+00 -1.910969733633916e-03 -9.155823793327679e-04 -1.007634900548246e+00
26 25 -1.000295016392494e+00 -1.909958071995249e-03 -9.164043576190442e-04 -1.007637633119233e+00
26 26 -1.000294681864738e+00 -1.908849121260516e-03 -9.172350970392565e-04 -1.007640740628247e+00
26 27 -1.000294297267252e+00 -1.907652089612514e-03 -9.180712715796692e-04 -1.007644197048043e+00
26 28 -1.000293865720459e+00 -1.906376979306307e-03 -9.189102889367532e-04 -1.007647972731765e+00
26 29 -1.000293390962631e+00 -1.905034502618506e-03 -9.197504131546058e-04 -1.007652034589222e+00
26 30 -1.000292877302971e+00 -1.903635925849621e-03 -9.205909454683286e-04 -1.007656346512468e+00
26 31 -1.000292329550362e+00 -1.902192904505482e-03 -9.214322745726499e-04 -1.007660869918346e+00
26 32 -1.000291752938607e+00 -1.900717376630257e-03 -9.222756469061919e-04 -1.007665564233270e+00
26 33 -1.000291153063954e+00 -1.899221545488482e-03 -9.231226238859248e-04 -1.007670387208753e+00
26 34 -1.000290535836766e+00 -1.897717928516358e-03 -9.239743298867059e-04 -1.007675295083863e+00
26 35 -1.000289907436697e+00 -1.896219410568556e-03 -9.248306882864417e-04 -1.007680242714026e+00
26 36 -1.000289274257697e+00 -1.894739237079059e-03 -9.256898537756815e-04 -1.007685183803021e+00
26 37 -1.000288642835428e+00 -1.893290913809967e-03 -9.265479744525205e-04 -1.007690071311056e+00
26 38 -1.000288019759894e+00 -1.891888026078952e-03 -9.273992870970760e-04 -1.007694858012687e+00
26 39 -1.000287411584947e+00 -1.890544030003457e-03 -9.282364184939366e-04 -1.007699497093464e+00
26 40 -1.000286824749299e+00 -1.889272081566890e-03 -9.290506970607232e-04 -1.007703942646582e+00
26 41 -1.000286265517698e+00 -1.888084945570090e-03 -9.298323099723967e-04 -1.007708149987203e+00
26 42 -1.000285739937634e+00 -1.886994975414926e-03 -9.305702575398136e-04 -1.007712075823190e+00
26 43 -1.000285253794473e+00 -1.886014105646234e-03 -9.312521987186607e-04 -1.007715678433901e+00
26 44 -1.000284812545777e+00 -1.885153782139349e-03 -9.318643783969861e-04 -1.007718918035149e+00
26 45 -1.000284421226101e+00 -1.884424779034927e-03 -9.323918323634407e-04 -1.007721757428238e+00
26 46 -1.000284084330229e+00 -1.883836902785958e-03 -9.328189741906354e-04 -1.007724162892319e+00
26 47 -1.000283805696017e+00 -1.883398636401915e-03 -9.331305163395133e-04 -1.007726105156526e+00
26 48 -1.000283588411232e+00 -1.883116806297011e-03 -9.333125346569565e-04 -1.007727560240564e+00
26 49 -1.000283434760486e+00 -1.882996344900964e-03 -9.333534234152737e-04 -1.007728510004231e+00
26 50 -1.000283346212319e+00 -1.883040178091876e-03 -9.332445399071286e-04 -1.007728942375416e+00
26 51 -1.000283323430982e+00 -1.883249212288575e-03 -9.329804732962583e-04 -1.007728851362311e+00
26 52 -1.000283366291693e+00 -1.883622362862567e-03 -9.325590197132393e-04 -1.007728237017960e+00
26 53 -1.000283473885675e+00 -1.884156569271941e-03 -9.319810359964153e-04 -1.007727105479953e+00
26 54 -1.000283644517016e+00 -1.884846775580431e-03 -9.312503451748494e-04 -1.007725469090668e+00
26 55 -1.000283875707548e+00 -1.885685897044797e-03 -9.303737855349675e-04 -1.007723346486597e+00
26 56 -1.000284164230513e+00 -1.886664822909903e-03 -9.293613726230137e-04 -1.007720762491847e+00
26 57 -1.000284506186377e+00 -1.887772507487778e-03 -9.282264397121589e-04 -1.007717747689622e+00
26 58 -1.000284897118333e+00 -1.888996173795599e-03 -9.269855892490257e-04 -1.007714337660671e+00
26 59 -1.000285332149192e+00 -1.890321612170558e-03 -9.256583389605261e-04 -1.007710572007941e+00
26 60 -1.000285806114488e+00 -1.891733526045583e-03 -9.242664495954997e-04 -1.007706493354505e+00
26 61 -1.000286313672322e+00 -1.893215873754143e-03 -9.228330258315364e-04 -1.007702146471629e+00
26 62 -1.000286849383780e+00 -1.894752172459471e-03 -9.213815495729655e-04 -1.007697577600129e+00
26 63 -1.000287407769940e+00 -1.896325751169015e-03 -9.199350187757317e-04 -1.007692833938691e+00
27 0 -1.000287951817363e+00 -1.898682413287128e-03 -9.138507707297765e-04 -1.007687344687397e+00
27 1 -1.000288542836466e+00 -1.900285257842181e-03 -9.124919558923057e-04 -1.007682370243610e+00
27 2 -1.000289141131248e+00 -1.901878426786752e-03 -9.111969433285058e-04 -1.007677357446296e+00
27 3 -1.000289741456466e+00 -1.903446159514646e-03 -9.099827808441150e-04 -1.007672353621516e+00
27 4 -1.000290338715203e+00 -1.904973198948631e-03 -9.088648487039668e-04 -1.007667405270089e+00
27 5 -1.000290927968950e+00 -1.906444879533605e-03 -9.078566879114316e-04 -1.007662557837625e+00
27 6 -1.000291504432214e+00 -1.907847224552639e-03 -9.069696772118261e-04 -1.007657855529535e+00
27 7 -1.000292063464411e+00 -1.909167072838029e-03 -9.062126242066417e-04 -1.007653341082411e+00
27 8 -1.000292600572476e+00 -1.910392239019356e-03 -9.055914046966419e-04 -1.007649055419205e+00
27 9 -1.000293111430189e+00 -1.911511686248186e-03 -9.051087991130890e-04 -1.007645037187421e+00
27 10 -1.000293591910142e+00 -1.912515673589809e-03 -9.047646204219253e-04 -1.007641322255629e+00
27 11 -1.000294038117016e+00 -1.913395842386298e-03 -9.045561224752243e-04 -1.007637943282082e+00
27 12 -1.000294446409284e+00 -1.914145225784094e-03 -9.044785692653396e-04 -1.007634929453870e+00
27 13 -1.000294813402339e+00 -1.914758196002878e-03 -9.045257862453595e-04 -1.007632306426001e+00
27 14 -1.000295135957721e+00 -1.915230392405498e-03 -9.046905344892717e-04 -1.007630096390402e+00
27 15 -1.000295411174079e+00 -1.915558682719234e-03 -9.049646405810197e-04 -1.007628318132119e+00
27 16 -1.000295636397426e+00 -1.915741188572765e-03 -9.053389398685517e-04 -1.007626986941631e+00
27 17 -1.000295809259389e+00 -1.915777363473214e-03 -9.058031906566417e-04 -1.007626114350095e+00
27 18 -1.000295927738042e+00 -1.915668072157701e-03 -9.063461427472159e-04 -1.007625707775736e+00
27 19 -1.000295990225049e+00 -1.915415608309690e-03 -9.069558795349088e-04 -1.007625770241205e+00
27 20 -1.000295995579951e+00 -1.915023609219981e-03 -9.076204259954264e-04 -1.007626300308446e+00
27 21 -1.000295943158739e+00 -1.914496870902207e-03 -9.083284841048250e-04 -1.007627292287354e+00
27 22 -1.000295832817041e+00 -1.913841115212967e-03 -9.090700852262344e-04 -1.007628736645795e+00
27 23 -1.000295664902015e+00 -1.913062787096391e-03 -9.098369721426433e-04 -1.007630620445271e+00
27 24 -1.000295440252680e+00 -1.912168947457882e-03 -9.106226318328813e-04 -1.007632927613867e+00
27 25 -1.000295160221515e+00 -1.911167279463176e-03 -9.114220408875167e-04 -1.007635638961895e+00
27 26 -1.000294826715480e+00 -1.910066170317610e-03 -9.122312907978034e-04 -1.007638731989499e+00
27 27 -1.000294442241268e+00 -1.908874797531450e-03 -9.130472833458626e-04 -1.007642180644742e+00
27 28 -1.000294009934302e+00 -1.907603152261629e-03 -9.138676211956186e-04 -1.007645955215096e+00
27 29 -1.000293533554987e+00 -1.906261967057938e-03 -9.146906978881284e-04 -1.007650022474320e+00
27 30 -1.000293017447320e+00 -1.904862564807050e-03 -9.155158696205976e-04 -1.007654346089918e+00
27 31 -1.000292466469573e+00 -1.903416687369269e-03 -9.163435255393540e-04 -1.007658887174779e+00
27 32 -1.000291885916370e+00 -1.901936372925698e-03 -9.171748983561352e-04 -1.007663604807460e+00
27 33 -1.000291281449454e+00 -1.900433920944755e-03 -9.180115636582088e-04 -1.007668456392145e+00
27 34 -1.000290659042173e+00 -1.898921930171552e-03 -9.188547127670741e-04 -1.007673397852524e+00
27 35 -1.000290024929977e+00 -1.897413352125338e-03 -9.197043856934310e-04 -1.007678383766158e+00
27 36 -1.000289385554660e+00 -1.895921494476384e-03 -9.205588739619389e-04 -1.007683367577436e+00
27 37 -1.000288747494649e+00 -1.894459935167436e-03 -9.214144401721180e-04 -1.007688301974472e+00
27 38 -1.000288117382373e+00 -1.893042352516681e-03 -9.222653775826055e-04 -1.007693139421028e+00
27 39 -1.000287501817922e+00 -1.891682318135005e-03 -9.231042998488020e-04 -1.007697832745939e+00
27 40 -1.000286907291834e+00 -1.890393118197686e-03 -9.239224706065023e-04 -1.007702335652817e+00
27 41 -1.000286340125587e+00 -1.889187650703940e-03 -9.247099985288669e-04 -1.007706603055161e+00
27 42 -1.000285806426490e+00 -1.888078397382516e-03 -9.254558303360438e-04 -1.007710591257990e+00
27 43 -1.000285312041394e+00 -1.887077417111936e-03 -9.261476165057274e-04 -1.007714258127540e+00
27 44 -1.000284862490659e+00 -1.886196285466469e-03 -9.267716299569777e-04 -1.007717563430566e+00
27 45 -1.000284462873428e+00 -1.885445924686351e-03 -9.273129363278964e-04 -1.007720469455103e+00
27 46 -1.000284117751455e+00 -1.884836317466185e-03 -9.277559352603560e-04 -1.007722941888575e+00
27 47 -1.000283831031947e+00 -1.884376151724327e-03 -9.280852463669736e-04 -1.007724950800892e+00
27 48 -1.000283605873467e+00 -1.884072477345398e-03 -9.282867659900133e-04 -1.007726471519837e+00
27 49 -1.000283444631412e+00 -1.883930452562710e-03 -9.283486451594339e-04 -1.007727485224153e+00
27 50 -1.000283348843864e+00 -1.883953216782811e-03 -9.282619760273144e-04 -1.007727979203716e+00
27 51 -1.000283319242732e+00 -1.884141870622721e-03 -9.280211019762335e-04 -1.007727946880536e+00
27 52 -1.000283355768636e+00 -1.884495505905584e-03 -9.276236160535711e-04 -1.007727387761429e+00
27 53 -1.000283457575206e+00 -1.885011228018877e-03 -9.270702118359821e-04 -1.007726307457952e+00
27 54 -1.000283623024608e+00 -1.885684144593911e-03 -9.263645629967168e-04 -1.007724717793160e+00
27 55 -1.000283849690784e+00 -1.886507336648923e-03 -9.255133365678143e-04 -1.007722636893209e+00
27 56 -1.000284134391809e+00 -1.887471859696277e-03 -9.245263266967546e-04 -1.007720089100139e+00
27 57 -1.000284473265465e+00 -1.888566827896977e-03 -9.234165876136331e-04 -1.007717104570614e+00
27 58 -1.000284861886084e+00 -1.889779609883812e-03 -9.222004007730019e-04 -1.007713718534188e+00
27 59 -1.000285295403976e+00 -1.891096122986976e-03 -9.208969517708723e-04 -1.007709970319576e+00
27 60 -1.000285768680722e+00 -1.892501178871464e-03 -9.195276911638672e-04 -1.007705902338898e+00
27 61 -1.000286276399070e+00 -1.893978826931988e-03 -9.181154590785267e-04 -1.007701559200262e+00
27 62 -1.000286813140586e+00 -1.895512658808930e-03 -9.166835254874702e-04 -1.007696987024193e+00
27 63 -1.000287373438235e+00 -1.897086060316190e-03 -9.152547176743394e-04 -1.007692232940209e+00
28 0 -1.000287854983452e+00 -1.899392397443443e-03 -9.092949106790862e-04 -1.007686904496774e+00
28 1 -1.000288448861634e+00 -1.900997832817565e-03 -9.079511277634034e-04 -1.007681910979070e+00
28 2 -1.000289050908838e+00 -1.902596053945080e-03 -9.066687224517596e-04 -1.007676871775230e+00
28 3 -1.000289655850658e+00 -1.904171287726159e-03 -9.054645292820761e-04 -1.007671834419824e+00
28 4 -1.000290258556747e+00 -1.905708245877768e-03 -9.043537097623464e-04 -1.007666845686427e+00
28 5 -1.000290854053261e+00 -1.907192211378272e-03 -9.033496140962010e-04 -1.007661951346142e+00
28 6 -1.000291437515453e+00 -1.908609128949819e-03 -9.024634955508280e-04 -1.007657195988315e+00
28 7 -1.000292004253543e+00 -1.909945721036931e-03 -9.017041288464705e-04 -1.007652622815833e+00
28 8 -1.000292549708128e+00 -1.911189638375106e-03 -9.010774554225800e-04 -1.007648273329787e+00
28 9 -1.000293069465030e+00 -1.912329630091376e-03 -9.005864009960883e-04 -1.007644186883339e+00
28 10 -1.000293559288373e+00 -1.913355698816378e-03 -9.002309671061762e-04 -1.007640400165867e+00
28 11 -1.000294015160770e+00 -1.914259203286846e-03 -9.000086015967160e-04 -1.007636946730931e+00
28 12 -1.000294433315103e+00 -1.915032886329589e-03 -8.999147457118056e-04 -1.007633856680996e+00
28 13 -1.000294810246690e+00 -1.915670835257467e-03 -8.999433885759014e-04 -1.007631156560212e+00
28 14 -1.000295142706789e+00 -1.916168412809444e-03 -9.000874669111105e-04 -1.007628869403587e+00
28 15 -1.000295427691595e+00 -1.916522211223626e-03 -9.003390289763701e-04 -1.007627014805255e+00
28 16 -1.000295662445995e+00 -1.916730066219187e-03 -9.006892020000087e-04 -1.007625608863369e+00
28 17 -1.000295844494917e+00 -1.916791127648404e-03 -9.011281061040474e-04 -1.007624663944417e+00
28 18 -1.000295971701538e+00 -1.916705943088471e-03 -9.016448942599298e-04 -1.007624188330654e+00
28 19 -1.000296042338669e+00 -1.916476492966505e-03 -9.022280470773595e-04 -1.007624185899920e+00
28 20 -1.000296055153179e+00 -1.916106129996095e-03 -9.028659342161311e-04 -1.007624655995591e+00
28 21 -1.000296009406422e+00 -1.915599416038043e-03 -9.035475239473950e-04 -1.007625593570415e+00
28 22 -1.000295904885947e+00 -1.914961898752400e-03 -9.042630406464169e-04 -1.007626989559885e+00
28 23 -1.000295741899176e+00 -1.914199903138564e-03 -9.050043783108042e-04 -1.007628831323146e+00
28 24 -1.000295521268530e+00 -1.913320407714575e-03 -9.057651746483416e-04 -1.007631102956799e+00
28 25 -1.000295244343678e+00 -1.912331031956992e-03 -9.065405875363575e-04 -1.007633785365506e+00
28 26 -1.000294913033509e+00 -1.911240106010319e-03 -9.073269266363778e-04 -1.007636856112871e+00
28 27 -1.000294529846586e+00 -1.910056756581166e-03 -9.081213277380910e-04 -1.007640289193339e+00
28 28 -1.000294097921137e+00 -1.908790940111605e-03 -9.089216052190229e-04 -1.007644054906977e+00
28 29 -1.000293621026554e+00 -1.907453383399355e-03 -9.097263055497921e-04 -1.007648119975182e+00
28 30 -1.000293103527863e+00 -1.906055439624928e-03 -9.105348625574307e-04 -1.007652447926070e+00
28 31 -1.000292550319271e+00 -1.904608912912569e-03 -9.113476800099941e-04 -1.007656999649909e+00
28 32 -1.000291966744364e+00 -1.903125921519415e-03 -9.121659782914622e-04 -1.007661733949727e+00
28 33 -1.000291358521071e+00 -1.901618845149698e-03 -9.129913373154908e-04 -1.007666607943835e+00
28 34 -1.000290731679050e+00 -1.900100350094120e-03 -9.138250009630701e-04 -1.007671577294065e+00
28 35 -1.000290092504875e+00 -1.898583440425272e-03 -9.146671154992534e-04 -1.007676596350788e+00
28 36 -1.000289447484721e+00 -1.897081470039198e-03 -9.155161093383820e-04 -1.007681618349810e+00
28 37 -1.000288803236910e+00 -1.895608071303284e-03 -9.163683716648230e-04 -1.007686595757458e+00
28 38 -1.000288166433676e+00 -1.894176997603930e-03 -9.172182724237124e-04 -1.007691480773414e+00
28 39 -1.000287543719018e+00 -1.892801920276409e-03 -9.180584326149066e-04 -1.007696225908837e+00
28 40 -1.000286941633730e+00 -1.891496244259250e-03 -9.188800636017043e-04 -1.007700784505247e+00
28 41 -1.000286366555800e+00 -1.890272994447307e-03 -9.196731957587231e-04 -1.007705111089054e+00
28 42 -1.000285824653760e+00 -1.889144778476398e-03 -9.204267120634341e-04 -1.007709161566780e+00
28 43 -1.000285321838785e+00 -1.888123778613238e-03 -9.211282411633892e-04 -1.007712893390444e+00
28 44 -1.000284863697992e+00 -1.887221698822338e-03 -9.217640761187225e-04 -1.007716265874000e+00
28 45 -1.000284455399975e+00 -1.886449607531067e-03 -9.223193161838644e-04 -1.007719240784467e+00
28 46 -1.000284101579018e+00 -1.885817662291062e-03 -9.227783636079401e-04 -1.007721783202056e+00
28 47 -1.000283806217609e+00 -1.885334756901584e-03 -9.231257698302851e-04 -1.007723862510655e+00
28 48 -1.000283572551209e+00 -1.885008169985952e-03 -9.233472757661362e-04 -1.007725453305726e+00
28 49 -1.000283403012304e+00 -1.884843296421389e-03 -9.234308036548480e-04 -1.007726536030646e+00
28 50 -1.000283299215190e+00 -1.884843505335865e-03 -9.233671802365754e-04 -1.007727097271698e+00
28 51 -1.000283261966634e+00 -1.885010111414797e-03 -9.231504890267735e-04 -1.007727129792771e+00
28 52 -1.000283291280505e+00 -1.885342404502222e-03 -9.227780978788827e-04 -1.007726632480171e+00
28 53 -1.000283386381520e+00 -1.885837678003570e-03 -9.222505145775918e-04 -1.007725610343551e+00
28 54 -1.000283545699413e+00 -1.886491225371328e-03 -9.215712467229499e-04 -1.007724074607960e+00
28 55 -1.000283766870051e+00 -1.887296315725076e-03 -9.207467816385128e-04 -1.007722042807583e+00
28 56 -1.000284046765662e+00 -1.888244193310327e-03 -9.197866894701673e-04 -1.007719538719589e+00
28 57 -1.000284381569516e+00 -1.889324154986243e-03 -9.187037424556957e-04 -1.007716591992556e+00
28 58 -1.000284766893944e+00 -1.890523738378076e-03 -9.175138910122982e-04 -1.007713237426953e+00
28 59 -1.000285197922520e+00 -1.891829011233010e-03 -9.162359677327514e-04 -1.007709514005769e+00
28 60 -1.000285669548059e+00 -1.893224915979456e-03 -9.148910822142772e-04 -1.007705463867376e+00
28 61 -1.000286176483233e+00 -1.894695614055495e-03 -9.135017741588337e-04 -1.007701131402516e+00
28 62 -1.000286713336152e+00 -1.896224790937912e-03 -9.120910671890468e-04 -1.007696562562962e+00
28 63 -1.000287274658753e+00 -1.897795907023776e-03 -9.106815909953031e-04 -1.007691804363364e+00
29 0 -1.000287694161108e+00 -1.900043690174492e-03 -9.048945930606564e-04 -1.007686642221905e+00
29 1 -1.000288290108394e+00 -1.901649855301085e-03 -9.035669801325806e-04 -1.007681635102327e+00
29 2 -1.000288895163094e+00 -1.903251367371587e-03 -9.022982422464375e-04 -1.007676574579023e+00
29 3 -1.000289504026221e+00 -1.904832450247127e-03 -9.011050022175815e-04 -1.007671508369563e+00
29 4 -1.000290111537632e+00 -1.906377793395539e-03 -9.000021981406777e-04 -1.007666483499902e+00
29 5 -1.000290712691983e+00 -1.907872638529587e-03 -8.990029751271606e-04 -1.007661546046396e+00
29 6 -1.000291302630605e+00 -1.909302864567455e-03 -8.981184383284374e-04 -1.007656740956486e+00
29 7 -1.000291876622020e+00 -1.910655092867970e-03 -8.973573040217560e-04 -1.007652111865166e+00
29 8 -1.000292430049860e+00 -1.911916826808333e-03 -8.967255579928120e-04 -1.007647700810600e+00
29 9 -1.000292958422078e+00 -1.913076617264176e-03 -8.962262602834397e-04 -1.007643547808329e+00
29 10 -1.000293457403512e+00 -1.914124223323575e-03 -8.958596029341708e-04 -1.007639690329573e+00
29 11 -1.000293922861428e+00 -1.915050729518824e-03 -8.956232405076472e-04 -1.007636162795109e+00
29 12 -1.000294350906625e+00 -1.915848592097685e-03 -8.955128089568300e-04 -1.007632996208773e+00
29 13 -1.000294737915119e+00 -1.916511614267691e-03 -8.955224758635401e-04 -1.007630218001107e+00
29 14 -1.000295080527309e+00 -1.917034882582978e-03 -8.956453606152361e-04 -1.007627852051775e+00
29 15 -1.000295375636334e+00 -1.917414715340819e-03 -8.958737322265035e-04 -1.007625918764502e+00
29 16 -1.000295620385773e+00 -1.917648664293495e-03 -8.961990057575893e-04 -1.007624435044727e+00
29 17 -1.000295812193522e+00 -1.917735575674558e-03 -8.966116633052845e-04 -1.007623414097902e+00
29 18 -1.000295948806125e+00 -1.917675675448195e-03 -8.971012717062983e-04 -1.007622865084537e+00
29 19 -1.000296028372973e+00 -1.917470619930714e-03 -8.976567322969318e-04 -1.007622792768544e+00
29 20 -1.000296049519775e+00 -1.917123459468654e-03 -8.982667925598491e-04 -1.007623197325949e+00
29 21 -1.000296011400816e+00 -1.916638498551153e-03 -8.989207221555145e-04 -1.007624074422373e+00
29 22 -1.000295913720437e+00 -1.916021085382056e-03 -8.996089666531950e-04 -1.007625415541958e+00
29 23 -1.000295756730500e+00 -1.915277401379998e-03 -9.003235865876794e-04 -1.007627208423055e+00
29 24 -1.000295541222008e+00 -1.914414322535659e-03 -9.010583725366057e-04 -1.007629437405914e+00
29 25 -1.000295268528675e+00 -1.913439387270365e-03 -9.018086578173131e-04 -1.007632083557930e+00
29 26 -1.000294940549487e+00 -1.912360851663250e-03 -9.025709645304324e-04 -1.007635124572374e+00
29 27 -1.000294559783435e+00 -1.911187772440619e-03 -9.033426641576567e-04 -1.007638534559718e+00
29 28 -1.000294129359508e+00 -1.909930048578364e-03 -9.041217950933519e-04 -1.007642283909452e+00
29 29 -1.000293653042872e+00 -1.908598375218849e-03 -9.049070772383056e-04 -1.007646339374724e+00
29 30 -1.000293135205478e+00 -1.907204108974762e-03 -9.056980438209014e-04 -1.007650664431429e+00
29 31 -1.000292580763512e+00 -1.905759091307871e-03 -9.064951282568183e-04 -1.007655219830677e+00
29 32 -1.000291995097011e+00 -1.904275499554595e-03 -9.072995416885267e-04 -1.007659964174324e+00
29 33 -1.000291383969907e+00 -1.902765776744512e-03 -9.081128594885457e-04 -1.007664854358669e+00
29 34 -1.000290753460567e+00 -1.901242642494047e-03 -9.089363623587683e-04 -1.007669845839200e+00
29 35 -1.000290109901367e+00 -1.899719139867464e-03 -9.097702882278492e-04 -1.007674892789681e+00
29 36 -1.000289459819168e+00 -1.898208654291566e-03 -9.106131964975244e-04 -1.007679948286014e+00
29 37 -1.000288809869325e+00 -1.896724856008731e-03 -9.114616092507691e-04 -1.007684964620884e+00
29 38 -1.000288166761305e+00 -1.895281556068572e-03 -9.123099892063056e-04 -1.007689893775906e+00
29 39 -1.000287537180697e+00 -1.893892509707253e-03 -9.131509832334792e-04 -1.007694687983977e+00
29 40 -1.000286927716902e+00 -1.892571228783965e-03 -9.139757629410264e-04 -1.007699300252919e+00
29 41 -1.000286344803941e+00 -1.891330858058887e-03 -9.147742816054449e-04 -1.007703684738314e+00
29 42 -1.000285794672516e+00 -1.890184127867907e-03 -9.155353485645741e-04 -1.007707796954850e+00
29 43 -1.000285283300530e+00 -1.889143342590493e-03 -9.162465551733889e-04 -1.007711593941158e+00
29 44 -1.000284816345509e+00 -1.888220333446134e-03 -9.168942020980549e-04 -1.007715034555970e+00
29 45 -1.000284399050039e+00 -1.887426313024604e-03 -9.174634203704366e-04 -1.007718080040250e+00
29 46 -1.000284036125987e+00 -1.886771611143195e-03 -9.179386269559304e-04 -1.007720694857415e+00
29 47 -1.000283731636483e+00 -1.886265326220158e-03 -9.183043279674431e-04 -1.007722847686773e+00
29 48 -1.000283488899520e+00 -1.885914968249641e-03 -9.185461342124734e-04 -1.007724512359328e+00
29 49 -1.000283310430566e+00 -1.885726176832874e-03 -9.186517576971643e-04 -1.007725668536344e+00
29 50 -1.000283197926227e+00 -1.885702564013305e-03 -9.186117655213350e-04 -1.007726302042746e+00
29 51 -1.000283152274493e+00 -1.885845675342131e-03 -9.184199735593353e-04 -1.007726404920574e+00
29 52 -1.000283173569472e+00 -1.886155017624538e-03 -9.180735072592252e-04 -1.007725975368712e+00
29 53 -1.000283261114926e+00 -1.886628092384171e-03 -9.175726689263031e-04 -1.007725017725047e+00
29 54 -1.000283413417055e+00 -1.887260399442379e-03 -9.169207848349042e-04 -1.007723542543591e+00
29 55 -1.000283628182991e+00 -1.888045416608640e-03 -9.161241555854228e-04 -1.007721566690709e+00
29 56 -1.000283902348198e+00 -1.888974597615114e-03 -9.151921273822163e-04 -1.007719113300795e+00
29 57 -1.000284232149623e+00 -1.890037443309279e-03 -9.141371921208076e-04 -1.007716211435978e+00
29 58 -1.000284613244445e+00 -1.891221682089530e-03 -9.129749655789331e-04 -1.007712895392170e+00
29 59 -1.000285040854978e+00 -1.892513553757268e-03 -9.117239137611524e-04 -1.007709203738186e+00
29 60 -1.000285509909829e+00 -1.893898152292880e-03 -9.104047811681491e-04 -1.007705178279400e+00
29 61 -1.000286015156115e+00 -1.895359770770135e-03 -9.090397759629581e-04 -1.007700863138108e+00
29 62 -1.000286551233753e+00 -1.896882206777865e-03 -9.076516434897091e-04 -1.007696304051651e+00
29 63 -1.000287112719937e+00 -1.898449012083307e-03 -9.062627895649237e-04 -1.007691547877292e+00
30 0 -1.000287471120321e+00 -1.900630687878239e-03 -9.006947846617771e-04 -1.007686555997343e+00
30 1 -1.000288068362972e+00 -1.902235778675978e-03 -8.993841903537325e-04 -1.007681540667963e+00
30 2 -1.000288675688669e+00 -1.903838855832686e-03 -8.981299097283323e-04 -1.007676463897493e+00
30 3 -1.000289287778428e+00 -1.905424149344269e-03 -8.969483587835218e-04 -1.007671373560229e+00
30 4 -1.000289899445868e+00 -1.906976335070525e-03 -8.958542524151124e-04 -1.007666316912928e+00
30 5 -1.000290505657609e+00 -1.908480622981038e-03 -8.948605218184971e-04 -1.007661340316872e+00
30 6 -1.000291101525642e+00 -1.909922837853445e-03 -8.939781061259478e-04 -1.007656489053541e+00
30 7 -1.000291682283457e+00 -1.911289514342474e-03 -8.932156403035819e-04 -1.007651807158019e+00
30 8 -1.000292243266625e+00 -1.912568025083565e-03 -8.925791332232572e-04 -1.007647337164381e+00
30 9 -1.000292779915488e+00 -1.913746739738340e-03 -8.920717662168022e-04 -1.007643119703902e+00
30 10 -1.000293287805438e+00 -1.914815188578541e-03 -8.916939210208452e-04 -1.007639192985523e+00
30 11 -1.000293762696046e+00 -1.915764192182764e-03 -8.914434696195386e-04 -1.007635592263655e+00
30 12 -1.000294200580657e+00 -1.916585925904016e-03 -8.913162593428242e-04 -1.007632349423262e+00
30 13 -1.000294597718012e+00 -1.917273911871172e-03 -8.913066511640297e-04 -1.007629492771044e+00
30 14 -1.000294950638202e+00 -1.917822963125050e-03 -8.914079544769690e-04 -1.007627047025397e+00
30 15 -1.000295256131546e+00 -1.918229127582211e-03 -8.916126575587727e-04 -1.007625033393986e+00
30 16 -1.000295511240923e+00 -1.918489677329143e-03 -8.919124566201680e-04 -1.007623469582861e+00
30 17 -1.000295713278115e+00 -1.918603158593715e-03 -8.922981906725105e-04 -1.007622369630717e+00
30 18 -1.000295859873182e+00 -1.918569476012760e-03 -8.927598441172878e-04 -1.007621743577764e+00
30 19 -1.000295949049679e+00 -1.918389955741200e-03 -8.932867556142953e-04 -1.007621597091649e+00
30 20 -1.000295979305743e+00 -1.918067331919760e-03 -8.938680785515902e-04 -1.007621931221098e+00
30 21 -1.000295949678025e+00 -1.917605631524867e-03 -8.944934166929366e-04 -1.007622742405232e+00
30 22 -1.000295859774142e+00 -1.917009980441314e-03 -8.951534650974090e-04 -1.007624022749573e+00
30 23 -1.000295709775632e+00 -1.916286394306903e-03 -8.958404678600849e-04 -1.007625760447491e+00
30 24 -1.000295500427556e+00 -1.915441626724983e-03 -8.965483723793513e-04 -1.007627940156296e+00
30 25 -1.000295233034337e+00 -1.914483117489733e-03 -8.972726818548904e-04 -1.007630543175248e+00
30 26 -1.000294909473125e+00 -1.913419031953218e-03 -8.980101229806284e-04 -1.007633547393316e+00
30 27 -1.000294532222085e+00 -1.912258338776235e-03 -8.987583006120054e-04 -1.007636927104500e+00
30 28 -1.000294104389139e+00 -1.911010857767691e-03 -8.995154851188944e-04 -1.007640652862611e+00
30 29 -1.000293629722005e+00 -1.909687226772859e-03 -9.002805871943190e-04 -1.007644691536904e+00
30 30 -1.000293112585201e+00 -1.908298778445148e-03 -9.010532601207086e-04 -1.007649006640197e+00
30 31 -1.000292557902550e+00 -1.906857365741938e-03 -9.018339828012218e-04 -1.007653558870209e+00
30 32 -1.000291971077455e+00 -1.905375203096731e-03 -9.026239620286465e-04 -1.007658306704125e+00
30 33 -1.000291357908886e+00 -1.903864779174065e-03 -9.034247609990133e-04 -1.007663206882048e+00
30 34 -1.000290724515512e+00 -1.902338852475966e-03 -9.042376806631896e-04 -1.007668214709725e+00
30 35 -1.000290077269590e+00 -1.900810491997436e-03 -9.050630325839621e-04 -1.007673284234512e+00
30 36 -1.000289422734624e+00 -1.899293100978873e-03 -9.058994958999291e-04 -1.007678368419690e+00
30 37 -1.000288767599998e+00 -1.897800372039473e-03 -9.067437260740187e-04 -1.007683419430980e+00
30 38 -1.000288118609826e+00 -1.896346157323994e-03 -9.075902898443897e-04 -1.007688389076795e+00
30 39 -1.000287482489044e+00 -1.894944280523854e-03 -9.084318757130157e-04 -1.007693229350590e+00
30 40 -1.000286865874007e+00 -1.893608348280146e-03 -9.092596276605555e-04 -1.007697892955395e+00
30 41 -1.000286275254030e+00 -1.892351617363746e-03 -9.100634241525622e-04 -1.007702333694026e+00
30 42 -1.000285716922498e+00 -1.891186936854163e-03 -9.108319917208097e-04 -1.007706506698110e+00
30 43 -1.000285196925986e+00 -1.890126731776604e-03 -9.115528676492135e-04 -1.007710368595061e+00
30 44 -1.000284720995693e+00 -1.889182959644313e-03 -9.122123438467044e-04 -1.007713877787134e+00
30 45 -1.000284294452351e+00 -1.888366975130405e-03 -9.127955758529161e-04 -1.007716994986670e+00
30 46 -1.000283922090045e+00 -1.887689277092902e-03 -9.132870020915462e-04 -1.007719684035078e+00
30 47 -1.000283608057519e+00 -1.887159166042846e-03 -9.136711026610299e-04 -1.007721912894293e+00
30 48 -1.000283355760549e+00 -1.886784383965427e-03 -9.139333832090227e-04 -1.007723654605696e+00
30 49 -1.000283167802955e+00 -1.886570820428839e-03 -9.140613671186277e-04 -1.007724888010048e+00
30 50 -1.000283045969043e+00 -1.886522340345910e-03 -9.140453729532426e-04 -1.007725598122061e+00
30 51 -1.000282991233643e+00 -1.886640734034732e-03 -9.138789468565388e-04 -1.007725776205977e+00
30 52 -1.000283003777369e+00 -1.886925741906265e-03 -9.135589592249495e-04 -1.007725419712692e+00
30 53 -1.000283082990189e+00 -1.887375091541774e-03 -9.130854902893154e-04 -1.007724532245059e+00
30 54 -1.000283227462775e+00 -1.887984507248131e-03 -9.124616717849143e-04 -1.007723123621013e+00
30 55 -1.000283434982118e+00 -1.888747693673827e-03 -9.116936122472797e-04 -1.007721209971303e+00
30 56 -1.000283702555665e+00 -1.889656332779736e-03 -9.107904362429841e-04 -1.007718813715631e+00
30 57 -1.000284026482221e+00 -1.890700148977319e-03 -9.097643609064768e-04 -1.007715963255215e+00
30 58 -1.000284402470641e+00 -1.891867081307497e-03 -9.086306699592559e-04 -1.007712692309527e+00
30 59 -1.000284825787145e+00 -1.893143561073533e-03 -9.074074569218988e-04 -1.007709038968893e+00
30 60 -1.000285291400169e+00 -1.894514852574317e-03 -9.061150844559917e-04 -1.007705044650328e+00
30 61 -1.000285794095169e+00 -1.895965398600404e-03 -9.047754035211102e-04 -1.007700753159545e+00
30 62 -1.000286328548422e+00 -1.897479126013004e-03 -9.034108521962820e-04 -1.007696209976361e+00
30 63 -1.000286889367898e+00 -1.899039693762903e-03 -9.020435870957972e-04 -1.007691461761104e+00
31 0 -1.000287188071048e+00 -1.901148431396618e-03 -8.967380369340503e-04 -1.007686642696529e+00
31 1 -1.000287785856135e+00 -1.902750713167731e-03 -8.954450193153120e-04 -1.007681624439972e+00
31 2 -1.000288394729572e+00 -1.904353677209078e-03 -8.942057127766356e-04 -1.007676536450954e+00
31 3 -1.000289009356898e+00 -1.905941568546453e-03 -8.930363340751011e-04 -1.007671426733824e+00
31 4 -1.000289624528952e+00 -1.907499057678542e-03 -8.919513797982108e-04 -1.007666342753675e+00
31 5 -1.000290235187404e+00 -1.909011331596174e-03 -8.909635641979587e-04 -1.007661331136173e+00
31 6 -1.000290836418819e+00 -1.910464171649228e-03 -8.900836476508926e-04 -1.007656437473643e+00
31 7 -1.000291423427545e+00 -1.911844039554746e-03 -8.893201639675454e-04 -1.007651706170194e+00
31 8 -1.000291991509416e+00 -1.913138193846938e-03 -8.886791243864878e-04 -1.007647180214586e+00
31 9 -1.000292536047202e+00 -1.914334840597430e-03 -8.881638172137441e-04 -1.007642900805814e+00
31 10 -1.000293052536973e+00 -1.915423297130847e-03 -8.877748108727687e-04 -1.007638906843376e+00
31 11 -1.000293536639085e+00 -1.916394132196343e-03 -8.875102031881647e-04 -1.007635234376259e+00
31 12 -1.000293984235278e+00 -1.917239248348816e-03 -8.873660680544621e-04 -1.007631916142812e+00
31 13 -1.000294391470244e+00 -1.917951891900267e-03 -8.873369746361422e-04 -1.007628981308277e+00
31 14 -1.000294754765215e+00 -1.918526606686958e-03 -8.874164303551164e-04 -1.007626455418288e+00
31 15 -1.000295070808622e+00 -1.918959175402240e-03 -8.875971411940130e-04 -1.007624360473817e+00
31 16 -1.000295336544143e+00 -1.919246597277778e-03 -8.878710755482355e-04 -1.007622714967856e+00
31 17 -1.000295549179646e+00 -1.919387125829916e-03 -8.882294194193475e-04 -1.007621533756721e+00
31 18 -1.000295706230495e+00 -1.919380348976617e-03 -8.886625718051892e-04 -1.007620827750366e+00
31 19 -1.000295805593927e+00 -1.919227261092334e-03 -8.891603181738275e-04 -1.007620603526140e+00
31 20 -1.000295845636247e+00 -1.918930270581105e-03 -8.897122399055713e-04 -1.007620863033619e+00
31 21 -1.000295825268077e+00 -1.918493110567519e-03 -8.903083040918276e-04 -1.007621603534626e+00
31 22 -1.000295743988550e+00 -1.917920664413932e-03 -8.909394831082847e-04 -1.007622817819899e+00
31 23 -1.000295601895180e+00 -1.917218761051760e-03 -8.915982233316020e-04 -1.007624494608585e+00
31 24 -1.000295399673043e+00 -1.916394012256789e-03 -8.922786350259008e-04 -1.007626618946214e+00
31 25 -1.000295138584143e+00 -1.915453741949084e-03 -8.929763865712187e-04 -1.007629172431581e+00
31 26 -1.000294820471969e+00 -1.914406008649112e-03 -8.936884002216325e-04 -1.007632133213935e+00
31 27 -1.000294447782679e+00 -1.913259675597855e-03 -8.944125087806265e-04 -1.007635475837167e+00
31 28 -1.000294023591422e+00 -1.912024462523894e-03 -8.951472185118327e-04 -1.007639171093405e+00
31 29 -1.000293551615426e+00 -1.910710924941498e-03 -8.958916448900156e-04 -1.007643186051608e+00
31 30 -1.000293036197522e+00 -1.909330344139467e-03 -8.966455805854170e-04 -1.007647484350808e+00
31 31 -1.000292482254602e+00 -1.907894557884221e-03 -8.974095667326072e-04 -1.007652026723066e+00
31 32 -1.000291895199751e+00 -1.906415794515807e-03 -8.981848126254455e-04 -1.007656771600433e+00
31 33 -1.000291280855294e+00 -1.904906569857092e-03 -8.989728630632408e-04 -1.007661675634719e+00
31 34 -1.000290645371158e+00 -1.903379666838616e-03 -8.997750223854233e-04 -1.007666694038662e+00
31 35 -1.000289995153068e+00 -1.901848167871932e-03 -9.005916552088477e-04 -1.007671780782378e+00
31 36 -1.000289336796747e+00 -1.900325481151176e-03 -9.014215443981807e-04 -1.007676888762628e+00
31 37 -1.000288677022342e+00 -1.898825307224971e-03 -9.022614732782758e-04 -1.007681970063651e+00
31 38 -1.000288022605956e+00 -1.897361523722655e-03 -9.031061184297916e-04 -1.007686976364377e+00
31 39 -1.000287380309638e+00 -1.895948007755341e-03 -9.039482225328735e-04 -1.007691859457154e+00
31 40 -1.000286756815004e+00 -1.894598448346002e-03 -9.047789133621639e-04 -1.007696571769703e+00
31 41 -1.000286158665747e+00 -1.893326205860591e-03 -9.055879976488749e-04 -1.007701066771253e+00
31 42 -1.000285592218081e+00 -1.892144243680174e-03 -9.063641107876149e-04 -1.007705299220343e+00
31 43 -1.000285063588667e+00 -1.891065105635591e-03 -9.070947188409388e-04 -1.007709225336986e+00
31 44 -1.000284578585026e+00 -1.890100874302570e-03 -9.077660860888815e-04 -1.007712803067965e+00
31 45 -1.000284142609694e+00 -1.889263044339739e-03 -9.083633804651507e-04 -1.007715992596745e+00
31 46 -1.000283760543331e+00 -1.888562280530509e-03 -9.088710625950206e-04 -1.007718757139759e+00
31 47 -1.000283436625051e+00 -1.888008082501397e-03 -9.092736010350247e-04 -1.007721063932383e+00
31 48 -1.000283174353271e+00 -1.887608423198058e-03 -9.095564195261954e-04 -1.007722885207576e+00
31 49 -1.000282976424967e+00 -1.887369444744347e-03 -9.097068762500960e-04 -1.007724198955545e+00
31 50 -1.000282844716916e+00 -1.887295272009501e-03 -9.097150565326288e-04 -1.007724989340044e+00
31 51 -1.000282780295763e+00 -1.887387951352658e-03 -9.095742397309449e-04 -1.007725246798636e+00
31 52 -1.000282783434078e+00 -1.887647470890405e-03 -9.092810331504747e-04 -1.007724967980893e+00
31 53 -1.000282853614199e+00 -1.888071799566291e-03 -9.088352816886925e-04 -1.007724155699646e+00
31 54 -1.000282989518288e+00 -1.888656901722608e-03 -9.082399111955635e-04 -1.007722818980259e+00
31 55 -1.000283189021051e+00 -1.889396724608923e-03 -9.075008339508370e-04 -1.007720973157960e+00
31 56 -1.000283449210187e+00 -1.890283194755404e-03 -9.066269570490763e-04 -1.007718639873193e+00
31 57 -1.000283766454224e+00 -1.891306277166691e-03 -9.056302322203601e-04 -1.007715846798789e+00
31 58 -1.000284136520311e+00 -1.892454138930125e-03 -9.045256196581927e-04 -1.007712627011649e+00
31 59 -1.000284554723605e+00 -1.893713420152966e-03 -9.033308418977210e-04 -1.007709018063170e+00
31 60 -1.000285016076136e+00 -1.895069572289970e-03 -9.020658705535639e-04 -1.007705060929631e+00
31 61 -1.000285515405005e+00 -1.896507204050532e-03 -9.007521799684759e-04 -1.007700799055599e+00
31 62 -1.000286047426594e+00 -1.898010387070444e-03 -8.994118759585617e-04 -1.007696277624357e+00
31 63 -1.000286606784371e+00 -1.899562902155112e-03 -8.980668422780591e-04 -1.007691543062998e+00
32 0 -1.000286847641054e+00 -1.901592628668130e-03 -8.930639959364548e-04 -1.007686898100059e+00
32 1 -1.000287445239423e+00 -1.903190446041296e-03 -8.917888274041260e-04 -1.007681882067775e+00
32 2 -1.000288054953691e+00 -1.904791676181746e-03 -8.905647425085576e-04 -1.007676787824406e+00
32 3 -1.000288671438393e+00 -1.906380587732497e-03 -8.894077687143706e-04 -1.007671663477189e+00
32 4 -1.000289289464861e+00 -1.907941853428597e-03 -8.883321936976077e-04 -1.007666556676877e+00
32 5 -1.000289903952519e+00 -1.909460645224628e-03 -8.873505173642219e-04 -1.007661514293013e+00
32 6 -1.000290509965869e+00 -1.910922711145240e-03 -8.864733137321122e-04 -1.007656582205298e+00
32 7 -1.000291102685383e+00 -1.912314453471003e-03 -8.857089990043903e-04 -1.007651805155230e+00
32 8 -1.000291677374840e+00 -1.913623033182530e-03 -8.850635672819742e-04 -1.007647226544830e+00
32 9 -1.000292229369012e+00 -1.914836510557101e-03 -8.845403987180920e-04 -1.007642888092570e+00
32 10 -1.000292754094831e+00 -1.915944006829939e-03 -8.841402431135783e-04 -1.007638829338995e+00
32 11 -1.000293247122688e+00 -1.916935853101433e-03 -8.838614298086585e-04 -1.007635087082821e+00
32 12 -1.000293704229730e+00 -1.917803689693251e-03 -8.837002725875521e-04 -1.007631694880438e+00
32 13 -1.000294121450907e+00 -1.918540494361142e-03 -8.836515633045281e-04 -1.007628682731444e+00
32 14 -1.000294495100872e+00 -1.919140547565441e-03 -8.837090160389332e-04 -1.007626076992094e+00
32 15 -1.000294821767878e+00 -1.919599373720128e-03 -8.838655529388487e-04 -1.007623900440445e+00
32 16 -1.000295098298789e+00 -1.919913708507639e-03 -8.841134038117860e-04 -1.007622172335569e+00
32 17 -1.000295321800794e+00 -1.920081523070182e-03 -8.844440876585232e-04 -1.007620908327715e+00
32 18 -1.000295489677623e+00 -1.920102096762051e-03 -8.848484090114742e-04 -1.007620120177722e+00
32 19 -1.000295599701495e+00 -1.919976094870082e-03 -8.853166024174493e-04 -1.007619815367487e+00
32 20 -1.000295650104903e+00 -1.919705595331122e-03 -8.858386926858690e-04 -1.007619996762316e+00
32 21 -1.000295639666308e+00 -1.919294025206944e-03 -8.864050352235790e-04 -1.007620662483738e+00
32 22 -1.000295567766281e+00 -1.918746007625569e-03 -8.870069065122885e-04 -1.007621806063553e+00
32 23 -1.000295434405672e+00 -1.918067165017092e-03 -8.876369752824180e-04 -1.007623416813132e+00
32 24 -1.000295240196254e+00 -1.917263948631066e-03 -8.882895227971810e-04 -1.007625480234023e+00
32 25 -1.000294986344998e+00 -1.916343550049719e-03 -8.889603792917350e-04 -1.007627978288923e+00
32 26 -1.000294674650123e+00 -1.915313905474934e-03 -8.896466533146417e-04 -1.007630889449962e+00
32 27 -1.000294307514633e+00 -1.914183755835419e-03 -8.903463980378158e-04 -1.007634188576764e+00
32 28 -1.000293887969358e+00 -1.912962700549948e-03 -8.910583560434464e-04 -1.007637846772980e+00
32 29 -1.000293419688406e+00 -1.911661188647933e-03 -8.917818582635070e-04 -1.007641831389033e+00
32 30 -1.000292906979027e+00 -1.910290423068736e-03 -8.925168545063556e-04 -1.007646106278306e+00
32 31 -1.000292354736567e+00 -1.908862199213668e-03 -8.932639654578051e-04 -1.007650632296055e+00
32 32 -1.000291768369708e+00 -1.907388735119328e-03 -8.940244116555626e-04 -1.007655367911244e+00
32 33 -1.000291153711894e+00 -1.905882554471805e-03 -8.947997151514084e-04 -1.007660269757134e+00
32 34 -1.000290516934724e+00 -1.904356449946418e-03 -8.955911674125599e-04 -1.007665293010542e+00
32 35 -1.000289864470450e+00 -1.902823505265834e-03 -8.963991638462451e-04 -1.007670391612782e+00
32 36 -1.000289202942191e+00 -1.901297121710073e-03 -8.972225707087705e-04 -1.007675518438688e+00
32 37 -1.000288539097407e+00 -1.899790994605493e-03 -8.980582876540908e-04 -1.007680625534537e+00
32 38 -1.000287879741464e+00 -1.898319012468201e-03 -8.989011012429816e-04 -1.007685664492119e+00
32 39 -1.000287231671192e+00 -1.896895091107383e-03 -8.997438172653852e-04 -1.007690586941100e+00
32 40 -1.000286601611590e+00 -1.895532989308953e-03 -9.005775575480619e-04 -1.007695345064349e+00
32 41 -1.000285996159594e+00 -1.894246162255142e-03 -9.013920606847157e-04 -1.007699892017545e+00
32 42 -1.000285421734067e+00 -1.893047682756995e-03 -9.021758636732441e-04 -1.007704182197026e+00
32 43 -1.000284884522605e+00 -1.891950211071951e-03 -9.029163445852569e-04 -1.007708171420965e+00
32 44 -1.000284390411014e+00 -1.890965953245053e-03 -9.035997196251486e-04 -1.007711817183941e+00
32 45 -1.000283944886735e+00 -1.890106541952913e-03 -9.042111529136893e-04 -1.007715079142065e+00
32 46 -1.000283552921014e+00 -1.889382805078996e-03 -9.047351223491459e-04 -1.007717919885597e+00
32 47 -1.000283218847765e+00 -1.888804438044616e-03 -9.051560942344265e-04 -1.007720305917685e+00
32 48 -1.000282946262523e+00 -1.888379642420096e-03 -9.054594307814996e-04 -1.007722208649818e+00
32 49 -1.000282737959811e+00 -1.888114813579264e-03 -9.056323485040442e-04 -1.007723605198079e+00
32 50 -1.000282595913242e+00 -1.888014341262546e-03 -9.056647175817802e-04 -1.007724478840840e+00
32 51 -1.000282521285612e+00 -1.888080536538399e-03 -9.055495580590266e-04 -1.007724819147352e+00
32 52 -1.000282514445890e+00 -1.888313646274724e-03 -9.052832108675499e-04 -1.007724621921494e+00
32 53 -1.000282574973798e+00 -1.888711893129117e-03 -9.048652756918354e-04 -1.007723889140423e+00
32 54 -1.000282701649057e+00 -1.889271494614531e-03 -9.042984625715823e-04 -1.007722628988593e+00
32 55 -1.000282892441218e+00 -1.889986654086693e-03 -9.035884838418679e-04 -1.007720855953475e+00
32 56 -1.000283144525829e+00 -1.890849556227170e-03 -9.027440346706357e-04 -1.007718590840555e+00
32 57 -1.000283454348403e+00 -1.891850420482723e-03 -9.017768141303202e-04 -1.007715860536224e+00
32 58 -1.000283817740681e+00 -1.892977656505576e-03 -9.007014728160695e-04 -1.007712697416031e+00
32 59 -1.000284230071716e+00 -1.894218128245349e-03 -8.995353705873413e-04 -1.007709138436315e+00
32 60 -1.000284686400736e+00 -1.895557489112466e-03 -8.982980862227156e-04 -1.007705224083451e+00
32 61 -1.000285181599262e+00 -1.896980527774748e-03 -8.970107049633996e-04 -1.007700997400416e+00
32 62 -1.000285710426703e+00 -1.898471474123229e-03 -8.956949805365106e-04 -1.007696503239548e+00
32 63 -1.000286267566002e+00 -1.900014244088601e-03 -8.943725028405095e-04 -1.007691787761835e+00
33 0 -1.000286452855266e+00 -1.901959668492766e-03 -8.897089611438531e-04 -1.007687317060507e+00
33 1 -1.000287049563221e+00 -1.903551453405039e-03 -8.884516390463608e-04 -1.007682308256291e+00
33 2 -1.000287659429318e+00 -1.905149393602174e-03 -8.872427643906553e-04 -1.007677212644448e+00
33 3 -1.000288277101623e+00 -1.906737789757051e-03 -8.860981873431582e-04 -1.007672078406627e+00
33 4 -1.000288897335186e+00 -1.908301323985495e-03 -8.850319999396338e-04 -1.007666953355640e+00
33 5 -1.000289515029600e+00 -1.909825160561000e-03 -8.840564953611701e-04 -1.007661884583844e+00
33 6 -1.000290125230179e+00 -1.911295023725309e-03 -8.831820588121811e-04 -1.007656918234361e+00
33 7 -1.000290723098135e+00 -1.912697269323570e-03 -8.824169765181577e-04 -1.007652099354167e+00
33 8 -1.000291303872180e+00 -1.914018977086309e-03 -8.817672077858049e-04 -1.007647471716937e+00
33 9 -1.000291862848218e+00 -1.915248079752176e-03 -8.812362086131578e-04 -1.007643077511151e+00
33 10 -1.000292395394292e+00 -1.916373520719687e-03 -8.808249020427701e-04 -1.007638956865453e+00
33 11 -1.000292897000675e+00 -1.917385409617762e-03 -8.805318514615236e-04 -1.007635147278029e+00
33 12 -1.000293363347872e+00 -1.918275137181831e-03 -8.803536217344264e-04 -1.007631683081757e+00
33 13 -1.000293790366451e+00 -1.919035421886472e-03 -8.802852410873517e-04 -1.007628595079979e+00
33 14 -1.000294174267778e+00 -1.919660288695932e-03 -8.803206389120209e-04 -1.007625910416265e+00
33 15 -1.000294511542514e+00 -1.920145012713690e-03 -8.804529520464154e-04 -1.007623652623067e+00
33 16 -1.000294798943782e+00 -1.920486077285238e-03 -8.806746599913603e-04 -1.007621841699146e+00
33 17 -1.000295033481989e+00 -1.920681183693186e-03 -8.809775976944072e-04 -1.007620494059502e+00
33 18 -1.000295212453360e+00 -1.920729314044263e-03 -8.813529605825606e-04 -1.007619622289245e+00
33 19 -1.000295333508076e+00 -1.920630811522416e-03 -8.817914274131185e-04 -1.007619234758589e+00
33 20 -1.000295394744934e+00 -1.920387423460957e-03 -8.822834750950706e-04 -1.007619335251012e+00
33 21 -1.000295394806141e+00 -1.920002262456707e-03 -8.828198676897903e-04 -1.007619922773985e+00
33 22 -1.000295332945341e+00 -1.919479676272571e-03 -8.833922107650629e-04 -1.007620991648345e+00
33 23 -1.000295209055377e+00 -1.918825062619331e-03 -8.839934161688146e-04 -1.007622531838504e+00
33 24 -1.000295023662271e+00 -1.918044694431839e-03 -8.846179464004075e-04 -1.007624529365821e+00
33 25 -1.000294777905796e+00 -1.917145614989707e-03 -8.852617922339509e-04 -1.007626966618835e+00
33 26 -1.000294473527499e+00 -1.916135623132564e-03 -8.859222397882018e-04 -1.007629822453644e+00
33 27 -1.000294112876337e+00 -1.915023321338753e-03 -8.865975535713310e-04 -1.007633072109567e+00
33 28 -1.000293698927748e+00 -1.913818169557164e-03 -8.872867100608064e-04 -1.007636687072331e+00
33 29 -1.000293235300657e+00 -1.912530487168646e-03 -8.879892633473712e-04 -1.007640635053183e+00
33 30 -1.000292726253240e+00 -1.911171372308302e-03 -8.887053362550262e-04 -1.007644880206851e+00
33 31 -1.000292176644882e+00 -1.909752550819539e-03 -8.894356462888886e-04 -1.007649383600652e+00
33 32 -1.000291591865746e+00 -1.908286205761252e-03 -8.901814356876903e-04 -1.007654103823093e+00
33 33 -1.000290977747906e+00 -1.906784848686554e-03 -8.909442018795726e-04 -1.007658997559578e+00
33 34 -1.000290340474533e+00 -1.905261266808342e-03 -8.917252087349355e-04 -1.007664020009089e+00
33 35 -1.000289686496882e+00 -1.903728533220932e-03 -8.925248592877656e-04 -1.007669125132621e+00
33 36 -1.000289022460241e+00 -1.902200031438761e-03 -8.933420791558383e-04 -1.007674265826012e+00
33 37 -1.000288355135802e+00 -1.900689439850868e-03 -8.941738672528433e-04 -1.007679394138447e+00
33 38 -1.000287691355438e+00 -1.899210644447562e-03 -8.950151145499559e-04 -1.007684461614994e+00
33 39 -1.000287037948295e+00 -1.897777585548159e-03 -8.958586946195958e-04 -1.007689419760859e+00
33 40 -1.000286401680597e+00 -1.896404078955674e-03 -8.966957317679064e-04 -1.007694220545758e+00
33 41 -1.000285789201006e+00 -1.895103665313627e-03 -8.975159005518170e-04 -1.007698816833650e+00
33 42 -1.000285206990394e+00 -1.893889521301575e-03 -8.983076339131414e-04 -1.007703162671218e+00
33 43 -1.000284661307624e+00 -1.892774420793965e-03 -8.990582060929319e-04 -1.007707213481559e+00
33 44 -1.000284158118164e+00 -1.891770691685022e-03 -8.997537637482048e-04 -1.007710926311254e+00
33 45 -1.000283702996837e+00 -1.890890102827723e-03 -9.003794477743912e-04 -1.007714260292127e+00
33 46 -1.000283301008862e+00 -1.890143642281204e-03 -9.009197437003704e-04 -1.007717177390001e+00
33 47 -1.000282956586872e+00 -1.889541197486223e-03 -9.013591198269367e-04 -1.007719643374229e+00
33 48 -1.000282673427647e+00 -1.889091195530889e-03 -9.016828933287651e-04 -1.007721628826259e+00
33 49 -1.000282454427418e+00 -1.888800284505849e-03 -9.018781612239830e-04 -1.007723109969330e+00
33 50 -1.000282301660611e+00 -1.888673121980174e-03 -9.019345983084067e-04 -1.007724069168118e+00
33 51 -1.000282216389813e+00 -1.888712289746190e-03 -9.018449766228019e-04 -1.007724495089687e+00
33 52 -1.000282199083892e+00 -1.888918301566568e-03 -9.016053716685950e-04 -1.007724382656464e+00
33 53 -1.000282249423910e+00 -1.889289643408639e-03 -9.012151311227844e-04 -1.007723732972919e+00
33 54 -1.000282366292167e+00 -1.889822796452798e-03 -9.006767407676320e-04 -1.007722553343130e+00
33 55 -1.000282547759178e+00 -1.890512230916596e-03 -8.999957097759080e-04 -1.007720857364190e+00
33 56 -1.000282791095094e+00 -1.891350400309381e-03 -8.991805275892040e-04 -1.007718664960807e+00
33 57 -1.000283092829114e+00 -1.892327789427990e-03 -8.982426554439305e-04 -1.007716002183877e+00
33 58 -1.000283448863569e+00 -1.893433062098227e-03 -8.971964525269377e-04 -1.007712900656451e+00
33 59 -1.000283854626147e+00 -1.894653318308568e-03 -8.960589306955792e-04 -1.007709396690120e+00
33 60 -1.000284305226577e+00 -1.895974425600353e-03 -8.948492816528814e-04 -1.007705530237499e+00
33 61 -1.000284795583131e+00 -1.897381364395315e-03 -8.935881964275667e-04 -1.007701343903600e+00
33 62 -1.000285320500614e+00 -1.898858534458816e-03 -8.922970627005900e-04 -1.007696882178684e+00
33 63 -1.000285874704763e+00 -1.900389998596754e-03 -8.909971590175216e-04 -1.007692190927828e+00
34 0 -1.000286007116175e+00 -1.902246625773103e-03 -8.867054996056491e-04 -1.007687893660733e+00
34 1 -1.000286602256113e+00 -1.903830903560929e-03 -8.854657628332053e-04 -1.007682896928146e+00
34 2 -1.000287211603325e+00 -1.905424067800711e-03 -8.842718448981399e-04 -1.007677804745710e+00
34 3 -1.000287829804112e+00 -1.907010459592712e-03 -8.831394321444628e-04 -1.007672665339195e+00
34 4 -1.000288451600645e+00 -1.908574777627154e-03 -8.820824372375169e-04 -1.007667526657421e+00
34 5 -1.000289071875064e+00 -1.910102185620597e-03 -8.811129587649381e-04 -1.007662435992653e+00
34 6 -1.000289685655930e+00 -1.911578392859391e-03 -8.802411959434533e-04 -1.007657439727121e+00
34 7 -1.000290288089063e+00 -1.912989720874947e-03 -8.794752971686013e-04 -1.007652583182036e+00
34 8 -1.000290874394379e+00 -1.914323184185841e-03 -8.788211713865573e-04 -1.007647910460949e+00
34 9 -1.000291439837677e+00 -1.915566607087509e-03 -8.782823334948735e-04 -1.007643464170376e+00
34 10 -1.000291979738442e+00 -1.916708775050423e-03 -8.778598685852071e-04 -1.007639284969727e+00
34 11 -1.000292489517131e+00 -1.917739594326852e-03 -8.775525730464821e-04 -1.007635411001301e+00
34 12 -1.000292964766360e+00 -1.918650220787659e-03 -8.773572710917164e-04 -1.007631877327100e+00
34 13 -1.000293401318760e+00 -1.919433125264912e-03 -8.772692392467800e-04 -1.007628715516458e+00
34 14 -1.000293795286835e+00 -1.920082087462416e-03 -8.772826303975851e-04 -1.007625953469406e+00
34 15 -1.000294143067068e+00 -1.920592143964946e-03 -8.773907949152416e-04 -1.007623615444134e+00
34 16 -1.000294441322408e+00 -1.920959538418758e-03 -8.775864500454235e-04 -1.007621722148454e+00
34 17 -1.000294686970924e+00 -1.921181716666607e-03 -8.778617273180484e-04 -1.007620290728094e+00
34 18 -1.000294877206398e+00 -1.921257377863862e-03 -8.782081935218628e-04 -1.007619334558386e+00
34 19 -1.000295009561329e+00 -1.921186553793453e-03 -8.786169602259214e-04 -1.007618862872282e+00
34 20 -1.000295082002561e+00 -1.920970664805271e-03 -8.790789585658706e-04 -1.007618880364336e+00
34 21 -1.000295093033767e+00 -1.920612504081757e-03 -8.795853764981333e-04 -1.007619386944978e+00
34 22 -1.000295041775109e+00 -1.920116131846925e-03 -8.801281710170538e-04 -1.007620377763284e+00
34 23 -1.000294928001573e+00 -1.919486704885159e-03 -8.807005180116756e-04 -1.007621843490624e+00
34 24 -1.000294752141846e+00 -1.918730300810196e-03 -8.812970736407964e-04 -1.007623770728447e+00
34 25 -1.000294515256684e+00 -1.917853798726923e-03 -8.819139903592407e-04 -1.007626142351939e+00
34 26 -1.000294219019837e+00 -1.916864845474198e-03 -8.825487242024458e-04 -1.007628937660624e+00
34 27 -1.000293865715846e+00 -1.915771890084522e-03 -8.831997411092765e-04 -1.007632132333916e+00
34 28 -1.000293458254389e+00 -1.914584235330435e-03 -8.838662467142379e-04 -1.007635698305973e+00
34 29 -1.000293000187805e+00 -1.913312048991167e-03 -8.845480231666296e-04 -1.007639603725110e+00
34 30 -1.000292495712311e+00 -1.911966298750475e-03 -8.852453800236292e-04 -1.007643813132470e+00
34 31 -1.000291949637413e+00 -1.910558614092679e-03 -8.859591484698446e-04 -1.007648287894937e+00
34 32 -1.000291367320936e+00 -1.909101118299834e-03 -8.866906046214801e-04 -1.007652986802547e+00
34 33 -1.000290754581024e+00 -1.907606290260685e-03 -8.874412222462550e-04 -1.007657866663900e+00
34 34 -1.000290117601963e+00 -1.906086896076514e-03 -8.882122249729502e-04 -1.007662882758851e+00
34 35 -1.000289462846041e+00 -1.904555986428095e-03 -8.890040001836373e-04 -1.007667989116252e+00
34 36 -1.000288796975120e+00 -1.903026917043337e-03 -8.898155062102677e-04 -1.007673138694303e+00
34 37 -1.000288126780317e+00 -1.901513338916479e-03 -8.906438195555251e-04 -1.007678283583737e+00
34 38 -1.000287459117142e+00 -1.900029123433449e-03 -8.914839244958412e-04 -1.007683375321210e+00
34 39 -1.000286800844494e+00 -1.898588222167614e-03 -8.923287622196481e-04 -1.007688365324635e+00
34 40 -1.000286158767417e+00 -1.897204495245772e-03 -8.931694654852458e-04 -1.007693205383138e+00
34 41 -1.000285539584290e+00 -1.895891558631941e-03 -8.939956493276056e-04 -1.007697848093343e+00
34 42 -1.000284949836759e+00 -1.894662686396896e-03 -8.947956389691617e-04 -1.007702247167357e+00
34 43 -1.000284395854702e+00 -1.893530762821100e-03 -8.955565905467264e-04 -1.007706357641107e+00
34 44 -1.000283883684027e+00 -1.892508236025630e-03 -8.962645595361057e-04 -1.007710136118001e+00
34 45 -1.000283418988664e+00 -1.891607009093662e-03 -8.969046420087319e-04 -1.007713541210561e+00
34 46 -1.000283006930399e+00 -1.890838227042215e-03 -8.974613174977203e-04 -1.007716534265302e+00
34 47 -1.000282652043913e+00 -1.890211965298263e-03 -8.979190555447481e-04 -1.007719080319865e+00
34 48 -1.000282358131019e+00 -1.889736872921389e-03 -8.982631403550399e-04 -1.007721149120860e+00
34 49 -1.000282128193470e+00 -1.889419848946155e-03 -8.984805695558292e-04 -1.007722715985287e+00
34 50 -1.000281964409961e+00 -1.889265819576400e-03 -8.985608431734004e-04 -1.007723762343017e+00
34 51 -1.000281868145868e+00 -1.889277640917861e-03 -8.984964993177108e-04 -1.007724275932475e+00
34 52 -1.000281839972751e+00 -1.889456099519568e-03 -8.982833522012375e-04 -1.007724250765575e+00
34 53 -1.000281879676065e+00 -1.889799951814901e-03 -8.979204934207685e-04 -1.007723687044705e+00
34 54 -1.000281986244453e+00 -1.890305950090870e-03 -8.974101778616412e-04 -1.007722591164384e+00
34 55 -1.000282157854199e+00 -1.890968838867058e-03 -8.967577089437115e-04 -1.007720975800401e+00
34 56 -1.000282391875858e+00 -1.891781348263286e-03 -8.959713764078499e-04 -1.007718859961083e+00
34 57 -1.000282684928552e+00 -1.892734236822784e-03 -8.950624189578492e-04 -1.007716268820859e+00
34 58 -1.000283032990908e+00 -1.893816431370619e-03 -8.940449254213614e-04 -1.007713233206813e+00
34 59 -1.000283431553626e+00 -1.895015276886965e-03 -8.929355800916427e-04 -1.007709788744194e+00
34 60 -1.000283875779832e+00 -1.896316864128721e-03 -8.917532009386006e-04 -1.007705974814840e+00
34 61 -1.000284360636546e+00 -1.897706374698949e-03 -8.905180872891814e-04 -1.007701833553617e+00
34 62 -1.000284880975949e+00 -1.899168388090592e-03 -8.892512530621421e-04 -1.007697409060098e+00
34 63 -1.000285431569343e+00 -1.900687124183730e-03 -8.879736521042643e-04 -1.007692746876407e+00
35 0 -1.000285514185050e+00 -1.902451259944422e-03 -8.840821204229919e-04 -1.007688621358961e+00
35 1 -1.000286107105255e+00 -1.904026653350195e-03 -8.828594720245804e-04 -1.007683641372245e+00
35 2 -1.000286715280817e+00 -1.905613629401891e-03 -8.816800379316147e-04 -1.007678557321188e+00
35 3 -1.000287333361140e+00 -1.907196577965386e-03 -8.805593551472335e-04 -1.007673417443971e+00
35 4 -1.000287956079233e+00 -1.908760221674248e-03 -8.795111757107704e-04 -1.007668269796562e+00
35 5 -1.000288578302305e+00 -1.910289730700390e-03 -8.785474199575907e-04 -1.007663161845678e+00
35 6 -1.000289195044341e+00 -1.911770807596116e-03 -8.776781089916213e-04 -1.007658140187333e+00
35 7 -1.000289801439008e+00 -1.913189751001396e-03 -8.769112497983715e-04 -1.007653250385801e+00
35 8 -1.000290392693012e+00 -1.914533526081331e-03 -8.762526875137624e-04 -1.007648536832264e+00
35 9 -1.000290964050350e+00 -1.915789868423998e-03 -8.757059784334690e-04 -1.007644042497212e+00
35 10 -1.000291510792237e+00 -1.916947426922268e-03 -8.752723556169343e-04 -1.007639808509566e+00
35 11 -1.000292028280058e+00 -1.917995924699337e-03 -8.749508431819931e-04 -1.007635873594672e+00
35 12 -1.000292512028154e+00 -1.918926300120097e-03 -8.747385288409036e-04 -1.007632273489077e+00
35 13 -1.000292957778744e+00 -1.919730790608914e-03 -8.746309467273282e-04 -1.007629040482793e+00
35 14 -1.000293361550876e+00 -1.920402942893207e-03 -8.746224807262230e-04 -1.007626203195001e+00
35 15 -1.000293719650984e+00 -1.920937567378271e-03 -8.747066939761601e-04 -1.007623786575869e+00
35 16 -1.000294028655969e+00 -1.921330682232645e-03 -8.748765294280496e-04 -1.007621812006767e+00
35 17 -1.000294285396575e+00 -1.921579494292190e-03 -8.751243940770913e-04 -1.007620297324594e+00
35 18 -1.000294486969899e+00 -1.921682436468626e-03 -8.754422027614956e-04 -1.007619256654863e+00
35 19 -1.000294630796018e+00 -1.921639242578711e-03 -8.758214829565532e-04 -1.007618700061336e+00
35 20 -1.000294714712868e+00 -1.921451012759557e-03 -8.762536158287836e-04 -1.007618633135041e+00
35 21 -1.000294737084980e+00 -1.921120219243996e-03 -8.767302228879868e-04 -1.007619056697517e+00
35 22 -1.000294696894235e+00 -1.920650625515802e-03 -8.772436316961937e-04 -1.007619966756759e+00
35 23 -1.000294593789286e+00 -1.920047133045435e-03 -8.777873029377661e-04 -1.007621354739102e+00
35 24 -1.000294428090762e+00 -1.919315607831515e-03 -8.783561008648958e-04 -1.007623207883290e+00
35 25 -1.000294200769117e+00 -1.918462749261681e-03 -8.789463432646290e-04 -1.007625509609897e+00
35 26 -1.000293913419666e+00 -1.917496038134341e-03 -8.795556499778492e-04 -1.007628239718617e+00
35 27 -1.000293568252709e+00 -1.916423756097685e-03 -8.801826782690317e-04 -1.007631374385807e+00
35 28 -1.000293168102449e+00 -1.915255032497820e-03 -8.808268562096045e-04 -1.007634886056336e+00
35 29 -1.000292716444119e+00 -1.913999863249066e-03 -8.814881959474990e-04 -1.007638743387281e+00
35 30 -1.000292217400099e+00 -1.912669061436547e-03 -8.821672050896359e-04 -1.007642911386824e+00
35 31 -1.000291675716955e+00 -1.911274134150219e-03 -8.828648449274211e-04 -1.007647351806026e+00
35 32 -1.000291096706784e+00 -1.909827120013793e-03 -8.835824393834686e-04 -1.007652023717728e+00
35 33 -1.000290486161280e+00 -1.908340444305145e-03 -8.843214423678334e-04 -1.007656884125018e+00
35 34 -1.000289850255280e+00 -1.906826836233584e-03 -8.850830270329505e-04 -1.007661888446809e+00
35 35 -1.000289195453973e+00 -1.905299312621275e-03 -8.858675426889831e-04 -1.007666990826404e+00
35 36 -1.000288528429937e+00 -1.903771192094381e-03 -8.866739524299795e-04 -1.007672144323948e+00
35 37 -1.000287855990050e+00 -1.902256088822004e-03 -8.874993851135548e-04 -1.007677301108775e+00
35 38 -1.000287185010326e+00 -1.900767848758284e-03 -8.883389021745958e-04 -1.007682412745818e+00
35 39 -1.000286522376727e+00 -1.899320422514442e-03 -8.891855074535789e-04 -1.007687430601586e+00
35 40 -1.000285874930529e+00 -1.897927702148122e-03 -8.900303453748563e-04 -1.007692306317321e+00
35 41 -1.000285249417421e+00 -1.896603368299073e-03 -8.908629759313142e-04 -1.007696992248560e+00
35 42 -1.000284652437934e+00 -1.895360785085238e-03 -8.916716148917627e-04 -1.007701441790530e+00
35 43 -1.000284090391933e+00 -1.894212943191977e-03 -8.924432883397455e-04 -1.007705609602308e+00
35 44 -1.000283569405685e+00 -1.893172408779012e-03 -8.931639400723115e-04 -1.007709451851157e+00
35 45 -1.000283095233089e+00 -1.892251216908100e-03 -8.938185985981426e-04 -1.007712926637568e+00
35 46 -1.000282673134304e+00 -1.891460666291052e-03 -8.943917202588613e-04 -1.007715994696346e+00
35 47 -1.000282307748767e+00 -1.890811016237465e-03 -8.948677701398916e-04 -1.007718620338576e+00
35 48 -1.000282002986575e+00 -1.890311133584274e-03 -8.952320070712739e-04 -1.007720772475933e+00
35 49 -1.000281761958263e+00 -1.889968165031455e-03 -8.954713469073624e-04 -1.007722425512395e+00
35 50 -1.000281586949677e+00 -1.889787304185203e-03 -8.955751354180568e-04 -1.007723559929257e+00
35 51 -1.000281479431430e+00 -1.889771682965400e-03 -8.955356925681105e-04 -1.007724162516549e+00
35 52 -1.000281440079936e+00 -1.889922364481020e-03 -8.953485780347492e-04 -1.007724226353077e+00
35 53 -1.000281468787159e+00 -1.890238380300290e-03 -8.950126258317928e-04 -1.007723750717654e+00
35 54 -1.000281564650599e+00 -1.890716758304689e-03 -8.945298549309605e-04 -1.007722741076109e+00
35 55 -1.000281725955812e+00 -1.891352521673560e-03 -8.939053605773239e-04 -1.007721209163019e+00
35 56 -1.000281950178524e+00 -1.892138682024795e-03 -8.931472380109126e-04 -1.007719173045182e+00
35 57 -1.000282234033349e+00 -1.893066277295855e-03 -8.922665183436830e-04 -1.007716656988952e+00
35 58 -1.000282573580511e+00 -1.894124503320689e-03 -8.912770428269535e-04 -1.007713690990420e+00
35 59 -1.000282964377823e+00 -1.895300956089616e-03 -8.901951932084062e-04 -1.007710309954306e+00
35 60 -1.000283401644463e+00 -1.896581955768747e-03 -8.890394339159019e-04 -1.007706552660796e+00
35 61 -1.000283880397872e+00 -1.897952891943428e-03 -8.878296826993580e-04 -1.007702460747302e+00
35 62 -1.000284395539129e+00 -1.899398531488242e-03 -8.865865787875067e-04 -1.007698077898000e+00
35 63 -1.000284941887307e+00 -1.900903259825606e-03 -8.853307429426449e-04 -1.007693449308109e+00
36 0 -1.000284978164077e+00 -1.902572009376585e-03 -8.818630129820126e-04 -1.007689493111034e+00
36 1 -1.000285568237977e+00 -1.904137240588531e-03 -8.806567481443344e-04 -1.007684534368548e+00
36 2 -1.000286174606325e+00 -1.905716692438141e-03 -8.794911335314160e-04 -1.007679463047800e+00
36 3 -1.000286791926650e+00 -1.907294811652949e-03 -8.783815721299114e-04 -1.007674327366810e+00
36 4 -1.000287414926809e+00 -1.908856352038228e-03 -8.773416763468889e-04 -1.007669175457932e+00
36 5 -1.000288038461825e+00 -1.910386497039768e-03 -8.763832083330499e-04 -1.007664054934584e+00
36 6 -1.000288657533255e+00 -1.911870950468713e-03 -8.755160232944586e-04 -1.007659012579145e+00
36 7 -1.000289267265526e+00 -1.913295999298947e-03 -8.747479870332274e-04 -1.007654094166188e+00
36 8 -1.000289862857131e+00 -1.914648575073165e-03 -8.740848697080006e-04 -1.007649344331301e+00
36 9 -1.000290439538004e+00 -1.915916344633343e-03 -8.735302514459617e-04 -1.007644806353769e+00
36 10 -1.000290992561165e+00 -1.917087842810928e-03 -8.730854963943354e-04 -1.007640521767718e+00
36 11 -1.000291517240053e+00 -1.918152632214364e-03 -8.727498463280922e-04 -1.007636529814320e+00
36 12 -1.000292009021226e+00 -1.919101454015814e-03 -8.725206516945206e-04 -1.007632866842035e+00
36 13 -1.000292463565014e+00 -1.919926329044102e-03 -8.723937103103927e-04 -1.007629565808809e+00
36 14 -1.000292876803271e+00 -1.920620585233645e-03 -8.723636434122267e-04 -1.007626656009847e+00
36 15 -1.000293244957237e+00 -1.921178820812897e-03 -8.724242261308043e-04 -1.007624163048259e+00
36 16 -1.000293564522492e+00 -1.921596844446554e-03 -8.725686150236279e-04 -1.007622108938021e+00
36 17 -1.000293832247918e+00 -1.921871642096504e-03 -8.727894704570017e-04 -1.007620512162787e+00
36 18 -1.000294045140071e+00 -1.922001398815652e-03 -8.730790293880697e-04 -1.007619387554179e+00
36 19 -1.000294200512524e+00 -1.921985566085168e-03 -8.734292136219384e-04 -1.007618745969943e+00
36 20 -1.000294296078513e+00 -1.921824933623585e-03 -8.738318440820837e-04 -1.007618593875785e+00
36 21 -1.000294330064339e+00 -1.921521654422323e-03 -8.742789798022567e-04 -1.007618933004256e+00
36 22 -1.000294301310259e+00 -1.921079188530517e-03 -8.747633345526124e-04 -1.007619760246265e+00
36 23 -1.000294209331325e+00 -1.920502169223854e-03 -8.752786738465407e-04 -1.007621067826679e+00
36 24 -1.000294054330358e+00 -1.919796235553139e-03 -8.758200858838392e-04 -1.007622843675128e+00
36 25 -1.000293837177052e+00 -1.918967892440661e-03 -8.763840598177091e-04 -1.007625071812596e+00
36 26 -1.000293559378242e+00 -1.918024441293383e-03 -8.769683752013174e-04 -1.007627732592395e+00
36 27 -1.000293223060624e+00 -1.916973983260150e-03 -8.775718709182928e-04 -1.007630802741776e+00
36 28 -1.000292830973875e+00 -1.915825459459785e-03 -8.781941890233325e-04 -1.007634255274542e+00
36 29 -1.000292386506679e+00 -1.914588675799725e-03 -8.788355705939003e-04 -1.007638059422138e+00
36 30 -1.000291893697018e+00 -1.913274268679635e-03 -8.794967300783105e-04 -1.007642180734000e+00
36 31 -1.000291357216557e+00 -1.911893597944692e-03 -8.801787746195995e-04 -1.007646581425749e+00
36 32 -1.000290782318910e+00 -1.910458592903049e-03 -8.808830912328928e-04 -1.007651220932760e+00
36 33 -1.000290174757092e+00 -1.908981604089677e-03 -8.816111205000492e-04 -1.007656056523374e+00
36 34 -1.000289540686020e+00 -1.907475307986348e-03 -8.823639779127163e-04 -1.007661043812610e+00
36 35 -1.000288886565629e+00 -1.905952676422098e-03 -8.831419543809423e-04 -1.007666137102881e+00
36 36 -1.000288219073167e+00 -1.904426982328655e-03 -8.839439897424339e-04 -1.007671289593695e+00
36 37 -1.000287545026820e+00 -1.902911794659106e-03 -8.847672374033397e-04 -1.007676453568085e+00
36 38 -1.000286871319686e+00 -1.901420924201694e-03 -8.856068156476818e-04 -1.007681580654488e+00
36 39 -1.000286204861866e+00 -1.899968309255065e-03 -8.864557818641002e-04 -1.007686622203070e+00
36 40 -1.000285552528086e+00 -1.898567861895547e-03 -8.873052926358084e-04 -1.007691529739733e+00
36 41 -1.000284921108606e+00 -1.897233316750801e-03 -8.881448568489519e-04 -1.007696255405970e+00
36 42 -1.000284317260347e+00 -1.895978119927870e-03 -8.889625807260551e-04 -1.007700752300102e+00
36 43 -1.000283747451213e+00 -1.894815363303017e-03 -8.897453512025155e-04 -1.007704974718320e+00
36 44 -1.000283217886700e+00 -1.893757727808652e-03 -8.904789821153813e-04 -1.007708878402404e+00
36 45 -1.000282734410552e+00 -1.892817377809006e-03 -8.911484115435392e-04 -1.007712420950634e+00
36 46 -1.000282302382258e+00 -1.892005762424188e-03 -8.917380526148856e-04 -1.007715562495991e+00
36 47 -1.000281926547892e+00 -1.891333320385940e-03 -8.922323558352413e-04 -1.007718266632111e+00
36 48 -1.000281610928291e+00 -1.890809131098642e-03 -8.926165578002097e-04 -1.007720501441703e+00
36 49 -1.000281358745380e+00 -1.890440584243633e-03 -8.928775069741622e-04 -1.007722240415708e+00
36 50 -1.000281172394530e+00 -1.890233137974208e-03 -8.930044141784987e-04 -1.007723463079563e+00
36 51 -1.000281053453470e+00 -1.890190199441490e-03 -8.929893980907109e-04 -1.007724155262175e+00
36 52 -1.000281002704806e+00 -1.890313109465458e-03 -8.928277732056223e-04 -1.007724309094926e+00
36 53 -1.000281020148107e+00 -1.890601176721917e-03 -8.925181169508274e-04 -1.007723922920290e+00
36 54 -1.000281104991185e+00 -1.891051706798586e-03 -8.920622083763316e-04 -1.007723001264514e+00
36 55 -1.000281255631297e+00 -1.891660003533832e-03 -8.914649315249840e-04 -1.007721554909767e+00
36 56 -1.000281469652999e+00 -1.892419362077473e-03 -8.907341911037628e-04 -1.007719600966690e+00
36 57 -1.000281743870984e+00 -1.893321102210064e-03 -8.898808249181302e-04 -1.007717162773214e+00
36 58 -1.000282074431830e+00 -1.894354691888663e-03 -8.889184502845934e-04 -1.007714269468609e+00
36 59 -1.000282456964447e+00 -1.895507981733883e-03 -8.878631744875501e-04 -1.007710955208944e+00
36 60 -1.000282886746684e+00 -1.896767525131387e-03 -8.867331340988317e-04 -1.007707258146617e+00
36 61 -1.000283358847774e+00 -1.898118923746557e-03 -8.855478826356426e-04 -1.007703219399543e+00
36 62 -1.000283868218659e+00 -1.899547136823548e-03 -8.843276910857401e-04 -1.007698882217080e+00
36 63 -1.000284409727811e+00 -1.901036721727375e-03 -8.830928446647985e-04 -1.007694291427317e+00
37 0 -1.000284403479437e+00 -1.902607984375038e-03 -8.800678512335422e-04 -1.007690501461628e+00
37 1 -1.000284990104748e+00 -1.904161875586928e-03 -8.788770895324115e-04 -1.007685568279993e+00
37 2 -1.000285594046606e+00 -1.905732544540894e-03 -8.777244708718067e-04 -1.007680514178752e+00
37 3 -1.000286209975906e+00 -1.907304502597481e-03 -8.766252802174300e-04 -1.007675387322347e+00
37 4 -1.000286832619684e+00 -1.908862541689787e-03 -8.755930130366984e-04 -1.007670235887268e+00
37 5 -1.000287456823830e+00 -1.910391865213889e-03 -8.746392962465078e-04 -1.007665107603754e+00
37 6 -1.000288077579773e+00 -1.911878186191214e-03 -8.737738350599427e-04 -1.007660049410678e+00
37 7 -1.000288690005464e+00 -1.913307791050052e-03 -8.730043580229436e-04 -1.007655107258057e+00
37 8 -1.000289289295754e+00 -1.914667593310218e-03 -8.723365516344234e-04 -1.007650325981273e+00
37 9 -1.000289870673719e+00 -1.915945211297553e-03 -8.717740023110521e-04 -1.007645749111749e+00
37 10 -1.000290429373967e+00 -1.917129089439002e-03 -8.713181855776048e-04 -1.007641418521571e+00
37 11 -1.000290960673298e+00 -1.918208654492003e-03 -8.709685460197746e-04 -1.007637373895399e+00
37 12 -1.000291459961627e+00 -1.919174473313374e-03 -8.707226909938902e-04 -1.007633652124165e+00
37 13 -1.000291922826845e+00 -1.920018369585775e-03 -8.705766841303904e-04 -1.007630286773503e+00
37 14 -1.000292345120856e+00 -1.920733469032519e-03 -8.705253881865501e-04 -1.007627307764321e+00
37 15 -1.000292722985325e+00 -1.921314173599525e-03 -8.705627890076825e-04 -1.007624741307731e+00
37 16 -1.000293052839666e+00 -1.921756099694045e-03 -8.706822450676422e-04 -1.007622610005346e+00
37 17 -1.000293331356538e+00 -1.922056031539445e-03 -8.708766479402553e-04 -1.007620932940281e+00
37 18 -1.000293555458356e+00 -1.922211926146520e-03 -8.711385288361913e-04 -1.007619725602639e+00
37 19 -1.000293722358732e+00 -1.922222970553254e-03 -8.714601780986041e-04 -1.007618999601899e+00
37 20 -1.000293829651413e+00 -1.922089656643955e-03 -8.718338405425220e-04 -1.007618762249990e+00
37 21 -1.000293875426599e+00 -1.921813822572271e-03 -8.722520112905536e-04 -1.007619016183947e+00
37 22 -1.000293858380882e+00 -1.921398620509409e-03 -8.727078020744362e-04 -1.007619759195996e+00
37 23 -1.000293777889711e+00 -1.920848404422560e-03 -8.731953016430250e-04 -1.007620984348106e+00
37 24 -1.000293634029472e+00 -1.920168572328047e-03 -8.737098387043401e-04 -1.007622680310039e+00
37 25 -1.000293427559445e+00 -1.919365420668671e-03 -8.742480820626057e-04 -1.007624831754885e+00
37 26 -1.000293159888496e+00 -1.918446058694590e-03 -8.748079691089508e-04 -1.007627419640220e+00
37 27 -1.000292833050951e+00 -1.917418394980247e-03 -8.753885112950248e-04 -1.007630421294372e+00
37 28 -1.000292449703798e+00 -1.916291169387368e-03 -8.759895548329584e-04 -1.007633810352708e+00
37 29 -1.000292013140893e+00 -1.915073981870202e-03 -8.766115660327837e-04 -1.007637556680022e+00
37 30 -1.000291527306510e+00 -1.913777272144513e-03 -8.772554723891511e-04 -1.007641626434945e+00
37 31 -1.000290996786663e+00 -1.912412229578335e-03 -8.779225412517996e-04 -1.007645982372875e+00
37 32 -1.000290426764764e+00 -1.910990650465924e-03 -8.786142386104566e-04 -1.007650584367618e+00
37 33 -1.000289822943598e+00 -1.909524789710856e-03 -8.793320009793872e-04 -1.007655390021197e+00
37 34 -1.000289191447927e+00 -1.908027255030506e-03 -8.800768829546077e-04 -1.007660355200723e+00
37 35 -1.000288538724169e+00 -1.906510962090973e-03 -8.808491000783852e-04 -1.007665434411394e+00
37 36 -1.000287871448032e+00 -1.904989130134677e-03 -8.816475420821823e-04 -1.007670581027448e+00
37 37 -1.000287196444439e+00 -1.903475275621468e-03 -8.824693577408734e-04 -1.007675747477892e+00
37 38 -1.000286520619996e+00 -1.901983165587385e-03 -8.833096988411350e-04 -1.007680885487612e+00
37 39 -1.000285850905782e+00 -1.900526715529860e-03 -8.841616638388591e-04 -1.007685946424524e+00
37 40 -1.000285194206866e+00 -1.899119846122431e-03 -8.850164194756564e-04 -1.007690881731859e+00
37 41 -1.000284557354961e+00 -1.897776335274635e-03 -8.858634268151815e-04 -1.007695643365151e+00
37 42 -1.000283947060315e+00 -1.896509702350222e-03 -8.866906839703535e-04 -1.007700184148016e+00
37 43 -1.000283369856081e+00 -1.895333134080929e-03 -8.874849325838818e-04 -1.007704458030945e+00
37 44 -1.000282832024818e+00 -1.894259421858030e-03 -8.882318409506037e-04 -1.007708420344307e+00
37 45 -1.000282339498889e+00 -1.893300855964795e-03 -8.889162347076290e-04 -1.007712028197266e+00
37 46 -1.000281897736925e+00 -1.892469032029684e-03 -8.895224621339512e-04 -1.007715241134895e+00
37 47 -1.000281511592392e+00 -1.891774562907032e-03 -8.900349453830425e-04 -1.007718022048007e+00
37 48 -1.000281185198359e+00 -1.891226734302956e-03 -8.904388973874941e-04 -1.007720338202765e+00
37 49 -1.000280921890039e+00 -1.890833172987662e-03 -8.907211096081716e-04 -1.007722162183577e+00
37 50 -1.000280724174124e+00 -1.890599597179334e-03 -8.908706752351614e-04 -1.007723472559697e+00
37 51 -1.000280593736626e+00 -1.890529686331306e-03 -8.908795291004137e-04 -1.007724254194440e+00
37 52 -1.000280531466760e+00 -1.890625057306263e-03 -8.907427521773548e-04 -1.007724498266657e+00
37 53 -1.000280537471806e+00 -1.890885295225950e-03 -8.904586685796610e-04 -1.007724202178278e+00
37 54 -1.000280611070379e+00 -1.891307983329803e-03 -8.900288142875140e-04 -1.007723369512590e+00
37 55 -1.000280750772840e+00 -1.891888706004644e-03 -8.894578583784900e-04 -1.007722010096111e+00
37 56 -1.000280954275125e+00 -1.892621041421224e-03 -8.887535174437119e-04 -1.007720140078384e+00
37 57 -1.000281218495606e+00 -1.893496590764651e-03 -8.879264489393434e-04 -1.007717781859065e+00
37 58 -1.000281539671378e+00 -1.894505094500764e-03 -8.869900697206443e-04 -1.007714963703756e+00
37 59 -1.000281913506274e+00 -1.895634659170810e-03 -8.859602424989769e-04 -1.007711718998133e+00
37 60 -1.000282335339416e+00 -1.896872073005464e-03 -8.848548059592245e-04 -1.007708085245363e+00
37 61 -1.000282800293038e+00 -1.898203151474049e-03 -8.836929732158942e-04 -1.007704103026255e+00
37 62 -1.000283303368500e+00 -1.899613048652442e-03 -8.824946608847001e-04 -1.007699815140406e+00
37 63 -1.000283839484777e+00 -1.901086497969789e-03 -8.812798227143678e-04 -1.007695266032474e+00
38 0 -1.000283794865015e+00 -1.902558960696409e-03 -8.787116652020995e-04 -1.007691638599145e+00
38 1 -1.000284377463066e+00 -1.904100433545825e-03 -8.775353860550769e-04 -1.007686735107014e+00
38 2 -1.000284978374685e+00 -1.905661138207078e-03 -8.763948163972534e-04 -1.007681702597550e+00
38 3 -1.000285592289619e+00 -1.907225658165141e-03 -8.753051393384618e-04 -1.007676589147327e+00
38 4 -1.000286213938897e+00 -1.908778830452735e-03 -8.742797567855174e-04 -1.007671442942657e+00
38 5 -1.000286838162815e+00 -1.910305885192515e-03 -8.733301853721210e-04 -1.007666311798051e+00
38 6 -1.000287459945224e+00 -1.911792552420114e-03 -8.724659995877581e-04 -1.007661242776810e+00
38 7 -1.000288074400274e+00 -1.913225128742145e-03 -8.716947983737164e-04 -1.007656281968239e+00
38 8 -1.000288676723402e+00 -1.914590525097889e-03 -8.710221783389308e-04 -1.007651474361555e+00
38 9 -1.000289262137627e+00 -1.915876332024607e-03 -8.704517146576440e-04 -1.007646863681384e+00
38 10 -1.000289825868616e+00 -1.917070928268549e-03 -8.699849720377021e-04 -1.007642492067506e+00
38 11 -1.000290363167762e+00 -1.918163630869025e-03 -8.696215787659760e-04 -1.007638399572150e+00
38 12 -1.000290869379846e+00 -1.919144857320284e-03 -8.693593881737846e-04 -1.007634623554049e+00
38 13 -1.000291340030652e+00 -1.920006256377697e-03 -8.691947270493545e-04 -1.007631198118679e+00
38 14 -1.000291770900416e+00 -1.920740770895424e-03 -8.691227007444252e-04 -1.007628153754181e+00
38 15 -1.000292158057562e+00 -1.921342624197170e-03 -8.691375038506669e-04 -1.007625517229144e+00
38 16 -1.000292497850732e+00 -1.921807258409360e-03 -8.692326859271978e-04 -1.007623311685317e+00
38 17 -1.000292786882063e+00 -1.922131275861566e-03 -8.694013480225132e-04 -1.007621556755863e+00
38 18 -1.000293021996481e+00 -1.922312426849083e-03 -8.696362862024884e-04 -1.007620268537718e+00
38 19 -1.000293200314678e+00 -1.922349653999799e-03 -8.699301299034239e-04 -1.007619459344533e+00
38 20 -1.000293319316843e+00 -1.922243166219432e-03 -8.702755269748030e-04 -1.007619137300823e+00
38 21 -1.000293376960231e+00 -1.921994493605253e-03 -8.706654018675415e-04 -1.007619305936202e+00
38 22 -1.000293371797112e+00 -1.921606478575294e-03 -8.710932715214569e-04 -1.007619963956119e+00
38 23 -1.000293303058804e+00 -1.921083186933245e-03 -8.715535638655447e-04 -1.007621105291756e+00
38 24 -1.000293170687754e+00 -1.920429762857947e-03 -8.720418647953540e-04 -1.007622719398023e+00
38 25 -1.000292975323846e+00 -1.919652280779126e-03 -8.725550329239642e-04 -1.007624791649721e+00
38 26 -1.000292718269075e+00 -1.918757645668345e-03 -8.730911635581108e-04 -1.007627303656601e+00
38 27 -1.000292401457462e+00 -1.917753562907670e-03 -8.736494323913466e-04 -1.007630233392937e+00
38 28 -1.000292027446201e+00 -1.916648560109355e-03 -8.742298790971835e-04 -1.007633555161398e+00
38 29 -1.000291599427153e+00 -1.915452017443649e-03 -8.748331893432359e-04 -1.007637239512545e+00
38 30 -1.000291121242739e+00 -1.914174159997431e-03 -8.754605071260341e-04 -1.007641253276215e+00
38 31 -1.000290597383870e+00 -1.912825985387414e-03 -8.761132723188218e-04 -1.007645559816854e+00
38 32 -1.000290032953343e+00 -1.911419134692284e-03 -8.767930458739767e-04 -1.007650119517058e+00
38 33 -1.000289433593123e+00 -1.909965746908566e-03 -8.775012722827136e-04 -1.007654890377293e+00
38 34 -1.000288805387959e+00 -1.908478344793944e-03 -8.782389464999387e-04 -1.007659828571336e+00
38 35 -1.000288154762433e+00 -1.906969776400252e-03 -8.790061960689772e-04 -1.007664888850304e+00
38 36 -1.000287488384324e+00 -1.905453199504786e-03 -8.798018363770881e-04 -1.007670024797123e+00
38 37 -1.000286813080633e+00 -1.903942071693372e-03 -8.806229826417478e-04 -1.007675189016298e+00
38 38 -1.000286135767860e+00 -1.902450108949733e-03 -8.814647950212879e-04 -1.007680333358962e+00
38 39 -1.000285463394749e+00 -1.900991194598213e-03 -8.823203978300924e-04 -1.007685409242924e+00
38 40 -1.000284802893296e+00 -1.899579246933722e-03 -8.831809637983335e-04 -1.007690368061616e+00
38 41 -1.000284161133067e+00 -1.898228076142657e-03 -8.840359090357087e-04 -1.007695161614655e+00
38 42 -1.000283544874015e+00 -1.896951265432097e-03 -8.848731265662710e-04 -1.007699742475528e+00
38 43 -1.000282960711072e+00 -1.895762089310051e-03 -8.856792094659768e-04 -1.007704064268357e+00
38 44 -1.000282415000763e+00 -1.894673444442998e-03 -8.864396678530723e-04 -1.007708081928895e+00
38 45 -1.000281913761588e+00 -1.893697742514431e-03 -8.871391946356634e-04 -1.007711752094658e+00
38 46 -1.000281462549742e+00 -1.892846720553295e-03 -8.877620510668528e-04 -1.007715033742444e+00
38 47 -1.000281066325525e+00 -1.892131159229721e-03 -8.882926141494431e-04 -1.007717889080961e+00
38 48 -1.000280729334634e+00 -1.891560543291649e-03 -8.887160672374946e-04 -1.007720284578731e+00
38 49 -1.000280455026519e+00 -1.891142729209456e-03 -8.890191510321652e-04 -1.007722191927912e+00
38 50 -1.000280246020115e+00 -1.890883688634451e-03 -8.891908560667056e-04 -1.007723588750268e+00
38 51 -1.000280104110089e+00 -1.890787367968002e-03 -8.892229505917874e-04 -1.007724458948026e+00
38 52 -1.000280030291901e+00 -1.890855656061635e-03 -8.891102951425853e-04 -1.007724792750506e+00
38 53 -1.000280024779733e+00 -1.891088411390008e-03 -8.888509657971467e-04 -1.007724586622909e+00
38 54 -1.000280087002383e+00 -1.891483492242892e-03 -8.884462537308201e-04 -1.007723843210866e+00
38 55 -1.000280215583566e+00 -1.892036761051462e-03 -8.879006091521617e-04 -1.007722571390784e+00
38 56 -1.000280408332141e+00 -1.892742076449635e-03 -8.872215611620842e-04 -1.007720786354248e+00
38 57 -1.000280662273006e+00 -1.893591318598878e-03 -8.864195974396399e-04 -1.007718509560515e+00
38 58 -1.000280973737388e+00 -1.894574498557046e-03 -8.855079564847784e-04 -1.007715768392660e+00
38 59 -1.000281338507535e+00 -1.895679977603811e-03 -8.845022871807978e-04 -1.007712595451651e+00
38 60 -1.000281751986363e+00 -1.896894778222739e-03 -8.834201637320009e-04 -1.007709027575258e+00
38 61 -1.000282209350331e+00 -1.898204929475255e-03 -8.822804883152689e-04 -1.007705104792705e+00
38 62 -1.000282705651645e+00 -1.899595780718084e-03 -8.811028438596221e-04 -1.007700869441638e+00
38 63 -1.000283235860452e+00 -1.901052243399736e-03 -8.799068632243117e-04 -1.007696365570453e+00
39 0 -1.000283157346274e+00 -1.902425375249481e-03 -8.778047792758860e-04 -1.007692896370241e+00
39 1 -1.000283735361681e+00 -1.903953449194931e-03 -8.766418593657790e-04 -1.007688026501864e+00
39 2 -1.000284332654533e+00 -1.905503084756393e-03 -8.755123057692498e-04 -1.007683019830816e+00
39 3 -1.000284943939136e+00 -1.907058944763021e-03 -8.744312154804223e-04 -1.007677924311115e+00
39 4 -1.000285563955878e+00 -1.908605918547413e-03 -8.734119200046175e-04 -1.007672788102310e+00
39 5 -1.000286187543652e+00 -1.910129269976559e-03 -8.724658519255490e-04 -1.007667659067580e+00
39 6 -1.000286809681694e+00 -1.911614753767937e-03 -8.716024771581230e-04 -1.007662584360234e+00
39 7 -1.000287425483041e+00 -1.913048687022734e-03 -8.708292760322970e-04 -1.007657610171488e+00
39 8 -1.000288030147643e+00 -1.914417993286783e-03 -8.701517514268985e-04 -1.007652781597539e+00
39 9 -1.000288618904835e+00 -1.915710256198042e-03 -8.695734502938780e-04 -1.007648142495893e+00
39 10 -1.000289186980406e+00 -1.916913814182128e-03 -8.690960026819163e-04 -1.007643735201613e+00
39 11 -1.000289729611427e+00 -1.918017901952919e-03 -8.687191976262613e-04 -1.007639600055275e+00
39 12 -1.000290242109334e+00 -1.919012814631423e-03 -8.684411181763334e-04 -1.007635774803641e+00
39 13 -1.000290719948805e+00 -1.919890050770244e-03 -8.682583464590117e-04 -1.007632294017622e+00
39 14 -1.000291158847465e+00 -1.920642391923813e-03 -8.681662282231841e-04 -1.007629188687786e+00
39 15 -1.000291554807436e+00 -1.921263901927719e-03 -8.681591639817502e-04 -1.007626486084930e+00
39 16 -1.000291904112307e+00 -1.921749867561097e-03 -8.682308841137092e-04 -1.007624209840045e+00
39 17 -1.000292203299577e+00 -1.922096730061800e-03 -8.683746778443315e-04 -1.007622380083801e+00
39 18 -1.000292449143445e+00 -1.922302055531094e-03 -8.685835758412937e-04 -1.007621013465062e+00
39 19 -1.000292638678931e+00 -1.922364563726850e-03 -8.688505144534207e-04 -1.007620122950553e+00
39 20 -1.000292769279149e+00 -1.922284197491294e-03 -8.691685190577877e-04 -1.007619717439079e+00
39 21 -1.000292838772665e+00 -1.922062188389527e-03 -8.695309309417306e-04 -1.007619801334298e+00
39 22 -1.000292845568260e+00 -1.921701070160868e-03 -8.699316743492932e-04 -1.007620374259141e+00
39 23 -1.000292788750059e+00 -1.921204613917948e-03 -8.703655292995953e-04 -1.007621431039666e+00
39 24 -1.000292668120192e+00 -1.920577698567272e-03 -8.708283549874302e-04 -1.007622961956806e+00
39 25 -1.000292484191025e+00 -1.919826163846702e-03 -8.713172110618090e-04 -1.007624953133600e+00
39 26 -1.000292238149560e+00 -1.918956699312336e-03 -8.718303523352780e-04 -1.007627386876070e+00
39 27 -1.000291931822403e+00 -1.917976797941911e-03 -8.723671113449045e-04 -1.007630241844117e+00
39 28 -1.000291567660775e+00 -1.916894765954735e-03 -8.729277100692935e-04 -1.007633493047224e+00
39 29 -1.000291148748475e+00 -1.915719752165265e-03 -8.735130455406094e-04 -1.007637111767156e+00
39 30 -1.000290678819252e+00 -1.914461751538217e-03 -8.741244787375105e-04 -1.007641065559631e+00
39 31 -1.000290162260863e+00 -1.913131550818949e-03 -8.747636322267744e-04 -1.007645318460688e+00
39 32 -1.000289604086331e+00 -1.911740615093988e-03 -8.754321780445864e-04 -1.007649831426927e+00
39 33 -1.000289009867148e+00 -1.910300947829631e-03 -8.761315833969549e-04 -1.007654562918551e+00
39 34 -1.000288385638770e+00 -1.908824970734452e-03 -8.768627893141580e-04 -1.007659469468290e+00
39 35 -1.000287737795825e+00 -1.907325452620471e-03 -8.776258276873954e-04 -1.007664506114851e+00
39 36 -1.000287072991683e+00 -1.905815481936632e-03 -8.784194194467204e-04 -1.007669626682633e+00
39 37 -1.000286398050574e+00 -1.904308451469617e-03 -8.792406193982717e-04 -1.007674783979308e+00
39 38 -1.000285719895161e+00 -1.902818019949059e-03 -8.800845705795836e-04 -1.007679930009269e+00
39 39 -1.000285045488487e+00 -1.901358030333462e-03 -8.809444060656366e-04 -1.007685016269878e+00
39 40 -1.000284381785863e+00 -1.899942388103327e-03 -8.818112986651805e-04 -1.007689994137182e+00
39 41 -1.000283735690745e+00 -1.898584924492107e-03 -8.826746221298487e-04 -1.007694815286490e+00
39 42 -1.000283114008657e+00 -1.897299276546337e-03 -8.835221689593378e-04 -1.007699432067988e+00
39 43 -1.000282523392177e+00 -1.896098798728405e-03 -8.843403833041597e-04 -1.007703797801090e+00
39 44 -1.000281970267735e+00 -1.894996486750221e-03 -8.851146077887635e-04 -1.007707867047007e+00
39 45 -1.000281460736225e+00 -1.894004867854165e-03 -8.858293846500440e-04 -1.007711595993798e+00
39 46 -1.000281000448397e+00 -1.893135814139720e-03 -8.864688660364180e-04 -1.007714943075124e+00
39 47 -1.000280594469466e+00 -1.892400266774998e-03 -8.870173645662350e-04 -1.007717869844278e+00
39 48 -1.000280247156821e+00 -1.891807901000501e-03 -8.874600241490294e-04 -1.007720341998549e+00
39 49 -1.000279962073816e+00 -1.891366793596464e-03 -8.877835370764657e-04 -1.007722330361819e+00
39 50 -1.000279741951439e+00 -1.891083160579882e-03 -8.879768035114810e-04 -1.007723811627437e+00
39 51 -1.000279588692544e+00 -1.890961207635848e-03 -8.880314413862108e-04 -1.007724768750039e+00
39 52 -1.000279503397741e+00 -1.891003089372406e-03 -8.879421045940816e-04 -1.007725191020155e+00
39 53 -1.000279486386374e+00 -1.891208932054890e-03 -8.877066283743003e-04 -1.007725073978378e+00
39 54 -1.000279537195604e+00 -1.891576863669582e-03 -8.873260592445820e-04 -1.007724419347336e+00
39 55 -1.000279654561548e+00 -1.892103019741335e-03 -8.868046250194359e-04 -1.007723235067656e+00
39 56 -1.000279836406605e+00 -1.892781535014896e-03 -8.861496662253309e-04 -1.007721535383221e+00
39 57 -1.000280079864363e+00 -1.893604564669271e-03 -8.853715084236115e-04 -1.007719340817147e+00
39 58 -1.000280381363283e+00 -1.894562386624462e-03 -8.844832315253354e-04 -1.007716677867972e+00
39 59 -1.000280736767217e+00 -1.895643613618361e-03 -8.835003010985301e-04 -1.007713578344247e+00
39 60 -1.000281141545361e+00 -1.896835499784004e-03 -8.824400627288037e-04 -1.007710078406999e+00
39 61 -1.000281590929732e+00 -1.898124285776259e-03 -8.813211418722572e-04 -1.007706217522254e+00
39 62 -1.000282080023763e+00 -1.899495514929193e-03 -8.801628144877074e-04 -1.007702037555790e+00
39 63 -1.000282603849130e+00 -1.900934276820541e-03 -8.789844091814222e-04 -1.007697582149689e+00
40 0 -1.000282496223944e+00 -1.902208325483537e-03 -8.773528148679023e-04 -1.007694266251060e+00
40 1 -1.000283069124737e+00 -1.903722115327721e-03 -8.762020658184221e-04 -1.007689433739759e+00
40 2 -1.000283662225850e+00 -1.905259652533284e-03 -8.750824464653378e-04 -1.007684457017943e+00
40 3 -1.000284270271986e+00 -1.906805686170255e-03 -8.740089826947479e-04 -1.007679383882447e+00
40 4 -1.000284888018746e+00 -1.908345165137455e-03 -8.729949580647470e-04 -1.007674262428006e+00
40 5 -1.000285510308474e+00 -1.909863394226439e-03 -8.720517478409578e-04 -1.007669140528355e+00
40 6 -1.000286132119345e+00 -1.911346160638078e-03 -8.711887333912140e-04 -1.007664065389496e+00
40 7 -1.000286748566235e+00 -1.912779812231808e-03 -8.704132901255966e-04 -1.007659083264966e+00
40 8 -1.000287354857312e+00 -1.914151299913668e-03 -8.697308260268210e-04 -1.007654239310541e+00
40 9 -1.000287946234026e+00 -1.915448220744473e-03 -8.691448443765659e-04 -1.007649577456810e+00
40 10 -1.000288517930835e+00 -1.916658898275012e-03 -8.686570159038551e-04 -1.007645140161025e+00
40 11 -1.000289065181404e+00 -1.917772513534551e-03 -8.682672638844789e-04 -1.007640967969436e+00
40 12 -1.000289583275825e+00 -1.918779268217054e-03 -8.679738796667364e-04 -1.007637098932024e+00
40 13 -1.000290067649040e+00 -1.919670537207479e-03 -8.677736880758941e-04 -1.007633568006182e+00
40 14 -1.000290513965575e+00 -1.920438963774935e-03 -8.676622698857127e-04 -1.007630406616224e+00
40 15 -1.000290918168719e+00 -1.921078472841812e-03 -8.676342272897211e-04 -1.007627642475394e+00
40 16 -1.000291276483249e+00 -1.921584216221767e-03 -8.676834610879320e-04 -1.007625299648123e+00
40 17 -1.000291585388108e+00 -1.921952495856675e-03 -8.678034278727050e-04 -1.007623398706608e+00
40 18 -1.000291841593434e+00 -1.922180716755395e-03 -8.679873626385747e-04 -1.007621956795079e+00
40 19 -1.000292042055857e+00 -1.922267398445354e-03 -8.682284744792999e-04 -1.007620987479687e+00
40 20 -1.000292184048531e+00 -1.922212236996787e-03 -8.685201362178402e-04 -1.007620500389299e+00
40 21 -1.000292265276790e+00 -1.922016178188092e-03 -8.688560873749694e-04 -1.007620500774810e+00
40 22 -1.000292284008168e+00 -1.921681451153617e-03 -8.692306559257342e-04 -1.007620989173225e+00
40 23 -1.000292239177899e+00 -1.921211528101138e-03 -8.696389830750510e-04 -1.007621961325144e+00
40 24 -1.000292130442772e+00 -1.920611013128513e-03 -8.700772157735318e-04 -1.007623408372865e+00
40 25 -1.000291958180762e+00 -1.919885500252044e-03 -8.705426261002418e-04 -1.007625317228595e+00
40 26 -1.000291723456718e+00 -1.919041453719836e-03 -8.710336312403755e-04 -1.007627670933977e+00
40 27 -1.000291427983379e+00 -1.918086145932795e-03 -8.715497143197131e-04 -1.007630448870338e+00
40 28 -1.000291074100524e+00 -1.917027654145547e-03 -8.720912681168373e-04 -1.007633626788441e+00
40 29 -1.000290664778961e+00 -1.915874886754037e-03 -8.726593908263761e-04 -1.007637176738978e+00
40 30 -1.000290203638429e+00 -1.914637595976613e-03 -8.732556579344454e-04 -1.007641067049310e+00
40 31 -1.000289694956914e+00 -1.913326340818711e-03 -8.738818828928695e-04 -1.007645262482424e+00
40 32 -1.000289143649620e+00 -1.911952390835231e-03 -8.745398650616657e-04 -1.007649724629797e+00
40 33 -1.000288555208753e+00 -1.910527594850260e-03 -8.752311115286154e-04 -1.007654412469962e+00
40 34 -1.000287935611852e+00 -1.909064257586073e-03 -8.759565195099200e-04 -1.007659282944506e+00
40 35 -1.000287291215879e+00 -1.907575056938208e-03 -8.767160231409256e-04 -1.007664291419181e+00
40 36 -1.000286628653376e+00 -1.906073004078823e-03 -8.775082341146020e-04 -1.007669391990914e+00
40 37 -1.000285954740753e+00 -1.904571421234886e-03 -8.783301235962067e-04 -1.007674537696764e+00
40 38 -1.000285276402891e+00 -1.903083904248411e-03 -8.791767932172027e-04 -1.007679680719736e+00
40 39 -1.000284600613649e+00 -1.901624248342523e-03 -8.800413670358182e-04 -1.007684772664607e+00
40 40 -1.000283934348007e+00 -1.900206336479177e-03 -8.809150108188371e-04 -1.007689764921114e+00
40 41 -1.000283284539201e+00 -1.898844009973094e-03 -8.817870582142771e-04 -1.007694609071847e+00
40 42 -1.000282658033790e+00 -1.897550949247588e-03 -8.826452071282263e-04 -1.007699257272369e+00
40 43 -1.000282061537141e+00 -1.896340579784073e-03 -8.834757554273266e-04 -1.007703662562600e+00
40 44 -1.000281501540545e+00 -1.895225988767704e-03 -8.842638725451649e-04 -1.007707779153498e+00
40 45 -1.000280984222366e+00 -1.894219811990088e-03 -8.849939348735225e-04 -1.007711562809994e+00
40 46 -1.000280515323572e+00 -1.893334049250376e-03 -8.856499641575474e-04 -1.007714971452415e+00
40 47 -1.000280100010877e+00 -1.892579793612033e-03 -8.862161878977867e-04 -1.007717966011848e+00
40 48 -1.000279742750875e+00 -1.891966900545597e-03 -8.866776974430557e-04 -1.007720511449505e+00
40 49 -1.000279447219060e+00 -1.891503655751968e-03 -8.870211351214019e-04 -1.007722577754878e+00
40 50 -1.000279216257101e+00 -1.891196508374452e-03 -8.872353198207154e-04 -1.007724140721942e+00
40 51 -1.000279051874585e+00 -1.891049913283376e-03 -8.873117340594463e-04 -1.007725182381019e+00
40 52 -1.000278955275234e+00 -1.891066281924419e-03 -8.872448395925337e-04 -1.007725691104201e+00
40 53 -1.000278926880811e+00 -1.891246000141833e-03 -8.870322399503442e-04 -1.007725661528579e+00
40 54 -1.000278966333961e+00 -1.891587457908977e-03 -8.866747389391120e-04 -1.007725094476480e+00
40 55 -1.000279072481171e+00 -1.892087056788197e-03 -8.861763389927469e-04 -1.007723996974676e+00
40 56 -1.000279243357959e+00 -1.892739201320157e-03 -8.855441897803722e-04 -1.007722382337191e+00
40 57 -1.000279476207938e+00 -1.893536316027140e-03 -8.847884597872282e-04 -1.007720270162334e+00
40 58 -1.000279767559432e+00 -1.894468940580244e-03 -8.839220872189783e-04 -1.007717686067751e+00
40 59 -1.000280113360980e+00 -1.895525934601067e-03 -8.829603833221066e-04 -1.007714661066136e+00
40 60 -1.000280509150631e+00 -1.896694779716376e-03 -8.819205019767838e-04 -1.007711230634103e+00
40 61 -1.000280950217370e+00 -1.897961924385584e-03 -8.808208297976346e-04 -1.007707433666228e+00
40 62 -1.000281431716197e+00 -1.899313102888923e-03 -8.796803677784114e-04 -1.007703311549208e+00
40 63 -1.000281948720474e+00 -1.900733581485914e-03 -8.785181625177283e-04 -1.007698907510780e+00
41 0 -1.000281817056857e+00 -1.901909572854925e-03 -8.773567534500972e-04 -1.007695739276807e+00
41 1 -1.000282384335281e+00 -1.903408286089172e-03 -8.762169578058332e-04 -1.007690947647214e+00
41 2 -1.000282972688243e+00 -1.904932770098724e-03 -8.751061771882390e-04 -1.007686004838234e+00
41 3 -1.000283576896790e+00 -1.906467866786198e-03 -8.740393805173653e-04 -1.007680958454855e+00
41 4 -1.000284191737986e+00 -1.907998591804381e-03 -8.730298247102317e-04 -1.007675856488068e+00
41 5 -1.000284812063083e+00 -1.909510298161596e-03 -8.720888539569886e-04 -1.007670746782290e+00
41 6 -1.000285432853417e+00 -1.910988813610089e-03 -8.712257899397219e-04 -1.007665676556220e+00
41 7 -1.000286049229073e+00 -1.912420527074588e-03 -8.704479191880157e-04 -1.007660692083667e+00
41 8 -1.000286656410075e+00 -1.913792431034922e-03 -8.697605567275096e-04 -1.007655838531947e+00
41 9 -1.000287249655276e+00 -1.915092155501724e-03 -8.691671489112797e-04 -1.007651159845773e+00
41 10 -1.000287824215766e+00 -1.916308034363823e-03 -8.686693822619561e-04 -1.007646698531659e+00
41 11 -1.000288375332379e+00 -1.917429224291738e-03 -8.682672849938212e-04 -1.007642495257084e+00
41 12 -1.000288898285790e+00 -1.918445863700192e-03 -8.679593310945562e-04 -1.007638588287424e+00
41 13 -1.000289388482756e+00 -1.919349231633836e-03 -8.677425710956006e-04 -1.007635012884323e+00
41 14 -1.000289841544628e+00 -1.920131857497415e-03 -8.676128118737484e-04 -1.007631800833325e+00
41 15 -1.000290253363885e+00 -1.920787549372262e-03 -8.675648509654383e-04 -1.007628980225877e+00
41 16 -1.000290620113099e+00 -1.921311345616042e-03 -8.675927488752971e-04 -1.007626575500283e+00
41 17 -1.000290938218762e+00 -1.921699431162425e-03 -8.676901095931515e-04 -1.007624607612315e+00
41 18 -1.000291204333502e+00 -1.921949073496938e-03 -8.678503424866845e-04 -1.007623094143376e+00
41 19 -1.000291415343016e+00 -1.922058615964572e-03 -8.680668933881764e-04 -1.007622049201454e+00
41 20 -1.000291568428281e+00 -1.922027529736746e-03 -8.683334481019430e-04 -1.007621483094362e+00
41 21 -1.000291661177928e+00 -1.921856490701283e-03 -8.686441197792143e-04 -1.007621401885287e+00
41 22 -1.000291691721823e+00 -1.921547430596331e-03 -8.689936303486168e-04 -1.007621807013938e+00
41 23 -1.000291658846193e+00 -1.921103521479658e-03 -8.693774862050699e-04 -1.007622695147276e+00
41 24 -1.000291562059098e+00 -1.920529085759503e-03 -8.697921335560638e-04 -1.007624058316571e+00
41 25 -1.000291401598683e+00 -1.919829462686510e-03 -8.702350677938669e-04 -1.007625884257621e+00
41 26 -1.000291178401473e+00 -1.919010882571292e-03 -8.707048724131005e-04 -1.007628156782367e+00
41 27 -1.000290894060594e+00 -1.918080390194384e-03 -8.712011758650034e-04 -1.007630856025265e+00
41 28 -1.000290550799676e+00 -1.917045827979239e-03 -8.717245298452589e-04 -1.007633958507305e+00
41 29 -1.000290151472651e+00 -1.915915857256746e-03 -8.722762216328693e-04 -1.007637437078380e+00
41 30 -1.000289699581193e+00 -1.914699977542149e-03 -8.728580361937985e-04 -1.007641260875092e+00
41 31 -1.000289199288243e+00 -1.913408505544557e-03 -8.734719839957588e-04 -1.007645395435519e+00
41 32 -1.000288655404324e+00 -1.912052497251441e-03 -8.741200075613105e-04 -1.007649803041791e+00
41 33 -1.000288073334428e+00 -1.910643628269096e-03 -8.748036731379309e-04 -1.007654443246600e+00
41 34 -1.000287458990115e+00 -1.909194070238823e-03 -8.755238488895203e-04 -1.007659273448952e+00
41 35 -1.000286818683310e+00 -1.907716398173121e-03 -8.762803752679192e-04 -1.007664249379725e+00
41 36 -1.000286159019455e+00 -1.906223537949387e-03 -8.770717460895448e-04 -1.007669325437434e+00
41 37 -1.000285486802046e+00 -1.904728735557854e-03 -8.778948304110365e-04 -1.007674454912878e+00
41 38 -1.000284808954024e+00 -1.903245518480677e-03 -8.787446668301415e-04 -1.007679590191884e+00
41 39 -1.000284132456418e+00 -1.901787627282405e-03 -8.796143531823178e-04 -1.007684683013425e+00
41 40 -1.000283464300215e+00 -1.900368913469808e-03 -8.804950404379257e-04 -1.007689684810456e+00
41 41 -1.000282811444302e+00 -1.899003217983457e-03 -8.813760240671608e-04 -1.007694547103652e+00
41 42 -1.000282180771447e+00 -1.897704253752365e-03 -8.822449145371441e-04 -1.007699221884292e+00
41 43 -1.000281579034323e+00 -1.896485507133363e-03 -8.830878689676340e-04 -1.007703661941757e+00
41 44 -1.000281012783180e+00 -1.895360147918512e-03 -8.838898815474399e-04 -1.007707821165008e+00
41 45 -1.000280488267871e+00 -1.894340912355293e-03 -8.846351508564960e-04 -1.007711654925900e+00
41 46 -1.000280011313886e+00 -1.893439919321482e-03 -8.853075487347099e-04 -1.007715120666298e+00
41 47 -1.000279587184381e+00 -1.892668403528253e-03 -8.858911964782098e-04 -1.007718178735670e+00
41 48 -1.000279220451054e+00 -1.892036388706610e-03 -8.863711170823915e-04 -1.007720793402829e+00
41 49 -1.000278914898389e+00 -1.891552356499125e-03 -8.867338973457471e-04 -1.007722933865402e+00
41 50 -1.000278673476131e+00 -1.891222975970600e-03 -8.869682805479876e-04 -1.007724575056589e+00
41 51 -1.000278498297919e+00 -1.891052938302939e-03 -8.870656273679018e-04 -1.007725698116909e+00
41 52 -1.000278390667376e+00 -1.891044899737324e-03 -8.870202227285215e-04 -1.007726290531634e+00
41 53 -1.000278351104964e+00 -1.891199494855740e-03 -8.868294494289123e-04 -1.007726346064409e+00
41 54 -1.000278379355037e+00 -1.891515365882925e-03 -8.864938722584479e-04 -1.007725864666869e+00
41 55 -1.000278474371358e+00 -1.891989171370741e-03 -8.860172661713120e-04 -1.007724852481041e+00
41 56 -1.000278634300960e+00 -1.892615577202324e-03 -8.854065871501610e-04 -1.007723321917120e+00
41 57 -1.000278856497866e+00 -1.893387269792125e-03 -8.846718494441254e-04 -1.007721291667177e+00
41 58 -1.000279137592467e+00 -1.894295044349217e-03 -8.838258632704603e-04 -1.007718786476373e+00
41 59 -1.000279473621038e+00 -1.895328001941787e-03 -8.828838119887775e-04 -1.007715836561321e+00
41 60 -1.000279860193157e+00 -1.896473846352788e-03 -8.818626942540958e-04 -1.007712476709730e+00
41 61 -1.000280292656298e+00 -1.897719228568162e-03 -8.807806979521348e-04 -1.007708745239550e+00
41 62 -1.000280766217432e+00 -1.899050069301296e-03 -8.796565854380707e-04 -1.007704683053300e+00
41 63 -1.000281276001665e+00 -1.900451808633577e-03 -8.785091486696269e-04 -1.007700332957922e+00
42 0 -1.000281125642747e+00 -1.901531549015765e-03 -8.778130548778630e-04 -1.007697305937859e+00
42 1 -1.000281686816906e+00 -1.903014483826282e-03 -8.766829987439777e-04 -1.007692558495238e+00
42 2 -1.000282269883641e+00 -1.904525033451705e-03 -8.755799796032250e-04 -1.007687653402089e+00
42 3 -1.000282869666340e+00 -1.906048138991506e-03 -8.745189223863485e-04 -1.007682638036718e+00
42 4 -1.000283480970175e+00 -1.907568890158793e-03 -8.735130768300496e-04 -1.007677560246201e+00
42 5 -1.000284098661391e+00 -1.909072695745784e-03 -8.725737809330128e-04 -1.007672467803902e+00
42 6 -1.000284717729320e+00 -1.910545432210917e-03 -8.717103218464851e-04 -1.007667407899431e+00
42 7 -1.000285333303028e+00 -1.911973539554695e-03 -8.709299155123543e-04 -1.007662426783569e+00
42 8 -1.000285940618106e+00 -1.913344065544790e-03 -8.702377890875174e-04 -1.007657569586252e+00
42 9 -1.000286534955857e+00 -1.914644692213637e-03 -8.696373211004396e-04 -1.007652880206883e+00
42 10 -1.000287111591418e+00 -1.915863788576742e-03 -8.691301895094255e-04 -1.007648401128756e+00
42 11 -1.000287665782699e+00 -1.916990515914789e-03 -8.687164967476371e-04 -1.007644173057237e+00
42 12 -1.000288192812469e+00 -1.918014979702863e-03 -8.683948706847739e-04 -1.007640234385158e+00
42 13 -1.000288688070983e+00 -1.918928392154492e-03 -8.681625663356934e-04 -1.007636620593078e+00
42 14 -1.000289147146879e+00 -1.919723194956724e-03 -8.680156036612845e-04 -1.007633363750341e+00
42 15 -1.000289565890292e+00 -1.920393102617113e-03 -8.679489668473692e-04 -1.007630492258819e+00
42 16 -1.000289940428280e+00 -1.920933061805696e-03 -8.679568653153526e-04 -1.007628030870117e+00
42 17 -1.000290267140888e+00 -1.921339162836319e-03 -8.680330314757621e-04 -1.007626000864822e+00
42 18 -1.000290542629838e+00 -1.921608560114855e-03 -8.681710192646535e-04 -1.007624420200175e+00
42 19 -1.000290763717629e+00 -1.921739446590222e-03 -8.683644734300387e-04 -1.007623303463113e+00
42 20 -1.000290927501340e+00 -1.921731092682818e-03 -8.686073543753834e-04 -1.007622661583121e+00
42 21 -1.000291031460317e+00 -1.921583923193060e-03 -8.688941185348175e-04 -1.007622501393247e+00
42 22 -1.000291073591859e+00 -1.921299583410501e-03 -8.692198651864997e-04 -1.007622825214569e+00
42 23 -1.000291052534982e+00 -1.920880947983866e-03 -8.695804636058152e-04 -1.007623630641112e+00
42 24 -1.000290967647446e+00 -1.920332053887870e-03 -8.699726667262118e-04 -1.007624910611666e+00
42 25 -1.000290819023478e+00 -1.919657978493987e-03 -8.703942028904742e-04 -1.007626653714101e+00
42 26 -1.000290607466178e+00 -1.918864710990961e-03 -8.708438262611877e-04 -1.007628844560406e+00
42 27 -1.000290334444310e+00 -1.917959063202471e-03 -8.713213058977608e-04 -1.007631464063861e+00
42 28 -1.000290002061582e+00 -1.916948638822731e-03 -8.718273403446085e-04 -1.007634489537995e+00
42 29 -1.000289613051988e+00 -1.915841847459462e-03 -8.723633927240253e-04 -1.007637894656009e+00
42 30 -1.000289170796001e+00 -1.914647928099938e-03 -8.729314503480306e-04 -1.007641649395133e+00
42 31 -1.000288679337434e+00 -1.913376942931577e-03 -8.735337244683798e-04 -1.007645720109732e+00
42 32 -1.000288143376571e+00 -1.912039718266082e-03 -8.741723155635868e-04 -1.007650069822032e+00
42 33 -1.000287568224242e+00 -1.910647738680552e-03 -8.748488701096496e-04 -1.007654658711263e+00
42 34 -1.000286959718471e+00 -1.909213026282227e-03 -8.755642467850943e-04 -1.007659444681842e+00
42 35 -1.000286324118953e+00 -1.907748040538730e-03 -8.763182030184758e-04 -1.007664383867874e+00
42 36 -1.000285667997860e+00 -1.906265613590769e-03 -8.771091128719692e-04 -1.007669430997503e+00
42 37 -1.000284998140682e+00 -1.904778909403595e-03 -8.779337305081659e-04 -1.007674539637925e+00
42 38 -1.000284321464170e+00 -1.903301381753620e-03 -8.787870136067340e-04 -1.007679662400433e+00
42 39 -1.000283644952767e+00 -1.901846710043520e-03 -8.796620180791284e-04 -1.007684751183545e+00
42 40 -1.000282975609759e+00 -1.900428705945555e-03 -8.805498723098899e-04 -1.007689757491823e+00
42 41 -1.000282320415503e+00 -1.899061199794058e-03 -8.814398354407045e-04 -1.007694632814845e+00
42 42 -1.000281686283950e+00 -1.897757925752502e-03 -8.823194388030186e-04 -1.007699329011592e+00
42 43 -1.000281080009197e+00 -1.896532420060531e-03 -8.831747069537926e-04 -1.007703798652476e+00
42 44 -1.000280508193926e+00 -1.895397925191754e-03 -8.839904604006111e-04 -1.007707995335753e+00
42 45 -1.000279977152512e+00 -1.894367268451705e-03 -8.847507116635030e-04 -1.007711874074354e+00
42 46 -1.000279492787884e+00 -1.893452677608278e-03 -8.854391658748880e-04 -1.007715391872314e+00
42 47 -1.000279060452993e+00 -1.892665517211227e-03 -8.860398175808840e-04 -1.007718508544920e+00
42 48 -1.000278684818981e+00 -1.892015965894961e-03 -8.865376036723453e-04 -1.007721187719570e+00
42 49 -1.000278369774732e+00 -1.891512686711396e-03 -8.869190464239165e-04 -1.007723397852879e+00
42 50 -1.000278118374082e+00 -1.891162553262724e-03 -8.871728160564085e-04 -1.007725113066088e+00
42 51 -1.000277932830732e+00 -1.890970477444125e-03 -8.872901634686960e-04 -1.007726313655720e+00
42 52 -1.000277814543892e+00 -1.890939345494666e-03 -8.872652124044992e-04 -1.007726986262234e+00
42 53 -1.000277764128049e+00 -1.891070027383184e-03 -8.870951376541774e-04 -1.007727123814597e+00
42 54 -1.000277781424479e+00 -1.891361405465631e-03 -8.867802709741851e-04 -1.007726725431355e+00
42 55 -1.000277865489961e+00 -1.891810383942657e-03 -8.863241594023225e-04 -1.007725796406936e+00
42 56 -1.000278014580272e+00 -1.892411879641875e-03 -8.857335623439473e-04 -1.007724348281178e+00
42 57 -1.000278226159335e+00 -1.893158831976467e-03 -8.850183405734125e-04 -1.007722398864592e+00
42 58 -1.000278496961265e+00 -1.894042284353000e-03 -8.841911867362164e-04 -1.007719972043250e+00
42 59 -1.000278823112916e+00 -1.895051572817279e-03 -8.832671796062124e-04 -1.007717097241716e+00
42 60 -1.000279200298144e+00 -1.896174617029865e-03 -8.822631974333809e-04 -1.007713808557432e+00
42 61 -1.000279623924685e+00 -1.897398264352873e-03 -8.811972701302577e-04 -1.007710143728160e+00
42 62 -1.000280089252116e+00 -1.898708616386526e-03 -8.800879607246535e-04 -1.007706143168120e+00
42 63 -1.000280591457315e+00 -1.900091282832545e-03 -8.789538382367742e-04 -1.007701849258544e+00
43 0 -1.000280427995441e+00 -1.901077362295205e-03 -8.787138248390630e-04 -1.007698956054763e+00
43 1 -1.000280982611847e+00 -1.902543906807987e-03 -8.775923259396354e-04 -1.007694255870479e+00
43 2 -1.000281559875275e+00 -1.904039714824802e-03 -8.764960365777588e-04 -1.007689392118649e+00
43 3 -1.000282154657368e+00 -1.905549832764054e-03 -8.754398491279777e-04 -1.007684411916424e+00
43 4 -1.000282761798417e+00 -1.907059432034645e-03 -8.744370231533139e-04 -1.007679362925310e+00
43 5 -1.000283376186414e+00 -1.908553985253335e-03 -8.734989135063877e-04 -1.007674292803447e+00
43 6 -1.000283992824149e+00 -1.910019425768804e-03 -8.726347979360325e-04 -1.007669248667929e+00
43 7 -1.000284606853838e+00 -1.911442254227844e-03 -8.718518419445160e-04 -1.007664276702592e+00
43 8 -1.000285213530510e+00 -1.912809586908176e-03 -8.711551927350515e-04 -1.007659421950471e+00
43 9 -1.000285808162822e+00 -1.914109176458139e-03 -8.705481528129881e-04 -1.007654728205735e+00
43 10 -1.000286386056851e+00 -1.915329451027978e-03 -8.700323688878125e-04 -1.007650237856989e+00
43 11 -1.000286942496728e+00 -1.916459604566956e-03 -8.696079867434885e-04 -1.007645991566432e+00
43 12 -1.000287472778317e+00 -1.917489739749648e-03 -8.692737569596137e-04 -1.007642027767258e+00
43 13 -1.000287972287081e+00 -1.918411031881966e-03 -8.690271137585331e-04 -1.007638382071332e+00
43 14 -1.000288436589770e+00 -1.919215862361425e-03 -8.688642731974586e-04 -1.007635086750840e+00
43 15 -1.000288861502918e+00 -1.919897876061012e-03 -8.687803951328565e-04 -1.007632170448304e+00
43 16 -1.000289243114833e+00 -1.920451949824178e-03 -8.687698267569670e-04 -1.007629658167469e+00
43 17 -1.000289577765168e+00 -1.920874102024266e-03 -8.688264104748597e-04 -1.007627571453492e+00
43 18 -1.000289862011416e+00 -1.921161399308673e-03 -8.689438151471404e-04 -1.007625928574830e+00
43 19 -1.000290092620717e+00 -1.921311911349600e-03 -8.691158453586238e-04 -1.007624744530297e+00
43 20 -1.000290266614833e+00 -1.921324733936985e-03 -8.693366942920097e-04 -1.007624030808344e+00
43 21 -1.000290381372188e+00 -1.921200062763589e-03 -8.696011254941614e-04 -1.007623794960826e+00
43 22 -1.000290434764280e+00 -1.920939271931494e-03 -8.699045917146054e-04 -1.007624040156849e+00
43 23 -1.000290425286731e+00 -1.920544945793604e-03 -8.702433159386326e-04 -1.007624764905832e+00
43 24 -1.000290352147256e+00 -1.920020835538784e-03 -8.706143604498060e-04 -1.007625963062941e+00
43 25 -1.000290215293588e+00 -1.919371751950287e-03 -8.710156937501517e-04 -1.007627624089472e+00
43 26 -1.000290015391610e+00 -1.918603437948287e-03 -8.714462444165579e-04 -1.007629733420587e+00
43 27 -1.000289753782126e+00 -1.917722469028486e-03 -8.719059176962852e-04 -1.007632272767275e+00
43 28 -1.000289432446043e+00 -1.916736208066644e-03 -8.723955471693064e-04 -1.007635220251706e+00
43 29 -1.000289053995077e+00 -1.915652810058532e-03 -8.729167578618883e-04 -1.007638550388940e+00
43 30 -1.000288621686171e+00 -1.914481247688261e-03 -8.734717303108525e-04 -1.007642234022269e+00
43 31 -1.000288139440997e+00 -1.913231318662658e-03 -8.740628778667665e-04 -1.007646238356936e+00
43 32 -1.000287611845192e+00 -1.911913605401973e-03 -8.746924725115780e-04 -1.007650527198845e+00
43 33 -1.000287044109441e+00 -1.910539384588209e-03 -8.753622633908221e-04 -1.007655061402496e+00
43 34 -1.000286441991259e+00 -1.909120512239576e-03 -8.760731235661358e-04 -1.007659799424506e+00
43 35 -1.000285811691153e+00 -1.907669318798580e-03 -8.768247445683758e-04 -1.007664697840645e+00
43 36 -1.000285159741823e+00 -1.906198533251168e-03 -8.776153860763990e-04 -1.007669711737321e+00
43 37 -1.000284492905551e+00 -1.904721231201271e-03 -8.784416810599821e-04 -1.007674794980407e+00
43 38 -1.000283818088565e+00 -1.903250787508798e-03 -8.792984929153835e-04 -1.007679900427543e+00
43 39 -1.000283142274948e+00 -1.901800814408670e-03 -8.801788221482814e-04 -1.007684980160073e+00
43 40 -1.000282472476551e+00 -1.900385075663868e-03 -8.810737673667044e-04 -1.007689985781718e+00
43 41 -1.000281815690946e+00 -1.899017380680700e-03 -8.819725534529923e-04 -1.007694868782548e+00
43 42 -1.000281178858122e+00 -1.897711473246775e-03 -8.828626419165799e-04 -1.007699580922735e+00
43 43 -1.000280568807488e+00 -1.896480927886773e-03 -8.837299353925495e-04 -1.007704074587239e+00
43 44 -1.000279992187102e+00 -1.895339048733470e-03 -8.845590860513668e-04 -1.007708303117984e+00
43 45 -1.000279455368021e+00 -1.894298743257992e-03 -8.853339162521586e-04 -1.007712221207482e+00
43 46 -1.000278964322359e+00 -1.893372336525446e-03 -8.860379507729480e-04 -1.007715785467371e+00
43 47 -1.000278524484862e+00 -1.892571309980335e-03 -8.866550380805705e-04 -1.007718955231304e+00
43 48 -1.000278140618919e+00 -1.891905982471528e-03 -8.871700104370761e-04 -1.007721693543013e+00
43 49 -1.000277816711604e+00 -1.891385181987445e-03 -8.875693144667047e-04 -1.007723968178222e+00
43 50 -1.000277555915392e+00 -1.891015969018741e-03 -8.878415472933711e-04 -1.007725752505346e+00
43 51 -1.000277360538925e+00 -1.890803458456067e-03 -8.879778601287724e-04 -1.007727026032102e+00
43 52 -1.000277232071737e+00 -1.890750749613833e-03 -8.879722309163923e-04 -1.007727774604747e+00
43 53 -1.000277171216626e+00 -1.890858931903413e-03 -8.878216409611328e-04 -1.007727990365602e+00
43 54 -1.000277177905798e+00 -1.891127112794153e-03 -8.875261979286502e-04 -1.007727671647453e+00
43 55 -1.000277251293586e+00 -1.891552428342669e-03 -8.870892228526859e-04 -1.007726822942572e+00
43 56 -1.000277389740678e+00 -1.892130034239213e-03 -8.865172760476454e-04 -1.007725454960238e+00
43 57 -1.000277590819440e+00 -1.892853112643365e-03 -8.858200637967979e-04 -1.007723584659958e+00
43 58 -1.000277851368566e+00 -1.893712946411888e-03 -8.850101683900515e-04 -1.007721235088412e+00
43 59 -1.000278167607917e+00 -1.894699098909666e-03 -8.841025837687995e-04 -1.007718434887400e+00
43 60 -1.000278535298446e+00 -1.895799698729426e-03 -8.831140998922422e-04 -1.007715217465345e+00
43 61 -1.000278949910285e+00 -1.897001782998246e-03 -8.820626286753397e-04 -1.007711619977036e+00
43 62 -1.000279406756514e+00 -1.898291627853644e-03 -8.809665746831969e-04 -1.007707682345164e+00
43 63 -1.000279901065798e+00 -1.899655007221771e-03 -8.798443189053535e-04 -1.007703446522044e+00
44 0 -1.000279730316925e+00 -1.900550801897965e-03 -8.800470241336625e-04 -1.007700678645504e+00
44 1 -1.000280277953896e+00 -1.902000434990146e-03 -8.789329542902717e-04 -1.007696028538352e+00
44 2 -1.000280848921479e+00 -1.903480770022095e-03 -8.778424301020281e-04 -1.007691209554879e+00
44 3 -1.000281438145257e+00 -1.904976964518255e-03 -8.767903211914604e-04 -1.007686268517586e+00
44 4 -1.000282040507854e+00 -1.906474279421259e-03 -8.757899113348484e-04 -1.007681252859962e+00
44 5 -1.000282650926350e+00 -1.907958259696639e-03 -8.748525931169909e-04 -1.007676210078428e+00
44 6 -1.000283264423205e+00 -1.909414904139179e-03 -8.739876593172531e-04 -1.007671187171488e+00
44 7 -1.000283876158534e+00 -1.910830783569922e-03 -8.732022462235676e-04 -1.007666230210402e+00
44 8 -1.000284481410862e+00 -1.912193095355018e-03 -8.725014316508557e-04 -1.007661384101765e+00
44 9 -1.000285075520839e+00 -1.913489680173285e-03 -8.718884373302389e-04 -1.007656692476230e+00
44 10 -1.000285653831799e+00 -1.914709048086738e-03 -8.713648587844812e-04 -1.007652197558348e+00
44 11 -1.000286211662678e+00 -1.915840453079725e-03 -8.709308548125896e-04 -1.007647939887248e+00
44 12 -1.000286744333043e+00 -1.916874025109541e-03 -8.705852655484706e-04 -1.007643957849431e+00
44 13 -1.000287247235064e+00 -1.917800932684650e-03 -8.703256757842961e-04 -1.007640287100316e+00
44 14 -1.000287715924380e+00 -1.918613524554845e-03 -8.701484773977920e-04 -1.007636960033784e+00
44 15 -1.000288146192881e+00 -1.919305400345409e-03 -8.700489925110933e-04 -1.007634005461935e+00
44 16 -1.000288534097263e+00 -1.919871389652049e-03 -8.700216936569927e-04 -1.007631448576868e+00
44 17 -1.000288875943051e+00 -1.920307462134171e-03 -8.700605147560301e-04 -1.007629311125681e+00
44 18 -1.000289168250080e+00 -1.920610622207920e-03 -8.701592105352722e-04 -1.007627611622188e+00
44 19 -1.000289407737816e+00 -1.920778844025228e-03 -8.703117059291419e-04 -1.007626365407791e+00
44 20 -1.000289591361635e+00 -1.920811076962085e-03 -8.705123820228053e-04 -1.007625584460997e+00
44 21 -1.000289716408429e+00 -1.920707313197530e-03 -8.707562674331854e-04 -1.007625276991055e+00
44 22 -1.000289780632191e+00 -1.920468675137809e-03 -8.710391372258772e-04 -1.007625446969889e+00
44 23 -1.000289782390744e+00 -1.920097468053233e-03 -8.713575519208937e-04 -1.007626093799212e+00
44 24 -1.000289720743966e+00 -1.919597160842878e-03 -8.717088800924347e-04 -1.007627212248380e+00
44 25 -1.000289595492456e+00 -1.918972296452438e-03 -8.720913338832300e-04 -1.007628792662968e+00
44 26 -1.000289407162650e+00 -1.918228368990838e-03 -8.725040186044146e-04 -1.007630821316060e+00
44 27 -1.000289156964823e+00 -1.917371715915724e-03 -8.729469716033277e-04 -1.007633280729569e+00
44 28 -1.000288846754943e+00 -1.916409458646975e-03 -8.734211502095615e-04 -1.007636149845461e+00
44 29 -1.000288479020932e+00 -1.915349496680551e-03 -8.739283266961297e-04 -1.007639404032785e+00
44 30 -1.000288056894844e+00 -1.914200533045898e-03 -8.744708636499210e-04 -1.007643015018976e+00
44 31 -1.000287584174120e+00 -1.912972093172426e-03 -8.750513755566878e-04 -1.007646950888551e+00
44 32 -1.000287065326204e+00 -1.911674502931482e-03 -8.756723182221570e-04 -1.007651176270295e+00
44 33 -1.000286505456504e+00 -1.910318815243551e-03 -8.763355666405045e-04 -1.007655652739401e+00
44 34 -1.000285910235790e+00 -1.908916703784883e-03 -8.770420354231488e-04 -1.007660339349246e+00
44 35 -1.000285285798791e+00 -1.907480355868422e-03 -8.777913731840118e-04 -1.007665193155541e+00
44 36 -1.000284638632474e+00 -1.906022386704711e-03 -8.785817379224593e-04 -1.007670169632987e+00
44 37 -1.000283975470463e+00 -1.904555776281886e-03 -8.794096420999614e-04 -1.007675222969212e+00
44 38 -1.000283303203984e+00 -1.903093815166137e-03 -8.802698466360520e-04 -1.007680306288105e+00
44 39 -1.000282628812924e+00 -1.901650042675526e-03 -8.811552861164876e-04 -1.007685371875471e+00
44 40 -1.000281959313940e+00 -1.900238166773685e-03 -8.820570234081916e-04 -1.007690371461010e+00
44 41 -1.000281301717547e+00 -1.898871965598340e-03 -8.829642516142907e-04 -1.007695256567217e+00
44 42 -1.000280662984601e+00 -1.897565180671736e-03 -8.838643725633109e-04 -1.007699978890194e+00
44 43 -1.000280049973503e+00 -1.896331412415187e-03 -8.847431799303825e-04 -1.007704490665498e+00
44 44 -1.000279469370162e+00 -1.895184014273374e-03 -8.855851668043169e-04 -1.007708745016898e+00
44 45 -1.000278927593766e+00 -1.894135961619747e-03 -8.863739657167576e-04 -1.007712696358825e+00
44 46 -1.000278430676514e+00 -1.893199664196865e-03 -8.870929110780954e-04 -1.007716300959112e+00
44 47 -1.000277984125803e+00 -1.892386706403954e-03 -8.877256881022087e-04 -1.007719517726329e+00
44 48 -1.000277592788584e+00 -1.891707531119809e-03 -8.882570064534909e-04 -1.007722309184993e+00
44 49 -1.000277260742303e+00 -1.891171112901658e-03 -8.886732249498238e-04 -1.007724642498825e+00
44 50 -1.000276991231280e+00 -1.890784679705617e-03 -8.889628653993651e-04 -1.007726490351114e+00
44 51 -1.000276786652971e+00 -1.890553530061213e-03 -8.891169873820039e-04 -1.007727831523735e+00
44 52 -1.000276648581019e+00 -1.890480957377465e-03 -8.891294380774233e-04 -1.007728651127831e+00
44 53 -1.000276577799718e+00 -1.890568251894664e-03 -8.889970216724436e-04 -1.007728940576797e+00
44 54 -1.000276574325049e+00 -1.890814728452968e-03 -8.887196337162673e-04 -1.007728697474202e+00
44 55 -1.000276637402334e+00 -1.891217738923788e-03 -8.883003737881324e-04 -1.007727925563133e+00
44 56 -1.000276765492213e+00 -1.891772663886357e-03 -8.877456016886993e-04 -1.007726634768969e+00
44 57 -1.000276956272820e+00 -1.892472916161229e-03 -8.870648672442364e-04 -1.007724841238269e+00
44 58 -1.000277206687267e+00 -1.893310007708074e-03 -8.862706467077261e-04 -1.007722567205242e+00
44 59 -1.000277513050319e+00 -1.894273720545172e-03 -8.853778649318311e-04 -1.007719840543180e+00
44 60 -1.000277871202875e+00 -1.895352384720344e-03 -8.844032520567518e-04 -1.007716693975288e+00
44 61 -1.000278276679827e+00 -1.896533219964510e-03 -8.833646400547310e-04 -1.007713164072278e+00
44 62 -1.000278724848849e+00 -1.897802669803395e-03 -8.822803161421161e-04 -1.007709290263812e+00
44 63 -1.000279210990465e+00 -1.899146666101811e-03 -8.811685100993015e-04 -1.007705114071457e+00
45 0 -1.000279038962862e+00 -1.899956337019032e-03 -8.817967120355669e-04 -1.007702461799954e+00
45 1 -1.000279579234723e+00 -1.901388631009335e-03 -8.806890134487643e-04 -1.007697864312844e+00
45 2 -1.000280143442778e+00 -1.902852841130633e-03 -8.796033723283825e-04 -1.007693093301490e+00
45 3 -1.000280726571956e+00 -1.904334241481031e-03 -8.785546439136708e-04 -1.007688195261004e+00
45 4 -1.000281323554438e+00 -1.905818190382529e-03 -8.775561479910215e-04 -1.007683217354317e+00
45 5 -1.000281929344157e+00 -1.907290314056858e-03 -8.766193331125220e-04 -1.007678206868067e+00
45 6 -1.000282538990227e+00 -1.908736685969839e-03 -8.757535299789847e-04 -1.007673210632920e+00
45 7 -1.000283147676179e+00 -1.910143956976064e-03 -8.749658673532899e-04 -1.007668274559059e+00
45 8 -1.000283750708373e+00 -1.911499417376612e-03 -8.742613669137300e-04 -1.007663443367145e+00
45 9 -1.000284343463760e+00 -1.912791011669707e-03 -8.736431687955774e-04 -1.007658760468950e+00
45 10 -1.000284921328692e+00 -1.914007353139966e-03 -8.731128006828380e-04 -1.007654267858405e+00
45 11 -1.000285479665029e+00 -1.915137782529662e-03 -8.726704051848124e-04 -1.007650005872458e+00
45 12 -1.000286013826271e+00 -1.916172486923904e-03 -8.723148776795634e-04 -1.007646012764080e+00
45 13 -1.000286519222400e+00 -1.917102657766743e-03 -8.720439223349370e-04 -1.007642324145808e+00
45 14 -1.000286991408557e+00 -1.917920638608794e-03 -8.718540835241327e-04 -1.007638972453066e+00
45 15 -1.000287426161210e+00 -1.918620008749367e-03 -8.717408293894100e-04 -1.007635986594914e+00
45 16 -1.000287819513048e+00 -1.919195573977962e-03 -8.716987435628130e-04 -1.007633391884965e+00
45 17 -1.000288167741907e+00 -1.919643278741713e-03 -8.717218328016497e-04 -1.007631210208110e+00
45 18 -1.000288467336335e+00 -1.919960090519661e-03 -8.718039094424525e-04 -1.007629460257685e+00
45 19 -1.000288714975692e+00 -1.920143916198671e-03 -8.719389792652541e-04 -1.007628157646288e+00
45 20 -1.000288907558280e+00 -1.920193589061863e-03 -8.721215639018417e-04 -1.007627314766870e+00
45 21 -1.000289042289703e+00 -1.920108926684019e-03 -8.723469098169627e-04 -1.007626940414900e+00
45 22 -1.000289116815936e+00 -1.919890823040313e-03 -8.726110763264117e-04 -1.007627039309394e+00
45 23 -1.000289129364252e+00 -1.919541319638103e-03 -8.729109379581026e-04 -1.007627611709845e+00
45 24 -1.000289078851021e+00 -1.919063611010876e-03 -8.732441600043560e-04 -1.007628653284677e+00
45 25 -1.000288964931222e+00 -1.918461975028647e-03 -8.736091972962024e-04 -1.007630155262300e+00
45 26 -1.000288787991239e+00 -1.917741657151371e-03 -8.740053324410977e-04 -1.007632104759822e+00
45 27 -1.000288549109239e+00 -1.916908756667036e-03 -8.744327309523064e-04 -1.007634485117989e+00
45 28 -1.000288250014939e+00 -1.915970154470930e-03 -8.748924629703741e-04 -1.007637276104359e+00
45 29 -1.000287893071883e+00 -1.914933495913041e-03 -8.753864326072309e-04 -1.007640453946808e+00
45 30 -1.000287481286837e+00 -1.913807213554296e-03 -8.759171714305737e-04 -1.007643991267273e+00
45 31 -1.000287018331767e+00 -1.912600554927399e-03 -8.764874918471368e-04 -1.007647857051849e+00
45 32 -1.000286508553166e+00 -1.911323578331153e-03 -8.771000441405856e-04 -1.007652016787009e+00
45 33 -1.000285956946868e+00 -1.909987098180899e-03 -8.777568522098164e-04 -1.007656432810597e+00
45 34 -1.000285369091402e+00 -1.908602589984560e-03 -8.784589017018392e-04 -1.007661064815180e+00
45 35 -1.000284751049507e+00 -1.907182083403852e-03 -8.792058263121022e-04 -1.007665870374436e+00
45 36 -1.000284109256172e+00 -1.905738068291201e-03 -8.799957018937461e-04 -1.007670805382356e+00
45 37 -1.000283450410751e+00 -1.904283420806765e-03 -8.808249280770335e-04 -1.007675824372202e+00
45 38 -1.000282781384753e+00 -1.902831341235080e-03 -8.816881607950376e-04 -1.007680880754091e+00
45 39 -1.000282109149838e+00 -1.901395290024833e-03 -8.825782618634768e-04 -1.007685927039582e+00
45 40 -1.000281440723581e+00 -1.899988911559024e-03 -8.834862541844051e-04 -1.007690915110703e+00
45 41 -1.000280783125159e+00 -1.898625942484085e-03 -8.844013021877464e-04 -1.007695796554231e+00
45 42 -1.000280143331135e+00 -1.897320109836673e-03 -8.853107589630176e-04 -1.007700523038152e+00
45 43 -1.000279528222459e+00 -1.896085026577223e-03 -8.862003243084336e-04 -1.007705046687592e+00
45 44 -1.000278944515025e+00 -1.894934081822337e-03 -8.870543452305260e-04 -1.007709320450011e+00
45 45 -1.000278398667103e+00 -1.893880305361779e-03 -8.878562694911024e-04 -1.007713298507402e+00
45 46 -1.000277896761118e+00 -1.892936177838384e-03 -8.885892357309067e-04 -1.007716936835634e+00
45 47 -1.000277444366930e+00 -1.892113371393494e-03 -8.892367521740887e-04 -1.007720193978975e+00
45 48 -1.000277046405110e+00 -1.891422435464645e-03 -8.897833894228647e-04 -1.007723032012496e+00
45 49 -1.000276707034401e+00 -1.890872471698201e-03 -8.902154058008562e-04 -1.007725417562553e+00
45 50 -1.000276429583032e+00 -1.890470854918840e-03 -8.905212438621801e-04 -1.007727322701447e+00
45 51 -1.000276216530056e+00 -1.890223046227955e-03 -8.906918781605765e-04 -1.007728725556165e+00
45 52 -1.000276069525977e+00 -1.890132511897072e-03 -8.907210401072636e-04 -1.007729610570856e+00
45 53 -1.000275989428837e+00 -1.890200722090553e-03 -8.906053747209264e-04 -1.007729968496056e+00
45 54 -1.000275976330348e+00 -1.890427179194723e-03 -8.903445800900961e-04 -1.007729796269797e+00
45 55 -1.000276029559166e+00 -1.890809432686348e-03 -8.899415417971407e-04 -1.007729096946321e+00
45 56 -1.000276147669533e+00 -1.891343071635495e-03 -8.894024197172813e-04 -1.007727879722461e+00
45 57 -1.000276328441247e+00 -1.892021725195140e-03 -8.887366052149989e-04 -1.007726159978691e+00
45 58 -1.000276568920556e+00 -1.892837122523974e-03 -8.879564702848899e-04 -1.007723959170724e+00
45 59 -1.000276865518375e+00 -1.893779254660840e-03 -8.870768822087829e-04 -1.007721304422747e+00
45 60 -1.000277214158103e+00 -1.894836644812779e-03 -8.861145355087815e-04 -1.007718227780726e+00
45 61 -1.000277610441780e+00 -1.895996687349928e-03 -8.850872173483941e-04 -1.007714765233467e+00
45 62 -1.000278049792955e+00 -1.897245985390306e-03 -8.840131376818800e-04 -1.007710955717906e+00
45 63 -1.000278527544244e+00 -1.898570621895533e-03 -8.829104125761363e-04 -1.007706840323762e+00
46 0 -1.000278360400088e+00 -1.899299107468773e-03 -8.839433165711652e-04 -1.007704292578792e+00
46 1 -1.000278892962168e+00 -1.900713732972452e-03 -8.828410118742498e-04 -1.007699749949953e+00
46 2 -1.000279449980922e+00 -1.902161251233688e-03 -8.817594637662835e-04 -1.007695029861623e+00
46 3 -1.000280026505743e+00 -1.903627058187234e-03 -8.807135201330451e-04 -1.007690178448998e+00
46 4 -1.000280617525533e+00 -1.905096617475969e-03 -8.797165458529010e-04 -1.007685242561567e+00
46 5 -1.000281218039130e+00 -1.906555645846804e-03 -8.787800605951585e-04 -1.007680269226957e+00
46 6 -1.000281823129919e+00 -1.907990301138203e-03 -8.779134538824541e-04 -1.007675305056526e+00
46 7 -1.000282428011084e+00 -1.909387324262957e-03 -8.771238688488705e-04 -1.007670395748624e+00
46 8 -1.000283028021571e+00 -1.910734109780238e-03 -8.764162867086931e-04 -1.007665585787824e+00
46 9 -1.000283618578888e+00 -1.912018720634713e-03 -8.757937688075790e-04 -1.007660918313006e+00
46 10 -1.000284195117727e+00 -1.913229893206087e-03 -8.752577618211782e-04 -1.007656435023512e+00
46 11 -1.000284753050349e+00 -1.914357080359331e-03 -8.748083651277949e-04 -1.007652175977827e+00
46 12 -1.000285287773794e+00 -1.915390555192030e-03 -8.744444950822473e-04 -1.007648179210828e+00
46 13 -1.000285794726632e+00 -1.916321561542590e-03 -8.741639418478249e-04 -1.007644480206506e+00
46 14 -1.000286269474194e+00 -1.917142465584964e-03 -8.739633755045512e-04 -1.007641111360719e+00
46 15 -1.000286707787056e+00 -1.917846851709814e-03 -8.738383908756969e-04 -1.007638101605353e+00
46 16 -1.000287105681751e+00 -1.918429525438775e-03 -8.737836669183758e-04 -1.007635476308053e+00
46 17 -1.000287459414923e+00 -1.918886429306157e-03 -8.737932645130111e-04 -1.007633257427353e+00
46 18 -1.000287765450178e+00 -1.919214519209645e-03 -8.738610258486881e-04 -1.007631463769261e+00
46 19 -1.000288020434388e+00 -1.919411663727219e-03 -8.739809980067456e-04 -1.007630111143160e+00
46 20 -1.000288221218250e+00 -1.919476611786977e-03 -8.741477942771316e-04 -1.007629212275952e+00
46 21 -1.000288364936773e+00 -1.919409037614793e-03 -8.743568278884703e-04 -1.007628776471101e+00
46 22 -1.000288449138462e+00 -1.919209633609693e-03 -8.746043979816156e-04 -1.007628809128721e+00
46 23 -1.000288471929015e+00 -1.918880197412387e-03 -8.748876618841174e-04 -1.007629311318410e+00
46 24 -1.000288432087695e+00 -1.918423661667498e-03 -8.752045651313353e-04 -1.007630279579181e+00
46 25 -1.000288329127301e+00 -1.917844045541563e-03 -8.755537997511134e-04 -1.007631706009952e+00
46 26 -1.000288163295140e+00 -1.917146348633557e-03 -8.759348241613604e-04 -1.007633578569657e+00
46 27 -1.000287935537017e+00 -1.916336434110125e-03 -8.763479276268877e-04 -1.007635881418429e+00
46 28 -1.000287647456157e+00 -1.915420945374144e-03 -8.767942821558987e-04 -1.007638595147970e+00
46 29 -1.000287301292005e+00 -1.914407277085344e-03 -8.772759078521179e-04 -1.007641696842964e+00
46 30 -1.000286899926404e+00 -1.913303592748423e-03 -8.777954906733158e-04 -1.007645160023623e+00
46 31 -1.000286446905465e+00 -1.912118858800313e-03 -8.783560351503732e-04 -1.007648954593149e+00
46 32 -1.000285946452980e+00 -1.910862857193867e-03 -8.789603940711029e-04 -1.007653046924166e+00
46 33 -1.000285403451830e+00 -1.909546150557929e-03 -8.796107621478397e-04 -1.007657400154870e+00
46 34 -1.000284823383424e+00 -1.908180000850074e-03 -8.803082269372727e-04 -1.007661974657861e+00
46 35 -1.000284212232649e+00 -1.906776265293761e-03 -8.810524392166264e-04 -1.007666728562767e+00
46 36 -1.000283576376422e+00 -1.905347296183235e-03 -8.818414181235405e-04 -1.007671618214114e+00
46 37 -1.000282922474163e+00 -1.903905856818020e-03 -8.826714647261731e-04 -1.007676598515055e+00
46 38 -1.000282257372722e+00 -1.902465050401222e-03 -8.835371333325512e-04 -1.007681623182534e+00
46 39 -1.000281588031173e+00 -1.901038252101175e-03 -8.844312101962466e-04 -1.007686644975572e+00
46 40 -1.000280921463872e+00 -1.899639034883265e-03 -8.853446761289917e-04 -1.007691615954929e+00
46 41 -1.000280264694265e+00 -1.898281083615291e-03 -8.862666709545016e-04 -1.007696487804001e+00
46 42 -1.000279624709428e+00 -1.896978098177454e-03 -8.871845109485998e-04 -1.007701212200182e+00
46 43 -1.000279008406418e+00 -1.895743689907710e-03 -8.880838190677048e-04 -1.007705741199451e+00
46 44 -1.000278422523170e+00 -1.894591268917915e-03 -8.889488127398667e-04 -1.007710027617491e+00
46 45 -1.000277873547580e+00 -1.893533904556446e-03 -8.897627650726986e-04 -1.007714025453066e+00
46 46 -1.000277367601683e+00 -1.892584132927857e-03 -8.905086191865008e-04 -1.007717690446506e+00
46 47 -1.000276910306666e+00 -1.891753697280611e-03 -8.911696971459300e-04 -1.007720980842860e+00
46 48 -1.000276506645877e+00 -1.891053235397265e-03 -8.917304162674789e-04 -1.007723858340457e+00
46 49 -1.000276160849397e+00 -1.890491956080066e-03 -8.921769217470367e-04 -1.007726289105954e+00
46 50 -1.000275876320366e+00 -1.890077359425103e-03 -8.924975719865068e-04 -1.007728244680327e+00
46 51 -1.000275655611112e+00 -1.889815046303710e-03 -8.926832622796528e-04 -1.007729702614556e+00
46 52 -1.000275500440851e+00 -1.889708632743923e-03 -8.927276231971199e-04 -1.007730646761646e+00
46 53 -1.000275411732993e+00 -1.889759746277463e-03 -8.926271596895787e-04 -1.007731067281497e+00
46 54 -1.000275389646179e+00 -1.889968055182702e-03 -8.923813896146926e-04 -1.007730960516568e+00
46 55 -1.000275433583544e+00 -1.890331285936109e-03 -8.919929954083794e-04 -1.007730328900849e+00
46 56 -1.000275542185082e+00 -1.890845217106936e-03 -8.914679403146664e-04 -1.007729180967278e+00
46 57 -1.000275713326704e+00 -1.891503677709429e-03 -8.908154557721445e-04 -1.007727531385428e+00
46 58 -1.000275944155276e+00 -1.892298600582141e-03 -8.900478092480041e-04 -1.007725400873674e+00
46 59 -1.000276231178105e+00 -1.893220174715201e-03 -8.891798180640405e-04 -1.007722815833575e+00
46 60 -1.000276570402987e+00 -1.894257106895565e-03 -8.882281608138701e-04 -1.007719807648273e+00
46 61 -1.000276957501327e+00 -1.895396957347317e-03 -8.872106111148869e-04 -1.007716411730859e+00
46 62 -1.000277387954057e+00 -1.896626480595563e-03 -8.861453394608098e-04 -1.007712666527226e+00
46 63 -1.000277857146297e+00 -1.897931903398719e-03 -8.850503853222736e-04 -1.007708612694944e+00
47 0 -1.000277701154819e+00 -1.898584902474395e-03 -8.864639254798149e-04 -1.007706156953590e+00
47 1 -1.000278225709192e+00 -1.899981635508134e-03 -8.853661218337522e-04 -1.007701671081825e+00
47 2 -1.000278775148691e+00 -1.901411987842383e-03 -8.842879725758810e-04 -1.007697004578317e+00
47 3 -1.000279344591890e+00 -1.902861482251509e-03 -8.832443238635375e-04 -1.007692203186450e+00
47 4 -1.000279929091469e+00 -1.904315695837248e-03 -8.822485919453634e-04 -1.007687313398834e+00
47 5 -1.000280523699449e+00 -1.905760445520407e-03 -8.813123795650331e-04 -1.007682381933541e+00
47 6 -1.000281123541566e+00 -1.907181983362855e-03 -8.804451538172495e-04 -1.007677455129994e+00
47 7 -1.000281723867433e+00 -1.908567150219266e-03 -8.796540938895268e-04 -1.007672578423020e+00
47 8 -1.000282320053848e+00 -1.909903455987226e-03 -8.789441578902705e-04 -1.007667796009754e+00
47 9 -1.000282907563400e+00 -1.911179096136528e-03 -8.783183342405918e-04 -1.007663150701592e+00
47 10 -1.000283481884144e+00 -1.912382948643698e-03 -8.777779791473430e-04 -1.007658683841369e+00
47 11 -1.000284038485414e+00 -1.913504601847010e-03 -8.773231248469787e-04 -1.007654435137478e+00
47 12 -1.000284572816609e+00 -1.914534442256388e-03 -8.769526753666160e-04 -1.007650442325950e+00
47 13 -1.000285080355400e+00 -1.915463795478145e-03 -8.766644715961447e-04 -1.007646740676635e+00
47 14 -1.000285556688209e+00 -1.916285078854588e-03 -8.764552789850634e-04 -1.007643362462469e+00
47 15 -1.000285997589523e+00 -1.916991907576762e-03 -8.763207966237956e-04 -1.007640336563016e+00
47 16 -1.000286399067702e+00 -1.917579110062229e-03 -8.762557815830916e-04 -1.007637688333268e+00
47 17 -1.000286757364830e+00 -1.918042649982264e-03 -8.762543299969964e-04 -1.007635439741310e+00
47 18 -1.000287068926089e+00 -1.918379497274495e-03 -8.763102864868295e-04 -1.007633609637172e+00
47 19 -1.000287330373455e+00 -1.918587511534451e-03 -8.764177002004822e-04 -1.007632213950503e+00
47 20 -1.000287538519321e+00 -1.918665389566126e-03 -8.765712266660388e-04 -1.007631265659503e+00
47 21 -1.000287690439015e+00 -1.918612695142947e-03 -8.767663920787467e-04 -1.007630774492149e+00
47 22 -1.000287783595140e+00 -1.918429949443200e-03 -8.769996854326899e-04 -1.007630746453090e+00
47 23 -1.000287815982447e+00 -1.918118730678177e-03 -8.772685084280055e-04 -1.007631183360916e+00
47 24 -1.000287786251243e+00 -1.917681726186966e-03 -8.775710636743303e-04 -1.007632082584816e+00
47 25 -1.000287693777256e+00 -1.917122706005590e-03 -8.779062701802073e-04 -1.007633437072460e+00
47 26 -1.000287538671360e+00 -1.916446429502685e-03 -8.782737580259859e-04 -1.007635235613399e+00
47 27 -1.000287321748336e+00 -1.915658528527819e-03 -8.786739347298262e-04 -1.007637463178383e+00
47 28 -1.000287044485886e+00 -1.914765414345728e-03 -8.791080631318758e-04 -1.007640101173829e+00
47 29 -1.000286709000395e+00 -1.913774236263505e-03 -8.795782633766106e-04 -1.007643127533053e+00
47 30 -1.000286318049853e+00 -1.912692892274094e-03 -8.800873598592679e-04 -1.007646516671916e+00
47 31 -1.000285875055150e+00 -1.911530067303204e-03 -8.806385404362599e-04 -1.007650239418175e+00
47 32 -1.000285384116783e+00 -1.910295261014929e-03 -8.812348648962976e-04 -1.007654263051058e+00
47 33 -1.000284850002269e+00 -1.908998772931925e-03 -8.818787183832222e-04 -1.007658551541508e+00
47 34 -1.000284278091685e+00 -1.907651636922407e-03 -8.825713213314044e-04 -1.007663065980715e+00
47 35 -1.000283674286664e+00 -1.906265523044640e-03 -8.833123762558553e-04 -1.007667765091525e+00
47 36 -1.000283044900214e+00 -1.904852633403900e-03 -8.840998757778672e-04 -1.007672605700218e+00
47 37 -1.000282396546128e+00 -1.903425608660541e-03 -8.849300426015335e-04 -1.007677543104696e+00
47 38 -1.000281736041380e+00 -1.901997447400088e-03 -8.857973384550070e-04 -1.007682531350077e+00
47 39 -1.000281070327770e+00 -1.900581432665678e-03 -8.866944754267578e-04 -1.007687523464854e+00
47 40 -1.000280406412019e+00 -1.899191057941494e-03 -8.876123925008755e-04 -1.007692471715230e+00
47 41 -1.000279751317223e+00 -1.897839945709956e-03 -8.885402102235264e-04 -1.007697327914717e+00
47 42 -1.000279112035674e+00 -1.896541755521200e-03 -8.894652211446115e-04 -1.007702043789549e+00
47 43 -1.000278495474117e+00 -1.895310082257809e-03 -8.903729904155578e-04 -1.007706571369911e+00
47 44 -1.000277908384569e+00 -1.894158341311080e-03 -8.912476259497544e-04 -1.007710863386834e+00
47 45 -1.000277357274834e+00 -1.893099625169908e-03 -8.920722415632977e-04 -1.007714873708910e+00
47 46 -1.000276848295362e+00 -1.892146508264938e-03 -8.928295911429178e-04 -1.007718557901715e+00
47 47 -1.000276387106847e+00 -1.891310787120491e-03 -8.935028066868351e-04 -1.007721873979388e+00
47 48 -1.000275978743856e+00 -1.890603169027328e-03 -8.940761413390962e-04 -1.007724783338362e+00
47 49 -1.000275627497007e+00 -1.890032949405074e-03 -8.945356158409560e-04 -1.007727251766211e+00
47 50 -1.000275336834430e+00 -1.889607731079014e-03 -8.948694994128072e-04 -1.007729250357043e+00
47 51 -1.000275109372575e+00 -1.889333230817163e-03 -8.950686130752731e-04 -1.007730756170161e+00
47 52 -1.000274946890652e+00 -1.889213190257800e-03 -8.951265010361966e-04 -1.007731752548233e+00
47 53 -1.000274850368511e+00 -1.889249370377013e-03 -8.950395482130621e-04 -1.007732229138107e+00
47 54 -1.000274820022106e+00 -1.889441581670374e-03 -8.948071121812603e-04 -1.007732181763647e+00
47 55 -1.000274855319062e+00 -1.889787704628711e-03 -8.944316867417979e-04 -1.007731612315271e+00
47 56 -1.000274954975943e+00 -1.890283686113647e-03 -8.939190448164418e-04 -1.007730528734505e+00
47 57 -1.000275116957773e+00 -1.890923536526602e-03 -8.932782575705548e-04 -1.007728945042967e+00
47 58 -1.000275338508002e+00 -1.891699376821181e-03 -8.925214864824942e-04 -1.007726881271589e+00
47 59 -1.000275616229203e+00 -1.892601580905046e-03 -8.916635032602952e-04 -1.007724363134858e+00
47 60 -1.000275946214579e+00 -1.893619028153514e-03 -8.907209856771547e-04 -1.007721421374747e+00
47 61 -1.000276324206832e+00 -1.894739435121458e-03 -8.897117204668498e-04 -1.007718090839050e+00
47 62 -1.000276745745823e+00 -1.895949699062798e-03 -8.886538732502726e-04 -1.007714409486669e+00
47 63 -1.000277206269628e+00 -1.897236182562263e-03 -8.875654428503009e-04 -1.007710417544823e+00
48 0 -1.000277067751063e+00 -1.897820125640943e-03 -8.893325921155981e-04 -1.007708039799638e+00
48 1 -1.000277584052944e+00 -1.899198856839354e-03 -8.882384794726899e-04 -1.007703612203942e+00
48 2 -1.000278125569832e+00 -1.900611672556044e-03 -8.871631288646129e-04 -1.007699001614262e+00
48 3 -1.000278687493621e+00 -1.902044226825725e-03 -8.861213890467228e-04 -1.007694253352319e+00
48 4 -1.000279264947525e+00 -1.903482218232297e-03 -8.851267313662172e-04 -1.007689413510890e+00
48 5 -1.000279853045167e+00 -1.904911573787307e-03 -8.841908504466924e-04 -1.007684528446858e+00
48 6 -1.000280446963114e+00 -1.906318649879965e-03 -8.833233070433426e-04 -1.007679644173699e+00
48 7 -1.000281041994691e+00 -1.907690397198852e-03 -8.825313369398022e-04 -1.007674805810056e+00
48 8 -1.000281633560319e+00 -1.909014451783809e-03 -8.818198934455778e-04 -1.007670057213540e+00
48 9 -1.000282217172445e+00 -1.910279154972934e-03 -8.811919008102072e-04 -1.007665440813518e+00
48 10 -1.000282788377296e+00 -1.911473543459021e-03 -8.806486191751731e-04 -1.007660997536379e+00
48 11 -1.000283342707308e+00 -1.912587362665643e-03 -8.801899930365478e-04 -1.007656766672447e+00
48 12 -1.000283875672349e+00 -1.913611138547721e-03 -8.798148821707804e-04 -1.007652785581385e+00
48 13 -1.000284382799304e+00 -1.914536307322430e-03 -8.795211419211354e-04 -1.007649089234485e+00
48 14 -1.000284859706561e+00 -1.915355366159302e-03 -8.793056000582887e-04 -1.007645709697888e+00
48 15 -1.000285302182563e+00 -1.916061987060455e-03 -8.791640344378386e-04 -1.007642675722640e+00
48 16 -1.000285706235868e+00 -1.916651044731483e-03 -8.790912608345171e-04 -1.007640012583291e+00
48 17 -1.000286068100998e+00 -1.917118547048161e-03 -8.790813911502735e-04 -1.007637742192459e+00
48 18 -1.000286384211326e+00 -1.917461503281500e-03 -8.791282458371398e-04 -1.007635883375379e+00
48 19 -1.000286651171286e+00 -1.917677792887550e-03 -8.792258381291685e-04 -1.007634452105838e+00
48 20 -1.000286865764027e+00 -1.917766092873509e-03 -8.793688166085010e-04 -1.007633461529526e+00
48 21 -1.000287025016278e+00 -1.917725890886211e-03 -8.795527647066289e-04 -1.007632921710443e+00
48 22 -1.000287126317070e+00 -1.917557570037135e-03 -8.797743069786461e-04 -1.007632839172364e+00
48 23 -1.000287167562031e+00 -1.917262517079734e-03 -8.800310451273306e-04 -1.007633216411204e+00
48 24 -1.000287147282148e+00 -1.916843194286738e-03 -8.803214094151412e-04 -1.007634051575264e+00
48 25 -1.000287064722892e+00 -1.916303135644525e-03 -8.806445303912690e-04 -1.007635338428694e+00
48 26 -1.000286919863126e+00 -1.915646869084619e-03 -8.810002023798569e-04 -1.007637066570355e+00
48 27 -1.000286713389450e+00 -1.914879802517243e-03 -8.813889444607873e-04 -1.007639221764192e+00
48 28 -1.000286446656110e+00 -1.914008122468169e-03 -8.818120993154550e-04 -1.007641786214896e+00
48 29 -1.000286121658350e+00 -1.913038740270715e-03 -8.822718710263061e-04 -1.007644738689413e+00
48 30 -1.000285741032335e+00 -1.911979294510835e-03 -8.827712049143836e-04 -1.007648054488468e+00
48 31 -1.000285308075449e+00 -1.910838191256368e-03 -8.833134601331648e-04 -1.007651705362680e+00
48 32 -1.000284826765412e+00 -1.909624645023698e-03 -8.839019038786318e-04 -1.007655659509857e+00
48 33 -1.000284301752997e+00 -1.908348683456012e-03 -8.845391278144523e-04 -1.007659881759457e+00
48 34 -1.000283738313667e+00 -1.907021099442246e-03 -8.852265145978539e-04 -1.007664333955360e+00
48 35 -1.000283142261101e+00 -1.905653361775061e-03 -8.859638541359212e-04 -1.007668975448663e+00
48 36 -1.000282519838892e+00 -1.904257509511727e-03 -8.867491461921216e-04 -1.007673763578421e+00
48 37 -1.000281877609462e+00 -1.902846050250309e-03 -8.875785603039049e-04 -1.007678654063056e+00
48 38 -1.000281222354407e+00 -1.901431869804352e-03 -8.884464798997358e-04 -1.007683601298004e+00
48 39 -1.000280560993244e+00 -1.900028151835424e-03 -8.893455485731056e-04 -1.007688558603481e+00
48 40 -1.000279900520365e+00 -1.898648302021755e-03 -8.902666664415924e-04 -1.007693478478045e+00
48 41 -1.000279247953680e+00 -1.897305869599540e-03 -8.911989415067941e-04 -1.007698312899676e+00
48 42 -1.000278610285234e+00 -1.896014460152539e-03 -8.921296568496571e-04 -1.007703013684784e+00
48 43 -1.000277994424915e+00 -1.894787636366877e-03 -8.930443410017319e-04 -1.007707532884161e+00
48 44 -1.000277407130760e+00 -1.893638801851136e-03 -8.939270161905898e-04 -1.007711823195048e+00
48 45 -1.000276854920665e+00 -1.892581054391674e-03 -8.947606575006459e-04 -1.007715838412225e+00
48 46 -1.000276343962145e+00 -1.891626988432488e-03 -8.955278418056014e-04 -1.007719533989621e+00
48 47 -1.000275879943171e+00 -1.890788434923457e-03 -8.962115129342388e-04 -1.007722867780970e+00
48 48 -1.000275467937226e+00 -1.890076150734952e-03 -8.967957536757286e-04 -1.007725800958897e+00
48 49 -1.000275112283788e+00 -1.889499496360222e-03 -8.972664516923857e-04 -1.007728299016345e+00
48 50 -1.000274816505369e+00 -1.889066154271061e-03 -8.976117824529236e-04 -1.007730332687992e+00
48 51 -1.000274583272970e+00 -1.888781933056162e-03 -8.978224968053602e-04 -1.007731878627971e+00
48 52 -1.000274414416680e+00 -1.888650675241365e-03 -8.978920664629153e-04 -1.007732919752791e+00
48 53 -1.000274310963271e+00 -1.888674249927517e-03 -8.978167772457591e-04 -1.007733445279532e+00
48 54 -1.000274273175648e+00 -1.888852584277817e-03 -8.975958489308852e-04 -1.007733450597101e+00
48 55 -1.000274300575087e+00 -1.889183687971965e-03 -8.972316046111651e-04 -1.007732937135134e+00
48 56 -1.000274391944422e+00 -1.889663653075918e-03 -8.967296364562158e-04 -1.007731912322664e+00
48 57 -1.000274545329221e+00 -1.890286650630239e-03 -8.960988570686592e-04 -1.007730389604924e+00
48 58 -1.000274758063687e+00 -1.891044971662545e-03 -8.953513203811908e-04 -1.007728388385557e+00
48 59 -1.000275026842991e+00 -1.891929159950902e-03 -8.945017541869202e-04 -1.007725933736804e+00
48 60 -1.000275347845791e+00 -1.892928255194391e-03 -8.935668460156527e-04 -1.007723055787904e+00
48 61 -1.000275716887493e+00 -1.894030119832459e-03 -8.925644175274325e-04 -1.007719788837032e+00
48 62 -1.000276129568140e+00 -1.895221784208140e-03 -8.915126604159444e-04 -1.007716170364844e+00
48 63 -1.000276581379080e+00 -1.896489737848191e-03 -8.904295670254305e-04 -1.007712240173499e+00
49 0 -1.000276466639614e+00 -1.897011745620115e-03 -8.925206507975667e-04 -1.007709924947413e+00
49 1 -1.000276974504247e+00 -1.898372491239752e-03 -8.914294944917538e-04 -1.007705556721898e+00
49 2 -1.000277507809223e+00 -1.899767515631713e-03 -8.903564289292872e-04 -1.007701003992677e+00
49 3 -1.000278061823189e+00 -1.901182607620117e-03 -8.893163088445864e-04 -1.007696311632929e+00
49 4 -1.000278631746127e+00 -1.902603594690681e-03 -8.883226621900440e-04 -1.007691525294733e+00
49 5 -1.000279212761584e+00 -1.904016523888606e-03 -8.873872809234937e-04 -1.007686690922157e+00
49 6 -1.000279800105815e+00 -1.905407866583211e-03 -8.865198320196349e-04 -1.007681854146870e+00
49 7 -1.000280389123724e+00 -1.906764693557609e-03 -8.857276262534506e-04 -1.007677059716798e+00
49 8 -1.000280975285540e+00 -1.908074777283209e-03 -8.850156308698519e-04 -1.007672351098036e+00
49 9 -1.000281554158416e+00 -1.909326616988263e-03 -8.843867174882561e-04 -1.007667770285456e+00
49 10 -1.000282121351358e+00 -1.910509423780616e-03 -8.838420482616553e-04 -1.007663357731420e+00
49 11 -1.000282672465540e+00 -1.911613120640984e-03 -8.833814624118387e-04 -1.007659152241986e+00
49 12 -1.000283203078859e+00 -1.912628397875586e-03 -8.830037452934572e-04 -1.007655190725066e+00
49 13 -1.000283708776915e+00 -1.913546829965653e-03 -8.827067305856947e-04 -1.007651507771801e+00
49 14 -1.000284185220619e+00 -1.914361021963789e-03 -8.824872736517479e-04 -1.007648135159185e+00
49 15 -1.000284628222680e+00 -1.915064729174070e-03 -8.823412025126768e-04 -1.007645101431952e+00
49 16 -1.000285033800859e+00 -1.915652896861932e-03 -8.822633693374696e-04 -1.007642431713307e+00
49 17 -1.000285398189566e+00 -1.916121600216275e-03 -8.822478814103995e-04 -1.007640147794286e+00
49 18 -1.000285717816978e+00 -1.916467912127453e-03 -8.822885097708448e-04 -1.007638268408249e+00
49 19 -1.000285989277125e+00 -1.916689759766941e-03 -8.823791958405016e-04 -1.007636809498561e+00
49 20 -1.000286209332833e+00 -1.916785832664089e-03 -8.825145330735183e-04 -1.007635784293317e+00
49 21 -1.000286374973347e+00 -1.916755577598825e-03 -8.826901055102092e-04 -1.007635203100269e+00
49 22 -1.000286483526689e+00 -1.916599274338114e-03 -8.829026161100916e-04 -1.007635072871762e+00
49 23 -1.000286532801897e+00 -1.916318148578868e-03 -8.831498175103170e-04 -1.007635396702040e+00
49 24 -1.000286521221671e+00 -1.915914461251996e-03 -8.834303323435199e-04 -1.007636173456957e+00
49 25 -1.000286447909843e+00 -1.915391527208838e-03 -8.837434818099105e-04 -1.007637397673062e+00
49 26 -1.000286312719338e+00 -1.914753654810798e-03 -8.840892136359139e-04 -1.007639059727473e+00
49 27 -1.000286116212690e+00 -1.914006037480149e-03 -8.844681506657952e-04 -1.007641146152987e+00
49 28 -1.000285859623825e+00 -1.913154646264895e-03 -8.848817044550197e-04 -1.007643639929603e+00
49 29 -1.000285544829872e+00 -1.912206164298761e-03 -8.853321465390638e-04 -1.007646520634608e+00
49 30 -1.000285174348325e+00 -1.911167979826306e-03 -8.858225239229285e-04 -1.007649764433163e+00
49 31 -1.000284751355855e+00 -1.910048225960325e-03 -8.863563516814659e-04 -1.007653343987389e+00
49 32 -1.000284279709026e+00 -1.908855832582423e-03 -8.869371002060818e-04 -1.007657228416369e+00
49 33 -1.000283763941711e+00 -1.907600549879278e-03 -8.875675789975184e-04 -1.007661383425279e+00
49 34 -1.000283209222650e+00 -1.906292919298096e-03 -8.882493589573962e-04 -1.007665771638180e+00
49 35 -1.000282621273742e+00 -1.904944195509040e-03 -8.889823523112166e-04 -1.007670353065896e+00
49 36 -1.000282006264097e+00 -1.903566241895091e-03 -8.897646015437080e-04 -1.007675085590299e+00
49 37 -1.000281370699095e+00 -1.902171422266602e-03 -8.905922520117115e-04 -1.007679925376306e+00
49 38 -1.000280721319271e+00 -1.900772501013167e-03 -8.914596277134856e-04 -1.007684827192355e+00
49 39 -1.000280065016518e+00 -1.899382554697494e-03 -8.923593136615459e-04 -1.007689744673206e+00
49 40 -1.000279408767875e+00 -1.898014892658897e-03 -8.932821770067757e-04 -1.007694630576956e+00
49 41 -1.000278759580999e+00 -1.896682979979147e-03 -8.942173214548604e-04 -1.007699437080668e+00
49 42 -1.000278124442034e+00 -1.895400354243066e-03 -8.951520359750810e-04 -1.007704116133900e+00
49 43 -1.000277510257252e+00 -1.894180529116518e-03 -8.960718357075274e-04 -1.007708619858141e+00
49 44 -1.000276923782515e+00 -1.893036877943739e-03 -8.969606846681380e-04 -1.007712900971930e+00
49 45 -1.000276371536039e+00 -1.891982484772092e-03 -8.978014448498127e-04 -1.007716913255356e+00
49 46 -1.000275859691111e+00 -1.891029944759375e-03 -8.985765344024174e-04 -1.007720612115330e+00
49 47 -1.000275393950484e+00 -1.890191103239626e-03 -8.992687173027742e-04 -1.007723955317992e+00
49 48 -1.000274979413614e+00 -1.889476745417260e-03 -8.998619054170716e-04 -1.007726903893713e+00
49 49 -1.000274620456475e+00 -1.888896274493755e-03 -9.003418481912504e-04 -1.007729423128110e+00
49 50 -1.000274320644883e+00 -1.888457429386935e-03 -9.006966237566735e-04 -1.007731483485133e+00
49 51 -1.000274082694502e+00 -1.888166086388026e-03 -9.009169164034314e-04 -1.007733061301648e+00
49 52 -1.000273908476791e+00 -1.888026163579296e-03 -9.009961388118062e-04 -1.007734139155543e+00
49 53 -1.000273799055474e+00 -1.888039611795777e-03 -9.009304992752983e-04 -1.007734705922022e+00
49 54 -1.000273754729618e+00 -1.888206448176332e-03 -9.007191041680177e-04 -1.007734756642927e+00
49 55 -1.000273775062728e+00 -1.888524785423749e-03 -9.003641268746814e-04 -1.007734292374309e+00
49 56 -1.000273858892516e+00 -1.888990835749625e-03 -8.998709920586991e-04 -1.007733320118302e+00
49 57 -1.000274004334897e+00 -1.889598907575325e-03 -8.992484584690574e-04 -1.007731852824560e+00
49 58 -1.000274208807183e+00 -1.890341441577607e-03 -8.985084717544153e-04 -1.007729909339340e+00
49 59 -1.000274469092926e+00 -1.891209134547738e-03 -8.976657155026676e-04 -1.007727514145877e+00
49 60 -1.000274781455100e+00 -1.892191172837157e-03 -8.967368935205894e-04 -1.007724696796430e+00
49 61 -1.000275141782382e+00 -1.893275553009040e-03 -8.957398795850262e-04 -1.007721491062134e+00
49 62 -1.000275545735767e+00 -1.894449427659410e-03 -8.946929185637261e-04 -1.007717933960009e+00
49 63 -1.000275988860009e+00 -1.895699403474734e-03 -8.936140281088407e-04 -1.007714064876263e+00
50 0 -1.000275904118681e+00 -1.896167232886076e-03 -8.959970367178995e-04 -1.007711795295283e+00
50 1 -1.000276403428469e+00 -1.897510146992043e-03 -8.949081650879612e-04 -1.007707487061102e+00
50 2 -1.000276928294135e+00 -1.898887255258652e-03 -8.938369456294338e-04 -1.007702993703122e+00
50 3 -1.000277474063802e+00 -1.900284483863450e-03 -8.927982417198414e-04 -1.007698359622159e+00
50 4 -1.000278036019790e+00 -1.901687795868950e-03 -8.918056371618597e-04 -1.007693629991473e+00
50 5 -1.000278609423538e+00 -1.903083368072676e-03 -8.908710230105926e-04 -1.007688850292104e+00
50 6 -1.000279189580001e+00 -1.904457797810886e-03 -8.900041809782418e-04 -1.007684065717373e+00
50 7 -1.000279771894010e+00 -1.905798286505046e-03 -8.892125124596458e-04 -1.007679320588553e+00
50 8 -1.000280351892178e+00 -1.907092752855217e-03 -8.885010170302410e-04 -1.007674657928435e+00
50 9 -1.000280925201283e+00 -1.908329864725461e-03 -8.878725272207882e-04 -1.007670119247214e+00
50 10 -1.000281487497506e+00 -1.909499021859889e-03 -8.873281085300049e-04 -1.007665744468474e+00
50 11 -1.000282034455996e+00 -1.910590343913730e-03 -8.868674806627689e-04 -1.007661571850244e+00
50 12 -1.000282561729638e+00 -1.911594709105897e-03 -8.864893267720261e-04 -1.007657637775914e+00
50 13 -1.000283064971606e+00 -1.912503856622159e-03 -8.861914235073737e-04 -1.007653976377550e+00
50 14 -1.000283539895589e+00 -1.913310526918690e-03 -8.859706178447014e-04 -1.007650619061738e+00
50 15 -1.000283982349079e+00 -1.914008585402304e-03 -8.858227567156271e-04 -1.007647594087797e+00
50 16 -1.000284388368535e+00 -1.914593072631975e-03 -8.857427038963783e-04 -1.007644926354730e+00
50 17 -1.000284754196110e+00 -1.915060154027934e-03 -8.857245408836379e-04 -1.007642637465497e+00
50 18 -1.000285076261578e+00 -1.915406989544284e-03 -8.857619652886271e-04 -1.007640745995563e+00
50 19 -1.000285351155712e+00 -1.915631581016820e-03 -8.858488131458294e-04 -1.007639267784215e+00
50 20 -1.000285575629782e+00 -1.915732662223156e-03 -8.859795766738098e-04 -1.007638216056929e+00
50 21 -1.000285746646371e+00 -1.915709674182544e-03 -8.861497845541926e-04 -1.007637601272261e+00
50 22 -1.000285861484952e+00 -1.915562828715652e-03 -8.863561594389852e-04 -1.007637430717983e+00
50 23 -1.000285917881031e+00 -1.915293222867237e-03 -8.865965519341593e-04 -1.007637708001320e+00
50 24 -1.000285914161269e+00 -1.914902943094654e-03 -8.868697364545442e-04 -1.007638432634341e+00
50 25 -1.000285849338004e+00 -1.914395105343179e-03 -8.871751989501840e-04 -1.007639599871681e+00
50 26 -1.000285723145735e+00 -1.913773812943693e-03 -8.875130263923528e-04 -1.007641200829289e+00
50 27 -1.000285536028309e+00 -1.913044056369684e-03 -8.878839362179350e-04 -1.007643222777437e+00
50 28 -1.000285289103685e+00 -1.912211602511040e-03 -8.882893976455684e-04 -1.007645649441000e+00
50 29 -1.000284984135049e+00 -1.911282918480117e-03 -8.887317328446704e-04 -1.007648461175802e+00
50 30 -1.000284623525413e+00 -1.910265154125428e-03 -8.892140697018255e-04 -1.007651634981702e+00
50 31 -1.000284210334601e+00 -1.909166178960332e-03 -8.897400603487735e-04 -1.007655144410659e+00
50 32 -1.000283748300941e+00 -1.907994642656714e-03 -8.903133689076172e-04 -1.007658959494496e+00
50 33 -1.000283241842696e+00 -1.906760016167026e-03 -8.909370282119420e-04 -1.007663046820662e+00
50 34 -1.000282696021065e+00 -1.905472582004463e-03 -8.916128187117013e-04 -1.007667369812951e+00
50 35 -1.000282116463271e+00 -1.904143369702056e-03 -8.923408074942546e-04 -1.007671889168746e+00
50 36 -1.000281509259498e+00 -1.902784055229647e-03 -8.931191156115611e-04 -1.007676563340328e+00
50 37 -1.000280880852750e+00 -1.901406848093034e-03 -8.939438956904159e-04 -1.007681348963853e+00
50 38 -1.000280237936839e+00 -1.900024382376371e-03 -8.948094349026503e-04 -1.007686201203266e+00
50 39 -1.000279587370394e+00 -1.898649619481781e-03 -8.957082734187229e-04 -1.007691074031228e+00
50 40 -1.000278936107654e+00 -1.897295763699162e-03 -8.966312542201979e-04 -1.007695920493107e+00
50 41 -1.000278291140617e+00 -1.895976184978060e-03 -8.975674866447841e-04 -1.007700693000219e+00
50 42 -1.000277659443671e+00 -1.894704338587552e-03 -8.985042819967701e-04 -1.007705343679522e+00
50 43 -1.000277047912643e+00 -1.893493671668923e-03 -8.994271668692240e-04 -1.007709824775712e+00
50 44 -1.000276463293042e+00 -1.892357507810985e-03 -9.003200776421317e-04 -1.007714089086780e+00
50 45 -1.000275912093676e+00 -1.891308897016259e-03 -9.011657938279810e-04 -1.007718090440454e+00
50 46 -1.000275400482250e+00 -1.890360414381385e-03 -9.019465996117208e-04 -1.007721784264491e+00
50 47 -1.000274934163599e+00 -1.889523898201977e-03 -9.026450943018163e-04 -1.007725128313007e+00
50 48 -1.000274518249928e+00 -1.888810139916486e-03 -9.032450241217365e-04 -1.007728083557226e+00
50 49 -1.000274157140992e+00 -1.888228562768044e-03 -9.037319990104695e-04 -1.007730615163378e+00
50 50 -1.000273854434385e+00 -1.887786938702326e-03 -9.040939979371101e-04 -1.007732693414686e+00
50 51 -1.000273612880049e+00 -1.887491187138060e-03 -9.043216425484765e-04 -1.007734294421347e+00
50 52 -1.000273434380965e+00 -1.887345275898308e-03 -9.044082996784628e-04 -1.007735400513012e+00
50 53 -1.000273320027757e+00 -1.887351210854462e-03 -9.043501217676974e-04 -1.007736000312786e+00
50 54 -1.000273270144755e+00 -1.887509071914136e-03 -9.041461275616158e-04 -1.007736088605384e+00
50 55 -1.000273284325740e+00 -1.887817047347220e-03 -9.037983647551124e-04 -1.007735666164816e+00
50 56 -1.000273361450859e+00 -1.888271442439231e-03 -9.033121077281163e-04 -1.007734739658732e+00
50 57 -1.000273499694754e+00 -1.888866677591639e-03 -9.026959695064774e-04 -1.007733321629735e+00
50 58 -1.000273696548631e+00 -1.889595320771798e-03 -9.019617881759231e-04 -1.007731430444368e+00
50 59 -1.000273948878555e+00 -1.890448203059421e-03 -9.011242018117315e-04 -1.007729090058539e+00
50 60 -1.000274253029166e+00 -1.891414641943058e-03 -9.001999339425222e-04 -1.007726329492215e+00
50 61 -1.000274604961936e+00 -1.892482754855917e-03 -8.992069234855050e-04 -1.007723182019703e+00
50 62 -1.000275000399107e+00 -1.893639804855350e-03 -8.981634915030091e-04 -1.007719684214088e+00
50 63 -1.000275434938818e+00 -1.894872505272513e-03 -8.970877098007544e-04 -1.007715875058221e+00
51 0 -1.000275386247702e+00 -1.895294483719015e-03 -8.997286062984194e-04 -1.007713632982578e+00
51 1 -1.000275876959267e+00 -1.896619870637127e-03 -8.986413944982317e-04 -1.007709384839329e+00
51 2 -1.000276393228219e+00 -1.897979082568715e-03 -8.975716410638524e-04 -1.007704951871308e+00
51 3 -1.000276930484116e+00 -1.899358184598483e-03 -8.965342199272834e-04 -1.007700377986616e+00
51 4 -1.000277484096428e+00 -1.900743281366097e-03 -8.955427675432608e-04 -1.007695707844523e+00
51 5 -1.000278049411891e+00 -1.902120688644263e-03 -8.946092721000157e-04 -1.007690986415435e+00
51 6 -1.000278621812948e+00 -1.903477140349109e-03 -8.937436345743380e-04 -1.007686258399583e+00
51 7 -1.000279196772869e+00 -1.904799978876158e-03 -8.929533593924891e-04 -1.007681567636232e+00
51 8 -1.000279769881600e+00 -1.906077278760898e-03 -8.922434952602798e-04 -1.007676956652990e+00
51 9 -1.000280336830717e+00 -1.907297886576430e-03 -8.916168498065660e-04 -1.007672466426038e+00
51 10 -1.000280893367796e+00 -1.908451403349857e-03 -8.910743960656263e-04 -1.007668136298587e+00
51 11 -1.000281435246567e+00 -1.909528162360674e-03 -8.906157238794313e-04 -1.007664003921763e+00
51 12 -1.000281958201084e+00 -1.910519251475007e-03 -8.902393894662080e-04 -1.007660105085797e+00
51 13 -1.000282457960401e+00 -1.911416600142494e-03 -8.899430780017310e-04 -1.007656473386455e+00
51 14 -1.000282930301010e+00 -1.912213111492559e-03 -8.897235911011742e-04 -1.007653139778642e+00
51 15 -1.000283371115733e+00 -1.912902787573790e-03 -8.895767616020777e-04 -1.007650132157212e+00
51 16 -1.000283776469443e+00 -1.913480788591671e-03 -8.894974386245405e-04 -1.007647475124441e+00
51 17 -1.000284142620320e+00 -1.913943392862404e-03 -8.894796561251879e-04 -1.007645190028388e+00
51 18 -1.000284466006985e+00 -1.914287870523848e-03 -8.895170151100515e-04 -1.007643295219995e+00
51 19 -1.000284743224223e+00 -1.914512324061659e-03 -8.896032151062971e-04 -1.007641806361744e+00
51 20 -1.000284971020169e+00 -1.914615561693816e-03 -8.897326041903856e-04 -1.007640736594174e+00
51 21 -1.000285146341100e+00 -1.914597052722049e-03 -8.899006018336879e-04 -1.007640096435380e+00
51 22 -1.000285266430305e+00 -1.914456976806569e-03 -8.901038912231047e-04 -1.007639893413155e+00
51 23 -1.000285328963259e+00 -1.914196336495936e-03 -8.903403649589264e-04 -1.007640131556347e+00
51 24 -1.000285332183652e+00 -1.913817072970604e-03 -8.906089042733052e-04 -1.007640810944584e+00
51 25 -1.000285275003541e+00 -1.913322125917763e-03 -8.909091295728186e-04 -1.007641927488902e+00
51 26 -1.000285157047807e+00 -1.912715410666542e-03 -8.912412494777195e-04 -1.007643472996809e+00
51 27 -1.000284978648449e+00 -1.912001728731310e-03 -8.916060649302640e-04 -1.007645435436289e+00
51 28 -1.000284740813087e+00 -1.911186656328641e-03 -8.920050911436944e-04 -1.007647799238722e+00
51 29 -1.000284445196122e+00 -1.910276458789397e-03 -8.924406840674866e-04 -1.007650545499255e+00
51 30 -1.000284094091186e+00 -1.909278062151760e-03 -8.929160304462829e-04 -1.007653652014056e+00
51 31 -1.000283690446294e+00 -1.908199085335731e-03 -8.934348971122686e-04 -1.007657093192013e+00
51 32 -1.000283237885911e+00 -1.907047906533931e-03 -8.940011268618991e-04 -1.007660839956373e+00
51 33 -1.000282740715468e+00 -1.905833719873400e-03 -8.946179748482106e-04 -1.007664859771602e+00
51 34 -1.000282203889142e+00 -1.904566544937303e-03 -8.952874464533033e-04 -1.007669116871530e+00
51 35 -1.000281632937715e+00 -1.903257177659953e-03 -8.960097921647035e-04 -1.007673572660398e+00
51 36 -1.000281033868863e+00 -1.901917096386905e-03 -8.967832461229191e-04 -1.007678186184352e+00
51 37 -1.000280413058427e+00 -1.900558346445954e-03 -8.976040008854606e-04 -1.007682914573386e+00
51 38 -1.000279777147983e+00 -1.899193422881920e-03 -8.984663321453354e-04 -1.007687713408553e+00
51 39 -1.000279132957096e+00 -1.897835163869458e-03 -8.993627520123601e-04 -1.007692537023520e+00
51 40 -1.000278487411388e+00 -1.896496659861408e-03 -9.002840905977077e-04 -1.007697338779021e+00
51 41 -1.000277847481382e+00 -1.895191174574169e-03 -9.012194744624059e-04 -1.007702071356672e+00
51 42 -1.000277220123660e+00 -1.893932066605883e-03 -9.021562547082678e-04 -1.007706687105878e+00
51 43 -1.000276612216856e+00 -1.892732699030533e-03 -9.030799953618215e-04 -1.007711138447641e+00
51 44 -1.000276030488133e+00 -1.891606325647188e-03 -9.039746381904665e-04 -1.007715378319208e+00
51 45 -1.000275481427182e+00 -1.890565940709414e-03 -9.048229154213318e-04 -1.007719360662005e+00
51 46 -1.000274971184640e+00 -1.889624076700864e-03 -9.056070084170863e-04 -1.007723040996959e+00
51 47 -1.000274505454648e+00 -1.888792542209897e-03 -9.063093738679662e-04 -1.007726377144207e+00
51 48 -1.000274089348909e+00 -1.888082112350740e-03 -9.069136036590301e-04 -1.007729330098952e+00
51 49 -1.000273727278050e+00 -1.887502207474438e-03 -9.074051713956009e-04 -1.007731864996035e+00
51 50 -1.000273422859415e+00 -1.887060608597800e-03 -9.077719576976913e-04 -1.007733952029937e+00
51 51 -1.000273178866314e+00 -1.886763253197666e-03 -9.080045263204927e-04 -1.007735567177455e+00
51 52 -1.000272997223239e+00 -1.886614132995326e-03 -9.080962110934884e-04 -1.007736692611673e+00
51 53 -1.000272879037768e+00 -1.886615282320819e-03 -9.080431300659905e-04 -1.007737316793742e+00
51 54 -1.000272824648568e+00 -1.886766816187919e-03 -9.078442413285899e-04 -1.007737434343013e+00
51 55 -1.000272833667333e+00 -1.887066969780347e-03 -9.075014938176416e-04 -1.007737045847019e+00
51 56 -1.000272905003426e+00 -1.887512112910422e-03 -9.070200326768421e-04 -1.007736157736233e+00
51 57 -1.000273036877561e+00 -1.888096751082951e-03 -9.064083368517911e-04 -1.007734782239847e+00
51 58 -1.000273226844204e+00 -1.888813555486634e-03 -9.056781397596321e-04 -1.007732937328998e+00
51 59 -1.000273471844333e+00 -1.889653470696493e-03 -9.048440328254648e-04 -1.007730646502838e+00
51 60 -1.000273768299969e+00 -1.890605927850291e-03 -9.039227607108291e-04 -1.007727938302985e+00
51 61 -1.000274112243808e+00 -1.891659150668887e-03 -9.029323367767587e-04 -1.007724845544137e+00
51 62 -1.000274499459135e+00 -1.892800500134677e-03 -9.018911771412208e-04 -1.007721404379602e+00
51 63 -1.000274925597200e+00 -1.894016784963869e-03 -9.008174334337877e-04 -1.007717653405313e+00
52 0 -1.000274918756773e+00 -1.894401733913827e-03 -9.036804541288270e-04 -1.007715419615751e+00
52 1 -1.000275400907582e+00 -1.895710059968744e-03 -9.025943050757735e-04 -1.007711231095340e+00
52 2 -1.000275908500537e+00 -1.897051554912133e-03 -9.015256770127689e-04 -1.007706858986488e+00
52 3 -1.000276437047622e+00 -1.898412422951163e-03 -9.004894557163572e-04 -1.007702346689350e+00
52 4 -1.000276982009301e+00 -1.899778915287512e-03 -8.994993249662356e-04 -1.007697738318478e+00
52 5 -1.000277538824188e+00 -1.901137494992243e-03 -8.985673647091832e-04 -1.007693078290020e+00
52 6 -1.000278102960460e+00 -1.902475042335042e-03 -8.977035956667710e-04 -1.007688410759937e+00
52 7 -1.000278669968209e+00 -1.903779050530094e-03 -8.969156337854617e-04 -1.007683779032296e+00
52 8 -1.000279235507926e+00 -1.905037759418092e-03 -8.962085909387813e-04 -1.007679225088132e+00
52 9 -1.000279795341426e+00 -1.906240203842467e-03 -8.955852636220636e-04 -1.007674789321027e+00
52 10 -1.000280345291738e+00 -1.907376197144015e-03 -8.950465389141418e-04 -1.007670510445654e+00
52 11 -1.000280881195108e+00 -1.908436300769561e-03 -8.945918703427549e-04 -1.007666425453024e+00
52 12 -1.000281398872093e+00 -1.909411831857984e-03 -8.942196658862712e-04 -1.007662569476658e+00
52 13 -1.000281894135256e+00 -1.910294934447388e-03 -8.939274864319302e-04 -1.007658975501531e+00
52 14 -1.000282362833501e+00 -1.911078700880272e-03 -8.937120511811138e-04 -1.007655673950915e+00
52 15 -1.000282800915363e+00 -1.911757295740564e-03 -8.935691448951427e-04 -1.007652692277138e+00
52 16 -1.000283204484075e+00 -1.912326022800349e-03 -8.934935746559049e-04 -1.007650054713411e+00
52 17 -1.000283569822666e+00 -1.912781295754780e-03 -8.934793046473995e-04 -1.007647782285218e+00
52 18 -1.000283893386323e+00 -1.913120517488701e-03 -8.935198171715427e-04 -1.007645893052337e+00
52 19 -1.000284171781125e+00 -1.913341915625015e-03 -8.936086471057549e-04 -1.007644402430297e+00
52 20 -1.000284401760122e+00 -1.913444401055041e-03 -8.937399593709299e-04 -1.007643323396216e+00
52 21 -1.000284580263298e+00 -1.913427504134100e-03 -8.939090133625178e-04 -1.007642666438237e+00
52 22 -1.000284704510050e+00 -1.913291408139052e-03 -8.941123943966430e-04 -1.007642439227084e+00
52 23 -1.000284772129483e+00 -1.913037056231755e-03 -8.943479794579766e-04 -1.007642646118014e+00
52 24 -1.000284781295812e+00 -1.912666275060692e-03 -8.946147082516321e-04 -1.007643287674569e+00
52 25 -1.000284730832883e+00 -1.912181852832015e-03 -8.949123011928072e-04 -1.007644360395918e+00
52 26 -1.000284620266093e+00 -1.911587536441408e-03 -8.952410672285137e-04 -1.007645856725638e+00
52 27 -1.000284449823800e+00 -1.910887954804889e-03 -8.956018775191924e-04 -1.007647765281519e+00
52 28 -1.000284220410042e+00 -1.910088508834456e-03 -8.959962811080432e-04 -1.007650071156223e+00
52 29 -1.000283933576498e+00 -1.909195278195182e-03 -8.964266509690717e-04 -1.007652756138126e+00
52 30 -1.000283591513534e+00 -1.908214982326030e-03 -8.968962097194855e-04 -1.007655798772235e+00
52 31 -1.000283197063598e+00 -1.907155006148915e-03 -8.974088134271842e-04 -1.007659174279910e+00
52 32 -1.000282753742980e+00 -1.906023469304749e-03 -8.979684631749326e-04 -1.007662854442013e+00
52 33 -1.000282265748437e+00 -1.904829295868754e-03 -8.985786286047321e-04 -1.007666807582634e+00
52 34 -1.000281737929110e+00 -1.903582242614766e-03 -8.992415484427165e-04 -1.007670998744819e+00
52 35 -1.000281175718999e+00 -1.902292866738369e-03 -8.999576796207440e-04 -1.007675390050964e+00
52 36 -1.000280585040809e+00 -1.900972440845174e-03 -9.007254010923772e-04 -1.007679941158879e+00
52 37 -1.000279972199040e+00 -1.899632837205075e-03 -9.015409779812827e-04 -1.007684609712393e+00
52 38 -1.000279343777765e+00 -1.898286403532491e-03 -9.023987015962492e-04 -1.007689351730048e+00
52 39 -1.000278706551682e+00 -1.896945847009781e-03 -9.032910750311864e-04 -1.007694121928590e+00
52 40 -1.000278067411806e+00 -1.895624135716315e-03 -9.042089287511297e-04 -1.007698874011482e+00
52 41 -1.000277433301123e+00 -1.894334416292405e-03 -9.051414193568133e-04 -1.007703560966478e+00
52 42 -1.000276811152188e+00 -1.893089936642518e-03 -9.060759558363183e-04 -1.007708135410466e+00
52 43 -1.000276207819735e+00 -1.891903958422821e-03 -9.069981663230582e-04 -1.007712549994127e+00
52 44 -1.000275630004756e+00 -1.890789645244541e-03 -9.078920327947429e-04 -1.007716757855141e+00
52 45 -1.000275084168292e+00 -1.889759912919360e-03 -9.087402790537421e-04 -1.007720713117338e+00
52 46 -1.000274576432570e+00 -1.888827227586524e-03 -9.095250202666259e-04 -1.007724371469819e+00
52 47 -1.000274112468339e+00 -1.888003344480919e-03 -9.102285990919724e-04 -1.007727690878475e+00
52 48 -1.000273697373493e+00 -1.887298999031999e-03 -9.108344708840061e-04 -1.007730632446708e+00
52 49 -1.000273335556318e+00 -1.886723585046795e-03 -9.113279814173252e-04 -1.007733161367274e+00
52 50 -1.000273030641482e+00 -1.886284868233494e-03 -9.116969170375077e-04 -1.007735247839157e+00
52 51 -1.000272785414478e+00 -1.885988779103470e-03 -9.119317894284265e-04 -1.007736867799591e+00
52 52 -1.000272601811198e+00 -1.885839307639193e-03 -9.120259120368311e-04 -1.007738003357139e+00
52 53 -1.000272480946200e+00 -1.885838489930908e-03 -9.119753898770434e-04 -1.007738642902411e+00
52 54 -1.000272423161541e+00 -1.885986447938663e-03 -9.117791483786857e-04 -1.007738780983218e+00
52 55 -1.000272428074381e+00 -1.886281434519602e-03 -9.114390670286009e-04 -1.007738418098060e+00
52 56 -1.000272494609800e+00 -1.886719854784952e-03 -9.109601861911631e-04 -1.007737560539466e+00
52 57 -1.000272621021142e+00 -1.887296271323034e-03 -9.103508661271636e-04 -1.007736220320549e+00
52 58 -1.000272804914158e+00 -1.888003432749425e-03 -9.096227415116170e-04 -1.007734415107744e+00
52 59 -1.000273043295529e+00 -1.888832374455411e-03 -9.087903571314020e-04 -1.007732168021859e+00
52 60 -1.000273332658906e+00 -1.889772622185499e-03 -9.078704788975659e-04 -1.007729507187529e+00
52 61 -1.000273669105541e+00 -1.890812490227128e-03 -9.068812007005249e-04 -1.007726465003300e+00
52 62 -1.000274048478841e+00 -1.891939424015841e-03 -9.058410487686729e-04 -1.007723077232234e+00
52 63 -1.000274466482441e+00 -1.893140315448049e-03 -9.047682772241588e-04 -1.007719382104577e+00
53 0 -1.000274506954926e+00 -1.893497466243225e-03 -9.078162223321284e-04 -1.007717136534076e+00
53 1 -1.000274980669162e+00 -1.894789369976784e-03 -9.067305454450587e-04 -1.007713006559747e+00
53 2 -1.000275479592655e+00 -1.896113501090683e-03 -9.056627189562199e-04 -1.007708695174820e+00
53 3 -1.000275999319635e+00 -1.897456201274848e-03 -9.046276417757728e-04 -1.007704245263286e+00
53 4 -1.000276535404083e+00 -1.898803871476390e-03 -9.036390383972811e-04 -1.007699700371341e+00
53 5 -1.000277083381908e+00 -1.900143128997864e-03 -9.027090720526234e-04 -1.007695104323219e+00
53 6 -1.000277638814515e+00 -1.901461009420027e-03 -9.018478791451529e-04 -1.007690500683587e+00
53 7 -1.000278197336924e+00 -1.902745166170804e-03 -9.010631909220333e-04 -1.007685932170784e+00
53 8 -1.000278754687387e+00 -1.903984013303720e-03 -9.003601931508449e-04 -1.007681440170101e+00
53 9 -1.000279306703419e+00 -1.905166782455999e-03 -8.997416840264723e-04 -1.007677064446759e+00
53 10 -1.000279849287378e+00 -1.906283508775582e-03 -8.992084726161571e-04 -1.007672843042407e+00
53 11 -1.000280378361468e+00 -1.907324994494232e-03 -8.987598727493386e-04 -1.007668812239276e+00
53 12 -1.000280889837293e+00 -1.908282803404529e-03 -8.983941264823171e-04 -1.007665006456044e+00
53 13 -1.000281379617578e+00 -1.909149316167614e-03 -8.981086405575835e-04 -1.007661457998106e+00
53 14 -1.000281843632451e+00 -1.909917839181194e-03 -8.979000159756131e-04 -1.007658196681299e+00
53 15 -1.000282277896309e+00 -1.910582724806328e-03 -8.977639548715643e-04 -1.007655249438399e+00
53 16 -1.000282678561017e+00 -1.911139444273336e-03 -8.976951936374221e-04 -1.007652640060078e+00
53 17 -1.000283041943783e+00 -1.911584568715905e-03 -8.976876042036029e-04 -1.007650389181243e+00
53 18 -1.000283364524362e+00 -1.911915654976177e-03 -8.977345298619537e-04 -1.007648514506062e+00
53 19 -1.000283642927421e+00 -1.912131078426446e-03 -8.978293162412091e-04 -1.007647031136502e+00
53 20 -1.000283873918850e+00 -1.912229879122788e-03 -8.979659102924961e-04 -1.007645951810628e+00
53 21 -1.000284054442117e+00 -1.912211679866512e-03 -8.981393641547422e-04 -1.007645286898862e+00
53 22 -1.000284181704684e+00 -1.912076702407141e-03 -8.983461089993758e-04 -1.007645044118590e+00
53 23 -1.000284253302776e+00 -1.911825865619246e-03 -8.985839483453094e-04 -1.007645228055123e+00
53 24 -1.000284267354966e+00 -1.911460913690671e-03 -8.988518293318831e-04 -1.007645839667618e+00
53 25 -1.000284222609894e+00 -1.910984510436022e-03 -8.991495338684260e-04 -1.007646875967550e+00
53 26 -1.000284118504757e+00 -1.910400256236848e-03 -8.994774461995572e-04 -1.007648329971334e+00
53 27 -1.000283955173554e+00 -1.909712625613598e-03 -8.998364922663232e-04 -1.007650190892387e+00
53 28 -1.000283733424473e+00 -1.908926861173241e-03 -9.002282421585101e-04 -1.007652444433515e+00
53 29 -1.000283454713575e+00 -1.908048875011066e-03 -9.006550690865701e-04 -1.007655073022782e+00
53 30 -1.000283121135149e+00 -1.907085199735328e-03 -9.011202078913632e-04 -1.007658055897245e+00
53 31 -1.000282735433362e+00 -1.906043006022606e-03 -9.016275760283172e-04 -1.007661369035803e+00
53 32 -1.000282301023089e+00 -1.904930171741660e-03 -9.021813077372661e-04 -1.007664985031658e+00
53 33 -1.000281821997886e+00 -1.903755362168363e-03 -9.027850724874878e-04 -1.007668873038563e+00
53 34 -1.000281303105419e+00 -1.902528075938776e-03 -9.034413431695156e-04 -1.007672998895384e+00
53 35 -1.000280749684144e+00 -1.901258630193141e-03 -9.041507996700294e-04 -1.007677325443488e+00
53 36 -1.000280167570574e+00 -1.899958086294629e-03 -9.049119933645401e-04 -1.007681812963230e+00
53 37 -1.000279562994488e+00 -1.898638136026266e-03 -9.057212932106084e-04 -1.007686419628655e+00
53 38 -1.000278942477567e+00 -1.897310972172347e-03 -9.065730339631982e-04 -1.007691101914446e+00
53 39 -1.000278312743980e+00 -1.895989163632566e-03 -9.074597303904980e-04 -1.007695814941119e+00
53 40 -1.000277680644189e+00 -1.894685548274164e-03 -9.083722279143059e-04 -1.007700512780293e+00
53 41 -1.000277053087561e+00 -1.893413145748566e-03 -9.092997265066435e-04 -1.007705148759540e+00
53 42 -1.000276436976335e+00 -1.892185079972240e-03 -9.102297110059752e-04 -1.007709675807194e+00
53 43 -1.000275839134568e+00 -1.891014494025783e-03 -9.111479003161562e-04 -1.007714046857644e+00
53 44 -1.000275266229378e+00 -1.889914440790024e-03 -9.120383523464946e-04 -1.007718215311419e+00
53 45 -1.000274724684047e+00 -1.888897734807194e-03 -9.128838237517564e-04 -1.007722135543821e+00
53 46 -1.000274220581552e+00 -1.887976751871560e-03 -9.136664044375139e-04 -1.007725763487036e+00
53 47 -1.000273759556801e+00 -1.887163169390150e-03 -9.143683576625212e-04 -1.007729057333582e+00
53 48 -1.000273346680393e+00 -1.886467658497403e-03 -9.149730268025901e-04 -1.007731978381805e+00
53 49 -1.000272986344737e+00 -1.885899561922912e-03 -9.154656441289033e-04 -1.007734491973513e+00
53 50 -1.000272682169177e+00 -1.885466605644544e-03 -9.158339094871926e-04 -1.007736568405237e+00
53 51 -1.000272436940075e+00 -1.885174688522975e-03 -9.160682898462022e-04 -1.007738183667716e+00
53 52 -1.000272252594418e+00 -1.885027773189143e-03 -9.161620911475834e-04 -1.007739319897781e+00
53 53 -1.000272130243644e+00 -1.885027870511078e-03 -9.161114267468158e-04 -1.007739965508783e+00
53 54 -1.000272070222371e+00 -1.885175081118735e-03 -9.159152180008271e-04 -1.007740115071672e+00
53 55 -1.000272072141065e+00 -1.885467646368538e-03 -9.155753060278456e-04 -1.007739769092965e+00
53 56 -1.000272134927025e+00 -1.885901977123056e-03 -9.150966540520961e-04 -1.007738933826992e+00
53 57 -1.000272256852194e+00 -1.886472663996257e-03 -9.144875230888219e-04 -1.007737621171239e+00
53 58 -1.000272435560539e+00 -1.887172505825848e-03 -9.137594585750225e-04 -1.007735848583097e+00
53 59 -1.000272668113961e+00 -1.887992604848576e-03 -9.129269604126535e-04 -1.007733638888761e+00
53 60 -1.000272951070717e+00 -1.888922561256109e-03 -9.120068152408858e-04 -1.007731019862705e+00
53 61 -1.000273280596787e+00 -1.889950763045686e-03 -9.110172010725283e-04 -1.007728023536903e+00
53 62 -1.000273652593868e+00 -1.891064725487059e-03 -9.099767661040069e-04 -1.007724685319876e+00
53 63 -1.000274062816739e+00 -1.892251410444252e-03 -9.089038868628712e-04 -1.007721043102450e+00
54 0 -1.000274155640748e+00 -1.892590316005168e-03 -9.120983982802773e-04 -1.007718765099579e+00
54 1 -1.000274621134079e+00 -1.893866616115171e-03 -9.110125870323411e-04 -1.007714691952754e+00
54 2 -1.000275111487107e+00 -1.895173922456061e-03 -9.099452308639273e-04 -1.007710440504540e+00
54 3 -1.000275622374870e+00 -1.896498710365451e-03 -9.089112438530775e-04 -1.007706053122455e+00
54 4 -1.000276149445819e+00 -1.897827531361214e-03 -9.079243840681533e-04 -1.007701572769680e+00
54 5 -1.000276688337094e+00 -1.899147162123563e-03 -9.069968867222233e-04 -1.007697042648723e+00
54 6 -1.000277234709816e+00 -1.900444801580172e-03 -9.061389950622056e-04 -1.007692505691213e+00
54 7 -1.000277784291519e+00 -1.901708272152781e-03 -9.053585543679533e-04 -1.007688003982882e+00
54 8 -1.000278332905171e+00 -1.902926170006594e-03 -9.046608314027373e-04 -1.007683578268034e+00
54 9 -1.000278876469234e+00 -1.904087930677404e-03 -9.040486373679842e-04 -1.007679267642244e+00
54 10 -1.000279410969036e+00 -1.905183819105999e-03 -9.035227117533818e-04 -1.007675109433912e+00
54 11 -1.000279932415776e+00 -1.906204889134200e-03 -9.030822276574374e-04 -1.007671139172367e+00
54 12 -1.000280436815828e+00 -1.907142966051003e-03 -9.027252472906071e-04 -1.007667390509644e+00
54 13 -1.000280920167602e+00 -1.907990686237909e-03 -9.024489971984388e-04 -1.007663895010275e+00
54 14 -1.000281378490311e+00 -1.908741592795800e-03 -9.022499265441406e-04 -1.007660681812403e+00
54 15 -1.000281807873999e+00 -1.909390250194473e-03 -9.021236203117131e-04 -1.007657777254052e+00
54 16 -1.000282204529557e+00 -1.909932320597811e-03 -9.020647147608140e-04 -1.007655204610008e+00
54 17 -1.000282564817966e+00 -1.910364553674226e-03 -9.020669672913246e-04 -1.007652984057923e+00
54 18 -1.000282885251821e+00 -1.910684679855013e-03 -9.021235639031992e-04 -1.007651132884587e+00
54 19 -1.000283162481932e+00 -1.910891243195345e-03 -9.022276399872391e-04 -1.007649665814323e+00
54 20 -1.000283393295013e+00 -1.910983437682746e-03 -9.023728943114970e-04 -1.007648595272950e+00
54 21 -1.000283574647436e+00 -1.910961007974002e-03 -9.025541292935124e-04 -1.007647931428821e+00
54 22 -1.000283703746097e+00 -1.910824247419116e-03 -9.027675690880813e-04 -1.007647681952892e+00
54 23 -1.000283778167552e+00 -1.910574085315909e-03 -9.030108866057784e-04 -1.007647851563808e+00
54 24 -1.000283795988951e+00 -1.910212216751430e-03 -9.032829832663256e-04 -1.007648441522958e+00
54 25 -1.000283755897542e+00 -1.909741210330107e-03 -9.035836603730324e-04 -1.007649449271105e+00
54 26 -1.000283657254504e+00 -1.909164543753282e-03 -9.039133490739140e-04 -1.007650868327904e+00
54 27 -1.000283500109677e+00 -1.908486556982519e-03 -9.042730124355516e-04 -1.007652688442635e+00
54 28 -1.000283285184163e+00 -1.907712353043901e-03 -9.046642278480471e-04 -1.007654895870763e+00
54 29 -1.000283013846571e+00 -1.906847696462853e-03 -9.050893518845888e-04 -1.007657473619114e+00
54 30 -1.000282688103198e+00 -1.905898954851017e-03 -9.055516078331986e-04 -1.007660401552194e+00
54 31 -1.000282310608004e+00 -1.904873107008611e-03 -9.060549451029565e-04 -1.007663656342638e+00
54 32 -1.000281884682206e+00 -1.903777809454829e-03 -9.066036018150487e-04 -1.007667211339514e+00
54 33 -1.000281414322962e+00 -1.902621484412215e-03 -9.072014260453942e-04 -1.007671036483224e+00
54 34 -1.000280904181532e+00 -1.901413381603255e-03 -9.078511180582809e-04 -1.007675098382408e+00
54 35 -1.000280359503524e+00 -1.900163580713408e-03 -9.085535902121244e-04 -1.007679360587859e+00
54 36 -1.000279786039341e+00 -1.898882929363558e-03 -9.093075887767361e-04 -1.007683784005579e+00
54 37 -1.000279189941700e+00 -1.897582933428482e-03 -9.101096151339074e-04 -1.007688327350884e+00
54 38 -1.000278577665687e+00 -1.896275624285181e-03 -9.109540749426371e-04 -1.007692947570181e+00
54 39 -1.000277955879605e+00 -1.894973426005983e-03 -9.118335162735292e-04 -1.007697600206492e+00
54 40 -1.000277331387544e+00 -1.893689039386671e-03 -9.127388149649074e-04 -1.007702239722604e+00
54 41 -1.000276711059267e+00 -1.892435348456790e-03 -9.136592275684498e-04 -1.007706819816561e+00
54 42 -1.000276101760472e+00 -1.891225340971001e-03 -9.145823317171798e-04 -1.007711293769886e+00
54 43 -1.000275510277825e+00 -1.890072024986748e-03 -9.154939625900431e-04 -1.007715614853967e+00
54 44 -1.000274943237119e+00 -1.888988322646102e-03 -9.163782893538021e-04 -1.007719736794195e+00
54 45 -1.000274407015287e+00 -1.887986924872865e-03 -9.172181439751379e-04 -1.007723614285352e+00
54 46 -1.000273907645831e+00 -1.887080093181118e-03 -9.179956353295806e-04 -1.007727203576767e+00
54 47 -1.000273450715731e+00 -1.886279402076618e-03 -9.186929871678831e-04 -1.007730463168979e+00
54 48 -1.000273041254862e+00 -1.885595432938024e-03 -9.192934616480683e-04 -1.007733354643253e+00
54 49 -1.000272683626098e+00 -1.885037452396811e-03 -9.197821976169002e-04 -1.007735843582049e+00
54 50 -1.000272381430608e+00 -1.884613122210727e-03 -9.201468204365060e-04 -1.007737900472192e+00
54 51 -1.000272137444023e+00 -1.884328284897943e-03 -9.203777620795218e-04 -1.007739501451135e+00
54 52 -1.000271953593914e+00 -1.884186850108729e-03 -9.204683345916075e-04 -1.007740628777475e+00
54 53 -1.000271830978549e+00 -1.884190776726023e-03 -9.204146809322511e-04 -1.007741270980596e+00
54 54 -1.000271769914631e+00 -1.884340116184121e-03 -9.202157471923085e-04 -1.007741422748294e+00
54 55 -1.000271769994147e+00 -1.884633069320982e-03 -9.198733687802192e-04 -1.007741084691407e+00
54 56 -1.000271830133222e+00 -1.885066022853683e-03 -9.193924625647548e-04 -1.007740263126388e+00
54 57 -1.000271948608090e+00 -1.885633565732997e-03 -9.187812137167273e-04 -1.007738969937070e+00
54 58 -1.000272123087257e+00 -1.886328519147064e-03 -9.180510915190172e-04 -1.007737222469509e+00
54 59 -1.000272350676379e+00 -1.887142027419092e-03 -9.172165549082641e-04 -1.007735043342190e+00
54 60 -1.000272627990082e+00 -1.888063743997854e-03 -9.162944109483675e-04 -1.007732460051132e+00
54 61 -1.000272951254064e+00 -1.889082112627899e-03 -9.153029237395369e-04 -1.007729504317060e+00
54 62 -1.000273316425634e+00 -1.890184702850390e-03 -9.142608725741926e-04 -1.007726211234875e+00
54 63 -1.000273719308978e+00 -1.891358532479252e-03 -9.131867735584593e-04 -1.007722618386567e+00
55 0 -1.000273869018536e+00 -1.891688978102049e-03 -9.164885975914513e-04 -1.007720286997932e+00
55 1 -1.000274326601382e+00 -1.892950678182490e-03 -9.154020075632261e-04 -1.007716268295825e+00
55 2 -1.000274808580481e+00 -1.894241893391718e-03 -9.143347587341440e-04 -1.007712075308822e+00
55 3 -1.000275310708984e+00 -1.895549226630858e-03 -9.133017834934553e-04 -1.007707749895792e+00
55 4 -1.000275828729142e+00 -1.896859378450315e-03 -9.123168662201449e-04 -1.007703334431436e+00
55 5 -1.000276358381603e+00 -1.898159287998951e-03 -9.113923006023418e-04 -1.007698871475717e+00
55 6 -1.000276895432299e+00 -1.899436324022258e-03 -9.105384238146141e-04 -1.007694403293102e+00
55 7 -1.000277435707930e+00 -1.900678485506068e-03 -9.097631890418936e-04 -1.007689971295871e+00
55 8 -1.000277975122624e+00 -1.901874557537598e-03 -9.090719468783006e-04 -1.007685615546955e+00
55 9 -1.000278509680789e+00 -1.903014185435554e-03 -9.084675303173436e-04 -1.007681374435463e+00
55 10 -1.000279035454095e+00 -1.904087870222879e-03 -9.079506176066241e-04 -1.007677284541480e+00
55 11 -1.000279548545202e+00 -1.905086925763627e-03 -9.075202423559033e-04 -1.007673380604003e+00
55 12 -1.000280045058055e+00 -1.906003450788032e-03 -9.071742767041230e-04 -1.007669695464376e+00
55 13 -1.000280521091222e+00 -1.906830353724489e-03 -9.069097445911609e-04 -1.007666259892208e+00
55 14 -1.000280972759940e+00 -1.907561434783188e-03 -9.067229121717696e-04 -1.007663102283345e+00
55 15 -1.000281396239023e+00 -1.908191493074605e-03 -9.066092138755087e-04 -1.007660248310260e+00
55 16 -1.000281787808455e+00 -1.908716403625812e-03 -9.065631567774141e-04 -1.007657720662068e+00
55 17 -1.000282143882670e+00 -1.909133114459666e-03 -9.065783620106881e-04 -1.007655538994876e+00
55 18 -1.000282461015797e+00 -1.909439548105963e-03 -9.066478416041633e-04 -1.007653720117593e+00
55 19 -1.000282735892746e+00 -1.909634436735662e-03 -9.067645031258897e-04 -1.007652278314628e+00
55 20 -1.000282965329033e+00 -1.909717150748476e-03 -9.069217721423160e-04 -1.007651225630345e+00
55 21 -1.000283146302888e+00 -1.909687583456498e-03 -9.071141646289627e-04 -1.007650571951808e+00
55 22 -1.000283276031482e+00 -1.909546131090237e-03 -9.073376491925862e-04 -1.007650324813608e+00
55 23 -1.000283352084707e+00 -1.909293767657787e-03 -9.075897125757356e-04 -1.007650488970221e+00
55 24 -1.000283372512682e+00 -1.908932173273339e-03 -9.078691562005394e-04 -1.007651065888038e+00
55 25 -1.000283335955568e+00 -1.908463851921191e-03 -9.081757558957405e-04 -1.007652053348895e+00
55 26 -1.000283241711488e+00 -1.907892184225895e-03 -9.085099581373482e-04 -1.007653445300045e+00
55 27 -1.000283089757355e+00 -1.907221397382132e-03 -9.088727428889817e-04 -1.007655231960044e+00
55 28 -1.000282880737027e+00 -1.906456475338990e-03 -9.092656798496619e-04 -1.007657400072817e+00
55 29 -1.000282615940663e+00 -1.905603056446353e-03 -9.096910922062109e-04 -1.007659933157340e+00
55 30 -1.000282297295271e+00 -1.904667366582376e-03 -9.101521683895634e-04 -1.007662811635286e+00
55 31 -1.000281927373365e+00 -1.903656217282551e-03 -9.106528594681293e-04 -1.007666012801312e+00
55 32 -1.000281509411237e+00 -1.902577067544976e-03 -9.111974747613803e-04 -1.007669510692903e+00
55 33 -1.000281047317675e+00 -1.901438116468672e-03 -9.117900138306824e-04 -1.007673275981606e+00
55 34 -1.000280545653897e+00 -1.900248378361890e-03 -9.124333902650120e-04 -1.007677276008041e+00
55 35 -1.000280009576650e+00 -1.899017701917370e-03 -9.131287512719669e-04 -1.007681475012885e+00
55 36 -1.000279444751610e+00 -1.897756721704660e-03 -9.138750547179024e-04 -1.007685834522664e+00
55 37 -1.000278857253336e+00 -1.896476754682718e-03 -9.146689593527346e-04 -1.007690313798530e+00
55 38 -1.000278253467085e+00 -1.895189666042106e-03 -9.155049677313119e-04 -1.007694870269480e+00
55 39 -1.000277640000522e+00 -1.893907729706040e-03 -9.163756828430622e-04 -1.007699459916553e+00
55 40 -1.000277023605779e+00 -1.892643503609999e-03 -9.172720266218785e-04 -1.007704037614205e+00
55 41 -1.000276411107126e+00 -1.891409728751906e-03 -9.181833247676639e-04 -1.007708557458932e+00
55 42 -1.000275809327678e+00 -1.890219246109046e-03 -9.190972628032769e-04 -1.007712973123800e+00
55 43 -1.000275225010385e+00 -1.889084914024373e-03 -9.199998152289872e-04 -1.007717238266662e+00
55 44 -1.000274664732761e+00 -1.888019505346815e-03 -9.208752959479672e-04 -1.007721306996735e+00
55 45 -1.000274134817317e+00 -1.887035565736256e-03 -9.217066546091635e-04 -1.007725134394909e+00
55 46 -1.000273641238368e+00 -1.886145218556554e-03 -9.224760654239294e-04 -1.007728677101392e+00
55 47 -1.000273189523424e+00 -1.885359910291865e-03 -9.231657565810196e-04 -1.007731894005311e+00
55 48 -1.000272784648674e+00 -1.884690107186286e-03 -9.237589450138252e-04 -1.007734747057126e+00
55 49 -1.000272430933923e+00 -1.884144974689848e-03 -9.242407017252243e-04 -1.007737202170405e+00
55 50 -1.000272131949043e+00 -1.883732085478651e-03 -9.245985943371162e-04 -1.007739230115445e+00
55 51 -1.000271890446955e+00 -1.883457200781564e-03 -9.248230325377682e-04 -1.007740807270442e+00
55 52 -1.000271708335204e+00 -1.883324152007228e-03 -9.249073490824418e-04 -1.007741916108545e+00
55 53 -1.000271586689123e+00 -1.883334820102834e-03 -9.248477376425738e-04 -1.007742545366360e+00
55 54 -1.000271525797457e+00 -1.883489180023637e-03 -9.246431980073009e-04 -1.007742689940522e+00
55 55 -1.000271525222312e+00 -1.883785363139157e-03 -9.242955940354153e-04 -1.007742350642007e+00
55 56 -1.000271583855537e+00 -1.884219702021973e-03 -9.238098299007898e-04 -1.007741533949361e+00
55 57 -1.000271699963511e+00 -1.884786754279238e-03 -9.231940419256318e-04 -1.007740251833882e+00
55 58 -1.000271871225350e+00 -1.885479335446357e-03 -9.224596398325400e-04 -1.007738521627935e+00
55 59 -1.000272094778228e+00 -1.886288606571525e-03 -9.216210481477290e-04 -1.007736365831496e+00
55 60 -1.000272367283773e+00 -1.887204252249776e-03 -9.206950950741560e-04 -1.007733811738061e+00
55 61 -1.000272685021330e+00 -1.888214753199658e-03 -9.197001318149438e-04 -1.007730890816812e+00
55 62 -1.000273044000396e+00 -1.889307717093570e-03 -9.186550754329923e-04 -1.007727637893673e+00
55 63 -1.000273440072341e+00 -1.890470203071141e-03 -9.175785960128466e-04 -1.007724090276081e+00
56 0 -1.000273650622750e+00 -1.890802118211775e-03 -9.209478308662663e-04 -1.007721684538588e+00
56 1 -1.000274100701689e+00 -1.892050407424318e-03 -9.198597599643299e-04 -1.007717717225407e+00
56 2 -1.000274574604156e+00 -1.893326464373650e-03 -9.187922008492697e-04 -1.007713580512897e+00
56 3 -1.000275068157420e+00 -1.894617011217669e-03 -9.177601085791859e-04 -1.007709315767555e+00
56 4 -1.000275577195266e+00 -1.895908893710341e-03 -9.167772869492114e-04 -1.007704964779321e+00
56 5 -1.000276097562353e+00 -1.897189214224734e-03 -9.158560735074443e-04 -1.007700569454485e+00
56 6 -1.000276625132792e+00 -1.898445515522143e-03 -9.150068835461053e-04 -1.007696171366014e+00
56 7 -1.000277155837744e+00 -1.899665978941245e-03 -9.142377675537034e-04 -1.007691811220230e+00
56 8 -1.000277685688193e+00 -1.900839584197067e-03 -9.135541579099941e-04 -1.007687528364091e+00
56 9 -1.000278210779205e+00 -1.901956191207742e-03 -9.129589148072919e-04 -1.007683360447989e+00
56 10 -1.000278727271837e+00 -1.903006541436021e-03 -9.124526630746904e-04 -1.007679343274678e+00
56 11 -1.000279231362014e+00 -1.903982214325884e-03 -9.120343001948659e-04 -1.007675510763603e+00
56 12 -1.000279719253123e+00 -1.904875590976059e-03 -9.117015013704533e-04 -1.007671894909882e+00
56 13 -1.000280187147345e+00 -1.905679865470538e-03 -9.114510689070641e-04 -1.007668525641614e+00
56 14 -1.000280631261828e+00 -1.906389112868441e-03 -9.112790576662824e-04 -1.007665430554884e+00
56 15 -1.000281047864308e+00 -1.906998386748175e-03 -9.111807202318737e-04 -1.007662634592921e+00
56 16 -1.000281433313351e+00 -1.907503794770117e-03 -9.111504065459510e-04 -1.007660159794754e+00
56 17 -1.000281784086562e+00 -1.907902501880932e-03 -9.111815802800248e-04 -1.007658025232991e+00
56 18 -1.000282096788690e+00 -1.908192640164210e-03 -9.112670641713202e-04 -1.007656247179416e+00
56 19 -1.000282368146941e+00 -1.908373147442813e-03 -9.113995238589326e-04 -1.007654839419513e+00
56 20 -1.000282595013474e+00 -1.908443590264238e-03 -9.115720922389060e-04 -1.007653813552398e+00
56 21 -1.000282774397014e+00 -1.908404034788020e-03 -9.117789683189306e-04 -1.007653179109405e+00
56 22 -1.000282903535532e+00 -1.908255009671312e-03 -9.120158217507267e-04 -1.007652943401019e+00
56 23 -1.000282980004970e+00 -1.907997567047899e-03 -9.122799004697553e-04 -1.007653111120182e+00
56 24 -1.000283001842647e+00 -1.907633406119339e-03 -9.125698519222659e-04 -1.007653683839560e+00
56 25 -1.000282967656195e+00 -1.907164997838505e-03 -9.128853795669815e-04 -1.007654659589707e+00
56 26 -1.000282876694462e+00 -1.906595653338863e-03 -9.132269103980949e-04 -1.007656032662830e+00
56 27 -1.000282728873775e+00 -1.905929510967886e-03 -9.135954182252038e-04 -1.007657793672563e+00
56 28 -1.000282524771508e+00 -1.905171457558631e-03 -9.139924488362975e-04 -1.007659929781441e+00
56 29 -1.000282265608999e+00 -1.904327027572816e-03 -9.144202756333862e-04 -1.007662424949956e+00
56 30 -1.000281953243202e+00 -1.903402329529825e-03 -9.148820297178209e-04 -1.007665260081865e+00
56 31 -1.000281590174599e+00 -1.902404034220573e-03 -9.153816333662557e-04 -1.007668413014962e+00
56 32 -1.000281179564080e+00 -1.901339429738295e-03 -9.159234321042084e-04 -1.007671858398414e+00
56 33 -1.000280725241003e+00 -1.900216515519120e-03 -9.165115450017649e-04 -1.007675567568868e+00
56 34 -1.000280231683994e+00 -1.899044087941189e-03 -9.171490781541389e-04 -1.007679508550127e+00
56 35 -1.000279703966197e+00 -1.897831775058894e-03 -9.178374087642119e-04 -1.007683646242910e+00
56 36 -1.000279147671262e+00 -1.896590002358408e-03 -9.185757168301131e-04 -1.007687942780671e+00
56 37 -1.000278568795731e+00 -1.895329897443420e-03 -9.193608391753748e-04 -1.007692357968335e+00
56 38 -1.000277973652873e+00 -1.894063156590324e-03 -9.201873989604118e-04 -1.007696849722913e+00
56 39 -1.000277368785749e+00 -1.892801899857679e-03 -9.210480748034035e-04 -1.007701374474607e+00
56 40 -1.000276760889375e+00 -1.891558537771791e-03 -9.219338498982747e-04 -1.007705887526872e+00
56 41 -1.000276156736863e+00 -1.890345662240307e-03 -9.228341304283493e-04 -1.007710343399580e+00
56 42 -1.000275563103019e+00 -1.889175958862255e-03 -9.237367223240287e-04 -1.007714696191105e+00
56 43 -1.000274986681301e+00 -1.888062124067667e-03 -9.246277589438766e-04 -1.007718899989377e+00
56 44 -1.000274433994637e+00 -1.887016764941998e-03 -9.254917292080021e-04 -1.007722909341558e+00
56 45 -1.000273911303647e+00 -1.886052261382066e-03 -9.263117411542884e-04 -1.007726679778817e+00
56 46 -1.000273424514367e+00 -1.885180575331005e-03 -9.270700811708787e-04 -1.007730168404459e+00
56 47 -1.000272979084032e+00 -1.884413000739799e-03 -9.277490284658937e-04 -1.007733334574296e+00
56 48 -1.000272579922823e+00 -1.883759863863249e-03 -9.283317951320883e-04 -1.007736140691324e+00
56 49 -1.000272231294226e+00 -1.883230203972831e-03 -9.288034151319819e-04 -1.007738553088921e+00
56 50 -1.000271936723595e+00 -1.882831479657507e-03 -9.291514197997424e-04 -1.007740542913450e+00
56 51 -1.000271698929004e+00 -1.882569346128935e-03 -9.293662123333399e-04 -1.007742086876871e+00
56 52 -1.000271519787374e+00 -1.882447532006020e-03 -9.294411620730641e-04 -1.007743167757664e+00
56 53 -1.000271400341554e+00 -1.882467815122354e-03 -9.293725347036927e-04 -1.007743774588789e+00
56 54 -1.000271340842690e+00 -1.882630067229565e-03 -9.291594128479017e-04 -1.007743902566068e+00
56 55 -1.000271340812203e+00 -1.882932321800877e-03 -9.288037239659966e-04 -1.007743552794346e+00
56 56 -1.000271399105260e+00 -1.883370827852685e-03 -9.283103954378472e-04 -1.007742732011392e+00
56 57 -1.000271513964664e+00 -1.883940082327086e-03 -9.276875451147314e-04 -1.007741452374844e+00
56 58 -1.000271683066125e+00 -1.884632866977179e-03 -9.269465435473242e-04 -1.007739731300733e+00
56 59 -1.000271903565509e+00 -1.885440333769686e-03 -9.261017904920792e-04 -1.007737591261208e+00
56 60 -1.000272172161228e+00 -1.886352175877818e-03 -9.251701374145570e-04 -1.007735059425468e+00
56 61 -1.000272485179304e+00 -1.887356891803041e-03 -9.241700230418631e-04 -1.007732167073692e+00
56 62 -1.000272838677187e+00 -1.888442110724339e-03 -9.231205067587636e-04 -1.007728948810942e+00
56 63 -1.000273228550587e+00 -1.889594917882147e-03 -9.220404244889220e-04 -1.007725441708254e+00
57 0 -1.000273503253315e+00 -1.889938290091663e-03 -9.254367540918321e-04 -1.007722940942850e+00
57 1 -1.000273946330451e+00 -1.891174539361473e-03 -9.243464259682048e-04 -1.007719021296161e+00
57 2 -1.000274412555435e+00 -1.892436570363767e-03 -9.232780636713485e-04 -1.007714937952598e+00
57 3 -1.000274897824394e+00 -1.893711213976345e-03 -9.222466508275983e-04 -1.007710731811218e+00
57 4 -1.000275398058719e+00 -1.894985454792773e-03 -9.212660050173855e-04 -1.007706444090851e+00
57 5 -1.000275909205671e+00 -1.896246556499148e-03 -9.203484930181285e-04 -1.007702116043618e+00
57 6 -1.000276427249015e+00 -1.897482237566187e-03 -9.195045903883929e-04 -1.007697788537202e+00
57 7 -1.000276948228112e+00 -1.898680865489797e-03 -9.187424303234671e-04 -1.007693501548703e+00
57 8 -1.000277468255509e+00 -1.899831618843643e-03 -9.180675202336948e-04 -1.007689293681821e+00
57 9 -1.000277983521091e+00 -1.900924575500423e-03 -9.174827493299934e-04 -1.007685201822240e+00
57 10 -1.000278490277970e+00 -1.901950719786509e-03 -9.169886956375242e-04 -1.007681260972897e+00
57 11 -1.000278984816619e+00 -1.902901899789411e-03 -9.165841251090914e-04 -1.007677504211918e+00
57 12 -1.000279463440925e+00 -1.903770784944171e-03 -9.162665121112054e-04 -1.007673962661187e+00
57 13 -1.000279922458967e+00 -1.904550865224588e-03 -9.160324220607810e-04 -1.007670665370394e+00
57 14 -1.000280358194356e+00 -1.905236504774196e-03 -9.158776737986115e-04 -1.007667639088369e+00
57 15 -1.000280767014772e+00 -1.905823028508064e-03 -9.157973091288161e-04 -1.007664907973568e+00
57 16 -1.000281145366280e+00 -1.906306794523701e-03 -9.157854938320575e-04 -1.007662493355424e+00
57 17 -1.000281489799292e+00 -1.906685201856300e-03 -9.158355134062365e-04 -1.007660413664023e+00
57 18 -1.000281796978347e+00 -1.906956607868373e-03 -9.159399876049905e-04 -1.007658684578340e+00
57 19 -1.000282063681146e+00 -1.907120171195018e-03 -9.160913297012964e-04 -1.007657319330943e+00
57 20 -1.000282286804259e+00 -1.907175671680210e-03 -9.162823658862935e-04 -1.007656329016905e+00
57 21 -1.000282463395400e+00 -1.907123370150329e-03 -9.165069539478133e-04 -1.007655722741224e+00
57 22 -1.000282590723537e+00 -1.906963955124753e-03 -9.167604271823135e-04 -1.007655507505594e+00
57 23 -1.000282666382880e+00 -1.906698588636194e-03 -9.170397465201932e-04 -1.007655687846220e+00
57 24 -1.000282688411868e+00 -1.906329022510606e-03 -9.173433531276930e-04 -1.007656265342804e+00
57 25 -1.000282655400387e+00 -1.905857727231530e-03 -9.176708299158862e-04 -1.007657238177751e+00
57 26 -1.000282566562535e+00 -1.905287973916071e-03 -9.180225466490369e-04 -1.007658600898589e+00
57 27 -1.000282421767270e+00 -1.904623837743192e-03 -9.183994452839590e-04 -1.007660344433394e+00
57 28 -1.000282221537025e+00 -1.903870131545424e-03 -9.188030303396524e-04 -1.007662456288767e+00
57 29 -1.000281967034598e+00 -1.903032309027317e-03 -9.192355093838745e-04 -1.007664920792062e+00
57 30 -1.000281660056729e+00 -1.902116386688043e-03 -9.196999347380121e-04 -1.007667719249427e+00
57 31 -1.000281303041771e+00 -1.901128922407634e-03 -9.202001700091933e-04 -1.007670829957483e+00
57 32 -1.000280899085164e+00 -1.900077061913382e-03 -9.207405608369308e-04 -1.007674228093787e+00
57 33 -1.000280451946376e+00 -1.898968631278556e-03 -9.213253101658257e-04 -1.007677885585547e+00
57 34 -1.000279966029847e+00 -1.897812230107303e-03 -9.219576897127854e-04 -1.007681771080599e+00
57 35 -1.000279446331604e+00 -1.896617280044853e-03 -9.226392946702382e-04 -1.007685850099381e+00
57 36 -1.000278898357273e+00 -1.895394004855104e-03 -9.233695311853583e-04 -1.007690085359939e+00
57 37 -1.000278328026720e+00 -1.894153345000591e-03 -9.241454301181207e-04 -1.007694437202325e+00
57 38 -1.000277741580131e+00 -1.892906827141227e-03 -9.249617561618308e-04 -1.007698864031836e+00
57 39 -1.000277145492877e+00 -1.891666415392158e-03 -9.258112828542815e-04 -1.007703322734510e+00
57 40 -1.000276546398396e+00 -1.890444369910955e-03 -9.266850687054932e-04 -1.007707769055762e+00
57 41 -1.000275951013487e+00 -1.889253129376929e-03 -9.275726098374401e-04 -1.007712157958835e+00
57 42 -1.000275366059370e+00 -1.888105217775026e-03 -9.284618418866031e-04 -1.007716443995507e+00
57 43 -1.000274798174724e+00 -1.887013159957796e-03 -9.293390723181578e-04 -1.007720581721572e+00
57 44 -1.000274253822232e+00 -1.885989383139145e-03 -9.301889909206408e-04 -1.007724526170906e+00
57 45 -1.000273739193977e+00 -1.885046083015374e-03 -9.309949014125803e-04 -1.007728233384183e+00
57 46 -1.000273260119584e+00 -1.884195038508697e-03 -9.317392478258289e-04 -1.007731660995424e+00
57 47 -1.000272821976075e+00 -1.883447367597095e-03 -9.324044081909228e-04 -1.007734768901551e+00
57 48 -1.000272429595953e+00 -1.882813232162797e-03 -9.329736336465361e-04 -1.007737520038867e+00
57 49 -1.000272087173568e+00 -1.882301520636388e-03 -9.334319564927607e-04 -1.007739881246783e+00
57 50 -1.000271798176850e+00 -1.881919553191398e-03 -9.337668974333931e-04 -1.007741824136929e+00
57 51 -1.000271565277055e+00 -1.881672855211848e-03 -9.339688719388024e-04 -1.007743325844451e+00
57 52 -1.000271390309906e+00 -1.881565028705169e-03 -9.340313034183697e-04 -1.007744369541607e+00
57 53 -1.000271274276300e+00 -1.881597723760616e-03 -9.339505513851419e-04 -1.007744944645434e+00
57 54 -1.000271217380616e+00 -1.881770683049360e-03 -9.337258103661677e-04 -1.007745046738707e+00
57 55 -1.000271219093703e+00 -1.882081814991789e-03 -9.333591068440567e-04 -1.007744677309288e+00
57 56 -1.000271278222602e+00 -1.882527256753526e-03 -9.328554289332215e-04 -1.007743843446652e+00
57 57 -1.000271392973404e+00 -1.883101415712110e-03 -9.322229096805287e-04 -1.007742557591045e+00
57 58 -1.000271561004470e+00 -1.883797011612122e-03 -9.314729049280106e-04 -1.007740837338862e+00
57 59 -1.000271779477222e+00 -1.884605161420729e-03 -9.306198026897727e-04 -1.007738705225068e+00
57 60 -1.000272045116033e+00 -1.885515544277273e-03 -9.296804814572493e-04 -1.007736188373421e+00
57 61 -1.000272354285768e+00 -1.886516657017870e-03 -9.286734676202987e-04 -1.007733317939921e+00
57 62 -1.000272703086666e+00 -1.887596133176510e-03 -9.276179657587649e-04 -1.007730128360669e+00
57 63 -1.000273087455233e+00 -1.888741068287618e-03 -9.265329873337677e-04 -1.007726656512281e+00
58 0 -1.000273428923810e+00 -1.889105860138355e-03 -9.299159041340306e-04 -1.007724040611153e+00
58 1 -1.000273865594076e+00 -1.890331613927470e-03 -9.288224555721060e-04 -1.007720164263524e+00
58 2 -1.000274324641326e+00 -1.891580946090989e-03 -9.277527048399005e-04 -1.007716130674054e+00
58 3 -1.000274802024171e+00 -1.892840783530617e-03 -9.267216721223857e-04 -1.007711980307333e+00
58 4 -1.000275293745990e+00 -1.894098240535111e-03 -9.257431853314486e-04 -1.007707753835204e+00
58 5 -1.000275795853216e+00 -1.895340737302114e-03 -9.248296266014775e-04 -1.007703491866640e+00
58 6 -1.000276304438777e+00 -1.896556167215316e-03 -9.239915124562582e-04 -1.007699234561007e+00
58 7 -1.000276815652366e+00 -1.897733085649965e-03 -9.232370409633237e-04 -1.007695021152383e+00
58 8 -1.000277325711589e+00 -1.898860872299662e-03 -9.225717839149518e-04 -1.007690889482648e+00
58 9 -1.000277830904508e+00 -1.899929824430714e-03 -9.219986579293955e-04 -1.007686875654747e+00
58 10 -1.000278327578486e+00 -1.900931169857355e-03 -9.215181988198002e-04 -1.007683013856111e+00
58 11 -1.000278812119448e+00 -1.901857026301736e-03 -9.211290458158126e-04 -1.007679336308467e+00
58 12 -1.000279280932117e+00 -1.902700354484060e-03 -9.208284712196119e-04 -1.007675873242299e+00
58 13 -1.000279730431513e+00 -1.903454946553649e-03 -9.206127924631005e-04 -1.007672652803441e+00
58 14 -1.000280157050802e+00 -1.904115466094575e-03 -9.204775714684572e-04 -1.007669700857327e+00
58 15 -1.000280557263461e+00 -1.904677523335992e-03 -9.204176125422037e-04 -1.007667040730470e+00
58 16 -1.000280927611246e+00 -1.905137742565199e-03 -9.204268710794871e-04 -1.007664692988811e+00
58 17 -1.000281264726609e+00 -1.905493772099667e-03 -9.204984343394877e-04 -1.007662675365901e+00
58 18 -1.000281565342852e+00 -1.905744208104432e-03 -9.206247070864404e-04 -1.007661002897466e+00
58 19 -1.000281826296380e+00 -1.905888442951494e-03 -9.207978431267520e-04 -1.007659688213864e+00
58 20 -1.000282044535985e+00 -1.905926484631066e-03 -9.210103530438910e-04 -1.007658741851526e+00
58 21 -1.000282217156642e+00 -1.905858807797766e-03 -9.212557357341295e-04 -1.007658172423354e+00
58 22 -1.000282341467950e+00 -1.905686285464816e-03 -9.215289576472995e-04 -1.007657986542799e+00
58 23 -1.000282415094031e+00 -1.905410219288283e-03 -9.218266500457690e-04 -1.007658188497276e+00
58 24 -1.000282436088106e+00 -1.905032446652413e-03 -9.221469983103450e-04 -1.007658779773458e+00
58 25 -1.000282403037240e+00 -1.904555470765652e-03 -9.224894165320864e-04 -1.007659758604779e+00
58 26 -1.000282315135702e+00 -1.903982553392824e-03 -9.228541775633107e-04 -1.007661119699485e+00
58 27 -1.000282172218925e+00 -1.903317733546009e-03 -9.232421635838574e-04 -1.007662854214355e+00
58 28 -1.000281974766754e+00 -1.902565774452532e-03 -9.236548192360958e-04 -1.007664949920302e+00
58 29 -1.000281723894548e+00 -1.901732073175493e-03 -9.240942704481328e-04 -1.007667391432162e+00
58 30 -1.000281421349186e+00 -1.900822580095967e-03 -9.245634706515800e-04 -1.007670160375332e+00
58 31 -1.000281069517027e+00 -1.899843768562984e-03 -9.250661961917424e-04 -1.007673235417971e+00
58 32 -1.000280671438209e+00 -1.898802671719221e-03 -9.256067565694368e-04 -1.007676592178200e+00
58 33 -1.000280230812290e+00 -1.897706970887371e-03 -9.261894003899170e-04 -1.007680203092081e+00
58 34 -1.000279751978689e+00 -1.896565093246254e-03 -9.268175330213160e-04 -1.007684037363239e+00
58 35 -1.000279239863841e+00 -1.895386271865547e-03 -9.274929489427814e-04 -1.007688061081919e+00
58 36 -1.000278699900558e+00 -1.894180539621338e-03 -9.282152777148311e-04 -1.007692237519565e+00
58 37 -1.000278137934588e+00 -1.892958654852886e-03 -9.289817548869786e-04 -1.007696527535642e+00
58 38 -1.000277560133017e+00 -1.891731975841253e-03 -9.297873043819516e-04 -1.007700890019047e+00
58 39 -1.000276972901359e+00 -1.890512310216644e-03 -9.306248122547745e-04 -1.007705282314233e+00
58 40 -1.000276382807840e+00 -1.889311766662840e-03 -9.314854249826656e-04 -1.007709660616402e+00
58 41 -1.000275796508538e+00 -1.888142628867896e-03 -9.323587358219835e-04 -1.007713980345687e+00
58 42 -1.000275220666387e+00 -1.887017255498607e-03 -9.332328157553915e-04 -1.007718196528936e+00
58 43 -1.000274661860471e+00 -1.885947992648714e-03 -9.340941566540446e-04 -1.007722264221911e+00
58 44 -1.000274126488203e+00 -1.884947076214974e-03 -9.349276694992264e-04 -1.007726138987973e+00
58 45 -1.000273620667480e+00 -1.884026502110435e-03 -9.357168860971409e-04 -1.007729777429497e+00
58 46 -1.000273150144534e+00 -1.883197847079899e-03 -9.364444506512451e-04 -1.007733137772109e+00
58 47 -1.000272720207270e+00 -1.882472031189317e-03 -9.370928875181318e-04 -1.007736180523400e+00
58 48 -1.000272335599669e+00 -1.881859028428070e-03 -9.376455328198647e-04 -1.007738869230088e+00
58 49 -1.000272000434858e+00 -1.881367552680719e-03 -9.380874559841729e-04 -1.007741171319495e+00
58 50 -1.000271718111037e+00 -1.881004762615321e-03 -9.384061963885326e-04 -1.007743058952492e+00
58 51 -1.000271491240996e+00 -1.880776031101163e-03 -9.385922034864152e-04 -1.007744509772384e+00
58 52 -1.000271321608788e+00 -1.880684810581482e-03 -9.386389738813421e-04 -1.007745507430570e+00
58 53 -1.000271210164151e+00 -1.880732599787938e-03 -9.385429829938508e-04 -1.007746041812703e+00
58 54 -1.000271157056196e+00 -1.880918987869024e-03 -9.383035658631458e-04 -1.007746108971678e+00
58 55 -1.000271161696294e+00 -1.881241732556422e-03 -9.379228833568394e-04 -1.007745710862230e+00
58 56 -1.000271222832900e+00 -1.881696832002965e-03 -9.374060231640665e-04 -1.007744855013413e+00
58 57 -1.000271338623036e+00 -1.882278575808754e-03 -9.367611700860401e-04 -1.007743554240800e+00
58 58 -1.000271506694206e+00 -1.882979593918455e-03 -9.359996935320332e-04 -1.007741826415098e+00
58 59 -1.000271724200203e+00 -1.883790942586849e-03 -9.351359863555497e-04 -1.007739694223364e+00
58 60 -1.000271987879955e+00 -1.884702264195439e-03 -9.341869600244940e-04 -1.007737184823505e+00
58 61 -1.000272294128425e+00 -1.885702034136202e-03 -9.331712290457885e-04 -1.007734329314663e+00
58 62 -1.000272639082572e+00 -1.886777872799641e-03 -9.321081447991263e-04 -1.007731162018935e+00
58 63 -1.000273018715476e+00 -1.887916869852991e-03 -9.310169019654058e-04 -1.007727719663556e+00
59 0 -1.000273428823731e+00 -1.888312938780796e-03 -9.343459225344635e-04 -1.007724969365851e+00
59 1 -1.000273859770168e+00 -1.889529902563396e-03 -9.332483958530736e-04 -1.007721131341377e+00
59 2 -1.000274312236398e+00 -1.890768048090579e-03 -9.321765670670934e-04 -1.007717143208906e+00
59 3 -1.000274782236202e+00 -1.892014383632139e-03 -9.311455032833768e-04 -1.007713045038540e+00
59 4 -1.000275265847812e+00 -1.893256141396262e-03 -9.301690419608961e-04 -1.007708876988954e+00
59 5 -1.000275759211434e+00 -1.894480890393298e-03 -9.292595682014065e-04 -1.007704679048498e+00
59 6 -1.000276258526637e+00 -1.895676695418952e-03 -9.284276197146146e-04 -1.007700490676620e+00
59 7 -1.000276760053827e+00 -1.896832299071307e-03 -9.276814393758269e-04 -1.007696350360874e+00
59 8 -1.000277260117849e+00 -1.897937282319845e-03 -9.270266494467464e-04 -1.007692295171823e+00
59 9 -1.000277755107421e+00 -1.898982161394074e-03 -9.264661889537315e-04 -1.007688360419576e+00
59 10 -1.000278241465813e+00 -1.899958406365974e-03 -9.260005537596870e-04 -1.007684579467679e+00
59 11 -1.000278715674835e+00 -1.900858403236768e-03 -9.256282610540099e-04 -1.007680983674314e+00
59 12 -1.000279174239655e+00 -1.901675403806161e-03 -9.253463821569323e-04 -1.007677602370010e+00
59 13 -1.000279613682205e+00 -1.902403505039458e-03 -9.251509790874289e-04 -1.007674462782015e+00
59 14 -1.000280030547016e+00 -1.903037676780481e-03 -9.250373394318922e-04 -1.007671589866673e+00
59 15 -1.000280421417915e+00 -1.903573825370862e-03 -9.250000056969413e-04 -1.007669006080927e+00
59 16 -1.000280782939403e+00 -1.904008854170360e-03 -9.250326980391700e-04 -1.007666731181912e+00
59 17 -1.000281111834449e+00 -1.904340673521483e-03 -9.251282862237479e-04 -1.007664782159619e+00
59 18 -1.000281404913852e+00 -1.904568130009858e-03 -9.252789490755095e-04 -1.007663173360765e+00
59 19 -1.000281659081015e+00 -1.904690860888560e-03 -9.254765763136288e-04 -1.007661916767719e+00
59 20 -1.000281871344735e+00 -1.904709114718365e-03 -9.257133588700455e-04 -1.007661022308496e+00
59 21 -1.000282038855102e+00 -1.904623595941791e-03 -9.259824260672305e-04 -1.007660498044905e+00
59 22 -1.000282158971342e+00 -1.904435383565461e-03 -9.262783545775272e-04 -1.007660350129010e+00
59 23 -1.000282229358567e+00 -1.904145946444505e-03 -9.265974096476718e-04 -1.007660582510662e+00
59 24 -1.000282248098089e+00 -1.903757239421958e-03 -9.269374753732008e-04 -1.007661196483623e+00
59 25 -1.000282213788900e+00 -1.903271831390834e-03 -9.272977502322359e-04 -1.007662190229976e+00
59 26 -1.000282125620478e+00 -1.902693005922722e-03 -9.276783698185422e-04 -1.007663558520978e+00
59 27 -1.000281983409134e+00 -1.902024794082873e-03 -9.280801268358118e-04 -1.007665292651350e+00
59 28 -1.000281787605337e+00 -1.901271935292711e-03 -9.285043861068635e-04 -1.007667380570809e+00
59 29 -1.000281539288834e+00 -1.900439794879555e-03 -9.289531763954352e-04 -1.007669807098237e+00
59 30 -1.000281240167373e+00 -1.899534283052858e-03 -9.294293338963019e-04 -1.007672554093369e+00
59 31 -1.000280892585562e+00 -1.898561817043529e-03 -9.299365210266037e-04 -1.007675600507044e+00
59 32 -1.000280499538545e+00 -1.897529347998581e-03 -9.304789754892762e-04 -1.007678922306598e+00
59 33 -1.000280064676252e+00 -1.896444442891701e-03 -9.310609516879813e-04 -1.007682492349431e+00
59 34 -1.000279592282742e+00 -1.895315383428362e-03 -9.316859525782992e-04 -1.007686280319431e+00
59 35 -1.000279087223146e+00 -1.894151235125937e-03 -9.323559471990306e-04 -1.007690252818475e+00
59 36 -1.000278554863725e+00 -1.892961854165657e-03 -9.330707791133345e-04 -1.007694373631652e+00
59 37 -1.000278000979896e+00 -1.891757824683765e-03 -9.338278934919709e-04 -1.007698604114657e+00
59 38 -1.000277431666787e+00 -1.890550339943344e-03 -9.346223873924614e-04 -1.007702903629767e+00
59 39 -1.000276853258880e+00 -1.889351052226114e-03 -9.354472748845894e-04 -1.007707229977940e+00
59 40 -1.000276272256421e+00 -1.888171919451824e-03 -9.362938015333847e-04 -1.007711539806955e+00
59 41 -1.000275695251128e+00 -1.887025070753477e-03 -9.371516627219696e-04 -1.007715789001278e+00
59 42 -1.000275128843596e+00 -1.885922698307042e-03 -9.380090667062078e-04 -1.007719933077830e+00
59 43 -1.000274579549126e+00 -1.884876965116479e-03 -9.388526946919793e-04 -1.007723927617449e+00
59 44 -1.000274053695584e+00 -1.883899907440392e-03 -9.396676928579262e-04 -1.007727728748304e+00
59 45 -1.000273557321981e+00 -1.883003308897629e-03 -9.404378475718650e-04 -1.007731293679169e+00
59 46 -1.000273096085306e+00 -1.882198527525140e-03 -9.411460414489864e-04 -1.007734581281224e+00
59 47 -1.000272675176686e+00 -1.881496265682697e-03 -9.417749906452076e-04 -1.007737552735720e+00
59 48 -1.000272299241984e+00 -1.880906287818956e-03 -9.423081624314086e-04 -1.007740172270206e+00
59 49 -1.000271972302064e+00 -1.880437111176725e-03 -9.427307042476318e-04 -1.007742407975388e+00
59 50 -1.000271697673753e+00 -1.880095711061923e-03 -9.430302065270540e-04 -1.007744232640135e+00
59 51 -1.000271477900104e+00 -1.879887286247758e-03 -9.431971771121310e-04 -1.007745624496412e+00
59 52 -1.000271314703440e+00 -1.879815118155628e-03 -9.432252061074112e-04 -1.007746567754835e+00
59 53 -1.000271208973763e+00 -1.879880532502117e-03 -9.431109065802572e-04 -1.007747052847740e+00
59 54 -1.000271160797214e+00 -1.880082942338100e-03 -9.428537818758260e-04 -1.007747076375207e+00
59 55 -1.000271169517635e+00 -1.880419930439177e-03 -9.424561624448293e-04 -1.007746640837949e+00
59 56 -1.000271233815402e+00 -1.880887329897020e-03 -9.419232753862845e-04 -1.007745754288015e+00
59 57 -1.000271351787151e+00 -1.881479285517029e-03 -9.412633960195140e-04 -1.007744430003737e+00
59 58 -1.000271521016796e+00 -1.882188310671251e-03 -9.404879388446737e-04 -1.007742686219332e+00
59 59 -1.000271738637419e+00 -1.883005375523772e-03 -9.396113218086504e-04 -1.007740545861346e+00
59 60 -1.000272001390502e+00 -1.883920062681985e-03 -9.386504982339392e-04 -1.007738036202633e+00
59 61 -1.000272305691469e+00 -1.884920805970171e-03 -9.376241723058035e-04 -1.007735188355075e+00
59 62 -1.000272647707112e+00 -1.885995195034454e-03 -9.365518429266069e-04 -1.007732036583749e+00
59 63 -1.000273023442162e+00 -1.887130297384024e-03 -9.354528936209953e-04 -1.007728617513956e+00
60 0 -1.000273503295234e+00 -1.887567317018794e-03 -9.386877726784064e-04 -1.007725714669689e+00
60 1 -1.000273929282289e+00 -1.888777340542651e-03 -9.375851141689470e-04 -1.007721909434985e+00
60 2 -1.000274375855325e+00 -1.890005982244607e-03 -9.365104074850742e-04 -1.007717961823543e+00
60 3 -1.000274839075141e+00 -1.891240315360404e-03 -9.354787791920196e-04 -1.007713911557364e+00
60 4 -1.000275315086431e+00 -1.892467675949365e-03 -9.345040783707480e-04 -1.007709798324167e+00
60 5 -1.000275800116028e+00 -1.893675771353984e-03 -9.335986831021225e-04 -1.007705661524740e+00
60 6 -1.000276290465580e+00 -1.894852831274339e-03 -9.327731333665673e-04 -1.007701539938946e+00
60 7 -1.000276782504664e+00 -1.895987782187121e-03 -9.320356955400385e-04 -1.007697471315613e+00
60 8 -1.000277272666142e+00 -1.897070404487928e-03 -9.313920254790689e-04 -1.007693491953489e+00
60 9 -1.000277757441022e+00 -1.898091431277172e-03 -9.308450762890584e-04 -1.007689636367054e+00
60 10 -1.000278233369558e+00 -1.899042571591069e-03 -9.303953040275495e-04 -1.007685937095430e+00
60 11 -1.000278697029266e+00 -1.899916475605298e-03 -9.300411084542571e-04 -1.007682424635453e+00
60 12 -1.000279145024665e+00 -1.900706682941162e-03 -9.297793627402941e-04 -1.007679127418872e+00
60 13 -1.000279573983730e+00 -1.901407594966360e-03 -9.296058688923868e-04 -1.007676071748937e+00
60 14 -1.000279980563011e+00 -1.902014491316787e-03 -9.295156259345949e-04 -1.007673281657101e+00
60 15 -1.000280361459754e+00 -1.902523581591183e-03 -9.295028931394920e-04 -1.007670778704287e+00
60 16 -1.000280713426835e+00 -1.902932057685017e-03 -9.295611324180827e-04 -1.007668581804108e+00
60 17 -1.000281033285306e+00 -1.903238102278252e-03 -9.296829774213838e-04 -1.007666707163301e+00
60 18 -1.000281317931887e+00 -1.903440822390063e-03 -9.298603704393946e-04 -1.007665168398060e+00
60 19 -1.000281564345190e+00 -1.903540109516128e-03 -9.300849342564447e-04 -1.007663976801075e+00
60 20 -1.000281769601599e+00 -1.903536462589712e-03 -9.303485405029459e-04 -1.007663141648082e+00
60 21 -1.000281930913783e+00 -1.903430828636039e-03 -9.306439450501030e-04 -1.007662670397643e+00
60 22 -1.000282045699053e+00 -1.903224511092200e-03 -9.309653197259876e-04 -1.007662568673319e+00
60 23 -1.000282111673915e+00 -1.902919170951076e-03 -9.313085347326266e-04 -1.007662840003353e+00
60 24 -1.000282126960353e+00 -1.902516910400124e-03 -9.316711328660978e-04 -1.007663485391975e+00
60 25 -1.000282090183576e+00 -1.902020395992829e-03 -9.320520530871138e-04 -1.007664502868166e+00
60 26 -1.000282000543378e+00 -1.901432964546920e-03 -9.324512537194041e-04 -1.007665887165661e+00
60 27 -1.000281857851855e+00 -1.900758668459732e-03 -9.328694071432394e-04 -1.007667629621495e+00
60 28 -1.000281662543924e+00 -1.900002250076138e-03 -9.333077774556066e-04 -1.007669718274488e+00
60 29 -1.000281415676054e+00 -1.899169068195016e-03 -9.337682812044042e-04 -1.007672138061823e+00
60 30 -1.000281118927936e+00 -1.898265018664894e-03 -9.342536209848104e-04 -1.007674870991360e+00
60 31 -1.000280774612912e+00 -1.897296490906310e-03 -9.347673210903543e-04 -1.007677896206258e+00
60 32 -1.000280385691529e+00 -1.896270384989660e-03 -9.353135132634598e-04 -1.007681189929336e+00
60 33 -1.000279955774455e+00 -1.895194185052201e-03 -9.358964171633199e-04 -1.007684725348047e+00
60 34 -1.000279489100318e+00 -1.894076056364862e-03 -9.365195939530481e-04 -1.007688472545231e+00
60 35 -1.000278990481814e+00 -1.892924920769313e-03 -9.371851570511672e-04 -1.007692398568738e+00
60 36 -1.000278465225814e+00 -1.891750475021909e-03 -9.378931482792115e-04 -1.007696467669675e+00
60 37 -1.000277919042292e+00 -1.890563139823193e-03 -9.386412215669676e-04 -1.007700641669578e+00
60 38 -1.000277357956747e+00 -1.889373949227806e-03 -9.394246567095023e-04 -1.007704880387511e+00
60 39 -1.000276788232590e+00 -1.888194403309088e-03 -9.402366086280940e-04 -1.007709142073468e+00
60 40 -1.000276216300226e+00 -1.887036311566635e-03 -9.410684314187540e-04 -1.007713383825869e+00
60 41 -1.000275648684058e+00 -1.885911650714618e-03 -9.419099256738810e-04 -1.007717561996179e+00
60 42 -1.000275091918955e+00 -1.884832447655931e-03 -9.427494354923627e-04 -1.007721632600053e+00
60 43 -1.000274552453018e+00 -1.883810681195123e-03 -9.435738310384493e-04 -1.007725551760162e+00
60 44 -1.000274036541146e+00 -1.882858183107707e-03 -9.443685009984909e-04 -1.007729276196041e+00
60 45 -1.000273550139676e+00 -1.881986515336996e-03 -9.451175059503686e-04 -1.007732763759864e+00
60 46 -1.000273098811625e+00 -1.881206803487956e-03 -9.458039994711280e-04 -1.007735974015087e+00
60 47 -1.000272687645100e+00 -1.880529515190654e-03 -9.464109313052130e-04 -1.007738868871487e+00
60 48 -1.000272321179766e+00 -1.879964186278974e-03 -9.469219447539963e-04 -1.007741413299252e+00
60 49 -1.000272003334416e+00 -1.879519117199467e-03 -9.473223070512747e-04 -1.007743576120577e+00
60 50 -1.000271737333694e+00 -1.879201079444098e-03 -9.475996941549167e-04 -1.007745330825231e+00
60 51 -1.000271525640297e+00 -1.879015077675988e-03 -9.477446985450714e-04 -1.007746656308216e+00
60 52 -1.000271369905471e+00 -1.878964202988370e-03 -9.477510247024435e-04 -1.007747537411930e+00
60 53 -1.000271270951663e+00 -1.879049588795251e-03 -9.476154443643525e-04 -1.007747965185677e+00
60 54 -1.000271228795131e+00 -1.879270451502958e-03 -9.473376557712522e-04 -1.007747936847196e+00
60 55 -1.000271242705051e+00 -1.879624176314870e-03 -9.469201933775490e-04 -1.007747455516583e+00
60 56 -1.000271311285380e+00 -1.880106406786864e-03 -9.463684638025695e-04 -1.007746529846239e+00
60 57 -1.000271432562228e+00 -1.880711117401888e-03 -9.456908733039111e-04 -1.007745173658493e+00
60 58 -1.000271604064020e+00 -1.881430679233992e-03 -9.448989160103266e-04 -1.007743405635542e+00
60 59 -1.000271822890254e+00 -1.882255951386706e-03 -9.440070589805186e-04 -1.007741249028648e+00
60 60 -1.000272085772601e+00 -1.883176433642665e-03 -9.430323096101420e-04 -1.007738731306465e+00
60 61 -1.000272389136541e+00 -1.884180497965109e-03 -9.419934650507225e-04 -1.007735883664615e+00
60 62 -1.000272729170900e+00 -1.885255685492543e-03 -9.409101720943985e-04 -1.007732740370409e+00
60 63 -1.000273101906296e+00 -1.886389025112030e-03 -9.398020068657830e-04 -1.007729337997481e+00
61 0 -1.000273651824278e+00 -1.886876406025580e-03 -9.429029567024548e-04 -1.007726265821039e+00
61 1 -1.000274073689288e+00 -1.888081462724570e-03 -9.417940213789012e-04 -1.007722487349581e+00
61 2 -1.000274515140235e+00 -1.889302435290951e-03 -9.407155272605282e-04 -1.007718574742329e+00
61 3 -1.000274972276058e+00 -1.890526443992828e-03 -9.396826746972360e-04 -1.007714567425549e+00
61 4 -1.000275441298450e+00 -1.891740912553509e-03 -9.387093294788933e-04 -1.007710504665829e+00
61 5 -1.000275918512219e+00 -1.892933673510677e-03 -9.378078558511221e-04 -1.007706425318970e+00
61 6 -1.000276400314626e+00 -1.894093112000362e-03 -9.369887790697582e-04 -1.007702367516821e+00
61 7 -1.000276883180938e+00 -1.895208332290898e-03 -9.362603673872972e-04 -1.007698368288618e+00
61 8 -1.000277363651277e+00 -1.896269310166016e-03 -9.356282910904896e-04 -1.007694463170433e+00
61 9 -1.000277838319613e+00 -1.897266991621221e-03 -9.350955061452618e-04 -1.007690685886373e+00
61 10 -1.000278303823650e+00 -1.898193319303542e-03 -9.346624269044699e-04 -1.007687068158390e+00
61 11 -1.000278756835938e+00 -1.899041201058019e-03 -9.343273398449574e-04 -1.007683639632505e+00
61 12 -1.000279194058697e+00 -1.899804458377137e-03 -9.340869240525301e-04 -1.007680427851664e+00
61 13 -1.000279612224240e+00 -1.900477793511787e-03 -9.339367196172417e-04 -1.007677458199432e+00
61 14 -1.000280008100545e+00 -1.901056795821932e-03 -9.338714262145433e-04 -1.007674753777717e+00
61 15 -1.000280378499834e+00 -1.901537981651063e-03 -9.338850014211272e-04 -1.007672335236451e+00
61 16 -1.000280720287595e+00 -1.901918837877199e-03 -9.339706274415517e-04 -1.007670220620609e+00
61 17 -1.000281030389573e+00 -1.902197827603813e-03 -9.341206834738083e-04 -1.007668425321005e+00
61 18 -1.000281305796229e+00 -1.902374326338897e-03 -9.343268648837910e-04 -1.007666962187624e+00
61 19 -1.000281543569198e+00 -1.902448487031551e-03 -9.345805261344990e-04 -1.007665841787667e+00
61 20 -1.000281740859773e+00 -1.902421066420218e-03 -9.348732234657572e-04 -1.007665072706439e+00
61 21 -1.000281894950425e+00 -1.902293264281952e-03 -9.351973413616117e-04 -1.007664661752602e+00
61 22 -1.000282003324505e+00 -1.902066623785413e-03 -9.355466396207352e-04 -1.007664613960506e+00
61 23 -1.000282063759403e+00 -1.901743019525869e-03 -9.359165727509134e-04 -1.007664932360149e+00
61 24 -1.000282074429368e+00 -1.901324728073796e-03 -9.363043090861138e-04 -1.007665617575476e+00
61 25 -1.000282033999528e+00 -1.900814544302139e-03 -9.367084881237662e-04 -1.007666667382163e+00
61 26 -1.000281941695060e+00 -1.900215889743307e-03 -9.371288521434119e-04 -1.007668076373694e+00
61 27 -1.000281797338981e+00 -1.899532867810968e-03 -9.375659221709625e-04 -1.007669835830911e+00
61 28 -1.000281601364770e+00 -1.898770250670419e-03 -9.380208404589522e-04 -1.007671933790252e+00
61 29 -1.000281354818324e+00 -1.897933415798521e-03 -9.384953969796276e-04 -1.007674355220050e+00
61 30 -1.000281059362808e+00 -1.897028270427556e-03 -9.389921463561193e-04 -1.007677082188432e+00
61 31 -1.000280717291070e+00 -1.896061204221709e-03 -9.395144534752823e-04 -1.007680093939287e+00
61 32 -1.000280331539442e+00 -1.895039096846350e-03 -9.400663124585616e-04 -1.007683366856468e+00
61 33 -1.000279905689581e+00 -1.893969381574155e-03 -9.406518680903475e-04 -1.007686874364201e+00
61 34 -1.000279443944733e+00 -1.892860137932373e-03 -9.412746978336269e-04 -1.007690586858143e+00
61 35 -1.000278951074514e+00 -1.891720170518640e-03 -9.419370243709587e-04 -1.007694471759547e+00
61 36 -1.000278432334301e+00 -1.890559036761418e-03 -9.426390660457626e-04 -1.007698493730703e+00
61 37 -1.000277893374442e+00 -1.889387007462205e-03 -9.433786789396191e-04 -1.007702615021725e+00
61 38 -1.000277340154279e+00 -1.888214965864340e-03 -9.441513305802115e-04 -1.007706795885153e+00
61 39 -1.000276778867291e+00 -1.887054265118840e-03 -9.449503265144293e-04 -1.007710995006464e+00
61 40 -1.000276215873161e+00 -1.885916570233302e-03 -9.457671370081168e-04 -1.007715169927961e+00
61 41 -1.000275657626746e+00 -1.884813709135755e-03 -9.465916693267973e-04 -1.007719277466363e+00
61 42 -1.000275110594444e+00 -1.883757546825495e-03 -9.474123991783594e-04 -1.007723274138819e+00
61 43 -1.000274581154473e+00 -1.882759879829053e-03 -9.482163804678712e-04 -1.007727116618603e+00
61 44 -1.000274075486209e+00 -1.881832334086851e-03 -9.489892449634680e-04 -1.007730762234208e+00
61 45 -1.000273599460548e+00 -1.880986243983537e-03 -9.497153395114672e-04 -1.007734169509293e+00
61 46 -1.000273158543065e+00 -1.880232492299075e-03 -9.503781142568367e-04 -1.007737298737512e+00
61 47 -1.000272757714062e+00 -1.879581297936825e-03 -9.509607893657691e-04 -1.007740112603377e+00
61 48 -1.000272401400404e+00 -1.879041951580331e-03 -9.514472266348009e-04 -1.007742576873395e+00
61 49 -1.000272093410359e+00 -1.878622518872997e-03 -9.518228545251130e-04 -1.007744661161578e+00
61 50 -1.000271836866810e+00 -1.878329549195675e-03 -9.520754696514126e-04 -1.007746339723192e+00
61 51 -1.000271634142554e+00 -1.878167835442484e-03 -9.521957760673926e-04 -1.007747592181809e+00
61 52 -1.000271486809215e+00 -1.878140261410285e-03 -9.521776135670858e-04 -1.007748404076002e+00
61 53 -1.000271395614515e+00 -1.878247751093337e-03 -9.520179326620437e-04 -1.007748767135303e+00
61 54 -1.000271360498685e+00 -1.878489305934632e-03 -9.517166512703225e-04 -1.007748679258472e+00
61 55 -1.000271380650264e+00 -1.878862093373527e-03 -9.512765403801059e-04 -1.007748144250171e+00
61 56 -1.000271454589803e+00 -1.879361545180282e-03 -9.507032255088530e-04 -1.007747171432387e+00
61 57 -1.000271580263934e+00 -1.879981441501783e-03 -9.500052855172542e-04 -1.007745775246547e+00
61 58 -1.000271755134477e+00 -1.880713986224579e-03 -9.491943317203108e-04 -1.007743974903294e+00
61 59 -1.000271976254867e+00 -1.881549902986091e-03 -9.482849081073933e-04 -1.007741794060926e+00
61 60 -1.000272240334514e+00 -1.882478586095666e-03 -9.472940917818759e-04 -1.007739260463031e+00
61 61 -1.000272543797921e+00 -1.883488325379912e-03 -9.462407782412846e-04 -1.007736405460712e+00
61 62 -1.000272882847104e+00 -1.884566595370232e-03 -9.451447628008301e-04 -1.007733263385798e+00
61 63 -1.000273253531812e+00 -1.885700369569995e-03 -9.440258165890724e-04 -1.007729870813864e+00
62 0 -1.000273873045802e+00 -1.886247177661299e-03 -9.469537389489803e-04 -1.007726614127548e+00
62 1 -1.000274291688936e+00 -1.887449340995666e-03 -9.458373012623860e-04 -1.007722855975022e+00
62 2 -1.000274728862607e+00 -1.888664608588804e-03 -9.447540072825928e-04 -1.007718972345307e+00
62 3 -1.000275180694504e+00 -1.889880128645682e-03 -9.437191469264303e-04 -1.007715002425970e+00
62 4 -1.000275643432945e+00 -1.891083394413436e-03 -9.427466107713973e-04 -1.007710985119238e+00
62 5 -1.000276113450706e+00 -1.892262348002377e-03 -9.418487458210218e-04 -1.007706958787330e+00
62 6 -1.000276587232519e+00 -1.893405517848622e-03 -9.410360480947872e-04 -1.007702960955619e+00
62 7 -1.000277061354057e+00 -1.894502177237191e-03 -9.403167668216333e-04 -1.007699027963487e+00
62 8 -1.000277532460291e+00 -1.895542490671246e-03 -9.396965665021746e-04 -1.007695194604161e+00
62 9 -1.000277997247595e+00 -1.896517610743420e-03 -9.391783925496998e-04 -1.007691493826138e+00
62 10 -1.000278452450944e+00 -1.897419706548016e-03 -9.387626134143013e-04 -1.007687956548812e+00
62 11 -1.000278894836969e+00 -1.898241935417049e-03 -9.384474052942605e-04 -1.007684611584081e+00
62 12 -1.000279321203541e+00 -1.898978392376406e-03 -9.382292582523885e-04 -1.007681485603816e+00
62 13 -1.000279728384721e+00 -1.899624073589620e-03 -9.381034516153525e-04 -1.007678603086991e+00
62 14 -1.000280113258016e+00 -1.900174874239513e-03 -9.380643786855145e-04 -1.007675986213386e+00
62 15 -1.000280472750773e+00 -1.900627617648660e-03 -9.381056796924513e-04 -1.007673654717470e+00
62 16 -1.000280803844054e+00 -1.900980089616073e-03 -9.382202368797285e-04 -1.007671625758806e+00
62 17 -1.000281103573771e+00 -1.901231039459741e-03 -9.384001568503527e-04 -1.007669913887212e+00
62 18 -1.000281369031051e+00 -1.901380116894833e-03 -9.386368778557725e-04 -1.007668531158201e+00
62 19 -1.000281597367837e+00 -1.901427741413425e-03 -9.389214856650843e-04 -1.007667487383880e+00
62 20 -1.000281785817424e+00 -1.901374933051403e-03 -9.392452276654884e-04 -1.007666790425862e+00
62 21 -1.000281931739018e+00 -1.901223152056218e-03 -9.396001240924074e-04 -1.007666446401863e+00
62 22 -1.000282032689296e+00 -1.900974193196356e-03 -9.399795231286742e-04 -1.007666459704208e+00
62 23 -1.000282086515061e+00 -1.900630162313812e-03 -9.403784516725883e-04 -1.007666832796698e+00
62 24 -1.000282091453454e+00 -1.900193534338153e-03 -9.407936780863241e-04 -1.007667565838650e+00
62 25 -1.000282046222507e+00 -1.899667261332121e-03 -9.412235075246123e-04 -1.007668656255238e+00
62 26 -1.000281950087380e+00 -1.899054880138894e-03 -9.416674299319973e-04 -1.007670098397785e+00
62 27 -1.000281802896982e+00 -1.898360574439576e-03 -9.421257848301533e-04 -1.007671883392333e+00
62 28 -1.000281605097640e+00 -1.897589172973209e-03 -9.425995719101153e-04 -1.007673999180444e+00
62 29 -1.000281357737820e+00 -1.896746097087081e-03 -9.430904411156548e-04 -1.007676430672860e+00
62 30 -1.000281062476097e+00 -1.895837290868941e-03 -9.436007868571647e-04 -1.007679159909139e+00
62 31 -1.000280721595729e+00 -1.894869171577634e-03 -9.441337966348371e-04 -1.007682166142637e+00
62 32 -1.000280338019133e+00 -1.893848628457403e-03 -9.446932985755689e-04 -1.007685425824244e+00
62 33 -1.000279915309080e+00 -1.892783075939080e-03 -9.452833239797203e-04 -1.007688912520355e+00
62 34 -1.000279457643528e+00 -1.891680539655696e-03 -9.459074233252693e-04 -1.007692596849501e+00
62 35 -1.000278969758645e+00 -1.890549735512721e-03 -9.465678893229536e-04 -1.007696446528008e+00
62 36 -1.000278456866785e+00 -1.889400104393104e-03 -9.472650893867279e-04 -1.007700426567684e+00
62 37 -1.000277924565356e+00 -1.888241783539848e-03 -9.479970692692632e-04 -1.007704499602827e+00
62 38 -1.000277378752068e+00 -1.887085516290213e-03 -9.487594843883702e-04 -1.007708626289511e+00
62 39 -1.000276825552692e+00 -1.885942516165949e-03 -9.495457975028806e-04 -1.007712765729482e+00
62 40 -1.000276271256318e+00 -1.884824309257344e-03 -9.503476009321916e-04 -1.007716875897145e+00
62 41 -1.000275722246878e+00 -1.883742579971567e-03 -9.511549087333166e-04 -1.007720914067592e+00
62 42 -1.000275184920240e+00 -1.882709036717010e-03 -9.519563216797843e-04 -1.007724837256496e+00
62 43 -1.000274665582685e+00 -1.881735298181296e-03 -9.527390678815760e-04 -1.007728602689758e+00
62 44 -1.000274170336300e+00 -1.880832786378347e-03 -9.534890162588926e-04 -1.007732168314052e+00
62 45 -1.000273704964893e+00 -1.880012606072409e-03 -9.541908041466703e-04 -1.007735493342693e+00
62 46 -1.000273274834468e+00 -1.879285390580027e-03 -9.548281962235094e-04 -1.007738538827370e+00
62 47 -1.000272884814170e+00 -1.878661099189486e-03 -9.553847139099881e-04 -1.007741268264747e+00
62 48 -1.000272539212915e+00 -1.878148763432315e-03 -9.558444762270750e-04 -1.007743648263454e+00
62 49 -1.000272241721552e+00 -1.877756198655631e-03 -9.561931125174797e-04 -1.007745649280927e+00
62 50 -1.000271995353164e+00 -1.877489716584486e-03 -9.564185745885724e-04 -1.007747246392444e+00
62 51 -1.000271802382354e+00 -1.877353883364103e-03 -9.565117048007778e-04 -1.007748420005859e+00
62 52 -1.000271664293433e+00 -1.877351360856824e-03 -9.564664986566722e-04 -1.007749156412124e+00
62 53 -1.000271581752884e+00 -1.877482848771113e-03 -9.562801040543123e-04 -1.007749448076895e+00
62 54 -1.000271554619640e+00 -1.877747117859472e-03 -9.559526808525857e-04 -1.007749293635035e+00
62 55 -1.000271581996819e+00 -1.878141100425208e-03 -9.554872663672142e-04 -1.007748697631708e+00
62 56 -1.000271662315920e+00 -1.878659996671067e-03 -9.548897427846130e-04 -1.007747670119166e+00
62 57 -1.000271793436362e+00 -1.879297370128940e-03 -9.541689037249440e-04 -1.007746226226324e+00
62 58 -1.000271972743215e+00 -1.880045233720643e-03 -9.533365177961401e-04 -1.007744385767692e+00
62 59 -1.000272197231941e+00 -1.880894151950743e-03 -9.524072374281708e-04 -1.007742172887176e+00
62 60 -1.000272463577279e+00 -1.881833391424141e-03 -9.513982286792844e-04 -1.007739615680567e+00
62 61 -1.000272768191155e+00 -1.882851139626940e-03 -9.503284932604289e-04 -1.007736745726695e+00
62 62 -1.000273107279002e+00 -1.883934786240246e-03 -9.492179764125866e-04 -1.007733597486458e+00
62 63 -1.000273476902015e+00 -1.885071232489237e-03 -9.480866457666230e-04 -1.007730207593670e+00
63 0 -1.000274164762014e+00 -1.885686103553128e-03 -9.508033823498165e-04 -1.007726753061511e+00
63 1 -1.000274581135027e+00 -1.886887521104213e-03 -9.496781525942291e-04 -1.007723008449406e+00
63 2 -1.000275014938968e+00 -1.888099151996283e-03 -9.485889563634864e-04 -1.007719147342305e+00
63 3 -1.000275462320657e+00 -1.889308152634128e-03 -9.475511899543596e-04 -1.007715208748838e+00
63 4 -1.000275919564001e+00 -1.890502066164861e-03 -9.465787794185091e-04 -1.007711231269066e+00
63 5 -1.000276383098569e+00 -1.891668926445093e-03 -9.456840544469306e-04 -1.007707252831017e+00
63 6 -1.000276849486894e+00 -1.892797390506173e-03 -9.448774703107729e-04 -1.007703310404493e+00
63 7 -1.000277315398083e+00 -1.893876889118349e-03 -9.441672380817597e-04 -1.007699439678999e+00
63 8 -1.000277777577857e+00 -1.894897766064737e-03 -9.435589962649083e-04 -1.007695674735476e+00
63 9 -1.000278232823081e+00 -1.895851371870076e-03 -9.430556646793252e-04 -1.007692047771304e+00
63 10 -1.000278677965062e+00 -1.896730093179831e-03 -9.426575594426123e-04 -1.007688588925246e+00
63 11 -1.000279109863256e+00 -1.897527327037242e-03 -9.423627482416638e-04 -1.007685326197757e+00
63 12 -1.000279525408780e+00 -1.898237431397389e-03 -9.421675380696249e-04 -1.007682285414706e+00
63 13 -1.000279921534123e+00 -1.898855686250800e-03 -9.420669515064394e-04 -1.007679490175322e+00
63 14 -1.000280295223321e+00 -1.899378285321561e-03 -9.420550720767796e-04 -1.007676961755350e+00
63 15 -1.000280643517690e+00 -1.899802356030285e-03 -9.421252100756516e-04 -1.007674718979408e+00
63 16 -1.000280963515411e+00 -1.900125984227202e-03 -9.422699293257492e-04 -1.007672778114275e+00
63 17 -1.000281252366692e+00 -1.900348208726560e-03 -9.424810461831878e-04 -1.007671152852352e+00
63 18 -1.000281507269284e+00 -1.900468957164535e-03 -9.427497313339227e-04 -1.007669854433255e+00
63 19 -1.000281725472244e+00 -1.900488919078496e-03 -9.430668015901047e-04 -1.007668891889304e+00
63 20 -1.000281904297659e+00 -1.900409381435386e-03 -9.434232038795537e-04 -1.007668272330221e+00
63 21 -1.000282041187910e+00 -1.900232069921320e-03 -9.438106058230236e-04 -1.007668001148934e+00
63 22 -1.000282133779547e+00 -1.899959039316157e-03 -9.442219513543733e-04 -1.007668082051591e+00
63 23 -1.000282179996470e+00 -1.899592640868743e-03 -9.446518360868277e-04 -1.007668516875883e+00
63 24 -1.000282178148440e+00 -1.899135568716488e-03 -9.450966108578963e-04 -1.007669305238907e+00
63 25 -1.000282127018347e+00 -1.898590958279458e-03 -9.455542178985011e-04 -1.007670444124119e+00
63 26 -1.000282025925019e+00 -1.897962490305627e-03 -9.460238624233129e-04 -1.007671927543351e+00
63 27 -1.000281874757805e+00 -1.897254457065861e-03 -9.465056740108317e-04 -1.007673746370749e+00
63 28 -1.000281673990337e+00 -1.896471770533426e-03 -9.470004897636075e-04 -1.007675888359306e+00
63 29 -1.000281424687163e+00 -1.895619920979209e-03 -9.475098073060241e-04 -1.007678338272225e+00
63 30 -1.000281128514394e+00 -1.894704914017379e-03 -9.480358511401732e-04 -1.007681078032500e+00
63 31 -1.000280787756608e+00 -1.893733220644846e-03 -9.485816171507107e-04 -1.007684086813592e+00
63 32 -1.000280405332547e+00 -1.892711768720817e-03 -9.491507429703512e-04 -1.007687341040307e+00
63 33 -1.000279984796165e+00 -1.891647985585496e-03 -9.497471103695461e-04 -1.007690814325721e+00
63 34 -1.000279530310133e+00 -1.890549875408319e-03 -9.503741996039842e-04 -1.007694477418817e+00
63 35 -1.000279046586872e+00 -1.889426095548708e-03 -9.510343312558239e-04 -1.007698298248279e+00
63 36 -1.000278538804624e+00 -1.888285995638792e-03 -9.517279891057952e-04 -1.007702242107200e+00
63 37 -1.000278012515355e+00 -1.887139598527105e-03 -9.524533900600348e-04 -1.007706271962196e+00
63 38 -1.000277473560632e+00 -1.885997520982270e-03 -9.532063724502734e-04 -1.007710348836400e+00
63 39 -1.000276928001716e+00 -1.884870846065610e-03 -9.539805595503214e-04 -1.007714432223404e+00
63 40 -1.000276382058215e+00 -1.883770968168972e-03 -9.547676699907010e-04 -1.007718480512885e+00
63 41 -1.000275842042698e+00 -1.882709435139886e-03 -9.555578236688275e-04 -1.007722451425852e+00
63 42 -1.000275314279228e+00 -1.881697805969751e-03 -9.563397379670631e-04 -1.007726302467636e+00
63 43 -1.000274805000738e+00 -1.880747528206154e-03 -9.571008018633289e-04 -1.007729991412406e+00
63 44 -1.000274320230992e+00 -1.879869824802993e-03 -9.578271095697786e-04 -1.007733476826523e+00
63 45 -1.000273865666039e+00 -1.879075572422664e-03 -9.585035856719923e-04 -1.007736718621902e+00
63 46 -1.000273446571448e+00 -1.878375151985640e-03 -9.591143194789092e-04 -1.007739678626328e+00
63 47 -1.000273067703324e+00 -1.877778255702221e-03 -9.596431574262158e-04 -1.007742321176435e+00
63 48 -1.000272733249173e+00 -1.877293645067818e-03 -9.600745091767754e-04 -1.007744613759122e+00
63 49 -1.000272446777255e+00 -1.876928872519243e-03 -9.603942414619270e-04 -1.007746527717062e+00
63 50 -1.000272211184344e+00 -1.876689999182552e-03 -9.605904944162541e-04 -1.007748038990728e+00
63 51 -1.000272028639750e+00 -1.876581351890670e-03 -9.606542746570838e-04 -1.007749128819246e+00
63 52 -1.000271900533734e+00 -1.876605358490297e-03 -9.605797524475020e-04 -1.007749784293241e+00
63 53 -1.000271827445966e+00 -1.876762482389632e-03 -9.603642892768904e-04 -1.007749998660879e+00
63 54 -1.000271809149744e+00 -1.877051250794572e-03 -9.600083060601742e-04 -1.007749771339018e+00
63 55 -1.000271844658936e+00 -1.877468346083167e-03 -9.595151331050499e-04 -1.007749107661170e+00
63 56 -1.000271932311455e+00 -1.878008719456044e-03 -9.588909447579033e-04 -1.007748018462781e+00
63 57 -1.000272069873120e+00 -1.878665697761206e-03 -9.581447909015947e-04 -1.007746519620547e+00
63 58 -1.000272254643369e+00 -1.879431080943786e-03 -9.572886389981143e-04 -1.007744631621015e+00
63 59 -1.000272483548535e+00 -1.880295251625701e-03 -9.563372847082137e-04 -1.007742379167967e+00
63 60 -1.000272753216313e+00 -1.881247326695920e-03 -9.553080062055479e-04 -1.007739790785388e+00
63 61 -1.000273060034042e+00 -1.882275371212307e-03 -9.542199223055464e-04 -1.007736898352077e+00
63 62 -1.000273400200167e+00 -1.883366672059831e-03 -9.530931307338149e-04 -1.007733736522882e+00
63 63 -1.000273769778868e+00 -1.884508041534088e-03 -9.519477963960735e-04 -1.007730342047479e+00
