1.614730805473696e-07
1.000000000000000e-12
1.000000000000000e-17
3.535655187832735e-01
1.935205261531244e-01
1.100000000000000e-01
-1.500017464083440e+00
1.901109735892602e-07
64
64
7.111111111111110e-02
1
0 0 -1.000274901060615e+00 -1.885636468503803e-03 -9.531624819308703e-04 -1.007725128193743e+00
0 1 -1.000275301564505e+00 -1.886791442089067e-03 -9.520845140318741e-04 -1.007721534392468e+00
0 2 -1.000275717976190e+00 -1.887953924615497e-03 -9.510425082515574e-04 -1.007717836734612e+00
0 3 -1.000276146598565e+00 -1.889111550976888e-03 -9.500514489330648e-04 -1.007714072606215e+00
0 4 -1.000276583840570e+00 -1.890252383910995e-03 -9.491246712000071e-04 -1.007710278951715e+00
0 5 -1.000277026228247e+00 -1.891365035020835e-03 -9.482736649240249e-04 -1.007706491954621e+00
0 6 -1.000277470403536e+00 -1.892438772972801e-03 -9.475079093632162e-04 -1.007702746755426e+00
0 7 -1.000277913113912e+00 -1.893463619055878e-03 -9.468347446433028e-04 -1.007699077196957e+00
0 8 -1.000278351197109e+00 -1.894430427842199e-03 -9.462592979503546e-04 -1.007695515592240e+00
0 9 -1.000278781565026e+00 -1.895330948986091e-03 -9.457844851470401e-04 -1.007692092517941e+00
0 10 -1.000279201190055e+00 -1.896157867924063e-03 -9.454110984837786e-04 -1.007688836638085e+00
0 11 -1.000279607096091e+00 -1.896904827941868e-03 -9.451379721963474e-04 -1.007685774556412e+00
0 12 -1.000279996354920e+00 -1.897566439373203e-03 -9.449622011987134e-04 -1.007682930690985e+00
0 13 -1.000280366086776e+00 -1.898138280357113e-03 -9.448793828047228e-04 -1.007680327169341e+00
0 14 -1.000280713462629e+00 -1.898616889290543e-03 -9.448838578335084e-04 -1.007677983751803e+00
0 15 -1.000281035706390e+00 -1.898999745666714e-03 -9.449689403464023e-04 -1.007675917794731e+00
0 16 -1.000281330096976e+00 -1.899285234834580e-03 -9.451271396118617e-04 -1.007674144262392e+00
0 17 -1.000281593971954e+00 -1.899472592823973e-03 -9.453503894425729e-04 -1.007672675789919e+00
0 18 -1.000281824735698e+00 -1.899561830219886e-03 -9.456303034645570e-04 -1.007671522790546e+00
0 19 -1.000282019875883e+00 -1.899553639986276e-03 -9.459584663605410e-04 -1.007670693585471e+00
0 20 -1.000282176992295e+00 -1.899449301140135e-03 -9.463267533775825e-04 -1.007670194519074e+00
0 21 -1.000282293840497e+00 -1.899250593761173e-03 -9.467276521938987e-04 -1.007670030018296e+00
0 22 -1.000282368389587e+00 -1.898959738410841e-03 -9.471545511383134e-04 -1.007670202569069e+00
0 23 -1.000282398889755e+00 -1.898579366290385e-03 -9.476019591571487e-04 -1.007670712607784e+00
0 24 -1.000282383943082e+00 -1.898112518750506e-03 -9.480656346739993e-04 -1.007671558349213e+00
0 25 -1.000282322570704e+00 -1.897562668201368e-03 -9.485426189673097e-04 -1.007672735587351e+00
0 26 -1.000282214270591e+00 -1.896933748343425e-03 -9.490311888945945e-04 -1.007674237510399e+00
0 27 -1.000282059062438e+00 -1.896230181509176e-03 -9.495307558463704e-04 -1.007676054564121e+00
0 28 -1.000281857519097e+00 -1.895456895320438e-03 -9.500417368065964e-04 -1.007678174379391e+00
0 29 -1.000281610786334e+00 -1.894619327699870e-03 -9.505654098723460e-04 -1.007680581758011e+00
0 30 -1.000281320593353e+00 -1.893723424964612e-03 -9.511037479303180e-04 -1.007683258697107e+00
0 31 -1.000280989255095e+00 -1.892775639993014e-03 -9.516592104805277e-04 -1.007686184432218e+00
0 32 -1.000280619665253e+00 -1.891782936067929e-03 -9.522344724490793e-04 -1.007689335489127e+00
0 33 -1.000280215277630e+00 -1.890752797787565e-03 -9.528320820756881e-04 -1.007692685747684e+00
0 34 -1.000279780073756e+00 -1.889693244937156e-03 -9.534540628840553e-04 -1.007696206531424e+00
0 35 -1.000279318516281e+00 -1.888612840862301e-03 -9.541014979091155e-04 -1.007699866740440e+00
0 36 -1.000278835490052e+00 -1.887520685806094e-03 -9.547741476473097e-04 -1.007703633040076e+00
0 37 -1.000278336234627e+00 -1.886426387945239e-03 -9.554701504338101e-04 -1.007707470107893e+00
0 38 -1.000277826272366e+00 -1.885340008785948e-03 -9.561858359224851e-04 -1.007711340933034e+00
0 39 -1.000277311334740e+00 -1.884271983586594e-03 -9.569156568188968e-04 -1.007715207159111e+00
0 40 -1.000276797287221e+00 -1.883233020774453e-03 -9.576522222492421e-04 -1.007719029462926e+00
0 41 -1.000276290051331e+00 -1.882233986008888e-03 -9.583864069562379e-04 -1.007722767964220e+00
0 42 -1.000275795522102e+00 -1.881285775662638e-03 -9.591075154675819e-04 -1.007726382665524e+00
0 43 -1.000275319480276e+00 -1.880399181530367e-03 -9.598034939218983e-04 -1.007729833924767e+00
0 44 -1.000274867500579e+00 -1.879584745576286e-03 -9.604611961877301e-04 -1.007733082963603e+00
0 45 -1.000274444859379e+00 -1.878852602103858e-03 -9.610667186824691e-04 -1.007736092410855e+00
0 46 -1.000274056446037e+00 -1.878212304868542e-03 -9.616058160037931e-04 -1.007738826876738e+00
0 47 -1.000273706681396e+00 -1.877672638082922e-03 -9.620643963037816e-04 -1.007741253552299e+00
0 48 -1.000273399445142e+00 -1.877241413609766e-03 -9.624290750867080e-04 -1.007743342826341e+00
0 49 -1.000273138012359e+00 -1.876925262149775e-03 -9.626877471613433e-04 -1.007745068903578e+00
0 50 -1.000272924999891e+00 -1.876729432142068e-03 -9.628301272033603e-04 -1.007746410393618e+00
0 51 -1.000272762324526e+00 -1.876657613533321e-03 -9.628482128966390e-04 -1.007747350827892e+00
0 52 -1.000272651176535e+00 -1.876711802827150e-03 -9.627366384343549e-04 -1.007747879058147e+00
0 53 -1.000272592012604e+00 -1.876892221081333e-03 -9.624929055826916e-04 -1.007747989498171e+00
0 54 -1.000272584571116e+00 -1.877197289134330e-03 -9.621174990304513e-04 -1.007747682188736e+00
0 55 -1.000272627910381e+00 -1.877623656572247e-03 -9.616139052634177e-04 -1.007746962689887e+00
0 56 -1.000272720467240e+00 -1.878166275693050e-03 -9.609885536942861e-04 -1.007745841827006e+00
0 57 -1.000272860130510e+00 -1.878818510824794e-03 -9.602506864360542e-04 -1.007744335329307e+00
0 58 -1.000273044322129e+00 -1.879572275881234e-03 -9.594121486116503e-04 -1.007742463398694e+00
0 59 -1.000273270079161e+00 -1.880418196235414e-03 -9.584870852131843e-04 -1.007740250236828e+00
0 60 -1.000273534131898e+00 -1.881345792801921e-03 -9.574915371202440e-04 -1.007737723545053e+00
0 61 -1.000273832976101e+00 -1.882343685991563e-03 -9.564429449068563e-04 -1.007734914001375e+00
0 62 -1.000274162939548e+00 -1.883399814678920e-03 -9.553595891357189e-04 -1.007731854716214e+00
0 63 -1.000274520243694e+00 -1.884501661009141e-03 -9.542600133283012e-04 -1.007728580675898e+00
1 0 -1.000275298763995e+00 -1.885234591483765e-03 -9.563684024355030e-04 -1.007724891855165e+00
1 1 -1.000275699042248e+00 -1.886392904889392e-03 -9.552799660390938e-04 -1.007721297354100e+00
1 2 -1.000276114171856e+00 -1.887556043587654e-03 -9.542303254346655e-04 -1.007717607490849e+00
1 3 -1.000276540465856e+00 -1.888711622963258e-03 -9.532345742915713e-04 -1.007713859566743e+00
1 4 -1.000276974354381e+00 -1.889847716278226e-03 -9.523061212890739e-04 -1.007710090349284e+00
1 5 -1.000277412396806e+00 -1.890952976756969e-03 -9.514564932554218e-04 -1.007706335751264e+00
1 6 -1.000277851281033e+00 -1.892016746160126e-03 -9.506951720502983e-04 -1.007702630549224e+00
1 7 -1.000278287812595e+00 -1.893029149810987e-03 -9.500294697485081e-04 -1.007699008132709e+00
1 8 -1.000278718897625e+00 -1.893981175284198e-03 -9.494644580899865e-04 -1.007695500281709e+00
1 9 -1.000279141524120e+00 -1.894864731117946e-03 -9.490029710599272e-04 -1.007692136974208e+00
1 10 -1.000279552745756e+00 -1.895672684363489e-03 -9.486456907258102e-04 -1.007688946224003e+00
1 11 -1.000279949671301e+00 -1.896398879928434e-03 -9.483913095874124e-04 -1.007685953944082e+00
1 12 -1.000280329460377e+00 -1.897038147060899e-03 -9.482367470177276e-04 -1.007683183830001e+00
1 13 -1.000280689323938e+00 -1.897586297074031e-03 -9.481773913601702e-04 -1.007680657263136e+00
1 14 -1.000281026526649e+00 -1.898040112736822e-03 -9.482073445306503e-04 -1.007678393241113e+00
1 15 -1.000281338389055e+00 -1.898397326254757e-03 -9.483196580775747e-04 -1.007676408346664e+00
1 16 -1.000281622289155e+00 -1.898656581144819e-03 -9.485065629653759e-04 -1.007674716764855e+00
1 17 -1.000281875664952e+00 -1.898817374114513e-03 -9.487597056499874e-04 -1.007673330352324e+00
1 18 -1.000282096021146e+00 -1.898879976470454e-03 -9.490704065143664e-04 -1.007672258750860e+00
1 19 -1.000282280944238e+00 -1.898845340250696e-03 -9.494299503519849e-04 -1.007671509522560e+00
1 20 -1.000282428130285e+00 -1.898715000325229e-03 -9.498299033009599e-04 -1.007671088270422e+00
1 21 -1.000282535427752e+00 -1.898490987057645e-03 -9.502624331594404e-04 -1.007670998705176e+00
1 22 -1.000282600894612e+00 -1.898175762540849e-03 -9.507205990350130e-04 -1.007671242631027e+00
1 23 -1.000282622865283e+00 -1.897772187332661e-03 -9.511985765914948e-04 -1.007671819846080e+00
1 24 -1.000282600020759e+00 -1.897283516711894e-03 -9.516917957959656e-04 -1.007672727977463e+00
1 25 -1.000282531454969e+00 -1.896713418747295e-03 -9.521969848332370e-04 -1.007673962287311e+00
1 26 -1.000282416731725e+00 -1.896066002760303e-03 -9.527121315445138e-04 -1.007675515489954e+00
1 27 -1.000282255929007e+00 -1.895345846700469e-03 -9.532363862800938e-04 -1.007677377613359e+00
1 28 -1.000282049670055e+00 -1.894558015374106e-03 -9.537699316335486e-04 -1.007679535922066e+00
1 29 -1.000281799142896e+00 -1.893708067254117e-03 -9.543138336405609e-04 -1.007681974899483e+00
1 30 -1.000281506110674e+00 -1.892802053427651e-03 -9.548698713944569e-04 -1.007684676272391e+00
1 31 -1.000281172913889e+00 -1.891846515369117e-03 -9.554403279169870e-04 -1.007687619057049e+00
1 32 -1.000280802463489e+00 -1.890848487232561e-03 -9.560277227743106e-04 -1.007690779615450e+00
1 33 -1.000280398222177e+00 -1.889815504156992e-03 -9.566344781199610e-04 -1.007694131724587e+00
1 34 -1.000279964171682e+00 -1.888755613107826e-03 -9.572625302618225e-04 -1.007697646671837e+00
1 35 -1.000279504765706e+00 -1.887677379185933e-03 -9.579129207090734e-04 -1.007701293391180e+00
1 36 -1.000279024870793e+00 -1.886589879021559e-03 -9.585854150778897e-04 -1.007705038650443e+00
1 37 -1.000278529698970e+00 -1.885502673849401e-03 -9.592781981990262e-04 -1.007708847293090e+00
1 38 -1.000278024736177e+00 -1.884425757797319e-03 -9.599876782090618e-04 -1.007712682532026e+00
1 39 -1.000277515669107e+00 -1.883369480982356e-03 -9.607084081869227e-04 -1.007716506288732e+00
1 40 -1.000277008310833e+00 -1.882344450696354e-03 -9.614331122644203e-04 -1.007720279570392e+00
1 41 -1.000276508523620e+00 -1.881361415788406e-03 -9.621527927315365e-04 -1.007723962880575e+00
1 42 -1.000276022136817e+00 -1.880431138852913e-03 -9.628568971366767e-04 -1.007727516663026e+00
1 43 -1.000275554859006e+00 -1.879564258779115e-03 -9.635335355082475e-04 -1.007730901779905e+00
1 44 -1.000275112185926e+00 -1.878771143837938e-03 -9.641697509843622e-04 -1.007734080024280e+00
1 45 -1.000274699307876e+00 -1.878061733713150e-03 -9.647518557517582e-04 -1.007737014663881e+00
1 46 -1.000274321021129e+00 -1.877445368307092e-03 -9.652658432529231e-04 -1.007739671011213e+00
1 47 -1.000273981647164e+00 -1.876930602226060e-03 -9.656978759026075e-04 -1.007742017014331e+00
1 48 -1.000273684961647e+00 -1.876525006885554e-03 -9.660348291474618e-04 -1.007744023860419e+00
1 49 -1.000273434133393e+00 -1.876234966981182e-03 -9.662648551811568e-04 -1.007745666577669e+00
1 50 -1.000273231673294e+00 -1.876065483557390e-03 -9.663779197843882e-04 -1.007746924608967e+00
1 51 -1.000273079394502e+00 -1.876020000005875e-03 -9.663662667512173e-04 -1.007747782317732e+00
1 52 -1.000272978387043e+00 -1.876100267734320e-03 -9.662247758105254e-04 -1.007748229379791e+00
1 53 -1.000272929010854e+00 -1.876306263973032e-03 -9.659511986429674e-04 -1.007748261021605e+00
1 54 -1.000272930910557e+00 -1.876636166678398e-03 -9.655462773285399e-04 -1.007747878083358e+00
1 55 -1.000272983053091e+00 -1.877086383886638e-03 -9.650137624070894e-04 -1.007747086908636e+00
1 56 -1.000273083786418e+00 -1.877651629826832e-03 -9.643603484508780e-04 -1.007745899083313e+00
1 57 -1.000273230914245e+00 -1.878325038404322e-03 -9.635955353291365e-04 -1.007744331060429e+00
1 58 -1.000273421779403e+00 -1.879098305722362e-03 -9.627314109911084e-04 -1.007742403711752e+00
1 59 -1.000273653348311e+00 -1.879961856082344e-03 -9.617823450559573e-04 -1.007740141838999e+00
1 60 -1.000273922291100e+00 -1.880905028787579e-03 -9.607645862321386e-04 -1.007737573662029e+00
1 61 -1.000274225055063e+00 -1.881916283807440e-03 -9.596957703167468e-04 -1.007734730288243e+00
1 62 -1.000274557931372e+00 -1.882983421615186e-03 -9.585943650758326e-04 -1.007731645165483e+00
1 63 -1.000274917115768e+00 -1.884093807927134e-03 -9.574790959033858e-04 -1.007728353528322e+00
2 0 -1.000275752902834e+00 -1.884912982921716e-03 -9.592844608210682e-04 -1.007724451335809e+00
2 1 -1.000276153891764e+00 -1.886076630970652e-03 -9.581843770532695e-04 -1.007720849578137e+00
2 2 -1.000276568664489e+00 -1.887242427324146e-03 -9.571260115074433e-04 -1.007717160997342e+00
2 3 -1.000276993534912e+00 -1.888397951094884e-03 -9.561245731739997e-04 -1.007713422866713e+00
2 4 -1.000277424944567e+00 -1.889531268333348e-03 -9.551935491602841e-04 -1.007709671836729e+00
2 5 -1.000277859476196e+00 -1.890631055727684e-03 -9.543445060408395e-04 -1.007705943610732e+00
2 6 -1.000278293854063e+00 -1.891686710319175e-03 -9.535869281584049e-04 -1.007702272661158e+00
2 7 -1.000278724932887e+00 -1.892688444190635e-03 -9.529280966871020e-04 -1.007698691981834e+00
2 8 -1.000279149679181e+00 -1.893627361024768e-03 -9.523730235078802e-04 -1.007695232875261e+00
2 9 -1.000279565150034e+00 -1.894495511868339e-03 -9.519244561182840e-04 -1.007691924773427e+00
2 10 -1.000279968474556e+00 -1.895285929887958e-03 -9.515829625740356e-04 -1.007688795088223e+00
2 11 -1.000280356841535e+00 -1.895992647038225e-03 -9.513470911487516e-04 -1.007685869085747e+00
2 12 -1.000280727494224e+00 -1.896610697657627e-03 -9.512135846459415e-04 -1.007683169779503e+00
2 13 -1.000281077730573e+00 -1.897136113316360e-03 -9.511776223807760e-04 -1.007680717841699e+00
2 14 -1.000281404905843e+00 -1.897565909636419e-03 -9.512330673312439e-04 -1.007678531539280e+00
2 15 -1.000281706434966e+00 -1.897898061714434e-03 -9.513727077778827e-04 -1.007676626707314e+00
2 16 -1.000281979793782e+00 -1.898131463126610e-03 -9.515884949222284e-04 -1.007675016771424e+00
2 17 -1.000282222520634e+00 -1.898265865001549e-03 -9.518717864516503e-04 -1.007673712822648e+00
2 18 -1.000282432221763e+00 -1.898301795231669e-03 -9.522136092584356e-04 -1.007672723735978e+00
2 19 -1.000282606585026e+00 -1.898240462831320e-03 -9.526049502334938e-04 -1.007672056310453e+00
2 20 -1.000282743406338e+00 -1.898083658084568e-03 -9.530370710983895e-04 -1.007671715396228e+00
2 21 -1.000282840631506e+00 -1.897833662941831e-03 -9.535018264790894e-04 -1.007671703969148e+00
2 22 -1.000282896412672e+00 -1.897493184854951e-03 -9.539919531975717e-04 -1.007672023124160e+00
2 23 -1.000282909174758e+00 -1.897065320755847e-03 -9.545012988142522e-04 -1.007672671983282e+00
2 24 -1.000282877684926e+00 -1.896553549954287e-03 -9.550249670042879e-04 -1.007673647538702e+00
2 25 -1.000282801118077e+00 -1.895961748957910e-03 -9.555593716202457e-04 -1.007674944465558e+00
2 26 -1.000282679112990e+00 -1.895294218100222e-03 -9.561022069987862e-04 -1.007676554941789e+00
2 27 -1.000282511815952e+00 -1.894555708884452e-03 -9.566523553218111e-04 -1.007678468508026e+00
2 28 -1.000282299911168e+00 -1.893751443096347e-03 -9.572097560651414e-04 -1.007680671988090e+00
2 29 -1.000282044639627e+00 -1.892887120512821e-03 -9.577752537389886e-04 -1.007683149470580e+00
2 30 -1.000281747809012e+00 -1.891968918546953e-03 -9.583504232471295e-04 -1.007685882334150e+00
2 31 -1.000281411795876e+00 -1.891003490146469e-03 -9.589373585097039e-04 -1.007688849295618e+00
2 32 -1.000281039538651e+00 -1.889997964682416e-03 -9.595384075139882e-04 -1.007692026471103e+00
2 33 -1.000280634518627e+00 -1.888959953007730e-03 -9.601558460872297e-04 -1.007695387453509e+00
2 34 -1.000280200726744e+00 -1.887897554523188e-03 -9.607914997343259e-04 -1.007698903415974e+00
2 35 -1.000279742616235e+00 -1.886819361011264e-03 -9.614463429446729e-04 -1.007702543252031e+00
2 36 -1.000279265043308e+00 -1.885734449496892e-03 -9.621201210222549e-04 -1.007706273762446e+00
2 37 -1.000278773199601e+00 -1.884652356270061e-03 -9.628110420501273e-04 -1.007710059894705e+00
2 38 -1.000278272540633e+00 -1.883583027214943e-03 -9.635155730375968e-04 -1.007713865033480e+00
2 39 -1.000277768713197e+00 -1.882536743735684e-03 -9.642283514868188e-04 -1.007717651335126e+00
2 40 -1.000277267481942e+00 -1.881524026471745e-03 -9.649422030558007e-04 -1.007721380100736e+00
2 41 -1.000276774653049e+00 -1.880555520439912e-03 -9.656482451401465e-04 -1.007725012186791e+00
2 42 -1.000276295992553e+00 -1.879641865936958e-03 -9.663360560372121e-04 -1.007728508453305e+00
2 43 -1.000275837138627e+00 -1.878793559019638e-03 -9.669938974913860e-04 -1.007731830247186e+00
2 44 -1.000275403509514e+00 -1.878020803108791e-03 -9.676089905360218e-04 -1.007734939917512e+00
2 45 -1.000275000210802e+00 -1.877333350669005e-03 -9.681678539139362e-04 -1.007737801359418e+00
2 46 -1.000274631946773e+00 -1.876740333145109e-03 -9.686567144382727e-04 -1.007740380581415e+00
2 47 -1.000274302940195e+00 -1.876250078635775e-03 -9.690619881414193e-04 -1.007742646288088e+00
2 48 -1.000274016862882e+00 -1.875869919099761e-03 -9.693708147593846e-04 -1.007744570469449e+00
2 49 -1.000273776777017e+00 -1.875605992370278e-03 -9.695716125112409e-04 -1.007746128985757e+00
2 50 -1.000273585086553e+00 -1.875463049558339e-03 -9.696546099539019e-04 -1.007747302125941e+00
2 51 -1.000273443499451e+00 -1.875444283659516e-03 -9.696123102579413e-04 -1.007748075101780e+00
2 52 -1.000273353003592e+00 -1.875551196375049e-03 -9.694398525725837e-04 -1.007748438431654e+00
2 53 -1.000273313860113e+00 -1.875783515792972e-03 -9.691352530739140e-04 -1.007748388174734e+00
2 54 -1.000273325617535e+00 -1.876139170405442e-03 -9.686995274902094e-04 -1.007747925993722e+00
2 55 -1.000273387148593e+00 -1.876614318388525e-03 -9.681367092791510e-04 -1.007747059043385e+00
2 56 -1.000273496708913e+00 -1.877203426020827e-03 -9.674537797460822e-04 -1.007745799702031e+00
2 57 -1.000273652012897e+00 -1.877899385608918e-03 -9.666605201508159e-04 -1.007744165182204e+00
2 58 -1.000273850319030e+00 -1.878693662816014e-03 -9.657692859403342e-04 -1.007742177066004e+00
2 59 -1.000274088516544e+00 -1.879576466640282e-03 -9.647946956324267e-04 -1.007739860801585e+00
2 60 -1.000274363207720e+00 -1.880536939496990e-03 -9.637532277455756e-04 -1.007737245178352e+00
2 61 -1.000274670783025e+00 -1.881563365495719e-03 -9.626627313663593e-04 -1.007734361785981e+00
2 62 -1.000275007488333e+00 -1.882643391450257e-03 -9.615418752720096e-04 -1.007731244463108e+00
2 63 -1.000275369484789e+00 -1.883764251204791e-03 -9.604095772761001e-04 -1.007727928746859e+00
3 0 -1.000276258662645e+00 -1.884675350674511e-03 -9.618818961973650e-04 -1.007723809524022e+00
3 1 -1.000276661298747e+00 -1.885846291717053e-03 -9.607690337491312e-04 -1.007720193988484e+00
3 2 -1.000277076651200e+00 -1.887016737900388e-03 -9.597008672109325e-04 -1.007716500125720e+00
3 3 -1.000277501025292e+00 -1.888174215176069e-03 -9.586927271107833e-04 -1.007712765239104e+00
3 4 -1.000277930863894e+00 -1.889306764331148e-03 -9.577581845198311e-04 -1.007709025923922e+00
3 5 -1.000278362762906e+00 -1.890403067144788e-03 -9.569088493131944e-04 -1.007705317736818e+00
3 6 -1.000278793472894e+00 -1.891452557480037e-03 -9.561542094205262e-04 -1.007701674908882e+00
3 7 -1.000279219888020e+00 -1.892445515420333e-03 -9.555015141227984e-04 -1.007698130101573e+00
3 8 -1.000279639026046e+00 -1.893373141913326e-03 -9.549557129927952e-04 -1.007694714202801e+00
3 9 -1.000280048005129e+00 -1.894227612284409e-03 -9.545194640011029e-04 -1.007691456158138e+00
3 10 -1.000280444023061e+00 -1.895002108587393e-03 -9.541932187373974e-04 -1.007688382832117e+00
3 11 -1.000280824342928e+00 -1.895690833381568e-03 -9.539753803704957e-04 -1.007685518894375e+00
3 12 -1.000281186286523e+00 -1.896289010215585e-03 -9.538625159878944e-04 -1.007682886723932e+00
3 13 -1.000281527234196e+00 -1.896792875854224e-03 -9.538495978248906e-04 -1.007680506328057e+00
3 14 -1.000281844627865e+00 -1.897199665027698e-03 -9.539302521043542e-04 -1.007678395282295e+00
3 15 -1.000282135973755e+00 -1.897507583655622e-03 -9.540970055542757e-04 -1.007676568707261e+00
3 16 -1.000282398843461e+00 -1.897715765195290e-03 -9.543415305098034e-04 -1.007675039295681e+00
3 17 -1.000282630874746e+00 -1.897824207063209e-03 -9.546548963368915e-04 -1.007673817392154e+00
3 18 -1.000282829775766e+00 -1.897833687647215e-03 -9.550278376851207e-04 -1.007672911115996e+00
3 19 -1.000282993337401e+00 -1.897745668740379e-03 -9.554510470324016e-04 -1.007672326506171e+00
3 20 -1.000283119458274e+00 -1.897562193694160e-03 -9.559154879724742e-04 -1.007672067654874e+00
3 21 -1.000283206185364e+00 -1.897285795723518e-03 -9.564127104006230e-04 -1.007672136789753e+00
3 22 -1.000283251769619e+00 -1.896919429551401e-03 -9.569351381338148e-04 -1.007672534274954e+00
3 23 -1.000283254731846e+00 -1.896466432844406e-03 -9.574762992290123e-04 -1.007673258526621e+00
3 24 -1.000283213931643e+00 -1.895930516160534e-03 -9.580309773751155e-04 -1.007674305863293e+00
3 25 -1.000283128632252e+00 -1.895315774945153e-03 -9.585952748513009e-04 -1.007675670324593e+00
3 26 -1.000282998555893e+00 -1.894626714142180e-03 -9.591665916263446e-04 -1.007677343494566e+00
3 27 -1.000282823926388e+00 -1.893868274589358e-03 -9.597435383871538e-04 -1.007679314363000e+00
3 28 -1.000282605498559e+00 -1.893045852193071e-03 -9.603258069658384e-04 -1.007681569246114e+00
3 29 -1.000282344576332e+00 -1.892165306527452e-03 -9.609140149152625e-04 -1.007684091767432e+00
3 30 -1.000282043022228e+00 -1.891232961529514e-03 -9.615095260409111e-04 -1.007686862882793e+00
3 31 -1.000281703259162e+00 -1.890255603352267e-03 -9.621142360096522e-04 -1.007689860931531e+00
3 32 -1.000281328262949e+00 -1.889240479255989e-03 -9.627303090067931e-04 -1.007693061705365e+00
3 33 -1.000280921542760e+00 -1.888195299229207e-03 -9.633598582667753e-04 -1.007696438535571e+00
3 34 -1.000280487107638e+00 -1.887128239509168e-03 -9.640045777307984e-04 -1.007699962403994e+00
3 35 -1.000280029418962e+00 -1.886047943606465e-03 -9.646653506651763e-04 -1.007703602087695e+00
3 36 -1.000279553330695e+00 -1.884963513318036e-03 -9.653418768521144e-04 -1.007707324348826e+00
3 37 -1.000279064021311e+00 -1.883884482343922e-03 -9.660323638738735e-04 -1.007711094175379e+00
3 38 -1.000278566922198e+00 -1.882820768273857e-03 -9.667333166427712e-04 -1.007714875068863e+00
3 39 -1.000278067645714e+00 -1.881782601703237e-03 -9.674394390339858e-04 -1.007718629372501e+00
3 40 -1.000277571912745e+00 -1.880780432751824e-03 -9.681436424906572e-04 -1.007722318639408e+00
3 41 -1.000277085477145e+00 -1.879824817026603e-03 -9.688371449827574e-04 -1.007725904043489e+00
3 42 -1.000276614044615e+00 -1.878926285531877e-03 -9.695096410187725e-04 -1.007729346831310e+00
3 43 -1.000276163185478e+00 -1.878095203559397e-03 -9.701495289469078e-04 -1.007732608808741e+00
3 44 -1.000275738242913e+00 -1.877341620897486e-03 -9.707441926170284e-04 -1.007735652858043e+00
3 45 -1.000275344240108e+00 -1.876675112676383e-03 -9.712803437688396e-04 -1.007738443482830e+00
3 46 -1.000274985791410e+00 -1.876104609854234e-03 -9.717444322061694e-04 -1.007740947373840e+00
3 47 -1.000274667022580e+00 -1.875638219804972e-03 -9.721231217163602e-04 -1.007743133983784e+00
3 48 -1.000274391502872e+00 -1.875283038631528e-03 -9.724038156018648e-04 -1.007744976101958e+00
3 49 -1.000274162188612e+00 -1.875044958926458e-03 -9.725752020098390e-04 -1.007746450421532e+00
3 50 -1.000273981376999e+00 -1.874928481916050e-03 -9.726277793041620e-04 -1.007747538082129e+00
3 51 -1.000273850670409e+00 -1.874936549066934e-03 -9.725543187449411e-04 -1.007748225151704e+00
3 52 -1.000273770953679e+00 -1.875070410115913e-03 -9.723502288198779e-04 -1.007748503002071e+00
3 53 -1.000273742387802e+00 -1.875329540473846e-03 -9.720138015826612e-04 -1.007748368539382e+00
3 54 -1.000273764423536e+00 -1.875711614419434e-03 -9.715463395004947e-04 -1.007747824266197e+00
3 55 -1.000273835837481e+00 -1.876212534484800e-03 -9.709521739870873e-04 -1.007746878168240e+00
3 56 -1.000273954790534e+00 -1.876826511900791e-03 -9.702385907433565e-04 -1.007745543439337e+00
3 57 -1.000274118904450e+00 -1.877546188275292e-03 -9.694156732875214e-04 -1.007743838080423e+00
3 58 -1.000274325348748e+00 -1.878362787562693e-03 -9.684960677965379e-04 -1.007741784419840e+00
3 59 -1.000274570929656e+00 -1.879266290838445e-03 -9.674946648372107e-04 -1.007739408593296e+00
3 60 -1.000274852174859e+00 -1.880245630582579e-03 -9.664281933587183e-04 -1.007736740003607e+00
3 61 -1.000275165410429e+00 -1.881288901620253e-03 -9.653147328468630e-04 -1.007733810769220e+00
3 62 -1.000275506828620e+00 -1.882383582898634e-03 -9.641731668524192e-04 -1.007730655169761e+00
3 63 -1.000275872547218e+00 -1.883516761607519e-03 -9.630226162632856e-04 -1.007727309097658e+00
4 0 -1.000276810667671e+00 -1.884524579091985e-03 -9.641343477841101e-04 -1.007722971865017e+00
4 1 -1.000277215875868e+00 -1.885704709545108e-03 -9.630076549259890e-04 -1.007719336149319e+00
4 2 -1.000277632744042e+00 -1.886881761780415e-03 -9.619286554264938e-04 -1.007715630474874e+00
4 3 -1.000278057559509e+00 -1.888043192324267e-03 -9.609128071720916e-04 -1.007711892232244e+00
4 4 -1.000278486756621e+00 -1.889176999315048e-03 -9.599737707620836e-04 -1.007708158021863e+00
4 5 -1.000278916934112e+00 -1.890271851214341e-03 -9.591232037311410e-04 -1.007704463317242e+00
4 6 -1.000279344858196e+00 -1.891317199238993e-03 -9.583706003201112e-04 -1.007700842175132e+00
4 7 -1.000279767451884e+00 -1.892303371349640e-03 -9.577231788830558e-04 -1.007697326993411e+00
4 8 -1.000280181774293e+00 -1.893221645732595e-03 -9.571858260400344e-04 -1.007693948312926e+00
4 9 -1.000280584995806e+00 -1.894064302491016e-03 -9.567611088324891e-04 -1.007690734657206e+00
4 10 -1.000280974375148e+00 -1.894824653541006e-03 -9.564493616870869e-04 -1.007687712404621e+00
4 11 -1.000281347242881e+00 -1.895497053475556e-03 -9.562488437910951e-04 -1.007684905686439e+00
4 12 -1.000281700993317e+00 -1.896076897175828e-03 -9.561559495243830e-04 -1.007682336301608e+00
4 13 -1.000282033083874e+00 -1.896560609643673e-03 -9.561654482627631e-04 -1.007680023642771e+00
4 14 -1.000282341038374e+00 -1.896945628844797e-03 -9.562707341120411e-04 -1.007677984640207e+00
4 15 -1.000282622450313e+00 -1.897230377146802e-03 -9.564640765604260e-04 -1.007676233740911e+00
4 16 -1.000282874984053e+00 -1.897414215589881e-03 -9.567368725112298e-04 -1.007674782938239e+00
4 17 -1.000283096375062e+00 -1.897497377848735e-03 -9.570799057347489e-04 -1.007673641855545e+00
4 18 -1.000283284432994e+00 -1.897480884755947e-03 -9.574836217864193e-04 -1.007672817873883e+00
4 19 -1.000283437052579e+00 -1.897366444644578e-03 -9.579384236907788e-04 -1.007672316282015e+00
4 20 -1.000283552237198e+00 -1.897156349744770e-03 -9.584349843781367e-04 -1.007672140415585e+00
4 21 -1.000283628138144e+00 -1.896853382546757e-03 -9.589645587892539e-04 -1.007672291746507e+00
4 22 -1.000283663109137e+00 -1.896460745056668e-03 -9.595192690415147e-04 -1.007672769892687e+00
4 23 -1.000283655771496e+00 -1.895982017750108e-03 -9.600923351527211e-04 -1.007673572541626e+00
4 24 -1.000283605082723e+00 -1.895421147289826e-03 -9.606782305287223e-04 -1.007674695306688e+00
4 25 -1.000283510400936e+00 -1.894782456312345e-03 -9.612727522162666e-04 -1.007676131550349e+00
4 26 -1.000283371539306e+00 -1.894070665638036e-03 -9.618730086192516e-04 -1.007677872212455e+00
4 27 -1.000283188807444e+00 -1.893290918757982e-03 -9.624773393385450e-04 -1.007679905675923e+00
4 28 -1.000282963039669e+00 -1.892448800642217e-03 -9.630851877404239e-04 -1.007682217688740e+00
4 29 -1.000282695612332e+00 -1.891550347401637e-03 -9.636969426557816e-04 -1.007684791343567e+00
4 30 -1.000282388452599e+00 -1.890602047925965e-03 -9.643137537467124e-04 -1.007687607103198e+00
4 31 -1.000282044039441e+00 -1.889610841144673e-03 -9.649373135018610e-04 -1.007690642857180e+00
4 32 -1.000281665395384e+00 -1.888584112776173e-03 -9.655695944223680e-04 -1.007693873999585e+00
4 33 -1.000281256066585e+00 -1.887529694000016e-03 -9.662125348501495e-04 -1.007697273524947e+00
4 34 -1.000280820089133e+00 -1.886455861546608e-03 -9.668676796941675e-04 -1.007700812147014e+00
4 35 -1.000280361941066e+00 -1.885371334961922e-03 -9.675357993006161e-04 -1.007704458451091e+00
4 36 -1.000279886481946e+00 -1.884285264499530e-03 -9.682165241984981e-04 -1.007708179090425e+00
4 37 -1.000279398884327e+00 -1.883207203714041e-03 -9.689080378602013e-04 -1.007711939029019e+00
4 38 -1.000278904562196e+00 -1.882147062941251e-03 -9.696068610527351e-04 -1.007715701826046e+00
4 39 -1.000278409099522e+00 -1.881115041227241e-03 -9.703077442981913e-04 -1.007719429958732e+00
4 40 -1.000277918178494e+00 -1.880121535321473e-03 -9.710036673644531e-04 -1.007723085186962e+00
4 41 -1.000277437504824e+00 -1.879177026891915e-03 -9.716859324875241e-04 -1.007726628963220e+00
4 42 -1.000276972727586e+00 -1.878291952349175e-03 -9.723443336685301e-04 -1.007730022885186e+00
4 43 -1.000276529352752e+00 -1.877476560479812e-03 -9.729673879996754e-04 -1.007733229184512e+00
4 44 -1.000276112651695e+00 -1.876740760777754e-03 -9.735426238138185e-04 -1.007736211247126e+00
4 45 -1.000275727568203e+00 -1.876093962938415e-03 -9.740569285015308e-04 -1.007738934160333e+00
4 46 -1.000275378629593e+00 -1.875544907759566e-03 -9.744969600323027e-04 -1.007741365276371e+00
4 47 -1.000275069867440e+00 -1.875101490450544e-03 -9.748496190690607e-04 -1.007743474779022e+00
4 48 -1.000274804750905e+00 -1.874770577621922e-03 -9.751025665717884e-04 -1.007745236244645e+00
4 49 -1.000274586132302e+00 -1.874557820712157e-03 -9.752447596005248e-04 -1.007746627192612e+00
4 50 -1.000274416203261e+00 -1.874467473412542e-03 -9.752669689113633e-04 -1.007747629610841e+00
4 51 -1.000274296461183e+00 -1.874502226770290e-03 -9.751622385593962e-04 -1.007748230424107e+00
4 52 -1.000274227687856e+00 -1.874663078374028e-03 -9.749262525367250e-04 -1.007748421861755e+00
4 53 -1.000274209943548e+00 -1.874949249374224e-03 -9.745575864062526e-04 -1.007748201685006e+00
4 54 -1.000274242580330e+00 -1.875358157192956e-03 -9.740578385546210e-04 -1.007747573247185e+00
4 55 -1.000274324277558e+00 -1.875885445248494e-03 -9.734316494143953e-04 -1.007746545377663e+00
4 56 -1.000274453099835e+00 -1.876525064869948e-03 -9.726866229580423e-04 -1.007745132101842e+00
4 57 -1.000274626573743e+00 -1.877269399936028e-03 -9.718331623903783e-04 -1.007743352231386e+00
4 58 -1.000274841776094e+00 -1.878109423562435e-03 -9.708842248092496e-04 -1.007741228870000e+00
4 59 -1.000275095425258e+00 -1.879034878536771e-03 -9.698549935025374e-04 -1.007738788874902e+00
4 60 -1.000275383968448e+00 -1.880034476337058e-03 -9.687624667872107e-04 -1.007736062299868e+00
4 61 -1.000275703660443e+00 -1.881096110589630e-03 -9.676249706770338e-04 -1.007733081833846e+00
4 62 -1.000276050632121e+00 -1.882207079613677e-03 -9.664616164594282e-04 -1.007729882243176e+00
4 63 -1.000276420949783e+00 -1.883354310891356e-03 -9.652917376875812e-04 -1.007726499823097e+00
5 0 -1.000277403047989e+00 -1.884462665173664e-03 -9.660181757530536e-04 -1.007721946377660e+00
5 1 -1.000277811729856e+00 -1.885653794298685e-03 -9.648767135871106e-04 -1.007718284281386e+00
5 2 -1.000278231037153e+00 -1.886839346732413e-03 -9.637859247513587e-04 -1.007714560385667e+00
5 3 -1.000278657230312e+00 -1.888006694565653e-03 -9.627613993092898e-04 -1.007710812222225e+00
5 4 -1.000279086725643e+00 -1.889143776852818e-03 -9.618168926007610e-04 -1.007707076454750e+00
5 5 -1.000279516114327e+00 -1.890239230323255e-03 -9.609641150378921e-04 -1.007703388538043e+00
5 6 -1.000279942167127e+00 -1.891282503365443e-03 -9.602125715956821e-04 -1.007699782424654e+00
5 7 -1.000280361824782e+00 -1.892263950903871e-03 -9.595694525142851e-04 -1.007696290320951e+00
5 8 -1.000280772177246e+00 -1.893174907550084e-03 -9.590395826143078e-04 -1.007692942491491e+00
5 9 -1.000281170437470e+00 -1.894007737494069e-03 -9.586254385336590e-04 -1.007689767106829e+00
5 10 -1.000281553916304e+00 -1.894755861755542e-03 -9.583272389253136e-04 -1.007686790126880e+00
5 11 -1.000281920003898e+00 -1.895413766431798e-03 -9.581431022404387e-04 -1.007684035209650e+00
5 12 -1.000282266160163e+00 -1.895976997974202e-03 -9.580692553534753e-04 -1.007681523634802e+00
5 13 -1.000282589913442e+00 -1.896442150825768e-03 -9.581002714236271e-04 -1.007679274236706e+00
5 14 -1.000282888863901e+00 -1.896806848349665e-03 -9.582293197621759e-04 -1.007677303352913e+00
5 15 -1.000283160687392e+00 -1.897069712812266e-03 -9.584484197855674e-04 -1.007675624804621e+00
5 16 -1.000283403137130e+00 -1.897230318227477e-03 -9.587486992946348e-04 -1.007674249926601e+00
5 17 -1.000283614043677e+00 -1.897289122268210e-03 -9.591206618469859e-04 -1.007673187653221e+00
5 18 -1.000283791316927e+00 -1.897247378228361e-03 -9.595544690856005e-04 -1.007672444651122e+00
5 19 -1.000283932955511e+00 -1.897107033036711e-03 -9.600402408804072e-04 -1.007672025474731e+00
5 20 -1.000284037068830e+00 -1.896870621790642e-03 -9.605683680749169e-04 -1.007671932710880e+00
5 21 -1.000284101914835e+00 -1.896541172199205e-03 -9.611298218413272e-04 -1.007672167075185e+00
5 22 -1.000284125953243e+00 -1.896122131587111e-03 -9.617164356824644e-04 -1.007672727430484e+00
5 23 -1.000284107909925e+00 -1.895617323657584e-03 -9.623211350889451e-04 -1.007673610718368e+00
5 24 -1.000284046845114e+00 -1.895030934265853e-03 -9.629380954472798e-04 -1.007674811821151e+00
5 25 -1.000283942217405e+00 -1.894367519044679e-03 -9.635628182868639e-04 -1.007676323390184e+00
5 26 -1.000283793937311e+00 -1.893632023106712e-03 -9.641921270890666e-04 -1.007678135679789e+00
5 27 -1.000283602407525e+00 -1.892829803570972e-03 -9.648240943033760e-04 -1.007680236417348e+00
5 28 -1.000283368550129e+00 -1.891966647817760e-03 -9.654579170603941e-04 -1.007682610726708e+00
5 29 -1.000283093822833e+00 -1.891048783564498e-03 -9.660937570024689e-04 -1.007685241108430e+00
5 30 -1.000282780226528e+00 -1.890082880689257e-03 -9.667325507064159e-04 -1.007688107468661e+00
5 31 -1.000282430305144e+00 -1.889076047873953e-03 -9.673757870938133e-04 -1.007691187182048e+00
5 32 -1.000282047136791e+00 -1.888035827960948e-03 -9.680252433981180e-04 -1.007694455176523e+00
5 33 -1.000281634313549e+00 -1.886970194116017e-03 -9.686826747683847e-04 -1.007697884037085e+00
5 34 -1.000281195907278e+00 -1.885887545853697e-03 -9.693494635558918e-04 -1.007701444135040e+00
5 35 -1.000280736420833e+00 -1.884796701484647e-03 -9.700262490210844e-04 -1.007705103791950e+00
5 36 -1.000280260726997e+00 -1.883706882406685e-03 -9.707125709696972e-04 -1.007708829483629e+00
5 37 -1.000279773999755e+00 -1.882627684575206e-03 -9.714065657874092e-04 -1.007712586084163e+00
5 38 -1.000279281642747e+00 -1.881569032855246e-03 -9.721047475556987e-04 -1.007716337148092e+00
5 39 -1.000278789217873e+00 -1.880541114725600e-03 -9.728018927529903e-04 -1.007720045231058e+00
5 40 -1.000278302374009e+00 -1.879554291444764e-03 -9.734910307570609e-04 -1.007723672251815e+00
5 41 -1.000277826773455e+00 -1.878618987368658e-03 -9.741635301495561e-04 -1.007727179898367e+00
5 42 -1.000277368013120e+00 -1.877745560634571e-03 -9.748092657822602e-04 -1.007730530078259e+00
5 43 -1.000276931538864e+00 -1.876944159544738e-03 -9.754168534291474e-04 -1.007733685409744e+00
5 44 -1.000276522554153e+00 -1.876224568413611e-03 -9.759739449143899e-04 -1.007736609747241e+00
5 45 -1.000276145927089e+00 -1.875596045385413e-03 -9.764675826146173e-04 -1.007739268730745e+00
5 46 -1.000275806101734e+00 -1.875067153751405e-03 -9.768846138315573e-04 -1.007741630345866e+00
5 47 -1.000275507019308e+00 -1.874645587702287e-03 -9.772121606055450e-04 -1.007743665482264e+00
5 48 -1.000275252052397e+00 -1.874337993381193e-03 -9.774381306232830e-04 -1.007745348482973e+00
5 49 -1.000275043952155e+00 -1.874149787656397e-03 -9.775517439453275e-04 -1.007746657679210e+00
5 50 -1.000274884806767e+00 -1.874084981132238e-03 -9.775440421350753e-04 -1.007747575898097e+00
5 51 -1.000274776010100e+00 -1.874146017319745e-03 -9.774083432659542e-04 -1.007748090916031e+00
5 52 -1.000274718241711e+00 -1.874333643383245e-03 -9.771406094312087e-04 -1.007748195817876e+00
5 53 -1.000274711461444e+00 -1.874646826943535e-03 -9.767397031448636e-04 -1.007747889220814e+00
5 54 -1.000274754922609e+00 -1.875082728265350e-03 -9.762075234974488e-04 -1.007747175332601e+00
5 55 -1.000274847206875e+00 -1.875636730075472e-03 -9.755490270251726e-04 -1.007746063833098e+00
5 56 -1.000274986281578e+00 -1.876302520667478e-03 -9.747721460649904e-04 -1.007744569590253e+00
5 57 -1.000275169576414e+00 -1.877072221440311e-03 -9.738876166970201e-04 -1.007742712242052e+00
5 58 -1.000275394072860e+00 -1.877936548391721e-03 -9.729087226746199e-04 -1.007740515687981e+00
5 59 -1.000275656397664e+00 -1.878884998197857e-03 -9.718509571438793e-04 -1.007738007532630e+00
5 60 -1.000275952912517e+00 -1.879906051989663e-03 -9.707316046318459e-04 -1.007735218512695e+00
5 61 -1.000276279794692e+00 -1.880987391796181e-03 -9.695692523223041e-04 -1.007732181924626e+00
5 62 -1.000276633106792e+00 -1.882116124601355e-03 -9.683832503587874e-04 -1.007728933060941e+00
5 63 -1.000277008856392e+00 -1.883279007396936e-03 -9.671931525295218e-04 -1.007725508660332e+00
6 0 -1.000278029511521e+00 -1.884490662496903e-03 -9.675127805355689e-04 -1.007720743629542e+00
6 1 -1.000278442533639e+00 -1.885694487748740e-03 -9.663557565198983e-04 -1.007717049235282e+00
6 2 -1.000278865179194e+00 -1.886890347450783e-03 -9.652523292931068e-04 -1.007713300910778e+00
6 3 -1.000279293673308e+00 -1.888065515404517e-03 -9.642182249370055e-04 -1.007709536379970e+00
6 4 -1.000279724404932e+00 -1.889207855717979e-03 -9.632672985362871e-04 -1.007705792427096e+00
6 5 -1.000280153947393e+00 -1.890305955348213e-03 -9.624113191669757e-04 -1.007702104552346e+00
6 6 -1.000280579064970e+00 -1.891349240003250e-03 -9.616598080996736e-04 -1.007698506673689e+00
6 7 -1.000280996704794e+00 -1.892328070503284e-03 -9.610199319321049e-04 -1.007695030879074e+00
6 8 -1.000281403976472e+00 -1.893233816098545e-03 -9.604964570114720e-04 -1.007691707231491e+00
6 9 -1.000281798124911e+00 -1.894058902942232e-03 -9.600917724849468e-04 -1.007688563623159e+00
6 10 -1.000282176503364e+00 -1.894796839029831e-03 -9.598059847984204e-04 -1.007685625668393e+00
6 11 -1.000282536552862e+00 -1.895442220085358e-03 -9.596370768466582e-04 -1.007682916621878e+00
6 12 -1.000282875791093e+00 -1.895990722693034e-03 -9.595811152854585e-04 -1.007680457310634e+00
6 13 -1.000283191810222e+00 -1.896439089966306e-03 -9.596324862432611e-04 -1.007678266073865e+00
6 14 -1.000283482280313e+00 -1.896785110844937e-03 -9.597841444977539e-04 -1.007676358715344e+00
6 15 -1.000283744953865e+00 -1.897027588929275e-03 -9.600278696818712e-04 -1.007674748484408e+00
6 16 -1.000283977668140e+00 -1.897166294311118e-03 -9.603545299347772e-04 -1.007673446105054e+00
6 17 -1.000284178345152e+00 -1.897201893986349e-03 -9.607543567979950e-04 -1.007672459862801e+00
6 18 -1.000284344992807e+00 -1.897135861622479e-03 -9.612172353629728e-04 -1.007671795740899e+00
6 19 -1.000284475712877e+00 -1.896970373053085e-03 -9.617330101714191e-04 -1.007671457581280e+00
6 20 -1.000284568721302e+00 -1.896708198441926e-03 -9.622917998188557e-04 -1.007671447235710e+00
6 21 -1.000284622384250e+00 -1.896352604687998e-03 -9.628843042436729e-04 -1.007671764669640e+00
6 22 -1.000284635269947e+00 -1.895907280624130e-03 -9.635020828990822e-04 -1.007672407988470e+00
6 23 -1.000284606212192e+00 -1.895376291957947e-03 -9.641377819337212e-04 -1.007673373376390e+00
6 24 -1.000284534378050e+00 -1.894764064952678e-03 -9.647852931912690e-04 -1.007674654965060e+00
6 25 -1.000284419331299e+00 -1.894075391705550e-03 -9.654398353804947e-04 -1.007676244668233e+00
6 26 -1.000284261085278e+00 -1.893315447659193e-03 -9.660979571114707e-04 -1.007678132020836e+00
6 27 -1.000284060142260e+00 -1.892489812522547e-03 -9.667574708851793e-04 -1.007680304052319e+00
6 28 -1.000283817519555e+00 -1.891604487514576e-03 -9.674173328679934e-04 -1.007682745212525e+00
6 29 -1.000283534764275e+00 -1.890665904787708e-03 -9.680774822599203e-04 -1.007685437355704e+00
6 30 -1.000283213959299e+00 -1.889680928903357e-03 -9.687386472519180e-04 -1.007688359774699e+00
6 31 -1.000282857721926e+00 -1.888656853307310e-03 -9.694021167782613e-04 -1.007691489269315e+00
6 32 -1.000282469194376e+00 -1.887601394878405e-03 -9.700694734439958e-04 -1.007694800237015e+00
6 33 -1.000282052023077e+00 -1.886522687478865e-03 -9.707422854342722e-04 -1.007698264785716e+00
6 34 -1.000281610323764e+00 -1.885429273425894e-03 -9.714217635675595e-04 -1.007701852875808e+00
6 35 -1.000281148631899e+00 -1.884330090897237e-03 -9.721084016738849e-04 -1.007705532496655e+00
6 36 -1.000280671841130e+00 -1.883234454480432e-03 -9.728016298817017e-04 -1.007709269878369e+00
6 37 -1.000280185134306e+00 -1.882152024845209e-03 -9.734995158163040e-04 -1.007713029738580e+00
6 38 -1.000279693911692e+00 -1.881092762896089e-03 -9.741985447959304e-04 -1.007716775565119e+00
6 39 -1.000279203719477e+00 -1.880066864617872e-03 -9.748934982862793e-04 -1.007720469935746e+00
6 40 -1.000278720179061e+00 -1.879084674576555e-03 -9.755774355530553e-04 -1.007724074876505e+00
6 41 -1.000278248914757e+00 -1.878156577803517e-03 -9.762417722313226e-04 -1.007727552262551e+00
6 42 -1.000277795476318e+00 -1.877292871604496e-03 -9.768764440860275e-04 -1.007730864265785e+00
6 43 -1.000277365254121e+00 -1.876503620801403e-03 -9.774701441603081e-04 -1.007733973848407e+00
6 44 -1.000276963388214e+00 -1.875798501165365e-03 -9.780106247630970e-04 -1.007736845292910e+00
6 45 -1.000276594675593e+00 -1.875186635390570e-03 -9.784850596067254e-04 -1.007739444753342e+00
6 46 -1.000276263481753e+00 -1.874676424291837e-03 -9.788804628247194e-04 -1.007741740812641e+00
6 47 -1.000275973662161e+00 -1.874275374367469e-03 -9.791841583454851e-04 -1.007743705034374e+00
6 48 -1.000275728497121e+00 -1.873989922502765e-03 -9.793842854013256e-04 -1.007745312501243e+00
6 49 -1.000275530640424e+00 -1.873825259910691e-03 -9.794703167361595e-04 -1.007746542334559e+00
6 50 -1.000275382079900e+00 -1.873785160765590e-03 -9.794335589644208e-04 -1.007747378184281e+00
6 51 -1.000275284108176e+00 -1.873871825840591e-03 -9.792676017065334e-04 -1.007747808666940e+00
6 52 -1.000275237304199e+00 -1.874085755485781e-03 -9.789686842373295e-04 -1.007747827714916e+00
6 53 -1.000275241528531e+00 -1.874425666612864e-03 -9.785359556472365e-04 -1.007747434795668e+00
6 54 -1.000275295936435e+00 -1.874888464143274e-03 -9.779716162991764e-04 -1.007746634968414e+00
6 55 -1.000275399012118e+00 -1.875469270501730e-03 -9.772809414832209e-04 -1.007745438764444e+00
6 56 -1.000275548625335e+00 -1.876161509874323e-03 -9.764721973678547e-04 -1.007743861899296e+00
6 57 -1.000275742108036e+00 -1.876957038850163e-03 -9.755564612407755e-04 -1.007741924845927e+00
6 58 -1.000275976344734e+00 -1.877846312606237e-03 -9.745473544712623e-04 -1.007739652312348e+00
6 59 -1.000276247867812e+00 -1.878818576264082e-03 -9.734606930555702e-04 -1.007737072669044e+00
6 60 -1.000276552949373e+00 -1.879862073490296e-03 -9.723140612503431e-04 -1.007734217360541e+00
6 61 -1.000276887684010e+00 -1.880964266615706e-03 -9.711263192704238e-04 -1.007731120320535e+00
6 62 -1.000277248060108e+00 -1.882112062809301e-03 -9.699170647568896e-04 -1.007727817400405e+00
6 63 -1.000277630020026e+00 -1.883292039626973e-03 -9.687060772028821e-04 -1.007724345817666e+00
7 0 -1.000278683420480e+00 -1.884608637296052e-03 -9.686009112359377e-04 -1.007719376661203e+00
7 1 -1.000279101603262e+00 -1.885826720979685e-03 -9.674277115627427e-04 -1.007715644411238e+00
7 2 -1.000279528450495e+00 -1.887034583830224e-03 -9.663109355198691e-04 -1.007711865731818e+00
7 3 -1.000279960144043e+00 -1.888219388548339e-03 -9.652664481746127e-04 -1.007708078587522e+00
7 4 -1.000280393036497e+00 -1.889368909105978e-03 -9.643082091572120e-04 -1.007704319939061e+00
7 5 -1.000280823673414e+00 -1.890471665544578e-03 -9.634480521693282e-04 -1.007700625393850e+00
7 6 -1.000281248801882e+00 -1.891517041926146e-03 -9.626955210365817e-04 -1.007697028902562e+00
7 7 -1.000281665364017e+00 -1.892495384013986e-03 -9.620577647445549e-04 -1.007693562508096e+00
7 8 -1.000282070477327e+00 -1.893398073064628e-03 -9.615394968227301e-04 -1.007690256150099e+00
7 9 -1.000282461407271e+00 -1.894217573869951e-03 -9.611430243412258e-04 -1.007687137521629e+00
7 10 -1.000282835539046e+00 -1.894947458242112e-03 -9.608683472554958e-04 -1.007684231968124e+00
7 11 -1.000283190355089e+00 -1.895582408630079e-03 -9.607133199398796e-04 -1.007681562414800e+00
7 12 -1.000283523422152e+00 -1.896118208877169e-03 -9.606738581591782e-04 -1.007679149307961e+00
7 13 -1.000283832388162e+00 -1.896551728114787e-03 -9.607441727679500e-04 -1.007677010561114e+00
7 14 -1.000284114985747e+00 -1.896880899008635e-03 -9.609170172863549e-04 -1.007675161509539e+00
7 15 -1.000284369037487e+00 -1.897104685910020e-03 -9.611839449919009e-04 -1.007673614890831e+00
7 16 -1.000284592458959e+00 -1.897223035980225e-03 -9.615355768563205e-04 -1.007672380872813e+00
7 17 -1.000284783258944e+00 -1.897236808559077e-03 -9.619618835092313e-04 -1.007671467139846e+00
7 18 -1.000284939540097e+00 -1.897147683230956e-03 -9.624524834748857e-04 -1.007670879030487e+00
7 19 -1.000285059505623e+00 -1.896958052884283e-03 -9.629969558458295e-04 -1.007670619703035e+00
7 20 -1.000285141477706e+00 -1.896670913178194e-03 -9.635851581655993e-04 -1.007670690294047e+00
7 21 -1.000285183931589e+00 -1.896289762654601e-03 -9.642075326765415e-04 -1.007671090030524e+00
7 22 -1.000285185545821e+00 -1.895818526178145e-03 -9.648553806004948e-04 -1.007671816263995e+00
7 23 -1.000285145264733e+00 -1.895261508180176e-03 -9.655210857532805e-04 -1.007672864416731e+00
7 24 -1.000285062365472e+00 -1.894623374351552e-03 -9.661982731518611e-04 -1.007674227857533e+00
7 25 -1.000284936520950e+00 -1.893909154820500e-03 -9.668818938088375e-04 -1.007675897742490e+00
7 26 -1.000284767852144e+00 -1.893124259723734e-03 -9.675682342004750e-04 -1.007677862858662e+00
7 27 -1.000284556966635e+00 -1.892274498313528e-03 -9.682548571689424e-04 -1.007680109501407e+00
7 28 -1.000284304983399e+00 -1.891366094526589e-03 -9.689404864656916e-04 -1.007682621404841e+00
7 29 -1.000284013545947e+00 -1.890405695287817e-03 -9.696248466557113e-04 -1.007685379730911e+00
7 30 -1.000283684826697e+00 -1.889400371701879e-03 -9.703084651013949e-04 -1.007688363108355e+00
7 31 -1.000283321524315e+00 -1.888357615456405e-03 -9.709924375752545e-04 -1.007691547706359e+00
7 32 -1.000282926853153e+00 -1.887285332281071e-03 -9.716781568299564e-04 -1.007694907333064e+00
7 33 -1.000282504521681e+00 -1.886191832707097e-03 -9.723670050921023e-04 -1.007698413559270e+00
7 34 -1.000282058696934e+00 -1.885085819427890e-03 -9.730600172746314e-04 -1.007702035872536e+00
7 35 -1.000281593954488e+00 -1.883976370137823e-03 -9.737575312342704e-04 -1.007705741864754e+00
7 36 -1.000281115216414e+00 -1.882872913824948e-03 -9.744588513680072e-04 -1.007709497453166e+00
7 37 -1.000280627681695e+00 -1.881785197293301e-03 -9.751619569484605e-04 -1.007713267134021e+00
7 38 -1.000280136753972e+00 -1.880723238169932e-03 -9.758632836316841e-04 -1.007717014268148e+00
7 39 -1.000279647970159e+00 -1.879697260930177e-03 -9.765575970874821e-04 -1.007720701398567e+00
7 40 -1.000279166930452e+00 -1.878717613002462e-03 -9.772379661969692e-04 -1.007724290603629e+00
7 41 -1.000278699227105e+00 -1.877794659027077e-03 -9.778958336099058e-04 -1.007727743893346e+00
7 42 -1.000278250368077e+00 -1.876938653592219e-03 -9.785211754566349e-04 -1.007731023655577e+00
7 43 -1.000277825693270e+00 -1.876159595772617e-03 -9.791027399398760e-04 -1.007734093150672e+00
7 44 -1.000277430284410e+00 -1.875467070770955e-03 -9.796283555107345e-04 -1.007736917043493e+00
7 45 -1.000277068872744e+00 -1.874870083874208e-03 -9.800853012813999e-04 -1.007739461956463e+00
7 46 -1.000276745750619e+00 -1.874376890519731e-03 -9.804607327032681e-04 -1.007741697026855e+00
7 47 -1.000276464692970e+00 -1.873994824740735e-03 -9.807421528040532e-04 -1.007743594454043e+00
7 48 -1.000276228892801e+00 -1.873730127249091e-03 -9.809179137422867e-04 -1.007745130027281e+00
7 49 -1.000276040911163e+00 -1.873587774616422e-03 -9.809777268637303e-04 -1.007746283629303e+00
7 50 -1.000275902639562e+00 -1.873571313558801e-03 -9.809131539646333e-04 -1.007747039709011e+00
7 51 -1.000275815272617e+00 -1.873682709159783e-03 -9.807180497112154e-04 -1.007747387704310e+00
7 52 -1.000275779291127e+00 -1.873922220489837e-03 -9.803889261045002e-04 -1.007747322380726e+00
7 53 -1.000275794458236e+00 -1.874288318251669e-03 -9.799252151121405e-04 -1.007746844044781e+00
7 54 -1.000275859832558e+00 -1.874777655694467e-03 -9.793294150050663e-04 -1.007745958598531e+00
7 55 -1.000275973801817e+00 -1.875385097678657e-03 -9.786071175206612e-04 -1.007744677418830e+00
7 56 -1.000276134138756e+00 -1.876103805831968e-03 -9.777669226340041e-04 -1.007743017066256e+00
7 57 -1.000276338077587e+00 -1.876925372009500e-03 -9.768202519013910e-04 -1.007740998850308e+00
7 58 -1.000276582405078e+00 -1.877839989010813e-03 -9.757810703794378e-04 -1.007738648294060e+00
7 59 -1.000276863557442e+00 -1.878836647343800e-03 -9.746655250982530e-04 -1.007735994545506e+00
7 60 -1.000277177714317e+00 -1.879903348955290e-03 -9.734915089028637e-04 -1.007733069773290e+00
7 61 -1.000277520883671e+00 -1.881027331175739e-03 -9.722781630031546e-04 -1.007729908569371e+00
7 62 -1.000277888974694e+00 -1.882195294970325e-03 -9.710453384129448e-04 -1.007726547370203e+00
7 63 -1.000278277858716e+00 -1.883393631085603e-03 -9.698130437137870e-04 -1.007723023903000e+00
8 0 -1.000279357871741e+00 -1.884815640466414e-03 -9.692689539928494e-04 -1.007717860852464e+00
8 1 -1.000279781978811e+00 -1.886049387980850e-03 -9.680791734191365e-04 -1.007714085620437e+00
8 2 -1.000280213844114e+00 -1.887270815265865e-03 -9.669485069890331e-04 -1.007710271018621e+00
8 3 -1.000280649599020e+00 -1.888466962693022e-03 -9.658929603655950e-04 -1.007706455296241e+00
8 4 -1.000281085551502e+00 -1.889625500419655e-03 -9.649266017487595e-04 -1.007702675641915e+00
8 5 -1.000281518209999e+00 -1.890734865513764e-03 -9.640613354440293e-04 -1.007698967828993e+00
8 6 -1.000281944293950e+00 -1.891784381938226e-03 -9.633067349782869e-04 -1.007695365907091e+00
8 7 -1.000282360729028e+00 -1.892764359614474e-03 -9.626699392944069e-04 -1.007691901947583e+00
8 8 -1.000282764628734e+00 -1.893666169157700e-03 -9.621556166350851e-04 -1.007688605845560e+00
8 9 -1.000283153267317e+00 -1.894482290298057e-03 -9.617659994421443e-04 -1.007685505175697e+00
8 10 -1.000283524050767e+00 -1.895206334613445e-03 -9.615009890129381e-04 -1.007682625094745e+00
8 11 -1.000283874492576e+00 -1.895833047162744e-03 -9.613583203531492e-04 -1.007679988277024e+00
8 12 -1.000284202198990e+00 -1.896358294884550e-03 -9.613337698033183e-04 -1.007677614864754e+00
8 13 -1.000284504864863e+00 -1.896779048825446e-03 -9.614213870534777e-04 -1.007675522419906e+00
8 14 -1.000284780277207e+00 -1.897093361724900e-03 -9.616137403467116e-04 -1.007673725880203e+00
8 15 -1.000285026321150e+00 -1.897300336042100e-03 -9.619021729951978e-04 -1.007672237538336e+00
8 16 -1.000285240983809e+00 -1.897400074895204e-03 -9.622770743593940e-04 -1.007671067067488e+00
8 17 -1.000285422355058e+00 -1.897393610800524e-03 -9.627281683737551e-04 -1.007670221605464e+00
8 18 -1.000285568628005e+00 -1.897282812414107e-03 -9.632448199851341e-04 -1.007669705892204e+00
8 19 -1.000285678104538e+00 -1.897070275485463e-03 -9.638163551570225e-04 -1.007669522438862e+00
8 20 -1.000285749211817e+00 -1.896759209700121e-03 -9.644323831079416e-04 -1.007669671693461e+00
8 21 -1.000285780534207e+00 -1.896353336166431e-03 -9.650831028780461e-04 -1.007670152162036e+00
8 22 -1.000285770861673e+00 -1.895856808625442e-03 -9.657595744530855e-04 -1.007670960451743e+00
8 23 -1.000285719250934e+00 -1.895274164923357e-03 -9.664539381298584e-04 -1.007672091225190e+00
8 24 -1.000285625091731e+00 -1.894610307189030e-03 -9.671595709808569e-04 -1.007673537082867e+00
8 25 -1.000285488169354e+00 -1.893870503400069e-03 -9.678711736758140e-04 -1.007675288409132e+00
8 26 -1.000285308716478e+00 -1.893060400925847e-03 -9.685847857371350e-04 -1.007677333220834e+00
8 27 -1.000285087450807e+00 -1.892186043273943e-03 -9.692977334747598e-04 -1.007679657050375e+00
8 28 -1.000284825598463e+00 -1.891253883606236e-03 -9.700085197077590e-04 -1.007682242882135e+00
8 29 -1.000284524905523e+00 -1.890270791932906e-03 -9.707166647914776e-04 -1.007685071146461e+00
8 30 -1.000284187640772e+00 -1.889244055968248e-03 -9.714225052888418e-04 -1.007688119763114e+00
8 31 -1.000283816591490e+00 -1.888181377038368e-03 -9.721269535821079e-04 -1.007691364221456e+00
8 32 -1.000283415051427e+00 -1.887090862093405e-03 -9.728312210527814e-04 -1.007694777688739e+00
8 33 -1.000282986798177e+00 -1.885981011963633e-03 -9.735365091202455e-04 -1.007698331145064e+00
8 34 -1.000282536057098e+00 -1.884860705312119e-03 -9.742436765853946e-04 -1.007701993548254e+00
8 35 -1.000282067450945e+00 -1.883739177159058e-03 -9.749528987770350e-04 -1.007705732032051e+00
8 36 -1.000281585937271e+00 -1.882625990310969e-03 -9.756633418572311e-04 -1.007709512138340e+00
8 37 -1.000281096738082e+00 -1.881530997775963e-03 -9.763728797887347e-04 -1.007713298080353e+00
8 38 -1.000280605267121e+00 -1.880464293999593e-03 -9.770778791277478e-04 -1.007717053032292e+00
8 39 -1.000280117058628e+00 -1.879436151841566e-03 -9.777730695674064e-04 -1.007720739444652e+00
8 40 -1.000279637698010e+00 -1.878456941121866e-03 -9.784515096040126e-04 -1.007724319392251e+00
8 41 -1.000279172751534e+00 -1.877537025105664e-03 -9.791046490049632e-04 -1.007727754966606e+00
8 42 -1.000278727691096e+00 -1.876686634298865e-03 -9.797224836357245e-04 -1.007731008720377e+00
8 43 -1.000278307811715e+00 -1.875915720720395e-03 -9.802937944115048e-04 -1.007734044161696e+00
8 44 -1.000277918142458e+00 -1.875233798056039e-03 -9.808064609998246e-04 -1.007736826287244e+00
8 45 -1.000277563354612e+00 -1.874649773336784e-03 -9.812478409298166e-04 -1.007739322137721e+00
8 46 -1.000277247673214e+00 -1.874171775111325e-03 -9.816052036217835e-04 -1.007741501356763e+00
8 47 -1.000276974798525e+00 -1.873806981970517e-03 -9.818662057742079e-04 -1.007743336735144e+00
8 48 -1.000276747841964e+00 -1.873561453543285e-03 -9.820193907217150e-04 -1.007744804728548e+00
8 49 -1.000276569277234e+00 -1.873439964808695e-03 -9.820546909579100e-04 -1.007745885945646e+00
8 50 -1.000276440904340e+00 -1.873445846081550e-03 -9.819639100195482e-04 -1.007746565603643e+00
8 51 -1.000276363823992e+00 -1.873580835926852e-03 -9.817411574388568e-04 -1.007746833936056e+00
8 52 -1.000276338422185e+00 -1.873844959677224e-03 -9.813832098904979e-04 -1.007746686520359e+00
8 53 -1.000276364367288e+00 -1.874236448215053e-03 -9.808897749238037e-04 -1.007746124484717e+00
8 54 -1.000276440623383e+00 -1.874751708825150e-03 -9.802636412965572e-04 -1.007745154559267e+00
8 55 -1.000276565483484e+00 -1.875385353906566e-03 -9.795107100093211e-04 -1.007743788953747e+00
8 56 -1.000276736624767e+00 -1.876130286617515e-03 -9.786399092738610e-04 -1.007742045063806e+00
8 57 -1.000276951184643e+00 -1.876977836675887e-03 -9.776630021856600e-04 -1.007739945029666e+00
8 58 -1.000277205852291e+00 -1.877917935523218e-03 -9.765942977764887e-04 -1.007737515188571e+00
8 59 -1.000277496966996e+00 -1.878939318743183e-03 -9.754502766628559e-04 -1.007734785469843e+00
8 60 -1.000277820614186e+00 -1.880029745061894e-03 -9.742491440051514e-04 -1.007731788774592e+00
8 61 -1.000278172712356e+00 -1.881176224001380e-03 -9.730103257520242e-04 -1.007728560366624e+00
8 62 -1.000278549087547e+00 -1.882365246173209e-03 -9.717539288866286e-04 -1.007725137286801e+00
8 63 -1.000278945535226e+00 -1.883583010299498e-03 -9.705001917477533e-04 -1.007721557796266e+00
9 0 -1.000280045780346e+00 -1.885109697884734e-03 -9.695071920835588e-04 -1.007716213728419e+00
9 1 -1.000280476508250e+00 -1.886360337377257e-03 -9.683006601175758e-04 -1.007712390887356e+00
9 2 -1.000280914150036e+00 -1.887596733805493e-03 -9.671557582272684e-04 -1.007708535227537e+00
9 3 -1.000281354780280e+00 -1.888805796099605e-03 -9.660886323424488e-04 -1.007704685320723e+00
9 4 -1.000281794655056e+00 -1.889975078936087e-03 -9.651134619119543e-04 -1.007700878628772e+00
9 5 -1.000282230236976e+00 -1.891092921454430e-03 -9.642422276988328e-04 -1.007697151146496e+00
9 6 -1.000282658207648e+00 -1.892148569426866e-03 -9.634845410505210e-04 -1.007693537087985e+00
9 7 -1.000283075465087e+00 -1.893132276561053e-03 -9.628475398152197e-04 -1.007690068625647e+00
9 8 -1.000283479107071e+00 -1.894035380833822e-03 -9.623358558391467e-04 -1.007686775686969e+00
9 9 -1.000283866404778e+00 -1.894850353446780e-03 -9.619516559148933e-04 -1.007683685808732e+00
9 10 -1.000284234773268e+00 -1.895570821027834e-03 -9.616947524959306e-04 -1.007680824042047e+00
9 11 -1.000284581745907e+00 -1.896191565915821e-03 -9.615627726297437e-04 -1.007678212893436e+00
9 12 -1.000284904958102e+00 -1.896708512808331e-03 -9.615513668275691e-04 -1.007675872281702e+00
9 13 -1.000285202142110e+00 -1.897118709470414e-03 -9.616544396910967e-04 -1.007673819495110e+00
9 14 -1.000285471130347e+00 -1.897420303649978e-03 -9.618643924001703e-04 -1.007672069149560e+00
9 15 -1.000285709861960e+00 -1.897612511363931e-03 -9.621723775308776e-04 -1.007670633165983e+00
9 16 -1.000285916387806e+00 -1.897695568397909e-03 -9.625685716735076e-04 -1.007669520791277e+00
9 17 -1.000286088872154e+00 -1.897670659084620e-03 -9.630424695606458e-04 -1.007668738677995e+00
9 18 -1.000286225593234e+00 -1.897539822142094e-03 -9.635831984925649e-04 -1.007668291020441e+00
9 19 -1.000286324947742e+00 -1.897305839810931e-03 -9.641798461162066e-04 -1.007668179726509e+00
9 20 -1.000286385465452e+00 -1.896972122183417e-03 -9.648217880316925e-04 -1.007668404589852e+00
9 21 -1.000286405838919e+00 -1.896542601847617e-03 -9.654989960276367e-04 -1.007668963420055e+00
9 22 -1.000286384969799e+00 -1.896021652502754e-03 -9.662023070192367e-04 -1.007669852095656e+00
9 23 -1.000286322028394e+00 -1.895414038545406e-03 -9.669236379590807e-04 -1.007671064527404e+00
9 24 -1.000286216518933e+00 -1.894724893917311e-03 -9.676561387877056e-04 -1.007672592547614e+00
9 25 -1.000286068341579e+00 -1.893959722222126e-03 -9.683942796467642e-04 -1.007674425761565e+00
9 26 -1.000285877843829e+00 -1.893124408226463e-03 -9.691338708944357e-04 -1.007676551401482e+00
9 27 -1.000285645857370e+00 -1.892225232201539e-03 -9.698720178408072e-04 -1.007678954215542e+00
9 28 -1.000285373720176e+00 -1.891268881294964e-03 -9.706070160212919e-04 -1.007681616410431e+00
9 29 -1.000285063286350e+00 -1.890262455219512e-03 -9.713381941633332e-04 -1.007684517651247e+00
9 30 -1.000284716927017e+00 -1.889213466149345e-03 -9.720657104332892e-04 -1.007687635111182e+00
9 31 -1.000284337524304e+00 -1.888129833838948e-03 -9.727903062408041e-04 -1.007690943559270e+00
9 32 -1.000283928457801e+00 -1.887019876521457e-03 -9.735130229774452e-04 -1.007694415477818e+00
9 33 -1.000283493580836e+00 -1.885892297163159e-03 -9.742348896575921e-04 -1.007698021207865e+00
9 34 -1.000283037183685e+00 -1.884756164114387e-03 -9.749565925145838e-04 -1.007701729125533e+00
9 35 -1.000282563942725e+00 -1.883620885132903e-03 -9.756781419048334e-04 -1.007705505852341e+00
9 36 -1.000282078857337e+00 -1.882496173877474e-03 -9.763985571186567e-04 -1.007709316499018e+00
9 37 -1.000281587179053e+00 -1.881392008129938e-03 -9.771155927884346e-04 -1.007713124937914e+00
9 38 -1.000281094338410e+00 -1.880318578674559e-03 -9.778255287711231e-04 -1.007716894097632e+00
9 39 -1.000280605873617e+00 -1.879286226252293e-03 -9.785230397807655e-04 -1.007720586278525e+00
9 40 -1.000280127361638e+00 -1.878305361983269e-03 -9.792011549266443e-04 -1.007724163497055e+00
9 41 -1.000279664348879e+00 -1.877386366360331e-03 -9.798513120526089e-04 -1.007727587873058e+00
9 42 -1.000279222277283e+00 -1.876539464717655e-03 -9.804635066531855e-04 -1.007730822070388e+00
9 43 -1.000278806403121e+00 -1.875774581447025e-03 -9.810265301752801e-04 -1.007733829790523e+00
9 44 -1.000278421708864e+00 -1.875101178413500e-03 -9.815282888525384e-04 -1.007736576307854e+00
9 45 -1.000278072811857e+00 -1.874528084051542e-03 -9.819561918120885e-04 -1.007739029028365e+00
9 46 -1.000277763876013e+00 -1.874063319392444e-03 -9.822975944858820e-04 -1.007741158050096e+00
9 47 -1.000277498533318e+00 -1.873713926205085e-03 -9.825402799178498e-04 -1.007742936704734e+00
9 48 -1.000277279820037e+00 -1.873485800177455e-03 -9.826729579790483e-04 -1.007744342067106e+00
9 49 -1.000277110128609e+00 -1.873383529742153e-03 -9.826857617766750e-04 -1.007745355429562e+00
9 50 -1.000276991173036e+00 -1.873410241638360e-03 -9.825707202609961e-04 -1.007745962740875e+00
9 51 -1.000276923964975e+00 -1.873567458890094e-03 -9.823221846076448e-04 -1.007746154998161e+00
9 52 -1.000276908799820e+00 -1.873854982783637e-03 -9.819371844723755e-04 -1.007745928562508e+00
9 53 -1.000276945254732e+00 -1.874270813201903e-03 -9.814156915547837e-04 -1.007745285358545e+00
9 54 -1.000277032202254e+00 -1.874811119532287e-03 -9.807607734045067e-04 -1.007744232922364e+00
9 55 -1.000277167843244e+00 -1.875470268950690e-03 -9.799786285884702e-04 -1.007742784277417e+00
9 56 -1.000277349761540e+00 -1.876240912498095e-03 -9.790785026635976e-04 -1.007740957637946e+00
9 57 -1.000277574999626e+00 -1.877114123183736e-03 -9.780724911766228e-04 -1.007738775961096e+00
9 58 -1.000277840150404e+00 -1.878079575359877e-03 -9.769752406721943e-04 -1.007736266388120e+00
9 59 -1.000278141456643e+00 -1.879125752361616e-03 -9.758035617623671e-04 -1.007733459624852e+00
9 60 -1.000278474908819e+00 -1.880240170574579e-03 -9.745759705413403e-04 -1.007730389306451e+00
9 61 -1.000278836334092e+00 -1.881409611130522e-03 -9.733121770684889e-04 -1.007727091375832e+00
9 62 -1.000279221472535e+00 -1.882620352725644e-03 -9.720325429321851e-04 -1.007723603489895e+00
9 63 -1.000279626040112e+00 -1.883858399509100e-03 -9.707575334956738e-04 -1.007719964459725e+00
10 0 -1.000280739965296e+00 -1.885487820887056e-03 -9.693100296669126e-04 -1.007714454704986e+00
10 1 -1.000281177933549e+00 -1.886756384474792e-03 -9.680868321057741e-04 -1.007710580191514e+00
10 2 -1.000281622041923e+00 -1.888008978421356e-03 -9.669275696200724e-04 -1.007706678836923e+00
10 3 -1.000282068302778e+00 -1.889232372942480e-03 -9.658485261982855e-04 -1.007702789568140e+00
10 4 -1.000282512913828e+00 -1.890413997190810e-03 -9.648639938944823e-04 -1.007698950161061e+00
10 5 -1.000282952283902e+00 -1.891542078826935e-03 -9.639860351889956e-04 -1.007695196883508e+00
10 6 -1.000283383047285e+00 -1.892605768525826e-03 -9.632243075762323e-04 -1.007691564175935e+00
10 7 -1.000283802063659e+00 -1.893595244293537e-03 -9.625859576671173e-04 -1.007688084381469e+00
10 8 -1.000284206403602e+00 -1.894501789988667e-03 -9.620755911493677e-04 -1.007684787535480e+00
10 9 -1.000284593323254e+00 -1.895317844972865e-03 -9.616953197030967e-04 -1.007681701217391e+00
10 10 -1.000284960234699e+00 -1.896037026002030e-03 -9.614448784584695e-04 -1.007678850456918e+00
10 11 -1.000285304679515e+00 -1.896654126786436e-03 -9.613217997173430e-04 -1.007676257677997e+00
10 12 -1.000285624311325e+00 -1.897165103577426e-03 -9.613216234976920e-04 -1.007673942659743e+00
10 13 -1.000285916889508e+00 -1.897567054632517e-03 -9.614381270750999e-04 -1.007671922498383e+00
10 14 -1.000286180282085e+00 -1.897858196427826e-03 -9.616635648027950e-04 -1.007670211568090e+00
10 15 -1.000286412472852e+00 -1.898037832415315e-03 -9.619889205005958e-04 -1.007668821496112e+00
10 16 -1.000286611567702e+00 -1.898106305808502e-03 -9.624041801170089e-04 -1.007667761177164e+00
10 17 -1.000286775797555e+00 -1.898064929308772e-03 -9.628986298700213e-04 -1.007667036846383e+00
10 18 -1.000286903519262e+00 -1.897915890643581e-03 -9.634611781178494e-04 -1.007666652212386e+00
10 19 -1.000286993219271e+00 -1.897662140072367e-03 -9.640806915487852e-04 -1.007666608630930e+00
10 20 -1.000287043526470e+00 -1.897307272217961e-03 -9.647463292639783e-04 -1.007666905282933e+00
10 21 -1.000287053239654e+00 -1.896855417902178e-03 -9.654478536795866e-04 -1.007667539313278e+00
10 22 -1.000287021371560e+00 -1.896311160120540e-03 -9.661758980517930e-04 -1.007668505893962e+00
10 23 -1.000286947206509e+00 -1.895679481472771e-03 -9.669221772755929e-04 -1.007669798197327e+00
10 24 -1.000286830364376e+00 -1.894965741345282e-03 -9.676796367375426e-04 -1.007671407293728e+00
10 25 -1.000286670861901e+00 -1.894175674549693e-03 -9.684425383425134e-04 -1.007673322009189e+00
10 26 -1.000286469163683e+00 -1.893315401153604e-03 -9.692064835836267e-04 -1.007675528784395e+00
10 27 -1.000286226218412e+00 -1.892391438746362e-03 -9.699683743618472e-04 -1.007678011568924e+00
10 28 -1.000285943479770e+00 -1.891410711416869e-03 -9.707263143673918e-04 -1.007680751770319e+00
10 29 -1.000285622914446e+00 -1.890380553166473e-03 -9.714794551351825e-04 -1.007683728261832e+00
10 30 -1.000285267000955e+00 -1.889308706215411e-03 -9.722277907411790e-04 -1.007686917440218e+00
10 31 -1.000284878721669e+00 -1.888203315341211e-03 -9.729719059167557e-04 -1.007690293321179e+00
10 32 -1.000284461547713e+00 -1.887072918080501e-03 -9.737126855805881e-04 -1.007693827664963e+00
10 33 -1.000284019414023e+00 -1.885926429241701e-03 -9.744509975500326e-04 -1.007697490132070e+00
10 34 -1.000283556681671e+00 -1.884773118221948e-03 -9.751873625238329e-04 -1.007701248472150e+00
10 35 -1.000283078086435e+00 -1.883622578554033e-03 -9.759216272104794e-04 -1.007705068747204e+00
10 36 -1.000282588675371e+00 -1.882484689689633e-03 -9.766526590154439e-04 -1.007708915586600e+00
10 37 -1.000282093735625e+00 -1.881369571045125e-03 -9.773780824192031e-04 -1.007712752468295e+00
10 38 -1.000281598720872e+00 -1.880287527925320e-03 -9.780940755367094e-04 -1.007716542019716e+00
10 39 -1.000281109179695e+00 -1.879248987498919e-03 -9.787952409373417e-04 -1.007720246335635e+00
10 40 -1.000280630686984e+00 -1.878264420505229e-03 -9.794745606933777e-04 -1.007723827320011e+00
10 41 -1.000280168775604e+00 -1.877344242886308e-03 -9.801234429472642e-04 -1.007727247067374e+00
10 42 -1.000279728863869e+00 -1.876498693414294e-03 -9.807318640802495e-04 -1.007730468298377e+00
10 43 -1.000279316175609e+00 -1.875737688114774e-03 -9.812886052646711e-04 -1.007733454852332e+00
10 44 -1.000278935652986e+00 -1.875070656834373e-03 -9.817815758781494e-04 -1.007736172225184e+00
10 45 -1.000278591865776e+00 -1.874506369519769e-03 -9.821982107068301e-04 -1.007738588131839e+00
10 46 -1.000278288923351e+00 -1.874052759869578e-03 -9.825259233781430e-04 -1.007740673068420e+00
10 47 -1.000278030396246e+00 -1.873716752663209e-03 -9.827525949724909e-04 -1.007742400852059e+00
10 48 -1.000277819252443e+00 -1.873504098353625e-03 -9.828670752283220e-04 -1.007743749123844e+00
10 49 -1.000277657809769e+00 -1.873419215606526e-03 -9.828596747892754e-04 -1.007744699811369e+00
10 50 -1.000277547702411e+00 -1.873465042194439e-03 -9.827226290037632e-04 -1.007745239551752e+00
10 51 -1.000277489858584e+00 -1.873642898522726e-03 -9.824505144880372e-04 -1.007745360066945e+00
10 52 -1.000277484488112e+00 -1.873952373771405e-03 -9.820405986750006e-04 -1.007745058466028e+00
10 53 -1.000277531081428e+00 -1.874391248079604e-03 -9.814931020574172e-04 -1.007744337437089e+00
10 54 -1.000277628423460e+00 -1.874955463381901e-03 -9.808113551242551e-04 -1.007743205292266e+00
10 55 -1.000277774626343e+00 -1.875639151214560e-03 -9.800018376674732e-04 -1.007741675842154e+00
10 56 -1.000277967183661e+00 -1.876434719458942e-03 -9.790740961112953e-04 -1.007739768095620e+00
10 57 -1.000278203045803e+00 -1.877332992819526e-03 -9.780405429043264e-04 -1.007737505804767e+00
10 58 -1.000278478711783e+00 -1.878323395896676e-03 -9.769161490013655e-04 -1.007734916896113e+00
10 59 -1.000278790329396e+00 -1.879394165312583e-03 -9.757180452551452e-04 -1.007732032838918e+00
10 60 -1.000279133794576e+00 -1.880532578665124e-03 -9.744650517830918e-04 -1.007728887996178e+00
10 61 -1.000279504842416e+00 -1.881725190758624e-03 -9.731771571850259e-04 -1.007725518989562e+00
10 62 -1.000279899125347e+00 -1.882958069377077e-03 -9.718749720593090e-04 -1.007721964096223e+00
10 63 -1.000280312277240e+00 -1.884217023840124e-03 -9.705791826776838e-04 -1.007718262686518e+00
11 0 -1.000281433236913e+00 -1.885946038542955e-03 -9.686761710762877e-04 -1.007712604775066e+00
11 1 -1.000281878978714e+00 -1.887233345815412e-03 -9.674366657679182e-04 -1.007708675147345e+00
11 2 -1.000282330165769e+00 -1.888503171697842e-03 -9.662631559922557e-04 -1.007704724021221e+00
11 3 -1.000282782743541e+00 -1.889742141783248e-03 -9.651720599762770e-04 -1.007700790707648e+00
11 4 -1.000283232845604e+00 -1.890937550918875e-03 -9.641777825396600e-04 -1.007696913334050e+00
11 5 -1.000283676819980e+00 -1.892077503560011e-03 -9.632924719640459e-04 -1.007693128487477e+00
11 6 -1.000284111245195e+00 -1.893151040375519e-03 -9.625258394279809e-04 -1.007689470890368e+00
11 7 -1.000284532932661e+00 -1.894148245431340e-03 -9.618850504599774e-04 -1.007685973122211e+00
11 8 -1.000284938914516e+00 -1.895060327278833e-03 -9.613746962482278e-04 -1.007682665400944e+00
11 9 -1.000285326419869e+00 -1.895879670105589e-03 -9.609968456795535e-04 -1.007679575429458e+00
11 10 -1.000285692845707e+00 -1.896599856035642e-03 -9.607511695189010e-04 -1.007676728299965e+00
11 11 -1.000286035729993e+00 -1.897215664355604e-03 -9.606351196210639e-04 -1.007674146438915e+00
11 12 -1.000286352733151e+00 -1.897723056278663e-03 -9.606441420151122e-04 -1.007671849571221e+00
11 13 -1.000286641630699e+00 -1.898119153419439e-03 -9.607719059702180e-04 -1.007669854686231e+00
11 14 -1.000286900315698e+00 -1.898402213568481e-03 -9.610105412395964e-04 -1.007668176000325e+00
11 15 -1.000287126806530e+00 -1.898571600271935e-03 -9.613508872588137e-04 -1.007666824928845e+00
11 16 -1.000287319254617e+00 -1.898627737498494e-03 -9.617827642179309e-04 -1.007665810092818e+00
11 17 -1.000287475948766e+00 -1.898572041081129e-03 -9.622952734962837e-04 -1.007665137383634e+00
11 18 -1.000287595316727e+00 -1.898406824602335e-03 -9.628771262238068e-04 -1.007664810091179e+00
11 19 -1.000287675928404e+00 -1.898135185669670e-03 -9.635169882996027e-04 -1.007664829077465e+00
11 20 -1.000287716507185e+00 -1.897760885514946e-03 -9.642038218660843e-04 -1.007665192959092e+00
11 21 -1.000287715955151e+00 -1.897288238133141e-03 -9.649271997615130e-04 -1.007665898254278e+00
11 22 -1.000287673394565e+00 -1.896722023380745e-03 -9.656775725009252e-04 -1.007666939456987e+00
11 23 -1.000287588223221e+00 -1.896067431760261e-03 -9.664464756235131e-04 -1.007668309021656e+00
11 24 -1.000287460176873e+00 -1.895330039681098e-03 -9.672266741659977e-04 -1.007669997270151e+00
11 25 -1.000287289389773e+00 -1.894515806854405e-03 -9.680122459854517e-04 -1.007671992255624e+00
11 26 -1.000287076445215e+00 -1.893631084790615e-03 -9.687986060524287e-04 -1.007674279626366e+00
11 27 -1.000286822411096e+00 -1.892682626932395e-03 -9.695824724915670e-04 -1.007676842525895e+00
11 28 -1.000286528859607e+00 -1.891677594857057e-03 -9.703617744553806e-04 -1.007679661549590e+00
11 29 -1.000286197873512e+00 -1.890623559100901e-03 -9.711355021966160e-04 -1.007682714760729e+00
11 30 -1.000285832042906e+00 -1.889528495681457e-03 -9.719035010521841e-04 -1.007685977756619e+00
11 31 -1.000285434455115e+00 -1.888400779357413e-03 -9.726662143885526e-04 -1.007689423772630e+00
11 32 -1.000285008677687e+00 -1.887249172854926e-03 -9.734243857817601e-04 -1.007693023817201e+00
11 33 -1.000284558732059e+00 -1.886082809810164e-03 -9.741787355381362e-04 -1.007696746837941e+00
11 34 -1.000284089055066e+00 -1.884911169384122e-03 -9.749296289303764e-04 -1.007700559921781e+00
11 35 -1.000283604447088e+00 -1.883744041831098e-03 -9.756767536340986e-04 -1.007704428530113e+00
11 36 -1.000283110008274e+00 -1.882591485493950e-03 -9.764188235416389e-04 -1.007708316765658e+00
11 37 -1.000282611066953e+00 -1.881463776246434e-03 -9.771533255812704e-04 -1.007712187663999e+00
11 38 -1.000282113105692e+00 -1.880371350087015e-03 -9.778763242027837e-04 -1.007716003501362e+00
11 39 -1.000281621689547e+00 -1.879324737790013e-03 -9.785823350654472e-04 -1.007719726114888e+00
11 40 -1.000281142397733e+00 -1.878334487392642e-03 -9.792642772884620e-04 -1.007723317242535e+00
11 41 -1.000280680756056e+00 -1.877411068015712e-03 -9.799135131987493e-04 -1.007726738899839e+00
11 42 -1.000280242165542e+00 -1.876564749681064e-03 -9.805199834334148e-04 -1.007729953810721e+00
11 43 -1.000279831823859e+00 -1.875805458441323e-03 -9.810724405182160e-04 -1.007732925897728e+00
11 44 -1.000279454639313e+00 -1.875142611546984e-03 -9.815587757059103e-04 -1.007735620821250e+00
11 45 -1.000279115140860e+00 -1.874584940873270e-03 -9.819664249094042e-04 -1.007738006545515e+00
11 46 -1.000278817390311e+00 -1.874140313691012e-03 -9.822828327611319e-04 -1.007740053904245e+00
11 47 -1.000278564903847e+00 -1.873815558447264e-03 -9.824959500216233e-04 -1.007741737140598e+00
11 48 -1.000278360588307e+00 -1.873616300033181e-03 -9.825947387872500e-04 -1.007743034404905e+00
11 49 -1.000278206693997e+00 -1.873546805536657e-03 -9.825696622769986e-04 -1.007743928206156e+00
11 50 -1.000278104782160e+00 -1.873609840370843e-03 -9.824131403661130e-04 -1.007744405819543e+00
11 51 -1.000278055703986e+00 -1.873806537556793e-03 -9.821199556285709e-04 -1.007744459645315e+00
11 52 -1.000278059589563e+00 -1.874136288292857e-03 -9.816875948921225e-04 -1.007744087497593e+00
11 53 -1.000278115847857e+00 -1.874596666240558e-03 -9.811165088821807e-04 -1.007743292788068e+00
11 54 -1.000278223180991e+00 -1.875183398622142e-03 -9.804102712562329e-04 -1.007742084567437e+00
11 55 -1.000278379616833e+00 -1.875890393827741e-03 -9.795756216277841e-04 -1.007740477397859e+00
11 56 -1.000278582562844e+00 -1.876709828699998e-03 -9.786223849701941e-04 -1.007738491049542e+00
11 57 -1.000278828881071e+00 -1.877632290840188e-03 -9.775632691424450e-04 -1.007736150039674e+00
11 58 -1.000279114979902e+00 -1.878646964889277e-03 -9.764135505361038e-04 -1.007733483054510e+00
11 59 -1.000279436914774e+00 -1.879741849043739e-03 -9.751906644211651e-04 -1.007730522305892e+00
11 60 -1.000279790488816e+00 -1.880903988930022e-03 -9.739137218883102e-04 -1.007727302868939e+00
11 61 -1.000280171345687e+00 -1.882119718182471e-03 -9.726029790895448e-04 -1.007723862034591e+00
11 62 -1.000280575049558e+00 -1.883374896957368e-03 -9.712792859460940e-04 -1.007720238697930e+00
11 63 -1.000280997150510e+00 -1.884655141315643e-03 -9.699635404040569e-04 -1.007716472792897e+00
12 0 -1.000282118484813e+00 -1.886479451883103e-03 -9.676087491806203e-04 -1.007710686140922e+00
12 1 -1.000282572438794e+00 -1.887786096351791e-03 -9.663535749377954e-04 -1.007706698628090e+00
12 2 -1.000283031229520e+00 -1.889073978881750e-03 -9.651661828190787e-04 -1.007702694269827e+00
12 3 -1.000283490731747e+00 -1.890329576241041e-03 -9.640631194411729e-04 -1.007698712785163e+00
12 4 -1.000283947010050e+00 -1.891540041909448e-03 -9.630589008367246e-04 -1.007694792685548e+00
12 5 -1.000284396345621e+00 -1.892693347262157e-03 -9.621657637193295e-04 -1.007690970917901e+00
12 6 -1.000284835253768e+00 -1.893778409824231e-03 -9.613934795000612e-04 -1.007687282536869e+00
12 7 -1.000285260488469e+00 -1.894785202826718e-03 -9.607492426617644e-04 -1.007683760419847e+00
12 8 -1.000285669032701e+00 -1.895704839092315e-03 -9.602376424467739e-04 -1.007680435039497e+00
12 9 -1.000286058076829e+00 -1.896529624666250e-03 -9.598607187001794e-04 -1.007677334301604e+00
12 10 -1.000286424990688e+00 -1.897253082533040e-03 -9.596180920242313e-04 -1.007674483443961e+00
12 11 -1.000286767296662e+00 -1.897869951970147e-03 -9.595071489703961e-04 -1.007671904980400e+00
12 12 -1.000287082650247e+00 -1.898376172521201e-03 -9.595232589698438e-04 -1.007669618667773e+00
12 13 -1.000287368831654e+00 -1.898768861563530e-03 -9.596600039256934e-04 -1.007667641475378e+00
12 14 -1.000287623747900e+00 -1.899046290033116e-03 -9.599094128370455e-04 -1.007665987548149e+00
12 15 -1.000287845441248e+00 -1.899207853383597e-03 -9.602622068395738e-04 -1.007664668174161e+00
12 16 -1.000288032098370e+00 -1.899254028635712e-03 -9.607080673423890e-04 -1.007663691782863e+00
12 17 -1.000288182056243e+00 -1.899186308005228e-03 -9.612359374357385e-04 -1.007663064000474e+00
12 18 -1.000288293804697e+00 -1.899007105792962e-03 -9.618343560933808e-04 -1.007662787771222e+00
12 19 -1.000288365989631e+00 -1.898719644266554e-03 -9.624918115822995e-04 -1.007662863528191e+00
12 20 -1.000288397423184e+00 -1.898327831604115e-03 -9.631970908178037e-04 -1.007663289378190e+00
12 21 -1.000288387106678e+00 -1.897836148231157e-03 -9.639395986310354e-04 -1.007664061256984e+00
12 22 -1.000288334269239e+00 -1.897249556463164e-03 -9.647096255083236e-04 -1.007665173015955e+00
12 23 -1.000288238420556e+00 -1.896573442275396e-03 -9.654985520113230e-04 -1.007666616419530e+00
12 24 -1.000288099411587e+00 -1.895813588789798e-03 -9.662989883439358e-04 -1.007668381061399e+00
12 25 -1.000287917494219e+00 -1.894976172658790e-03 -9.671048537553968e-04 -1.007670454234445e+00
12 26 -1.000287693371193e+00 -1.894067771089069e-03 -9.679114007384509e-04 -1.007672820800473e+00
12 27 -1.000287428230848e+00 -1.893095369544070e-03 -9.687151853250851e-04 -1.007675463097570e+00
12 28 -1.000287123765654e+00 -1.892066365181197e-03 -9.695139811391445e-04 -1.007678360904444e+00
12 29 -1.000286782176966e+00 -1.890988565254247e-03 -9.703066339889308e-04 -1.007681491463998e+00
12 30 -1.000286406169744e+00 -1.889870181566199e-03 -9.710928562841529e-04 -1.007684829558110e+00
12 31 -1.000285998940038e+00 -1.888719821873736e-03 -9.718729659251262e-04 -1.007688347622298e+00
12 32 -1.000285564155748e+00 -1.887546477654610e-03 -9.726475813408813e-04 -1.007692015891806e+00
12 33 -1.000285105928816e+00 -1.886359505880454e-03 -9.734172907114670e-04 -1.007695802577417e+00
12 34 -1.000284628776053e+00 -1.885168601797256e-03 -9.741823164447265e-04 -1.007699674074856e+00
12 35 -1.000284137566936e+00 -1.883983761000664e-03 -9.749421949524904e-04 -1.007703595210995e+00
12 36 -1.000283637459434e+00 -1.882815231512857e-03 -9.756954884967598e-04 -1.007707529523532e+00
12 37 -1.000283133828007e+00 -1.881673458300429e-03 -9.764395425201065e-04 -1.007711439563897e+00
12 38 -1.000282632189437e+00 -1.880569022313388e-03 -9.771702990929102e-04 -1.007715287212059e+00
12 39 -1.000282138131055e+00 -1.879512573509101e-03 -9.778821750544534e-04 -1.007719033999226e+00
12 40 -1.000281657242592e+00 -1.878514753592699e-03 -9.785680131127483e-04 -1.007722641446767e+00
12 41 -1.000281195049126e+00 -1.877586101537636e-03 -9.792191159168232e-04 -1.007726071439614e+00
12 42 -1.000280756940750e+00 -1.876736935526939e-03 -9.798253741992999e-04 -1.007729286652565e+00
12 43 -1.000280348095381e+00 -1.875977209195781e-03 -9.803754963283553e-04 -1.007732251037138e+00
12 44 -1.000279973394077e+00 -1.875316345934786e-03 -9.808573369906013e-04 -1.007734930360740e+00
12 45 -1.000279637331858e+00 -1.874763059663080e-03 -9.812583108874989e-04 -1.007737292776173e+00
12 46 -1.000279343930129e+00 -1.874325172305720e-03 -9.815658678574428e-04 -1.007739309391938e+00
12 47 -1.000279096658052e+00 -1.874009437169401e-03 -9.817680006869852e-04 -1.007740954814336e+00
12 48 -1.000278898368776e+00 -1.873821374113074e-03 -9.818537561378940e-04 -1.007742207641617e+00
12 49 -1.000278751252589e+00 -1.873765118201943e-03 -9.818137235580262e-04 -1.007743050904984e+00
12 50 -1.000278656805210e+00 -1.873843281038028e-03 -9.816404828084306e-04 -1.007743472460839e+00
12 51 -1.000278615807926e+00 -1.874056825672254e-03 -9.813289998828318e-04 -1.007743465333804e+00
12 52 -1.000278628317687e+00 -1.874404961494204e-03 -9.808769597569236e-04 -1.007743027992805e+00
12 53 -1.000278693668045e+00 -1.874885070997293e-03 -9.802850218163437e-04 -1.007742164526113e+00
12 54 -1.000278810483986e+00 -1.875492681912518e-03 -9.795569792634109e-04 -1.007740884677532e+00
12 55 -1.000278976714558e+00 -1.876221494953555e-03 -9.786998053535564e-04 -1.007739203716117e+00
12 56 -1.000279189686264e+00 -1.877063471042048e-03 -9.777235761037921e-04 -1.007737142131019e+00
12 57 -1.000279446177504e+00 -1.878008974546540e-03 -9.766412679848540e-04 -1.007734725166622e+00
12 58 -1.000279742510227e+00 -1.879046962522385e-03 -9.754684382210895e-04 -1.007731982235996e+00
12 59 -1.000280074651196e+00 -1.880165205915215e-03 -9.742228046417054e-04 -1.007728946264687e+00
12 60 -1.000280438313732e+00 -1.881350528296417e-03 -9.729237503280459e-04 -1.007725653015427e+00
12 61 -1.000280829051967e+00 -1.882589050137060e-03 -9.715917828556635e-04 -1.007722140430654e+00
12 62 -1.000281242342373e+00 -1.883866429657818e-03 -9.702479776528461e-04 -1.007718448013999e+00
12 63 -1.000281673650611e+00 -1.885168093460354e-03 -9.689134316877631e-04 -1.007714616260887e+00
13 0 -1.000282788764872e+00 -1.887082307851656e-03 -9.661153988973283e-04 -1.007708721805514e+00
13 1 -1.000283251268035e+00 -1.888408646672620e-03 -9.648454768212211e-04 -1.007704674347950e+00
13 2 -1.000283718092227e+00 -1.889715187819839e-03 -9.636448256963401e-04 -1.007700613961531e+00
13 3 -1.000284185038820e+00 -1.890988257457209e-03 -9.625301118724232e-04 -1.007696580790459e+00
13 4 -1.000284648099703e+00 -1.892214862964713e-03 -9.615159585001731e-04 -1.007692613755738e+00
13 5 -1.000285103484192e+00 -1.893382834394067e-03 -9.606146917749834e-04 -1.007688750199885e+00
13 6 -1.000285547637703e+00 -1.894480954194047e-03 -9.598361491765078e-04 -1.007685025556409e+00
13 7 -1.000285977248437e+00 -1.895499069213867e-03 -9.591875638810704e-04 -1.007681473057968e+00
13 8 -1.000286389240322e+00 -1.896428177574756e-03 -9.586735357717587e-04 -1.007678123499307e+00
13 9 -1.000286780753864e+00 -1.897260485240163e-03 -9.582960899524428e-04 -1.007675005064994e+00
13 10 -1.000287149119886e+00 -1.897989431937828e-03 -9.580548120556844e-04 -1.007672143220255e+00
13 11 -1.000287491833099e+00 -1.898609691392595e-03 -9.579470395599971e-04 -1.007669560651296e+00
13 12 -1.000287806532146e+00 -1.899117154869264e-03 -9.579680836475626e-04 -1.007667277233165e+00
13 13 -1.000288090990299e+00 -1.899508907958238e-03 -9.581114603318631e-04 -1.007665310001860e+00
13 14 -1.000288343117152e+00 -1.899783206497371e-03 -9.583691225315804e-04 -1.007663673117652e+00
13 15 -1.000288560967656e+00 -1.899939449282250e-03 -9.587317002636586e-04 -1.007662377827634e+00
13 16 -1.000288742752750e+00 -1.899978137839608e-03 -9.591887649459904e-04 -1.007661432454768e+00
13 17 -1.000288886847025e+00 -1.899900812736288e-03 -9.597291306332765e-04 -1.007660842442645e+00
13 18 -1.000288991792660e+00 -1.899709962385202e-03 -9.603411923321389e-04 -1.007660610467325e+00
13 19 -1.000289056303091e+00 -1.899408909540180e-03 -9.610132866318382e-04 -1.007660736602622e+00
13 20 -1.000289079272284e+00 -1.899001688005868e-03 -9.617340491891760e-04 -1.007661218505940e+00
13 21 -1.000289059795457e+00 -1.898492925918996e-03 -9.624927403334259e-04 -1.007662051581876e+00
13 22 -1.000288997204751e+00 -1.897887751634364e-03 -9.632795149705056e-04 -1.007663229081831e+00
13 23 -1.000288891119212e+00 -1.897191732500986e-03 -9.640856243877303e-04 -1.007664742114200e+00
13 24 -1.000288741503492e+00 -1.896410846550915e-03 -9.649035504314039e-04 -1.007666579570480e+00
13 25 -1.000288548726271e+00 -1.895551477511676e-03 -9.657270802817902e-04 -1.007668728002989e+00
13 26 -1.000288313609348e+00 -1.894620420098544e-03 -9.665513295441051e-04 -1.007671171501719e+00
13 27 -1.000288037461654e+00 -1.893624885583961e-03 -9.673727154441357e-04 -1.007673891608445e+00
13 28 -1.000287722096832e+00 -1.892572502891876e-03 -9.681888761766366e-04 -1.007676867287734e+00
13 29 -1.000287369836454e+00 -1.891471314346798e-03 -9.689985304903419e-04 -1.007680074958700e+00
13 30 -1.000286983502504e+00 -1.890329767241071e-03 -9.698012740391079e-04 -1.007683488580558e+00
13 31 -1.000286566402301e+00 -1.889156702826868e-03 -9.705973154940633e-04 -1.007687079779125e+00
13 32 -1.000286122307038e+00 -1.887961342734239e-03 -9.713871646995068e-04 -1.007690818003319e+00
13 33 -1.000285655422483e+00 -1.886753269915975e-03 -9.721712939164074e-04 -1.007694670709833e+00
13 34 -1.000285170348948e+00 -1.885542399784989e-03 -9.729497971643115e-04 -1.007698603581986e+00
13 35 -1.000284672028605e+00 -1.884338939058719e-03 -9.737220704453991e-04 -1.007702580787196e+00
13 36 -1.000284165681069e+00 -1.883153333414684e-03 -9.744865298741802e-04 -1.007706565268441e+00
13 37 -1.000283656731292e+00 -1.881996207352914e-03 -9.752403789488161e-04 -1.007710519057458e+00
13 38 -1.000283150735251e+00 -1.880878299253233e-03 -9.759794319254895e-04 -1.007714403597319e+00
13 39 -1.000282653307982e+00 -1.879810391957872e-03 -9.766979981595035e-04 -1.007718180069623e+00
13 40 -1.000282170055453e+00 -1.878803235262399e-03 -9.773888336080442e-04 -1.007721809733595e+00
13 41 -1.000281706508057e+00 -1.877867453118549e-03 -9.780431701952588e-04 -1.007725254295595e+00
13 42 -1.000281268051343e+00 -1.877013427809858e-03 -9.786508372528818e-04 -1.007728476330101e+00
13 43 -1.000280859850114e+00 -1.876251157378345e-03 -9.792004863413168e-04 -1.007731439763264e+00
13 44 -1.000280486764901e+00 -1.875590089263886e-03 -9.796799202591785e-04 -1.007734110412383e+00
13 45 -1.000280153263632e+00 -1.875038938707384e-03 -9.800765131681231e-04 -1.007736456558667e+00
13 46 -1.000279863334439e+00 -1.874605502910631e-03 -9.803776966708525e-04 -1.007738449522007e+00
13 47 -1.000279620407007e+00 -1.874296481485146e-03 -9.805714791599046e-04 -1.007740064206156e+00
13 48 -1.000279427288622e+00 -1.874117310791744e-03 -9.806469642487815e-04 -1.007741279591166e+00
13 49 -1.000279286117470e+00 -1.874072014895330e-03 -9.805948396719548e-04 -1.007742079165680e+00
13 50 -1.000279198331577e+00 -1.874163071704948e-03 -9.804078187661657e-04 -1.007742451304860e+00
13 51 -1.000279164649950e+00 -1.874391293356648e-03 -9.800810261032338e-04 -1.007742389597857e+00
13 52 -1.000279185063710e+00 -1.874755725631132e-03 -9.796123208192307e-04 -1.007741893110940e+00
13 53 -1.000279258837911e+00 -1.875253577702106e-03 -9.790025460692346e-04 -1.007740966553391e+00
13 54 -1.000279384526961e+00 -1.875880195686282e-03 -9.782556873426846e-04 -1.007739620308115e+00
13 55 -1.000279560007329e+00 -1.876629090459498e-03 -9.773789217099743e-04 -1.007737870298871e+00
13 56 -1.000279782530543e+00 -1.877492024457477e-03 -9.763825447666785e-04 -1.007735737684033e+00
13 57 -1.000280048797057e+00 -1.878459155491520e-03 -9.752797699120623e-04 -1.007733248388662e+00
13 58 -1.000280355047700e+00 -1.879519228623024e-03 -9.740864048538124e-04 -1.007730432510216e+00
13 59 -1.000280697165322e+00 -1.880659801656758e-03 -9.728204224090571e-04 -1.007727323650720e+00
13 60 -1.000281070777440e+00 -1.881867488397185e-03 -9.715014536651126e-04 -1.007723958229446e+00
13 61 -1.000281471351680e+00 -1.883128206538782e-03 -9.701502369995412e-04 -1.007720374815786e+00
13 62 -1.000281894278730e+00 -1.884427420920173e-03 -9.687880551785746e-04 -1.007716613504085e+00
13 63 -1.000282334940600e+00 -1.885750375350502e-03 -9.674361876374370e-04 -1.007712715340534e+00
14 0 -1.000283437383214e+00 -1.887748089471274e-03 -9.642082733339190e-04 -1.007706735139471e+00
14 1 -1.000283908665276e+00 -1.889094236866587e-03 -9.629248001170455e-04 -1.007702626418643e+00
14 2 -1.000284383851027e+00 -1.890419806925143e-03 -9.617117705061165e-04 -1.007698507909043e+00
14 3 -1.000284858666886e+00 -1.891710975744555e-03 -9.605859590568375e-04 -1.007694420190591e+00
14 4 -1.000285329029467e+00 -1.892954602051159e-03 -9.595620891805799e-04 -1.007690402613171e+00
14 5 -1.000285791072161e+00 -1.894138368101069e-03 -9.586525755983236e-04 -1.007686492945438e+00
14 6 -1.000286241164781e+00 -1.895250910827761e-03 -9.578673265930904e-04 -1.007682727041750e+00
14 7 -1.000286675922341e+00 -1.896281936617462e-03 -9.572136231942484e-04 -1.007679138542588e+00
14 8 -1.000287092200708e+00 -1.897222311398738e-03 -9.566960881344683e-04 -1.007675758627333e+00
14 9 -1.000287487080102e+00 -1.898064120395961e-03 -9.563167460587085e-04 -1.007672615831121e+00
14 10 -1.000287857840885e+00 -1.898800696768911e-03 -9.560751634615321e-04 -1.007669735925786e+00
14 11 -1.000288201938149e+00 -1.899426623440776e-03 -9.559686460799467e-04 -1.007667141853739e+00
14 12 -1.000288516981695e+00 -1.899937716899536e-03 -9.559924660930482e-04 -1.007664853694078e+00
14 13 -1.000288800726116e+00 -1.900331003697227e-03 -9.561400954259871e-04 -1.007662888635623e+00
14 14 -1.000289051072073e+00 -1.900604696743231e-03 -9.564034357861725e-04 -1.007661260939931e+00
14 15 -1.000289266075753e+00 -1.900758169675093e-03 -9.567730540829891e-04 -1.007659981899395e+00
14 16 -1.000289443960912e+00 -1.900791919463928e-03 -9.572384422298248e-04 -1.007659059817108e+00
14 17 -1.000289583128551e+00 -1.900707506179510e-03 -9.577883166789331e-04 -1.007658500039080e+00
14 18 -1.000289682162711e+00 -1.900507464889159e-03 -9.584109589717485e-04 -1.007658305053555e+00
14 19 -1.000289739834971e+00 -1.900195193538133e-03 -9.590945824189193e-04 -1.007658474648588e+00
14 20 -1.000289755113040e+00 -1.899774828537836e-03 -9.598276978823850e-04 -1.007659006098284e+00
14 21 -1.000289727179396e+00 -1.899251125028799e-03 -9.605994467749155e-04 -1.007659894334208e+00
14 22 -1.000289655464164e+00 -1.898629359321541e-03 -9.613998741527775e-04 -1.007661132056616e+00
14 23 -1.000289539692217e+00 -1.897915264724171e-03 -9.622201284705214e-04 -1.007662709757188e+00
14 24 -1.000289379939401e+00 -1.897115000777321e-03 -9.630525905018999e-04 -1.007664615657384e+00
14 25 -1.000289176689223e+00 -1.896235146213850e-03 -9.638909430099904e-04 -1.007666835596626e+00
14 26 -1.000288930881007e+00 -1.895282702737977e-03 -9.647301914183283e-04 -1.007669352916264e+00
14 27 -1.000288643943410e+00 -1.894265099260055e-03 -9.655666382704536e-04 -1.007672148378413e+00
14 28 -1.000288317811141e+00 -1.893190190822183e-03 -9.663978070530158e-04 -1.007675200143248e+00
14 29 -1.000287954926485e+00 -1.892066250930311e-03 -9.672223073366290e-04 -1.007678483811203e+00
14 30 -1.000287558229368e+00 -1.890901959510314e-03 -9.680396344123754e-04 -1.007681972521211e+00
14 31 -1.000287131139813e+00 -1.889706389506764e-03 -9.688499038177921e-04 -1.007685637088419e+00
14 32 -1.000286677534354e+00 -1.888488992201198e-03 -9.696535332313998e-04 -1.007689446169805e+00
14 33 -1.000286201715075e+00 -1.887259577159819e-03 -9.704508956953916e-04 -1.007693366458231e+00
14 34 -1.000285708368418e+00 -1.886028281526277e-03 -9.712419728556414e-04 -1.007697362912037e+00
14 35 -1.000285202511977e+00 -1.884805526122103e-03 -9.720260337183403e-04 -1.007701399023166e+00
14 36 -1.000284689430123e+00 -1.883601959590924e-03 -9.728013570360491e-04 -1.007705437118089e+00
14 37 -1.000284174602042e+00 -1.882428393955160e-03 -9.735650075927615e-04 -1.007709438680180e+00
14 38 -1.000283663627284e+00 -1.881295735157076e-03 -9.743126701075562e-04 -1.007713364681429e+00
14 39 -1.000283162153472e+00 -1.880214910439381e-03 -9.750385412803465e-04 -1.007717175916067e+00
14 40 -1.000282675808145e+00 -1.879196790222778e-03 -9.757352832306555e-04 -1.007720833340334e+00
14 41 -1.000282210132856e+00 -1.878252096966585e-03 -9.763940492117013e-04 -1.007724298437447e+00
14 42 -1.000281770514927e+00 -1.877391291613929e-03 -9.770045986545739e-04 -1.007727533632879e+00
14 43 -1.000281362112655e+00 -1.876624432282307e-03 -9.775555166417070e-04 -1.007730502774860e+00
14 44 -1.000280989772800e+00 -1.875961007426444e-03 -9.780345419205957e-04 -1.007733171674403e+00
14 45 -1.000280657943089e+00 -1.875409752065746e-03 -9.784289921052629e-04 -1.007735508681218e+00
14 46 -1.000280370585582e+00 -1.874978458698418e-03 -9.787262600157772e-04 -1.007737485262732e+00
14 47 -1.000280131098129e+00 -1.874673794679724e-03 -9.789143448648587e-04 -1.007739076552576e+00
14 48 -1.000279942250220e+00 -1.874501135199925e-03 -9.789823794106374e-04 -1.007740261842705e+00
14 49 -1.000279806136191e+00 -1.874464415606259e-03 -9.789211211243597e-04 -1.007741025009437e+00
14 50 -1.000279724144571e+00 -1.874566001537920e-03 -9.787233889369707e-04 -1.007741354879097e+00
14 51 -1.000279696940138e+00 -1.874806574748152e-03 -9.783844392824705e-04 -1.007741245539983e+00
14 52 -1.000279724456111e+00 -1.875185037668933e-03 -9.779022788669052e-04 -1.007740696591206e+00
14 53 -1.000279805896770e+00 -1.875698446523390e-03 -9.772779066953069e-04 -1.007739713299162e+00
14 54 -1.000279939753280e+00 -1.876341986027624e-03 -9.765154704459825e-04 -1.007738306623975e+00
14 55 -1.000280123836460e+00 -1.877108996992859e-03 -9.756223185458374e-04 -1.007736493085257e+00
14 56 -1.000280355329567e+00 -1.877991062917327e-03 -9.746089315384713e-04 -1.007734294453985e+00
14 57 -1.000280630861759e+00 -1.878978154516594e-03 -9.734887238033440e-04 -1.007731737280859e+00
14 58 -1.000280946599149e+00 -1.880058823525905e-03 -9.722777181830268e-04 -1.007728852296144e+00
14 59 -1.000281298346472e+00 -1.881220431383840e-03 -9.709941100126798e-04 -1.007725673733300e+00
14 60 -1.000281681650399e+00 -1.882449396667874e-03 -9.696577499607056e-04 -1.007722238630550e+00
14 61 -1.000282091896209e+00 -1.883731447110511e-03 -9.682895823759003e-04 -1.007718586152677e+00
14 62 -1.000282524392070e+00 -1.885051865506194e-03 -9.669110751028909e-04 -1.007714756958700e+00
14 63 -1.000282974438455e+00 -1.886395722162002e-03 -9.655436698666125e-04 -1.007710792627023e+00
15 0 -1.000284057975305e+00 -1.888469618819347e-03 -9.619040001583689e-04 -1.007704749440085e+00
15 1 -1.000284538154928e+00 -1.889835443951254e-03 -9.606084331011328e-04 -1.007700578895165e+00
15 2 -1.000285021923993e+00 -1.891180177105865e-03 -9.593841531732892e-04 -1.007696400891427e+00
15 3 -1.000285504933259e+00 -1.892489846418633e-03 -9.582480293377870e-04 -1.007692256450802e+00
15 4 -1.000285983022372e+00 -1.893751161090876e-03 -9.572148760068148e-04 -1.007688185366854e+00
15 5 -1.000286452245902e+00 -1.894951651334212e-03 -9.562971928688797e-04 -1.007684225858420e+00
15 6 -1.000286908893582e+00 -1.896079800399043e-03 -9.555049615999765e-04 -1.007680414235617e+00
15 7 -1.000287349500897e+00 -1.897125161823175e-03 -9.548455190773863e-04 -1.007676784593870e+00
15 8 -1.000287770847439e+00 -1.898078453062519e-03 -9.543235227332239e-04 -1.007673368555845e+00
15 9 -1.000288169943419e+00 -1.898931619115137e-03 -9.539410110970477e-04 -1.007670195075185e+00
15 10 -1.000288544007930e+00 -1.899677864418993e-03 -9.536975477414789e-04 -1.007667290305460e+00
15 11 -1.000288890444936e+00 -1.900311656705769e-03 -9.535904245944300e-04 -1.007664677526018e+00
15 12 -1.000289206823589e+00 -1.900828711743104e-03 -9.536148944994500e-04 -1.007662377104136e+00
15 13 -1.000289490868046e+00 -1.901225970297201e-03 -9.537644071390931e-04 -1.007660406466416e+00
15 14 -1.000289740458474e+00 -1.901501575016768e-03 -9.540308379722653e-04 -1.007658780060396e+00
15 15 -1.000289953640777e+00 -1.901654846200098e-03 -9.544047194828833e-04 -1.007657509308977e+00
15 16 -1.000290128639908e+00 -1.901686247302998e-03 -9.548754957651093e-04 -1.007656602581509e+00
15 17 -1.000290263871717e+00 -1.901597328969839e-03 -9.554318184986221e-04 -1.007656065211822e+00
15 18 -1.000290357950976e+00 -1.901390644990393e-03 -9.560618879317149e-04 -1.007655899582506e+00
15 19 -1.000290409697101e+00 -1.901069642101537e-03 -9.567538246890004e-04 -1.007656105273107e+00
15 20 -1.000290418142368e+00 -1.900638534811335e-03 -9.574960436673917e-04 -1.007656679245493e+00
15 21 -1.000290382548800e+00 -1.900102183190525e-03 -9.582775946812757e-04 -1.007657616021240e+00
15 22 -1.000290302438375e+00 -1.899465992195711e-03 -9.590884395124884e-04 -1.007658907803239e+00
15 23 -1.000290177637043e+00 -1.898735844114627e-03 -9.599196507422006e-04 -1.007660544512070e+00
15 24 -1.000290008328079e+00 -1.897918064582575e-03 -9.607635360295599e-04 -1.007662513738969e+00
15 25 -1.000289795106715e+00 -1.897019413330019e-03 -9.616137020275786e-04 -1.007664800645471e+00
15 26 -1.000289539027325e+00 -1.896047086936234e-03 -9.624650710744981e-04 -1.007667387853742e+00
15 27 -1.000289241636386e+00 -1.895008722002184e-03 -9.633138555170176e-04 -1.007670255369929e+00
15 28 -1.000288904988267e+00 -1.893912391593212e-03 -9.641574854207970e-04 -1.007673380568928e+00
15 29 -1.000288531645054e+00 -1.892766593828367e-03 -9.649944794731802e-04 -1.007676738247804e+00
15 30 -1.000288124664408e+00 -1.891580236266599e-03 -9.658242487848873e-04 -1.007680300736000e+00
15 31 -1.000287687579612e+00 -1.890362620044074e-03 -9.666468312534791e-04 -1.007684038043847e+00
15 32 -1.000287224373656e+00 -1.889123423552199e-03 -9.674625685470601e-04 -1.007687918038636e+00
15 33 -1.000286739446314e+00 -1.887872680957504e-03 -9.682717516354584e-04 -1.007691906649404e+00
15 34 -1.000286237571767e+00 -1.886620750018884e-03 -9.690742668848674e-04 -1.007695968106407e+00
15 35 -1.000285723845057e+00 -1.885378266296053e-03 -9.698692715505793e-04 -1.007700065217667e+00
15 36 -1.000285203617847e+00 -1.884156084270078e-03 -9.706549187504796e-04 -1.007704159678398e+00
15 37 -1.000284682426572e+00 -1.882965208551998e-03 -9.714281416992441e-04 -1.007708212403238e+00
15 38 -1.000284165917893e+00 -1.881816719805751e-03 -9.721844979199578e-04 -1.007712183867477e+00
15 39 -1.000283659776290e+00 -1.880721698869290e-03 -9.729180698283183e-04 -1.007716034446623e+00
15 40 -1.000283169655956e+00 -1.879691147650917e-03 -9.736214217511499e-04 -1.007719724757005e+00
15 41 -1.000282701115293e+00 -1.878735899040919e-03 -9.742856234822606e-04 -1.007723216017521e+00
15 42 -1.000282259549440e+00 -1.877866505412198e-03 -9.749003593218674e-04 -1.007726470460024e+00
15 43 -1.000281850116542e+00 -1.877093098998261e-03 -9.754541414262599e-04 -1.007729451805859e+00
15 44 -1.000281477656308e+00 -1.876425225110603e-03 -9.759346355097200e-04 -1.007732125805173e+00
15 45 -1.000281146603349e+00 -1.875871656340063e-03 -9.763290897951801e-04 -1.007734460815966e+00
15 46 -1.000280860901042e+00 -1.875440200124285e-03 -9.766248405822964e-04 -1.007736428388224e+00
15 47 -1.000280623923121e+00 -1.875137512904521e-03 -9.768098550423381e-04 -1.007738003816470e+00
15 48 -1.000280438409395e+00 -1.874968931312046e-03 -9.768732681646108e-04 -1.007739166632502e+00
15 49 -1.000280306418778e+00 -1.874938325021154e-03 -9.768058782376728e-04 -1.007739901026984e+00
15 50 -1.000280229298860e+00 -1.875047970133517e-03 -9.766005806852423e-04 -1.007740196204643e+00
15 51 -1.000280207668722e+00 -1.875298440313223e-03 -9.762527351455373e-04 -1.007740046681261e+00
15 52 -1.000280241412120e+00 -1.875688516776571e-03 -9.757604671622444e-04 -1.007739452517921e+00
15 53 -1.000280329680802e+00 -1.876215124881861e-03 -9.751249017841843e-04 -1.007738419468234e+00
15 54 -1.000280470910628e+00 -1.876873309892189e-03 -9.743503170040976e-04 -1.007736959001385e+00
15 55 -1.000280662854409e+00 -1.877656264423955e-03 -9.734441979624311e-04 -1.007735088166650e+00
15 56 -1.000280902634615e+00 -1.878555414963780e-03 -9.724171727677012e-04 -1.007732829283173e+00
15 57 -1.000281186816499e+00 -1.879560566832681e-03 -9.712828177723294e-04 -1.007730209465267e+00
15 58 -1.000281511498612e+00 -1.880660099176890e-03 -9.700573322715986e-04 -1.007727260018170e+00
15 59 -1.000281872414291e+00 -1.881841196204855e-03 -9.687590977341777e-04 -1.007724015754620e+00
15 60 -1.000282265035502e+00 -1.883090098599751e-03 -9.674081515911410e-04 -1.007720514285774e+00
15 61 -1.000282684670538e+00 -1.884392359599176e-03 -9.660256152316829e-04 -1.007716795332269e+00
15 62 -1.000283126549422e+00 -1.885733093348592e-03 -9.646331160642962e-04 -1.007712900085686e+00
15 63 -1.000283585894284e+00 -1.887097207821655e-03 -9.632522351409973e-04 -1.007708870632633e+00
16 0 -1.000284644578256e+00 -1.889239169161370e-03 -9.592235766123929e-04 -1.007702787499251e+00
16 1 -1.000285133661620e+00 -1.890624299046084e-03 -9.579176103403170e-04 -1.007698555328062e+00
16 2 -1.000285626126640e+00 -1.891988092939277e-03 -9.566834388381328e-04 -1.007694317194245e+00
16 3 -1.000286117548587e+00 -1.893316434605391e-03 -9.555380095165704e-04 -1.007690114563878e+00
16 4 -1.000286603689426e+00 -1.894595884637647e-03 -9.544962161626813e-04 -1.007685987683878e+00
16 5 -1.000287080523168e+00 -1.895813819249658e-03 -9.535706370725918e-04 -1.007681975240581e+00
16 6 -1.000287544256213e+00 -1.896958562172428e-03 -9.527713272353790e-04 -1.007678114027869e+00
16 7 -1.000287991339286e+00 -1.898019503653304e-03 -9.521056855987444e-04 -1.007674438637278e+00
16 8 -1.000288418468498e+00 -1.898987197938595e-03 -9.515784154977902e-04 -1.007670981188326e+00
16 9 -1.000288822575191e+00 -1.899853431604428e-03 -9.511915837910762e-04 -1.007667771116506e+00
16 10 -1.000289200807091e+00 -1.900611259376976e-03 -9.509447676260436e-04 -1.007664835028145e+00
16 11 -1.000289550506085e+00 -1.901255010566168e-03 -9.508352631560161e-04 -1.007662196616476e+00
16 12 -1.000289869189299e+00 -1.901780275429165e-03 -9.508583234775087e-04 -1.007659876617528e+00
16 13 -1.000290154538980e+00 -1.902183883125262e-03 -9.510073978344944e-04 -1.007657892777769e+00
16 14 -1.000290404403338e+00 -1.902463879293663e-03 -9.512743605310891e-04 -1.007656259813565e+00
16 15 -1.000290616806499e+00 -1.902619503220542e-03 -9.516497385473387e-04 -1.007654989362018e+00
16 16 -1.000290789963018e+00 -1.902651156556232e-03 -9.521229601955462e-04 -1.007654089942937e+00
16 17 -1.000290922291926e+00 -1.902560352077198e-03 -9.526826459750027e-04 -1.007653566961948e+00
16 18 -1.000291012427150e+00 -1.902349634103754e-03 -9.533169484626792e-04 -1.007653422778972e+00
16 19 -1.000291059224829e+00 -1.902022470837428e-03 -9.540139280836546e-04 -1.007653656845327e+00
16 20 -1.000291061771708e+00 -1.901583129415625e-03 -9.547619342914934e-04 -1.007654265885199e+00
16 21 -1.000291019400674e+00 -1.901036551972315e-03 -9.555499537274553e-04 -1.007655244076546e+00
16 22 -1.000290931718308e+00 -1.900388251648458e-03 -9.563678921425702e-04 -1.007656583183372e+00
16 23 -1.000290798645574e+00 -1.899644240950886e-03 -9.572067736494407e-04 -1.007658272607635e+00
16 24 -1.000290620468083e+00 -1.898810994345674e-03 -9.580588609103675e-04 -1.007660299357469e+00
16 25 -1.000290397888608e+00 -1.897895437152204e-03 -9.589177126349301e-04 -1.007662647957548e+00
16 26 -1.000290132073070e+00 -1.896904947330022e-03 -9.597781950880251e-04 -1.007665300346202e+00
16 27 -1.000289824682642e+00 -1.895847357126987e-03 -9.606364552089902e-04 -1.007668235805371e+00
16 28 -1.000289477888539e+00 -1.894730946886460e-03 -9.614898513861855e-04 -1.007671430953681e+00
16 29 -1.000289094370454e+00 -1.893564430426504e-03 -9.623368297730086e-04 -1.007674859809244e+00
16 30 -1.000288677302496e+00 -1.892356936167191e-03 -9.631767329972753e-04 -1.007678493910174e+00
16 31 -1.000288230330753e+00 -1.891117988108593e-03 -9.640095361937364e-04 -1.007682302475293e+00
16 32 -1.000287757544684e+00 -1.889857486858744e-03 -9.648355208153051e-04 -1.007686252593380e+00
16 33 -1.000287263442083e+00 -1.888585686618319e-03 -9.656549129015709e-04 -1.007690309438973e+00
16 34 -1.000286752885636e+00 -1.887313162294724e-03 -9.664675211707561e-04 -1.007694436519400e+00
16 35 -1.000286231049139e+00 -1.886050762440849e-03 -9.672724079159988e-04 -1.007698595958077e+00
16 36 -1.000285703353319e+00 -1.884809547436202e-03 -9.680676151534010e-04 -1.007702748812766e+00
16 37 -1.000285175394065e+00 -1.883600716474667e-03 -9.688499553459050e-04 -1.007706855417934e+00
16 38 -1.000284652868018e+00 -1.882435529300866e-03 -9.696148649731793e-04 -1.007710875734342e+00
16 39 -1.000284141500269e+00 -1.881325227205846e-03 -9.703563140606931e-04 -1.007714769693602e+00
16 40 -1.000283646976309e+00 -1.880280952368597e-03 -9.710667684359116e-04 -1.007718497540564e+00
16 41 -1.000283174876685e+00 -1.879313658083638e-03 -9.717372127717447e-04 -1.007722020193611e+00
16 42 -1.000282730610115e+00 -1.878433999171497e-03 -9.723572541237347e-04 -1.007725299650547e+00
16 43 -1.000282319340786e+00 -1.877652194497778e-03 -9.729153284566074e-04 -1.007728299459987e+00
16 44 -1.000281945908025e+00 -1.876977860789514e-03 -9.733990226817629e-04 -1.007730985258721e+00
16 45 -1.000281614740475e+00 -1.876419825119517e-03 -9.737955058130221e-04 -1.007733325353613e+00
16 46 -1.000281329770362e+00 -1.875985929129130e-03 -9.740920425039710e-04 -1.007735291311557e+00
16 47 -1.000281094355165e+00 -1.875682839614420e-03 -9.742765471148646e-04 -1.007736858517445e+00
16 48 -1.000280911213178e+00 -1.875515877323362e-03 -9.743381313239108e-04 -1.007738006669086e+00
16 49 -1.000280782376414e+00 -1.875488869790334e-03 -9.742676055537511e-04 -1.007738720195454e+00
16 50 -1.000280709160363e+00 -1.875604027568334e-03 -9.740579115732705e-04 -1.007738988602232e+00
16 51 -1.000280692147375e+00 -1.875861840223731e-03 -9.737044818569585e-04 -1.007738806755141e+00
16 52 -1.000280731180552e+00 -1.876260991307513e-03 -9.732055306120857e-04 -1.007738175101203e+00
16 53 -1.000280825367671e+00 -1.876798298473094e-03 -9.725622781815938e-04 -1.007737099807085e+00
16 54 -1.000280973097687e+00 -1.877468690914910e-03 -9.717790999558883e-04 -1.007735592777507e+00
16 55 -1.000281172073741e+00 -1.878265237033584e-03 -9.708635815751228e-04 -1.007733671517904e+00
16 56 -1.000281419365699e+00 -1.879179230353105e-03 -9.698264595446424e-04 -1.007731358823965e+00
16 57 -1.000281711482798e+00 -1.880200334058389e-03 -9.686814315039813e-04 -1.007728682306343e+00
16 58 -1.000282044463723e+00 -1.881316776926134e-03 -9.674448324900722e-04 -1.007725673782646e+00
16 59 -1.000282413978001e+00 -1.882515587281528e-03 -9.661351906893594e-04 -1.007722368585933e+00
16 60 -1.000282815430149e+00 -1.883782847972873e-03 -9.647726937136276e-04 -1.007718804845966e+00
16 61 -1.000283244057928e+00 -1.885103955509067e-03 -9.633786075941678e-04 -1.007715022792705e+00
16 62 -1.000283695018529e+00 -1.886463870443316e-03 -9.619746911025463e-04 -1.007711064113146e+00
16 63 -1.000284163460009e+00 -1.887847351413643e-03 -9.605826391905167e-04 -1.007706971372555e+00
17 0 -1.000285191694228e+00 -1.890048581461031e-03 -9.561922035840633e-04 -1.007700871199800e+00
17 1 -1.000285689576101e+00 -1.891452408943178e-03 -9.548777389536143e-04 -1.007696578343775e+00
17 2 -1.000286190739951e+00 -1.892834928394038e-03 -9.536352410447269e-04 -1.007692280176788e+00
17 3 -1.000286690686882e+00 -1.894181885031092e-03 -9.524817170017795e-04 -1.007688018604566e+00
17 4 -1.000287185101630e+00 -1.895479694039860e-03 -9.514321255249783e-04 -1.007683834330225e+00
17 5 -1.000287669876945e+00 -1.896715577556626e-03 -9.504991146020984e-04 -1.007679766519525e+00
17 6 -1.000288141133627e+00 -1.897877695731584e-03 -9.496928101284092e-04 -1.007675852473116e+00
17 7 -1.000288595233619e+00 -1.898955267236058e-03 -9.490206772869782e-04 -1.007672127313228e+00
17 8 -1.000289028783665e+00 -1.899938670653940e-03 -9.484874751477009e-04 -1.007668623702253e+00
17 9 -1.000289438628489e+00 -1.900819517717091e-03 -9.480953128857262e-04 -1.007665371614788e+00
17 10 -1.000289821835107e+00 -1.901590693683832e-03 -9.478437977658793e-04 -1.007662398176813e+00
17 11 -1.000290175673008e+00 -1.902246367456917e-03 -9.477302481842483e-04 -1.007659727568427e+00
17 12 -1.000290497596563e+00 -1.902781980457918e-03 -9.477499369199274e-04 -1.007657380970186e+00
17 13 -1.000290785235198e+00 -1.903194225748372e-03 -9.478963344671922e-04 -1.007655376526014e+00
17 14 -1.000291036394037e+00 -1.903481026204096e-03 -9.481613389026120e-04 -1.007653729300800e+00
17 15 -1.000291249064102e+00 -1.903641513334374e-03 -9.485355002299737e-04 -1.007652451227031e+00
17 16 -1.000291421438090e+00 -1.903675999624031e-03 -9.490082627105951e-04 -1.007651551056585e+00
17 17 -1.000291551926566e+00 -1.903585932154175e-03 -9.495682496328594e-04 -1.007651034348932e+00
17 18 -1.000291639170800e+00 -1.903373817639896e-03 -9.502036006546886e-04 -1.007650903523977e+00
17 19 -1.000291682052015e+00 -1.903043118122918e-03 -9.509023497967342e-04 -1.007651157986173e+00
17 20 -1.000291679700553e+00 -1.902598127436984e-03 -9.516528126043456e-04 -1.007651794298635e+00
17 21 -1.000291631510483e+00 -1.902043846090820e-03 -9.524439416998246e-04 -1.007652806365551e+00
17 22 -1.000291537164558e+00 -1.901385873680981e-03 -9.532656145191413e-04 -1.007654185575578e+00
17 23 -1.000291396671476e+00 -1.900630332840137e-03 -9.541088340760076e-04 -1.007655920870037e+00
17 24 -1.000291210412978e+00 -1.899783828486341e-03 -9.549658455668072e-04 -1.007657998726188e+00
17 25 -1.000290979194025e+00 -1.898853434849179e-03 -9.558301872920580e-04 -1.007660403078614e+00
17 26 -1.000290704287244e+00 -1.897846695878798e-03 -9.566966962784400e-04 -1.007663115224865e+00
17 27 -1.000290387464013e+00 -1.896771625170144e-03 -9.575614789950835e-04 -1.007666113763117e+00
17 28 -1.000290031008390e+00 -1.895636697614742e-03 -9.584218439134367e-04 -1.007669374592412e+00
17 29 -1.000289637714417e+00 -1.894450832092735e-03 -9.592761827792397e-04 -1.007672870983206e+00
17 30 -1.000289210870180e+00 -1.893223369076546e-03 -9.601237851373580e-04 -1.007676573708576e+00
17 31 -1.000288754232771e+00 -1.891964047667615e-03 -9.609645777929231e-04 -1.007680451218752e+00
17 32 -1.000288271996992e+00 -1.890682983563406e-03 -9.617987970242928e-04 -1.007684469843945e+00
17 33 -1.000287768758230e+00 -1.889390644616870e-03 -9.626266203936010e-04 -1.007688594020340e+00
17 34 -1.000287249467781e+00 -1.888097817357967e-03 -9.634477968147893e-04 -1.007692786544538e+00
17 35 -1.000286719378614e+00 -1.886815558738985e-03 -9.642613119466778e-04 -1.007697008863949e+00
17 36 -1.000286183981312e+00 -1.885555131910499e-03 -9.650651137411940e-04 -1.007701221402783e+00
17 37 -1.000285648932731e+00 -1.884327929880833e-03 -9.658559076739330e-04 -1.007705383912055e+00
17 38 -1.000285119981900e+00 -1.883145393477342e-03 -9.666290185894828e-04 -1.007709455826441e+00
17 39 -1.000284602897754e+00 -1.882018928795221e-03 -9.673783095349805e-04 -1.007713396615117e+00
17 40 -1.000284103401029e+00 -1.880959824390585e-03 -9.680961505464398e-04 -1.007717166127371e+00
17 41 -1.000283627099140e+00 -1.879979161688667e-03 -9.687734424721075e-04 -1.007720724951101e+00
17 42 -1.000283179419923e+00 -1.879087707434174e-03 -9.693997156716064e-04 -1.007724034813238e+00
17 43 -1.000282765539787e+00 -1.878295778400882e-03 -9.699633294653013e-04 -1.007727059046073e+00
17 44 -1.000282390304293e+00 -1.877613075983156e-03 -9.704517892631390e-04 -1.007729763122948e+00
17 45 -1.000282058143140e+00 -1.877048497462492e-03 -9.708521780841211e-04 -1.007732115242322e+00
17 46 -1.000281772984934e+00 -1.876609937238987e-03 -9.711516765157541e-04 -1.007734086922914e+00
17 47 -1.000281538178895e+00 -1.876304093537572e-03 -9.713381275549845e-04 -1.007735653568286e+00
17 48 -1.000281356430142e+00 -1.876136294103787e-03 -9.714005955050093e-04 -1.007736794966176e+00
17 49 -1.000281229752462e+00 -1.876110348456862e-03 -9.713298747256144e-04 -1.007737495704889e+00
17 50 -1.000281159438248e+00 -1.876228426499885e-03 -9.711189227890210e-04 -1.007737745510093e+00
17 51 -1.000281146042281e+00 -1.876490958694579e-03 -9.707632138204947e-04 -1.007737539516127e+00
17 52 -1.000281189376066e+00 -1.876896555481502e-03 -9.702610196455748e-04 -1.007736878476000e+00
17 53 -1.000281288512289e+00 -1.877441951148181e-03 -9.696136243561019e-04 -1.007735768890743e+00
17 54 -1.000281441801831e+00 -1.878121983602402e-03 -9.688254672360082e-04 -1.007734223021862e+00
17 55 -1.000281646906938e+00 -1.878929622350022e-03 -9.679041979505762e-04 -1.007732258752439e+00
17 56 -1.000281900853434e+00 -1.879856053160425e-03 -9.668606220346857e-04 -1.007729899278680e+00
17 57 -1.000282200102873e+00 -1.880890821651271e-03 -9.657085169938327e-04 -1.007727172635592e+00
17 58 -1.000282540642364e+00 -1.882022030192195e-03 -9.644643113410617e-04 -1.007724111084702e+00
17 59 -1.000282918085925e+00 -1.883236574461780e-03 -9.631466385110331e-04 -1.007720750414395e+00
17 60 -1.000283327778608e+00 -1.884520401176611e-03 -9.617757975224652e-04 -1.007717129213658e+00
17 61 -1.000283764894887e+00 -1.885858769487466e-03 -9.603731642427310e-04 -1.007713288170396e+00
17 62 -1.000284224525485e+00 -1.887236503452098e-03 -9.589605978656764e-04 -1.007709269423546e+00
17 63 -1.000284701749893e+00 -1.888638227706523e-03 -9.575598791068794e-04 -1.007705115980128e+00
18 0 -1.000285694342969e+00 -1.890889380252457e-03 -9.528390605422751e-04 -1.007699021159032e+00
18 1 -1.000286200810280e+00 -1.892311076796118e-03 -9.515181667531229e-04 -1.007694669272784e+00
18 2 -1.000286710568020e+00 -1.893711762678127e-03 -9.502690825940831e-04 -1.007690311883565e+00
18 3 -1.000287219045634e+00 -1.895077052848678e-03 -9.491088533728269e-04 -1.007685991324937e+00
18 4 -1.000287721852192e+00 -1.896393222483666e-03 -9.480524853362578e-04 -1.007681748752684e+00
18 5 -1.000288214799421e+00 -1.897647341237474e-03 -9.471126848458214e-04 -1.007677623819206e+00
18 6 -1.000288693921318e+00 -1.898827403397978e-03 -9.462996441500387e-04 -1.007673654349614e+00
18 7 -1.000289155488319e+00 -1.899922450081242e-03 -9.456208966800185e-04 -1.007669876024160e+00
18 8 -1.000289596013302e+00 -1.900922674238138e-03 -9.450812652018820e-04 -1.007666322086189e+00
18 9 -1.000290012247851e+00 -1.901819498509352e-03 -9.446829140188880e-04 -1.007663023099702e+00
18 10 -1.000290401169970e+00 -1.902605620759822e-03 -9.444254965723911e-04 -1.007660006771290e+00
18 11 -1.000290759967320e+00 -1.903275029142528e-03 -9.443063714147929e-04 -1.007657297835360e+00
18 12 -1.000291086021549e+00 -1.903822994410770e-03 -9.443208504007150e-04 -1.007654917987643e+00
18 13 -1.000291376898977e+00 -1.904246050448789e-03 -9.444624467226567e-04 -1.007652885842507e+00
18 14 -1.000291630351068e+00 -1.904541973093385e-03 -9.447231065351809e-04 -1.007651216888560e+00
18 15 -1.000291844324870e+00 -1.904709760764289e-03 -9.450934305526084e-04 -1.007649923430545e+00
18 16 -1.000292016980041e+00 -1.904749610510921e-03 -9.455629101219080e-04 -1.007649014530722e+00
18 17 -1.000292146707113e+00 -1.904662876534146e-03 -9.461202052461483e-04 -1.007648495982495e+00
18 18 -1.000292232142796e+00 -1.904452000264327e-03 -9.467534778080521e-04 -1.007648370347125e+00
18 19 -1.000292272181478e+00 -1.904120410255397e-03 -9.474507698077722e-04 -1.007648637062910e+00
18 20 -1.000292265985600e+00 -1.903672400838796e-03 -9.482003950894467e-04 -1.007649292609752e+00
18 21 -1.000292212999726e+00 -1.903113006257687e-03 -9.489913019528433e-04 -1.007650330691648e+00
18 22 -1.000292112973196e+00 -1.902447889763526e-03 -9.498133672231941e-04 -1.007651742390018e+00
18 23 -1.000291965994101e+00 -1.901683263307549e-03 -9.506575994456657e-04 -1.007653516247342e+00
18 24 -1.000291772533027e+00 -1.900825843130534e-03 -9.515162528441844e-04 -1.007655638266248e+00
18 25 -1.000291533490500e+00 -1.899882834244073e-03 -9.523828720797111e-04 -1.007658091844223e+00
18 26 -1.000291250239624e+00 -1.898861929215256e-03 -9.532522913460816e-04 -1.007660857689009e+00
18 27 -1.000290924656222e+00 -1.897771306920644e-03 -9.541206012050397e-04 -1.007663913762662e+00
18 28 -1.000290559132129e+00 -1.896619622650164e-03 -9.549850816408681e-04 -1.007667235287275e+00
18 29 -1.000290156571358e+00 -1.895415987972707e-03 -9.558440880227975e-04 -1.007670794823782e+00
18 30 -1.000289720372181e+00 -1.894169944261909e-03 -9.566968721469698e-04 -1.007674562415390e+00
18 31 -1.000289254399627e+00 -1.892891435625741e-03 -9.575433263475477e-04 -1.007678505775695e+00
18 32 -1.000288762951737e+00 -1.891590783935531e-03 -9.583836556540302e-04 -1.007682590503549e+00
18 33 -1.000288250720280e+00 -1.890278662661152e-03 -9.592180047102503e-04 -1.007686780319397e+00
18 34 -1.000287722744463e+00 -1.888966062206283e-03 -9.600460805380609e-04 -1.007691037329052e+00
18 35 -1.000287184356000e+00 -1.887664240569553e-03 -9.608668115286671e-04 -1.007695322321524e+00
18 36 -1.000286641115396e+00 -1.886384657813808e-03 -9.616780702681626e-04 -1.007699595099877e+00
18 37 -1.000286098741361e+00 -1.885138897463647e-03 -9.624764712559402e-04 -1.007703814835898e+00
18 38 -1.000285563037103e+00 -1.883938580805339e-03 -9.632572400571519e-04 -1.007707940434114e+00
18 39 -1.000285039817946e+00 -1.882795280308906e-03 -9.640141414868002e-04 -1.007711930890571e+00
18 40 -1.000284534843188e+00 -1.881720434457188e-03 -9.647394555862729e-04 -1.007715745641985e+00
18 41 -1.000284053751387e+00 -1.880725258471834e-03 -9.654240032396561e-04 -1.007719344921261e+00
18 42 -1.000283601994748e+00 -1.879820638825745e-03 -9.660572409731794e-04 -1.007722690151861e+00
18 43 -1.000283184767893e+00 -1.879017000023394e-03 -9.666274534487914e-04 -1.007725744409631e+00
18 44 -1.000282806929114e+00 -1.878324140117509e-03 -9.671220645751617e-04 -1.007728472957046e+00
18 45 -1.000282472916134e+00 -1.877751041231173e-03 -9.675280674931552e-04 -1.007730843828738e+00
18 46 -1.000282186661440e+00 -1.877305668162990e-03 -9.678325491805633e-04 -1.007732828431338e+00
18 47 -1.000281951514014e+00 -1.876994771151842e-03 -9.680232651254387e-04 -1.007734402115349e+00
18 48 -1.000281770174300e+00 -1.876823707993143e-03 -9.680892097673966e-04 -1.007735544680527e+00
18 49 -1.000281644646724e+00 -1.876796294891862e-03 -9.680211340495104e-04 -1.007736240792618e+00
18 50 -1.000281576209688e+00 -1.876914686477266e-03 -9.678119812482163e-04 -1.007736480313823e+00
18 51 -1.000281565399594e+00 -1.877179279502466e-03 -9.674572360061459e-04 -1.007736258563751e+00
18 52 -1.000281612005573e+00 -1.877588636697370e-03 -9.669551962221119e-04 -1.007735576518234e+00
18 53 -1.000281715074453e+00 -1.878139434636949e-03 -9.663071775420244e-04 -1.007734440929232e+00
18 54 -1.000281872928175e+00 -1.878826445774400e-03 -9.655176497222807e-04 -1.007732864332126e+00
18 55 -1.000282083197001e+00 -1.879642566444418e-03 -9.645942909986226e-04 -1.007730864906816e+00
18 56 -1.000282342871437e+00 -1.880578900330181e-03 -9.635479375431666e-04 -1.007728466171631e+00
18 57 -1.000282648374113e+00 -1.881624901342646e-03 -9.623924052436666e-04 -1.007725696509207e+00
18 58 -1.000282995649421e+00 -1.882768571128020e-03 -9.611441729475049e-04 -1.007722588550657e+00
18 59 -1.000283380264598e+00 -1.883996697159506e-03 -9.598219370119174e-04 -1.007719178470565e+00
18 60 -1.000283797513578e+00 -1.885295112494328e-03 -9.584460682339072e-04 -1.007715505255236e+00
18 61 -1.000284242515457e+00 -1.886648959654895e-03 -9.570380158515553e-04 -1.007711609994929e+00
18 62 -1.000284710301922e+00 -1.888042945540132e-03 -9.556197059847984e-04 -1.007707535230083e+00
18 63 -1.000285195890516e+00 -1.889461578248350e-03 -9.542129745950923e-04 -1.007703324365812e+00
19 0 -1.000286148102320e+00 -1.891752885447157e-03 -9.491970230507274e-04 -1.007697256431907e+00
19 1 -1.000286662840267e+00 -1.893191418566502e-03 -9.478718942826155e-04 -1.007692847837434e+00
19 2 -1.000287180983816e+00 -1.894609502089456e-03 -9.466181008490391e-04 -1.007688432714648e+00
19 3 -1.000287697894151e+00 -1.895992630560415e-03 -9.454527028227858e-04 -1.007684053808429e+00
19 4 -1.000288209107048e+00 -1.897326946059119e-03 -9.443907345313818e-04 -1.007679752719540e+00
19 5 -1.000288710354507e+00 -1.898599369349624e-03 -9.434449468859947e-04 -1.007675569588375e+00
19 6 -1.000289197583851e+00 -1.899797729037678e-03 -9.426255912396977e-04 -1.007671542774588e+00
19 7 -1.000289666972633e+00 -1.900910885090759e-03 -9.419402688646059e-04 -1.007667708536345e+00
19 8 -1.000290114936596e+00 -1.901928837020928e-03 -9.413938722760487e-04 -1.007664100729395e+00
19 9 -1.000290538128969e+00 -1.902842806473403e-03 -9.409886322618278e-04 -1.007660750550099e+00
19 10 -1.000290933431853e+00 -1.903645288588336e-03 -9.407242634886319e-04 -1.007657686338066e+00
19 11 -1.000291297942900e+00 -1.904330072721487e-03 -9.405981820706658e-04 -1.007654933441680e+00
19 12 -1.000291628961932e+00 -1.904892238790350e-03 -9.406057581020054e-04 -1.007652514136987e+00
19 13 -1.000291923982533e+00 -1.905328139875225e-03 -9.407405684950169e-04 -1.007650447577286e+00
19 14 -1.000292180692621e+00 -1.905635382210478e-03 -9.409946309501957e-04 -1.007648749744821e+00
19 15 -1.000292396985101e+00 -1.905812807586705e-03 -9.413586235866749e-04 -1.007647433387857e+00
19 16 -1.000292570975879e+00 -1.905860472717858e-03 -9.418221151447747e-04 -1.007646507953104e+00
19 17 -1.000292701024079e+00 -1.905779612681054e-03 -9.423738356673726e-04 -1.007645979545347e+00
19 18 -1.000292785749969e+00 -1.905572576671554e-03 -9.430020040550541e-04 -1.007645850946676e+00
19 19 -1.000292824049001e+00 -1.905242732834774e-03 -9.436947047015168e-04 -1.007646121708936e+00
19 20 -1.000292815103704e+00 -1.904794349638633e-03 -9.444402822817756e-04 -1.007646788307532e+00
19 21 -1.000292758397617e+00 -1.904232469846604e-03 -9.452277105922434e-04 -1.007647844322388e+00
19 22 -1.000292653736097e+00 -1.903562796950839e-03 -9.460468930363728e-04 -1.007649280598971e+00
19 23 -1.000292501277183e+00 -1.902791610739666e-03 -9.468888692899252e-04 -1.007651085346414e+00
19 24 -1.000292301571807e+00 -1.901925718629436e-03 -9.477459279650599e-04 -1.007653244153845e+00
19 25 -1.000292055608208e+00 -1.900972437012151e-03 -9.486116457673107e-04 -1.007655739940278e+00
19 26 -1.000291764852633e+00 -1.899939588529149e-03 -9.494808793871139e-04 -1.007658552879829e+00
19 27 -1.000291431278559e+00 -1.898835500123582e-03 -9.503497271982004e-04 -1.007661660351186e+00
19 28 -1.000291057379320e+00 -1.897668991715085e-03 -9.512154618441468e-04 -1.007665036948739e+00
19 29 -1.000290646163162e+00 -1.896449353081123e-03 -9.520764204395489e-04 -1.007668654570135e+00
19 30 -1.000290201133579e+00 -1.895186313369588e-03 -9.529318321714867e-04 -1.007672482571366e+00
19 31 -1.000289726259570e+00 -1.893890010047596e-03 -9.537815679667149e-04 -1.007676487967376e+00
19 32 -1.000289225939414e+00 -1.892570960600632e-03 -9.546258145359140e-04 -1.007680635659333e+00
19 33 -1.000288704958995e+00 -1.891240033908421e-03 -9.554646984664458e-04 -1.007684888682837e+00
19 34 -1.000288168443762e+00 -1.889908414193676e-03 -9.562979024522823e-04 -1.007689208481276e+00
19 35 -1.000287621803172e+00 -1.888587551207192e-03 -9.571243169557747e-04 -1.007693555209364e+00
19 36 -1.000287070667309e+00 -1.887289094122862e-03 -9.579417585724289e-04 -1.007697888067300e+00
19 37 -1.000286520816973e+00 -1.886024811034212e-03 -9.587467686344698e-04 -1.007702165659828e+00
19 38 -1.000285978110409e+00 -1.884806499886357e-03 -9.595344884434795e-04 -1.007706346366945e+00
19 39 -1.000285448411131e+00 -1.883645898326671e-03 -9.602985960688613e-04 -1.007710388708974e+00
19 40 -1.000284937519951e+00 -1.882554596334644e-03 -9.610312896955047e-04 -1.007714251698253e+00
19 41 -1.000284451110545e+00 -1.881543946842774e-03 -9.617233161739519e-04 -1.007717895192659e+00
19 42 -1.000283994664256e+00 -1.880624961881702e-03 -9.623640631259350e-04 -1.007721280285133e+00
19 43 -1.000283573399446e+00 -1.879808181645451e-03 -9.629417446786369e-04 -1.007724369760227e+00
19 44 -1.000283192193475e+00 -1.879103511524387e-03 -9.634437055237338e-04 -1.007727128625191e+00
19 45 -1.000282855499117e+00 -1.878520032199245e-03 -9.638568476320758e-04 -1.007729524696689e+00
19 46 -1.000282567260256e+00 -1.878065795647761e-03 -9.641681576580374e-04 -1.007731529206415e+00
19 47 -1.000282330833613e+00 -1.877747624017831e-03 -9.643652900920196e-04 -1.007733117380924e+00
19 48 -1.000282148923477e+00 -1.877570927964266e-03 -9.644371491391121e-04 -1.007734268953653e+00
19 49 -1.000282023533894e+00 -1.877539555184728e-03 -9.643744164993185e-04 -1.007734968584323e+00
19 50 -1.000281955938444e+00 -1.877655670621604e-03 -9.641699920253087e-04 -1.007735206186448e+00
19 51 -1.000281946664385e+00 -1.877919663113882e-03 -9.638193401217848e-04 -1.007734977179589e+00
19 52 -1.000281995487831e+00 -1.878330073803379e-03 -9.633207532142602e-04 -1.007734282676476e+00
19 53 -1.000282101439171e+00 -1.878883547947604e-03 -9.626755465434071e-04 -1.007733129593633e+00
19 54 -1.000282262820651e+00 -1.879574818737624e-03 -9.618881878570470e-04 -1.007731530655375e+00
19 55 -1.000282477239494e+00 -1.880396735230782e-03 -9.609663499194228e-04 -1.007729504256034e+00
19 56 -1.000282741659776e+00 -1.881340345202814e-03 -9.599208624332523e-04 -1.007727074155103e+00
19 57 -1.000283052474247e+00 -1.882395037583748e-03 -9.587655390899851e-04 -1.007724269002589e+00
19 58 -1.000283405593664e+00 -1.883548739731524e-03 -9.575168665448017e-04 -1.007721121721872e+00
19 59 -1.000283796547375e+00 -1.884788155935212e-03 -9.561935619495270e-04 -1.007717668802404e+00
19 60 -1.000284220586875e+00 -1.886099028990364e-03 -9.548160276733703e-04 -1.007713949562742e+00
19 61 -1.000284672784430e+00 -1.887466406975495e-03 -9.534057485519121e-04 -1.007710005435202e+00
19 62 -1.000285148120854e+00 -1.888874900414590e-03 -9.519846826990135e-04 -1.007705879306672e+00
19 63 -1.000285641559002e+00 -1.890308919379909e-03 -9.505746896963799e-04 -1.007701614933364e+00
20 0 -1.000286549136439e+00 -1.892630318420023e-03 -9.453023246417867e-04 -1.007695594279336e+00
20 1 -1.000287071737033e+00 -1.894084473343736e-03 -9.439752326986081e-04 -1.007691131905724e+00
20 2 -1.000287597962179e+00 -1.895518994505943e-03 -9.427187009764019e-04 -1.007686661165697e+00
20 3 -1.000288123108797e+00 -1.896919266667062e-03 -9.415497802746850e-04 -1.007682225196533e+00
20 4 -1.000288642642469e+00 -1.898271306890466e-03 -9.404835123403958e-04 -1.007677866032710e+00
20 5 -1.000289152217892e+00 -1.899561892812632e-03 -9.395326764239011e-04 -1.007673624297349e+00
20 6 -1.000289647697183e+00 -1.900778690195441e-03 -9.387075726583957e-04 -1.007669538886717e+00
20 7 -1.000290125164932e+00 -1.901910376706627e-03 -9.380158669655625e-04 -1.007665646649575e+00
20 8 -1.000290580937798e+00 -1.902946752917407e-03 -9.374625255889037e-04 -1.007661982078513e+00
20 9 -1.000291011566924e+00 -1.903878830178254e-03 -9.370498555990943e-04 -1.007658577036748e+00
20 10 -1.000291413833190e+00 -1.904698888412369e-03 -9.367776466922390e-04 -1.007655460539884e+00
20 11 -1.000291784737433e+00 -1.905400502723951e-03 -9.366433890114801e-04 -1.007652658601499e+00
20 12 -1.000292121489620e+00 -1.905978544175573e-03 -9.366425293413269e-04 -1.007650194136320e+00
20 13 -1.000292421501857e+00 -1.906429165329896e-03 -9.367687286044934e-04 -1.007648086899032e+00
20 14 -1.000292682389458e+00 -1.906749782114928e-03 -9.370140985831998e-04 -1.007646353429471e+00
20 15 -1.000292901981759e+00 -1.906939057930752e-03 -9.373694203740297e-04 -1.007645006985139e+00
20 16 -1.000293078340787e+00 -1.906996885870849e-03 -9.378243692441581e-04 -1.007644057466517e+00
20 17 -1.000293209783277e+00 -1.906924356982439e-03 -9.383677775690109e-04 -1.007643511363377e+00
20 18 -1.000293294901321e+00 -1.906723702146096e-03 -9.389879553503066e-04 -1.007643371755599e+00
20 19 -1.000293332579191e+00 -1.906398202535003e-03 -9.396730634035229e-04 -1.007643638387440e+00
20 20 -1.000293322007088e+00 -1.905952074468454e-03 -9.404115094711806e-04 -1.007644307808879e+00
20 21 -1.000293262695396e+00 -1.905390343971122e-03 -9.411923222134624e-04 -1.007645373552919e+00
20 22 -1.000293154494044e+00 -1.904718730974411e-03 -9.420054581203488e-04 -1.007646826302663e+00
20 23 -1.000292997620439e+00 -1.903943560704677e-03 -9.428420126510242e-04 -1.007648654003592e+00
20 24 -1.000292792696145e+00 -1.903071710535099e-03 -9.436943328194489e-04 -1.007650841897454e+00
20 25 -1.000292540788207e+00 -1.902110588144308e-03 -9.445560513489727e-04 -1.007653372487312e+00
20 26 -1.000292243447801e+00 -1.901068127211130e-03 -9.454220711622041e-04 -1.007656225472910e+00
20 27 -1.000291902738246e+00 -1.899952784485197e-03 -9.462885212504596e-04 -1.007659377706910e+00
20 28 -1.000291521246839e+00 -1.898773526952545e-03 -9.471526878242234e-04 -1.007662803212199e+00
20 29 -1.000291102079091e+00 -1.897539806268502e-03 -9.480129077475290e-04 -1.007666473276487e+00
20 30 -1.000290648837784e+00 -1.896261524857311e-03 -9.488684023395739e-04 -1.007670356616607e+00
20 31 -1.000290165591087e+00 -1.894949000602591e-03 -9.497190335923013e-04 -1.007674419591814e+00
20 32 -1.000289656833547e+00 -1.893612934225238e-03 -9.505649821791389e-04 -1.007678626446030e+00
20 33 -1.000289127441849e+00 -1.892264377691396e-03 -9.514063706257405e-04 -1.007682939568858e+00
20 34 -1.000288582625231e+00 -1.890914697234685e-03 -9.522428737323628e-04 -1.007687319776317e+00
20 35 -1.000288027869402e+00 -1.889575523628926e-03 -9.530733625045046e-04 -1.007691726618093e+00
20 36 -1.000287468873195e+00 -1.888258685491588e-03 -9.538956170300106e-04 -1.007696118715811e+00
20 37 -1.000286911479011e+00 -1.886976126915854e-03 -9.547061244957180e-04 -1.007700454127485e+00
20 38 -1.000286361600232e+00 -1.885739815896361e-03 -9.554999587534632e-04 -1.007704690722692e+00
20 39 -1.000285825149783e+00 -1.884561651702768e-03 -9.562707244559176e-04 -1.007708786550256e+00
20 40 -1.000285307972518e+00 -1.883453375444292e-03 -9.570105477916555e-04 -1.007712700191749e+00
20 41 -1.000284815780746e+00 -1.882426479795573e-03 -9.577101091461634e-04 -1.007716391115416e+00
20 42 -1.000284354089212e+00 -1.881492106271597e-03 -9.583587337583901e-04 -1.007719820062215e+00
20 43 -1.000283928145145e+00 -1.880660916983517e-03 -9.589445710141874e-04 -1.007722949495361e+00
20 44 -1.000283542851090e+00 -1.879942933879320e-03 -9.594548906373243e-04 -1.007725744126110e+00
20 45 -1.000283202681809e+00 -1.879347348712693e-03 -9.598765045110715e-04 -1.007728171501609e+00
20 46 -1.000282911600066e+00 -1.878882316479090e-03 -9.601962949665664e-04 -1.007730202617477e+00
20 47 -1.000282672978299e+00 -1.878554750386121e-03 -9.604018049111726e-04 -1.007731812506345e+00
20 48 -1.000282489533149e+00 -1.878370136099827e-03 -9.604818307677369e-04 -1.007732980757538e+00
20 49 -1.000282363277210e+00 -1.878332377153330e-03 -9.604269614225606e-04 -1.007733691941455e+00
20 50 -1.000282295488414e+00 -1.878443674411714e-03 -9.602300254884469e-04 -1.007733935936807e+00
20 51 -1.000282286694199e+00 -1.878704435055366e-03 -9.598864370249257e-04 -1.007733708175714e+00
20 52 -1.000282336667101e+00 -1.879113205117493e-03 -9.593944522059468e-04 -1.007733009820051e+00
20 53 -1.000282444430469e+00 -1.879666624865049e-03 -9.587553551946760e-04 -1.007731847863942e+00
20 54 -1.000282608276051e+00 -1.880359414343519e-03 -9.579735807037944e-04 -1.007730235135191e+00
20 55 -1.000282825797091e+00 -1.881184401626812e-03 -9.570567632794423e-04 -1.007728190158155e+00
20 56 -1.000283093940289e+00 -1.882132605323791e-03 -9.560156905347441e-04 -1.007725736849799e+00
20 57 -1.000283409077566e+00 -1.883193376192933e-03 -9.548641354208348e-04 -1.007722904045963e+00
20 58 -1.000283767095012e+00 -1.884354593536829e-03 -9.536185518431923e-04 -1.007719724884867e+00
20 59 -1.000284163493031e+00 -1.885602903876949e-03 -9.522976364242813e-04 -1.007716236097889e+00
20 60 -1.000284593489714e+00 -1.886923984326234e-03 -9.509217824211667e-04 -1.007712477266855e+00
20 61 -1.000285052119452e+00 -1.888302811780482e-03 -9.495124718173111e-04 -1.007708490102194e+00
20 62 -1.000285534320609e+00 -1.889723921546774e-03 -9.480916597102620e-04 -1.007704317780756e+00
20 63 -1.000286035008952e+00 -1.891171644521878e-03 -9.466811977016514e-04 -1.007700004361556e+00
21 0 -1.000286894212045e+00 -1.893512901173980e-03 -9.411941663159211e-04 -1.007694050003893e+00
21 1 -1.000287424184641e+00 -1.894981305736973e-03 -9.398674110356439e-04 -1.007689537315738e+00
21 2 -1.000287958099899e+00 -1.896431134605328e-03 -9.386101609273871e-04 -1.007685013642598e+00
21 3 -1.000288491195084e+00 -1.897847674244131e-03 -9.374394332594306e-04 -1.007680522492099e+00
21 4 -1.000289018869548e+00 -1.899216826167681e-03 -9.363702556039348e-04 -1.007676106316446e+00
21 5 -1.000289536704053e+00 -1.900525232373082e-03 -9.354154175384891e-04 -1.007671806210842e+00
21 6 -1.000290040477997e+00 -1.901760400600302e-03 -9.345852551800283e-04 -1.007667661604563e+00
21 7 -1.000290526184215e+00 -1.902910827556174e-03 -9.338874931341379e-04 -1.007663709942366e+00
21 8 -1.000290990039935e+00 -1.903966112380044e-03 -9.333271727340188e-04 -1.007659986368718e+00
21 9 -1.000291428492179e+00 -1.904917049868184e-03 -9.329066850726695e-04 -1.007656523438333e+00
21 10 -1.000291838216797e+00 -1.905755694911343e-03 -9.326259072549604e-04 -1.007653350877150e+00
21 11 -1.000292216112355e+00 -1.906475395406848e-03 -9.324824188507753e-04 -1.007650495407236e+00
21 12 -1.000292559292248e+00 -1.907070798163510e-03 -9.324717607560176e-04 -1.007647980632002e+00
21 13 -1.000292865079592e+00 -1.907537838087632e-03 -9.325876970768210e-04 -1.007645826961662e+00
21 14 -1.000293131009019e+00 -1.907873722273258e-03 -9.328224549715259e-04 -1.007644051550770e+00
21 15 -1.000293354837596e+00 -1.908076915771059e-03 -9.331669426897538e-04 -1.007642668226481e+00
21 16 -1.000293534563990e+00 -1.908147126446823e-03 -9.336109697110232e-04 -1.007641687407502e+00
21 17 -1.000293668452113e+00 -1.908085277918324e-03 -9.341435017830883e-04 -1.007641116037670e+00
21 18 -1.000293755054458e+00 -1.907893457740111e-03 -9.347529731383692e-04 -1.007640957568426e+00
21 19 -1.000293793231851e+00 -1.907574834154205e-03 -9.354276542329872e-04 -1.007641212013849e+00
21 20 -1.000293782169461e+00 -1.907133545361173e-03 -9.361560473237265e-04 -1.007641876077320e+00
21 21 -1.000293721391842e+00 -1.906574575385619e-03 -9.369272645982824e-04 -1.007642943322934e+00
21 22 -1.000293610781242e+00 -1.905903636352571e-03 -9.377313414509113e-04 -1.007644404347314e+00
21 23 -1.000293450602891e+00 -1.905127075862439e-03 -9.385594526717209e-04 -1.007646246905241e+00
21 24 -1.000293241538315e+00 -1.904251819543308e-03 -9.394040258824393e-04 -1.007648455960224e+00
21 25 -1.000292984723554e+00 -1.903285345913906e-03 -9.402587716969795e-04 -1.007651013664673e+00
21 26 -1.000292681785492e+00 -1.902235679966078e-03 -9.411186613693240e-04 -1.007653899306920e+00
21 27 -1.000292334868407e+00 -1.901111388854823e-03 -9.419798763915993e-04 -1.007657089275799e+00
21 28 -1.000291946645059e+00 -1.899921567883519e-03 -9.428397368791474e-04 -1.007660557083570e+00
21 29 -1.000291520310432e+00 -1.898675813206346e-03 -9.436965969656700e-04 -1.007664273465449e+00
21 30 -1.000291059559728e+00 -1.897384184730584e-03 -9.445496845491975e-04 -1.007668206552112e+00
21 31 -1.000290568554374e+00 -1.896057166071885e-03 -9.453988649626290e-04 -1.007672322096611e+00
21 32 -1.000290051880220e+00 -1.894705627128832e-03 -9.462443244628669e-04 -1.007676583732399e+00
21 33 -1.000289514500805e+00 -1.893340789474799e-03 -9.470861940528343e-04 -1.007680953246461e+00
21 34 -1.000288961706213e+00 -1.891974188490321e-03 -9.479241553474664e-04 -1.007685390866639e+00
21 35 -1.000288399056218e+00 -1.890617623560289e-03 -9.487570772302057e-04 -1.007689855573065e+00
21 36 -1.000287832316749e+00 -1.889283090860915e-03 -9.495827224738305e-04 -1.007694305440824e+00
21 37 -1.000287267390746e+00 -1.887982699881268e-03 -9.503975433632205e-04 -1.007698698008052e+00
21 38 -1.000286710246517e+00 -1.886728580365198e-03 -9.511965636509178e-04 -1.007702990652837e+00
21 39 -1.000286166847206e+00 -1.885532787729613e-03 -9.519733288675570e-04 -1.007707140962247e+00
21 40 -1.000285643083505e+00 -1.884407211482693e-03 -9.527199043623847e-04 -1.007711107088033e+00
21 41 -1.000285144709168e+00 -1.883363483873642e-03 -9.534269128193129e-04 -1.007714848101156e+00
21 42 -1.000284677276238e+00 -1.882412878282487e-03 -9.540836245338555e-04 -1.007718324373614e+00
21 43 -1.000284246065766e+00 -1.881566183702521e-03 -9.546781309749024e-04 -1.007721498020453e+00
21 44 -1.000283856011323e+00 -1.880833546323186e-03 -9.551976327586988e-04 -1.007724333420261e+00
21 45 -1.000283511616239e+00 -1.880224279806936e-03 -9.556288550232658e-04 -1.007726797803745e+00
21 46 -1.000283216869465e+00 -1.879746656662968e-03 -9.559585745334252e-04 -1.007728861872472e+00
21 47 -1.000282975167144e+00 -1.879407699332640e-03 -9.561742151684340e-04 -1.007730500396619e+00
21 48 -1.000282789246754e+00 -1.879212989754985e-03 -9.562644512571603e-04 -1.007731692744710e+00
21 49 -1.000282661138258e+00 -1.879166510910943e-03 -9.562197580538523e-04 -1.007732423315650e+00
21 50 -1.000282592133040e+00 -1.879270524917465e-03 -9.560328670364844e-04 -1.007732681867365e+00
21 51 -1.000282582768067e+00 -1.879525483572342e-03 -9.556991132381064e-04 -1.007732463756345e+00
21 52 -1.000282632821711e+00 -1.879929964140481e-03 -9.552166872993823e-04 -1.007731770105425e+00
21 53 -1.000282741319578e+00 -1.880480627912924e-03 -9.545868132745095e-04 -1.007730607899568e+00
21 54 -1.000282906552096e+00 -1.881172207848412e-03 -9.538138633516124e-04 -1.007728989984174e+00
21 55 -1.000283126107667e+00 -1.881997537571269e-03 -9.529054027016496e-04 -1.007726934927749e+00
21 56 -1.000283396924674e+00 -1.882947633298558e-03 -9.518721433619449e-04 -1.007724466720010e+00
21 57 -1.000283715363090e+00 -1.884011834070952e-03 -9.507277816204943e-04 -1.007721614301221e+00
21 58 -1.000284077293142e+00 -1.885177997148014e-03 -9.494887003445646e-04 -1.007718410946945e+00
21 59 -1.000284478195239e+00 -1.886432737025482e-03 -9.481735355525067e-04 -1.007714893556061e+00
21 60 -1.000284913263178e+00 -1.887761690222172e-03 -9.468026312050059e-04 -1.007711101902829e+00
21 61 -1.000285377502424e+00 -1.889149785910332e-03 -9.453974284123695e-04 -1.007707077911010e+00
21 62 -1.000285865817371e+00 -1.890581505437420e-03 -9.439798447474733e-04 -1.007702864990267e+00
21 63 -1.000286373084634e+00 -1.892041119916139e-03 -9.425716924611068e-04 -1.007698507451945e+00
22 0 -1.000287180703350e+00 -1.894391947466438e-03 -9.369142787216578e-04 -1.007692636853025e+00
22 1 -1.000287717486528e+00 -1.895873098899212e-03 -9.355901382385768e-04 -1.007688077772066e+00
22 2 -1.000288258623620e+00 -1.897336959328942e-03 -9.343341925818276e-04 -1.007683504349143e+00
22 3 -1.000288799297520e+00 -1.898768729505521e-03 -9.331634012226227e-04 -1.007678960436159e+00
22 4 -1.000289334846092e+00 -1.900154206240320e-03 -9.320927551321767e-04 -1.007674488882393e+00
22 5 -1.000289860780241e+00 -1.901479904577146e-03 -9.311350350377926e-04 -1.007670131240808e+00
22 6 -1.000290372799977e+00 -1.902733180523237e-03 -9.303005987062430e-04 -1.007665927465698e+00
22 7 -1.000290866808871e+00 -1.903902353585262e-03 -9.295972211826528e-04 -1.007661915595718e+00
22 8 -1.000291338926051e+00 -1.904976822202475e-03 -9.290300173702392e-04 -1.007658131432194e+00
22 9 -1.000291785494066e+00 -1.905947161577567e-03 -9.286014674158561e-04 -1.007654608236071e+00
22 10 -1.000292203081445e+00 -1.906805194560362e-03 -9.283115463032837e-04 -1.007651376469267e+00
22 11 -1.000292588480490e+00 -1.907544031560511e-03 -9.281579371964850e-04 -1.007648463597010e+00
22 12 -1.000292938702803e+00 -1.908158082563916e-03 -9.281362914058911e-04 -1.007645893952111e+00
22 13 -1.000293250976343e+00 -1.908643050493644e-03 -9.282404940204203e-04 -1.007643688645556e+00
22 14 -1.000293522748046e+00 -1.908995917554258e-03 -9.284629072668437e-04 -1.007641865496350e+00
22 15 -1.000293751694870e+00 -1.909214932552718e-03 -9.287945890644598e-04 -1.007640438955650e+00
22 16 -1.000293935743388e+00 -1.909299598302961e-03 -9.292255091664158e-04 -1.007639420019441e+00
22 17 -1.000294073094900e+00 -1.909250649179760e-03 -9.297447961716930e-04 -1.007638816149933e+00
22 18 -1.000294162251293e+00 -1.909070005752900e-03 -9.303410402528584e-04 -1.007638631240153e+00
22 19 -1.000294202037836e+00 -1.908760698331696e-03 -9.310026535919710e-04 -1.007638865649028e+00
22 20 -1.000294191621785e+00 -1.908326761385667e-03 -9.317182636293768e-04 -1.007639516311543e+00
22 21 -1.000294130528707e+00 -1.907773111480038e-03 -9.324770941152154e-04 -1.007640576902050e+00
22 22 -1.000294018660238e+00 -1.907105428372781e-03 -9.332692842292906e-04 -1.007642038008474e+00
22 23 -1.000293856317190e+00 -1.906330058931040e-03 -9.340861100723271e-04 -1.007643887269240e+00
22 24 -1.000293644229670e+00 -1.905453955350529e-03 -9.349201000459718e-04 -1.007646109440101e+00
22 25 -1.000293383592019e+00 -1.904484646084737e-03 -9.357650625250970e-04 -1.007648686390937e+00
22 26 -1.000293076096563e+00 -1.903430226786561e-03 -9.366160575506186e-04 -1.007651597065947e+00
22 27 -1.000292723958736e+00 -1.902299354817946e-03 -9.374693397030733e-04 -1.007654817456052e+00
22 28 -1.000292329927621e+00 -1.901101234604673e-03 -9.383222823666457e-04 -1.007658320625902e+00
22 29 -1.000291897279211e+00 -1.899845588713808e-03 -9.391732739404474e-04 -1.007662076818333e+00
22 30 -1.000291429793292e+00 -1.898542617270301e-03 -9.400215632064448e-04 -1.007666053636144e+00
22 31 -1.000290931717520e+00 -1.897202953218255e-03 -9.408670308271031e-04 -1.007670216282088e+00
22 32 -1.000290407723261e+00 -1.895837620478541e-03 -9.417098792638523e-04 -1.007674527830356e+00
22 33 -1.000289862856501e+00 -1.894457996187465e-03 -9.425502588556572e-04 -1.007678949511186e+00
22 34 -1.000289302484708e+00 -1.893075771049286e-03 -9.433878709537794e-04 -1.007683441007203e+00
22 35 -1.000288732238759e+00 -1.891702898921811e-03 -9.442215982127878e-04 -1.007687960770874e+00
22 36 -1.000288157949282e+00 -1.890351529836486e-03 -9.450492041973161e-04 -1.007692466369367e+00
22 37 -1.000287585578308e+00 -1.889033926766140e-03 -9.458671247330844e-04 -1.007696914852213e+00
22 38 -1.000287021148651e+00 -1.887762371725919e-03 -9.466703504723670e-04 -1.007701263128515e+00
22 39 -1.000286470674000e+00 -1.886549069066987e-03 -9.474523823617491e-04 -1.007705468338731e+00
22 40 -1.000285940091959e+00 -1.885406051751984e-03 -9.482052366843917e-04 -1.007709488212823e+00
22 41 -1.000285435199912e+00 -1.884345089443969e-03 -9.489194877613011e-04 -1.007713281423045e+00
22 42 -1.000284961590753e+00 -1.883377588305253e-03 -9.495843587851967e-04 -1.007716807959746e+00
22 43 -1.000284524584069e+00 -1.882514467885019e-03 -9.501878906506150e-04 -1.007720029566705e+00
22 44 -1.000284129149955e+00 -1.881766004791551e-03 -9.507172218019666e-04 -1.007722910257635e+00
22 45 -1.000283779826529e+00 -1.881141643730016e-03 -9.511589958968208e-04 -1.007725416904645e+00
22 46 -1.000283480635987e+00 -1.880649787533214e-03 -9.514998856708419e-04 -1.007727519861396e+00
22 47 -1.000283235006005e+00 -1.880297584528061e-03 -9.517271918781335e-04 -1.007729193570386e+00
22 48 -1.000283045703239e+00 -1.880090732946659e-03 -9.518294558900664e-04 -1.007730417105188e+00
22 49 -1.000282914783710e+00 -1.880033317929812e-03 -9.517970216903910e-04 -1.007731174612686e+00
22 50 -1.000282843561272e+00 -1.880127687498463e-03 -9.516225005213652e-04 -1.007731455645056e+00
22 51 -1.000282832591686e+00 -1.880374363736781e-03 -9.513011220930721e-04 -1.007731255395891e+00
22 52 -1.000282881668454e+00 -1.880771981019207e-03 -9.508309841446458e-04 -1.007730574861556e+00
22 53 -1.000282989828663e+00 -1.881317247497825e-03 -9.502132231477043e-04 -1.007729420931102e+00
22 54 -1.000283155370589e+00 -1.882004935026238e-03 -9.494521209571331e-04 -1.007727806381183e+00
22 55 -1.000283375886875e+00 -1.882827908984190e-03 -9.485551444742147e-04 -1.007725749738748e+00
22 56 -1.000283648316479e+00 -1.883777209451980e-03 -9.475328993858932e-04 -1.007723274982324e+00
22 57 -1.000283969016141e+00 -1.884842189940462e-03 -9.463989719612177e-04 -1.007720411075302e+00
22 58 -1.000284333848928e+00 -1.886010711754399e-03 -9.451696378566697e-04 -1.007717191352163e+00
22 59 -1.000284738284050e+00 -1.887269383036129e-03 -9.438634343064453e-04 -1.007713652804443e+00
22 60 -1.000285177499804e+00 -1.888603824335588e-03 -9.425006176004755e-04 -1.007709835329032e+00
22 61 -1.000285646481415e+00 -1.889998940227371e-03 -9.411025512957074e-04 -1.007705780999061e+00
22 62 -1.000286140107828e+00 -1.891439179686860e-03 -9.396910814922193e-04 -1.007701533398556e+00
22 63 -1.000286653224713e+00 -1.892908774067048e-03 -9.382879499692702e-04 -1.007697137038268e+00
23 0 -1.000287406587140e+00 -1.895258945829482e-03 -9.325064428697420e-04 -1.007691365984648e+00
23 1 -1.000287949561335e+00 -1.896751238320084e-03 -9.311871258429945e-04 -1.007686764808219e+00
23 2 -1.000288497387001e+00 -1.898227733726418e-03 -9.299344646843417e-04 -1.007682145242197e+00
23 3 -1.000289045198328e+00 -1.899673560173421e-03 -9.287653376342827e-04 -1.007677551454454e+00
23 4 -1.000289588276889e+00 -1.901074421380035e-03 -9.276946765637758e-04 -1.007673026668168e+00
23 5 -1.000290122068449e+00 -1.902416715272153e-03 -9.267352334325335e-04 -1.007668612876114e+00
23 6 -1.000290642197903e+00 -1.903687654093757e-03 -9.258973721047826e-04 -1.007664350544088e+00
23 7 -1.000291144483249e+00 -1.904875386061099e-03 -9.251889080397918e-04 -1.007660278295580e+00
23 8 -1.000291624948183e+00 -1.905969112171823e-03 -9.246150257633413e-04 -1.007656432586081e+00
23 9 -1.000292079831930e+00 -1.906959187934931e-03 -9.241782967514157e-04 -1.007652847388790e+00
23 10 -1.000292505595091e+00 -1.907837200431613e-03 -9.238788018768953e-04 -1.007649553917119e+00
23 11 -1.000292898921443e+00 -1.908596015575751e-03 -9.237143402548797e-04 -1.007646580403528e+00
23 12 -1.000293256717097e+00 -1.909229796895400e-03 -9.236806885229192e-04 -1.007643951941460e+00
23 13 -1.000293576109954e+00 -1.909734003613300e-03 -9.237718691347856e-04 -1.007641690379929e+00
23 14 -1.000293854453348e+00 -1.910105379461499e-03 -9.239803974574664e-04 -1.007639814244765e+00
23 15 -1.000294089337316e+00 -1.910341941463635e-03 -9.242975018251274e-04 -1.007638338658292e+00
23 16 -1.000294278608527e+00 -1.910442969686260e-03 -9.247133363927136e-04 -1.007637275246336e+00
23 17 -1.000294420396601e+00 -1.910408989321484e-03 -9.252172200155042e-04 -1.007636632048458e+00
23 18 -1.000294513142346e+00 -1.910241731867734e-03 -9.257979286439121e-04 -1.007636413465101e+00
23 19 -1.000294555623633e+00 -1.909944065751689e-03 -9.264440470419699e-04 -1.007636620272270e+00
23 20 -1.000294546976924e+00 -1.909519896505557e-03 -9.271443578444172e-04 -1.007637249713704e+00
23 21 -1.000294486715356e+00 -1.908974047827162e-03 -9.278882236766860e-04 -1.007638295653429e+00
23 22 -1.000294374746598e+00 -1.908312142659272e-03 -9.286659111126116e-04 -1.007639748749010e+00
23 23 -1.000294211394245e+00 -1.907540504185908e-03 -9.294688178468520e-04 -1.007641596597605e+00
23 24 -1.000293997424905e+00 -1.906666089347503e-03 -9.302895914436258e-04 -1.007643823819318e+00
23 25 -1.000293734079723e+00 -1.905696455183274e-03 -9.311221560399500e-04 -1.007646412072186e+00
23 26 -1.000293423105490e+00 -1.904639746982729e-03 -9.319616789042926e-04 -1.007649340025876e+00
23 27 -1.000293066778395e+00 -1.903504691917380e-03 -9.328045064780298e-04 -1.007652583340905e+00
23 28 -1.000292667914044e+00 -1.902300583890043e-03 -9.336480836734999e-04 -1.007656114699462e+00
23 29 -1.000292229860181e+00 -1.901037252818151e-03 -9.344908497241673e-04 -1.007659903915714e+00
23 30 -1.000291756472495e+00 -1.899725020642240e-03 -9.353320882401550e-04 -1.007663918126957e+00
23 31 -1.000291252077139e+00 -1.898374652381707e-03 -9.361717064399243e-04 -1.007668122044754e+00
23 32 -1.000290721424565e+00 -1.896997310105499e-03 -9.370099324937383e-04 -1.007672478238143e+00
23 33 -1.000290169638052e+00 -1.895604511471057e-03 -9.378469455853011e-04 -1.007676947430495e+00
23 34 -1.000289602158236e+00 -1.894208087508564e-03 -9.386824779913442e-04 -1.007681488806909e+00
23 35 -1.000289024683606e+00 -1.892820131502090e-03 -9.395154398849257e-04 -1.007686060337838e+00
23 36 -1.000288443106804e+00 -1.891452932953013e-03 -9.403436116499970e-04 -1.007690619123873e+00
23 37 -1.000287863447159e+00 -1.890118895397776e-03 -9.411634296711364e-04 -1.007695121760814e+00
23 38 -1.000287291780997e+00 -1.888830442107709e-03 -9.419698677795509e-04 -1.007699524716659e+00
23 39 -1.000286734172336e+00 -1.887599917546557e-03 -9.427563964647217e-04 -1.007703784705868e+00
23 40 -1.000286196606394e+00 -1.886439491867957e-03 -9.435149943847852e-04 -1.007707859048757e+00
23 41 -1.000285684926057e+00 -1.885361068688473e-03 -9.442361966751281e-04 -1.007711706021276e+00
23 42 -1.000285204768153e+00 -1.884376186237580e-03 -9.449091873156616e-04 -1.007715285224583e+00
23 43 -1.000284761494952e+00 -1.883495896524139e-03 -9.455219641424043e-04 -1.007718558013968e+00
23 44 -1.000284360118184e+00 -1.882730611216680e-03 -9.460616108439250e-04 -1.007721488010895e+00
23 45 -1.000284005216777e+00 -1.882089913768090e-03 -9.465146961794917e-04 -1.007724041690487e+00
23 46 -1.000283700852994e+00 -1.881582348414248e-03 -9.468677928740914e-04 -1.007726189008981e+00
23 47 -1.000283450493495e+00 -1.881215204021959e-03 -9.471080778349501e-04 -1.007727904021171e+00
23 48 -1.000283256942111e+00 -1.880994313346164e-03 -9.472239523385917e-04 -1.007729165436072e+00
23 49 -1.000283122289427e+00 -1.880923885058412e-03 -9.472056151849430e-04 -1.007729957070879e+00
23 50 -1.000283047880684e+00 -1.881006376662458e-03 -9.470455377802573e-04 -1.007730268188984e+00
23 51 -1.000283034299536e+00 -1.881242405276641e-03 -9.467388211688251e-04 -1.007730093735674e+00
23 52 -1.000283081363754e+00 -1.881630687633622e-03 -9.462834450468608e-04 -1.007729434494823e+00
23 53 -1.000283188131038e+00 -1.882168004228202e-03 -9.456804326735263e-04 -1.007728297173427e+00
23 54 -1.000283352916603e+00 -1.882849191386554e-03 -9.449339498462955e-04 -1.007726694393564e+00
23 55 -1.000283573326273e+00 -1.883667171850573e-03 -9.440513388584325e-04 -1.007724644555936e+00
23 56 -1.000283846308309e+00 -1.884613035299461e-03 -9.430430709861464e-04 -1.007722171544837e+00
23 57 -1.000284168224798e+00 -1.885676175656310e-03 -9.419225916907970e-04 -1.007719304265601e+00
23 58 -1.000284534940147e+00 -1.886844484114778e-03 -9.407060357389346e-04 -1.007716076033274e+00
23 59 -1.000284941920796e+00 -1.888104587598112e-03 -9.394118059310729e-04 -1.007712523858225e+00
23 60 -1.000285384337924e+00 -1.889442114703074e-03 -9.380600348088009e-04 -1.007708687691570e+00
23 61 -1.000285857164917e+00 -1.890841968272714e-03 -9.366719733485199e-04 -1.007704609692333e+00
23 62 -1.000286355263667e+00 -1.892288586534420e-03 -9.352693632762869e-04 -1.007700333560081e+00
23 63 -1.000286873457010e+00 -1.893766181000913e-03 -9.338738457806893e-04 -1.007695903952081e+00
24 0 -1.000287570430046e+00 -1.896105635615488e-03 -9.280159758194404e-04 -1.007690246484888e+00
24 1 -1.000288118930459e+00 -1.897607387750827e-03 -9.267035773143267e-04 -1.007685607803996e+00
24 2 -1.000288672858844e+00 -1.899095027499036e-03 -9.254560943675818e-04 -1.007680946046788e+00
24 3 -1.000289227306409e+00 -1.900553623186634e-03 -9.242903023982625e-04 -1.007676305668918e+00
24 4 -1.000289777503836e+00 -1.901968797250814e-03 -9.232210527842852e-04 -1.007671730243234e+00
24 5 -1.000290318837082e+00 -1.903326841481040e-03 -9.222610486744786e-04 -1.007667262180388e+00
24 6 -1.000290846861101e+00 -1.904614834079178e-03 -9.214206433332767e-04 -1.007662942438387e+00
24 7 -1.000291357312971e+00 -1.905820759667613e-03 -9.207076809927789e-04 -1.007658810210919e+00
24 8 -1.000291846124669e+00 -1.906933626972800e-03 -9.201274099935867e-04 -1.007654902599211e+00
24 9 -1.000292309434612e+00 -1.907943574301482e-03 -9.196824932049431e-04 -1.007651254286785e+00
24 10 -1.000292743596597e+00 -1.908841952604430e-03 -9.193731228948443e-04 -1.007647897243484e+00
24 11 -1.000293145185375e+00 -1.909621379823333e-03 -9.191972240912072e-04 -1.007644860482019e+00
24 12 -1.000293510999377e+00 -1.910275766475935e-03 -9.191507117544578e-04 -1.007642169878240e+00
24 13 -1.000293838062815e+00 -1.910800318951837e-03 -9.192277605983588e-04 -1.007639848048495e+00
24 14 -1.000294123630687e+00 -1.911191531337651e-03 -9.194210557267642e-04 -1.007637914260286e+00
24 15 -1.000294365200417e+00 -1.911447175795913e-03 -9.197220147535929e-04 -1.007636384346765e+00
24 16 -1.000294560531947e+00 -1.911566294413873e-03 -9.201209980181666e-04 -1.007635270609075e+00
24 17 -1.000294707675010e+00 -1.911549185480625e-03 -9.206075396091260e-04 -1.007634581716923e+00
24 18 -1.000294804999534e+00 -1.911397371041393e-03 -9.211706291080708e-04 -1.007634322639167e+00
24 19 -1.000294851224619e+00 -1.911113534825448e-03 -9.217990533630003e-04 -1.007634494637790e+00
24 20 -1.000294845443253e+00 -1.910701429022853e-03 -9.224817791899319e-04 -1.007635095340273e+00
24 21 -1.000294787142725e+00 -1.910165759726440e-03 -9.232083343179571e-04 -1.007636118878246e+00
24 22 -1.000294676223159e+00 -1.909512069003537e-03 -9.239691351002855e-04 -1.007637556056779e+00
24 23 -1.000294513017650e+00 -1.908746633295304e-03 -9.247557198190065e-04 -1.007639394507988e+00
24 24 -1.000294298316557e+00 -1.907876392124393e-03 -9.255608720572256e-04 -1.007641618790514e+00
24 25 -1.000294033395779e+00 -1.906908909757479e-03 -9.263786476824028e-04 -1.007644210422380e+00
24 26 -1.000293720045221e+00 -1.905852360432702e-03 -9.272043372738167e-04 -1.007647147868229e+00
24 27 -1.000293360590996e+00 -1.904715520738014e-03 -9.280343958859176e-04 -1.007650406526434e+00
24 28 -1.000292957904722e+00 -1.903507753679131e-03 -9.288663569665586e-04 -1.007653958764875e+00
24 29 -1.000292515395802e+00 -1.902238976522451e-03 -9.296987264086205e-04 -1.007657774036396e+00
24 30 -1.000292036986564e+00 -1.900919614132063e-03 -9.305308358562999e-04 -1.007661819077103e+00
24 31 -1.000291527073491e+00 -1.899560546061230e-03 -9.313626294431872e-04 -1.007666058167524e+00
24 32 -1.000290990479032e+00 -1.898173055828922e-03 -9.321943696229632e-04 -1.007670453428595e+00
24 33 -1.000290432397670e+00 -1.896768785262602e-03 -9.330262726796681e-04 -1.007674965131732e+00
24 34 -1.000289858338231e+00 -1.895359689823686e-03 -9.338581109947059e-04 -1.007679552016184e+00
24 35 -1.000289274063044e+00 -1.893957987082443e-03 -9.346888333448674e-04 -1.007684171617190e+00
24 36 -1.000288685523945e+00 -1.892576091549765e-03 -9.355162504026779e-04 -1.007688780610905e+00
24 37 -1.000288098795334e+00 -1.891226533481181e-03 -9.363368143053203e-04 -1.007693335177846e+00
24 38 -1.000287520005406e+00 -1.889921864861668e-03 -9.371454971621048e-04 -1.007697791378312e+00
24 39 -1.000286955267818e+00 -1.888674560205150e-03 -9.379357521428500e-04 -1.007702105525688e+00
24 40 -1.000286410615957e+00 -1.887496919858973e-03 -9.386995307585841e-04 -1.007706234545095e+00
24 41 -1.000285891939874e+00 -1.886400977070824e-03 -9.394273373553649e-04 -1.007710136321326e+00
24 42 -1.000285404922900e+00 -1.885398399963168e-03 -9.401083240687175e-04 -1.007713770063792e+00
24 43 -1.000284954973526e+00 -1.884500373123924e-03 -9.407304528752561e-04 -1.007717096728097e+00
24 44 -1.000284547149809e+00 -1.883717446258114e-03 -9.412807601519984e-04 -1.007720079521307e+00
24 45 -1.000284186077241e+00 -1.883059347700991e-03 -9.417457471372225e-04 -1.007722684487692e+00
24 46 -1.000283875864657e+00 -1.882534772386457e-03 -9.421118924945078e-04 -1.007724881141542e+00
24 47 -1.000283620024745e+00 -1.882151162304847e-03 -9.423662516369843e-04 -1.007726643095602e+00
24 48 -1.000283421406124e+00 -1.881914500849475e-03 -9.424970824825814e-04 -1.007727948630135e+00
24 49 -1.000283282142162e+00 -1.881829139713405e-03 -9.424944288723616e-04 -1.007728781159432e+00
24 50 -1.000283203618142e+00 -1.881897667956055e-03 -9.423506066377534e-04 -1.007729129578529e+00
24 51 -1.000283186454473e+00 -1.882120821335874e-03 -9.420605680854276e-04 -1.007728988501675e+00
24 52 -1.000283230502138e+00 -1.882497423281767e-03 -9.416221524661149e-04 -1.007728358416348e+00
24 53 -1.000283334848436e+00 -1.883024351306273e-03 -9.410362466679039e-04 -1.007727245763140e+00
24 54 -1.000283497834475e+00 -1.883696531115358e-03 -9.403068770931971e-04 -1.007725662925161e+00
24 55 -1.000283717088082e+00 -1.884506967963975e-03 -9.394412374855083e-04 -1.007723628093003e+00
24 56 -1.000283989575436e+00 -1.885446826474614e-03 -9.384496392463268e-04 -1.007721164974195e+00
24 57 -1.000284311672333e+00 -1.886505566312189e-03 -9.373453592108330e-04 -1.007718302335889e+00
24 58 -1.000284679252658e+00 -1.887671133598846e-03 -9.361443607227565e-04 -1.007715073397065e+00
24 59 -1.000285087788104e+00 -1.888930198568865e-03 -9.348648792960958e-04 -1.007711515114422e+00
24 60 -1.000285532450773e+00 -1.890268421633219e-03 -9.335268898174220e-04 -1.007707667425234e+00
24 61 -1.000286008210288e+00 -1.891670726470488e-03 -9.321514974934338e-04 -1.007703572511458e+00
24 62 -1.000286509919445e+00 -1.893121561454908e-03 -9.307603086976387e-04 -1.007699274131316e+00
24 63 -1.000287032385903e+00 -1.894605137311569e-03 -9.293748359183790e-04 -1.007694817038091e+00
25 0 -1.000287671370145e+00 -1.896924077100948e-03 -9.234891892367072e-04 -1.007689285427096e+00
25 1 -1.000288224699384e+00 -1.898433558273496e-03 -9.221856513578735e-04 -1.007684614047515e+00
25 2 -1.000288784104230e+00 -1.899930783074515e-03 -9.209451146707805e-04 -1.007679914321297e+00
25 3 -1.000289344638630e+00 -1.901400772592814e-03 -9.197842323225255e-04 -1.007675230963682e+00
25 4 -1.000289901487986e+00 -1.902829079937133e-03 -9.187177556457323e-04 -1.007670607871483e+00
25 5 -1.000290449984146e+00 -1.904201902323704e-03 -9.177583198523622e-04 -1.007666087848733e+00
25 6 -1.000290985617815e+00 -1.905506194639886e-03 -9.169162505082042e-04 -1.007661712323127e+00
25 7 -1.000291504050512e+00 -1.906729787124941e-03 -9.161994075472886e-04 -1.007657521039491e+00
25 8 -1.000292001127255e+00 -1.907861503466708e-03 -9.156130955289602e-04 -1.007653551729975e+00
25 9 -1.000292472889511e+00 -1.908891269754847e-03 -9.151600669482443e-04 -1.007649839778415e+00
25 10 -1.000292915586859e+00 -1.909810203231978e-03 -9.148406289320480e-04 -1.007646417907256e+00
25 11 -1.000293325685991e+00 -1.910610673390210e-03 -9.146528400851027e-04 -1.007643315913499e+00
25 12 -1.000293699876941e+00 -1.911286334259758e-03 -9.145927645160458e-04 -1.007640560467910e+00
25 13 -1.000294035078013e+00 -1.911832133180636e-03 -9.146547423243834e-04 -1.007638174974303e+00
25 14 -1.000294328442431e+00 -1.912244306079640e-03 -9.148316432496053e-04 -1.007636179468309e+00
25 15 -1.000294577370416e+00 -1.912520369717545e-03 -9.151150909162777e-04 -1.007634590526133e+00
25 16 -1.000294779529378e+00 -1.912659115475476e-03 -9.154956711060115e-04 -1.007633421162784e+00
25 17 -1.000294932881907e+00 -1.912660599323711e-03 -9.159631557095478e-04 -1.007632680724359e+00
25 18 -1.000295035718125e+00 -1.912526115398134e-03 -9.165067737593732e-04 -1.007632374803335e+00
25 19 -1.000295086687699e+00 -1.912258141543363e-03 -9.171155418678731e-04 -1.007632505211771e+00
25 20 -1.000295084827977e+00 -1.911860253636533e-03 -9.177786383541512e-04 -1.007633070031995e+00
25 21 -1.000295029587211e+00 -1.911337016461286e-03 -9.184857810152488e-04 -1.007634063738576e+00
25 22 -1.000294920844349e+00 -1.910693867520368e-03 -9.192275575194938e-04 -1.007635477361205e+00
25 23 -1.000294758928393e+00 -1.909937013374703e-03 -9.199956647666761e-04 -1.007637298643871e+00
25 24 -1.000294544640336e+00 -1.909073354002797e-03 -9.207830376147979e-04 -1.007639512158589e+00
25 25 -1.000294279278446e+00 -1.908110439887511e-03 -9.215838774852683e-04 -1.007642099355116e+00
25 26 -1.000293964664047e+00 -1.907056453801250e-03 -9.223936121473944e-04 -1.007645038562654e+00
25 27 -1.000293603161886e+00 -1.905920201217113e-03 -9.232088200327895e-04 -1.007648304986902e+00
25 28 -1.000293197688547e+00 -1.904711093495174e-03 -9.240271383877375e-04 -1.007651870751447e+00
25 29 -1.000292751704500e+00 -1.903439114933411e-03 -9.248471542293717e-04 -1.007655705016675e+00
25 30 -1.000292269188931e+00 -1.902114774062586e-03 -9.256682596297027e-04 -1.007659774183213e+00
25 31 -1.000291754599863e+00 -1.900749046751668e-03 -9.264904454551608e-04 -1.007664042163008e+00
25 32 -1.000291212823933e+00 -1.899353320421720e-03 -9.273140160777357e-04 -1.007668470689015e+00
25 33 -1.000290649120085e+00 -1.897939344123751e-03 -9.281392314017718e-04 -1.007673019638166e+00
25 34 -1.000290069059868e+00 -1.896519181622141e-03 -9.289659107735499e-04 -1.007677647357088e+00
25 35 -1.000289478465250e+00 -1.895105159436649e-03 -9.297930501676912e-04 -1.007682310994125e+00
25 36 -1.000288883344012e+00 -1.893709802218101e-03 -9.306185015378761e-04 -1.007686966845406e+00
25 37 -1.000288289823004e+00 -1.892345752557118e-03 -9.314387456201601e-04 -1.007691570717142e+00
25 38 -1.000287704080365e+00 -1.891025678034378e-03 -9.322487659551527e-04 -1.007696078297593e+00
25 39 -1.000287132278460e+00 -1.889762172430355e-03 -9.330420101523899e-04 -1.007700445526440e+00
25 40 -1.000286580499056e+00 -1.888567658369047e-03 -9.338104119814673e-04 -1.007704628951297e+00
25 41 -1.000286054680646e+00 -1.887454293460068e-03 -9.345444522150387e-04 -1.007708586074536e+00
25 42 -1.000285560555296e+00 -1.886433872643697e-03 -9.352332572083155e-04 -1.007712275714585e+00
25 43 -1.000285103580949e+00 -1.885517712075279e-03 -9.358647592555730e-04 -1.007715658419895e+00
25 44 -1.000284688866240e+00 -1.884716500824201e-03 -9.364259545010322e-04 -1.007718696966267e+00
25 45 -1.000284321088436e+00 -1.884040116200973e-03 -9.369032844789117e-04 -1.007721356939855e+00
25 46 -1.000284004408940e+00 -1.883497411054555e-03 -9.372831411280936e-04 -1.007723607374919e+00
25 47 -1.000283742393176e+00 -1.883095991084187e-03 -9.375524632395533e-04 -1.007725421393272e+00
25 48 -1.000283537941881e+00 -1.882842004379613e-03 -9.376993656678073e-04 -1.007726776787366e+00
25 49 -1.000283393239047e+00 -1.882739963021331e-03 -9.377137316173461e-04 -1.007727656500789e+00
25 50 -1.000283309718207e+00 -1.882792607727507e-03 -9.375877096711203e-04 -1.007728048985888e+00
25 51 -1.000283288044996e+00 -1.883000814857643e-03 -9.373160870570258e-04 -1.007727948447399e+00
25 52 -1.000283328112288e+00 -1.883363537550038e-03 -9.368965434748336e-04 -1.007727354995671e+00
25 53 -1.000283429045793e+00 -1.883877773998466e-03 -9.363298090973501e-04 -1.007726274722903e+00
25 54 -1.000283589221337e+00 -1.884538563507639e-03 -9.356197500465385e-04 -1.007724719690481e+00
25 55 -1.000283806297452e+00 -1.885339018454394e-03 -9.347733900625960e-04 -1.007722707796178e+00
25 56 -1.000284077266659e+00 -1.886270403053693e-03 -9.338008581163766e-04 -1.007720262489580e+00
25 57 -1.000284398526550e+00 -1.887322267161115e-03 -9.327152378923015e-04 -1.007717412321308e+00
25 58 -1.000284765968301e+00 -1.888482636104452e-03 -9.315322940512041e-04 -1.007714190339201e+00
25 59 -1.000285175076544e+00 -1.889738247477460e-03 -9.302700648787523e-04 -1.007710633374687e+00
25 60 -1.000285621031946e+00 -1.891074816791181e-03 -9.289483362410180e-04 -1.007706781284156e+00
25 61 -1.000286098807903e+00 -1.892477310320699e-03 -9.275880367431106e-04 -1.007702676211644e+00
25 62 -1.000286603255480e+00 -1.893930206479395e-03 -9.262106087377142e-04 -1.007698361919884e+00
25 63 -1.000287129174362e+00 -1.895417733453797e-03 -9.248374101810152e-04 -1.007693883209682e+00
26 0 -1.000287709094731e+00 -1.897706715828292e-03 -9.189728302008587e-04 -1.007688487963506e+00
26 1 -1.000288266534619e+00 -1.899222170788327e-03 -9.176799082210203e-04 -1.007683788833232e+00
26 2 -1.000288830760870e+00 -1.900727376575829e-03 -9.164479259303916e-04 -1.007679055560531e+00
26 3 -1.000289396795957e+00 -1.902207319644639e-03 -9.152933968093130e-04 -1.007674333090942e+00
26 4 -1.000289959785751e+00 -1.903647495825063e-03 -9.142309546187483e-04 -1.007669665618092e+00
26 5 -1.000290515013736e+00 -1.905034019194574e-03 -9.132731493166013e-04 -1.007665096314483e+00
26 6 -1.000291057912203e+00 -1.906353732287958e-03 -9.124302624278901e-04 -1.007660667054010e+00
26 7 -1.000291584073055e+00 -1.907594321456221e-03 -9.117101557691189e-04 -1.007656418109585e+00
26 8 -1.000292089260113e+00 -1.908744434758416e-03 -9.111181808025864e-04 -1.007652387822596e+00
26 9 -1.000292569422910e+00 -1.909793793397672e-03 -9.106571760389055e-04 -1.007648612259790e+00
26 10 -1.000293020710521e+00 -1.910733285516827e-03 -9.103275652557650e-04 -1.007645124885679e+00
26 11 -1.000293439483758e+00 -1.911555034005869e-03 -9.101275466014559e-04 -1.007641956278539e+00
26 12 -1.000293822324904e+00 -1.912252435684356e-03 -9.100533422933429e-04 -1.007639133908022e+00
26 13 -1.000294166045585e+00 -1.912820175666657e-03 -9.100994689268957e-04 -1.007636681976089e+00
26 14 -1.000294467695115e+00 -1.913254226193056e-03 -9.102589935827552e-04 -1.007634621303986e+00
26 15 -1.000294724573110e+00 -1.913551840820801e-03 -9.105237602370351e-04 -1.007632969235289e+00
26 16 -1.000294934249721e+00 -1.913711549975945e-03 -9.108845969080298e-04 -1.007631739530304e+00
26 17 -1.000295094594194e+00 -1.913733154220103e-03 -9.113315334177092e-04 -1.007630942250970e+00
26 18 -1.000295203808951e+00 -1.913617703646542e-03 -9.118540615961061e-04 -1.007630583661864e+00
26 19 -1.000295260464524e+00 -1.913367451302173e-03 -9.124414530835923e-04 -1.007630666182752e+00
26 20 -1.000295263531225e+00 -1.912985775637816e-03 -9.130831231013916e-04 -1.007631188416618e+00
26 21 -1.000295212405550e+00 -1.912477077540399e-03 -9.137690033438279e-04 -1.007632145253065e+00
26 22 -1.000295106931793e+00 -1.911846666824097e-03 -9.144898735797567e-04 -1.007633528021968e+00
26 23 -1.000294947421297e+00 -1.911100657532491e-03 -9.152376062592657e-04 -1.007635324654948e+00
26 24 -1.000294734672525e+00 -1.910245888514092e-03 -9.160053011159155e-04 -1.007637519811156e+00
26 25 -1.000294469993506e+00 -1.909289875705701e-03 -9.167873170882876e-04 -1.007640094943778e+00
26 26 -1.000294155224867e+00 -1.908240789888672e-03 -9.175792311266676e-04 -1.007643028317362e+00
26 27 -1.000293792758276e+00 -1.907107444858121e-03 -9.183777577042985e-04 -1.007646295015413e+00
26 28 -1.000293385543989e+00 -1.905899279836355e-03 -9.191806509474755e-04 -1.007649866987102e+00
26 29 -1.000292937082672e+00 -1.904626325864679e-03 -9.199865918491220e-04 -1.007653713169393e+00
26 30 -1.000292451400009e+00 -1.903299155187570e-03 -9.207950445524831e-04 -1.007657799695487e+00
26 31 -1.000291933005971e+00 -1.901928820769605e-03 -9.216060559092081e-04 -1.007662090174730e+00
26 32 -1.000291386842935e+00 -1.900526795938218e-03 -9.224199785730733e-04 -1.007666546014162e+00
26 33 -1.000290818227209e+00 -1.899104920192056e-03 -9.232371205704321e-04 -1.007671126753634e+00
26 34 -1.000290232787205e+00 -1.897675349462918e-03 -9.240573528920696e-04 -1.007675790400903e+00
26 35 -1.000289636399694e+00 -1.896250503286658e-03 -9.248797251426296e-04 -1.007680493768498e+00
26 36 -1.000289035124526e+00 -1.894843000980289e-03 -9.257021390615815e-04 -1.007685192819967e+00
26 37 -1.000288435138142e+00 -1.893465583084016e-03 -9.265211140266856e-04 -1.007689843029039e+00
26 38 -1.000287842666710e+00 -1.892131019900913e-03 -9.273316557078983e-04 -1.007694399747178e+00
26 39 -1.000287263920204e+00 -1.890852013372277e-03 -9.281272162750073e-04 -1.007698818569007e+00
26 40 -1.000286705028534e+00 -1.889641099491073e-03 -9.288997199640717e-04 -1.007703055685990e+00
26 41 -1.000286171979454e+00 -1.888510553956529e-03 -9.296396297655972e-04 -1.007707068230619e+00
26 42 -1.000285670555781e+00 -1.887472294817423e-03 -9.303360505774074e-04 -1.007710814633526e+00
26 43 -1.000285206267950e+00 -1.886537768104396e-03 -9.309768896159065e-04 -1.007714255031010e+00
26 44 -1.000284784279027e+00 -1.885717802260961e-03 -9.315491089226960e-04 -1.007717351755384e+00
26 45 -1.000284409322649e+00 -1.885022425673395e-03 -9.320390980129859e-04 -1.007720069914185e+00
26 46 -1.000284085618243e+00 -1.884460654082394e-03 -9.324331702579785e-04 -1.007722378030598e+00
26 47 -1.000283816790263e+00 -1.884040265323007e-03 -9.327181546020223e-04 -1.007724248692818e+00
26 48 -1.000283605798536e+00 -1.883767584149096e-03 -9.328820260757308e-04 -1.007725659152112e+00
26 49 -1.000283454885080e+00 -1.883647298215257e-03 -9.329145053077985e-04 -1.007726591819516e+00
26 50 -1.000283365539382e+00 -1.883682317730466e-03 -9.328075661252062e-04 -1.007727034636477e+00
26 51 -1.000283338480313e+00 -1.883873679515910e-03 -9.325558184343704e-04 -1.007726981325254e+00
26 52 -1.000283373650966e+00 -1.884220487838592e-03 -9.321567668047449e-04 -1.007726431542453e+00
26 53 -1.000283470224037e+00 -1.884719884181905e-03 -9.316109672099074e-04 -1.007725390952612e+00
26 54 -1.000283626618720e+00 -1.885367044777595e-03 -9.309221072907050e-04 -1.007723871214848e+00
26 55 -1.000283840532727e+00 -1.886155212672007e-03 -9.300970223611072e-04 -1.007721889853929e+00
26 56 -1.000284108993096e+00 -1.887075775248665e-03 -9.291456397189413e-04 -1.007719469982739e+00
26 57 -1.000284428427090e+00 -1.888118396290571e-03 -9.280808285821051e-04 -1.007716639858402e+00
26 58 -1.000284794750793e+00 -1.889271204160135e-03 -9.269181307736137e-04 -1.007713432283134e+00
26 59 -1.000285203469110e+00 -1.890521027124678e-03 -9.256753607377575e-04 -1.007709883892935e+00
26 60 -1.000285649778319e+00 -1.891853657872048e-03 -9.243720873944722e-04 -1.007706034399311e+00
26 61 -1.000286128662462e+00 -1.893254125867434e-03 -9.230290348257788e-04 -1.007701925850710e+00
26 62 -1.000286634977734e+00 -1.894706958786881e-03 -9.216674548269667e-04 -1.007697601961965e+00
26 63 -1.000287163522686e+00 -1.896196420050424e-03 -9.203085269615724e-04 -1.007693107533867e+00
27 0 -1.000287683815969e+00 -1.898446441192922e-03 -9.145135138787337e-04 -1.007687857441272e+00
27 1 -1.000288244638153e+00 -1.899966112313398e-03 -9.132327484983422e-04 -1.007683135586058e+00
27 2 -1.000288813012773e+00 -1.901477672607478e-03 -9.120107398268291e-04 -1.007678373325168e+00
27 3 -1.000289383936488e+00 -1.902966086163431e-03 -9.108638467871615e-04 -1.007673615805225e+00
27 4 -1.000289952521249e+00 -1.904416803235924e-03 -9.098065703397772e-04 -1.007668907489774e+00
27 5 -1.000290514007848e+00 -1.905815866003358e-03 -9.088513598516874e-04 -1.007664291894754e+00
27 6 -1.000291063776130e+00 -1.907150015903343e-03 -9.080084377774921e-04 -1.007659811315131e+00
27 7 -1.000291597354739e+00 -1.908406806801669e-03 -9.072856542366326e-04 -1.007655506525494e+00
27 8 -1.000292110432683e+00 -1.909574721957918e-03 -9.066883973778508e-04 -1.007651416450305e+00
27 9 -1.000292598873356e+00 -1.910643286813363e-03 -9.062195865268314e-04 -1.007647577816546e+00
27 10 -1.000293058730021e+00 -1.911603167076222e-03 -9.058797622721642e-04 -1.007644024814031e+00
27 11 -1.000293486260942e+00 -1.912446243103363e-03 -9.056672668688020e-04 -1.007640788792168e+00
27 12 -1.000293877942534e+00 -1.913165656163921e-03 -9.055784881473862e-04 -1.007637898015883e+00
27 13 -1.000294230480175e+00 -1.913755828600782e-03 -9.056081284345437e-04 -1.007635377488102e+00
27 14 -1.000294540818364e+00 -1.914212466289772e-03 -9.057494625825415e-04 -1.007633248824945e+00
27 15 -1.000294806153940e+00 -1.914532554641373e-03 -9.059945668253573e-04 -1.007631530153264e+00
27 16 -1.000295023956325e+00 -1.914714355613461e-03 -9.063345256155287e-04 -1.007630236001889e+00
27 17 -1.000295191996432e+00 -1.914757403986554e-03 -9.067596438889318e-04 -1.007629377180215e+00
27 18 -1.000295308382248e+00 -1.914662492439049e-03 -9.072596964891764e-04 -1.007628960665762e+00
27 19 -1.000295371596571e+00 -1.914431632850428e-03 -9.078242326512476e-04 -1.007628989536502e+00
27 20 -1.000295380532257e+00 -1.914067987125410e-03 -9.084429280664708e-04 -1.007629462975892e+00
27 21 -1.000295334522096e+00 -1.913575771135683e-03 -9.091059509533817e-04 -1.007630376356029e+00
27 22 -1.000295233362780e+00 -1.912960145093975e-03 -9.098042928577197e-04 -1.007631721378917e+00
27 23 -1.000295077334732e+00 -1.912227108873363e-03 -9.105300174813230e-04 -1.007633486236944e+00
27 24 -1.000294867220778e+00 -1.911383419149301e-03 -9.112764017375435e-04 -1.007635655748936e+00
27 25 -1.000294604325965e+00 -1.910436536687500e-03 -9.120379725577543e-04 -1.007638211443270e+00
27 26 -1.000294290497878e+00 -1.909394599880476e-03 -9.128104661260726e-04 -1.007641131590934e+00
27 27 -1.000293928143196e+00 -1.908266410602714e-03 -9.135907433582407e-04 -1.007644391223544e+00
27 28 -1.000293520234303e+00 -1.907061415637988e-03 -9.143766863148539e-04 -1.007647962185765e+00
27 29 -1.000293070300815e+00 -1.905789672186285e-03 -9.151670813904121e-04 -1.007651813261426e+00
27 30 -1.000292582404022e+00 -1.904461795644795e-03 -9.159614753824157e-04 -1.007655910386492e+00
27 31 -1.000292061095690e+00 -1.903088896407856e-03 -9.167599792373502e-04 -1.007660216935427e+00
27 32 -1.000291511364971e+00 -1.901682515554730e-03 -9.175629988869226e-04 -1.007664694052369e+00
27 33 -1.000290938577916e+00 -1.900254566104387e-03 -9.183708934440783e-04 -1.007669300998432e+00
27 34 -1.000290348413366e+00 -1.898817279723155e-03 -9.191835883861677e-04 -1.007673995497795e+00
27 35 -1.000289746797533e+00 -1.897383152785029e-03 -9.200001910145417e-04 -1.007678734079767e+00
27 36 -1.000289139838101e+00 -1.895964883802973e-03 -9.208186585604395e-04 -1.007683472423540e+00
27 37 -1.000288533758025e+00 -1.894575297037542e-03 -9.216355563024676e-04 -1.007688165712442e+00
27 38 -1.000287934829418e+00 -1.893227252729950e-03 -9.224459203459496e-04 -1.007692768996790e+00
27 39 -1.000287349308582e+00 -1.891933549776291e-03 -9.232432155829363e-04 -1.007697237555701e+00
27 40 -1.000286783373106e+00 -1.890706828277781e-03 -9.240193632501195e-04 -1.007701527247321e+00
27 41 -1.000286243060571e+00 -1.889559475100312e-03 -9.247648127924537e-04 -1.007705594849096e+00
27 42 -1.000285734206209e+00 -1.888503526837026e-03 -9.254686503619201e-04 -1.007709398410233e+00
27 43 -1.000285262375616e+00 -1.887550556831079e-03 -9.261187609465977e-04 -1.007712897653476e+00
27 44 -1.000284832789781e+00 -1.886711531996814e-03 -9.267020769505892e-04 -1.007716054459163e+00
27 45 -1.000284450242973e+00 -1.885996632612347e-03 -9.272049425111475e-04 -1.007718833440175e+00
27 46 -1.000284119017656e+00 -1.885415040386848e-03 -9.276136006248695e-04 -1.007721202583596e+00
27 47 -1.000283842803048e+00 -1.884974711365003e-03 -9.279147784158508e-04 -1.007723133908644e+00
27 48 -1.000283624624418e+00 -1.884682156472384e-03 -9.280963167253349e-04 -1.007724604079583e+00
27 49 -1.000283466788663e+00 -1.884542251720990e-03 -9.281477750447724e-04 -1.007725594919894e+00
27 50 -1.000283370848483e+00 -1.884558092339485e-03 -9.280609489012288e-04 -1.007726093798002e+00
27 51 -1.000283337583591e+00 -1.884730893426564e-03 -9.278302625536144e-04 -1.007726093886066e+00
27 52 -1.000283366995233e+00 -1.885059930140798e-03 -9.274530333101131e-04 -1.007725594314897e+00
27 53 -1.000283458311280e+00 -1.885542508420596e-03 -9.269296285942392e-04 -1.007724600246171e+00
27 54 -1.000283610002568e+00 -1.886173963258455e-03 -9.262635425888833e-04 -1.007723122860152e+00
27 55 -1.000283819814172e+00 -1.886947690481708e-03 -9.254614071418320e-04 -1.007721179231941e+00
27 56 -1.000284084815636e+00 -1.887855223202544e-03 -9.245329319321052e-04 -1.007718792061235e+00
27 57 -1.000284401471631e+00 -1.888886362242824e-03 -9.234907536051670e-04 -1.007715989235843e+00
27 58 -1.000284765730519e+00 -1.890029362056381e-03 -9.223501704842208e-04 -1.007712803239373e+00
27 59 -1.000285173124361e+00 -1.891271163648441e-03 -9.211287504745418e-04 -1.007709270445048e+00
27 60 -1.000285618871498e+00 -1.892597657588651e-03 -9.198458214575143e-04 -1.007705430358776e+00
27 61 -1.000286097972945e+00 -1.893993956147601e-03 -9.185218781550719e-04 -1.007701324878148e+00
27 62 -1.000286605296407e+00 -1.895444654847113e-03 -9.171779575436321e-04 -1.007696997619280e+00
27 63 -1.000287135645643e+00 -1.896934069355210e-03 -9.158350389752534e-04 -1.007692493337392e+00
28 0 -1.000287596246018e+00 -1.899136639458494e-03 -9.101571574813950e-04 -1.007687395534224e+00
28 1 -1.000288159721199e+00 -1.900658786542685e-03 -9.088898536727713e-04 -1.007682656001595e+00
28 2 -1.000288731562741e+00 -1.902175072574520e-03 -9.076790258576380e-04 -1.007677869389930e+00
28 3 -1.000289306746724e+00 -1.903670450537568e-03 -9.065408667226614e-04 -1.007673081019856e+00
28 4 -1.000289880356454e+00 -1.905130336118764e-03 -9.054897319975965e-04 -1.007668335599335e+00
28 5 -1.000290447595672e+00 -1.906540710977848e-03 -9.045379569879285e-04 -1.007663676961479e+00
28 6 -1.000291003797921e+00 -1.907888227290069e-03 -9.036956913122787e-04 -1.007659147794500e+00
28 7 -1.000291544435085e+00 -1.909160318266384e-03 -9.029707607640319e-04 -1.007654789346237e+00
28 8 -1.000292065127909e+00 -1.910345313642110e-03 -9.023685802505880e-04 -1.007650641096514e+00
28 9 -1.000292561659903e+00 -1.911432553340297e-03 -9.018921439724257e-04 -1.007646740406527e+00
28 10 -1.000293029994085e+00 -1.912412489269533e-03 -9.015421080283936e-04 -1.007643122168521e+00
28 11 -1.000293466290589e+00 -1.913276765663882e-03 -9.013169617945243e-04 -1.007639818485480e+00
28 12 -1.000293866922929e+00 -1.914018272155772e-03 -9.012132648108843e-04 -1.007636858406998e+00
28 13 -1.000294228491700e+00 -1.914631169936477e-03 -9.012259128865012e-04 -1.007634267733356e+00
28 14 -1.000294547836743e+00 -1.915110898167159e-03 -9.013483972627076e-04 -1.007632068877955e+00
28 15 -1.000294822051139e+00 -1.915454171852522e-03 -9.015730360019149e-04 -1.007630280758884e+00
28 16 -1.000295048501426e+00 -1.915658980051133e-03 -9.018911811613520e-04 -1.007628918687782e+00
28 17 -1.000295224856579e+00 -1.915724584675810e-03 -9.022934264043131e-04 -1.007627994243790e+00
28 18 -1.000295349124762e+00 -1.915651510698855e-03 -9.027698463283707e-04 -1.007627515149546e+00
28 19 -1.000295419693677e+00 -1.915441515065051e-03 -9.033102875500988e-04 -1.007627485184218e+00
28 20 -1.000295435369463e+00 -1.915097526273409e-03 -9.039047077093650e-04 -1.007627904164800e+00
28 21 -1.000295395410310e+00 -1.914623556184224e-03 -9.045435324405931e-04 -1.007628768006894e+00
28 22 -1.000295299553226e+00 -1.914024595259187e-03 -9.052179833321709e-04 -1.007630068851228e+00
28 23 -1.000295148034909e+00 -1.913306508568901e-03 -9.059203300844157e-04 -1.007631795221066e+00
28 24 -1.000294941609587e+00 -1.912475950013570e-03 -9.066440382448547e-04 -1.007633932166354e+00
28 25 -1.000294681566645e+00 -1.911540305039019e-03 -9.073838117953265e-04 -1.007636461361404e+00
28 26 -1.000294369748384e+00 -1.910507659926198e-03 -9.081355541364283e-04 -1.007639361153186e+00
28 27 -1.000294008564497e+00 -1.909386784719437e-03 -9.088962809699396e-04 -1.007642606591250e+00
28 28 -1.000293600997591e+00 -1.908187113136379e-03 -9.096640117564963e-04 -1.007646169487260e+00
28 29 -1.000293150594508e+00 -1.906918707487601e-03 -9.104376482978661e-04 -1.007650018544231e+00
28 30 -1.000292661440934e+00 -1.905592205740556e-03 -9.112168290463405e-04 -1.007654119571558e+00
28 31 -1.000292138119992e+00 -1.904218756165020e-03 -9.120017357201902e-04 -1.007658435776373e+00
28 32 -1.000291585658088e+00 -1.902809949002378e-03 -9.127928315800056e-04 -1.007662928104458e+00
28 33 -1.000291009462585e+00 -1.901377753036415e-03 -9.135905288301671e-04 -1.007667555599657e+00
28 34 -1.000290415255676e+00 -1.899934458905422e-03 -9.143948084326139e-04 -1.007672275759663e+00
28 35 -1.000289809007388e+00 -1.898492624129173e-03 -9.152048366720455e-04 -1.007677044882314e+00
28 36 -1.000289196868876e+00 -1.897065011528746e-03 -9.160186290731916e-04 -1.007681818409379e+00
28 37 -1.000288585106224e+00 -1.895664514872661e-03 -9.168328016029352e-04 -1.007686551276495e+00
28 38 -1.000287980035018e+00 -1.894304071288326e-03 -9.176424268627812e-04 -1.007691198270203e+00
28 39 -1.000287387956419e+00 -1.892996565454520e-03 -9.184409883575029e-04 -1.007695714384218e+00
28 40 -1.000286815095246e+00 -1.891754732529545e-03 -9.192204088112382e-04 -1.007700055165761e+00
28 41 -1.000286267539339e+00 -1.890591063379488e-03 -9.199711267766388e-04 -1.007704177053006e+00
28 42 -1.000285751177598e+00 -1.889517707721237e-03 -9.206822109140673e-04 -1.007708037723438e+00
28 43 -1.000285271632943e+00 -1.888546362659636e-03 -9.213415250004455e-04 -1.007711596488972e+00
28 44 -1.000284834187459e+00 -1.887688131905842e-03 -9.219359741363339e-04 -1.007714814772791e+00
28 45 -1.000284443700086e+00 -1.886953347626683e-03 -9.224518619225698e-04 -1.007717656680227e+00
28 46 -1.000284104520991e+00 -1.886351359203989e-03 -9.228753683243935e-04 -1.007720089642033e+00
28 47 -1.000283820409297e+00 -1.885890304848528e-03 -9.231931271107858e-04 -1.007722085080190e+00
28 48 -1.000283594461352e+00 -1.885576888543499e-03 -9.233928523851525e-04 -1.007723619034395e+00
28 49 -1.000283429055149e+00 -1.885416184792130e-03 -9.234639468700921e-04 -1.007724672693359e+00
28 50 -1.000283325813379e+00 -1.885411487108547e-03 -9.233980276736501e-04 -1.007725232796630e+00
28 51 -1.000283285583812e+00 -1.885564204833980e-03 -9.231893285031827e-04 -1.007725291903731e+00
28 52 -1.000283308433333e+00 -1.885873801964910e-03 -9.228349707015344e-04 -1.007724848552717e+00
28 53 -1.000283393652640e+00 -1.886337768020903e-03 -9.223351223793053e-04 -1.007723907332921e+00
28 54 -1.000283539771989e+00 -1.886951616638619e-03 -9.216930728240661e-04 -1.007722478874554e+00
28 55 -1.000283744591702e+00 -1.887708917151355e-03 -9.209152385867653e-04 -1.007720579730011e+00
28 56 -1.000284005231663e+00 -1.888601370004443e-03 -9.200110989525972e-04 -1.007718232111497e+00
28 57 -1.000284318201470e+00 -1.889618935014043e-03 -9.189930436359910e-04 -1.007715463464238e+00
28 58 -1.000284679488729e+00 -1.890750014232092e-03 -9.178761111216315e-04 -1.007712305883836e+00
28 59 -1.000285084659075e+00 -1.891981682050821e-03 -9.166776042454776e-04 -1.007708795416627e+00
28 60 -1.000285528959000e+00 -1.893299946718433e-03 -9.154165892750168e-04 -1.007704971304026e+00
28 61 -1.000286007412383e+00 -1.894690022121143e-03 -9.141133098521779e-04 -1.007700875239115e+00
28 62 -1.000286514904217e+00 -1.896136589023120e-03 -9.127885668700703e-04 -1.007696550691512e+00
28 63 -1.000287046249142e+00 -1.897624031080649e-03 -9.114631202436206e-04 -1.007692042328867e+00
29 0 -1.000287447572607e+00 -1.899771240660155e-03 -9.059484256050880e-04 -1.007687102384604e+00
29 1 -1.000288012978235e+00 -1.901294158077897e-03 -9.046956380715785e-04 -1.007682350196963e+00
29 2 -1.000288587604660e+00 -1.902813555681774e-03 -9.034969701934516e-04 -1.007677543905507e+00
29 3 -1.000289166412221e+00 -1.904314385763051e-03 -9.023684398345076e-04 -1.007672728979343e+00
29 4 -1.000289744460600e+00 -1.905782039970767e-03 -9.013242480437113e-04 -1.007667950345654e+00
29 5 -1.000290316921998e+00 -1.907202450802609e-03 -9.003766048409844e-04 -1.007663252127543e+00
29 6 -1.000290879089688e+00 -1.908562193134031e-03 -8.995355748405309e-04 -1.007658677377546e+00
29 7 -1.000291426385188e+00 -1.909848591473291e-03 -8.988089481350884e-04 -1.007654267787448e+00
29 8 -1.000291954367582e+00 -1.911049833630543e-03 -8.982021573031459e-04 -1.007650063363229e+00
29 9 -1.000292458747100e+00 -1.912155085085455e-03 -8.977182655402164e-04 -1.007646102071271e+00
29 10 -1.000292935402687e+00 -1.913154594040679e-03 -8.973580422987941e-04 -1.007642419478732e+00
29 11 -1.000293380401584e+00 -1.914039776981480e-03 -8.971201256638480e-04 -1.007639048418753e+00
29 12 -1.000293790018305e+00 -1.914803277989236e-03 -8.970012515196745e-04 -1.007636018708494e+00
29 13 -1.000294160751149e+00 -1.915439000835654e-03 -8.969965156045667e-04 -1.007633356935410e+00
29 14 -1.000294489336480e+00 -1.915942119721034e-03 -8.970996326379384e-04 -1.007631086306122e+00
29 15 -1.000294772763721e+00 -1.916309079447953e-03 -8.973031697581514e-04 -1.007629226530866e+00
29 16 -1.000295008295575e+00 -1.916537594788864e-03 -8.975987545667189e-04 -1.007627793709978e+00
29 17 -1.000295193496884e+00 -1.916626651068539e-03 -8.979772794236405e-04 -1.007626800205161e+00
29 18 -1.000295326272113e+00 -1.916576498515916e-03 -8.984291319239307e-04 -1.007626254506813e+00
29 19 -1.000295404907988e+00 -1.916388628392663e-03 -8.989444726622183e-04 -1.007626161129380e+00
29 20 -1.000295428116037e+00 -1.916065721790073e-03 -8.995135598282480e-04 -1.007626520568199e+00
29 21 -1.000295395070183e+00 -1.915611570067547e-03 -9.001270950932916e-04 -1.007627329336117e+00
29 22 -1.000295305436617e+00 -1.915030975578453e-03 -9.007765470154612e-04 -1.007628580073705e+00
29 23 -1.000295159396180e+00 -1.914329649069717e-03 -9.014544053548476e-04 -1.007630261701584e+00
29 24 -1.000294957661977e+00 -1.913514121958480e-03 -9.021543349259299e-04 -1.007632359569530e+00
29 25 -1.000294701495365e+00 -1.912591685117461e-03 -9.028712244269470e-04 -1.007634855566145e+00
29 26 -1.000294392721232e+00 -1.911570353562910e-03 -9.036011507980130e-04 -1.007637728182627e+00
29 27 -1.000294033740196e+00 -1.910458845600626e-03 -9.043412913265433e-04 -1.007640952556687e+00
29 28 -1.000293627532928e+00 -1.909266561051818e-03 -9.050898107901020e-04 -1.007644500539625e+00
29 29 -1.000293177651538e+00 -1.908003546346879e-03 -9.058457346523390e-04 -1.007648340826402e+00
29 30 -1.000292688194654e+00 -1.906680441582992e-03 -9.066088004140452e-04 -1.007652439170570e+00
29 31 -1.000292163765903e+00 -1.905308413043604e-03 -9.073792662790372e-04 -1.007656758680618e+00
29 32 -1.000291609418796e+00 -1.903899080796399e-03 -9.081576563301578e-04 -1.007661260170952e+00
29 33 -1.000291030592941e+00 -1.902464451101274e-03 -9.089444368199702e-04 -1.007665902531620e+00
29 34 -1.000290433046361e+00 -1.901016856919771e-03 -9.097396431518274e-04 -1.007670643091187e+00
29 35 -1.000289822786976e+00 -1.899568901706535e-03 -9.105424992426412e-04 -1.007675437967002e+00
29 36 -1.000289206004751e+00 -1.898133398064405e-03 -9.113510790980873e-04 -1.007680242409955e+00
29 37 -1.000288589005210e+00 -1.896723295203428e-03 -9.121620517005955e-04 -1.007685011150963e+00
29 38 -1.000287978144708e+00 -1.895351594182272e-03 -9.129705297674190e-04 -1.007689698750455e+00
29 39 -1.000287379767658e+00 -1.894031254365168e-03 -9.137700190064170e-04 -1.007694259947058e+00
29 40 -1.000286800145506e+00 -1.892775096876860e-03 -9.145524462047400e-04 -1.007698650000014e+00
29 41 -1.000286245416568e+00 -1.891595709263002e-03 -9.153082400576162e-04 -1.007702825025051e+00
29 42 -1.000285721524408e+00 -1.890505348683259e-03 -9.160264512767986e-04 -1.007706742339111e+00
29 43 -1.000285234151162e+00 -1.889515831958729e-03 -9.166949214389595e-04 -1.007710360848211e+00
29 44 -1.000284788642823e+00 -1.888638397103150e-03 -9.173005285177146e-04 -1.007713641516557e+00
29 45 -1.000284389926617e+00 -1.887883527134721e-03 -9.178295384027143e-04 -1.007716547933352e+00
29 46 -1.000284042424619e+00 -1.887260739632275e-03 -9.182680738752809e-04 -1.007719046957596e+00
29 47 -1.000283749970546e+00 -1.886778357385303e-03 -9.186026833438234e-04 -1.007721109391230e+00
29 48 -1.000283515736963e+00 -1.886443282212607e-03 -9.188209625290348e-04 -1.007722710618438e+00
29 49 -1.000283342178583e+00 -1.886260794805008e-03 -9.189121638591255e-04 -1.007723831153322e+00
29 50 -1.000283230994233e+00 -1.886234397895082e-03 -9.188677287050169e-04 -1.007724457057813e+00
29 51 -1.000283183106354e+00 -1.886365708873716e-03 -9.186816985081849e-04 -1.007724580222689e+00
29 52 -1.000283198654401e+00 -1.886654396308425e-03 -9.183509934613508e-04 -1.007724198532524e+00
29 53 -1.000283276999016e+00 -1.887098150210703e-03 -9.178755752010296e-04 -1.007723315940948e+00
29 54 -1.000283416737210e+00 -1.887692680897515e-03 -9.172585199599217e-04 -1.007721942462131e+00
29 55 -1.000283615732083e+00 -1.888431750487247e-03 -9.165060201938849e-04 -1.007720094056826e+00
29 56 -1.000283871161368e+00 -1.889307246827398e-03 -9.156273154991847e-04 -1.007717792379464e+00
29 57 -1.000284179586702e+00 -1.890309308783438e-03 -9.146345386432460e-04 -1.007715064364034e+00
29 58 -1.000284537041495e+00 -1.891426505684934e-03 -9.135424565942322e-04 -1.007711941652961e+00
29 59 -1.000284939131072e+00 -1.892646064716622e-03 -9.123680927145765e-04 -1.007708459904212e+00
29 60 -1.000285381135837e+00 -1.893954130715214e-03 -9.111302345851750e-04 -1.007704658037542e+00
29 61 -1.000285858107969e+00 -1.895336036840776e-03 -9.098488564702019e-04 -1.007700577490459e+00
29 62 -1.000286364954891e+00 -1.896776565031496e-03 -9.085445053554021e-04 -1.007696261541884e+00
29 63 -1.000286896507224e+00 -1.898260181478687e-03 -9.072377053453343e-04 -1.007691754732852e+00
30 0 -1.000287239435372e+00 -1.900344757844220e-03 -9.019301976985733e-04 -1.007686976753061e+00
30 1 -1.000287806061654e+00 -1.901866788890759e-03 -9.006927225689163e-04 -1.007682216870393e+00
30 2 -1.000288382796397e+00 -1.903387712333828e-03 -8.995069561773968e-04 -1.007677395568481e+00
30 3 -1.000288964588895e+00 -1.904892490112551e-03 -8.983887352003322e-04 -1.007672558438470e+00
30 4 -1.000289546480048e+00 -1.906366500191347e-03 -8.973520992363187e-04 -1.007667750600769e+00
30 5 -1.000290123615638e+00 -1.907795636603726e-03 -8.964091247493102e-04 -1.007663016442180e+00
30 6 -1.000290691254254e+00 -1.909166408262330e-03 -8.955697816802570e-04 -1.007658399351824e+00
30 7 -1.000291244773247e+00 -1.910466043007953e-03 -8.948418145865593e-04 -1.007653941435253e+00
30 8 -1.000291779676777e+00 -1.911682599059573e-03 -8.942306653418968e-04 -1.007649683192434e+00
30 9 -1.000292291608654e+00 -1.912805079408230e-03 -8.937394604633024e-04 -1.007645663162652e+00
30 10 -1.000292776370256e+00 -1.913823539551791e-03 -8.933690803434921e-04 -1.007641917557532e+00
30 11 -1.000293229941662e+00 -1.914729177868595e-03 -8.931183125850791e-04 -1.007638479913198e+00
30 12 -1.000293648503064e+00 -1.915514400785022e-03 -8.929840728838994e-04 -1.007635380791770e+00
30 13 -1.000294028453932e+00 -1.916172860569149e-03 -8.929616619283992e-04 -1.007632647550941e+00
30 14 -1.000294366429399e+00 -1.916699470588154e-03 -8.930450231819019e-04 -1.007630304179360e+00
30 15 -1.000294659316380e+00 -1.917090408178282e-03 -8.932269777033127e-04 -1.007628371173148e+00
30 16 -1.000294904273920e+00 -1.917343115129119e-03 -8.934994336712264e-04 -1.007626865419788e+00
30 17 -1.000295098761802e+00 -1.917456299366395e-03 -8.938535888484634e-04 -1.007625800068173e+00
30 18 -1.000295240578421e+00 -1.917429932638347e-03 -8.942801534258633e-04 -1.007625184389613e+00
30 19 -1.000295327905321e+00 -1.917265233401605e-03 -8.947696146699318e-04 -1.007625023657427e+00
30 20 -1.000295359353117e+00 -1.916964624705456e-03 -8.953125464101063e-04 -1.007625319080379e+00
30 21 -1.000295334003076e+00 -1.916531663425956e-03 -8.958999425747700e-04 -1.007626067814993e+00
30 22 -1.000295251440465e+00 -1.915970947218108e-03 -8.965235343017148e-04 -1.007627263057415e+00
30 23 -1.000295111779051e+00 -1.915288014590711e-03 -8.971760445416314e-04 -1.007628894187012e+00
30 24 -1.000294915679077e+00 -1.914489256267299e-03 -8.978513470041666e-04 -1.007630946917377e+00
30 25 -1.000294664361894e+00 -1.913581850122262e-03 -8.985445218016539e-04 -1.007633403417305e+00
30 26 -1.000294359622866e+00 -1.912573720802459e-03 -8.992518248363765e-04 -1.007636242390659e+00
30 27 -1.000294003841377e+00 -1.911473514991927e-03 -8.999706005369242e-04 -1.007639439133917e+00
30 28 -1.000293599984106e+00 -1.910290578320540e-03 -9.006991651329488e-04 -1.007642965609429e+00
30 29 -1.000293151596501e+00 -1.909034920822051e-03 -9.014366742570165e-04 -1.007646790575781e+00
30 30 -1.000292662778315e+00 -1.907717163900756e-03 -9.021829708229536e-04 -1.007650879802972e+00
30 31 -1.000292138142198e+00 -1.906348471063044e-03 -9.029383947625824e-04 -1.007655196372773e+00
30 32 -1.000291582758129e+00 -1.904940472430244e-03 -9.037035337663795e-04 -1.007659701036764e+00
30 33 -1.000291002088671e+00 -1.903505193767300e-03 -9.044789077317452e-04 -1.007664352593789e+00
30 34 -1.000290401919858e+00 -1.902054994030268e-03 -9.052646036741952e-04 -1.007669108259979e+00
30 35 -1.000289788291044e+00 -1.900602507278578e-03 -9.060598997662542e-04 -1.007673924024318e+00
30 36 -1.000289167425836e+00 -1.899160581342314e-03 -9.068629262511682e-04 -1.007678754994449e+00
30 37 -1.000288545665315e+00 -1.897742207352750e-03 -9.076704046398246e-04 -1.007683555738580e+00
30 38 -1.000287929403905e+00 -1.896360437992565e-03 -9.084774887123349e-04 -1.007688280627051e+00
30 39 -1.000287325027489e+00 -1.895028296248219e-03 -9.092777078947940e-04 -1.007692884173999e+00
30 40 -1.000286738853151e+00 -1.893758679692979e-03 -9.100629939540907e-04 -1.007697321375652e+00
30 41 -1.000286177069595e+00 -1.892564265062176e-03 -9.108237650304706e-04 -1.007701548043417e+00
30 42 -1.000285645675958e+00 -1.891457411498369e-03 -9.115490514661688e-04 -1.007705521144705e+00
30 43 -1.000285150415374e+00 -1.890450051477776e-03 -9.122266696238266e-04 -1.007709199185094e+00
30 44 -1.000284696700173e+00 -1.889553554115838e-03 -9.128434685197433e-04 -1.007712542671101e+00
30 45 -1.000284289528865e+00 -1.888778551082861e-03 -9.133856771379117e-04 -1.007715514672228e+00
30 46 -1.000283933399100e+00 -1.888134727482798e-03 -9.138393650925746e-04 -1.007718081465330e+00
30 47 -1.000283632223504e+00 -1.887630591912095e-03 -9.141910022463924e-04 -1.007720213213978e+00
30 48 -1.000283389255670e+00 -1.887273247390840e-03 -9.144280741552116e-04 -1.007721884620622e+00
30 49 -1.000283207032172e+00 -1.887068186643945e-03 -9.145396904866034e-04 -1.007723075490904e+00
30 50 -1.000283087333428e+00 -1.887019130208418e-03 -9.145171217799953e-04 -1.007723771167821e+00
30 51 -1.000283031162377e+00 -1.887127914671793e-03 -9.143542185899291e-04 -1.007723962825417e+00
30 52 -1.000283038737269e+00 -1.887394426393600e-03 -9.140476981247176e-04 -1.007723647641440e+00
30 53 -1.000283109495315e+00 -1.887816570782306e-03 -9.135973114638771e-04 -1.007722828876211e+00
30 54 -1.000283242107201e+00 -1.888390271148130e-03 -9.130059165166972e-04 -1.007721515866844e+00
30 55 -1.000283434505847e+00 -1.889109499677108e-03 -9.122794761014390e-04 -1.007719723919258e+00
30 56 -1.000283683933763e+00 -1.889966349342569e-03 -9.114269847380195e-04 -1.007717474066330e+00
30 57 -1.000283987011281e+00 -1.890951155969808e-03 -9.104603125192789e-04 -1.007714792667660e+00
30 58 -1.000284339823901e+00 -1.892052674247685e-03 -9.093939475389899e-04 -1.007711710850906e+00
30 59 -1.000284738022459e+00 -1.893258302155067e-03 -9.082446235861171e-04 -1.007708263827160e+00
30 60 -1.000285176926604e+00 -1.894554338418329e-03 -9.070308367303403e-04 -1.007704490141077e+00
30 61 -1.000285651621713e+00 -1.895926251559614e-03 -9.057722774172639e-04 -1.007700430927236e+00
30 62 -1.000286157042353e+00 -1.897358939525282e-03 -9.044892240678951e-04 -1.007696129231949e+00
30 63 -1.000286688039851e+00 -1.898836964793985e-03 -9.032019512237017e-04 -1.007691629432019e+00
31 0 -1.000286973903036e+00 -1.900852317549346e-03 -8.981430671253714e-04 -1.007687016174963e+00
31 1 -1.000287541057379e+00 -1.902371866364959e-03 -8.969214394578456e-04 -1.007682253465809e+00
31 2 -1.000288119234031e+00 -1.903892770185756e-03 -8.957490749393500e-04 -1.007677421792487e+00
31 3 -1.000288703375800e+00 -1.905400010936134e-03 -8.946416245813442e-04 -1.007672566840659e+00
31 4 -1.000289288509333e+00 -1.906878962875131e-03 -8.936129622330569e-04 -1.007667733897974e+00
31 5 -1.000289869758626e+00 -1.908315491475613e-03 -8.926750256724315e-04 -1.007662967589891e+00
31 6 -1.000290442352755e+00 -1.909696050433101e-03 -8.918376834858115e-04 -1.007658311614938e+00
31 7 -1.000291001630923e+00 -1.911007783021033e-03 -8.911086268241546e-04 -1.007653808460988e+00
31 8 -1.000291543049071e+00 -1.912238630800297e-03 -8.904932992723698e-04 -1.007649499087399e+00
31 9 -1.000292062191537e+00 -1.913377447035768e-03 -8.899948850788691e-04 -1.007645422571390e+00
31 10 -1.000292554788865e+00 -1.914414106399803e-03 -8.896143730070337e-04 -1.007641615735748e+00
31 11 -1.000293016740124e+00 -1.915339599825463e-03 -8.893507006620400e-04 -1.007638112788993e+00
31 12 -1.000293444136474e+00 -1.916146105351977e-03 -8.892009662439831e-04 -1.007634945011268e+00
31 13 -1.000293833282804e+00 -1.916827031624315e-03 -8.891606789211558e-04 -1.007632140507835e+00
31 14 -1.000294180716260e+00 -1.917377037835753e-03 -8.892240140646138e-04 -1.007629724030942e+00
31 15 -1.000294483223543e+00 -1.917792039280947e-03 -8.893840491434114e-04 -1.007627716848460e+00
31 16 -1.000294737861362e+00 -1.918069208601006e-03 -8.896329754026610e-04 -1.007626136626077e+00
31 17 -1.000294941984674e+00 -1.918206978156201e-03 -8.899622995739354e-04 -1.007624997297152e+00
31 18 -1.000295093284801e+00 -1.918205040706312e-03 -8.903630600683941e-04 -1.007624308918320e+00
31 19 -1.000295189835506e+00 -1.918064338438632e-03 -8.908260792841078e-04 -1.007624077535182e+00
31 20 -1.000295230141818e+00 -1.917787029073775e-03 -8.913422582546507e-04 -1.007624305095224e+00
31 21 -1.000295213185401e+00 -1.917376423670998e-03 -8.919028969387929e-04 -1.007624989437061e+00
31 22 -1.000295138461724e+00 -1.916836900840652e-03 -8.925000029148028e-04 -1.007626124361369e+00
31 23 -1.000295006007349e+00 -1.916173810972016e-03 -8.931265440893080e-04 -1.007627699761513e+00
31 24 -1.000294816418717e+00 -1.915393387306737e-03 -8.937766118481498e-04 -1.007629701774450e+00
31 25 -1.000294570865598e+00 -1.914502676833121e-03 -8.944454840367959e-04 -1.007632112913278e+00
31 26 -1.000294271101884e+00 -1.913509494924889e-03 -8.951296003884622e-04 -1.007634912162451e+00
31 27 -1.000293919473771e+00 -1.912422397326443e-03 -8.958264767861138e-04 -1.007638075046456e+00
31 28 -1.000293518922113e+00 -1.911250655902947e-03 -8.965345854984243e-04 -1.007641573708257e+00
31 29 -1.000293072973746e+00 -1.910004223865722e-03 -8.972532177398806e-04 -1.007645377041684e+00
31 30 -1.000292585717394e+00 -1.908693682482226e-03 -8.979823276327761e-04 -1.007649450907592e+00
31 31 -1.000292061762858e+00 -1.907330171178973e-03 -8.987223414448891e-04 -1.007653758434833e+00
31 32 -1.000291506185737e+00 -1.905925310483089e-03 -8.994739122722436e-04 -1.007658260380567e+00
31 33 -1.000290924462070e+00 -1.904491128018961e-03 -9.002376121851494e-04 -1.007662915514161e+00
31 34 -1.000290322397693e+00 -1.903039992376760e-03 -9.010135758784751e-04 -1.007667680996359e+00
31 35 -1.000289706056426e+00 -1.901584552719928e-03 -9.018011307313718e-04 -1.007672512741033e+00
31 36 -1.000289081689977e+00 -1.900137677795506e-03 -9.025984584042739e-04 -1.007677365760268e+00
31 37 -1.000288455670951e+00 -1.898712387763678e-03 -9.034023294729118e-04 -1.007682194500412e+00
31 38 -1.000287834428988e+00 -1.897321775103825e-03 -9.042079371359231e-04 -1.007686953176929e+00
31 39 -1.000287224389401e+00 -1.895978915454055e-03 -9.050088340291562e-04 -1.007691596110424e+00
31 40 -1.000286631913650e+00 -1.894696773261605e-03 -9.057969560211164e-04 -1.007696078059851e+00
31 41 -1.000286063240526e+00 -1.893488106947874e-03 -9.065627082416343e-04 -1.007700354550935e+00
31 42 -1.000285524425431e+00 -1.892365372112530e-03 -9.072950965759692e-04 -1.007704382213302e+00
31 43 -1.000285021273953e+00 -1.891340612602857e-03 -9.079819074729592e-04 -1.007708119159064e+00
31 44 -1.000284559266784e+00 -1.890425325061837e-03 -9.086099571913452e-04 -1.007711525440626e+00
31 45 -1.000284143476301e+00 -1.889630287019462e-03 -9.091654363966147e-04 -1.007714563607246e+00
31 46 -1.000283778478951e+00 -1.888965349507530e-03 -9.096343634901784e-04 -1.007717199347236e+00
31 47 -1.000283468270115e+00 -1.888439206984295e-03 -9.100031350753543e-04 -1.007719402172202e+00
31 48 -1.000283216188764e+00 -1.888059165765543e-03 -9.102591339942275e-04 -1.007721146081585e+00
31 49 -1.000283024858010e+00 -1.887830934931666e-03 -9.103913349752953e-04 -1.007722410144039e+00
31 50 -1.000282896144735e+00 -1.887758459326582e-03 -9.103908441927867e-04 -1.007723178948877e+00
31 51 -1.000282831137483e+00 -1.887843803368812e-03 -9.102513252063653e-04 -1.007723442913095e+00
31 52 -1.000282830138813e+00 -1.888087082027579e-03 -9.099692931415945e-04 -1.007723198461729e+00
31 53 -1.000282892668496e+00 -1.888486428914546e-03 -9.095442870604833e-04 -1.007722448110735e+00
31 54 -1.000283017477200e+00 -1.889037994444230e-03 -9.089789441397678e-04 -1.007721200465734e+00
31 55 -1.000283202574049e+00 -1.889735975584301e-03 -9.082789954409915e-04 -1.007719470121998e+00
31 56 -1.000283445272671e+00 -1.890572685631278e-03 -9.074531887637567e-04 -1.007717277434160e+00
31 57 -1.000283742258341e+00 -1.891538673250265e-03 -9.065131295670808e-04 -1.007714648129727e+00
31 58 -1.000284089674611e+00 -1.892622894791156e-03 -9.054730237765681e-04 -1.007711612764385e+00
31 59 -1.000284483223247e+00 -1.893812935002746e-03 -9.043493102084100e-04 -1.007708206048626e+00
31 60 -1.000284918267958e+00 -1.895095261700466e-03 -9.031601854683181e-04 -1.007704466103459e+00
31 61 -1.000285389931818e+00 -1.896455493314969e-03 -9.019250458166666e-04 -1.007700433716500e+00
31 62 -1.000285893180953e+00 -1.897878657717011e-03 -9.006638894446299e-04 -1.007696151661189e+00
31 63 -1.000286422891728e+00 -1.899349426491484e-03 -8.993967301555659e-04 -1.007691664114329e+00
32 0 -1.000286653451806e+00 -1.901289682023745e-03 -8.946248788406632e-04 -1.007687217117230e+00
32 1 -1.000287220461992e+00 -1.902805223576338e-03 -8.934193758008928e-04 -1.007682456335462e+00
32 2 -1.000287799427724e+00 -1.904324612710251e-03 -8.922606741236753e-04 -1.007677618876131e+00
32 3 -1.000288385289478e+00 -1.905832860890159e-03 -8.911642371784632e-04 -1.007672750493154e+00
32 4 -1.000288973063746e+00 -1.907315347971662e-03 -8.901437714247813e-04 -1.007667896616417e+00
32 5 -1.000289557857094e+00 -1.908757920584675e-03 -8.892110735112688e-04 -1.007663102084157e+00
32 6 -1.000290134874082e+00 -1.910146987997687e-03 -8.883759065879233e-04 -1.007658410875407e+00
32 7 -1.000290699421515e+00 -1.911469620914349e-03 -8.876459027263057e-04 -1.007653865828017e+00
32 8 -1.000291246913512e+00 -1.912713657140436e-03 -8.870265009704041e-04 -1.007649508325682e+00
32 9 -1.000291772881799e+00 -1.913867813515238e-03 -8.865209380263000e-04 -1.007645377946759e+00
32 10 -1.000292272993067e+00 -1.914921796881662e-03 -8.861303081181361e-04 -1.007641512088186e+00
32 11 -1.000292743071992e+00 -1.915866402687311e-03 -8.858536987339605e-04 -1.007637945595968e+00
32 12 -1.000293179126516e+00 -1.916693591217881e-03 -8.856883923813740e-04 -1.007634710437134e+00
32 13 -1.000293577371851e+00 -1.917396537083203e-03 -8.856301088705929e-04 -1.007631835437018e+00
32 14 -1.000293934251254e+00 -1.917969654138040e-03 -8.856732568493224e-04 -1.007629346086787e+00
32 15 -1.000294246454551e+00 -1.918408603523451e-03 -8.858111705809187e-04 -1.007627264404667e+00
32 16 -1.000294510938579e+00 -1.918710295214196e-03 -8.860363242368308e-04 -1.007625608817890e+00
32 17 -1.000294724954921e+00 -1.918872890750888e-03 -8.863405336351012e-04 -1.007624394033546e+00
32 18 -1.000294886088089e+00 -1.918895806499978e-03 -8.867151670045125e-04 -1.007623630889752e+00
32 19 -1.000294992302824e+00 -1.918779707968236e-03 -8.871513864302243e-04 -1.007623326209512e+00
32 20 -1.000295041995386e+00 -1.918526483242721e-03 -8.876404283729687e-04 -1.007623482695751e+00
32 21 -1.000295034042467e+00 -1.918139189270048e-03 -8.881739097712013e-04 -1.007624098898507e+00
32 22 -1.000294967842332e+00 -1.917621974076112e-03 -8.887441262325748e-04 -1.007625169263481e+00
32 23 -1.000294843345283e+00 -1.916979985982620e-03 -8.893443010138171e-04 -1.007626684247488e+00
32 24 -1.000294661073672e+00 -1.916219284913877e-03 -8.899687515153790e-04 -1.007628630467450e+00
32 25 -1.000294422134634e+00 -1.915346769780238e-03 -8.906129594269879e-04 -1.007630990842600e+00
32 26 -1.000294128229181e+00 -1.914370128772139e-03 -8.912735525038520e-04 -1.007633744702755e+00
32 27 -1.000293781658795e+00 -1.913297808249797e-03 -8.919482213672540e-04 -1.007636867867082e+00
32 28 -1.000293385326765e+00 -1.912138986857858e-03 -8.926355981127360e-04 -1.007640332728601e+00
32 29 -1.000292942729253e+00 -1.910903540208005e-03 -8.933351144570988e-04 -1.007644108389293e+00
32 30 -1.000292457931790e+00 -1.909601988002533e-03 -8.940468408884581e-04 -1.007648160875301e+00
32 31 -1.000291935529563e+00 -1.908245424747925e-03 -8.947712937206294e-04 -1.007652453434927e+00
32 32 -1.000291380592848e+00 -1.906845441895254e-03 -8.955091925298708e-04 -1.007656946898922e+00
32 33 -1.000290798601249e+00 -1.905414050883365e-03 -8.962611596798092e-04 -1.007661600070425e+00
32 34 -1.000290195371753e+00 -1.903963613323169e-03 -8.970273728923820e-04 -1.007666370112964e+00
32 35 -1.000289576985473e+00 -1.902506778445520e-03 -8.978072020171878e-04 -1.007671212917439e+00
32 36 -1.000288949716587e+00 -1.901056422335301e-03 -8.985988728024438e-04 -1.007676083446304e+00
32 37 -1.000288319964894e+00 -1.899625581595115e-03 -8.993991987491367e-04 -1.007680936064811e+00
32 38 -1.000287694191973e+00 -1.898227376698862e-03 -9.002034083408982e-04 -1.007685724869778e+00
32 39 -1.000287078860272e+00 -1.896874925298812e-03 -9.010050745941092e-04 -1.007690404019077e+00
32 40 -1.000286480374320e+00 -1.895581249700624e-03 -9.017961345650662e-04 -1.007694928058789e+00
32 41 -1.000285905022538e+00 -1.894359182602308e-03 -9.025669764224566e-04 -1.007699252247601e+00
32 42 -1.000285358916798e+00 -1.893221269966231e-03 -9.033065764117775e-04 -1.007703332891530e+00
32 43 -1.000284847926001e+00 -1.892179662110902e-03 -9.040026850679755e-04 -1.007707127719192e+00
32 44 -1.000284377600822e+00 -1.891245979474441e-03 -9.046420801649849e-04 -1.007710596334089e+00
32 45 -1.000283953089874e+00 -1.890431142662599e-03 -9.052109102936205e-04 -1.007713700765667e+00
32 46 -1.000283579051300e+00 -1.889745166599952e-03 -9.056951423789839e-04 -1.007716406109757e+00
32 47 -1.000283259566537e+00 -1.889196930581869e-03 -9.060811033585968e-04 -1.007718681217116e+00
32 48 -1.000282998063623e+00 -1.888793944826529e-03 -9.063560798487217e-04 -1.007720499368847e+00
32 49 -1.000282797256293e+00 -1.888542137446097e-03 -9.065089193662156e-04 -1.007721838874033e+00
32 50 -1.000282659102290e+00 -1.888445682388038e-03 -9.065305709714703e-04 -1.007722683539123e+00
32 51 -1.000282584780385e+00 -1.888506878724589e-03 -9.064145166112498e-04 -1.007723022989497e+00
32 52 -1.000282574682305e+00 -1.888726078736148e-03 -9.061570722450189e-04 -1.007722852858375e+00
32 53 -1.000282628415519e+00 -1.889101654455162e-03 -9.057575659344592e-04 -1.007722174874564e+00
32 54 -1.000282744816108e+00 -1.889629994658204e-03 -9.052184145532926e-04 -1.007720996866613e+00
32 55 -1.000282921975072e+00 -1.890305533175322e-03 -9.045451182709927e-04 -1.007719332671169e+00
32 56 -1.000283157282996e+00 -1.891120816565255e-03 -9.037461796023044e-04 -1.007717201914386e+00
32 57 -1.000283447495881e+00 -1.892066619957483e-03 -9.028329408929034e-04 -1.007714629640256e+00
32 58 -1.000283788820774e+00 -1.893132115155016e-03 -9.018193267883949e-04 -1.007711645782031e+00
32 59 -1.000284177015287e+00 -1.894305087238864e-03 -9.007214804389571e-04 -1.007708284501897e+00
32 60 -1.000284607491666e+00 -1.895572186444254e-03 -8.995572957015326e-04 -1.007704583452684e+00
32 61 -1.000285075414891e+00 -1.896919194189419e-03 -8.983458684770353e-04 -1.007700583033852e+00
32 62 -1.000285575786636e+00 -1.898331280692309e-03 -8.971069086694265e-04 -1.007696325708953e+00
32 63 -1.000286103512122e+00 -1.899793238020457e-03 -8.958601612044381e-04 -1.007691855422352e+00
33 0 -1.000286280945223e+00 -1.901653264214304e-03 -8.914103116714386e-04 -1.007687575129309e+00
33 1 -1.000286847161470e+00 -1.903163352370806e-03 -8.902209614757194e-04 -1.007682820895653e+00
33 2 -1.000287426279023e+00 -1.904679789801922e-03 -8.890759520755055e-04 -1.007677982165664e+00
33 3 -1.000288013239715e+00 -1.906187625983852e-03 -8.879905601747598e-04 -1.007673104737132e+00
33 4 -1.000288603053728e+00 -1.907672255240941e-03 -8.869783259868220e-04 -1.007668234156860e+00
33 5 -1.000289190814483e+00 -1.909119515292812e-03 -8.860509049590720e-04 -1.007663415447662e+00
33 6 -1.000289771706824e+00 -1.910515781912968e-03 -8.852179529030267e-04 -1.007658692838370e+00
33 7 -1.000290341010521e+00 -1.911848065006185e-03 -8.844870391913870e-04 -1.007654109484153e+00
33 8 -1.000290894103935e+00 -1.913104111392210e-03 -8.838635936399444e-04 -1.007649707157594e+00
33 9 -1.000291426472949e+00 -1.914272515226681e-03 -8.833509007921621e-04 -1.007645525899374e+00
33 10 -1.000291933727546e+00 -1.915342829557786e-03 -8.829501570608182e-04 -1.007641603640084e+00
33 11 -1.000292411624998e+00 -1.916305667776925e-03 -8.826605985630346e-04 -1.007637975823915e+00
33 12 -1.000292856096427e+00 -1.917152784816030e-03 -8.824796924588714e-04 -1.007634675068465e+00
33 13 -1.000293263272993e+00 -1.917877132680760e-03 -8.824033699720194e-04 -1.007631730886050e+00
33 14 -1.000293629508907e+00 -1.918472890485875e-03 -8.824262730323896e-04 -1.007629169476788e+00
33 15 -1.000293951401243e+00 -1.918935475058963e-03 -8.825419912130182e-04 -1.007627013582365e+00
33 16 -1.000294225810417e+00 -1.919261542768894e-03 -8.827432786539084e-04 -1.007625282367897e+00
33 17 -1.000294449887313e+00 -1.919448992170671e-03 -8.830222568371079e-04 -1.007623991294927e+00
33 18 -1.000294621111174e+00 -1.919496968807087e-03 -8.833706217588448e-04 -1.007623151970916e+00
33 19 -1.000294737337698e+00 -1.919405863736272e-03 -8.837798762499774e-04 -1.007622771994155e+00
33 20 -1.000294796852503e+00 -1.919177293871422e-03 -8.842415969502401e-04 -1.007622854832212e+00
33 21 -1.000294798423426e+00 -1.918814056812325e-03 -8.847477254843210e-04 -1.007623399767208e+00
33 22 -1.000294741345540e+00 -1.918320061140885e-03 -8.852908547496338e-04 -1.007624401922408e+00
33 23 -1.000294625474866e+00 -1.917700240838232e-03 -8.858644726721514e-04 -1.007625852362297e+00
33 24 -1.000294451250140e+00 -1.916960467740284e-03 -8.864631306380362e-04 -1.007627738236996e+00
33 25 -1.000294219705524e+00 -1.916107476705255e-03 -8.870825198712953e-04 -1.007630042929884e+00
33 26 -1.000293932478451e+00 -1.915148812090874e-03 -8.877194597562062e-04 -1.007632746176919e+00
33 27 -1.000293591814581e+00 -1.914092793005994e-03 -8.883718185069763e-04 -1.007635824156710e+00
33 28 -1.000293200568010e+00 -1.912948485321442e-03 -8.890383915204404e-04 -1.007639249582112e+00
33 29 -1.000292762192313e+00 -1.911725666385733e-03 -8.897187553799224e-04 -1.007642991835917e+00
33 30 -1.000292280718013e+00 -1.910434773627822e-03 -8.904131013335447e-04 -1.007647017181741e+00
33 31 -1.000291760714187e+00 -1.909086836404759e-03 -8.911220389628176e-04 -1.007651289057678e+00
33 32 -1.000291207234729e+00 -1.907693397457756e-03 -8.918463553276822e-04 -1.007655768436487e+00
33 33 -1.000290625752569e+00 -1.906266433552006e-03 -8.925867210232811e-04 -1.007660414219843e+00
33 34 -1.000290022086970e+00 -1.904818282842886e-03 -8.933433513110185e-04 -1.007665183632031e+00
33 35 -1.000289402329126e+00 -1.903361580311916e-03 -8.941156502949987e-04 -1.007670032591179e+00
33 36 -1.000288772769903e+00 -1.901909196407179e-03 -8.949018785933673e-04 -1.007674916054681e+00
33 37 -1.000288139831634e+00 -1.900474171815482e-03 -8.956988842040202e-04 -1.007679788347632e+00
33 38 -1.000287510004216e+00 -1.899069643456846e-03 -8.965019241116743e-04 -1.007684603484669e+00
33 39 -1.000286889784741e+00 -1.897708760856043e-03 -8.973045863495869e-04 -1.007689315491020e+00
33 40 -1.000286285619319e+00 -1.896404595538576e-03 -8.980988044153111e-04 -1.007693878723755e+00
33 41 -1.000285703845192e+00 -1.895170046978853e-03 -8.988749444611840e-04 -1.007698248194024e+00
33 42 -1.000285150630413e+00 -1.894017744991861e-03 -8.996219470045465e-04 -1.007702379900391e+00
33 43 -1.000284631907540e+00 -1.892959941069163e-03 -9.003275194797842e-04 -1.007706231199999e+00
33 44 -1.000284153298398e+00 -1.892008375457931e-03 -9.009783938609257e-04 -1.007709761254427e+00
33 45 -1.000283720029779e+00 -1.891174108866491e-03 -9.015606709833715e-04 -1.007712931575561e+00
33 46 -1.000283336844019e+00 -1.890467317765638e-03 -9.020602639411286e-04 -1.007715706665176e+00
33 47 -1.000283007911422e+00 -1.889897064535186e-03 -9.024634317280077e-04 -1.007718054707917e+00
33 48 -1.000282736752172e+00 -1.889471062583405e-03 -9.027573700020248e-04 -1.007719948256521e+00
33 49 -1.000282526174073e+00 -1.889195460080395e-03 -9.029308063322757e-04 -1.007721364844073e+00
33 50 -1.000282378229580e+00 -1.889074663316252e-03 -9.029745400547455e-04 -1.007722287470646e+00
33 51 -1.000282294191828e+00 -1.889111211293232e-03 -9.028818776381483e-04 -1.007722704940737e+00
33 52 -1.000282274545918e+00 -1.889305700224457e-03 -9.026489403341345e-04 -1.007722612063362e+00
33 53 -1.000282318991276e+00 -1.889656748030827e-03 -9.022748483906652e-04 -1.007722009746137e+00
33 54 -1.000282426453914e+00 -1.890160990277841e-03 -9.017618010792711e-04 -1.007720905004027e+00
33 55 -1.000282595111667e+00 -1.890813107280180e-03 -9.011150707238280e-04 -1.007719310874894e+00
33 56 -1.000282822437296e+00 -1.891605889372749e-03 -9.003429185611383e-04 -1.007717246213518e+00
33 57 -1.000283105262667e+00 -1.892530348945388e-03 -8.994564287696894e-04 -1.007714735337057e+00
33 58 -1.000283439863137e+00 -1.893575884172840e-03 -8.984692496549878e-04 -1.007711807513733e+00
33 59 -1.000283822056693e+00 -1.894730491782684e-03 -8.973972321671820e-04 -1.007708496315301e+00
33 60 -1.000284247308354e+00 -1.895981016033002e-03 -8.962579683440469e-04 -1.007704838885593e+00
33 61 -1.000284710828813e+00 -1.897313412526094e-03 -8.950702520222256e-04 -1.007700875198787e+00
33 62 -1.000285207658745e+00 -1.898713004191196e-03 -8.938535011309913e-04 -1.007696647376227e+00
33 63 -1.000285732735648e+00 -1.900164713500996e-03 -8.926271870426739e-04 -1.007692199100336e+00
34 0 -1.000285859615043e+00 -1.901940135757672e-03 -8.885305117521949e-04 -1.007688084985325e+00
34 1 -1.000286424410966e+00 -1.903443409074342e-03 -8.873571083547909e-04 -1.007683341774216e+00
34 2 -1.000287003059332e+00 -1.904955520847610e-03 -8.862256035078275e-04 -1.007678506208972e+00
34 3 -1.000287590506882e+00 -1.906461566643985e-03 -8.851510907500080e-04 -1.007673624106219e+00
34 4 -1.000288181761345e+00 -1.907946964156104e-03 -8.841469476887441e-04 -1.007668741102192e+00
34 5 -1.000288771907115e+00 -1.909397551947629e-03 -8.832246910642918e-04 -1.007663902374871e+00
34 6 -1.000289356113728e+00 -1.910799682822669e-03 -8.823938698479544e-04 -1.007659152372222e+00
34 7 -1.000289929638939e+00 -1.912140317562838e-03 -8.816619889248098e-04 -1.007654534533371e+00
34 8 -1.000290487831288e+00 -1.913407125193457e-03 -8.810344653070103e-04 -1.007650090981967e+00
34 9 -1.000291026137559e+00 -1.914588591572033e-03 -8.805146271859116e-04 -1.007645862179373e+00
34 10 -1.000291540118200e+00 -1.915674130784012e-03 -8.801037695223119e-04 -1.007641886546687e+00
34 11 -1.000292025470299e+00 -1.916654188923273e-03 -8.798012745349200e-04 -1.007638200083225e+00
34 12 -1.000292478055158e+00 -1.917520329939345e-03 -8.796047925643969e-04 -1.007634836015024e+00
34 13 -1.000292893926312e+00 -1.918265296774388e-03 -8.795104652785340e-04 -1.007631824501801e+00
34 14 -1.000293269354491e+00 -1.918883046222482e-03 -8.795131663478968e-04 -1.007629192417205e+00
34 15 -1.000293600848781e+00 -1.919368762410074e-03 -8.796067373153944e-04 -1.007626963194727e+00
34 16 -1.000293885177416e+00 -1.919718859346352e-03 -8.797842067992983e-04 -1.007625156707953e+00
34 17 -1.000294119394286e+00 -1.919930983051176e-03 -8.800379955042256e-04 -1.007623789146388e+00
34 18 -1.000294300876101e+00 -1.920004016571023e-03 -8.803601219046350e-04 -1.007622872866882e+00
34 19 -1.000294427370720e+00 -1.919938081523380e-03 -8.807424271304440e-04 -1.007622416233252e+00
34 20 -1.000294497052476e+00 -1.919734524866476e-03 -8.811768290799908e-04 -1.007622423479589e+00
34 21 -1.000294508577671e+00 -1.919395882123644e-03 -8.816555985815914e-04 -1.007622894634082e+00
34 22 -1.000294461133331e+00 -1.918925815620084e-03 -8.821716330075283e-04 -1.007623825524254e+00
34 23 -1.000294354474276e+00 -1.918329034485471e-03 -8.827186931881246e-04 -1.007625207861032e+00
34 24 -1.000294188947111e+00 -1.917611209389599e-03 -8.832915718052138e-04 -1.007627029375540e+00
34 25 -1.000293965503536e+00 -1.916778896553742e-03 -8.838861748678557e-04 -1.007629273968887e+00
34 26 -1.000293685707260e+00 -1.915839480602281e-03 -8.844995168991315e-04 -1.007631921841511e+00
34 27 -1.000293351737404e+00 -1.914801135909933e-03 -8.851296465629753e-04 -1.007634949594886e+00
34 28 -1.000292966387735e+00 -1.913672796685161e-03 -8.857755256096864e-04 -1.007638330329250e+00
34 29 -1.000292533057900e+00 -1.912464122337472e-03 -8.864368790481029e-04 -1.007642033777690e+00
34 30 -1.000292055732031e+00 -1.911185447980082e-03 -8.871140227914524e-04 -1.007646026511318e+00
34 31 -1.000291538941745e+00 -1.909847717643204e-03 -8.878076630766310e-04 -1.007650272228055e+00
34 32 -1.000290987713554e+00 -1.908462405704716e-03 -8.885186557103627e-04 -1.007654732110916e+00
34 33 -1.000290407503599e+00 -1.907041436178831e-03 -8.892477171664935e-04 -1.007659365223362e+00
34 34 -1.000289804124618e+00 -1.905597107847385e-03 -8.899950940050854e-04 -1.007664128906677e+00
34 35 -1.000289183670477e+00 -1.904142027385000e-03 -8.907602154881255e-04 -1.007668979155986e+00
34 36 -1.000288552442643e+00 -1.902689046832533e-03 -8.915413666334666e-04 -1.007673870968243e+00
34 37 -1.000287916881150e+00 -1.901251199250253e-03 -8.923354194207726e-04 -1.007678758668046e+00
34 38 -1.000287283500538e+00 -1.899841627321240e-03 -8.931376499225070e-04 -1.007683596222329e+00
34 39 -1.000286658829800e+00 -1.898473502651018e-03 -8.939416535881166e-04 -1.007688337553521e+00
34 40 -1.000286049354595e+00 -1.897159937055224e-03 -8.947393542265693e-04 -1.007692936855424e+00
34 41 -1.000285461459642e+00 -1.895913889005908e-03 -8.955210899683621e-04 -1.007697348912912e+00
34 42 -1.000284901368542e+00 -1.894748065782089e-03 -8.962757584942009e-04 -1.007701529433462e+00
34 43 -1.000284375077548e+00 -1.893674814843155e-03 -8.969910158847361e-04 -1.007705435415003e+00
34 44 -1.000283888280233e+00 -1.892705991831995e-03 -8.976535400054426e-04 -1.007709025586431e+00
34 45 -1.000283446282764e+00 -1.891852793820407e-03 -8.982493770582164e-04 -1.007712260948145e+00
34 46 -1.000283053913505e+00 -1.891125555829350e-03 -8.987643822477195e-04 -1.007715105409882e+00
34 47 -1.000282715433965e+00 -1.890533521038007e-03 -8.991847463703174e-04 -1.007717526487929e+00
34 48 -1.000282434459131e+00 -1.890084604548744e-03 -8.994975777253447e-04 -1.007719496000243e+00
34 49 -1.000282213893769e+00 -1.889785174382049e-03 -8.996914902075297e-04 -1.007720990692544e+00
34 50 -1.000282055888238e+00 -1.889639870772919e-03 -8.997571405845573e-04 -1.007721992741272e+00
34 51 -1.000281961813434e+00 -1.889651475937771e-03 -8.996876665202754e-04 -1.007722490107807e+00
34 52 -1.000281932251288e+00 -1.889820834382807e-03 -8.994790002016481e-04 -1.007722476752052e+00
34 53 -1.000281966996700e+00 -1.890146815075660e-03 -8.991300586910731e-04 -1.007721952733908e+00
34 54 -1.000282065069408e+00 -1.890626306507099e-03 -8.986428277661156e-04 -1.007720924225821e+00
34 55 -1.000282224738235e+00 -1.891254242542183e-03 -8.980223565547083e-04 -1.007719403435114e+00
34 56 -1.000282443562483e+00 -1.892023664809370e-03 -8.972766712781020e-04 -1.007717408411757e+00
34 57 -1.000282718454232e+00 -1.892925830721161e-03 -8.964166058506827e-04 -1.007714962711777e+00
34 58 -1.000283045761465e+00 -1.893950373201489e-03 -8.954555405260598e-04 -1.007712094902720e+00
34 59 -1.000283421366738e+00 -1.895085509783773e-03 -8.944090411961332e-04 -1.007708837929177e+00
34 60 -1.000283840791660e+00 -1.896318288077997e-03 -8.932944032406038e-04 -1.007705228390681e+00
34 61 -1.000284299295957e+00 -1.897634846708856e-03 -8.921301213796419e-04 -1.007701305804587e+00
34 62 -1.000284791962371e+00 -1.899020669865736e-03 -8.909353222530927e-04 -1.007697111921376e+00
34 63 -1.000285313763915e+00 -1.900460819294483e-03 -8.897292025423560e-04 -1.007692690133285e+00
35 0 -1.000285393042644e+00 -1.902148028278593e-03 -8.860127831431732e-04 -1.007688740814906e+00
35 1 -1.000285955815269e+00 -1.903643213549442e-03 -8.848549063094215e-04 -1.007684012946074e+00
35 2 -1.000286533389677e+00 -1.905149692240356e-03 -8.837365209628497e-04 -1.007679184893309e+00
35 3 -1.000287120721173e+00 -1.906652614195919e-03 -8.826725429980738e-04 -1.007674302464713e+00
35 4 -1.000287712818848e+00 -1.908137429254374e-03 -8.816761932724114e-04 -1.007669411356936e+00
35 5 -1.000288304761894e+00 -1.909589985918753e-03 -8.807588550187452e-04 -1.007664556874017e+00
35 6 -1.000288891708620e+00 -1.910996624001800e-03 -8.799299735075647e-04 -1.007659783652468e+00
35 7 -1.000289468899618e+00 -1.912344266979465e-03 -8.791969891333520e-04 -1.007655135380155e+00
35 8 -1.000290031659469e+00 -1.913620519942745e-03 -8.785653031913867e-04 -1.007650654490941e+00
35 9 -1.000290575402562e+00 -1.914813775647963e-03 -8.780382831279407e-04 -1.007646381822281e+00
35 10 -1.000291095647026e+00 -1.915913325016235e-03 -8.776173180287360e-04 -1.007642356239505e+00
35 11 -1.000291588037264e+00 -1.916909462939954e-03 -8.773019323998401e-04 -1.007638614249832e+00
35 12 -1.000292048372232e+00 -1.917793578473899e-03 -8.770899565297416e-04 -1.007635189640461e+00
35 13 -1.000292472634878e+00 -1.918558220994264e-03 -8.769777394912913e-04 -1.007632113173316e+00
35 14 -1.000292857018722e+00 -1.919197139490887e-03 -8.769603830324152e-04 -1.007629412354235e+00
35 15 -1.000293197950393e+00 -1.919705299093704e-03 -8.770319753149222e-04 -1.007627111270893e+00
35 16 -1.000293492110918e+00 -1.920078884633087e-03 -8.771858119372508e-04 -1.007625230470458e+00
35 17 -1.000293736461653e+00 -1.920315301979114e-03 -8.774146040114129e-04 -1.007623786838691e+00
35 18 -1.000293928280414e+00 -1.920413182349745e-03 -8.777106841532035e-04 -1.007622793455738e+00
35 19 -1.000294065209562e+00 -1.920372385694703e-03 -8.780662257847605e-04 -1.007622259433763e+00
35 20 -1.000294145312665e+00 -1.920193992849650e-03 -8.784734856809768e-04 -1.007622189768190e+00
35 21 -1.000294167132841e+00 -1.919880276574119e-03 -8.789250655731949e-04 -1.007622585241809e+00
35 22 -1.000294129745206e+00 -1.919434647907753e-03 -8.794141724237988e-04 -1.007623442408270e+00
35 23 -1.000294032797549e+00 -1.918861582564913e-03 -8.799348467638016e-04 -1.007624753657988e+00
35 24 -1.000293876536912e+00 -1.918166538779218e-03 -8.804821290884833e-04 -1.007626507345224e+00
35 25 -1.000293661823831e+00 -1.917355880634226e-03 -8.810521453014017e-04 -1.007628687938770e+00
35 26 -1.000293390138677e+00 -1.916436817684590e-03 -8.816421087171399e-04 -1.007631276159916e+00
35 27 -1.000293063583936e+00 -1.915417362969871e-03 -8.822502511740635e-04 -1.007634249093497e+00
35 28 -1.000292684882710e+00 -1.914306301548924e-03 -8.828757032814736e-04 -1.007637580290083e+00
35 29 -1.000292257370116e+00 -1.913113156374712e-03 -8.835183414913096e-04 -1.007641239898666e+00
35 30 -1.000291784972930e+00 -1.911848140595790e-03 -8.841786101421035e-04 -1.007645194866454e+00
35 31 -1.000291272174263e+00 -1.910522092892979e-03 -8.848573156675470e-04 -1.007649409220490e+00
35 32 -1.000290723962657e+00 -1.909146400239051e-03 -8.855553840242149e-04 -1.007653844419964e+00
35 33 -1.000290145767757e+00 -1.907732916668420e-03 -8.862735752525915e-04 -1.007658459750297e+00
35 34 -1.000289543387072e+00 -1.906293886089833e-03 -8.870121609303352e-04 -1.007663212724578e+00
35 35 -1.000288922909538e+00 -1.904841872861061e-03 -8.877705860119622e-04 -1.007668059464835e+00
35 36 -1.000288290640960e+00 -1.903389698228406e-03 -8.885471483759630e-04 -1.007672955051475e+00
35 37 -1.000287653034212e+00 -1.901950376831311e-03 -8.893387317212159e-04 -1.007677853845949e+00
35 38 -1.000287016624707e+00 -1.900537047234217e-03 -8.901406198640917e-04 -1.007682709800212e+00
35 39 -1.000286387970208e+00 -1.899162893475213e-03 -8.909464064237756e-04 -1.007687476764241e+00
35 40 -1.000285773593340e+00 -1.897841058473930e-03 -8.917479981120779e-04 -1.007692108796095e+00
35 41 -1.000285179924466e+00 -1.896584551810424e-03 -8.925356980131757e-04 -1.007696560476748e+00
35 42 -1.000284613241724e+00 -1.895406151941215e-03 -8.932983530946302e-04 -1.007700787239260e+00
35 43 -1.000284079604627e+00 -1.894318297045518e-03 -8.940235593142471e-04 -1.007704745735473e+00
35 44 -1.000283584778457e+00 -1.893332953308556e-03 -8.946979316399172e-04 -1.007708394273198e+00
35 45 -1.000283134149172e+00 -1.892461449648943e-03 -8.953074539478477e-04 -1.007711693351078e+00
35 46 -1.000282732632207e+00 -1.891714275759269e-03 -8.958379181209306e-04 -1.007714606293026e+00
35 47 -1.000282384581980e+00 -1.891100852574456e-03 -8.962754446766234e-04 -1.007717099948674e+00
35 48 -1.000282093710439e+00 -1.890629294754311e-03 -8.966070562895800e-04 -1.007719145398353e+00
35 49 -1.000281863021719e+00 -1.890306189036790e-03 -8.968212580946183e-04 -1.007720718593273e+00
35 50 -1.000281694766582e+00 -1.890136409537639e-03 -8.969085709547730e-04 -1.007721800875291e+00
35 51 -1.000281590416213e+00 -1.890122982686540e-03 -8.968619706860694e-04 -1.007722379348567e+00
35 52 -1.000281550651990e+00 -1.890267003384367e-03 -8.966772066977080e-04 -1.007722447106930e+00
35 53 -1.000281575367121e+00 -1.890567594852569e-03 -8.963529982239217e-04 -1.007722003342843e+00
35 54 -1.000281663678157e+00 -1.891021902503521e-03 -8.958911225721690e-04 -1.007721053364478e+00
35 55 -1.000281813948191e+00 -1.891625118031805e-03 -8.952964116083053e-04 -1.007719608526009e+00
35 56 -1.000282023826490e+00 -1.892370538828476e-03 -8.945766644243130e-04 -1.007717686049006e+00
35 57 -1.000282290309007e+00 -1.893249672451903e-03 -8.937424745237421e-04 -1.007715308702283e+00
35 58 -1.000282609820184e+00 -1.894252392642819e-03 -8.928069649900447e-04 -1.007712504323641e+00
35 59 -1.000282978310836e+00 -1.895367144329909e-03 -8.917854273798813e-04 -1.007709305200593e+00
35 60 -1.000283391362436e+00 -1.896581185030344e-03 -8.906948699124588e-04 -1.007705747360152e+00
35 61 -1.000283844286668e+00 -1.897880843034976e-03 -8.895534954992998e-04 -1.007701869836277e+00
35 62 -1.000284332211264e+00 -1.899251771012260e-03 -8.883801441063449e-04 -1.007697713981992e+00
35 63 -1.000284850147819e+00 -1.900679177671921e-03 -8.871937402639056e-04 -1.007693322872649e+00
36 0 -1.000284885140914e+00 -1.902275330092880e-03 -8.838803389759990e-04 -1.007689536215243e+00
36 1 -1.000285445310280e+00 -1.903761244355242e-03 -8.827373790835536e-04 -1.007684827847044e+00
36 2 -1.000286021222017e+00 -1.905260851894888e-03 -8.816315548547993e-04 -1.007680011558060e+00
36 3 -1.000286607843622e+00 -1.906759364610261e-03 -8.805776123372636e-04 -1.007675133119856e+00
36 4 -1.000287200189135e+00 -1.908242272548348e-03 -8.795886238551329e-04 -1.007670238261063e+00
36 5 -1.000287793336200e+00 -1.909695442776588e-03 -8.786758466777720e-04 -1.007665372382331e+00
36 6 -1.000288382435977e+00 -1.911105212126977e-03 -8.778486276551321e-04 -1.007660580275979e+00
36 7 -1.000288962716692e+00 -1.912458478796109e-03 -8.771143443681527e-04 -1.007655905841069e+00
36 8 -1.000289529484618e+00 -1.913742798059243e-03 -8.764783802517986e-04 -1.007651391779214e+00
36 9 -1.000290078128329e+00 -1.914946485486716e-03 -8.759441371630552e-04 -1.007647079256929e+00
36 10 -1.000290604131045e+00 -1.916058726021852e-03 -8.755130924922326e-04 -1.007643007533022e+00
36 11 -1.000291103092353e+00 -1.917069681072917e-03 -8.751849074800735e-04 -1.007639213570157e+00
36 12 -1.000291570756668e+00 -1.917970582345390e-03 -8.749575872983275e-04 -1.007635731665134e+00
36 13 -1.000292003043742e+00 -1.918753802706196e-03 -8.748276833041231e-04 -1.007632593132767e+00
36 14 -1.000292396076790e+00 -1.919412899909809e-03 -8.747905193689807e-04 -1.007629826064045e+00
36 15 -1.000292746206358e+00 -1.919942636108654e-03 -8.748404227893400e-04 -1.007627455156299e+00
36 16 -1.000293050032028e+00 -1.920338982178719e-03 -8.749709467382455e-04 -1.007625501589355e+00
36 17 -1.000293304427682e+00 -1.920599117970133e-03 -8.751750817555990e-04 -1.007623982908943e+00
36 18 -1.000293506576524e+00 -1.920721435406097e-03 -8.754454634663180e-04 -1.007622912887881e+00
36 19 -1.000293654018597e+00 -1.920705542695740e-03 -8.757745884263173e-04 -1.007622301364017e+00
36 20 -1.000293744708226e+00 -1.920552260603963e-03 -8.761550469061552e-04 -1.007622154082919e+00
36 21 -1.000293777074755e+00 -1.920263600569431e-03 -8.765797705593460e-04 -1.007622472584663e+00
36 22 -1.000293750078577e+00 -1.919842719352192e-03 -8.770422787294705e-04 -1.007623254165289e+00
36 23 -1.000293663255608e+00 -1.919293852440983e-03 -8.775368968096037e-04 -1.007624491922839e+00
36 24 -1.000293516746733e+00 -1.918622235607385e-03 -8.780589189619055e-04 -1.007626174873113e+00
36 25 -1.000293311313362e+00 -1.917834028262258e-03 -8.786046960363898e-04 -1.007628288099383e+00
36 26 -1.000293048343741e+00 -1.916936250762986e-03 -8.791716436461662e-04 -1.007630812896099e+00
36 27 -1.000292729854517e+00 -1.915936739703761e-03 -8.797581791210397e-04 -1.007633726886985e+00
36 28 -1.000292358488602e+00 -1.914844114763180e-03 -8.803636041287603e-04 -1.007637004131679e+00
36 29 -1.000291937506614e+00 -1.913667744730116e-03 -8.809879494866840e-04 -1.007640615257901e+00
36 30 -1.000291470767677e+00 -1.912417701946095e-03 -8.816317915159859e-04 -1.007644527654698e+00
36 31 -1.000290962696115e+00 -1.911104700819184e-03 -8.822960400728867e-04 -1.007648705743607e+00
36 32 -1.000290418232564e+00 -1.909740022841374e-03 -8.829816927849552e-04 -1.007653111322345e+00
36 33 -1.000289842770762e+00 -1.908335435231052e-03 -8.836895517225942e-04 -1.007657703956834e+00
36 34 -1.000289242084361e+00 -1.906903111694305e-03 -8.844199079516547e-04 -1.007662441386021e+00
36 35 -1.000288622249894e+00 -1.905455560835246e-03 -8.851722125831766e-04 -1.007667279906818e+00
36 36 -1.000287989571373e+00 -1.904005561597673e-03 -8.859447639941692e-04 -1.007672174724290e+00
36 37 -1.000287350509539e+00 -1.902566099980986e-03 -8.867344443745583e-04 -1.007677080272782e+00
36 38 -1.000286711616516e+00 -1.901150300725974e-03 -8.875365329902140e-04 -1.007681950522329e+00
36 39 -1.000286079475344e+00 -1.899771350928478e-03 -8.883446111568015e-04 -1.007686739280895e+00
36 40 -1.000285460642805e+00 -1.898442415915107e-03 -8.891505597014959e-04 -1.007691400497460e+00
36 41 -1.000284861592723e+00 -1.897176548646227e-03 -8.899446387724991e-04 -1.007695888571540e+00
36 42 -1.000284288656083e+00 -1.895986591991024e-03 -8.907156367005412e-04 -1.007700158680768e+00
36 43 -1.000283747954418e+00 -1.894885068918773e-03 -8.914510807861561e-04 -1.007704167147170e+00
36 44 -1.000283245323980e+00 -1.893884050885995e-03 -8.921375141128042e-04 -1.007707871871334e+00
36 45 -1.000282786230316e+00 -1.892994993787325e-03 -8.927608497321120e-04 -1.007711232861963e+00
36 46 -1.000282375676248e+00 -1.892228537389580e-03 -8.933068095534096e-04 -1.007714212866979e+00
36 47 -1.000282018109941e+00 -1.891594276294904e-03 -8.937614402353959e-04 -1.007716778076187e+00
36 48 -1.000281717341680e+00 -1.891100521487297e-03 -8.941116789406956e-04 -1.007718898834730e+00
36 49 -1.000281476476712e+00 -1.890754076064888e-03 -8.943459255912190e-04 -1.007720550297454e+00
36 50 -1.000281297868010e+00 -1.890560046348759e-03 -8.944545710078840e-04 -1.007721712966889e+00
36 51 -1.000281183088806e+00 -1.890521702059341e-03 -8.944304358151798e-04 -1.007722373083063e+00
36 52 -1.000281132921746e+00 -1.890640388608084e-03 -8.942690929449508e-04 -1.007722522864189e+00
36 53 -1.000281147360370e+00 -1.890915484538419e-03 -8.939690695311968e-04 -1.007722160623239e+00
36 54 -1.000281225620245e+00 -1.891344393663232e-03 -8.935319402011016e-04 -1.007721290790938e+00
36 55 -1.000281366161105e+00 -1.891922567100821e-03 -8.929623263664453e-04 -1.007719923854635e+00
36 56 -1.000281566724868e+00 -1.892643560048736e-03 -8.922678086365959e-04 -1.007718076191958e+00
36 57 -1.000281824394413e+00 -1.893499133070139e-03 -8.914587510316528e-04 -1.007715769765689e+00
36 58 -1.000282135673842e+00 -1.894479404190346e-03 -8.905480324775637e-04 -1.007713031662624e+00
36 59 -1.000282496585277e+00 -1.895573049435057e-03 -8.895506842248680e-04 -1.007709893491369e+00
36 60 -1.000282902772869e+00 -1.896767540320482e-03 -8.884834406722326e-04 -1.007706390684336e+00
36 61 -1.000283349603009e+00 -1.898049399728137e-03 -8.873642240818688e-04 -1.007702561768897e+00
36 62 -1.000283832251154e+00 -1.899404454479737e-03 -8.862115962927694e-04 -1.007698447676738e+00
36 63 -1.000284345770162e+00 -1.900818066083624e-03 -8.850442163315234e-04 -1.007694091143395e+00
37 0 -1.000284340137053e+00 -1.902321081613387e-03 -8.821521140424812e-04 -1.007690464333867e+00
37 1 -1.000284897145853e+00 -1.903796633207624e-03 -8.810233007490793e-04 -1.007685779455950e+00
37 2 -1.000285470821961e+00 -1.905288202697238e-03 -8.799293336632729e-04 -1.007680979076874e+00
37 3 -1.000286056148506e+00 -1.906781070759550e-03 -8.788847994737796e-04 -1.007676108904969e+00
37 4 -1.000286648147925e+00 -1.908260774901893e-03 -8.779026327201336e-04 -1.007671214673021e+00
37 5 -1.000287241900062e+00 -1.909713209362353e-03 -8.769939741209171e-04 -1.007666341846925e+00
37 6 -1.000287832553150e+00 -1.911124718379771e-03 -8.761680787400660e-04 -1.007661535339075e+00
37 7 -1.000288415327763e+00 -1.912482187031331e-03 -8.754322642723619e-04 -1.007656839220321e+00
37 8 -1.000288985517309e+00 -1.913773134913574e-03 -8.747918950765489e-04 -1.007652296416472e+00
37 9 -1.000289538491045e+00 -1.914985816885140e-03 -8.742504024206106e-04 -1.007647948373708e+00
37 10 -1.000290069704856e+00 -1.916109330414068e-03 -8.738093446361495e-04 -1.007643834689264e+00
37 11 -1.000290574721642e+00 -1.917133722792880e-03 -8.734685118068919e-04 -1.007639992723921e+00
37 12 -1.000291049239369e+00 -1.918050087514929e-03 -8.732260765909964e-04 -1.007636457228008e+00
37 13 -1.000291489122376e+00 -1.918850639569223e-03 -8.730787854369143e-04 -1.007633260015390e+00
37 14 -1.000291890431019e+00 -1.919528763806844e-03 -8.730221763671001e-04 -1.007630429710000e+00
37 15 -1.000292249446780e+00 -1.920079037399680e-03 -8.730508062151057e-04 -1.007627991568629e+00
37 16 -1.000292562694202e+00 -1.920497234529431e-03 -8.731584741669370e-04 -1.007625967357189e+00
37 17 -1.000292826965376e+00 -1.920780325045280e-03 -8.733384370339872e-04 -1.007624375239978e+00
37 18 -1.000293039353755e+00 -1.920926475753996e-03 -8.735836200076810e-04 -1.007623229647543e+00
37 19 -1.000293197300861e+00 -1.920935054635319e-03 -8.738868310537261e-04 -1.007622541116797e+00
37 20 -1.000293298654098e+00 -1.920806630327043e-03 -8.742409857510486e-04 -1.007622316127477e+00
37 21 -1.000293341729463e+00 -1.920542956634296e-03 -8.746393418816716e-04 -1.007622556973607e+00
37 22 -1.000293325370880e+00 -1.920146935116145e-03 -8.750757315766326e-04 -1.007623261704095e+00
37 23 -1.000293248998426e+00 -1.919622555645820e-03 -8.755447686698346e-04 -1.007624424148760e+00
37 24 -1.000293112640978e+00 -1.918974822556866e-03 -8.760420060286945e-04 -1.007626034020395e+00
37 25 -1.000292916953725e+00 -1.918209679409978e-03 -8.765640240484706e-04 -1.007628077059379e+00
37 26 -1.000292663225013e+00 -1.917333944953655e-03 -8.771084437486516e-04 -1.007630535180023e+00
37 27 -1.000292353377376e+00 -1.916355265666665e-03 -8.776738699582152e-04 -1.007633386595572e+00
37 28 -1.000291989964728e+00 -1.915282080541480e-03 -8.782597774332088e-04 -1.007636605930257e+00
37 29 -1.000291576163993e+00 -1.914123587517690e-03 -8.788663540309279e-04 -1.007640164349854e+00
37 30 -1.000291115757347e+00 -1.912889700868189e-03 -8.794943111564613e-04 -1.007644029745588e+00
37 31 -1.000290613101054e+00 -1.911590993392230e-03 -8.801446650363046e-04 -1.007648166993289e+00
37 32 -1.000290073078544e+00 -1.910238623822423e-03 -8.808184869288488e-04 -1.007652538288513e+00
37 33 -1.000289501038543e+00 -1.908844255918182e-03 -8.815166204772205e-04 -1.007657103535143e+00
37 34 -1.000288902722525e+00 -1.907419978317825e-03 -8.822393717416929e-04 -1.007661820750057e+00
37 35 -1.000288284187523e+00 -1.905978231384695e-03 -8.829861889731882e-04 -1.007666646449557e+00
37 36 -1.000287651729777e+00 -1.904531741002794e-03 -8.837553588278116e-04 -1.007671536002090e+00
37 37 -1.000287011812677e+00 -1.903093454473756e-03 -8.845437487292332e-04 -1.007676443950819e+00
37 38 -1.000286371000543e+00 -1.901676473120560e-03 -8.853466207027091e-04 -1.007681324317246e+00
37 39 -1.000285735898023e+00 -1.900293978330974e-03 -8.861575323761621e-04 -1.007686130896452e+00
37 40 -1.000285113093115e+00 -1.898959149873535e-03 -8.869683289510013e-04 -1.007690817553288e+00
37 41 -1.000284509100493e+00 -1.897685076433321e-03 -8.877692194721266e-04 -1.007695338528771e+00
37 42 -1.000283930301516e+00 -1.896484657834405e-03 -8.885489261920889e-04 -1.007699648767110e+00
37 43 -1.000283382877629e+00 -1.895370495055436e-03 -8.892948998015489e-04 -1.007703704280272e+00
37 44 -1.000282872734576e+00 -1.894354758995810e-03 -8.899936025555879e-04 -1.007707462578076e+00
37 45 -1.000282405416597e+00 -1.893449027255446e-03 -8.906308676036013e-04 -1.007710883193506e+00
37 46 -1.000281986013418e+00 -1.892664084466002e-03 -8.911923392578725e-04 -1.007713928311818e+00
37 47 -1.000281619066884e+00 -1.892009693765767e-03 -8.916639855263021e-04 -1.007716563474863e+00
37 48 -1.000281308486028e+00 -1.891494357742934e-03 -8.920326568187893e-04 -1.007718758301491e+00
37 49 -1.000281057478013e+00 -1.891125091754722e-03 -8.922866500841951e-04 -1.007720487155533e+00
37 50 -1.000280868499006e+00 -1.890907230956906e-03 -8.924162308919004e-04 -1.007721729702389e+00
37 51 -1.000280743225334e+00 -1.890844285860371e-03 -8.924140705885654e-04 -1.007722471317394e+00
37 52 -1.000280682542004e+00 -1.890937850683801e-03 -8.922755715912667e-04 -1.007722703340461e+00
37 53 -1.000280686543997e+00 -1.891187557992538e-03 -8.919990747695571e-04 -1.007722423201494e+00
37 54 -1.000280754547105e+00 -1.891591068858595e-03 -8.915859582407175e-04 -1.007721634449826e+00
37 55 -1.000280885109221e+00 -1.892144093096849e-03 -8.910406401189009e-04 -1.007720346700456e+00
37 56 -1.000281076066932e+00 -1.892840443705955e-03 -8.903704914922292e-04 -1.007718575478491e+00
37 57 -1.000281324592447e+00 -1.893672134793182e-03 -8.895856585538519e-04 -1.007716341929323e+00
37 58 -1.000281627272037e+00 -1.894629529441255e-03 -8.886987906502825e-04 -1.007713672375764e+00
37 59 -1.000281980201627e+00 -1.895701536004655e-03 -8.877246751388625e-04 -1.007710597732724e+00
37 60 -1.000282379090598e+00 -1.896875842207864e-03 -8.866797889486510e-04 -1.007707152820453e+00
37 61 -1.000282819362574e+00 -1.898139168680987e-03 -8.855817885118709e-04 -1.007703375640168e+00
37 62 -1.000283296243103e+00 -1.899477519948265e-03 -8.844489703509566e-04 -1.007699306682875e+00
37 63 -1.000283804828583e+00 -1.900876414111498e-03 -8.832997389144852e-04 -1.007694988325571e+00
38 0 -1.000283762556140e+00 -1.902284971615136e-03 -8.808426394184214e-04 -1.007691517916001e+00
38 1 -1.000284315869487e+00 -1.903749160230463e-03 -8.797270731398341e-04 -1.007686860341780e+00
38 2 -1.000284886752323e+00 -1.905231596231255e-03 -8.786441447163678e-04 -1.007682079906472e+00
38 3 -1.000285470206822e+00 -1.906717635003495e-03 -8.776082943038064e-04 -1.007677222228854e+00
38 4 -1.000286061267472e+00 -1.908192868491796e-03 -8.766323315129396e-04 -1.007672333016572e+00
38 5 -1.000286655020232e+00 -1.909643226669795e-03 -8.757272916178551e-04 -1.007667457767552e+00
38 6 -1.000287246614616e+00 -1.911055071541753e-03 -8.749023456991482e-04 -1.007662641477250e+00
38 7 -1.000287831268215e+00 -1.912415287346030e-03 -8.741647552778380e-04 -1.007657928347328e+00
38 8 -1.000288404267037e+00 -1.913711372523988e-03 -8.735198649561592e-04 -1.007653361481689e+00
38 9 -1.000288960967535e+00 -1.914931538231591e-03 -8.729711303926506e-04 -1.007648982554049e+00
38 10 -1.000289496805744e+00 -1.916064813665635e-03 -8.725201823574654e-04 -1.007644831442710e+00
38 11 -1.000290007316021e+00 -1.917101152556973e-03 -8.721669295790106e-04 -1.007640945846097e+00
38 12 -1.000290488158320e+00 -1.918031531107598e-03 -8.719097020635664e-04 -1.007637360906863e+00
38 13 -1.000290935149907e+00 -1.918848027017556e-03 -8.717454317510598e-04 -1.007634108877998e+00
38 14 -1.000291344296206e+00 -1.919543872233990e-03 -8.716698608307767e-04 -1.007631218859170e+00
38 15 -1.000291711816983e+00 -1.920113478390091e-03 -8.716777640877244e-04 -1.007628716612679e+00
38 16 -1.000292034168538e+00 -1.920552441800827e-03 -8.717631731094443e-04 -1.007626624439938e+00
38 17 -1.000292308067416e+00 -1.920857540067310e-03 -8.719195958919861e-04 -1.007624961077515e+00
38 18 -1.000292530522814e+00 -1.921026730763185e-03 -8.721402318022535e-04 -1.007623741573823e+00
38 19 -1.000292698882153e+00 -1.921059154839486e-03 -8.724181860878522e-04 -1.007622977133762e+00
38 20 -1.000292810888936e+00 -1.920955138586381e-03 -8.727466885520448e-04 -1.007622674950758e+00
38 21 -1.000292864747073e+00 -1.920716183746852e-03 -8.731193164905915e-04 -1.007622838064669e+00
38 22 -1.000292859183164e+00 -1.920344937434637e-03 -8.735302129749002e-04 -1.007623465283233e+00
38 23 -1.000292793498396e+00 -1.919845140048205e-03 -8.739742821133951e-04 -1.007624551187891e+00
38 24 -1.000292667604759e+00 -1.919221557175245e-03 -8.744473391027341e-04 -1.007626086219022e+00
38 25 -1.000292482045137e+00 -1.918479907085620e-03 -8.749461975646201e-04 -1.007628056811433e+00
38 26 -1.000292238001107e+00 -1.917626795920537e-03 -8.754686867363389e-04 -1.007630445541416e+00
38 27 -1.000291937293609e+00 -1.916669667466913e-03 -8.760136008415956e-04 -1.007633231258685e+00
38 28 -1.000291582379636e+00 -1.915616766046372e-03 -8.765805892414297e-04 -1.007636389203158e+00
38 29 -1.000291176344321e+00 -1.914477103865979e-03 -8.771699986858468e-04 -1.007639891131956e+00
38 30 -1.000290722884695e+00 -1.913260421625882e-03 -8.777826783140587e-04 -1.007643705492780e+00
38 31 -1.000290226280528e+00 -1.911977134333067e-03 -8.784197539467184e-04 -1.007647797671428e+00
38 32 -1.000289691349397e+00 -1.910638261435286e-03 -8.790823731420896e-04 -1.007652130317694e+00
38 33 -1.000289123386581e+00 -1.909255347468523e-03 -8.797714215110354e-04 -1.007656663727383e+00
38 34 -1.000288528093663e+00 -1.907840382076537e-03 -8.804872167636195e-04 -1.007661356243529e+00
38 35 -1.000287911501360e+00 -1.906405725409986e-03 -8.812291968108920e-04 -1.007666164644072e+00
38 36 -1.000287279892079e+00 -1.904964039651743e-03 -8.819956257978468e-04 -1.007671044499039e+00
38 37 -1.000286639726530e+00 -1.903528223652788e-03 -8.827833438013559e-04 -1.007675950495465e+00
38 38 -1.000285997576731e+00 -1.902111346441375e-03 -8.835875828328645e-04 -1.007680836737537e+00
38 39 -1.000285360065191e+00 -1.900726575561903e-03 -8.844018652050967e-04 -1.007685657034897e+00
38 40 -1.000284733807775e+00 -1.899387097356215e-03 -8.852179908262357e-04 -1.007690365193636e+00
38 41 -1.000284125356790e+00 -1.898106028331580e-03 -8.860261098510902e-04 -1.007694915320895e+00
38 42 -1.000283541140922e+00 -1.896896317559334e-03 -8.868148715060650e-04 -1.007699262150883e+00
38 43 -1.000282987398839e+00 -1.895770636885062e-03 -8.875716424293056e-04 -1.007703361406859e+00
38 44 -1.000282470103487e+00 -1.894741250087766e-03 -8.882827955147774e-04 -1.007707170227482e+00
38 45 -1.000281994875892e+00 -1.893819850218848e-03 -8.889340749972243e-04 -1.007710647688760e+00
38 46 -1.000281566891204e+00 -1.893017360616471e-03 -8.895110394848798e-04 -1.007713755431239e+00
38 47 -1.000281190783959e+00 -1.892343706805069e-03 -8.899995725280488e-04 -1.007716458365509e+00
38 48 -1.000280870561382e+00 -1.891807576830240e-03 -8.903864351834796e-04 -1.007718725399281e+00
38 49 -1.000280609532279e+00 -1.891416192375900e-03 -8.906598222279059e-04 -1.007720530118556e+00
38 50 -1.000280410255982e+00 -1.891175112152354e-03 -8.908098775713743e-04 -1.007721851361840e+00
38 51 -1.000280274512094e+00 -1.891088083092090e-03 -8.908291284655752e-04 -1.007722673646632e+00
38 52 -1.000280203288249e+00 -1.891156944517649e-03 -8.907128124347181e-04 -1.007722987439295e+00
38 53 -1.000280196781119e+00 -1.891381579548865e-03 -8.904590896866949e-04 -1.007722789291036e+00
38 54 -1.000280254407045e+00 -1.891759903222367e-03 -8.900691477724214e-04 -1.007722081873845e+00
38 55 -1.000280374822772e+00 -1.892287881195764e-03 -8.895472086328759e-04 -1.007720873932561e+00
38 56 -1.000280555960772e+00 -1.892959581974503e-03 -8.889004430919976e-04 -1.007719180139039e+00
38 57 -1.000280795084247e+00 -1.893767271363581e-03 -8.881387916799384e-04 -1.007717020817741e+00
38 58 -1.000281088863602e+00 -1.894701556156986e-03 -8.872746894532704e-04 -1.007714421521110e+00
38 59 -1.000281433470745e+00 -1.895751576487848e-03 -8.863226976365137e-04 -1.007711412460570e+00
38 60 -1.000281824682530e+00 -1.896905236634643e-03 -8.852990545419198e-04 -1.007708027831313e+00
38 61 -1.000282257981963e+00 -1.898149455960133e-03 -8.842211692001152e-04 -1.007704305093992e+00
38 62 -1.000282728646692e+00 -1.899470418193087e-03 -8.831070896740001e-04 -1.007700284283941e+00
38 63 -1.000283231818822e+00 -1.900853800413403e-03 -8.819749805435559e-04 -1.007696007402954e+00
39 0 -1.000283157204691e+00 -1.902167334758198e-03 -8.799619797014558e-04 -1.007692689316609e+00
39 1 -1.000283706309974e+00 -1.903619250274732e-03 -8.788586646623681e-04 -1.007688062676839e+00
39 2 -1.000284273856994e+00 -1.905091528199170e-03 -8.777858747915171e-04 -1.007683306099603e+00
39 3 -1.000284854870622e+00 -1.906569604330852e-03 -8.767579180812216e-04 -1.007678465086460e+00
39 4 -1.000285444401354e+00 -1.908039132054371e-03 -8.757874933496802e-04 -1.007673585288469e+00
39 5 -1.000286037545291e+00 -1.909486085310539e-03 -8.748855430401063e-04 -1.007668712201665e+00
39 6 -1.000286629457389e+00 -1.910896853824959e-03 -8.740611634690821e-04 -1.007663890867353e+00
39 7 -1.000287215356995e+00 -1.912258333418536e-03 -8.733215644340878e-04 -1.007659165575208e+00
39 8 -1.000287790528338e+00 -1.913558016512553e-03 -8.726720701143859e-04 -1.007654579557944e+00
39 9 -1.000288350321562e+00 -1.914784088087039e-03 -8.721161551460976e-04 -1.007650174662261e+00
39 10 -1.000288890160139e+00 -1.915925528620059e-03 -8.716555133985958e-04 -1.007645990988838e+00
39 11 -1.000289405557974e+00 -1.916972219581642e-03 -8.712901603847266e-04 -1.007642066511021e+00
39 12 -1.000289892145710e+00 -1.917915042308376e-03 -8.710185708085170e-04 -1.007638436698020e+00
39 13 -1.000290345702345e+00 -1.918745959706027e-03 -8.708378497184894e-04 -1.007635134176365e+00
39 14 -1.000290762186672e+00 -1.919458072515925e-03 -8.707439310761258e-04 -1.007632188459455e+00
39 15 -1.000291137764348e+00 -1.920045647552440e-03 -8.707317941869220e-04 -1.007629625757697e+00
39 16 -1.000291468830495e+00 -1.920504123191327e-03 -8.707956879233583e-04 -1.007627468854364e+00
39 17 -1.000291752032735e+00 -1.920830103835914e-03 -8.709293548212461e-04 -1.007625737008295e+00
39 18 -1.000291984302048e+00 -1.921021355415787e-03 -8.711262510406599e-04 -1.007624445841175e+00
39 19 -1.000292162896849e+00 -1.921076807032974e-03 -8.713797624250077e-04 -1.007623607189475e+00
39 20 -1.000292285460474e+00 -1.920996554267005e-03 -8.716834190688259e-04 -1.007623228934940e+00
39 21 -1.000292350086713e+00 -1.920781853919487e-03 -8.720311084474305e-04 -1.007623314851221e+00
39 22 -1.000292355384789e+00 -1.920435100994705e-03 -8.724172802647227e-04 -1.007623864506819e+00
39 23 -1.000292300534975e+00 -1.919959784566328e-03 -8.728371284586894e-04 -1.007624873249124e+00
39 24 -1.000292185328675e+00 -1.919360426349513e-03 -8.732867322778486e-04 -1.007626332270240e+00
39 25 -1.000292010191418e+00 -1.918642511562140e-03 -8.737631411334768e-04 -1.007628228731464e+00
39 26 -1.000291776191942e+00 -1.917812423855622e-03 -8.742643948884137e-04 -1.007630545909609e+00
39 27 -1.000291485042954e+00 -1.916877393060363e-03 -8.747894786627237e-04 -1.007633263333618e+00
39 28 -1.000291139097724e+00 -1.915845456821774e-03 -8.753382170729586e-04 -1.007636356903790e+00
39 29 -1.000290741342688e+00 -1.914725428802788e-03 -8.759111166811627e-04 -1.007639799014955e+00
39 30 -1.000290295382494e+00 -1.913526862022429e-03 -8.765091667106863e-04 -1.007643558720742e+00
39 31 -1.000289805412736e+00 -1.912259998422033e-03 -8.771336061907663e-04 -1.007647601969258e+00
39 32 -1.000289276177339e+00 -1.910935702800056e-03 -8.777856623200581e-04 -1.007651891916630e+00
39 33 -1.000288712910635e+00 -1.909565386100089e-03 -8.784662640335697e-04 -1.007656389299177e+00
39 34 -1.000288121267233e+00 -1.908160925878983e-03 -8.791757390357082e-04 -1.007661052830686e+00
39 35 -1.000287507244836e+00 -1.906734590124845e-03 -8.799135097687523e-04 -1.007665839592180e+00
39 36 -1.000286877105923e+00 -1.905298966681791e-03 -8.806778092434142e-04 -1.007670705392982e+00
39 37 -1.000286237303340e+00 -1.903866896851193e-03 -8.814654389266924e-04 -1.007675605096591e+00
39 38 -1.000285594412464e+00 -1.902451409351635e-03 -8.822715887768201e-04 -1.007680492918152e+00
39 39 -1.000284955069716e+00 -1.901065649991187e-03 -8.830897349490581e-04 -1.007685322708769e+00
39 40 -1.000284325914933e+00 -1.899722803451947e-03 -8.839116233216571e-04 -1.007690048242897e+00
39 41 -1.000283713534297e+00 -1.898436005891002e-03 -8.847273381086953e-04 -1.007694623519872e+00
39 42 -1.000283124400404e+00 -1.897218247999393e-03 -8.855254490649495e-04 -1.007699003087497e+00
39 43 -1.000282564805982e+00 -1.896082265264047e-03 -8.862932319423176e-04 -1.007703142402468e+00
39 44 -1.000282040788067e+00 -1.895040407052696e-03 -8.870169625556534e-04 -1.007706998255125e+00
39 45 -1.000281558041450e+00 -1.894104474369764e-03 -8.876822878362135e-04 -1.007710529288422e+00
39 46 -1.000281121824085e+00 -1.893285521738378e-03 -8.882746725571542e-04 -1.007713696621898e+00
39 47 -1.000280736861130e+00 -1.892593629598807e-03 -8.887799092233559e-04 -1.007716464557442e+00
39 48 -1.000280407256378e+00 -1.892037663929757e-03 -8.891846656013795e-04 -1.007718801313208e+00
39 49 -1.000280136418939e+00 -1.891625045203595e-03 -8.894770335762720e-04 -1.007720679717865e+00
39 50 -1.000279927010209e+00 -1.891361548432936e-03 -8.896470377457899e-04 -1.007722077801481e+00
39 51 -1.000279780912179e+00 -1.891251150313252e-03 -8.896870657621172e-04 -1.007722979239439e+00
39 52 -1.000279699214379e+00 -1.891295929291136e-03 -8.895921955779823e-04 -1.007723373637927e+00
39 53 -1.000279682214540e+00 -1.891496013603835e-03 -8.893604120332605e-04 -1.007723256681389e+00
39 54 -1.000279729429096e+00 -1.891849567121872e-03 -8.889927176560418e-04 -1.007722630175474e+00
39 55 -1.000279839613518e+00 -1.892352806380260e-03 -8.884931451015023e-04 -1.007721502004661e+00
39 56 -1.000280010796517e+00 -1.893000050758673e-03 -8.878686741824487e-04 -1.007719885995001e+00
39 57 -1.000280240333248e+00 -1.893783813869172e-03 -8.871290519458897e-04 -1.007717801653501e+00
39 58 -1.000280524979791e+00 -1.894694943288360e-03 -8.862865145836208e-04 -1.007715273760921e+00
39 59 -1.000280860985902e+00 -1.895722808743488e-03 -8.853554158544833e-04 -1.007712331820022e+00
39 60 -1.000281244197780e+00 -1.896855529359878e-03 -8.843517764547864e-04 -1.007709009393440e+00
39 61 -1.000281670159602e+00 -1.898080222201737e-03 -8.832927794634397e-04 -1.007705343391703e+00
39 62 -1.000282134203028e+00 -1.899383250328839e-03 -8.821962445145225e-04 -1.007701373381883e+00
39 63 -1.000282631518060e+00 -1.900750451207998e-03 -8.810801141486782e-04 -1.007697140974744e+00
40 0 -1.000282529153422e+00 -1.901969150671542e-03 -8.795157314173591e-04 -1.007693970478142e+00
40 1 -1.000283073560485e+00 -1.903407971246077e-03 -8.784236089264683e-04 -1.007689378214641e+00
40 2 -1.000283637244717e+00 -1.904869136909441e-03 -8.773600083606889e-04 -1.007684649279972e+00
40 3 -1.000284215257516e+00 -1.906338169224634e-03 -8.763391211284734e-04 -1.007679829030186e+00
40 4 -1.000284802669471e+00 -1.907800789713530e-03 -8.753735501604021e-04 -1.007674963027878e+00
40 5 -1.000285394590978e+00 -1.909243024255742e-03 -8.744741586301894e-04 -1.007670096732549e+00
40 6 -1.000285986186817e+00 -1.910651300134072e-03 -8.736499785584146e-04 -1.007665275192649e+00
40 7 -1.000286572682987e+00 -1.912012537187499e-03 -8.729081734348146e-04 -1.007660542741337e+00
40 8 -1.000287149367537e+00 -1.913314237090941e-03 -8.722540464489499e-04 -1.007655942689477e+00
40 9 -1.000287711590688e+00 -1.914544576516349e-03 -8.716910851432369e-04 -1.007651517000702e+00
40 10 -1.000288254770611e+00 -1.915692507347629e-03 -8.712210362009055e-04 -1.007647305937060e+00
40 11 -1.000288774408898e+00 -1.916747860816845e-03 -8.708440088404404e-04 -1.007643347681239e+00
40 12 -1.000289266115636e+00 -1.917701446691115e-03 -8.705586079004776e-04 -1.007639677960520e+00
40 13 -1.000289725640414e+00 -1.918545136722545e-03 -8.703620965611666e-04 -1.007636329706501e+00
40 14 -1.000290148903921e+00 -1.919271923546020e-03 -8.702505856525267e-04 -1.007633332780575e+00
40 15 -1.000290532025669e+00 -1.919875951246675e-03 -8.702192438124526e-04 -1.007630713779621e+00
40 16 -1.000290871346994e+00 -1.920352521338883e-03 -8.702625208261876e-04 -1.007628495911408e+00
40 17 -1.000291163453491e+00 -1.920698085221230e-03 -8.703743756016122e-04 -1.007626698903890e+00
40 18 -1.000291405204295e+00 -1.920910236212235e-03 -8.705485015932211e-04 -1.007625338903794e+00
40 19 -1.000291593774455e+00 -1.920987708460171e-03 -8.707785460946455e-04 -1.007624428338175e+00
40 20 -1.000291726711582e+00 -1.920930380247044e-03 -8.710583229308680e-04 -1.007623975746729e+00
40 21 -1.000291802002139e+00 -1.920739272434448e-03 -8.713820175002669e-04 -1.007623985619708e+00
40 22 -1.000291818138887e+00 -1.920416532424116e-03 -8.717443787025909e-04 -1.007624458282543e+00
40 23 -1.000291774180271e+00 -1.919965398410754e-03 -8.721408870743364e-04 -1.007625389856602e+00
40 24 -1.000291669794509e+00 -1.919390145083901e-03 -8.725678856502653e-04 -1.007626772304086e+00
40 25 -1.000291505285707e+00 -1.918696018422670e-03 -8.730226608552815e-04 -1.007628593540006e+00
40 26 -1.000291281604690e+00 -1.917889171330319e-03 -8.735034644629442e-04 -1.007630837575182e+00
40 27 -1.000291000350383e+00 -1.916976610378933e-03 -8.740094729660836e-04 -1.007633484654366e+00
40 28 -1.000290663766636e+00 -1.915966156515879e-03 -8.745406861220141e-04 -1.007636511376506e+00
40 29 -1.000290274735263e+00 -1.914866413654602e-03 -8.750977707210836e-04 -1.007639890815178e+00
40 30 -1.000289836762174e+00 -1.913686734392584e-03 -8.756818580291937e-04 -1.007643592674774e+00
40 31 -1.000289353952094e+00 -1.912437173809968e-03 -8.762943037645010e-04 -1.007647583512888e+00
40 32 -1.000288830968507e+00 -1.911128428137582e-03 -8.769364187313286e-04 -1.007651827038692e+00
40 33 -1.000288272978054e+00 -1.909771761284246e-03 -8.776091782273327e-04 -1.007656284473732e+00
40 34 -1.000287685581695e+00 -1.908378925976641e-03 -8.783129207336887e-04 -1.007660914945111e+00
40 35 -1.000287074737717e+00 -1.906962086358594e-03 -8.790470506984310e-04 -1.007665675876599e+00
40 36 -1.000286446682884e+00 -1.905533745807110e-03 -8.798097638023581e-04 -1.007670523351907e+00
40 37 -1.000285807857178e+00 -1.904106679471543e-03 -8.805978138664591e-04 -1.007675412441246e+00
40 38 -1.000285164834896e+00 -1.902693867904790e-03 -8.814063387622862e-04 -1.007680297498261e+00
40 39 -1.000284524262124e+00 -1.901308427221596e-03 -8.822287592877128e-04 -1.007685132442761e+00
40 40 -1.000283892798496e+00 -1.899963532208744e-03 -8.830567597677746e-04 -1.007689871044833e+00
40 41 -1.000283277060052e+00 -1.898672330528927e-03 -8.838803523792639e-04 -1.007694467222097e+00
40 42 -1.000282683559455e+00 -1.897447846682748e-03 -8.846880219306469e-04 -1.007698875360536e+00
40 43 -1.000282118639665e+00 -1.896302872119405e-03 -8.854669475678761e-04 -1.007703050674669e+00
40 44 -1.000281588397901e+00 -1.895249833861560e-03 -8.862033014200597e-04 -1.007706949632250e+00
40 45 -1.000281098598819e+00 -1.894300632458782e-03 -8.868826255106287e-04 -1.007710530470847e+00
40 46 -1.000280654579462e+00 -1.893466444766087e-03 -8.874902828245408e-04 -1.007713753818149e+00
40 47 -1.000280261152268e+00 -1.892757497014460e-03 -8.880119677477441e-04 -1.007716583397087e+00
40 48 -1.000279922514691e+00 -1.892182823901003e-03 -8.884342498324114e-04 -1.007718986765497e+00
40 49 -1.000279642173673e+00 -1.891750035486146e-03 -8.887451161140533e-04 -1.007720936022611e+00
40 50 -1.000279422890510e+00 -1.891465113972571e-03 -8.889344730031589e-04 -1.007722408416281e+00
40 51 -1.000279266647604e+00 -1.891332256977758e-03 -8.889945721333275e-04 -1.007723386804252e+00
40 52 -1.000279174634537e+00 -1.891353773766744e-03 -8.889203368074813e-04 -1.007723859955039e+00
40 53 -1.000279147248450e+00 -1.891530030013261e-03 -8.887095818009540e-04 -1.007723822706782e+00
40 54 -1.000279184104518e+00 -1.891859431185248e-03 -8.883631301545977e-04 -1.007723276017506e+00
40 55 -1.000279284055993e+00 -1.892338437772208e-03 -8.878848317404894e-04 -1.007722226928280e+00
40 56 -1.000279445227477e+00 -1.892961613637821e-03 -8.872814839561026e-04 -1.007720688433305e+00
40 57 -1.000279665066452e+00 -1.893721714680049e-03 -8.865626520869137e-04 -1.007718679231453e+00
40 58 -1.000279940415703e+00 -1.894609824613567e-03 -8.857403890121944e-04 -1.007716223336099e+00
40 59 -1.000280267604240e+00 -1.895615538749592e-03 -8.848288604707634e-04 -1.007713349541570e+00
40 60 -1.000280642549192e+00 -1.896727187713782e-03 -8.838438918908877e-04 -1.007710090774761e+00
40 61 -1.000281060857629e+00 -1.897932083990562e-03 -8.828024637400167e-04 -1.007706483389087e+00
40 62 -1.000281517917119e+00 -1.899216768989114e-03 -8.817221896833282e-04 -1.007702566472539e+00
40 63 -1.000282008967586e+00 -1.900567240638088e-03 -8.806208109028358e-04 -1.007698381231402e+00
41 0 -1.000281883718872e+00 -1.901692045520174e-03 -8.795050782074588e-04 -1.007695352873677e+00
41 1 -1.000282422960881e+00 -1.903117035804145e-03 -8.784230587098060e-04 -1.007690798230779e+00
41 2 -1.000282982272123e+00 -1.904566205327907e-03 -8.773676797240142e-04 -1.007686100580471e+00
41 3 -1.000283556734303e+00 -1.906025165948311e-03 -8.763530328703868e-04 -1.007681305106216e+00
41 4 -1.000284141442209e+00 -1.907479713424635e-03 -8.753916408236741e-04 -1.007676457250979e+00
41 5 -1.000284731524964e+00 -1.908915933574701e-03 -8.744943014337529e-04 -1.007671602401521e+00
41 6 -1.000285322161918e+00 -1.910320301287034e-03 -8.736699934832672e-04 -1.007666785572267e+00
41 7 -1.000285908590746e+00 -1.911679772676042e-03 -8.729258404697079e-04 -1.007662051094334e+00
41 8 -1.000286486108789e+00 -1.912981873580438e-03 -8.722671246221527e-04 -1.007657442306247e+00
41 9 -1.000287050072637e+00 -1.914214790328106e-03 -8.716973400756426e-04 -1.007653001231505e+00
41 10 -1.000287595902502e+00 -1.915367466989517e-03 -8.712182751014190e-04 -1.007648768229684e+00
41 11 -1.000288119095854e+00 -1.916429707278189e-03 -8.708301182794617e-04 -1.007644781624516e+00
41 12 -1.000288615250831e+00 -1.917392273107675e-03 -8.705315884705190e-04 -1.007641077331608e+00
41 13 -1.000289080096313e+00 -1.918246969136009e-03 -8.703200901194830e-04 -1.007637688518263e+00
41 14 -1.000289509523469e+00 -1.918986703795074e-03 -8.701918940510957e-04 -1.007634645325832e+00
41 15 -1.000289899613930e+00 -1.919605521737310e-03 -8.701423413079031e-04 -1.007631974672169e+00
41 16 -1.000290246662993e+00 -1.920098610053775e-03 -8.701660646183943e-04 -1.007629700128005e+00
41 17 -1.000290547201396e+00 -1.920462288624254e-03 -8.702572193558814e-04 -1.007627841833635e+00
41 18 -1.000290798023061e+00 -1.920693998360585e-03 -8.704097148363466e-04 -1.007626416409488e+00
41 19 -1.000290996225676e+00 -1.920792296607867e-03 -8.706174385223639e-04 -1.007625436828777e+00
41 20 -1.000291139266224e+00 -1.920756859526454e-03 -8.708744687555535e-04 -1.007624912253891e+00
41 21 -1.000291225027600e+00 -1.920588483510481e-03 -8.711752731925011e-04 -1.007624847867626e+00
41 22 -1.000291251888208e+00 -1.920289075609710e-03 -8.715148888126307e-04 -1.007625244740787e+00
41 23 -1.000291218784900e+00 -1.919861625915552e-03 -8.718890764411511e-04 -1.007626099770100e+00
41 24 -1.000291125261136e+00 -1.919310160775892e-03 -8.722944403984444e-04 -1.007627405700956e+00
41 25 -1.000290971496611e+00 -1.918639682664667e-03 -8.727285034489060e-04 -1.007629151223713e+00
41 26 -1.000290758320358e+00 -1.917856107770379e-03 -8.731897287234479e-04 -1.007631321109737e+00
41 27 -1.000290487213172e+00 -1.916966212290417e-03 -8.736774831869085e-04 -1.007633896349221e+00
41 28 -1.000290160304763e+00 -1.915977592080151e-03 -8.741919409758531e-04 -1.007636854272691e+00
41 29 -1.000289780367252e+00 -1.914898631516761e-03 -8.747339291326599e-04 -1.007640168668902e+00
41 30 -1.000289350802468e+00 -1.913738471810944e-03 -8.753047223162693e-04 -1.007643809932066e+00
41 31 -1.000288875618683e+00 -1.912506969272691e-03 -8.759057960572522e-04 -1.007647745269993e+00
41 32 -1.000288359393042e+00 -1.911214638848530e-03 -8.765385495419068e-04 -1.007651938987022e+00
41 33 -1.000287807218268e+00 -1.909872584345014e-03 -8.772040096009519e-04 -1.007656352832579e+00
41 34 -1.000287224635414e+00 -1.908492421193681e-03 -8.779025290217390e-04 -1.007660946387810e+00
41 35 -1.000286617557447e+00 -1.907086198667598e-03 -8.786334945601101e-04 -1.007665677455613e+00
41 36 -1.000285992190064e+00 -1.905666326134376e-03 -8.793950613665626e-04 -1.007670502426045e+00
41 37 -1.000285354955422e+00 -1.904245503963360e-03 -8.801839297702823e-04 -1.007675376605435e+00
41 38 -1.000284712422046e+00 -1.902836656338432e-03 -8.809951783960719e-04 -1.007680254514145e+00
41 39 -1.000284071241266e+00 -1.901452861737778e-03 -8.818221655512861e-04 -1.007685090167684e+00
41 40 -1.000283438088337e+00 -1.900107277219717e-03 -8.826565079225607e-04 -1.007689837357528e+00
41 41 -1.000282819605015e+00 -1.898813053952714e-03 -8.834881409271472e-04 -1.007694449945193e+00
41 42 -1.000282222339675e+00 -1.897583241938255e-03 -8.843054605237364e-04 -1.007698882181406e+00
41 43 -1.000281652680938e+00 -1.896430680074275e-03 -8.850955451260204e-04 -1.007703089066165e+00
41 44 -1.000281116781544e+00 -1.895367864360994e-03 -8.858444579156984e-04 -1.007707026773347e+00
41 45 -1.000280620471349e+00 -1.894406785789685e-03 -8.865376293093542e-04 -1.007710653165783e+00
41 46 -1.000280169161813e+00 -1.893558733681897e-03 -8.871603128907406e-04 -1.007713928413032e+00
41 47 -1.000279767748056e+00 -1.892834069400839e-03 -8.876980976518346e-04 -1.007716815695549e+00
41 48 -1.000279420516930e+00 -1.892241985226947e-03 -8.881374494529326e-04 -1.007719281948208e+00
41 49 -1.000279131069439e+00 -1.891790269602145e-03 -8.884662477527415e-04 -1.007721298577062e+00
41 50 -1.000278902263459e+00 -1.891485100905414e-03 -8.886742809322049e-04 -1.007722842082091e+00
41 51 -1.000278736178735e+00 -1.891330886924492e-03 -8.887536672370874e-04 -1.007723894536018e+00
41 52 -1.000278634101956e+00 -1.891330157225752e-03 -8.886991797896853e-04 -1.007724443900970e+00
41 53 -1.000278596526906e+00 -1.891483504717658e-03 -8.885084688046757e-04 -1.007724484198546e+00
41 54 -1.000278623165110e+00 -1.891789566880892e-03 -8.881821836420453e-04 -1.007724015566455e+00
41 55 -1.000278712965851e+00 -1.892245039501127e-03 -8.877239975544795e-04 -1.007723044225957e+00
41 56 -1.000278864148648e+00 -1.892844723171577e-03 -8.871405333107388e-04 -1.007721582358681e+00
41 57 -1.000279074253091e+00 -1.893581608943685e-03 -8.864411856157745e-04 -1.007719647870404e+00
41 58 -1.000279340209084e+00 -1.894447010116939e-03 -8.856378396045020e-04 -1.007717264017720e+00
41 59 -1.000279658425888e+00 -1.895430742004606e-03 -8.847444926452432e-04 -1.007714458891676e+00
41 60 -1.000280024893035e+00 -1.896521342460796e-03 -8.837767975387511e-04 -1.007711264782644e+00
41 61 -1.000280435282228e+00 -1.897706316244496e-03 -8.827515564613252e-04 -1.007707717481552e+00
41 62 -1.000280885038667e+00 -1.898972380711221e-03 -8.816862016513552e-04 -1.007703855589508e+00
41 63 -1.000281369453928e+00 -1.900305692680788e-03 -8.805982962496892e-04 -1.007699719898512e+00
42 0 -1.000281226443168e+00 -1.901338295979154e-03 -8.799268971699079e-04 -1.007696827419235e+00
42 1 -1.000281760078323e+00 -1.902748806078319e-03 -8.788538895192733e-04 -1.007692313431864e+00
42 2 -1.000282314524865e+00 -1.904185165879704e-03 -8.778057739572182e-04 -1.007687650551260e+00
42 3 -1.000282884898583e+00 -1.905633081420999e-03 -8.767965598913454e-04 -1.007682883762026e+00
42 4 -1.000283466322725e+00 -1.907078428452651e-03 -8.758387059931126e-04 -1.007678058355987e+00
42 5 -1.000284053949863e+00 -1.908507360664509e-03 -8.749429590245494e-04 -1.007673219609724e+00
42 6 -1.000284642978883e+00 -1.909906410547070e-03 -8.741182557512387e-04 -1.007668412461397e+00
42 7 -1.000285228664255e+00 -1.911262582572370e-03 -8.733716864398295e-04 -1.007663681193948e+00
42 8 -1.000285806318128e+00 -1.912563441455779e-03 -8.727085131357902e-04 -1.007659069122328e+00
42 9 -1.000286371309776e+00 -1.913797201063975e-03 -8.721322307370506e-04 -1.007654618271725e+00
42 10 -1.000286919068712e+00 -1.914952818513259e-03 -8.716446575173893e-04 -1.007650369034364e+00
42 11 -1.000287445096296e+00 -1.916020092931283e-03 -8.712460459118982e-04 -1.007646359805907e+00
42 12 -1.000287944987172e+00 -1.916989762382777e-03 -8.709352112630105e-04 -1.007642626619616e+00
42 13 -1.000288414458141e+00 -1.917853588813842e-03 -8.707096810653264e-04 -1.007639202807828e+00
42 14 -1.000288849379439e+00 -1.918604420794186e-03 -8.705658678445089e-04 -1.007636118722178e+00
42 15 -1.000289245803140e+00 -1.919236227566386e-03 -8.704992664067256e-04 -1.007633401533945e+00
42 16 -1.000289599986402e+00 -1.919744105281705e-03 -8.705046726019622e-04 -1.007631075112465e+00
42 17 -1.000289908412533e+00 -1.920124264953275e-03 -8.705764166683584e-04 -1.007629159950157e+00
42 18 -1.000290167817205e+00 -1.920374016461404e-03 -8.707086006988034e-04 -1.007627673086109e+00
42 19 -1.000290375227178e+00 -1.920491759915710e-03 -8.708953288899721e-04 -1.007626627991115e+00
42 20 -1.000290528014515e+00 -1.920476986529013e-03 -8.711309218643400e-04 -1.007626034409566e+00
42 21 -1.000290623963249e+00 -1.920330282228430e-03 -8.714101102106764e-04 -1.007625898185759e+00
42 22 -1.000290661340687e+00 -1.920053323622261e-03 -8.717282041218456e-04 -1.007626221116648e+00
42 23 -1.000290638963576e+00 -1.919648858020730e-03 -8.720812349352889e-04 -1.007627000868180e+00
42 24 -1.000290556250295e+00 -1.919120664621326e-03 -8.724660626923017e-04 -1.007628230974757e+00
42 25 -1.000290413254382e+00 -1.918473500620496e-03 -8.728804432694690e-04 -1.007629900916477e+00
42 26 -1.000290210680403e+00 -1.917713041786649e-03 -8.733230486838045e-04 -1.007631996244986e+00
42 27 -1.000289949887746e+00 -1.916845828734958e-03 -8.737934341122971e-04 -1.007634498719534e+00
42 28 -1.000289632888278e+00 -1.915879225629820e-03 -8.742919462365288e-04 -1.007637386429396e+00
42 29 -1.000289262340387e+00 -1.914821389446895e-03 -8.748195714569072e-04 -1.007640633908806e+00
42 30 -1.000288841537495e+00 -1.913681240908844e-03 -8.753777286215720e-04 -1.007644212274788e+00
42 31 -1.000288374386715e+00 -1.912468427069989e-03 -8.759680163280828e-04 -1.007648089421245e+00
42 32 -1.000287865373658e+00 -1.911193269809437e-03 -8.765919278787281e-04 -1.007652230286292e+00
42 33 -1.000287319511544e+00 -1.909866700481253e-03 -8.772505485897580e-04 -1.007656597186770e+00
42 34 -1.000286742275841e+00 -1.908500185363290e-03 -8.779442517185350e-04 -1.007661150195529e+00
42 35 -1.000286139528722e+00 -1.907105648130497e-03 -8.786724100772312e-04 -1.007665847528725e+00
42 36 -1.000285517439603e+00 -1.905695394508204e-03 -8.794331389777319e-04 -1.007670645913815e+00
42 37 -1.000284882407865e+00 -1.904282041249736e-03 -8.802230831197449e-04 -1.007675500922303e+00
42 38 -1.000284240991570e+00 -1.902878447945282e-03 -8.810372577842089e-04 -1.007680367268677e+00
42 39 -1.000283599842891e+00 -1.901497647644304e-03 -8.818689540683573e-04 -1.007685199089976e+00
42 40 -1.000282965648458e+00 -1.900152771945526e-03 -8.827097169771862e-04 -1.007689950224237e+00
42 41 -1.000282345071369e+00 -1.898856967421353e-03 -8.835494023382984e-04 -1.007694574502909e+00
42 42 -1.000281744690990e+00 -1.897623300890880e-03 -8.843763151699973e-04 -1.007699026069396e+00
42 43 -1.000281170936501e+00 -1.896464649490994e-03 -8.851774307715135e-04 -1.007703259739171e+00
42 44 -1.000280630010784e+00 -1.895393568576213e-03 -8.859386997383882e-04 -1.007707231424357e+00
42 45 -1.000280127803353e+00 -1.894422129496757e-03 -8.866454354922506e-04 -1.007710898647775e+00
42 46 -1.000279669794455e+00 -1.893561723240646e-03 -8.872827753615537e-04 -1.007714221158897e+00
42 47 -1.000279260956281e+00 -1.892822834500235e-03 -8.878361958130071e-04 -1.007717161637275e+00
42 48 -1.000278905659616e+00 -1.892214800361610e-03 -8.882920532486791e-04 -1.007719686439028e+00
42 49 -1.000278607594401e+00 -1.891745574380343e-03 -8.886381163548574e-04 -1.007721766321876e+00
42 50 -1.000278369710414e+00 -1.891421517943276e-03 -8.888640551520377e-04 -1.007723377081403e+00
42 51 -1.000278194180463e+00 -1.891247236143033e-03 -8.889618567127431e-04 -1.007724500046714e+00
42 52 -1.000278082384310e+00 -1.891225466160433e-03 -8.889261482037388e-04 -1.007725122413301e+00
42 53 -1.000278034908576e+00 -1.891357015733713e-03 -8.887544207608756e-04 -1.007725237424318e+00
42 54 -1.000278051557778e+00 -1.891640742740326e-03 -8.884471559780506e-04 -1.007724844432215e+00
42 55 -1.000278131374597e+00 -1.892073567791589e-03 -8.880078567024673e-04 -1.007723948869014e+00
42 56 -1.000278272671689e+00 -1.892650518677066e-03 -8.874429786949831e-04 -1.007722562129643e+00
42 57 -1.000278473079814e+00 -1.893364812705585e-03 -8.867617568090510e-04 -1.007720701348108e+00
42 58 -1.000278729615905e+00 -1.894207984765078e-03 -8.859759232998021e-04 -1.007718389039881e+00
42 59 -1.000279038770221e+00 -1.895170063619719e-03 -8.850993260887967e-04 -1.007715652601179e+00
42 60 -1.000279396606056e+00 -1.896239789219444e-03 -8.841474677066658e-04 -1.007712523687557e+00
42 61 -1.000279798861280e+00 -1.897404854251678e-03 -8.831369969666084e-04 -1.007709037525178e+00
42 62 -1.000280241040211e+00 -1.898652148188003e-03 -8.820851907224890e-04 -1.007705232223851e+00
42 63 -1.000280718487692e+00 -1.899967984037361e-03 -8.810094592334989e-04 -1.007701148153627e+00
43 0 -1.000280563070512e+00 -1.900910833362429e-03 -8.807739110521696e-04 -1.007698384366858e+00
43 1 -1.000281090684468e+00 -1.902306298766920e-03 -8.797088475584624e-04 -1.007693913845697e+00
43 2 -1.000281639795431e+00 -1.903729106134233e-03 -8.786670711504611e-04 -1.007689289048119e+00
43 3 -1.000282205557210e+00 -1.905165059511242e-03 -8.776625265809354e-04 -1.007684554732666e+00
43 4 -1.000282783126065e+00 -1.906600120374622e-03 -8.767076249055413e-04 -1.007679756007159e+00
43 5 -1.000283367682887e+00 -1.908020517836714e-03 -8.758130763610272e-04 -1.007674938000506e+00
43 6 -1.000283954451134e+00 -1.909412851568855e-03 -8.749877871221423e-04 -1.007670145532739e+00
43 7 -1.000284538707367e+00 -1.910764186452790e-03 -8.742388211441811e-04 -1.007665422791483e+00
43 8 -1.000285115784297e+00 -1.912062140914705e-03 -8.735714215887471e-04 -1.007660813014955e+00
43 9 -1.000285681070215e+00 -1.913294973997678e-03 -8.729890791017250e-04 -1.007656358171149e+00
43 10 -1.000286230010920e+00 -1.914451676137377e-03 -8.724936307759523e-04 -1.007652098621065e+00
43 11 -1.000286758119352e+00 -1.915522064418035e-03 -8.720853769152648e-04 -1.007648072764081e+00
43 12 -1.000287260994998e+00 -1.916496877179095e-03 -8.717632107121665e-04 -1.007644316679657e+00
43 13 -1.000287734351251e+00 -1.917367858467243e-03 -8.715247632318305e-04 -1.007640863792600e+00
43 14 -1.000288174046000e+00 -1.918127821756441e-03 -8.713665690123018e-04 -1.007637744593614e+00
43 15 -1.000288576109987e+00 -1.918770685233264e-03 -8.712842564131592e-04 -1.007634986439049e+00
43 16 -1.000288936770065e+00 -1.919291477952631e-03 -8.712727630755411e-04 -1.007632613431613e+00
43 17 -1.000289252469665e+00 -1.919686325371320e-03 -8.713265711490631e-04 -1.007630646353495e+00
43 18 -1.000289519893527e+00 -1.919952428987609e-03 -8.714399507484137e-04 -1.007629102603337e+00
43 19 -1.000289736004465e+00 -1.920088053189490e-03 -8.716071968442627e-04 -1.007627996095141e+00
43 20 -1.000289898096054e+00 -1.920092523672561e-03 -8.718228468289454e-04 -1.007627337108145e+00
43 21 -1.000290003858990e+00 -1.919966232134148e-03 -8.720818713388404e-04 -1.007627132110729e+00
43 22 -1.000290051453785e+00 -1.919710637069360e-03 -8.723798351687893e-04 -1.007627383599790e+00
43 23 -1.000290039579872e+00 -1.919328251296980e-03 -8.727130263514495e-04 -1.007628089995772e+00
43 24 -1.000289967531735e+00 -1.918822611315241e-03 -8.730785511859939e-04 -1.007629245618339e+00
43 25 -1.000289835236394e+00 -1.918198230055509e-03 -8.734743924910862e-04 -1.007630840743377e+00
43 26 -1.000289643272414e+00 -1.917460541220403e-03 -8.738994268498113e-04 -1.007632861716228e+00
43 27 -1.000289392875557e+00 -1.916615846573122e-03 -8.743533938971256e-04 -1.007635291082855e+00
43 28 -1.000289085937282e+00 -1.915671274277339e-03 -8.748368093882450e-04 -1.007638107711381e+00
43 29 -1.000288724999332e+00 -1.914634748256146e-03 -8.753508168684117e-04 -1.007641286904805e+00
43 30 -1.000288313243259e+00 -1.913514961154232e-03 -8.758969797964260e-04 -1.007644800531014e+00
43 31 -1.000287854470974e+00 -1.912321341282718e-03 -8.764770235220762e-04 -1.007648617202496e+00
43 32 -1.000287353072078e+00 -1.911064006803809e-03 -8.770925419861383e-04 -1.007652702525790e+00
43 33 -1.000286813975511e+00 -1.909753705499689e-03 -8.777446873175935e-04 -1.007657019420031e+00
43 34 -1.000286242586081e+00 -1.908401743225058e-03 -8.784338620449215e-04 -1.007661528484399e+00
43 35 -1.000285644709864e+00 -1.907019907020694e-03 -8.791594326843648e-04 -1.007666188382199e+00
43 36 -1.000285026474782e+00 -1.905620388834695e-03 -8.799194796584381e-04 -1.007670956209800e+00
43 37 -1.000284394252597e+00 -1.904215712960912e-03 -8.807105936956564e-04 -1.007675787831801e+00
43 38 -1.000283754586438e+00 -1.902818666456145e-03 -8.815277259029162e-04 -1.007680638182138e+00
43 39 -1.000283114124962e+00 -1.901442229133856e-03 -8.823640984189318e-04 -1.007685461544416e+00
43 40 -1.000282479561704e+00 -1.900099499029420e-03 -8.832111831548038e-04 -1.007690211829291e+00
43 41 -1.000281857576458e+00 -1.898803609680771e-03 -8.840587556741264e-04 -1.007694842865216e+00
43 42 -1.000281254774655e+00 -1.897567635828507e-03 -8.848950298146527e-04 -1.007699308716768e+00
43 43 -1.000280677620619e+00 -1.896404483191618e-03 -8.857068772363548e-04 -1.007703564046277e+00
43 44 -1.000280132361373e+00 -1.895326755946820e-03 -8.864801342260820e-04 -1.007707564539499e+00
43 45 -1.000279624939659e+00 -1.894346594550033e-03 -8.871999935739353e-04 -1.007711267418497e+00
43 46 -1.000279160897943e+00 -1.893475479713372e-03 -8.878514708268098e-04 -1.007714632055283e+00
43 47 -1.000278745278924e+00 -1.892724006564121e-03 -8.884199235133470e-04 -1.007717620674675e+00
43 48 -1.000278382530818e+00 -1.892101642961466e-03 -8.888915928961796e-04 -1.007720199103820e+00
43 49 -1.000278076426153e+00 -1.891616492634853e-03 -8.892541334453325e-04 -1.007722337504295e+00
43 50 -1.000277830000573e+00 -1.891275084630480e-03 -8.894970963835275e-04 -1.007724011019762e+00
43 51 -1.000277645514340e+00 -1.891082206051160e-03 -8.896123400008671e-04 -1.007725200286608e+00
43 52 -1.000277524435116e+00 -1.891040786828023e-03 -8.895943498790387e-04 -1.007725891781966e+00
43 53 -1.000277467437625e+00 -1.891151835400115e-03 -8.894404635007119e-04 -1.007726078015643e+00
43 54 -1.000277474415137e+00 -1.891414416742583e-03 -8.891510006952201e-04 -1.007725757596566e+00
43 55 -1.000277544500121e+00 -1.891825663725368e-03 -8.887293005959031e-04 -1.007724935205781e+00
43 56 -1.000277676095594e+00 -1.892380819572977e-03 -8.881816599215235e-04 -1.007723621485388e+00
43 57 -1.000277866921789e+00 -1.893073317334844e-03 -8.875171638447000e-04 -1.007721832825078e+00
43 58 -1.000278114082166e+00 -1.893894904599404e-03 -8.867474052376501e-04 -1.007719591018560e+00
43 59 -1.000278414148453e+00 -1.894835816148536e-03 -8.858861002781187e-04 -1.007716922778876e+00
43 60 -1.000278763258712e+00 -1.895884987528531e-03 -8.849486231714333e-04 -1.007713859132789e+00
43 61 -1.000279157218193e+00 -1.897030293607464e-03 -8.839514944784848e-04 -1.007710434743530e+00
43 62 -1.000279591591723e+00 -1.898258791330303e-03 -8.829118621009912e-04 -1.007706687227069e+00
43 63 -1.000280061779118e+00 -1.899556946761368e-03 -8.818470092346457e-04 -1.007702656524074e+00
44 0 -1.000279899518673e+00 -1.900413244791835e-03 -8.820348806261749e-04 -1.007700013193418e+00
44 1 -1.000280420727618e+00 -1.901793187557590e-03 -8.809767369935544e-04 -1.007695588706963e+00
44 2 -1.000280964056144e+00 -1.903201772803334e-03 -8.799404286517661e-04 -1.007691005113658e+00
44 3 -1.000281524700138e+00 -1.904624906356115e-03 -8.789398528746996e-04 -1.007686306918033e+00
44 4 -1.000282097853563e+00 -1.906048641053723e-03 -8.779873890545331e-04 -1.007681539010464e+00
44 5 -1.000282678730638e+00 -1.907459288721234e-03 -8.770937253532767e-04 -1.007676746334555e+00
44 6 -1.000283262584629e+00 -1.908843525578798e-03 -8.762677489825363e-04 -1.007671973549814e+00
44 7 -1.000283844719723e+00 -1.910188488881038e-03 -8.755165048806269e-04 -1.007667264700310e+00
44 8 -1.000284420495068e+00 -1.911481865420472e-03 -8.748452191745977e-04 -1.007662662893625e+00
44 9 -1.000284985324233e+00 -1.912711976607187e-03 -8.742573739851281e-04 -1.007658209981960e+00
44 10 -1.000285534676078e+00 -1.913867865845001e-03 -8.737548147596541e-04 -1.007653946232123e+00
44 11 -1.000286064082605e+00 -1.914939390169706e-03 -8.733378739659840e-04 -1.007649909979674e+00
44 12 -1.000286569156311e+00 -1.915917312067297e-03 -8.730055035410564e-04 -1.007646137278857e+00
44 13 -1.000287045615740e+00 -1.916793382595527e-03 -8.727554174562282e-04 -1.007642661573836e+00
44 14 -1.000287489314960e+00 -1.917560405173936e-03 -8.725842510877700e-04 -1.007639513422308e+00
44 15 -1.000287896271555e+00 -1.918212271470322e-03 -8.724877448139540e-04 -1.007636720296616e+00
44 16 -1.000288262689851e+00 -1.918743967371223e-03 -8.724609556584718e-04 -1.007634306467006e+00
44 17 -1.000288584980966e+00 -1.919151556482230e-03 -8.724984935038092e-04 -1.007632292941741e+00
44 18 -1.000288859786245e+00 -1.919432155703308e-03 -8.725947698891303e-04 -1.007630697416579e+00
44 19 -1.000289084012062e+00 -1.919583917049219e-03 -8.727442420361408e-04 -1.007629534188898e+00
44 20 -1.000289254880654e+00 -1.919606022295164e-03 -8.729416354980792e-04 -1.007628814018973e+00
44 21 -1.000289369995792e+00 -1.919498687505421e-03 -8.731821345179707e-04 -1.007628543954699e+00
44 22 -1.000289427416549e+00 -1.919263168126541e-03 -8.734615358128397e-04 -1.007628727158807e+00
44 23 -1.000289425729127e+00 -1.918901753902385e-03 -8.737763659415405e-04 -1.007629362782591e+00
44 24 -1.000289364106714e+00 -1.918417746223973e-03 -8.741239639805320e-04 -1.007630445917994e+00
44 25 -1.000289242350891e+00 -1.917815417596515e-03 -8.745025303337060e-04 -1.007631967634072e+00
44 26 -1.000289060914028e+00 -1.917099960590808e-03 -8.749111394206674e-04 -1.007633915075259e+00
44 27 -1.000288820907281e+00 -1.916277437330995e-03 -8.753497096205356e-04 -1.007636271584263e+00
44 28 -1.000288524100232e+00 -1.915354737907081e-03 -8.758189206929866e-04 -1.007639016821321e+00
44 29 -1.000288172915980e+00 -1.914339549327477e-03 -8.763200700165297e-04 -1.007642126875924e+00
44 30 -1.000287770421580e+00 -1.913240330068192e-03 -8.768548654971224e-04 -1.007645574390081e+00
44 31 -1.000287320310523e+00 -1.912066281714733e-03 -8.774251627787621e-04 -1.007649328722453e+00
44 32 -1.000286826872728e+00 -1.910827309461553e-03 -8.780326634642798e-04 -1.007653356177914e+00
44 33 -1.000286294948693e+00 -1.909533967250491e-03 -8.786785963896626e-04 -1.007657620309502e+00
44 34 -1.000285729867857e+00 -1.908197389418640e-03 -8.793634048993798e-04 -1.007662082275957e+00
44 35 -1.000285137375146e+00 -1.906829215217588e-03 -8.800864603783029e-04 -1.007666701220903e+00
44 36 -1.000284523551978e+00 -1.905441512632619e-03 -8.808458171159334e-04 -1.007671434640030e+00
44 37 -1.000283894737819e+00 -1.904046704624089e-03 -8.816380174248445e-04 -1.007676238717762e+00
44 38 -1.000283257456421e+00 -1.902657497584648e-03 -8.824579512525721e-04 -1.007681068632347e+00
44 39 -1.000282618348485e+00 -1.901286809975709e-03 -8.832987734695016e-04 -1.007685878839213e+00
44 40 -1.000281984109872e+00 -1.899947697865823e-03 -8.841518842208801e-04 -1.007690623348082e+00
44 41 -1.000281361432285e+00 -1.898653272983777e-03 -8.850069803392215e-04 -1.007695256012122e+00
44 42 -1.000280756942051e+00 -1.897416608624790e-03 -8.858521863514575e-04 -1.007699730846885e+00
44 43 -1.000280177132875e+00 -1.896250628869534e-03 -8.866742719529879e-04 -1.007704002394864e+00
44 44 -1.000279628289473e+00 -1.895167975551481e-03 -8.874589595468950e-04 -1.007708026153120e+00
44 45 -1.000279116400792e+00 -1.894180846106226e-03 -8.881913196278789e-04 -1.007711759085242e+00
44 46 -1.000278647064115e+00 -1.893300797800589e-03 -8.888562422234863e-04 -1.007715160232788e+00
44 47 -1.000278225385070e+00 -1.892538521927917e-03 -8.894389609664428e-04 -1.007718191417433e+00
44 48 -1.000277855881737e+00 -1.891903601808227e-03 -8.899255971435089e-04 -1.007720817992786e+00
44 49 -1.000277542401822e+00 -1.891404275067515e-03 -8.903036878005912e-04 -1.007723009582460e+00
44 50 -1.000277288059693e+00 -1.891047221327732e-03 -8.905626649666716e-04 -1.007724740737772e+00
44 51 -1.000277095196276e+00 -1.890837392323137e-03 -8.906942607887950e-04 -1.007725991461493e+00
44 52 -1.000276965360821e+00 -1.890777893840773e-03 -8.906928241246972e-04 -1.007726747568808e+00
44 53 -1.000276899310388e+00 -1.890869919050466e-03 -8.905555448192175e-04 -1.007727000888700e+00
44 54 -1.000276897021785e+00 -1.891112724798504e-03 -8.902825875714375e-04 -1.007726749335656e+00
44 55 -1.000276957712668e+00 -1.891503641550869e-03 -8.898771350398529e-04 -1.007725996885627e+00
44 56 -1.000277079872725e+00 -1.892038114342657e-03 -8.893453329476326e-04 -1.007724753468733e+00
44 57 -1.000277261309237e+00 -1.892709780098787e-03 -8.886961262814557e-04 -1.007723034763308e+00
44 58 -1.000277499211087e+00 -1.893510589051607e-03 -8.879409808431076e-04 -1.007720861865454e+00
44 59 -1.000277790231373e+00 -1.894430973143974e-03 -8.870934976390807e-04 -1.007718260821932e+00
44 60 -1.000278130583458e+00 -1.895460055546848e-03 -8.861689436577584e-04 -1.007715262041733e+00
44 61 -1.000278516140967e+00 -1.896585886606216e-03 -8.851837356049421e-04 -1.007711899630018e+00
44 62 -1.000278942530637e+00 -1.897795685684323e-03 -8.841549182384182e-04 -1.007708210707377e+00
44 63 -1.000279405208953e+00 -1.899076068297510e-03 -8.830996733008099e-04 -1.007704234778559e+00
45 0 -1.000279241844292e+00 -1.899849769103969e-03 -8.836948302422719e-04 -1.007701702497798e+00
45 1 -1.000279756298779e+00 -1.901213800665407e-03 -8.826426402357356e-04 -1.007697326350135e+00
45 2 -1.000280293426054e+00 -1.902607571093323e-03 -8.816109959281934e-04 -1.007692786865362e+00
45 3 -1.000280848468037e+00 -1.904017091226031e-03 -8.806137639921323e-04 -1.007688128267079e+00
45 4 -1.000281416661077e+00 -1.905428510638540e-03 -8.796633073546690e-04 -1.007683395195076e+00
45 5 -1.000281993257981e+00 -1.906828231348862e-03 -8.787703057784877e-04 -1.007678632368618e+00
45 6 -1.000282573547406e+00 -1.908203015637278e-03 -8.779436390458846e-04 -1.007673884242514e+00
45 7 -1.000283152866860e+00 -1.909540084715545e-03 -8.771903410521976e-04 -1.007669194668777e+00
45 8 -1.000283726607749e+00 -1.910827207688777e-03 -8.765156236575055e-04 -1.007664606571506e+00
45 9 -1.000284290215099e+00 -1.912052784962748e-03 -8.759229569607882e-04 -1.007660161629204e+00
45 10 -1.000284839187601e+00 -1.913205932209232e-03 -8.754141849861533e-04 -1.007655899951306e+00
45 11 -1.000285369083717e+00 -1.914276567998296e-03 -8.749896572044322e-04 -1.007651859742001e+00
45 12 -1.000285875536864e+00 -1.915255502282828e-03 -8.746483651958817e-04 -1.007648076959863e+00
45 13 -1.000286354278999e+00 -1.916134517563574e-03 -8.743880844390106e-04 -1.007644584996577e+00
45 14 -1.000286801168714e+00 -1.916906432013637e-03 -8.742055288429837e-04 -1.007641414405313e+00
45 15 -1.000287212218606e+00 -1.917565135368280e-03 -8.740965281365546e-04 -1.007638592704713e+00
45 16 -1.000287583618331e+00 -1.918105594632537e-03 -8.740562351323738e-04 -1.007636144265176e+00
45 17 -1.000287911754340e+00 -1.918523835900134e-03 -8.740793618124757e-04 -1.007634090255262e+00
45 18 -1.000288193232249e+00 -1.918816916040215e-03 -8.741604328251575e-04 -1.007632448603056e+00
45 19 -1.000288424909753e+00 -1.918982899078346e-03 -8.742940371003905e-04 -1.007631233926220e+00
45 20 -1.000288603945483e+00 -1.919020846228605e-03 -8.744750570109397e-04 -1.007630457406709e+00
45 21 -1.000288727863652e+00 -1.918930819271233e-03 -8.746988602102898e-04 -1.007630126619006e+00
45 22 -1.000288794628433e+00 -1.918713888897658e-03 -8.749614483018938e-04 -1.007630245347987e+00
45 23 -1.000288802718096e+00 -1.918372136141408e-03 -8.752595640325151e-04 -1.007630813443452e+00
45 24 -1.000288751188386e+00 -1.917908637545099e-03 -8.755907620471078e-04 -1.007631826748681e+00
45 25 -1.000288639717936e+00 -1.917327432008150e-03 -8.759534474412531e-04 -1.007633277114243e+00
45 26 -1.000288468634295e+00 -1.916633475203998e-03 -8.763468825179217e-04 -1.007635152478935e+00
45 27 -1.000288238924385e+00 -1.915832591604621e-03 -8.767711563947785e-04 -1.007637436983640e+00
45 28 -1.000287952235396e+00 -1.914931432952037e-03 -8.772271065525171e-04 -1.007640111088359e+00
45 29 -1.000287610870596e+00 -1.913937447014381e-03 -8.777161800117332e-04 -1.007643151682053e+00
45 30 -1.000287217780891e+00 -1.912858854071414e-03 -8.782402278182632e-04 -1.007646532197719e+00
45 31 -1.000286776549191e+00 -1.911704623164737e-03 -8.788012385543468e-04 -1.007650222760923e+00
45 32 -1.000286291362773e+00 -1.910484438499128e-03 -8.794010288278474e-04 -1.007654190400700e+00
45 33 -1.000285766969856e+00 -1.909208650132365e-03 -8.800409157558577e-04 -1.007658399334570e+00
45 34 -1.000285208620111e+00 -1.907888209964639e-03 -8.807213974051231e-04 -1.007662811312974e+00
45 35 -1.000284621992748e+00 -1.906534598909042e-03 -8.814418638661213e-04 -1.007667385990189e+00
45 36 -1.000284013118113e+00 -1.905159751212433e-03 -8.822003553514593e-04 -1.007672081289061e+00
45 37 -1.000283388298725e+00 -1.903775979251384e-03 -8.829933753668543e-04 -1.007676853740567e+00
45 38 -1.000282754034299e+00 -1.902395899878583e-03 -8.838157598603647e-04 -1.007681658793584e+00
45 39 -1.000282116953025e+00 -1.901032361704680e-03 -8.846606015615084e-04 -1.007686451101084e+00
45 40 -1.000281483748566e+00 -1.899698370357070e-03 -8.855192328422166e-04 -1.007691184797767e+00
45 41 -1.000280861119668e+00 -1.898407006628167e-03 -8.863812757507351e-04 -1.007695813789768e+00
45 42 -1.000280255708069e+00 -1.897171332231939e-03 -8.872347698805367e-04 -1.007700292075703e+00
45 43 -1.000279674030699e+00 -1.896004278632947e-03 -8.880663871520438e-04 -1.007704574113995e+00
45 44 -1.000279122403224e+00 -1.894918513614718e-03 -8.888617388808709e-04 -1.007708615252367e+00
45 45 -1.000278606853404e+00 -1.893926278819255e-03 -8.896057738634337e-04 -1.007712372240217e+00
45 46 -1.000278133025266e+00 -1.893039193833874e-03 -8.902832550824959e-04 -1.007715803839353e+00
45 47 -1.000277706078833e+00 -1.892268030465221e-03 -8.908792893702859e-04 -1.007718871525158e+00
45 48 -1.000277330593457e+00 -1.891622470754148e-03 -8.913798748243262e-04 -1.007721540238847e+00
45 49 -1.000277010483664e+00 -1.891110868615844e-03 -8.917724288034923e-04 -1.007723779129695e+00
45 50 -1.000276748934509e+00 -1.890740035917874e-03 -8.920462640681346e-04 -1.007725562221593e+00
45 51 -1.000276548359880e+00 -1.890515070315461e-03 -8.921929894668829e-04 -1.007726868948595e+00
45 52 -1.000276410383284e+00 -1.890439234832846e-03 -8.922068227067035e-04 -1.007727684527351e+00
45 53 -1.000276335837223e+00 -1.890513889178372e-03 -8.920848132934963e-04 -1.007728000166895e+00
45 54 -1.000276324775693e+00 -1.890738464554443e-03 -8.918269786339936e-04 -1.007727813144771e+00
45 55 -1.000276376495977e+00 -1.891110472586758e-03 -8.914363526311379e-04 -1.007727126784591e+00
45 56 -1.000276489569962e+00 -1.891625545190564e-03 -8.909189378704870e-04 -1.007725950350750e+00
45 57 -1.000276661888752e+00 -1.892277509835113e-03 -8.902835482298537e-04 -1.007724298849000e+00
45 58 -1.000276890724649e+00 -1.893058507468347e-03 -8.895415341506307e-04 -1.007722192709054e+00
45 59 -1.000277172811232e+00 -1.893959156621340e-03 -8.887063969099604e-04 -1.007719657334839e+00
45 60 -1.000277504437250e+00 -1.894968759099722e-03 -8.877933157366578e-04 -1.007716722532713e+00
45 61 -1.000277881545531e+00 -1.896075533438031e-03 -8.868186262803382e-04 -1.007713421856917e+00
45 62 -1.000278299825969e+00 -1.897266855616567e-03 -8.857992948861048e-04 -1.007709791933499e+00
45 63 -1.000278754793170e+00 -1.898529486100309e-03 -8.847524268085471e-04 -1.007705871827470e+00
46 0 -1.000278596201161e+00 -1.899225285599367e-03 -8.857352992598569e-04 -1.007703439917884e+00
46 1 -1.000279103590674e+00 -1.900573111341844e-03 -8.846881642107710e-04 -1.007699114121732e+00
46 2 -1.000279634130516e+00 -1.901951556596633e-03 -8.836604558608075e-04 -1.007694621404579e+00
46 3 -1.000280183112467e+00 -1.903346739934038e-03 -8.826660265973730e-04 -1.007690005683250e+00
46 4 -1.000280745819999e+00 -1.904744912931639e-03 -8.817172372094469e-04 -1.007685311313542e+00
46 5 -1.000281317549970e+00 -1.906132575441035e-03 -8.808247718263118e-04 -1.007680582750049e+00
46 6 -1.000281893632207e+00 -1.907496585245206e-03 -8.799975140172836e-04 -1.007675864197927e+00
46 7 -1.000282469443323e+00 -1.908824258621572e-03 -8.792424951274528e-04 -1.007671199268918e+00
46 8 -1.000283040412858e+00 -1.910103460312271e-03 -8.785649165325512e-04 -1.007666630651335e+00
46 9 -1.000283602023515e+00 -1.911322685807015e-03 -8.779682338621013e-04 -1.007662199792288e+00
46 10 -1.000284149810557e+00 -1.912471141855549e-03 -8.774542807819511e-04 -1.007657946580881e+00
46 11 -1.000284679366143e+00 -1.913538829613996e-03 -8.770234091448397e-04 -1.007653909023056e+00
46 12 -1.000285186352285e+00 -1.914516629216088e-03 -8.766746312405442e-04 -1.007650122912410e+00
46 13 -1.000285666522339e+00 -1.915396378352421e-03 -8.764057624352547e-04 -1.007646621517778e+00
46 14 -1.000286115747562e+00 -1.916170934151053e-03 -8.762135722461086e-04 -1.007643435317580e+00
46 15 -1.000286530043650e+00 -1.916834208845941e-03 -8.760939560011021e-04 -1.007640591807200e+00
46 16 -1.000286905593544e+00 -1.917381175326090e-03 -8.760421372337293e-04 -1.007638115388158e+00
46 17 -1.000287238766876e+00 -1.917807847252008e-03 -8.760529028744018e-04 -1.007636027320943e+00
46 18 -1.000287526141335e+00 -1.918111246569287e-03 -8.761208610369316e-04 -1.007634345699018e+00
46 19 -1.000287764533846e+00 -1.918289374287779e-03 -8.762407002850922e-04 -1.007633085395070e+00
46 20 -1.000287951047551e+00 -1.918341195842551e-03 -8.764074260054426e-04 -1.007632257949046e+00
46 21 -1.000288083135258e+00 -1.918266642594165e-03 -8.766165555042824e-04 -1.007631871401564e+00
46 22 -1.000288158673885e+00 -1.918066621760925e-03 -8.768642642012215e-04 -1.007631930106812e+00
46 23 -1.000288176040286e+00 -1.917743022903881e-03 -8.771474847806194e-04 -1.007632434571782e+00
46 24 -1.000288134177922e+00 -1.917298710873839e-03 -8.774639664454077e-04 -1.007633381361236e+00
46 25 -1.000288032646412e+00 -1.916737500972784e-03 -8.778123023118596e-04 -1.007634763086007e+00
46 26 -1.000287871651264e+00 -1.916064119308885e-03 -8.781919293326161e-04 -1.007636568465186e+00
46 27 -1.000287652056765e+00 -1.915284157133054e-03 -8.786030971328153e-04 -1.007638782431669e+00
46 28 -1.000287375388242e+00 -1.914404029537212e-03 -8.790467932387919e-04 -1.007641386246565e+00
46 29 -1.000287043828999e+00 -1.913430944887477e-03 -8.795246088049423e-04 -1.007644357604462e+00
46 30 -1.000286660213227e+00 -1.912372883633359e-03 -8.800385352566536e-04 -1.007647670738827e+00
46 31 -1.000286228011982e+00 -1.911238578365143e-03 -8.805906957694955e-04 -1.007651296557019e+00
46 32 -1.000285751307539e+00 -1.910037485329198e-03 -8.811830292851572e-04 -1.007655202834804e+00
46 33 -1.000285234752477e+00 -1.908779741343759e-03 -8.818169535843622e-04 -1.007659354482452e+00
46 34 -1.000284683512830e+00 -1.907476105790746e-03 -8.824930367403594e-04 -1.007663713871233e+00
46 35 -1.000284103198050e+00 -1.906137891429936e-03 -8.832107035520391e-04 -1.007668241193395e+00
46 36 -1.000283499783097e+00 -1.904776889103656e-03 -8.839679954046975e-04 -1.007672894825549e+00
46 37 -1.000282879528894e+00 -1.903405290914400e-03 -8.847613904138431e-04 -1.007677631672351e+00
46 38 -1.000282248906367e+00 -1.902035614830421e-03 -8.855856813302374e-04 -1.007682407480168e+00
46 39 -1.000281614526590e+00 -1.900680630815717e-03 -8.864339070168164e-04 -1.007687177125334e+00
46 40 -1.000280983076409e+00 -1.899353285228350e-03 -8.872973389403207e-04 -1.007691894893938e+00
46 41 -1.000280361256584e+00 -1.898066618256173e-03 -8.881655311095715e-04 -1.007696514774664e+00
46 42 -1.000279755718564e+00 -1.896833669286739e-03 -8.890264452217956e-04 -1.007700990782918e+00
46 43 -1.000279172996142e+00 -1.895667365539780e-03 -8.898666621689394e-04 -1.007705277330554e+00
46 44 -1.000278619428883e+00 -1.894580388221847e-03 -8.906716876703068e-04 -1.007709329657633e+00
46 45 -1.000278101075513e+00 -1.893585009441321e-03 -8.914263523165500e-04 -1.007713104346697e+00
46 46 -1.000277623618174e+00 -1.892692895927251e-03 -8.921152933265939e-04 -1.007716559933800e+00
46 47 -1.000277192262121e+00 -1.891914883398679e-03 -8.927234902433447e-04 -1.007719657608293e+00
46 48 -1.000276811638641e+00 -1.891260734735471e-03 -8.932368167230532e-04 -1.007722361964251e+00
46 49 -1.000276485719876e+00 -1.890738901249480e-03 -8.936425696838692e-04 -1.007724641745189e+00
46 50 -1.000276217752673e+00 -1.890356307556193e-03 -8.939299435748323e-04 -1.007726470517520e+00
46 51 -1.000276010215361e+00 -1.890118177419633e-03 -8.940904275345511e-04 -1.007727827216446e+00
46 52 -1.000275864797520e+00 -1.890027911030465e-03 -8.941181145679572e-04 -1.007728696529319e+00
46 53 -1.000275782399223e+00 -1.890087014517948e-03 -8.940099223305707e-04 -1.007729069113225e+00
46 54 -1.000275763144295e+00 -1.890295073972366e-03 -8.937657299639755e-04 -1.007728941673625e+00
46 55 -1.000275806403122e+00 -1.890649764108423e-03 -8.933884311430242e-04 -1.007728316941100e+00
46 56 -1.000275910824354e+00 -1.891146887198735e-03 -8.928838935817587e-04 -1.007727203566983e+00
46 57 -1.000276074378677e+00 -1.891780446022620e-03 -8.922608091932648e-04 -1.007725615930458e+00
46 58 -1.000276294418826e+00 -1.892542758389589e-03 -8.915304242096560e-04 -1.007723573833397e+00
46 59 -1.000276567757209e+00 -1.893424617459010e-03 -8.907061541349485e-04 -1.007721102066139e+00
46 60 -1.000276890757538e+00 -1.894415493792215e-03 -8.898031078041511e-04 -1.007718229851715e+00
46 61 -1.000277259432256e+00 -1.895503765884545e-03 -8.888375606812170e-04 -1.007714990204507e+00
46 62 -1.000277669535262e+00 -1.896676959404794e-03 -8.878264240421495e-04 -1.007711419260895e+00
46 63 -1.000278116640484e+00 -1.897921974402415e-03 -8.867867505107200e-04 -1.007707555645142e+00
47 0 -1.000277968790561e+00 -1.898545293074884e-03 -8.881346133693750e-04 -1.007705212080838e+00
47 1 -1.000278468848636e+00 -1.899876718559777e-03 -8.870917063843085e-04 -1.007700938326519e+00
47 2 -1.000278992452632e+00 -1.901239417485441e-03 -8.860672859166318e-04 -1.007696494758941e+00
47 3 -1.000279534948046e+00 -1.902619618911580e-03 -8.850752051135776e-04 -1.007691924961776e+00
47 4 -1.000280091670290e+00 -1.904003681656154e-03 -8.841278359912223e-04 -1.007687272972789e+00
47 5 -1.000280657965718e+00 -1.905378210630883e-03 -8.832358792315539e-04 -1.007682582942155e+00
47 6 -1.000281229211077e+00 -1.906730168080698e-03 -8.824082330630502e-04 -1.007677898781256e+00
47 7 -1.000281800828044e+00 -1.908046976259742e-03 -8.816519347601202e-04 -1.007673263812930e+00
47 8 -1.000282368290421e+00 -1.909316608713672e-03 -8.809721796130366e-04 -1.007668720436345e+00
47 9 -1.000282927124890e+00 -1.910527671527709e-03 -8.803724075263974e-04 -1.007664309809689e+00
47 10 -1.000283472909816e+00 -1.911669480394327e-03 -8.798544341004121e-04 -1.007660071540524e+00
47 11 -1.000284001278028e+00 -1.912732139229886e-03 -8.794185997364076e-04 -1.007656043371556e+00
47 12 -1.000284507927626e+00 -1.913706620432737e-03 -8.790639188125559e-04 -1.007652260863144e+00
47 13 -1.000284988641240e+00 -1.914584840099866e-03 -8.787882248935037e-04 -1.007648757091555e+00
47 14 -1.000285439310776e+00 -1.915359718060159e-03 -8.785883196292722e-04 -1.007645562390971e+00
47 15 -1.000285855963006e+00 -1.916025213267053e-03 -8.784601391396123e-04 -1.007642704164362e+00
47 16 -1.000286234782130e+00 -1.916576329321914e-03 -8.783989513780779e-04 -1.007640206774874e+00
47 17 -1.000286572128913e+00 -1.917009092751276e-03 -8.783995899942940e-04 -1.007638091505301e+00
47 18 -1.000286864561099e+00 -1.917320516131637e-03 -8.784567158448086e-04 -1.007636376545458e+00
47 19 -1.000287108862979e+00 -1.917508563309556e-03 -8.785650835259107e-04 -1.007635076954664e+00
47 20 -1.000287302090660e+00 -1.917572130020147e-03 -8.787197854771755e-04 -1.007634204563055e+00
47 21 -1.000287441634190e+00 -1.917511042663338e-03 -8.789164522146376e-04 -1.007633767811963e+00
47 22 -1.000287525291660e+00 -1.917326068374139e-03 -8.791513986598502e-04 -1.007633771565382e+00
47 23 -1.000287551346217e+00 -1.917018925431119e-03 -8.794217173077117e-04 -1.007634216936897e+00
47 24 -1.000287518635659e+00 -1.916592283621033e-03 -8.797253267978235e-04 -1.007635101172108e+00
47 25 -1.000287426605897e+00 -1.916049747726404e-03 -8.800609880458466e-04 -1.007636417611419e+00
47 26 -1.000287275344314e+00 -1.915395823915931e-03 -8.804282967918300e-04 -1.007638155733101e+00
47 27 -1.000287065595252e+00 -1.914635876850383e-03 -8.808276507972873e-04 -1.007640301249065e+00
47 28 -1.000286798764006e+00 -1.913776089423017e-03 -8.812601778166038e-04 -1.007642836214200e+00
47 29 -1.000286476915092e+00 -1.912823433285126e-03 -8.817276056568745e-04 -1.007645739125890e+00
47 30 -1.000286102766383e+00 -1.911785649491303e-03 -8.822320619903381e-04 -1.007648985021149e+00
47 31 -1.000285679676464e+00 -1.910671231649421e-03 -8.827758053684698e-04 -1.007652545599968e+00
47 32 -1.000285211620976e+00 -1.909489402629283e-03 -8.833609035880027e-04 -1.007656389402802e+00
47 33 -1.000284703154405e+00 -1.908250078559007e-03 -8.839888868694495e-04 -1.007660482054991e+00
47 34 -1.000284159356027e+00 -1.906963817608054e-03 -8.846604089751462e-04 -1.007664786573164e+00
47 35 -1.000283585761778e+00 -1.905641754845002e-03 -8.853749472937826e-04 -1.007669263713668e+00
47 36 -1.000282988286955e+00 -1.904295527775124e-03 -8.861305624959511e-04 -1.007673872333848e+00
47 37 -1.000282373146374e+00 -1.902937198533923e-03 -8.869237237262632e-04 -1.007678569738454e+00
47 38 -1.000281746777615e+00 -1.901579177016388e-03 -8.877491942079891e-04 -1.007683311996784e+00
47 39 -1.000281115769970e+00 -1.900234145442102e-03 -8.885999701897264e-04 -1.007688054234546e+00
47 40 -1.000280486798548e+00 -1.898914981308395e-03 -8.894672722378137e-04 -1.007692750917618e+00
47 41 -1.000279866560839e+00 -1.897634673887123e-03 -8.903405960251799e-04 -1.007697356148560e+00
47 42 -1.000279261712263e+00 -1.896406229142869e-03 -8.912078349989162e-04 -1.007701823993951e+00
47 43 -1.000278678797031e+00 -1.895242557868958e-03 -8.920554883765841e-04 -1.007706108857811e+00
47 44 -1.000278124171196e+00 -1.894156341077833e-03 -8.928689648455115e-04 -1.007710165917370e+00
47 45 -1.000277603916081e+00 -1.893159866313762e-03 -8.936329837999853e-04 -1.007713951639690e+00
47 46 -1.000277123742849e+00 -1.892264831278209e-03 -8.943320613936139e-04 -1.007717424392163e+00
47 47 -1.000276688892461e+00 -1.891482118346066e-03 -8.949510521900466e-04 -1.007720545140380e+00
47 48 -1.000276304038367e+00 -1.890821552695343e-03 -8.954757063050449e-04 -1.007723278198827e+00
47 49 -1.000275973200475e+00 -1.890291663207412e-03 -8.958932013261017e-04 -1.007725591977459e+00
47 50 -1.000275699677726e+00 -1.889899466505491e-03 -8.961926161484871e-04 -1.007727459660110e+00
47 51 -1.000275486003528e+00 -1.889650291264373e-03 -8.963653253373319e-04 -1.007728859758475e+00
47 52 -1.000275333924588e+00 -1.889547653503152e-03 -8.964053046767075e-04 -1.007729776504927e+00
47 53 -1.000275244400029e+00 -1.889593184587583e-03 -8.963093491713475e-04 -1.007730200077041e+00
47 54 -1.000275217615410e+00 -1.889786604815481e-03 -8.960772096867381e-04 -1.007730126677952e+00
47 55 -1.000275253006704e+00 -1.890125732114294e-03 -8.957116496196093e-04 -1.007729558511359e+00
47 56 -1.000275349292661e+00 -1.890606520314928e-03 -8.952184113717197e-04 -1.007728503676684e+00
47 57 -1.000275504518119e+00 -1.891223130215376e-03 -8.946060743586868e-04 -1.007726975980572e+00
47 58 -1.000275716112339e+00 -1.891968041193808e-03 -8.938857908857151e-04 -1.007724994641750e+00
47 59 -1.000275980964154e+00 -1.892832207890665e-03 -8.930709030456138e-04 -1.007722583871515e+00
47 60 -1.000276295511049e+00 -1.893805258344362e-03 -8.921764648048226e-04 -1.007719772334782e+00
47 61 -1.000276655834794e+00 -1.894875721363416e-03 -8.912187103570146e-04 -1.007716592522952e+00
47 62 -1.000277057753708e+00 -1.896031264418045e-03 -8.902145172886456e-04 -1.007713080091556e+00
47 63 -1.000277496902030e+00 -1.897258921231778e-03 -8.891809077796527e-04 -1.007709273225241e+00
48 0 -1.000277365802958e+00 -1.897815876680901e-03 -8.908681708984708e-04 -1.007707004599550e+00
48 1 -1.000277858312750e+00 -1.899130815505432e-03 -8.898287355675973e-04 -1.007702784220049e+00
48 2 -1.000278374676151e+00 -1.900477445195840e-03 -8.888070337164456e-04 -1.007698391868674e+00
48 3 -1.000278910296208e+00 -1.901842108087381e-03 -8.878169326993314e-04 -1.007693870769304e+00
48 4 -1.000279460564972e+00 -1.903211275079757e-03 -8.868708280443548e-04 -1.007689264608498e+00
48 5 -1.000280020883577e+00 -1.904571662725938e-03 -8.859794485193305e-04 -1.007684617193751e+00
48 6 -1.000280586681498e+00 -1.905910346373330e-03 -8.851517173051584e-04 -1.007679972098754e+00
48 7 -1.000281153431676e+00 -1.907214865167054e-03 -8.843946856858107e-04 -1.007675372307738e+00
48 8 -1.000281716658489e+00 -1.908473314378280e-03 -8.837135475097572e-04 -1.007670859876899e+00
48 9 -1.000282271938822e+00 -1.909674425423577e-03 -8.831117267146548e-04 -1.007666475619163e+00
48 10 -1.000282814900469e+00 -1.910807639769629e-03 -8.825910144922735e-04 -1.007662258801306e+00
48 11 -1.000283341223685e+00 -1.911863183295406e-03 -8.821517271358670e-04 -1.007658246839558e+00
48 12 -1.000283846649990e+00 -1.912832141943920e-03 -8.817928631154336e-04 -1.007654474994147e+00
48 13 -1.000284326999016e+00 -1.913706532914349e-03 -8.815122523923712e-04 -1.007650976079888e+00
48 14 -1.000284778191238e+00 -1.914479362310466e-03 -8.813067045377389e-04 -1.007647780217243e+00
48 15 -1.000285196272482e+00 -1.915144659917320e-03 -8.811721707779574e-04 -1.007644914647343e+00
48 16 -1.000285577436136e+00 -1.915697484487518e-03 -8.811039365745910e-04 -1.007642403625924e+00
48 17 -1.000285918042009e+00 -1.916133900306406e-03 -8.810968535266927e-04 -1.007640268389037e+00
48 18 -1.000286214635959e+00 -1.916450936386615e-03 -8.811456035333979e-04 -1.007638527152587e+00
48 19 -1.000286463978080e+00 -1.916646546263400e-03 -8.812449721585225e-04 -1.007637195090588e+00
48 20 -1.000286663086248e+00 -1.916719583161255e-03 -8.813901013567274e-04 -1.007636284251495e+00
48 21 -1.000286809296770e+00 -1.916669794949606e-03 -8.815766966599644e-04 -1.007635803408289e+00
48 22 -1.000286900337891e+00 -1.916497833598493e-03 -8.818011755976835e-04 -1.007635757870256e+00
48 23 -1.000286934407737e+00 -1.916205268935886e-03 -8.820607567215979e-04 -1.007636149298844e+00
48 24 -1.000286910246323e+00 -1.915794595449722e-03 -8.823534991634300e-04 -1.007636975570121e+00
48 25 -1.000286827192386e+00 -1.915269223124259e-03 -8.826783083758289e-04 -1.007638230714912e+00
48 26 -1.000286685220229e+00 -1.914633450014096e-03 -8.830349206966854e-04 -1.007639904942395e+00
48 27 -1.000286484958181e+00 -1.913892423387267e-03 -8.834238673041201e-04 -1.007641984722362e+00
48 28 -1.000286227694675e+00 -1.913052101405260e-03 -8.838464038572270e-04 -1.007644452886784e+00
48 29 -1.000285915377787e+00 -1.912119224312087e-03 -8.843043852501067e-04 -1.007647288724875e+00
48 30 -1.000285550610336e+00 -1.911101296064980e-03 -8.848000697925996e-04 -1.007650468074514e+00
48 31 -1.000285136638659e+00 -1.910006570597344e-03 -8.853358507358161e-04 -1.007653963433582e+00
48 32 -1.000284677331164e+00 -1.908844034395218e-03 -8.859139294606845e-04 -1.007657744117913e+00
48 33 -1.000284177142843e+00 -1.907623377824060e-03 -8.865359589214454e-04 -1.007661776483036e+00
48 34 -1.000283641063779e+00 -1.906354950521771e-03 -8.872026939829508e-04 -1.007666024211295e+00
48 35 -1.000283074552912e+00 -1.905049700720850e-03 -8.879136835374822e-04 -1.007670448647984e+00
48 36 -1.000282483461799e+00 -1.903719102872867e-03 -8.886670273958971e-04 -1.007675009157236e+00
48 37 -1.000281873954898e+00 -1.902375079841351e-03 -8.894592042327945e-04 -1.007679663468628e+00
48 38 -1.000281252432031e+00 -1.901029924432378e-03 -8.902849639082385e-04 -1.007684367998742e+00
48 39 -1.000280625455961e+00 -1.899696221708943e-03 -8.911372741915888e-04 -1.007689078149160e+00
48 40 -1.000279999684904e+00 -1.898386770173061e-03 -8.920073176844448e-04 -1.007693748595223e+00
48 41 -1.000279381807629e+00 -1.897114497361085e-03 -8.928845441690205e-04 -1.007698333585866e+00
48 42 -1.000278778477639e+00 -1.895892364134043e-03 -8.937567911907809e-04 -1.007702787274713e+00
48 43 -1.000278196242916e+00 -1.894733251857123e-03 -8.946104886044062e-04 -1.007707064099011e+00
48 44 -1.000277641468321e+00 -1.893649826756532e-03 -8.954309599741423e-04 -1.007711119220796e+00
48 45 -1.000277120249099e+00 -1.892654375781757e-03 -8.962028241642080e-04 -1.007714909045739e+00
48 46 -1.000276638316034e+00 -1.891758610449282e-03 -8.969104846717214e-04 -1.007718391832293e+00
48 47 -1.000276200935923e+00 -1.890973441661146e-03 -8.975386767637965e-04 -1.007721528387123e+00
48 48 -1.000275812814223e+00 -1.890308737708307e-03 -8.980730306972426e-04 -1.007724282814929e+00
48 49 -1.000275478008318e+00 -1.889773084599816e-03 -8.985006081437192e-04 -1.007726623266685e+00
48 50 -1.000275199858971e+00 -1.889373569273579e-03 -8.988103772612873e-04 -1.007728522622042e+00
48 51 -1.000274980944649e+00 -1.889115602883376e-03 -8.989936049102552e-04 -1.007729959049108e+00
48 52 -1.000274823059609e+00 -1.889002794909098e-03 -8.990441583269457e-04 -1.007730916403857e+00
48 53 -1.000274727212938e+00 -1.889036880044690e-03 -8.989587199596158e-04 -1.007731384460203e+00
48 54 -1.000274693643191e+00 -1.889217691093342e-03 -8.987369236010008e-04 -1.007731358992873e+00
48 55 -1.000274721843477e+00 -1.889543167546359e-03 -8.983814139770335e-04 -1.007730841751252e+00
48 56 -1.000274810594844e+00 -1.890009393894805e-03 -8.978978191170695e-04 -1.007729840351804e+00
48 57 -1.000274958009724e+00 -1.890610669913374e-03 -8.972946157735579e-04 -1.007728368089871e+00
48 58 -1.000275161588950e+00 -1.891339619805476e-03 -8.965828720150179e-04 -1.007726443652197e+00
48 59 -1.000275418294356e+00 -1.892187344906857e-03 -8.957758677971668e-04 -1.007724090712485e+00
48 60 -1.000275724635058e+00 -1.893143617698784e-03 -8.948886162285990e-04 -1.007721337409816e+00
48 61 -1.000276076761152e+00 -1.894197106367501e-03 -8.939373270341095e-04 -1.007718215734999e+00
48 62 -1.000276470555347e+00 -1.895335611571967e-03 -8.929388631020370e-04 -1.007714760875110e+00
48 63 -1.000276901712811e+00 -1.896546294059574e-03 -8.919102364042652e-04 -1.007711010579551e+00
49 0 -1.000276793351327e+00 -1.897043661897616e-03 -8.939087390265299e-04 -1.007708802121675e+00
49 1 -1.000277278151599e+00 -1.898342145112333e-03 -8.928720830141708e-04 -1.007704636053629e+00
49 2 -1.000277787019920e+00 -1.899672492032513e-03 -8.918526031331494e-04 -1.007700296625486e+00
49 3 -1.000278315420358e+00 -1.901021160316936e-03 -8.908641931009344e-04 -1.007695826677137e+00
49 4 -1.000278858805952e+00 -1.902374737035672e-03 -8.899192829405718e-04 -1.007691269513217e+00
49 5 -1.000279412637878e+00 -1.903720056759430e-03 -8.890286396555986e-04 -1.007686668560530e+00
49 6 -1.000279972404345e+00 -1.905044316681044e-03 -8.882012205417369e-04 -1.007682067009974e+00
49 7 -1.000280533635860e+00 -1.906335183449741e-03 -8.874440984816652e-04 -1.007677507457488e+00
49 8 -1.000281091913563e+00 -1.907580886138243e-03 -8.867624707232625e-04 -1.007673031564359e+00
49 9 -1.000281642870625e+00 -1.908770295324912e-03 -8.861597457095809e-04 -1.007668679743798e+00
49 10 -1.000282182190535e+00 -1.909892994359681e-03 -8.856376849726207e-04 -1.007664490863421e+00
49 11 -1.000282705607642e+00 -1.910939349489137e-03 -8.851965692705592e-04 -1.007660501950691e+00
49 12 -1.000283208913954e+00 -1.911900580521347e-03 -8.848353640348213e-04 -1.007656747900686e+00
49 13 -1.000283687973592e+00 -1.912768827705359e-03 -8.845518739217290e-04 -1.007653261199566e+00
49 14 -1.000284138743462e+00 -1.913537206680214e-03 -8.843428917239033e-04 -1.007650071684887e+00
49 15 -1.000284557296470e+00 -1.914199841977146e-03 -8.842043575641351e-04 -1.007647206366179e+00
49 16 -1.000284939843128e+00 -1.914751871528013e-03 -8.841315471705447e-04 -1.007644689323024e+00
49 17 -1.000285282750136e+00 -1.915189421829945e-03 -8.841193009467073e-04 -1.007642541676365e+00
49 18 -1.000285582559544e+00 -1.915509564043881e-03 -8.841622895203460e-04 -1.007640781597684e+00
49 19 -1.000285836015833e+00 -1.915710268559447e-03 -8.842552936226948e-04 -1.007639424302034e+00
49 20 -1.000286040107747e+00 -1.915790373897544e-03 -8.843934663405858e-04 -1.007638481981398e+00
49 21 -1.000286192127252e+00 -1.915749576837591e-03 -8.845725486938863e-04 -1.007637963667335e+00
49 22 -1.000286289742282e+00 -1.915588440604011e-03 -8.847890217782133e-04 -1.007637875044793e+00
49 23 -1.000286331075283e+00 -1.915308411216646e-03 -8.850401937071778e-04 -1.007638218258610e+00
49 24 -1.000286314777175e+00 -1.914911829584340e-03 -8.853242323195542e-04 -1.007638991758780e+00
49 25 -1.000286240087106e+00 -1.914401928916987e-03 -8.856401616014141e-04 -1.007640190219921e+00
49 26 -1.000286106872683e+00 -1.913782813804346e-03 -8.859878376003179e-04 -1.007641804544593e+00
49 27 -1.000285915651524e+00 -1.913059426245147e-03 -8.863679076630417e-04 -1.007643821929856e+00
49 28 -1.000285667599500e+00 -1.912237509566086e-03 -8.867817409213208e-04 -1.007646225960372e+00
49 29 -1.000285364551524e+00 -1.911323579973983e-03 -8.872313079621014e-04 -1.007648996699859e+00
49 30 -1.000285008997668e+00 -1.910324909040348e-03 -8.877189900596076e-04 -1.007652110776922e+00
49 31 -1.000284604073477e+00 -1.909249513280573e-03 -8.882473119914658e-04 -1.007655541483476e+00
49 32 -1.000284153540691e+00 -1.908106142558724e-03 -8.888186109925896e-04 -1.007659258913038e+00
49 33 -1.000283661754257e+00 -1.906904258385600e-03 -8.894346712188682e-04 -1.007663230160738e+00
49 34 -1.000283133613267e+00 -1.905653995992097e-03 -8.900963629915185e-04 -1.007667419590921e+00
49 35 -1.000282574496837e+00 -1.904366109003126e-03 -8.908033252052735e-04 -1.007671789158556e+00
49 36 -1.000281990189239e+00 -1.903051900223166e-03 -8.915537170207711e-04 -1.007676298757029e+00
49 37 -1.000281386800533e+00 -1.901723144359390e-03 -8.923440465130973e-04 -1.007680906564070e+00
49 38 -1.000280770688343e+00 -1.900392007985444e-03 -8.931690685602181e-04 -1.007685569368183e+00
49 39 -1.000280148384104e+00 -1.899070969498281e-03 -8.940217390756771e-04 -1.007690242873335e+00
49 40 -1.000279526524016e+00 -1.897772738276602e-03 -8.948932180283739e-04 -1.007694881993527e+00
49 41 -1.000278911782538e+00 -1.896510168906077e-03 -8.957729242340625e-04 -1.007699441157472e+00
49 42 -1.000278310805034e+00 -1.895296164486675e-03 -8.966486545634475e-04 -1.007703874644686e+00
49 43 -1.000277730136265e+00 -1.894143562903766e-03 -8.975067850917223e-04 -1.007708136969921e+00
49 44 -1.000277176142103e+00 -1.893065000324585e-03 -8.983325696090926e-04 -1.007712183329366e+00
49 45 -1.000276654923049e+00 -1.892072746532776e-03 -8.991105406549432e-04 -1.007715970122404e+00
49 46 -1.000276172219945e+00 -1.891178508856227e-03 -8.998250012230654e-04 -1.007719455560359e+00
49 47 -1.000275733315171e+00 -1.890393207471058e-03 -9.004605768601036e-04 -1.007722600359101e+00
49 48 -1.000275342935596e+00 -1.889726733594668e-03 -9.010027852842209e-04 -1.007725368486514e+00
49 49 -1.000275005165436e+00 -1.889187709267196e-03 -9.014385785455431e-04 -1.007727727911342e+00
49 50 -1.000274723376737e+00 -1.888783269624861e-03 -9.017568208294323e-04 -1.007729651289018e+00
49 51 -1.000274500182692e+00 -1.888518885429788e-03 -9.019486795248397e-04 -1.007731116525848e+00
49 52 -1.000274337415094e+00 -1.888398236549441e-03 -9.020079233646942e-04 -1.007732107182960e+00
49 53 -1.000274236123257e+00 -1.888423137974901e-03 -9.019311340101863e-04 -1.007732612710879e+00
49 54 -1.000274196589211e+00 -1.888593511927127e-03 -9.017178411261627e-04 -1.007732628535114e+00
49 55 -1.000274218353982e+00 -1.888907396524543e-03 -9.013705837582847e-04 -1.007732156028293e+00
49 56 -1.000274300252338e+00 -1.889360984871583e-03 -9.008948874189945e-04 -1.007731202397558e+00
49 57 -1.000274440456770e+00 -1.889948695226911e-03 -9.002991366509481e-04 -1.007729780494155e+00
49 58 -1.000274636533468e+00 -1.890663277868370e-03 -8.995943252476882e-04 -1.007727908532114e+00
49 59 -1.000274885512546e+00 -1.891495963962904e-03 -8.987936818065416e-04 -1.007725609697481e+00
49 60 -1.000275183971642e+00 -1.892436655911502e-03 -8.979121910737626e-04 -1.007722911642263e+00
49 61 -1.000275528127516e+00 -1.893474149365739e-03 -8.969660529368535e-04 -1.007719845883702e+00
49 62 -1.000275913926623e+00 -1.894596368492291e-03 -8.959721323982629e-04 -1.007716447157611e+00
49 63 -1.000276337125025e+00 -1.895790593150893e-03 -8.949474495455740e-04 -1.007712752787762e+00
50 0 -1.000276257397326e+00 -1.896235756599437e-03 -8.972267547847521e-04 -1.007710588431235e+00
50 1 -1.000276734388684e+00 -1.897517943046953e-03 -8.961922393766340e-04 -1.007706477173406e+00
50 2 -1.000277235564562e+00 -1.898831915018350e-03 -8.951745474093678e-04 -1.007702191969188e+00
50 3 -1.000277756452962e+00 -1.900164246399148e-03 -8.941876099292779e-04 -1.007697775254267e+00
50 4 -1.000278292571971e+00 -1.901501643968675e-03 -8.932439007471776e-04 -1.007693269922529e+00
50 5 -1.000278839448077e+00 -1.902831066736070e-03 -8.923542332707532e-04 -1.007688718981772e+00
50 6 -1.000279392634238e+00 -1.904139842306657e-03 -8.915276065608021e-04 -1.007684165195157e+00
50 7 -1.000279947724637e+00 -1.905415774630885e-03 -8.907711220461229e-04 -1.007679650722717e+00
50 8 -1.000280500363154e+00 -1.906647237632342e-03 -8.900899852524937e-04 -1.007675216781429e+00
50 9 -1.000281046245261e+00 -1.907823254097674e-03 -8.894875900494159e-04 -1.007670903331755e+00
50 10 -1.000281581116388e+00 -1.908933564699038e-03 -8.889656638368810e-04 -1.007666748784600e+00
50 11 -1.000282100771450e+00 -1.909968693620852e-03 -8.885244413785113e-04 -1.007662789717809e+00
50 12 -1.000282601059730e+00 -1.910920013918841e-03 -8.881628387985439e-04 -1.007659060598216e+00
50 13 -1.000283077897090e+00 -1.911779809982422e-03 -8.878786143062019e-04 -1.007655593517762e+00
50 14 -1.000283527284593e+00 -1.912541329493260e-03 -8.876685194503099e-04 -1.007652417963181e+00
50 15 -1.000283945330178e+00 -1.913198815043647e-03 -8.875284569269240e-04 -1.007649560643559e+00
50 16 -1.000284328269423e+00 -1.913747507469281e-03 -8.874536650810999e-04 -1.007647045393760e+00
50 17 -1.000284672483866e+00 -1.914183619804117e-03 -8.874389436192897e-04 -1.007644893150765e+00
50 18 -1.000284974519910e+00 -1.914504290739406e-03 -8.874789196522379e-04 -1.007643121970981e+00
50 19 -1.000285231115021e+00 -1.914707534184313e-03 -8.875683335731389e-04 -1.007641747037168e+00
50 20 -1.000285439237973e+00 -1.914792201742488e-03 -8.877023110352102e-04 -1.007640780609147e+00
50 21 -1.000285596146120e+00 -1.914757967408418e-03 -8.878765879901785e-04 -1.007640231900545e+00
50 22 -1.000285699457099e+00 -1.914605333360890e-03 -8.880876685308165e-04 -1.007640106897619e+00
50 23 -1.000285747227523e+00 -1.914335647576590e-03 -8.883329121788073e-04 -1.007640408159922e+00
50 24 -1.000285738028488e+00 -1.913951120385414e-03 -8.886105616846768e-04 -1.007641134650368e+00
50 25 -1.000285671008072e+00 -1.913454828385547e-03 -8.889197309199786e-04 -1.007642281633832e+00
50 26 -1.000285545934807e+00 -1.912850700170208e-03 -8.892603719031381e-04 -1.007643840659684e+00
50 27 -1.000285363222102e+00 -1.912143487156175e-03 -8.896332286038297e-04 -1.007645799613234e+00
50 28 -1.000285123938572e+00 -1.911338729764663e-03 -8.900397674806268e-04 -1.007648142800687e+00
50 29 -1.000284829810277e+00 -1.910442729823665e-03 -8.904820615151707e-04 -1.007650851035563e+00
50 30 -1.000284483218127e+00 -1.909462534317775e-03 -8.909626046545566e-04 -1.007653901717410e+00
50 31 -1.000284087189647e+00 -1.908405927875350e-03 -8.914840470274553e-04 -1.007657268918298e+00
50 32 -1.000283645381523e+00 -1.907281426118042e-03 -8.920488611784714e-04 -1.007660923503969e+00
50 33 -1.000283162048931e+00 -1.906098260677569e-03 -8.926589684322093e-04 -1.007664833312663e+00
50 34 -1.000282641999074e+00 -1.904866348639127e-03 -8.933153666770088e-04 -1.007668963400874e+00
50 35 -1.000282090529314e+00 -1.903596243394980e-03 -8.940178016481679e-04 -1.007673276347669e+00
50 36 -1.000281513353732e+00 -1.902299068978391e-03 -8.947645115033122e-04 -1.007677732593876e+00
50 37 -1.000280916524182e+00 -1.900986443625634e-03 -8.955520542107535e-04 -1.007682290787143e+00
50 38 -1.000280306351702e+00 -1.899670398730394e-03 -8.963752094442136e-04 -1.007686908111961e+00
50 39 -1.000279689331687e+00 -1.898363296743303e-03 -8.972269396548469e-04 -1.007691540600326e+00
50 40 -1.000279072073203e+00 -1.897077747838532e-03 -8.980983995543439e-04 -1.007696143433839e+00
50 41 -1.000278461230615e+00 -1.895826522007947e-03 -8.989789942786225e-04 -1.007700671255792e+00
50 42 -1.000277863434630e+00 -1.894622451189048e-03 -8.998564979576163e-04 -1.007705078512784e+00
50 43 -1.000277285219623e+00 -1.893478315008366e-03 -9.007172515375456e-04 -1.007709319843343e+00
50 44 -1.000276732944642e+00 -1.892406703663009e-03 -9.015464577929770e-04 -1.007713350528672e+00
50 45 -1.000276212706728e+00 -1.891419852539357e-03 -9.023285808093472e-04 -1.007717127018579e+00
50 46 -1.000275730247107e+00 -1.890529446019999e-03 -9.030478390984795e-04 -1.007720607541049e+00
50 47 -1.000275290853278e+00 -1.889746393411142e-03 -9.036887621161352e-04 -1.007723752791635e+00
50 48 -1.000274899262639e+00 -1.889080587680581e-03 -9.042367663260437e-04 -1.007726526677015e+00
50 49 -1.000274559575292e+00 -1.888540665026030e-03 -9.046787036927044e-04 -1.007728897062749e+00
50 50 -1.000274275183844e+00 -1.888133786428191e-03 -9.050033433045092e-04 -1.007730836461035e+00
50 51 -1.000274048725781e+00 -1.887865459417968e-03 -9.052017627219927e-04 -1.007732322598504e+00
50 52 -1.000273882060127e+00 -1.887739410706711e-03 -9.052676437846110e-04 -1.007733338824839e+00
50 53 -1.000273776266102e+00 -1.887757511312325e-03 -9.051974810961566e-04 -1.007733874351871e+00
50 54 -1.000273731658958e+00 -1.887919748445829e-03 -9.049907149342411e-04 -1.007733924340181e+00
50 55 -1.000273747817791e+00 -1.888224235082824e-03 -9.046497928930890e-04 -1.007733489866911e+00
50 56 -1.000273823621891e+00 -1.888667250149623e-03 -9.041801508431100e-04 -1.007732577806866e+00
50 57 -1.000273957295345e+00 -1.889243308449437e-03 -9.035900927009740e-04 -1.007731200639962e+00
50 58 -1.000274146462250e+00 -1.889945265550640e-03 -9.028905487203842e-04 -1.007729376174586e+00
50 59 -1.000274388215088e+00 -1.890764463820671e-03 -9.020947066003916e-04 -1.007727127166530e+00
50 60 -1.000274679195930e+00 -1.891690919830520e-03 -9.012175338485549e-04 -1.007724480825406e+00
50 61 -1.000275015685684e+00 -1.892713543523385e-03 -9.002752334276152e-04 -1.007721468227696e+00
50 62 -1.000275393693037e+00 -1.893820371337739e-03 -8.992846875614419e-04 -1.007718123681561e+00
50 63 -1.000275809034242e+00 -1.894998793080336e-03 -8.982629408597688e-04 -1.007714484099961e+00
51 0 -1.000275763671947e+00 -1.895399682454455e-03 -9.007906267572526e-04 -1.007712346600806e+00
51 1 -1.000276232822883e+00 -1.896665868966941e-03 -8.997576534090713e-04 -1.007708290173371e+00
51 2 -1.000276726172866e+00 -1.897963507129757e-03 -8.987413648630157e-04 -1.007704060040879e+00
51 3 -1.000277239316314e+00 -1.899279287266188e-03 -8.977557387351936e-04 -1.007699698217273e+00
51 4 -1.000277767840208e+00 -1.900600039149001e-03 -8.968132998934819e-04 -1.007695247157878e+00
51 5 -1.000278307341339e+00 -1.901912852106291e-03 -8.959249144166273e-04 -1.007690749415111e+00
51 6 -1.000278853442998e+00 -1.903205191705103e-03 -8.950996292613215e-04 -1.007686247282931e+00
51 7 -1.000279401808835e+00 -1.904465008034472e-03 -8.943445802448671e-04 -1.007681782440771e+00
51 8 -1.000279948151370e+00 -1.905680830304224e-03 -8.936649854782736e-04 -1.007677395613097e+00
51 9 -1.000280488234372e+00 -1.906841845881882e-03 -8.930642253003881e-04 -1.007673126255666e+00
51 10 -1.000281017871214e+00 -1.907937967124480e-03 -8.925439891761056e-04 -1.007669012267613e+00
51 11 -1.000281532923497e+00 -1.908959892534333e-03 -8.921044562565256e-04 -1.007665089719255e+00
51 12 -1.000282029304288e+00 -1.909899166862903e-03 -8.917444779356046e-04 -1.007661392587945e+00
51 13 -1.000282502988253e+00 -1.910748238902385e-03 -8.914617457280177e-04 -1.007657952507053e+00
51 14 -1.000282950028124e+00 -1.911500509895750e-03 -8.912529462441876e-04 -1.007654798546409e+00
51 15 -1.000283366574619e+00 -1.912150362874687e-03 -8.911139187106623e-04 -1.007651957047875e+00
51 16 -1.000283748896290e+00 -1.912693164787160e-03 -8.910398362844271e-04 -1.007649451533817e+00
51 17 -1.000284093397626e+00 -1.913125239291627e-03 -8.910254285070106e-04 -1.007647302687895e+00
51 18 -1.000284396637708e+00 -1.913443817570489e-03 -8.910652473734970e-04 -1.007645528380476e+00
51 19 -1.000284655355597e+00 -1.913646983059221e-03 -8.911539583183366e-04 -1.007644143689263e+00
51 20 -1.000284866509226e+00 -1.913733627756794e-03 -8.912866214405550e-04 -1.007643160866626e+00
51 21 -1.000285027331122e+00 -1.913703431195357e-03 -8.914589268881138e-04 -1.007642589230818e+00
51 22 -1.000285135398900e+00 -1.913556862703880e-03 -8.916673605814501e-04 -1.007642434992516e+00
51 23 -1.000285188713679e+00 -1.913295198955684e-03 -8.919092942375142e-04 -1.007642701053189e+00
51 24 -1.000285185776714e+00 -1.912920544216067e-03 -8.921830099626399e-04 -1.007643386822103e+00
51 25 -1.000285125654342e+00 -1.912435840486789e-03 -8.924876805684063e-04 -1.007644488094655e+00
51 26 -1.000285008024449e+00 -1.911844859680013e-03 -8.928233280627530e-04 -1.007645997014502e+00
51 27 -1.000284833203630e+00 -1.911152179221438e-03 -8.931907715942681e-04 -1.007647902109923e+00
51 28 -1.000284602159659e+00 -1.910363150950666e-03 -8.935915569149215e-04 -1.007650188369477e+00
51 29 -1.000284316515370e+00 -1.909483874934547e-03 -8.940278438313434e-04 -1.007652837321978e+00
51 30 -1.000283978547354e+00 -1.908521184385925e-03 -8.945022260314041e-04 -1.007655827108534e+00
51 31 -1.000283591178945e+00 -1.907482640309294e-03 -8.950174699327694e-04 -1.007659132559223e+00
51 32 -1.000283157964426e+00 -1.906376529205861e-03 -8.955761796097610e-04 -1.007662725298484e+00
51 33 -1.000282683060652e+00 -1.905211854831169e-03 -8.961804159659856e-04 -1.007666573902235e+00
51 34 -1.000282171183166e+00 -1.903998315276326e-03 -8.968313132562176e-04 -1.007670644120820e+00
51 35 -1.000281627546516e+00 -1.902746260210187e-03 -8.975287385383186e-04 -1.007674899165875e+00
51 36 -1.000281057792243e+00 -1.901466629192285e-03 -8.982710273828324e-04 -1.007679300040099e+00
51 37 -1.000280467910666e+00 -1.900170876859438e-03 -8.990548077388910e-04 -1.007683805879489e+00
51 38 -1.000279864162228e+00 -1.898870891456464e-03 -8.998749041306586e-04 -1.007688374285642e+00
51 39 -1.000279253001670e+00 -1.897578910572833e-03 -9.007243050186005e-04 -1.007692961643271e+00
51 40 -1.000278641005623e+00 -1.896307434865430e-03 -9.015941790123207e-04 -1.007697523431627e+00
51 41 -1.000278034802410e+00 -1.895069137840931e-03 -9.024739369122092e-04 -1.007702014544449e+00
51 42 -1.000277441001582e+00 -1.893876766873690e-03 -9.033513501743824e-04 -1.007706389636546e+00
51 43 -1.000276866120017e+00 -1.892743028351650e-03 -9.042127457807569e-04 -1.007710603516828e+00
51 44 -1.000276316501976e+00 -1.891680449800110e-03 -9.050432974892006e-04 -1.007714611604622e+00
51 45 -1.000275798232115e+00 -1.890701213931856e-03 -9.058274226524788e-04 -1.007718370460002e+00
51 46 -1.000275317042269e+00 -1.889816962679300e-03 -9.065492753651664e-04 -1.007721838393370e+00
51 47 -1.000274878214630e+00 -1.889038573888732e-03 -9.071933065615840e-04 -1.007724976151140e+00
51 48 -1.000274486486224e+00 -1.888375920612184e-03 -9.077448464251097e-04 -1.007727747655272e+00
51 49 -1.000274145961948e+00 -1.887837630747951e-03 -9.081906596250457e-04 -1.007730120748753e+00
51 50 -1.000273860044019e+00 -1.887430868307753e-03 -9.085194316891036e-04 -1.007732067883118e+00
51 51 -1.000273631383562e+00 -1.887161154412375e-03 -9.087221621031799e-04 -1.007733566688793e+00
51 52 -1.000273461856297e+00 -1.887032238644676e-03 -9.087924591496555e-04 -1.007734600389073e+00
51 53 -1.000273352560729e+00 -1.887046023231971e-03 -9.087267455737585e-04 -1.007735158043902e+00
51 54 -1.000273303834723e+00 -1.887202535365169e-03 -9.085243883866672e-04 -1.007735234635682e+00
51 55 -1.000273315285063e+00 -1.887499938327351e-03 -9.081877595094422e-04 -1.007734831030607e+00
51 56 -1.000273385825579e+00 -1.887934572872404e-03 -9.077222197937096e-04 -1.007733953852813e+00
51 57 -1.000273513722575e+00 -1.888501026977696e-03 -9.071360056056212e-04 -1.007732615289124e+00
51 58 -1.000273696649703e+00 -1.889192239472240e-03 -9.064399950697518e-04 -1.007730832814443e+00
51 59 -1.000273931754970e+00 -1.889999644173433e-03 -9.056473452432636e-04 -1.007728628816781e+00
51 60 -1.000274215739740e+00 -1.890913354622205e-03 -9.047730167941788e-04 -1.007726030114519e+00
51 61 -1.000274544945407e+00 -1.891922380109595e-03 -9.038332276009551e-04 -1.007723067383758e+00
51 62 -1.000274915440506e+00 -1.893014856670087e-03 -9.028448906582419e-04 -1.007719774534776e+00
51 63 -1.000275323100265e+00 -1.894178274104546e-03 -9.018250895386415e-04 -1.007716188088192e+00
52 0 -1.000275317592474e+00 -1.894543297052540e-03 -9.045670342641231e-04 -1.007714059190950e+00
52 1 -1.000275778944886e+00 -1.895793927773420e-03 -9.035350286341193e-04 -1.007710057098088e+00
52 2 -1.000276264406156e+00 -1.897075418603567e-03 -9.025197924676931e-04 -1.007705882385440e+00
52 3 -1.000276769639231e+00 -1.898374576105917e-03 -9.015353571059564e-04 -1.007701576629685e+00
52 4 -1.000277290303368e+00 -1.899678355667982e-03 -9.005943037786611e-04 -1.007697181822521e+00
52 5 -1.000277822069972e+00 -1.900973981510700e-03 -8.997075558408150e-04 -1.007692740029455e+00
52 6 -1.000278360637634e+00 -1.902249063376288e-03 -8.988842126283067e-04 -1.007688293038564e+00
52 7 -1.000278901744977e+00 -1.903491705566864e-03 -8.981314485032767e-04 -1.007683882006493e+00
52 8 -1.000279441178961e+00 -1.904690602513510e-03 -8.974544972420913e-04 -1.007679547118226e+00
52 9 -1.000279974777397e+00 -1.905835117625252e-03 -8.968567263988996e-04 -1.007675327275215e+00
52 10 -1.000280498427204e+00 -1.906915347908011e-03 -8.963397842403817e-04 -1.007671259813519e+00
52 11 -1.000281008062390e+00 -1.907922181131364e-03 -8.959037856320533e-04 -1.007667380241609e+00
52 12 -1.000281499665991e+00 -1.908847350996546e-03 -8.955475028651604e-04 -1.007663721988704e+00
52 13 -1.000281969278240e+00 -1.909683489911089e-03 -8.952685415386558e-04 -1.007660316167364e+00
52 14 -1.000282413010763e+00 -1.910424173195738e-03 -8.950635004999486e-04 -1.007657191366476e+00
52 15 -1.000282827064634e+00 -1.911063945763044e-03 -8.949281301257740e-04 -1.007654373495642e+00
52 16 -1.000283207749267e+00 -1.911598322997366e-03 -8.948575111970302e-04 -1.007651885698333e+00
52 17 -1.000283551500232e+00 -1.912023762439881e-03 -8.948462744018206e-04 -1.007649748336642e+00
52 18 -1.000283854897664e+00 -1.912337612044850e-03 -8.948888659962500e-04 -1.007647979024584e+00
52 19 -1.000284114690923e+00 -1.912538050219104e-03 -8.949798429359745e-04 -1.007646592662261e+00
52 20 -1.000284327836245e+00 -1.912624035992678e-03 -8.951141627955467e-04 -1.007645601419811e+00
52 21 -1.000284491551053e+00 -1.912595282004835e-03 -8.952874301287976e-04 -1.007645014643547e+00
52 22 -1.000284603383268e+00 -1.912452252709806e-03 -8.954960717521839e-04 -1.007644838691161e+00
52 23 -1.000284661289248e+00 -1.912196181043230e-03 -8.957374315822219e-04 -1.007645076729664e+00
52 24 -1.000284663711077e+00 -1.911829091221294e-03 -8.960097940228897e-04 -1.007645728542470e+00
52 25 -1.000284609643348e+00 -1.911353814041958e-03 -8.963123582533263e-04 -1.007646790390678e+00
52 26 -1.000284498682332e+00 -1.910773985258711e-03 -8.966451887263543e-04 -1.007648254955409e+00
52 27 -1.000284331056004e+00 -1.910094026677168e-03 -8.970091565522170e-04 -1.007650111356662e+00
52 28 -1.000284107638870e+00 -1.909319118531119e-03 -8.974058666182007e-04 -1.007652345217358e+00
52 29 -1.000283829957393e+00 -1.908455174606372e-03 -8.978375477094173e-04 -1.007654938737619e+00
52 30 -1.000283500189725e+00 -1.907508827678186e-03 -8.983068779281033e-04 -1.007657870762554e+00
52 31 -1.000283121159864e+00 -1.906487425993057e-03 -8.988167280062556e-04 -1.007661116850027e+00
52 32 -1.000282696323576e+00 -1.905399035347982e-03 -8.993698260540364e-04 -1.007664649359670e+00
52 33 -1.000282229742195e+00 -1.904252437242310e-03 -8.999683708445211e-04 -1.007668437588869e+00
52 34 -1.000281726040951e+00 -1.903057112921894e-03 -9.006136380285761e-04 -1.007672447974941e+00
52 35 -1.000281190351308e+00 -1.901823206985572e-03 -9.013056274640672e-04 -1.007676644364789e+00
52 36 -1.000280628240666e+00 -1.900561470667252e-03 -9.020427883120951e-04 -1.007680988332370e+00
52 37 -1.000280045635201e+00 -1.899283189662913e-03 -9.028218371627835e-04 -1.007685439515381e+00
52 38 -1.000279448741208e+00 -1.898000102343828e-03 -9.036376630150324e-04 -1.007689955950255e+00
52 39 -1.000278843968229e+00 -1.896724312952021e-03 -9.044833003249977e-04 -1.007694494398417e+00
52 40 -1.000278237855101e+00 -1.895468202428546e-03 -9.053499518156861e-04 -1.007699010666977e+00
52 41 -1.000277636998246e+00 -1.894244336246405e-03 -9.062270545737085e-04 -1.007703459935131e+00
52 42 -1.000277047979731e+00 -1.893065364196350e-03 -9.071023990071312e-04 -1.007707797105935e+00
52 43 -1.000276477291833e+00 -1.891943904336086e-03 -9.079623214091095e-04 -1.007711977205861e+00
52 44 -1.000275931255927e+00 -1.890892404160636e-03 -9.087919913276252e-04 -1.007715955847715e+00
52 45 -1.000275415935260e+00 -1.889922974651502e-03 -9.095758045381371e-04 -1.007719689763893e+00
52 46 -1.000274937042538e+00 -1.889047195203831e-03 -9.102978745989525e-04 -1.007723137414186e+00
52 47 -1.000274499844312e+00 -1.888275891266293e-03 -9.109425953254117e-04 -1.007726259667523e+00
52 48 -1.000274109066414e+00 -1.887618894110073e-03 -9.114952291463408e-04 -1.007729020537830e+00
52 49 -1.000273768807449e+00 -1.887084800634246e-03 -9.119424694708298e-04 -1.007731387926531e+00
52 50 -1.000273482468151e+00 -1.886680754536588e-03 -9.122729328220520e-04 -1.007733334308463e+00
52 51 -1.000273252702317e+00 -1.886412266615392e-03 -9.124775549712102e-04 -1.007734837303687e+00
52 52 -1.000273081391559e+00 -1.886283084925025e-03 -9.125498858183919e-04 -1.007735880095955e+00
52 53 -1.000272969643007e+00 -1.886295118189614e-03 -9.124862926237798e-04 -1.007736451680277e+00
52 54 -1.000272917806478e+00 -1.886448408609640e-03 -9.122860864785471e-04 -1.007736546947731e+00
52 55 -1.000272925505675e+00 -1.886741144473682e-03 -9.119515812194438e-04 -1.007736166640725e+00
52 56 -1.000272991678222e+00 -1.887169703024479e-03 -9.114880793568386e-04 -1.007735317219319e+00
52 57 -1.000273114622459e+00 -1.887728720942035e-03 -9.109037643208523e-04 -1.007734010660009e+00
52 58 -1.000273292052545e+00 -1.888411197607897e-03 -9.102094743015147e-04 -1.007732264179637e+00
52 59 -1.000273521164379e+00 -1.889208637582249e-03 -9.094183462967628e-04 -1.007730099865093e+00
52 60 -1.000273798712402e+00 -1.890111232588365e-03 -9.085453444652618e-04 -1.007727544201168e+00
52 61 -1.000274121093783e+00 -1.891108074742860e-03 -9.076067126395157e-04 -1.007724627510682e+00
52 62 -1.000274484433772e+00 -1.892187386030209e-03 -9.066194065889516e-04 -1.007721383340525e+00
52 63 -1.000274884664796e+00 -1.893336745514351e-03 -9.056005616252473e-04 -1.007717847841242e+00
53 0 -1.000274924178259e+00 -1.893674709466023e-03 -9.085212204583273e-04 -1.007715708488284e+00
53 1 -1.000275377852346e+00 -1.894910384041364e-03 -9.074896143204873e-04 -1.007711759684724e+00
53 2 -1.000275855439256e+00 -1.896176071182361e-03 -9.064750939231893e-04 -1.007707640194139e+00
53 3 -1.000276352671896e+00 -1.897458692423888e-03 -9.054917498877842e-04 -1.007703391144870e+00
53 4 -1.000276865284294e+00 -1.898745329895341e-03 -9.045522235050629e-04 -1.007699054045888e+00
53 5 -1.000277389025951e+00 -1.900023345875403e-03 -9.036674981411665e-04 -1.007694670449792e+00
53 6 -1.000277919675201e+00 -1.901280499548105e-03 -9.028467278280652e-04 -1.007690281605757e+00
53 7 -1.000278453050775e+00 -1.902505056715562e-03 -9.020971275675183e-04 -1.007685928108370e+00
53 8 -1.000278985019428e+00 -1.903685885886561e-03 -9.014239484068725e-04 -1.007681649559921e+00
53 9 -1.000279511498264e+00 -1.904812536633144e-03 -9.008305452085894e-04 -1.007677484262212e+00
53 10 -1.000280028452934e+00 -1.905875302225229e-03 -9.003185219712836e-04 -1.007673468940603e+00
53 11 -1.000280531895217e+00 -1.906865273250936e-03 -8.998879215203506e-04 -1.007669638490750e+00
53 12 -1.000281017883842e+00 -1.907774388030782e-03 -8.995374239669898e-04 -1.007666025739054e+00
53 13 -1.000281482530844e+00 -1.908595480240414e-03 -8.992645310006329e-04 -1.007662661219061e+00
53 14 -1.000281922013624e+00 -1.909322318594521e-03 -8.990657318987579e-04 -1.007659572977342e+00
53 15 -1.000282332591105e+00 -1.909949630397586e-03 -8.989366638611500e-04 -1.007656786427528e+00
53 16 -1.000282710621400e+00 -1.910473100738212e-03 -8.988722893953123e-04 -1.007654324269333e+00
53 17 -1.000283052579177e+00 -1.910889343024090e-03 -8.988671130609120e-04 -1.007652206477506e+00
53 18 -1.000283355073888e+00 -1.911195845059180e-03 -8.989154461696999e-04 -1.007650450341781e+00
53 19 -1.000283614873896e+00 -1.911390904699478e-03 -8.990117052570151e-04 -1.007649070513438e+00
53 20 -1.000283828942982e+00 -1.911473573791297e-03 -8.991507102139526e-04 -1.007648079006186e+00
53 21 -1.000283994493249e+00 -1.911443624915296e-03 -8.993279418152020e-04 -1.007647485118137e+00
53 22 -1.000284109053302e+00 -1.911301545269305e-03 -8.995397276203008e-04 -1.007647295276229e+00
53 23 -1.000284170545636e+00 -1.911048551797202e-03 -8.997833435787462e-04 -1.007647512835025e+00
53 24 -1.000284177364148e+00 -1.910686615299482e-03 -9.000570385828697e-04 -1.007648137877035e+00
53 25 -1.000284128442214e+00 -1.910218479792222e-03 -9.003600045219811e-04 -1.007649167060046e+00
53 26 -1.000284023304296e+00 -1.909647666974146e-03 -9.006923192678298e-04 -1.007650593539931e+00
53 27 -1.000283862098882e+00 -1.908978463440956e-03 -9.010548808607966e-04 -1.007652406970017e+00
53 28 -1.000283645615688e+00 -1.908215896888489e-03 -9.014493313241843e-04 -1.007654593552541e+00
53 29 -1.000283375292501e+00 -1.907365712334386e-03 -9.018779487305634e-04 -1.007657136108226e+00
53 30 -1.000283053215878e+00 -1.906434357886061e-03 -9.023434779394207e-04 -1.007660014140702e+00
53 31 -1.000282682116552e+00 -1.905428983076359e-03 -9.028488788244736e-04 -1.007663203895212e+00
53 32 -1.000282265356993e+00 -1.904357444918093e-03 -9.033969922211952e-04 -1.007666678432171e+00
53 33 -1.000281806906961e+00 -1.903228311445789e-03 -9.039901491206738e-04 -1.007670407744891e+00
53 34 -1.000281311303704e+00 -1.902050852011299e-03 -9.046297676820454e-04 -1.007674358942968e+00
53 35 -1.000280783596367e+00 -1.900835007586657e-03 -9.053159881829846e-04 -1.007678496503446e+00
53 36 -1.000280229277630e+00 -1.899591339858735e-03 -9.060473862430675e-04 -1.007682782573444e+00
53 37 -1.000279654207649e+00 -1.898330962105902e-03 -9.068207836732324e-04 -1.007687177300687e+00
53 38 -1.000279064535358e+00 -1.897065457111905e-03 -9.076311527583760e-04 -1.007691639171994e+00
53 39 -1.000278466620772e+00 -1.895806788106223e-03 -9.084715937275799e-04 -1.007696125347751e+00
53 40 -1.000277866959929e+00 -1.894567207176774e-03 -9.093333635680788e-04 -1.007700591990270e+00
53 41 -1.000277272111817e+00 -1.893359161102310e-03 -9.102059466071038e-04 -1.007704994596760e+00
53 42 -1.000276688624723e+00 -1.892195189284143e-03 -9.110771749381271e-04 -1.007709288358470e+00
53 43 -1.000276122959107e+00 -1.891087806151151e-03 -9.119334191876130e-04 -1.007713428567995e+00
53 44 -1.000275581405406e+00 -1.890049361752527e-03 -9.127598715406492e-04 -1.007717371087463e+00
53 45 -1.000275069996708e+00 -1.889091876376492e-03 -9.135409337458318e-04 -1.007721072883033e+00
53 46 -1.000274594417071e+00 -1.888226846618425e-03 -9.142607057776533e-04 -1.007724492630857e+00
53 47 -1.000274159907089e+00 -1.887465024107851e-03 -9.149035494278268e-04 -1.007727591395169e+00
53 48 -1.000273771170556e+00 -1.886816176080066e-03 -9.154546816869788e-04 -1.007730333359452e+00
53 49 -1.000273432288755e+00 -1.886288845579301e-03 -9.159007441541111e-04 -1.007732686564605e+00
53 50 -1.000273146649862e+00 -1.885890132435215e-03 -9.162303018149385e-04 -1.007734623592924e+00
53 51 -1.000272916899253e+00 -1.885625512832285e-03 -9.164342435072689e-04 -1.007736122141067e+00
53 52 -1.000272744913460e+00 -1.885498708629037e-03 -9.165060778673161e-04 -1.007737165441244e+00
53 53 -1.000272631797500e+00 -1.885511610321498e-03 -9.164421346520110e-04 -1.007737742510831e+00
53 54 -1.000272577902446e+00 -1.885664250100662e-03 -9.162416879254323e-04 -1.007737848236673e+00
53 55 -1.000272582857969e+00 -1.885954815603425e-03 -9.159070126609295e-04 -1.007737483325753e+00
53 56 -1.000272645614377e+00 -1.886379694662792e-03 -9.154433713528294e-04 -1.007736654162779e+00
53 57 -1.000272764491329e+00 -1.886933547555114e-03 -9.148589106749834e-04 -1.007735372599433e+00
53 58 -1.000272937233743e+00 -1.887609410655306e-03 -9.141644424723850e-04 -1.007733655673555e+00
53 59 -1.000273161076919e+00 -1.888398837430556e-03 -9.133730952148815e-04 -1.007731525242174e+00
53 60 -1.000273432821319e+00 -1.889292077898609e-03 -9.124998469991977e-04 -1.007729007518732e+00
53 61 -1.000273748914446e+00 -1.890278289630096e-03 -9.115609779054021e-04 -1.007726132523854e+00
53 62 -1.000274105534425e+00 -1.891345766016958e-03 -9.105734973453788e-04 -1.007722933479874e+00
53 63 -1.000274498668278e+00 -1.892482163352708e-03 -9.095546040659650e-04 -1.007719446195234e+00
54 0 -1.000274587968472e+00 -1.892802193169871e-03 -9.126172754945336e-04 -1.007717276768301e+00
54 1 -1.000275034166842e+00 -1.894023673277565e-03 -9.115854876227444e-04 -1.007713379631332e+00
54 2 -1.000275503976652e+00 -1.895274067690950e-03 -9.105713403499213e-04 -1.007709314578445e+00
54 3 -1.000275993201170e+00 -1.896540409803468e-03 -9.095889882362980e-04 -1.007705122285804e+00
54 4 -1.000276497650643e+00 -1.897809907833162e-03 -9.086511349292305e-04 -1.007700843767638e+00
54 5 -1.000277013155351e+00 -1.899070064117902e-03 -9.077688243493987e-04 -1.007696520042588e+00
54 6 -1.000277535577180e+00 -1.900308791668937e-03 -9.069512650288235e-04 -1.007692191791812e+00
54 7 -1.000278060819422e+00 -1.901514523844915e-03 -9.062057125453892e-04 -1.007687899013483e+00
54 8 -1.000278584833268e+00 -1.902676310485386e-03 -9.055374353024814e-04 -1.007683680689812e+00
54 9 -1.000279103619787e+00 -1.903783895908583e-03 -9.049497746703399e-04 -1.007679574482672e+00
54 10 -1.000279613228114e+00 -1.904827779914056e-03 -9.044442871201406e-04 -1.007675616462994e+00
54 11 -1.000280109752681e+00 -1.905799267977372e-03 -9.040209363136253e-04 -1.007671840866710e+00
54 12 -1.000280589333046e+00 -1.906690516899146e-03 -9.036782983995052e-04 -1.007668279867665e+00
54 13 -1.000281048158709e+00 -1.907494577372618e-03 -9.034137547186558e-04 -1.007664963367158e+00
54 14 -1.000281482479308e+00 -1.908205429159344e-03 -9.032236646845683e-04 -1.007661918811927e+00
54 15 -1.000281888618840e+00 -1.908818001122529e-03 -9.031035294413186e-04 -1.007659171058603e+00
54 16 -1.000282262991810e+00 -1.909328168113552e-03 -9.030481688474930e-04 -1.007656742300531e+00
54 17 -1.000282602119877e+00 -1.909732720048343e-03 -9.030519358171007e-04 -1.007654652061890e+00
54 18 -1.000282902649945e+00 -1.910029306062142e-03 -9.031089796142524e-04 -1.007652917243328e+00
54 19 -1.000283161377976e+00 -1.910216366325653e-03 -9.032135467734532e-04 -1.007651552179088e+00
54 20 -1.000283375284535e+00 -1.910293070125245e-03 -9.033602866290633e-04 -1.007650568653808e+00
54 21 -1.000283541586331e+00 -1.910259276254303e-03 -9.035445198520013e-04 -1.007649975840855e+00
54 22 -1.000283657803159e+00 -1.910115521906054e-03 -9.037624359136383e-04 -1.007649780157903e+00
54 23 -1.000283721834540e+00 -1.909863035299400e-03 -9.040112034039014e-04 -1.007649985069069e+00
54 24 -1.000283732037219e+00 -1.909503760316943e-03 -9.042889979405451e-04 -1.007650590880228e+00
54 25 -1.000283687294335e+00 -1.909040379546439e-03 -9.045949695975586e-04 -1.007651594572954e+00
54 26 -1.000283587069197e+00 -1.908476324609518e-03 -9.049291791089985e-04 -1.007652989708227e+00
54 27 -1.000283431440824e+00 -1.907815769173839e-03 -9.052925248296589e-04 -1.007654766407407e+00
54 28 -1.000283221123301e+00 -1.907063608892865e-03 -9.056866625494667e-04 -1.007656911391797e+00
54 29 -1.000282957474119e+00 -1.906225439205104e-03 -9.061138983666323e-04 -1.007659408046335e+00
54 30 -1.000282642496092e+00 -1.905307541975599e-03 -9.065770239389268e-04 -1.007662236478977e+00
54 31 -1.000282278833982e+00 -1.904316885335252e-03 -9.070790700782472e-04 -1.007665373571388e+00
54 32 -1.000281869763265e+00 -1.903261132440629e-03 -9.076229756056162e-04 -1.007668793040989e+00
54 33 -1.000281419167026e+00 -1.902148649340887e-03 -9.082111943130550e-04 -1.007672465543583e+00
54 34 -1.000280931497944e+00 -1.900988501447657e-03 -9.088452837488558e-04 -1.007676358837712e+00
54 35 -1.000280411724849e+00 -1.899790430894742e-03 -9.095255278479576e-04 -1.007680438015799e+00
54 36 -1.000279865266180e+00 -1.898564811424272e-03 -9.102506378401629e-04 -1.007684665792177e+00
54 37 -1.000279297914835e+00 -1.897322582190762e-03 -9.110175548256847e-04 -1.007689002828535e+00
54 38 -1.000278715759618e+00 -1.896075165945831e-03 -9.118213516198061e-04 -1.007693408074704e+00
54 39 -1.000278125107246e+00 -1.894834378737754e-03 -9.126552128140660e-04 -1.007697839108352e+00
54 40 -1.000277532406513e+00 -1.893612336217466e-03 -9.135104688939740e-04 -1.007702252470153e+00
54 41 -1.000276944173706e+00 -1.892421356758247e-03 -9.143766720584105e-04 -1.007706604005802e+00
54 42 -1.000276366917058e+00 -1.891273856869982e-03 -9.152417192191207e-04 -1.007710849234722e+00
54 43 -1.000275807058076e+00 -1.890182232345816e-03 -9.160920411965614e-04 -1.007714943763960e+00
54 44 -1.000275270848541e+00 -1.889158719016280e-03 -9.169128806956411e-04 -1.007718843759056e+00
54 45 -1.000274764283050e+00 -1.888215228168929e-03 -9.176886744245816e-04 -1.007722506479385e+00
54 46 -1.000274293007772e+00 -1.887363153533368e-03 -9.184035379928530e-04 -1.007725890883743e+00
54 47 -1.000273862227141e+00 -1.886613151219762e-03 -9.190418294679173e-04 -1.007728958304997e+00
54 48 -1.000273476612094e+00 -1.885974901759992e-03 -9.195887464046199e-04 -1.007731673174509e+00
54 49 -1.000273140215591e+00 -1.885456871265578e-03 -9.200309014942510e-04 -1.007734003753899e+00
54 50 -1.000272856402247e+00 -1.885066092223817e-03 -9.203568284350080e-04 -1.007735922816597e+00
54 51 -1.000272627798031e+00 -1.884807982138351e-03 -9.205573881351959e-04 -1.007737408221965e+00
54 52 -1.000272456263474e+00 -1.884686212041373e-03 -9.206260671249100e-04 -1.007738443338364e+00
54 53 -1.000272342890647e+00 -1.884702629193837e-03 -9.205591776372041e-04 -1.007739017293665e+00
54 54 -1.000272288021053e+00 -1.884857230477609e-03 -9.203559773680985e-04 -1.007739125058635e+00
54 55 -1.000272291279357e+00 -1.885148177298366e-03 -9.200187230973838e-04 -1.007738767393182e+00
54 56 -1.000272351617453e+00 -1.885571842383174e-03 -9.195526570638245e-04 -1.007737950694838e+00
54 57 -1.000272467365353e+00 -1.886122884208273e-03 -9.189659070804506e-04 -1.007736686777012e+00
54 58 -1.000272636288380e+00 -1.886794351691296e-03 -9.182692739658928e-04 -1.007734992580921e+00
54 59 -1.000272855652015e+00 -1.887577824471151e-03 -9.174758902953701e-04 -1.007732889808759e+00
54 60 -1.000273122295063e+00 -1.888463590449164e-03 -9.166007587628497e-04 -1.007730404467580e+00
54 61 -1.000273432709319e+00 -1.889440854711147e-03 -9.156602056558479e-04 -1.007727566329778e+00
54 62 -1.000273783121159e+00 -1.890497966392359e-03 -9.146713043750123e-04 -1.007724408336796e+00
54 63 -1.000274169568727e+00 -1.891622645580150e-03 -9.136513280075730e-04 -1.007720965988878e+00
55 0 -1.000274312944863e+00 -1.891934099678658e-03 -9.168184071931271e-04 -1.007718746569641e+00
55 1 -1.000274751955358e+00 -1.893142312745406e-03 -9.157858248703223e-04 -1.007714898880459e+00
55 2 -1.000275214172515e+00 -1.894378099572241e-03 -9.147716819414560e-04 -1.007710886864578e+00
55 3 -1.000275695469301e+00 -1.895628600545972e-03 -9.137902007647767e-04 -1.007706750749225e+00
55 4 -1.000276191732682e+00 -1.896881147855683e-03 -9.128541482089661e-04 -1.007702531047920e+00
55 5 -1.000276698875464e+00 -1.898123384515094e-03 -9.119746273227022e-04 -1.007698268230239e+00
55 6 -1.000277212845850e+00 -1.899343380167711e-03 -9.111608987593002e-04 -1.007694002386932e+00
55 7 -1.000277729635170e+00 -1.900529740112388e-03 -9.104202565185121e-04 -1.007689772892207e+00
55 8 -1.000278245282958e+00 -1.901671701222696e-03 -9.097579847064771e-04 -1.007685618076563e+00
55 9 -1.000278755878344e+00 -1.902759209631003e-03 -9.091774092559413e-04 -1.007681574926762e+00
55 10 -1.000279257558065e+00 -1.903782980228221e-03 -9.086800354521699e-04 -1.007677678821114e+00
55 11 -1.000279746503398e+00 -1.904734543575543e-03 -9.082657410527581e-04 -1.007673963294780e+00
55 12 -1.000280218939253e+00 -1.905606286934214e-03 -9.079329875920298e-04 -1.007670459824580e+00
55 13 -1.000280671137757e+00 -1.906391491844483e-03 -9.076790213416952e-04 -1.007667197631082e+00
55 14 -1.000281099426714e+00 -1.907084364718195e-03 -9.075000535052365e-04 -1.007664203508737e+00
55 15 -1.000281500201865e+00 -1.907680053141990e-03 -9.073914281222620e-04 -1.007661501701280e+00
55 16 -1.000281869941429e+00 -1.908174640098797e-03 -9.073477997738771e-04 -1.007659113837075e+00
55 17 -1.000282205221855e+00 -1.908565111182087e-03 -9.073633462634530e-04 -1.007657058929203e+00
55 18 -1.000282502735625e+00 -1.908849296743779e-03 -9.074320302832532e-04 -1.007655353427050e+00
55 19 -1.000282759314784e+00 -1.909025800390430e-03 -9.075479016339183e-04 -1.007654011282836e+00
55 20 -1.000282971965771e+00 -1.909093931939890e-03 -9.077054089295266e-04 -1.007653043982308e+00
55 21 -1.000283137919767e+00 -1.909053661561040e-03 -9.078996788402702e-04 -1.007652460498988e+00
55 22 -1.000283254698292e+00 -1.908905602883464e-03 -9.081267260138020e-04 -1.007652267163127e+00
55 23 -1.000283320188840e+00 -1.908651022145410e-03 -9.083835737277536e-04 -1.007652467470042e+00
55 24 -1.000283332722224e+00 -1.908291862883251e-03 -9.086682869471370e-04 -1.007653061871490e+00
55 25 -1.000283291142719e+00 -1.907830772410219e-03 -9.089799388119530e-04 -1.007654047596272e+00
55 26 -1.000283194863693e+00 -1.907271117421933e-03 -9.093185413361893e-04 -1.007655418536084e+00
55 27 -1.000283043905303e+00 -1.906616982166486e-03 -9.096849654930962e-04 -1.007657165210179e+00
55 28 -1.000282838915841e+00 -1.905873152234191e-03 -9.100808562256489e-04 -1.007659274793099e+00
55 29 -1.000282581181755e+00 -1.905045094725562e-03 -9.105085247858720e-04 -1.007661731170345e+00
55 30 -1.000282272630918e+00 -1.904138946112698e-03 -9.109707877363445e-04 -1.007664514991798e+00
55 31 -1.000281915830257e+00 -1.903161512823668e-03 -9.114707263547027e-04 -1.007667603716861e+00
55 32 -1.000281513975373e+00 -1.902120281535180e-03 -9.120113597554248e-04 -1.007670971668668e+00
55 33 -1.000281070868593e+00 -1.901023430733821e-03 -9.125952512097736e-04 -1.007674590123200e+00
55 34 -1.000280590882673e+00 -1.899879833193565e-03 -9.132240900635235e-04 -1.007678427454627e+00
55 35 -1.000280078909254e+00 -1.898699040058790e-03 -9.138983029056708e-04 -1.007682449347286e+00
55 36 -1.000279540293844e+00 -1.897491241118301e-03 -9.146167421504468e-04 -1.007686619070551e+00
55 37 -1.000278980761605e+00 -1.896267201777449e-03 -9.153764792032435e-04 -1.007690897798711e+00
55 38 -1.000278406339285e+00 -1.895038182449563e-03 -9.161727019925395e-04 -1.007695244951414e+00
55 39 -1.000277823277288e+00 -1.893815847749090e-03 -9.169986960060331e-04 -1.007699618536761e+00
55 40 -1.000277237973107e+00 -1.892612170592808e-03 -9.178458831709395e-04 -1.007703975494115e+00
55 41 -1.000276656895246e+00 -1.891439332125135e-03 -9.187039033751804e-04 -1.007708272046728e+00
55 42 -1.000276086505930e+00 -1.890309614523531e-03 -9.195607407435866e-04 -1.007712464079860e+00
55 43 -1.000275533181098e+00 -1.889235281236680e-03 -9.204029115396281e-04 -1.007716507559782e+00
55 44 -1.000275003126630e+00 -1.888228438178542e-03 -9.212157368354290e-04 -1.007720359006657e+00
55 45 -1.000274502290590e+00 -1.887300869944708e-03 -9.219837181383404e-04 -1.007723976031205e+00
55 46 -1.000274036272288e+00 -1.886463847726470e-03 -9.226910175892805e-04 -1.007727317940198e+00
55 47 -1.000273610230159e+00 -1.885727910771955e-03 -9.233220201319942e-04 -1.007730346406957e+00
55 48 -1.000273228791775e+00 -1.885102630437044e-03 -9.238619326618771e-04 -1.007733026187747e+00
55 49 -1.000272895970875e+00 -1.884596372813566e-03 -9.242973649000264e-04 -1.007735325845770e+00
55 50 -1.000272615097541e+00 -1.884216079627418e-03 -9.246168424519256e-04 -1.007737218428927e+00
55 51 -1.000272388767495e+00 -1.883967085927675e-03 -9.248112198388405e-04 -1.007738682044149e+00
55 52 -1.000272218814551e+00 -1.883852987607273e-03 -9.248739826915164e-04 -1.007739700282161e+00
55 53 -1.000272106307109e+00 -1.883875563787571e-03 -9.248014474001272e-04 -1.007740262468862e+00
55 54 -1.000272051566281e+00 -1.884034750742371e-03 -9.245928775461042e-04 -1.007740363747222e+00
55 55 -1.000272054200787e+00 -1.884328658184449e-03 -9.242505340786527e-04 -1.007740005018189e+00
55 56 -1.000272113153076e+00 -1.884753618207071e-03 -9.237796605612469e-04 -1.007739192779632e+00
55 57 -1.000272226752512e+00 -1.885304262096252e-03 -9.231883855811088e-04 -1.007737938892998e+00
55 58 -1.000272392774232e+00 -1.885973626684935e-03 -9.224875156481941e-04 -1.007736260285924e+00
55 59 -1.000272608504272e+00 -1.886753294759802e-03 -9.216902010701071e-04 -1.007734178582286e+00
55 60 -1.000272870811538e+00 -1.887633571192401e-03 -9.208114804647072e-04 -1.007731719650225e+00
55 61 -1.000273176225366e+00 -1.888603689822605e-03 -9.198677365683681e-04 -1.007728913071608e+00
55 62 -1.000273521015014e+00 -1.889652038919905e-03 -9.188761168054714e-04 -1.007725791554841e+00
55 63 -1.000273901265646e+00 -1.890766388125672e-03 -9.178539786296711e-04 -1.007722390329613e+00
56 0 -1.000274102461950e+00 -1.891078774729260e-03 -9.210871985291279e-04 -1.007720100970681e+00
56 1 -1.000274534658734e+00 -1.892274813879610e-03 -9.200531610084943e-04 -1.007716299908558e+00
56 2 -1.000274989557470e+00 -1.893496855658302e-03 -9.190386086273671e-04 -1.007712338895225e+00
56 3 -1.000275463099233e+00 -1.894732141278353e-03 -9.180578344746490e-04 -1.007708257717889e+00
56 4 -1.000275951247196e+00 -1.895968123344434e-03 -9.171236682965897e-04 -1.007704096389598e+00
56 5 -1.000276449997189e+00 -1.897192584201878e-03 -9.162472695195445e-04 -1.007699894823864e+00
56 6 -1.000276955385194e+00 -1.898393750774203e-03 -9.154379469553436e-04 -1.007695692507447e+00
56 7 -1.000277463492995e+00 -1.899560402880403e-03 -9.147030289394207e-04 -1.007691528170333e+00
56 8 -1.000277970451593e+00 -1.900681968654359e-03 -9.140478116826674e-04 -1.007687439465447e+00
56 9 -1.000278472441541e+00 -1.901748601462012e-03 -9.134756023342685e-04 -1.007683462675304e+00
56 10 -1.000278965690491e+00 -1.902751237799550e-03 -9.129878508119867e-04 -1.007679632454469e+00
56 11 -1.000279446469984e+00 -1.903681641330299e-03 -9.125843425762640e-04 -1.007675981603196e+00
56 12 -1.000279911094198e+00 -1.904532439701871e-03 -9.122634149542299e-04 -1.007672540862624e+00
56 13 -1.000280355922470e+00 -1.905297157102290e-03 -9.120221660197988e-04 -1.007669338729503e+00
56 14 -1.000280777366024e+00 -1.905970239977412e-03 -9.118566423564761e-04 -1.007666401299571e+00
56 15 -1.000281171898342e+00 -1.906547069423420e-03 -9.117620119781883e-04 -1.007663752154192e+00
56 16 -1.000281536068178e+00 -1.907023952659237e-03 -9.117327438227641e-04 -1.007661412303701e+00
56 17 -1.000281866514357e+00 -1.907398088216873e-03 -9.117628195240292e-04 -1.007659400193522e+00
56 18 -1.000282159983008e+00 -1.907667505981505e-03 -9.118459932657319e-04 -1.007657731762380e+00
56 19 -1.000282413350676e+00 -1.907830992588293e-03 -9.119760942547921e-04 -1.007656420518135e+00
56 20 -1.000282623658563e+00 -1.907888019684754e-03 -9.121473434609294e-04 -1.007655477581208e+00
56 21 -1.000282788161913e+00 -1.907838692061709e-03 -9.123546430253977e-04 -1.007654911653833e+00
56 22 -1.000282904394352e+00 -1.907683724842704e-03 -9.125937988909245e-04 -1.007654728902732e+00
56 23 -1.000282970242429e+00 -1.907424448694832e-03 -9.128616528182890e-04 -1.007654932775018e+00
56 24 -1.000282984022592e+00 -1.907062833810233e-03 -9.131561223911928e-04 -1.007655523787591e+00
56 25 -1.000282944551952e+00 -1.906601518847414e-03 -9.134761687341858e-04 -1.007656499336817e+00
56 26 -1.000282851205392e+00 -1.906043831071609e-03 -9.138217232926132e-04 -1.007657853568420e+00
56 27 -1.000282703955206e+00 -1.905393789656655e-03 -9.141936012726354e-04 -1.007659577325821e+00
56 28 -1.000282503394460e+00 -1.904656093824455e-03 -9.145934109598900e-04 -1.007661658164615e+00
56 29 -1.000282250748691e+00 -1.903836105649234e-03 -9.150234444795708e-04 -1.007664080399667e+00
56 30 -1.000281947880364e+00 -1.902939838808160e-03 -9.154865200315365e-04 -1.007666825154063e+00
56 31 -1.000281597287295e+00 -1.901973959378027e-03 -9.159857472000773e-04 -1.007669870400759e+00
56 32 -1.000281202093099e+00 -1.900945797277230e-03 -9.165242050590332e-04 -1.007673191009981e+00
56 33 -1.000280766026328e+00 -1.899863360984796e-03 -9.171045493384167e-04 -1.007676758825993e+00
56 34 -1.000280293385525e+00 -1.898735345041932e-03 -9.177285894592837e-04 -1.007680542796106e+00
56 35 -1.000279788989144e+00 -1.897571119951217e-03 -9.183968897244375e-04 -1.007684509166236e+00
56 36 -1.000279258111894e+00 -1.896380697808940e-03 -9.191084456202930e-04 -1.007688621742681e+00
56 37 -1.000278706411700e+00 -1.895174673205214e-03 -9.198604662773280e-04 -1.007692842204011e+00
56 38 -1.000278139852352e+00 -1.893964144464919e-03 -9.206482660383921e-04 -1.007697130439476e+00
56 39 -1.000277564625607e+00 -1.892760622386611e-03 -9.214652453079636e-04 -1.007701444896105e+00
56 40 -1.000276987073968e+00 -1.891575932067088e-03 -9.223029336479053e-04 -1.007705742929873e+00
56 41 -1.000276413613447e+00 -1.890422109912641e-03 -9.231510768657036e-04 -1.007709981167803e+00
56 42 -1.000275850654949e+00 -1.889311294168214e-03 -9.239977668107764e-04 -1.007714115893857e+00
56 43 -1.000275304522940e+00 -1.888255604130558e-03 -9.248296285778167e-04 -1.007718103473261e+00
56 44 -1.000274781370639e+00 -1.887267001409673e-03 -9.256320883922438e-04 -1.007721900828857e+00
56 45 -1.000274287091822e+00 -1.886357126954070e-03 -9.263897425066008e-04 -1.007725465979258e+00
56 46 -1.000273827230354e+00 -1.885537110441483e-03 -9.270868314223569e-04 -1.007728758642589e+00
56 47 -1.000273406889386e+00 -1.884817353856608e-03 -9.277077988503834e-04 -1.007731740901305e+00
56 48 -1.000273030643151e+00 -1.884207297822947e-03 -9.282378914731725e-04 -1.007734377910389e+00
56 49 -1.000272702455590e+00 -1.883715185834841e-03 -9.286637443405830e-04 -1.007736638613447e+00
56 50 -1.000272425611401e+00 -1.883347845557616e-03 -9.289739010909708e-04 -1.007738496415255e+00
56 51 -1.000272202665332e+00 -1.883110505950719e-03 -9.291592341619101e-04 -1.007739929754221e+00
56 52 -1.000272035414005e+00 -1.883006663948144e-03 -9.292132514466231e-04 -1.007740922527770e+00
56 53 -1.000271924891757e+00 -1.883038006349881e-03 -9.291322965110769e-04 -1.007741464344905e+00
56 54 -1.000271871388764e+00 -1.883204384034725e-03 -9.289156625342612e-04 -1.007741550607167e+00
56 55 -1.000271874487021e+00 -1.883503829670537e-03 -9.285656389203626e-04 -1.007741182443932e+00
56 56 -1.000271933108581e+00 -1.883932609229855e-03 -9.280874941161855e-04 -1.007740366540503e+00
56 57 -1.000272045571278e+00 -1.884485301779677e-03 -9.274893786588969e-04 -1.007739114891417e+00
56 58 -1.000272209649555e+00 -1.885154907933464e-03 -9.267821226560188e-04 -1.007737444492190e+00
56 59 -1.000272422640197e+00 -1.885932990628936e-03 -9.259789089686877e-04 -1.007735376964966e+00
56 60 -1.000272681433441e+00 -1.886809850186600e-03 -9.250948245524943e-04 -1.007732938108971e+00
56 61 -1.000272982588740e+00 -1.887774729716940e-03 -9.241463192614472e-04 -1.007730157376590e+00
56 62 -1.000273322412313e+00 -1.888816039603283e-03 -9.231506241613030e-04 -1.007727067293541e+00
56 63 -1.000273697031719e+00 -1.889921584353612e-03 -9.221251903794652e-04 -1.007723702859119e+00
57 0 -1.000273959186674e+00 -1.890244478257620e-03 -9.253858522397039e-04 -1.007721323860702e+00
57 1 -1.000274385029517e+00 -1.891429598455353e-03 -9.243496368053976e-04 -1.007717566010215e+00
57 2 -1.000274832974797e+00 -1.892638934965163e-03 -9.233341989021362e-04 -1.007713653325413e+00
57 3 -1.000275299029078e+00 -1.893859822164457e-03 -9.223539048165630e-04 -1.007709625168763e+00
57 4 -1.000275779229926e+00 -1.895079827562888e-03 -9.214216463034092e-04 -1.007705521061263e+00
57 5 -1.000276269655310e+00 -1.896286869356664e-03 -9.205486355750218e-04 -1.007701380362221e+00
57 6 -1.000276766429238e+00 -1.897469330415276e-03 -9.197442243235652e-04 -1.007697241948916e+00
57 7 -1.000277265725284e+00 -1.898616165810438e-03 -9.190157694467485e-04 -1.007693143894293e+00
57 8 -1.000277763767986e+00 -1.899716997254771e-03 -9.183685738890683e-04 -1.007689123155491e+00
57 9 -1.000278256831693e+00 -1.900762188766354e-03 -9.178059212225653e-04 -1.007685215289398e+00
57 10 -1.000278741237481e+00 -1.901742902918543e-03 -9.173292011447064e-04 -1.007681454202847e+00
57 11 -1.000279213349920e+00 -1.902651142331509e-03 -9.169381007334773e-04 -1.007677871933724e+00
57 12 -1.000279669575640e+00 -1.903479782596909e-03 -9.166308245677676e-04 -1.007674498455886e+00
57 13 -1.000280106364940e+00 -1.904222599889200e-03 -9.164043108206908e-04 -1.007671361506633e+00
57 14 -1.000280520216947e+00 -1.904874291671749e-03 -9.162544267881639e-04 -1.007668486443543e+00
57 15 -1.000280907688272e+00 -1.905430484957821e-03 -9.161761477569332e-04 -1.007665896142302e+00
57 16 -1.000281265404549e+00 -1.905887724878550e-03 -9.161637392499356e-04 -1.007663610948022e+00
57 17 -1.000281590074122e+00 -1.906243437863444e-03 -9.162109682736315e-04 -1.007661648687461e+00
57 18 -1.000281878504516e+00 -1.906495869690561e-03 -9.163113611241121e-04 -1.007660024733826e+00
57 19 -1.000282127625008e+00 -1.906644007856666e-03 -9.164585055278230e-04 -1.007658752091770e+00
57 20 -1.000282334520291e+00 -1.906687505230616e-03 -9.166463715740933e-04 -1.007657841453350e+00
57 21 -1.000282496479029e+00 -1.906626622488700e-03 -9.168696102822285e-04 -1.007657301181617e+00
57 22 -1.000282611057134e+00 -1.906462199792418e-03 -9.171237883378894e-04 -1.007657137206056e+00
57 23 -1.000282676151278e+00 -1.906195657951473e-03 -9.174055320922915e-04 -1.007657352846205e+00
57 24 -1.000282690075272e+00 -1.905829020704131e-03 -9.177125764756273e-04 -1.007657948601584e+00
57 25 -1.000282651630999e+00 -1.905364944803221e-03 -9.180437363069007e-04 -1.007658921954093e+00
57 26 -1.000282560166599e+00 -1.904806744006139e-03 -9.183988307221955e-04 -1.007660267223905e+00
57 27 -1.000282415617946e+00 -1.904158397675517e-03 -9.187785902989245e-04 -1.007661975500823e+00
57 28 -1.000282218533994e+00 -1.903424543609894e-03 -9.191845601457051e-04 -1.007664034644310e+00
57 29 -1.000281970090056e+00 -1.902610463431902e-03 -9.196189882388660e-04 -1.007666429322415e+00
57 30 -1.000281672093265e+00 -1.901722071956880e-03 -9.200846701468019e-04 -1.007669141057682e+00
57 31 -1.000281326981736e+00 -1.900765918032904e-03 -9.205847199969027e-04 -1.007672148266269e+00
57 32 -1.000280937815777e+00 -1.899749196821311e-03 -9.211222542117158e-04 -1.007675426299458e+00
57 33 -1.000280508257921e+00 -1.898679766797383e-03 -9.217000011159443e-04 -1.007678947510446e+00
57 34 -1.000280042538956e+00 -1.897566161070073e-03 -9.223198750823455e-04 -1.007682681370387e+00
57 35 -1.000279545408977e+00 -1.896417582342195e-03 -9.229825692565158e-04 -1.007686594649548e+00
57 36 -1.000279022075052e+00 -1.895243873965111e-03 -9.236872199579807e-04 -1.007690651665526e+00
57 37 -1.000278478129387e+00 -1.894055465222907e-03 -9.244311776605081e-04 -1.007694814585798e+00
57 38 -1.000277919472699e+00 -1.892863294730124e-03 -9.252098912195917e-04 -1.007699043763676e+00
57 39 -1.000277352236406e+00 -1.891678718882455e-03 -9.260168872355309e-04 -1.007703298089402e+00
57 40 -1.000276782705002e+00 -1.890513411722908e-03 -9.268438165210763e-04 -1.007707535348807e+00
57 41 -1.000276217238072e+00 -1.889379259458347e-03 -9.276805464335190e-04 -1.007711712593422e+00
57 42 -1.000275662190565e+00 -1.888288248838457e-03 -9.285152944220305e-04 -1.007715786533607e+00
57 43 -1.000275123830114e+00 -1.887252345025685e-03 -9.293348153091000e-04 -1.007719713969075e+00
57 44 -1.000274608251044e+00 -1.886283352545955e-03 -9.301246652648671e-04 -1.007723452269611e+00
57 45 -1.000274121285710e+00 -1.885392753194921e-03 -9.308695640489559e-04 -1.007726959914290e+00
57 46 -1.000273668414562e+00 -1.884591517481426e-03 -9.315538620211196e-04 -1.007730197092016e+00
57 47 -1.000273254676762e+00 -1.883889890954150e-03 -9.321620939353982e-04 -1.007733126359406e+00
57 48 -1.000272884583779e+00 -1.883297163090716e-03 -9.326795777740178e-04 -1.007735713340388e+00
57 49 -1.000272562039706e+00 -1.882821433158848e-03 -9.330930039886373e-04 -1.007737927434252e+00
57 50 -1.000272290273442e+00 -1.882469392133543e-03 -9.333909626183361e-04 -1.007739742482048e+00
57 51 -1.000272071788314e+00 -1.882246139782233e-03 -9.335643705166923e-04 -1.007741137335295e+00
57 52 -1.000271908333527e+00 -1.882155050902349e-03 -9.336067828274552e-04 -1.007742096280269e+00
57 53 -1.000271800899318e+00 -1.882197696566953e-03 -9.335145948944252e-04 -1.007742609291459e+00
57 54 -1.000271749734827e+00 -1.882373818195491e-03 -9.332871547817156e-04 -1.007742672112400e+00
57 55 -1.000271754384965e+00 -1.882681346663753e-03 -9.329268061751269e-04 -1.007742286185604e+00
57 56 -1.000271813740802e+00 -1.883116456949099e-03 -9.324388673740394e-04 -1.007741458468525e+00
57 57 -1.000271926098025e+00 -1.883673651476689e-03 -9.318315334777932e-04 -1.007740201171778e+00
57 58 -1.000272089219952e+00 -1.884345870852420e-03 -9.311156777348951e-04 -1.007738531439046e+00
57 59 -1.000272300404158e+00 -1.885124635147827e-03 -9.303045319487007e-04 -1.007736470967395e+00
57 60 -1.000272556553131e+00 -1.886000218467545e-03 -9.294132447703546e-04 -1.007734045557942e+00
57 61 -1.000272854248643e+00 -1.886961853629492e-03 -9.284583440017322e-04 -1.007731284595637e+00
57 62 -1.000273189827468e+00 -1.887997955842112e-03 -9.274571537772131e-04 -1.007728220475768e+00
57 63 -1.000273559454228e+00 -1.889096348981295e-03 -9.264272281000893e-04 -1.007724888011262e+00
58 0 -1.000273885049410e+00 -1.889439309509520e-03 -9.296764234077245e-04 -1.007722400197038e+00
58 1 -1.000274305081349e+00 -1.890614920222495e-03 -9.286372346201378e-04 -1.007718681567142e+00
58 2 -1.000274746527956e+00 -1.891812764497639e-03 -9.276203584117385e-04 -1.007714813904787e+00
58 3 -1.000275205457444e+00 -1.893020260190826e-03 -9.266402370507841e-04 -1.007710836171085e+00
58 4 -1.000275677978551e+00 -1.894225081983977e-03 -9.257098235602933e-04 -1.007706787412450e+00
58 5 -1.000276160249233e+00 -1.895415278570532e-03 -9.248403787810146e-04 -1.007702706443718e+00
58 6 -1.000276648480622e+00 -1.896579385705117e-03 -9.240412908551090e-04 -1.007698631534429e+00
58 7 -1.000277138938202e+00 -1.897706532387377e-03 -9.233199381034034e-04 -1.007694600096052e+00
58 8 -1.000277627940844e+00 -1.898786533878648e-03 -9.226816234594604e-04 -1.007690648381089e+00
58 9 -1.000278111858006e+00 -1.899809966055463e-03 -9.221296009097144e-04 -1.007686811207889e+00
58 10 -1.000278587105948e+00 -1.900768220055854e-03 -9.216651943710784e-04 -1.007683121718498e+00
58 11 -1.000279050144344e+00 -1.901653541169653e-03 -9.212879865631519e-04 -1.007679611167906e+00
58 12 -1.000279497474594e+00 -1.902459057911584e-03 -9.209960416616035e-04 -1.007676308739348e+00
58 13 -1.000279925640751e+00 -1.903178804967432e-03 -9.207861276387910e-04 -1.007673241383855e+00
58 14 -1.000280331233534e+00 -1.903807739137413e-03 -9.206539195982610e-04 -1.007670433689135e+00
58 15 -1.000280710897488e+00 -1.904341743372000e-03 -9.205941854774978e-04 -1.007667907788181e+00
58 16 -1.000281061340934e+00 -1.904777612108494e-03 -9.206009719249462e-04 -1.007665683319531e+00
58 17 -1.000281379348288e+00 -1.905113012243861e-03 -9.206678153678847e-04 -1.007663777446529e+00
58 18 -1.000281661795665e+00 -1.905346419294372e-03 -9.207879976974905e-04 -1.007662204928398e+00
58 19 -1.000281905672910e+00 -1.905477037046427e-03 -9.209548476671277e-04 -1.007660978213239e+00
58 20 -1.000282108116727e+00 -1.905504716989498e-03 -9.211620650526841e-04 -1.007660107505485e+00
58 21 -1.000282266458447e+00 -1.905429895402114e-03 -9.214040270230845e-04 -1.007659600763405e+00
58 22 -1.000282378286291e+00 -1.905253559627906e-03 -9.216760341295481e-04 -1.007659463607397e+00
58 23 -1.000282441517895e+00 -1.904977244916209e-03 -9.219744667310418e-04 -1.007659699152015e+00
58 24 -1.000282454475999e+00 -1.904603054399586e-03 -9.222968444068718e-04 -1.007660307797863e+00
58 25 -1.000282415959288e+00 -1.904133689568596e-03 -9.226418028014386e-04 -1.007661287028701e+00
58 26 -1.000282325301316e+00 -1.903572477345651e-03 -9.230090173486067e-04 -1.007662631255486e+00
58 27 -1.000282182413450e+00 -1.902923383405479e-03 -9.233991050528018e-04 -1.007664331732322e+00
58 28 -1.000281987811984e+00 -1.902191009582278e-03 -9.238135213094983e-04 -1.007666376542394e+00
58 29 -1.000281742632992e+00 -1.901380582206308e-03 -9.242544447920628e-04 -1.007668750627887e+00
58 30 -1.000281448638851e+00 -1.900497942425937e-03 -9.247246234682984e-04 -1.007671435832278e+00
58 31 -1.000281108218051e+00 -1.899549546799087e-03 -9.252271509285659e-04 -1.007674410938153e+00
58 32 -1.000280724376903e+00 -1.898542479499758e-03 -9.257651566569418e-04 -1.007677651705843e+00
58 33 -1.000280300720173e+00 -1.897484470629133e-03 -9.263414196099634e-04 -1.007681130933139e+00
58 34 -1.000279841417945e+00 -1.896383910689234e-03 -9.269579410513569e-04 -1.007684818559995e+00
58 35 -1.000279351157690e+00 -1.895249850095294e-03 -9.276155302452858e-04 -1.007688681836218e+00
58 36 -1.000278835083002e+00 -1.894091975163875e-03 -9.283134579499176e-04 -1.007692685557328e+00
58 37 -1.000278298722712e+00 -1.892920557609584e-03 -9.290492158734640e-04 -1.007696792358567e+00
58 38 -1.000277747915019e+00 -1.891746380539840e-03 -9.298183923065089e-04 -1.007700963047410e+00
58 39 -1.000277188730090e+00 -1.890580647387652e-03 -9.306146482818857e-04 -1.007705156956426e+00
58 40 -1.000276627392365e+00 -1.889434880314002e-03 -9.314297662552092e-04 -1.007709332307935e+00
58 41 -1.000276070201943e+00 -1.888320812227718e-03 -9.322537474633260e-04 -1.007713446592371e+00
58 42 -1.000275523453796e+00 -1.887250272805329e-03 -9.330749496945648e-04 -1.007717456969450e+00
58 43 -1.000274993353866e+00 -1.886235064898672e-03 -9.338802754597990e-04 -1.007721320704801e+00
58 44 -1.000274485932034e+00 -1.885286825165263e-03 -9.346554328488213e-04 -1.007724995654313e+00
58 45 -1.000274006952959e+00 -1.884416862915861e-03 -9.353852913500748e-04 -1.007728440804020e+00
58 46 -1.000273561826544e+00 -1.883635973808495e-03 -9.360543409089219e-04 -1.007731616867398e+00
58 47 -1.000273155519890e+00 -1.882954229282699e-03 -9.366472390540771e-04 -1.007734486935897e+00
58 48 -1.000272792472853e+00 -1.882380748421000e-03 -9.371494071921374e-04 -1.007737017168829e+00
58 49 -1.000272476520278e+00 -1.881923465831697e-03 -9.375476224231722e-04 -1.007739177492099e+00
58 50 -1.000272210825532e+00 -1.881588914548423e-03 -9.378305507622314e-04 -1.007740942257412e+00
58 51 -1.000271997830672e+00 -1.881382043344175e-03 -9.379891812489557e-04 -1.007742290806391e+00
58 52 -1.000271839227669e+00 -1.881306082593556e-03 -9.380171428878892e-04 -1.007743207893000e+00
58 53 -1.000271735952971e+00 -1.881362464839322e-03 -9.379109092335623e-04 -1.007743683937061e+00
58 54 -1.000271688205074e+00 -1.881550798816006e-03 -9.376699099792838e-04 -1.007743715104211e+00
58 55 -1.000271695482130e+00 -1.881868890167856e-03 -9.372965697962755e-04 -1.007743303230045e+00
58 56 -1.000271756634314e+00 -1.882312799291270e-03 -9.367962827067155e-04 -1.007742455624198e+00
58 57 -1.000271869924933e+00 -1.882876928187642e-03 -9.361773125599320e-04 -1.007741184793767e+00
58 58 -1.000272033095803e+00 -1.883554133752871e-03 -9.354505972800836e-04 -1.007739508110316e+00
58 59 -1.000272243435253e+00 -1.884335870366252e-03 -9.346294355128216e-04 -1.007737447421989e+00
58 60 -1.000272497848870e+00 -1.885212364754390e-03 -9.337290516143462e-04 -1.007735028601351e+00
58 61 -1.000272792932730e+00 -1.886172820088941e-03 -9.327660624474372e-04 -1.007732281027844e+00
58 62 -1.000273125047156e+00 -1.887205638516614e-03 -9.317578950319785e-04 -1.007729237021397e+00
58 63 -1.000273490387676e+00 -1.888298646737042e-03 -9.307222157215860e-04 -1.007725931257275e+00
59 0 -1.000273881207768e+00 -1.888671137694567e-03 -9.339210425492386e-04 -1.007723316241894e+00
59 1 -1.000274296051059e+00 -1.889838791924324e-03 -9.328780057013266e-04 -1.007719632297456e+00
59 2 -1.000274731540512e+00 -1.891026521606137e-03 -9.318590517573544e-04 -1.007715805742944e+00
59 3 -1.000275183800969e+00 -1.892221816491921e-03 -9.308787022985134e-04 -1.007711875169199e+00
59 4 -1.000275649007953e+00 -1.893412448857807e-03 -9.299499712028417e-04 -1.007707879173013e+00
59 5 -1.000276123396058e+00 -1.894586590703753e-03 -9.290841636929477e-04 -1.007703856041991e+00
59 6 -1.000276603261308e+00 -1.895732925543118e-03 -9.282906973778249e-04 -1.007699843448200e+00
59 7 -1.000277084959850e+00 -1.896840752721821e-03 -9.275769639059064e-04 -1.007695878146461e+00
59 8 -1.000277564904491e+00 -1.897900078794581e-03 -9.269482583470411e-04 -1.007691995684608e+00
59 9 -1.000278039560159e+00 -1.898901690552054e-03 -9.264077981725232e-04 -1.007688230137536e+00
59 10 -1.000278505439199e+00 -1.899837207959660e-03 -9.259568354235399e-04 -1.007684613873368e+00
59 11 -1.000278959097560e+00 -1.900699120292700e-03 -9.255948424303940e-04 -1.007681177352067e+00
59 12 -1.000279397132839e+00 -1.901480811400410e-03 -9.253197359088299e-04 -1.007677948951465e+00
59 13 -1.000279816184817e+00 -1.902176578286772e-03 -9.251281046914129e-04 -1.007674954817827e+00
59 14 -1.000280212938709e+00 -1.902781642641832e-03 -9.250154206345869e-04 -1.007672218745284e+00
59 15 -1.000280584131030e+00 -1.903292150766890e-03 -9.249762315718107e-04 -1.007669762094676e+00
59 16 -1.000280926557851e+00 -1.903705155413501e-03 -9.250043516524513e-04 -1.007667603763546e+00
59 17 -1.000281237085571e+00 -1.904018574107019e-03 -9.250930730628727e-04 -1.007665760213631e+00
59 18 -1.000281512665510e+00 -1.904231123314852e-03 -9.252354198651919e-04 -1.007664245548299e+00
59 19 -1.000281750355426e+00 -1.904342235928212e-03 -9.254244479773537e-04 -1.007663071611962e+00
59 20 -1.000281947352197e+00 -1.904351977289895e-03 -9.256535711636676e-04 -1.007662248066957e+00
59 21 -1.000282101038811e+00 -1.904260977285296e-03 -9.259168738559930e-04 -1.007661782404313e+00
59 22 -1.000282209045591e+00 -1.904070390942938e-03 -9.262093677260885e-04 -1.007661679865992e+00
59 23 -1.000282269321698e+00 -1.903781890576337e-03 -9.265271606671955e-04 -1.007661943286623e+00
59 24 -1.000282280210131e+00 -1.903397683294957e-03 -9.268675275374825e-04 -1.007662572887888e+00
59 25 -1.000282240518375e+00 -1.902920541501814e-03 -9.272288940459621e-04 -1.007663566071212e+00
59 26 -1.000282149577725e+00 -1.902353832109233e-03 -9.276107616661094e-04 -1.007664917252352e+00
59 27 -1.000282007287243e+00 -1.901701533573335e-03 -9.280136055158830e-04 -1.007666617764755e+00
59 28 -1.000281814142374e+00 -1.900968237652161e-03 -9.284387650869845e-04 -1.007668655832233e+00
59 29 -1.000281571251318e+00 -1.900159141206798e-03 -9.288883246983367e-04 -1.007671016588714e+00
59 30 -1.000281280342653e+00 -1.899280037810569e-03 -9.293649596486253e-04 -1.007673682116281e+00
59 31 -1.000280943765671e+00 -1.898337317659333e-03 -9.298717175017855e-04 -1.007676631483386e+00
59 32 -1.000280564482363e+00 -1.897337978867727e-03 -9.304117154513739e-04 -1.007679840783375e+00
59 33 -1.000280146048493e+00 -1.896289646384874e-03 -9.309877591377449e-04 -1.007683283189250e+00
59 34 -1.000279692581172e+00 -1.895200588990469e-03 -9.316019158627423e-04 -1.007686929048532e+00
59 35 -1.000279208711708e+00 -1.894079722552672e-03 -9.322550949999361e-04 -1.007690746039460e+00
59 36 -1.000278699525071e+00 -1.892936590224650e-03 -9.329466917801818e-04 -1.007694699396466e+00
59 37 -1.000278170489813e+00 -1.891781316041042e-03 -9.336743353242439e-04 -1.007698752195905e+00
59 38 -1.000277627383052e+00 -1.890624534056626e-03 -9.344337546650641e-04 -1.007702865683488e+00
59 39 -1.000277076213741e+00 -1.889477298453160e-03 -9.352187501463146e-04 -1.007706999626965e+00
59 40 -1.000276523145075e+00 -1.888350980861560e-03 -9.360212430005144e-04 -1.007711112686047e+00
59 41 -1.000275974415346e+00 -1.887257159931658e-03 -9.368313772456114e-04 -1.007715162799199e+00
59 42 -1.000275436256238e+00 -1.886207504888280e-03 -9.376376621353228e-04 -1.007719107592919e+00
59 43 -1.000274914807912e+00 -1.885213650368236e-03 -9.384271622144926e-04 -1.007722904824153e+00
59 44 -1.000274416031066e+00 -1.884287056701955e-03 -9.391857559313440e-04 -1.007726512867824e+00
59 45 -1.000273945617243e+00 -1.883438849755911e-03 -9.398984853496849e-04 -1.007729891257182e+00
59 46 -1.000273508899521e+00 -1.882679636938580e-03 -9.405500069412192e-04 -1.007733001277862e+00
59 47 -1.000273110765733e+00 -1.882019299853097e-03 -9.411251311154534e-04 -1.007735806610944e+00
59 48 -1.000272755576061e+00 -1.881466769520386e-03 -9.416094144203138e-04 -1.007738274012242e+00
59 49 -1.000272447087454e+00 -1.881029796991712e-03 -9.419897521043509e-04 -1.007740373999981e+00
59 50 -1.000272188388794e+00 -1.880714737819763e-03 -9.422549161911788e-04 -1.007742081505194e+00
59 51 -1.000271981851771e+00 -1.880526369641841e-03 -9.423959964143045e-04 -1.007743376430788e+00
59 52 -1.000271829101976e+00 -1.880467757423460e-03 -9.424067233804513e-04 -1.007744244072165e+00
59 53 -1.000271731012968e+00 -1.880540173469333e-03 -9.422836764530535e-04 -1.007744675369949e+00
59 54 -1.000271687723638e+00 -1.880743071907496e-03 -9.420263944942681e-04 -1.007744666987321e+00
59 55 -1.000271698676442e+00 -1.881074111203364e-03 -9.416374105165819e-04 -1.007744221227756e+00
59 56 -1.000271762671429e+00 -1.881529214797931e-03 -9.411222212226893e-04 -1.007743345828537e+00
59 57 -1.000271877929769e+00 -1.882102661229131e-03 -9.404891849830110e-04 -1.007742053670428e+00
59 58 -1.000272042161714e+00 -1.882787200610668e-03 -9.397493274616057e-04 -1.007740362430066e+00
59 59 -1.000272252636497e+00 -1.883574199554275e-03 -9.389160331659080e-04 -1.007738294180450e+00
59 60 -1.000272506253606e+00 -1.884453816742901e-03 -9.380046170920899e-04 -1.007735874933947e+00
59 61 -1.000272799614999e+00 -1.885415206166959e-03 -9.370317972084201e-04 -1.007733134127636e+00
59 62 -1.000273129096914e+00 -1.886446738398228e-03 -9.360151138767735e-04 -1.007730104064107e+00
59 63 -1.000273490918998e+00 -1.887536225901255e-03 -9.349723552856618e-04 -1.007726819332563e+00
60 0 -1.000273948023665e+00 -1.887947536817567e-03 -9.380821339838548e-04 -1.007724059778095e+00
60 1 -1.000274358373833e+00 -1.889108916161961e-03 -9.370342937699560e-04 -1.007720405485290e+00
60 2 -1.000274788529201e+00 -1.890288060338028e-03 -9.360125313727764e-04 -1.007716615554666e+00
60 3 -1.000275234665297e+00 -1.891472518168268e-03 -9.350314513156616e-04 -1.007712728243417e+00
60 4 -1.000275693019060e+00 -1.892650148436411e-03 -9.341041282979955e-04 -1.007708781729896e+00
60 5 -1.000276159897099e+00 -1.893809237118743e-03 -9.332419082289576e-04 -1.007704813800143e+00
60 6 -1.000276631676636e+00 -1.894938607906978e-03 -9.324542314659758e-04 -1.007700861548750e+00
60 7 -1.000277104801897e+00 -1.896027724696721e-03 -9.317484944656324e-04 -1.007696961087678e+00
60 8 -1.000277575778194e+00 -1.897066781122977e-03 -9.311299757223014e-04 -1.007693147267794e+00
60 9 -1.000278041165336e+00 -1.898046771816383e-03 -9.306018485345938e-04 -1.007689453423591e+00
60 10 -1.000278497571635e+00 -1.898959543341909e-03 -9.301652866167054e-04 -1.007685911149226e+00
60 11 -1.000278941649511e+00 -1.899797827670869e-03 -9.298196458719768e-04 -1.007682550106753e+00
60 12 -1.000279370093366e+00 -1.900555263906628e-03 -9.295626889776887e-04 -1.007679397862103e+00
60 13 -1.000279779639961e+00 -1.901226412710545e-03 -9.293908178400851e-04 -1.007676479745887e+00
60 14 -1.000280167071106e+00 -1.901806763582261e-03 -9.292992916686106e-04 -1.007673818742977e+00
60 15 -1.000280529218362e+00 -1.902292730787762e-03 -9.292824271906939e-04 -1.007671435421288e+00
60 16 -1.000280862969698e+00 -1.902681631620011e-03 -9.293337942017885e-04 -1.007669347911397e+00
60 17 -1.000281165278675e+00 -1.902971641832855e-03 -9.294464290998917e-04 -1.007667571942413e+00
60 18 -1.000281433177912e+00 -1.903161727768215e-03 -9.296130874121243e-04 -1.007666120925778e+00
60 19 -1.000281663799974e+00 -1.903251562030686e-03 -9.298265416462819e-04 -1.007665006060390e+00
60 20 -1.000281854409545e+00 -1.903241436659722e-03 -9.300799076485549e-04 -1.007664236417746e+00
60 21 -1.000282002449712e+00 -1.903132190632282e-03 -9.303669625233533e-04 -1.007663818964970e+00
60 22 -1.000282105602240e+00 -1.902925164983186e-03 -9.306824108913143e-04 -1.007663758500610e+00
60 23 -1.000282161858119e+00 -1.902622190228137e-03 -9.310220660424429e-04 -1.007664057506491e+00
60 24 -1.000282169591789e+00 -1.902225601000491e-03 -9.313829324505590e-04 -1.007664715946116e+00
60 25 -1.000282127631351e+00 -1.901738265755542e-03 -9.317631981447092e-04 -1.007665731055313e+00
60 26 -1.000282035317994e+00 -1.901163617316281e-03 -9.321621626609606e-04 -1.007667097169452e+00
60 27 -1.000281892550762e+00 -1.900505673214556e-03 -9.325801322964767e-04 -1.007668805615134e+00
60 28 -1.000281699816435e+00 -1.899769041654782e-03 -9.330183050546566e-04 -1.007670844670110e+00
60 29 -1.000281458207140e+00 -1.898958916545664e-03 -9.334786462821728e-04 -1.007673199573996e+00
60 30 -1.000281169428817e+00 -1.898081070160005e-03 -9.339637341942329e-04 -1.007675852563376e+00
60 31 -1.000280835802061e+00 -1.897141852398953e-03 -9.344765452575179e-04 -1.007678782910743e+00
60 32 -1.000280460254509e+00 -1.896148201184533e-03 -9.350201583977084e-04 -1.007681966963043e+00
60 33 -1.000280046302268e+00 -1.895107661280220e-03 -9.355973801823919e-04 -1.007685378193427e+00
60 34 -1.000279598017786e+00 -1.894028402426511e-03 -9.362103206828908e-04 -1.007688987290255e+00
60 35 -1.000279119983089e+00 -1.892919225208284e-03 -9.368599707184747e-04 -1.007692762304996e+00
60 36 -1.000278617229891e+00 -1.891789545233862e-03 -9.375458368989901e-04 -1.007696668867535e+00
60 37 -1.000278095170393e+00 -1.890649351120217e-03 -9.382656781843101e-04 -1.007700670462245e+00
60 38 -1.000277559523116e+00 -1.889509136911450e-03 -9.390153617605742e-04 -1.007704728749823e+00
60 39 -1.000277016236724e+00 -1.888379813417479e-03 -9.397888287007144e-04 -1.007708803920189e+00
60 40 -1.000276471412624e+00 -1.887272604879180e-03 -9.405781430436633e-04 -1.007712855066992e+00
60 41 -1.000275931225652e+00 -1.886198936706076e-03 -9.413735971567476e-04 -1.007716840580940e+00
60 42 -1.000275401841779e+00 -1.885170316743579e-03 -9.421638590056547e-04 -1.007720718566094e+00
60 43 -1.000274889332270e+00 -1.884198208165185e-03 -9.429361653108782e-04 -1.007724447288707e+00
60 44 -1.000274399584771e+00 -1.883293889050781e-03 -9.436765791699675e-04 -1.007727985668908e+00
60 45 -1.000273938213071e+00 -1.882468293248973e-03 -9.443703342164031e-04 -1.007731293821253e+00
60 46 -1.000273510468049e+00 -1.881731828871527e-03 -9.450022770154172e-04 -1.007734333644664e+00
60 47 -1.000273121152090e+00 -1.881094174300612e-03 -9.455573982870075e-04 -1.007737069457538e+00
60 48 -1.000272774538692e+00 -1.880564057084239e-03 -9.460214196269556e-04 -1.007739468666115e+00
60 49 -1.000272474299196e+00 -1.880149027867619e-03 -9.463813850368426e-04 -1.007741502440005e+00
60 50 -1.000272223439864e+00 -1.879855246954464e-03 -9.466262024915443e-04 -1.007743146352284e+00
60 51 -1.000272024253724e+00 -1.879687302336984e-03 -9.467470912765674e-04 -1.007744380932403e+00
60 52 -1.000271878291723e+00 -1.879648074386625e-03 -9.467379116081363e-04 -1.007745192084307e+00
60 53 -1.000271786356376e+00 -1.879738655503352e-03 -9.465953762295710e-04 -1.007745571337632e+00
60 54 -1.000271748518882e+00 -1.879958325151929e-03 -9.463191607925497e-04 -1.007745515922006e+00
60 55 -1.000271764157752e+00 -1.880304573941597e-03 -9.459119347097261e-04 -1.007745028678904e+00
60 56 -1.000271832014230e+00 -1.880773166884252e-03 -9.453793255401262e-04 -1.007744117845127e+00
60 57 -1.000271950258207e+00 -1.881358237148464e-03 -9.447298131033889e-04 -1.007742796747967e+00
60 58 -1.000272116558934e+00 -1.882052406395846e-03 -9.439745347908211e-04 -1.007741083441307e+00
60 59 -1.000272328157055e+00 -1.882846932364835e-03 -9.431269811111467e-04 -1.007739000293401e+00
60 60 -1.000272581936611e+00 -1.883731885114753e-03 -9.422025741281242e-04 -1.007736573524707e+00
60 61 -1.000272874496533e+00 -1.884696349587920e-03 -9.412181462176967e-04 -1.007733832694917e+00
60 62 -1.000273202220852e+00 -1.885728646184644e-03 -9.401913619289190e-04 -1.007730810148721e+00
60 63 -1.000273561346115e+00 -1.886816556105885e-03 -9.391401405498717e-04 -1.007727540441958e+00
61 0 -1.000274085053537e+00 -1.887275722597925e-03 -9.421226351798028e-04 -1.007724620305689e+00
61 1 -1.000274491671672e+00 -1.888432618779291e-03 -9.410689598313460e-04 -1.007720990189918e+00
61 2 -1.000274917190706e+00 -1.889604841374474e-03 -9.400435674056889e-04 -1.007717231881240e+00
61 3 -1.000275357830106e+00 -1.890779984413125e-03 -9.390611493882854e-04 -1.007713383344568e+00
61 4 -1.000275809881781e+00 -1.891945980421489e-03 -9.381348419903219e-04 -1.007709482377880e+00
61 5 -1.000276269718466e+00 -1.893091217872810e-03 -9.372760289934985e-04 -1.007705566299756e+00
61 6 -1.000276733793615e+00 -1.894204650865941e-03 -9.364941674440032e-04 -1.007701671655857e+00
61 7 -1.000277198635786e+00 -1.895275899945586e-03 -9.357966502635248e-04 -1.007697833937239e+00
61 8 -1.000277660840222e+00 -1.896295339447272e-03 -9.351887303613030e-04 -1.007694087313914e+00
61 9 -1.000278117059931e+00 -1.897254166466971e-03 -9.346735286918116e-04 -1.007690464391868e+00
61 10 -1.000278563998100e+00 -1.898144449563523e-03 -9.342521338542596e-04 -1.007686996000011e+00
61 11 -1.000278998402976e+00 -1.898959159680391e-03 -9.339237794210614e-04 -1.007683711008005e+00
61 12 -1.000279417065602e+00 -1.899692188608256e-03 -9.336860680703369e-04 -1.007680636171598e+00
61 13 -1.000279816820156e+00 -1.900338359513693e-03 -9.335352079633261e-04 -1.007677796003070e+00
61 14 -1.000280194546234e+00 -1.900893430080660e-03 -9.334662375637889e-04 -1.007675212670679e+00
61 15 -1.000280547172566e+00 -1.901354084398670e-03 -9.334732331811198e-04 -1.007672905937317e+00
61 16 -1.000280871682222e+00 -1.901717907640198e-03 -9.335495103387435e-04 -1.007670893149312e+00
61 17 -1.000281165120303e+00 -1.901983338788828e-03 -9.336878400320886e-04 -1.007669189279734e+00
61 18 -1.000281424606209e+00 -1.902149600900130e-03 -9.338807005963847e-04 -1.007667807017883e+00
61 19 -1.000281647353678e+00 -1.902216614895588e-03 -9.341205732995766e-04 -1.007666756880504e+00
61 20 -1.000281830702250e+00 -1.902184909853879e-03 -9.344002680096354e-04 -1.007666047305628e+00
61 21 -1.000281972162877e+00 -1.902055546488744e-03 -9.347132445494215e-04 -1.007665684686641e+00
61 22 -1.000282069477518e+00 -1.901830067727276e-03 -9.350538870567728e-04 -1.007665673319222e+00
61 23 -1.000282120688893e+00 -1.901510481707877e-03 -9.354176965684167e-04 -1.007666015262714e+00
61 24 -1.000282124213763e+00 -1.901099272705779e-03 -9.358013857529006e-04 -1.007666710145236e+00
61 25 -1.000282078912357e+00 -1.900599428902124e-03 -9.362028810467060e-04 -1.007667754955828e+00
61 26 -1.000281984147710e+00 -1.900014473808784e-03 -9.366212550582867e-04 -1.007669143865608e+00
61 27 -1.000281839831126e+00 -1.899348489924974e-03 -9.370566203163601e-04 -1.007670868107590e+00
61 28 -1.000281646453053e+00 -1.898606128480679e-03 -9.375100091383338e-04 -1.007672915925064e+00
61 29 -1.000281405101475e+00 -1.897792606888140e-03 -9.379832445281244e-04 -1.007675272576027e+00
61 30 -1.000281117470964e+00 -1.896913702221189e-03 -9.384787842928053e-04 -1.007677920366648e+00
61 31 -1.000280785864133e+00 -1.895975750378503e-03 -9.389995093165036e-04 -1.007680838689823e+00
61 32 -1.000280413184549e+00 -1.894985655762597e-03 -9.395484341481997e-04 -1.007684004063388e+00
61 33 -1.000280002918303e+00 -1.893950908975765e-03 -9.401283396575500e-04 -1.007687390181986e+00
61 34 -1.000279559101758e+00 -1.892879604532918e-03 -9.407413537498640e-04 -1.007690968004767e+00
61 35 -1.000279086274935e+00 -1.891780448478319e-03 -9.413885274914348e-04 -1.007694705897120e+00
61 36 -1.000278589422315e+00 -1.890662746513258e-03 -9.420694625488281e-04 -1.007698569835211e+00
61 37 -1.000278073904513e+00 -1.889536366359175e-03 -9.427820366261227e-04 -1.007702523671942e+00
61 38 -1.000277545384730e+00 -1.888411673192807e-03 -9.435222489822630e-04 -1.007706529454097e+00
61 39 -1.000277009752989e+00 -1.887299442267526e-03 -9.442841794704429e-04 -1.007710547775773e+00
61 40 -1.000276473049125e+00 -1.886210755578920e-03 -9.450600356749414e-04 -1.007714538155786e+00
61 41 -1.000275941383702e+00 -1.885156888479959e-03 -9.458402605151680e-04 -1.007718459435270e+00
61 42 -1.000275420855419e+00 -1.884149188807747e-03 -9.466136842047190e-04 -1.007722270200268e+00
61 43 -1.000274917464382e+00 -1.883198947499720e-03 -9.473677215485758e-04 -1.007725929237774e+00
61 44 -1.000274437022203e+00 -1.882317257113606e-03 -9.480886300293710e-04 -1.007729396032263e+00
61 45 -1.000273985061236e+00 -1.881514853555580e-03 -9.487618494296986e-04 -1.007732631306357e+00
61 46 -1.000273566745784e+00 -1.880801937112303e-03 -9.493724360057853e-04 -1.007735597606131e+00
61 47 -1.000273186787676e+00 -1.880187972072759e-03 -9.499055847501602e-04 -1.007738259927638e+00
61 48 -1.000272849367838e+00 -1.879681469693008e-03 -9.503472093856600e-04 -1.007740586373653e+00
61 49 -1.000272558065407e+00 -1.879289765795279e-03 -9.506845313685752e-04 -1.007742548816413e+00
61 50 -1.000272315796894e+00 -1.879018809715243e-03 -9.509066235729025e-04 -1.007744123526580e+00
61 51 -1.000272124769318e+00 -1.878872983214464e-03 -9.510048630853663e-04 -1.007745291718548e+00
61 52 -1.000271986451701e+00 -1.878854965104468e-03 -9.509732670306919e-04 -1.007746039964333e+00
61 53 -1.000271901568414e+00 -1.878965650604471e-03 -9.508087084065844e-04 -1.007746360442639e+00
61 54 -1.000271870115829e+00 -1.879204126458850e-03 -9.505110270121755e-04 -1.007746251011271e+00
61 55 -1.000271891401049e+00 -1.879567696196119e-03 -9.500830569497747e-04 -1.007745715114249e+00
61 56 -1.000271964098567e+00 -1.880051946292099e-03 -9.495305852423549e-04 -1.007744761554684e+00
61 57 -1.000272086318583e+00 -1.880650844188065e-03 -9.488622406805977e-04 -1.007743404173838e+00
61 58 -1.000272255680516e+00 -1.881356862734333e-03 -9.480892974425949e-04 -1.007741661470349e+00
61 59 -1.000272469387200e+00 -1.882161130324622e-03 -9.472253737634292e-04 -1.007739556175697e+00
61 60 -1.000272724297826e+00 -1.883053608028694e-03 -9.462860167292528e-04 -1.007737114786052e+00
61 61 -1.000273016999159e+00 -1.884023292183233e-03 -9.452881873100584e-04 -1.007734367048403e+00
61 62 -1.000273343874565e+00 -1.885058434745950e-03 -9.442496853883833e-04 -1.007731345409078e+00
61 63 -1.000273701169740e+00 -1.886146768443886e-03 -9.431885708166455e-04 -1.007728084445129e+00
62 0 -1.000274291051454e+00 -1.886662490062438e-03 -9.460062221710130e-04 -1.007724989219702e+00
62 1 -1.000274694755233e+00 -1.887816783998654e-03 -9.449456127036446e-04 -1.007721377432263e+00
62 2 -1.000275116402105e+00 -1.888983864375661e-03 -9.439156832774418e-04 -1.007717645286913e+00
62 3 -1.000275552247859e+00 -1.890151355259179e-03 -9.429312172084859e-04 -1.007713830503145e+00
62 4 -1.000275998631857e+00 -1.891307248416987e-03 -9.420054140089036e-04 -1.007709970543629e+00
62 5 -1.000276451986008e+00 -1.892440021663480e-03 -9.411496933797446e-04 -1.007706102300382e+00
62 6 -1.000276908834011e+00 -1.893538747994778e-03 -9.403735236876078e-04 -1.007702261805482e+00
62 7 -1.000277365783861e+00 -1.894593194529088e-03 -9.396842866439200e-04 -1.007698483959285e+00
62 8 -1.000277819516901e+00 -1.895593907424752e-03 -9.390872009399443e-04 -1.007694802276528e+00
62 9 -1.000278266776532e+00 -1.896532278510040e-03 -9.385853268803566e-04 -1.007691248655572e+00
62 10 -1.000278704358861e+00 -1.897400591625169e-03 -9.381796609072236e-04 -1.007687853176536e+00
62 11 -1.000279129106584e+00 -1.898192050780667e-03 -9.378693085843651e-04 -1.007684643929725e+00
62 12 -1.000279537906412e+00 -1.898900795414810e-03 -9.376517074170245e-04 -1.007681646870785e+00
62 13 -1.000279927689448e+00 -1.899521907407651e-03 -9.375228660362065e-04 -1.007678885699969e+00
62 14 -1.000280295433317e+00 -1.900051410367447e-03 -9.374775952673640e-04 -1.007676381770346e+00
62 15 -1.000280638165143e+00 -1.900486257478717e-03 -9.375097232303133e-04 -1.007674154035859e+00
62 16 -1.000280952965443e+00 -1.900824302639214e-03 -9.376123030306141e-04 -1.007672219048968e+00
62 17 -1.000281236974400e+00 -1.901064250718351e-03 -9.377778323669636e-04 -1.007670591010505e+00
62 18 -1.000281487402881e+00 -1.901205586025980e-03 -9.379985055391142e-04 -1.007669281864363e+00
62 19 -1.000281701551432e+00 -1.901248484012125e-03 -9.382665072408522e-04 -1.007668301415226e+00
62 20 -1.000281876840867e+00 -1.901193718725105e-03 -9.385743368005597e-04 -1.007667657431249e+00
62 21 -1.000282010857219e+00 -1.901042582964587e-03 -9.389151310616724e-04 -1.007667355687736e+00
62 22 -1.000282101410816e+00 -1.900796835122428e-03 -9.392829449315154e-04 -1.007667399923429e+00
62 23 -1.000282146605326e+00 -1.900458677874830e-03 -9.396729545146316e-04 -1.007667791711328e+00
62 24 -1.000282144910057e+00 -1.900030764894797e-03 -9.400815641725754e-04 -1.007668530272131e+00
62 25 -1.000282095228504e+00 -1.899516226179435e-03 -9.405064190560615e-04 -1.007669612269564e+00
62 26 -1.000281996957402e+00 -1.898918699925703e-03 -9.409463430755595e-04 -1.007671031626902e+00
62 27 -1.000281850032504e+00 -1.898242358771533e-03 -9.414012326758289e-04 -1.007672779397166e+00
62 28 -1.000281654960021e+00 -1.897491922464140e-03 -9.418719327663495e-04 -1.007674843702562e+00
62 29 -1.000281412835561e+00 -1.896672657483816e-03 -9.423601027284552e-04 -1.007677209733541e+00
62 30 -1.000281125353758e+00 -1.895790371778829e-03 -9.428680579397751e-04 -1.007679859779680e+00
62 31 -1.000280794810309e+00 -1.894851414046924e-03 -9.433985599513347e-04 -1.007682773267742e+00
62 32 -1.000280424095161e+00 -1.893862682086008e-03 -9.439545334597454e-04 -1.007685926801975e+00
62 33 -1.000280016673988e+00 -1.892831638404897e-03 -9.445387072589828e-04 -1.007689294219266e+00
62 34 -1.000279576555777e+00 -1.891766326876479e-03 -9.451532011253037e-04 -1.007692846677107e+00
62 35 -1.000279108246378e+00 -1.890675381606533e-03 -9.457991026308182e-04 -1.007696552789882e+00
62 36 -1.000278616689807e+00 -1.889568018197923e-03 -9.464760889604461e-04 -1.007700378824395e+00
62 37 -1.000278107200431e+00 -1.888453999706195e-03 -9.471821424253964e-04 -1.007704288957888e+00
62 38 -1.000277585389914e+00 -1.887343575081702e-03 -9.479133853477229e-04 -1.007708245590603e+00
62 39 -1.000277057092008e+00 -1.886247393792544e-03 -9.486640311509788e-04 -1.007712209697591e+00
62 40 -1.000276528286156e+00 -1.885176403125223e-03 -9.494264281792071e-04 -1.007716141207105e+00
62 41 -1.000276005018767e+00 -1.884141733821317e-03 -9.501911686989410e-04 -1.007719999402269e+00
62 42 -1.000275493320433e+00 -1.883154577072226e-03 -9.509472453214363e-04 -1.007723743350161e+00
62 43 -1.000274999118552e+00 -1.882226052978223e-03 -9.516822529395243e-04 -1.007727332364347e+00
62 44 -1.000274528146638e+00 -1.881367067945547e-03 -9.523826485243312e-04 -1.007730726505594e+00
62 45 -1.000274085853021e+00 -1.880588156889240e-03 -9.530340876529175e-04 -1.007733887123111e+00
62 46 -1.000273677312160e+00 -1.879899306524232e-03 -9.536218512137576e-04 -1.007736777435944e+00
62 47 -1.000273307141297e+00 -1.879309758814330e-03 -9.541313583735327e-04 -1.007739363150531e+00
62 48 -1.000272979424033e+00 -1.878827798479379e-03 -9.545487386951038e-04 -1.007741613104579e+00
62 49 -1.000272697641899e+00 -1.878460534637231e-03 -9.548614170809943e-04 -1.007743499915989e+00
62 50 -1.000272464615754e+00 -1.878213692482113e-03 -9.550586580124729e-04 -1.007745000599921e+00
62 51 -1.000272282460425e+00 -1.878091433532007e-03 -9.551320227189237e-04 -1.007746097105422e+00
62 52 -1.000272152556781e+00 -1.878096220481998e-03 -9.550757110729171e-04 -1.007746776724026e+00
62 53 -1.000272075544860e+00 -1.878228736148584e-03 -9.548867822889165e-04 -1.007747032336502e+00
62 54 -1.000272051339983e+00 -1.878487858405976e-03 -9.545652670001485e-04 -1.007746862483713e+00
62 55 -1.000272079171392e+00 -1.878870686625581e-03 -9.541141914809857e-04 -1.007746271269090e+00
62 56 -1.000272157639927e+00 -1.879372610877820e-03 -9.535395301709323e-04 -1.007745268120985e+00
62 57 -1.000272284788498e+00 -1.879987414153823e-03 -9.528500886383847e-04 -1.007743867456232e+00
62 58 -1.000272458178284e+00 -1.880707400893372e-03 -9.520573043128482e-04 -1.007742088282815e+00
62 59 -1.000272674965275e+00 -1.881523550174519e-03 -9.511749465598961e-04 -1.007739953761549e+00
62 60 -1.000272931974579e+00 -1.882425694562967e-03 -9.502187065467731e-04 -1.007737490729319e+00
62 61 -1.000273225771726e+00 -1.883402723111806e-03 -9.492056886588026e-04 -1.007734729182743e+00
62 62 -1.000273552730637e+00 -1.884442801247013e-03 -9.481538399571494e-04 -1.007731701729619e+00
62 63 -1.000273909097751e+00 -1.885533595522304e-03 -9.470813710120496e-04 -1.007728443025644e+00
63 0 -1.000274563984669e+00 -1.886114150807396e-03 -9.496975456209129e-04 -1.007725159968435e+00
63 1 -1.000274965638433e+00 -1.887267789889933e-03 -9.486288499674497e-04 -1.007721560359619e+00
63 2 -1.000275384234146e+00 -1.888431600665194e-03 -9.475934021219372e-04 -1.007717848533361e+00
63 3 -1.000275816055545e+00 -1.889593220939599e-03 -9.466060829412751e-04 -1.007714062015418e+00
63 4 -1.000276257481153e+00 -1.890740686069585e-03 -9.456801580293299e-04 -1.007710237983029e+00
63 5 -1.000276704994256e+00 -1.891862548721413e-03 -9.448270820167737e-04 -1.007706412947974e+00
63 6 -1.000277155181765e+00 -1.892947987438830e-03 -9.440563301866613e-04 -1.007702622471301e+00
63 7 -1.000277604725012e+00 -1.893986903588065e-03 -9.433752662967587e-04 -1.007698900901410e+00
63 8 -1.000278050386478e+00 -1.894970004000490e-03 -9.427890668797482e-04 -1.007695281131831e+00
63 9 -1.000278488996168e+00 -1.895888865360713e-03 -9.423007236206429e-04 -1.007691794382061e+00
63 10 -1.000278917440266e+00 -1.896735977929633e-03 -9.419111339283214e-04 -1.007688470007701e+00
63 11 -1.000279332653682e+00 -1.897504770631192e-03 -9.416192700426620e-04 -1.007685335340833e+00
63 12 -1.000279731616978e+00 -1.898189623154070e-03 -9.414223999368097e-04 -1.007682415555310e+00
63 13 -1.000280111356843e+00 -1.898785869778666e-03 -9.413163281696316e-04 -1.007679733554046e+00
63 14 -1.000280468948300e+00 -1.899289795142165e-03 -9.412956324629267e-04 -1.007677309884891e+00
63 15 -1.000280801517171e+00 -1.899698618339226e-03 -9.413538863599597e-04 -1.007675162696996e+00
63 16 -1.000281106242902e+00 -1.900010460720607e-03 -9.414838737701810e-04 -1.007673307746332e+00
63 17 -1.000281380363463e+00 -1.900224293578121e-03 -9.416778127966982e-04 -1.007671758452035e+00
63 18 -1.000281621185001e+00 -1.900339864506359e-03 -9.419276088585122e-04 -1.007670525996914e+00
63 19 -1.000281826099636e+00 -1.900357607044671e-03 -9.422251471185909e-04 -1.007669619451519e+00
63 20 -1.000281992615174e+00 -1.900278545918829e-03 -9.425626146047287e-04 -1.007669045884015e+00
63 21 -1.000282118399424e+00 -1.900104214472384e-03 -9.429328230384621e-04 -1.007668810412100e+00
63 22 -1.000282201338665e+00 -1.899836597827879e-03 -9.433294939384627e-04 -1.007668916169041e+00
63 23 -1.000282239605949e+00 -1.899478107190647e-03 -9.437474710892579e-04 -1.007669364184760e+00
63 24 -1.000282231732579e+00 -1.899031582680756e-03 -9.441828391812424e-04 -1.007670153207014e+00
63 25 -1.000282176675925e+00 -1.898500316453212e-03 -9.446329467637227e-04 -1.007671279499342e+00
63 26 -1.000282073877955e+00 -1.897888084215647e-03 -9.450963509882153e-04 -1.007672736655441e+00
63 27 -1.000281923310747e+00 -1.897199172531355e-03 -9.455727132807171e-04 -1.007674515464414e+00
63 28 -1.000281725508042e+00 -1.896438393640154e-03 -9.460626724483899e-04 -1.007676603843737e+00
63 29 -1.000281481584711e+00 -1.895611087745773e-03 -9.465677053901343e-04 -1.007678986831661e+00
63 30 -1.000281193246991e+00 -1.894723119551636e-03 -9.470899649046080e-04 -1.007681646614185e+00
63 31 -1.000280862794792e+00 -1.893780877180678e-03 -9.476320711215513e-04 -1.007684562564704e+00
63 32 -1.000280493114813e+00 -1.892791278279023e-03 -9.481968348550572e-04 -1.007687711289807e+00
63 33 -1.000280087661892e+00 -1.891761783237074e-03 -9.487869071007156e-04 -1.007691066688861e+00
63 34 -1.000279650426636e+00 -1.890700410772010e-03 -9.494043728720515e-04 -1.007694600041899e+00
63 35 -1.000279185889060e+00 -1.889615747229278e-03 -9.500503306247070e-04 -1.007698280142281e+00
63 36 -1.000278698959912e+00 -1.888516939454757e-03 -9.507245110146531e-04 -1.007702073487337e+00
63 37 -1.000278194913054e+00 -1.887413663457328e-03 -9.514249841049051e-04 -1.007705944530752e+00
63 38 -1.000277679312952e+00 -1.886316066268816e-03 -9.521479833734346e-04 -1.007709855988989e+00
63 39 -1.000277157940267e+00 -1.885234683408705e-03 -9.528878474759517e-04 -1.007713769188787e+00
63 40 -1.000276636716120e+00 -1.884180337126749e-03 -9.536370594858702e-04 -1.007717644445850e+00
63 41 -1.000276121623672e+00 -1.883164021004284e-03 -9.543863565830621e-04 -1.007721441471187e+00
63 42 -1.000275618625325e+00 -1.882196774988414e-03 -9.551248906081968e-04 -1.007725119806278e+00
63 43 -1.000275133575043e+00 -1.881289551996944e-03 -9.558404348088976e-04 -1.007728639290737e+00
63 44 -1.000274672127090e+00 -1.880453074136497e-03 -9.565196463319928e-04 -1.007731960566581e+00
63 45 -1.000274239644175e+00 -1.879697674975211e-03 -9.571484012021514e-04 -1.007735045620640e+00
63 46 -1.000273841108752e+00 -1.879033124786924e-03 -9.577122147994125e-04 -1.007737858362632e+00
63 47 -1.000273481040643e+00 -1.878468437847294e-03 -9.581967457276668e-04 -1.007740365233647e+00
63 48 -1.000273163422595e+00 -1.878011664768138e-03 -9.585883590937735e-04 -1.007742535836418e+00
63 49 -1.000272891634363e+00 -1.877669678690571e-03 -9.588747056963058e-04 -1.007744343569242e+00
63 50 -1.000272668396519e+00 -1.877447970287362e-03 -9.590452651463450e-04 -1.007745766229732e+00
63 51 -1.000272495726762e+00 -1.877350469643118e-03 -9.590918064931488e-04 -1.007746786542010e+00
63 52 -1.000272374912677e+00 -1.877379411202289e-03 -9.590087361817956e-04 -1.007747392560298e+00
63 53 -1.000272306504705e+00 -1.877535252186211e-03 -9.587933239734385e-04 -1.007747577913339e+00
63 54 -1.000272290331813e+00 -1.877816647618597e-03 -9.584458163736807e-04 -1.007747341872554e+00
63 55 -1.000272325540007e+00 -1.878220478158576e-03 -9.579694577232360e-04 -1.007746689249157e+00
63 56 -1.000272410650648e+00 -1.878741921921281e-03 -9.573704368729805e-04 -1.007745630147560e+00
63 57 -1.000272543632576e+00 -1.879374560285628e-03 -9.566577640187325e-04 -1.007744179615965e+00
63 58 -1.000272721980844e+00 -1.880110510710645e-03 -9.558430670759781e-04 -1.007742357232425e+00
63 59 -1.000272942795958e+00 -1.880940584043653e-03 -9.549402909311961e-04 -1.007740186649703e+00
63 60 -1.000273202859987e+00 -1.881854465891099e-03 -9.539652909212621e-04 -1.007737695107186e+00
63 61 -1.000273498708157e+00 -1.882840919935197e-03 -9.529353307859019e-04 -1.007734912911917e+00
63 62 -1.000273826695887e+00 -1.883888007061607e-03 -9.518685175899845e-04 -1.007731872893397e+00
63 63 -1.000274183061543e+00 -1.884983309998717e-03 -9.507832231931512e-04 -1.007728609844366e+00
