#toltail: 9.999999999999999e-12
#tolinva: 1.000000000000000e-12
#tolinte: 1.000000000000000e-17
#omega[0]: 3.535911850832735e-01
#omega[1]: 1.935717916531244e-01
#epsilon: 0.000000000000000e+00
#lambda[0]: -1.500017464083440e+00
#lambda[1]: 1.901109735892602e-07
lambda[0] should be H0
lambda[1] should be mu
#nn[0]: 32
#nn[1]: 32
#deps: 5.000000000000000e-03
#auxint: 1
auxint: 1
auxint: 1
paramR.coef[0][0].elem[0]: -1.000275162796335e+00
paramR.coef[1][0].elem[0]: -1.885941770286716e-03
paramR.coef[2][0].elem[0]: -9.522914493634516e-04
paramR.coef[3][0].elem[0]: -1.007724050551661e+00
auxint: 1
auxint: 2
paramR.coef[0][0].elem[1]: -1.000275958847102e+00
paramR.coef[1][0].elem[1]: -1.888192196398099e-03
paramR.coef[2][0].elem[1]: -9.502491461560806e-04
paramR.coef[3][0].elem[1]: -1.007716964088971e+00
auxint: 1
auxint: 3
paramR.coef[0][0].elem[2]: -1.000276802948120e+00
paramR.coef[1][0].elem[2]: -1.890425648588974e-03
paramR.coef[2][0].elem[2]: -9.483981125703486e-04
paramR.coef[3][0].elem[2]: -1.007709617075446e+00
auxint: 1
auxint: 4
paramR.coef[0][0].elem[3]: -1.000277667311195e+00
paramR.coef[1][0].elem[3]: -1.892551839676654e-03
paramR.coef[2][0].elem[3]: -9.468331587953607e-04
paramR.coef[3][0].elem[3]: -1.007702293391165e+00
auxint: 1
auxint: 5
paramR.coef[0][0].elem[4]: -1.000278525736266e+00
paramR.coef[1][0].elem[4]: -1.894490357960626e-03
paramR.coef[2][0].elem[4]: -9.456187654047481e-04
paramR.coef[3][0].elem[4]: -1.007695261475443e+00
auxint: 1
auxint: 6
paramR.coef[0][0].elem[5]: -1.000279353408654e+00
paramR.coef[1][0].elem[5]: -1.896173257657847e-03
paramR.coef[2][0].elem[5]: -9.447868540630160e-04
paramR.coef[3][0].elem[5]: -1.007688766714857e+00
auxint: 1
auxint: 7
paramR.coef[0][0].elem[6]: -1.000280126578598e+00
paramR.coef[1][0].elem[6]: -1.897546721826090e-03
paramR.coef[2][0].elem[6]: -9.443382053044848e-04
paramR.coef[3][0].elem[6]: -1.007683025356985e+00
auxint: 1
auxint: 8
paramR.coef[0][0].elem[7]: -1.000280822391693e+00
paramR.coef[1][0].elem[7]: -1.898571863477207e-03
paramR.coef[2][0].elem[7]: -9.442471838888035e-04
paramR.coef[3][0].elem[7]: -1.007678219778635e+00
auxint: 1
auxint: 9
paramR.coef[0][0].elem[8]: -1.000281418888938e+00
paramR.coef[1][0].elem[8]: -1.899224666552130e-03
paramR.coef[2][0].elem[8]: -9.444683617273360e-04
paramR.coef[3][0].elem[8]: -1.007674495711101e+00
auxint: 1
auxint: 10
paramR.coef[0][0].elem[9]: -1.000281895107048e+00
paramR.coef[1][0].elem[9]: -1.899494969032015e-03
paramR.coef[2][0].elem[9]: -9.449438673117910e-04
paramR.coef[3][0].elem[9]: -1.007671962117962e+00
auxint: 1
auxint: 11
paramR.coef[0][0].elem[10]: -1.000282231399067e+00
paramR.coef[1][0].elem[10]: -1.899384522880121e-03
paramR.coef[2][0].elem[10]: -9.456114389431217e-04
paramR.coef[3][0].elem[10]: -1.007670693247691e+00
auxint: 1
auxint: 12
paramR.coef[0][0].elem[11]: -1.000282410266110e+00
paramR.coef[1][0].elem[11]: -1.898904648430172e-03
paramR.coef[2][0].elem[11]: -9.464131612903848e-04
paramR.coef[3][0].elem[11]: -1.007670730780401e+00
auxint: 1
auxint: 13
paramR.coef[0][0].elem[12]: -1.000282417830114e+00
paramR.coef[1][0].elem[12]: -1.898074396177893e-03
paramR.coef[2][0].elem[12]: -9.473033865854740e-04
paramR.coef[3][0].elem[12]: -1.007672083694152e+00
auxint: 1
auxint: 14
paramR.coef[0][0].elem[13]: -1.000282245685493e+00
paramR.coef[1][0].elem[13]: -1.896919854001681e-03
paramR.coef[2][0].elem[13]: -9.482535518716841e-04
paramR.coef[3][0].elem[13]: -1.007674725205492e+00
auxint: 1
auxint: 15
paramR.coef[0][0].elem[14]: -1.000281892628827e+00
paramR.coef[1][0].elem[14]: -1.895474412678364e-03
paramR.coef[2][0].elem[14]: -9.492528819355292e-04
paramR.coef[3][0].elem[14]: -1.007678588476889e+00
auxint: 1
auxint: 16
paramR.coef[0][0].elem[15]: -1.000281365862337e+00
paramR.coef[1][0].elem[15]: -1.893779260310232e-03
paramR.coef[2][0].elem[15]: -9.503057006139309e-04
paramR.coef[3][0].elem[15]: -1.007683563573738e+00
auxint: 1
auxint: 17
paramR.coef[0][0].elem[16]: -1.000280681508772e+00
paramR.coef[1][0].elem[16]: -1.891883628600768e-03
paramR.coef[2][0].elem[16]: -9.514261451665204e-04
paramR.coef[3][0].elem[16]: -1.007689496933929e+00
auxint: 1
auxint: 18
paramR.coef[0][0].elem[17]: -1.000279864416078e+00
paramR.coef[1][0].elem[17]: -1.889844865892100e-03
paramR.coef[2][0].elem[17]: -9.526301870849428e-04
paramR.coef[3][0].elem[17]: -1.007696193064089e+00
auxint: 1
auxint: 19
paramR.coef[0][0].elem[18]: -1.000278947262645e+00
paramR.coef[1][0].elem[18]: -1.887728453826675e-03
paramR.coef[2][0].elem[18]: -9.539253560782847e-04
paramR.coef[3][0].elem[18]: -1.007703417965996e+00
auxint: 1
auxint: 20
paramR.coef[0][0].elem[19]: -1.000277969027501e+00
paramR.coef[1][0].elem[19]: -1.885607613575580e-03
paramR.coef[2][0].elem[19]: -9.553005619285782e-04
paramR.coef[3][0].elem[19]: -1.007710904624395e+00
auxint: 1
auxint: 21
paramR.coef[0][0].elem[20]: -1.000276972977133e+00
paramR.coef[1][0].elem[20]: -1.883561910791081e-03
paramR.coef[2][0].elem[20]: -9.567193657417732e-04
paramR.coef[3][0].elem[20]: -1.007718361231246e+00
auxint: 1
auxint: 22
paramR.coef[0][0].elem[21]: -1.000276004341367e+00
paramR.coef[1][0].elem[21]: -1.881674638187544e-03
paramR.coef[2][0].elem[21]: -9.581185505686677e-04
paramR.coef[3][0].elem[21]: -1.007725482166481e+00
auxint: 1
auxint: 23
paramR.coef[0][0].elem[22]: -1.000275107788424e+00
paramR.coef[1][0].elem[22]: -1.880029213458677e-03
paramR.coef[2][0].elem[22]: -9.594117201140811e-04
paramR.coef[3][0].elem[22]: -1.007731961153607e+00
auxint: 1
auxint: 24
paramR.coef[0][0].elem[23]: -1.000274324774098e+00
paramR.coef[1][0].elem[23]: -1.878704801059644e-03
paramR.coef[2][0].elem[23]: -9.604971694881136e-04
paramR.coef[3][0].elem[23]: -1.007737506311168e+00
auxint: 1
auxint: 25
paramR.coef[0][0].elem[24]: -1.000273690904538e+00
paramR.coef[1][0].elem[24]: -1.877771103345192e-03
paramR.coef[2][0].elem[24]: -9.612697780370639e-04
paramR.coef[3][0].elem[24]: -1.007741857257630e+00
auxint: 1
auxint: 26
paramR.coef[0][0].elem[25]: -1.000273233561035e+00
paramR.coef[1][0].elem[25]: -1.877282462352872e-03
paramR.coef[2][0].elem[25]: -9.616359714268890e-04
paramR.coef[3][0].elem[25]: -1.007744803634260e+00
auxint: 1
auxint: 27
paramR.coef[0][0].elem[26]: -1.000272970103456e+00
paramR.coef[1][0].elem[26]: -1.877272126653100e-03
paramR.coef[2][0].elem[26]: -9.615288757440473e-04
paramR.coef[3][0].elem[26]: -1.007746202486857e+00
auxint: 1
auxint: 28
paramR.coef[0][0].elem[27]: -1.000272906967538e+00
paramR.coef[1][0].elem[27]: -1.877748033776223e-03
paramR.coef[2][0].elem[27]: -9.609199850784827e-04
paramR.coef[3][0].elem[27]: -1.007745990659929e+00
auxint: 1
auxint: 29
paramR.coef[0][0].elem[28]: -1.000273039875909e+00
paramR.coef[1][0].elem[28]: -1.878691168833509e-03
paramR.coef[2][0].elem[28]: -9.598250990956901e-04
paramR.coef[3][0].elem[28]: -1.007744189175304e+00
auxint: 1
auxint: 30
paramR.coef[0][0].elem[29]: -1.000273355151230e+00
paramR.coef[1][0].elem[29]: -1.880056759025756e-03
paramR.coef[2][0].elem[29]: -9.583042226389857e-04
paramR.coef[3][0].elem[29]: -1.007740899038353e+00
auxint: 1
auxint: 31
paramR.coef[0][0].elem[30]: -1.000273831808869e+00
paramR.coef[1][0].elem[30]: -1.881777902635914e-03
paramR.coef[2][0].elem[30]: -9.564557604321597e-04
paramR.coef[3][0].elem[30]: -1.007736290266996e+00
auxint: 1
auxint: 32
paramR.coef[0][0].elem[31]: -1.000274443917534e+00
paramR.coef[1][0].elem[31]: -1.883770942242203e-03
paramR.coef[2][0].elem[31]: -9.544054300384029e-04
paramR.coef[3][0].elem[31]: -1.007730586911035e+00
auxint: 2
auxint: 1
paramR.coef[0][0].elem[32]: -1.000275978466784e+00
paramR.coef[1][0].elem[32]: -1.885225290460277e-03
paramR.coef[2][0].elem[32]: -9.582316552083373e-04
paramR.coef[3][0].elem[32]: -1.007723450364848e+00
auxint: 2
auxint: 2
paramR.coef[0][0].elem[33]: -1.000276773491462e+00
paramR.coef[1][0].elem[33]: -1.887486990378945e-03
paramR.coef[2][0].elem[33]: -9.561531409642924e-04
paramR.coef[3][0].elem[33]: -1.007716364566779e+00
auxint: 2
auxint: 3
paramR.coef[0][0].elem[34]: -1.000277608699077e+00
paramR.coef[1][0].elem[34]: -1.889711556440003e-03
paramR.coef[2][0].elem[34]: -9.542881233923928e-04
paramR.coef[3][0].elem[34]: -1.007709081189351e+00
auxint: 2
auxint: 4
paramR.coef[0][0].elem[35]: -1.000278456653124e+00
paramR.coef[1][0].elem[35]: -1.891808970693886e-03
paramR.coef[2][0].elem[35]: -9.527323093180942e-04
paramR.coef[3][0].elem[35]: -1.007701881181649e+00
auxint: 2
auxint: 5
paramR.coef[0][0].elem[36]: -1.000279291842443e+00
paramR.coef[1][0].elem[36]: -1.893699993278578e-03
paramR.coef[2][0].elem[36]: -9.515500668326935e-04
paramR.coef[3][0].elem[36]: -1.007695027417561e+00
auxint: 2
auxint: 6
paramR.coef[0][0].elem[37]: -1.000280090436009e+00
paramR.coef[1][0].elem[37]: -1.895318698095406e-03
paramR.coef[2][0].elem[37]: -9.507722550600019e-04
paramR.coef[3][0].elem[37]: -1.007688757412003e+00
auxint: 2
auxint: 7
paramR.coef[0][0].elem[38]: -1.000280829873531e+00
paramR.coef[1][0].elem[38]: -1.896613995699064e-03
paramR.coef[2][0].elem[38]: -9.503976754676844e-04
paramR.coef[3][0].elem[38]: -1.007683277833160e+00
auxint: 2
auxint: 8
paramR.coef[0][0].elem[39]: -1.000281488618665e+00
paramR.coef[1][0].elem[39]: -1.897550257788352e-03
paramR.coef[2][0].elem[39]: -9.503978085322430e-04
paramR.coef[3][0].elem[39]: -1.007678760403806e+00
auxint: 2
auxint: 9
paramR.coef[0][0].elem[40]: -1.000282046122107e+00
paramR.coef[1][0].elem[40]: -1.898107083082714e-03
paramR.coef[2][0].elem[40]: -9.507235651693654e-04
paramR.coef[3][0].elem[40]: -1.007675339603958e+00
auxint: 2
auxint: 10
paramR.coef[0][0].elem[41]: -1.000282482897251e+00
paramR.coef[1][0].elem[41]: -1.898278123451453e-03
paramR.coef[2][0].elem[41]: -9.513128862230605e-04
paramR.coef[3][0].elem[41]: -1.007673112880258e+00
auxint: 2
auxint: 11
paramR.coef[0][0].elem[42]: -1.000282780793337e+00
paramR.coef[1][0].elem[42]: -1.898069003236520e-03
paramR.coef[2][0].elem[42]: -9.520990004294915e-04
paramR.coef[3][0].elem[42]: -1.007672143021328e+00
auxint: 2
auxint: 12
paramR.coef[0][0].elem[43]: -1.000282923760410e+00
paramR.coef[1][0].elem[43]: -1.897494829278653e-03
paramR.coef[2][0].elem[43]: -9.530192537225937e-04
paramR.coef[3][0].elem[43]: -1.007672460715562e+00
auxint: 2
auxint: 13
paramR.coef[0][0].elem[44]: -1.000282899261572e+00
paramR.coef[1][0].elem[44]: -1.896578188249492e-03
paramR.coef[2][0].elem[44]: -9.540231639413885e-04
paramR.coef[3][0].elem[44]: -1.007674064881117e+00
auxint: 2
auxint: 14
paramR.coef[0][0].elem[45]: -1.000282700079492e+00
paramR.coef[1][0].elem[45]: -1.895348295423539e-03
paramR.coef[2][0].elem[45]: -9.550775294184442e-04
paramR.coef[3][0].elem[45]: -1.007676919986111e+00
auxint: 2
auxint: 15
paramR.coef[0][0].elem[46]: -1.000282326007822e+00
paramR.coef[1][0].elem[46]: -1.893841166844272e-03
paramR.coef[2][0].elem[46]: -9.561674423837584e-04
paramR.coef[3][0].elem[46]: -1.007680951937630e+00
auxint: 2
auxint: 16
paramR.coef[0][0].elem[47]: -1.000281785021467e+00
paramR.coef[1][0].elem[47]: -1.892100103038757e-03
paramR.coef[2][0].elem[47]: -9.572937316340320e-04
paramR.coef[3][0].elem[47]: -1.007686045055765e+00
auxint: 2
auxint: 17
paramR.coef[0][0].elem[48]: -1.000281093769942e+00
paramR.coef[1][0].elem[48]: -1.890175941100712e-03
paramR.coef[2][0].elem[48]: -9.584676879028143e-04
paramR.coef[3][0].elem[48]: -1.007692041568568e+00
auxint: 2
auxint: 18
paramR.coef[0][0].elem[49]: -1.000280277369261e+00
paramR.coef[1][0].elem[49]: -1.888127073261409e-03
paramR.coef[2][0].elem[49]: -9.597032049571128e-04
paramR.coef[3][0].elem[49]: -1.007698743473071e+00
auxint: 2
auxint: 19
paramR.coef[0][0].elem[50]: -1.000279368493537e+00
paramR.coef[1][0].elem[50]: -1.886019367061665e-03
paramR.coef[2][0].elem[50]: -9.610067527184696e-04
paramR.coef[3][0].elem[50]: -1.007705916187892e+00
auxint: 2
auxint: 20
paramR.coef[0][0].elem[51]: -1.000278405835557e+00
paramR.coef[1][0].elem[51]: -1.883925729346132e-03
paramR.coef[2][0].elem[51]: -9.623673151771840e-04
paramR.coef[3][0].elem[51]: -1.007713294127607e+00
auxint: 2
auxint: 21
paramR.coef[0][0].elem[52]: -1.000277432104242e+00
paramR.coef[1][0].elem[52]: -1.881924764591083e-03
paramR.coef[2][0].elem[52]: -9.637494831043615e-04
paramR.coef[3][0].elem[52]: -1.007720588821841e+00
auxint: 2
auxint: 22
paramR.coef[0][0].elem[53]: -1.000276491729049e+00
paramR.coef[1][0].elem[53]: -1.880098230037703e-03
paramR.coef[2][0].elem[53]: -9.650917483882282e-04
paramR.coef[3][0].elem[53]: -1.007727499790010e+00
auxint: 2
auxint: 23
paramR.coef[0][0].elem[54]: -1.000275628356521e+00
paramR.coef[1][0].elem[54]: -1.878527439274499e-03
paramR.coef[2][0].elem[54]: -9.663100083077192e-04
paramR.coef[3][0].elem[54]: -1.007733727763698e+00
auxint: 2
auxint: 24
paramR.coef[0][0].elem[55]: -1.000274882206377e+00
paramR.coef[1][0].elem[55]: -1.877288858417747e-03
paramR.coef[2][0].elem[55]: -9.673054878159005e-04
paramR.coef[3][0].elem[55]: -1.007738989846216e+00
auxint: 2
auxint: 25
paramR.coef[0][0].elem[56]: -1.000274287459003e+00
paramR.coef[1][0].elem[56]: -1.876448958178568e-03
paramR.coef[2][0].elem[56]: -9.679765623575848e-04
paramR.coef[3][0].elem[56]: -1.007743036439130e+00
auxint: 2
auxint: 26
paramR.coef[0][0].elem[57]: -1.000273869953635e+00
paramR.coef[1][0].elem[57]: -1.876058500131722e-03
paramR.coef[2][0].elem[57]: -9.682334556120770e-04
paramR.coef[3][0].elem[57]: -1.007745669185075e+00
auxint: 2
auxint: 27
paramR.coef[0][0].elem[58]: -1.000273645491339e+00
paramR.coef[1][0].elem[58]: -1.876147011431614e-03
paramR.coef[2][0].elem[58]: -9.680131645043362e-04
paramR.coef[3][0].elem[58]: -1.007746757630594e+00
auxint: 2
auxint: 28
paramR.coef[0][0].elem[59]: -1.000273619003056e+00
paramR.coef[1][0].elem[59]: -1.876718692487247e-03
paramR.coef[2][0].elem[59]: -9.672911021875163e-04
paramR.coef[3][0].elem[59]: -1.007746251081871e+00
auxint: 2
auxint: 29
paramR.coef[0][0].elem[60]: -1.000273784788229e+00
paramR.coef[1][0].elem[60]: -1.877750840076095e-03
paramR.coef[2][0].elem[60]: -9.660870701225615e-04
paramR.coef[3][0].elem[60]: -1.007744182615477e+00
auxint: 2
auxint: 30
paramR.coef[0][0].elem[61]: -1.000274127858166e+00
paramR.coef[1][0].elem[61]: -1.879195148237344e-03
paramR.coef[2][0].elem[61]: -9.644650340158896e-04
paramR.coef[3][0].elem[61]: -1.007740664419194e+00
auxint: 2
auxint: 31
paramR.coef[0][0].elem[62]: -1.000274626099158e+00
paramR.coef[1][0].elem[62]: -1.880981519029883e-03
paramR.coef[2][0].elem[62]: -9.625270874352544e-04
paramR.coef[3][0].elem[62]: -1.007735876148848e+00
auxint: 2
auxint: 32
paramR.coef[0][0].elem[63]: -1.000275252715668e+00
paramR.coef[1][0].elem[63]: -1.883023617966746e-03
paramR.coef[2][0].elem[63]: -9.604022462515428e-04
paramR.coef[3][0].elem[63]: -1.007730049300023e+00
auxint: 3
auxint: 1
paramR.coef[0][0].elem[64]: -1.000276993130988e+00
paramR.coef[1][0].elem[64]: -1.884833529314683e-03
paramR.coef[2][0].elem[64]: -9.629389123108466e-04
paramR.coef[3][0].elem[64]: -1.007722075128868e+00
auxint: 3
auxint: 2
paramR.coef[0][0].elem[65]: -1.000277794079380e+00
paramR.coef[1][0].elem[65]: -1.887121175488347e-03
paramR.coef[2][0].elem[65]: -9.608161448498720e-04
paramR.coef[3][0].elem[65]: -1.007714941399612e+00
auxint: 3
auxint: 3
paramR.coef[0][0].elem[66]: -1.000278627192344e+00
paramR.coef[1][0].elem[66]: -1.889351761355549e-03
paramR.coef[2][0].elem[66]: -9.589299719916900e-04
paramR.coef[3][0].elem[66]: -1.007707673365826e+00
auxint: 3
auxint: 4
paramR.coef[0][0].elem[67]: -1.000279465094717e+00
paramR.coef[1][0].elem[67]: -1.891435011352062e-03
paramR.coef[2][0].elem[67]: -9.573770981560785e-04
paramR.coef[3][0].elem[67]: -1.007700550847089e+00
auxint: 3
auxint: 5
paramR.coef[0][0].elem[68]: -1.000280282680771e+00
paramR.coef[1][0].elem[68]: -1.893292308152232e-03
paramR.coef[2][0].elem[68]: -9.562217972122331e-04
paramR.coef[3][0].elem[68]: -1.007693832999139e+00
auxint: 3
auxint: 6
paramR.coef[0][0].elem[69]: -1.000281056853723e+00
paramR.coef[1][0].elem[69]: -1.894859201848815e-03
paramR.coef[2][0].elem[69]: -9.554938314625896e-04
paramR.coef[3][0].elem[69]: -1.007687751243288e+00
auxint: 3
auxint: 7
paramR.coef[0][0].elem[70]: -1.000281766043379e+00
paramR.coef[1][0].elem[70]: -1.896086818215466e-03
paramR.coef[2][0].elem[70]: -9.551900030372270e-04
paramR.coef[3][0].elem[70]: -1.007682504273023e+00
auxint: 3
auxint: 8
paramR.coef[0][0].elem[71]: -1.000282389882643e+00
paramR.coef[1][0].elem[71]: -1.896942330521264e-03
paramR.coef[2][0].elem[71]: -9.552789315691656e-04
paramR.coef[3][0].elem[71]: -1.007678254516067e+00
auxint: 3
auxint: 9
paramR.coef[0][0].elem[72]: -1.000282909132869e+00
paramR.coef[1][0].elem[72]: -1.897408575494622e-03
paramR.coef[2][0].elem[72]: -9.557079119776568e-04
paramR.coef[3][0].elem[72]: -1.007675126251553e+00
auxint: 3
auxint: 10
paramR.coef[0][0].elem[73]: -1.000283305742888e+00
paramR.coef[1][0].elem[73]: -1.897482743349915e-03
paramR.coef[2][0].elem[73]: -9.564107562139405e-04
paramR.coef[3][0].elem[73]: -1.007673206079639e+00
auxint: 3
auxint: 11
paramR.coef[0][0].elem[74]: -1.000283563084364e+00
paramR.coef[1][0].elem[74]: -1.897174170107878e-03
paramR.coef[2][0].elem[74]: -9.573162940206834e-04
paramR.coef[3][0].elem[74]: -1.007672545548828e+00
auxint: 3
auxint: 12
paramR.coef[0][0].elem[75]: -1.000283666650399e+00
paramR.coef[1][0].elem[75]: -1.896501717169875e-03
paramR.coef[2][0].elem[75]: -9.583573139881632e-04
paramR.coef[3][0].elem[75]: -1.007673164072371e+00
auxint: 3
auxint: 13
paramR.coef[0][0].elem[76]: -1.000283605400236e+00
paramR.coef[1][0].elem[76]: -1.895491622499639e-03
paramR.coef[2][0].elem[76]: -9.594786902344801e-04
paramR.coef[3][0].elem[76]: -1.007675049700490e+00
auxint: 3
auxint: 14
paramR.coef[0][0].elem[77]: -1.000283373514249e+00
paramR.coef[1][0].elem[77]: -1.894176501365438e-03
paramR.coef[2][0].elem[77]: -9.606426851638994e-04
paramR.coef[3][0].elem[77]: -1.007678156842502e+00
auxint: 3
auxint: 15
paramR.coef[0][0].elem[78]: -1.000282972040659e+00
paramR.coef[1][0].elem[78]: -1.892595413416956e-03
paramR.coef[2][0].elem[78]: -9.618302290540083e-04
paramR.coef[3][0].elem[78]: -1.007682402411064e+00
auxint: 3
auxint: 16
paramR.coef[0][0].elem[79]: -1.000282410017910e+00
paramR.coef[1][0].elem[79]: -1.890794307396025e-03
paramR.coef[2][0].elem[79]: -9.630385047272803e-04
paramR.coef[3][0].elem[79]: -1.007687662924607e+00
auxint: 3
auxint: 17
paramR.coef[0][0].elem[80]: -1.000281704923041e+00
paramR.coef[1][0].elem[80]: -1.888826251437251e-03
paramR.coef[2][0].elem[80]: -9.642756773539534e-04
paramR.coef[3][0].elem[80]: -1.007693774151137e+00
auxint: 3
auxint: 18
paramR.coef[0][0].elem[81]: -1.000280882428494e+00
paramR.coef[1][0].elem[81]: -1.886751370677305e-03
paramR.coef[2][0].elem[81]: -9.655531193050354e-04
paramR.coef[3][0].elem[81]: -1.007700533265466e+00
auxint: 3
auxint: 19
paramR.coef[0][0].elem[82]: -1.000279975465412e+00
paramR.coef[1][0].elem[82]: -1.884636627724045e-03
paramR.coef[2][0].elem[82]: -9.668756453185368e-04
paramR.coef[3][0].elem[82]: -1.007707702884517e+00
auxint: 3
auxint: 20
paramR.coef[0][0].elem[83]: -1.000279022663948e+00
paramR.coef[1][0].elem[83]: -1.882555282105597e-03
paramR.coef[2][0].elem[83]: -9.682316705158526e-04
paramR.coef[3][0].elem[83]: -1.007715016897700e+00
auxint: 3
auxint: 21
paramR.coef[0][0].elem[84]: -1.000278066352106e+00
paramR.coef[1][0].elem[84]: -1.880585550381295e-03
paramR.coef[2][0].elem[84]: -9.695862384528971e-04
paramR.coef[3][0].elem[84]: -1.007722188598596e+00
auxint: 3
auxint: 22
paramR.coef[0][0].elem[85]: -1.000277150287252e+00
paramR.coef[1][0].elem[85]: -1.878808121943042e-03
paramR.coef[2][0].elem[85]: -9.708790651629317e-04
paramR.coef[3][0].elem[85]: -1.007728921463559e+00
auxint: 3
auxint: 23
paramR.coef[0][0].elem[86]: -1.000276317185575e+00
paramR.coef[1][0].elem[86]: -1.877302584918256e-03
paramR.coef[2][0].elem[86]: -9.720279144739861e-04
paramR.coef[3][0].elem[86]: -1.007734922371757e+00
auxint: 3
auxint: 24
paramR.coef[0][0].elem[87]: -1.000275606099975e+00
paramR.coef[1][0].elem[87]: -1.876143004301719e-03
paramR.coef[2][0].elem[87]: -9.729365846964434e-04
paramR.coef[3][0].elem[87]: -1.007739916814991e+00
auxint: 3
auxint: 25
paramR.coef[0][0].elem[88]: -1.000275049836256e+00
paramR.coef[1][0].elem[88]: -1.875392819469566e-03
paramR.coef[2][0].elem[88]: -9.735067448185431e-04
paramR.coef[3][0].elem[88]: -1.007743665644993e+00
auxint: 3
auxint: 26
paramR.coef[0][0].elem[89]: -1.000274672717602e+00
paramR.coef[1][0].elem[89]: -1.875099301101734e-03
paramR.coef[2][0].elem[89]: -9.736524278422627e-04
paramR.coef[3][0].elem[89]: -1.007745982448018e+00
auxint: 3
auxint: 27
paramR.coef[0][0].elem[90]: -1.000274488982257e+00
paramR.coef[1][0].elem[90]: -1.875288244193655e-03
paramR.coef[2][0].elem[90]: -9.733146981869950e-04
paramR.coef[3][0].elem[90]: -1.007746749458982e+00
auxint: 3
auxint: 28
paramR.coef[0][0].elem[91]: -1.000274502025052e+00
paramR.coef[1][0].elem[91]: -1.875960021891653e-03
paramR.coef[2][0].elem[91]: -9.724732100842062e-04
paramR.coef[3][0].elem[91]: -1.007745928831034e+00
auxint: 3
auxint: 29
paramR.coef[0][0].elem[92]: -1.000274704662927e+00
paramR.coef[1][0].elem[92]: -1.877088076985910e-03
paramR.coef[2][0].elem[92]: -9.711522001930550e-04
paramR.coef[3][0].elem[92]: -1.007743566279802e+00
auxint: 3
auxint: 30
paramR.coef[0][0].elem[93]: -1.000275080495603e+00
paramR.coef[1][0].elem[93]: -1.878620317960602e-03
paramR.coef[2][0].elem[93]: -9.694201425531339e-04
paramR.coef[3][0].elem[93]: -1.007739786012494e+00
auxint: 3
auxint: 31
paramR.coef[0][0].elem[94]: -1.000275606125202e+00
paramR.coef[1][0].elem[94]: -1.880483113803394e-03
paramR.coef[2][0].elem[94]: -9.673834164705387e-04
paramR.coef[3][0].elem[94]: -1.007734778440581e+00
auxint: 3
auxint: 32
paramR.coef[0][0].elem[95]: -1.000276253684548e+00
paramR.coef[1][0].elem[95]: -1.882587058997003e-03
paramR.coef[2][0].elem[95]: -9.651748588164757e-04
paramR.coef[3][0].elem[95]: -1.007728783850719e+00
auxint: 4
auxint: 1
paramR.coef[0][0].elem[96]: -1.000278163856786e+00
paramR.coef[1][0].elem[96]: -1.884785697565244e-03
paramR.coef[2][0].elem[96]: -9.662200099552952e-04
paramR.coef[3][0].elem[96]: -1.007719975002539e+00
auxint: 4
auxint: 2
paramR.coef[0][0].elem[97]: -1.000278977498566e+00
paramR.coef[1][0].elem[97]: -1.887113040901078e-03
paramR.coef[2][0].elem[97]: -9.640461500043220e-04
paramR.coef[3][0].elem[97]: -1.007712746511522e+00
auxint: 4
auxint: 3
paramR.coef[0][0].elem[98]: -1.000279815468354e+00
paramR.coef[1][0].elem[98]: -1.889364422220015e-03
paramR.coef[2][0].elem[98]: -9.621317638329822e-04
paramR.coef[3][0].elem[98]: -1.007705444748703e+00
auxint: 4
auxint: 4
paramR.coef[0][0].elem[99]: -1.000280650157372e+00
paramR.coef[1][0].elem[99]: -1.891448788815430e-03
paramR.coef[2][0].elem[99]: -9.605746769621298e-04
paramR.coef[3][0].elem[99]: -1.007698350235908e+00
auxint: 4
auxint: 5
paramR.coef[0][0].elem[100]: -1.000281456555152e+00
paramR.coef[1][0].elem[100]: -1.893287559236397e-03
paramR.coef[2][0].elem[100]: -9.594391636227070e-04
paramR.coef[3][0].elem[100]: -1.007691720429575e+00
auxint: 4
auxint: 6
paramR.coef[0][0].elem[101]: -1.000282212004558e+00
paramR.coef[1][0].elem[101]: -1.894817141355999e-03
paramR.coef[2][0].elem[101]: -9.587539611743898e-04
paramR.coef[3][0].elem[101]: -1.007685782724841e+00
auxint: 4
auxint: 7
paramR.coef[0][0].elem[102]: -1.000282895672064e+00
paramR.coef[1][0].elem[102]: -1.895990262662405e-03
paramR.coef[2][0].elem[102]: -9.585139732403500e-04
paramR.coef[3][0].elem[102]: -1.007680729809404e+00
auxint: 4
auxint: 8
paramR.coef[0][0].elem[103]: -1.000283488156228e+00
paramR.coef[1][0].elem[103]: -1.896776322887199e-03
paramR.coef[2][0].elem[103]: -9.586851201995145e-04
paramR.coef[3][0].elem[103]: -1.007676716575163e+00
auxint: 4
auxint: 9
paramR.coef[0][0].elem[104]: -1.000283971376898e+00
paramR.coef[1][0].elem[104]: -1.897160893909520e-03
paramR.coef[2][0].elem[104]: -9.592112762238982e-04
paramR.coef[3][0].elem[104]: -1.007673858562028e+00
auxint: 4
auxint: 10
paramR.coef[0][0].elem[105]: -1.000284328625274e+00
paramR.coef[1][0].elem[105]: -1.897144303356797e-03
paramR.coef[2][0].elem[105]: -9.600223229665009e-04
paramR.coef[3][0].elem[105]: -1.007672232601485e+00
auxint: 4
auxint: 11
paramR.coef[0][0].elem[106]: -1.000284544771800e+00
paramR.coef[1][0].elem[106]: -1.896739317927561e-03
paramR.coef[2][0].elem[106]: -9.610429176779132e-04
paramR.coef[3][0].elem[106]: -1.007671879619279e+00
auxint: 4
auxint: 12
paramR.coef[0][0].elem[107]: -1.000284606899442e+00
paramR.coef[1][0].elem[107]: -1.895968402656375e-03
paramR.coef[2][0].elem[107]: -9.622015843954661e-04
paramR.coef[3][0].elem[107]: -1.007672807864209e+00
auxint: 4
auxint: 13
paramR.coef[0][0].elem[108]: -1.000284505571678e+00
paramR.coef[1][0].elem[108]: -1.894861437361036e-03
paramR.coef[2][0].elem[108]: -9.634388844967141e-04
paramR.coef[3][0].elem[108]: -1.007674994112363e+00
auxint: 4
auxint: 14
paramR.coef[0][0].elem[109]: -1.000284236527089e+00
paramR.coef[1][0].elem[109]: -1.893454578575847e-03
paramR.coef[2][0].elem[109]: -9.647128276810922e-04
paramR.coef[3][0].elem[109]: -1.007678381813442e+00
auxint: 4
auxint: 15
paramR.coef[0][0].elem[110]: -1.000283802276582e+00
paramR.coef[1][0].elem[110]: -1.891790215537166e-03
paramR.coef[2][0].elem[110]: -9.660003597813796e-04
paramR.coef[3][0].elem[110]: -1.007682877545921e+00
auxint: 4
auxint: 16
paramR.coef[0][0].elem[111]: -1.000283213169053e+00
paramR.coef[1][0].elem[111]: -1.889917354152981e-03
paramR.coef[2][0].elem[111]: -9.672950883835806e-04
paramR.coef[3][0].elem[111]: -1.007688348333221e+00
auxint: 4
auxint: 17
paramR.coef[0][0].elem[112]: -1.000282487776229e+00
paramR.coef[1][0].elem[112]: -1.887891803194413e-03
paramR.coef[2][0].elem[112]: -9.686020070665684e-04
paramR.coef[3][0].elem[112]: -1.007694621535987e+00
auxint: 4
auxint: 18
paramR.coef[0][0].elem[113]: -1.000281652593064e+00
paramR.coef[1][0].elem[113]: -1.885776013764564e-03
paramR.coef[2][0].elem[113]: -9.699297464311562e-04
paramR.coef[3][0].elem[113]: -1.007701487412947e+00
auxint: 4
auxint: 19
paramR.coef[0][0].elem[114]: -1.000280741057837e+00
paramR.coef[1][0].elem[114]: -1.883638692068184e-03
paramR.coef[2][0].elem[114]: -9.712810357842256e-04
paramR.coef[3][0].elem[114]: -1.007708703668110e+00
auxint: 4
auxint: 20
paramR.coef[0][0].elem[115]: -1.000279791963327e+00
paramR.coef[1][0].elem[115]: -1.881554104140484e-03
paramR.coef[2][0].elem[115]: -9.726431444079610e-04
paramR.coef[3][0].elem[115]: -1.007716001688140e+00
auxint: 4
auxint: 21
paramR.coef[0][0].elem[116]: -1.000278847449680e+00
paramR.coef[1][0].elem[116]: -1.879600685530373e-03
paramR.coef[2][0].elem[116]: -9.739809616580630e-04
paramR.coef[3][0].elem[116]: -1.007723094809953e+00
auxint: 4
auxint: 22
paramR.coef[0][0].elem[117]: -1.000277950760496e+00
paramR.coef[1][0].elem[117]: -1.877858595620254e-03
paramR.coef[2][0].elem[117]: -9.752348486361487e-04
paramR.coef[3][0].elem[117]: -1.007729689037429e+00
auxint: 4
auxint: 23
paramR.coef[0][0].elem[118]: -1.000277143813239e+00
paramR.coef[1][0].elem[118]: -1.876406174084997e-03
paramR.coef[2][0].elem[118]: -9.763238670020888e-04
paramR.coef[3][0].elem[118]: -1.007735496211317e+00
auxint: 4
auxint: 24
paramR.coef[0][0].elem[119]: -1.000276464611892e+00
paramR.coef[1][0].elem[119]: -1.875315505305889e-03
paramR.coef[2][0].elem[119]: -9.771538355586706e-04
paramR.coef[3][0].elem[119]: -1.007740249222168e+00
auxint: 4
auxint: 25
paramR.coef[0][0].elem[120]: -1.000275944695072e+00
paramR.coef[1][0].elem[120]: -1.874647339575650e-03
paramR.coef[2][0].elem[120]: -9.776292657633742e-04
paramR.coef[3][0].elem[120]: -1.007743718594741e+00
auxint: 4
auxint: 26
paramR.coef[0][0].elem[121]: -1.000275606956318e+00
paramR.coef[1][0].elem[121]: -1.874445692782852e-03
paramR.coef[2][0].elem[121]: -9.776677428326920e-04
paramR.coef[3][0].elem[121]: -1.007745729342303e+00
auxint: 4
auxint: 27
paramR.coef[0][0].elem[122]: -1.000275464125191e+00
paramR.coef[1][0].elem[122]: -1.874732755182580e-03
paramR.coef[2][0].elem[122]: -9.772143412240075e-04
paramR.coef[3][0].elem[122]: -1.007746176138584e+00
auxint: 4
auxint: 28
paramR.coef[0][0].elem[123]: -1.000275518081195e+00
paramR.coef[1][0].elem[123]: -1.875505111543078e-03
paramR.coef[2][0].elem[123]: -9.762530425490714e-04
paramR.coef[3][0].elem[123]: -1.007745033960507e+00
auxint: 4
auxint: 29
paramR.coef[0][0].elem[124]: -1.000275760148132e+00
paramR.coef[1][0].elem[124]: -1.876732313431444e-03
paramR.coef[2][0].elem[124]: -9.748127219338940e-04
paramR.coef[3][0].elem[124]: -1.007742361345985e+00
auxint: 4
auxint: 30
paramR.coef[0][0].elem[125]: -1.000276172464262e+00
paramR.coef[1][0].elem[125]: -1.878358363446682e-03
paramR.coef[2][0].elem[125]: -9.729666909942125e-04
paramR.coef[3][0].elem[125]: -1.007738294949203e+00
auxint: 4
auxint: 31
paramR.coef[0][0].elem[126]: -1.000276730244559e+00
paramR.coef[1][0].elem[126]: -1.880305890121166e-03
paramR.coef[2][0].elem[126]: -9.708260321775677e-04
paramR.coef[3][0].elem[126]: -1.007733036651855e+00
auxint: 4
auxint: 32
paramR.coef[0][0].elem[127]: -1.000277404391118e+00
paramR.coef[1][0].elem[127]: -1.882482140302638e-03
paramR.coef[2][0].elem[127]: -9.685277982641204e-04
paramR.coef[3][0].elem[127]: -1.007726836513859e+00
auxint: 5
auxint: 1
paramR.coef[0][0].elem[128]: -1.000279441203742e+00
paramR.coef[1][0].elem[128]: -1.885086482475431e-03
paramR.coef[2][0].elem[128]: -9.679290301329159e-04
paramR.coef[3][0].elem[128]: -1.007717238951980e+00
auxint: 5
auxint: 2
paramR.coef[0][0].elem[129]: -1.000280273784710e+00
paramR.coef[1][0].elem[129]: -1.887465618817836e-03
paramR.coef[2][0].elem[129]: -9.656993734530185e-04
paramR.coef[3][0].elem[129]: -1.007709873042301e+00
auxint: 5
auxint: 3
paramR.coef[0][0].elem[130]: -1.000281123366326e+00
paramR.coef[1][0].elem[130]: -1.889751671340036e-03
paramR.coef[2][0].elem[130]: -9.637506700223812e-04
paramR.coef[3][0].elem[130]: -1.007702490209107e+00
auxint: 5
auxint: 4
paramR.coef[0][0].elem[131]: -1.000281961826484e+00
paramR.coef[1][0].elem[131]: -1.891852332355808e-03
paramR.coef[2][0].elem[131]: -9.621819922050396e-04
paramR.coef[3][0].elem[131]: -1.007695373418458e+00
auxint: 5
auxint: 5
paramR.coef[0][0].elem[132]: -1.000282763932370e+00
paramR.coef[1][0].elem[132]: -1.893688468723034e-03
paramR.coef[2][0].elem[132]: -9.610577769872013e-04
paramR.coef[3][0].elem[132]: -1.007688780491858e+00
auxint: 5
auxint: 6
paramR.coef[0][0].elem[133]: -1.000283507141161e+00
paramR.coef[1][0].elem[133]: -1.895196685598648e-03
paramR.coef[2][0].elem[133]: -9.604059179096964e-04
paramR.coef[3][0].elem[133]: -1.007682937042785e+00
auxint: 5
auxint: 7
paramR.coef[0][0].elem[134]: -1.000284171055890e+00
paramR.coef[1][0].elem[134]: -1.896330622590170e-03
paramR.coef[2][0].elem[134]: -9.602196504291034e-04
paramR.coef[3][0].elem[134]: -1.007678032002149e+00
auxint: 5
auxint: 8
paramR.coef[0][0].elem[135]: -1.000284736983910e+00
paramR.coef[1][0].elem[135]: -1.897061228388182e-03
paramR.coef[2][0].elem[135]: -9.604625055733755e-04
paramR.coef[3][0].elem[135]: -1.007674214833789e+00
auxint: 5
auxint: 9
paramR.coef[0][0].elem[136]: -1.000285187796499e+00
paramR.coef[1][0].elem[136]: -1.897376186878067e-03
paramR.coef[2][0].elem[136]: -9.610752972261885e-04
paramR.coef[3][0].elem[136]: -1.007671594189817e+00
auxint: 5
auxint: 10
paramR.coef[0][0].elem[137]: -1.000285507978804e+00
paramR.coef[1][0].elem[137]: -1.897278435190215e-03
paramR.coef[2][0].elem[137]: -9.619843348128764e-04
paramR.coef[3][0].elem[137]: -1.007670238619727e+00
auxint: 5
auxint: 11
paramR.coef[0][0].elem[138]: -1.000285683822373e+00
paramR.coef[1][0].elem[138]: -1.896783766271219e-03
paramR.coef[2][0].elem[138]: -9.631104586542824e-04
paramR.coef[3][0].elem[138]: -1.007670179452617e+00
auxint: 5
auxint: 12
paramR.coef[0][0].elem[139]: -1.000285703996455e+00
paramR.coef[1][0].elem[139]: -1.895917980472105e-03
paramR.coef[2][0].elem[139]: -9.643783257733077e-04
paramR.coef[3][0].elem[139]: -1.007671414282728e+00
auxint: 5
auxint: 13
paramR.coef[0][0].elem[140]: -1.000285560729540e+00
paramR.coef[1][0].elem[140]: -1.894714473414922e-03
paramR.coef[2][0].elem[140]: -9.657246291182072e-04
paramR.coef[3][0].elem[140]: -1.007673908600409e+00
auxint: 5
auxint: 14
paramR.coef[0][0].elem[141]: -1.000285251431094e+00
paramR.coef[1][0].elem[141]: -1.893212962944884e-03
paramR.coef[2][0].elem[141]: -9.671035539808645e-04
paramR.coef[3][0].elem[141]: -1.007677594394448e+00
auxint: 5
auxint: 15
paramR.coef[0][0].elem[142]: -1.000284780232994e+00
paramR.coef[1][0].elem[142]: -1.891459327694406e-03
paramR.coef[2][0].elem[142]: -9.684884132732138e-04
paramR.coef[3][0].elem[142]: -1.007682366973948e+00
auxint: 5
auxint: 16
paramR.coef[0][0].elem[143]: -1.000284158993083e+00
paramR.coef[1][0].elem[143]: -1.889505911094574e-03
paramR.coef[2][0].elem[143]: -9.698695054321630e-04
paramR.coef[3][0].elem[143]: -1.007688082571088e+00
auxint: 5
auxint: 17
paramR.coef[0][0].elem[144]: -1.000283407603225e+00
paramR.coef[1][0].elem[144]: -1.887411644328506e-03
paramR.coef[2][0].elem[144]: -9.712488254119595e-04
paramR.coef[3][0].elem[144]: -1.007694558561372e+00
auxint: 5
auxint: 18
paramR.coef[0][0].elem[145]: -1.000282553614721e+00
paramR.coef[1][0].elem[145]: -1.885241778408766e-03
paramR.coef[2][0].elem[145]: -9.726322751598191e-04
paramR.coef[3][0].elem[145]: -1.007701576508016e+00
auxint: 5
auxint: 19
paramR.coef[0][0].elem[146]: -1.000281631201224e+00
paramR.coef[1][0].elem[146]: -1.883067317147458e-03
paramR.coef[2][0].elem[146]: -9.740202746562150e-04
paramR.coef[3][0].elem[146]: -1.007708887314025e+00
auxint: 5
auxint: 20
paramR.coef[0][0].elem[147]: -1.000280679533980e+00
paramR.coef[1][0].elem[147]: -1.880964133944895e-03
paramR.coef[2][0].elem[147]: -9.753984990643369e-04
paramR.coef[3][0].elem[147]: -1.007716217983398e+00
auxint: 5
auxint: 21
paramR.coef[0][0].elem[148]: -1.000279740764171e+00
paramR.coef[1][0].elem[148]: -1.879011485180922e-03
paramR.coef[2][0].elem[148]: -9.767311122625424e-04
paramR.coef[3][0].elem[148]: -1.007723280135369e+00
auxint: 5
auxint: 22
paramR.coef[0][0].elem[149]: -1.000278857800632e+00
paramR.coef[1][0].elem[149]: -1.877289574657447e-03
paramR.coef[2][0].elem[149]: -9.779585077324792e-04
paramR.coef[3][0].elem[149]: -1.007729780708172e+00
auxint: 5
auxint: 23
paramR.coef[0][0].elem[150]: -1.000278071925351e+00
paramR.coef[1][0].elem[150]: -1.875876039645091e-03
paramR.coef[2][0].elem[150]: -9.790003955615909e-04
paramR.coef[3][0].elem[150]: -1.007735435056526e+00
auxint: 5
auxint: 24
paramR.coef[0][0].elem[151]: -1.000277420250327e+00
paramR.coef[1][0].elem[151]: -1.874841500824850e-03
paramR.coef[2][0].elem[151]: -9.797639309918451e-04
paramR.coef[3][0].elem[151]: -1.007739982140820e+00
auxint: 5
auxint: 25
paramR.coef[0][0].elem[152]: -1.000276933199928e+00
paramR.coef[1][0].elem[152]: -1.874244480085149e-03
paramR.coef[2][0].elem[152]: -9.801558297487789e-04
paramR.coef[3][0].elem[152]: -1.007743200985237e+00
auxint: 5
auxint: 26
paramR.coef[0][0].elem[153]: -1.000276632375244e+00
paramR.coef[1][0].elem[153]: -1.874126103612295e-03
paramR.coef[2][0].elem[153]: -9.800967490299799e-04
paramR.coef[3][0].elem[153]: -1.007744927091780e+00
auxint: 5
auxint: 27
paramR.coef[0][0].elem[154]: -1.000276529103159e+00
paramR.coef[1][0].elem[154]: -1.874505211709843e-03
paramR.coef[2][0].elem[154]: -9.795354855568353e-04
paramR.coef[3][0].elem[154]: -1.007745066910709e+00
auxint: 5
auxint: 28
paramR.coef[0][0].elem[155]: -1.000276623817819e+00
paramR.coef[1][0].elem[155]: -1.875374763627410e-03
paramR.coef[2][0].elem[155]: -9.784601999965413e-04
paramR.coef[3][0].elem[155]: -1.007743607825531e+00
auxint: 5
auxint: 29
paramR.coef[0][0].elem[156]: -1.000276906387278e+00
paramR.coef[1][0].elem[156]: -1.876700511826927e-03
paramR.coef[2][0].elem[156]: -9.769043518951565e-04
paramR.coef[3][0].elem[156]: -1.007740620983482e+00
auxint: 5
auxint: 30
paramR.coef[0][0].elem[157]: -1.000277357490387e+00
paramR.coef[1][0].elem[157]: -1.878422573682868e-03
paramR.coef[2][0].elem[157]: -9.749461407042164e-04
paramR.coef[3][0].elem[157]: -1.007736255492295e+00
auxint: 5
auxint: 31
paramR.coef[0][0].elem[158]: -1.000277950909435e+00
paramR.coef[1][0].elem[158]: -1.880459776514737e-03
paramR.coef[2][0].elem[158]: -9.727015046293277e-04
paramR.coef[3][0].elem[158]: -1.007730724980444e+00
auxint: 5
auxint: 32
paramR.coef[0][0].elem[159]: -1.000278656214694e+00
paramR.coef[1][0].elem[159]: -1.882715882205134e-03
paramR.coef[2][0].elem[159]: -9.703118937463409e-04
paramR.coef[3][0].elem[159]: -1.007724289843711e+00
auxint: 6
auxint: 1
paramR.coef[0][0].elem[160]: -1.000280771626075e+00
paramR.coef[1][0].elem[160]: -1.885725036542233e-03
paramR.coef[2][0].elem[160]: -9.679763445961269e-04
paramR.coef[3][0].elem[160]: -1.007713991370079e+00
auxint: 6
auxint: 2
paramR.coef[0][0].elem[161]: -1.000281628541861e+00
paramR.coef[1][0].elem[161]: -1.888165739754915e-03
paramR.coef[2][0].elem[161]: -9.656891677664492e-04
paramR.coef[3][0].elem[161]: -1.007706451773145e+00
auxint: 6
auxint: 3
paramR.coef[0][0].elem[162]: -1.000282495948680e+00
paramR.coef[1][0].elem[162]: -1.890498715083891e-03
paramR.coef[2][0].elem[162]: -9.637018442056017e-04
paramR.coef[3][0].elem[162]: -1.007698944651201e+00
auxint: 6
auxint: 4
paramR.coef[0][0].elem[163]: -1.000283344964774e+00
paramR.coef[1][0].elem[163]: -1.892629992730318e-03
paramR.coef[2][0].elem[163]: -9.621147943668452e-04
paramR.coef[3][0].elem[163]: -1.007691756964029e+00
auxint: 6
auxint: 5
paramR.coef[0][0].elem[164]: -1.000284149831145e+00
paramR.coef[1][0].elem[164]: -1.894479334100486e-03
paramR.coef[2][0].elem[164]: -9.609928259249679e-04
paramR.coef[3][0].elem[164]: -1.007685148884443e+00
auxint: 6
auxint: 6
paramR.coef[0][0].elem[165]: -1.000284887782891e+00
paramR.coef[1][0].elem[165]: -1.895982874260611e-03
paramR.coef[2][0].elem[165]: -9.603632637031540e-04
paramR.coef[3][0].elem[165]: -1.007679346541241e+00
auxint: 6
auxint: 7
paramR.coef[0][0].elem[166]: -1.000285538526823e+00
paramR.coef[1][0].elem[166]: -1.897094430762644e-03
paramR.coef[2][0].elem[166]: -9.602180223332955e-04
paramR.coef[3][0].elem[166]: -1.007674537529967e+00
auxint: 6
auxint: 8
paramR.coef[0][0].elem[167]: -1.000286083775983e+00
paramR.coef[1][0].elem[167]: -1.897785746136315e-03
paramR.coef[2][0].elem[167]: -9.605186893898753e-04
paramR.coef[3][0].elem[167]: -1.007670868262739e+00
auxint: 6
auxint: 9
paramR.coef[0][0].elem[168]: -1.000286507092096e+00
paramR.coef[1][0].elem[168]: -1.898045888041889e-03
paramR.coef[2][0].elem[168]: -9.612035385722522e-04
paramR.coef[3][0].elem[168]: -1.007668442697844e+00
auxint: 6
auxint: 10
paramR.coef[0][0].elem[169]: -1.000286793947000e+00
paramR.coef[1][0].elem[169]: -1.897879752963449e-03
paramR.coef[2][0].elem[169]: -9.621958329149605e-04
paramR.coef[3][0].elem[169]: -1.007667322983026e+00
auxint: 6
auxint: 11
paramR.coef[0][0].elem[170]: -1.000286931915472e+00
paramR.coef[1][0].elem[170]: -1.897305630189296e-03
paramR.coef[2][0].elem[170]: -9.634130970515264e-04
paramR.coef[3][0].elem[170]: -1.007667532291626e+00
auxint: 6
auxint: 12
paramR.coef[0][0].elem[171]: -1.000286911193045e+00
paramR.coef[1][0].elem[171]: -1.896352267429891e-03
paramR.coef[2][0].elem[171]: -9.647766330595517e-04
paramR.coef[3][0].elem[171]: -1.007669058482650e+00
auxint: 6
auxint: 13
paramR.coef[0][0].elem[172]: -1.000286725683492e+00
paramR.coef[1][0].elem[172]: -1.895056335175079e-03
paramR.coef[2][0].elem[172]: -9.662198168792177e-04
paramR.coef[3][0].elem[172]: -1.007671856145944e+00
auxint: 6
auxint: 14
paramR.coef[0][0].elem[173]: -1.000286374531953e+00
paramR.coef[1][0].elem[173]: -1.893461016178485e-03
paramR.coef[2][0].elem[173]: -9.676935630505525e-04
paramR.coef[3][0].elem[173]: -1.007675845703905e+00
auxint: 6
auxint: 15
paramR.coef[0][0].elem[174]: -1.000285863600012e+00
paramR.coef[1][0].elem[174]: -1.891615716624174e-03
paramR.coef[2][0].elem[174]: -9.691680479831113e-04
paramR.coef[3][0].elem[174]: -1.007680910668098e+00
auxint: 6
auxint: 16
paramR.coef[0][0].elem[175]: -1.000285206402143e+00
paramR.coef[1][0].elem[175]: -1.889576271123372e-03
paramR.coef[2][0].elem[175]: -9.706306832507079e-04
paramR.coef[3][0].elem[175]: -1.007686895600744e+00
auxint: 6
auxint: 17
paramR.coef[0][0].elem[176]: -1.000284424328070e+00
paramR.coef[1][0].elem[176]: -1.887404984508707e-03
paramR.coef[2][0].elem[176]: -9.720808121396342e-04
paramR.coef[3][0].elem[176]: -1.007693606728701e+00
auxint: 6
auxint: 18
paramR.coef[0][0].elem[177]: -1.000283546178471e+00
paramR.coef[1][0].elem[177]: -1.885170251678891e-03
paramR.coef[2][0].elem[177]: -9.735218214428935e-04
paramR.coef[3][0].elem[177]: -1.007700815526640e+00
auxint: 6
auxint: 19
paramR.coef[0][0].elem[178]: -1.000282607058741e+00
paramR.coef[1][0].elem[178]: -1.882945811248488e-03
paramR.coef[2][0].elem[178]: -9.749518036941636e-04
paramR.coef[3][0].elem[178]: -1.007708264529506e+00
auxint: 6
auxint: 20
paramR.coef[0][0].elem[179]: -1.000281646714172e+00
paramR.coef[1][0].elem[179]: -1.880809658868082e-03
paramR.coef[2][0].elem[179]: -9.763545567748917e-04
paramR.coef[3][0].elem[179]: -1.007715674691097e+00
auxint: 6
auxint: 21
paramR.coef[0][0].elem[180]: -1.000280707500504e+00
paramR.coef[1][0].elem[180]: -1.878842429581031e-03
paramR.coef[2][0].elem[180]: -9.776930440463206e-04
paramR.coef[3][0].elem[180]: -1.007722754228356e+00
auxint: 6
auxint: 22
paramR.coef[0][0].elem[181]: -1.000279832180675e+00
paramR.coef[1][0].elem[181]: -1.877124942069820e-03
paramR.coef[2][0].elem[181]: -9.789071171737436e-04
paramR.coef[3][0].elem[181]: -1.007729209365101e+00
auxint: 6
auxint: 23
paramR.coef[0][0].elem[182]: -1.000279061585299e+00
paramR.coef[1][0].elem[182]: -1.875734705471992e-03
paramR.coef[2][0].elem[182]: -9.799164865763868e-04
paramR.coef[3][0].elem[182]: -1.007734757359060e+00
auxint: 6
auxint: 24
paramR.coef[0][0].elem[183]: -1.000278432118679e+00
paramR.coef[1][0].elem[183]: -1.874741450481167e-03
paramR.coef[2][0].elem[183]: -9.806289193010573e-04
paramR.coef[3][0].elem[183]: -1.007739141661412e+00
auxint: 6
auxint: 25
paramR.coef[0][0].elem[184]: -1.000277973277209e+00
paramR.coef[1][0].elem[184]: -1.874202016369858e-03
paramR.coef[2][0].elem[184]: -9.809525959857640e-04
paramR.coef[3][0].elem[184]: -1.007742148297563e+00
auxint: 6
auxint: 26
paramR.coef[0][0].elem[185]: -1.000277705547453e+00
paramR.coef[1][0].elem[185]: -1.874155112982494e-03
paramR.coef[2][0].elem[185]: -9.808106052390357e-04
paramR.coef[3][0].elem[185]: -1.007743621939482e+00
auxint: 6
auxint: 27
paramR.coef[0][0].elem[186]: -1.000277639006462e+00
paramR.coef[1][0].elem[186]: -1.874616606564693e-03
paramR.coef[2][0].elem[186]: -9.801549797778405e-04
paramR.coef[3][0].elem[186]: -1.007743479744354e+00
auxint: 6
auxint: 28
paramR.coef[0][0].elem[187]: -1.000277772762369e+00
paramR.coef[1][0].elem[187]: -1.875576121935788e-03
paramR.coef[2][0].elem[187]: -9.789776818512688e-04
paramR.coef[3][0].elem[187]: -1.007741720670802e+00
auxint: 6
auxint: 29
paramR.coef[0][0].elem[188]: -1.000278095315890e+00
paramR.coef[1][0].elem[188]: -1.876995843592852e-03
paramR.coef[2][0].elem[188]: -9.773164272821751e-04
paramR.coef[3][0].elem[188]: -1.007738427836149e+00
auxint: 6
auxint: 30
paramR.coef[0][0].elem[189]: -1.000278585944177e+00
paramR.coef[1][0].elem[189]: -1.878812178023471e-03
paramR.coef[2][0].elem[189]: -9.752540341356697e-04
paramR.coef[3][0].elem[189]: -1.007733762356540e+00
auxint: 6
auxint: 31
paramR.coef[0][0].elem[190]: -1.000279217012991e+00
paramR.coef[1][0].elem[190]: -1.880940251966957e-03
paramR.coef[2][0].elem[190]: -9.729111238045329e-04
paramR.coef[3][0].elem[190]: -1.007727949415266e+00
auxint: 6
auxint: 32
paramR.coef[0][0].elem[191]: -1.000279956723316e+00
paramR.coef[1][0].elem[191]: -1.883280359207202e-03
paramR.coef[2][0].elem[191]: -9.704334474322607e-04
paramR.coef[3][0].elem[191]: -1.007721259855606e+00
auxint: 7
auxint: 1
paramR.coef[0][0].elem[192]: -1.000282100062571e+00
paramR.coef[1][0].elem[192]: -1.886675034412304e-03
paramR.coef[2][0].elem[192]: -9.663358767223443e-04
paramR.coef[3][0].elem[192]: -1.007710385214345e+00
auxint: 7
auxint: 2
paramR.coef[0][0].elem[193]: -1.000282985560247e+00
paramR.coef[1][0].elem[193]: -1.889184189367390e-03
paramR.coef[2][0].elem[193]: -9.639930661096097e-04
paramR.coef[3][0].elem[193]: -1.007702643987366e+00
auxint: 7
auxint: 3
paramR.coef[0][0].elem[194]: -1.000283876136103e+00
paramR.coef[1][0].elem[194]: -1.891574067394253e-03
paramR.coef[2][0].elem[194]: -9.619653629640510e-04
paramR.coef[3][0].elem[194]: -1.007694975663620e+00
auxint: 7
auxint: 4
paramR.coef[0][0].elem[195]: -1.000284741949749e+00
paramR.coef[1][0].elem[195]: -1.893748721352685e-03
paramR.coef[2][0].elem[195]: -9.603545796869996e-04
paramR.coef[3][0].elem[195]: -1.007687672480007e+00
auxint: 7
auxint: 5
paramR.coef[0][0].elem[196]: -1.000285556444789e+00
paramR.coef[1][0].elem[196]: -1.895626315308515e-03
paramR.coef[2][0].elem[196]: -9.592261128635144e-04
paramR.coef[3][0].elem[196]: -1.007680998767621e+00
auxint: 7
auxint: 6
paramR.coef[0][0].elem[197]: -1.000286296307712e+00
paramR.coef[1][0].elem[197]: -1.897141872081699e-03
paramR.coef[2][0].elem[197]: -9.586070562568357e-04
paramR.coef[3][0].elem[197]: -1.007675183403176e+00
auxint: 7
auxint: 7
paramR.coef[0][0].elem[198]: -1.000286941002245e+00
paramR.coef[1][0].elem[198]: -1.898248642142151e-03
paramR.coef[2][0].elem[198]: -9.584884386504043e-04
paramR.coef[3][0].elem[198]: -1.007670415122526e+00
auxint: 7
auxint: 8
paramR.coef[0][0].elem[199]: -1.000287472311084e+00
paramR.coef[1][0].elem[199]: -1.898918362173723e-03
paramR.coef[2][0].elem[199]: -9.588304554946661e-04
paramR.coef[3][0].elem[199]: -1.007666839823012e+00
auxint: 7
auxint: 9
paramR.coef[0][0].elem[200]: -1.000287874178902e+00
paramR.coef[1][0].elem[200]: -1.899140678737964e-03
paramR.coef[2][0].elem[200]: -9.595694945946992e-04
paramR.coef[3][0].elem[200]: -1.007664559217547e+00
auxint: 7
auxint: 10
paramR.coef[0][0].elem[201]: -1.000288132799906e+00
paramR.coef[1][0].elem[201]: -1.898921694654089e-03
paramR.coef[2][0].elem[201]: -9.606264573821932e-04
paramR.coef[3][0].elem[201]: -1.007663631265961e+00
auxint: 7
auxint: 11
paramR.coef[0][0].elem[202]: -1.000288236830904e+00
paramR.coef[1][0].elem[202]: -1.898281549117849e-03
paramR.coef[2][0].elem[202]: -9.619162086590194e-04
paramR.coef[3][0].elem[202]: -1.007664072812302e+00
auxint: 7
auxint: 12
paramR.coef[0][0].elem[203]: -1.000288177871200e+00
paramR.coef[1][0].elem[203]: -1.897251431301988e-03
paramR.coef[2][0].elem[203]: -9.633573352447457e-04
paramR.coef[3][0].elem[203]: -1.007665863304015e+00
auxint: 7
auxint: 13
paramR.coef[0][0].elem[204]: -1.000287951453556e+00
paramR.coef[1][0].elem[204]: -1.895870929891902e-03
paramR.coef[2][0].elem[204]: -9.648805568818422e-04
paramR.coef[3][0].elem[204]: -1.007668947219961e+00
auxint: 7
auxint: 14
paramR.coef[0][0].elem[205]: -1.000287558471770e+00
paramR.coef[1][0].elem[205]: -1.894186479007951e-03
paramR.coef[2][0].elem[205]: -9.664341828269819e-04
paramR.coef[3][0].elem[205]: -1.007673233718277e+00
auxint: 7
auxint: 15
paramR.coef[0][0].elem[206]: -1.000287006573944e+00
paramR.coef[1][0].elem[206]: -1.892250928899743e-03
paramR.coef[2][0].elem[206]: -9.679858653429369e-04
paramR.coef[3][0].elem[206]: -1.007678594407532e+00
auxint: 7
auxint: 16
paramR.coef[0][0].elem[207]: -1.000286311024816e+00
paramR.coef[1][0].elem[207]: -1.890123632930916e-03
paramR.coef[2][0].elem[207]: -9.695206617309442e-04
paramR.coef[3][0].elem[207]: -1.007684861742346e+00
auxint: 7
auxint: 17
paramR.coef[0][0].elem[208]: -1.000285494836469e+00
paramR.coef[1][0].elem[208]: -1.887870390313064e-03
paramR.coef[2][0].elem[208]: -9.710357244131065e-04
paramR.coef[3][0].elem[208]: -1.007691830087984e+00
auxint: 7
auxint: 18
paramR.coef[0][0].elem[209]: -1.000284588203787e+00
paramR.coef[1][0].elem[209]: -1.885562949504573e-03
paramR.coef[2][0].elem[209]: -9.725322818201035e-04
paramR.coef[3][0].elem[209]: -1.007699259877892e+00
auxint: 7
auxint: 19
paramR.coef[0][0].elem[210]: -1.000283627319855e+00
paramR.coef[1][0].elem[210]: -1.883278090527228e-03
paramR.coef[2][0].elem[210]: -9.740062582580083e-04
paramR.coef[3][0].elem[210]: -1.007706884108735e+00
auxint: 7
auxint: 20
paramR.coef[0][0].elem[211]: -1.000282652669672e+00
paramR.coef[1][0].elem[211]: -1.881096334552685e-03
paramR.coef[2][0].elem[211]: -9.754394702164833e-04
paramR.coef[3][0].elem[211]: -1.007714416326385e+00
auxint: 7
auxint: 21
paramR.coef[0][0].elem[212]: -1.000281706991032e+00
paramR.coef[1][0].elem[212]: -1.879100173536811e-03
paramR.coef[2][0].elem[212]: -9.767933513694185e-04
paramR.coef[3][0].elem[212]: -1.007721559849679e+00
auxint: 7
auxint: 22
paramR.coef[0][0].elem[213]: -1.000280833088589e+00
paramR.coef[1][0].elem[213]: -1.877371565764046e-03
paramR.coef[2][0].elem[213]: -9.780067473470816e-04
paramR.coef[3][0].elem[213]: -1.007728018601968e+00
auxint: 7
auxint: 23
paramR.coef[0][0].elem[214]: -1.000280071535492e+00
paramR.coef[1][0].elem[214]: -1.875988449739346e-03
paramR.coef[2][0].elem[214]: -9.789988084125724e-04
paramR.coef[3][0].elem[214]: -1.007733510086957e+00
auxint: 7
auxint: 24
paramR.coef[0][0].elem[215]: -1.000279458228744e+00
paramR.coef[1][0].elem[215]: -1.875020252073110e-03
paramR.coef[2][0].elem[215]: -9.796772443113504e-04
paramR.coef[3][0].elem[215]: -1.007737780526319e+00
auxint: 7
auxint: 25
paramR.coef[0][0].elem[216]: -1.000279021944944e+00
paramR.coef[1][0].elem[216]: -1.874522722724591e-03
paramR.coef[2][0].elem[216]: -9.799509513169057e-04
paramR.coef[3][0].elem[216]: -1.007740621211361e+00
auxint: 7
auxint: 26
paramR.coef[0][0].elem[217]: -1.000278782264991e+00
paramR.coef[1][0].elem[217]: -1.874532713723930e-03
paramR.coef[2][0].elem[217]: -9.797447150735729e-04
paramR.coef[3][0].elem[217]: -1.007741884334551e+00
auxint: 7
auxint: 27
paramR.coef[0][0].elem[218]: -1.000278748210292e+00
paramR.coef[1][0].elem[218]: -1.875063608175479e-03
paramR.coef[2][0].elem[218]: -9.790131539556208e-04
paramR.coef[3][0].elem[218]: -1.007741496288184e+00
auxint: 7
auxint: 28
paramR.coef[0][0].elem[219]: -1.000278917731292e+00
paramR.coef[1][0].elem[219]: -1.876102121943854e-03
paramR.coef[2][0].elem[219]: -9.777514376232972e-04
paramR.coef[3][0].elem[219]: -1.007739466331508e+00
auxint: 7
auxint: 29
paramR.coef[0][0].elem[220]: -1.000279278103483e+00
paramR.coef[1][0].elem[220]: -1.877607252351568e-03
paramR.coef[2][0].elem[220]: -9.760009388521022e-04
paramR.coef[3][0].elem[220]: -1.007735888446028e+00
auxint: 7
auxint: 30
paramR.coef[0][0].elem[221]: -1.000279807318746e+00
paramR.coef[1][0].elem[221]: -1.879512033173041e-03
paramR.coef[2][0].elem[221]: -9.738485001975543e-04
paramR.coef[3][0].elem[221]: -1.007730934825335e+00
auxint: 7
auxint: 31
paramR.coef[0][0].elem[222]: -1.000280476406910e+00
paramR.coef[1][0].elem[222]: -1.881728161280670e-03
paramR.coef[2][0].elem[222]: -9.714189107713202e-04
paramR.coef[3][0].elem[222]: -1.007724841524670e+00
auxint: 7
auxint: 32
paramR.coef[0][0].elem[223]: -1.000281252229192e+00
paramR.coef[1][0].elem[223]: -1.884152640947756e-03
paramR.coef[2][0].elem[223]: -9.688618227054469e-04
paramR.coef[3][0].elem[223]: -1.007717889480934e+00
auxint: 8
auxint: 1
paramR.coef[0][0].elem[224]: -1.000283372600537e+00
paramR.coef[1][0].elem[224]: -1.887895955540199e-03
paramR.coef[2][0].elem[224]: -9.630497107568450e-04
paramR.coef[3][0].elem[224]: -1.007706591864252e+00
auxint: 8
auxint: 2
paramR.coef[0][0].elem[225]: -1.000284289528075e+00
paramR.coef[1][0].elem[225]: -1.890477137722222e-03
paramR.coef[2][0].elem[225]: -9.606570540430794e-04
paramR.coef[3][0].elem[225]: -1.007698630919903e+00
auxint: 8
auxint: 3
paramR.coef[0][0].elem[226]: -1.000285207456119e+00
paramR.coef[1][0].elem[226]: -1.892931094865777e-03
paramR.coef[2][0].elem[226]: -9.585902694501415e-04
paramR.coef[3][0].elem[226]: -1.007690772644003e+00
auxint: 8
auxint: 4
paramR.coef[0][0].elem[227]: -1.000286095443273e+00
paramR.coef[1][0].elem[227]: -1.895159693503633e-03
paramR.coef[2][0].elem[227]: -9.569525120056888e-04
paramR.coef[3][0].elem[227]: -1.007683315521789e+00
auxint: 8
auxint: 5
paramR.coef[0][0].elem[228]: -1.000286925911230e+00
paramR.coef[1][0].elem[228]: -1.897079091164080e-03
paramR.coef[2][0].elem[228]: -9.558099533461947e-04
paramR.coef[3][0].elem[228]: -1.007676529597858e+00
auxint: 8
auxint: 6
paramR.coef[0][0].elem[229]: -1.000287674699541e+00
paramR.coef[1][0].elem[229]: -1.898622607934657e-03
paramR.coef[2][0].elem[229]: -9.551898171108330e-04
paramR.coef[3][0].elem[229]: -1.007670648568775e+00
auxint: 8
auxint: 7
paramR.coef[0][0].elem[230]: -1.000288320687553e+00
paramR.coef[1][0].elem[230]: -1.899742203035009e-03
paramR.coef[2][0].elem[230]: -9.550827329502629e-04
paramR.coef[3][0].elem[230]: -1.007665864727588e+00
auxint: 8
auxint: 8
paramR.coef[0][0].elem[231]: -1.000288845376787e+00
paramR.coef[1][0].elem[231]: -1.900408800059544e-03
paramR.coef[2][0].elem[231]: -9.554481223749313e-04
paramR.coef[3][0].elem[231]: -1.007662326030916e+00
auxint: 8
auxint: 9
paramR.coef[0][0].elem[232]: -1.000289232755977e+00
paramR.coef[1][0].elem[232]: -1.900611782679342e-03
paramR.coef[2][0].elem[232]: -9.562212362808723e-04
paramR.coef[3][0].elem[232]: -1.007660134523218e+00
auxint: 8
auxint: 10
paramR.coef[0][0].elem[233]: -1.000289469431134e+00
paramR.coef[1][0].elem[233]: -1.900357640094515e-03
paramR.coef[2][0].elem[233]: -9.573214300017767e-04
paramR.coef[3][0].elem[233]: -1.007659346410564e+00
auxint: 8
auxint: 11
paramR.coef[0][0].elem[234]: -1.000289544881267e+00
paramR.coef[1][0].elem[234]: -1.899667623858022e-03
paramR.coef[2][0].elem[234]: -9.586617093590667e-04
paramR.coef[3][0].elem[234]: -1.007659974337972e+00
auxint: 8
auxint: 12
paramR.coef[0][0].elem[235]: -1.000289451922319e+00
paramR.coef[1][0].elem[235]: -1.898574753742105e-03
paramR.coef[2][0].elem[235]: -9.601587132367910e-04
paramR.coef[3][0].elem[235]: -1.007661991028797e+00
auxint: 8
auxint: 13
paramR.coef[0][0].elem[236]: -1.000289187606583e+00
paramR.coef[1][0].elem[236]: -1.897121068178866e-03
paramR.coef[2][0].elem[236]: -9.617412684695797e-04
paramR.coef[3][0].elem[236]: -1.007665332039245e+00
auxint: 8
auxint: 14
paramR.coef[0][0].elem[237]: -1.000288754530192e+00
paramR.coef[1][0].elem[237]: -1.895355921752509e-03
paramR.coef[2][0].elem[237]: -9.633558342102875e-04
paramR.coef[3][0].elem[237]: -1.007669895987884e+00
auxint: 8
auxint: 15
paramR.coef[0][0].elem[238]: -1.000288162126236e+00
paramR.coef[1][0].elem[238]: -1.893335402300399e-03
paramR.coef[2][0].elem[238]: -9.649682311447566e-04
paramR.coef[3][0].elem[238]: -1.007675542921460e+00
auxint: 8
auxint: 16
paramR.coef[0][0].elem[239]: -1.000287427443545e+00
paramR.coef[1][0].elem[239]: -1.891122282222124e-03
paramR.coef[2][0].elem[239]: -9.665617576756926e-04
paramR.coef[3][0].elem[239]: -1.007682093219269e+00
auxint: 8
auxint: 17
paramR.coef[0][0].elem[240]: -1.000286575181784e+00
paramR.coef[1][0].elem[240]: -1.888785844246966e-03
paramR.coef[2][0].elem[240]: -9.681318919557222e-04
paramR.coef[3][0].elem[240]: -1.007689329156526e+00
auxint: 8
auxint: 18
paramR.coef[0][0].elem[241]: -1.000285637020355e+00
paramR.coef[1][0].elem[241]: -1.886401262461471e-03
paramR.coef[2][0].elem[241]: -9.696781462870767e-04
paramR.coef[3][0].elem[241]: -1.007696999655085e+00
auxint: 8
auxint: 19
paramR.coef[0][0].elem[242]: -1.000284650349143e+00
paramR.coef[1][0].elem[242]: -1.884048524111702e-03
paramR.coef[2][0].elem[242]: -9.711945770317597e-04
paramR.coef[3][0].elem[242]: -1.007704827456559e+00
auxint: 8
auxint: 20
paramR.coef[0][0].elem[243]: -1.000283656521193e+00
paramR.coef[1][0].elem[243]: -1.881810946643327e-03
paramR.coef[2][0].elem[243]: -9.726610956169893e-04
paramR.coef[3][0].elem[243]: -1.007712517729111e+00
auxint: 8
auxint: 21
paramR.coef[0][0].elem[244]: -1.000282698808651e+00
paramR.coef[1][0].elem[244]: -1.879773246493120e-03
paramR.coef[2][0].elem[244]: -9.740374590199338e-04
paramR.coef[3][0].elem[244]: -1.007719767685977e+00
auxint: 8
auxint: 22
paramR.coef[0][0].elem[245]: -1.000281820234070e+00
paramR.coef[1][0].elem[245]: -1.878018963444385e-03
paramR.coef[2][0].elem[245]: -9.752612091994889e-04
paramR.coef[3][0].elem[245]: -1.007726277538189e+00
auxint: 8
auxint: 23
paramR.coef[0][0].elem[246]: -1.000281061307221e+00
paramR.coef[1][0].elem[246]: -1.876626967336073e-03
paramR.coef[2][0].elem[246]: -9.762505300956772e-04
paramR.coef[3][0].elem[246]: -1.007731763443341e+00
auxint: 8
auxint: 24
paramR.coef[0][0].elem[247]: -1.000280457625611e+00
paramR.coef[1][0].elem[247]: -1.875666941338018e-03
paramR.coef[2][0].elem[247]: -9.769125338232548e-04
paramR.coef[3][0].elem[247]: -1.007735972633519e+00
auxint: 8
auxint: 25
paramR.coef[0][0].elem[248]: -1.000280037467467e+00
paramR.coef[1][0].elem[248]: -1.875194154302727e-03
paramR.coef[2][0].elem[248]: -9.771561452476369e-04
paramR.coef[3][0].elem[248]: -1.007738699777910e+00
auxint: 8
auxint: 26
paramR.coef[0][0].elem[249]: -1.000279819739051e+00
paramR.coef[1][0].elem[249]: -1.875244220973055e-03
paramR.coef[2][0].elem[249]: -9.769070767623590e-04
paramR.coef[3][0].elem[249]: -1.007739802667690e+00
auxint: 8
auxint: 27
paramR.coef[0][0].elem[250]: -1.000279812634293e+00
paramR.coef[1][0].elem[250]: -1.875828635726767e-03
paramR.coef[2][0].elem[250]: -9.761217566988343e-04
paramR.coef[3][0].elem[250]: -1.007739215082629e+00
auxint: 8
auxint: 28
paramR.coef[0][0].elem[251]: -1.000280013158624e+00
paramR.coef[1][0].elem[251]: -1.876931762132957e-03
paramR.coef[2][0].elem[251]: -9.747977819106191e-04
paramR.coef[3][0].elem[251]: -1.007736954865479e+00
auxint: 8
auxint: 29
paramR.coef[0][0].elem[252]: -1.000280407555671e+00
paramR.coef[1][0].elem[252]: -1.878509939475859e-03
paramR.coef[2][0].elem[252]: -9.729793482568200e-04
paramR.coef[3][0].elem[252]: -1.007733125280312e+00
auxint: 8
auxint: 30
paramR.coef[0][0].elem[253]: -1.000280972705483e+00
paramR.coef[1][0].elem[253]: -1.880493327698344e-03
paramR.coef[2][0].elem[253]: -9.707564457187034e-04
paramR.coef[3][0].elem[253]: -1.007727908177208e+00
auxint: 8
auxint: 31
paramR.coef[0][0].elem[254]: -1.000281678446067e+00
paramR.coef[1][0].elem[254]: -1.882790630847410e-03
paramR.coef[2][0].elem[254]: -9.682572066031060e-04
paramR.coef[3][0].elem[254]: -1.007721549311748e+00
auxint: 8
auxint: 32
paramR.coef[0][0].elem[255]: -1.000282490396548e+00
paramR.coef[1][0].elem[255]: -1.885295902439452e-03
paramR.coef[2][0].elem[255]: -9.656344966896381e-04
paramR.coef[3][0].elem[255]: -1.007714338896420e+00
auxint: 9
auxint: 1
paramR.coef[0][0].elem[256]: -1.000284539051038e+00
paramR.coef[1][0].elem[256]: -1.889335483902391e-03
paramR.coef[2][0].elem[256]: -9.582293935426945e-04
paramR.coef[3][0].elem[256]: -1.007702788759008e+00
auxint: 9
auxint: 2
paramR.coef[0][0].elem[257]: -1.000285488686342e+00
paramR.coef[1][0].elem[257]: -1.891988743811653e-03
paramR.coef[2][0].elem[257]: -9.557964454655015e-04
paramR.coef[3][0].elem[257]: -1.007694600801737e+00
auxint: 9
auxint: 3
paramR.coef[0][0].elem[258]: -1.000286436761342e+00
paramR.coef[1][0].elem[258]: -1.894510785314989e-03
paramR.coef[2][0].elem[258]: -9.536951097322029e-04
paramR.coef[3][0].elem[258]: -1.007686533365204e+00
auxint: 9
auxint: 4
paramR.coef[0][0].elem[259]: -1.000287351153589e+00
paramR.coef[1][0].elem[259]: -1.896801195483733e-03
paramR.coef[2][0].elem[259]: -9.520297101816679e-04
paramR.coef[3][0].elem[259]: -1.007678891813748e+00
auxint: 9
auxint: 5
paramR.coef[0][0].elem[260]: -1.000288203095091e+00
paramR.coef[1][0].elem[260]: -1.898773815782618e-03
paramR.coef[2][0].elem[260]: -9.508673061873279e-04
paramR.coef[3][0].elem[260]: -1.007671953154878e+00
auxint: 9
auxint: 6
paramR.coef[0][0].elem[261]: -1.000288967323604e+00
paramR.coef[1][0].elem[261]: -1.900359748340121e-03
paramR.coef[2][0].elem[261]: -9.502355962932984e-04
paramR.coef[3][0].elem[261]: -1.007665957734897e+00
auxint: 9
auxint: 7
paramR.coef[0][0].elem[262]: -1.000289621817399e+00
paramR.coef[1][0].elem[262]: -1.901508987654988e-03
paramR.coef[2][0].elem[262]: -9.501253155590106e-04
paramR.coef[3][0].elem[262]: -1.007661103656995e+00
auxint: 9
auxint: 8
paramR.coef[0][0].elem[263]: -1.000290147451907e+00
paramR.coef[1][0].elem[263]: -1.902190866796565e-03
paramR.coef[2][0].elem[263]: -9.504957595545561e-04
paramR.coef[3][0].elem[263]: -1.007657543421686e+00
auxint: 9
auxint: 9
paramR.coef[0][0].elem[264]: -1.000290527910495e+00
paramR.coef[1][0].elem[264]: -1.902393672245593e-03
paramR.coef[2][0].elem[264]: -9.512818407824776e-04
paramR.coef[3][0].elem[264]: -1.007655381966836e+00
auxint: 9
auxint: 10
paramR.coef[0][0].elem[265]: -1.000290749872908e+00
paramR.coef[1][0].elem[265]: -1.902123438349906e-03
paramR.coef[2][0].elem[265]: -9.524022698493756e-04
paramR.coef[3][0].elem[265]: -1.007654676254177e+00
auxint: 9
auxint: 11
paramR.coef[0][0].elem[266]: -1.000290803334828e+00
paramR.coef[1][0].elem[266]: -1.901401738554033e-03
paramR.coef[2][0].elem[266]: -9.537691059658946e-04
paramR.coef[3][0].elem[266]: -1.007655437042231e+00
auxint: 9
auxint: 12
paramR.coef[0][0].elem[267]: -1.000290682081334e+00
paramR.coef[1][0].elem[267]: -1.900262732969816e-03
paramR.coef[2][0].elem[267]: -9.552979107862064e-04
paramR.coef[3][0].elem[267]: -1.007657632302964e+00
auxint: 9
auxint: 13
paramR.coef[0][0].elem[268]: -1.000290384507763e+00
paramR.coef[1][0].elem[268]: -1.898750343651740e-03
paramR.coef[2][0].elem[268]: -9.569164564586939e-04
paramR.coef[3][0].elem[268]: -1.007661190222648e+00
auxint: 9
auxint: 14
paramR.coef[0][0].elem[269]: -1.000289914798915e+00
paramR.coef[1][0].elem[269]: -1.896916404209486e-03
paramR.coef[2][0].elem[269]: -9.585701596882854e-04
paramR.coef[3][0].elem[269]: -1.007666000023858e+00
auxint: 9
auxint: 15
paramR.coef[0][0].elem[270]: -1.000289284104595e+00
paramR.coef[1][0].elem[270]: -1.894819913315536e-03
paramR.coef[2][0].elem[270]: -9.602237403908588e-04
paramR.coef[3][0].elem[270]: -1.007671910991538e+00
auxint: 9
auxint: 16
paramR.coef[0][0].elem[271]: -1.000288511224588e+00
paramR.coef[1][0].elem[271]: -1.892526835797346e-03
paramR.coef[2][0].elem[271]: -9.618593542966482e-04
paramR.coef[3][0].elem[271]: -1.007678731950681e+00
auxint: 9
auxint: 17
paramR.coef[0][0].elem[272]: -1.000287622546351e+00
paramR.coef[1][0].elem[272]: -1.890109794849402e-03
paramR.coef[2][0].elem[272]: -9.634713335271092e-04
paramR.coef[3][0].elem[272]: -1.007686233363651e+00
auxint: 9
auxint: 18
paramR.coef[0][0].elem[273]: -1.000286651265259e+00
paramR.coef[1][0].elem[273]: -1.887647322544360e-03
paramR.coef[2][0].elem[273]: -9.650579561080481e-04
paramR.coef[3][0].elem[273]: -1.007694152677128e+00
auxint: 9
auxint: 19
paramR.coef[0][0].elem[274]: -1.000285636026664e+00
paramR.coef[1][0].elem[274]: -1.885222631086198e-03
paramR.coef[2][0].elem[274]: -9.666118169265904e-04
paramR.coef[3][0].elem[274]: -1.007702202150189e+00
auxint: 9
auxint: 20
paramR.coef[0][0].elem[275]: -1.000284619138168e+00
paramR.coef[1][0].elem[275]: -1.882921955924383e-03
paramR.coef[2][0].elem[275]: -9.681111701743544e-04
paramR.coef[3][0].elem[275]: -1.007710078049127e+00
auxint: 9
auxint: 21
paramR.coef[0][0].elem[276]: -1.000283644526469e+00
paramR.coef[1][0].elem[276]: -1.880832469705537e-03
paramR.coef[2][0].elem[276]: -9.695141485888578e-04
paramR.coef[3][0].elem[276]: -1.007717470643331e+00
auxint: 9
auxint: 22
paramR.coef[0][0].elem[277]: -1.000282755588320e+00
paramR.coef[1][0].elem[277]: -1.879039624492712e-03
paramR.coef[2][0].elem[277]: -9.707568890451337e-04
paramR.coef[3][0].elem[277]: -1.007724075285825e+00
auxint: 9
auxint: 23
paramR.coef[0][0].elem[278]: -1.000281992956752e+00
paramR.coef[1][0].elem[278]: -1.877623641738046e-03
paramR.coef[2][0].elem[278]: -9.717563884622670e-04
paramR.coef[3][0].elem[278]: -1.007729605348114e+00
auxint: 9
auxint: 24
paramR.coef[0][0].elem[279]: -1.000281392139231e+00
paramR.coef[1][0].elem[279]: -1.876654973433012e-03
paramR.coef[2][0].elem[279]: -9.724187837512575e-04
paramR.coef[3][0].elem[279]: -1.007733807348550e+00
auxint: 9
auxint: 25
paramR.coef[0][0].elem[280]: -1.000280981144888e+00
paramR.coef[1][0].elem[280]: -1.876189008658243e-03
paramR.coef[2][0].elem[280]: -9.726524442646621e-04
paramR.coef[3][0].elem[280]: -1.007736477360832e+00
auxint: 9
auxint: 26
paramR.coef[0][0].elem[281]: -1.000280778451480e+00
paramR.coef[1][0].elem[281]: -1.876260786494999e-03
paramR.coef[2][0].elem[281]: -9.723832475584130e-04
paramR.coef[3][0].elem[281]: -1.007737476643018e+00
auxint: 9
auxint: 27
paramR.coef[0][0].elem[282]: -1.000280791678615e+00
paramR.coef[1][0].elem[282]: -1.876880591055929e-03
paramR.coef[2][0].elem[282]: -9.715685768358351e-04
paramR.coef[3][0].elem[282]: -1.007736744195679e+00
auxint: 9
auxint: 28
paramR.coef[0][0].elem[283]: -1.000281017134039e+00
paramR.coef[1][0].elem[283]: -1.878031102218912e-03
paramR.coef[2][0].elem[283]: -9.702075447931774e-04
paramR.coef[3][0].elem[283]: -1.007734304337368e+00
auxint: 9
auxint: 29
paramR.coef[0][0].elem[284]: -1.000281440264541e+00
paramR.coef[1][0].elem[284]: -1.879666657099836e-03
paramR.coef[2][0].elem[284]: -9.683461758255361e-04
paramR.coef[3][0].elem[284]: -1.007730267609284e+00
auxint: 9
auxint: 30
paramR.coef[0][0].elem[285]: -1.000282037059806e+00
paramR.coef[1][0].elem[285]: -1.881715177652123e-03
paramR.coef[2][0].elem[285]: -9.660765351693038e-04
paramR.coef[3][0].elem[285]: -1.007724823659825e+00
auxint: 9
auxint: 31
paramR.coef[0][0].elem[286]: -1.000282776366440e+00
paramR.coef[1][0].elem[286]: -1.884082957175642e-03
paramR.coef[2][0].elem[286]: -9.635290453047000e-04
paramR.coef[3][0].elem[286]: -1.007718226330516e+00
auxint: 9
auxint: 32
paramR.coef[0][0].elem[287]: -1.000283622723780e+00
paramR.coef[1][0].elem[287]: -1.886661583271594e-03
paramR.coef[2][0].elem[287]: -9.608588656394913e-04
paramR.coef[3][0].elem[287]: -1.007710773856341e+00
auxint: 10
auxint: 1
paramR.coef[0][0].elem[288]: -1.000285555221593e+00
paramR.coef[1][0].elem[288]: -1.890932672591505e-03
paramR.coef[2][0].elem[288]: -9.520535819416048e-04
paramR.coef[3][0].elem[288]: -1.007699146599353e+00
auxint: 10
auxint: 2
paramR.coef[0][0].elem[289]: -1.000286537216622e+00
paramR.coef[1][0].elem[289]: -1.893654577189951e-03
paramR.coef[2][0].elem[289]: -9.495930737697343e-04
paramR.coef[3][0].elem[289]: -1.007690735279346e+00
auxint: 10
auxint: 3
paramR.coef[0][0].elem[290]: -1.000287516711696e+00
paramR.coef[1][0].elem[290]: -1.896245383699963e-03
paramR.coef[2][0].elem[290]: -9.474647174343676e-04
paramR.coef[3][0].elem[290]: -1.007682449743819e+00
auxint: 10
auxint: 4
paramR.coef[0][0].elem[291]: -1.000288460388311e+00
paramR.coef[1][0].elem[291]: -1.898602426890791e-03
paramR.coef[2][0].elem[291]: -9.457736912668981e-04
paramR.coef[3][0].elem[291]: -1.007674602511947e+00
auxint: 10
auxint: 5
paramR.coef[0][0].elem[292]: -1.000289338185758e+00
paramR.coef[1][0].elem[292]: -1.900637038335541e-03
paramR.coef[2][0].elem[292]: -9.445879485154765e-04
paramR.coef[3][0].elem[292]: -1.007667478449677e+00
auxint: 10
auxint: 6
paramR.coef[0][0].elem[293]: -1.000290123542900e+00
paramR.coef[1][0].elem[293]: -1.902277687985544e-03
paramR.coef[2][0].elem[293]: -9.439359551119842e-04
paramR.coef[3][0].elem[293]: -1.007661326058871e+00
auxint: 10
auxint: 7
paramR.coef[0][0].elem[294]: -1.000290793264070e+00
paramR.coef[1][0].elem[294]: -1.903471814999181e-03
paramR.coef[2][0].elem[294]: -9.438090424199530e-04
paramR.coef[3][0].elem[294]: -1.007656351234079e+00
auxint: 10
auxint: 8
paramR.coef[0][0].elem[295]: -1.000291327281453e+00
paramR.coef[1][0].elem[295]: -1.904186451530955e-03
paramR.coef[2][0].elem[295]: -9.441670256275780e-04
paramR.coef[3][0].elem[295]: -1.007652713289849e+00
auxint: 10
auxint: 9
paramR.coef[0][0].elem[296]: -1.000291708635620e+00
paramR.coef[1][0].elem[296]: -1.904408002113136e-03
paramR.coef[2][0].elem[296]: -9.449452836733121e-04
paramR.coef[3][0].elem[296]: -1.007650522467807e+00
auxint: 10
auxint: 10
paramR.coef[0][0].elem[297]: -1.000291923735856e+00
paramR.coef[1][0].elem[297]: -1.904141227745804e-03
paramR.coef[2][0].elem[297]: -9.460628166953792e-04
paramR.coef[3][0].elem[297]: -1.007649838931200e+00
auxint: 10
auxint: 11
paramR.coef[0][0].elem[298]: -1.000291962760398e+00
paramR.coef[1][0].elem[298]: -1.903407220705828e-03
paramR.coef[2][0].elem[298]: -9.474317088147165e-04
paramR.coef[3][0].elem[298]: -1.007650673921289e+00
auxint: 10
auxint: 12
paramR.coef[0][0].elem[299]: -1.000291820165084e+00
paramR.coef[1][0].elem[299]: -1.902240543909066e-03
paramR.coef[2][0].elem[299]: -9.489673714857962e-04
paramR.coef[3][0].elem[299]: -1.007652992819529e+00
auxint: 10
auxint: 13
paramR.coef[0][0].elem[300]: -1.000291495445964e+00
paramR.coef[1][0].elem[300]: -1.900686362578789e-03
paramR.coef[2][0].elem[300]: -9.505973891311599e-04
paramR.coef[3][0].elem[300]: -1.007656718295723e+00
auxint: 10
auxint: 14
paramR.coef[0][0].elem[301]: -1.000290994191088e+00
paramR.coef[1][0].elem[301]: -1.898798453741388e-03
paramR.coef[2][0].elem[301]: -9.522669491982817e-04
paramR.coef[3][0].elem[301]: -1.007661731702012e+00
auxint: 10
auxint: 15
paramR.coef[0][0].elem[302]: -1.000290329126090e+00
paramR.coef[1][0].elem[302]: -1.896638290868751e-03
paramR.coef[2][0].elem[302]: -9.539403992403217e-04
paramR.coef[3][0].elem[302]: -1.007667872799100e+00
auxint: 10
auxint: 16
paramR.coef[0][0].elem[303]: -1.000289520696929e+00
paramR.coef[1][0].elem[303]: -1.894274684790586e-03
paramR.coef[2][0].elem[303]: -9.555993596185700e-04
paramR.coef[3][0].elem[303]: -1.007674939852974e+00
auxint: 10
auxint: 17
paramR.coef[0][0].elem[304]: -1.000288596911277e+00
paramR.coef[1][0].elem[304]: -1.891783329093550e-03
paramR.coef[2][0].elem[304]: -9.572375297509043e-04
paramR.coef[3][0].elem[304]: -1.007682692284005e+00
auxint: 10
auxint: 18
paramR.coef[0][0].elem[305]: -1.000287592451979e+00
paramR.coef[1][0].elem[305]: -1.889245910551398e-03
paramR.coef[2][0].elem[305]: -9.588524412676967e-04
paramR.coef[3][0].elem[305]: -1.007690856599018e+00
auxint: 10
auxint: 19
paramR.coef[0][0].elem[306]: -1.000286547227807e+00
paramR.coef[1][0].elem[306]: -1.886748736417588e-03
paramR.coef[2][0].elem[306]: -9.604357025369384e-04
paramR.coef[3][0].elem[306]: -1.007699134840939e+00
auxint: 10
auxint: 20
paramR.coef[0][0].elem[307]: -1.000285504544285e+00
paramR.coef[1][0].elem[307]: -1.884380925908955e-03
paramR.coef[2][0].elem[307]: -9.619643015150321e-04
paramR.coef[3][0].elem[307]: -1.007707214322794e+00
auxint: 10
auxint: 21
paramR.coef[0][0].elem[308]: -1.000284509066810e+00
paramR.coef[1][0].elem[308]: -1.882232189449432e-03
paramR.coef[2][0].elem[308]: -9.633949857069881e-04
paramR.coef[3][0].elem[308]: -1.007714777952434e+00
auxint: 10
auxint: 22
paramR.coef[0][0].elem[309]: -1.000283604696515e+00
paramR.coef[1][0].elem[309]: -1.880390094322217e-03
paramR.coef[2][0].elem[309]: -9.646625763101099e-04
paramR.coef[3][0].elem[309]: -1.007721515409542e+00
auxint: 10
auxint: 23
paramR.coef[0][0].elem[310]: -1.000282832362727e+00
paramR.coef[1][0].elem[310]: -1.878936538005521e-03
paramR.coef[2][0].elem[310]: -9.656828425940413e-04
paramR.coef[3][0].elem[310]: -1.007727136053598e+00
auxint: 10
auxint: 24
paramR.coef[0][0].elem[311]: -1.000282227689663e+00
paramR.coef[1][0].elem[311]: -1.877943193347934e-03
paramR.coef[2][0].elem[311]: -9.663607317161216e-04
paramR.coef[3][0].elem[311]: -1.007731384055446e+00
auxint: 10
auxint: 25
paramR.coef[0][0].elem[312]: -1.000281818650953e+00
paramR.coef[1][0].elem[312]: -1.877466150187422e-03
paramR.coef[2][0].elem[312]: -9.666035937703914e-04
paramR.coef[3][0].elem[312]: -1.007734054889216e+00
auxint: 10
auxint: 26
paramR.coef[0][0].elem[313]: -1.000281623551571e+00
paramR.coef[1][0].elem[313]: -1.877540554873188e-03
paramR.coef[2][0].elem[313]: -9.663367563842440e-04
paramR.coef[3][0].elem[313]: -1.007735011004115e+00
auxint: 10
auxint: 27
paramR.coef[0][0].elem[314]: -1.000281649705739e+00
paramR.coef[1][0].elem[314]: -1.878176217151664e-03
paramR.coef[2][0].elem[314]: -9.655176776383245e-04
paramR.coef[3][0].elem[314]: -1.007734194218842e+00
auxint: 10
auxint: 28
paramR.coef[0][0].elem[315]: -1.000281892993011e+00
paramR.coef[1][0].elem[315]: -1.879354880572305e-03
paramR.coef[2][0].elem[315]: -9.641460158699428e-04
paramR.coef[3][0].elem[315]: -1.007731632928102e+00
auxint: 10
auxint: 29
paramR.coef[0][0].elem[316]: -1.000282338325567e+00
paramR.coef[1][0].elem[316]: -1.881029623661837e-03
paramR.coef[2][0].elem[316]: -9.622685640434761e-04
paramR.coef[3][0].elem[316]: -1.007727442629641e+00
auxint: 10
auxint: 30
paramR.coef[0][0].elem[317]: -1.000282961057012e+00
paramR.coef[1][0].elem[317]: -1.883126861601724e-03
paramR.coef[2][0].elem[317]: -9.599783077958830e-04
paramR.coef[3][0].elem[317]: -1.007721818583752e+00
auxint: 10
auxint: 31
paramR.coef[0][0].elem[318]: -1.000283729285014e+00
paramR.coef[1][0].elem[318]: -1.885551166162717e-03
paramR.coef[2][0].elem[318]: -9.574067858546505e-04
paramR.coef[3][0].elem[318]: -1.007715020756188e+00
auxint: 10
auxint: 32
paramR.coef[0][0].elem[319]: -1.000284606684806e+00
paramR.coef[1][0].elem[319]: -1.888192261060622e-03
paramR.coef[2][0].elem[319]: -9.547103794333746e-04
paramR.coef[3][0].elem[319]: -1.007707353787214e+00
auxint: 11
auxint: 1
paramR.coef[0][0].elem[320]: -1.000286384666847e+00
paramR.coef[1][0].elem[320]: -1.892621404101450e-03
paramR.coef[2][0].elem[320]: -9.447619693863572e-04
paramR.coef[3][0].elem[320]: -1.007695818122273e+00
auxint: 11
auxint: 2
paramR.coef[0][0].elem[321]: -1.000287397129988e+00
paramR.coef[1][0].elem[321]: -1.895405354967834e-03
paramR.coef[2][0].elem[321]: -9.422888106076077e-04
paramR.coef[3][0].elem[321]: -1.007687197308411e+00
auxint: 11
auxint: 3
paramR.coef[0][0].elem[322]: -1.000288407784678e+00
paramR.coef[1][0].elem[322]: -1.898062379100290e-03
paramR.coef[2][0].elem[322]: -9.401433290787794e-04
paramR.coef[3][0].elem[322]: -1.007678694945631e+00
auxint: 11
auxint: 4
paramR.coef[0][0].elem[323]: -1.000289382164808e+00
paramR.coef[1][0].elem[323]: -1.900487701850332e-03
paramR.coef[2][0].elem[323]: -9.384311125228439e-04
paramR.coef[3][0].elem[323]: -1.007670630635742e+00
auxint: 11
auxint: 5
paramR.coef[0][0].elem[324]: -1.000290288884583e+00
paramR.coef[1][0].elem[324]: -1.902590079700528e-03
paramR.coef[2][0].elem[324]: -9.372208892359948e-04
paramR.coef[3][0].elem[324]: -1.007663297605137e+00
auxint: 11
auxint: 6
paramR.coef[0][0].elem[325]: -1.000291099958675e+00
paramR.coef[1][0].elem[325]: -1.904295065476840e-03
paramR.coef[2][0].elem[325]: -9.365420982498909e-04
paramR.coef[3][0].elem[325]: -1.007656953607369e+00
auxint: 11
auxint: 7
paramR.coef[0][0].elem[326]: -1.000291790808300e+00
paramR.coef[1][0].elem[326]: -1.905547071525570e-03
paramR.coef[2][0].elem[326]: -9.363871107532801e-04
paramR.coef[3][0].elem[326]: -1.007651813923212e+00
auxint: 11
auxint: 8
paramR.coef[0][0].elem[327]: -1.000292340154661e+00
paramR.coef[1][0].elem[327]: -1.906310223274062e-03
paramR.coef[2][0].elem[327]: -9.367168739799736e-04
paramR.coef[3][0].elem[327]: -1.007648046615397e+00
auxint: 11
auxint: 9
paramR.coef[0][0].elem[328]: -1.000292730090898e+00
paramR.coef[1][0].elem[328]: -1.906568344193890e-03
paramR.coef[2][0].elem[328]: -9.374680066958217e-04
paramR.coef[3][0].elem[328]: -1.007645769373140e+00
auxint: 11
auxint: 10
paramR.coef[0][0].elem[329]: -1.000292946424516e+00
paramR.coef[1][0].elem[329]: -1.906324160810690e-03
paramR.coef[2][0].elem[329]: -9.385607151514826e-04
paramR.coef[3][0].elem[329]: -1.007645047837075e+00
auxint: 11
auxint: 11
paramR.coef[0][0].elem[330]: -1.000292979170007e+00
paramR.coef[1][0].elem[330]: -1.905597501341008e-03
paramR.coef[2][0].elem[330]: -9.399080819538434e-04
paramR.coef[3][0].elem[330]: -1.007645896058368e+00
auxint: 11
auxint: 12
paramR.coef[0][0].elem[331]: -1.000292823116758e+00
paramR.coef[1][0].elem[331]: -1.904422576535371e-03
paramR.coef[2][0].elem[331]: -9.414262966102263e-04
paramR.coef[3][0].elem[331]: -1.007648279087642e+00
auxint: 11
auxint: 13
paramR.coef[0][0].elem[332]: -1.000292478559869e+00
paramR.coef[1][0].elem[332]: -1.902845106561588e-03
paramR.coef[2][0].elem[332]: -9.430436006082715e-04
paramR.coef[3][0].elem[332]: -1.007652116154209e+00
auxint: 11
auxint: 14
paramR.coef[0][0].elem[333]: -1.000291952235849e+00
paramR.coef[1][0].elem[333]: -1.900920205625000e-03
paramR.coef[2][0].elem[333]: -9.447057254786899e-04
paramR.coef[3][0].elem[333]: -1.007657282578027e+00
auxint: 11
auxint: 15
paramR.coef[0][0].elem[334]: -1.000291258233765e+00
paramR.coef[1][0].elem[334]: -1.898711297079416e-03
paramR.coef[2][0].elem[334]: -9.463773390692057e-04
paramR.coef[3][0].elem[334]: -1.007663610206070e+00
auxint: 11
auxint: 16
paramR.coef[0][0].elem[335]: -1.000290418471119e+00
paramR.coef[1][0].elem[335]: -1.896289588677967e-03
paramR.coef[2][0].elem[335]: -9.480401069108868e-04
paramR.coef[3][0].elem[335]: -1.007670888152811e+00
auxint: 11
auxint: 17
paramR.coef[0][0].elem[336]: -1.000289462443031e+00
paramR.coef[1][0].elem[336]: -1.893733462422544e-03
paramR.coef[2][0].elem[336]: -9.496875810735284e-04
paramR.coef[3][0].elem[336]: -1.007678866003046e+00
auxint: 11
auxint: 18
paramR.coef[0][0].elem[337]: -1.000288426234251e+00
paramR.coef[1][0].elem[337]: -1.891127435593434e-03
paramR.coef[2][0].elem[337]: -9.513170140632441e-04
paramR.coef[3][0].elem[337]: -1.007687260307080e+00
auxint: 11
auxint: 19
paramR.coef[0][0].elem[338]: -1.000287350977019e+00
paramR.coef[1][0].elem[338]: -1.888560646785623e-03
paramR.coef[2][0].elem[338]: -9.529195242979746e-04
paramR.coef[3][0].elem[338]: -1.007695763613519e+00
auxint: 11
auxint: 20
paramR.coef[0][0].elem[339]: -1.000286280976916e+00
paramR.coef[1][0].elem[339]: -1.886124918565362e-03
paramR.coef[2][0].elem[339]: -9.544713117338205e-04
paramR.coef[3][0].elem[339]: -1.007704054684652e+00
auxint: 11
auxint: 21
paramR.coef[0][0].elem[340]: -1.000285261685631e+00
paramR.coef[1][0].elem[340]: -1.883912433651437e-03
paramR.coef[2][0].elem[340]: -9.559281133571721e-04
paramR.coef[3][0].elem[340]: -1.007711809075714e+00
auxint: 11
auxint: 22
paramR.coef[0][0].elem[341]: -1.000284337609160e+00
paramR.coef[1][0].elem[341]: -1.882012946826468e-03
paramR.coef[2][0].elem[341]: -9.572236730334306e-04
paramR.coef[3][0].elem[341]: -1.007718710337165e+00
auxint: 11
auxint: 23
paramR.coef[0][0].elem[342]: -1.000283550127294e+00
paramR.coef[1][0].elem[342]: -1.880510253824808e-03
paramR.coef[2][0].elem[342]: -9.582726386787891e-04
paramR.coef[3][0].elem[342]: -1.007724462848471e+00
auxint: 11
auxint: 24
paramR.coef[0][0].elem[343]: -1.000282935180255e+00
paramR.coef[1][0].elem[343]: -1.879477630570289e-03
paramR.coef[2][0].elem[343]: -9.589786995530107e-04
paramR.coef[3][0].elem[343]: -1.007728806941845e+00
auxint: 11
auxint: 25
paramR.coef[0][0].elem[344]: -1.000282520939924e+00
paramR.coef[1][0].elem[344]: -1.878972411791430e-03
paramR.coef[2][0].elem[344]: -9.592478550203623e-04
paramR.coef[3][0].elem[344]: -1.007731535519680e+00
auxint: 11
auxint: 26
paramR.coef[0][0].elem[345]: -1.000282325798449e+00
paramR.coef[1][0].elem[345]: -1.879030531246521e-03
paramR.coef[2][0].elem[345]: -9.590042564230346e-04
paramR.coef[3][0].elem[345]: -1.007732509882860e+00
auxint: 11
auxint: 27
paramR.coef[0][0].elem[346]: -1.000282357040960e+00
paramR.coef[1][0].elem[346]: -1.879662085196738e-03
paramR.coef[2][0].elem[346]: -9.582045943320842e-04
paramR.coef[3][0].elem[346]: -1.007731672131234e+00
auxint: 11
auxint: 28
paramR.coef[0][0].elem[347]: -1.000282610398586e+00
paramR.coef[1][0].elem[347]: -1.880848667867863e-03
paramR.coef[2][0].elem[347]: -9.568481187894512e-04
paramR.coef[3][0].elem[347]: -1.007729052164311e+00
auxint: 11
auxint: 29
paramR.coef[0][0].elem[348]: -1.000283070523633e+00
paramR.coef[1][0].elem[348]: -1.882542886254570e-03
paramR.coef[2][0].elem[348]: -9.549813556483921e-04
paramR.coef[3][0].elem[348]: -1.007724767932352e+00
auxint: 11
auxint: 30
paramR.coef[0][0].elem[349]: -1.000283712403527e+00
paramR.coef[1][0].elem[349]: -1.884670428130650e-03
paramR.coef[2][0].elem[349]: -9.526970780185196e-04
paramR.coef[3][0].elem[349]: -1.007719017927564e+00
auxint: 11
auxint: 31
paramR.coef[0][0].elem[350]: -1.000284503652393e+00
paramR.coef[1][0].elem[350]: -1.887134893823985e-03
paramR.coef[2][0].elem[350]: -9.501267528619436e-04
paramR.coef[3][0].elem[350]: -1.007712066059046e+00
auxint: 11
auxint: 32
paramR.coef[0][0].elem[351]: -1.000285407331312e+00
paramR.coef[1][0].elem[351]: -1.889824821336191e-03
paramR.coef[2][0].elem[351]: -9.474268509256871e-04
paramR.coef[3][0].elem[351]: -1.007704221503150e+00
auxint: 12
auxint: 1
paramR.coef[0][0].elem[352]: -1.000286999768227e+00
paramR.coef[1][0].elem[352]: -1.894333729312923e-03
paramR.coef[2][0].elem[352]: -9.366456644626921e-04
paramR.coef[3][0].elem[352]: -1.007692930024133e+00
auxint: 12
auxint: 2
paramR.coef[0][0].elem[353]: -1.000288039480651e+00
paramR.coef[1][0].elem[353]: -1.897170524246206e-03
paramR.coef[2][0].elem[353]: -9.341756678009730e-04
paramR.coef[3][0].elem[353]: -1.007684122269817e+00
auxint: 12
auxint: 3
paramR.coef[0][0].elem[354]: -1.000289079620613e+00
paramR.coef[1][0].elem[354]: -1.899888337558782e-03
paramR.coef[2][0].elem[354]: -9.320243631285841e-04
paramR.coef[3][0].elem[354]: -1.007675413688403e+00
auxint: 12
auxint: 4
paramR.coef[0][0].elem[355]: -1.000290084678556e+00
paramR.coef[1][0].elem[355]: -1.902380526556148e-03
paramR.coef[2][0].elem[355]: -9.302972108972396e-04
paramR.coef[3][0].elem[355]: -1.007667130584358e+00
auxint: 12
auxint: 5
paramR.coef[0][0].elem[356]: -1.000291021982831e+00
paramR.coef[1][0].elem[356]: -1.904553338948108e-03
paramR.coef[2][0].elem[356]: -9.290634733363736e-04
paramR.coef[3][0].elem[356]: -1.007659574640795e+00
auxint: 12
auxint: 6
paramR.coef[0][0].elem[357]: -1.000291862080678e+00
paramR.coef[1][0].elem[357]: -1.906329277292578e-03
paramR.coef[2][0].elem[357]: -9.283536545657481e-04
paramR.coef[3][0].elem[357]: -1.007653013483301e+00
auxint: 12
auxint: 7
paramR.coef[0][0].elem[358]: -1.000292578881667e+00
paramR.coef[1][0].elem[358]: -1.907649408597091e-03
paramR.coef[2][0].elem[358]: -9.281615256824068e-04
paramR.coef[3][0].elem[358]: -1.007647672886399e+00
auxint: 12
auxint: 8
paramR.coef[0][0].elem[359]: -1.000293149696616e+00
paramR.coef[1][0].elem[359]: -1.908474485063349e-03
paramR.coef[2][0].elem[359]: -9.284497126839586e-04
paramR.coef[3][0].elem[359]: -1.007643731152784e+00
auxint: 12
auxint: 9
paramR.coef[0][0].elem[360]: -1.000293555416719e+00
paramR.coef[1][0].elem[360]: -1.908785165861379e-03
paramR.coef[2][0].elem[360]: -9.291567827914449e-04
paramR.coef[3][0].elem[360]: -1.007641315204483e+00
auxint: 12
auxint: 10
paramR.coef[0][0].elem[361]: -1.000293780944679e+00
paramR.coef[1][0].elem[361]: -1.908581465267497e-03
paramR.coef[2][0].elem[361]: -9.302050055713888e-04
paramR.coef[3][0].elem[361]: -1.007640498188878e+00
auxint: 12
auxint: 11
paramR.coef[0][0].elem[362]: -1.000293815787202e+00
paramR.coef[1][0].elem[362]: -1.907881208670447e-03
paramR.coef[2][0].elem[362]: -9.315093903195224e-04
paramR.coef[3][0].elem[362]: -1.007641299181871e+00
auxint: 12
auxint: 12
paramR.coef[0][0].elem[363]: -1.000293654704520e+00
paramR.coef[1][0].elem[363]: -1.906717505807958e-03
paramR.coef[2][0].elem[363]: -9.329877892730415e-04
paramR.coef[3][0].elem[363]: -1.007643685189208e+00
auxint: 12
auxint: 13
paramR.coef[0][0].elem[364]: -1.000293298441293e+00
paramR.coef[1][0].elem[364]: -1.905135920229484e-03
paramR.coef[2][0].elem[364]: -9.345698843743104e-04
paramR.coef[3][0].elem[364]: -1.007647574218776e+00
auxint: 12
auxint: 14
paramR.coef[0][0].elem[365]: -1.000292754568210e+00
paramR.coef[1][0].elem[365]: -1.903192252654844e-03
paramR.coef[2][0].elem[365]: -9.362026500320677e-04
paramR.coef[3][0].elem[365]: -1.007652837620308e+00
auxint: 12
auxint: 15
paramR.coef[0][0].elem[366]: -1.000292038263308e+00
paramR.coef[1][0].elem[366]: -1.900951289696255e-03
paramR.coef[2][0].elem[366]: -9.378517046735803e-04
paramR.coef[3][0].elem[366]: -1.007659301212474e+00
auxint: 12
auxint: 16
paramR.coef[0][0].elem[367]: -1.000291172680399e+00
paramR.coef[1][0].elem[367]: -1.898486110324948e-03
paramR.coef[2][0].elem[367]: -9.394992988895090e-04
paramR.coef[3][0].elem[367]: -1.007666746676931e+00
auxint: 12
auxint: 17
paramR.coef[0][0].elem[368]: -1.000290188612091e+00
paramR.coef[1][0].elem[368]: -1.895877315393066e-03
paramR.coef[2][0].elem[368]: -9.411392861040212e-04
paramR.coef[3][0].elem[368]: -1.007674915308581e+00
auxint: 12
auxint: 18
paramR.coef[0][0].elem[369]: -1.000289123408511e+00
paramR.coef[1][0].elem[369]: -1.893211832534572e-03
paramR.coef[2][0].elem[369]: -9.427690625940415e-04
paramR.coef[3][0].elem[369]: -1.007683515044133e+00
auxint: 12
auxint: 19
paramR.coef[0][0].elem[370]: -1.000288019342471e+00
paramR.coef[1][0].elem[370]: -1.890581261880686e-03
paramR.coef[2][0].elem[370]: -9.443797217871624e-04
paramR.coef[3][0].elem[370]: -1.007692230033878e+00
auxint: 12
auxint: 20
paramR.coef[0][0].elem[371]: -1.000286921685022e+00
paramR.coef[1][0].elem[371]: -1.888079831020479e-03
paramR.coef[2][0].elem[371]: -9.459471648343967e-04
paramR.coef[3][0].elem[371]: -1.007700731275481e+00
auxint: 12
auxint: 21
paramR.coef[0][0].elem[372]: -1.000285876688170e+00
paramR.coef[1][0].elem[372]: -1.885802005299083e-03
paramR.coef[2][0].elem[372]: -9.474265485431697e-04
paramR.coef[3][0].elem[372]: -1.007708687359584e+00
auxint: 12
auxint: 22
paramR.coef[0][0].elem[373]: -1.000284929533165e+00
paramR.coef[1][0].elem[373]: -1.883839680759839e-03
paramR.coef[2][0].elem[373]: -9.487508575204940e-04
paramR.coef[3][0].elem[373]: -1.007715775599003e+00
auxint: 12
auxint: 23
paramR.coef[0][0].elem[374]: -1.000284122181453e+00
paramR.coef[1][0].elem[374]: -1.882278670985818e-03
paramR.coef[2][0].elem[374]: -9.498338203859432e-04
paramR.coef[3][0].elem[374]: -1.007721694710690e+00
auxint: 12
auxint: 24
paramR.coef[0][0].elem[375]: -1.000283491074837e+00
paramR.coef[1][0].elem[375]: -1.881194154618692e-03
paramR.coef[2][0].elem[375]: -9.505779226321870e-04
paramR.coef[3][0].elem[375]: -1.007726179901633e+00
auxint: 12
auxint: 25
paramR.coef[0][0].elem[376]: -1.000283064810756e+00
paramR.coef[1][0].elem[376]: -1.880645194812658e-03
paramR.coef[2][0].elem[376]: -9.508876269936318e-04
paramR.coef[3][0].elem[376]: -1.007729019650232e+00
auxint: 12
auxint: 26
paramR.coef[0][0].elem[377]: -1.000282862125781e+00
paramR.coef[1][0].elem[377]: -1.880669156813488e-03
paramR.coef[2][0].elem[377]: -9.506854199894832e-04
paramR.coef[3][0].elem[377]: -1.007730071812081e+00
auxint: 12
auxint: 27
paramR.coef[0][0].elem[378]: -1.000282890551641e+00
paramR.coef[1][0].elem[378]: -1.881277171585008e-03
paramR.coef[2][0].elem[378]: -9.499264868085905e-04
paramR.coef[3][0].elem[378]: -1.007729276212751e+00
auxint: 12
auxint: 28
paramR.coef[0][0].elem[379]: -1.000283145951878e+00
paramR.coef[1][0].elem[379]: -1.882451472939057e-03
paramR.coef[2][0].elem[379]: -9.486087982698789e-04
paramR.coef[3][0].elem[379]: -1.007726661630913e+00
auxint: 12
auxint: 29
paramR.coef[0][0].elem[380]: -1.000283612995064e+00
paramR.coef[1][0].elem[380]: -1.884144989576540e-03
paramR.coef[2][0].elem[380]: -9.467776668867610e-04
paramR.coef[3][0].elem[380]: -1.007722345898747e+00
auxint: 12
auxint: 30
paramR.coef[0][0].elem[381]: -1.000284266573477e+00
paramR.coef[1][0].elem[381]: -1.886283469864220e-03
paramR.coef[2][0].elem[381]: -9.445246154182080e-04
paramR.coef[3][0].elem[381]: -1.007716528287808e+00
auxint: 12
auxint: 31
paramR.coef[0][0].elem[382]: -1.000285074086797e+00
paramR.coef[1][0].elem[382]: -1.888770310459157e-03
paramR.coef[2][0].elem[382]: -9.419799207066146e-04
paramR.coef[3][0].elem[382]: -1.007709474378865e+00
auxint: 12
auxint: 32
paramR.coef[0][0].elem[383]: -1.000285998243323e+00
paramR.coef[1][0].elem[383]: -1.891493573102613e-03
paramR.coef[2][0].elem[383]: -9.392990360121931e-04
paramR.coef[3][0].elem[383]: -1.007701495894021e+00
auxint: 13
auxint: 1
paramR.coef[0][0].elem[384]: -1.000287382126186e+00
paramR.coef[1][0].elem[384]: -1.896002840482918e-03
paramR.coef[2][0].elem[384]: -9.280344260255669e-04
paramR.coef[3][0].elem[384]: -1.007690578693014e+00
auxint: 13
auxint: 2
paramR.coef[0][0].elem[385]: -1.000288444856302e+00
paramR.coef[1][0].elem[385]: -1.898881393451209e-03
paramR.coef[2][0].elem[385]: -9.255829446249403e-04
paramR.coef[3][0].elem[385]: -1.007681613154080e+00
auxint: 13
auxint: 3
paramR.coef[0][0].elem[386]: -1.000289511628144e+00
paramR.coef[1][0].elem[386]: -1.901652235665182e-03
paramR.coef[2][0].elem[386]: -9.234373875955878e-04
paramR.coef[3][0].elem[386]: -1.007672716756602e+00
auxint: 13
auxint: 4
paramR.coef[0][0].elem[387]: -1.000290546034427e+00
paramR.coef[1][0].elem[387]: -1.904207167489019e-03
paramR.coef[2][0].elem[387]: -9.217025211974446e-04
paramR.coef[3][0].elem[387]: -1.007664221893178e+00
auxint: 13
auxint: 5
paramR.coef[0][0].elem[388]: -1.000291514220927e+00
paramR.coef[1][0].elem[388]: -1.906450112234382e-03
paramR.coef[2][0].elem[388]: -9.204478062454729e-04
paramR.coef[3][0].elem[388]: -1.007656438428719e+00
auxint: 13
auxint: 6
paramR.coef[0][0].elem[389]: -1.000292385306756e+00
paramR.coef[1][0].elem[389]: -1.908300545304564e-03
paramR.coef[2][0].elem[389]: -9.197047822560305e-04
paramR.coef[3][0].elem[389]: -1.007649643994302e+00
auxint: 13
auxint: 7
paramR.coef[0][0].elem[390]: -1.000293131649697e+00
paramR.coef[1][0].elem[390]: -1.909696040897396e-03
paramR.coef[2][0].elem[390]: -9.194688689242436e-04
paramR.coef[3][0].elem[390]: -1.007644075429421e+00
auxint: 13
auxint: 8
paramR.coef[0][0].elem[391]: -1.000293729030962e+00
paramR.coef[1][0].elem[391]: -1.910593674880601e-03
paramR.coef[2][0].elem[391]: -9.197048211021598e-04
paramR.coef[3][0].elem[391]: -1.007639922258144e+00
auxint: 13
auxint: 9
paramR.coef[0][0].elem[392]: -1.000294156948566e+00
paramR.coef[1][0].elem[392]: -1.910970499367597e-03
paramR.coef[2][0].elem[392]: -9.203537678793593e-04
paramR.coef[3][0].elem[392]: -1.007637321991507e+00
auxint: 13
auxint: 10
paramR.coef[0][0].elem[393]: -1.000294399139552e+00
paramR.coef[1][0].elem[393]: -1.910823245571759e-03
paramR.coef[2][0].elem[393]: -9.213408064699407e-04
paramR.coef[3][0].elem[393]: -1.007636356998942e+00
auxint: 13
auxint: 11
paramR.coef[0][0].elem[394]: -1.000294444276308e+00
paramR.coef[1][0].elem[394]: -1.910167064074280e-03
paramR.coef[2][0].elem[394]: -9.225837220293742e-04
paramR.coef[3][0].elem[394]: -1.007637053415699e+00
auxint: 13
auxint: 12
paramR.coef[0][0].elem[395]: -1.000294286718297e+00
paramR.coef[1][0].elem[395]: -1.909033242909080e-03
paramR.coef[2][0].elem[395]: -9.240028440432972e-04
paramR.coef[3][0].elem[395]: -1.007639382441786e+00
auxint: 13
auxint: 13
paramR.coef[0][0].elem[396]: -1.000293927279202e+00
paramR.coef[1][0].elem[396]: -1.907466476882315e-03
paramR.coef[2][0].elem[396]: -9.255299972088470e-04
paramR.coef[3][0].elem[396]: -1.007643263143342e+00
auxint: 13
auxint: 14
paramR.coef[0][0].elem[397]: -1.000293374006251e+00
paramR.coef[1][0].elem[397]: -1.905522583623722e-03
paramR.coef[2][0].elem[397]: -9.271140029185386e-04
paramR.coef[3][0].elem[397]: -1.007648565090757e+00
auxint: 13
auxint: 15
paramR.coef[0][0].elem[398]: -1.000292642845141e+00
paramR.coef[1][0].elem[398]: -1.903267092925962e-03
paramR.coef[2][0].elem[398]: -9.287219756852185e-04
paramR.coef[3][0].elem[398]: -1.007655110128897e+00
auxint: 13
auxint: 16
paramR.coef[0][0].elem[399]: -1.000291757903745e+00
paramR.coef[1][0].elem[399]: -1.900774381295771e-03
paramR.coef[2][0].elem[399]: -9.303372323939987e-04
paramR.coef[3][0].elem[399]: -1.007662674426438e+00
auxint: 13
auxint: 17
paramR.coef[0][0].elem[400]: -1.000290751035618e+00
paramR.coef[1][0].elem[400]: -1.898126739030703e-03
paramR.coef[2][0].elem[400]: -9.319543271710752e-04
paramR.coef[3][0].elem[400]: -1.007670992766164e+00
auxint: 13
auxint: 18
paramR.coef[0][0].elem[401]: -1.000289660676045e+00
paramR.coef[1][0].elem[401]: -1.895413017466054e-03
paramR.coef[2][0].elem[401]: -9.335711568443648e-04
paramR.coef[3][0].elem[401]: -1.007679766069634e+00
auxint: 13
auxint: 19
paramR.coef[0][0].elem[402]: -1.000288530118127e+00
paramR.coef[1][0].elem[402]: -1.892726837261533e-03
paramR.coef[2][0].elem[402]: -9.351791755248001e-04
paramR.coef[3][0].elem[402]: -1.007688671453214e+00
auxint: 13
auxint: 20
paramR.coef[0][0].elem[403]: -1.000287405532825e+00
paramR.coef[1][0].elem[403]: -1.890164454172116e-03
paramR.coef[2][0].elem[403]: -9.367544118180397e-04
paramR.coef[3][0].elem[403]: -1.007697373213687e+00
auxint: 13
auxint: 21
paramR.coef[0][0].elem[404]: -1.000286333958499e+00
paramR.coef[1][0].elem[404]: -1.887822338946563e-03
paramR.coef[2][0].elem[404]: -9.382518444932996e-04
paramR.coef[3][0].elem[404]: -1.007705533653570e+00
auxint: 13
auxint: 22
paramR.coef[0][0].elem[405]: -1.000285361294818e+00
paramR.coef[1][0].elem[405]: -1.885794388921923e-03
paramR.coef[2][0].elem[405]: -9.396040195290217e-04
paramR.coef[3][0].elem[405]: -1.007712824034993e+00
auxint: 13
auxint: 23
paramR.coef[0][0].elem[406]: -1.000284530191265e+00
paramR.coef[1][0].elem[406]: -1.884168459472867e-03
paramR.coef[2][0].elem[406]: -9.407239828607871e-04
paramR.coef[3][0].elem[406]: -1.007718937018915e+00
auxint: 13
auxint: 24
paramR.coef[0][0].elem[407]: -1.000283877756906e+00
paramR.coef[1][0].elem[407]: -1.883021836663789e-03
paramR.coef[2][0].elem[407]: -9.415131570337775e-04
paramR.coef[3][0].elem[407]: -1.007723601666183e+00
auxint: 13
auxint: 25
paramR.coef[0][0].elem[408]: -1.000283433226990e+00
paramR.coef[1][0].elem[408]: -1.882415705601306e-03
paramR.coef[2][0].elem[408]: -9.418744301252030e-04
paramR.coef[3][0].elem[408]: -1.007726600404901e+00
auxint: 13
auxint: 26
paramR.coef[0][0].elem[409]: -1.000283215927956e+00
paramR.coef[1][0].elem[409]: -1.882389431036445e-03
paramR.coef[2][0].elem[409]: -9.417283144382545e-04
paramR.coef[3][0].elem[409]: -1.007727785519241e+00
auxint: 13
auxint: 27
paramR.coef[0][0].elem[410]: -1.000283233904874e+00
paramR.coef[1][0].elem[410]: -1.882955873187387e-03
paramR.coef[2][0].elem[410]: -9.410279172297723e-04
paramR.coef[3][0].elem[410]: -1.007727092112037e+00
auxint: 13
auxint: 28
paramR.coef[0][0].elem[411]: -1.000283483428493e+00
paramR.coef[1][0].elem[411]: -1.884098662136257e-03
paramR.coef[2][0].elem[411]: -9.397691969308748e-04
paramR.coef[3][0].elem[411]: -1.007724545267007e+00
auxint: 13
auxint: 29
paramR.coef[0][0].elem[412]: -1.000283949454429e+00
paramR.coef[1][0].elem[412]: -1.885771820660749e-03
paramR.coef[2][0].elem[412]: -9.379954372615015e-04
paramR.coef[3][0].elem[412]: -1.007720260148484e+00
auxint: 13
auxint: 30
paramR.coef[0][0].elem[413]: -1.000284607042739e+00
paramR.coef[1][0].elem[413]: -1.887901927830856e-03
paramR.coef[2][0].elem[413]: -9.357960093292341e-04
paramR.coef[3][0].elem[413]: -1.007714434367750e+00
auxint: 13
auxint: 31
paramR.coef[0][0].elem[414]: -1.000285423636860e+00
paramR.coef[1][0].elem[414]: -1.890392929721925e-03
paramR.coef[2][0].elem[414]: -9.332990065605416e-04
paramR.coef[3][0].elem[414]: -1.007707332914916e+00
auxint: 13
auxint: 32
paramR.coef[0][0].elem[415]: -1.000286361844765e+00
paramR.coef[1][0].elem[415]: -1.893133113659897e-03
paramR.coef[2][0].elem[415]: -9.306578518907331e-04
paramR.coef[3][0].elem[415]: -1.007699268063277e+00
auxint: 14
auxint: 1
paramR.coef[0][0].elem[416]: -1.000287522386621e+00
paramR.coef[1][0].elem[416]: -1.897565614790716e-03
paramR.coef[2][0].elem[416]: -9.192814131767373e-04
paramR.coef[3][0].elem[416]: -1.007688829447207e+00
auxint: 14
auxint: 2
paramR.coef[0][0].elem[417]: -1.000288603245523e+00
paramR.coef[1][0].elem[417]: -1.900473722553074e-03
paramR.coef[2][0].elem[417]: -9.168620863923710e-04
paramR.coef[3][0].elem[417]: -1.007679739622217e+00
auxint: 14
auxint: 3
paramR.coef[0][0].elem[418]: -1.000289692923138e+00
paramR.coef[1][0].elem[418]: -1.903288161812500e-03
paramR.coef[2][0].elem[418]: -9.147329714496570e-04
paramR.coef[3][0].elem[418]: -1.007670679694039e+00
auxint: 14
auxint: 4
paramR.coef[0][0].elem[419]: -1.000290754283626e+00
paramR.coef[1][0].elem[419]: -1.905899523454418e-03
paramR.coef[2][0].elem[419]: -9.129976099945958e-04
paramR.coef[3][0].elem[419]: -1.007661987383591e+00
auxint: 14
auxint: 5
paramR.coef[0][0].elem[420]: -1.000291752440912e+00
paramR.coef[1][0].elem[420]: -1.908209679544956e-03
paramR.coef[2][0].elem[420]: -9.117252824784918e-04
paramR.coef[3][0].elem[420]: -1.007653980172210e+00
auxint: 14
auxint: 6
paramR.coef[0][0].elem[421]: -1.000292655195323e+00
paramR.coef[1][0].elem[421]: -1.910135237897964e-03
paramR.coef[2][0].elem[421]: -9.109484335600098e-04
paramR.coef[3][0].elem[421]: -1.007646945403327e+00
auxint: 14
auxint: 7
paramR.coef[0][0].elem[422]: -1.000293433395173e+00
paramR.coef[1][0].elem[422]: -1.911610296267884e-03
paramR.coef[2][0].elem[422]: -9.106642638634183e-04
paramR.coef[3][0].elem[422]: -1.007641131044466e+00
auxint: 14
auxint: 8
paramR.coef[0][0].elem[423]: -1.000294061254421e+00
paramR.coef[1][0].elem[423]: -1.912588119896871e-03
paramR.coef[2][0].elem[423]: -9.108399919544299e-04
paramR.coef[3][0].elem[423]: -1.007636738303303e+00
auxint: 14
auxint: 9
paramR.coef[0][0].elem[424]: -1.000294516757913e+00
paramR.coef[1][0].elem[424]: -1.913041868197904e-03
paramR.coef[2][0].elem[424]: -9.114198018234164e-04
paramR.coef[3][0].elem[424]: -1.007633916163403e+00
auxint: 14
auxint: 10
paramR.coef[0][0].elem[425]: -1.000294782272148e+00
paramR.coef[1][0].elem[425]: -1.912964550824618e-03
paramR.coef[2][0].elem[425]: -9.123322600272121e-04
paramR.coef[3][0].elem[425]: -1.007632757545238e+00
auxint: 14
auxint: 11
paramR.coef[0][0].elem[426]: -1.000294845345216e+00
paramR.coef[1][0].elem[426]: -1.912368068221336e-03
paramR.coef[2][0].elem[426]: -9.134986698969669e-04
paramR.coef[3][0].elem[426]: -1.007633297406115e+00
auxint: 14
auxint: 12
paramR.coef[0][0].elem[427]: -1.000294699577696e+00
paramR.coef[1][0].elem[427]: -1.911281223598232e-03
paramR.coef[2][0].elem[427]: -9.148425662087015e-04
paramR.coef[3][0].elem[427]: -1.007635513232676e+00
auxint: 14
auxint: 13
paramR.coef[0][0].elem[428]: -1.000294345463321e+00
paramR.coef[1][0].elem[428]: -1.909747156603975e-03
paramR.coef[2][0].elem[428]: -9.162985326394062e-04
paramR.coef[3][0].elem[428]: -1.007639327391135e+00
auxint: 14
auxint: 14
paramR.coef[0][0].elem[429]: -1.000293791144978e+00
paramR.coef[1][0].elem[429]: -1.907821037141807e-03
paramR.coef[2][0].elem[429]: -9.178177411246573e-04
paramR.coef[3][0].elem[429]: -1.007644609899554e+00
auxint: 14
auxint: 15
paramR.coef[0][0].elem[430]: -1.000293052984496e+00
paramR.coef[1][0].elem[430]: -1.905568508076472e-03
paramR.coef[2][0].elem[430]: -9.193692470974812e-04
paramR.coef[3][0].elem[430]: -1.007651180764231e+00
auxint: 14
auxint: 16
paramR.coef[0][0].elem[431]: -1.000292155727697e+00
paramR.coef[1][0].elem[431]: -1.903064645268459e-03
paramR.coef[2][0].elem[431]: -9.209378352039705e-04
paramR.coef[3][0].elem[431]: -1.007658812675194e+00
auxint: 14
auxint: 17
paramR.coef[0][0].elem[432]: -1.000291132015551e+00
paramR.coef[1][0].elem[432]: -1.900392862969277e-03
paramR.coef[2][0].elem[432]: -9.225190926202617e-04
paramR.coef[3][0].elem[432]: -1.007667235825560e+00
auxint: 14
auxint: 18
paramR.coef[0][0].elem[433]: -1.000290021150889e+00
paramR.coef[1][0].elem[433]: -1.897643409353943e-03
paramR.coef[2][0].elem[433]: -9.241116897867854e-04
paramR.coef[3][0].elem[433]: -1.007676145883594e+00
auxint: 14
auxint: 19
paramR.coef[0][0].elem[434]: -1.000288867294143e+00
paramR.coef[1][0].elem[434]: -1.894911445529549e-03
paramR.coef[2][0].elem[434]: -9.257077172037740e-04
paramR.coef[3][0].elem[434]: -1.007685214463001e+00
auxint: 14
auxint: 20
paramR.coef[0][0].elem[435]: -1.000287717424955e+00
paramR.coef[1][0].elem[435]: -1.892294838129566e-03
paramR.coef[2][0].elem[435]: -9.272836444900236e-04
paramR.coef[3][0].elem[435]: -1.007694100390850e+00
auxint: 14
auxint: 21
paramR.coef[0][0].elem[436]: -1.000286619332474e+00
paramR.coef[1][0].elem[436]: -1.889891737264228e-03
paramR.coef[2][0].elem[436]: -9.287945846904897e-04
paramR.coef[3][0].elem[436]: -1.007702460540384e+00
auxint: 14
auxint: 22
paramR.coef[0][0].elem[437]: -1.000285619655938e+00
paramR.coef[1][0].elem[437]: -1.887797838845577e-03
paramR.coef[2][0].elem[437]: -9.301729043940162e-04
paramR.coef[3][0].elem[437]: -1.007709960526877e+00
auxint: 14
auxint: 23
paramR.coef[0][0].elem[438]: -1.000284761815510e+00
paramR.coef[1][0].elem[438]: -1.886102984241992e-03
paramR.coef[2][0].elem[438]: -9.313311762368234e-04
paramR.coef[3][0].elem[438]: -1.007716286823388e+00
auxint: 14
auxint: 24
paramR.coef[0][0].elem[439]: -1.000284083729159e+00
paramR.coef[1][0].elem[439]: -1.884886673572547e-03
paramR.coef[2][0].elem[439]: -9.321699349991026e-04
paramR.coef[3][0].elem[439]: -1.007721161624314e+00
auxint: 14
auxint: 25
paramR.coef[0][0].elem[440]: -1.000283615459115e+00
paramR.coef[1][0].elem[440]: -1.884212495459108e-03
paramR.coef[2][0].elem[440]: -9.325905770357628e-04
paramR.coef[3][0].elem[440]: -1.007724359997338e+00
auxint: 14
auxint: 26
paramR.coef[0][0].elem[441]: -1.000283377145683e+00
paramR.coef[1][0].elem[441]: -1.884122270843805e-03
paramR.coef[2][0].elem[441]: -9.325115203638452e-04
paramR.coef[3][0].elem[441]: -1.007725726821768e+00
auxint: 14
auxint: 27
paramR.coef[0][0].elem[442]: -1.000283377596017e+00
paramR.coef[1][0].elem[442]: -1.884631191644131e-03
paramR.coef[2][0].elem[442]: -9.318834249978734e-04
paramR.coef[3][0].elem[442]: -1.007725190258810e+00
auxint: 14
auxint: 28
paramR.coef[0][0].elem[443]: -1.000283613749854e+00
paramR.coef[1][0].elem[443]: -1.885724976656363e-03
paramR.coef[2][0].elem[443]: -9.306996830041736e-04
paramR.coef[3][0].elem[443]: -1.007722769274187e+00
auxint: 14
auxint: 29
paramR.coef[0][0].elem[444]: -1.000284071110504e+00
paramR.coef[1][0].elem[444]: -1.887359471363578e-03
paramR.coef[2][0].elem[444]: -9.290008953558482e-04
paramR.coef[3][0].elem[444]: -1.007718573907463e+00
auxint: 14
auxint: 30
paramR.coef[0][0].elem[445]: -1.000284725155929e+00
paramR.coef[1][0].elem[445]: -1.889462818732954e-03
paramR.coef[2][0].elem[445]: -9.268735441715169e-04
paramR.coef[3][0].elem[445]: -1.007712797742124e+00
auxint: 14
auxint: 31
paramR.coef[0][0].elem[446]: -1.000285543612717e+00
paramR.coef[1][0].elem[446]: -1.891940230399877e-03
paramR.coef[2][0].elem[446]: -9.244427090744200e-04
paramR.coef[3][0].elem[446]: -1.007705702990649e+00
auxint: 14
auxint: 32
paramR.coef[0][0].elem[447]: -1.000286489219003e+00
paramR.coef[1][0].elem[447]: -1.894680885617285e-03
paramR.coef[2][0].elem[447]: -9.218589139654166e-04
paramR.coef[3][0].elem[447]: -1.007697600560587e+00
auxint: 15
auxint: 1
paramR.coef[0][0].elem[448]: -1.000287419704424e+00
paramR.coef[1][0].elem[448]: -1.898964757900884e-03
paramR.coef[2][0].elem[448]: -9.107463672747782e-04
paramR.coef[3][0].elem[448]: -1.007687718379351e+00
auxint: 15
auxint: 2
paramR.coef[0][0].elem[449]: -1.000288513482829e+00
paramR.coef[1][0].elem[449]: -1.901889811155227e-03
paramR.coef[2][0].elem[449]: -9.083701269047817e-04
paramR.coef[3][0].elem[449]: -1.007678540029974e+00
auxint: 15
auxint: 3
paramR.coef[0][0].elem[450]: -1.000289621786100e+00
paramR.coef[1][0].elem[450]: -1.904737406743527e-03
paramR.coef[2][0].elem[450]: -9.062662819582949e-04
paramR.coef[3][0].elem[450]: -1.007669344831428e+00
auxint: 15
auxint: 4
paramR.coef[0][0].elem[451]: -1.000290706924426e+00
paramR.coef[1][0].elem[451]: -1.907397280784959e-03
paramR.coef[2][0].elem[451]: -9.045367105137799e-04
paramR.coef[3][0].elem[451]: -1.007660475007414e+00
auxint: 15
auxint: 5
paramR.coef[0][0].elem[452]: -1.000291733156274e+00
paramR.coef[1][0].elem[452]: -1.909769579730634e-03
paramR.coef[2][0].elem[452]: -9.032501511058289e-04
paramR.coef[3][0].elem[452]: -1.007652254900763e+00
auxint: 15
auxint: 6
paramR.coef[0][0].elem[453]: -1.000292667120344e+00
paramR.coef[1][0].elem[453]: -1.911768302673369e-03
paramR.coef[2][0].elem[453]: -9.024397698826388e-04
paramR.coef[3][0].elem[453]: -1.007644980956255e+00
auxint: 15
auxint: 7
paramR.coef[0][0].elem[454]: -1.000293478262749e+00
paramR.coef[1][0].elem[454]: -1.913324221858747e-03
paramR.coef[2][0].elem[454]: -9.021045876755650e-04
paramR.coef[3][0].elem[454]: -1.007638911915579e+00
auxint: 15
auxint: 8
paramR.coef[0][0].elem[455]: -1.000294139265321e+00
paramR.coef[1][0].elem[455]: -1.914386812345980e-03
paramR.coef[2][0].elem[455]: -9.022145084785945e-04
paramR.coef[3][0].elem[455]: -1.007634260661706e+00
auxint: 15
auxint: 9
paramR.coef[0][0].elem[456]: -1.000294626552666e+00
paramR.coef[1][0].elem[456]: -1.914925217545815e-03
paramR.coef[2][0].elem[456]: -9.027171293096616e-04
paramR.coef[3][0].elem[456]: -1.007631188052472e+00
auxint: 15
auxint: 10
paramR.coef[0][0].elem[457]: -1.000294920984134e+00
paramR.coef[1][0].elem[457]: -1.914928443591276e-03
paramR.coef[2][0].elem[457]: -9.035449772639614e-04
paramR.coef[3][0].elem[457]: -1.007629798434086e+00
auxint: 15
auxint: 11
paramR.coef[0][0].elem[458]: -1.000295008751618e+00
paramR.coef[1][0].elem[458]: -1.914404699224192e-03
paramR.coef[2][0].elem[458]: -9.046234775499679e-04
paramR.coef[3][0].elem[458]: -1.007630136964108e+00
auxint: 15
auxint: 12
paramR.coef[0][0].elem[459]: -1.000294882379171e+00
paramR.coef[1][0].elem[459]: -1.913379736869903e-03
paramR.coef[2][0].elem[459]: -9.058799915465153e-04
paramR.coef[3][0].elem[459]: -1.007632189231405e+00
auxint: 15
auxint: 13
paramR.coef[0][0].elem[460]: -1.000294541669895e+00
paramR.coef[1][0].elem[460]: -1.911894513068838e-03
paramR.coef[2][0].elem[460]: -9.072523901094689e-04
paramR.coef[3][0].elem[460]: -1.007635882988328e+00
auxint: 15
auxint: 14
paramR.coef[0][0].elem[461]: -1.000293994479875e+00
paramR.coef[1][0].elem[461]: -1.910002913240114e-03
paramR.coef[2][0].elem[461]: -9.086946043078759e-04
paramR.coef[3][0].elem[461]: -1.007641090874966e+00
auxint: 15
auxint: 15
paramR.coef[0][0].elem[462]: -1.000293257220527e+00
paramR.coef[1][0].elem[462]: -1.907770069392680e-03
paramR.coef[2][0].elem[462]: -9.101779719303889e-04
paramR.coef[3][0].elem[462]: -1.007647633212942e+00
auxint: 15
auxint: 16
paramR.coef[0][0].elem[463]: -1.000292354935868e+00
paramR.coef[1][0].elem[463]: -1.905271148295347e-03
paramR.coef[2][0].elem[463]: -9.116890536208460e-04
paramR.coef[3][0].elem[463]: -1.007655281312198e+00
auxint: 15
auxint: 17
paramR.coef[0][0].elem[464]: -1.000291320750762e+00
paramR.coef[1][0].elem[464]: -1.902590101811956e-03
paramR.coef[2][0].elem[464]: -9.132247209113054e-04
paramR.coef[3][0].elem[464]: -1.007663762790565e+00
auxint: 15
auxint: 18
paramR.coef[0][0].elem[465]: -1.000290194585256e+00
paramR.coef[1][0].elem[465]: -1.899818025869355e-03
paramR.coef[2][0].elem[465]: -9.147845981455772e-04
paramR.coef[3][0].elem[465]: -1.007672769925649e+00
auxint: 15
auxint: 19
paramR.coef[0][0].elem[466]: -1.000289021284815e+00
paramR.coef[1][0].elem[466]: -1.897051125361602e-03
paramR.coef[2][0].elem[466]: -9.163615672076519e-04
paramR.coef[3][0].elem[466]: -1.007681970451704e+00
auxint: 15
auxint: 20
paramR.coef[0][0].elem[467]: -1.000287848524680e+00
paramR.coef[1][0].elem[467]: -1.894388447763204e-03
paramR.coef[2][0].elem[467]: -9.179327188986648e-04
paramR.coef[3][0].elem[467]: -1.007691019038249e+00
auxint: 15
auxint: 21
paramR.coef[0][0].elem[468]: -1.000286724792807e+00
paramR.coef[1][0].elem[468]: -1.891929478299259e-03
paramR.coef[2][0].elem[468]: -9.194534921584264e-04
paramR.coef[3][0].elem[468]: -1.007699568079389e+00
auxint: 15
auxint: 22
paramR.coef[0][0].elem[469]: -1.000285697472500e+00
paramR.coef[1][0].elem[469]: -1.889771474842189e-03
paramR.coef[2][0].elem[469]: -9.208562330335312e-04
paramR.coef[3][0].elem[469]: -1.007707278083280e+00
auxint: 15
auxint: 23
paramR.coef[0][0].elem[470]: -1.000284810816466e+00
paramR.coef[1][0].elem[470]: -1.888006151365188e-03
paramR.coef[2][0].elem[470]: -9.220531728699322e-04
paramR.coef[3][0].elem[470]: -1.007713829412367e+00
auxint: 15
auxint: 24
paramR.coef[0][0].elem[471]: -1.000284103668245e+00
paramR.coef[1][0].elem[471]: -1.886715241968707e-03
paramR.coef[2][0].elem[471]: -9.229441066259806e-04
paramR.coef[3][0].elem[471]: -1.007718936965305e+00
auxint: 15
auxint: 25
paramR.coef[0][0].elem[472]: -1.000283607078437e+00
paramR.coef[1][0].elem[472]: -1.885964905881670e-03
paramR.coef[2][0].elem[472]: -9.234290841300123e-04
paramR.coef[3][0].elem[472]: -1.007722367492740e+00
auxint: 15
auxint: 26
paramR.coef[0][0].elem[473]: -1.000283342196441e+00
paramR.coef[1][0].elem[473]: -1.885799748559688e-03
paramR.coef[2][0].elem[473]: -9.234244649469372e-04
paramR.coef[3][0].elem[473]: -1.007723957005117e+00
auxint: 15
auxint: 27
paramR.coef[0][0].elem[474]: -1.000283318813575e+00
paramR.coef[1][0].elem[474]: -1.886237776428742e-03
paramR.coef[2][0].elem[474]: -9.228782965964073e-04
paramR.coef[3][0].elem[474]: -1.007723624831171e+00
auxint: 15
auxint: 28
paramR.coef[0][0].elem[475]: -1.000283534779181e+00
paramR.coef[1][0].elem[475]: -1.887267394948071e-03
paramR.coef[2][0].elem[475]: -9.217810527392750e-04
paramR.coef[3][0].elem[475]: -1.007721381644729e+00
auxint: 15
auxint: 29
paramR.coef[0][0].elem[476]: -1.000283976388944e+00
paramR.coef[1][0].elem[476]: -1.888846930668352e-03
paramR.coef[2][0].elem[476]: -9.201701869007365e-04
paramR.coef[3][0].elem[476]: -1.007717330077685e+00
auxint: 15
auxint: 30
paramR.coef[0][0].elem[477]: -1.000284619772829e+00
paramR.coef[1][0].elem[477]: -1.890906764976189e-03
paramR.coef[2][0].elem[477]: -9.181287474149152e-04
paramR.coef[3][0].elem[477]: -1.007711657451965e+00
auxint: 15
auxint: 31
paramR.coef[0][0].elem[478]: -1.000285433158358e+00
paramR.coef[1][0].elem[478]: -1.893354034532731e-03
paramR.coef[2][0].elem[478]: -9.157781661120103e-04
paramR.coef[3][0].elem[478]: -1.007704621141993e+00
auxint: 15
auxint: 32
paramR.coef[0][0].elem[479]: -1.000286379617315e+00
paramR.coef[1][0].elem[479]: -1.896079421931237e-03
paramR.coef[2][0].elem[479]: -9.132653794765628e-04
paramR.coef[3][0].elem[479]: -1.007696528900285e+00
auxint: 16
auxint: 1
paramR.coef[0][0].elem[480]: -1.000287081045392e+00
paramR.coef[1][0].elem[480]: -1.900150563459319e-03
paramR.coef[2][0].elem[480]: -9.027783412933615e-04
paramR.coef[3][0].elem[480]: -1.007687255812607e+00
auxint: 16
auxint: 2
paramR.coef[0][0].elem[481]: -1.000288182487304e+00
paramR.coef[1][0].elem[481]: -1.903080136640297e-03
paramR.coef[2][0].elem[481]: -9.004527601015706e-04
paramR.coef[3][0].elem[481]: -1.007678025301963e+00
auxint: 16
auxint: 3
paramR.coef[0][0].elem[482]: -1.000289304857339e+00
paramR.coef[1][0].elem[482]: -1.905950012235857e-03
paramR.coef[2][0].elem[482]: -8.983804330167028e-04
paramR.coef[3][0].elem[482]: -1.007668725478485e+00
auxint: 16
auxint: 4
paramR.coef[0][0].elem[483]: -1.000290410077660e+00
paramR.coef[1][0].elem[483]: -1.908649414544111e-03
paramR.coef[2][0].elem[483]: -8.966612615792873e-04
paramR.coef[3][0].elem[483]: -1.007659702226841e+00
auxint: 16
auxint: 5
paramR.coef[0][0].elem[484]: -1.000291461732919e+00
paramR.coef[1][0].elem[484]: -1.911077111373567e-03
paramR.coef[2][0].elem[484]: -8.953631524617328e-04
paramR.coef[3][0].elem[484]: -1.007651285890511e+00
auxint: 16
auxint: 6
paramR.coef[0][0].elem[485]: -1.000292425481536e+00
paramR.coef[1][0].elem[485]: -1.913144813263631e-03
paramR.coef[2][0].elem[485]: -8.945198109472739e-04
paramR.coef[3][0].elem[485]: -1.007643781194049e+00
auxint: 16
auxint: 7
paramR.coef[0][0].elem[486]: -1.000293269518203e+00
paramR.coef[1][0].elem[486]: -1.914780216768899e-03
paramR.coef[2][0].elem[486]: -8.941320629789397e-04
paramR.coef[3][0].elem[486]: -1.007637456988538e+00
auxint: 16
auxint: 8
paramR.coef[0][0].elem[487]: -1.000293965086298e+00
paramR.coef[1][0].elem[487]: -1.915929157580391e-03
paramR.coef[2][0].elem[487]: -8.941726248261796e-04
paramR.coef[3][0].elem[487]: -1.007632537429672e+00
auxint: 16
auxint: 9
paramR.coef[0][0].elem[488]: -1.000294487071930e+00
paramR.coef[1][0].elem[488]: -1.916556796099759e-03
paramR.coef[2][0].elem[488]: -8.945927279266040e-04
paramR.coef[3][0].elem[488]: -1.007629195192917e+00
auxint: 16
auxint: 10
paramR.coef[0][0].elem[489]: -1.000294814766150e+00
paramR.coef[1][0].elem[489]: -1.916648025031737e-03
paramR.coef[2][0].elem[489]: -8.953291786057524e-04
paramR.coef[3][0].elem[489]: -1.007627546429934e+00
auxint: 16
auxint: 11
paramR.coef[0][0].elem[490]: -1.000294932848600e+00
paramR.coef[1][0].elem[490]: -1.916207087087101e-03
paramR.coef[2][0].elem[490]: -8.963119541759668e-04
paramR.coef[3][0].elem[490]: -1.007627647395016e+00
auxint: 16
auxint: 12
paramR.coef[0][0].elem[491]: -1.000294832514393e+00
paramR.coef[1][0].elem[491]: -1.915256255453816e-03
paramR.coef[2][0].elem[491]: -8.974727282678391e-04
paramR.coef[3][0].elem[491]: -1.007629493192510e+00
auxint: 16
auxint: 13
paramR.coef[0][0].elem[492]: -1.000294512549126e+00
paramR.coef[1][0].elem[492]: -1.913833768399629e-03
paramR.coef[2][0].elem[492]: -8.987530923158692e-04
paramR.coef[3][0].elem[492]: -1.007633018774637e+00
auxint: 16
auxint: 14
paramR.coef[0][0].elem[493]: -1.000293980158603e+00
paramR.coef[1][0].elem[493]: -1.911991639693989e-03
paramR.coef[2][0].elem[493]: -9.001100625152525e-04
paramR.coef[3][0].elem[493]: -1.007638101443259e+00
auxint: 16
auxint: 15
paramR.coef[0][0].elem[494]: -1.000293251436060e+00
paramR.coef[1][0].elem[494]: -1.909793884192214e-03
paramR.coef[2][0].elem[494]: -9.015175111122256e-04
paramR.coef[3][0].elem[494]: -1.007644563961396e+00
auxint: 16
auxint: 16
paramR.coef[0][0].elem[495]: -1.000292351369207e+00
paramR.coef[1][0].elem[495]: -1.907315148427985e-03
paramR.coef[2][0].elem[495]: -9.029639947656851e-04
paramR.coef[3][0].elem[495]: -1.007652178393506e+00
auxint: 16
auxint: 17
paramR.coef[0][0].elem[496]: -1.000291313239680e+00
paramR.coef[1][0].elem[496]: -1.904639322835779e-03
paramR.coef[2][0].elem[496]: -9.044478404054554e-04
paramR.coef[3][0].elem[496]: -1.007660671860346e+00
auxint: 16
auxint: 18
paramR.coef[0][0].elem[497]: -1.000290177306426e+00
paramR.coef[1][0].elem[497]: -1.901857789978243e-03
paramR.coef[2][0].elem[497]: -9.059697177498074e-04
paramR.coef[3][0].elem[497]: -1.007669735175766e+00
auxint: 16
auxint: 19
paramR.coef[0][0].elem[498]: -1.000288988891506e+00
paramR.coef[1][0].elem[498]: -1.899067298171005e-03
paramR.coef[2][0].elem[498]: -9.075233387744385e-04
paramR.coef[3][0].elem[498]: -1.007679033864021e+00
auxint: 16
auxint: 20
paramR.coef[0][0].elem[499]: -1.000287796233172e+00
paramR.coef[1][0].elem[499]: -1.896367649057657e-03
paramR.coef[2][0].elem[499]: -9.090864599486016e-04
paramR.coef[3][0].elem[499]: -1.007688219776916e+00
auxint: 16
auxint: 21
paramR.coef[0][0].elem[500]: -1.000286648452416e+00
paramR.coef[1][0].elem[500]: -1.893859319469849e-03
paramR.coef[2][0].elem[500]: -9.106149071996072e-04
paramR.coef[3][0].elem[500]: -1.007696941812005e+00
auxint: 16
auxint: 22
paramR.coef[0][0].elem[501]: -1.000285593667373e+00
paramR.coef[1][0].elem[501]: -1.891640879396345e-03
paramR.coef[2][0].elem[501]: -9.120410488616676e-04
paramR.coef[3][0].elem[501]: -1.007704855985172e+00
auxint: 16
auxint: 23
paramR.coef[0][0].elem[502]: -1.000284677006752e+00
paramR.coef[1][0].elem[502]: -1.889805766278808e-03
paramR.coef[2][0].elem[502]: -9.132768015204730e-04
paramR.coef[3][0].elem[502]: -1.007711636777014e+00
auxint: 16
auxint: 24
paramR.coef[0][0].elem[503]: -1.000283938332312e+00
paramR.coef[1][0].elem[503]: -1.888437903446902e-03
paramR.coef[2][0].elem[503]: -9.142212898267625e-04
paramR.coef[3][0].elem[503]: -1.007716991604895e+00
auxint: 16
auxint: 25
paramR.coef[0][0].elem[504]: -1.000283409815844e+00
paramR.coef[1][0].elem[504]: -1.887606091235401e-03
paramR.coef[2][0].elem[504]: -9.147733542053061e-04
paramR.coef[3][0].elem[504]: -1.007720678274326e+00
auxint: 16
auxint: 26
paramR.coef[0][0].elem[505]: -1.000283113779072e+00
paramR.coef[1][0].elem[505]: -1.887357925872058e-03
paramR.coef[2][0].elem[505]: -9.148474217955881e-04
paramR.coef[3][0].elem[505]: -1.007722522843909e+00
auxint: 16
auxint: 27
paramR.coef[0][0].elem[506]: -1.000283061186461e+00
paramR.coef[1][0].elem[506]: -1.887714581044008e-03
paramR.coef[2][0].elem[506]: -9.143889295269108e-04
paramR.coef[3][0].elem[506]: -1.007722434302408e+00
auxint: 16
auxint: 28
paramR.coef[0][0].elem[507]: -1.000283251007623e+00
paramR.coef[1][0].elem[507]: -1.888667627380177e-03
paramR.coef[2][0].elem[507]: -9.133852786865866e-04
paramR.coef[3][0].elem[507]: -1.007720413196438e+00
auxint: 16
auxint: 29
paramR.coef[0][0].elem[508]: -1.000283670551073e+00
paramR.coef[1][0].elem[508]: -1.890178429204826e-03
paramR.coef[2][0].elem[508]: -9.118705166984055e-04
paramR.coef[3][0].elem[508]: -1.007716552741317e+00
auxint: 16
auxint: 30
paramR.coef[0][0].elem[509]: -1.000284296811916e+00
paramR.coef[1][0].elem[509]: -1.892180192201827e-03
paramR.coef[2][0].elem[509]: -9.099239319294289e-04
paramR.coef[3][0].elem[509]: -1.007711031984615e+00
auxint: 16
auxint: 31
paramR.coef[0][0].elem[510]: -1.000285098713459e+00
paramR.coef[1][0].elem[510]: -1.894582556300236e-03
paramR.coef[2][0].elem[510]: -9.076629014006845e-04
paramR.coef[3][0].elem[510]: -1.007704101591787e+00
auxint: 16
auxint: 32
paramR.coef[0][0].elem[511]: -1.000286039837715e+00
paramR.coef[1][0].elem[511]: -1.897278246187090e-03
paramR.coef[2][0].elem[511]: -9.052302946053997e-04
paramR.coef[3][0].elem[511]: -1.007696064537888e+00
auxint: 17
auxint: 1
paramR.coef[0][0].elem[512]: -1.000286520465327e+00
paramR.coef[1][0].elem[512]: -1.901082248464375e-03
paramR.coef[2][0].elem[512]: -8.956991603164991e-04
paramR.coef[3][0].elem[512]: -1.007687430599838e+00
auxint: 17
auxint: 2
paramR.coef[0][0].elem[513]: -1.000287624456889e+00
paramR.coef[1][0].elem[513]: -1.904004543935853e-03
paramR.coef[2][0].elem[513]: -8.934281663355709e-04
paramR.coef[3][0].elem[513]: -1.007678183724496e+00
auxint: 17
auxint: 3
paramR.coef[0][0].elem[514]: -1.000288756252239e+00
paramR.coef[1][0].elem[514]: -1.906885821027056e-03
paramR.coef[2][0].elem[514]: -8.913906597180568e-04
paramR.coef[3][0].elem[514]: -1.007668811190952e+00
auxint: 17
auxint: 4
paramR.coef[0][0].elem[515]: -1.000289877535270e+00
paramR.coef[1][0].elem[515]: -1.909615114859264e-03
paramR.coef[2][0].elem[515]: -8.896843946598890e-04
paramR.coef[3][0].elem[515]: -1.007659661700547e+00
auxint: 17
auxint: 5
paramR.coef[0][0].elem[516]: -1.000290951390293e+00
paramR.coef[1][0].elem[516]: -1.912090165095697e-03
paramR.coef[2][0].elem[516]: -8.883762614915556e-04
paramR.coef[3][0].elem[516]: -1.007651070671931e+00
auxint: 17
auxint: 6
paramR.coef[0][0].elem[517]: -1.000291942683744e+00
paramR.coef[1][0].elem[517]: -1.914220751110349e-03
paramR.coef[2][0].elem[517]: -8.875003622125748e-04
paramR.coef[3][0].elem[517]: -1.007643350140745e+00
auxint: 17
auxint: 7
paramR.coef[0][0].elem[518]: -1.000292818536074e+00
paramR.coef[1][0].elem[518]: -1.915931817626933e-03
paramR.coef[2][0].elem[518]: -8.870592880517941e-04
paramR.coef[3][0].elem[518]: -1.007636778163358e+00
auxint: 17
auxint: 8
paramR.coef[0][0].elem[519]: -1.000293548891030e+00
paramR.coef[1][0].elem[519]: -1.917165821499869e-03
paramR.coef[2][0].elem[519]: -8.870286168051853e-04
paramR.coef[3][0].elem[519]: -1.007631589434667e+00
auxint: 17
auxint: 9
paramR.coef[0][0].elem[520]: -1.000294107179253e+00
paramR.coef[1][0].elem[520]: -1.917884117484752e-03
paramR.coef[2][0].elem[520]: -8.873633044928408e-04
paramR.coef[3][0].elem[520]: -1.007627967972164e+00
auxint: 17
auxint: 10
paramR.coef[0][0].elem[521]: -1.000294471137261e+00
paramR.coef[1][0].elem[521]: -1.918067548179636e-03
paramR.coef[2][0].elem[521]: -8.880045731744120e-04
paramR.coef[3][0].elem[521]: -1.007626041620260e+00
auxint: 17
auxint: 11
paramR.coef[0][0].elem[522]: -1.000294623859372e+00
paramR.coef[1][0].elem[522]: -1.917716298683196e-03
paramR.coef[2][0].elem[522]: -8.888871838249718e-04
paramR.coef[3][0].elem[522]: -1.007625878106002e+00
auxint: 17
auxint: 12
paramR.coef[0][0].elem[523]: -1.000294555038479e+00
paramR.coef[1][0].elem[523]: -1.916848896803431e-03
paramR.coef[2][0].elem[523]: -8.899474449573333e-04
paramR.coef[3][0].elem[523]: -1.007627482990269e+00
auxint: 17
auxint: 13
paramR.coef[0][0].elem[524]: -1.000294262176990e+00
paramR.coef[1][0].elem[524]: -1.915500445071182e-03
paramR.coef[2][0].elem[524]: -8.911309973276072e-04
paramR.coef[3][0].elem[524]: -1.007630799887665e+00
auxint: 17
auxint: 14
paramR.coef[0][0].elem[525]: -1.000293751502655e+00
paramR.coef[1][0].elem[525]: -1.913720566322484e-03
paramR.coef[2][0].elem[525]: -8.923981996617573e-04
paramR.coef[3][0].elem[525]: -1.007635712599900e+00
auxint: 17
auxint: 15
paramR.coef[0][0].elem[526]: -1.000293038435338e+00
paramR.coef[1][0].elem[526]: -1.911571580951400e-03
paramR.coef[2][0].elem[526]: -8.937256472238201e-04
paramR.coef[3][0].elem[526]: -1.007642048381863e+00
auxint: 17
auxint: 16
paramR.coef[0][0].elem[527]: -1.000292147548480e+00
paramR.coef[1][0].elem[527]: -1.909127009532227e-03
paramR.coef[2][0].elem[527]: -8.951040478242306e-04
paramR.coef[3][0].elem[527]: -1.007649582188495e+00
auxint: 17
auxint: 17
paramR.coef[0][0].elem[528]: -1.000291111939623e+00
paramR.coef[1][0].elem[528]: -1.906470077125825e-03
paramR.coef[2][0].elem[528]: -8.965332931782558e-04
paramR.coef[3][0].elem[528]: -1.007658042754373e+00
auxint: 17
auxint: 18
paramR.coef[0][0].elem[529]: -1.000289971908472e+00
paramR.coef[1][0].elem[529]: -1.903691887956521e-03
paramR.coef[2][0].elem[529]: -8.980151186272803e-04
paramR.coef[3][0].elem[529]: -1.007667121388597e+00
auxint: 17
auxint: 19
paramR.coef[0][0].elem[530]: -1.000288773024355e+00
paramR.coef[1][0].elem[530]: -1.900889238265791e-03
paramR.coef[2][0].elem[530]: -8.995440029485667e-04
paramR.coef[3][0].elem[530]: -1.007676483089095e+00
auxint: 17
auxint: 20
paramR.coef[0][0].elem[531]: -1.000287563938560e+00
paramR.coef[1][0].elem[531]: -1.898162269770567e-03
paramR.coef[2][0].elem[531]: -9.010982826415364e-04
paramR.coef[3][0].elem[531]: -1.007685778227681e+00
auxint: 17
auxint: 21
paramR.coef[0][0].elem[532]: -1.000286394325499e+00
paramR.coef[1][0].elem[532]: -1.895612118045597e-03
paramR.coef[2][0].elem[532]: -9.026341004462590e-04
paramR.coef[3][0].elem[532]: -1.007694653192212e+00
auxint: 17
auxint: 22
paramR.coef[0][0].elem[533]: -1.000285313014275e+00
paramR.coef[1][0].elem[533]: -1.893338413403586e-03
paramR.coef[2][0].elem[533]: -9.040837739098590e-04
paramR.coef[3][0].elem[533]: -1.007702760164795e+00
auxint: 17
auxint: 23
paramR.coef[0][0].elem[534]: -1.000284366033792e+00
paramR.coef[1][0].elem[534]: -1.891436147170531e-03
paramR.coef[2][0].elem[534]: -9.053588230390061e-04
paramR.coef[3][0].elem[534]: -1.007709768082472e+00
auxint: 17
auxint: 24
paramR.coef[0][0].elem[535]: -1.000283594332485e+00
paramR.coef[1][0].elem[535]: -1.889991344512028e-03
paramR.coef[2][0].elem[535]: -9.063576702550610e-04
paramR.coef[3][0].elem[535]: -1.007715376884243e+00
auxint: 17
auxint: 25
paramR.coef[0][0].elem[536]: -1.000283031308117e+00
paramR.coef[1][0].elem[536]: -1.889075447241359e-03
paramR.coef[2][0].elem[536]: -9.069780222097767e-04
paramR.coef[3][0].elem[536]: -1.007719335072687e+00
auxint: 17
auxint: 26
paramR.coef[0][0].elem[537]: -1.000282700585734e+00
paramR.coef[1][0].elem[537]: -1.888739148045956e-03
paramR.coef[2][0].elem[537]: -9.071325196448213e-04
paramR.coef[3][0].elem[537]: -1.007721458016066e+00
auxint: 17
auxint: 27
paramR.coef[0][0].elem[538]: -1.000282614455491e+00
paramR.coef[1][0].elem[538]: -1.889007016072571e-03
paramR.coef[2][0].elem[538]: -9.067640981852457e-04
paramR.coef[3][0].elem[538]: -1.007721643249875e+00
auxint: 17
auxint: 28
paramR.coef[0][0].elem[539]: -1.000282773180396e+00
paramR.coef[1][0].elem[539]: -1.889874131544343e-03
paramR.coef[2][0].elem[539]: -9.058570976114356e-04
paramR.coef[3][0].elem[539]: -1.007719879762914e+00
auxint: 17
auxint: 29
paramR.coef[0][0].elem[540]: -1.000283165268432e+00
paramR.coef[1][0].elem[540]: -1.891305322315512e-03
paramR.coef[2][0].elem[540]: -9.044420971057507e-04
paramR.coef[3][0].elem[540]: -1.007716249722648e+00
auxint: 17
auxint: 30
paramR.coef[0][0].elem[541]: -1.000283768764506e+00
paramR.coef[1][0].elem[541]: -1.893237081889916e-03
paramR.coef[2][0].elem[541]: -9.025945230022693e-04
paramR.coef[3][0].elem[541]: -1.007710922218658e+00
auxint: 17
auxint: 31
paramR.coef[0][0].elem[542]: -1.000284553456873e+00
paramR.coef[1][0].elem[542]: -1.895582021046823e-03
paramR.coef[2][0].elem[542]: -9.004275335770836e-04
paramR.coef[3][0].elem[542]: -1.007704139609902e+00
auxint: 17
auxint: 32
paramR.coef[0][0].elem[543]: -1.000285483588834e+00
paramR.coef[1][0].elem[543]: -1.898235352322572e-03
paramR.coef[2][0].elem[543]: -8.980796818138734e-04
paramR.coef[3][0].elem[543]: -1.007696198684703e+00
auxint: 18
auxint: 1
paramR.coef[0][0].elem[544]: -1.000285758429999e+00
paramR.coef[1][0].elem[544]: -1.901728812259434e-03
paramR.coef[2][0].elem[544]: -8.897887147694791e-04
paramR.coef[3][0].elem[544]: -1.007688214717435e+00
auxint: 18
auxint: 2
paramR.coef[0][0].elem[545]: -1.000286860104864e+00
paramR.coef[1][0].elem[545]: -1.904632964002054e-03
paramR.coef[2][0].elem[545]: -8.875726655209444e-04
paramR.coef[3][0].elem[545]: -1.007678985972672e+00
auxint: 18
auxint: 3
paramR.coef[0][0].elem[546]: -1.000287996711545e+00
paramR.coef[1][0].elem[546]: -1.907515051203784e-03
paramR.coef[2][0].elem[546]: -8.855703459780603e-04
paramR.coef[3][0].elem[546]: -1.007669573243697e+00
auxint: 18
auxint: 4
paramR.coef[0][0].elem[547]: -1.000289129828750e+00
paramR.coef[1][0].elem[547]: -1.910264220461269e-03
paramR.coef[2][0].elem[547]: -8.838773388182238e-04
paramR.coef[3][0].elem[547]: -1.007660327189649e+00
auxint: 18
auxint: 5
paramR.coef[0][0].elem[548]: -1.000290222201307e+00
paramR.coef[1][0].elem[548]: -1.912777532776874e-03
paramR.coef[2][0].elem[548]: -8.825594481997433e-04
paramR.coef[3][0].elem[548]: -1.007651587314196e+00
auxint: 18
auxint: 6
paramR.coef[0][0].elem[549]: -1.000291238091011e+00
paramR.coef[1][0].elem[549]: -1.914963224481974e-03
paramR.coef[2][0].elem[549]: -8.816510792374097e-04
paramR.coef[3][0].elem[549]: -1.007643671859794e+00
auxint: 18
auxint: 7
paramR.coef[0][0].elem[550]: -1.000292143738336e+00
paramR.coef[1][0].elem[550]: -1.916743879312627e-03
paramR.coef[2][0].elem[550]: -8.811565264099435e-04
paramR.coef[3][0].elem[550]: -1.007636866964490e+00
auxint: 18
auxint: 8
paramR.coef[0][0].elem[551]: -1.000292907962395e+00
paramR.coef[1][0].elem[551]: -1.918058937105353e-03
paramR.coef[2][0].elem[551]: -8.810542004839998e-04
paramR.coef[3][0].elem[551]: -1.007631416825370e+00
auxint: 18
auxint: 9
paramR.coef[0][0].elem[552]: -1.000293502874303e+00
paramR.coef[1][0].elem[552]: -1.918866257463405e-03
paramR.coef[2][0].elem[552]: -8.813027449443052e-04
paramR.coef[3][0].elem[552]: -1.007627515943707e+00
auxint: 18
auxint: 10
paramR.coef[0][0].elem[553]: -1.000293904736947e+00
paramR.coef[1][0].elem[553]: -1.919142856991859e-03
paramR.coef[2][0].elem[553]: -8.818477572169368e-04
paramR.coef[3][0].elem[553]: -1.007625303293173e+00
auxint: 18
auxint: 11
paramR.coef[0][0].elem[554]: -1.000294095063545e+00
paramR.coef[1][0].elem[554]: -1.918884945662282e-03
paramR.coef[2][0].elem[554]: -8.826288119915730e-04
paramR.coef[3][0].elem[554]: -1.007624857963657e+00
auxint: 18
auxint: 12
paramR.coef[0][0].elem[555]: -1.000294061949746e+00
paramR.coef[1][0].elem[555]: -1.918107201319271e-03
paramR.coef[2][0].elem[555]: -8.835870011115126e-04
paramR.coef[3][0].elem[555]: -1.007626196453667e+00
auxint: 18
auxint: 13
paramR.coef[0][0].elem[556]: -1.000293801415740e+00
paramR.coef[1][0].elem[556]: -1.916841298140587e-03
paramR.coef[2][0].elem[556]: -8.846722328278805e-04
paramR.coef[3][0].elem[556]: -1.007629272134124e+00
auxint: 18
auxint: 14
paramR.coef[0][0].elem[557]: -1.000293318430002e+00
paramR.coef[1][0].elem[557]: -1.915134028626059e-03
paramR.coef[2][0].elem[557]: -8.858484085396281e-04
paramR.coef[3][0].elem[557]: -1.007633976900527e+00
auxint: 18
auxint: 15
paramR.coef[0][0].elem[558]: -1.000292627410529e+00
paramR.coef[1][0].elem[558]: -1.913045484563655e-03
paramR.coef[2][0].elem[558]: -8.870949972161552e-04
paramR.coef[3][0].elem[558]: -1.007640144417660e+00
auxint: 18
auxint: 16
paramR.coef[0][0].elem[559]: -1.000291752170831e+00
paramR.coef[1][0].elem[559]: -1.910647475347967e-03
paramR.coef[2][0].elem[559]: -8.884049770140035e-04
paramR.coef[3][0].elem[559]: -1.007647554606766e+00
auxint: 18
auxint: 17
paramR.coef[0][0].elem[560]: -1.000290725285708e+00
paramR.coef[1][0].elem[560]: -1.908021966574298e-03
paramR.coef[2][0].elem[560]: -8.897798793019454e-04
paramR.coef[3][0].elem[560]: -1.007655939900472e+00
auxint: 18
auxint: 18
paramR.coef[0][0].elem[561]: -1.000289586791524e+00
paramR.coef[1][0].elem[561]: -1.905259227980488e-03
paramR.coef[2][0].elem[561]: -8.912224806702894e-04
paramR.coef[3][0].elem[561]: -1.007664994043206e+00
auxint: 18
auxint: 19
paramR.coef[0][0].elem[562]: -1.000288382263829e+00
paramR.coef[1][0].elem[562]: -1.902455622749023e-03
paramR.coef[2][0].elem[562]: -8.927278852765834e-04
paramR.coef[3][0].elem[562]: -1.007674383166913e+00
auxint: 18
auxint: 20
paramR.coef[0][0].elem[563]: -1.000287160602878e+00
paramR.coef[1][0].elem[563]: -1.899711238181008e-03
paramR.coef[2][0].elem[563]: -8.942748094111942e-04
paramR.coef[3][0].elem[563]: -1.007683757476481e+00
auxint: 18
auxint: 21
paramR.coef[0][0].elem[564]: -1.000285971941620e+00
paramR.coef[1][0].elem[564]: -1.897127551689351e-03
paramR.coef[2][0].elem[564]: -8.958195201726595e-04
paramR.coef[3][0].elem[564]: -1.007692761829547e+00
auxint: 18
auxint: 22
paramR.coef[0][0].elem[565]: -1.000284865777669e+00
paramR.coef[1][0].elem[565]: -1.894805004835167e-03
paramR.coef[2][0].elem[565]: -8.972941078483986e-04
paramR.coef[3][0].elem[565]: -1.007701045267416e+00
auxint: 18
auxint: 23
paramR.coef[0][0].elem[566]: -1.000283889040341e+00
paramR.coef[1][0].elem[566]: -1.892839959332925e-03
paramR.coef[2][0].elem[566]: -8.986095240693167e-04
paramR.coef[3][0].elem[566]: -1.007708271614713e+00
auxint: 18
auxint: 24
paramR.coef[0][0].elem[567]: -1.000283083805026e+00
paramR.coef[1][0].elem[567]: -1.891320424338966e-03
paramR.coef[2][0].elem[567]: -8.996633643085065e-04
paramR.coef[3][0].elem[567]: -1.007714133492133e+00
auxint: 18
auxint: 25
paramR.coef[0][0].elem[568]: -1.000282484769957e+00
paramR.coef[1][0].elem[568]: -1.890320432439397e-03
paramR.coef[2][0].elem[568]: -9.003521950383376e-04
paramR.coef[3][0].elem[568]: -1.007718369968076e+00
auxint: 18
auxint: 26
paramR.coef[0][0].elem[569]: -1.000282116961448e+00
paramR.coef[1][0].elem[569]: -1.889893798583353e-03
paramR.coef[2][0].elem[569]: -9.005869859167708e-04
paramR.coef[3][0].elem[569]: -1.007720785286492e+00
auxint: 18
auxint: 27
paramR.coef[0][0].elem[570]: -1.000281994109633e+00
paramR.coef[1][0].elem[570]: -1.890068603531363e-03
paramR.coef[2][0].elem[570]: -9.003083258156504e-04
paramR.coef[3][0].elem[570]: -1.007721264799392e+00
auxint: 18
auxint: 28
paramR.coef[0][0].elem[571]: -1.000282117901303e+00
paramR.coef[1][0].elem[571]: -1.890843644458501e-03
paramR.coef[2][0].elem[571]: -8.994976139683416e-04
paramR.coef[3][0].elem[571]: -1.007719784947722e+00
auxint: 18
auxint: 29
paramR.coef[0][0].elem[572]: -1.000282478188342e+00
paramR.coef[1][0].elem[572]: -1.892187489589888e-03
paramR.coef[2][0].elem[572]: -8.981820541356524e-04
paramR.coef[3][0].elem[572]: -1.007716415676656e+00
auxint: 18
auxint: 30
paramR.coef[0][0].elem[573]: -1.000283054213510e+00
paramR.coef[1][0].elem[573]: -1.894040235432279e-03
paramR.coef[2][0].elem[573]: -8.964333044396253e-04
paramR.coef[3][0].elem[573]: -1.007711314860932e+00
auxint: 18
auxint: 31
paramR.coef[0][0].elem[574]: -1.000283816769215e+00
paramR.coef[1][0].elem[574]: -1.896317794577575e-03
paramR.coef[2][0].elem[574]: -8.943603726327205e-04
paramR.coef[3][0].elem[574]: -1.007704715313691e+00
auxint: 18
auxint: 32
paramR.coef[0][0].elem[575]: -1.000284730886048e+00
paramR.coef[1][0].elem[575]: -1.898918199720897e-03
paramR.coef[2][0].elem[575]: -8.920974842742209e-04
paramR.coef[3][0].elem[575]: -1.007696906492424e+00
auxint: 19
auxint: 1
paramR.coef[0][0].elem[576]: -1.000284821188907e+00
paramR.coef[1][0].elem[576]: -1.902069435355145e-03
paramR.coef[2][0].elem[576]: -8.852729906504253e-04
paramR.coef[3][0].elem[576]: -1.007689567625375e+00
auxint: 19
auxint: 2
paramR.coef[0][0].elem[577]: -1.000285915968842e+00
paramR.coef[1][0].elem[577]: -1.904945690696258e-03
paramR.coef[2][0].elem[577]: -8.831090863572965e-04
paramR.coef[3][0].elem[577]: -1.007680389770464e+00
auxint: 19
auxint: 3
paramR.coef[0][0].elem[578]: -1.000287052842440e+00
paramR.coef[1][0].elem[578]: -1.907818457087620e-03
paramR.coef[2][0].elem[578]: -8.811397525167541e-04
paramR.coef[3][0].elem[578]: -1.007670969579038e+00
auxint: 19
auxint: 4
paramR.coef[0][0].elem[579]: -1.000288193404747e+00
paramR.coef[1][0].elem[579]: -1.910577272007474e-03
paramR.coef[2][0].elem[579]: -8.794585184257391e-04
paramR.coef[3][0].elem[579]: -1.007661658774661e+00
auxint: 19
auxint: 5
paramR.coef[0][0].elem[580]: -1.000289300212022e+00
paramR.coef[1][0].elem[580]: -1.913118868620769e-03
paramR.coef[2][0].elem[580]: -8.781301355822290e-04
paramR.coef[3][0].elem[580]: -1.007652799872059e+00
auxint: 19
auxint: 6
paramR.coef[0][0].elem[581]: -1.000290337107034e+00
paramR.coef[1][0].elem[581]: -1.915350362457838e-03
paramR.coef[2][0].elem[581]: -8.771892504676317e-04
paramR.coef[3][0].elem[581]: -1.007644716065137e+00
auxint: 19
auxint: 7
paramR.coef[0][0].elem[582]: -1.000291269657976e+00
paramR.coef[1][0].elem[582]: -1.917192437842935e-03
paramR.coef[2][0].elem[582]: -8.766417542479777e-04
paramR.coef[3][0].elem[582]: -1.007637700220208e+00
auxint: 19
auxint: 8
paramR.coef[0][0].elem[583]: -1.000292065764776e+00
paramR.coef[1][0].elem[583]: -1.918581980982149e-03
paramR.coef[2][0].elem[583]: -8.764687657655115e-04
paramR.coef[3][0].elem[583]: -1.007632004698563e+00
auxint: 19
auxint: 9
paramR.coef[0][0].elem[584]: -1.000292696399397e+00
paramR.coef[1][0].elem[584]: -1.919473790942643e-03
paramR.coef[2][0].elem[584]: -8.766324500188402e-04
paramR.coef[3][0].elem[584]: -1.007627833273040e+00
auxint: 19
auxint: 10
paramR.coef[0][0].elem[585]: -1.000293136486992e+00
paramR.coef[1][0].elem[585]: -1.919841423024118e-03
paramR.coef[2][0].elem[585]: -8.770825787807944e-04
paramR.coef[3][0].elem[585]: -1.007625335093642e+00
auxint: 19
auxint: 11
paramR.coef[0][0].elem[586]: -1.000293366027026e+00
paramR.coef[1][0].elem[586]: -1.919677343020876e-03
paramR.coef[2][0].elem[586]: -8.777633879588330e-04
paramR.coef[3][0].elem[586]: -1.007624600098416e+00
auxint: 19
auxint: 12
paramR.coef[0][0].elem[587]: -1.000293371489638e+00
paramR.coef[1][0].elem[587]: -1.918992415048957e-03
paramR.coef[2][0].elem[587]: -8.786207351525262e-04
paramR.coef[3][0].elem[587]: -1.007625655816000e+00
auxint: 19
auxint: 13
paramR.coef[0][0].elem[588]: -1.000293147276359e+00
paramR.coef[1][0].elem[588]: -1.917814708915789e-03
paramR.coef[2][0].elem[588]: -8.796089039771529e-04
paramR.coef[3][0].elem[588]: -1.007628466131649e+00
auxint: 19
auxint: 14
paramR.coef[0][0].elem[589]: -1.000292696866899e+00
paramR.coef[1][0].elem[589]: -1.916187832998502e-03
paramR.coef[2][0].elem[589]: -8.806954859401151e-04
paramR.coef[3][0].elem[589]: -1.007632932366511e+00
auxint: 19
auxint: 15
paramR.coef[0][0].elem[590]: -1.000292033388708e+00
paramR.coef[1][0].elem[590]: -1.914169176235773e-03
paramR.coef[2][0].elem[590]: -8.818629502668905e-04
paramR.coef[3][0].elem[590]: -1.007638896319630e+00
auxint: 19
auxint: 16
paramR.coef[0][0].elem[591]: -1.000291179580358e+00
paramR.coef[1][0].elem[591]: -1.911828295074750e-03
paramR.coef[2][0].elem[591]: -8.831066473793988e-04
paramR.coef[3][0].elem[591]: -1.007646144808120e+00
auxint: 19
auxint: 17
paramR.coef[0][0].elem[592]: -1.000290167177824e+00
paramR.coef[1][0].elem[592]: -1.909245334946511e-03
paramR.coef[2][0].elem[592]: -8.844298104899602e-04
paramR.coef[3][0].elem[592]: -1.007654415930545e+00
auxint: 19
auxint: 18
paramR.coef[0][0].elem[593]: -1.000289035662394e+00
paramR.coef[1][0].elem[593]: -1.906509202611720e-03
paramR.coef[2][0].elem[593]: -8.858362177257992e-04
paramR.coef[3][0].elem[593]: -1.007663407712939e+00
auxint: 19
auxint: 19
paramR.coef[0][0].elem[594]: -1.000287830375656e+00
paramR.coef[1][0].elem[594]: -1.903715373360659e-03
paramR.coef[2][0].elem[594]: -8.873214161536604e-04
paramR.coef[3][0].elem[594]: -1.007672789008550e+00
auxint: 19
auxint: 20
paramR.coef[0][0].elem[595]: -1.000286600294010e+00
paramR.coef[1][0].elem[595]: -1.900963511102155e-03
paramR.coef[2][0].elem[595]: -8.888642236495701e-04
paramR.coef[3][0].elem[595]: -1.007682211118286e+00
auxint: 19
auxint: 21
paramR.coef[0][0].elem[596]: -1.000285395898173e+00
paramR.coef[1][0].elem[596]: -1.898355137221774e-03
paramR.coef[2][0].elem[596]: -8.904207469684066e-04
paramR.coef[3][0].elem[596]: -1.007691318332155e+00
auxint: 19
auxint: 22
paramR.coef[0][0].elem[597]: -1.000284267288820e+00
paramR.coef[1][0].elem[597]: -1.895991259630760e-03
paramR.coef[2][0].elem[597]: -8.919225976068017e-04
paramR.coef[3][0].elem[597]: -1.007699757276695e+00
auxint: 19
auxint: 23
paramR.coef[0][0].elem[598]: -1.000283262265286e+00
paramR.coef[1][0].elem[598]: -1.893969412794943e-03
paramR.coef[2][0].elem[598]: -8.932799300750377e-04
paramR.coef[3][0].elem[598]: -1.007707187191174e+00
auxint: 19
auxint: 24
paramR.coef[0][0].elem[599]: -1.000282424034158e+00
paramR.coef[1][0].elem[599]: -1.892379441171749e-03
paramR.coef[2][0].elem[599]: -8.943893253552613e-04
paramR.coef[3][0].elem[599]: -1.007713293700002e+00
auxint: 19
auxint: 25
paramR.coef[0][0].elem[600]: -1.000281788631024e+00
paramR.coef[1][0].elem[600]: -1.891297869051559e-03
paramR.coef[2][0].elem[600]: -8.951461292278344e-04
paramR.coef[3][0].elem[600]: -1.007717806534782e+00
auxint: 19
auxint: 26
paramR.coef[0][0].elem[601]: -1.000281382543108e+00
paramR.coef[1][0].elem[601]: -1.890781586669972e-03
paramR.coef[2][0].elem[601]: -8.954597001263348e-04
paramR.coef[3][0].elem[601]: -1.007720518683382e+00
auxint: 19
auxint: 27
paramR.coef[0][0].elem[602]: -1.000281221013155e+00
paramR.coef[1][0].elem[602]: -1.890862198761856e-03
paramR.coef[2][0].elem[602]: -8.952684302155601e-04
paramR.coef[3][0].elem[602]: -1.007721302967489e+00
auxint: 19
auxint: 28
paramR.coef[0][0].elem[603]: -1.000281307235691e+00
paramR.coef[1][0].elem[603]: -1.891542293888340e-03
paramR.coef[2][0].elem[603]: -8.945509492182478e-04
paramR.coef[3][0].elem[603]: -1.007720122745875e+00
auxint: 19
auxint: 29
paramR.coef[0][0].elem[604]: -1.000281632503505e+00
paramR.coef[1][0].elem[604]: -1.892794305932065e-03
paramR.coef[2][0].elem[604]: -8.933312719673598e-04
paramR.coef[3][0].elem[604]: -1.007717035060157e+00
auxint: 19
auxint: 30
paramR.coef[0][0].elem[605]: -1.000282177363124e+00
paramR.coef[1][0].elem[605]: -1.894562092897090e-03
paramR.coef[2][0].elem[605]: -8.916775218774352e-04
paramR.coef[3][0].elem[605]: -1.007712185790992e+00
auxint: 19
auxint: 31
paramR.coef[0][0].elem[606]: -1.000282913716964e+00
paramR.coef[1][0].elem[606]: -1.896765051881595e-03
paramR.coef[2][0].elem[606]: -8.896948174474949e-04
paramR.coef[3][0].elem[606]: -1.007705797375258e+00
auxint: 19
auxint: 32
paramR.coef[0][0].elem[607]: -1.000283807483833e+00
paramR.coef[1][0].elem[607]: -1.899304241710682e-03
paramR.coef[2][0].elem[607]: -8.875132739359537e-04
paramR.coef[3][0].elem[607]: -1.007698151098254e+00
auxint: 20
auxint: 1
paramR.coef[0][0].elem[608]: -1.000283740195268e+00
paramR.coef[1][0].elem[608]: -1.902093544719068e-03
paramR.coef[2][0].elem[608]: -8.823154804010566e-04
paramR.coef[3][0].elem[608]: -1.007691439740945e+00
auxint: 20
auxint: 2
paramR.coef[0][0].elem[609]: -1.000284823794685e+00
paramR.coef[1][0].elem[609]: -1.904933348039894e-03
paramR.coef[2][0].elem[609]: -8.801984666240078e-04
paramR.coef[3][0].elem[609]: -1.007682343519889e+00
auxint: 20
auxint: 3
paramR.coef[0][0].elem[610]: -1.000285956467228e+00
paramR.coef[1][0].elem[610]: -1.907787220714358e-03
paramR.coef[2][0].elem[610]: -8.782580119240630e-04
paramR.coef[3][0].elem[610]: -1.007672948533759e+00
auxint: 20
auxint: 4
paramR.coef[0][0].elem[611]: -1.000287099941856e+00
paramR.coef[1][0].elem[611]: -1.910545349885364e-03
paramR.coef[2][0].elem[611]: -8.765858370568549e-04
paramR.coef[3][0].elem[611]: -1.007663606630884e+00
auxint: 20
auxint: 5
paramR.coef[0][0].elem[612]: -1.000288216733270e+00
paramR.coef[1][0].elem[612]: -1.913104495068835e-03
paramR.coef[2][0].elem[612]: -8.752457542952804e-04
paramR.coef[3][0].elem[612]: -1.007654662166646e+00
auxint: 20
auxint: 6
paramR.coef[0][0].elem[613]: -1.000289270451126e+00
paramR.coef[1][0].elem[613]: -1.915371109029683e-03
paramR.coef[2][0].elem[613]: -8.742725958366792e-04
paramR.coef[3][0].elem[613]: -1.007646441871536e+00
auxint: 20
auxint: 7
paramR.coef[0][0].elem[614]: -1.000290226209949e+00
paramR.coef[1][0].elem[614]: -1.917264509451361e-03
paramR.coef[2][0].elem[614]: -8.736736719471772e-04
paramR.coef[3][0].elem[614]: -1.007639243755812e+00
auxint: 20
auxint: 8
paramR.coef[0][0].elem[615]: -1.000291051220054e+00
paramR.coef[1][0].elem[615]: -1.918719590512714e-03
paramR.coef[2][0].elem[615]: -8.734325678426166e-04
paramR.coef[3][0].elem[615]: -1.007633326717874e+00
auxint: 20
auxint: 9
paramR.coef[0][0].elem[616]: -1.000291715529276e+00
paramR.coef[1][0].elem[616]: -1.919688637778341e-03
paramR.coef[2][0].elem[616]: -8.735146730627097e-04
paramR.coef[3][0].elem[616]: -1.007628902270387e+00
auxint: 20
auxint: 10
paramR.coef[0][0].elem[617]: -1.000292192902668e+00
paramR.coef[1][0].elem[617]: -1.920142228535836e-03
paramR.coef[2][0].elem[617]: -8.738735912955684e-04
paramR.coef[3][0].elem[617]: -1.007626128459500e+00
auxint: 20
auxint: 11
paramR.coef[0][0].elem[618]: -1.000292461941285e+00
paramR.coef[1][0].elem[618]: -1.920069436437496e-03
paramR.coef[2][0].elem[618]: -8.744579109011232e-04
paramR.coef[3][0].elem[618]: -1.007625105231962e+00
auxint: 20
auxint: 12
paramR.coef[0][0].elem[619]: -1.000292507515282e+00
paramR.coef[1][0].elem[619]: -1.919477465811231e-03
paramR.coef[2][0].elem[619]: -8.752180861702586e-04
paramR.coef[3][0].elem[619]: -1.007625870923389e+00
auxint: 20
auxint: 13
paramR.coef[0][0].elem[620]: -1.000292322327372e+00
paramR.coef[1][0].elem[620]: -1.918390712112176e-03
paramR.coef[2][0].elem[620]: -8.761127720166929e-04
paramR.coef[3][0].elem[620]: -1.007628400394208e+00
auxint: 20
auxint: 14
paramR.coef[0][0].elem[621]: -1.000291908193288e+00
paramR.coef[1][0].elem[621]: -1.916849336215854e-03
paramR.coef[2][0].elem[621]: -8.771133370216951e-04
paramR.coef[3][0].elem[621]: -1.007632605450185e+00
auxint: 20
auxint: 15
paramR.coef[0][0].elem[622]: -1.000291276711735e+00
paramR.coef[1][0].elem[622]: -1.914907627814281e-03
paramR.coef[2][0].elem[622]: -8.782053485166211e-04
paramR.coef[3][0].elem[622]: -1.007638337497003e+00
auxint: 20
auxint: 16
paramR.coef[0][0].elem[623]: -1.000290449278362e+00
paramR.coef[1][0].elem[623]: -1.912632417867718e-03
paramR.coef[2][0].elem[623]: -8.793866147282482e-04
paramR.coef[3][0].elem[623]: -1.007645391942007e+00
auxint: 20
auxint: 17
paramR.coef[0][0].elem[624]: -1.000289456515679e+00
paramR.coef[1][0].elem[624]: -1.910101530630165e-03
paramR.coef[2][0].elem[624]: -8.806621303820782e-04
paramR.coef[3][0].elem[624]: -1.007653514306012e+00
auxint: 20
auxint: 18
paramR.coef[0][0].elem[625]: -1.000288337088220e+00
paramR.coef[1][0].elem[625]: -1.907402028683854e-03
paramR.coef[2][0].elem[625]: -8.820366490657294e-04
paramR.coef[3][0].elem[625]: -1.007662408570319e+00
auxint: 20
auxint: 19
paramR.coef[0][0].elem[626]: -1.000287135877290e+00
paramR.coef[1][0].elem[626]: -1.904628080547016e-03
paramR.coef[2][0].elem[626]: -8.835059890800574e-04
paramR.coef[3][0].elem[626]: -1.007671747772667e+00
auxint: 20
auxint: 20
paramR.coef[0][0].elem[627]: -1.000285901760771e+00
paramR.coef[1][0].elem[627]: -1.901878585871079e-03
paramR.coef[2][0].elem[627]: -8.850487772310124e-04
paramR.coef[3][0].elem[627]: -1.007681185496252e+00
auxint: 20
auxint: 21
paramR.coef[0][0].elem[628]: -1.000284685442270e+00
paramR.coef[1][0].elem[628]: -1.899254831473628e-03
paramR.coef[2][0].elem[628]: -8.866206411662596e-04
paramR.coef[3][0].elem[628]: -1.007690366396583e+00
auxint: 20
auxint: 22
paramR.coef[0][0].elem[629]: -1.000283537535340e+00
paramR.coef[1][0].elem[629]: -1.896858150566836e-03
paramR.coef[2][0].elem[629]: -8.881524341302695e-04
paramR.coef[3][0].elem[629]: -1.007698935440734e+00
auxint: 20
auxint: 23
paramR.coef[0][0].elem[630]: -1.000282506643268e+00
paramR.coef[1][0].elem[630]: -1.894787035313988e-03
paramR.coef[2][0].elem[630]: -8.895532695849530e-04
paramR.coef[3][0].elem[630]: -1.007706547914708e+00
auxint: 20
auxint: 24
paramR.coef[0][0].elem[631]: -1.000281637063388e+00
paramR.coef[1][0].elem[631]: -1.893132977856316e-03
paramR.coef[2][0].elem[631]: -8.907185010161078e-04
paramR.coef[3][0].elem[631]: -1.007712882958129e+00
auxint: 20
auxint: 25
paramR.coef[0][0].elem[632]: -1.000280966156824e+00
paramR.coef[1][0].elem[632]: -1.891974836198019e-03
paramR.coef[2][0].elem[632]: -8.915421205845587e-04
paramR.coef[3][0].elem[632]: -1.007717661334057e+00
auxint: 20
auxint: 26
paramR.coef[0][0].elem[633]: -1.000280521882555e+00
paramR.coef[1][0].elem[633]: -1.891372448033875e-03
paramR.coef[2][0].elem[633]: -8.919318744924718e-04
paramR.coef[3][0].elem[633]: -1.007720664988373e+00
auxint: 20
auxint: 27
paramR.coef[0][0].elem[634]: -1.000280321019440e+00
paramR.coef[1][0].elem[634]: -1.891360848523267e-03
paramR.coef[2][0].elem[634]: -8.918240723502744e-04
paramR.coef[3][0].elem[634]: -1.007721754280118e+00
auxint: 20
auxint: 28
paramR.coef[0][0].elem[635]: -1.000280368303058e+00
paramR.coef[1][0].elem[635]: -1.891946363293741e-03
paramR.coef[2][0].elem[635]: -8.911947474315727e-04
paramR.coef[3][0].elem[635]: -1.007720879420022e+00
auxint: 20
auxint: 29
paramR.coef[0][0].elem[636]: -1.000280656514443e+00
paramR.coef[1][0].elem[636]: -1.893105274339319e-03
paramR.coef[2][0].elem[636]: -8.900649475250338e-04
paramR.coef[3][0].elem[636]: -1.007718084355816e+00
auxint: 20
auxint: 30
paramR.coef[0][0].elem[637]: -1.000281167566519e+00
paramR.coef[1][0].elem[637]: -1.894785213213717e-03
paramR.coef[2][0].elem[637]: -8.884995709672486e-04
paramR.coef[3][0].elem[637]: -1.007713502664119e+00
auxint: 20
auxint: 31
paramR.coef[0][0].elem[638]: -1.000281874544206e+00
paramR.coef[1][0].elem[638]: -1.896909103517785e-03
paramR.coef[2][0].elem[638]: -8.866002451294006e-04
paramR.coef[3][0].elem[638]: -1.007707345978624e+00
auxint: 20
auxint: 32
paramR.coef[0][0].elem[639]: -1.000282744331633e+00
paramR.coef[1][0].elem[639]: -1.899381111221387e-03
paramR.coef[2][0].elem[639]: -8.844933879569986e-04
paramR.coef[3][0].elem[639]: -1.007699886876099e+00
auxint: 21
auxint: 1
paramR.coef[0][0].elem[640]: -1.000282551554905e+00
paramR.coef[1][0].elem[640]: -1.901800744035484e-03
paramR.coef[2][0].elem[640]: -8.810123198398304e-04
paramR.coef[3][0].elem[640]: -1.007693774338345e+00
auxint: 21
auxint: 2
paramR.coef[0][0].elem[641]: -1.000283619980088e+00
paramR.coef[1][0].elem[641]: -1.904596752619319e-03
paramR.coef[2][0].elem[641]: -8.789353793023776e-04
paramR.coef[3][0].elem[641]: -1.007684788236099e+00
auxint: 21
auxint: 3
paramR.coef[0][0].elem[642]: -1.000284744065162e+00
paramR.coef[1][0].elem[642]: -1.907422776034858e-03
paramR.coef[2][0].elem[642]: -8.770186318826734e-04
paramR.coef[3][0].elem[642]: -1.007675450731147e+00
auxint: 21
auxint: 4
paramR.coef[0][0].elem[643]: -1.000285885793412e+00
paramR.coef[1][0].elem[643]: -1.910169889642301e-03
paramR.coef[2][0].elem[643]: -8.753523324426981e-04
paramR.coef[3][0].elem[643]: -1.007666112812857e+00
auxint: 21
auxint: 5
paramR.coef[0][0].elem[644]: -1.000287007787015e+00
paramR.coef[1][0].elem[644]: -1.912735234967355e-03
paramR.coef[2][0].elem[644]: -8.739995209847540e-04
paramR.coef[3][0].elem[644]: -1.007657119416721e+00
auxint: 21
auxint: 6
paramR.coef[0][0].elem[645]: -1.000288073610372e+00
paramR.coef[1][0].elem[645]: -1.915025088633641e-03
paramR.coef[2][0].elem[645]: -8.729951495968241e-04
paramR.coef[3][0].elem[645]: -1.007648799254101e+00
auxint: 21
auxint: 7
paramR.coef[0][0].elem[646]: -1.000289048149530e+00
paramR.coef[1][0].elem[646]: -1.916957992610232e-03
paramR.coef[2][0].elem[646]: -8.723476911105251e-04
paramR.coef[3][0].elem[646]: -1.007641453699009e+00
auxint: 21
auxint: 8
paramR.coef[0][0].elem[647]: -1.000289898169575e+00
paramR.coef[1][0].elem[647]: -1.918467491305664e-03
paramR.coef[2][0].elem[647]: -8.720428358946491e-04
paramR.coef[3][0].elem[647]: -1.007635346320008e+00
auxint: 21
auxint: 9
paramR.coef[0][0].elem[648]: -1.000290593031995e+00
paramR.coef[1][0].elem[648]: -1.919503995706090e-03
paramR.coef[2][0].elem[648]: -8.720487757434599e-04
paramR.coef[3][0].elem[648]: -1.007630694575290e+00
auxint: 21
auxint: 10
paramR.coef[0][0].elem[649]: -1.000291105548816e+00
paramR.coef[1][0].elem[649]: -1.920035685772743e-03
paramR.coef[2][0].elem[649]: -8.723224786962217e-04
paramR.coef[3][0].elem[649]: -1.007627663855684e+00
auxint: 21
auxint: 11
paramR.coef[0][0].elem[650]: -1.000291413075255e+00
paramR.coef[1][0].elem[650]: -1.920048698405246e-03
paramR.coef[2][0].elem[650]: -8.728164379752578e-04
paramR.coef[3][0].elem[650]: -1.007626362997704e+00
auxint: 21
auxint: 12
paramR.coef[0][0].elem[651]: -1.000291498953734e+00
paramR.coef[1][0].elem[651]: -1.919546840443574e-03
paramR.coef[2][0].elem[651]: -8.734853872615161e-04
paramR.coef[3][0].elem[651]: -1.007626840630166e+00
auxint: 21
auxint: 13
paramR.coef[0][0].elem[652]: -1.000291354162699e+00
paramR.coef[1][0].elem[652]: -1.918550870788398e-03
paramR.coef[2][0].elem[652]: -8.742922207860861e-04
paramR.coef[3][0].elem[652]: -1.007629082750241e+00
auxint: 21
auxint: 14
paramR.coef[0][0].elem[653]: -1.000290978737051e+00
paramR.coef[1][0].elem[653]: -1.917097341824235e-03
paramR.coef[2][0].elem[653]: -8.752120851916429e-04
paramR.coef[3][0].elem[653]: -1.007633012403407e+00
auxint: 21
auxint: 15
paramR.coef[0][0].elem[654]: -1.000290382567243e+00
paramR.coef[1][0].elem[654]: -1.915237144454189e-03
paramR.coef[2][0].elem[654]: -8.762336925864975e-04
paramR.coef[3][0].elem[654]: -1.007638491767390e+00
auxint: 21
auxint: 16
paramR.coef[0][0].elem[655]: -1.000289585495557e+00
paramR.coef[1][0].elem[655]: -1.913034002653303e-03
paramR.coef[2][0].elem[655]: -8.773573652465900e-04
paramR.coef[3][0].elem[655]: -1.007645326230683e+00
auxint: 21
auxint: 17
paramR.coef[0][0].elem[656]: -1.000288616809335e+00
paramR.coef[1][0].elem[656]: -1.910562997714287e-03
paramR.coef[2][0].elem[656]: -8.785899191398158e-04
paramR.coef[3][0].elem[656]: -1.007653270214174e+00
auxint: 21
auxint: 18
paramR.coef[0][0].elem[657]: -1.000287514135922e+00
paramR.coef[1][0].elem[657]: -1.907908926418455e-03
paramR.coef[2][0].elem[657]: -8.799370995645650e-04
paramR.coef[3][0].elem[657]: -1.007662035102883e+00
auxint: 21
auxint: 19
paramR.coef[0][0].elem[658]: -1.000286321693312e+00
paramR.coef[1][0].elem[658]: -1.905164270637883e-03
paramR.coef[2][0].elem[658]: -8.813948957610841e-04
paramR.coef[3][0].elem[658]: -1.007671299425328e+00
auxint: 21
auxint: 20
paramR.coef[0][0].elem[659]: -1.000285088091054e+00
paramR.coef[1][0].elem[659]: -1.902426849760091e-03
paramR.coef[2][0].elem[659]: -8.829415172498175e-04
paramR.coef[3][0].elem[659]: -1.007680720139324e+00
auxint: 21
auxint: 21
paramR.coef[0][0].elem[660]: -1.000283864120918e+00
paramR.coef[1][0].elem[660]: -1.899797452574288e-03
paramR.coef[2][0].elem[660]: -8.845318377309017e-04
paramR.coef[3][0].elem[660]: -1.007689943159385e+00
auxint: 21
auxint: 22
paramR.coef[0][0].elem[661]: -1.000282700796701e+00
paramR.coef[1][0].elem[661]: -1.897377497684313e-03
paramR.coef[2][0].elem[661]: -8.860957051039834e-04
paramR.coef[3][0].elem[661]: -1.007698612571162e+00
auxint: 21
auxint: 23
paramR.coef[0][0].elem[662]: -1.000281647423390e+00
paramR.coef[1][0].elem[662]: -1.895266198978794e-03
paramR.coef[2][0].elem[662]: -8.875409775588738e-04
paramR.coef[3][0].elem[662]: -1.007706380448115e+00
auxint: 21
auxint: 24
paramR.coef[0][0].elem[663]: -1.000280749298739e+00
paramR.coef[1][0].elem[663]: -1.893556461629988e-03
paramR.coef[2][0].elem[663]: -8.887615789394822e-04
paramR.coef[3][0].elem[663]: -1.007712920170280e+00
auxint: 21
auxint: 25
paramR.coef[0][0].elem[664]: -1.000280045038755e+00
paramR.coef[1][0].elem[664]: -1.892329247223301e-03
paramR.coef[2][0].elem[664]: -8.896499881142146e-04
paramR.coef[3][0].elem[664]: -1.007717944219401e+00
auxint: 21
auxint: 26
paramR.coef[0][0].elem[665]: -1.000279564023809e+00
paramR.coef[1][0].elem[665]: -1.891647117937334e-03
paramR.coef[2][0].elem[665]: -8.901122850500167e-04
paramR.coef[3][0].elem[665]: -1.007721224119727e+00
auxint: 21
auxint: 27
paramR.coef[0][0].elem[666]: -1.000279324532757e+00
paramR.coef[1][0].elem[666]: -1.891548330549202e-03
paramR.coef[2][0].elem[666]: -8.900827643133313e-04
paramR.coef[3][0].elem[666]: -1.007722608300004e+00
auxint: 21
auxint: 28
paramR.coef[0][0].elem[667]: -1.000279332819053e+00
paramR.coef[1][0].elem[667]: -1.892042765102718e-03
paramR.coef[2][0].elem[667]: -8.895350134436405e-04
paramR.coef[3][0].elem[667]: -1.007722034244480e+00
auxint: 21
auxint: 29
paramR.coef[0][0].elem[668]: -1.000279583148403e+00
paramR.coef[1][0].elem[668]: -1.893110403044544e-03
paramR.coef[2][0].elem[668]: -8.884873338394490e-04
paramR.coef[3][0].elem[668]: -1.007719533088701e+00
auxint: 21
auxint: 30
paramR.coef[0][0].elem[669]: -1.000280058821267e+00
paramR.coef[1][0].elem[669]: -1.894702535163705e-03
paramR.coef[2][0].elem[669]: -8.870017336728807e-04
paramR.coef[3][0].elem[669]: -1.007715226219194e+00
auxint: 21
auxint: 31
paramR.coef[0][0].elem[670]: -1.000280734147376e+00
paramR.coef[1][0].elem[670]: -1.896745534383343e-03
paramR.coef[2][0].elem[670]: -8.851768249902687e-04
paramR.coef[3][0].elem[670]: -1.007709314393561e+00
auxint: 21
auxint: 32
paramR.coef[0][0].elem[671]: -1.000281577032902e+00
paramR.coef[1][0].elem[671]: -1.899146645516107e-03
paramR.coef[2][0].elem[671]: -8.831358857001182e-04
paramR.coef[3][0].elem[671]: -1.007702061214459e+00
auxint: 22
auxint: 1
paramR.coef[0][0].elem[672]: -1.000281295464917e+00
paramR.coef[1][0].elem[672]: -1.901200779119657e-03
paramR.coef[2][0].elem[672]: -8.813911643329560e-04
paramR.coef[3][0].elem[672]: -1.007696507452279e+00
auxint: 22
auxint: 2
paramR.coef[0][0].elem[673]: -1.000282345033326e+00
paramR.coef[1][0].elem[673]: -1.903946850268365e-03
paramR.coef[2][0].elem[673]: -8.793468487827799e-04
paramR.coef[3][0].elem[673]: -1.007687657397717e+00
auxint: 22
auxint: 3
paramR.coef[0][0].elem[674]: -1.000283456253526e+00
paramR.coef[1][0].elem[674]: -1.906736738510916e-03
paramR.coef[2][0].elem[674]: -8.774484328161928e-04
paramR.coef[3][0].elem[674]: -1.007678408823618e+00
auxint: 22
auxint: 4
paramR.coef[0][0].elem[675]: -1.000284591490219e+00
paramR.coef[1][0].elem[675]: -1.909462627027025e-03
paramR.coef[2][0].elem[675]: -8.757851081806245e-04
paramR.coef[3][0].elem[675]: -1.007669110843402e+00
auxint: 22
auxint: 5
paramR.coef[0][0].elem[676]: -1.000285713627899e+00
paramR.coef[1][0].elem[676]: -1.912022391279166e-03
paramR.coef[2][0].elem[676]: -8.744193415345441e-04
paramR.coef[3][0].elem[676]: -1.007660107643565e+00
auxint: 22
auxint: 6
paramR.coef[0][0].elem[677]: -1.000286786375837e+00
paramR.coef[1][0].elem[677]: -1.914322631341133e-03
paramR.coef[2][0].elem[677]: -8.733861308993611e-04
paramR.coef[3][0].elem[677]: -1.007651728262706e+00
auxint: 22
auxint: 7
paramR.coef[0][0].elem[678]: -1.000287774617687e+00
paramR.coef[1][0].elem[678]: -1.916281736415378e-03
paramR.coef[2][0].elem[678]: -8.726947951654780e-04
paramR.coef[3][0].elem[678]: -1.007644275531473e+00
auxint: 22
auxint: 8
paramR.coef[0][0].elem[679]: -1.000288644921634e+00
paramR.coef[1][0].elem[679]: -1.917832592357742e-03
paramR.coef[2][0].elem[679]: -8.723326709136336e-04
paramR.coef[3][0].elem[679]: -1.007638015667249e+00
auxint: 22
auxint: 9
paramR.coef[0][0].elem[680]: -1.000289366210838e+00
paramR.coef[1][0].elem[680]: -1.918924436536201e-03
paramR.coef[2][0].elem[680]: -8.722702217319382e-04
paramR.coef[3][0].elem[680]: -1.007633170097575e+00
auxint: 22
auxint: 10
paramR.coef[0][0].elem[681]: -1.000289910570350e+00
paramR.coef[1][0].elem[681]: -1.919523708506639e-03
paramR.coef[2][0].elem[681]: -8.724671995503444e-04
paramR.coef[3][0].elem[681]: -1.007629909788479e+00
auxint: 22
auxint: 11
paramR.coef[0][0].elem[682]: -1.000290254293368e+00
paramR.coef[1][0].elem[682]: -1.919614159425913e-03
paramR.coef[2][0].elem[682]: -8.728794196472165e-04
paramR.coef[3][0].elem[682]: -1.007628351079689e+00
auxint: 22
auxint: 12
paramR.coef[0][0].elem[683]: -1.000290379313147e+00
paramR.coef[1][0].elem[683]: -1.919196576304933e-03
paramR.coef[2][0].elem[683]: -8.734654155797516e-04
paramR.coef[3][0].elem[683]: -1.007628552059447e+00
auxint: 22
auxint: 13
paramR.coef[0][0].elem[684]: -1.000290274917869e+00
paramR.coef[1][0].elem[684]: -1.918288245518305e-03
paramR.coef[2][0].elem[684]: -8.741920271927496e-04
paramR.coef[3][0].elem[684]: -1.007630509666372e+00
auxint: 22
auxint: 14
paramR.coef[0][0].elem[685]: -1.000289939310629e+00
paramR.coef[1][0].elem[685]: -1.916922075360848e-03
paramR.coef[2][0].elem[685]: -8.750380521271374e-04
paramR.coef[3][0].elem[685]: -1.007634158570913e+00
auxint: 22
auxint: 15
paramR.coef[0][0].elem[686]: -1.000289380559769e+00
paramR.coef[1][0].elem[686]: -1.915145375949951e-03
paramR.coef[2][0].elem[686]: -8.759953084050826e-04
paramR.coef[3][0].elem[686]: -1.007639372524189e+00
auxint: 22
auxint: 16
paramR.coef[0][0].elem[687]: -1.000288616805636e+00
paramR.coef[1][0].elem[687]: -1.913018488578800e-03
paramR.coef[2][0].elem[687]: -8.770666410654681e-04
paramR.coef[3][0].elem[687]: -1.007645967943477e+00
auxint: 22
auxint: 17
paramR.coef[0][0].elem[688]: -1.000287675834047e+00
paramR.coef[1][0].elem[688]: -1.910613417195562e-03
paramR.coef[2][0].elem[688]: -8.782607477647149e-04
paramR.coef[3][0].elem[688]: -1.007653709325685e+00
auxint: 22
auxint: 18
paramR.coef[0][0].elem[689]: -1.000286594058452e+00
paramR.coef[1][0].elem[689]: -1.908012332337049e-03
paramR.coef[2][0].elem[689]: -8.795844492067343e-04
paramR.coef[3][0].elem[689]: -1.007662316671479e+00
auxint: 22
auxint: 19
paramR.coef[0][0].elem[690]: -1.000285414857369e+00
paramR.coef[1][0].elem[690]: -1.905305683596121e-03
paramR.coef[2][0].elem[690]: -8.810339312923779e-04
paramR.coef[3][0].elem[690]: -1.007671475146448e+00
auxint: 22
auxint: 20
paramR.coef[0][0].elem[691]: -1.000284186411450e+00
paramR.coef[1][0].elem[691]: -1.902589909889293e-03
paramR.coef[2][0].elem[691]: -8.825869027821129e-04
paramR.coef[3][0].elem[691]: -1.007680846082931e+00
auxint: 22
auxint: 21
paramR.coef[0][0].elem[692]: -1.000282959460951e+00
paramR.coef[1][0].elem[692]: -1.899965044431190e-03
paramR.coef[2][0].elem[692]: -8.841973292797109e-04
paramR.coef[3][0].elem[692]: -1.007690077509453e+00
auxint: 22
auxint: 22
paramR.coef[0][0].elem[693]: -1.000281785290117e+00
paramR.coef[1][0].elem[693]: -1.897532346541682e-03
paramR.coef[2][0].elem[693]: -8.857938983744282e-04
paramR.coef[3][0].elem[693]: -1.007698813428123e+00
auxint: 22
auxint: 23
paramR.coef[0][0].elem[694]: -1.000280713771652e+00
paramR.coef[1][0].elem[694]: -1.895391491891368e-03
paramR.coef[2][0].elem[694]: -8.872830708727626e-04
paramR.coef[3][0].elem[694]: -1.007706703544700e+00
auxint: 22
auxint: 24
paramR.coef[0][0].elem[695]: -1.000279791064642e+00
paramR.coef[1][0].elem[695]: -1.893636513470687e-03
paramR.coef[2][0].elem[695]: -8.885571843124165e-04
paramR.coef[3][0].elem[695]: -1.007713416421505e+00
auxint: 22
auxint: 25
paramR.coef[0][0].elem[696]: -1.000279056906378e+00
paramR.coef[1][0].elem[696]: -1.892350167718808e-03
paramR.coef[2][0].elem[696]: -8.895070484831393e-04
paramR.coef[3][0].elem[696]: -1.007718657283685e+00
auxint: 22
auxint: 26
paramR.coef[0][0].elem[697]: -1.000278541978838e+00
paramR.coef[1][0].elem[697]: -1.891597414743956e-03
paramR.coef[2][0].elem[697]: -8.900369924993273e-04
paramR.coef[3][0].elem[697]: -1.007722188292734e+00
auxint: 22
auxint: 27
paramR.coef[0][0].elem[698]: -1.000278265956404e+00
paramR.coef[1][0].elem[698]: -1.891419402158769e-03
paramR.coef[2][0].elem[698]: -8.900793283010345e-04
paramR.coef[3][0].elem[698]: -1.007723846976380e+00
auxint: 22
auxint: 28
paramR.coef[0][0].elem[699]: -1.000278236524662e+00
paramR.coef[1][0].elem[699]: -1.891829252721330e-03
paramR.coef[2][0].elem[699]: -8.896053285214835e-04
paramR.coef[3][0].elem[699]: -1.007723559015559e+00
auxint: 22
auxint: 29
paramR.coef[0][0].elem[700]: -1.000278449377204e+00
paramR.coef[1][0].elem[700]: -1.892810375889690e-03
paramR.coef[2][0].elem[700]: -8.886307586023280e-04
paramR.coef[3][0].elem[700]: -1.007721343472161e+00
auxint: 22
auxint: 30
paramR.coef[0][0].elem[701]: -1.000278889182554e+00
paramR.coef[1][0].elem[701]: -1.894317498588908e-03
paramR.coef[2][0].elem[701]: -8.872150674819683e-04
paramR.coef[3][0].elem[701]: -1.007717310038625e+00
auxint: 22
auxint: 31
paramR.coef[0][0].elem[702]: -1.000279531490329e+00
paramR.coef[1][0].elem[702]: -1.896280269740163e-03
paramR.coef[2][0].elem[702]: -8.854543524219360e-04
paramR.coef[3][0].elem[702]: -1.007711648824279e+00
auxint: 22
auxint: 32
paramR.coef[0][0].elem[703]: -1.000280345268714e+00
paramR.coef[1][0].elem[703]: -1.898608897338766e-03
paramR.coef[2][0].elem[703]: -8.834693875665904e-04
paramR.coef[3][0].elem[703]: -1.007704614417207e+00
auxint: 23
auxint: 1
paramR.coef[0][0].elem[704]: -1.000280015562075e+00
paramR.coef[1][0].elem[704]: -1.900313579418665e-03
paramR.coef[2][0].elem[704]: -8.834134757334683e-04
paramR.coef[3][0].elem[704]: -1.007699565954295e+00
auxint: 23
auxint: 2
paramR.coef[0][0].elem[705]: -1.000281042957221e+00
paramR.coef[1][0].elem[705]: -1.903004774594584e-03
paramR.coef[2][0].elem[705]: -8.813945165312281e-04
paramR.coef[3][0].elem[705]: -1.007690874900697e+00
auxint: 23
auxint: 3
paramR.coef[0][0].elem[706]: -1.000282137205816e+00
paramR.coef[1][0].elem[706]: -1.905750985210884e-03
paramR.coef[2][0].elem[706]: -8.795095826591059e-04
paramR.coef[3][0].elem[706]: -1.007681745318929e+00
auxint: 23
auxint: 4
paramR.coef[0][0].elem[707]: -1.000283261188337e+00
paramR.coef[1][0].elem[707]: -1.908445705500688e-03
paramR.coef[2][0].elem[707]: -8.778472284308340e-04
paramR.coef[3][0].elem[707]: -1.007672523406920e+00
auxint: 23
auxint: 5
paramR.coef[0][0].elem[708]: -1.000284378213543e+00
paramR.coef[1][0].elem[708]: -1.910987886992976e-03
paramR.coef[2][0].elem[708]: -8.764695651834226e-04
paramR.coef[3][0].elem[708]: -1.007663551229994e+00
auxint: 23
auxint: 6
paramR.coef[0][0].elem[709]: -1.000285452327497e+00
paramR.coef[1][0].elem[709]: -1.913284947416910e-03
paramR.coef[2][0].elem[709]: -8.754115711479060e-04
paramR.coef[3][0].elem[709]: -1.007655156452627e+00
auxint: 23
auxint: 7
paramR.coef[0][0].elem[710]: -1.000286448633829e+00
paramR.coef[1][0].elem[710]: -1.915255748181031e-03
paramR.coef[2][0].elem[710]: -8.746830708835481e-04
paramR.coef[3][0].elem[710]: -1.007647641405518e+00
auxint: 23
auxint: 8
paramR.coef[0][0].elem[711]: -1.000287333747535e+00
paramR.coef[1][0].elem[711]: -1.916833221244355e-03
paramR.coef[2][0].elem[711]: -8.742725269942072e-04
paramR.coef[3][0].elem[711]: -1.007641272872211e+00
auxint: 23
auxint: 9
paramR.coef[0][0].elem[712]: -1.000288076401759e+00
paramR.coef[1][0].elem[712]: -1.917966160808941e-03
paramR.coef[2][0].elem[712]: -8.741520602493503e-04
paramR.coef[3][0].elem[712]: -1.007636274177792e+00
auxint: 23
auxint: 10
paramR.coef[0][0].elem[713]: -1.000288648191404e+00
paramR.coef[1][0].elem[713]: -1.918619977205314e-03
paramR.coef[2][0].elem[713]: -8.742835238534595e-04
paramR.coef[3][0].elem[713]: -1.007632819930689e+00
auxint: 23
auxint: 11
paramR.coef[0][0].elem[714]: -1.000289024558582e+00
paramR.coef[1][0].elem[714]: -1.918776676366587e-03
paramR.coef[2][0].elem[714]: -8.746253352745232e-04
paramR.coef[3][0].elem[714]: -1.007631032325220e+00
auxint: 23
auxint: 12
paramR.coef[0][0].elem[715]: -1.000289186193551e+00
paramR.coef[1][0].elem[715]: -1.918434529813805e-03
paramR.coef[2][0].elem[715]: -8.751391670763097e-04
paramR.coef[3][0].elem[715]: -1.007630977709020e+00
auxint: 23
auxint: 13
paramR.coef[0][0].elem[716]: -1.000289120794027e+00
paramR.coef[1][0].elem[716]: -1.917607666039050e-03
paramR.coef[2][0].elem[716]: -8.757953113580036e-04
paramR.coef[3][0].elem[716]: -1.007632663328978e+00
auxint: 23
auxint: 14
paramR.coef[0][0].elem[717]: -1.000288824754678e+00
paramR.coef[1][0].elem[717]: -1.916325466672780e-03
paramR.coef[2][0].elem[717]: -8.765759160974578e-04
paramR.coef[3][0].elem[717]: -1.007636035411143e+00
auxint: 23
auxint: 15
paramR.coef[0][0].elem[718]: -1.000288304279685e+00
paramR.coef[1][0].elem[718]: -1.914631617597411e-03
paramR.coef[2][0].elem[718]: -8.774757445490310e-04
paramR.coef[3][0].elem[718]: -1.007640979657538e+00
auxint: 23
auxint: 16
paramR.coef[0][0].elem[719]: -1.000287575721979e+00
paramR.coef[1][0].elem[719]: -1.912582917900254e-03
paramR.coef[2][0].elem[719]: -8.785001066247141e-04
paramR.coef[3][0].elem[719]: -1.007647324194263e+00
auxint: 23
auxint: 17
paramR.coef[0][0].elem[720]: -1.000286665252227e+00
paramR.coef[1][0].elem[720]: -1.910248049114632e-03
paramR.coef[2][0].elem[720]: -8.796596387044089e-04
paramR.coef[3][0].elem[720]: -1.007654844470703e+00
auxint: 23
auxint: 18
paramR.coef[0][0].elem[721]: -1.000285607934012e+00
paramR.coef[1][0].elem[721]: -1.907706253132043e-03
paramR.coef[2][0].elem[721]: -8.809623981241754e-04
paramR.coef[3][0].elem[721]: -1.007663270092746e+00
auxint: 23
auxint: 19
paramR.coef[0][0].elem[722]: -1.000284446156153e+00
paramR.coef[1][0].elem[722]: -1.905045628829772e-03
paramR.coef[2][0].elem[722]: -8.824049483437862e-04
paramR.coef[3][0].elem[722]: -1.007672293866495e+00
auxint: 23
auxint: 20
paramR.coef[0][0].elem[723]: -1.000283227520500e+00
paramR.coef[1][0].elem[723]: -1.902360939727515e-03
paramR.coef[2][0].elem[723]: -8.839646045319264e-04
paramR.coef[3][0].elem[723]: -1.007681582423830e+00
auxint: 23
auxint: 21
paramR.coef[0][0].elem[724]: -1.000282002574517e+00
paramR.coef[1][0].elem[724]: -1.899751200375996e-03
paramR.coef[2][0].elem[724]: -8.855944447362075e-04
paramR.coef[3][0].elem[724]: -1.007690786738694e+00
auxint: 23
auxint: 22
paramR.coef[0][0].elem[725]: -1.000280822731337e+00
paramR.coef[1][0].elem[725]: -1.897317252799860e-03
paramR.coef[2][0].elem[725]: -8.872219792758454e-04
paramR.coef[3][0].elem[725]: -1.007699551553831e+00
auxint: 23
auxint: 23
paramR.coef[0][0].elem[726]: -1.000279738272805e+00
paramR.coef[1][0].elem[726]: -1.895158946808580e-03
paramR.coef[2][0].elem[726]: -8.887522381948325e-04
paramR.coef[3][0].elem[726]: -1.007707525150186e+00
auxint: 23
auxint: 24
paramR.coef[0][0].elem[727]: -1.000278796038444e+00
paramR.coef[1][0].elem[727]: -1.893371107737577e-03
paramR.coef[2][0].elem[727]: -8.900758982281318e-04
paramR.coef[3][0].elem[727]: -1.007714372413410e+00
auxint: 23
auxint: 25
paramR.coef[0][0].elem[728]: -1.000278036694729e+00
paramR.coef[1][0].elem[728]: -1.892037902349001e-03
paramR.coef[2][0].elem[728]: -8.910819893672963e-04
paramR.coef[3][0].elem[728]: -1.007719792650370e+00
auxint: 23
auxint: 26
paramR.coef[0][0].elem[729]: -1.000277492037134e+00
paramR.coef[1][0].elem[729]: -1.891226262957752e-03
paramR.coef[2][0].elem[729]: -8.916730144063499e-04
paramR.coef[3][0].elem[729]: -1.007723540132589e+00
auxint: 23
auxint: 27
paramR.coef[0][0].elem[730]: -1.000277182961349e+00
paramR.coef[1][0].elem[730]: -1.890979780348134e-03
paramR.coef[2][0].elem[730]: -8.917793319518768e-04
paramR.coef[3][0].elem[730]: -1.007725442992596e+00
auxint: 23
auxint: 28
paramR.coef[0][0].elem[731]: -1.000277118434130e+00
paramR.coef[1][0].elem[731]: -1.891314383870643e-03
paramR.coef[2][0].elem[731]: -8.913700344306229e-04
paramR.coef[3][0].elem[731]: -1.007725416519307e+00
auxint: 23
auxint: 29
paramR.coef[0][0].elem[732]: -1.000277295463657e+00
paramR.coef[1][0].elem[732]: -1.892216521424707e-03
paramR.coef[2][0].elem[732]: -8.904585647140589e-04
paramR.coef[3][0].elem[732]: -1.007723468887762e+00
auxint: 23
auxint: 30
paramR.coef[0][0].elem[733]: -1.000277700023252e+00
paramR.coef[1][0].elem[733]: -1.893644031744726e-03
paramR.coef[2][0].elem[733]: -8.891021306097938e-04
paramR.coef[3][0].elem[733]: -1.007719698964267e+00
auxint: 23
auxint: 31
paramR.coef[0][0].elem[734]: -1.000278308888316e+00
paramR.coef[1][0].elem[734]: -1.895529583181569e-03
paramR.coef[2][0].elem[734]: -8.873947981895124e-04
paramR.coef[3][0].elem[734]: -1.007714286722107e+00
auxint: 23
auxint: 32
paramR.coef[0][0].elem[735]: -1.000279092112058e+00
paramR.coef[1][0].elem[735]: -1.897786160729132e-03
paramR.coef[2][0].elem[735]: -8.854554837294702e-04
paramR.coef[3][0].elem[735]: -1.007707477899627e+00
auxint: 24
auxint: 1
paramR.coef[0][0].elem[736]: -1.000278758056849e+00
paramR.coef[1][0].elem[736]: -1.899169246937109e-03
paramR.coef[2][0].elem[736]: -8.869796096725894e-04
paramR.coef[3][0].elem[736]: -1.007702864684166e+00
auxint: 24
auxint: 2
paramR.coef[0][0].elem[737]: -1.000279760424178e+00
paramR.coef[1][0].elem[737]: -1.901801896342968e-03
paramR.coef[2][0].elem[737]: -8.849794834072015e-04
paramR.coef[3][0].elem[737]: -1.007694352005838e+00
auxint: 24
auxint: 3
paramR.coef[0][0].elem[738]: -1.000280833864823e+00
paramR.coef[1][0].elem[738]: -1.904497756535968e-03
paramR.coef[2][0].elem[738]: -8.831042037833709e-04
paramR.coef[3][0].elem[738]: -1.007685369370431e+00
auxint: 24
auxint: 4
paramR.coef[0][0].elem[739]: -1.000281941914839e+00
paramR.coef[1][0].elem[739]: -1.907151822012491e-03
paramR.coef[2][0].elem[739]: -8.814421054525559e-04
paramR.coef[3][0].elem[739]: -1.007676259007593e+00
auxint: 24
auxint: 5
paramR.coef[0][0].elem[740]: -1.000283048475504e+00
paramR.coef[1][0].elem[740]: -1.909664447326695e-03
paramR.coef[2][0].elem[740]: -8.800551741399001e-04
paramR.coef[3][0].elem[740]: -1.007667359468730e+00
auxint: 24
auxint: 6
paramR.coef[0][0].elem[741]: -1.000284118122780e+00
paramR.coef[1][0].elem[741]: -1.911944341437081e-03
paramR.coef[2][0].elem[741]: -8.789783288382413e-04
paramR.coef[3][0].elem[741]: -1.007658995336784e+00
auxint: 24
auxint: 7
paramR.coef[0][0].elem[742]: -1.000285116397035e+00
paramR.coef[1][0].elem[742]: -1.913911441196463e-03
paramR.coef[2][0].elem[742]: -8.782215707627148e-04
paramR.coef[3][0].elem[742]: -1.007651466496050e+00
auxint: 24
auxint: 8
paramR.coef[0][0].elem[743]: -1.000286010195394e+00
paramR.coef[1][0].elem[743]: -1.915499415086380e-03
paramR.coef[2][0].elem[743]: -8.777739424701507e-04
paramR.coef[3][0].elem[743]: -1.007645038221758e+00
auxint: 24
auxint: 9
paramR.coef[0][0].elem[744]: -1.000286768304493e+00
paramR.coef[1][0].elem[744]: -1.916657347407855e-03
paramR.coef[2][0].elem[744]: -8.776085468590958e-04
paramR.coef[3][0].elem[744]: -1.007639933637187e+00
auxint: 24
auxint: 10
paramR.coef[0][0].elem[745]: -1.000287362071132e+00
paramR.coef[1][0].elem[745]: -1.917350362817765e-03
paramR.coef[2][0].elem[745]: -8.776885666746633e-04
paramR.coef[3][0].elem[745]: -1.007636328951086e+00
auxint: 24
auxint: 11
paramR.coef[0][0].elem[746]: -1.000287766319471e+00
paramR.coef[1][0].elem[746]: -1.917559438759727e-03
paramR.coef[2][0].elem[746]: -8.779741711930469e-04
paramR.coef[3][0].elem[746]: -1.007634350327680e+00
auxint: 24
auxint: 12
paramR.coef[0][0].elem[747]: -1.000287960707825e+00
paramR.coef[1][0].elem[747]: -1.917280961184488e-03
paramR.coef[2][0].elem[747]: -8.784293267266527e-04
paramR.coef[3][0].elem[747]: -1.007634070795755e+00
auxint: 24
auxint: 13
paramR.coef[0][0].elem[748]: -1.000287931509886e+00
paramR.coef[1][0].elem[748]: -1.916526377086549e-03
paramR.coef[2][0].elem[748]: -8.790270668556887e-04
paramR.coef[3][0].elem[748]: -1.007635506793073e+00
auxint: 24
auxint: 14
paramR.coef[0][0].elem[749]: -1.000287673413493e+00
paramR.coef[1][0].elem[749]: -1.915321829568729e-03
paramR.coef[2][0].elem[749]: -8.797523874271855e-04
paramR.coef[3][0].elem[749]: -1.007638615516405e+00
auxint: 24
auxint: 15
paramR.coef[0][0].elem[750]: -1.000287190792526e+00
paramR.coef[1][0].elem[750]: -1.913707491749536e-03
paramR.coef[2][0].elem[750]: -8.806026873374454e-04
paramR.coef[3][0].elem[750]: -1.007643294521165e+00
auxint: 24
auxint: 16
paramR.coef[0][0].elem[751]: -1.000286498191642e+00
paramR.coef[1][0].elem[751]: -1.911736588118441e-03
paramR.coef[2][0].elem[751]: -8.815855962095511e-04
paramR.coef[3][0].elem[751]: -1.007649383925925e+00
auxint: 24
auxint: 17
paramR.coef[0][0].elem[752]: -1.000285620104280e+00
paramR.coef[1][0].elem[752]: -1.909474328661864e-03
paramR.coef[2][0].elem[752]: -8.827137237883276e-04
paramR.coef[3][0].elem[752]: -1.007656670700095e+00
auxint: 24
auxint: 18
paramR.coef[0][0].elem[753]: -1.000284590147017e+00
paramR.coef[1][0].elem[753]: -1.906996786525095e-03
paramR.coef[2][0].elem[753]: -8.839965827767808e-04
paramR.coef[3][0].elem[753]: -1.007664894823153e+00
auxint: 24
auxint: 19
paramR.coef[0][0].elem[754]: -1.000283449593741e+00
paramR.coef[1][0].elem[754]: -1.904389419746299e-03
paramR.coef[2][0].elem[754]: -8.854314370753524e-04
paramR.coef[3][0].elem[754]: -1.007673757609984e+00
auxint: 24
auxint: 20
paramR.coef[0][0].elem[755]: -1.000282245328419e+00
paramR.coef[1][0].elem[755]: -1.901745022906709e-03
paramR.coef[2][0].elem[755]: -8.869955093719216e-04
paramR.coef[3][0].elem[755]: -1.007682931856652e+00
auxint: 24
auxint: 21
paramR.coef[0][0].elem[756]: -1.000281027563960e+00
paramR.coef[1][0].elem[756]: -1.899161315073972e-03
paramR.coef[2][0].elem[756]: -8.886412041874484e-04
paramR.coef[3][0].elem[756]: -1.007692072309293e+00
auxint: 24
auxint: 22
paramR.coef[0][0].elem[757]: -1.000279847692146e+00
paramR.coef[1][0].elem[757]: -1.896738440840703e-03
paramR.coef[2][0].elem[757]: -8.902950016515140e-04
paramR.coef[3][0].elem[757]: -1.007700825316966e+00
auxint: 24
auxint: 23
paramR.coef[0][0].elem[758]: -1.000278756227210e+00
paramR.coef[1][0].elem[758]: -1.894576103384374e-03
paramR.coef[2][0].elem[758]: -8.918606074202618e-04
paramR.coef[3][0].elem[758]: -1.007708838777068e+00
auxint: 24
auxint: 24
paramR.coef[0][0].elem[759]: -1.000277800476250e+00
paramR.coef[1][0].elem[759]: -1.892769535237251e-03
paramR.coef[2][0].elem[759]: -8.932270864963679e-04
paramR.coef[3][0].elem[759]: -1.007715775214626e+00
auxint: 24
auxint: 25
paramR.coef[0][0].elem[760]: -1.000277021795892e+00
paramR.coef[1][0].elem[760]: -1.891403861355219e-03
paramR.coef[2][0].elem[760]: -8.942816757917805e-04
paramR.coef[3][0].elem[760]: -1.007721329617076e+00
auxint: 24
auxint: 26
paramR.coef[0][0].elem[761]: -1.000276452849737e+00
paramR.coef[1][0].elem[761]: -1.890547476924254e-03
paramR.coef[2][0].elem[761]: -8.949250386719695e-04
paramR.coef[3][0].elem[761]: -1.007725250176860e+00
auxint: 24
auxint: 27
paramR.coef[0][0].elem[762]: -1.000276115519345e+00
paramR.coef[1][0].elem[762]: -1.890245870067019e-03
paramR.coef[2][0].elem[762]: -8.950856502661418e-04
paramR.coef[3][0].elem[762]: -1.007727357534771e+00
auxint: 24
auxint: 28
paramR.coef[0][0].elem[763]: -1.000276019840423e+00
paramR.coef[1][0].elem[763]: -1.890517230868520e-03
paramR.coef[2][0].elem[763]: -8.947305947578921e-04
paramR.coef[3][0].elem[763]: -1.007727558431055e+00
auxint: 24
auxint: 29
paramR.coef[0][0].elem[764]: -1.000276163964066e+00
paramR.coef[1][0].elem[764]: -1.891350543865602e-03
paramR.coef[2][0].elem[764]: -8.938712334050447e-04
paramR.coef[3][0].elem[764]: -1.007725851771816e+00
auxint: 24
auxint: 30
paramR.coef[0][0].elem[765]: -1.000276535054450e+00
paramR.coef[1][0].elem[765]: -1.892706333258270e-03
paramR.coef[2][0].elem[765]: -8.925628452523194e-04
paramR.coef[3][0].elem[765]: -1.007722326854344e+00
auxint: 24
auxint: 31
paramR.coef[0][0].elem[766]: -1.000277111060780e+00
paramR.coef[1][0].elem[766]: -1.894519946275479e-03
paramR.coef[2][0].elem[766]: -8.908979068615410e-04
paramR.coef[3][0].elem[766]: -1.007717154344287e+00
auxint: 24
auxint: 32
paramR.coef[0][0].elem[767]: -1.000277863120139e+00
paramR.coef[1][0].elem[767]: -1.896706892300584e-03
paramR.coef[2][0].elem[767]: -8.889940732147828e-04
paramR.coef[3][0].elem[767]: -1.007710571528074e+00
auxint: 25
auxint: 1
paramR.coef[0][0].elem[768]: -1.000277570513349e+00
paramR.coef[1][0].elem[768]: -1.897807742292604e-03
paramR.coef[2][0].elem[768]: -8.919359466335564e-04
paramR.coef[3][0].elem[768]: -1.007706304029036e+00
auxint: 25
auxint: 2
paramR.coef[0][0].elem[769]: -1.000278545595136e+00
paramR.coef[1][0].elem[769]: -1.900379598377314e-03
paramR.coef[2][0].elem[769]: -8.899491389643914e-04
paramR.coef[3][0].elem[769]: -1.007697984686876e+00
auxint: 25
auxint: 3
paramR.coef[0][0].elem[770]: -1.000279594801701e+00
paramR.coef[1][0].elem[770]: -1.903019514529579e-03
paramR.coef[2][0].elem[770]: -8.880809276343031e-04
paramR.coef[3][0].elem[770]: -1.007689173901218e+00
auxint: 25
auxint: 4
paramR.coef[0][0].elem[771]: -1.000280682465889e+00
paramR.coef[1][0].elem[771]: -1.905624159553704e-03
paramR.coef[2][0].elem[771]: -8.864198111322465e-04
paramR.coef[3][0].elem[771]: -1.007680208886195e+00
auxint: 25
auxint: 5
paramR.coef[0][0].elem[772]: -1.000281773253253e+00
paramR.coef[1][0].elem[772]: -1.908095597423595e-03
paramR.coef[2][0].elem[772]: -8.850278797506654e-04
paramR.coef[3][0].elem[772]: -1.007671423290439e+00
auxint: 25
auxint: 6
paramR.coef[0][0].elem[773]: -1.000282832462724e+00
paramR.coef[1][0].elem[773]: -1.910344270964145e-03
paramR.coef[2][0].elem[773]: -8.839399864278074e-04
paramR.coef[3][0].elem[773]: -1.007663136933257e+00
auxint: 25
auxint: 7
paramR.coef[0][0].elem[774]: -1.000283826282371e+00
paramR.coef[1][0].elem[774]: -1.912291759904985e-03
paramR.coef[2][0].elem[774]: -8.831660127212737e-04
paramR.coef[3][0].elem[774]: -1.007655645351532e+00
auxint: 25
auxint: 8
paramR.coef[0][0].elem[775]: -1.000284722118238e+00
paramR.coef[1][0].elem[775]: -1.913873129521477e-03
paramR.coef[2][0].elem[775]: -8.826950348644104e-04
paramR.coef[3][0].elem[775]: -1.007649210282622e+00
auxint: 25
auxint: 9
paramR.coef[0][0].elem[776]: -1.000285489048180e+00
paramR.coef[1][0].elem[776]: -1.915038472867372e-03
paramR.coef[2][0].elem[776]: -8.825004238968272e-04
paramR.coef[3][0].elem[776]: -1.007644052561439e+00
auxint: 25
auxint: 10
paramR.coef[0][0].elem[777]: -1.000286098415219e+00
paramR.coef[1][0].elem[777]: -1.915753384403522e-03
paramR.coef[2][0].elem[777]: -8.825458511263341e-04
paramR.coef[3][0].elem[777]: -1.007640347893864e+00
auxint: 25
auxint: 11
paramR.coef[0][0].elem[778]: -1.000286524674856e+00
paramR.coef[1][0].elem[778]: -1.915998582437295e-03
paramR.coef[2][0].elem[778]: -8.827922817449147e-04
paramR.coef[3][0].elem[778]: -1.007638224348095e+00
auxint: 25
auxint: 12
paramR.coef[0][0].elem[779]: -1.000286746700782e+00
paramR.coef[1][0].elem[779]: -1.915769300085744e-03
paramR.coef[2][0].elem[779]: -8.832049741182390e-04
paramR.coef[3][0].elem[779]: -1.007637759727988e+00
auxint: 25
auxint: 13
paramR.coef[0][0].elem[780]: -1.000286749567357e+00
paramR.coef[1][0].elem[780]: -1.915074925236717e-03
paramR.coef[2][0].elem[780]: -8.837587950134296e-04
paramR.coef[3][0].elem[780]: -1.007638978091263e+00
auxint: 25
auxint: 14
paramR.coef[0][0].elem[781]: -1.000286526430522e+00
paramR.coef[1][0].elem[781]: -1.913938816364293e-03
paramR.coef[2][0].elem[781]: -8.844408882834610e-04
paramR.coef[3][0].elem[781]: -1.007641846507300e+00
auxint: 25
auxint: 15
paramR.coef[0][0].elem[782]: -1.000286079943289e+00
paramR.coef[1][0].elem[782]: -1.912397905499285e-03
paramR.coef[2][0].elem[782]: -8.852508202144792e-04
paramR.coef[3][0].elem[782]: -1.007646273788720e+00
auxint: 25
auxint: 16
paramR.coef[0][0].elem[783]: -1.000285422888614e+00
paramR.coef[1][0].elem[783]: -1.910501950236752e-03
paramR.coef[2][0].elem[783]: -8.861982853133453e-04
paramR.coef[3][0].elem[783]: -1.007652111893495e+00
auxint: 25
auxint: 17
paramR.coef[0][0].elem[784]: -1.000284578076098e+00
paramR.coef[1][0].elem[784]: -1.908312654162250e-03
paramR.coef[2][0].elem[784]: -8.872978399226833e-04
paramR.coef[3][0].elem[784]: -1.007659159522306e+00
auxint: 25
auxint: 18
paramR.coef[0][0].elem[785]: -1.000283577621070e+00
paramR.coef[1][0].elem[785]: -1.905902764683542e-03
paramR.coef[2][0].elem[785]: -8.885606720904708e-04
paramR.coef[3][0].elem[785]: -1.007667167529934e+00
auxint: 25
auxint: 19
paramR.coef[0][0].elem[786]: -1.000282461585940e+00
paramR.coef[1][0].elem[786]: -1.903354855563727e-03
paramR.coef[2][0].elem[786]: -8.899851503629330e-04
paramR.coef[3][0].elem[786]: -1.007675846439138e+00
auxint: 25
auxint: 20
paramR.coef[0][0].elem[787]: -1.000281276010862e+00
paramR.coef[1][0].elem[787]: -1.900759471095295e-03
paramR.coef[2][0].elem[787]: -8.915488549586358e-04
paramR.coef[3][0].elem[787]: -1.007684875999590e+00
auxint: 25
auxint: 21
paramR.coef[0][0].elem[788]: -1.000280070632616e+00
paramR.coef[1][0].elem[788]: -1.898212745876264e-03
paramR.coef[2][0].elem[788]: -8.932039060090605e-04
paramR.coef[3][0].elem[788]: -1.007693915556345e+00
auxint: 25
auxint: 22
paramR.coef[0][0].elem[789]: -1.000278896663456e+00
paramR.coef[1][0].elem[789]: -1.895813820155084e-03
paramR.coef[2][0].elem[789]: -8.948760704569013e-04
paramR.coef[3][0].elem[789]: -1.007702613985933e+00
auxint: 25
auxint: 23
paramR.coef[0][0].elem[790]: -1.000277804659161e+00
paramR.coef[1][0].elem[790]: -1.893661891267152e-03
paramR.coef[2][0].elem[790]: -8.964680004919372e-04
paramR.coef[3][0].elem[790]: -1.007710619947878e+00
auxint: 25
auxint: 24
paramR.coef[0][0].elem[791]: -1.000276842159121e+00
paramR.coef[1][0].elem[791]: -1.891852163649241e-03
paramR.coef[2][0].elem[791]: -8.978673641774483e-04
paramR.coef[3][0].elem[791]: -1.007717595077401e+00
auxint: 25
auxint: 25
paramR.coef[0][0].elem[792]: -1.000276050938715e+00
paramR.coef[1][0].elem[792]: -1.890470209351673e-03
paramR.coef[2][0].elem[792]: -8.989597446207267e-04
paramR.coef[3][0].elem[792]: -1.007723231843460e+00
auxint: 25
auxint: 26
paramR.coef[0][0].elem[793]: -1.000275464243961e+00
paramR.coef[1][0].elem[793]: -1.889585312658141e-03
paramR.coef[2][0].elem[793]: -8.996440702649607e-04
paramR.coef[3][0].elem[793]: -1.007727274413770e+00
auxint: 25
auxint: 27
paramR.coef[0][0].elem[794]: -1.000275104661408e+00
paramR.coef[1][0].elem[794]: -1.889244240915373e-03
paramR.coef[2][0].elem[794]: -8.998470862719851e-04
paramR.coef[3][0].elem[794]: -1.007729538128169e+00
auxint: 25
auxint: 28
paramR.coef[0][0].elem[795]: -1.000274983033107e+00
paramR.coef[1][0].elem[795]: -1.889466812956196e-03
paramR.coef[2][0].elem[795]: -8.995341086379756e-04
paramR.coef[3][0].elem[795]: -1.007729923361554e+00
auxint: 25
auxint: 29
paramR.coef[0][0].elem[796]: -1.000275098425665e+00
paramR.coef[1][0].elem[796]: -1.890243948421928e-03
paramR.coef[2][0].elem[796]: -8.987147112035685e-04
paramR.coef[3][0].elem[796]: -1.007728421756343e+00
auxint: 25
auxint: 30
paramR.coef[0][0].elem[797]: -1.000275439023146e+00
paramR.coef[1][0].elem[797]: -1.891538328026361e-03
paramR.coef[2][0].elem[797]: -8.974425694361902e-04
paramR.coef[3][0].elem[797]: -1.007725114699697e+00
auxint: 25
auxint: 31
paramR.coef[0][0].elem[798]: -1.000275983846505e+00
paramR.coef[1][0].elem[798]: -1.893287545515009e-03
paramR.coef[2][0].elem[798]: -8.958089676086915e-04
paramR.coef[3][0].elem[798]: -1.007720164745881e+00
auxint: 25
auxint: 32
paramR.coef[0][0].elem[799]: -1.000276705078620e+00
paramR.coef[1][0].elem[799]: -1.895409308533994e-03
paramR.coef[2][0].elem[799]: -8.939308138482163e-04
paramR.coef[3][0].elem[799]: -1.007713801421787e+00
auxint: 26
auxint: 1
paramR.coef[0][0].elem[800]: -1.000276500176971e+00
paramR.coef[1][0].elem[800]: -1.896278013577437e-03
paramR.coef[2][0].elem[800]: -8.980833171397231e-04
paramR.coef[3][0].elem[800]: -1.007709769376895e+00
auxint: 26
auxint: 2
paramR.coef[0][0].elem[801]: -1.000277446478409e+00
paramR.coef[1][0].elem[801]: -1.898788495120859e-03
paramR.coef[2][0].elem[801]: -8.961052908572100e-04
paramR.coef[3][0].elem[801]: -1.007701652850287e+00
auxint: 26
auxint: 3
paramR.coef[0][0].elem[802]: -1.000278468616644e+00
paramR.coef[1][0].elem[802]: -1.901368265018140e-03
paramR.coef[2][0].elem[802]: -8.942427583473124e-04
paramR.coef[3][0].elem[802]: -1.007693034527888e+00
auxint: 26
auxint: 4
paramR.coef[0][0].elem[803]: -1.000279531856541e+00
paramR.coef[1][0].elem[803]: -1.903915817268339e-03
paramR.coef[2][0].elem[803]: -8.925847042793422e-04
paramR.coef[3][0].elem[803]: -1.007684245611874e+00
auxint: 26
auxint: 5
paramR.coef[0][0].elem[804]: -1.000280601797200e+00
paramR.coef[1][0].elem[804]: -1.906335202952670e-03
paramR.coef[2][0].elem[804]: -8.911935309151044e-04
paramR.coef[3][0].elem[804]: -1.007675613504518e+00
auxint: 26
auxint: 6
paramR.coef[0][0].elem[805]: -1.000281644649875e+00
paramR.coef[1][0].elem[805]: -1.908539001979119e-03
paramR.coef[2][0].elem[805]: -8.901040386736388e-04
paramR.coef[3][0].elem[805]: -1.007667451640384e+00
auxint: 26
auxint: 7
paramR.coef[0][0].elem[806]: -1.000282627453904e+00
paramR.coef[1][0].elem[806]: -1.910450959514081e-03
paramR.coef[2][0].elem[806]: -8.893257304717839e-04
paramR.coef[3][0].elem[806]: -1.007660049381674e+00
auxint: 26
auxint: 8
paramR.coef[0][0].elem[807]: -1.000283518342203e+00
paramR.coef[1][0].elem[807]: -1.912008157865992e-03
paramR.coef[2][0].elem[807]: -8.888471878379598e-04
paramR.coef[3][0].elem[807]: -1.007653662965779e+00
auxint: 26
auxint: 9
paramR.coef[0][0].elem[808]: -1.000284286915804e+00
paramR.coef[1][0].elem[808]: -1.913162390230438e-03
paramR.coef[2][0].elem[808]: -8.886413216256420e-04
paramR.coef[3][0].elem[808]: -1.007648508890838e+00
auxint: 26
auxint: 10
paramR.coef[0][0].elem[809]: -1.000284904758995e+00
paramR.coef[1][0].elem[809]: -1.913880468198617e-03
paramR.coef[2][0].elem[809]: -8.886714133876138e-04
paramR.coef[3][0].elem[809]: -1.007644760239473e+00
auxint: 26
auxint: 11
paramR.coef[0][0].elem[810]: -1.000285346218098e+00
paramR.coef[1][0].elem[810]: -1.914143641363798e-03
paramR.coef[2][0].elem[810]: -8.888982085973031e-04
paramR.coef[3][0].elem[810]: -1.007642544811813e+00
auxint: 26
auxint: 12
paramR.coef[0][0].elem[811]: -1.000285589653879e+00
paramR.coef[1][0].elem[811]: -1.913946784674417e-03
paramR.coef[2][0].elem[811]: -8.892871575583715e-04
paramR.coef[3][0].elem[811]: -1.007641943054789e+00
auxint: 26
auxint: 13
paramR.coef[0][0].elem[812]: -1.000285619209065e+00
paramR.coef[1][0].elem[812]: -1.913297954728367e-03
paramR.coef[2][0].elem[812]: -8.898139097549680e-04
paramR.coef[3][0].elem[812]: -1.007642984724712e+00
auxint: 26
auxint: 14
paramR.coef[0][0].elem[813]: -1.000285426742988e+00
paramR.coef[1][0].elem[813]: -1.912218316535197e-03
paramR.coef[2][0].elem[813]: -8.904668957031634e-04
paramR.coef[3][0].elem[813]: -1.007645645222879e+00
auxint: 26
auxint: 15
paramR.coef[0][0].elem[814]: -1.000285013366862e+00
paramR.coef[1][0].elem[814]: -1.910741983625670e-03
paramR.coef[2][0].elem[814]: -8.912472313017258e-04
paramR.coef[3][0].elem[814]: -1.007649843540821e+00
auxint: 26
auxint: 16
paramR.coef[0][0].elem[815]: -1.000284390217714e+00
paramR.coef[1][0].elem[815]: -1.908915504853913e-03
paramR.coef[2][0].elem[815]: -8.921662925467177e-04
paramR.coef[3][0].elem[815]: -1.007655442847988e+00
auxint: 26
auxint: 17
paramR.coef[0][0].elem[816]: -1.000283578477354e+00
paramR.coef[1][0].elem[816]: -1.906797182861873e-03
paramR.coef[2][0].elem[816]: -8.932404445470160e-04
paramR.coef[3][0].elem[816]: -1.007662253354305e+00
auxint: 26
auxint: 18
paramR.coef[0][0].elem[817]: -1.000282608758168e+00
paramR.coef[1][0].elem[817]: -1.904456400679534e-03
paramR.coef[2][0].elem[817]: -8.944826921105902e-04
paramR.coef[3][0].elem[817]: -1.007670036932004e+00
auxint: 26
auxint: 19
paramR.coef[0][0].elem[818]: -1.000281519852751e+00
paramR.coef[1][0].elem[818]: -1.901972686965381e-03
paramR.coef[2][0].elem[818]: -8.958928990622514e-04
paramR.coef[3][0].elem[818]: -1.007678513756431e+00
auxint: 26
auxint: 20
paramR.coef[0][0].elem[819]: -1.000280356851736e+00
paramR.coef[1][0].elem[819]: -1.899434094551944e-03
paramR.coef[2][0].elem[819]: -8.974495189261138e-04
paramR.coef[3][0].elem[819]: -1.007687371186139e+00
auxint: 26
auxint: 21
paramR.coef[0][0].elem[820]: -1.000279168877756e+00
paramR.coef[1][0].elem[820]: -1.896934887981041e-03
paramR.coef[2][0].elem[820]: -8.991049008929136e-04
paramR.coef[3][0].elem[820]: -1.007696273965074e+00
auxint: 26
auxint: 22
paramR.coef[0][0].elem[821]: -1.000278006798710e+00
paramR.coef[1][0].elem[821]: -1.894572874599289e-03
paramR.coef[2][0].elem[821]: -9.007845696580998e-04
paramR.coef[3][0].elem[821]: -1.007704874469176e+00
auxint: 26
auxint: 23
paramR.coef[0][0].elem[822]: -1.000276921010107e+00
paramR.coef[1][0].elem[822]: -1.892446349027451e-03
paramR.coef[2][0].elem[822]: -9.023905698218523e-04
paramR.coef[3][0].elem[822]: -1.007712823367116e+00
auxint: 26
auxint: 24
paramR.coef[0][0].elem[823]: -1.000275959034224e+00
paramR.coef[1][0].elem[823]: -1.890650004554091e-03
paramR.coef[2][0].elem[823]: -9.038095827209483e-04
paramR.coef[3][0].elem[823]: -1.007719783009014e+00
auxint: 26
auxint: 25
paramR.coef[0][0].elem[824]: -1.000275162775044e+00
paramR.coef[1][0].elem[824]: -1.889269298320770e-03
paramR.coef[2][0].elem[824]: -9.049258724334288e-04
paramR.coef[3][0].elem[824]: -1.007725445298261e+00
auxint: 26
auxint: 26
paramR.coef[0][0].elem[825]: -1.000274565751743e+00
paramR.coef[1][0].elem[825]: -1.888373781671546e-03
paramR.coef[2][0].elem[825]: -9.056368993317236e-04
paramR.coef[3][0].elem[825]: -1.007729552594248e+00
auxint: 26
auxint: 27
paramR.coef[0][0].elem[826]: -1.000274190946719e+00
paramR.coef[1][0].elem[826]: -1.888010834703246e-03
paramR.coef[2][0].elem[826]: -9.058679497534110e-04
paramR.coef[3][0].elem[826]: -1.007731917310347e+00
auxint: 26
auxint: 28
paramR.coef[0][0].elem[827]: -1.000274049709964e+00
paramR.coef[1][0].elem[827]: -1.888201213367218e-03
paramR.coef[2][0].elem[827]: -9.055829016174226e-04
paramR.coef[3][0].elem[827]: -1.007732435875350e+00
auxint: 26
auxint: 29
paramR.coef[0][0].elem[828]: -1.000274141748924e+00
paramR.coef[1][0].elem[828]: -1.888937091631104e-03
paramR.coef[2][0].elem[828]: -9.047899090739558e-04
paramR.coef[3][0].elem[828]: -1.007731094985092e+00
auxint: 26
auxint: 30
paramR.coef[0][0].elem[829]: -1.000274456039230e+00
paramR.coef[1][0].elem[829]: -1.890182683499540e-03
paramR.coef[2][0].elem[829]: -9.035414066607121e-04
paramR.coef[3][0].elem[829]: -1.007727970151246e+00
auxint: 26
auxint: 31
paramR.coef[0][0].elem[830]: -1.000274972513034e+00
paramR.coef[1][0].elem[830]: -1.891877302065933e-03
paramR.coef[2][0].elem[830]: -9.019278590271119e-04
paramR.coef[3][0].elem[830]: -1.007723217403606e+00
auxint: 26
auxint: 32
paramR.coef[0][0].elem[831]: -1.000275664311857e+00
paramR.coef[1][0].elem[831]: -1.893940445147788e-03
paramR.coef[2][0].elem[831]: -9.000658608958759e-04
paramR.coef[3][0].elem[831]: -1.007717059548762e+00
auxint: 27
auxint: 1
paramR.coef[0][0].elem[832]: -1.000275591855590e+00
paramR.coef[1][0].elem[832]: -1.894636440204470e-03
paramR.coef[2][0].elem[832]: -9.051860708273926e-04
paramR.coef[3][0].elem[832]: -1.007713133365053e+00
auxint: 27
auxint: 2
paramR.coef[0][0].elem[833]: -1.000276508826737e+00
paramR.coef[1][0].elem[833]: -1.897086934613907e-03
paramR.coef[2][0].elem[833]: -9.032129855076261e-04
paramR.coef[3][0].elem[833]: -1.007705222432660e+00
auxint: 27
auxint: 3
paramR.coef[0][0].elem[834]: -1.000277501872740e+00
paramR.coef[1][0].elem[834]: -1.899604152139271e-03
paramR.coef[2][0].elem[834]: -9.013556570798413e-04
paramR.coef[3][0].elem[834]: -1.007696811363948e+00
auxint: 27
auxint: 4
paramR.coef[0][0].elem[835]: -1.000278537307526e+00
paramR.coef[1][0].elem[835]: -1.902088523425185e-03
paramR.coef[2][0].elem[835]: -8.997037916173240e-04
paramR.coef[3][0].elem[835]: -1.007688224484813e+00
auxint: 27
auxint: 5
paramR.coef[0][0].elem[836]: -1.000279581819503e+00
paramR.coef[1][0].elem[836]: -1.904446321665961e-03
paramR.coef[2][0].elem[836]: -8.983202542734231e-04
paramR.coef[3][0].elem[836]: -1.007679781725980e+00
auxint: 27
auxint: 6
paramR.coef[0][0].elem[837]: -1.000280602709480e+00
paramR.coef[1][0].elem[837]: -1.906592615652760e-03
paramR.coef[2][0].elem[837]: -8.972397987863623e-04
paramR.coef[3][0].elem[837]: -1.007671788637301e+00
auxint: 27
auxint: 7
paramR.coef[0][0].elem[838]: -1.000281568058430e+00
paramR.coef[1][0].elem[838]: -1.908453781712011e-03
paramR.coef[2][0].elem[838]: -8.964713201837403e-04
paramR.coef[3][0].elem[838]: -1.007664526700367e+00
auxint: 27
auxint: 8
paramR.coef[0][0].elem[839]: -1.000282446931413e+00
paramR.coef[1][0].elem[839]: -1.909969486023569e-03
paramR.coef[2][0].elem[839]: -8.960024111524450e-04
paramR.coef[3][0].elem[839]: -1.007658244796169e+00
auxint: 27
auxint: 9
paramR.coef[0][0].elem[840]: -1.000283209676380e+00
paramR.coef[1][0].elem[840]: -1.911093869591869e-03
paramR.coef[2][0].elem[840]: -8.958048132886812e-04
paramR.coef[3][0].elem[840]: -1.007653153112891e+00
auxint: 27
auxint: 10
paramR.coef[0][0].elem[841]: -1.000283828362291e+00
paramR.coef[1][0].elem[841]: -1.911795676690723e-03
paramR.coef[2][0].elem[841]: -8.958405493279056e-04
paramR.coef[3][0].elem[841]: -1.007649420024192e+00
auxint: 27
auxint: 11
paramR.coef[0][0].elem[842]: -1.000284277490693e+00
paramR.coef[1][0].elem[842]: -1.912057464118326e-03
paramR.coef[2][0].elem[842]: -8.960691313897633e-04
paramR.coef[3][0].elem[842]: -1.007647170867908e+00
auxint: 27
auxint: 12
paramR.coef[0][0].elem[843]: -1.000284535194548e+00
paramR.coef[1][0].elem[843]: -1.911874558015877e-03
paramR.coef[2][0].elem[843]: -8.964550777246086e-04
paramR.coef[3][0].elem[843]: -1.007646486494318e+00
auxint: 27
auxint: 13
paramR.coef[0][0].elem[844]: -1.000284584979712e+00
paramR.coef[1][0].elem[844]: -1.911254466602836e-03
paramR.coef[2][0].elem[844]: -8.969737005966057e-04
paramR.coef[3][0].elem[844]: -1.007647400216954e+00
auxint: 27
auxint: 14
paramR.coef[0][0].elem[845]: -1.000284417688566e+00
paramR.coef[1][0].elem[845]: -1.910216849159515e-03
paramR.coef[2][0].elem[845]: -8.976137469445054e-04
paramR.coef[3][0].elem[845]: -1.007649893892066e+00
auxint: 27
auxint: 15
paramR.coef[0][0].elem[846]: -1.000284033128753e+00
paramR.coef[1][0].elem[846]: -1.908793552714547e-03
paramR.coef[2][0].elem[846]: -8.983771382359556e-04
paramR.coef[3][0].elem[846]: -1.007653895181655e+00
auxint: 27
auxint: 16
paramR.coef[0][0].elem[847]: -1.000283440974038e+00
paramR.coef[1][0].elem[847]: -1.907028326674784e-03
paramR.coef[2][0].elem[847]: -8.992764128209855e-04
paramR.coef[3][0].elem[847]: -1.007659277351169e+00
auxint: 27
auxint: 17
paramR.coef[0][0].elem[848]: -1.000282660902084e+00
paramR.coef[1][0].elem[848]: -1.904976339367214e-03
paramR.coef[2][0].elem[848]: -9.003294556955536e-04
paramR.coef[3][0].elem[848]: -1.007665861395977e+00
auxint: 27
auxint: 18
paramR.coef[0][0].elem[849]: -1.000281722083014e+00
paramR.coef[1][0].elem[849]: -1.902703724883021e-03
paramR.coef[2][0].elem[849]: -9.015510762630081e-04
paramR.coef[3][0].elem[849]: -1.007673419885388e+00
auxint: 27
auxint: 19
paramR.coef[0][0].elem[850]: -1.000280662031468e+00
paramR.coef[1][0].elem[850]: -1.900286930673021e-03
paramR.coef[2][0].elem[850]: -9.029429109918019e-04
paramR.coef[3][0].elem[850]: -1.007681682727705e+00
auxint: 27
auxint: 20
paramR.coef[0][0].elem[851]: -1.000279524814230e+00
paramR.coef[1][0].elem[851]: -1.897811355794930e-03
paramR.coef[2][0].elem[851]: -9.044847692498279e-04
paramR.coef[3][0].elem[851]: -1.007690345319513e+00
auxint: 27
auxint: 21
paramR.coef[0][0].elem[852]: -1.000278358813464e+00
paramR.coef[1][0].elem[852]: -1.895369141447843e-03
paramR.coef[2][0].elem[852]: -9.061297926916760e-04
paramR.coef[3][0].elem[852]: -1.007699078514305e+00
auxint: 27
auxint: 22
paramR.coef[0][0].elem[853]: -1.000277214386681e+00
paramR.coef[1][0].elem[853]: -1.893056431351870e-03
paramR.coef[2][0].elem[853]: -9.078038453769675e-04
paramR.coef[3][0].elem[853]: -1.007707539170104e+00
auxint: 27
auxint: 23
paramR.coef[0][0].elem[854]: -1.000276141561955e+00
paramR.coef[1][0].elem[854]: -1.890970197331428e-03
paramR.coef[2][0].elem[854]: -9.094089657761906e-04
paramR.coef[3][0].elem[854]: -1.007715381279173e+00
auxint: 27
auxint: 24
paramR.coef[0][0].elem[855]: -1.000275187589335e+00
paramR.coef[1][0].elem[855]: -1.889204103427306e-03
paramR.coef[2][0].elem[855]: -9.108314526260672e-04
paramR.coef[3][0].elem[855]: -1.007722269605472e+00
auxint: 27
auxint: 25
paramR.coef[0][0].elem[856]: -1.000274394203948e+00
paramR.coef[1][0].elem[856]: -1.887842890964706e-03
paramR.coef[2][0].elem[856]: -9.119547961227611e-04
paramR.coef[3][0].elem[856]: -1.007727897542698e+00
auxint: 27
auxint: 26
paramR.coef[0][0].elem[857]: -1.000273794878364e+00
paramR.coef[1][0].elem[857]: -1.886955721089952e-03
paramR.coef[2][0].elem[857]: -9.126754429461640e-04
paramR.coef[3][0].elem[857]: -1.007732007959790e+00
auxint: 27
auxint: 27
paramR.coef[0][0].elem[858]: -1.000273412667227e+00
paramR.coef[1][0].elem[858]: -1.886589889365681e-03
paramR.coef[2][0].elem[858]: -9.129176324597893e-04
paramR.coef[3][0].elem[858]: -1.007734412824743e+00
auxint: 27
auxint: 28
paramR.coef[0][0].elem[859]: -1.000273259108575e+00
paramR.coef[1][0].elem[859]: -1.886766361070094e-03
paramR.coef[2][0].elem[859]: -9.126442392636356e-04
paramR.coef[3][0].elem[859]: -1.007735007181781e+00
auxint: 27
auxint: 29
paramR.coef[0][0].elem[860]: -1.000273334241913e+00
paramR.coef[1][0].elem[860]: -1.887477829957028e-03
paramR.coef[2][0].elem[860]: -9.118624529118744e-04
paramR.coef[3][0].elem[860]: -1.007733775312175e+00
auxint: 27
auxint: 30
paramR.coef[0][0].elem[861]: -1.000273627557460e+00
paramR.coef[1][0].elem[861]: -1.888689346360179e-03
paramR.coef[2][0].elem[861]: -9.106238912554288e-04
paramR.coef[3][0].elem[861]: -1.007730789184533e+00
auxint: 27
auxint: 31
paramR.coef[0][0].elem[862]: -1.000274119681327e+00
paramR.coef[1][0].elem[862]: -1.890341331747643e-03
paramR.coef[2][0].elem[862]: -9.090185802908856e-04
paramR.coef[3][0].elem[862]: -1.007726200240536e+00
auxint: 27
auxint: 32
paramR.coef[0][0].elem[863]: -1.000274784572929e+00
paramR.coef[1][0].elem[863]: -1.892354585370182e-03
paramR.coef[2][0].elem[863]: -9.071631819530739e-04
paramR.coef[3][0].elem[863]: -1.007720225952799e+00
auxint: 28
auxint: 1
paramR.coef[0][0].elem[864]: -1.000274885497881e+00
paramR.coef[1][0].elem[864]: -1.892944664989140e-03
paramR.coef[2][0].elem[864]: -9.129812509239758e-04
paramR.coef[3][0].elem[864]: -1.007716260998596e+00
auxint: 28
auxint: 2
paramR.coef[0][0].elem[865]: -1.000275773705897e+00
paramR.coef[1][0].elem[865]: -1.895338824094989e-03
paramR.coef[2][0].elem[865]: -9.110095079936946e-04
paramR.coef[3][0].elem[865]: -1.007708550555802e+00
auxint: 28
auxint: 3
paramR.coef[0][0].elem[866]: -1.000276736680100e+00
paramR.coef[1][0].elem[866]: -1.897793323095055e-03
paramR.coef[2][0].elem[866]: -9.091573473129373e-04
paramR.coef[3][0].elem[866]: -1.007700354031157e+00
auxint: 28
auxint: 4
paramR.coef[0][0].elem[867]: -1.000277741865599e+00
paramR.coef[1][0].elem[867]: -1.900210578687721e-03
paramR.coef[2][0].elem[867]: -9.075153299551185e-04
paramR.coef[3][0].elem[867]: -1.007691988250972e+00
auxint: 28
auxint: 5
paramR.coef[0][0].elem[868]: -1.000278757165953e+00
paramR.coef[1][0].elem[868]: -1.902499257802793e-03
paramR.coef[2][0].elem[868]: -9.061468475883812e-04
paramR.coef[3][0].elem[868]: -1.007683764673355e+00
auxint: 28
auxint: 6
paramR.coef[0][0].elem[869]: -1.000279751122954e+00
paramR.coef[1][0].elem[869]: -1.904577199908864e-03
paramR.coef[2][0].elem[869]: -9.050865730050699e-04
paramR.coef[3][0].elem[869]: -1.007675979677684e+00
auxint: 28
auxint: 7
paramR.coef[0][0].elem[870]: -1.000280693025933e+00
paramR.coef[1][0].elem[870]: -1.906373802074030e-03
paramR.coef[2][0].elem[870]: -9.043425803009813e-04
paramR.coef[3][0].elem[870]: -1.007668905361211e+00
auxint: 28
auxint: 8
paramR.coef[0][0].elem[871]: -1.000281553056550e+00
paramR.coef[1][0].elem[871]: -1.907831805534179e-03
paramR.coef[2][0].elem[871]: -9.039010291537198e-04
paramR.coef[3][0].elem[871]: -1.007662781570499e+00
auxint: 28
auxint: 9
paramR.coef[0][0].elem[872]: -1.000282302518763e+00
paramR.coef[1][0].elem[872]: -1.908908277244227e-03
paramR.coef[2][0].elem[872]: -9.037318423744158e-04
paramR.coef[3][0].elem[872]: -1.007657810355412e+00
auxint: 28
auxint: 10
paramR.coef[0][0].elem[873]: -1.000282914202764e+00
paramR.coef[1][0].elem[873]: -1.909574547643791e-03
paramR.coef[2][0].elem[873]: -9.037949800159622e-04
paramR.coef[3][0].elem[873]: -1.007654153403784e+00
auxint: 28
auxint: 11
paramR.coef[0][0].elem[874]: -1.000283363029258e+00
paramR.coef[1][0].elem[874]: -1.909815205509144e-03
paramR.coef[2][0].elem[874]: -9.040477768950784e-04
paramR.coef[3][0].elem[874]: -1.007651931462394e+00
auxint: 28
auxint: 12
paramR.coef[0][0].elem[875]: -1.000283627193908e+00
paramR.coef[1][0].elem[875]: -1.909626809340045e-03
paramR.coef[2][0].elem[875]: -9.044527470106287e-04
paramR.coef[3][0].elem[875]: -1.007651223541456e+00
auxint: 28
auxint: 13
paramR.coef[0][0].elem[876]: -1.000283689875646e+00
paramR.coef[1][0].elem[876]: -1.909017112414143e-03
paramR.coef[2][0].elem[876]: -9.049837483363506e-04
paramR.coef[3][0].elem[876]: -1.007652064261357e+00
auxint: 28
auxint: 14
paramR.coef[0][0].elem[877]: -1.000283541210031e+00
paramR.coef[1][0].elem[877]: -1.908005013642451e-03
paramR.coef[2][0].elem[877]: -9.056288199652616e-04
paramR.coef[3][0].elem[877]: -1.007654439819216e+00
auxint: 28
auxint: 15
paramR.coef[0][0].elem[878]: -1.000283179986338e+00
paramR.coef[1][0].elem[878]: -1.906620747629725e-03
paramR.coef[2][0].elem[878]: -9.063898500502858e-04
paramR.coef[3][0].elem[878]: -1.007658284677403e+00
auxint: 28
auxint: 16
paramR.coef[0][0].elem[879]: -1.000282614657079e+00
paramR.coef[1][0].elem[879]: -1.904905812116780e-03
paramR.coef[2][0].elem[879]: -9.072798942874544e-04
paramR.coef[3][0].elem[879]: -1.007663480620239e+00
auxint: 28
auxint: 17
paramR.coef[0][0].elem[880]: -1.000281863585158e+00
paramR.coef[1][0].elem[880]: -1.902912672217582e-03
paramR.coef[2][0].elem[880]: -9.083179048259087e-04
paramR.coef[3][0].elem[880]: -1.007669858182899e+00
auxint: 28
auxint: 18
paramR.coef[0][0].elem[881]: -1.000280954625160e+00
paramR.coef[1][0].elem[881]: -1.900704501560582e-03
paramR.coef[2][0].elem[881]: -9.095202876557599e-04
paramR.coef[3][0].elem[881]: -1.007677199788547e+00
auxint: 28
auxint: 19
paramR.coef[0][0].elem[882]: -1.000279924064296e+00
paramR.coef[1][0].elem[882]: -1.898354786076656e-03
paramR.coef[2][0].elem[882]: -9.108905436685027e-04
paramR.coef[3][0].elem[882]: -1.007685244708714e+00
auxint: 28
auxint: 20
paramR.coef[0][0].elem[883]: -1.000278814914128e+00
paramR.coef[1][0].elem[883]: -1.895946224097600e-03
paramR.coef[2][0].elem[883]: -9.124101990905041e-04
paramR.coef[3][0].elem[883]: -1.007693696488791e+00
auxint: 28
auxint: 21
paramR.coef[0][0].elem[884]: -1.000277674713848e+00
paramR.coef[1][0].elem[884]: -1.893568648473446e-03
paramR.coef[2][0].elem[884]: -9.140337164106038e-04
paramR.coef[3][0].elem[884]: -1.007702232627118e+00
auxint: 28
auxint: 22
paramR.coef[0][0].elem[885]: -1.000276553154444e+00
paramR.coef[1][0].elem[885]: -1.891316239919893e-03
paramR.coef[2][0].elem[885]: -9.156879189239842e-04
paramR.coef[3][0].elem[885]: -1.007710515378112e+00
auxint: 28
auxint: 23
paramR.coef[0][0].elem[886]: -1.000275499694427e+00
paramR.coef[1][0].elem[886]: -1.889284235746483e-03
paramR.coef[2][0].elem[886]: -9.172755355532701e-04
paramR.coef[3][0].elem[886]: -1.007718203362227e+00
auxint: 28
auxint: 24
paramR.coef[0][0].elem[887]: -1.000274561061452e+00
paramR.coef[1][0].elem[887]: -1.887564746168781e-03
paramR.coef[2][0].elem[887]: -9.186832339476510e-04
paramR.coef[3][0].elem[887]: -1.007724965474750e+00
auxint: 28
auxint: 25
paramR.coef[0][0].elem[888]: -1.000273778527850e+00
paramR.coef[1][0].elem[888]: -1.886241179548959e-03
paramR.coef[2][0].elem[888]: -9.197944612520622e-04
paramR.coef[3][0].elem[888]: -1.007730498690280e+00
auxint: 28
auxint: 26
paramR.coef[0][0].elem[889]: -1.000273185199468e+00
paramR.coef[1][0].elem[889]: -1.885381630733534e-03
paramR.coef[2][0].elem[889]: -9.205052915401246e-04
paramR.coef[3][0].elem[889]: -1.007734548747093e+00
auxint: 28
auxint: 27
paramR.coef[0][0].elem[890]: -1.000272803875289e+00
paramR.coef[1][0].elem[890]: -1.885032597542784e-03
paramR.coef[2][0].elem[890]: -9.207394815610861e-04
paramR.coef[3][0].elem[890]: -1.007736929693636e+00
auxint: 28
auxint: 28
paramR.coef[0][0].elem[891]: -1.000272645952388e+00
paramR.coef[1][0].elem[891]: -1.885214510479923e-03
paramR.coef[2][0].elem[891]: -9.204594529136853e-04
paramR.coef[3][0].elem[891]: -1.007737537812782e+00
auxint: 28
auxint: 29
paramR.coef[0][0].elem[892]: -1.000272711475199e+00
paramR.coef[1][0].elem[892]: -1.885919821675871e-03
paramR.coef[2][0].elem[892]: -9.196719824121463e-04
paramR.coef[3][0].elem[892]: -1.007736357612659e+00
auxint: 28
auxint: 30
paramR.coef[0][0].elem[893]: -1.000272990139578e+00
paramR.coef[1][0].elem[893]: -1.887113676862057e-03
paramR.coef[2][0].elem[893]: -9.184283750239874e-04
paramR.coef[3][0].elem[893]: -1.007733460031439e+00
auxint: 28
auxint: 31
paramR.coef[0][0].elem[894]: -1.000273463004655e+00
paramR.coef[1][0].elem[894]: -1.888736936692283e-03
paramR.coef[2][0].elem[894]: -9.168186387817028e-04
paramR.coef[3][0].elem[894]: -1.007728994104934e+00
auxint: 28
auxint: 32
paramR.coef[0][0].elem[895]: -1.000274104659193e+00
paramR.coef[1][0].elem[895]: -1.890711147941131e-03
paramR.coef[2][0].elem[895]: -9.149598677650826e-04
paramR.coef[3][0].elem[895]: -1.007723173642189e+00
auxint: 29
auxint: 1
paramR.coef[0][0].elem[896]: -1.000274413730844e+00
paramR.coef[1][0].elem[896]: -1.891267063069370e-03
paramR.coef[2][0].elem[896]: -9.211874382258904e-04
paramR.coef[3][0].elem[896]: -1.007719016898143e+00
auxint: 29
auxint: 2
paramR.coef[0][0].elem[897]: -1.000275274988227e+00
paramR.coef[1][0].elem[897]: -1.893611008852580e-03
paramR.coef[2][0].elem[897]: -9.192131492752023e-04
paramR.coef[3][0].elem[897]: -1.007711493076523e+00
auxint: 29
auxint: 3
paramR.coef[0][0].elem[898]: -1.000276208164464e+00
paramR.coef[1][0].elem[898]: -1.896005253713688e-03
paramR.coef[2][0].elem[898]: -9.173659563772847e-04
paramR.coef[3][0].elem[898]: -1.007703509369064e+00
auxint: 29
auxint: 4
paramR.coef[0][0].elem[899]: -1.000277181865328e+00
paramR.coef[1][0].elem[899]: -1.898354164167340e-03
paramR.coef[2][0].elem[899]: -9.157373158151242e-04
paramR.coef[3][0].elem[899]: -1.007695374829964e+00
auxint: 29
auxint: 5
paramR.coef[0][0].elem[900]: -1.000278165286697e+00
paramR.coef[1][0].elem[900]: -1.900568884814550e-03
paramR.coef[2][0].elem[900]: -9.143911110762391e-04
paramR.coef[3][0].elem[900]: -1.007687391785972e+00
auxint: 29
auxint: 6
paramR.coef[0][0].elem[901]: -1.000279128320693e+00
paramR.coef[1][0].elem[901]: -1.902570214379672e-03
paramR.coef[2][0].elem[901]: -9.133618374617011e-04
paramR.coef[3][0].elem[901]: -1.007679846486715e+00
auxint: 29
auxint: 7
paramR.coef[0][0].elem[902]: -1.000280041595329e+00
paramR.coef[1][0].elem[902]: -1.904290859575230e-03
paramR.coef[2][0].elem[902]: -9.126565375974184e-04
paramR.coef[3][0].elem[902]: -1.007673000448442e+00
auxint: 29
auxint: 8
paramR.coef[0][0].elem[903]: -1.000280876561978e+00
paramR.coef[1][0].elem[903]: -1.905677023564307e-03
paramR.coef[2][0].elem[903]: -9.122595542750013e-04
paramR.coef[3][0].elem[903]: -1.007667083085773e+00
auxint: 29
auxint: 9
paramR.coef[0][0].elem[904]: -1.000281605665335e+00
paramR.coef[1][0].elem[904]: -1.906689175088127e-03
paramR.coef[2][0].elem[904]: -9.121384362871220e-04
paramR.coef[3][0].elem[904]: -1.007662286728022e+00
auxint: 29
auxint: 10
paramR.coef[0][0].elem[905]: -1.000282202637901e+00
paramR.coef[1][0].elem[905]: -1.907301787342752e-03
paramR.coef[2][0].elem[905]: -9.122503929276307e-04
paramR.coef[3][0].elem[905]: -1.007658764607027e+00
auxint: 29
auxint: 11
paramR.coef[0][0].elem[906]: -1.000282643075888e+00
paramR.coef[1][0].elem[906]: -1.907502119493041e-03
paramR.coef[2][0].elem[906]: -9.125497679450099e-04
paramR.coef[3][0].elem[906]: -1.007656630906371e+00
auxint: 29
auxint: 12
paramR.coef[0][0].elem[907]: -1.000282905527008e+00
paramR.coef[1][0].elem[907]: -1.907288680390436e-03
paramR.coef[2][0].elem[907]: -9.129961180319755e-04
paramR.coef[3][0].elem[907]: -1.007655960633008e+00
auxint: 29
auxint: 13
paramR.coef[0][0].elem[908]: -1.000282973160450e+00
paramR.coef[1][0].elem[908]: -1.906670238431594e-03
paramR.coef[2][0].elem[908]: -9.135607992778040e-04
paramR.coef[3][0].elem[908]: -1.007656787432985e+00
auxint: 29
auxint: 14
paramR.coef[0][0].elem[909]: -1.000282835735250e+00
paramR.coef[1][0].elem[909]: -1.905665703633377e-03
paramR.coef[2][0].elem[909]: -9.142301194579828e-04
paramR.coef[3][0].elem[909]: -1.007659099566750e+00
auxint: 29
auxint: 15
paramR.coef[0][0].elem[910]: -1.000282491342851e+00
paramR.coef[1][0].elem[910]: -1.904304426053017e-03
paramR.coef[2][0].elem[910]: -9.150050383524488e-04
paramR.coef[3][0].elem[910]: -1.007662836134213e+00
auxint: 29
auxint: 16
paramR.coef[0][0].elem[911]: -1.000281947504618e+00
paramR.coef[1][0].elem[911]: -1.902626313645168e-03
paramR.coef[2][0].elem[911]: -9.158983853978250e-04
paramR.coef[3][0].elem[911]: -1.007667885460433e+00
auxint: 29
auxint: 17
paramR.coef[0][0].elem[912]: -1.000281221514558e+00
paramR.coef[1][0].elem[912]: -1.900681705863566e-03
paramR.coef[2][0].elem[912]: -9.169295818144710e-04
paramR.coef[3][0].elem[912]: -1.007674085896498e+00
auxint: 29
auxint: 18
paramR.coef[0][0].elem[913]: -1.000280340099142e+00
paramR.coef[1][0].elem[913]: -1.898531270410264e-03
paramR.coef[2][0].elem[913]: -9.181162276703075e-04
paramR.coef[3][0].elem[913]: -1.007681228367763e+00
auxint: 29
auxint: 19
paramR.coef[0][0].elem[914]: -1.000279338428090e+00
paramR.coef[1][0].elem[914]: -1.896245815097636e-03
paramR.coef[2][0].elem[914]: -9.194635668298812e-04
paramR.coef[3][0].elem[914]: -1.007689060666110e+00
auxint: 29
auxint: 20
paramR.coef[0][0].elem[915]: -1.000278258476915e+00
paramR.coef[1][0].elem[915]: -1.893905428530021e-03
paramR.coef[2][0].elem[915]: -9.209550236642705e-04
paramR.coef[3][0].elem[915]: -1.007697294219250e+00
auxint: 29
auxint: 21
paramR.coef[0][0].elem[916]: -1.000277146875824e+00
paramR.coef[1][0].elem[916]: -1.891597551934825e-03
paramR.coef[2][0].elem[916]: -9.225467955518101e-04
paramR.coef[3][0].elem[916]: -1.007705613445065e+00
auxint: 29
auxint: 22
paramR.coef[0][0].elem[917]: -1.000276052517533e+00
paramR.coef[1][0].elem[917]: -1.889414175139954e-03
paramR.coef[2][0].elem[917]: -9.241672327388842e-04
paramR.coef[3][0].elem[917]: -1.007713686738602e+00
auxint: 29
auxint: 23
paramR.coef[0][0].elem[918]: -1.000275024108100e+00
paramR.coef[1][0].elem[918]: -1.887448441096946e-03
paramR.coef[2][0].elem[918]: -9.257204512430002e-04
paramR.coef[3][0].elem[918]: -1.007721178532314e+00
auxint: 29
auxint: 24
paramR.coef[0][0].elem[919]: -1.000274107621053e+00
paramR.coef[1][0].elem[919]: -1.885790417835843e-03
paramR.coef[2][0].elem[919]: -9.270942972978487e-04
paramR.coef[3][0].elem[919]: -1.007727763476908e+00
auxint: 29
auxint: 25
paramR.coef[0][0].elem[920]: -1.000273343587956e+00
paramR.coef[1][0].elem[920]: -1.884521583846152e-03
paramR.coef[2][0].elem[920]: -9.281730250351762e-04
paramR.coef[3][0].elem[920]: -1.007733144151214e+00
auxint: 29
auxint: 26
paramR.coef[0][0].elem[921]: -1.000272764438448e+00
paramR.coef[1][0].elem[921]: -1.883708299904586e-03
paramR.coef[2][0].elem[921]: -9.288531310685245e-04
paramR.coef[3][0].elem[921]: -1.007737071479052e+00
auxint: 29
auxint: 27
paramR.coef[0][0].elem[922]: -1.000272392393872e+00
paramR.coef[1][0].elem[922]: -1.883395557707593e-03
paramR.coef[2][0].elem[922]: -9.290586009772996e-04
paramR.coef[3][0].elem[922]: -1.007739364083736e+00
auxint: 29
auxint: 28
paramR.coef[0][0].elem[923]: -1.000272238384630e+00
paramR.coef[1][0].elem[923]: -1.883602514123501e-03
paramR.coef[2][0].elem[923]: -9.287520736445934e-04
paramR.coef[3][0].elem[923]: -1.007739922085979e+00
auxint: 29
auxint: 29
paramR.coef[0][0].elem[924]: -1.000272302131658e+00
paramR.coef[1][0].elem[924]: -1.884320619220344e-03
paramR.coef[2][0].elem[924]: -9.279405662093515e-04
paramR.coef[3][0].elem[924]: -1.007738732860921e+00
auxint: 29
auxint: 30
paramR.coef[0][0].elem[925]: -1.000272573216126e+00
paramR.coef[1][0].elem[925]: -1.885514362605342e-03
paramR.coef[2][0].elem[925]: -9.266756628776311e-04
paramR.coef[3][0].elem[925]: -1.007735868876389e+00
auxint: 29
auxint: 31
paramR.coef[0][0].elem[926]: -1.000273032844727e+00
paramR.coef[1][0].elem[926]: -1.887124349531378e-03
paramR.coef[2][0].elem[926]: -9.250478341555213e-04
paramR.coef[3][0].elem[926]: -1.007731479058573e+00
auxint: 29
auxint: 32
paramR.coef[0][0].elem[927]: -1.000273656011791e+00
paramR.coef[1][0].elem[927]: -1.889072280011913e-03
paramR.coef[2][0].elem[927]: -9.231749853512251e-04
paramR.coef[3][0].elem[927]: -1.007725775407509e+00
auxint: 30
auxint: 1
paramR.coef[0][0].elem[928]: -1.000274199668766e+00
paramR.coef[1][0].elem[928]: -1.889668155668031e-03
paramR.coef[2][0].elem[928]: -9.295129729154407e-04
paramR.coef[3][0].elem[928]: -1.007721273492929e+00
auxint: 30
auxint: 2
paramR.coef[0][0].elem[929]: -1.000275037082729e+00
paramR.coef[1][0].elem[929]: -1.891970516995702e-03
paramR.coef[2][0].elem[929]: -9.275314695233016e-04
paramR.coef[3][0].elem[929]: -1.007713913348917e+00
auxint: 30
auxint: 3
paramR.coef[0][0].elem[930]: -1.000275942123190e+00
paramR.coef[1][0].elem[930]: -1.894309834445166e-03
paramR.coef[2][0].elem[930]: -9.256882619092542e-04
paramR.coef[3][0].elem[930]: -1.007706130725125e+00
auxint: 30
auxint: 4
paramR.coef[0][0].elem[931]: -1.000276884520248e+00
paramR.coef[1][0].elem[931]: -1.896592284701780e-03
paramR.coef[2][0].elem[931]: -9.240756802048469e-04
paramR.coef[3][0].elem[931]: -1.007698227059969e+00
auxint: 30
auxint: 5
paramR.coef[0][0].elem[932]: -1.000277834775249e+00
paramR.coef[1][0].elem[932]: -1.898731464733587e-03
paramR.coef[2][0].elem[932]: -9.227579837269430e-04
paramR.coef[3][0].elem[932]: -1.007690495329791e+00
auxint: 30
auxint: 6
paramR.coef[0][0].elem[933]: -1.000278764183862e+00
paramR.coef[1][0].elem[933]: -1.900651205947237e-03
paramR.coef[2][0].elem[933]: -9.217693299753888e-04
paramR.coef[3][0].elem[933]: -1.007683211123336e+00
auxint: 30
auxint: 7
paramR.coef[0][0].elem[934]: -1.000279644795365e+00
paramR.coef[1][0].elem[934]: -1.902287689715164e-03
paramR.coef[2][0].elem[934]: -9.211155135662969e-04
paramR.coef[3][0].elem[934]: -1.007676624588579e+00
auxint: 30
auxint: 8
paramR.coef[0][0].elem[935]: -1.000280449442540e+00
paramR.coef[1][0].elem[935]: -1.903590836752291e-03
paramR.coef[2][0].elem[935]: -9.207787372184213e-04
paramR.coef[3][0].elem[935]: -1.007670953697227e+00
auxint: 30
auxint: 9
paramR.coef[0][0].elem[936]: -1.000281151860579e+00
paramR.coef[1][0].elem[936]: -1.904524860524043e-03
paramR.coef[2][0].elem[936]: -9.207237304953800e-04
paramR.coef[3][0].elem[936]: -1.007666379831043e+00
auxint: 30
auxint: 10
paramR.coef[0][0].elem[937]: -1.000281726918960e+00
paramR.coef[1][0].elem[937]: -1.905067805160112e-03
paramR.coef[2][0].elem[937]: -9.209044083530745e-04
paramR.coef[3][0].elem[937]: -1.007663046306795e+00
auxint: 30
auxint: 11
paramR.coef[0][0].elem[938]: -1.000282151128513e+00
paramR.coef[1][0].elem[938]: -1.905210121993458e-03
paramR.coef[2][0].elem[938]: -9.212714806540337e-04
paramR.coef[3][0].elem[938]: -1.007661059020894e+00
auxint: 30
auxint: 12
paramR.coef[0][0].elem[939]: -1.000282403669190e+00
paramR.coef[1][0].elem[939]: -1.904952895989895e-03
paramR.coef[2][0].elem[939]: -9.217807675359810e-04
paramR.coef[3][0].elem[939]: -1.007660486970992e+00
auxint: 30
auxint: 13
paramR.coef[0][0].elem[940]: -1.000282468017091e+00
paramR.coef[1][0].elem[940]: -1.904306628660166e-03
paramR.coef[2][0].elem[940]: -9.224002094093783e-04
paramR.coef[3][0].elem[940]: -1.007661360583577e+00
auxint: 30
auxint: 14
paramR.coef[0][0].elem[941]: -1.000282333896099e+00
paramR.coef[1][0].elem[941]: -1.903291009916839e-03
paramR.coef[2][0].elem[941]: -9.231134218923520e-04
paramR.coef[3][0].elem[941]: -1.007663667806014e+00
auxint: 30
auxint: 15
paramR.coef[0][0].elem[942]: -1.000281999044697e+00
paramR.coef[1][0].elem[942]: -1.901935277019213e-03
paramR.coef[2][0].elem[942]: -9.239195360344299e-04
paramR.coef[3][0].elem[942]: -1.007667349991729e+00
auxint: 30
auxint: 16
paramR.coef[0][0].elem[943]: -1.000281470378604e+00
paramR.coef[1][0].elem[943]: -1.900278491563519e-03
paramR.coef[2][0].elem[943]: -9.248303561852628e-04
paramR.coef[3][0].elem[943]: -1.007672299712144e+00
auxint: 30
auxint: 17
paramR.coef[0][0].elem[944]: -1.000280764411631e+00
paramR.coef[1][0].elem[944]: -1.898369557371327e-03
paramR.coef[2][0].elem[944]: -9.258650713045991e-04
paramR.coef[3][0].elem[944]: -1.007678361025171e+00
auxint: 30
auxint: 18
paramR.coef[0][0].elem[945]: -1.000279906977966e+00
paramR.coef[1][0].elem[945]: -1.896267227937350e-03
paramR.coef[2][0].elem[945]: -9.270419137076962e-04
paramR.coef[3][0].elem[945]: -1.007685331579034e+00
auxint: 30
auxint: 19
paramR.coef[0][0].elem[946]: -1.000278932292180e+00
paramR.coef[1][0].elem[946]: -1.894040065319084e-03
paramR.coef[2][0].elem[946]: -9.283675473037967e-04
paramR.coef[3][0].elem[946]: -1.007692966411964e+00
auxint: 30
auxint: 20
paramR.coef[0][0].elem[947]: -1.000277881364832e+00
paramR.coef[1][0].elem[947]: -1.891765781897967e-03
paramR.coef[2][0].elem[947]: -9.298272724230169e-04
paramR.coef[3][0].elem[947]: -1.007700984178552e+00
auxint: 30
auxint: 21
paramR.coef[0][0].elem[948]: -1.000276799896771e+00
paramR.coef[1][0].elem[948]: -1.889529468067721e-03
paramR.coef[2][0].elem[948]: -9.313792629310606e-04
paramR.coef[3][0].elem[948]: -1.007709076169434e+00
auxint: 30
auxint: 22
paramR.coef[0][0].elem[949]: -1.000275735888427e+00
paramR.coef[1][0].elem[949]: -1.887420801391109e-03
paramR.coef[2][0].elem[949]: -9.329538269379058e-04
paramR.coef[3][0].elem[949]: -1.007716917399718e+00
auxint: 30
auxint: 23
paramR.coef[0][0].elem[950]: -1.000274737144079e+00
paramR.coef[1][0].elem[950]: -1.885530565582357e-03
paramR.coef[2][0].elem[950]: -9.344570608526413e-04
paramR.coef[3][0].elem[950]: -1.007724179061668e+00
auxint: 30
auxint: 24
paramR.coef[0][0].elem[951]: -1.000273848684190e+00
paramR.coef[1][0].elem[951]: -1.883946381425255e-03
paramR.coef[2][0].elem[951]: -9.357787467607811e-04
paramR.coef[3][0].elem[951]: -1.007730542965512e+00
auxint: 30
auxint: 25
paramR.coef[0][0].elem[952]: -1.000273110052226e+00
paramR.coef[1][0].elem[952]: -1.882747266678443e-03
paramR.coef[2][0].elem[952]: -9.368048170511937e-04
paramR.coef[3][0].elem[952]: -1.007735719122092e+00
auxint: 30
auxint: 26
paramR.coef[0][0].elem[953]: -1.000272552717296e+00
paramR.coef[1][0].elem[953]: -1.881997228212566e-03
paramR.coef[2][0].elem[953]: -9.374330731348356e-04
paramR.coef[3][0].elem[953]: -1.007739465793000e+00
auxint: 30
auxint: 27
paramR.coef[0][0].elem[954]: -1.000272198021318e+00
paramR.coef[1][0].elem[954]: -1.881739080665517e-03
paramR.coef[2][0].elem[954]: -9.375885543258814e-04
paramR.coef[3][0].elem[954]: -1.007741608528344e+00
auxint: 30
auxint: 28
paramR.coef[0][0].elem[955]: -1.000272056120857e+00
paramR.coef[1][0].elem[955]: -1.881990003286809e-03
paramR.coef[2][0].elem[955]: -9.372348931165722e-04
paramR.coef[3][0].elem[955]: -1.007742053751171e+00
auxint: 30
auxint: 29
paramR.coef[0][0].elem[956]: -1.000272126101656e+00
paramR.coef[1][0].elem[956]: -1.882739715618304e-03
paramR.coef[2][0].elem[956]: -9.363800938200066e-04
paramR.coef[3][0].elem[956]: -1.007740794222527e+00
auxint: 30
auxint: 30
paramR.coef[0][0].elem[957]: -1.000272397118629e+00
paramR.coef[1][0].elem[957]: -1.883951321760709e-03
paramR.coef[2][0].elem[957]: -9.350766981294468e-04
paramR.coef[3][0].elem[957]: -1.007737906419750e+00
auxint: 30
auxint: 31
paramR.coef[0][0].elem[958]: -1.000272850234628e+00
paramR.coef[1][0].elem[958]: -1.885564482581663e-03
paramR.coef[2][0].elem[958]: -9.334161870076678e-04
paramR.coef[3][0].elem[958]: -1.007733541448261e+00
auxint: 30
auxint: 32
paramR.coef[0][0].elem[959]: -1.000273460603507e+00
paramR.coef[1][0].elem[959]: -1.887500441704108e-03
paramR.coef[2][0].elem[959]: -9.315176882091193e-04
paramR.coef[3][0].elem[959]: -1.007727911440997e+00
auxint: 31
auxint: 1
paramR.coef[0][0].elem[960]: -1.000274255270323e+00
paramR.coef[1][0].elem[960]: -1.888210194301688e-03
paramR.coef[2][0].elem[960]: -9.376635011747927e-04
paramR.coef[3][0].elem[960]: -1.007722919031465e+00
auxint: 31
auxint: 2
paramR.coef[0][0].elem[961]: -1.000275073189552e+00
paramR.coef[1][0].elem[961]: -1.890481925380318e-03
paramR.coef[2][0].elem[961]: -9.356690067090611e-04
paramR.coef[3][0].elem[961]: -1.007715690981899e+00
auxint: 31
auxint: 3
paramR.coef[0][0].elem[962]: -1.000275953167277e+00
paramR.coef[1][0].elem[962]: -1.892774497182970e-03
paramR.coef[2][0].elem[962]: -9.338275172843219e-04
paramR.coef[3][0].elem[962]: -1.007708087530318e+00
auxint: 31
auxint: 4
paramR.coef[0][0].elem[963]: -1.000276865951283e+00
paramR.coef[1][0].elem[963]: -1.894995646954439e-03
paramR.coef[2][0].elem[963]: -9.322321970758723e-04
paramR.coef[3][0].elem[963]: -1.007700403109464e+00
auxint: 31
auxint: 5
paramR.coef[0][0].elem[964]: -1.000277783290428e+00
paramR.coef[1][0].elem[964]: -1.897061276830242e-03
paramR.coef[2][0].elem[964]: -9.309475226713182e-04
paramR.coef[3][0].elem[964]: -1.007692921615268e+00
auxint: 31
auxint: 6
paramR.coef[0][0].elem[965]: -1.000278677873242e+00
paramR.coef[1][0].elem[965]: -1.898898194380756e-03
paramR.coef[2][0].elem[965]: -9.300071099670938e-04
paramR.coef[3][0].elem[965]: -1.007685907936507e+00
auxint: 31
auxint: 7
paramR.coef[0][0].elem[966]: -1.000279523197981e+00
paramR.coef[1][0].elem[966]: -1.900446081208113e-03
paramR.coef[2][0].elem[966]: -9.294152842661109e-04
paramR.coef[3][0].elem[966]: -1.007679600547457e+00
auxint: 31
auxint: 8
paramR.coef[0][0].elem[967]: -1.000280293541862e+00
paramR.coef[1][0].elem[967]: -1.901658682868770e-03
paramR.coef[2][0].elem[967]: -9.291518385235773e-04
paramR.coef[3][0].elem[967]: -1.007674205432197e+00
auxint: 31
auxint: 9
paramR.coef[0][0].elem[968]: -1.000280964036389e+00
paramR.coef[1][0].elem[968]: -1.902504148873985e-03
paramR.coef[2][0].elem[968]: -9.291783419009005e-04
paramR.coef[3][0].elem[968]: -1.007669892237738e+00
auxint: 31
auxint: 10
paramR.coef[0][0].elem[969]: -1.000281510845377e+00
paramR.coef[1][0].elem[969]: -1.902964374516425e-03
paramR.coef[2][0].elem[969]: -9.294450163948446e-04
paramR.coef[3][0].elem[969]: -1.007666793302359e+00
auxint: 31
auxint: 11
paramR.coef[0][0].elem[970]: -1.000281911604754e+00
paramR.coef[1][0].elem[970]: -1.903033387501713e-03
paramR.coef[2][0].elem[970]: -9.298984802761941e-04
paramR.coef[3][0].elem[970]: -1.007665004841263e+00
auxint: 31
auxint: 12
paramR.coef[0][0].elem[971]: -1.000282146386933e+00
paramR.coef[1][0].elem[971]: -1.902715357748582e-03
paramR.coef[2][0].elem[971]: -9.304902489191646e-04
paramR.coef[3][0].elem[971]: -1.007664588074539e+00
auxint: 31
auxint: 13
paramR.coef[0][0].elem[972]: -1.000282199280462e+00
paramR.coef[1][0].elem[972]: -1.902023156075119e-03
paramR.coef[2][0].elem[972]: -9.311841280103241e-04
paramR.coef[3][0].elem[972]: -1.007665568082135e+00
auxint: 31
auxint: 14
paramR.coef[0][0].elem[973]: -1.000282060315345e+00
paramR.coef[1][0].elem[973]: -1.900977984854861e-03
paramR.coef[2][0].elem[973]: -9.319602142946912e-04
paramR.coef[3][0].elem[973]: -1.007667930108421e+00
auxint: 31
auxint: 15
paramR.coef[0][0].elem[974]: -1.000281727234237e+00
paramR.coef[1][0].elem[974]: -1.899609748235634e-03
paramR.coef[2][0].elem[974]: -9.328149712136490e-04
paramR.coef[3][0].elem[974]: -1.007671615247026e+00
auxint: 31
auxint: 16
paramR.coef[0][0].elem[975]: -1.000281206694932e+00
paramR.coef[1][0].elem[975]: -1.897957447615330e-03
paramR.coef[2][0].elem[975]: -9.337583827036767e-04
paramR.coef[3][0].elem[975]: -1.007676517809537e+00
auxint: 31
auxint: 17
paramR.coef[0][0].elem[976]: -1.000280514748143e+00
paramR.coef[1][0].elem[976]: -1.896069312262135e-03
paramR.coef[2][0].elem[976]: -9.348086566900734e-04
paramR.coef[3][0].elem[976]: -1.007682485182511e+00
auxint: 31
auxint: 18
paramR.coef[0][0].elem[977]: -1.000279676605501e+00
paramR.coef[1][0].elem[977]: -1.894002871508611e-03
paramR.coef[2][0].elem[977]: -9.359839877028555e-04
paramR.coef[3][0].elem[977]: -1.007689319640885e+00
auxint: 31
auxint: 19
paramR.coef[0][0].elem[978]: -1.000278725729981e+00
paramR.coef[1][0].elem[978]: -1.891824995624950e-03
paramR.coef[2][0].elem[978]: -9.372919685169352e-04
paramR.coef[3][0].elem[978]: -1.007696781841869e+00
auxint: 31
auxint: 20
paramR.coef[0][0].elem[979]: -1.000277702285909e+00
paramR.coef[1][0].elem[979]: -1.889611387161499e-03
paramR.coef[2][0].elem[979]: -9.387195527034240e-04
paramR.coef[3][0].elem[979]: -1.007704596647836e+00
auxint: 31
auxint: 21
paramR.coef[0][0].elem[980]: -1.000276651073400e+00
paramR.coef[1][0].elem[980]: -1.887444958140661e-03
paramR.coef[2][0].elem[980]: -9.402269310903002e-04
paramR.coef[3][0].elem[980]: -1.007712461827992e+00
auxint: 31
auxint: 22
paramR.coef[0][0].elem[981]: -1.000275619152762e+00
paramR.coef[1][0].elem[981]: -1.885413079484328e-03
paramR.coef[2][0].elem[981]: -9.417466082483407e-04
paramR.coef[3][0].elem[981]: -1.007720059169360e+00
auxint: 31
auxint: 23
paramR.coef[0][0].elem[982]: -1.000274653321363e+00
paramR.coef[1][0].elem[982]: -1.883604036045557e-03
paramR.coef[2][0].elem[982]: -9.431870708502028e-04
paramR.coef[3][0].elem[982]: -1.007727067247855e+00
auxint: 31
auxint: 24
paramR.coef[0][0].elem[983]: -1.000273797492803e+00
paramR.coef[1][0].elem[983]: -1.882102718357937e-03
paramR.coef[2][0].elem[983]: -9.444406405385888e-04
paramR.coef[3][0].elem[983]: -1.007733176108211e+00
auxint: 31
auxint: 25
paramR.coef[0][0].elem[984]: -1.000273090020626e+00
paramR.coef[1][0].elem[984]: -1.880985263119852e-03
paramR.coef[2][0].elem[984]: -9.453957121518869e-04
paramR.coef[3][0].elem[984]: -1.007738104698738e+00
auxint: 31
auxint: 26
paramR.coef[0][0].elem[985]: -1.000272561171579e+00
paramR.coef[1][0].elem[985]: -1.880312796693081e-03
paramR.coef[2][0].elem[985]: -9.459522667172036e-04
paramR.coef[3][0].elem[985]: -1.007741620470609e+00
auxint: 31
auxint: 27
paramR.coef[0][0].elem[986]: -1.000272231144814e+00
paramR.coef[1][0].elem[986]: -1.880125365380711e-03
paramR.coef[2][0].elem[986]: -9.460372674160186e-04
paramR.coef[3][0].elem[986]: -1.007743557972667e+00
auxint: 31
auxint: 28
paramR.coef[0][0].elem[987]: -1.000272109052568e+00
paramR.coef[1][0].elem[987]: -1.880437540005041e-03
paramR.coef[2][0].elem[987]: -9.456161779879861e-04
paramR.coef[3][0].elem[987]: -1.007743832126216e+00
auxint: 31
auxint: 29
paramR.coef[0][0].elem[988]: -1.000272193068254e+00
paramR.coef[1][0].elem[988]: -1.881236647849148e-03
paramR.coef[2][0].elem[988]: -9.446988012484250e-04
paramR.coef[3][0].elem[988]: -1.007742443349206e+00
auxint: 31
auxint: 30
paramR.coef[0][0].elem[989]: -1.000272471634665e+00
paramR.coef[1][0].elem[989]: -1.882483730634451e-03
paramR.coef[2][0].elem[989]: -9.433393849039306e-04
paramR.coef[3][0].elem[989]: -1.007739474415013e+00
auxint: 31
auxint: 31
paramR.coef[0][0].elem[990]: -1.000272925387617e+00
paramR.coef[1][0].elem[990]: -1.884116846273184e-03
paramR.coef[2][0].elem[990]: -9.416310351145884e-04
paramR.coef[3][0].elem[990]: -1.007735080796597e+00
auxint: 31
auxint: 32
paramR.coef[0][0].elem[991]: -1.000273529381732e+00
paramR.coef[1][0].elem[991]: -1.886056176741233e-03
paramR.coef[2][0].elem[991]: -9.396945564857309e-04
paramR.coef[3][0].elem[991]: -1.007729476717053e+00
auxint: 32
auxint: 1
paramR.coef[0][0].elem[992]: -1.000274580420784e+00
paramR.coef[1][0].elem[992]: -1.886950972486288e-03
paramR.coef[2][0].elem[992]: -9.453490966145893e-04
paramR.coef[3][0].elem[992]: -1.007723864693787e+00
auxint: 32
auxint: 2
paramR.coef[0][0].elem[993]: -1.000275384275439e+00
paramR.coef[1][0].elem[993]: -1.889204948276209e-03
paramR.coef[2][0].elem[993]: -9.433346536022344e-04
paramR.coef[3][0].elem[993]: -1.007716729726347e+00
auxint: 32
auxint: 3
paramR.coef[0][0].elem[994]: -1.000276243572922e+00
paramR.coef[1][0].elem[994]: -1.891461538988551e-03
paramR.coef[2][0].elem[994]: -9.414910630840570e-04
paramR.coef[3][0].elem[994]: -1.007709274103797e+00
auxint: 32
auxint: 4
paramR.coef[0][0].elem[995]: -1.000277129906436e+00
paramR.coef[1][0].elem[995]: -1.893629689222926e-03
paramR.coef[2][0].elem[995]: -9.399123025205958e-04
paramR.coef[3][0].elem[995]: -1.007701786287766e+00
auxint: 32
auxint: 5
paramR.coef[0][0].elem[996]: -1.000278016145053e+00
paramR.coef[1][0].elem[996]: -1.895627336081385e-03
paramR.coef[2][0].elem[996]: -9.386629093373944e-04
paramR.coef[3][0].elem[996]: -1.007694541848492e+00
auxint: 32
auxint: 6
paramR.coef[0][0].elem[997]: -1.000278876294536e+00
paramR.coef[1][0].elem[997]: -1.897384071766494e-03
paramR.coef[2][0].elem[997]: -9.377757447427133e-04
paramR.coef[3][0].elem[997]: -1.007687795444691e+00
auxint: 32
auxint: 7
paramR.coef[0][0].elem[998]: -1.000279685272484e+00
paramR.coef[1][0].elem[998]: -1.898842958900766e-03
paramR.coef[2][0].elem[998]: -9.372534518350208e-04
paramR.coef[3][0].elem[998]: -1.007681774082887e+00
auxint: 32
auxint: 8
paramR.coef[0][0].elem[999]: -1.000280418811367e+00
paramR.coef[1][0].elem[999]: -1.899961522710117e-03
paramR.coef[2][0].elem[999]: -9.370731924070694e-04
paramR.coef[3][0].elem[999]: -1.007676671716658e+00
auxint: 32
auxint: 9
paramR.coef[0][0].elem[1000]: -1.000281053495205e+00
paramR.coef[1][0].elem[1000]: -1.900711885209307e-03
paramR.coef[2][0].elem[1000]: -9.371931225165710e-04
paramR.coef[3][0].elem[1000]: -1.007672645950542e+00
auxint: 32
auxint: 10
paramR.coef[0][0].elem[1001]: -1.000281566893707e+00
paramR.coef[1][0].elem[1001]: -1.901079921094611e-03
paramR.coef[2][0].elem[1001]: -9.375594992369693e-04
paramR.coef[3][0].elem[1001]: -1.007669817522413e+00
auxint: 32
auxint: 11
paramR.coef[0][0].elem[1002]: -1.000281937939064e+00
paramR.coef[1][0].elem[1002]: -1.901063472548932e-03
paramR.coef[2][0].elem[1002]: -9.381145665611100e-04
paramR.coef[3][0].elem[1002]: -1.007668271960236e+00
auxint: 32
auxint: 12
paramR.coef[0][0].elem[1003]: -1.000282147824509e+00
paramR.coef[1][0].elem[1003]: -1.900670168508339e-03
paramR.coef[2][0].elem[1003]: -9.388051911815819e-04
paramR.coef[3][0].elem[1003]: -1.007668061253987e+00
auxint: 32
auxint: 13
paramR.coef[0][0].elem[1004]: -1.000282181532531e+00
paramR.coef[1][0].elem[1004]: -1.899915773872878e-03
paramR.coef[2][0].elem[1004]: -9.395905649109432e-04
paramR.coef[3][0].elem[1004]: -1.007669203229044e+00
auxint: 32
auxint: 14
paramR.coef[0][0].elem[1005]: -1.000282029726325e+00
paramR.coef[1][0].elem[1005]: -1.898823660819937e-03
paramR.coef[2][0].elem[1005]: -9.404466422013746e-04
paramR.coef[3][0].elem[1005]: -1.007671678141213e+00
auxint: 32
auxint: 15
paramR.coef[0][0].elem[1006]: -1.000281690507493e+00
paramR.coef[1][0].elem[1006]: -1.897425144652583e-03
paramR.coef[2][0].elem[1006]: -9.413665170457717e-04
paramR.coef[3][0].elem[1006]: -1.007675424306636e+00
auxint: 32
auxint: 16
paramR.coef[0][0].elem[1007]: -1.000281170631733e+00
paramR.coef[1][0].elem[1007]: -1.895759951334396e-03
paramR.coef[2][0].elem[1007]: -9.423576315790113e-04
paramR.coef[3][0].elem[1007]: -1.007680335183954e+00
auxint: 32
auxint: 17
paramR.coef[0][0].elem[1008]: -1.000280486018679e+00
paramR.coef[1][0].elem[1008]: -1.893876424495473e-03
paramR.coef[2][0].elem[1008]: -9.434364808038082e-04
paramR.coef[3][0].elem[1008]: -1.007686258962021e+00
auxint: 32
auxint: 18
paramR.coef[0][0].elem[1009]: -1.000279661547955e+00
paramR.coef[1][0].elem[1009]: -1.891831618271682e-03
paramR.coef[2][0].elem[1009]: -9.446205005894462e-04
paramR.coef[3][0].elem[1009]: -1.007693000238094e+00
auxint: 32
auxint: 19
paramR.coef[0][0].elem[1010]: -1.000278730164073e+00
paramR.coef[1][0].elem[1010]: -1.889691356285351e-03
paramR.coef[2][0].elem[1010]: -9.459175958868564e-04
paramR.coef[3][0].elem[1010]: -1.007700323389162e+00
auxint: 32
auxint: 20
paramR.coef[0][0].elem[1011]: -1.000277731343834e+00
paramR.coef[1][0].elem[1011]: -1.887529813035613e-03
paramR.coef[2][0].elem[1011]: -9.473159709981828e-04
paramR.coef[3][0].elem[1011]: -1.007707958145109e+00
auxint: 32
auxint: 21
paramR.coef[0][0].elem[1012]: -1.000276709062133e+00
paramR.coef[1][0].elem[1012]: -1.885428021241605e-03
paramR.coef[2][0].elem[1012]: -9.487776726394189e-04
paramR.coef[3][0].elem[1012]: -1.007715608016010e+00
auxint: 32
auxint: 22
paramR.coef[0][0].elem[1013]: -1.000275709440067e+00
paramR.coef[1][0].elem[1013]: -1.883471182094307e-03
paramR.coef[2][0].elem[1013]: -9.502374301613633e-04
paramR.coef[3][0].elem[1013]: -1.007722961360359e+00
auxint: 32
auxint: 23
paramR.coef[0][0].elem[1014]: -1.000274778212666e+00
paramR.coef[1][0].elem[1014]: -1.881745079697562e-03
paramR.coef[2][0].elem[1014]: -9.516063077688764e-04
paramR.coef[3][0].elem[1014]: -1.007729704391575e+00
auxint: 32
auxint: 24
paramR.coef[0][0].elem[1015]: -1.000273958086217e+00
paramR.coef[1][0].elem[1015]: -1.880331735636547e-03
paramR.coef[2][0].elem[1015]: -9.527795486338327e-04
paramR.coef[3][0].elem[1015]: -1.007735536065833e+00
auxint: 32
auxint: 25
paramR.coef[0][0].elem[1016]: -1.000273286080184e+00
paramR.coef[1][0].elem[1016]: -1.879304128323741e-03
paramR.coef[2][0].elem[1016]: -9.536486123172516e-04
paramR.coef[3][0].elem[1016]: -1.007740185356740e+00
auxint: 32
auxint: 26
paramR.coef[0][0].elem[1017]: -1.000272791075685e+00
paramR.coef[1][0].elem[1017]: -1.878720109909511e-03
paramR.coef[2][0].elem[1017]: -9.541164223971711e-04
paramR.coef[3][0].elem[1017]: -1.007743430338607e+00
auxint: 32
auxint: 27
paramR.coef[0][0].elem[1018]: -1.000272491921970e+00
paramR.coef[1][0].elem[1018]: -1.878616488179564e-03
paramR.coef[2][0].elem[1018]: -9.541126866785063e-04
paramR.coef[3][0].elem[1018]: -1.007745116222169e+00
auxint: 32
auxint: 28
paramR.coef[0][0].elem[1019]: -1.000272396469887e+00
paramR.coef[1][0].elem[1019]: -1.879004706848107e-03
paramR.coef[2][0].elem[1019]: -9.536055236174155e-04
paramR.coef[3][0].elem[1019]: -1.007745168227569e+00
auxint: 32
auxint: 29
paramR.coef[0][0].elem[1020]: -1.000272501752668e+00
paramR.coef[1][0].elem[1020]: -1.879869139853886e-03
paramR.coef[2][0].elem[1020]: -9.526073553178986e-04
paramR.coef[3][0].elem[1020]: -1.007743596338514e+00
auxint: 32
auxint: 30
paramR.coef[0][0].elem[1021]: -1.000272795253521e+00
paramR.coef[1][0].elem[1021]: -1.881168169331811e-03
paramR.coef[2][0].elem[1021]: -9.511749215266031e-04
paramR.coef[3][0].elem[1021]: -1.007740491623426e+00
auxint: 32
auxint: 31
paramR.coef[0][0].elem[1022]: -1.000273256916564e+00
paramR.coef[1][0].elem[1022]: -1.882837642311254e-03
paramR.coef[2][0].elem[1022]: -9.494036255976772e-04
paramR.coef[3][0].elem[1022]: -1.007736015938689e+00
auxint: 32
auxint: 32
paramR.coef[0][0].elem[1023]: -1.000273861433252e+00
paramR.coef[1][0].elem[1023]: -1.884796094268519e-03
paramR.coef[2][0].elem[1023]: -9.474164535201859e-04
paramR.coef[3][0].elem[1023]: -1.007730387514273e+00
# Omega_loc: 9.945370985803298e-17 -2.227049263811409e-04 -9.999999999999994e-01 1.179605699221234e-03 2.227049263811409e-04 0.000000000000000e+00 -1.580097387590715e-05 -1.000000000000000e+00 9.999999999999994e-01 1.580097387598174e-05 2.486342746450825e-17 2.425735474746897e-03 -1.179605699220837e-03 1.000000000000000e+00 -2.425735474747096e-03 -1.591259357728528e-15
# zcen: -1.000283318055436e+00 -1.896186476865027e-03 -9.251485389495020e-04 -1.007689768573834e+00
# zscale: 6.084877063513262e-05
Copy constructor of matrix
nrows = 4
ncols = 1
Copy constructor of matrix
nrows = 4
ncols = 1
# Continuation step 1 / 1000
# We try to compute the torus for epsilon=0.000000000000000e+00 (limit: 2.430000000000000e+00)
# Iteration 1 : 
Copy constructor of matrix
nrows = 4
ncols = 1
Copy constructor of matrix
nrows = 4
ncols = 1
#     - Size of the grid: 32 32 
#     - Tails of the parameterization: 2.187e-12 2.149e-12 
#     - Error of invariance: 9.926e-12 (max over grid, physical), 6.651e-07 (Fourier l1, local)
Copy constructor of matrix
nrows = 2
ncols = 2
Copy constructor of matrix
nrows = 4
ncols = 4
Copy constructor of matrix
nrows = 4
ncols = 4
Copy constructor of matrix
nrows = 2
ncols = 2
Copy constructor of matrix
nrows = 4
ncols = 4
Copy constructor of matrix
nrows = 4
ncols = 4
#     - Average torsion <T>: [-2.194e-05 -1.762e-04; -1.762e-04 6.382e-05], det -3.246e-08
#     - Norm inverse twist: -1.215e+04
#     - max |Im K| after the step: 1.412e-15 (removed)
#     - Residual of the linearized equation: 1.924e-12 (physical)
#     - Lagrangian defect |L^T Omega L|: 1.641e-04
#     - Frame check |L^T Omega N + I| (should be 0): 6.716e-09
#     - Norm of the correction: 1.133e-10 (physical), 1.863e-06 (local)
# Iteration 2 : 
Copy constructor of matrix
nrows = 4
ncols = 1
Copy constructor of matrix
nrows = 4
ncols = 1
#     - Size of the grid: 32 32 
#     - Tails of the parameterization: 0.000e+00 0.000e+00 
#     - Error of invariance: 1.026e-11 (max over grid, physical), 6.722e-07 (Fourier l1, local)
Copy constructor of matrix
nrows = 2
ncols = 2
Copy constructor of matrix
nrows = 4
ncols = 4
Copy constructor of matrix
nrows = 4
ncols = 4
Copy constructor of matrix
nrows = 2
ncols = 2
Copy constructor of matrix
nrows = 4
ncols = 4
Copy constructor of matrix
nrows = 4
ncols = 4
#     - Average torsion <T>: [-2.194e-05 -1.762e-04; -1.762e-04 6.382e-05], det -3.246e-08
#     - Norm inverse twist: -1.215e+04
#     - max |Im K| after the step: 9.032e-16 (removed)
#     - Residual of the linearized equation: 2.016e-12 (physical)
#     - Lagrangian defect |L^T Omega L|: 1.678e-04
#     - Frame check |L^T Omega N + I| (should be 0): 6.900e-09
#     - Norm of the correction: 1.131e-10 (physical), 1.859e-06 (local)
# Newton stalled; best error 9.926e-12 (physical), accepted (tol-floor 1.000e-11)
0.000000000000000e+00 32 32 -1.214819089459960e+04 8.755977499879160e-01 5.750314091214482e-01 9.925776839232776e-12
# Omega_loc: 0.000000000000000e+00 -2.227049262319652e-04 -9.999999999999998e-01 1.179605700125504e-03 2.227049262318657e-04 0.000000000000000e+00 -1.580097494222900e-05 -1.000000000000001e+00 1.000000000000000e+00 1.580097494225387e-05 0.000000000000000e+00 2.425735480704457e-03 -1.179605700125902e-03 1.000000000000000e+00 -2.425735480704358e-03 0.000000000000000e+00
# zcen: -1.000283318055436e+00 -1.896186476865027e-03 -9.251485389495020e-04 -1.007689768573834e+00
# zscale: 6.084877063524014e-05
# Continuation step 2 / 1000
# We try to compute the torus for epsilon=1.000000000000000e-02 (limit: 2.430000000000000e+00)
# Iteration 1 : 
Copy constructor of matrix
nrows = 4
ncols = 1
Copy constructor of matrix
nrows = 4
ncols = 1
#     - Size of the grid: 32 32 
#     - Tails of the parameterization: 2.356e-12 2.312e-12 
#     - Error of invariance: 1.545e-09 (max over grid, physical), 2.694e-05 (Fourier l1, local)
Copy constructor of matrix
nrows = 2
ncols = 2
Copy constructor of matrix
nrows = 4
ncols = 4
Copy constructor of matrix
nrows = 4
ncols = 4
Copy constructor of matrix
nrows = 2
ncols = 2
Copy constructor of matrix
nrows = 4
ncols = 4
Copy constructor of matrix
nrows = 4
ncols = 4
#     - Average torsion <T>: [-2.170e-05 -1.762e-04; -1.762e-04 6.537e-05], det -3.248e-08
#     - Norm inverse twist: -1.220e+04
#     - max |Im K| after the step: 1.464e-15 (removed)
#     - Residual of the linearized equation: 5.996e-12 (physical)
#     - Lagrangian defect |L^T Omega L|: 1.641e-04
#     - Frame check |L^T Omega N + I| (should be 0): 6.717e-09
#     - Norm of the correction: 2.866e-07 (physical), 4.709e-03 (local)
# Iteration 2 : 
Copy constructor of matrix
nrows = 4
ncols = 1
Copy constructor of matrix
nrows = 4
ncols = 1
#     - Size of the grid: 32 32 
#     - Tails of the parameterization: 0.000e+00 0.000e+00 
#     - Error of invariance: 5.847e-11 (max over grid, physical), 3.548e-06 (Fourier l1, local)
Copy constructor of matrix
nrows = 2
ncols = 2
Copy constructor of matrix
nrows = 4
ncols = 4
Copy constructor of matrix
nrows = 4
ncols = 4
Copy constructor of matrix
nrows = 2
ncols = 2
Copy constructor of matrix
nrows = 4
ncols = 4
Copy constructor of matrix
nrows = 4
ncols = 4
#     - Average torsion <T>: [-2.196e-05 -1.763e-04; -1.763e-04 6.388e-05], det -3.248e-08
#     - Norm inverse twist: -1.215e+04
#     - max |Im K| after the step: 1.120e-15 (removed)
#     - Residual of the linearized equation: 1.680e-12 (physical)
#     - Lagrangian defect |L^T Omega L|: 1.958e-04
#     - Frame check |L^T Omega N + I| (should be 0): 7.779e-09
#     - Norm of the correction: 1.334e-09 (physical), 2.192e-05 (local)
# Iteration 3 : 
Copy constructor of matrix
nrows = 4
ncols = 1
Copy constructor of matrix
nrows = 4
ncols = 1
#     - Size of the grid: 32 32 
#     - Tails of the parameterization: 0.000e+00 0.000e+00 
#     - Error of invariance: 1.101e-11 (max over grid, physical), 7.058e-07 (Fourier l1, local)
Copy constructor of matrix
nrows = 2
ncols = 2
Copy constructor of matrix
nrows = 4
ncols = 4
Copy constructor of matrix
nrows = 4
ncols = 4
Copy constructor of matrix
nrows = 2
ncols = 2
Copy constructor of matrix
nrows = 4
ncols = 4
Copy constructor of matrix
nrows = 4
ncols = 4
#     - Average torsion <T>: [-2.196e-05 -1.763e-04; -1.763e-04 6.388e-05], det -3.248e-08
#     - Norm inverse twist: -1.215e+04
#     - max |Im K| after the step: 1.328e-15 (removed)
#     - Residual of the linearized equation: 1.545e-12 (physical)
#     - Lagrangian defect |L^T Omega L|: 1.760e-04
#     - Frame check |L^T Omega N + I| (should be 0): 7.194e-09
#     - Norm of the correction: 1.189e-10 (physical), 1.954e-06 (local)
# Iteration 4 : 
Copy constructor of matrix
nrows = 4
ncols = 1
Copy constructor of matrix
nrows = 4
ncols = 1
#     - Size of the grid: 32 32 
#     - Tails of the parameterization: 0.000e+00 0.000e+00 
#     - Error of invariance: 1.093e-11 (max over grid, physical), 7.102e-07 (Fourier l1, local)
Copy constructor of matrix
nrows = 2
ncols = 2
Copy constructor of matrix
nrows = 4
ncols = 4
Copy constructor of matrix
nrows = 4
ncols = 4
Copy constructor of matrix
nrows = 2
ncols = 2
Copy constructor of matrix
nrows = 4
ncols = 4
Copy constructor of matrix
nrows = 4
ncols = 4
#     - Average torsion <T>: [-2.196e-05 -1.763e-04; -1.763e-04 6.388e-05], det -3.248e-08
#     - Norm inverse twist: -1.215e+04
#     - max |Im K| after the step: 1.436e-15 (removed)
#     - Residual of the linearized equation: 1.665e-12 (physical)
#     - Lagrangian defect |L^T Omega L|: 1.787e-04
#     - Frame check |L^T Omega N + I| (should be 0): 7.318e-09
#     - Norm of the correction: 1.166e-10 (physical), 1.917e-06 (local)
# Newton stalled above tol-floor; refining the grid to 64 x 64
# Iteration 5 : 
Copy constructor of matrix
nrows = 4
ncols = 1
Copy constructor of matrix
nrows = 4
ncols = 1
#     - Size of the grid: 64 64 
#     - Tails of the parameterization: 0.000e+00 0.000e+00 
#     - Error of invariance: 1.117e-11 (max over grid, physical), 8.935e-07 (Fourier l1, local)
Copy constructor of matrix
nrows = 2
ncols = 2
Copy constructor of matrix
nrows = 4
ncols = 4
Copy constructor of matrix
nrows = 4
ncols = 4
Copy constructor of matrix
nrows = 2
ncols = 2
Copy constructor of matrix
nrows = 4
ncols = 4
Copy constructor of matrix
nrows = 4
ncols = 4
#     - Average torsion <T>: [-2.196e-05 -1.763e-04; -1.763e-04 6.388e-05], det -3.248e-08
#     - Norm inverse twist: -1.215e+04
#     - max |Im K| after the step: 7.988e-15 (removed)
#     - Residual of the linearized equation: 3.596e-12 (physical)
#     - Lagrangian defect |L^T Omega L|: 1.787e-04
#     - Frame check |L^T Omega N + I| (should be 0): 7.320e-09
#     - Norm of the correction: 1.764e-10 (physical), 2.899e-06 (local)
# Iteration 6 : 
Copy constructor of matrix
nrows = 4
ncols = 1
Copy constructor of matrix
nrows = 4
ncols = 1
#     - Size of the grid: 64 64 
#     - Tails of the parameterization: 0.000e+00 0.000e+00 
#     - Error of invariance: 4.245e-13 (max over grid, physical), 3.689e-07 (Fourier l1, local)
#     - No correction is needed!
1.000000000000000e-02 64 64 -1.214647915349885e+04 8.784153029644873e-01 5.772802975980789e-01 4.245087395781290e-13
# Omega_loc: 0.000000000000000e+00 -2.241016716742602e-04 -9.999999999999994e-01 1.187288279304901e-03 2.241016716742602e-04 0.000000000000000e+00 -1.583361287112883e-05 -9.999999999999994e-01 9.999999999999994e-01 1.583361287110412e-05 2.470851171785328e-17 2.441000799587592e-03 -1.187288279304901e-03 9.999999999999994e-01 -2.441000799587790e-03 0.000000000000000e+00
# zcen: -1.000283319456079e+00 -1.896189456612436e-03 -9.251462841367948e-04 -1.007689759974867e+00
# zscale: 6.104097293859399e-05
# Continuation step 3 / 1000
# We try to compute the torus for epsilon=1.666666666666667e-02 (limit: 2.430000000000000e+00)
# Iteration 1 : 
Copy constructor of matrix
nrows = 4
ncols = 1
Copy constructor of matrix
nrows = 4
ncols = 1
#     - Size of the grid: 64 64 
#     - Tails of the parameterization: 7.550e-13 7.530e-13 
#     - Error of invariance: 6.868e-11 (max over grid, physical), 3.802e-06 (Fourier l1, local)
Copy constructor of matrix
nrows = 2
ncols = 2
Copy constructor of matrix
nrows = 4
ncols = 4
Copy constructor of matrix
nrows = 4
ncols = 4
Copy constructor of matrix
nrows = 2
ncols = 2
Copy constructor of matrix
nrows = 4
ncols = 4
Copy constructor of matrix
nrows = 4
ncols = 4
#     - Average torsion <T>: [-2.211e-05 -1.774e-04; -1.774e-04 6.433e-05], det -3.289e-08
#     - Norm inverse twist: -1.207e+04
#     - max |Im K| after the step: 1.809e-14 (removed)
#     - Residual of the linearized equation: 1.672e-11 (physical)
#     - Lagrangian defect |L^T Omega L|: 1.823e-04
#     - Frame check |L^T Omega N + I| (should be 0): 6.704e-09
#     - Norm of the correction: 5.910e-10 (physical), 9.682e-06 (local)
# Iteration 2 : 
Copy constructor of matrix
nrows = 4
ncols = 1
Copy constructor of matrix
nrows = 4
ncols = 1
#     - Size of the grid: 64 64 
#     - Tails of the parameterization: 0.000e+00 0.000e+00 
#     - Error of invariance: 4.380e-13 (max over grid, physical), 3.761e-07 (Fourier l1, local)
#     - No correction is needed!
1.666666666666667e-02 64 64 -1.206983743844240e+04 8.775346626233703e-01 5.769865600020031e-01 4.380134765712572e-13
# Omega_loc: 9.842527692420598e-17 -2.250327298678806e-04 -1.000000000000000e+00 1.192410940409854e-03 2.250327298679298e-04 0.000000000000000e+00 -1.585487596506137e-05 -1.000000000000000e+00 9.999999999999998e-01 1.585487596498754e-05 0.000000000000000e+00 2.451176375244583e-03 -1.192410940410248e-03 1.000000000000000e+00 -2.451176375244485e-03 0.000000000000000e+00
# zcen: -1.000283320389812e+00 -1.896191443019586e-03 -9.251447809351812e-04 -1.007689754242541e+00
# zscale: 6.116876387512679e-05
# Continuation step 4 / 1000
# We try to compute the torus for epsilon=3.000000000000000e-02 (limit: 2.430000000000000e+00)
# Iteration 1 : 
Copy constructor of matrix
nrows = 4
ncols = 1
Copy constructor of matrix
nrows = 4
ncols = 1
#     - Size of the grid: 64 64 
#     - Tails of the parameterization: 1.738e-12 1.687e-12 
#     - Error of invariance: 1.566e-10 (max over grid, physical), 7.860e-06 (Fourier l1, local)
Copy constructor of matrix
nrows = 2
ncols = 2
Copy constructor of matrix
nrows = 4
ncols = 4
Copy constructor of matrix
nrows = 4
ncols = 4
Copy constructor of matrix
nrows = 2
ncols = 2
Copy constructor of matrix
nrows = 4
ncols = 4
Copy constructor of matrix
nrows = 4
ncols = 4
#     - Average torsion <T>: [-2.223e-05 -1.782e-04; -1.782e-04 6.468e-05], det -3.318e-08
#     - Norm inverse twist: -1.202e+04
#     - max |Im K| after the step: 1.106e-13 (removed)
#     - Residual of the linearized equation: 5.672e-11 (physical)
#     - Lagrangian defect |L^T Omega L|: 1.816e-04
#     - Frame check |L^T Omega N + I| (should be 0): 6.005e-09
#     - Norm of the correction: 1.455e-09 (physical), 2.378e-05 (local)
# Iteration 2 : 
Copy constructor of matrix
nrows = 4
ncols = 1
Copy constructor of matrix
nrows = 4
ncols = 1
#     - Size of the grid: 64 64 
#     - Tails of the parameterization: 0.000e+00 0.000e+00 
#     - Error of invariance: 4.265e-13 (max over grid, physical), 3.662e-07 (Fourier l1, local)
#     - No correction is needed!
3.000000000000000e-02 64 64 -1.201789463133405e+04 8.794295777795437e-01 5.787771568160891e-01 4.264663499400605e-13
# Omega_loc: -9.761795752285422e-17 -2.268946772710451e-04 -9.999999999999998e-01 1.202658768220698e-03 2.268946772709963e-04 0.000000000000000e+00 -1.589660971957354e-05 -9.999999999999998e-01 1.000000000000000e+00 1.589660971957354e-05 0.000000000000000e+00 2.471524375534607e-03 -1.202658768220698e-03 9.999999999999996e-01 -2.471524375534510e-03 0.000000000000000e+00
# zcen: -1.000283322257202e+00 -1.896195415596624e-03 -9.251417745569255e-04 -1.007689742778720e+00
# zscale: 6.142352717644627e-05
# Continuation step 5 / 1000
# We try to compute the torus for epsilon=5.666666666666666e-02 (limit: 2.430000000000000e+00)
# Iteration 1 : 
Copy constructor of matrix
nrows = 4
ncols = 1
Copy constructor of matrix
nrows = 4
ncols = 1
#     - Size of the grid: 64 64 
#     - Tails of the parameterization: 1.744e-12 1.713e-12 
#     - Error of invariance: 6.244e-10 (max over grid, physical), 2.954e-05 (Fourier l1, local)
Copy constructor of matrix
nrows = 2
ncols = 2
Copy constructor of matrix
nrows = 4
ncols = 4
Copy constructor of matrix
nrows = 4
ncols = 4
Copy constructor of matrix
nrows = 2
ncols = 2
Copy constructor of matrix
nrows = 4
ncols = 4
Copy constructor of matrix
nrows = 4
ncols = 4
#     - Average torsion <T>: [-2.246e-05 -1.797e-04; -1.797e-04 6.540e-05], det -3.377e-08
#     - Norm inverse twist: -1.192e+04
#     - max |Im K| after the step: 4.595e-13 (removed)
#     - Residual of the linearized equation: 1.772e-10 (physical)
#     - Lagrangian defect |L^T Omega L|: 3.008e-04
#     - Frame check |L^T Omega N + I| (should be 0): 9.920e-09
#     - Norm of the correction: 4.572e-09 (physical), 7.444e-05 (local)
# Iteration 2 : 
Copy constructor of matrix
nrows = 4
ncols = 1
Copy constructor of matrix
nrows = 4
ncols = 1
#     - Size of the grid: 64 64 
#     - Tails of the parameterization: 0.000e+00 0.000e+00 
#     - Error of invariance: 4.405e-13 (max over grid, physical), 3.740e-07 (Fourier l1, local)
#     - No correction is needed!
5.666666666666666e-02 64 64 -1.191601785427913e+04 8.831637771865460e-01 5.823277608424512e-01 4.405447218026882e-13
# Omega_loc: -9.604302527120688e-17 -2.306170078834432e-04 -1.000000000000000e+00 1.223166338188722e-03 2.306170078834432e-04 0.000000000000000e+00 -1.597518275505065e-05 -1.000000000000000e+00 1.000000000000000e+00 1.597518275507466e-05 2.401075631780172e-17 2.512208048360746e-03 -1.223166338188722e-03 1.000000000000000e+00 -2.512208048360649e-03 0.000000000000000e+00
# zcen: -1.000283325991690e+00 -1.896203359830608e-03 -9.251357618796704e-04 -1.007689719854310e+00
# zscale: 6.192982735017808e-05
# Continuation step 6 / 1000
# We try to compute the torus for epsilon=1.100000000000000e-01 (limit: 2.430000000000000e+00)
# Iteration 1 : 
Copy constructor of matrix
nrows = 4
ncols = 1
Copy constructor of matrix
nrows = 4
ncols = 1
#     - Size of the grid: 64 64 
#     - Tails of the parameterization: 1.678e-12 1.701e-12 
#     - Error of invariance: 2.469e-09 (max over grid, physical), 1.143e-04 (Fourier l1, local)
Copy constructor of matrix
nrows = 2
ncols = 2
Copy constructor of matrix
nrows = 4
ncols = 4
Copy constructor of matrix
nrows = 4
ncols = 4
Copy constructor of matrix
nrows = 2
ncols = 2
Copy constructor of matrix
nrows = 4
ncols = 4
Copy constructor of matrix
nrows = 4
ncols = 4
#     - Average torsion <T>: [-2.294e-05 -1.828e-04; -1.828e-04 6.688e-05], det -3.494e-08
#     - Norm inverse twist: -1.172e+04
#     - max |Im K| after the step: 6.947e-15 (removed)
#     - Residual of the linearized equation: 5.168e-12 (physical)
#     - Lagrangian defect |L^T Omega L|: 7.137e-04
#     - Frame check |L^T Omega N + I| (should be 0): 2.278e-08
#     - Norm of the correction: 1.682e-08 (physical), 2.716e-04 (local)
# Iteration 2 : 
Copy constructor of matrix
nrows = 4
ncols = 1
Copy constructor of matrix
nrows = 4
ncols = 1
#     - Size of the grid: 64 64 
#     - Tails of the parameterization: 0.000e+00 0.000e+00 
#     - Error of invariance: 1.142e-12 (max over grid, physical), 3.957e-07 (Fourier l1, local)
Copy constructor of matrix
nrows = 2
ncols = 2
Copy constructor of matrix
nrows = 4
ncols = 4
Copy constructor of matrix
nrows = 4
ncols = 4
Copy constructor of matrix
nrows = 2
ncols = 2
Copy constructor of matrix
nrows = 4
ncols = 4
Copy constructor of matrix
nrows = 4
ncols = 4
#     - Average torsion <T>: [-2.294e-05 -1.828e-04; -1.828e-04 6.680e-05], det -3.496e-08
#     - Norm inverse twist: -1.171e+04
#     - max |Im K| after the step: 4.478e-15 (removed)
#     - Residual of the linearized equation: 2.887e-12 (physical)
#     - Lagrangian defect |L^T Omega L|: 3.801e-05
#     - Frame check |L^T Omega N + I| (should be 0): 1.320e-09
#     - Norm of the correction: 8.020e-11 (physical), 1.295e-06 (local)
# Iteration 3 : 
Copy constructor of matrix
nrows = 4
ncols = 1
Copy constructor of matrix
nrows = 4
ncols = 1
#     - Size of the grid: 64 64 
#     - Tails of the parameterization: 0.000e+00 0.000e+00 
#     - Error of invariance: 4.192e-13 (max over grid, physical), 3.677e-07 (Fourier l1, local)
#     - No correction is needed!
1.100000000000000e-01 64 64 -1.171341689924860e+04 8.904179978135329e-01 5.893109844910130e-01 4.192003587546189e-13
# Omega_loc: -9.304315820874735e-17 -2.380569960500205e-04 -1.000000000000000e+00 1.264227374147286e-03 2.380569960500205e-04 0.000000000000000e+00 -1.611365909386204e-05 -9.999999999999997e-01 1.000000000000000e+00 1.611365909379226e-05 0.000000000000000e+00 2.593526478410653e-03 -1.264227374147286e-03 9.999999999999997e-01 -2.593526478410839e-03 0.000000000000000e+00
# zcen: -1.000283333459502e+00 -1.896219244635766e-03 -9.251237368520088e-04 -1.007689674018331e+00
# zscale: 6.292988628407427e-05
# Continuation step 7 / 1000
# We try to compute the torus for epsilon=1.811111111111111e-01 (limit: 2.430000000000000e+00)
# Iteration 1 : 
Copy constructor of matrix
nrows = 4
ncols = 1
Copy constructor of matrix
nrows = 4
ncols = 1
#     - Size of the grid: 64 64 
#     - Tails of the parameterization: 1.195e-12 1.215e-12 
#     - Error of invariance: 5.006e-09 (max over grid, physical), 2.279e-04 (Fourier l1, local)
Copy constructor of matrix
nrows = 2
ncols = 2
Copy constructor of matrix
nrows = 4
ncols = 4
Copy constructor of matrix
nrows = 4
ncols = 4
Copy constructor of matrix
nrows = 2
ncols = 2
Copy constructor of matrix
nrows = 4
ncols = 4
Copy constructor of matrix
nrows = 4
ncols = 4
#     - Average torsion <T>: [-2.382e-05 -1.888e-04; -1.888e-04 6.959e-05], det -3.732e-08
#     - Norm inverse twist: -1.135e+04
#     - max |Im K| after the step: 5.540e-15 (removed)
#     - Residual of the linearized equation: 1.189e-11 (physical)
#     - Lagrangian defect |L^T Omega L|: 1.272e-03
#     - Frame check |L^T Omega N + I| (should be 0): 4.182e-08
#     - Norm of the correction: 3.354e-08 (physical), 5.330e-04 (local)
# Iteration 2 : 
Copy constructor of matrix
nrows = 4
ncols = 1
Copy constructor of matrix
nrows = 4
ncols = 1
#     - Size of the grid: 64 64 
#     - Tails of the parameterization: 0.000e+00 0.000e+00 
#     - Error of invariance: 4.085e-12 (max over grid, physical), 4.567e-07 (Fourier l1, local)
Copy constructor of matrix
nrows = 2
ncols = 2
Copy constructor of matrix
nrows = 4
ncols = 4
Copy constructor of matrix
nrows = 4
ncols = 4
Copy constructor of matrix
nrows = 2
ncols = 2
Copy constructor of matrix
nrows = 4
ncols = 4
Copy constructor of matrix
nrows = 4
ncols = 4
#     - Average torsion <T>: [-2.382e-05 -1.890e-04; -1.890e-04 6.944e-05], det -3.736e-08
#     - Norm inverse twist: -1.134e+04
#     - max |Im K| after the step: 4.433e-15 (removed)
#     - Residual of the linearized equation: 1.884e-12 (physical)
#     - Lagrangian defect |L^T Omega L|: 4.294e-05
#     - Frame check |L^T Omega N + I| (should be 0): 1.567e-09
#     - Norm of the correction: 9.576e-11 (physical), 1.522e-06 (local)
# Iteration 3 : 
Copy constructor of matrix
nrows = 4
ncols = 1
Copy constructor of matrix
nrows = 4
ncols = 1
#     - Size of the grid: 64 64 
#     - Tails of the parameterization: 0.000e+00 0.000e+00 
#     - Error of invariance: 3.912e-13 (max over grid, physical), 3.547e-07 (Fourier l1, local)
#     - No correction is needed!
1.811111111111111e-01 64 64 -1.133620790589612e+04 8.949640182288743e-01 5.952962151791045e-01 3.911719807889416e-13
# Omega_loc: 0.000000000000000e+00 -2.479659279629699e-04 -9.999999999999997e-01 1.319070932249512e-03 2.479659279628805e-04 0.000000000000000e+00 -1.625894261228286e-05 -9.999999999999997e-01 9.999999999999997e-01 1.625894261221586e-05 0.000000000000000e+00 2.701849426386989e-03 -1.319070932249512e-03 9.999999999999997e-01 -2.701849426387168e-03 0.000000000000000e+00
# zcen: -1.000283343414169e+00 -1.896240416761096e-03 -9.251077041591332e-04 -1.007689612930409e+00
# zscale: 6.423842747220499e-05
# Continuation step 8 / 1000
# We try to compute the torus for epsilon=2.759259259259259e-01 (limit: 2.430000000000000e+00)
# Iteration 1 : 
Copy constructor of matrix
nrows = 4
ncols = 1
Copy constructor of matrix
nrows = 4
ncols = 1
#     - Size of the grid: 64 64 
#     - Tails of the parameterization: 1.184e-12 1.194e-12 
#     - Error of invariance: 8.604e-09 (max over grid, physical), 3.840e-04 (Fourier l1, local)
Copy constructor of matrix
nrows = 2
ncols = 2
Copy constructor of matrix
nrows = 4
ncols = 4
Copy constructor of matrix
nrows = 4
ncols = 4
Copy constructor of matrix
nrows = 2
ncols = 2
Copy constructor of matrix
nrows = 4
ncols = 4
Copy constructor of matrix
nrows = 4
ncols = 4
#     - Average torsion <T>: [-2.501e-05 -1.969e-04; -1.969e-04 7.326e-05], det -4.061e-08
#     - Norm inverse twist: -1.089e+04
#     - max |Im K| after the step: 2.676e-13 (removed)
#     - Residual of the linearized equation: 2.767e-11 (physical)
#     - Lagrangian defect |L^T Omega L|: 2.123e-03
#     - Frame check |L^T Omega N + I| (should be 0): 7.163e-08
#     - Norm of the correction: 6.232e-08 (physical), 9.701e-04 (local)
# Iteration 2 : 
Copy constructor of matrix
nrows = 4
ncols = 1
Copy constructor of matrix
nrows = 4
ncols = 1
#     - Size of the grid: 64 64 
#     - Tails of the parameterization: 0.000e+00 0.000e+00 
#     - Error of invariance: 1.133e-11 (max over grid, physical), 6.490e-07 (Fourier l1, local)
Copy constructor of matrix
nrows = 2
ncols = 2
Copy constructor of matrix
nrows = 4
ncols = 4
Copy constructor of matrix
nrows = 4
ncols = 4
Copy constructor of matrix
nrows = 2
ncols = 2
Copy constructor of matrix
nrows = 4
ncols = 4
Copy constructor of matrix
nrows = 4
ncols = 4
#     - Average torsion <T>: [-2.502e-05 -1.971e-04; -1.971e-04 7.299e-05], det -4.069e-08
#     - Norm inverse twist: -1.087e+04
#     - max |Im K| after the step: 2.002e-13 (removed)
#     - Residual of the linearized equation: 1.966e-12 (physical)
#     - Lagrangian defect |L^T Omega L|: 5.267e-05
#     - Frame check |L^T Omega N + I| (should be 0): 1.966e-09
#     - Norm of the correction: 9.554e-09 (physical), 1.487e-04 (local)
# Iteration 3 : 
Copy constructor of matrix
nrows = 4
ncols = 1
Copy constructor of matrix
nrows = 4
ncols = 1
#     - Size of the grid: 64 64 
#     - Tails of the parameterization: 0.000e+00 0.000e+00 
#     - Error of invariance: 4.359e-13 (max over grid, physical), 3.608e-07 (Fourier l1, local)
#     - No correction is needed!
2.759259259259259e-01 64 64 -1.086902458989139e+04 9.006230058869452e-01 6.030393448766955e-01 4.358922652838949e-13
# Omega_loc: -8.481888108413697e-17 -2.611589285131441e-04 -9.999999999999993e-01 1.392365848371500e-03 2.611589285132289e-04 0.000000000000000e+00 -1.638305818930357e-05 -1.000000000000000e+00 9.999999999999994e-01 1.638305818928237e-05 0.000000000000000e+00 2.846099512160923e-03 -1.392365848371160e-03 1.000000000000000e+00 -2.846099512160838e-03 0.000000000000000e+00
# zcen: -1.000283356682774e+00 -1.896268632768496e-03 -9.250863284202076e-04 -1.007689531527188e+00
# zscale: 6.594162945862372e-05
# Continuation step 9 / 1000
# We try to compute the torus for epsilon=4.023456790123456e-01 (limit: 2.430000000000000e+00)
# Iteration 1 : 
Copy constructor of matrix
nrows = 4
ncols = 1
Copy constructor of matrix
nrows = 4
ncols = 1
#     - Size of the grid: 64 64 
#     - Tails of the parameterization: 1.163e-12 1.180e-12 
#     - Error of invariance: 1.465e-08 (max over grid, physical), 6.386e-04 (Fourier l1, local)
Copy constructor of matrix
nrows = 2
ncols = 2
Copy constructor of matrix
nrows = 4
ncols = 4
Copy constructor of matrix
nrows = 4
ncols = 4
Copy constructor of matrix
nrows = 2
ncols = 2
Copy constructor of matrix
nrows = 4
ncols = 4
Copy constructor of matrix
nrows = 4
ncols = 4
#     - Average torsion <T>: [-2.663e-05 -2.077e-04; -2.077e-04 7.826e-05], det -4.521e-08
#     - Norm inverse twist: -1.033e+04
#     - max |Im K| after the step: 1.188e-14 (removed)
#     - Residual of the linearized equation: 9.105e-11 (physical)
#     - Lagrangian defect |L^T Omega L|: 3.676e-03
#     - Frame check |L^T Omega N + I| (should be 0): 1.285e-07
#     - Norm of the correction: 1.450e-07 (physical), 2.199e-03 (local)
# Iteration 2 : 
Copy constructor of matrix
nrows = 4
ncols = 1
Copy constructor of matrix
nrows = 4
ncols = 1
#     - Size of the grid: 64 64 
#     - Tails of the parameterization: 0.000e+00 0.000e+00 
#     - Error of invariance: 3.215e-11 (max over grid, physical), 1.385e-06 (Fourier l1, local)
Copy constructor of matrix
nrows = 2
ncols = 2
Copy constructor of matrix
nrows = 4
ncols = 4
Copy constructor of matrix
nrows = 4
ncols = 4
Copy constructor of matrix
nrows = 2
ncols = 2
Copy constructor of matrix
nrows = 4
ncols = 4
Copy constructor of matrix
nrows = 4
ncols = 4
#     - Average torsion <T>: [-2.663e-05 -2.081e-04; -2.081e-04 7.782e-05], det -4.536e-08
#     - Norm inverse twist: -1.030e+04
#     - max |Im K| after the step: 9.351e-15 (removed)
#     - Residual of the linearized equation: 1.695e-12 (physical)
#     - Lagrangian defect |L^T Omega L|: 1.731e-04
#     - Frame check |L^T Omega N + I| (should be 0): 7.394e-09
#     - Norm of the correction: 1.401e-09 (physical), 2.125e-05 (local)
# Iteration 3 : 
Copy constructor of matrix
nrows = 4
ncols = 1
Copy constructor of matrix
nrows = 4
ncols = 1
#     - Size of the grid: 64 64 
#     - Tails of the parameterization: 0.000e+00 0.000e+00 
#     - Error of invariance: 6.593e-13 (max over grid, physical), 3.543e-07 (Fourier l1, local)
#     - No correction is needed!
4.023456790123456e-01 64 64 -1.030222296005442e+04 9.079646087480338e-01 6.130474328519728e-01 6.592870891000246e-13
# Omega_loc: -7.948166231688112e-17 -2.787162973678772e-04 -1.000000000000000e+00 1.490394391198131e-03 2.787162973678772e-04 0.000000000000000e+00 -1.642511751410524e-05 -1.000000000000000e+00 1.000000000000000e+00 1.642511751408537e-05 0.000000000000000e+00 3.038111900235520e-03 -1.490394391198131e-03 1.000000000000000e+00 -3.038111900235679e-03 0.000000000000000e+00
# zcen: -1.000283374366641e+00 -1.896306230148696e-03 -9.250578295491253e-04 -1.007689423073634e+00
# zscale: 6.814440799074231e-05
# Continuation step 10 / 1000
# We try to compute the torus for epsilon=5.709053497942386e-01 (limit: 2.430000000000000e+00)
# Iteration 1 : 
Copy constructor of matrix
nrows = 4
ncols = 1
Copy constructor of matrix
nrows = 4
ncols = 1
#     - Size of the grid: 64 64 
#     - Tails of the parameterization: 1.119e-12 1.105e-12 
#     - Error of invariance: 2.470e-08 (max over grid, physical), 1.061e-03 (Fourier l1, local)
Copy constructor of matrix
nrows = 2
ncols = 2
Copy constructor of matrix
nrows = 4
ncols = 4
Copy constructor of matrix
nrows = 4
ncols = 4
Copy constructor of matrix
nrows = 2
ncols = 2
Copy constructor of matrix
nrows = 4
ncols = 4
Copy constructor of matrix
nrows = 4
ncols = 4
#     - Average torsion <T>: [-2.881e-05 -2.220e-04; -2.220e-04 8.513e-05], det -5.174e-08
#     - Norm inverse twist: -9.671e+03
#     - max |Im K| after the step: 4.428e-15 (removed)
#     - Residual of the linearized equation: 2.590e-10 (physical)
#     - Lagrangian defect |L^T Omega L|: 1.005e-02
#     - Frame check |L^T Omega N + I| (should be 0): 3.885e-07
#     - Norm of the correction: 2.422e-07 (physical), 3.555e-03 (local)
# Iteration 2 : 
Copy constructor of matrix
nrows = 4
ncols = 1
Copy constructor of matrix
nrows = 4
ncols = 1
#     - Size of the grid: 64 64 
#     - Tails of the parameterization: 0.000e+00 0.000e+00 
#     - Error of invariance: 7.512e-11 (max over grid, physical), 3.370e-06 (Fourier l1, local)
Copy constructor of matrix
nrows = 2
ncols = 2
Copy constructor of matrix
nrows = 4
ncols = 4
Copy constructor of matrix
nrows = 4
ncols = 4
Copy constructor of matrix
nrows = 2
ncols = 2
Copy constructor of matrix
nrows = 4
ncols = 4
Copy constructor of matrix
nrows = 4
ncols = 4
#     - Average torsion <T>: [-2.883e-05 -2.226e-04; -2.226e-04 8.441e-05], det -5.201e-08
#     - Norm inverse twist: -9.631e+03
#     - max |Im K| after the step: 7.898e-15 (removed)
#     - Residual of the linearized equation: 3.363e-12 (physical)
#     - Lagrangian defect |L^T Omega L|: 4.862e-04
#     - Frame check |L^T Omega N + I| (should be 0): 2.095e-08
#     - Norm of the correction: 1.572e-08 (physical), 2.306e-04 (local)
# Iteration 3 : 
Copy constructor of matrix
nrows = 4
ncols = 1
Copy constructor of matrix
nrows = 4
ncols = 1
#     - Size of the grid: 64 64 
#     - Tails of the parameterization: 0.000e+00 0.000e+00 
#     - Error of invariance: 4.421e-13 (max over grid, physical), 3.372e-07 (Fourier l1, local)
#     - No correction is needed!
5.709053497942386e-01 64 64 -9.631202987756824e+03 9.159221636846093e-01 6.257480234828812e-01 4.420736738283164e-13
# Omega_loc: -1.466920263906071e-16 -3.020675319102012e-04 -1.000000000000000e+00 1.621636708123062e-03 3.020675319102012e-04 0.000000000000000e+00 -1.626120924741173e-05 -1.000000000000001e+00 1.000000000000000e+00 1.626120924733838e-05 0.000000000000000e+00 3.293559020491960e-03 -1.621636708123062e-03 1.000000000000000e+00 -3.293559020491960e-03 0.000000000000000e+00
# zcen: -1.000283397931655e+00 -1.896356317526447e-03 -9.250198347736848e-04 -1.007689278617897e+00
# zscale: 7.097182606412678e-05
# Continuation step 11 / 1000
# We try to compute the torus for epsilon=7.956515775034292e-01 (limit: 2.430000000000000e+00)
# Iteration 1 : 
Copy constructor of matrix
nrows = 4
ncols = 1
Copy constructor of matrix
nrows = 4
ncols = 1
#     - Size of the grid: 64 64 
#     - Tails of the parameterization: 1.104e-12 1.080e-12 
#     - Error of invariance: 4.074e-08 (max over grid, physical), 1.687e-03 (Fourier l1, local)
Copy constructor of matrix
nrows = 2
ncols = 2
Copy constructor of matrix
nrows = 4
ncols = 4
Copy constructor of matrix
nrows = 4
ncols = 4
Copy constructor of matrix
nrows = 2
ncols = 2
Copy constructor of matrix
nrows = 4
ncols = 4
Copy constructor of matrix
nrows = 4
ncols = 4
#     - Average torsion <T>: [-3.182e-05 -2.410e-04; -2.411e-04 9.464e-05], det -6.114e-08
#     - Norm inverse twist: -8.915e+03
#     - max |Im K| after the step: 4.139e-14 (removed)
#     - Residual of the linearized equation: 5.141e-10 (physical)
#     - Lagrangian defect |L^T Omega L|: 1.360e-02
#     - Frame check |L^T Omega N + I| (should be 0): 5.427e-07
#     - Norm of the correction: 2.532e-07 (physical), 3.568e-03 (local)
# Iteration 2 : 
Copy constructor of matrix
nrows = 4
ncols = 1
Copy constructor of matrix
nrows = 4
ncols = 1
#     - Size of the grid: 64 64 
#     - Tails of the parameterization: 0.000e+00 0.000e+00 
#     - Error of invariance: 2.195e-10 (max over grid, physical), 6.242e-06 (Fourier l1, local)
Copy constructor of matrix
nrows = 2
ncols = 2
Copy constructor of matrix
nrows = 4
ncols = 4
Copy constructor of matrix
nrows = 4
ncols = 4
Copy constructor of matrix
nrows = 2
ncols = 2
Copy constructor of matrix
nrows = 4
ncols = 4
Copy constructor of matrix
nrows = 4
ncols = 4
#     - Average torsion <T>: [-3.184e-05 -2.422e-04; -2.422e-04 9.345e-05], det -6.162e-08
#     - Norm inverse twist: -8.860e+03
#     - max |Im K| after the step: 4.687e-14 (removed)
#     - Residual of the linearized equation: 2.287e-12 (physical)
#     - Lagrangian defect |L^T Omega L|: 2.525e-04
#     - Frame check |L^T Omega N + I| (should be 0): 9.638e-09
#     - Norm of the correction: 3.855e-09 (physical), 5.431e-05 (local)
# Iteration 3 : 
Copy constructor of matrix
nrows = 4
ncols = 1
Copy constructor of matrix
nrows = 4
ncols = 1
#     - Size of the grid: 64 64 
#     - Tails of the parameterization: 0.000e+00 0.000e+00 
#     - Error of invariance: 4.309e-13 (max over grid, physical), 3.206e-07 (Fourier l1, local)
#     - No correction is needed!
7.956515775034292e-01 64 64 -8.859937453602519e+03 9.255212767896575e-01 6.418549606465198e-01 4.309366840651880e-13
# Omega_loc: -1.330512348851186e-16 -3.330998332787706e-04 -1.000000000000000e+00 1.797581358435793e-03 3.330998332787041e-04 0.000000000000000e+00 -1.565297886897974e-05 -1.000000000000000e+00 9.999999999999999e-01 1.565297886892984e-05 0.000000000000000e+00 3.633143330613019e-03 -1.797581358436059e-03 1.000000000000000e+00 -3.633143330613285e-03 0.000000000000000e+00
# zcen: -1.000283429327747e+00 -1.896423025339419e-03 -9.249691817161941e-04 -1.007689086274649e+00
# zscale: 7.456942051184363e-05
# Continuation step 12 / 1000
# We try to compute the torus for epsilon=1.095313214449017e+00 (limit: 2.430000000000000e+00)
# Iteration 1 : 
Copy constructor of matrix
nrows = 4
ncols = 1
Copy constructor of matrix
nrows = 4
ncols = 1
#     - Size of the grid: 64 64 
#     - Tails of the parameterization: 9.930e-13 9.917e-13 
#     - Error of invariance: 6.694e-08 (max over grid, physical), 2.621e-03 (Fourier l1, local)
Copy constructor of matrix
nrows = 2
ncols = 2
Copy constructor of matrix
nrows = 4
ncols = 4
Copy constructor of matrix
nrows = 4
ncols = 4
Copy constructor of matrix
nrows = 2
ncols = 2
Copy constructor of matrix
nrows = 4
ncols = 4
Copy constructor of matrix
nrows = 4
ncols = 4
#     - Average torsion <T>: [-3.596e-05 -2.665e-04; -2.666e-04 1.079e-04], det -7.492e-08
#     - Norm inverse twist: -8.075e+03
#     - max |Im K| after the step: 1.379e-14 (removed)
#     - Residual of the linearized equation: 1.130e-09 (physical)
#     - Lagrangian defect |L^T Omega L|: 1.877e-02
#     - Frame check |L^T Omega N + I| (should be 0): 7.932e-07
#     - Norm of the correction: 3.997e-07 (physical), 5.360e-03 (local)
# Iteration 2 : 
Copy constructor of matrix
nrows = 4
ncols = 1
Copy constructor of matrix
nrows = 4
ncols = 1
#     - Size of the grid: 64 64 
#     - Tails of the parameterization: 0.000e+00 0.000e+00 
#     - Error of invariance: 4.830e-10 (max over grid, physical), 1.281e-05 (Fourier l1, local)
Copy constructor of matrix
nrows = 2
ncols = 2
Copy constructor of matrix
nrows = 4
ncols = 4
Copy constructor of matrix
nrows = 4
ncols = 4
Copy constructor of matrix
nrows = 2
ncols = 2
Copy constructor of matrix
nrows = 4
ncols = 4
Copy constructor of matrix
nrows = 4
ncols = 4
#     - Average torsion <T>: [-3.601e-05 -2.683e-04; -2.683e-04 1.060e-04], det -7.580e-08
#     - Norm inverse twist: -8.003e+03
#     - max |Im K| after the step: 2.070e-14 (removed)
#     - Residual of the linearized equation: 2.183e-12 (physical)
#     - Lagrangian defect |L^T Omega L|: 3.500e-04
#     - Frame check |L^T Omega N + I| (should be 0): 1.503e-08
#     - Norm of the correction: 3.138e-09 (physical), 4.208e-05 (local)
# Iteration 3 : 
Copy constructor of matrix
nrows = 4
ncols = 1
Copy constructor of matrix
nrows = 4
ncols = 1
#     - Size of the grid: 64 64 
#     - Tails of the parameterization: 0.000e+00 0.000e+00 
#     - Error of invariance: 4.556e-13 (max over grid, physical), 3.050e-07 (Fourier l1, local)
#     - No correction is needed!
1.095313214449017e+00 64 64 -8.002839144794963e+03 9.366394129422477e-01 6.622730289743272e-01 4.556223461666166e-13
# Omega_loc: -1.184431902225694e-16 -3.742971323766787e-04 -1.000000000000000e+00 2.033873029942521e-03 3.742971323766787e-04 0.000000000000000e+00 -1.415011632946670e-05 -1.000000000000000e+00 1.000000000000000e+00 1.415011632943709e-05 0.000000000000000e+00 4.084127647521550e-03 -2.033873029942521e-03 1.000000000000000e+00 -4.084127647521313e-03 0.000000000000000e+00
# zcen: -1.000283471146943e+00 -1.896511835908817e-03 -9.249016558927087e-04 -1.007688830284410e+00
# zscale: 7.910248166119997e-05
# Continuation step 13 / 1000
# We try to compute the torus for epsilon=1.494862063709800e+00 (limit: 2.430000000000000e+00)
# Iteration 1 : 
Copy constructor of matrix
nrows = 4
ncols = 1
Copy constructor of matrix
nrows = 4
ncols = 1
#     - Size of the grid: 64 64 
#     - Tails of the parameterization: 9.638e-13 9.701e-13 
#     - Error of invariance: 1.075e-07 (max over grid, physical), 3.977e-03 (Fourier l1, local)
Copy constructor of matrix
nrows = 2
ncols = 2
Copy constructor of matrix
nrows = 4
ncols = 4
Copy constructor of matrix
nrows = 4
ncols = 4
Copy constructor of matrix
nrows = 2
ncols = 2
Copy constructor of matrix
nrows = 4
ncols = 4
Copy constructor of matrix
nrows = 4
ncols = 4
#     - Average torsion <T>: [-4.172e-05 -3.003e-04; -3.006e-04 1.265e-04], det -9.555e-08
#     - Norm inverse twist: -7.176e+03
#     - max |Im K| after the step: 5.182e-14 (removed)
#     - Residual of the linearized equation: 2.428e-09 (physical)
#     - Lagrangian defect |L^T Omega L|: 2.544e-02
#     - Frame check |L^T Omega N + I| (should be 0): 1.219e-06
#     - Norm of the correction: 5.588e-07 (physical), 7.065e-03 (local)
# Iteration 2 : 
Copy constructor of matrix
nrows = 4
ncols = 1
Copy constructor of matrix
nrows = 4
ncols = 1
#     - Size of the grid: 64 64 
#     - Tails of the parameterization: 0.000e+00 0.000e+00 
#     - Error of invariance: 1.066e-09 (max over grid, physical), 2.583e-05 (Fourier l1, local)
Copy constructor of matrix
nrows = 2
ncols = 2
Copy constructor of matrix
nrows = 4
ncols = 4
Copy constructor of matrix
nrows = 4
ncols = 4
Copy constructor of matrix
nrows = 2
ncols = 2
Copy constructor of matrix
nrows = 4
ncols = 4
Copy constructor of matrix
nrows = 4
ncols = 4
#     - Average torsion <T>: [-4.182e-05 -3.033e-04; -3.033e-04 1.236e-04], det -9.716e-08
#     - Norm inverse twist: -7.085e+03
#     - max |Im K| after the step: 4.706e-14 (removed)
#     - Residual of the linearized equation: 4.438e-12 (physical)
#     - Lagrangian defect |L^T Omega L|: 4.508e-04
#     - Frame check |L^T Omega N + I| (should be 0): 2.207e-08
#     - Norm of the correction: 4.896e-09 (physical), 6.189e-05 (local)
# Iteration 3 : 
Copy constructor of matrix
nrows = 4
ncols = 1
Copy constructor of matrix
nrows = 4
ncols = 1
#     - Size of the grid: 64 64 
#     - Tails of the parameterization: 0.000e+00 0.000e+00 
#     - Error of invariance: 3.927e-13 (max over grid, physical), 2.961e-07 (Fourier l1, local)
#     - No correction is needed!
1.494862063709800e+00 64 64 -7.085278553539079e+03 9.491439507909286e-01 6.880477083211243e-01 3.927349870986548e-13
# Omega_loc: -1.034113878134636e-16 -4.289161297459719e-04 -1.000000000000000e+00 2.351949698188830e-03 4.289161297459202e-04 0.000000000000000e+00 -1.092109975718913e-05 -1.000000000000000e+00 1.000000000000000e+00 1.092109975716328e-05 2.585284695336591e-17 4.682256361350676e-03 -2.351949698188417e-03 1.000000000000000e+00 -4.682256361350572e-03 0.000000000000000e+00
# zcen: -1.000283526831223e+00 -1.896630014694747e-03 -9.248116417960894e-04 -1.007688489790076e+00
# zscale: 8.475416629769989e-05
# Continuation step 14 / 1000
# We try to compute the torus for epsilon=2.027593862724178e+00 (limit: 2.430000000000000e+00)
# Iteration 1 : 
Copy constructor of matrix
nrows = 4
ncols = 1
Copy constructor of matrix
nrows = 4
ncols = 1
#     - Size of the grid: 64 64 
#     - Tails of the parameterization: 8.951e-13 9.117e-13 
#     - Error of invariance: 1.697e-07 (max over grid, physical), 5.905e-03 (Fourier l1, local)
Copy constructor of matrix
nrows = 2
ncols = 2
Copy constructor of matrix
nrows = 4
ncols = 4
Copy constructor of matrix
nrows = 4
ncols = 4
Copy constructor of matrix
nrows = 2
ncols = 2
Copy constructor of matrix
nrows = 4
ncols = 4
Copy constructor of matrix
nrows = 4
ncols = 4
#     - Average torsion <T>: [-4.984e-05 -3.455e-04; -3.458e-04 1.530e-04], det -1.271e-07
#     - Norm inverse twist: -6.250e+03
#     - max |Im K| after the step: 7.697e-14 (removed)
#     - Residual of the linearized equation: 5.303e-09 (physical)
#     - Lagrangian defect |L^T Omega L|: 4.036e-02
#     - Frame check |L^T Omega N + I| (should be 0): 2.202e-06
#     - Norm of the correction: 8.261e-07 (physical), 9.746e-03 (local)
# Iteration 2 : 
Copy constructor of matrix
nrows = 4
ncols = 1
Copy constructor of matrix
nrows = 4
ncols = 1
#     - Size of the grid: 64 64 
#     - Tails of the parameterization: 0.000e+00 0.000e+00 
#     - Error of invariance: 2.257e-09 (max over grid, physical), 5.230e-05 (Fourier l1, local)
Copy constructor of matrix
nrows = 2
ncols = 2
Copy constructor of matrix
nrows = 4
ncols = 4
Copy constructor of matrix
nrows = 4
ncols = 4
Copy constructor of matrix
nrows = 2
ncols = 2
Copy constructor of matrix
nrows = 4
ncols = 4
Copy constructor of matrix
nrows = 4
ncols = 4
#     - Average torsion <T>: [-5.006e-05 -3.503e-04; -3.503e-04 1.488e-04], det -1.301e-07
#     - Norm inverse twist: -6.142e+03
#     - max |Im K| after the step: 1.745e-14 (removed)
#     - Residual of the linearized equation: 2.653e-12 (physical)
#     - Lagrangian defect |L^T Omega L|: 9.249e-04
#     - Frame check |L^T Omega N + I| (should be 0): 5.086e-08
#     - Norm of the correction: 1.029e-08 (physical), 1.215e-04 (local)
# Iteration 3 : 
Copy constructor of matrix
nrows = 4
ncols = 1
Copy constructor of matrix
nrows = 4
ncols = 1
#     - Size of the grid: 64 64 
#     - Tails of the parameterization: 0.000e+00 0.000e+00 
#     - Error of invariance: 6.009e-13 (max over grid, physical), 2.786e-07 (Fourier l1, local)
#     - No correction is needed!
2.027593862724178e+00 64 64 -6.141560255097174e+03 9.630564207346546e-01 7.206221794640810e-01 6.009396617958854e-13
# Omega_loc: 8.856616418311303e-17 -5.012052967934205e-04 -1.000000000000000e+00 2.781422850756226e-03 5.012052967935090e-04 0.000000000000000e+00 -4.451272918317887e-06 -9.999999999999998e-01 1.000000000000000e+00 4.451272918317887e-06 0.000000000000000e+00 5.474119210919247e-03 -2.781422850756226e-03 9.999999999999998e-01 -5.474119210919158e-03 0.000000000000000e+00
# zcen: -1.000283600945627e+00 -1.896787172172906e-03 -9.246916581102994e-04 -1.007688037252325e+00
# zscale: 9.172291993193361e-05
# Reached maximum epsilon = 2.737902928076681e+00 (limit: 2.430000000000000e+00)
# Terminating continuation.
