#toltail: 9.999999999999999e-12
#tolinva: 1.000000000000000e-12
#tolinte: 1.000000000000000e-17
#omega[0]: 3.539333378589172e-01
#omega[1]: 1.942552027065197e-01
#epsilon: 0.000000000000000e+00
#lambda[0]: -1.500017464083440e+00
#lambda[1]: 1.901109735892602e-07
lambda[0] should be H0
lambda[1] should be mu
#nn[0]: 32
#nn[1]: 32
#deps: -5.000000000000000e-03
#auxint: 1
auxint: 1
auxint: 1
paramR.coef[0][0].elem[0]: -1.000281016772598e+00
paramR.coef[1][0].elem[0]: -1.893064315843103e-03
paramR.coef[2][0].elem[0]: -9.326440030398922e-04
paramR.coef[3][0].elem[0]: -1.007699779141969e+00
auxint: 1
auxint: 2
paramR.coef[0][0].elem[1]: -1.000281255458558e+00
paramR.coef[1][0].elem[1]: -1.893697231944256e-03
paramR.coef[2][0].elem[1]: -9.321616554785929e-04
paramR.coef[3][0].elem[1]: -1.007697755158925e+00
auxint: 1
auxint: 3
paramR.coef[0][0].elem[2]: -1.000281509415386e+00
paramR.coef[1][0].elem[2]: -1.894332171044177e-03
paramR.coef[2][0].elem[2]: -9.317052838646580e-04
paramR.coef[3][0].elem[2]: -1.007695652419425e+00
auxint: 1
auxint: 4
paramR.coef[0][0].elem[3]: -1.000281769144017e+00
paramR.coef[1][0].elem[3]: -1.894944386264107e-03
paramR.coef[2][0].elem[3]: -9.312942243430209e-04
paramR.coef[3][0].elem[3]: -1.007693551976615e+00
auxint: 1
auxint: 5
paramR.coef[0][0].elem[4]: -1.000282025058171e+00
paramR.coef[1][0].elem[4]: -1.895510374254799e-03
paramR.coef[2][0].elem[4]: -9.309447509307983e-04
paramR.coef[3][0].elem[4]: -1.007691533878675e+00
auxint: 1
auxint: 6
paramR.coef[0][0].elem[5]: -1.000282267790279e+00
paramR.coef[1][0].elem[5]: -1.896008768324087e-03
paramR.coef[2][0].elem[5]: -9.306694001113995e-04
paramR.coef[3][0].elem[5]: -1.007689674211563e+00
auxint: 1
auxint: 7
paramR.coef[0][0].elem[6]: -1.000282488478689e+00
paramR.coef[1][0].elem[6]: -1.896421098947032e-03
paramR.coef[2][0].elem[6]: -9.304766357907734e-04
paramR.coef[3][0].elem[6]: -1.007688042404388e+00
auxint: 1
auxint: 8
paramR.coef[0][0].elem[7]: -1.000282679036481e+00
paramR.coef[1][0].elem[7]: -1.896732401828211e-03
paramR.coef[2][0].elem[7]: -9.303708417481510e-04
paramR.coef[3][0].elem[7]: -1.007686698866247e+00
auxint: 1
auxint: 9
paramR.coef[0][0].elem[8]: -1.000282832402463e+00
paramR.coef[1][0].elem[8]: -1.896931664201209e-03
paramR.coef[2][0].elem[8]: -9.303525956323940e-04
paramR.coef[3][0].elem[8]: -1.007685693002668e+00
auxint: 1
auxint: 10
paramR.coef[0][0].elem[9]: -1.000282942773748e+00
paramR.coef[1][0].elem[9]: -1.897012109703386e-03
paramR.coef[2][0].elem[9]: -9.304191530932287e-04
paramR.coef[3][0].elem[9]: -1.007685061641180e+00
auxint: 1
auxint: 11
paramR.coef[0][0].elem[10]: -1.000283005816727e+00
paramR.coef[1][0].elem[10]: -1.896971329967166e-03
paramR.coef[2][0].elem[10]: -9.305650547231937e-04
paramR.coef[3][0].elem[10]: -1.007684827881103e+00
auxint: 1
auxint: 12
paramR.coef[0][0].elem[11]: -1.000283018849755e+00
paramR.coef[1][0].elem[11]: -1.896811276152783e-03
paramR.coef[2][0].elem[11]: -9.307827636493474e-04
paramR.coef[3][0].elem[11]: -1.007685000374038e+00
auxint: 1
auxint: 13
paramR.coef[0][0].elem[12]: -1.000282980987474e+00
paramR.coef[1][0].elem[12]: -1.896538125647456e-03
paramR.coef[2][0].elem[12]: -9.310632484891197e-04
paramR.coef[3][0].elem[12]: -1.007685573038414e+00
auxint: 1
auxint: 14
paramR.coef[0][0].elem[13]: -1.000282893234351e+00
paramR.coef[1][0].elem[13]: -1.896162038221853e-03
paramR.coef[2][0].elem[13]: -9.313964444868976e-04
paramR.coef[3][0].elem[13]: -1.007686525212289e+00
auxint: 1
auxint: 15
paramR.coef[0][0].elem[14]: -1.000282758514376e+00
paramR.coef[1][0].elem[14]: -1.895696812740992e-03
paramR.coef[2][0].elem[14]: -9.317715533024176e-04
paramR.coef[3][0].elem[14]: -1.007687822250691e+00
auxint: 1
auxint: 16
paramR.coef[0][0].elem[15]: -1.000282581625273e+00
paramR.coef[1][0].elem[15]: -1.895159451362422e-03
paramR.coef[2][0].elem[15]: -9.321771760010848e-04
paramR.coef[3][0].elem[15]: -1.007689416573688e+00
auxint: 1
auxint: 17
paramR.coef[0][0].elem[16]: -1.000282369109173e+00
paramR.coef[1][0].elem[16]: -1.894569634661283e-03
paramR.coef[2][0].elem[16]: -9.326013095339577e-04
paramR.coef[3][0].elem[16]: -1.007691249165682e+00
auxint: 1
auxint: 18
paramR.coef[0][0].elem[17]: -1.000282129037168e+00
paramR.coef[1][0].elem[17]: -1.893949109605188e-03
paramR.coef[2][0].elem[17]: -9.330312684849968e-04
paramR.coef[3][0].elem[17]: -1.007693251513961e+00
auxint: 1
auxint: 19
paramR.coef[0][0].elem[18]: -1.000281870711738e+00
paramR.coef[1][0].elem[18]: -1.893320993258642e-03
paramR.coef[2][0].elem[18]: -9.334536152311855e-04
paramR.coef[3][0].elem[18]: -1.007695347956506e+00
auxint: 1
auxint: 20
paramR.coef[0][0].elem[19]: -1.000281604297513e+00
paramR.coef[1][0].elem[19]: -1.892708998457047e-03
paramR.coef[2][0].elem[19]: -9.338541882718390e-04
paramR.coef[3][0].elem[19]: -1.007697458388208e+00
auxint: 1
auxint: 21
paramR.coef[0][0].elem[20]: -1.000281340396567e+00
paramR.coef[1][0].elem[20]: -1.892136593343097e-03
paramR.coef[2][0].elem[20]: -9.342183077988479e-04
paramR.coef[3][0].elem[20]: -1.007699501252277e+00
auxint: 1
auxint: 22
paramR.coef[0][0].elem[21]: -1.000281089589015e+00
paramR.coef[1][0].elem[21]: -1.891626114500611e-03
paramR.coef[2][0].elem[21]: -9.345312098474398e-04
paramR.coef[3][0].elem[21]: -1.007701396720255e+00
auxint: 1
auxint: 23
paramR.coef[0][0].elem[22]: -1.000280861963196e+00
paramR.coef[1][0].elem[22]: -1.891197862932410e-03
paramR.coef[2][0].elem[22]: -9.347787191552069e-04
paramR.coef[3][0].elem[22]: -1.007703069939985e+00
auxint: 1
auxint: 24
paramR.coef[0][0].elem[23]: -1.000280666661735e+00
paramR.coef[1][0].elem[23]: -1.890869222118963e-03
paramR.coef[2][0].elem[23]: -9.349481228994553e-04
paramR.coef[3][0].elem[23]: -1.007704454208156e+00
auxint: 1
auxint: 25
paramR.coef[0][0].elem[24]: -1.000280511470097e+00
paramR.coef[1][0].elem[24]: -1.890653846179816e-03
paramR.coef[2][0].elem[24]: -9.350291614639219e-04
paramR.coef[3][0].elem[24]: -1.007705493905852e+00
auxint: 1
auxint: 26
paramR.coef[0][0].elem[25]: -1.000280402472499e+00
paramR.coef[1][0].elem[25]: -1.890560971777367e-03
paramR.coef[2][0].elem[25]: -9.350150171340606e-04
paramR.coef[3][0].elem[25]: -1.007706147026450e+00
auxint: 1
auxint: 27
paramR.coef[0][0].elem[26]: -1.000280343796097e+00
paramR.coef[1][0].elem[26]: -1.890594907700784e-03
paramR.coef[2][0].elem[26]: -9.349031644714579e-04
paramR.coef[3][0].elem[26]: -1.007706387131009e+00
auxint: 1
auxint: 28
paramR.coef[0][0].elem[27]: -1.000280337458157e+00
paramR.coef[1][0].elem[27]: -1.890754749169516e-03
paramR.coef[2][0].elem[27]: -9.346959515875782e-04
paramR.coef[3][0].elem[27]: -1.007706204592051e+00
auxint: 1
auxint: 29
paramR.coef[0][0].elem[28]: -1.000280383322682e+00
paramR.coef[1][0].elem[28]: -1.891034349274031e-03
paramR.coef[2][0].elem[28]: -9.344008100551102e-04
paramR.coef[3][0].elem[28]: -1.007705607033223e+00
auxint: 1
auxint: 30
paramR.coef[0][0].elem[29]: -1.000280479163606e+00
paramR.coef[1][0].elem[29]: -1.891422559328046e-03
paramR.coef[2][0].elem[29]: -9.340300383074262e-04
paramR.coef[3][0].elem[29]: -1.007704618934138e+00
auxint: 1
auxint: 31
paramR.coef[0][0].elem[30]: -1.000280620823014e+00
paramR.coef[1][0].elem[30]: -1.891903726813592e-03
paramR.coef[2][0].elem[30]: -9.336001604051486e-04
paramR.coef[3][0].elem[30]: -1.007703280435653e+00
auxint: 1
auxint: 32
paramR.coef[0][0].elem[31]: -1.000280802446293e+00
paramR.coef[1][0].elem[31]: -1.892458418051743e-03
paramR.coef[2][0].elem[31]: -9.331309184435652e-04
paramR.coef[3][0].elem[31]: -1.007701645439758e+00
auxint: 2
auxint: 1
paramR.coef[0][0].elem[32]: -1.000281183888882e+00
paramR.coef[1][0].elem[32]: -1.892790127883084e-03
paramR.coef[2][0].elem[32]: -9.342796502981077e-04
paramR.coef[3][0].elem[32]: -1.007699910848986e+00
auxint: 2
auxint: 2
paramR.coef[0][0].elem[33]: -1.000281422593644e+00
paramR.coef[1][0].elem[33]: -1.893423916557523e-03
paramR.coef[2][0].elem[33]: -9.337946281567254e-04
paramR.coef[3][0].elem[33]: -1.007697886237418e+00
auxint: 2
auxint: 3
paramR.coef[0][0].elem[34]: -1.000281676063586e+00
paramR.coef[1][0].elem[34]: -1.894058447819862e-03
paramR.coef[2][0].elem[34]: -9.333369900200314e-04
paramR.coef[3][0].elem[34]: -1.007695786853584e+00
auxint: 2
auxint: 4
paramR.coef[0][0].elem[35]: -1.000281934818527e+00
paramR.coef[1][0].elem[35]: -1.894668990286290e-03
paramR.coef[2][0].elem[35]: -9.329261290189822e-04
paramR.coef[3][0].elem[35]: -1.007693693609710e+00
auxint: 2
auxint: 5
paramR.coef[0][0].elem[36]: -1.000282189309928e+00
paramR.coef[1][0].elem[36]: -1.895232106471752e-03
paramR.coef[2][0].elem[36]: -9.325783174928660e-04
paramR.coef[3][0].elem[36]: -1.007691686262072e+00
auxint: 2
auxint: 6
paramR.coef[0][0].elem[37]: -1.000282430225329e+00
paramR.coef[1][0].elem[37]: -1.895726543267226e-03
paramR.coef[2][0].elem[37]: -9.323060306691465e-04
paramR.coef[3][0].elem[37]: -1.007689840466984e+00
auxint: 2
auxint: 7
paramR.coef[0][0].elem[38]: -1.000282648773400e+00
paramR.coef[1][0].elem[38]: -1.896133987658705e-03
paramR.coef[2][0].elem[38]: -9.321176134949010e-04
paramR.coef[3][0].elem[38]: -1.007688225104972e+00
auxint: 2
auxint: 8
paramR.coef[0][0].elem[39]: -1.000282836949989e+00
paramR.coef[1][0].elem[39]: -1.896439668119751e-03
paramR.coef[2][0].elem[39]: -9.320172778414915e-04
paramR.coef[3][0].elem[39]: -1.007686899940848e+00
auxint: 2
auxint: 9
paramR.coef[0][0].elem[40]: -1.000282987785882e+00
paramR.coef[1][0].elem[40]: -1.896632792733185e-03
paramR.coef[2][0].elem[40]: -9.320053839457536e-04
paramR.coef[3][0].elem[40]: -1.007685913666645e+00
auxint: 2
auxint: 10
paramR.coef[0][0].elem[41]: -1.000283095575761e+00
paramR.coef[1][0].elem[41]: -1.896706824786224e-03
paramR.coef[2][0].elem[41]: -9.320789341563247e-04
paramR.coef[3][0].elem[41]: -1.007685302355854e+00
auxint: 2
auxint: 11
paramR.coef[0][0].elem[42]: -1.000283156085315e+00
paramR.coef[1][0].elem[42]: -1.896659604460584e-03
paramR.coef[2][0].elem[42]: -9.322321909994088e-04
paramR.coef[3][0].elem[42]: -1.007685088342812e+00
auxint: 2
auxint: 12
paramR.coef[0][0].elem[43]: -1.000283166730062e+00
paramR.coef[1][0].elem[43]: -1.896493330408459e-03
paramR.coef[2][0].elem[43]: -9.324573268132231e-04
paramR.coef[3][0].elem[43]: -1.007685279532066e+00
auxint: 2
auxint: 13
paramR.coef[0][0].elem[44]: -1.000283126715998e+00
paramR.coef[1][0].elem[44]: -1.896214416957318e-03
paramR.coef[2][0].elem[44]: -9.327450191152743e-04
paramR.coef[3][0].elem[44]: -1.007685869139773e+00
auxint: 2
auxint: 14
paramR.coef[0][0].elem[45]: -1.000283037129714e+00
paramR.coef[1][0].elem[45]: -1.895833241556798e-03
paramR.coef[2][0].elem[45]: -9.330849238560850e-04
paramR.coef[3][0].elem[45]: -1.007686835870776e+00
auxint: 2
auxint: 15
paramR.coef[0][0].elem[46]: -1.000282900965023e+00
paramR.coef[1][0].elem[46]: -1.895363793731358e-03
paramR.coef[2][0].elem[46]: -9.334659863077582e-04
paramR.coef[3][0].elem[46]: -1.007688144537575e+00
auxint: 2
auxint: 16
paramR.coef[0][0].elem[47]: -1.000282723074534e+00
paramR.coef[1][0].elem[47]: -1.894823232654527e-03
paramR.coef[2][0].elem[47]: -9.338765836106578e-04
paramR.coef[3][0].elem[47]: -1.007689747126970e+00
auxint: 2
auxint: 17
paramR.coef[0][0].elem[48]: -1.000282510038305e+00
paramR.coef[1][0].elem[48]: -1.894231357032140e-03
paramR.coef[2][0].elem[48]: -9.343045290465778e-04
paramR.coef[3][0].elem[48]: -1.007691584314016e+00
auxint: 2
auxint: 18
paramR.coef[0][0].elem[49]: -1.000282269947087e+00
paramR.coef[1][0].elem[49]: -1.893609989375963e-03
paramR.coef[2][0].elem[49]: -9.347369997278200e-04
paramR.coef[3][0].elem[49]: -1.007693587410755e+00
auxint: 2
auxint: 19
paramR.coef[0][0].elem[50]: -1.000282012104097e+00
paramR.coef[1][0].elem[50]: -1.892982277489815e-03
paramR.coef[2][0].elem[50]: -9.351604707218634e-04
paramR.coef[3][0].elem[50]: -1.007695680719962e+00
auxint: 2
auxint: 20
paramR.coef[0][0].elem[51]: -1.000281746655769e+00
paramR.coef[1][0].elem[51]: -1.892371919242699e-03
paramR.coef[2][0].elem[51]: -9.355607453079070e-04
paramR.coef[3][0].elem[51]: -1.007697784243500e+00
auxint: 2
auxint: 21
paramR.coef[0][0].elem[52]: -1.000281484167646e+00
paramR.coef[1][0].elem[52]: -1.891802322469851e-03
paramR.coef[2][0].elem[52]: -9.359231606210336e-04
paramR.coef[3][0].elem[52]: -1.007699816672017e+00
auxint: 2
auxint: 22
paramR.coef[0][0].elem[53]: -1.000281235166255e+00
paramR.coef[1][0].elem[53]: -1.891295719858249e-03
paramR.coef[2][0].elem[53]: -9.362330203545943e-04
paramR.coef[3][0].elem[53]: -1.007701698558717e+00
auxint: 2
auxint: 23
paramR.coef[0][0].elem[54]: -1.000281009671207e+00
paramR.coef[1][0].elem[54]: -1.890872268206404e-03
paramR.coef[2][0].elem[54]: -9.364762648326879e-04
paramR.coef[3][0].elem[54]: -1.007703355555909e+00
auxint: 2
auxint: 24
paramR.coef[0][0].elem[55]: -1.000280816743790e+00
paramR.coef[1][0].elem[55]: -1.890549171307922e-03
paramR.coef[2][0].elem[55]: -9.366403405872510e-04
paramR.coef[3][0].elem[55]: -1.007704721570901e+00
auxint: 2
auxint: 25
paramR.coef[0][0].elem[56]: -1.000280664078566e+00
paramR.coef[1][0].elem[56]: -1.890339874361581e-03
paramR.coef[2][0].elem[56]: -9.367151855939979e-04
paramR.coef[3][0].elem[56]: -1.007705741679944e+00
auxint: 2
auxint: 26
paramR.coef[0][0].elem[57]: -1.000280557662748e+00
paramR.coef[1][0].elem[57]: -1.890253383363579e-03
paramR.coef[2][0].elem[57]: -9.366942113056812e-04
paramR.coef[3][0].elem[57]: -1.007706374630193e+00
auxint: 2
auxint: 27
paramR.coef[0][0].elem[58]: -1.000280501524156e+00
paramR.coef[1][0].elem[58]: -1.890293763183727e-03
paramR.coef[2][0].elem[58]: -9.365751455391255e-04
paramR.coef[3][0].elem[58]: -1.007706594765720e+00
auxint: 2
auxint: 28
paramR.coef[0][0].elem[59]: -1.000280497582239e+00
paramR.coef[1][0].elem[59]: -1.890459861061896e-03
paramR.coef[2][0].elem[59]: -9.363606055258175e-04
paramR.coef[3][0].elem[59]: -1.007706393239857e+00
auxint: 2
auxint: 29
paramR.coef[0][0].elem[60]: -1.000280545608468e+00
paramR.coef[1][0].elem[60]: -1.890745287607578e-03
paramR.coef[2][0].elem[60]: -9.360582987759805e-04
paramR.coef[3][0].elem[60]: -1.007705778422876e+00
auxint: 2
auxint: 30
paramR.coef[0][0].elem[61]: -1.000280643293136e+00
paramR.coef[1][0].elem[61]: -1.891138666750928e-03
paramR.coef[2][0].elem[61]: -9.356807966632141e-04
paramR.coef[3][0].elem[61]: -1.007704775475633e+00
auxint: 2
auxint: 31
paramR.coef[0][0].elem[62]: -1.000280786406890e+00
paramR.coef[1][0].elem[62]: -1.891624142966035e-03
paramR.coef[2][0].elem[62]: -9.352448829738147e-04
paramR.coef[3][0].elem[62]: -1.007703425125793e+00
auxint: 2
auxint: 32
paramR.coef[0][0].elem[63]: -1.000280969038764e+00
paramR.coef[1][0].elem[63]: -1.892182112434945e-03
paramR.coef[2][0].elem[63]: -9.347705361842608e-04
paramR.coef[3][0].elem[63]: -1.007701781742477e+00
auxint: 3
auxint: 1
paramR.coef[0][0].elem[64]: -1.000281400739623e+00
paramR.coef[1][0].elem[64]: -1.892602048354205e-03
paramR.coef[2][0].elem[64]: -9.355798093607060e-04
paramR.coef[3][0].elem[64]: -1.007699855054617e+00
auxint: 3
auxint: 2
paramR.coef[0][0].elem[65]: -1.000281639879332e+00
paramR.coef[1][0].elem[65]: -1.893237605256624e-03
paramR.coef[2][0].elem[65]: -9.350918115414431e-04
paramR.coef[3][0].elem[65]: -1.007697826850878e+00
auxint: 3
auxint: 3
paramR.coef[0][0].elem[66]: -1.000281893262355e+00
paramR.coef[1][0].elem[66]: -1.893872628482438e-03
paramR.coef[2][0].elem[66]: -9.346326159828221e-04
paramR.coef[3][0].elem[66]: -1.007695727930831e+00
auxint: 3
auxint: 4
paramR.coef[0][0].elem[67]: -1.000282151411925e+00
paramR.coef[1][0].elem[67]: -1.894482368557385e-03
paramR.coef[2][0].elem[67]: -9.342216820856220e-04
paramR.coef[3][0].elem[67]: -1.007693639174662e+00
auxint: 3
auxint: 5
paramR.coef[0][0].elem[68]: -1.000282404802668e+00
paramR.coef[1][0].elem[68]: -1.895043420701283e-03
paramR.coef[2][0].elem[68]: -9.338752891890539e-04
paramR.coef[3][0].elem[68]: -1.007691640151148e+00
auxint: 3
auxint: 6
paramR.coef[0][0].elem[69]: -1.000282644164152e+00
paramR.coef[1][0].elem[69]: -1.895534613820674e-03
paramR.coef[2][0].elem[69]: -9.336058593164133e-04
paramR.coef[3][0].elem[69]: -1.007689806183082e+00
auxint: 3
auxint: 7
paramR.coef[0][0].elem[70]: -1.000282860764362e+00
paramR.coef[1][0].elem[70]: -1.895937762749677e-03
paramR.coef[2][0].elem[70]: -9.334216257526025e-04
paramR.coef[3][0].elem[70]: -1.007688205686094e+00
auxint: 3
auxint: 8
paramR.coef[0][0].elem[71]: -1.000283046673575e+00
paramR.coef[1][0].elem[71]: -1.896238264321230e-03
paramR.coef[2][0].elem[71]: -9.333266347554877e-04
paramR.coef[3][0].elem[71]: -1.007686897847793e+00
auxint: 3
auxint: 9
paramR.coef[0][0].elem[72]: -1.000283195009360e+00
paramR.coef[1][0].elem[72]: -1.896425528536445e-03
paramR.coef[2][0].elem[72]: -9.333210341616844e-04
paramR.coef[3][0].elem[72]: -1.007685930693540e+00
auxint: 3
auxint: 10
paramR.coef[0][0].elem[73]: -1.000283300162248e+00
paramR.coef[1][0].elem[73]: -1.896493245884880e-03
paramR.coef[2][0].elem[73]: -9.334015764995594e-04
paramR.coef[3][0].elem[73]: -1.007685339566574e+00
auxint: 3
auxint: 11
paramR.coef[0][0].elem[74]: -1.000283357999142e+00
paramR.coef[1][0].elem[74]: -1.896439499878837e-03
paramR.coef[2][0].elem[74]: -9.335622479209264e-04
paramR.coef[3][0].elem[74]: -1.007685146035165e+00
auxint: 3
auxint: 12
paramR.coef[0][0].elem[75]: -1.000283366038237e+00
paramR.coef[1][0].elem[75]: -1.896266739107492e-03
paramR.coef[2][0].elem[75]: -9.337949295466367e-04
paramR.coef[3][0].elem[75]: -1.007685357230247e+00
auxint: 3
auxint: 13
paramR.coef[0][0].elem[76]: -1.000283323585738e+00
paramR.coef[1][0].elem[76]: -1.895981624993923e-03
paramR.coef[2][0].elem[76]: -9.340900049010737e-04
paramR.coef[3][0].elem[76]: -1.007685965614433e+00
auxint: 3
auxint: 14
paramR.coef[0][0].elem[77]: -1.000283231822163e+00
paramR.coef[1][0].elem[77]: -1.895594770148091e-03
paramR.coef[2][0].elem[77]: -9.344368451005067e-04
paramR.coef[3][0].elem[77]: -1.007686949185524e+00
auxint: 3
auxint: 15
paramR.coef[0][0].elem[78]: -1.000283093825320e+00
paramR.coef[1][0].elem[78]: -1.895120378776129e-03
paramR.coef[2][0].elem[78]: -9.348241309282709e-04
paramR.coef[3][0].elem[78]: -1.007688272120461e+00
auxint: 3
auxint: 16
paramR.coef[0][0].elem[79]: -1.000282914518580e+00
paramR.coef[1][0].elem[79]: -1.894575796508885e-03
paramR.coef[2][0].elem[79]: -9.352400052319765e-04
paramR.coef[3][0].elem[79]: -1.007689885864849e+00
auxint: 3
auxint: 17
paramR.coef[0][0].elem[80]: -1.000282700536732e+00
paramR.coef[1][0].elem[80]: -1.893980973640945e-03
paramR.coef[2][0].elem[80]: -9.356720853836499e-04
paramR.coef[3][0].elem[80]: -1.007691730666749e+00
auxint: 3
auxint: 18
paramR.coef[0][0].elem[81]: -1.000282460007090e+00
paramR.coef[1][0].elem[81]: -1.893357844093451e-03
paramR.coef[2][0].elem[81]: -9.361073974114166e-04
paramR.coef[3][0].elem[81]: -1.007693737541322e+00
auxint: 3
auxint: 19
paramR.coef[0][0].elem[82]: -1.000282202249871e+00
paramR.coef[1][0].elem[82]: -1.892729622999016e-03
paramR.coef[2][0].elem[82]: -9.365323147783798e-04
paramR.coef[3][0].elem[82]: -1.007695830636229e+00
auxint: 3
auxint: 20
paramR.coef[0][0].elem[83]: -1.000281937408287e+00
paramR.coef[1][0].elem[83]: -1.892120028980309e-03
paramR.coef[2][0].elem[83]: -9.369325914204580e-04
paramR.coef[3][0].elem[83]: -1.007697929947236e+00
auxint: 3
auxint: 21
paramR.coef[0][0].elem[84]: -1.000281676024537e+00
paramR.coef[1][0].elem[84]: -1.891552443014862e-03
paramR.coef[2][0].elem[84]: -9.372935683099222e-04
paramR.coef[3][0].elem[84]: -1.007699954310428e+00
auxint: 3
auxint: 22
paramR.coef[0][0].elem[85]: -1.000281428582568e+00
paramR.coef[1][0].elem[85]: -1.891049023872562e-03
paramR.coef[2][0].elem[85]: -9.376006053954983e-04
paramR.coef[3][0].elem[85]: -1.007701824573138e+00
auxint: 3
auxint: 23
paramR.coef[0][0].elem[86]: -1.000281205041816e+00
paramR.coef[1][0].elem[86]: -1.890629809630624e-03
paramR.coef[2][0].elem[86]: -9.378397494244799e-04
paramR.coef[3][0].elem[86]: -1.007703466821840e+00
auxint: 3
auxint: 24
paramR.coef[0][0].elem[87]: -1.000281014388135e+00
paramR.coef[1][0].elem[87]: -1.890311844537579e-03
paramR.coef[2][0].elem[87]: -9.379985998229079e-04
paramR.coef[3][0].elem[87]: -1.007704815523435e+00
auxint: 3
auxint: 25
paramR.coef[0][0].elem[88]: -1.000280864228327e+00
paramR.coef[1][0].elem[88]: -1.890108379060804e-03
paramR.coef[2][0].elem[88]: -9.380672887573189e-04
paramR.coef[3][0].elem[88]: -1.007705816418888e+00
auxint: 3
auxint: 26
paramR.coef[0][0].elem[89]: -1.000280760452971e+00
paramR.coef[1][0].elem[89]: -1.890028196432896e-03
paramR.coef[2][0].elem[89]: -9.380394566136045e-04
paramR.coef[3][0].elem[89]: -1.007706428999693e+00
auxint: 3
auxint: 27
paramR.coef[0][0].elem[90]: -1.000280706988159e+00
paramR.coef[1][0].elem[90]: -1.890075119162534e-03
paramR.coef[2][0].elem[90]: -9.379130871852066e-04
paramR.coef[3][0].elem[90]: -1.007706628404182e+00
auxint: 3
auxint: 28
paramR.coef[0][0].elem[91]: -1.000280705650487e+00
paramR.coef[1][0].elem[91]: -1.890247741898607e-03
paramR.coef[2][0].elem[91]: -9.376910720720910e-04
paramR.coef[3][0].elem[91]: -1.007706406597384e+00
auxint: 3
auxint: 29
paramR.coef[0][0].elem[92]: -1.000280756111416e+00
paramR.coef[1][0].elem[92]: -1.890539422322110e-03
paramR.coef[2][0].elem[92]: -9.373814020154902e-04
paramR.coef[3][0].elem[92]: -1.007705772745144e+00
auxint: 3
auxint: 30
paramR.coef[0][0].elem[93]: -1.000280855967880e+00
paramR.coef[1][0].elem[93]: -1.890938541115400e-03
paramR.coef[2][0].elem[93]: -9.369969302004573e-04
paramR.coef[3][0].elem[93]: -1.007704752754736e+00
auxint: 3
auxint: 31
paramR.coef[0][0].elem[94]: -1.000281000907379e+00
paramR.coef[1][0].elem[94]: -1.891429018945321e-03
paramR.coef[2][0].elem[94]: -9.365547101062112e-04
paramR.coef[3][0].elem[94]: -1.007703388020146e+00
auxint: 3
auxint: 32
paramR.coef[0][0].elem[95]: -1.000281184949177e+00
paramR.coef[1][0].elem[95]: -1.891991056713091e-03
paramR.coef[2][0].elem[95]: -9.360749671437198e-04
paramR.coef[3][0].elem[95]: -1.007701733469342e+00
auxint: 4
auxint: 1
paramR.coef[0][0].elem[96]: -1.000281658733972e+00
paramR.coef[1][0].elem[96]: -1.892507613214022e-03
paramR.coef[2][0].elem[96]: -9.364933870446619e-04
paramR.coef[3][0].elem[96]: -1.007699613645504e+00
auxint: 4
auxint: 2
paramR.coef[0][0].elem[97]: -1.000281898709259e+00
paramR.coef[1][0].elem[97]: -1.893145767968442e-03
paramR.coef[2][0].elem[97]: -9.360022237589140e-04
paramR.coef[3][0].elem[97]: -1.007697579018232e+00
auxint: 4
auxint: 3
paramR.coef[0][0].elem[98]: -1.000282152410262e+00
paramR.coef[1][0].elem[98]: -1.893782166984632e-03
paramR.coef[2][0].elem[98]: -9.355412323418420e-04
paramR.coef[3][0].elem[98]: -1.007695477643168e+00
auxint: 4
auxint: 4
paramR.coef[0][0].elem[99]: -1.000282410347951e+00
paramR.coef[1][0].elem[99]: -1.894392009665561e-03
paramR.coef[2][0].elem[99]: -9.351299456126605e-04
paramR.coef[3][0].elem[99]: -1.007693390479002e+00
auxint: 4
auxint: 5
paramR.coef[0][0].elem[100]: -1.000282663004570e+00
paramR.coef[1][0].elem[100]: -1.894951889431959e-03
paramR.coef[2][0].elem[100]: -9.347846587450168e-04
paramR.coef[3][0].elem[100]: -1.007691397018923e+00
auxint: 4
auxint: 6
paramR.coef[0][0].elem[101]: -1.000282901136924e+00
paramR.coef[1][0].elem[101]: -1.895440682390941e-03
paramR.coef[2][0].elem[101]: -9.345177511582187e-04
paramR.coef[3][0].elem[101]: -1.007689572361461e+00
auxint: 4
auxint: 7
paramR.coef[0][0].elem[102]: -1.000283116058940e+00
paramR.coef[1][0].elem[102]: -1.895840297481547e-03
paramR.coef[2][0].elem[102]: -9.343373566979683e-04
paramR.coef[3][0].elem[102]: -1.007687984559408e+00
auxint: 4
auxint: 8
paramR.coef[0][0].elem[103]: -1.000283299904016e+00
paramR.coef[1][0].elem[103]: -1.896136268780397e-03
paramR.coef[2][0].elem[103]: -9.342473693907732e-04
paramR.coef[3][0].elem[103]: -1.007686692313185e+00
auxint: 4
auxint: 9
paramR.coef[0][0].elem[104]: -1.000283445867854e+00
paramR.coef[1][0].elem[104]: -1.896318181258708e-03
paramR.coef[2][0].elem[104]: -9.342477385657477e-04
paramR.coef[3][0].elem[104]: -1.007685743054859e+00
auxint: 4
auxint: 10
paramR.coef[0][0].elem[105]: -1.000283548431320e+00
paramR.coef[1][0].elem[105]: -1.896379931192971e-03
paramR.coef[2][0].elem[105]: -9.343349806859160e-04
paramR.coef[3][0].elem[105]: -1.007685171450191e+00
auxint: 4
auxint: 11
paramR.coef[0][0].elem[106]: -1.000283603560481e+00
paramR.coef[1][0].elem[106]: -1.896319830666127e-03
paramR.coef[2][0].elem[106]: -9.345028185033001e-04
paramR.coef[3][0].elem[106]: -1.007684998330512e+00
auxint: 4
auxint: 12
paramR.coef[0][0].elem[107]: -1.000283608877741e+00
paramR.coef[1][0].elem[107]: -1.896140570907221e-03
paramR.coef[2][0].elem[107]: -9.347428533744201e-04
paramR.coef[3][0].elem[107]: -1.007685230056815e+00
auxint: 4
auxint: 13
paramR.coef[0][0].elem[108]: -1.000283563794543e+00
paramR.coef[1][0].elem[108]: -1.895849060976536e-03
paramR.coef[2][0].elem[108]: -9.350451839591768e-04
paramR.coef[3][0].elem[108]: -1.007685858316204e+00
auxint: 4
auxint: 14
paramR.coef[0][0].elem[109]: -1.000283469593534e+00
paramR.coef[1][0].elem[109]: -1.895456156923825e-03
paramR.coef[2][0].elem[109]: -9.353989026898136e-04
paramR.coef[3][0].elem[109]: -1.007686860353250e+00
auxint: 4
auxint: 15
paramR.coef[0][0].elem[110]: -1.000283329447461e+00
paramR.coef[1][0].elem[110]: -1.894976293174123e-03
paramR.coef[2][0].elem[110]: -9.357924286674017e-04
paramR.coef[3][0].elem[110]: -1.007688199641390e+00
auxint: 4
auxint: 16
paramR.coef[0][0].elem[111]: -1.000283148363588e+00
paramR.coef[1][0].elem[111]: -1.894427023865036e-03
paramR.coef[2][0].elem[111]: -9.362136697659534e-04
paramR.coef[3][0].elem[111]: -1.007689826998547e+00
auxint: 4
auxint: 17
paramR.coef[0][0].elem[112]: -1.000282933046135e+00
paramR.coef[1][0].elem[112]: -1.893828478413736e-03
paramR.coef[2][0].elem[112]: -9.366500432666134e-04
paramR.coef[3][0].elem[112]: -1.007691682144759e+00
auxint: 4
auxint: 18
paramR.coef[0][0].elem[113]: -1.000282691674532e+00
paramR.coef[1][0].elem[113]: -1.893202733793062e-03
paramR.coef[2][0].elem[113]: -9.370884166318977e-04
paramR.coef[3][0].elem[113]: -1.007693695687776e+00
auxint: 4
auxint: 19
paramR.coef[0][0].elem[114]: -1.000282433601673e+00
paramR.coef[1][0].elem[114]: -1.892573106591668e-03
paramR.coef[2][0].elem[114]: -9.375150514806534e-04
paramR.coef[3][0].elem[114]: -1.007695791505658e+00
auxint: 4
auxint: 20
paramR.coef[0][0].elem[115]: -1.000282168982695e+00
paramR.coef[1][0].elem[115]: -1.891963371207965e-03
paramR.coef[2][0].elem[115]: -9.379156402008670e-04
paramR.coef[3][0].elem[115]: -1.007697889474773e+00
auxint: 4
auxint: 21
paramR.coef[0][0].elem[116]: -1.000281908350575e+00
paramR.coef[1][0].elem[116]: -1.891396916334453e-03
paramR.coef[2][0].elem[116]: -9.382755141993654e-04
paramR.coef[3][0].elem[116]: -1.007699908468625e+00
auxint: 4
auxint: 22
paramR.coef[0][0].elem[117]: -1.000281662159368e+00
paramR.coef[1][0].elem[117]: -1.890895859809908e-03
paramR.coef[2][0].elem[117]: -9.385800756747266e-04
paramR.coef[3][0].elem[117]: -1.007701769529270e+00
auxint: 4
auxint: 23
paramR.coef[0][0].elem[118]: -1.000281440319261e+00
paramR.coef[1][0].elem[118]: -1.890480151302906e-03
paramR.coef[2][0].elem[118]: -9.388154637475018e-04
paramR.coef[3][0].elem[118]: -1.007703399089573e+00
auxint: 4
auxint: 24
paramR.coef[0][0].elem[119]: -1.000281251749548e+00
paramR.coef[1][0].elem[119]: -1.890166702099344e-03
paramR.coef[2][0].elem[119]: -9.389694173252949e-04
paramR.coef[3][0].elem[119]: -1.007704732102663e+00
auxint: 4
auxint: 25
paramR.coef[0][0].elem[120]: -1.000281103975877e+00
paramR.coef[1][0].elem[120]: -1.889968589901293e-03
paramR.coef[2][0].elem[120]: -9.390322506946218e-04
paramR.coef[3][0].elem[120]: -1.007705714917444e+00
auxint: 4
auxint: 26
paramR.coef[0][0].elem[121]: -1.000281002796344e+00
paramR.coef[1][0].elem[121]: -1.889894391918633e-03
paramR.coef[2][0].elem[121]: -9.389978229090405e-04
paramR.coef[3][0].elem[121]: -1.007706307730973e+00
auxint: 4
auxint: 27
paramR.coef[0][0].elem[122]: -1.000280952036912e+00
paramR.coef[1][0].elem[122]: -1.889947699442154e-03
paramR.coef[2][0].elem[122]: -9.388643654064248e-04
paramR.coef[3][0].elem[122]: -1.007706486455845e+00
auxint: 4
auxint: 28
paramR.coef[0][0].elem[123]: -1.000280953410313e+00
paramR.coef[1][0].elem[123]: -1.890126859853385e-03
paramR.coef[2][0].elem[123]: -9.386350377127041e-04
paramR.coef[3][0].elem[123]: -1.007706243867888e+00
auxint: 4
auxint: 29
paramR.coef[0][0].elem[124]: -1.000281006484395e+00
paramR.coef[1][0].elem[124]: -1.890424977322071e-03
paramR.coef[2][0].elem[124]: -9.383181092167605e-04
paramR.coef[3][0].elem[124]: -1.007705589946519e+00
auxint: 4
auxint: 30
paramR.coef[0][0].elem[125]: -1.000281108756638e+00
paramR.coef[1][0].elem[125]: -1.890830182854995e-03
paramR.coef[2][0].elem[125]: -9.379267121834370e-04
paramR.coef[3][0].elem[125]: -1.007704551381685e+00
auxint: 4
auxint: 31
paramR.coef[0][0].elem[126]: -1.000281255822931e+00
paramR.coef[1][0].elem[126]: -1.891326161209620e-03
paramR.coef[2][0].elem[126]: -9.374781688468718e-04
paramR.coef[3][0].elem[126]: -1.007703170287283e+00
auxint: 4
auxint: 32
paramR.coef[0][0].elem[127]: -1.000281441622069e+00
paramR.coef[1][0].elem[127]: -1.891892900473869e-03
paramR.coef[2][0].elem[127]: -9.369929523092907e-04
paramR.coef[3][0].elem[127]: -1.007701502219966e+00
auxint: 5
auxint: 1
paramR.coef[0][0].elem[128]: -1.000281947643783e+00
paramR.coef[1][0].elem[128]: -1.892510631656372e-03
paramR.coef[2][0].elem[128]: -9.369836463018756e-04
paramR.coef[3][0].elem[128]: -1.007699196518222e+00
auxint: 5
auxint: 2
paramR.coef[0][0].elem[129]: -1.000282188822421e+00
paramR.coef[1][0].elem[129]: -1.893152111115490e-03
paramR.coef[2][0].elem[129]: -9.364892583999069e-04
paramR.coef[3][0].elem[129]: -1.007697152892032e+00
auxint: 5
auxint: 3
paramR.coef[0][0].elem[130]: -1.000282443233779e+00
paramR.coef[1][0].elem[130]: -1.893790714984476e-03
paramR.coef[2][0].elem[130]: -9.360263058881762e-04
paramR.coef[3][0].elem[130]: -1.007695046243177e+00
auxint: 5
auxint: 4
paramR.coef[0][0].elem[131]: -1.000282701361326e+00
paramR.coef[1][0].elem[131]: -1.894401560462434e-03
paramR.coef[2][0].elem[131]: -9.356143994237126e-04
paramR.coef[3][0].elem[131]: -1.007692957716362e+00
auxint: 5
auxint: 5
paramR.coef[0][0].elem[132]: -1.000282953679031e+00
paramR.coef[1][0].elem[132]: -1.894961204700443e-03
paramR.coef[2][0].elem[132]: -9.352698584453934e-04
paramR.coef[3][0].elem[132]: -1.007690966844148e+00
auxint: 5
auxint: 6
paramR.coef[0][0].elem[133]: -1.000283190955043e+00
paramR.coef[1][0].elem[133]: -1.895448534376653e-03
paramR.coef[2][0].elem[133]: -9.350050322565408e-04
paramR.coef[3][0].elem[133]: -1.007689148618717e+00
auxint: 5
auxint: 7
paramR.coef[0][0].elem[134]: -1.000283404534052e+00
paramR.coef[1][0].elem[134]: -1.895845515177066e-03
paramR.coef[2][0].elem[134]: -9.348279716549462e-04
paramR.coef[3][0].elem[134]: -1.007687570846024e+00
auxint: 5
auxint: 8
paramR.coef[0][0].elem[135]: -1.000283586598798e+00
paramR.coef[1][0].elem[135]: -1.896137781970049e-03
paramR.coef[2][0].elem[135]: -9.347424381792264e-04
paramR.coef[3][0].elem[135]: -1.007686291848221e+00
auxint: 5
auxint: 9
paramR.coef[0][0].elem[136]: -1.000283730411400e+00
paramR.coef[1][0].elem[136]: -1.896315060882908e-03
paramR.coef[2][0].elem[136]: -9.347482048166361e-04
paramR.coef[3][0].elem[136]: -1.007685358560741e+00
auxint: 5
auxint: 10
paramR.coef[0][0].elem[137]: -1.000283830533980e+00
paramR.coef[1][0].elem[137]: -1.896371424477731e-03
paramR.coef[2][0].elem[137]: -9.348415754541809e-04
paramR.coef[3][0].elem[137]: -1.007684805051372e+00
auxint: 5
auxint: 11
paramR.coef[0][0].elem[138]: -1.000283883025817e+00
paramR.coef[1][0].elem[138]: -1.896305389698712e-03
paramR.coef[2][0].elem[138]: -9.350160331481965e-04
paramR.coef[3][0].elem[138]: -1.007684651472668e+00
auxint: 5
auxint: 12
paramR.coef[0][0].elem[139]: -1.000283885611013e+00
paramR.coef[1][0].elem[139]: -1.896119873648888e-03
paramR.coef[2][0].elem[139]: -9.352629222920436e-04
paramR.coef[3][0].elem[139]: -1.007684903449577e+00
auxint: 5
auxint: 13
paramR.coef[0][0].elem[140]: -1.000283837807213e+00
paramR.coef[1][0].elem[140]: -1.895822023907673e-03
paramR.coef[2][0].elem[140]: -9.355720774421485e-04
paramR.coef[3][0].elem[140]: -1.007685551902087e+00
auxint: 5
auxint: 14
paramR.coef[0][0].elem[141]: -1.000283741003478e+00
paramR.coef[1][0].elem[141]: -1.895422938724275e-03
paramR.coef[2][0].elem[141]: -9.359323300127266e-04
paramR.coef[3][0].elem[141]: -1.007686573304813e+00
auxint: 5
auxint: 15
paramR.coef[0][0].elem[142]: -1.000283598474768e+00
paramR.coef[1][0].elem[142]: -1.894937289232442e-03
paramR.coef[2][0].elem[142]: -9.363318511533705e-04
paramR.coef[3][0].elem[142]: -1.007687930387378e+00
auxint: 5
auxint: 16
paramR.coef[0][0].elem[143]: -1.000283415322115e+00
paramR.coef[1][0].elem[143]: -1.894382851875007e-03
paramR.coef[2][0].elem[143]: -9.367583229752893e-04
paramR.coef[3][0].elem[143]: -1.007689573278348e+00
auxint: 5
auxint: 17
paramR.coef[0][0].elem[144]: -1.000283198331147e+00
paramR.coef[1][0].elem[144]: -1.893779955587417e-03
paramR.coef[2][0].elem[144]: -9.371989670211981e-04
paramR.coef[3][0].elem[144]: -1.007691441089755e+00
auxint: 5
auxint: 18
paramR.coef[0][0].elem[145]: -1.000282955746924e+00
paramR.coef[1][0].elem[145]: -1.893150846316552e-03
paramR.coef[2][0].elem[145]: -9.376404916321999e-04
paramR.coef[3][0].elem[145]: -1.007693463927658e+00
auxint: 5
auxint: 19
paramR.coef[0][0].elem[146]: -1.000282696969420e+00
paramR.coef[1][0].elem[146]: -1.892518972193407e-03
paramR.coef[2][0].elem[146]: -9.380690414001932e-04
paramR.coef[3][0].elem[146]: -1.007695565296671e+00
auxint: 5
auxint: 20
paramR.coef[0][0].elem[147]: -1.000282432180401e+00
paramR.coef[1][0].elem[147]: -1.891908196221540e-03
paramR.coef[2][0].elem[147]: -9.384702378822899e-04
paramR.coef[3][0].elem[147]: -1.007697664844978e+00
auxint: 5
auxint: 21
paramR.coef[0][0].elem[148]: -1.000282171918109e+00
paramR.coef[1][0].elem[148]: -1.891341949098235e-03
paramR.coef[2][0].elem[148]: -9.388293901320253e-04
paramR.coef[3][0].elem[148]: -1.007699681373798e+00
auxint: 5
auxint: 22
paramR.coef[0][0].elem[149]: -1.000281926620556e+00
paramR.coef[1][0].elem[149]: -1.890842342325891e-03
paramR.coef[2][0].elem[149]: -9.391319268974190e-04
paramR.coef[3][0].elem[149]: -1.007701536012762e+00
auxint: 5
auxint: 23
paramR.coef[0][0].elem[150]: -1.000281706161499e+00
paramR.coef[1][0].elem[150]: -1.890429270915806e-03
paramR.coef[2][0].elem[150]: -9.393640617390717e-04
paramR.coef[3][0].elem[150]: -1.007703155439859e+00
auxint: 5
auxint: 24
paramR.coef[0][0].elem[151]: -1.000281519405099e+00
paramR.coef[1][0].elem[151]: -1.890119544945831e-03
paramR.coef[2][0].elem[151]: -9.395136537086039e-04
paramR.coef[3][0].elem[151]: -1.007704475002247e+00
auxint: 5
auxint: 25
paramR.coef[0][0].elem[152]: -1.000281373805560e+00
paramR.coef[1][0].elem[152]: -1.889926098073611e-03
paramR.coef[2][0].elem[152]: -9.395711793224485e-04
paramR.coef[3][0].elem[152]: -1.007705441576398e+00
auxint: 5
auxint: 26
paramR.coef[0][0].elem[153]: -1.000281275076217e+00
paramR.coef[1][0].elem[153]: -1.889857326332426e-03
paramR.coef[2][0].elem[153]: -9.395306965496311e-04
paramR.coef[3][0].elem[153]: -1.007706015998616e+00
auxint: 5
auxint: 27
paramR.coef[0][0].elem[154]: -1.000281226948388e+00
paramR.coef[1][0].elem[154]: -1.889916610064407e-03
paramR.coef[2][0].elem[154]: -9.393906653702230e-04
paramR.coef[3][0].elem[154]: -1.007706174905394e+00
auxint: 5
auxint: 28
paramR.coef[0][0].elem[155]: -1.000281231033989e+00
paramR.coef[1][0].elem[155]: -1.890102064441807e-03
paramR.coef[2][0].elem[155]: -9.391544952520696e-04
paramR.coef[3][0].elem[155]: -1.007705911850642e+00
auxint: 5
auxint: 29
paramR.coef[0][0].elem[156]: -1.000281286797702e+00
paramR.coef[1][0].elem[156]: -1.890406549447993e-03
paramR.coef[2][0].elem[156]: -9.388307178488734e-04
paramR.coef[3][0].elem[156]: -1.007705237613604e+00
auxint: 5
auxint: 30
paramR.coef[0][0].elem[157]: -1.000281391635325e+00
paramR.coef[1][0].elem[157]: -1.890817949685634e-03
paramR.coef[2][0].elem[157]: -9.384327301279938e-04
paramR.coef[3][0].elem[157]: -1.007704179672784e+00
auxint: 5
auxint: 31
paramR.coef[0][0].elem[158]: -1.000281541046221e+00
paramR.coef[1][0].elem[158]: -1.891319711088338e-03
paramR.coef[2][0].elem[158]: -9.379781109764213e-04
paramR.coef[3][0].elem[158]: -1.007702780887584e+00
auxint: 5
auxint: 32
paramR.coef[0][0].elem[159]: -1.000281728881202e+00
paramR.coef[1][0].elem[159]: -1.891891599789098e-03
paramR.coef[2][0].elem[159]: -9.374875716173638e-04
paramR.coef[3][0].elem[159]: -1.007701097488379e+00
auxint: 6
auxint: 1
paramR.coef[0][0].elem[160]: -1.000282256043872e+00
paramR.coef[1][0].elem[160]: -1.892611011044887e-03
paramR.coef[2][0].elem[160]: -9.370298692765932e-04
paramR.coef[3][0].elem[160]: -1.007698621107947e+00
auxint: 6
auxint: 2
paramR.coef[0][0].elem[161]: -1.000282498744786e+00
paramR.coef[1][0].elem[161]: -1.893256406887509e-03
paramR.coef[2][0].elem[161]: -9.365323411910378e-04
paramR.coef[3][0].elem[161]: -1.007696566276124e+00
auxint: 6
auxint: 3
paramR.coef[0][0].elem[162]: -1.000282754229349e+00
paramR.coef[1][0].elem[162]: -1.893897953417391e-03
paramR.coef[2][0].elem[162]: -9.360673529046906e-04
paramR.coef[3][0].elem[162]: -1.007694451757357e+00
auxint: 6
auxint: 4
paramR.coef[0][0].elem[163]: -1.000283012939436e+00
paramR.coef[1][0].elem[163]: -1.894510657918675e-03
paramR.coef[2][0].elem[163]: -9.356545939876664e-04
paramR.coef[3][0].elem[163]: -1.007692358981983e+00
auxint: 6
auxint: 5
paramR.coef[0][0].elem[164]: -1.000283265325163e+00
paramR.coef[1][0].elem[164]: -1.895071008260007e-03
paramR.coef[2][0].elem[164]: -9.353104155617526e-04
paramR.coef[3][0].elem[164]: -1.007690367635123e+00
auxint: 6
auxint: 6
paramR.coef[0][0].elem[165]: -1.000283502149699e+00
paramR.coef[1][0].elem[165]: -1.895557864718619e-03
paramR.coef[2][0].elem[165]: -9.350471504918472e-04
paramR.coef[3][0].elem[165]: -1.007688552724411e+00
auxint: 6
auxint: 7
paramR.coef[0][0].elem[166]: -1.000283714772144e+00
paramR.coef[1][0].elem[166]: -1.895953210314774e-03
paramR.coef[2][0].elem[166]: -9.348727861873470e-04
paramR.coef[3][0].elem[166]: -1.007686981934080e+00
auxint: 6
auxint: 8
paramR.coef[0][0].elem[167]: -1.000283895408911e+00
paramR.coef[1][0].elem[167]: -1.896242740489395e-03
paramR.coef[2][0].elem[167]: -9.347909767316406e-04
paramR.coef[3][0].elem[167]: -1.007685713331189e+00
auxint: 6
auxint: 9
paramR.coef[0][0].elem[168]: -1.000284037374224e+00
paramR.coef[1][0].elem[168]: -1.896416283284921e-03
paramR.coef[2][0].elem[168]: -9.348013480963632e-04
paramR.coef[3][0].elem[168]: -1.007684793470308e+00
auxint: 6
auxint: 10
paramR.coef[0][0].elem[169]: -1.000284135299208e+00
paramR.coef[1][0].elem[169]: -1.896468051181537e-03
paramR.coef[2][0].elem[169]: -9.349000237444339e-04
paramR.coef[3][0].elem[169]: -1.007684255924069e+00
auxint: 6
auxint: 11
paramR.coef[0][0].elem[170]: -1.000284185326771e+00
paramR.coef[1][0].elem[170]: -1.896396734287994e-03
paramR.coef[2][0].elem[170]: -9.350802804321504e-04
paramR.coef[3][0].elem[170]: -1.007684120250989e+00
auxint: 6
auxint: 12
paramR.coef[0][0].elem[171]: -1.000284185276229e+00
paramR.coef[1][0].elem[171]: -1.896205450006814e-03
paramR.coef[2][0].elem[171]: -9.353332387368617e-04
paramR.coef[3][0].elem[171]: -1.007684391402780e+00
auxint: 6
auxint: 13
paramR.coef[0][0].elem[172]: -1.000284134768261e+00
paramR.coef[1][0].elem[172]: -1.895901565986020e-03
paramR.coef[2][0].elem[172]: -9.356485006001617e-04
paramR.coef[3][0].elem[172]: -1.007685059570930e+00
auxint: 6
auxint: 14
paramR.coef[0][0].elem[173]: -1.000284035298477e+00
paramR.coef[1][0].elem[173]: -1.895496411945054e-03
paramR.coef[2][0].elem[173]: -9.360146648593757e-04
paramR.coef[3][0].elem[173]: -1.007686100473665e+00
auxint: 6
auxint: 15
paramR.coef[0][0].elem[174]: -1.000283890247376e+00
paramR.coef[1][0].elem[174]: -1.895004892959695e-03
paramR.coef[2][0].elem[174]: -9.364196788302254e-04
paramR.coef[3][0].elem[174]: -1.007687476085578e+00
auxint: 6
auxint: 16
paramR.coef[0][0].elem[175]: -1.000283704815999e+00
paramR.coef[1][0].elem[175]: -1.894445012844262e-03
paramR.coef[2][0].elem[175]: -9.368510176879632e-04
paramR.coef[3][0].elem[175]: -1.007689135811259e+00
auxint: 6
auxint: 17
paramR.coef[0][0].elem[176]: -1.000283485880169e+00
paramR.coef[1][0].elem[176]: -1.893837312457217e-03
paramR.coef[2][0].elem[176]: -9.372957201925730e-04
paramR.coef[3][0].elem[176]: -1.007691018099075e+00
auxint: 6
auxint: 18
paramR.coef[0][0].elem[177]: -1.000283241761453e+00
paramR.coef[1][0].elem[177]: -1.893204225696675e-03
paramR.coef[2][0].elem[177]: -9.377403423533547e-04
paramR.coef[3][0].elem[177]: -1.007693052479720e+00
auxint: 6
auxint: 19
paramR.coef[0][0].elem[178]: -1.000282981919396e+00
paramR.coef[1][0].elem[178]: -1.892569356856725e-03
paramR.coef[2][0].elem[178]: -9.381709122485546e-04
paramR.coef[3][0].elem[178]: -1.007695161995987e+00
auxint: 6
auxint: 20
paramR.coef[0][0].elem[179]: -1.000282716576024e+00
paramR.coef[1][0].elem[179]: -1.891956686750606e-03
paramR.coef[2][0].elem[179]: -9.385729749609032e-04
paramR.coef[3][0].elem[179]: -1.007697265968351e+00
auxint: 6
auxint: 21
paramR.coef[0][0].elem[180]: -1.000282456289112e+00
paramR.coef[1][0].elem[180]: -1.891389720674079e-03
paramR.coef[2][0].elem[180]: -9.389318058309131e-04
paramR.coef[3][0].elem[180]: -1.007699283018868e+00
auxint: 6
auxint: 22
paramR.coef[0][0].elem[181]: -1.000282211495060e+00
paramR.coef[1][0].elem[181]: -1.890890598512454e-03
paramR.coef[2][0].elem[181]: -9.392328437963334e-04
paramR.coef[3][0].elem[181]: -1.007701134254435e+00
auxint: 6
auxint: 23
paramR.coef[0][0].elem[182]: -1.000281992045328e+00
paramR.coef[1][0].elem[182]: -1.890479196257170e-03
paramR.coef[2][0].elem[182]: -9.394623563155915e-04
paramR.coef[3][0].elem[182]: -1.007702746488013e+00
auxint: 6
auxint: 24
paramR.coef[0][0].elem[183]: -1.000281806762395e+00
paramR.coef[1][0].elem[183]: -1.890172258238723e-03
paramR.coef[2][0].elem[183]: -9.396082986572559e-04
paramR.coef[3][0].elem[183]: -1.007704055353956e+00
auxint: 6
auxint: 25
paramR.coef[0][0].elem[184]: -1.000281663041410e+00
paramR.coef[1][0].elem[184]: -1.889982608305814e-03
paramR.coef[2][0].elem[184]: -9.396612830639881e-04
paramR.coef[3][0].elem[184]: -1.007705008155767e+00
auxint: 6
auxint: 26
paramR.coef[0][0].elem[185]: -1.000281566521897e+00
paramR.coef[1][0].elem[185]: -1.889918493242056e-03
paramR.coef[2][0].elem[185]: -9.396155382380834e-04
paramR.coef[3][0].elem[185]: -1.007705566277862e+00
auxint: 6
auxint: 27
paramR.coef[0][0].elem[186]: -1.000281520849664e+00
paramR.coef[1][0].elem[186]: -1.889983110965257e-03
paramR.coef[2][0].elem[186]: -9.394697238185454e-04
paramR.coef[3][0].elem[186]: -1.007705707002087e+00
auxint: 6
auxint: 28
paramR.coef[0][0].elem[187]: -1.000281527542765e+00
paramR.coef[1][0].elem[187]: -1.890174368558449e-03
paramR.coef[2][0].elem[187]: -9.392274705883384e-04
paramR.coef[3][0].elem[187]: -1.007705424597427e+00
auxint: 6
auxint: 29
paramR.coef[0][0].elem[188]: -1.000281585967196e+00
paramR.coef[1][0].elem[188]: -1.890484900694437e-03
paramR.coef[2][0].elem[188]: -9.388975449477433e-04
paramR.coef[3][0].elem[188]: -1.007704730597947e+00
auxint: 6
auxint: 30
paramR.coef[0][0].elem[189]: -1.000281693418829e+00
paramR.coef[1][0].elem[189]: -1.890902358523479e-03
paramR.coef[2][0].elem[189]: -9.384935828956217e-04
paramR.coef[3][0].elem[189]: -1.007703653245681e+00
auxint: 6
auxint: 31
paramR.coef[0][0].elem[190]: -1.000281845299379e+00
paramR.coef[1][0].elem[190]: -1.891409955648377e-03
paramR.coef[2][0].elem[190]: -9.380333968329830e-04
paramR.coef[3][0].elem[190]: -1.007702236141874e+00
auxint: 6
auxint: 32
paramR.coef[0][0].elem[191]: -1.000282035367648e+00
paramR.coef[1][0].elem[191]: -1.891987235900459e-03
paramR.coef[2][0].elem[191]: -9.375379162194587e-04
paramR.coef[3][0].elem[191]: -1.007700536209021e+00
auxint: 7
auxint: 1
paramR.coef[0][0].elem[192]: -1.000282571799192e+00
paramR.coef[1][0].elem[192]: -1.892804754873119e-03
paramR.coef[2][0].elem[192]: -9.366284429880169e-04
paramR.coef[3][0].elem[192]: -1.007697911509655e+00
auxint: 7
auxint: 2
paramR.coef[0][0].elem[193]: -1.000282816278701e+00
paramR.coef[1][0].elem[193]: -1.893454497520582e-03
paramR.coef[2][0].elem[193]: -9.361280070866706e-04
paramR.coef[3][0].elem[193]: -1.007695843729258e+00
auxint: 7
auxint: 3
paramR.coef[0][0].elem[194]: -1.000283073154185e+00
paramR.coef[1][0].elem[194]: -1.894099601163506e-03
paramR.coef[2][0].elem[194]: -9.356610105454772e-04
paramR.coef[3][0].elem[194]: -1.007693719078539e+00
auxint: 7
auxint: 4
paramR.coef[0][0].elem[195]: -1.000283332813621e+00
paramR.coef[1][0].elem[195]: -1.894714940132679e-03
paramR.coef[2][0].elem[195]: -9.352472190818146e-04
paramR.coef[3][0].elem[195]: -1.007691619360606e+00
auxint: 7
auxint: 5
paramR.coef[0][0].elem[196]: -1.000283585668761e+00
paramR.coef[1][0].elem[196]: -1.895276902940093e-03
paramR.coef[2][0].elem[196]: -9.349030212441210e-04
paramR.coef[3][0].elem[196]: -1.007689624519445e+00
auxint: 7
auxint: 6
paramR.coef[0][0].elem[197]: -1.000283822461730e+00
paramR.coef[1][0].elem[197]: -1.895764287680759e-03
paramR.coef[2][0].elem[197]: -9.346407475501013e-04
paramR.coef[3][0].elem[197]: -1.007687809698696e+00
auxint: 7
auxint: 7
paramR.coef[0][0].elem[198]: -1.000284034549169e+00
paramR.coef[1][0].elem[198]: -1.896159054806845e-03
paramR.coef[2][0].elem[198]: -9.344683439610947e-04
paramR.coef[3][0].elem[198]: -1.007686242590157e+00
auxint: 7
auxint: 8
paramR.coef[0][0].elem[199]: -1.000284214164208e+00
paramR.coef[1][0].elem[199]: -1.896446917971429e-03
paramR.coef[2][0].elem[199]: -9.343893861370121e-04
paramR.coef[3][0].elem[199]: -1.007684981138282e+00
auxint: 7
auxint: 9
paramR.coef[0][0].elem[200]: -1.000284354656872e+00
paramR.coef[1][0].elem[200]: -1.896617764114718e-03
paramR.coef[2][0].elem[200]: -9.344033879936115e-04
paramR.coef[3][0].elem[200]: -1.007684071646827e+00
auxint: 7
auxint: 10
paramR.coef[0][0].elem[201]: -1.000284450712385e+00
paramR.coef[1][0].elem[201]: -1.896665903947879e-03
paramR.coef[2][0].elem[201]: -9.345063318080789e-04
paramR.coef[3][0].elem[201]: -1.007683547314935e+00
auxint: 7
auxint: 11
paramR.coef[0][0].elem[202]: -1.000284498544470e+00
paramR.coef[1][0].elem[202]: -1.896590162367025e-03
paramR.coef[2][0].elem[202]: -9.346913296384449e-04
paramR.coef[3][0].elem[202]: -1.007683427214790e+00
auxint: 7
auxint: 12
paramR.coef[0][0].elem[203]: -1.000284496057446e+00
paramR.coef[1][0].elem[203]: -1.896393823695861e-03
paramR.coef[2][0].elem[203]: -9.349493203477821e-04
paramR.coef[3][0].elem[203]: -1.007683715714059e+00
auxint: 7
auxint: 13
paramR.coef[0][0].elem[204]: -1.000284442967787e+00
paramR.coef[1][0].elem[204]: -1.896084448571938e-03
paramR.coef[2][0].elem[204]: -9.352697141395980e-04
paramR.coef[3][0].elem[204]: -1.007684402343145e+00
auxint: 7
auxint: 14
paramR.coef[0][0].elem[205]: -1.000284340873612e+00
paramR.coef[1][0].elem[205]: -1.895673578375307e-03
paramR.coef[2][0].elem[205]: -9.356409152472068e-04
paramR.coef[3][0].elem[205]: -1.007685462107307e+00
auxint: 7
auxint: 15
paramR.coef[0][0].elem[206]: -1.000284193260174e+00
paramR.coef[1][0].elem[206]: -1.895176340204750e-03
paramR.coef[2][0].elem[206]: -9.360506806347435e-04
paramR.coef[3][0].elem[206]: -1.007686856244520e+00
auxint: 7
auxint: 16
paramR.coef[0][0].elem[207]: -1.000284005430893e+00
paramR.coef[1][0].elem[207]: -1.894610961380517e-03
paramR.coef[2][0].elem[207]: -9.364863062668949e-04
paramR.coef[3][0].elem[207]: -1.007688533429216e+00
auxint: 7
auxint: 17
paramR.coef[0][0].elem[208]: -1.000283784357034e+00
paramR.coef[1][0].elem[208]: -1.893998198611448e-03
paramR.coef[2][0].elem[208]: -9.369346692457202e-04
paramR.coef[3][0].elem[208]: -1.007690431416944e+00
auxint: 7
auxint: 18
paramR.coef[0][0].elem[209]: -1.000283538444472e+00
paramR.coef[1][0].elem[209]: -1.893360685014274e-03
paramR.coef[2][0].elem[209]: -9.373821871876461e-04
paramR.coef[3][0].elem[209]: -1.007692479112910e+00
auxint: 7
auxint: 19
paramR.coef[0][0].elem[210]: -1.000283277222386e+00
paramR.coef[1][0].elem[210]: -1.892722199154504e-03
paramR.coef[2][0].elem[210]: -9.378147779441911e-04
paramR.coef[3][0].elem[210]: -1.007694599028937e+00
auxint: 7
auxint: 20
paramR.coef[0][0].elem[211]: -1.000283010965027e+00
paramR.coef[1][0].elem[211]: -1.892106863929298e-03
paramR.coef[2][0].elem[211]: -9.382179085661980e-04
paramR.coef[3][0].elem[211]: -1.007696710071959e+00
auxint: 7
auxint: 21
paramR.coef[0][0].elem[212]: -1.000282750263133e+00
paramR.coef[1][0].elem[212]: -1.891538288649500e-03
paramR.coef[2][0].elem[212]: -9.385768115947947e-04
paramR.coef[3][0].elem[212]: -1.007698730585709e+00
auxint: 7
auxint: 22
paramR.coef[0][0].elem[213]: -1.000282505565865e+00
paramR.coef[1][0].elem[213]: -1.891038674883531e-03
paramR.coef[2][0].elem[213]: -9.388769202819224e-04
paramR.coef[3][0].elem[213]: -1.007700581545780e+00
auxint: 7
auxint: 23
paramR.coef[0][0].elem[214]: -1.000282286717237e+00
paramR.coef[1][0].elem[214]: -1.890627915599928e-03
paramR.coef[2][0].elem[214]: -9.391045341257035e-04
paramR.coef[3][0].elem[214]: -1.007702189785746e+00
auxint: 7
auxint: 24
paramR.coef[0][0].elem[215]: -1.000282102512952e+00
paramR.coef[1][0].elem[215]: -1.890322727061347e-03
paramR.coef[2][0].elem[215]: -9.392476774700445e-04
paramR.coef[3][0].elem[215]: -1.007703491110088e+00
auxint: 7
auxint: 25
paramR.coef[0][0].elem[216]: -1.000281960303668e+00
paramR.coef[1][0].elem[216]: -1.890135861610010e-03
paramR.coef[2][0].elem[216]: -9.392970666545075e-04
paramR.coef[3][0].elem[216]: -1.007704433132784e+00
auxint: 7
auxint: 26
paramR.coef[0][0].elem[217]: -1.000281865668829e+00
paramR.coef[1][0].elem[217]: -1.890075454408326e-03
paramR.coef[2][0].elem[217]: -9.392470661187423e-04
paramR.coef[3][0].elem[217]: -1.007704977674267e+00
auxint: 7
auxint: 27
paramR.coef[0][0].elem[218]: -1.000281822181115e+00
paramR.coef[1][0].elem[218]: -1.890144556490287e-03
paramR.coef[2][0].elem[218]: -9.390964981305937e-04
paramR.coef[3][0].elem[218]: -1.007705102558407e+00
auxint: 7
auxint: 28
paramR.coef[0][0].elem[219]: -1.000281831275285e+00
paramR.coef[1][0].elem[219]: -1.890340899025022e-03
paramR.coef[2][0].elem[219]: -9.388491769661707e-04
paramR.coef[3][0].elem[219]: -1.007704802678613e+00
auxint: 7
auxint: 29
paramR.coef[0][0].elem[220]: -1.000281892226973e+00
paramR.coef[1][0].elem[220]: -1.890656919095754e-03
paramR.coef[2][0].elem[220]: -9.385140662341487e-04
paramR.coef[3][0].elem[220]: -1.007704090249235e+00
auxint: 7
auxint: 30
paramR.coef[0][0].elem[221]: -1.000282002237828e+00
paramR.coef[1][0].elem[221]: -1.891080056635923e-03
paramR.coef[2][0].elem[221]: -9.381050048141500e-04
paramR.coef[3][0].elem[221]: -1.007702994220591e+00
auxint: 7
auxint: 31
paramR.coef[0][0].elem[222]: -1.000282156614686e+00
paramR.coef[1][0].elem[222]: -1.891593308679737e-03
paramR.coef[2][0].elem[222]: -9.376400051142702e-04
paramR.coef[3][0].elem[222]: -1.007701558902648e+00
auxint: 7
auxint: 32
paramR.coef[0][0].elem[223]: -1.000282349023987e+00
paramR.coef[1][0].elem[223]: -1.892176005270428e-03
paramR.coef[2][0].elem[223]: -9.371401852586017e-04
paramR.coef[3][0].elem[223]: -1.007699841900922e+00
auxint: 8
auxint: 1
paramR.coef[0][0].elem[224]: -1.000282882573151e+00
paramR.coef[1][0].elem[224]: -1.893084135301676e-03
paramR.coef[2][0].elem[224]: -9.357932806516644e-04
paramR.coef[3][0].elem[224]: -1.007697097255898e+00
auxint: 8
auxint: 2
paramR.coef[0][0].elem[225]: -1.000283129014204e+00
paramR.coef[1][0].elem[225]: -1.893738475674161e-03
paramR.coef[2][0].elem[225]: -9.352903116781898e-04
paramR.coef[3][0].elem[225]: -1.007695015320005e+00
auxint: 8
auxint: 3
paramR.coef[0][0].elem[226]: -1.000283387539857e+00
paramR.coef[1][0].elem[226]: -1.894387601689091e-03
paramR.coef[2][0].elem[226]: -9.348214406789751e-04
paramR.coef[3][0].elem[226]: -1.007692878703260e+00
auxint: 8
auxint: 4
paramR.coef[0][0].elem[227]: -1.000283648474234e+00
paramR.coef[1][0].elem[227]: -1.895006237345813e-03
paramR.coef[2][0].elem[227]: -9.344065027771717e-04
paramR.coef[3][0].elem[227]: -1.007690769652524e+00
auxint: 8
auxint: 5
paramR.coef[0][0].elem[228]: -1.000283902177934e+00
paramR.coef[1][0].elem[228]: -1.895570646049687e-03
paramR.coef[2][0].elem[228]: -9.340619274330321e-04
paramR.coef[3][0].elem[228]: -1.007688768465247e+00
auxint: 8
auxint: 6
paramR.coef[0][0].elem[229]: -1.000284139356953e+00
paramR.coef[1][0].elem[229]: -1.896059530682614e-03
paramR.coef[2][0].elem[229]: -9.338000564247840e-04
paramR.coef[3][0].elem[229]: -1.007686950535142e+00
auxint: 8
auxint: 7
paramR.coef[0][0].elem[230]: -1.000284351348766e+00
paramR.coef[1][0].elem[230]: -1.896454790316280e-03
paramR.coef[2][0].elem[230]: -9.336288173665366e-04
paramR.coef[3][0].elem[230]: -1.007685383689874e+00
auxint: 8
auxint: 8
paramR.coef[0][0].elem[231]: -1.000284530385650e+00
paramR.coef[1][0].elem[231]: -1.896742113949425e-03
paramR.coef[2][0].elem[231]: -9.335517391341983e-04
paramR.coef[3][0].elem[231]: -1.007684125887979e+00
auxint: 8
auxint: 9
paramR.coef[0][0].elem[232]: -1.000284669835795e+00
paramR.coef[1][0].elem[232]: -1.896911402376390e-03
paramR.coef[2][0].elem[232]: -9.335682624779995e-04
paramR.coef[3][0].elem[232]: -1.007683223321417e+00
auxint: 8
auxint: 10
paramR.coef[0][0].elem[233]: -1.000284764421594e+00
paramR.coef[1][0].elem[233]: -1.896957019298634e-03
paramR.coef[2][0].elem[233]: -9.336742729203510e-04
paramR.coef[3][0].elem[233]: -1.007682708951215e+00
auxint: 8
auxint: 11
paramR.coef[0][0].elem[234]: -1.000284810412036e+00
paramR.coef[1][0].elem[234]: -1.896877880935101e-03
paramR.coef[2][0].elem[234]: -9.338627657442334e-04
paramR.coef[3][0].elem[234]: -1.007682601489376e+00
auxint: 8
auxint: 12
paramR.coef[0][0].elem[235]: -1.000284805782896e+00
paramR.coef[1][0].elem[235]: -1.896677398674753e-03
paramR.coef[2][0].elem[235]: -9.341245473677315e-04
paramR.coef[3][0].elem[235]: -1.007682904831471e+00
auxint: 8
auxint: 13
paramR.coef[0][0].elem[236]: -1.000284750335419e+00
paramR.coef[1][0].elem[236]: -1.896363291506013e-03
paramR.coef[2][0].elem[236]: -9.344488848003200e-04
paramR.coef[3][0].elem[236]: -1.007683607940252e+00
auxint: 8
auxint: 14
paramR.coef[0][0].elem[237]: -1.000284645762161e+00
paramR.coef[1][0].elem[237]: -1.895947284367906e-03
paramR.coef[2][0].elem[237]: -9.348240335335177e-04
paramR.coef[3][0].elem[237]: -1.007684685179523e+00
auxint: 8
auxint: 15
paramR.coef[0][0].elem[238]: -1.000284495648249e+00
paramR.coef[1][0].elem[238]: -1.895444705744143e-03
paramR.coef[2][0].elem[238]: -9.352376015706431e-04
paramR.coef[3][0].elem[238]: -1.007686097098107e+00
auxint: 8
auxint: 16
paramR.coef[0][0].elem[239]: -1.000284305397830e+00
paramR.coef[1][0].elem[239]: -1.894873993751576e-03
paramR.coef[2][0].elem[239]: -9.356767410858630e-04
paramR.coef[3][0].elem[239]: -1.007687791663066e+00
auxint: 8
auxint: 17
paramR.coef[0][0].elem[240]: -1.000284082079092e+00
paramR.coef[1][0].elem[240]: -1.894256116261727e-03
paramR.coef[2][0].elem[240]: -9.361281958225206e-04
paramR.coef[3][0].elem[240]: -1.007689705935641e+00
auxint: 8
auxint: 18
paramR.coef[0][0].elem[241]: -1.000283834186681e+00
paramR.coef[1][0].elem[241]: -1.893613908852330e-03
paramR.coef[2][0].elem[241]: -9.365782653092157e-04
paramR.coef[3][0].elem[241]: -1.007691768170571e+00
auxint: 8
auxint: 19
paramR.coef[0][0].elem[242]: -1.000283571326668e+00
paramR.coef[1][0].elem[242]: -1.892971335330383e-03
paramR.coef[2][0].elem[242]: -9.370127688390828e-04
paramR.coef[3][0].elem[242]: -1.007693900301246e+00
auxint: 8
auxint: 20
paramR.coef[0][0].elem[243]: -1.000283303835321e+00
paramR.coef[1][0].elem[243]: -1.892352678950108e-03
paramR.coef[2][0].elem[243]: -9.374170981589986e-04
paramR.coef[3][0].elem[243]: -1.007696020752727e+00
auxint: 8
auxint: 21
paramR.coef[0][0].elem[244]: -1.000283042348309e+00
paramR.coef[1][0].elem[244]: -1.891781677864664e-03
paramR.coef[2][0].elem[244]: -9.377764369458552e-04
paramR.coef[3][0].elem[244]: -1.007698047503707e+00
auxint: 8
auxint: 22
paramR.coef[0][0].elem[245]: -1.000282797341246e+00
paramR.coef[1][0].elem[245]: -1.891280625725205e-03
paramR.coef[2][0].elem[245]: -9.380761984093516e-04
paramR.coef[3][0].elem[245]: -1.007699901296458e+00
auxint: 8
auxint: 23
paramR.coef[0][0].elem[246]: -1.000282578665678e+00
paramR.coef[1][0].elem[246]: -1.890869467418484e-03
paramR.coef[2][0].elem[246]: -9.383026920697837e-04
paramR.coef[3][0].elem[246]: -1.007701508871088e+00
auxint: 8
auxint: 24
paramR.coef[0][0].elem[247]: -1.000282395106347e+00
paramR.coef[1][0].elem[247]: -1.890564929577519e-03
paramR.coef[2][0].elem[247]: -9.384439823680573e-04
paramR.coef[3][0].elem[247]: -1.007702806079367e+00
auxint: 8
auxint: 25
paramR.coef[0][0].elem[248]: -1.000282253985562e+00
paramR.coef[1][0].elem[248]: -1.890379733784080e-03
paramR.coef[2][0].elem[248]: -9.384908547281290e-04
paramR.coef[3][0].elem[248]: -1.007703740718014e+00
auxint: 8
auxint: 26
paramR.coef[0][0].elem[249]: -1.000282160838614e+00
paramR.coef[1][0].elem[249]: -1.890321945227740e-03
paramR.coef[2][0].elem[249]: -9.384377695208515e-04
paramR.coef[3][0].elem[249]: -1.007704274915344e+00
auxint: 8
auxint: 27
paramR.coef[0][0].elem[250]: -1.000282119180179e+00
paramR.coef[1][0].elem[250]: -1.890394509103764e-03
paramR.coef[2][0].elem[250]: -9.382836684329353e-04
paramR.coef[3][0].elem[250]: -1.007704386913470e+00
auxint: 8
auxint: 28
paramR.coef[0][0].elem[251]: -1.000282130375467e+00
paramR.coef[1][0].elem[251]: -1.890595019653717e-03
paramR.coef[2][0].elem[251]: -9.380325039612113e-04
paramR.coef[3][0].elem[251]: -1.007704072115480e+00
auxint: 8
auxint: 29
paramR.coef[0][0].elem[252]: -1.000282193621590e+00
paramR.coef[1][0].elem[252]: -1.890915751898564e-03
paramR.coef[2][0].elem[252]: -9.376933909389361e-04
paramR.coef[3][0].elem[252]: -1.007703343314787e+00
auxint: 8
auxint: 30
paramR.coef[0][0].elem[253]: -1.000282306035400e+00
paramR.coef[1][0].elem[253]: -1.891343965214212e-03
paramR.coef[2][0].elem[253]: -9.372803260021955e-04
paramR.coef[3][0].elem[253]: -1.007702230086704e+00
auxint: 8
auxint: 31
paramR.coef[0][0].elem[254]: -1.000282462835420e+00
paramR.coef[1][0].elem[254]: -1.891862464505556e-03
paramR.coef[2][0].elem[254]: -9.368114790962667e-04
paramR.coef[3][0].elem[254]: -1.007700777388544e+00
auxint: 8
auxint: 32
paramR.coef[0][0].elem[255]: -1.000282657599108e+00
paramR.coef[1][0].elem[255]: -1.892450383139893e-03
paramR.coef[2][0].elem[255]: -9.363081189452255e-04
paramR.coef[3][0].elem[255]: -1.007699043472350e+00
auxint: 9
auxint: 1
paramR.coef[0][0].elem[256]: -1.000283176331591e+00
paramR.coef[1][0].elem[256]: -1.893438031589945e-03
paramR.coef[2][0].elem[256]: -9.345555183191636e-04
paramR.coef[3][0].elem[256]: -1.007696211841074e+00
auxint: 9
auxint: 2
paramR.coef[0][0].elem[257]: -1.000283424836517e+00
paramR.coef[1][0].elem[257]: -1.894097031591431e-03
paramR.coef[2][0].elem[257]: -9.340505177457835e-04
paramR.coef[3][0].elem[257]: -1.007694115124777e+00
auxint: 9
auxint: 3
paramR.coef[0][0].elem[258]: -1.000283685202803e+00
paramR.coef[1][0].elem[258]: -1.894750477823734e-03
paramR.coef[2][0].elem[258]: -9.335800079712308e-04
paramR.coef[3][0].elem[258]: -1.007691965207408e+00
auxint: 9
auxint: 4
paramR.coef[0][0].elem[259]: -1.000283947683454e+00
paramR.coef[1][0].elem[259]: -1.895372932835831e-03
paramR.coef[2][0].elem[259]: -9.331638830799615e-04
paramR.coef[3][0].elem[259]: -1.007689844831958e+00
auxint: 9
auxint: 5
paramR.coef[0][0].elem[260]: -1.000284202577367e+00
paramR.coef[1][0].elem[260]: -1.895940514576009e-03
paramR.coef[2][0].elem[260]: -9.328186143109845e-04
paramR.coef[3][0].elem[260]: -1.007687834728415e+00
auxint: 9
auxint: 6
paramR.coef[0][0].elem[261]: -1.000284440540951e+00
paramR.coef[1][0].elem[261]: -1.896431801867810e-03
paramR.coef[2][0].elem[261]: -9.325565669324270e-04
paramR.coef[3][0].elem[261]: -1.007686010643301e+00
auxint: 9
auxint: 7
paramR.coef[0][0].elem[262]: -1.000284652876681e+00
paramR.coef[1][0].elem[262]: -1.896828596284357e-03
paramR.coef[2][0].elem[262]: -9.323856732629702e-04
paramR.coef[3][0].elem[262]: -1.007684440662111e+00
auxint: 9
auxint: 8
paramR.coef[0][0].elem[263]: -1.000284831798527e+00
paramR.coef[1][0].elem[263]: -1.897116520473096e-03
paramR.coef[2][0].elem[263]: -9.323094482194525e-04
paramR.coef[3][0].elem[263]: -1.007683182892899e+00
auxint: 9
auxint: 9
paramR.coef[0][0].elem[264]: -1.000284970674581e+00
paramR.coef[1][0].elem[264]: -1.897285443760574e-03
paramR.coef[2][0].elem[264]: -9.323273005223478e-04
paramR.coef[3][0].elem[264]: -1.007682283558368e+00
auxint: 9
auxint: 10
paramR.coef[0][0].elem[265]: -1.000285064246088e+00
paramR.coef[1][0].elem[265]: -1.897329735847816e-03
paramR.coef[2][0].elem[265]: -9.324350665895020e-04
paramR.coef[3][0].elem[265]: -1.007681775525141e+00
auxint: 9
auxint: 11
paramR.coef[0][0].elem[266]: -1.000285108819631e+00
paramR.coef[1][0].elem[266]: -1.897248357496100e-03
paramR.coef[2][0].elem[266]: -9.326256770234831e-04
paramR.coef[3][0].elem[266]: -1.007681677284520e+00
auxint: 9
auxint: 12
paramR.coef[0][0].elem[267]: -1.000285102426100e+00
paramR.coef[1][0].elem[267]: -1.897044802459756e-03
paramR.coef[2][0].elem[267]: -9.328898600703650e-04
paramR.coef[3][0].elem[267]: -1.007681992390018e+00
auxint: 9
auxint: 13
paramR.coef[0][0].elem[268]: -1.000285044937175e+00
paramR.coef[1][0].elem[268]: -1.896726907296838e-03
paramR.coef[2][0].elem[268]: -9.332167936688773e-04
paramR.coef[3][0].elem[268]: -1.007682709352211e+00
auxint: 9
auxint: 14
paramR.coef[0][0].elem[269]: -1.000284938128073e+00
paramR.coef[1][0].elem[269]: -1.896306545245204e-03
paramR.coef[2][0].elem[269]: -9.335946363257488e-04
paramR.coef[3][0].elem[269]: -1.007683801990035e+00
auxint: 9
auxint: 15
paramR.coef[0][0].elem[270]: -1.000284785674975e+00
paramR.coef[1][0].elem[270]: -1.895799217616343e-03
paramR.coef[2][0].elem[270]: -9.340108945043192e-04
paramR.coef[3][0].elem[270]: -1.007685230237872e+00
auxint: 9
auxint: 16
paramR.coef[0][0].elem[271]: -1.000284593077106e+00
paramR.coef[1][0].elem[271]: -1.895223552249985e-03
paramR.coef[2][0].elem[271]: -9.344526179967126e-04
paramR.coef[3][0].elem[271]: -1.007686941406430e+00
auxint: 9
auxint: 17
paramR.coef[0][0].elem[272]: -1.000284367497218e+00
paramR.coef[1][0].elem[272]: -1.894600715102334e-03
paramR.coef[2][0].elem[272]: -9.349064512017933e-04
paramR.coef[3][0].elem[272]: -1.007688871888829e+00
auxint: 9
auxint: 18
paramR.coef[0][0].elem[273]: -1.000284117519701e+00
paramR.coef[1][0].elem[273]: -1.893953739417578e-03
paramR.coef[2][0].elem[273]: -9.353586011181237e-04
paramR.coef[3][0].elem[273]: -1.007690949290180e+00
auxint: 9
auxint: 19
paramR.coef[0][0].elem[274]: -1.000283852831716e+00
paramR.coef[1][0].elem[274]: -1.893306777743958e-03
paramR.coef[2][0].elem[274]: -9.357948048815842e-04
paramR.coef[3][0].elem[274]: -1.007693094941264e+00
auxint: 9
auxint: 20
paramR.coef[0][0].elem[275]: -1.000283583838774e+00
paramR.coef[1][0].elem[275]: -1.892684285231922e-03
paramR.coef[2][0].elem[275]: -9.362003858291222e-04
paramR.coef[3][0].elem[275]: -1.007695226737182e+00
auxint: 9
auxint: 21
paramR.coef[0][0].elem[276]: -1.000283321231459e+00
paramR.coef[1][0].elem[276]: -1.892110148038361e-03
paramR.coef[2][0].elem[276]: -9.365604760840918e-04
paramR.coef[3][0].elem[276]: -1.007697262221047e+00
auxint: 9
auxint: 22
paramR.coef[0][0].elem[277]: -1.000283075524301e+00
paramR.coef[1][0].elem[277]: -1.891606778134862e-03
paramR.coef[2][0].elem[277]: -9.368604566928683e-04
paramR.coef[3][0].elem[277]: -1.007699121810580e+00
auxint: 9
auxint: 23
paramR.coef[0][0].elem[278]: -1.000282856590921e+00
paramR.coef[1][0].elem[278]: -1.891194204853928e-03
paramR.coef[2][0].elem[278]: -9.370866260701846e-04
paramR.coef[3][0].elem[278]: -1.007700732043021e+00
auxint: 9
auxint: 24
paramR.coef[0][0].elem[279]: -1.000282673221224e+00
paramR.coef[1][0].elem[279]: -1.890889202898139e-03
paramR.coef[2][0].elem[279]: -9.372270593777555e-04
paramR.coef[3][0].elem[279]: -1.007702028693607e+00
auxint: 9
auxint: 25
paramR.coef[0][0].elem[280]: -1.000282532726273e+00
paramR.coef[1][0].elem[280]: -1.890704504604043e-03
paramR.coef[2][0].elem[280]: -9.372725745406501e-04
paramR.coef[3][0].elem[280]: -1.007702959608085e+00
auxint: 9
auxint: 26
paramR.coef[0][0].elem[281]: -1.000282440614673e+00
paramR.coef[1][0].elem[281]: -1.890648149104852e-03
paramR.coef[2][0].elem[281]: -9.372176852555377e-04
paramR.coef[3][0].elem[281]: -1.007703487083791e+00
auxint: 9
auxint: 27
paramR.coef[0][0].elem[282]: -1.000282400360338e+00
paramR.coef[1][0].elem[282]: -1.890723020637596e-03
paramR.coef[2][0].elem[282]: -9.370614052619783e-04
paramR.coef[3][0].elem[282]: -1.007703589641881e+00
auxint: 9
auxint: 28
paramR.coef[0][0].elem[283]: -1.000282413275322e+00
paramR.coef[1][0].elem[283]: -1.890926620788294e-03
paramR.coef[2][0].elem[283]: -9.368077745821253e-04
paramR.coef[3][0].elem[283]: -1.007703263060765e+00
auxint: 9
auxint: 29
paramR.coef[0][0].elem[284]: -1.000282478493095e+00
paramR.coef[1][0].elem[284]: -1.891251104433295e-03
paramR.coef[2][0].elem[284]: -9.364660069806313e-04
paramR.coef[3][0].elem[284]: -1.007702520589074e+00
auxint: 9
auxint: 30
paramR.coef[0][0].elem[285]: -1.000282593058455e+00
paramR.coef[1][0].elem[285]: -1.891683588191847e-03
paramR.coef[2][0].elem[285]: -9.360502049685491e-04
paramR.coef[3][0].elem[285]: -1.007701392319299e+00
auxint: 9
auxint: 31
paramR.coef[0][0].elem[286]: -1.000282752111693e+00
paramR.coef[1][0].elem[286]: -1.892206716945384e-03
paramR.coef[2][0].elem[286]: -9.355786466527898e-04
paramR.coef[3][0].elem[286]: -1.007699923769026e+00
auxint: 9
auxint: 32
paramR.coef[0][0].elem[287]: -1.000282949148252e+00
paramR.coef[1][0].elem[287]: -1.892799452464375e-03
paramR.coef[2][0].elem[287]: -9.350727064730459e-04
paramR.coef[3][0].elem[287]: -1.007698173774243e+00
auxint: 10
auxint: 1
paramR.coef[0][0].elem[288]: -1.000283441818874e+00
paramR.coef[1][0].elem[288]: -1.893852415741742e-03
paramR.coef[2][0].elem[288]: -9.329624628189053e-04
paramR.coef[3][0].elem[288]: -1.007695291099125e+00
auxint: 10
auxint: 2
paramR.coef[0][0].elem[289]: -1.000283692406007e+00
paramR.coef[1][0].elem[289]: -1.894515947755581e-03
paramR.coef[2][0].elem[289]: -9.324560340380140e-04
paramR.coef[3][0].elem[289]: -1.007693179577690e+00
auxint: 10
auxint: 3
paramR.coef[0][0].elem[290]: -1.000283954727730e+00
paramR.coef[1][0].elem[290]: -1.895173834717763e-03
paramR.coef[2][0].elem[290]: -9.319842103733376e-04
paramR.coef[3][0].elem[290]: -1.007691015571002e+00
auxint: 10
auxint: 4
paramR.coef[0][0].elem[291]: -1.000284218961578e+00
paramR.coef[1][0].elem[291]: -1.895800473169872e-03
paramR.coef[2][0].elem[291]: -9.315669312235193e-04
paramR.coef[3][0].elem[291]: -1.007688882350440e+00
auxint: 10
auxint: 5
paramR.coef[0][0].elem[292]: -1.000284475336791e+00
paramR.coef[1][0].elem[292]: -1.896371821331717e-03
paramR.coef[2][0].elem[292]: -9.312207077887371e-04
paramR.coef[3][0].elem[292]: -1.007686861139506e+00
auxint: 10
auxint: 6
paramR.coef[0][0].elem[293]: -1.000284714448863e+00
paramR.coef[1][0].elem[293]: -1.896866310433455e-03
paramR.coef[2][0].elem[293]: -9.309579390431764e-04
paramR.coef[3][0].elem[293]: -1.007685028124995e+00
auxint: 10
auxint: 7
paramR.coef[0][0].elem[294]: -1.000284927551002e+00
paramR.coef[1][0].elem[294]: -1.897265612635428e-03
paramR.coef[2][0].elem[294]: -9.307865839190178e-04
paramR.coef[3][0].elem[294]: -1.007683451760763e+00
auxint: 10
auxint: 8
paramR.coef[0][0].elem[295]: -1.000285106822270e+00
paramR.coef[1][0].elem[295]: -1.897555245402535e-03
paramR.coef[2][0].elem[295]: -9.307101759805657e-04
paramR.coef[3][0].elem[295]: -1.007682190432926e+00
auxint: 10
auxint: 9
paramR.coef[0][0].elem[296]: -1.000285245612478e+00
paramR.coef[1][0].elem[296]: -1.897725002712106e-03
paramR.coef[2][0].elem[296]: -9.307281336521085e-04
paramR.coef[3][0].elem[296]: -1.007681290535519e+00
auxint: 10
auxint: 10
paramR.coef[0][0].elem[297]: -1.000285338662708e+00
paramR.coef[1][0].elem[297]: -1.897769213263325e-03
paramR.coef[2][0].elem[297]: -9.308362931903012e-04
paramR.coef[3][0].elem[297]: -1.007680784987462e+00
auxint: 10
auxint: 11
paramR.coef[0][0].elem[298]: -1.000285382298028e+00
paramR.coef[1][0].elem[298]: -1.897686834086063e-03
paramR.coef[2][0].elem[298]: -9.310275745646906e-04
paramR.coef[3][0].elem[298]: -1.007680692206723e+00
auxint: 10
auxint: 12
paramR.coef[0][0].elem[299]: -1.000285374585996e+00
paramR.coef[1][0].elem[299]: -1.897481393611080e-03
paramR.coef[2][0].elem[299]: -9.312926847219363e-04
paramR.coef[3][0].elem[299]: -1.007681015547409e+00
auxint: 10
auxint: 13
paramR.coef[0][0].elem[300]: -1.000285315451674e+00
paramR.coef[1][0].elem[300]: -1.897160800758863e-03
paramR.coef[2][0].elem[300]: -9.316207698118219e-04
paramR.coef[3][0].elem[300]: -1.007681743200488e+00
auxint: 10
auxint: 14
paramR.coef[0][0].elem[301]: -1.000285206737944e+00
paramR.coef[1][0].elem[301]: -1.896737036095523e-03
paramR.coef[2][0].elem[301]: -9.319999466718497e-04
paramR.coef[3][0].elem[301]: -1.007682848557665e+00
auxint: 10
auxint: 15
paramR.coef[0][0].elem[302]: -1.000285052199614e+00
paramR.coef[1][0].elem[302]: -1.896225738453516e-03
paramR.coef[2][0].elem[302]: -9.324176714513937e-04
paramR.coef[3][0].elem[302]: -1.007684291037721e+00
auxint: 10
auxint: 16
paramR.coef[0][0].elem[303]: -1.000284857421555e+00
paramR.coef[1][0].elem[303]: -1.895645696862357e-03
paramR.coef[2][0].elem[303]: -9.328609369121975e-04
paramR.coef[3][0].elem[303]: -1.007686017371995e+00
auxint: 10
auxint: 17
paramR.coef[0][0].elem[304]: -1.000284629654992e+00
paramR.coef[1][0].elem[304]: -1.895018254483150e-03
paramR.coef[2][0].elem[304]: -9.333163261234781e-04
paramR.coef[3][0].elem[304]: -1.007687963338119e+00
auxint: 10
auxint: 18
paramR.coef[0][0].elem[305]: -1.000284377571487e+00
paramR.coef[1][0].elem[305]: -1.894366629613636e-03
paramR.coef[2][0].elem[305]: -9.337699830959733e-04
paramR.coef[3][0].elem[305]: -1.007690055918181e+00
auxint: 10
auxint: 19
paramR.coef[0][0].elem[306]: -1.000284110940261e+00
paramR.coef[1][0].elem[306]: -1.893715159463654e-03
paramR.coef[2][0].elem[306]: -9.342075830945701e-04
paramR.coef[3][0].elem[306]: -1.007692215840391e+00
auxint: 10
auxint: 20
paramR.coef[0][0].elem[307]: -1.000283840240462e+00
paramR.coef[1][0].elem[307]: -1.893088475532053e-03
paramR.coef[2][0].elem[307]: -9.346143915977028e-04
paramR.coef[3][0].elem[307]: -1.007694360443647e+00
auxint: 10
auxint: 21
paramR.coef[0][0].elem[308]: -1.000283576225268e+00
paramR.coef[1][0].elem[308]: -1.892510624869002e-03
paramR.coef[2][0].elem[308]: -9.349754897208447e-04
paramR.coef[3][0].elem[308]: -1.007696406783412e+00
auxint: 10
auxint: 22
paramR.coef[0][0].elem[309]: -1.000283329458904e+00
paramR.coef[1][0].elem[309]: -1.892004158890089e-03
paramR.coef[2][0].elem[309]: -9.352762168286061e-04
paramR.coef[3][0].elem[309]: -1.007698274875710e+00
auxint: 10
auxint: 23
paramR.coef[0][0].elem[310]: -1.000283109850630e+00
paramR.coef[1][0].elem[310]: -1.891589220173977e-03
paramR.coef[2][0].elem[310]: -9.355028409291616e-04
paramR.coef[3][0].elem[310]: -1.007699890954644e+00
auxint: 10
auxint: 24
paramR.coef[0][0].elem[311]: -1.000282926211308e+00
paramR.coef[1][0].elem[311]: -1.891282666917495e-03
paramR.coef[2][0].elem[311]: -9.356434195041560e-04
paramR.coef[3][0].elem[311]: -1.007701190599158e+00
auxint: 10
auxint: 25
paramR.coef[0][0].elem[312]: -1.000282785858156e+00
paramR.coef[1][0].elem[312]: -1.891097282898419e-03
paramR.coef[2][0].elem[312]: -9.356887664341679e-04
paramR.coef[3][0].elem[312]: -1.007702121569525e+00
auxint: 10
auxint: 26
paramR.coef[0][0].elem[313]: -1.000282694291458e+00
paramR.coef[1][0].elem[313]: -1.891041125741726e-03
paramR.coef[2][0].elem[313]: -9.356334051220361e-04
paramR.coef[3][0].elem[313]: -1.007702646187733e+00
auxint: 10
auxint: 27
paramR.coef[0][0].elem[314]: -1.000282654963071e+00
paramR.coef[1][0].elem[314]: -1.891117065700378e-03
paramR.coef[2][0].elem[314]: -9.354763718990151e-04
paramR.coef[3][0].elem[314]: -1.007702743104725e+00
auxint: 10
auxint: 28
paramR.coef[0][0].elem[315]: -1.000282669150258e+00
paramR.coef[1][0].elem[315]: -1.891322559428558e-03
paramR.coef[2][0].elem[315]: -9.352217405982175e-04
paramR.coef[3][0].elem[315]: -1.007702408325791e+00
auxint: 10
auxint: 29
paramR.coef[0][0].elem[316]: -1.000282735940148e+00
paramR.coef[1][0].elem[316]: -1.891649688182068e-03
paramR.coef[2][0].elem[316]: -9.348787679450411e-04
paramR.coef[3][0].elem[316]: -1.007701655413538e+00
auxint: 10
auxint: 30
paramR.coef[0][0].elem[317]: -1.000282852321009e+00
paramR.coef[1][0].elem[317]: -1.892085469183734e-03
paramR.coef[2][0].elem[317]: -9.344616063051476e-04
paramR.coef[3][0].elem[317]: -1.007700514849797e+00
auxint: 10
auxint: 31
paramR.coef[0][0].elem[318]: -1.000283013368046e+00
paramR.coef[1][0].elem[318]: -1.892612425746288e-03
paramR.coef[2][0].elem[318]: -9.339885880639179e-04
paramR.coef[3][0].elem[318]: -1.007699032603264e+00
auxint: 10
auxint: 32
paramR.coef[0][0].elem[319]: -1.000283212504954e+00
paramR.coef[1][0].elem[319]: -1.893209380053118e-03
paramR.coef[2][0].elem[319]: -9.334811437568092e-04
paramR.coef[3][0].elem[319]: -1.007697268007866e+00
auxint: 11
auxint: 1
paramR.coef[0][0].elem[320]: -1.000283668985807e+00
paramR.coef[1][0].elem[320]: -1.894310957850083e-03
paramR.coef[2][0].elem[320]: -9.310758100424976e-04
paramR.coef[3][0].elem[320]: -1.007694371548101e+00
auxint: 11
auxint: 2
paramR.coef[0][0].elem[321]: -1.000283921590058e+00
paramR.coef[1][0].elem[321]: -1.894978713028957e-03
paramR.coef[2][0].elem[321]: -9.305686261650358e-04
paramR.coef[3][0].elem[321]: -1.007692245787284e+00
auxint: 11
auxint: 3
paramR.coef[0][0].elem[322]: -1.000284185903121e+00
paramR.coef[1][0].elem[322]: -1.895640982406651e-03
paramR.coef[2][0].elem[322]: -9.300958827288142e-04
paramR.coef[3][0].elem[322]: -1.007690067468941e+00
auxint: 11
auxint: 4
paramR.coef[0][0].elem[323]: -1.000284452025752e+00
paramR.coef[1][0].elem[323]: -1.896271998619728e-03
paramR.coef[2][0].elem[323]: -9.296775482211259e-04
paramR.coef[3][0].elem[323]: -1.007687920404031e+00
auxint: 11
auxint: 5
paramR.coef[0][0].elem[324]: -1.000284710112386e+00
paramR.coef[1][0].elem[324]: -1.896847552329302e-03
paramR.coef[2][0].elem[324]: -9.293301695273521e-04
paramR.coef[3][0].elem[324]: -1.007685886350771e+00
auxint: 11
auxint: 6
paramR.coef[0][0].elem[325]: -1.000284950688802e+00
paramR.coef[1][0].elem[325]: -1.897345909687767e-03
paramR.coef[2][0].elem[325]: -9.290661872997560e-04
paramR.coef[3][0].elem[325]: -1.007684042005622e+00
auxint: 11
auxint: 7
paramR.coef[0][0].elem[326]: -1.000285164946781e+00
paramR.coef[1][0].elem[326]: -1.897748586948250e-03
paramR.coef[2][0].elem[326]: -9.288936070566121e-04
paramR.coef[3][0].elem[326]: -1.007682456285661e+00
auxint: 11
auxint: 8
paramR.coef[0][0].elem[327]: -1.000285345015411e+00
paramR.coef[1][0].elem[327]: -1.898040962000910e-03
paramR.coef[2][0].elem[327]: -9.288160120887656e-04
paramR.coef[3][0].elem[327]: -1.007681187971534e+00
auxint: 11
auxint: 9
paramR.coef[0][0].elem[328]: -1.000285484208835e+00
paramR.coef[1][0].elem[328]: -1.898212712730171e-03
paramR.coef[2][0].elem[328]: -9.288328712052432e-04
paramR.coef[3][0].elem[328]: -1.007680283761734e+00
auxint: 11
auxint: 10
paramR.coef[0][0].elem[329]: -1.000285577248990e+00
paramR.coef[1][0].elem[329]: -1.898258081540612e-03
paramR.coef[2][0].elem[329]: -9.289400688488192e-04
paramR.coef[3][0].elem[329]: -1.007679776771707e+00
auxint: 11
auxint: 11
paramR.coef[0][0].elem[330]: -1.000285620459644e+00
paramR.coef[1][0].elem[330]: -1.898175973767538e-03
paramR.coef[2][0].elem[330]: -9.291305681956380e-04
paramR.coef[3][0].elem[330]: -1.007679685495722e+00
auxint: 11
auxint: 12
paramR.coef[0][0].elem[331]: -1.000285611925215e+00
paramR.coef[1][0].elem[331]: -1.897969903753219e-03
paramR.coef[2][0].elem[331]: -9.293951119197470e-04
paramR.coef[3][0].elem[331]: -1.007680013237992e+00
auxint: 11
auxint: 13
paramR.coef[0][0].elem[332]: -1.000285551605079e+00
paramR.coef[1][0].elem[332]: -1.897647805043530e-03
paramR.coef[2][0].elem[332]: -9.297228722227929e-04
paramR.coef[3][0].elem[332]: -1.007680748013986e+00
auxint: 11
auxint: 14
paramR.coef[0][0].elem[333]: -1.000285441392155e+00
paramR.coef[1][0].elem[333]: -1.897221720573376e-03
paramR.coef[2][0].elem[333]: -9.301019805939998e-04
paramR.coef[3][0].elem[333]: -1.007681862921912e+00
auxint: 11
auxint: 15
paramR.coef[0][0].elem[334]: -1.000285285104360e+00
paramR.coef[1][0].elem[334]: -1.896707386125395e-03
paramR.coef[2][0].elem[334]: -9.305198955298724e-04
paramR.coef[3][0].elem[334]: -1.007683316983667e+00
auxint: 11
auxint: 16
paramR.coef[0][0].elem[335]: -1.000285088399416e+00
paramR.coef[1][0].elem[335]: -1.896123717155880e-03
paramR.coef[2][0].elem[335]: -9.309635999372503e-04
paramR.coef[3][0].elem[335]: -1.007685056450701e+00
auxint: 11
auxint: 17
paramR.coef[0][0].elem[336]: -1.000284858607447e+00
paramR.coef[1][0].elem[336]: -1.895492206251018e-03
paramR.coef[2][0].elem[336]: -9.314196557643887e-04
paramR.coef[3][0].elem[336]: -1.007687016561865e+00
auxint: 11
auxint: 18
paramR.coef[0][0].elem[337]: -1.000284604481157e+00
paramR.coef[1][0].elem[337]: -1.894836236849518e-03
paramR.coef[2][0].elem[337]: -9.318741761065657e-04
paramR.coef[3][0].elem[337]: -1.007689123727526e+00
auxint: 11
auxint: 19
paramR.coef[0][0].elem[338]: -1.000284335869512e+00
paramR.coef[1][0].elem[338]: -1.894180319369499e-03
paramR.coef[2][0].elem[338]: -9.323127973979338e-04
paramR.coef[3][0].elem[338]: -1.007691298097524e+00
auxint: 11
auxint: 20
paramR.coef[0][0].elem[339]: -1.000284063326752e+00
paramR.coef[1][0].elem[339]: -1.893549259028585e-03
paramR.coef[2][0].elem[339]: -9.327207406287498e-04
paramR.coef[3][0].elem[339]: -1.007693456450649e+00
auxint: 11
auxint: 21
paramR.coef[0][0].elem[340]: -1.000283797673841e+00
paramR.coef[1][0].elem[340]: -1.892967270153991e-03
paramR.coef[2][0].elem[340]: -9.330830392286499e-04
paramR.coef[3][0].elem[340]: -1.007695515322289e+00
auxint: 11
auxint: 22
paramR.coef[0][0].elem[341]: -1.000283549533474e+00
paramR.coef[1][0].elem[341]: -1.892457058965035e-03
paramR.coef[2][0].elem[341]: -9.333849840444766e-04
paramR.coef[3][0].elem[341]: -1.007697394266165e+00
auxint: 11
auxint: 23
paramR.coef[0][0].elem[342]: -1.000283328862590e+00
paramR.coef[1][0].elem[342]: -1.892038905231403e-03
paramR.coef[2][0].elem[342]: -9.336127958512460e-04
paramR.coef[3][0].elem[342]: -1.007699019126052e+00
auxint: 11
auxint: 24
paramR.coef[0][0].elem[343]: -1.000283144507850e+00
paramR.coef[1][0].elem[343]: -1.891729782369459e-03
paramR.coef[2][0].elem[343]: -9.337544880793046e-04
paramR.coef[3][0].elem[343]: -1.007700325173837e+00
auxint: 11
auxint: 25
paramR.coef[0][0].elem[344]: -1.000283003809672e+00
paramR.coef[1][0].elem[344]: -1.891542563957168e-03
paramR.coef[2][0].elem[344]: -9.338008353759038e-04
paramR.coef[3][0].elem[344]: -1.007701259954092e+00
auxint: 11
auxint: 26
paramR.coef[0][0].elem[345]: -1.000282912278630e+00
paramR.coef[1][0].elem[345]: -1.891485369724852e-03
paramR.coef[2][0].elem[345]: -9.337463278745125e-04
paramR.coef[3][0].elem[345]: -1.007701785668713e+00
auxint: 11
auxint: 27
paramR.coef[0][0].elem[346]: -1.000282873364001e+00
paramR.coef[1][0].elem[346]: -1.891561103232756e-03
paramR.coef[2][0].elem[346]: -9.335899751047941e-04
paramR.coef[3][0].elem[346]: -1.007701880944754e+00
auxint: 11
auxint: 28
paramR.coef[0][0].elem[347]: -1.000282888327866e+00
paramR.coef[1][0].elem[347]: -1.891767225386995e-03
paramR.coef[2][0].elem[347]: -9.333358306030723e-04
paramR.coef[3][0].elem[347]: -1.007701541857961e+00
auxint: 11
auxint: 29
paramR.coef[0][0].elem[348]: -1.000282956230000e+00
paramR.coef[1][0].elem[348]: -1.892095792959999e-03
paramR.coef[2][0].elem[348]: -9.329931371983077e-04
paramR.coef[3][0].elem[348]: -1.007700782132245e+00
auxint: 11
auxint: 30
paramR.coef[0][0].elem[349]: -1.000283074019801e+00
paramR.coef[1][0].elem[349]: -1.892533770905144e-03
paramR.coef[2][0].elem[349]: -9.325760396319701e-04
paramR.coef[3][0].elem[349]: -1.007699632496154e+00
auxint: 11
auxint: 31
paramR.coef[0][0].elem[350]: -1.000283236723060e+00
paramR.coef[1][0].elem[350]: -1.893063604193770e-03
paramR.coef[2][0].elem[350]: -9.321028687002252e-04
paramR.coef[3][0].elem[350]: -1.007698139242762e+00
auxint: 11
auxint: 32
paramR.coef[0][0].elem[351]: -1.000283437704805e+00
paramR.coef[1][0].elem[351]: -1.893664012960486e-03
paramR.coef[2][0].elem[351]: -9.315950590871204e-04
paramR.coef[3][0].elem[351]: -1.007696362098378e+00
auxint: 12
auxint: 1
paramR.coef[0][0].elem[352]: -1.000283849353405e+00
paramR.coef[1][0].elem[352]: -1.894795717229496e-03
paramR.coef[2][0].elem[352]: -9.289691978655987e-04
paramR.coef[3][0].elem[352]: -1.007693488809281e+00
auxint: 12
auxint: 2
paramR.coef[0][0].elem[353]: -1.000284103830635e+00
paramR.coef[1][0].elem[353]: -1.895467221892590e-03
paramR.coef[2][0].elem[353]: -9.284619645192699e-04
paramR.coef[3][0].elem[353]: -1.007691349929388e+00
auxint: 12
auxint: 3
paramR.coef[0][0].elem[354]: -1.000284370092424e+00
paramR.coef[1][0].elem[354]: -1.896133643173982e-03
paramR.coef[2][0].elem[354]: -9.279887390608168e-04
paramR.coef[3][0].elem[354]: -1.007689157638299e+00
auxint: 12
auxint: 4
paramR.coef[0][0].elem[355]: -1.000284638164489e+00
paramR.coef[1][0].elem[355]: -1.896769058412638e-03
paramR.coef[2][0].elem[355]: -9.275695011253702e-04
paramR.coef[3][0].elem[355]: -1.007686996276484e+00
auxint: 12
auxint: 5
paramR.coef[0][0].elem[356]: -1.000284898124281e+00
paramR.coef[1][0].elem[356]: -1.897349089455851e-03
paramR.coef[2][0].elem[356]: -9.272208270387172e-04
paramR.coef[3][0].elem[356]: -1.007684948157199e+00
auxint: 12
auxint: 6
paramR.coef[0][0].elem[357]: -1.000285140421835e+00
paramR.coef[1][0].elem[357]: -1.897851826376739e-03
paramR.coef[2][0].elem[357]: -9.269552049206428e-04
paramR.coef[3][0].elem[357]: -1.007683090535969e+00
auxint: 12
auxint: 7
paramR.coef[0][0].elem[358]: -1.000285356177847e+00
paramR.coef[1][0].elem[358]: -1.898258609280222e-03
paramR.coef[2][0].elem[358]: -9.267807044037059e-04
paramR.coef[3][0].elem[358]: -1.007681492869288e+00
auxint: 12
auxint: 8
paramR.coef[0][0].elem[359]: -1.000285537458443e+00
paramR.coef[1][0].elem[359]: -1.898554647805883e-03
paramR.coef[2][0].elem[359]: -9.267009869413324e-04
paramR.coef[3][0].elem[359]: -1.007680214432439e+00
auxint: 12
auxint: 9
paramR.coef[0][0].elem[360]: -1.000285677526219e+00
paramR.coef[1][0].elem[360]: -1.898729467745188e-03
paramR.coef[2][0].elem[360]: -9.267156097718169e-04
paramR.coef[3][0].elem[360]: -1.007679302348784e+00
auxint: 12
auxint: 10
paramR.coef[0][0].elem[361]: -1.000285771065806e+00
paramR.coef[1][0].elem[361]: -1.898777183374300e-03
paramR.coef[2][0].elem[361]: -9.268205514026486e-04
paramR.coef[3][0].elem[361]: -1.007678790066368e+00
auxint: 12
auxint: 11
paramR.coef[0][0].elem[362]: -1.000285814379982e+00
paramR.coef[1][0].elem[362]: -1.898696602476039e-03
paramR.coef[2][0].elem[362]: -9.270088697531917e-04
paramR.coef[3][0].elem[362]: -1.007678696301970e+00
auxint: 12
auxint: 12
paramR.coef[0][0].elem[363]: -1.000285805549622e+00
paramR.coef[1][0].elem[363]: -1.898491177311180e-03
paramR.coef[2][0].elem[363]: -9.272713980765664e-04
paramR.coef[3][0].elem[363]: -1.007679024460573e+00
auxint: 12
auxint: 13
paramR.coef[0][0].elem[364]: -1.000285744548067e+00
paramR.coef[1][0].elem[364]: -1.898168817688889e-03
paramR.coef[2][0].elem[364]: -9.275973905273979e-04
paramR.coef[3][0].elem[364]: -1.007679762532072e+00
auxint: 12
auxint: 14
paramR.coef[0][0].elem[365]: -1.000285633298738e+00
paramR.coef[1][0].elem[365]: -1.897741581838145e-03
paramR.coef[2][0].elem[365]: -9.279750480896046e-04
paramR.coef[3][0].elem[365]: -1.007680883465407e+00
auxint: 12
auxint: 15
paramR.coef[0][0].elem[366]: -1.000285475664717e+00
paramR.coef[1][0].elem[366]: -1.897225258362638e-03
paramR.coef[2][0].elem[366]: -9.283918834116127e-04
paramR.coef[3][0].elem[366]: -1.007682346019078e+00
auxint: 12
auxint: 16
paramR.coef[0][0].elem[367]: -1.000285277360961e+00
paramR.coef[1][0].elem[367]: -1.896638849598425e-03
paramR.coef[2][0].elem[367]: -9.288349164919266e-04
paramR.coef[3][0].elem[367]: -1.007684096082354e+00
auxint: 12
auxint: 17
paramR.coef[0][0].elem[368]: -1.000285045783824e+00
paramR.coef[1][0].elem[368]: -1.896003964042173e-03
paramR.coef[2][0].elem[368]: -9.292907287028472e-04
paramR.coef[3][0].elem[368]: -1.007686068452769e+00
auxint: 12
auxint: 18
paramR.coef[0][0].elem[369]: -1.000284789757923e+00
paramR.coef[1][0].elem[369]: -1.895344123951727e-03
paramR.coef[2][0].elem[369]: -9.297454351607046e-04
paramR.coef[3][0].elem[369]: -1.007688189042617e+00
auxint: 12
auxint: 19
paramR.coef[0][0].elem[370]: -1.000284519206506e+00
paramR.coef[1][0].elem[370]: -1.894683994737525e-03
paramR.coef[2][0].elem[370]: -9.301846578719976e-04
paramR.coef[3][0].elem[370]: -1.007690377470303e+00
auxint: 12
auxint: 20
paramR.coef[0][0].elem[371]: -1.000284244757442e+00
paramR.coef[1][0].elem[371]: -1.894048545937937e-03
paramR.coef[2][0].elem[371]: -9.305935885101996e-04
paramR.coef[3][0].elem[371]: -1.007692549972495e+00
auxint: 12
auxint: 21
paramR.coef[0][0].elem[372]: -1.000283977302076e+00
paramR.coef[1][0].elem[372]: -1.893462159020001e-03
paramR.coef[2][0].elem[372]: -9.309572183129884e-04
paramR.coef[3][0].elem[372]: -1.007694622552280e+00
auxint: 12
auxint: 22
paramR.coef[0][0].elem[373]: -1.000283727528078e+00
paramR.coef[1][0].elem[373]: -1.892947704216570e-03
paramR.coef[2][0].elem[373]: -9.312607852581771e-04
paramR.coef[3][0].elem[373]: -1.007696514258766e+00
auxint: 12
auxint: 23
paramR.coef[0][0].elem[374]: -1.000283505450179e+00
paramR.coef[1][0].elem[374]: -1.892525616795972e-03
paramR.coef[2][0].elem[374]: -9.314904487499267e-04
paramR.coef[3][0].elem[374]: -1.007698150474306e+00
auxint: 12
auxint: 24
paramR.coef[0][0].elem[375]: -1.000283319964164e+00
paramR.coef[1][0].elem[375]: -1.892213012275719e-03
paramR.coef[2][0].elem[375]: -9.316341544940963e-04
paramR.coef[3][0].elem[375]: -1.007699466066044e+00
auxint: 12
auxint: 25
paramR.coef[0][0].elem[376]: -1.000283178449709e+00
paramR.coef[1][0].elem[376]: -1.892022888642544e-03
paramR.coef[2][0].elem[376]: -9.316826052453644e-04
paramR.coef[3][0].elem[376]: -1.007700408241837e+00
auxint: 12
auxint: 26
paramR.coef[0][0].elem[377]: -1.000283086445848e+00
paramR.coef[1][0].elem[377]: -1.891963468786558e-03
paramR.coef[2][0].elem[377]: -9.316302172244281e-04
paramR.coef[3][0].elem[377]: -1.007700938943814e+00
auxint: 12
auxint: 27
paramR.coef[0][0].elem[378]: -1.000283047418809e+00
paramR.coef[1][0].elem[378]: -1.892037735394300e-03
paramR.coef[2][0].elem[378]: -9.314759259693258e-04
paramR.coef[3][0].elem[378]: -1.007701036622852e+00
auxint: 12
auxint: 28
paramR.coef[0][0].elem[379]: -1.000283062635587e+00
paramR.coef[1][0].elem[379]: -1.892243202345783e-03
paramR.coef[2][0].elem[379]: -9.312237126554397e-04
paramR.coef[3][0].elem[379]: -1.007700697266815e+00
auxint: 12
auxint: 29
paramR.coef[0][0].elem[380]: -1.000283131148532e+00
paramR.coef[1][0].elem[380]: -1.892571951699013e-03
paramR.coef[2][0].elem[380]: -9.308827510469527e-04
paramR.coef[3][0].elem[380]: -1.007699934602889e+00
auxint: 12
auxint: 30
paramR.coef[0][0].elem[381]: -1.000283249887248e+00
paramR.coef[1][0].elem[381]: -1.893010945086524e-03
paramR.coef[2][0].elem[381]: -9.304671219362078e-04
paramR.coef[3][0].elem[381]: -1.007698779454780e+00
auxint: 12
auxint: 31
paramR.coef[0][0].elem[382]: -1.000283413845649e+00
paramR.coef[1][0].elem[382]: -1.893542595302477e-03
paramR.coef[2][0].elem[382]: -9.299950992911066e-04
paramR.coef[3][0].elem[382]: -1.007697278301013e+00
auxint: 12
auxint: 32
paramR.coef[0][0].elem[383]: -1.000283616345404e+00
paramR.coef[1][0].elem[383]: -1.894145561835590e-03
paramR.coef[2][0].elem[383]: -9.294880702167522e-04
paramR.coef[3][0].elem[383]: -1.007695491139905e+00
auxint: 13
auxint: 1
paramR.coef[0][0].elem[384]: -1.000283976301569e+00
paramR.coef[1][0].elem[384]: -1.895287882384080e-03
paramR.coef[2][0].elem[384]: -9.267252006187474e-04
paramR.coef[3][0].elem[384]: -1.007692676190587e+00
auxint: 13
auxint: 2
paramR.coef[0][0].elem[385]: -1.000284232436319e+00
paramR.coef[1][0].elem[385]: -1.895962521316957e-03
paramR.coef[2][0].elem[385]: -9.262186167035954e-04
paramR.coef[3][0].elem[385]: -1.007690525807539e+00
auxint: 13
auxint: 3
paramR.coef[0][0].elem[386]: -1.000284500529483e+00
paramR.coef[1][0].elem[386]: -1.896632705783650e-03
paramR.coef[2][0].elem[386]: -9.257453617489791e-04
paramR.coef[3][0].elem[386]: -1.007688320414981e+00
auxint: 13
auxint: 4
paramR.coef[0][0].elem[387]: -1.000284770536397e+00
paramR.coef[1][0].elem[387]: -1.897272372436273e-03
paramR.coef[2][0].elem[387]: -9.253254080636703e-04
paramR.coef[3][0].elem[387]: -1.007686144852417e+00
auxint: 13
auxint: 5
paramR.coef[0][0].elem[388]: -1.000285032458331e+00
paramR.coef[1][0].elem[388]: -1.897856979524968e-03
paramR.coef[2][0].elem[388]: -9.249753538787111e-04
paramR.coef[3][0].elem[388]: -1.007684081987218e+00
auxint: 13
auxint: 6
paramR.coef[0][0].elem[389]: -1.000285276666483e+00
paramR.coef[1][0].elem[389]: -1.898364436757755e-03
paramR.coef[2][0].elem[389]: -9.247077385337353e-04
paramR.coef[3][0].elem[389]: -1.007682209662074e+00
auxint: 13
auxint: 7
paramR.coef[0][0].elem[390]: -1.000285494203572e+00
paramR.coef[1][0].elem[390]: -1.898775894643972e-03
paramR.coef[2][0].elem[390]: -9.245307104974511e-04
paramR.coef[3][0].elem[390]: -1.007680597928305e+00
auxint: 13
auxint: 8
paramR.coef[0][0].elem[391]: -1.000285677062297e+00
paramR.coef[1][0].elem[391]: -1.899076372533483e-03
paramR.coef[2][0].elem[391]: -9.244480343134436e-04
paramR.coef[3][0].elem[391]: -1.007679306636358e+00
auxint: 13
auxint: 9
paramR.coef[0][0].elem[392]: -1.000285818439955e+00
paramR.coef[1][0].elem[392]: -1.899255214223654e-03
paramR.coef[2][0].elem[392]: -9.244593896939560e-04
paramR.coef[3][0].elem[392]: -1.007678383437641e+00
auxint: 13
auxint: 10
paramR.coef[0][0].elem[393]: -1.000285912967268e+00
paramR.coef[1][0].elem[393]: -1.899306369167391e-03
paramR.coef[2][0].elem[393]: -9.245608908498335e-04
paramR.coef[3][0].elem[393]: -1.007677862235247e+00
auxint: 13
auxint: 11
paramR.coef[0][0].elem[394]: -1.000285956907215e+00
paramR.coef[1][0].elem[394]: -1.899228505631157e-03
paramR.coef[2][0].elem[394]: -9.247457376662805e-04
paramR.coef[3][0].elem[394]: -1.007677762105505e+00
auxint: 13
auxint: 12
paramR.coef[0][0].elem[395]: -1.000285948316891e+00
paramR.coef[1][0].elem[395]: -1.899024968347737e-03
paramR.coef[2][0].elem[395]: -9.250049045438122e-04
paramR.coef[3][0].elem[395]: -1.007678086700398e+00
auxint: 13
auxint: 13
paramR.coef[0][0].elem[396]: -1.000285887162757e+00
paramR.coef[1][0].elem[396]: -1.898703596193260e-03
paramR.coef[2][0].elem[396]: -9.253277794073284e-04
paramR.coef[3][0].elem[396]: -1.007678824134337e+00
auxint: 13
auxint: 14
paramR.coef[0][0].elem[397]: -1.000285775378096e+00
paramR.coef[1][0].elem[397]: -1.898276415342607e-03
paramR.coef[2][0].elem[397]: -9.257026839510207e-04
paramR.coef[3][0].elem[397]: -1.007679947355970e+00
auxint: 13
auxint: 15
paramR.coef[0][0].elem[398]: -1.000285616851520e+00
paramR.coef[1][0].elem[398]: -1.897759221341435e-03
paramR.coef[2][0].elem[398]: -9.261172338206135e-04
paramR.coef[3][0].elem[398]: -1.007681415003095e+00
auxint: 13
auxint: 16
paramR.coef[0][0].elem[399]: -1.000285417337422e+00
paramR.coef[1][0].elem[399]: -1.897171060718221e-03
paramR.coef[2][0].elem[399]: -9.265585308175313e-04
paramR.coef[3][0].elem[399]: -1.007683172733786e+00
auxint: 13
auxint: 17
paramR.coef[0][0].elem[400]: -1.000285184283172e+00
paramR.coef[1][0].elem[400]: -1.896533620056770e-03
paramR.coef[2][0].elem[400]: -9.270132147361829e-04
paramR.coef[3][0].elem[400]: -1.007685155018299e+00
auxint: 13
auxint: 18
paramR.coef[0][0].elem[401]: -1.000284926573296e+00
paramR.coef[1][0].elem[401]: -1.895870528912085e-03
paramR.coef[2][0].elem[401]: -9.274674348020520e-04
paramR.coef[3][0].elem[401]: -1.007687287363335e+00
auxint: 13
auxint: 19
paramR.coef[0][0].elem[402]: -1.000284654197025e+00
paramR.coef[1][0].elem[402]: -1.895206583645479e-03
paramR.coef[2][0].elem[402]: -9.279068229190010e-04
paramR.coef[3][0].elem[402]: -1.007689488922950e+00
auxint: 13
auxint: 20
paramR.coef[0][0].elem[403]: -1.000284377851600e+00
paramR.coef[1][0].elem[403]: -1.894566902516002e-03
paramR.coef[2][0].elem[403]: -9.283165573308140e-04
paramR.coef[3][0].elem[403]: -1.007691675430254e+00
auxint: 13
auxint: 21
paramR.coef[0][0].elem[404]: -1.000284108498676e+00
paramR.coef[1][0].elem[404]: -1.893976027647187e-03
paramR.coef[2][0].elem[404]: -9.286815940048622e-04
paramR.coef[3][0].elem[404]: -1.007693762364103e+00
auxint: 13
auxint: 22
paramR.coef[0][0].elem[405]: -1.000283856894935e+00
paramR.coef[1][0].elem[405]: -1.893456996201819e-03
paramR.coef[2][0].elem[405]: -9.289871157326271e-04
paramR.coef[3][0].elem[405]: -1.007695668246100e+00
auxint: 13
auxint: 23
paramR.coef[0][0].elem[406]: -1.000283633120776e+00
paramR.coef[1][0].elem[406]: -1.893030411181161e-03
paramR.coef[2][0].elem[406]: -9.292192090095086e-04
paramR.coef[3][0].elem[406]: -1.007697317944152e+00
auxint: 13
auxint: 24
paramR.coef[0][0].elem[407]: -1.000283446132501e+00
paramR.coef[1][0].elem[407]: -1.892713551419377e-03
paramR.coef[2][0].elem[407]: -9.293657312985593e-04
paramR.coef[3][0].elem[407]: -1.007698645839178e+00
auxint: 13
auxint: 25
paramR.coef[0][0].elem[408]: -1.000283303363536e+00
paramR.coef[1][0].elem[408]: -1.892519568889416e-03
paramR.coef[2][0].elem[408]: -9.294172844292196e-04
paramR.coef[3][0].elem[408]: -1.007699598694979e+00
auxint: 13
auxint: 26
paramR.coef[0][0].elem[409]: -1.000283210398401e+00
paramR.coef[1][0].elem[409]: -1.892456826508689e-03
paramR.coef[2][0].elem[409]: -9.293681739903159e-04
paramR.coef[3][0].elem[409]: -1.007700138064875e+00
auxint: 13
auxint: 27
paramR.coef[0][0].elem[410]: -1.000283170739109e+00
paramR.coef[1][0].elem[410]: -1.892528428682034e-03
paramR.coef[2][0].elem[410]: -9.292172183776794e-04
paramR.coef[3][0].elem[410]: -1.007700242078551e+00
auxint: 13
auxint: 28
paramR.coef[0][0].elem[411]: -1.000283185677423e+00
paramR.coef[1][0].elem[411]: -1.892731988748174e-03
paramR.coef[2][0].elem[411]: -9.289682783648825e-04
paramR.coef[3][0].elem[411]: -1.007699906481540e+00
auxint: 13
auxint: 29
paramR.coef[0][0].elem[412]: -1.000283254278405e+00
paramR.coef[1][0].elem[412]: -1.893059662591838e-03
paramR.coef[2][0].elem[412]: -9.286304073817675e-04
paramR.coef[3][0].elem[412]: -1.007699144846816e+00
auxint: 13
auxint: 30
paramR.coef[0][0].elem[413]: -1.000283373471604e+00
paramR.coef[1][0].elem[413]: -1.893498457303871e-03
paramR.coef[2][0].elem[413]: -9.282175695875949e-04
paramR.coef[3][0].elem[413]: -1.007697987938839e+00
auxint: 13
auxint: 31
paramR.coef[0][0].elem[414]: -1.000283538237703e+00
paramR.coef[1][0].elem[414]: -1.894030800602285e-03
paramR.coef[2][0].elem[414]: -9.277479301112618e-04
paramR.coef[3][0].elem[414]: -1.007696482276439e+00
auxint: 13
auxint: 32
paramR.coef[0][0].elem[415]: -1.000283741871872e+00
paramR.coef[1][0].elem[415]: -1.894635334791908e-03
paramR.coef[2][0].elem[415]: -9.272427794180618e-04
paramR.coef[3][0].elem[415]: -1.007694688000047e+00
auxint: 14
auxint: 1
paramR.coef[0][0].elem[416]: -1.000284045276918e+00
paramR.coef[1][0].elem[416]: -1.895768523165316e-03
paramR.coef[2][0].elem[416]: -9.244319081355046e-04
paramR.coef[3][0].elem[416]: -1.007691963497111e+00
auxint: 14
auxint: 2
paramR.coef[0][0].elem[417]: -1.000284302792840e+00
paramR.coef[1][0].elem[417]: -1.896445568141236e-03
paramR.coef[2][0].elem[417]: -9.239266279289729e-04
paramR.coef[3][0].elem[417]: -1.007689803645301e+00
auxint: 14
auxint: 3
paramR.coef[0][0].elem[418]: -1.000284572532019e+00
paramR.coef[1][0].elem[418]: -1.897118988927888e-03
paramR.coef[2][0].elem[418]: -9.234537817402722e-04
paramR.coef[3][0].elem[418]: -1.007687586505669e+00
auxint: 14
auxint: 4
paramR.coef[0][0].elem[419]: -1.000284844386669e+00
paramR.coef[1][0].elem[419]: -1.897762601284147e-03
paramR.coef[2][0].elem[419]: -9.230333168380786e-04
paramR.coef[3][0].elem[419]: -1.007685397367849e+00
auxint: 14
auxint: 5
paramR.coef[0][0].elem[420]: -1.000285108285557e+00
paramR.coef[1][0].elem[420]: -1.898351711176070e-03
paramR.coef[2][0].elem[420]: -9.226818452645494e-04
paramR.coef[3][0].elem[420]: -1.007683319631710e+00
auxint: 14
auxint: 6
paramR.coef[0][0].elem[421]: -1.000285354520942e+00
paramR.coef[1][0].elem[421]: -1.898864050431485e-03
paramR.coef[2][0].elem[421]: -9.224119594504485e-04
paramR.coef[3][0].elem[421]: -1.007681431733172e+00
auxint: 14
auxint: 7
paramR.coef[0][0].elem[422]: -1.000285574053662e+00
paramR.coef[1][0].elem[422]: -1.899280573671527e-03
paramR.coef[2][0].elem[422]: -9.222318983373527e-04
paramR.coef[3][0].elem[422]: -1.007679804351374e+00
auxint: 14
auxint: 8
paramR.coef[0][0].elem[423]: -1.000285758795368e+00
paramR.coef[1][0].elem[423]: -1.899586095180012e-03
paramR.coef[2][0].elem[423]: -9.221455503379651e-04
paramR.coef[3][0].elem[423]: -1.007678497970508e+00
auxint: 14
auxint: 9
paramR.coef[0][0].elem[424]: -1.000285901866895e+00
paramR.coef[1][0].elem[424]: -1.899769753946467e-03
paramR.coef[2][0].elem[424]: -9.221527466195538e-04
paramR.coef[3][0].elem[424]: -1.007677560852554e+00
auxint: 14
auxint: 10
paramR.coef[0][0].elem[425]: -1.000285997830645e+00
paramR.coef[1][0].elem[425]: -1.899825304449262e-03
paramR.coef[2][0].elem[425]: -9.222497729898198e-04
paramR.coef[3][0].elem[425]: -1.007677027459843e+00
auxint: 14
auxint: 11
paramR.coef[0][0].elem[426]: -1.000286042892618e+00
paramR.coef[1][0].elem[426]: -1.899751239046118e-03
paramR.coef[2][0].elem[426]: -9.224300124363753e-04
paramR.coef[3][0].elem[426]: -1.007676917350697e+00
auxint: 14
auxint: 12
paramR.coef[0][0].elem[427]: -1.000286035066859e+00
paramR.coef[1][0].elem[427]: -1.899550753762825e-03
paramR.coef[2][0].elem[427]: -9.226846249981557e-04
paramR.coef[3][0].elem[427]: -1.007677234560266e+00
auxint: 14
auxint: 13
paramR.coef[0][0].elem[428]: -1.000285974292412e+00
paramR.coef[1][0].elem[428]: -1.899231572186413e-03
paramR.coef[2][0].elem[428]: -9.230031783706384e-04
paramR.coef[3][0].elem[428]: -1.007677967472282e+00
auxint: 14
auxint: 14
paramR.coef[0][0].elem[429]: -1.000285862491453e+00
paramR.coef[1][0].elem[429]: -1.898805642522891e-03
paramR.coef[2][0].elem[429]: -9.233741607714192e-04
paramR.coef[3][0].elem[429]: -1.007679089183302e+00
auxint: 14
auxint: 15
paramR.coef[0][0].elem[430]: -1.000285703557595e+00
paramR.coef[1][0].elem[430]: -1.898288721431395e-03
paramR.coef[2][0].elem[430]: -9.237853348323290e-04
paramR.coef[3][0].elem[430]: -1.007680558356682e+00
auxint: 14
auxint: 16
paramR.coef[0][0].elem[431]: -1.000285503265435e+00
paramR.coef[1][0].elem[431]: -1.897699855612478e-03
paramR.coef[2][0].elem[431]: -9.242239247069120e-04
paramR.coef[3][0].elem[431]: -1.007682320558040e+00
auxint: 14
auxint: 17
paramR.coef[0][0].elem[432]: -1.000285269096262e+00
paramR.coef[1][0].elem[432]: -1.897060769259133e-03
paramR.coef[2][0].elem[432]: -9.246766642867514e-04
paramR.coef[3][0].elem[432]: -1.007684310055916e+00
auxint: 14
auxint: 18
paramR.coef[0][0].elem[433]: -1.000285009980287e+00
paramR.coef[1][0].elem[433]: -1.896395163898675e-03
paramR.coef[2][0].elem[433]: -9.251297666190404e-04
paramR.coef[3][0].elem[433]: -1.007686452058538e+00
auxint: 14
auxint: 19
paramR.coef[0][0].elem[434]: -1.000284735961986e+00
paramR.coef[1][0].elem[434]: -1.895727938076868e-03
paramR.coef[2][0].elem[434]: -9.255688964577817e-04
paramR.coef[3][0].elem[434]: -1.007688665339632e+00
auxint: 14
auxint: 20
paramR.coef[0][0].elem[435]: -1.000284457801137e+00
paramR.coef[1][0].elem[435]: -1.895084337739422e-03
paramR.coef[2][0].elem[435]: -9.259792341299887e-04
paramR.coef[3][0].elem[435]: -1.007690865185917e+00
auxint: 14
auxint: 21
paramR.coef[0][0].elem[436]: -1.000284186526984e+00
paramR.coef[1][0].elem[436]: -1.894489053248234e-03
paramR.coef[2][0].elem[436]: -9.263457078314394e-04
paramR.coef[3][0].elem[436]: -1.007692966579720e+00
auxint: 14
auxint: 22
paramR.coef[0][0].elem[437]: -1.000283932966653e+00
paramR.coef[1][0].elem[437]: -1.893965285399645e-03
paramR.coef[2][0].elem[437]: -9.266534443568519e-04
paramR.coef[3][0].elem[437]: -1.007694887512120e+00
auxint: 14
auxint: 23
paramR.coef[0][0].elem[438]: -1.000283707271646e+00
paramR.coef[1][0].elem[438]: -1.893533810870120e-03
paramR.coef[2][0].elem[438]: -9.268884482431896e-04
paramR.coef[3][0].elem[438]: -1.007696552302956e+00
auxint: 14
auxint: 24
paramR.coef[0][0].elem[439]: -1.000283518467917e+00
paramR.coef[1][0].elem[439]: -1.893212086795597e-03
paramR.coef[2][0].elem[439]: -9.270384717147865e-04
paramR.coef[3][0].elem[439]: -1.007697894783943e+00
auxint: 14
auxint: 25
paramR.coef[0][0].elem[440]: -1.000283374055084e+00
paramR.coef[1][0].elem[440]: -1.893013442687959e-03
paramR.coef[2][0].elem[440]: -9.270939911036711e-04
paramR.coef[3][0].elem[440]: -1.007698861184823e+00
auxint: 14
auxint: 26
paramR.coef[0][0].elem[441]: -1.000283279678397e+00
paramR.coef[1][0].elem[441]: -1.892946412773948e-03
paramR.coef[2][0].elem[441]: -9.270491697614501e-04
paramR.coef[3][0].elem[441]: -1.007699412556597e+00
auxint: 14
auxint: 27
paramR.coef[0][0].elem[442]: -1.000283238893063e+00
paramR.coef[1][0].elem[442]: -1.893014260907828e-03
paramR.coef[2][0].elem[442]: -9.269026712449346e-04
paramR.coef[3][0].elem[442]: -1.007699526575653e+00
auxint: 14
auxint: 28
paramR.coef[0][0].elem[443]: -1.000283253034502e+00
paramR.coef[1][0].elem[443]: -1.893214742424848e-03
paramR.coef[2][0].elem[443]: -9.266581935208217e-04
paramR.coef[3][0].elem[443]: -1.007699198600398e+00
auxint: 14
auxint: 29
paramR.coef[0][0].elem[444]: -1.000283321200102e+00
paramR.coef[1][0].elem[444]: -1.893540132575800e-03
paramR.coef[2][0].elem[444]: -9.263246241992224e-04
paramR.coef[3][0].elem[444]: -1.007698441898421e+00
auxint: 14
auxint: 30
paramR.coef[0][0].elem[445]: -1.000283440338998e+00
paramR.coef[1][0].elem[445]: -1.893977530628249e-03
paramR.coef[2][0].elem[445]: -9.259157639333280e-04
paramR.coef[3][0].elem[445]: -1.007697287023664e+00
auxint: 14
auxint: 31
paramR.coef[0][0].elem[446]: -1.000283605437625e+00
paramR.coef[1][0].elem[446]: -1.894509425313648e-03
paramR.coef[2][0].elem[446]: -9.254496225190955e-04
paramR.coef[3][0].elem[446]: -1.007695780389874e+00
auxint: 14
auxint: 32
paramR.coef[0][0].elem[447]: -1.000283809782329e+00
paramR.coef[1][0].elem[447]: -1.895114485446063e-03
paramR.coef[2][0].elem[447]: -9.249473495646220e-04
paramR.coef[3][0].elem[447]: -1.007693982145616e+00
auxint: 15
auxint: 1
paramR.coef[0][0].elem[448]: -1.000284053918705e+00
paramR.coef[1][0].elem[448]: -1.896219321440634e-03
paramR.coef[2][0].elem[448]: -9.221792588870405e-04
paramR.coef[3][0].elem[448]: -1.007691376101105e+00
auxint: 15
auxint: 2
paramR.coef[0][0].elem[449]: -1.000284312490923e+00
paramR.coef[1][0].elem[449]: -1.896897963018770e-03
paramR.coef[2][0].elem[449]: -9.216758588693990e-04
paramR.coef[3][0].elem[449]: -1.007689209143629e+00
auxint: 15
auxint: 3
paramR.coef[0][0].elem[450]: -1.000284583631747e+00
paramR.coef[1][0].elem[450]: -1.897573979567707e-03
paramR.coef[2][0].elem[450]: -9.212038193981314e-04
paramR.coef[3][0].elem[450]: -1.007686982029518e+00
auxint: 15
auxint: 4
paramR.coef[0][0].elem[451]: -1.000284857179753e+00
paramR.coef[1][0].elem[451]: -1.898221089945569e-03
paramR.coef[2][0].elem[451]: -9.207830468247084e-04
paramR.coef[3][0].elem[451]: -1.007684780433798e+00
auxint: 15
auxint: 5
paramR.coef[0][0].elem[452]: -1.000285122997515e+00
paramR.coef[1][0].elem[452]: -1.898814464642355e-03
paramR.coef[2][0].elem[452]: -9.204301590012499e-04
paramR.coef[3][0].elem[452]: -1.007682688247927e+00
auxint: 15
auxint: 6
paramR.coef[0][0].elem[453]: -1.000285371301202e+00
paramR.coef[1][0].elem[453]: -1.899331666685675e-03
paramR.coef[2][0].elem[453]: -9.201578016631546e-04
paramR.coef[3][0].elem[453]: -1.007680784485092e+00
auxint: 15
auxint: 7
paramR.coef[0][0].elem[454]: -1.000285592968973e+00
paramR.coef[1][0].elem[454]: -1.899753455838037e-03
paramR.coef[2][0].elem[454]: -9.199743126245110e-04
paramR.coef[3][0].elem[454]: -1.007679140461766e+00
auxint: 15
auxint: 8
paramR.coef[0][0].elem[455]: -1.000285779826877e+00
paramR.coef[1][0].elem[455]: -1.900064434206394e-03
paramR.coef[2][0].elem[455]: -9.198837203215044e-04
paramR.coef[3][0].elem[455]: -1.007677817330802e+00
auxint: 15
auxint: 9
paramR.coef[0][0].elem[456]: -1.000285924911043e+00
paramR.coef[1][0].elem[456]: -1.900253520899453e-03
paramR.coef[2][0].elem[456]: -9.198860304959869e-04
paramR.coef[3][0].elem[456]: -1.007676864024222e+00
auxint: 15
auxint: 10
paramR.coef[0][0].elem[457]: -1.000286022703814e+00
paramR.coef[1][0].elem[457]: -1.900314252824799e-03
paramR.coef[2][0].elem[457]: -9.199777295873143e-04
paramR.coef[3][0].elem[457]: -1.007676315646050e+00
auxint: 15
auxint: 11
paramR.coef[0][0].elem[458]: -1.000286069339333e+00
paramR.coef[1][0].elem[458]: -1.900244916990856e-03
paramR.coef[2][0].elem[458]: -9.201524173983128e-04
paramR.coef[3][0].elem[458]: -1.007676192339785e+00
auxint: 15
auxint: 12
paramR.coef[0][0].elem[459]: -1.000286062771086e+00
paramR.coef[1][0].elem[459]: -1.900048525392419e-03
paramR.coef[2][0].elem[459]: -9.204014765983912e-04
paramR.coef[3][0].elem[459]: -1.007676498644540e+00
auxint: 15
auxint: 13
paramR.coef[0][0].elem[460]: -1.000286002891260e+00
paramR.coef[1][0].elem[460]: -1.899732646429878e-03
paramR.coef[2][0].elem[460]: -9.207146933904662e-04
paramR.coef[3][0].elem[460]: -1.007677223347489e+00
auxint: 15
auxint: 14
paramR.coef[0][0].elem[461]: -1.000285891590424e+00
paramR.coef[1][0].elem[461]: -1.899309107488307e-03
paramR.coef[2][0].elem[461]: -9.210807614018014e-04
paramR.coef[3][0].elem[461]: -1.007678339835215e+00
auxint: 15
auxint: 15
paramR.coef[0][0].elem[462]: -1.000285732746560e+00
paramR.coef[1][0].elem[462]: -1.898793582283203e-03
paramR.coef[2][0].elem[462]: -9.214876277504702e-04
paramR.coef[3][0].elem[462]: -1.007679806940941e+00
auxint: 15
auxint: 16
paramR.coef[0][0].elem[463]: -1.000285532134600e+00
paramR.coef[1][0].elem[463]: -1.898205074133220e-03
paramR.coef[2][0].elem[463]: -9.219226736983132e-04
paramR.coef[3][0].elem[463]: -1.007681570278620e+00
auxint: 15
auxint: 17
paramR.coef[0][0].elem[464]: -1.000285297251509e+00
paramR.coef[1][0].elem[464]: -1.897565303428720e-03
paramR.coef[2][0].elem[464]: -9.223727581201152e-04
paramR.coef[3][0].elem[464]: -1.007683564046812e+00
auxint: 15
auxint: 18
paramR.coef[0][0].elem[465]: -1.000285037057361e+00
paramR.coef[1][0].elem[465]: -1.896898006026330e-03
paramR.coef[2][0].elem[465]: -9.228241839698991e-04
paramR.coef[3][0].elem[465]: -1.007685713272444e+00
auxint: 15
auxint: 19
paramR.coef[0][0].elem[466]: -1.000284761639144e+00
paramR.coef[1][0].elem[466]: -1.896228150369852e-03
paramR.coef[2][0].elem[466]: -9.232626693247126e-04
paramR.coef[3][0].elem[466]: -1.007687936446306e+00
auxint: 15
auxint: 20
paramR.coef[0][0].elem[467]: -1.000284481810037e+00
paramR.coef[1][0].elem[467]: -1.895581084558421e-03
paramR.coef[2][0].elem[467]: -9.236734107512111e-04
paramR.coef[3][0].elem[467]: -1.007690148481936e+00
auxint: 15
auxint: 21
paramR.coef[0][0].elem[468]: -1.000284208661653e+00
paramR.coef[1][0].elem[468]: -1.894981629467703e-03
paramR.coef[2][0].elem[468]: -9.240413160119100e-04
paramR.coef[3][0].elem[468]: -1.007692263910980e+00
auxint: 15
auxint: 22
paramR.coef[0][0].elem[469]: -1.000283953090374e+00
paramR.coef[1][0].elem[469]: -1.894453140288485e-03
paramR.coef[2][0].elem[469]: -9.243514562334805e-04
paramR.coef[3][0].elem[469]: -1.007694200210575e+00
auxint: 15
auxint: 23
paramR.coef[0][0].elem[470]: -1.000283725321628e+00
paramR.coef[1][0].elem[470]: -1.894016566952121e-03
paramR.coef[2][0].elem[470]: -9.245897474063586e-04
paramR.coef[3][0].elem[470]: -1.007695881139121e+00
auxint: 15
auxint: 24
paramR.coef[0][0].elem[471]: -1.000283534457629e+00
paramR.coef[1][0].elem[471]: -1.893689553298277e-03
paramR.coef[2][0].elem[471]: -9.247438232315508e-04
paramR.coef[3][0].elem[471]: -1.007697239936447e+00
auxint: 15
auxint: 25
paramR.coef[0][0].elem[472]: -1.000283388074203e+00
paramR.coef[1][0].elem[472]: -1.893485623259194e-03
paramR.coef[2][0].elem[472]: -9.248040148082635e-04
paramR.coef[3][0].elem[472]: -1.007698222228233e+00
auxint: 15
auxint: 26
paramR.coef[0][0].elem[473]: -1.000283291890270e+00
paramR.coef[1][0].elem[473]: -1.893413507045624e-03
paramR.coef[2][0].elem[473]: -9.247643174408572e-04
paramR.coef[3][0].elem[473]: -1.007698788469026e+00
auxint: 15
auxint: 27
paramR.coef[0][0].elem[474]: -1.000283249529591e+00
paramR.coef[1][0].elem[474]: -1.893476659422993e-03
paramR.coef[2][0].elem[474]: -9.246232086868248e-04
paramR.coef[3][0].elem[474]: -1.007698915767677e+00
auxint: 15
auxint: 28
paramR.coef[0][0].elem[475]: -1.000283262388421e+00
paramR.coef[1][0].elem[475]: -1.893673014656999e-03
paramR.coef[2][0].elem[475]: -9.243841883488173e-04
paramR.coef[3][0].elem[475]: -1.007698598965973e+00
auxint: 15
auxint: 29
paramR.coef[0][0].elem[476]: -1.000283329614834e+00
paramR.coef[1][0].elem[476]: -1.893995008176966e-03
paramR.coef[2][0].elem[476]: -9.240559400898548e-04
paramR.coef[3][0].elem[476]: -1.007697850887045e+00
auxint: 15
auxint: 30
paramR.coef[0][0].elem[477]: -1.000283448196354e+00
paramR.coef[1][0].elem[477]: -1.894429874366914e-03
paramR.coef[2][0].elem[477]: -9.236520616389804e-04
paramR.coef[3][0].elem[477]: -1.007696701731785e+00
auxint: 15
auxint: 31
paramR.coef[0][0].elem[478]: -1.000283613143746e+00
paramR.coef[1][0].elem[478]: -1.894960206320136e-03
paramR.coef[2][0].elem[478]: -9.231903682155655e-04
paramR.coef[3][0].elem[478]: -1.007695197668700e+00
auxint: 15
auxint: 32
paramR.coef[0][0].elem[479]: -1.000283817752317e+00
paramR.coef[1][0].elem[479]: -1.895564741553606e-03
paramR.coef[2][0].elem[479]: -9.226918310303903e-04
paramR.coef[3][0].elem[479]: -1.007693398721699e+00
auxint: 16
auxint: 1
paramR.coef[0][0].elem[480]: -1.000284002105327e+00
paramR.coef[1][0].elem[480]: -1.896623251497993e-03
paramR.coef[2][0].elem[480]: -9.200553109154772e-04
paramR.coef[3][0].elem[480]: -1.007690934274674e+00
auxint: 16
auxint: 2
paramR.coef[0][0].elem[481]: -1.000284261373928e+00
paramR.coef[1][0].elem[481]: -1.897302632181223e-03
paramR.coef[2][0].elem[481]: -9.195542639948076e-04
paramR.coef[3][0].elem[481]: -1.007688762806506e+00
auxint: 16
auxint: 3
paramR.coef[0][0].elem[482]: -1.000284533623612e+00
paramR.coef[1][0].elem[482]: -1.897980517389996e-03
paramR.coef[2][0].elem[482]: -9.190833683309167e-04
paramR.coef[3][0].elem[482]: -1.007686527832999e+00
auxint: 16
auxint: 4
paramR.coef[0][0].elem[483]: -1.000284808650595e+00
paramR.coef[1][0].elem[483]: -1.898630556249703e-03
paramR.coef[2][0].elem[483]: -9.186624760689827e-04
paramR.coef[3][0].elem[483]: -1.007684315336832e+00
auxint: 16
auxint: 5
paramR.coef[0][0].elem[484]: -1.000285076259902e+00
paramR.coef[1][0].elem[484]: -1.899227805340871e-03
paramR.coef[2][0].elem[484]: -9.183082034890184e-04
paramR.coef[3][0].elem[484]: -1.007682209642718e+00
auxint: 16
auxint: 6
paramR.coef[0][0].elem[485]: -1.000285326597260e+00
paramR.coef[1][0].elem[485]: -1.899749674128025e-03
paramR.coef[2][0].elem[485]: -9.180332484787768e-04
paramR.coef[3][0].elem[485]: -1.007680290304012e+00
auxint: 16
auxint: 7
paramR.coef[0][0].elem[486]: -1.000285550460416e+00
paramR.coef[1][0].elem[486]: -1.900176735747914e-03
paramR.coef[2][0].elem[486]: -9.178460528704437e-04
paramR.coef[3][0].elem[486]: -1.007678629260454e+00
auxint: 16
auxint: 8
paramR.coef[0][0].elem[487]: -1.000285739588451e+00
paramR.coef[1][0].elem[487]: -1.900493380864670e-03
paramR.coef[2][0].elem[487]: -9.177507963160390e-04
paramR.coef[3][0].elem[487]: -1.007677288343771e+00
auxint: 16
auxint: 9
paramR.coef[0][0].elem[488]: -1.000285886927706e+00
paramR.coef[1][0].elem[488]: -1.900688301799342e-03
paramR.coef[2][0].elem[488]: -9.177476758199305e-04
paramR.coef[3][0].elem[488]: -1.007676317190661e+00
auxint: 16
auxint: 10
paramR.coef[0][0].elem[489]: -1.000285986871797e+00
paramR.coef[1][0].elem[489]: -1.900754803513065e-03
paramR.coef[2][0].elem[489]: -9.178333999101971e-04
paramR.coef[3][0].elem[489]: -1.007675751605022e+00
auxint: 16
auxint: 11
paramR.coef[0][0].elem[490]: -1.000286035470959e+00
paramR.coef[1][0].elem[490]: -1.900690946142871e-03
paramR.coef[2][0].elem[490]: -9.180018106188823e-04
paramR.coef[3][0].elem[490]: -1.007675612396002e+00
auxint: 16
auxint: 12
paramR.coef[0][0].elem[491]: -1.000286030603035e+00
paramR.coef[1][0].elem[491]: -1.900499529483621e-03
paramR.coef[2][0].elem[491]: -9.182445416597714e-04
paramR.coef[3][0].elem[491]: -1.007675904707626e+00
auxint: 16
auxint: 13
paramR.coef[0][0].elem[492]: -1.000285972095795e+00
paramR.coef[1][0].elem[492]: -1.900187932857297e-03
paramR.coef[2][0].elem[492]: -9.185516279572465e-04
paramR.coef[3][0].elem[492]: -1.007676617848771e+00
auxint: 16
auxint: 14
paramR.coef[0][0].elem[493]: -1.000285861788979e+00
paramR.coef[1][0].elem[493]: -1.899767824673394e-03
paramR.coef[2][0].elem[493]: -9.189119991907895e-04
paramR.coef[3][0].elem[493]: -1.007677725626668e+00
auxint: 16
auxint: 15
paramR.coef[0][0].elem[494]: -1.000285703524994e+00
paramR.coef[1][0].elem[494]: -1.899254755033498e-03
paramR.coef[2][0].elem[494]: -9.193138167351522e-04
paramR.coef[3][0].elem[494]: -1.007679187181451e+00
auxint: 16
auxint: 16
paramR.coef[0][0].elem[495]: -1.000285503059376e+00
paramR.coef[1][0].elem[495]: -1.898667642374352e-03
paramR.coef[2][0].elem[495]: -9.197446468066157e-04
paramR.coef[3][0].elem[495]: -1.007680948313055e+00
auxint: 16
auxint: 17
paramR.coef[0][0].elem[496]: -1.000285267886097e+00
paramR.coef[1][0].elem[496]: -1.898028162508791e-03
paramR.coef[2][0].elem[496]: -9.201914983281644e-04
paramR.coef[3][0].elem[496]: -1.007682943282895e+00
auxint: 16
auxint: 18
paramR.coef[0][0].elem[497]: -1.000285006978279e+00
paramR.coef[1][0].elem[497]: -1.897360047164935e-03
paramR.coef[2][0].elem[497]: -9.206407856298320e-04
paramR.coef[3][0].elem[497]: -1.007685097059158e+00
auxint: 16
auxint: 19
paramR.coef[0][0].elem[498]: -1.000284730451209e+00
paramR.coef[1][0].elem[498]: -1.896688300213646e-03
paramR.coef[2][0].elem[498]: -9.210782971987139e-04
paramR.coef[3][0].elem[498]: -1.007687327956475e+00
auxint: 16
auxint: 20
paramR.coef[0][0].elem[499]: -1.000284449160424e+00
paramR.coef[1][0].elem[499]: -1.896038342952934e-03
paramR.coef[2][0].elem[499]: -9.214892579334183e-04
paramR.coef[3][0].elem[499]: -1.007689550601334e+00
auxint: 16
auxint: 21
paramR.coef[0][0].elem[500]: -1.000284174252420e+00
paramR.coef[1][0].elem[500]: -1.895435104509516e-03
paramR.coef[2][0].elem[500]: -9.218585619242520e-04
paramR.coef[3][0].elem[500]: -1.007691679136583e+00
auxint: 16
auxint: 22
paramR.coef[0][0].elem[501]: -1.000283916689129e+00
paramR.coef[1][0].elem[501]: -1.894902079725899e-03
paramR.coef[2][0].elem[501]: -9.221712259341171e-04
paramR.coef[3][0].elem[501]: -1.007693630560623e+00
auxint: 16
auxint: 23
paramR.coef[0][0].elem[502]: -1.000283686770030e+00
paramR.coef[1][0].elem[502]: -1.894460385131222e-03
paramR.coef[2][0].elem[502]: -9.224130732215667e-04
paramR.coef[3][0].elem[502]: -1.007695328077505e+00
auxint: 16
auxint: 24
paramR.coef[0][0].elem[503]: -1.000283493677455e+00
paramR.coef[1][0].elem[503]: -1.894127852942566e-03
paramR.coef[2][0].elem[503]: -9.225716093391167e-04
paramR.coef[3][0].elem[503]: -1.007696704314007e+00
auxint: 16
auxint: 25
paramR.coef[0][0].elem[504]: -1.000283345070702e+00
paramR.coef[1][0].elem[504]: -1.893918211321123e-03
paramR.coef[2][0].elem[504]: -9.226370053048501e-04
paramR.coef[3][0].elem[504]: -1.007697704243826e+00
auxint: 16
auxint: 26
paramR.coef[0][0].elem[505]: -1.000283246752600e+00
paramR.coef[1][0].elem[505]: -1.893840403814893e-03
paramR.coef[2][0].elem[505]: -9.226030687360510e-04
paramR.coef[3][0].elem[505]: -1.007698287653207e+00
auxint: 16
auxint: 27
paramR.coef[0][0].elem[506]: -1.000283202428226e+00
paramR.coef[1][0].elem[506]: -1.893898100199004e-03
paramR.coef[2][0].elem[506]: -9.224680673801310e-04
paramR.coef[3][0].elem[506]: -1.007698430991077e+00
auxint: 16
auxint: 28
paramR.coef[0][0].elem[507]: -1.000283213569502e+00
paramR.coef[1][0].elem[507]: -1.894089443569301e-03
paramR.coef[2][0].elem[507]: -9.222352756838670e-04
paramR.coef[3][0].elem[507]: -1.007698128473395e+00
auxint: 16
auxint: 29
paramR.coef[0][0].elem[508]: -1.000283279391546e+00
paramR.coef[1][0].elem[508]: -1.894407064028646e-03
paramR.coef[2][0].elem[508]: -9.219131437732331e-04
paramR.coef[3][0].elem[508]: -1.007697392357326e+00
auxint: 16
auxint: 30
paramR.coef[0][0].elem[509]: -1.000283396937523e+00
paramR.coef[1][0].elem[509]: -1.894838368662147e-03
paramR.coef[2][0].elem[509]: -9.215150356376014e-04
paramR.coef[3][0].elem[509]: -1.007696252362257e+00
auxint: 16
auxint: 31
paramR.coef[0][0].elem[510]: -1.000283561260052e+00
paramR.coef[1][0].elem[510]: -1.895366094005427e-03
paramR.coef[2][0].elem[510]: -9.210585411563661e-04
paramR.coef[3][0].elem[510]: -1.007694754281490e+00
auxint: 16
auxint: 32
paramR.coef[0][0].elem[511]: -1.000283765680658e+00
paramR.coef[1][0].elem[511]: -1.895969085426432e-03
paramR.coef[2][0].elem[511]: -9.205644237043620e-04
paramR.coef[3][0].elem[511]: -1.007692957887433e+00
auxint: 17
auxint: 1
paramR.coef[0][0].elem[512]: -1.000283891926368e+00
paramR.coef[1][0].elem[512]: -1.896965187634770e-03
paramR.coef[2][0].elem[512]: -9.181426346639493e-04
paramR.coef[3][0].elem[512]: -1.007690652763977e+00
auxint: 17
auxint: 2
paramR.coef[0][0].elem[513]: -1.000284151510334e+00
paramR.coef[1][0].elem[513]: -1.897644434725943e-03
paramR.coef[2][0].elem[513]: -9.176442933124788e-04
paramR.coef[3][0].elem[513]: -1.007688479512969e+00
auxint: 17
auxint: 3
paramR.coef[0][0].elem[514]: -1.000284424539243e+00
paramR.coef[1][0].elem[514]: -1.898323403336633e-03
paramR.coef[2][0].elem[514]: -9.171748040589524e-04
paramR.coef[3][0].elem[514]: -1.007686239055329e+00
auxint: 17
auxint: 4
paramR.coef[0][0].elem[515]: -1.000284700779604e+00
paramR.coef[1][0].elem[515]: -1.898975702156470e-03
paramR.coef[2][0].elem[515]: -9.167539546926940e-04
paramR.coef[3][0].elem[515]: -1.007684017593591e+00
auxint: 17
auxint: 5
paramR.coef[0][0].elem[516]: -1.000284969989527e+00
paramR.coef[1][0].elem[516]: -1.899576299339748e-03
paramR.coef[2][0].elem[516]: -9.163983535754421e-04
paramR.coef[3][0].elem[516]: -1.007681899812223e+00
auxint: 17
auxint: 6
paramR.coef[0][0].elem[517]: -1.000285222252442e+00
paramR.coef[1][0].elem[517]: -1.900102471514473e-03
paramR.coef[2][0].elem[517]: -9.161207484809905e-04
paramR.coef[3][0].elem[517]: -1.007679965748247e+00
auxint: 17
auxint: 7
paramR.coef[0][0].elem[518]: -1.000285448290868e+00
paramR.coef[1][0].elem[518]: -1.900534620208495e-03
paramR.coef[2][0].elem[518]: -9.159296871837575e-04
paramR.coef[3][0].elem[518]: -1.007678287927917e+00
auxint: 17
auxint: 8
paramR.coef[0][0].elem[519]: -1.000285639758753e+00
paramR.coef[1][0].elem[519]: -1.900856933146587e-03
paramR.coef[2][0].elem[519]: -9.158295065918411e-04
paramR.coef[3][0].elem[519]: -1.007676928847102e+00
auxint: 17
auxint: 9
paramR.coef[0][0].elem[520]: -1.000285789510932e+00
paramR.coef[1][0].elem[520]: -1.901057877351802e-03
paramR.coef[2][0].elem[520]: -9.158206048895847e-04
paramR.coef[3][0].elem[520]: -1.007675938855686e+00
auxint: 17
auxint: 10
paramR.coef[0][0].elem[521]: -1.000285891846971e+00
paramR.coef[1][0].elem[521]: -1.901130520097863e-03
paramR.coef[2][0].elem[521]: -9.158999261427577e-04
paramR.coef[3][0].elem[521]: -1.007675354489538e+00
auxint: 17
auxint: 11
paramR.coef[0][0].elem[522]: -1.000285942724357e+00
paramR.coef[1][0].elem[522]: -1.901072681644024e-03
paramR.coef[2][0].elem[522]: -9.160615711534228e-04
paramR.coef[3][0].elem[522]: -1.007675197278879e+00
auxint: 17
auxint: 12
paramR.coef[0][0].elem[523]: -1.000285939933159e+00
paramR.coef[1][0].elem[523]: -1.900886929503120e-03
paramR.coef[2][0].elem[523]: -9.162974437073276e-04
paramR.coef[3][0].elem[523]: -1.007675473050438e+00
auxint: 17
auxint: 13
paramR.coef[0][0].elem[524]: -1.000285883221737e+00
paramR.coef[1][0].elem[524]: -1.900580427367132e-03
paramR.coef[2][0].elem[524]: -9.165978481452267e-04
paramR.coef[3][0].elem[524]: -1.007676171732631e+00
auxint: 17
auxint: 14
paramR.coef[0][0].elem[525]: -1.000285774361851e+00
paramR.coef[1][0].elem[525]: -1.900164652763965e-03
paramR.coef[2][0].elem[525]: -9.169519716206797e-04
paramR.coef[3][0].elem[525]: -1.007677267667196e+00
auxint: 17
auxint: 15
paramR.coef[0][0].elem[526]: -1.000285617141862e+00
paramR.coef[1][0].elem[526]: -1.899654996390048e-03
paramR.coef[2][0].elem[526]: -9.173482110229787e-04
paramR.coef[3][0].elem[526]: -1.007678720425868e+00
auxint: 17
auxint: 16
paramR.coef[0][0].elem[527]: -1.000285417279014e+00
paramR.coef[1][0].elem[527]: -1.899070253708491e-03
paramR.coef[2][0].elem[527]: -9.177743378375684e-04
paramR.coef[3][0].elem[527]: -1.007680476124477e+00
auxint: 17
auxint: 17
paramR.coef[0][0].elem[528]: -1.000285182245828e+00
paramR.coef[1][0].elem[528]: -1.898432017166508e-03
paramR.coef[2][0].elem[528]: -9.182175296630939e-04
paramR.coef[3][0].elem[528]: -1.007682469216777e+00
auxint: 17
auxint: 18
paramR.coef[0][0].elem[529]: -1.000284921011308e+00
paramR.coef[1][0].elem[529]: -1.897763976522634e-03
paramR.coef[2][0].elem[529]: -9.186643284005689e-04
paramR.coef[3][0].elem[529]: -1.007684624735621e+00
auxint: 17
auxint: 19
paramR.coef[0][0].elem[530]: -1.000284643703897e+00
paramR.coef[1][0].elem[530]: -1.897091135813653e-03
paramR.coef[2][0].elem[530]: -9.191006060812840e-04
paramR.coef[3][0].elem[530]: -1.007686860931337e+00
auxint: 17
auxint: 20
paramR.coef[0][0].elem[531]: -1.000284361208998e+00
paramR.coef[1][0].elem[531]: -1.896438958330726e-03
paramR.coef[2][0].elem[531]: -9.195116256213811e-04
paramR.coef[3][0].elem[531]: -1.007689092238891e+00
auxint: 17
auxint: 21
paramR.coef[0][0].elem[532]: -1.000284084718576e+00
paramR.coef[1][0].elem[532]: -1.895832455531933e-03
paramR.coef[2][0].elem[532]: -9.198822734641037e-04
paramR.coef[3][0].elem[532]: -1.007691232487675e+00
auxint: 17
auxint: 22
paramR.coef[0][0].elem[533]: -1.000283825254056e+00
paramR.coef[1][0].elem[533]: -1.895295242291157e-03
paramR.coef[2][0].elem[533]: -9.201975141637936e-04
paramR.coef[3][0].elem[533]: -1.007693198249542e+00
auxint: 17
auxint: 23
paramR.coef[0][0].elem[534]: -1.000283593186428e+00
paramR.coef[1][0].elem[534]: -1.894848589202637e-03
paramR.coef[2][0].elem[534]: -9.204430763108376e-04
paramR.coef[3][0].elem[534]: -1.007694912201153e+00
auxint: 17
auxint: 24
paramR.coef[0][0].elem[535]: -1.000283397779096e+00
paramR.coef[1][0].elem[535]: -1.894510511842324e-03
paramR.coef[2][0].elem[535]: -9.206063312493298e-04
paramR.coef[3][0].elem[535]: -1.007696306357211e+00
auxint: 17
auxint: 25
paramR.coef[0][0].elem[536]: -1.000283246779063e+00
paramR.coef[1][0].elem[536]: -1.894294945050382e-03
paramR.coef[2][0].elem[536]: -9.206772800378559e-04
paramR.coef[3][0].elem[536]: -1.007697325015292e+00
auxint: 17
auxint: 26
paramR.coef[0][0].elem[537]: -1.000283146080244e+00
paramR.coef[1][0].elem[537]: -1.894211055215081e-03
paramR.coef[2][0].elem[537]: -9.206495294247179e-04
paramR.coef[3][0].elem[537]: -1.007697927246173e+00
auxint: 17
auxint: 27
paramR.coef[0][0].elem[538]: -1.000283099478776e+00
paramR.coef[1][0].elem[538]: -1.894262743114340e-03
paramR.coef[2][0].elem[538]: -9.205211213391530e-04
paramR.coef[3][0].elem[538]: -1.007698088771278e+00
auxint: 17
auxint: 28
paramR.coef[0][0].elem[539]: -1.000283108534195e+00
paramR.coef[1][0].elem[539]: -1.894448382524278e-03
paramR.coef[2][0].elem[539]: -9.202950864389205e-04
paramR.coef[3][0].elem[539]: -1.007697803095607e+00
auxint: 17
auxint: 29
paramR.coef[0][0].elem[540]: -1.000283172542394e+00
paramR.coef[1][0].elem[540]: -1.894760825099295e-03
paramR.coef[2][0].elem[540]: -9.199796209930337e-04
paramR.coef[3][0].elem[540]: -1.007697081811032e+00
auxint: 17
auxint: 30
paramR.coef[0][0].elem[541]: -1.000283288617221e+00
paramR.coef[1][0].elem[541]: -1.895187681410456e-03
paramR.coef[2][0].elem[541]: -9.195878338863027e-04
paramR.coef[3][0].elem[541]: -1.007695954046006e+00
auxint: 17
auxint: 31
paramR.coef[0][0].elem[542]: -1.000283451868995e+00
paramR.coef[1][0].elem[542]: -1.895711864831740e-03
paramR.coef[2][0].elem[542]: -9.191370682819040e-04
paramR.coef[3][0].elem[542]: -1.007694465103534e+00
auxint: 17
auxint: 32
paramR.coef[0][0].elem[543]: -1.000283655661606e+00
paramR.coef[1][0].elem[543]: -1.896312363329575e-03
paramR.coef[2][0].elem[543]: -9.186478592932279e-04
paramR.coef[3][0].elem[543]: -1.007692674387979e+00
auxint: 18
auxint: 1
paramR.coef[0][0].elem[544]: -1.000283727586383e+00
paramR.coef[1][0].elem[544]: -1.897232423074756e-03
paramR.coef[2][0].elem[544]: -9.165149989005478e-04
paramR.coef[3][0].elem[544]: -1.007690540566810e+00
auxint: 18
auxint: 2
paramR.coef[0][0].elem[545]: -1.000283987097386e+00
paramR.coef[1][0].elem[545]: -1.897910679960783e-03
paramR.coef[2][0].elem[545]: -9.160195875038664e-04
paramR.coef[3][0].elem[545]: -1.007688368296265e+00
auxint: 18
auxint: 3
paramR.coef[0][0].elem[546]: -1.000284260551109e+00
paramR.coef[1][0].elem[546]: -1.898589917046418e-03
paramR.coef[2][0].elem[546]: -9.155516865704732e-04
paramR.coef[3][0].elem[546]: -1.007686124904261e+00
auxint: 18
auxint: 4
paramR.coef[0][0].elem[547]: -1.000284537697906e+00
paramR.coef[1][0].elem[547]: -1.899243732943205e-03
paramR.coef[2][0].elem[547]: -9.151310129189755e-04
paramR.coef[3][0].elem[547]: -1.007683896718432e+00
auxint: 18
auxint: 5
paramR.coef[0][0].elem[548]: -1.000284808261180e+00
paramR.coef[1][0].elem[548]: -1.899847035810820e-03
paramR.coef[2][0].elem[548]: -9.147741619706711e-04
paramR.coef[3][0].elem[548]: -1.007681768697100e+00
auxint: 18
auxint: 6
paramR.coef[0][0].elem[549]: -1.000285062272364e+00
paramR.coef[1][0].elem[549]: -1.900376994818506e-03
paramR.coef[2][0].elem[549]: -9.144939281379075e-04
paramR.coef[3][0].elem[549]: -1.007679821287379e+00
auxint: 18
auxint: 7
paramR.coef[0][0].elem[550]: -1.000285290386603e+00
paramR.coef[1][0].elem[550]: -1.900813861056865e-03
paramR.coef[2][0].elem[550]: -9.142989638552016e-04
paramR.coef[3][0].elem[550]: -1.007678127544216e+00
auxint: 18
auxint: 8
paramR.coef[0][0].elem[551]: -1.000285484177676e+00
paramR.coef[1][0].elem[551]: -1.901141635254206e-03
paramR.coef[2][0].elem[551]: -9.141937641107881e-04
paramR.coef[3][0].elem[551]: -1.007676750588476e+00
auxint: 18
auxint: 9
paramR.coef[0][0].elem[552]: -1.000285636410630e+00
paramR.coef[1][0].elem[552]: -1.901348568989197e-03
paramR.coef[2][0].elem[552]: -9.141789312656775e-04
paramR.coef[3][0].elem[552]: -1.007675741465184e+00
auxint: 18
auxint: 10
paramR.coef[0][0].elem[553]: -1.000285741289201e+00
paramR.coef[1][0].elem[553]: -1.901427494919046e-03
paramR.coef[2][0].elem[553]: -9.142516500924001e-04
paramR.coef[3][0].elem[553]: -1.007675137447097e+00
auxint: 18
auxint: 11
paramR.coef[0][0].elem[554]: -1.000285794672765e+00
paramR.coef[1][0].elem[554]: -1.901375989286445e-03
paramR.coef[2][0].elem[554]: -9.144062874142460e-04
paramR.coef[3][0].elem[554]: -1.007674960814329e+00
auxint: 18
auxint: 12
paramR.coef[0][0].elem[555]: -1.000285794254817e+00
paramR.coef[1][0].elem[555]: -1.901196375940274e-03
paramR.coef[2][0].elem[555]: -9.146350261952545e-04
paramR.coef[3][0].elem[555]: -1.007675218128591e+00
auxint: 18
auxint: 13
paramR.coef[0][0].elem[556]: -1.000285739692447e+00
paramR.coef[1][0].elem[556]: -1.900895584688787e-03
paramR.coef[2][0].elem[556]: -9.149284508006544e-04
paramR.coef[3][0].elem[556]: -1.007675900011755e+00
auxint: 18
auxint: 14
paramR.coef[0][0].elem[557]: -1.000285632675023e+00
paramR.coef[1][0].elem[557]: -1.900484877748878e-03
paramR.coef[2][0].elem[557]: -9.152760175591507e-04
paramR.coef[3][0].elem[557]: -1.007676981432790e+00
auxint: 18
auxint: 15
paramR.coef[0][0].elem[558]: -1.000285476920566e+00
paramR.coef[1][0].elem[558]: -1.899979456809289e-03
paramR.coef[2][0].elem[558]: -9.156663712265333e-04
paramR.coef[3][0].elem[558]: -1.007678422502758e+00
auxint: 18
auxint: 16
paramR.coef[0][0].elem[559]: -1.000285278090631e+00
paramR.coef[1][0].elem[559]: -1.899397960947966e-03
paramR.coef[2][0].elem[559]: -9.160875010179098e-04
paramR.coef[3][0].elem[559]: -1.007680169771152e+00
auxint: 18
auxint: 17
paramR.coef[0][0].elem[560]: -1.000285043618688e+00
paramR.coef[1][0].elem[560]: -1.898761863700044e-03
paramR.coef[2][0].elem[560]: -9.165267651125687e-04
paramR.coef[3][0].elem[560]: -1.007682158005963e+00
auxint: 18
auxint: 18
paramR.coef[0][0].elem[561]: -1.000284782452702e+00
paramR.coef[1][0].elem[561]: -1.898094776912354e-03
paramR.coef[2][0].elem[561]: -9.169708436904281e-04
paramR.coef[3][0].elem[561]: -1.007684312424727e+00
auxint: 18
auxint: 19
paramR.coef[0][0].elem[562]: -1.000284504718791e+00
paramR.coef[1][0].elem[562]: -1.897421670002870e-03
paramR.coef[2][0].elem[562]: -9.174057014086275e-04
paramR.coef[3][0].elem[562]: -1.007686551326337e+00
auxint: 18
auxint: 20
paramR.coef[0][0].elem[563]: -1.000284221318758e+00
paramR.coef[1][0].elem[563]: -1.896768015960801e-03
paramR.coef[2][0].elem[563]: -9.178166464384298e-04
paramR.coef[3][0].elem[563]: -1.007688789055541e+00
auxint: 18
auxint: 21
paramR.coef[0][0].elem[564]: -1.000283943479055e+00
paramR.coef[1][0].elem[564]: -1.896158880005579e-03
paramR.coef[2][0].elem[564]: -9.181885627657278e-04
paramR.coef[3][0].elem[564]: -1.007690939214112e+00
auxint: 18
auxint: 22
paramR.coef[0][0].elem[565]: -1.000283682272455e+00
paramR.coef[1][0].elem[565]: -1.895617973360046e-03
paramR.coef[2][0].elem[565]: -9.185063655709320e-04
paramR.coef[3][0].elem[565]: -1.007692918014291e+00
auxint: 18
auxint: 23
paramR.coef[0][0].elem[566]: -1.000283448136362e+00
paramR.coef[1][0].elem[566]: -1.895166702811626e-03
paramR.coef[2][0].elem[566]: -9.187556889964537e-04
paramR.coef[3][0].elem[566]: -1.007694647650950e+00
auxint: 18
auxint: 24
paramR.coef[0][0].elem[567]: -1.000283250413241e+00
paramR.coef[1][0].elem[567]: -1.894823255753611e-03
paramR.coef[2][0].elem[567]: -9.189237678116049e-04
paramR.coef[3][0].elem[567]: -1.007696059549871e+00
auxint: 18
auxint: 25
paramR.coef[0][0].elem[568]: -1.000283096938795e+00
paramR.coef[1][0].elem[568]: -1.894601768636649e-03
paramR.coef[2][0].elem[568]: -9.190004284872675e-04
paramR.coef[3][0].elem[568]: -1.007697097333298e+00
auxint: 18
auxint: 26
paramR.coef[0][0].elem[569]: -1.000282993701840e+00
paramR.coef[1][0].elem[569]: -1.894511632004932e-03
paramR.coef[2][0].elem[569]: -9.189790703933909e-04
paramR.coef[3][0].elem[569]: -1.007697719335841e+00
auxint: 18
auxint: 27
paramR.coef[0][0].elem[570]: -1.000282944595964e+00
paramR.coef[1][0].elem[570]: -1.894556985098483e-03
paramR.coef[2][0].elem[570]: -9.188575014976010e-04
paramR.coef[3][0].elem[570]: -1.007697900510768e+00
auxint: 18
auxint: 28
paramR.coef[0][0].elem[571]: -1.000282951276980e+00
paramR.coef[1][0].elem[571]: -1.894736445567557e-03
paramR.coef[2][0].elem[571]: -9.186384990778068e-04
paramR.coef[3][0].elem[571]: -1.007697633593665e+00
auxint: 18
auxint: 29
paramR.coef[0][0].elem[572]: -1.000283013132185e+00
paramR.coef[1][0].elem[572]: -1.895043104965820e-03
paramR.coef[2][0].elem[572]: -9.183299948278839e-04
paramR.coef[3][0].elem[572]: -1.007696929437397e+00
auxint: 18
auxint: 30
paramR.coef[0][0].elem[573]: -1.000283127358393e+00
paramR.coef[1][0].elem[573]: -1.895464800147111e-03
paramR.coef[2][0].elem[573]: -9.179448311829230e-04
paramR.coef[3][0].elem[573]: -1.007695816493231e+00
auxint: 18
auxint: 31
paramR.coef[0][0].elem[574]: -1.000283289137204e+00
paramR.coef[1][0].elem[574]: -1.895984647759657e-03
paramR.coef[2][0].elem[574]: -9.175000931618623e-04
paramR.coef[3][0].elem[574]: -1.007694339478001e+00
auxint: 18
auxint: 32
paramR.coef[0][0].elem[575]: -1.000283491889355e+00
paramR.coef[1][0].elem[575]: -1.896581807504033e-03
paramR.coef[2][0].elem[575]: -9.170160765602292e-04
paramR.coef[3][0].elem[575]: -1.007692557325891e+00
auxint: 19
auxint: 1
paramR.coef[0][0].elem[576]: -1.000283515246863e+00
paramR.coef[1][0].elem[576]: -1.897415090416104e-03
paramR.coef[2][0].elem[576]: -9.152344971515558e-04
paramR.coef[3][0].elem[576]: -1.007690600868275e+00
auxint: 19
auxint: 2
paramR.coef[0][0].elem[577]: -1.000283774302557e+00
paramR.coef[1][0].elem[577]: -1.898091545463986e-03
paramR.coef[2][0].elem[577]: -9.147421128875676e-04
paramR.coef[3][0].elem[577]: -1.007688432283522e+00
auxint: 19
auxint: 3
paramR.coef[0][0].elem[578]: -1.000284047814084e+00
paramR.coef[1][0].elem[578]: -1.898770234149584e-03
paramR.coef[2][0].elem[578]: -9.142759024410458e-04
paramR.coef[3][0].elem[578]: -1.007686188594814e+00
auxint: 19
auxint: 4
paramR.coef[0][0].elem[579]: -1.000284325529645e+00
paramR.coef[1][0].elem[579]: -1.899424775402937e-03
paramR.coef[2][0].elem[579]: -9.138555086599047e-04
paramR.coef[3][0].elem[579]: -1.007683956156301e+00
auxint: 19
auxint: 5
paramR.coef[0][0].elem[580]: -1.000284597151254e+00
paramR.coef[1][0].elem[580]: -1.900030047716683e-03
paramR.coef[2][0].elem[580]: -9.134975104066430e-04
paramR.coef[3][0].elem[580]: -1.007681820105026e+00
auxint: 19
auxint: 6
paramR.coef[0][0].elem[581]: -1.000284852670413e+00
paramR.coef[1][0].elem[581]: -1.900563141877716e-03
paramR.coef[2][0].elem[581]: -9.132147445513148e-04
paramR.coef[3][0].elem[581]: -1.007679861210277e+00
auxint: 19
auxint: 7
paramR.coef[0][0].elem[582]: -1.000285082685148e+00
paramR.coef[1][0].elem[582]: -1.901004185102300e-03
paramR.coef[2][0].elem[582]: -9.130159637225731e-04
paramR.coef[3][0].elem[582]: -1.007678152978823e+00
auxint: 19
auxint: 8
paramR.coef[0][0].elem[583]: -1.000285278696988e+00
paramR.coef[1][0].elem[583]: -1.901337013941376e-03
paramR.coef[2][0].elem[583]: -9.129058165898819e-04
paramR.coef[3][0].elem[583]: -1.007676759094327e+00
auxint: 19
auxint: 9
paramR.coef[0][0].elem[584]: -1.000285433386265e+00
paramR.coef[1][0].elem[584]: -1.901549682391664e-03
paramR.coef[2][0].elem[584]: -9.128851056919797e-04
paramR.coef[3][0].elem[584]: -1.007675731253018e+00
auxint: 19
auxint: 10
paramR.coef[0][0].elem[585]: -1.000285540862687e+00
paramR.coef[1][0].elem[585]: -1.901634800271413e-03
paramR.coef[2][0].elem[585]: -9.129512532263212e-04
paramR.coef[3][0].elem[585]: -1.007675107442152e+00
auxint: 19
auxint: 11
paramR.coef[0][0].elem[586]: -1.000285596885827e+00
paramR.coef[1][0].elem[586]: -1.901589704693727e-03
paramR.coef[2][0].elem[586]: -9.130988897758737e-04
paramR.coef[3][0].elem[586]: -1.007674910692923e+00
auxint: 19
auxint: 12
paramR.coef[0][0].elem[587]: -1.000285599047450e+00
paramR.coef[1][0].elem[587]: -1.901416473530180e-03
paramR.coef[2][0].elem[587]: -9.133204764885045e-04
paramR.coef[3][0].elem[587]: -1.007675148327039e+00
auxint: 19
auxint: 13
paramR.coef[0][0].elem[588]: -1.000285546905021e+00
paramR.coef[1][0].elem[588]: -1.901121793286399e-03
paramR.coef[2][0].elem[588]: -9.136068781853277e-04
paramR.coef[3][0].elem[588]: -1.007675811707559e+00
auxint: 19
auxint: 14
paramR.coef[0][0].elem[589]: -1.000285442054325e+00
paramR.coef[1][0].elem[589]: -1.900716694668958e-03
paramR.coef[2][0].elem[589]: -9.139478222904631e-04
paramR.coef[3][0].elem[589]: -1.007676876499352e+00
auxint: 19
auxint: 15
paramR.coef[0][0].elem[590]: -1.000285288129498e+00
paramR.coef[1][0].elem[590]: -1.900216167980913e-03
paramR.coef[2][0].elem[590]: -9.143322047606829e-04
paramR.coef[3][0].elem[590]: -1.007678303439796e+00
auxint: 19
auxint: 16
paramR.coef[0][0].elem[591]: -1.000285090721176e+00
paramR.coef[1][0].elem[591]: -1.899638668437955e-03
paramR.coef[2][0].elem[591]: -9.147482370138945e-04
paramR.coef[3][0].elem[591]: -1.007680039613244e+00
auxint: 19
auxint: 17
paramR.coef[0][0].elem[592]: -1.000284857207711e+00
paramR.coef[1][0].elem[592]: -1.899005519635542e-03
paramR.coef[2][0].elem[592]: -9.151834629753099e-04
paramR.coef[3][0].elem[592]: -1.007682020211789e+00
auxint: 19
auxint: 18
paramR.coef[0][0].elem[593]: -1.000284596499966e+00
paramR.coef[1][0].elem[593]: -1.898340222617034e-03
paramR.coef[2][0].elem[593]: -9.156247065004758e-04
paramR.coef[3][0].elem[593]: -1.007684170750311e+00
auxint: 19
auxint: 19
paramR.coef[0][0].elem[594]: -1.000284318706420e+00
paramR.coef[1][0].elem[594]: -1.897667678925918e-03
paramR.coef[2][0].elem[594]: -9.160580301599612e-04
paramR.coef[3][0].elem[594]: -1.007686409686618e+00
auxint: 19
auxint: 20
paramR.coef[0][0].elem[595]: -1.000284034731302e+00
paramR.coef[1][0].elem[595]: -1.897013338926201e-03
paramR.coef[2][0].elem[595]: -9.164687923119378e-04
paramR.coef[3][0].elem[595]: -1.007688651378948e+00
auxint: 19
auxint: 21
paramR.coef[0][0].elem[596]: -1.000283755823400e+00
paramR.coef[1][0].elem[596]: -1.896402291444173e-03
paramR.coef[2][0].elem[596]: -9.168418788085244e-04
paramR.coef[3][0].elem[596]: -1.007690809294595e+00
auxint: 19
auxint: 22
paramR.coef[0][0].elem[597]: -1.000283493096896e+00
paramR.coef[1][0].elem[597]: -1.895858317226812e-03
paramR.coef[2][0].elem[597]: -9.171621589302623e-04
paramR.coef[3][0].elem[597]: -1.007692799365312e+00
auxint: 19
auxint: 23
paramR.coef[0][0].elem[598]: -1.000283257048116e+00
paramR.coef[1][0].elem[598]: -1.895402936669757e-03
paramR.coef[2][0].elem[598]: -9.174151748958364e-04
paramR.coef[3][0].elem[598]: -1.007694543366808e+00
auxint: 19
auxint: 24
paramR.coef[0][0].elem[599]: -1.000283057093656e+00
paramR.coef[1][0].elem[599]: -1.895054491236485e-03
paramR.coef[2][0].elem[599]: -9.175880265557063e-04
paramR.coef[3][0].elem[599]: -1.007695972180648e+00
auxint: 19
auxint: 25
paramR.coef[0][0].elem[600]: -1.000282901155592e+00
paramR.coef[1][0].elem[600]: -1.894827306492933e-03
paramR.coef[2][0].elem[600]: -9.176703667117711e-04
paramR.coef[3][0].elem[600]: -1.007697028779650e+00
auxint: 19
auxint: 26
paramR.coef[0][0].elem[601]: -1.000282795317910e+00
paramR.coef[1][0].elem[601]: -1.894730990206138e-03
paramR.coef[2][0].elem[601]: -9.176553875940506e-04
paramR.coef[3][0].elem[601]: -1.007697670768904e+00
auxint: 19
auxint: 27
paramR.coef[0][0].elem[602]: -1.000282743574425e+00
paramR.coef[1][0].elem[602]: -1.894769918806224e-03
paramR.coef[2][0].elem[602]: -9.175406628083348e-04
paramR.coef[3][0].elem[602]: -1.007697872321213e+00
auxint: 19
auxint: 28
paramR.coef[0][0].elem[603]: -1.000282747682325e+00
paramR.coef[1][0].elem[603]: -1.894942958004987e-03
paramR.coef[2][0].elem[603]: -9.173287153695993e-04
paramR.coef[3][0].elem[603]: -1.007697625372796e+00
auxint: 19
auxint: 29
paramR.coef[0][0].elem[604]: -1.000282807127507e+00
paramR.coef[1][0].elem[604]: -1.895243448536584e-03
paramR.coef[2][0].elem[604]: -9.170272112639329e-04
paramR.coef[3][0].elem[604]: -1.007696939991686e+00
auxint: 19
auxint: 30
paramR.coef[0][0].elem[605]: -1.000282919198861e+00
paramR.coef[1][0].elem[605]: -1.895659467588028e-03
paramR.coef[2][0].elem[605]: -9.166487252145892e-04
paramR.coef[3][0].elem[605]: -1.007695843891768e+00
auxint: 19
auxint: 31
paramR.coef[0][0].elem[606]: -1.000283079160098e+00
paramR.coef[1][0].elem[606]: -1.896174353591660e-03
paramR.coef[2][0].elem[606]: -9.162100826307365e-04
paramR.coef[3][0].elem[606]: -1.007694381130602e+00
auxint: 19
auxint: 32
paramR.coef[0][0].elem[607]: -1.000283280501073e+00
paramR.coef[1][0].elem[607]: -1.896767460439963e-03
paramR.coef[2][0].elem[607]: -9.157313382056156e-04
paramR.coef[3][0].elem[607]: -1.007692610088295e+00
auxint: 20
auxint: 1
paramR.coef[0][0].elem[608]: -1.000283262812206e+00
paramR.coef[1][0].elem[608]: -1.897506478382783e-03
paramR.coef[2][0].elem[608]: -9.143492303953698e-04
paramR.coef[3][0].elem[608]: -1.007690831092848e+00
auxint: 20
auxint: 2
paramR.coef[0][0].elem[609]: -1.000283521048799e+00
paramR.coef[1][0].elem[609]: -1.898180391053181e-03
paramR.coef[2][0].elem[609]: -9.138598511930862e-04
paramR.coef[3][0].elem[609]: -1.007688668753021e+00
auxint: 20
auxint: 3
paramR.coef[0][0].elem[610]: -1.000283794250567e+00
paramR.coef[1][0].elem[610]: -1.898857738937351e-03
paramR.coef[2][0].elem[610]: -9.133953606658662e-04
paramR.coef[3][0].elem[610]: -1.007686427407155e+00
auxint: 20
auxint: 4
paramR.coef[0][0].elem[611]: -1.000284072177573e+00
paramR.coef[1][0].elem[611]: -1.899512190803112e-03
paramR.coef[2][0].elem[611]: -9.129753279751330e-04
paramR.coef[3][0].elem[611]: -1.007684193336513e+00
auxint: 20
auxint: 5
paramR.coef[0][0].elem[612]: -1.000284344524437e+00
paramR.coef[1][0].elem[612]: -1.900118626682934e-03
paramR.coef[2][0].elem[612]: -9.126163130373013e-04
paramR.coef[3][0].elem[612]: -1.007682051755631e+00
auxint: 20
auxint: 6
paramR.coef[0][0].elem[613]: -1.000284601256181e+00
paramR.coef[1][0].elem[613]: -1.900654090753297e-03
paramR.coef[2][0].elem[613]: -9.123311900626257e-04
paramR.coef[3][0].elem[613]: -1.007680083656638e+00
auxint: 20
auxint: 7
paramR.coef[0][0].elem[614]: -1.000284832926033e+00
paramR.coef[1][0].elem[614]: -1.901098617409815e-03
paramR.coef[2][0].elem[614]: -9.121288042780176e-04
paramR.coef[3][0].elem[614]: -1.007678362904718e+00
auxint: 20
auxint: 8
paramR.coef[0][0].elem[615]: -1.000285030973843e+00
paramR.coef[1][0].elem[615]: -1.901435907927023e-03
paramR.coef[2][0].elem[615]: -9.120139484223208e-04
paramR.coef[3][0].elem[615]: -1.007676953663274e+00
auxint: 20
auxint: 9
paramR.coef[0][0].elem[616]: -1.000285188003433e+00
paramR.coef[1][0].elem[616]: -1.901653843934770e-03
paramR.coef[2][0].elem[616]: -9.119876141815605e-04
paramR.coef[3][0].elem[616]: -1.007675908211682e+00
auxint: 20
auxint: 10
paramR.coef[0][0].elem[617]: -1.000285298035786e+00
paramR.coef[1][0].elem[617]: -1.901744832491418e-03
paramR.coef[2][0].elem[617]: -9.120474494346898e-04
paramR.coef[3][0].elem[617]: -1.007675265202802e+00
auxint: 20
auxint: 11
paramR.coef[0][0].elem[618]: -1.000285356732733e+00
paramR.coef[1][0].elem[618]: -1.901705985396813e-03
paramR.coef[2][0].elem[618]: -9.121883368356806e-04
paramR.coef[3][0].elem[618]: -1.007675048392125e+00
auxint: 20
auxint: 12
paramR.coef[0][0].elem[619]: -1.000285361583010e+00
paramR.coef[1][0].elem[619]: -1.901539141413064e-03
paramR.coef[2][0].elem[619]: -9.124030048201833e-04
paramR.coef[3][0].elem[619]: -1.007675265858043e+00
auxint: 20
auxint: 13
paramR.coef[0][0].elem[620]: -1.000285312039852e+00
paramR.coef[1][0].elem[620]: -1.901250743364740e-03
paramR.coef[2][0].elem[620]: -9.126825891778511e-04
paramR.coef[3][0].elem[620]: -1.007675909725061e+00
auxint: 20
auxint: 14
paramR.coef[0][0].elem[621]: -1.000285209597787e+00
paramR.coef[1][0].elem[621]: -1.900851582844472e-03
paramR.coef[2][0].elem[621]: -9.130170807907937e-04
paramR.coef[3][0].elem[621]: -1.007676956396838e+00
auxint: 20
auxint: 15
paramR.coef[0][0].elem[622]: -1.000285057796717e+00
paramR.coef[1][0].elem[622]: -1.900356424323798e-03
paramR.coef[2][0].elem[622]: -9.133956212749560e-04
paramR.coef[3][0].elem[622]: -1.007678367300548e+00
auxint: 20
auxint: 16
paramR.coef[0][0].elem[623]: -1.000284862143905e+00
paramR.coef[1][0].elem[623]: -1.899783518685123e-03
paramR.coef[2][0].elem[623]: -9.138066408546399e-04
paramR.coef[3][0].elem[623]: -1.007680090136108e+00
auxint: 20
auxint: 17
paramR.coef[0][0].elem[624]: -1.000284629948692e+00
paramR.coef[1][0].elem[624]: -1.899154014282315e-03
paramR.coef[2][0].elem[624]: -9.142378678275062e-04
paramR.coef[3][0].elem[624]: -1.007682060613224e+00
auxint: 20
auxint: 18
paramR.coef[0][0].elem[625]: -1.000284370070224e+00
paramR.coef[1][0].elem[625]: -1.898491272613530e-03
paramR.coef[2][0].elem[625]: -9.146762701208946e-04
paramR.coef[3][0].elem[625]: -1.007684204645553e+00
auxint: 20
auxint: 19
paramR.coef[0][0].elem[626]: -1.000284092584695e+00
paramR.coef[1][0].elem[626]: -1.897820096593251e-03
paramR.coef[2][0].elem[626]: -9.151080100469182e-04
paramR.coef[3][0].elem[626]: -1.007686440954300e+00
auxint: 20
auxint: 20
paramR.coef[0][0].elem[627]: -1.000283808384715e+00
paramR.coef[1][0].elem[627]: -1.897165882574669e-03
paramR.coef[2][0].elem[627]: -9.155184990553474e-04
paramR.coef[3][0].elem[627]: -1.007688684014155e+00
auxint: 20
auxint: 21
paramR.coef[0][0].elem[628]: -1.000283528728487e+00
paramR.coef[1][0].elem[628]: -1.896553712234491e-03
paramR.coef[2][0].elem[628]: -9.158926285775285e-04
paramR.coef[3][0].elem[628]: -1.007690847255336e+00
auxint: 20
auxint: 22
paramR.coef[0][0].elem[629]: -1.000283264760180e+00
paramR.coef[1][0].elem[629]: -1.896007406759196e-03
paramR.coef[2][0].elem[629]: -9.162152264205433e-04
paramR.coef[3][0].elem[629]: -1.007692846417808e+00
auxint: 20
auxint: 23
paramR.coef[0][0].elem[630]: -1.000283027025380e+00
paramR.coef[1][0].elem[630]: -1.895548573553484e-03
paramR.coef[2][0].elem[630]: -9.164717480583596e-04
paramR.coef[3][0].elem[630]: -1.007694602935826e+00
auxint: 20
auxint: 24
paramR.coef[0][0].elem[631]: -1.000282825007098e+00
paramR.coef[1][0].elem[631]: -1.895195684745635e-03
paramR.coef[2][0].elem[631]: -9.166491643619453e-04
paramR.coef[3][0].elem[631]: -1.007696047211568e+00
auxint: 20
auxint: 25
paramR.coef[0][0].elem[632]: -1.000282666708197e+00
paramR.coef[1][0].elem[632]: -1.894963235517387e-03
paramR.coef[2][0].elem[632]: -9.167369610206407e-04
paramR.coef[3][0].elem[632]: -1.007697121618550e+00
auxint: 20
auxint: 26
paramR.coef[0][0].elem[633]: -1.000282558304520e+00
paramR.coef[1][0].elem[633]: -1.894861035906426e-03
paramR.coef[2][0].elem[633]: -9.167281300864747e-04
paramR.coef[3][0].elem[633]: -1.007697783066161e+00
auxint: 20
auxint: 27
paramR.coef[0][0].elem[634]: -1.000282503889129e+00
paramR.coef[1][0].elem[634]: -1.894893689515946e-03
paramR.coef[2][0].elem[634]: -9.166200180839430e-04
paramR.coef[3][0].elem[634]: -1.007698004963480e+00
auxint: 20
auxint: 28
paramR.coef[0][0].elem[635]: -1.000282505321906e+00
paramR.coef[1][0].elem[635]: -1.895060305128230e-03
paramR.coef[2][0].elem[635]: -9.164149014403015e-04
paramR.coef[3][0].elem[635]: -1.007697778447153e+00
auxint: 20
auxint: 29
paramR.coef[0][0].elem[636]: -1.000282562190890e+00
paramR.coef[1][0].elem[636]: -1.895354472658785e-03
paramR.coef[2][0].elem[636]: -9.161201885318567e-04
paramR.coef[3][0].elem[636]: -1.007697112783766e+00
auxint: 20
auxint: 30
paramR.coef[0][0].elem[637]: -1.000282671882718e+00
paramR.coef[1][0].elem[637]: -1.895764514636683e-03
paramR.coef[2][0].elem[637]: -9.157481946405063e-04
paramR.coef[3][0].elem[637]: -1.007696034917275e+00
auxint: 20
auxint: 31
paramR.coef[0][0].elem[638]: -1.000282829750942e+00
paramR.coef[1][0].elem[638]: -1.896274001327745e-03
paramR.coef[2][0].elem[638]: -9.153154935058731e-04
paramR.coef[3][0].elem[638]: -1.007694588197944e+00
auxint: 20
auxint: 32
paramR.coef[0][0].elem[639]: -1.000283029364144e+00
paramR.coef[1][0].elem[639]: -1.896862495781348e-03
paramR.coef[2][0].elem[639]: -9.148419058197437e-04
paramR.coef[3][0].elem[639]: -1.007692830389283e+00
auxint: 21
auxint: 1
paramR.coef[0][0].elem[640]: -1.000282979664640e+00
paramR.coef[1][0].elem[640]: -1.897503242547037e-03
paramR.coef[2][0].elem[640]: -9.138916250321906e-04
paramR.coef[3][0].elem[640]: -1.007691223043465e+00
auxint: 21
auxint: 2
paramR.coef[0][0].elem[641]: -1.000283236748646e+00
paramR.coef[1][0].elem[641]: -1.898173966588208e-03
paramR.coef[2][0].elem[641]: -9.134051225716138e-04
paramR.coef[3][0].elem[641]: -1.007689069279144e+00
auxint: 21
auxint: 3
paramR.coef[0][0].elem[642]: -1.000283509284344e+00
paramR.coef[1][0].elem[642]: -1.898849230680127e-03
paramR.coef[2][0].elem[642]: -9.129423197616992e-04
paramR.coef[3][0].elem[642]: -1.007686832832865e+00
auxint: 21
auxint: 4
paramR.coef[0][0].elem[643]: -1.000283787057282e+00
paramR.coef[1][0].elem[643]: -1.899502781208323e-03
paramR.coef[2][0].elem[643]: -9.125227150889297e-04
paramR.coef[3][0].elem[643]: -1.007684599815769e+00
auxint: 21
auxint: 5
paramR.coef[0][0].elem[644]: -1.000284059768974e+00
paramR.coef[1][0].elem[644]: -1.900109530910735e-03
paramR.coef[2][0].elem[644]: -9.121628480133711e-04
paramR.coef[3][0].elem[644]: -1.007682455415516e+00
auxint: 21
auxint: 6
paramR.coef[0][0].elem[645]: -1.000284317372383e+00
paramR.coef[1][0].elem[645]: -1.900646510825396e-03
paramR.coef[2][0].elem[645]: -9.118756239176786e-04
paramR.coef[3][0].elem[645]: -1.007680480739353e+00
auxint: 21
auxint: 7
paramR.coef[0][0].elem[646]: -1.000284550389915e+00
paramR.coef[1][0].elem[646]: -1.901093697027568e-03
paramR.coef[2][0].elem[646]: -9.116699699315094e-04
paramR.coef[3][0].elem[646]: -1.007678749904046e+00
auxint: 21
auxint: 8
paramR.coef[0][0].elem[647]: -1.000284750212580e+00
paramR.coef[1][0].elem[647]: -1.901434689474398e-03
paramR.coef[2][0].elem[647]: -9.115508081219246e-04
paramR.coef[3][0].elem[647]: -1.007677327451834e+00
auxint: 21
auxint: 9
paramR.coef[0][0].elem[648]: -1.000284909378704e+00
paramR.coef[1][0].elem[648]: -1.901657229094121e-03
paramR.coef[2][0].elem[648]: -9.115193014071540e-04
paramR.coef[3][0].elem[648]: -1.007676266155552e+00
auxint: 21
auxint: 10
paramR.coef[0][0].elem[649]: -1.000285021829151e+00
paramR.coef[1][0].elem[649]: -1.901753547880602e-03
paramR.coef[2][0].elem[649]: -9.115733034148073e-04
paramR.coef[3][0].elem[649]: -1.007675605259947e+00
auxint: 21
auxint: 11
paramR.coef[0][0].elem[650]: -1.000285083133769e+00
paramR.coef[1][0].elem[650]: -1.901720554636411e-03
paramR.coef[2][0].elem[650]: -9.117079281590217e-04
paramR.coef[3][0].elem[650]: -1.007675369190749e+00
auxint: 21
auxint: 12
paramR.coef[0][0].elem[651]: -1.000285090680858e+00
paramR.coef[1][0].elem[651]: -1.901559864858287e-03
paramR.coef[2][0].elem[651]: -9.119161510288042e-04
paramR.coef[3][0].elem[651]: -1.007675566751327e+00
auxint: 21
auxint: 13
paramR.coef[0][0].elem[652]: -1.000285043818719e+00
paramR.coef[1][0].elem[652]: -1.901277686328363e-03
paramR.coef[2][0].elem[652]: -9.121893598164859e-04
paramR.coef[3][0].elem[652]: -1.007676190819776e+00
auxint: 21
auxint: 14
paramR.coef[0][0].elem[653]: -1.000284943936698e+00
paramR.coef[1][0].elem[653]: -1.900884572683630e-03
paramR.coef[2][0].elem[653]: -9.125177920709375e-04
paramR.coef[3][0].elem[653]: -1.007677218554497e+00
auxint: 21
auxint: 15
paramR.coef[0][0].elem[654]: -1.000284794473652e+00
paramR.coef[1][0].elem[654]: -1.900395056459861e-03
paramR.coef[2][0].elem[654]: -9.128908210514889e-04
paramR.coef[3][0].elem[654]: -1.007678612110531e+00
auxint: 21
auxint: 16
paramR.coef[0][0].elem[655]: -1.000284600844223e+00
paramR.coef[1][0].elem[655]: -1.899827171424644e-03
paramR.coef[2][0].elem[655]: -9.132970849263833e-04
paramR.coef[3][0].elem[655]: -1.007680319860844e+00
auxint: 21
auxint: 17
paramR.coef[0][0].elem[656]: -1.000284370277539e+00
paramR.coef[1][0].elem[656]: -1.899201872028492e-03
paramR.coef[2][0].elem[656]: -9.137244888051686e-04
paramR.coef[3][0].elem[656]: -1.007682278106506e+00
auxint: 21
auxint: 18
paramR.coef[0][0].elem[657]: -1.000284111568404e+00
paramR.coef[1][0].elem[657]: -1.898542356673215e-03
paramR.coef[2][0].elem[657]: -9.141601403539095e-04
paramR.coef[3][0].elem[657]: -1.007684413246443e+00
auxint: 21
auxint: 19
paramR.coef[0][0].elem[658]: -1.000283834747270e+00
paramR.coef[1][0].elem[658]: -1.897873302437659e-03
paramR.coef[2][0].elem[658]: -9.145903002652897e-04
paramR.coef[3][0].elem[658]: -1.007686644360268e+00
auxint: 21
auxint: 20
paramR.coef[0][0].elem[659]: -1.000283550681473e+00
paramR.coef[1][0].elem[659]: -1.897220022178553e-03
paramR.coef[2][0].elem[659]: -9.150004343663656e-04
paramR.coef[3][0].elem[659]: -1.007688886138072e+00
auxint: 21
auxint: 21
paramR.coef[0][0].elem[660]: -1.000283270625326e+00
paramR.coef[1][0].elem[660]: -1.896607559914928e-03
paramR.coef[2][0].elem[660]: -9.153754433501898e-04
paramR.coef[3][0].elem[660]: -1.007691052071865e+00
auxint: 21
auxint: 22
paramR.coef[0][0].elem[661]: -1.000283005740411e+00
paramR.coef[1][0].elem[661]: -1.896059746712607e-03
paramR.coef[2][0].elem[661]: -9.157001195196750e-04
paramR.coef[3][0].elem[661]: -1.007693057805622e+00
auxint: 21
auxint: 23
paramR.coef[0][0].elem[662]: -1.000282766610021e+00
paramR.coef[1][0].elem[662]: -1.895598247162720e-03
paramR.coef[2][0].elem[662]: -9.159598398045206e-04
paramR.coef[3][0].elem[662]: -1.007694824522579e+00
auxint: 21
auxint: 24
paramR.coef[0][0].elem[663]: -1.000282562773333e+00
paramR.coef[1][0].elem[663]: -1.895241635796530e-03
paramR.coef[2][0].elem[663]: -9.161414563838326e-04
paramR.coef[3][0].elem[663]: -1.007696282228265e+00
auxint: 21
auxint: 25
paramR.coef[0][0].elem[664]: -1.000282402305341e+00
paramR.coef[1][0].elem[664]: -1.895004551613603e-03
paramR.coef[2][0].elem[664]: -9.162342999404077e-04
paramR.coef[3][0].elem[664]: -1.007697372769389e+00
auxint: 21
auxint: 26
paramR.coef[0][0].elem[665]: -1.000282291466946e+00
paramR.coef[1][0].elem[665]: -1.894896984426011e-03
paramR.coef[2][0].elem[665]: -9.162311759767830e-04
paramR.coef[3][0].elem[665]: -1.007698052419579e+00
auxint: 21
auxint: 27
paramR.coef[0][0].elem[666]: -1.000282234445702e+00
paramR.coef[1][0].elem[666]: -1.894923746468681e-03
paramR.coef[2][0].elem[666]: -9.161292188510350e-04
paramR.coef[3][0].elem[666]: -1.007698293869782e+00
auxint: 21
auxint: 28
paramR.coef[0][0].elem[667]: -1.000282233201633e+00
paramR.coef[1][0].elem[667]: -1.895084175506318e-03
paramR.coef[2][0].elem[667]: -9.159304743800171e-04
paramR.coef[3][0].elem[667]: -1.007698087486958e+00
auxint: 21
auxint: 29
paramR.coef[0][0].elem[668]: -1.000282287424661e+00
paramR.coef[1][0].elem[668]: -1.895372101418095e-03
paramR.coef[2][0].elem[668]: -9.156421100332872e-04
paramR.coef[3][0].elem[668]: -1.007697441749386e+00
auxint: 21
auxint: 30
paramR.coef[0][0].elem[669]: -1.000282394601265e+00
paramR.coef[1][0].elem[669]: -1.895776088065705e-03
paramR.coef[2][0].elem[669]: -9.152761985728505e-04
paramR.coef[3][0].elem[669]: -1.007696382826869e+00
auxint: 21
auxint: 31
paramR.coef[0][0].elem[670]: -1.000282550179231e+00
paramR.coef[1][0].elem[670]: -1.896279938982347e-03
paramR.coef[2][0].elem[670]: -9.148490785736907e-04
paramR.coef[3][0].elem[670]: -1.007694953340634e+00
auxint: 21
auxint: 32
paramR.coef[0][0].elem[671]: -1.000282747812521e+00
paramR.coef[1][0].elem[671]: -1.896863433408321e-03
paramR.coef[2][0].elem[671]: -9.143803521019979e-04
paramR.coef[3][0].elem[671]: -1.007693210398387e+00
auxint: 22
auxint: 1
paramR.coef[0][0].elem[672]: -1.000282676352479e+00
paramR.coef[1][0].elem[672]: -1.897405509189660e-03
paramR.coef[2][0].elem[672]: -9.138774263709014e-04
paramR.coef[3][0].elem[672]: -1.007691763115840e+00
auxint: 22
auxint: 2
paramR.coef[0][0].elem[673]: -1.000282931991539e+00
paramR.coef[1][0].elem[673]: -1.898072512819858e-03
paramR.coef[2][0].elem[673]: -9.133935817782439e-04
paramR.coef[3][0].elem[673]: -1.007689619953322e+00
auxint: 22
auxint: 3
paramR.coef[0][0].elem[674]: -1.000283203527650e+00
paramR.coef[1][0].elem[674]: -1.898745022986666e-03
paramR.coef[2][0].elem[674]: -9.129323855875521e-04
paramR.coef[3][0].elem[674]: -1.007687390797581e+00
auxint: 22
auxint: 4
paramR.coef[0][0].elem[675]: -1.000283480784640e+00
paramR.coef[1][0].elem[675]: -1.899396888827850e-03
paramR.coef[2][0].elem[675]: -9.125132708392200e-04
paramR.coef[3][0].elem[675]: -1.007685161497782e+00
auxint: 22
auxint: 5
paramR.coef[0][0].elem[676]: -1.000283753485081e+00
paramR.coef[1][0].elem[676]: -1.900003086001105e-03
paramR.coef[2][0].elem[676]: -9.121527555096112e-04
paramR.coef[3][0].elem[676]: -1.007683017110289e+00
auxint: 22
auxint: 6
paramR.coef[0][0].elem[677]: -1.000284011584849e+00
paramR.coef[1][0].elem[677]: -1.900540666584069e-03
paramR.coef[2][0].elem[677]: -9.118637686842067e-04
paramR.coef[3][0].elem[677]: -1.007681038744585e+00
auxint: 22
auxint: 7
paramR.coef[0][0].elem[678]: -1.000284245590682e+00
paramR.coef[1][0].elem[678]: -1.900989585139989e-03
paramR.coef[2][0].elem[678]: -9.116553055807838e-04
paramR.coef[3][0].elem[678]: -1.007679300652342e+00
auxint: 22
auxint: 8
paramR.coef[0][0].elem[679]: -1.000284446859400e+00
paramR.coef[1][0].elem[679]: -1.901333378122932e-03
paramR.coef[2][0].elem[679]: -9.115323979901632e-04
paramR.coef[3][0].elem[679]: -1.007677867639430e+00
auxint: 22
auxint: 9
paramR.coef[0][0].elem[680]: -1.000284607877277e+00
paramR.coef[1][0].elem[680]: -1.901559682754994e-03
paramR.coef[2][0].elem[680]: -9.114963557636055e-04
paramR.coef[3][0].elem[680]: -1.007676792863935e+00
auxint: 22
auxint: 10
paramR.coef[0][0].elem[681]: -1.000284722516666e+00
paramR.coef[1][0].elem[681]: -1.901660590320977e-03
paramR.coef[2][0].elem[681]: -9.115452107722695e-04
paramR.coef[3][0].elem[681]: -1.007676116066402e+00
auxint: 22
auxint: 11
paramR.coef[0][0].elem[682]: -1.000284786264655e+00
paramR.coef[1][0].elem[682]: -1.901632836669148e-03
paramR.coef[2][0].elem[682]: -9.116742792886956e-04
paramR.coef[3][0].elem[682]: -1.007675862263339e+00
auxint: 22
auxint: 12
paramR.coef[0][0].elem[683]: -1.000284796415498e+00
paramR.coef[1][0].elem[683]: -1.901477838311033e-03
paramR.coef[2][0].elem[683]: -9.118767544827765e-04
paramR.coef[3][0].elem[683]: -1.007676040924070e+00
auxint: 22
auxint: 13
paramR.coef[0][0].elem[684]: -1.000284752215787e+00
paramR.coef[1][0].elem[684]: -1.901201585397868e-03
paramR.coef[2][0].elem[684]: -9.121442482808273e-04
paramR.coef[3][0].elem[684]: -1.007676645644378e+00
auxint: 22
auxint: 14
paramR.coef[0][0].elem[685]: -1.000284654949699e+00
paramR.coef[1][0].elem[685]: -1.900814403556592e-03
paramR.coef[2][0].elem[685]: -9.124672195343508e-04
paramR.coef[3][0].elem[685]: -1.007677654325569e+00
auxint: 22
auxint: 15
paramR.coef[0][0].elem[686]: -1.000284507952005e+00
paramR.coef[1][0].elem[686]: -1.900330595808982e-03
paramR.coef[2][0].elem[686]: -9.128352512515763e-04
paramR.coef[3][0].elem[686]: -1.007679029861936e+00
auxint: 22
auxint: 16
paramR.coef[0][0].elem[687]: -1.000284316538948e+00
paramR.coef[1][0].elem[687]: -1.899767974020164e-03
paramR.coef[2][0].elem[687]: -9.132371717754810e-04
paramR.coef[3][0].elem[687]: -1.007680721332221e+00
auxint: 22
auxint: 17
paramR.coef[0][0].elem[688]: -1.000284087851271e+00
paramR.coef[1][0].elem[688]: -1.899147287244767e-03
paramR.coef[2][0].elem[688]: -9.136610497231541e-04
paramR.coef[3][0].elem[688]: -1.007682665680730e+00
auxint: 22
auxint: 18
paramR.coef[0][0].elem[689]: -1.000283830609241e+00
paramR.coef[1][0].elem[689]: -1.898491553271565e-03
paramR.coef[2][0].elem[689]: -9.140941237577062e-04
paramR.coef[3][0].elem[689]: -1.007684789860115e+00
auxint: 22
auxint: 19
paramR.coef[0][0].elem[690]: -1.000283554785823e+00
paramR.coef[1][0].elem[690]: -1.897825300732874e-03
paramR.coef[2][0].elem[690]: -9.145227487206661e-04
paramR.coef[3][0].elem[690]: -1.007687013390230e+00
auxint: 22
auxint: 20
paramR.coef[0][0].elem[691]: -1.000283271210316e+00
paramR.coef[1][0].elem[691]: -1.897173732410376e-03
paramR.coef[2][0].elem[691]: -9.149324449400335e-04
paramR.coef[3][0].elem[691]: -1.007689251268012e+00
auxint: 22
auxint: 21
paramR.coef[0][0].elem[692]: -1.000282991119865e+00
paramR.coef[1][0].elem[692]: -1.896561825249005e-03
paramR.coef[2][0].elem[692]: -9.153081266041025e-04
paramR.coef[3][0].elem[692]: -1.007691417144673e+00
auxint: 22
auxint: 22
paramR.coef[0][0].elem[693]: -1.000282725680099e+00
paramR.coef[1][0].elem[693]: -1.896013388941024e-03
paramR.coef[2][0].elem[693]: -9.156345585381815e-04
paramR.coef[3][0].elem[693]: -1.007693426668518e+00
auxint: 22
auxint: 23
paramR.coef[0][0].elem[694]: -1.000282485498925e+00
paramR.coef[1][0].elem[694]: -1.895550113091195e-03
paramR.coef[2][0].elem[694]: -9.158970506124788e-04
paramR.coef[3][0].elem[694]: -1.007695200872236e+00
auxint: 22
auxint: 24
paramR.coef[0][0].elem[695]: -1.000282280159246e+00
paramR.coef[1][0].elem[695]: -1.895190642470337e-03
paramR.coef[2][0].elem[695]: -9.160823509602368e-04
paramR.coef[3][0].elem[695]: -1.007696669462552e+00
auxint: 22
auxint: 25
paramR.coef[0][0].elem[696]: -1.000282117796765e+00
paramR.coef[1][0].elem[696]: -1.894949728691409e-03
paramR.coef[2][0].elem[696]: -9.161796528023260e-04
paramR.coef[3][0].elem[696]: -1.007697773851729e+00
auxint: 22
auxint: 26
paramR.coef[0][0].elem[697]: -1.000282004747364e+00
paramR.coef[1][0].elem[697]: -1.894837512024937e-03
paramR.coef[2][0].elem[697]: -9.161815952227633e-04
paramR.coef[3][0].elem[697]: -1.007698469761750e+00
auxint: 22
auxint: 27
paramR.coef[0][0].elem[698]: -1.000281945284698e+00
paramR.coef[1][0].elem[698]: -1.894858986834072e-03
paramR.coef[2][0].elem[698]: -9.160851226701581e-04
paramR.coef[3][0].elem[698]: -1.007698729238502e+00
auxint: 22
auxint: 28
paramR.coef[0][0].elem[699]: -1.000281941462547e+00
paramR.coef[1][0].elem[699]: -1.895013697115052e-03
paramR.coef[2][0].elem[699]: -9.158920741161583e-04
paramR.coef[3][0].elem[699]: -1.007698541938407e+00
auxint: 22
auxint: 29
paramR.coef[0][0].elem[700]: -1.000281993068642e+00
paramR.coef[1][0].elem[700]: -1.895295694583281e-03
paramR.coef[2][0].elem[700]: -9.156094007184088e-04
paramR.coef[3][0].elem[700]: -1.007697915594059e+00
auxint: 22
auxint: 30
paramR.coef[0][0].elem[701]: -1.000282097687709e+00
paramR.coef[1][0].elem[701]: -1.895693771593068e-03
paramR.coef[2][0].elem[701]: -9.152489574852143e-04
paramR.coef[3][0].elem[701]: -1.007696875625373e+00
auxint: 22
auxint: 31
paramR.coef[0][0].elem[702]: -1.000282250862729e+00
paramR.coef[1][0].elem[702]: -1.896191957849163e-03
paramR.coef[2][0].elem[702]: -9.148268720610258e-04
paramR.coef[3][0].elem[702]: -1.007695463929466e+00
auxint: 22
auxint: 32
paramR.coef[0][0].elem[703]: -1.000282446336571e+00
paramR.coef[1][0].elem[703]: -1.896770247834345e-03
paramR.coef[2][0].elem[703]: -9.143625506688674e-04
paramR.coef[3][0].elem[703]: -1.007693736943160e+00
auxint: 23
auxint: 1
paramR.coef[0][0].elem[704]: -1.000282364236232e+00
paramR.coef[1][0].elem[704]: -1.897216871911885e-03
paramR.coef[2][0].elem[704]: -9.143053707353347e-04
paramR.coef[3][0].elem[704]: -1.007692432595182e+00
auxint: 23
auxint: 2
paramR.coef[0][0].elem[705]: -1.000282618188873e+00
paramR.coef[1][0].elem[705]: -1.897879754837320e-03
paramR.coef[2][0].elem[705]: -9.138238907200036e-04
paramR.coef[3][0].elem[705]: -1.007690301688567e+00
auxint: 23
auxint: 3
paramR.coef[0][0].elem[706]: -1.000282888425847e+00
paramR.coef[1][0].elem[706]: -1.898548935660447e-03
paramR.coef[2][0].elem[706]: -9.133641832192005e-04
paramR.coef[3][0].elem[706]: -1.007688081968064e+00
auxint: 23
auxint: 4
paramR.coef[0][0].elem[707]: -1.000283164820783e+00
paramR.coef[1][0].elem[707]: -1.899198387824590e-03
paramR.coef[2][0].elem[707]: -9.129456228562931e-04
paramR.coef[3][0].elem[707]: -1.007685858937856e+00
auxint: 23
auxint: 5
paramR.coef[0][0].elem[708]: -1.000283437130861e+00
paramR.coef[1][0].elem[708]: -1.899803178155158e-03
paramR.coef[2][0].elem[708]: -9.125847052567454e-04
paramR.coef[3][0].elem[708]: -1.007683717422143e+00
auxint: 23
auxint: 6
paramR.coef[0][0].elem[709]: -1.000283695329892e+00
paramR.coef[1][0].elem[709]: -1.900340413576736e-03
paramR.coef[2][0].elem[709]: -9.122943742155395e-04
paramR.coef[3][0].elem[709]: -1.007681738418305e+00
auxint: 23
auxint: 7
paramR.coef[0][0].elem[710]: -1.000283929924793e+00
paramR.coef[1][0].elem[710]: -1.900790065063078e-03
paramR.coef[2][0].elem[710]: -9.120836761755291e-04
paramR.coef[3][0].elem[710]: -1.007679996190204e+00
auxint: 23
auxint: 8
paramR.coef[0][0].elem[711]: -1.000284132254172e+00
paramR.coef[1][0].elem[711]: -1.901135645935452e-03
paramR.coef[2][0].elem[711]: -9.119577286805120e-04
paramR.coef[3][0].elem[711]: -1.007678555681703e+00
auxint: 23
auxint: 9
paramR.coef[0][0].elem[712]: -1.000284294767672e+00
paramR.coef[1][0].elem[712]: -1.901364730727108e-03
paramR.coef[2][0].elem[712]: -9.119179586497050e-04
paramR.coef[3][0].elem[712]: -1.007677470313047e+00
auxint: 23
auxint: 10
paramR.coef[0][0].elem[713]: -1.000284411283338e+00
paramR.coef[1][0].elem[713]: -1.901469309807222e-03
paramR.coef[2][0].elem[713]: -9.119625420157681e-04
paramR.coef[3][0].elem[713]: -1.007676780205437e+00
auxint: 23
auxint: 11
paramR.coef[0][0].elem[714]: -1.000284477217840e+00
paramR.coef[1][0].elem[714]: -1.901445982768007e-03
paramR.coef[2][0].elem[714]: -9.120869606385179e-04
paramR.coef[3][0].elem[714]: -1.007676510864165e+00
auxint: 23
auxint: 12
paramR.coef[0][0].elem[715]: -1.000284489781306e+00
paramR.coef[1][0].elem[715]: -1.901295999007930e-03
paramR.coef[2][0].elem[715]: -9.122845882254825e-04
paramR.coef[3][0].elem[715]: -1.007676672340289e+00
auxint: 23
auxint: 13
paramR.coef[0][0].elem[716]: -1.000284448125703e+00
paramR.coef[1][0].elem[716]: -1.901025156698917e-03
paramR.coef[2][0].elem[716]: -9.125472248398182e-04
paramR.coef[3][0].elem[716]: -1.007677258884335e+00
auxint: 23
auxint: 14
paramR.coef[0][0].elem[717]: -1.000284353434030e+00
paramR.coef[1][0].elem[717]: -1.900643571970440e-03
paramR.coef[2][0].elem[717]: -9.128655174581053e-04
paramR.coef[3][0].elem[717]: -1.007678249100797e+00
auxint: 23
auxint: 15
paramR.coef[0][0].elem[718]: -1.000284208937840e+00
paramR.coef[1][0].elem[718]: -1.900165329265742e-03
paramR.coef[2][0].elem[718]: -9.132292297368315e-04
paramR.coef[3][0].elem[718]: -1.007679606607222e+00
auxint: 23
auxint: 16
paramR.coef[0][0].elem[719]: -1.000284019852830e+00
paramR.coef[1][0].elem[719]: -1.899608021859396e-03
paramR.coef[2][0].elem[719]: -9.136273560880395e-04
paramR.coef[3][0].elem[719]: -1.007681281195183e+00
auxint: 23
auxint: 17
paramR.coef[0][0].elem[720]: -1.000283793226417e+00
paramR.coef[1][0].elem[720]: -1.898992189351208e-03
paramR.coef[2][0].elem[720]: -9.140481101116765e-04
paramR.coef[3][0].elem[720]: -1.007683210480894e+00
auxint: 23
auxint: 18
paramR.coef[0][0].elem[721]: -1.000283537696898e+00
paramR.coef[1][0].elem[721]: -1.898340657967693e-03
paramR.coef[2][0].elem[721]: -9.144788488324070e-04
paramR.coef[3][0].elem[721]: -1.007685322019039e+00
auxint: 23
auxint: 19
paramR.coef[0][0].elem[722]: -1.000283263170155e+00
paramR.coef[1][0].elem[722]: -1.897677790693480e-03
paramR.coef[2][0].elem[722]: -9.149060146071804e-04
paramR.coef[3][0].elem[722]: -1.007687535835345e+00
auxint: 23
auxint: 20
paramR.coef[0][0].elem[723]: -1.000282980426067e+00
paramR.coef[1][0].elem[723]: -1.897028657527539e-03
paramR.coef[2][0].elem[723]: -9.153151815841252e-04
paramR.coef[3][0].elem[723]: -1.007689767314082e+00
auxint: 23
auxint: 21
paramR.coef[0][0].elem[724]: -1.000282700671824e+00
paramR.coef[1][0].elem[724]: -1.896418140985387e-03
paramR.coef[2][0].elem[724]: -9.156912824635821e-04
paramR.coef[3][0].elem[724]: -1.007691930358322e+00
auxint: 23
auxint: 22
paramR.coef[0][0].elem[725]: -1.000282435063374e+00
paramR.coef[1][0].elem[725]: -1.895869998380747e-03
paramR.coef[2][0].elem[725]: -9.160190648322326e-04
paramR.coef[3][0].elem[725]: -1.007693940722434e+00
auxint: 23
auxint: 23
paramR.coef[0][0].elem[726]: -1.000282194219033e+00
paramR.coef[1][0].elem[726]: -1.895405910767139e-03
paramR.coef[2][0].elem[726]: -9.162837863882869e-04
paramR.coef[3][0].elem[726]: -1.007695719396015e+00
auxint: 23
auxint: 24
paramR.coef[0][0].elem[727]: -1.000281987751216e+00
paramR.coef[1][0].elem[727]: -1.895044558091310e-03
paramR.coef[2][0].elem[727]: -9.164721102673435e-04
paramR.coef[3][0].elem[727]: -1.007697195896833e+00
auxint: 23
auxint: 25
paramR.coef[0][0].elem[728]: -1.000281823842516e+00
paramR.coef[1][0].elem[728]: -1.894800768991941e-03
paramR.coef[2][0].elem[728]: -9.165731150732674e-04
paramR.coef[3][0].elem[728]: -1.007698311311882e+00
auxint: 23
auxint: 26
paramR.coef[0][0].elem[729]: -1.000281708890797e+00
paramR.coef[1][0].elem[729]: -1.894684799073461e-03
paramR.coef[2][0].elem[729]: -9.165792996998979e-04
paramR.coef[3][0].elem[729]: -1.007699020916863e+00
auxint: 23
auxint: 27
paramR.coef[0][0].elem[730]: -1.000281647244067e+00
paramR.coef[1][0].elem[730]: -1.894701791310296e-03
paramR.coef[2][0].elem[730]: -9.164874476502811e-04
paramR.coef[3][0].elem[730]: -1.007699296210529e+00
auxint: 23
auxint: 28
paramR.coef[0][0].elem[731]: -1.000281641039863e+00
paramR.coef[1][0].elem[731]: -1.894851465311676e-03
paramR.coef[2][0].elem[731]: -9.162992218902962e-04
paramR.coef[3][0].elem[731]: -1.007699126225137e+00
auxint: 23
auxint: 29
paramR.coef[0][0].elem[732]: -1.000281690155924e+00
paramR.coef[1][0].elem[732]: -1.895128068152372e-03
paramR.coef[2][0].elem[732]: -9.160213890863487e-04
paramR.coef[3][0].elem[732]: -1.007698518018469e+00
auxint: 23
auxint: 30
paramR.coef[0][0].elem[733]: -1.000281792269949e+00
paramR.coef[1][0].elem[733]: -1.895520599360356e-03
paramR.coef[2][0].elem[733]: -9.156656184425235e-04
paramR.coef[3][0].elem[733]: -1.007697496312835e+00
auxint: 23
auxint: 31
paramR.coef[0][0].elem[734]: -1.000281943017576e+00
paramR.coef[1][0].elem[734]: -1.896013299445786e-03
paramR.coef[2][0].elem[734]: -9.152478578006504e-04
paramR.coef[3][0].elem[734]: -1.007696102312732e+00
auxint: 23
auxint: 32
paramR.coef[0][0].elem[735]: -1.000282136230914e+00
paramR.coef[1][0].elem[735]: -1.896586369416083e-03
paramR.coef[2][0].elem[735]: -9.147873466243859e-04
paramR.coef[3][0].elem[735]: -1.007694391793192e+00
auxint: 24
auxint: 1
paramR.coef[0][0].elem[736]: -1.000282055098159e+00
paramR.coef[1][0].elem[736]: -1.896944280435255e-03
paramR.coef[2][0].elem[736]: -9.151575073508113e-04
paramR.coef[3][0].elem[736]: -1.007693208059290e+00
auxint: 24
auxint: 2
paramR.coef[0][0].elem[737]: -1.000282307182305e+00
paramR.coef[1][0].elem[737]: -1.897602787516871e-03
paramR.coef[2][0].elem[737]: -9.146780389769948e-04
paramR.coef[3][0].elem[737]: -1.007691090631717e+00
auxint: 24
auxint: 3
paramR.coef[0][0].elem[738]: -1.000282575865151e+00
paramR.coef[1][0].elem[738]: -1.898268178223303e-03
paramR.coef[2][0].elem[738]: -9.142196750297646e-04
paramR.coef[3][0].elem[738]: -1.007688882168732e+00
auxint: 24
auxint: 4
paramR.coef[0][0].elem[739]: -1.000282851079910e+00
paramR.coef[1][0].elem[739]: -1.898914567454416e-03
paramR.coef[2][0].elem[739]: -9.138017400836027e-04
paramR.coef[3][0].elem[739]: -1.007686667758604e+00
auxint: 24
auxint: 5
paramR.coef[0][0].elem[740]: -1.000283122630791e+00
paramR.coef[1][0].elem[740]: -1.899517138392754e-03
paramR.coef[2][0].elem[740]: -9.134407065076113e-04
paramR.coef[3][0].elem[740]: -1.007684531900048e+00
auxint: 24
auxint: 6
paramR.coef[0][0].elem[741]: -1.000283380524073e+00
paramR.coef[1][0].elem[741]: -1.900053085020515e-03
paramR.coef[2][0].elem[741]: -9.131495223586705e-04
paramR.coef[3][0].elem[741]: -1.007682555366755e+00
auxint: 24
auxint: 7
paramR.coef[0][0].elem[742]: -1.000283615282852e+00
paramR.coef[1][0].elem[742]: -1.900502432468746e-03
paramR.coef[2][0].elem[742]: -9.129372657657570e-04
paramR.coef[3][0].elem[742]: -1.007680812310194e+00
auxint: 24
auxint: 8
paramR.coef[0][0].elem[743]: -1.000283818244309e+00
paramR.coef[1][0].elem[743]: -1.900848712492359e-03
paramR.coef[2][0].elem[743]: -9.128091123722726e-04
paramR.coef[3][0].elem[743]: -1.007679367680260e+00
auxint: 24
auxint: 9
paramR.coef[0][0].elem[744]: -1.000283981838345e+00
paramR.coef[1][0].elem[744]: -1.901079480544173e-03
paramR.coef[2][0].elem[744]: -9.127665716622019e-04
paramR.coef[3][0].elem[744]: -1.007678275025550e+00
auxint: 24
auxint: 10
paramR.coef[0][0].elem[745]: -1.000284099844988e+00
paramR.coef[1][0].elem[745]: -1.901186669874406e-03
paramR.coef[2][0].elem[745]: -9.128079238255500e-04
paramR.coef[3][0].elem[745]: -1.007677574717783e+00
auxint: 24
auxint: 11
paramR.coef[0][0].elem[746]: -1.000284167625511e+00
paramR.coef[1][0].elem[746]: -1.901166785843663e-03
paramR.coef[2][0].elem[746]: -9.129287731579215e-04
paramR.coef[3][0].elem[746]: -1.007677292630168e+00
auxint: 24
auxint: 12
paramR.coef[0][0].elem[747]: -1.000284182319021e+00
paramR.coef[1][0].elem[747]: -1.901020949071274e-03
paramR.coef[2][0].elem[747]: -9.131226296725221e-04
paramR.coef[3][0].elem[747]: -1.007677439289068e+00
auxint: 24
auxint: 13
paramR.coef[0][0].elem[748]: -1.000284142993520e+00
paramR.coef[1][0].elem[748]: -1.900754798770435e-03
paramR.coef[2][0].elem[748]: -9.133814384796613e-04
paramR.coef[3][0].elem[748]: -1.007678009511878e+00
auxint: 24
auxint: 14
paramR.coef[0][0].elem[749]: -1.000284050738673e+00
paramR.coef[1][0].elem[749]: -1.900378268082730e-03
paramR.coef[2][0].elem[749]: -9.136959946054636e-04
paramR.coef[3][0].elem[749]: -1.007678982539824e+00
auxint: 24
auxint: 15
paramR.coef[0][0].elem[750]: -1.000283908687584e+00
paramR.coef[1][0].elem[750]: -1.899905242060627e-03
paramR.coef[2][0].elem[750]: -9.140562067910521e-04
paramR.coef[3][0].elem[750]: -1.007680322670462e+00
auxint: 24
auxint: 16
paramR.coef[0][0].elem[751]: -1.000283721956992e+00
paramR.coef[1][0].elem[751]: -1.899353106788236e-03
paramR.coef[2][0].elem[751]: -9.144512056964675e-04
paramR.coef[3][0].elem[751]: -1.007681980388981e+00
auxint: 24
auxint: 17
paramR.coef[0][0].elem[752]: -1.000283497499458e+00
paramR.coef[1][0].elem[752]: -1.898742195931668e-03
paramR.coef[2][0].elem[752]: -9.148693267682029e-04
paramR.coef[3][0].elem[752]: -1.007683893987934e+00
auxint: 24
auxint: 18
paramR.coef[0][0].elem[753]: -1.000283243866844e+00
paramR.coef[1][0].elem[753]: -1.898095140049592e-03
paramR.coef[2][0].elem[753]: -9.152980294752318e-04
paramR.coef[3][0].elem[753]: -1.007685991650804e+00
auxint: 24
auxint: 19
paramR.coef[0][0].elem[754]: -1.000282970890807e+00
paramR.coef[1][0].elem[754]: -1.897436125171074e-03
paramR.coef[2][0].elem[754]: -9.157238351247023e-04
paramR.coef[3][0].elem[754]: -1.007688193956668e+00
auxint: 24
auxint: 20
paramR.coef[0][0].elem[755]: -1.000282689292194e+00
paramR.coef[1][0].elem[755]: -1.896790070455485e-03
paramR.coef[2][0].elem[755]: -9.161323703640394e-04
paramR.coef[3][0].elem[755]: -1.007690416743881e+00
auxint: 24
auxint: 21
paramR.coef[0][0].elem[756]: -1.000282410236463e+00
paramR.coef[1][0].elem[756]: -1.896181739737457e-03
paramR.coef[2][0].elem[756]: -9.165085920844481e-04
paramR.coef[3][0].elem[756]: -1.007692574251732e+00
auxint: 24
auxint: 22
paramR.coef[0][0].elem[757]: -1.000282144856312e+00
paramR.coef[1][0].elem[757]: -1.895634808342939e-03
paramR.coef[2][0].elem[757]: -9.168372428780948e-04
paramR.coef[3][0].elem[757]: -1.007694582440015e+00
auxint: 24
auxint: 23
paramR.coef[0][0].elem[758]: -1.000281903765657e+00
paramR.coef[1][0].elem[758]: -1.895170914932176e-03
paramR.coef[2][0].elem[758]: -9.171035464221542e-04
paramR.coef[3][0].elem[758]: -1.007696362366023e+00
auxint: 24
auxint: 24
paramR.coef[0][0].elem[759]: -1.000281696590894e+00
paramR.coef[1][0].elem[759]: -1.894808737747378e-03
paramR.coef[2][0].elem[759]: -9.172941041656765e-04
paramR.coef[3][0].elem[759]: -1.007697843476941e+00
auxint: 24
auxint: 25
paramR.coef[0][0].elem[760]: -1.000281531545769e+00
paramR.coef[1][0].elem[760]: -1.894563143627948e-03
paramR.coef[2][0].elem[760]: -9.173979079028060e-04
paramR.coef[3][0].elem[760]: -1.007698966656916e+00
auxint: 24
auxint: 26
paramR.coef[0][0].elem[761]: -1.000281415074656e+00
paramR.coef[1][0].elem[761]: -1.894444463825566e-03
paramR.coef[2][0].elem[761]: -9.174073480410079e-04
paramR.coef[3][0].elem[761]: -1.007699686858243e+00
auxint: 24
auxint: 27
paramR.coef[0][0].elem[762]: -1.000281351585263e+00
paramR.coef[1][0].elem[762]: -1.894457950650051e-03
paramR.coef[2][0].elem[762]: -9.173190820261640e-04
paramR.coef[3][0].elem[762]: -1.007699975151636e+00
auxint: 24
auxint: 28
paramR.coef[0][0].elem[763]: -1.000281343285629e+00
paramR.coef[1][0].elem[763]: -1.894603461945978e-03
paramR.coef[2][0].elem[763]: -9.171346339669202e-04
paramR.coef[3][0].elem[763]: -1.007699820055604e+00
auxint: 24
auxint: 29
paramR.coef[0][0].elem[764]: -1.000281390132214e+00
paramR.coef[1][0].elem[764]: -1.894875406188018e-03
paramR.coef[2][0].elem[764]: -9.168606243678886e-04
paramR.coef[3][0].elem[764]: -1.007699228049924e+00
auxint: 24
auxint: 30
paramR.coef[0][0].elem[765]: -1.000281489886866e+00
paramR.coef[1][0].elem[765]: -1.895262960915090e-03
paramR.coef[2][0].elem[765]: -9.165085749626178e-04
paramR.coef[3][0].elem[765]: -1.007698223238130e+00
auxint: 24
auxint: 31
paramR.coef[0][0].elem[766]: -1.000281638271892e+00
paramR.coef[1][0].elem[766]: -1.895750554278071e-03
paramR.coef[2][0].elem[766]: -9.160942908061162e-04
paramR.coef[3][0].elem[766]: -1.007696846189388e+00
auxint: 24
auxint: 32
paramR.coef[0][0].elem[767]: -1.000281829205768e+00
paramR.coef[1][0].elem[767]: -1.896318577672582e-03
paramR.coef[2][0].elem[767]: -9.156368788021305e-04
paramR.coef[3][0].elem[767]: -1.007695152049932e+00
auxint: 25
auxint: 1
paramR.coef[0][0].elem[768]: -1.000281760722842e+00
paramR.coef[1][0].elem[768]: -1.896597820988249e-03
paramR.coef[2][0].elem[768]: -9.164001166635200e-04
paramR.coef[3][0].elem[768]: -1.007694061922661e+00
auxint: 25
auxint: 2
paramR.coef[0][0].elem[769]: -1.000282010822894e+00
paramR.coef[1][0].elem[769]: -1.897251852351002e-03
paramR.coef[2][0].elem[769]: -9.159222596101499e-04
paramR.coef[3][0].elem[769]: -1.007691958718094e+00
auxint: 25
auxint: 3
paramR.coef[0][0].elem[770]: -1.000282277750837e+00
paramR.coef[1][0].elem[770]: -1.897913124320783e-03
paramR.coef[2][0].elem[770]: -9.154650729377973e-04
paramR.coef[3][0].elem[770]: -1.007689762942893e+00
auxint: 25
auxint: 4
paramR.coef[0][0].elem[771]: -1.000282551507185e+00
paramR.coef[1][0].elem[771]: -1.898555905407284e-03
paramR.coef[2][0].elem[771]: -9.150478403675971e-04
paramR.coef[3][0].elem[771]: -1.007687559213141e+00
auxint: 25
auxint: 5
paramR.coef[0][0].elem[772]: -1.000282821953972e+00
paramR.coef[1][0].elem[772]: -1.899155516271030e-03
paramR.coef[2][0].elem[772]: -9.146870100220788e-04
paramR.coef[3][0].elem[772]: -1.007685431620047e+00
auxint: 25
auxint: 6
paramR.coef[0][0].elem[773]: -1.000283079143415e+00
paramR.coef[1][0].elem[773]: -1.899689267252928e-03
paramR.coef[2][0].elem[773]: -9.143955227486680e-04
paramR.coef[3][0].elem[773]: -1.007683460609270e+00
auxint: 25
auxint: 7
paramR.coef[0][0].elem[774]: -1.000283313630360e+00
paramR.coef[1][0].elem[774]: -1.900137273781029e-03
paramR.coef[2][0].elem[774]: -9.141824668614706e-04
paramR.coef[3][0].elem[774]: -1.007681720098089e+00
auxint: 25
auxint: 8
paramR.coef[0][0].elem[775]: -1.000283516767577e+00
paramR.coef[1][0].elem[775]: -1.900483127351961e-03
paramR.coef[2][0].elem[775]: -9.140530455891151e-04
paramR.coef[3][0].elem[775]: -1.007680274908745e+00
auxint: 25
auxint: 9
paramR.coef[0][0].elem[776]: -1.000283680982994e+00
paramR.coef[1][0].elem[776]: -1.900714409037049e-03
paramR.coef[2][0].elem[776]: -9.140088127859219e-04
paramR.coef[3][0].elem[776]: -1.007679178578248e+00
auxint: 25
auxint: 10
paramR.coef[0][0].elem[777]: -1.000283800036456e+00
paramR.coef[1][0].elem[777]: -1.900823041202926e-03
paramR.coef[2][0].elem[777]: -9.140481086597101e-04
paramR.coef[3][0].elem[777]: -1.007678471588306e+00
auxint: 25
auxint: 11
paramR.coef[0][0].elem[778]: -1.000283869250997e+00
paramR.coef[1][0].elem[778]: -1.900805480779275e-03
paramR.coef[2][0].elem[778]: -9.141666117259132e-04
paramR.coef[3][0].elem[778]: -1.007678180044646e+00
auxint: 25
auxint: 12
paramR.coef[0][0].elem[779]: -1.000283885710503e+00
paramR.coef[1][0].elem[779]: -1.900662762991488e-03
paramR.coef[2][0].elem[779]: -9.143579185421032e-04
paramR.coef[3][0].elem[779]: -1.007678314824115e+00
auxint: 25
auxint: 13
paramR.coef[0][0].elem[780]: -1.000283848412856e+00
paramR.coef[1][0].elem[780]: -1.900400407297611e-03
paramR.coef[2][0].elem[780]: -9.146140703931704e-04
paramR.coef[3][0].elem[780]: -1.007678871201317e+00
auxint: 25
auxint: 14
paramR.coef[0][0].elem[781]: -1.000283758365772e+00
paramR.coef[1][0].elem[781]: -1.900028197444363e-03
paramR.coef[2][0].elem[781]: -9.149259644888336e-04
paramR.coef[3][0].elem[781]: -1.007679828963326e+00
auxint: 25
auxint: 15
paramR.coef[0][0].elem[782]: -1.000283618612414e+00
paramR.coef[1][0].elem[782]: -1.899559845942501e-03
paramR.coef[2][0].elem[782]: -9.152836135826132e-04
paramR.coef[3][0].elem[782]: -1.007681153018503e+00
auxint: 25
auxint: 16
paramR.coef[0][0].elem[783]: -1.000283434175885e+00
paramR.coef[1][0].elem[783]: -1.899012550923320e-03
paramR.coef[2][0].elem[783]: -9.156762498709747e-04
paramR.coef[3][0].elem[783]: -1.007682794500264e+00
auxint: 25
auxint: 17
paramR.coef[0][0].elem[784]: -1.000283211915880e+00
paramR.coef[1][0].elem[784]: -1.898406451234646e-03
paramR.coef[2][0].elem[784]: -9.160923035554747e-04
paramR.coef[3][0].elem[784]: -1.007684692357004e+00
auxint: 25
auxint: 18
paramR.coef[0][0].elem[785]: -1.000282960296510e+00
paramR.coef[1][0].elem[785]: -1.897763984668775e-03
paramR.coef[2][0].elem[785]: -9.165193177933062e-04
paramR.coef[3][0].elem[785]: -1.007686775405188e+00
auxint: 25
auxint: 19
paramR.coef[0][0].elem[786]: -1.000282689070702e+00
paramR.coef[1][0].elem[786]: -1.897109155186382e-03
paramR.coef[2][0].elem[786]: -9.169438825580344e-04
paramR.coef[3][0].elem[786]: -1.007688964805268e+00
auxint: 25
auxint: 20
paramR.coef[0][0].elem[787]: -1.000282408892759e+00
paramR.coef[1][0].elem[787]: -1.896466718269008e-03
paramR.coef[2][0].elem[787]: -9.173516750139116e-04
paramR.coef[3][0].elem[787]: -1.007691176900647e+00
auxint: 25
auxint: 21
paramR.coef[0][0].elem[788]: -1.000282130876076e+00
paramR.coef[1][0].elem[788]: -1.895861298863230e-03
paramR.coef[2][0].elem[788]: -9.177276823301036e-04
paramR.coef[3][0].elem[788]: -1.007693326339678e+00
auxint: 25
auxint: 22
paramR.coef[0][0].elem[789]: -1.000281866117292e+00
paramR.coef[1][0].elem[789]: -1.895316463330060e-03
paramR.coef[2][0].elem[789]: -9.180566559092990e-04
paramR.coef[3][0].elem[789]: -1.007695329380419e+00
auxint: 25
auxint: 23
paramR.coef[0][0].elem[790]: -1.000281625211091e+00
paramR.coef[1][0].elem[790]: -1.894853775143968e-03
paramR.coef[2][0].elem[790]: -9.183238062666280e-04
paramR.coef[3][0].elem[790]: -1.007697107257588e+00
auxint: 25
auxint: 24
paramR.coef[0][0].elem[791]: -1.000281417781573e+00
paramR.coef[1][0].elem[791]: -1.894491873430975e-03
paramR.coef[2][0].elem[791]: -9.185157001338352e-04
paramR.coef[3][0].elem[791]: -1.007698589470523e+00
auxint: 25
auxint: 25
paramR.coef[0][0].elem[792]: -1.000281252056509e+00
paramR.coef[1][0].elem[792]: -1.894245622447914e-03
paramR.coef[2][0].elem[792]: -9.186212746199392e-04
paramR.coef[3][0].elem[792]: -1.007699716832124e+00
auxint: 25
auxint: 26
paramR.coef[0][0].elem[793]: -1.000281134509397e+00
paramR.coef[1][0].elem[793]: -1.894125386202246e-03
paramR.coef[2][0].elem[793]: -9.186328481235112e-04
paramR.coef[3][0].elem[793]: -1.007700444107436e+00
auxint: 25
auxint: 27
paramR.coef[0][0].elem[794]: -1.000281069590619e+00
paramR.coef[1][0].elem[794]: -1.894136482728620e-03
paramR.coef[2][0].elem[794]: -9.185469920764801e-04
paramR.coef[3][0].elem[794]: -1.007700742075034e+00
auxint: 25
auxint: 28
paramR.coef[0][0].elem[795]: -1.000281059562704e+00
paramR.coef[1][0].elem[795]: -1.894278865352035e-03
paramR.coef[2][0].elem[795]: -9.183651343258823e-04
paramR.coef[3][0].elem[795]: -1.007700598869990e+00
auxint: 25
auxint: 29
paramR.coef[0][0].elem[796]: -1.000281104446486e+00
paramR.coef[1][0].elem[796]: -1.894547063732480e-03
paramR.coef[2][0].elem[796]: -9.180937930516009e-04
paramR.coef[3][0].elem[796]: -1.007700020513256e+00
auxint: 25
auxint: 30
paramR.coef[0][0].elem[797]: -1.000281202075879e+00
paramR.coef[1][0].elem[797]: -1.894930397419911e-03
paramR.coef[2][0].elem[797]: -9.177443860883318e-04
paramR.coef[3][0].elem[797]: -1.007699030592297e+00
auxint: 25
auxint: 31
paramR.coef[0][0].elem[798]: -1.000281348250595e+00
paramR.coef[1][0].elem[798]: -1.895413451989653e-03
paramR.coef[2][0].elem[798]: -9.173326174128730e-04
paramR.coef[3][0].elem[798]: -1.007697669122315e+00
auxint: 25
auxint: 32
paramR.coef[0][0].elem[799]: -1.000281536969428e+00
paramR.coef[1][0].elem[799]: -1.895976786146138e-03
paramR.coef[2][0].elem[799]: -9.168774995783903e-04
paramR.coef[3][0].elem[799]: -1.007695990676909e+00
auxint: 26
auxint: 1
paramR.coef[0][0].elem[800]: -1.000281492459404e+00
paramR.coef[1][0].elem[800]: -1.896190388721822e-03
paramR.coef[2][0].elem[800]: -9.179851552889508e-04
paramR.coef[3][0].elem[800]: -1.007694963157144e+00
auxint: 26
auxint: 2
paramR.coef[0][0].elem[801]: -1.000281740531590e+00
paramR.coef[1][0].elem[801]: -1.896840005970448e-03
paramR.coef[2][0].elem[801]: -9.175084712556888e-04
paramR.coef[3][0].elem[801]: -1.007692874404411e+00
auxint: 26
auxint: 3
paramR.coef[0][0].elem[802]: -1.000282005566467e+00
paramR.coef[1][0].elem[802]: -1.897496977227567e-03
paramR.coef[2][0].elem[802]: -9.170522765790381e-04
paramR.coef[3][0].elem[802]: -1.007690692294704e+00
auxint: 26
auxint: 4
paramR.coef[0][0].elem[803]: -1.000282277637208e+00
paramR.coef[1][0].elem[803]: -1.898135731358759e-03
paramR.coef[2][0].elem[803]: -9.166358237871566e-04
paramR.coef[3][0].elem[803]: -1.007688500932269e+00
auxint: 26
auxint: 5
paramR.coef[0][0].elem[804]: -1.000282546672456e+00
paramR.coef[1][0].elem[804]: -1.898731742742083e-03
paramR.coef[2][0].elem[804]: -9.162755357887808e-04
paramR.coef[3][0].elem[804]: -1.007686383933177e+00
auxint: 26
auxint: 6
paramR.coef[0][0].elem[805]: -1.000282802782238e+00
paramR.coef[1][0].elem[805]: -1.899262463236706e-03
paramR.coef[2][0].elem[805]: -9.159843343145044e-04
paramR.coef[3][0].elem[805]: -1.007684421322232e+00
auxint: 26
auxint: 7
paramR.coef[0][0].elem[806]: -1.000283036567666e+00
paramR.coef[1][0].elem[806]: -1.899708131605424e-03
paramR.coef[2][0].elem[806]: -9.157712952762230e-04
paramR.coef[3][0].elem[806]: -1.007682686668501e+00
auxint: 26
auxint: 8
paramR.coef[0][0].elem[807]: -1.000283239413702e+00
paramR.coef[1][0].elem[807]: -1.900052438562627e-03
paramR.coef[2][0].elem[807]: -9.156416171012579e-04
paramR.coef[3][0].elem[807]: -1.007681244536273e+00
auxint: 26
auxint: 9
paramR.coef[0][0].elem[808]: -1.000283403764332e+00
paramR.coef[1][0].elem[808]: -1.900283034989232e-03
paramR.coef[2][0].elem[808]: -9.155968572610094e-04
paramR.coef[3][0].elem[808]: -1.007680148309953e+00
auxint: 26
auxint: 10
paramR.coef[0][0].elem[809]: -1.000283523377943e+00
paramR.coef[1][0].elem[809]: -1.900391879378570e-03
paramR.coef[2][0].elem[809]: -9.156353687182481e-04
paramR.coef[3][0].elem[809]: -1.007679438435349e+00
auxint: 26
auxint: 11
paramR.coef[0][0].elem[810]: -1.000283593558002e+00
paramR.coef[1][0].elem[810]: -1.900375428097561e-03
paramR.coef[2][0].elem[810]: -9.157528526069295e-04
paramR.coef[3][0].elem[810]: -1.007679141105729e+00
auxint: 26
auxint: 12
paramR.coef[0][0].elem[811]: -1.000283611351095e+00
paramR.coef[1][0].elem[811]: -1.900234677785005e-03
paramR.coef[2][0].elem[811]: -9.159429384693803e-04
paramR.coef[3][0].elem[811]: -1.007679267409746e+00
auxint: 26
auxint: 13
paramR.coef[0][0].elem[812]: -1.000283575701495e+00
paramR.coef[1][0].elem[812]: -1.899975072098164e-03
paramR.coef[2][0].elem[812]: -9.161977106906501e-04
paramR.coef[3][0].elem[812]: -1.007679812951672e+00
auxint: 26
auxint: 14
paramR.coef[0][0].elem[813]: -1.000283487549472e+00
paramR.coef[1][0].elem[813]: -1.899606284864007e-03
paramR.coef[2][0].elem[813]: -9.165081184172194e-04
paramR.coef[3][0].elem[813]: -1.007680757952368e+00
auxint: 26
auxint: 15
paramR.coef[0][0].elem[814]: -1.000283349860179e+00
paramR.coef[1][0].elem[814]: -1.899141889610080e-03
paramR.coef[2][0].elem[814]: -9.168642331149963e-04
paramR.coef[3][0].elem[814]: -1.007682067838266e+00
auxint: 26
auxint: 16
paramR.coef[0][0].elem[815]: -1.000283167571969e+00
paramR.coef[1][0].elem[815]: -1.898598922962115e-03
paramR.coef[2][0].elem[815]: -9.172553499730994e-04
paramR.coef[3][0].elem[815]: -1.007683694320852e+00
auxint: 26
auxint: 17
paramR.coef[0][0].elem[816]: -1.000282947457170e+00
paramR.coef[1][0].elem[816]: -1.897997347416365e-03
paramR.coef[2][0].elem[816]: -9.176699635492306e-04
paramR.coef[3][0].elem[816]: -1.007685576959070e+00
auxint: 26
auxint: 18
paramR.coef[0][0].elem[817]: -1.000282697894076e+00
paramR.coef[1][0].elem[817]: -1.897359417991502e-03
paramR.coef[2][0].elem[817]: -9.180956792879416e-04
paramR.coef[3][0].elem[817]: -1.007687645183230e+00
auxint: 26
auxint: 19
paramR.coef[0][0].elem[818]: -1.000282428555221e+00
paramR.coef[1][0].elem[818]: -1.896708957949257e-03
paramR.coef[2][0].elem[818]: -9.185191437438400e-04
paramR.coef[3][0].elem[818]: -1.007689820742507e+00
auxint: 26
auxint: 20
paramR.coef[0][0].elem[819]: -1.000282150023191e+00
paramR.coef[1][0].elem[819]: -1.896070551941387e-03
paramR.coef[2][0].elem[819]: -9.189260817672037e-04
paramR.coef[3][0].elem[819]: -1.007692020518806e+00
auxint: 26
auxint: 21
paramR.coef[0][0].elem[820]: -1.000281873350834e+00
paramR.coef[1][0].elem[820]: -1.895468670628474e-03
paramR.coef[2][0].elem[820]: -9.193015169669012e-04
paramR.coef[3][0].elem[820]: -1.007694159628200e+00
auxint: 26
auxint: 22
paramR.coef[0][0].elem[821]: -1.000281609587201e+00
paramR.coef[1][0].elem[821]: -1.894926748208857e-03
paramR.coef[2][0].elem[821]: -9.196302242811715e-04
paramR.coef[3][0].elem[821]: -1.007696154709419e+00
auxint: 26
auxint: 23
paramR.coef[0][0].elem[822]: -1.000281369293543e+00
paramR.coef[1][0].elem[822]: -1.894466242655858e-03
paramR.coef[2][0].elem[822]: -9.198974236782391e-04
paramR.coef[3][0].elem[822]: -1.007697927278540e+00
auxint: 26
auxint: 24
paramR.coef[0][0].elem[823]: -1.000281162075299e+00
paramR.coef[1][0].elem[823]: -1.894105717531219e-03
paramR.coef[2][0].elem[823]: -9.200896767563266e-04
paramR.coef[3][0].elem[823]: -1.007699407009264e+00
auxint: 26
auxint: 25
paramR.coef[0][0].elem[824]: -1.000280996156374e+00
paramR.coef[1][0].elem[824]: -1.893859993212132e-03
paramR.coef[2][0].elem[824]: -9.201959014573193e-04
paramR.coef[3][0].elem[824]: -1.007700534779351e+00
auxint: 26
auxint: 26
paramR.coef[0][0].elem[825]: -1.000280878020699e+00
paramR.coef[1][0].elem[825]: -1.893739421808993e-03
paramR.coef[2][0].elem[825]: -9.202083845987463e-04
paramR.coef[3][0].elem[825]: -1.007701265311379e+00
auxint: 26
auxint: 27
paramR.coef[0][0].elem[826]: -1.000280812142562e+00
paramR.coef[1][0].elem[826]: -1.893749340664301e-03
paramR.coef[2][0].elem[826]: -9.201236558765256e-04
paramR.coef[3][0].elem[826]: -1.007701569239658e+00
auxint: 26
auxint: 28
paramR.coef[0][0].elem[827]: -1.000280800820825e+00
paramR.coef[1][0].elem[827]: -1.893889752046935e-03
paramR.coef[2][0].elem[827]: -9.199430937570373e-04
paramR.coef[3][0].elem[827]: -1.007701434461129e+00
auxint: 26
auxint: 29
paramR.coef[0][0].elem[828]: -1.000280844123825e+00
paramR.coef[1][0].elem[828]: -1.894155261875620e-03
paramR.coef[2][0].elem[828]: -9.196731620805185e-04
paramR.coef[3][0].elem[828]: -1.007700866674906e+00
auxint: 26
auxint: 30
paramR.coef[0][0].elem[829]: -1.000280939942672e+00
paramR.coef[1][0].elem[829]: -1.894535290224807e-03
paramR.coef[2][0].elem[829]: -9.193252222098405e-04
paramR.coef[3][0].elem[829]: -1.007699889075084e+00
auxint: 26
auxint: 31
paramR.coef[0][0].elem[830]: -1.000281084142251e+00
paramR.coef[1][0].elem[830]: -1.895014543873843e-03
paramR.coef[2][0].elem[830]: -9.189149222075687e-04
paramR.coef[3][0].elem[830]: -1.007698541225569e+00
auxint: 26
auxint: 32
paramR.coef[0][0].elem[831]: -1.000281270792601e+00
paramR.coef[1][0].elem[831]: -1.895573719495845e-03
paramR.coef[2][0].elem[831]: -9.184612214718988e-04
paramR.coef[3][0].elem[831]: -1.007696877205134e+00
auxint: 27
auxint: 1
paramR.coef[0][0].elem[832]: -1.000281260779625e+00
paramR.coef[1][0].elem[832]: -1.895737255266005e-03
paramR.coef[2][0].elem[832]: -9.198521490152812e-04
paramR.coef[3][0].elem[832]: -1.007695878214180e+00
auxint: 27
auxint: 2
paramR.coef[0][0].elem[833]: -1.000281506855274e+00
paramR.coef[1][0].elem[833]: -1.896382683209620e-03
paramR.coef[2][0].elem[833]: -9.193761688322783e-04
paramR.coef[3][0].elem[833]: -1.007693803605761e+00
auxint: 27
auxint: 3
paramR.coef[0][0].elem[834]: -1.000281769928263e+00
paramR.coef[1][0].elem[834]: -1.897035329140198e-03
paramR.coef[2][0].elem[834]: -9.189207606754541e-04
paramR.coef[3][0].elem[834]: -1.007691635637993e+00
auxint: 27
auxint: 4
paramR.coef[0][0].elem[835]: -1.000282040147191e+00
paramR.coef[1][0].elem[835]: -1.897669783289000e-03
paramR.coef[2][0].elem[835]: -9.185051559176809e-04
paramR.coef[3][0].elem[835]: -1.007689457881983e+00
auxint: 27
auxint: 5
paramR.coef[0][0].elem[836]: -1.000282307513727e+00
paramR.coef[1][0].elem[836]: -1.898261684469208e-03
paramR.coef[2][0].elem[836]: -9.181457515202736e-04
paramR.coef[3][0].elem[836]: -1.007687353428014e+00
auxint: 27
auxint: 6
paramR.coef[0][0].elem[837]: -1.000282562205523e+00
paramR.coef[1][0].elem[837]: -1.898788646054969e-03
paramR.coef[2][0].elem[837]: -9.178554382792387e-04
paramR.coef[3][0].elem[837]: -1.007685401802436e+00
auxint: 27
auxint: 7
paramR.coef[0][0].elem[838]: -1.000282794882840e+00
paramR.coef[1][0].elem[838]: -1.899231058698428e-03
paramR.coef[2][0].elem[838]: -9.176432569044194e-04
paramR.coef[3][0].elem[838]: -1.007683676124585e+00
auxint: 27
auxint: 8
paramR.coef[0][0].elem[839]: -1.000282996978356e+00
paramR.coef[1][0].elem[839]: -1.899572748349881e-03
paramR.coef[2][0].elem[839]: -9.175143679855818e-04
paramR.coef[3][0].elem[839]: -1.007682240579263e+00
auxint: 27
auxint: 9
paramR.coef[0][0].elem[840]: -1.000283160969694e+00
paramR.coef[1][0].elem[840]: -1.899801477637769e-03
paramR.coef[2][0].elem[840]: -9.174702908151396e-04
paramR.coef[3][0].elem[840]: -1.007681148261755e+00
auxint: 27
auxint: 10
paramR.coef[0][0].elem[841]: -1.000283280632681e+00
paramR.coef[1][0].elem[841]: -1.899909287176968e-03
paramR.coef[2][0].elem[841]: -9.175093425454038e-04
paramR.coef[3][0].elem[841]: -1.007680439436269e+00
auxint: 27
auxint: 11
paramR.coef[0][0].elem[842]: -1.000283351270712e+00
paramR.coef[1][0].elem[842]: -1.899892680916984e-03
paramR.coef[2][0].elem[842]: -9.176271937770598e-04
paramR.coef[3][0].elem[842]: -1.007680140234419e+00
auxint: 27
auxint: 12
paramR.coef[0][0].elem[843]: -1.000283369912461e+00
paramR.coef[1][0].elem[843]: -1.899752665406366e-03
paramR.coef[2][0].elem[843]: -9.178174515528598e-04
paramR.coef[3][0].elem[843]: -1.007680261809148e+00
auxint: 27
auxint: 13
paramR.coef[0][0].elem[844]: -1.000283335467197e+00
paramR.coef[1][0].elem[844]: -1.899494655589937e-03
paramR.coef[2][0].elem[844]: -9.180721879330981e-04
paramR.coef[3][0].elem[844]: -1.007680799953520e+00
auxint: 27
auxint: 14
paramR.coef[0][0].elem[845]: -1.000283248824837e+00
paramR.coef[1][0].elem[845]: -1.899128259268691e-03
paramR.coef[2][0].elem[845]: -9.183823511305264e-04
paramR.coef[3][0].elem[845]: -1.007681735192965e+00
auxint: 27
auxint: 15
paramR.coef[0][0].elem[846]: -1.000283112887421e+00
paramR.coef[1][0].elem[846]: -1.898666949988242e-03
paramR.coef[2][0].elem[846]: -9.187380233373272e-04
paramR.coef[3][0].elem[846]: -1.007683033359196e+00
auxint: 27
auxint: 16
paramR.coef[0][0].elem[847]: -1.000282932520656e+00
paramR.coef[1][0].elem[847]: -1.898127635552363e-03
paramR.coef[2][0].elem[847]: -9.191285215194939e-04
paramR.coef[3][0].elem[847]: -1.007684646649399e+00
auxint: 27
auxint: 17
paramR.coef[0][0].elem[848]: -1.000282714418339e+00
paramR.coef[1][0].elem[848]: -1.897530127360915e-03
paramR.coef[2][0].elem[848]: -9.195423715412848e-04
paramR.coef[3][0].elem[848]: -1.007686515164331e+00
auxint: 27
auxint: 18
paramR.coef[0][0].elem[849]: -1.000282466878147e+00
paramR.coef[1][0].elem[849]: -1.896896514623056e-03
paramR.coef[2][0].elem[849]: -9.199672172649352e-04
paramR.coef[3][0].elem[849]: -1.007688568905655e+00
auxint: 27
auxint: 19
paramR.coef[0][0].elem[850]: -1.000282199493549e+00
paramR.coef[1][0].elem[850]: -1.896250447982814e-03
paramR.coef[2][0].elem[850]: -9.203897477827249e-04
paramR.coef[3][0].elem[850]: -1.007690730196839e+00
auxint: 27
auxint: 20
paramR.coef[0][0].elem[851]: -1.000281922772835e+00
paramR.coef[1][0].elem[851]: -1.895616340255488e-03
paramR.coef[2][0].elem[851]: -9.207957315896531e-04
paramR.coef[3][0].elem[851]: -1.007692916472471e+00
auxint: 27
auxint: 21
paramR.coef[0][0].elem[852]: -1.000281647701996e+00
paramR.coef[1][0].elem[852]: -1.895018497897715e-03
paramR.coef[2][0].elem[852]: -9.211702343973057e-04
paramR.coef[3][0].elem[852]: -1.007695043358419e+00
auxint: 27
auxint: 22
paramR.coef[0][0].elem[853]: -1.000281385272702e+00
paramR.coef[1][0].elem[853]: -1.894480204487857e-03
paramR.coef[2][0].elem[853]: -9.214980694707386e-04
paramR.coef[3][0].elem[853]: -1.007697027942779e+00
auxint: 27
auxint: 23
paramR.coef[0][0].elem[854]: -1.000281145999794e+00
paramR.coef[1][0].elem[854]: -1.894022785952768e-03
paramR.coef[2][0].elem[854]: -9.217644894928530e-04
paramR.coef[3][0].elem[854]: -1.007698792116807e+00
auxint: 27
auxint: 24
paramR.coef[0][0].elem[855]: -1.000280939454302e+00
paramR.coef[1][0].elem[855]: -1.893664696345956e-03
paramR.coef[2][0].elem[855]: -9.219560819080162e-04
paramR.coef[3][0].elem[855]: -1.007700265845146e+00
auxint: 27
auxint: 25
paramR.coef[0][0].elem[856]: -1.000280773838343e+00
paramR.coef[1][0].elem[856]: -1.893420671994069e-03
paramR.coef[2][0].elem[856]: -9.220617831959195e-04
paramR.coef[3][0].elem[856]: -1.007701390205594e+00
auxint: 27
auxint: 26
paramR.coef[0][0].elem[857]: -1.000280655627008e+00
paramR.coef[1][0].elem[857]: -1.893301008346588e-03
paramR.coef[2][0].elem[857]: -9.220738917446238e-04
paramR.coef[3][0].elem[857]: -1.007702120026256e+00
auxint: 27
auxint: 27
paramR.coef[0][0].elem[858]: -1.000280589298663e+00
paramR.coef[1][0].elem[858]: -1.893311014496702e-03
paramR.coef[2][0].elem[858]: -9.219889426635067e-04
paramR.coef[3][0].elem[858]: -1.007702425951691e+00
auxint: 27
auxint: 28
paramR.coef[0][0].elem[859]: -1.000280577168869e+00
paramR.coef[1][0].elem[859]: -1.893450693045107e-03
paramR.coef[2][0].elem[859]: -9.218083146834389e-04
paramR.coef[3][0].elem[859]: -1.007702295795730e+00
auxint: 27
auxint: 29
paramR.coef[0][0].elem[860]: -1.000280619334741e+00
paramR.coef[1][0].elem[860]: -1.893714678236050e-03
paramR.coef[2][0].elem[860]: -9.215384678900094e-04
paramR.coef[3][0].elem[860]: -1.007701735085248e+00
auxint: 27
auxint: 30
paramR.coef[0][0].elem[861]: -1.000280713727490e+00
paramR.coef[1][0].elem[861]: -1.894092445283919e-03
paramR.coef[2][0].elem[861]: -9.211907570405678e-04
paramR.coef[3][0].elem[861]: -1.007700766758942e+00
auxint: 27
auxint: 31
paramR.coef[0][0].elem[862]: -1.000280856262420e+00
paramR.coef[1][0].elem[862]: -1.894568781275531e-03
paramR.coef[2][0].elem[862]: -9.207808216749673e-04
paramR.coef[3][0].elem[862]: -1.007699430049531e+00
auxint: 27
auxint: 32
paramR.coef[0][0].elem[863]: -1.000281041068992e+00
paramR.coef[1][0].elem[863]: -1.895124486207507e-03
paramR.coef[2][0].elem[863]: -9.203276111515875e-04
paramR.coef[3][0].elem[863]: -1.007697778637921e+00
auxint: 28
auxint: 1
paramR.coef[0][0].elem[864]: -1.000281074849892e+00
paramR.coef[1][0].elem[864]: -1.895255538695504e-03
paramR.coef[2][0].elem[864]: -9.219304531886831e-04
paramR.coef[3][0].elem[864]: -1.007696772153694e+00
auxint: 28
auxint: 2
paramR.coef[0][0].elem[865]: -1.000281319036215e+00
paramR.coef[1][0].elem[865]: -1.895897161767374e-03
paramR.coef[2][0].elem[865]: -9.214546829868891e-04
paramR.coef[3][0].elem[865]: -1.007694710842275e+00
auxint: 28
auxint: 3
paramR.coef[0][0].elem[866]: -1.000281580152433e+00
paramR.coef[1][0].elem[866]: -1.896545621073368e-03
paramR.coef[2][0].elem[866]: -9.209998326243542e-04
paramR.coef[3][0].elem[866]: -1.007692556958227e+00
auxint: 28
auxint: 4
paramR.coef[0][0].elem[867]: -1.000281848422539e+00
paramR.coef[1][0].elem[867]: -1.897175663221749e-03
paramR.coef[2][0].elem[867]: -9.205851227864480e-04
paramR.coef[3][0].elem[867]: -1.007690393538100e+00
auxint: 28
auxint: 5
paramR.coef[0][0].elem[868]: -1.000282113924976e+00
paramR.coef[1][0].elem[868]: -1.897763096118890e-03
paramR.coef[2][0].elem[868]: -9.202269242296309e-04
paramR.coef[3][0].elem[868]: -1.007688303115104e+00
auxint: 28
auxint: 6
paramR.coef[0][0].elem[869]: -1.000282366912375e+00
paramR.coef[1][0].elem[869]: -1.898285708678405e-03
paramR.coef[2][0].elem[869]: -9.199380855701363e-04
paramR.coef[3][0].elem[869]: -1.007686364657897e+00
auxint: 28
auxint: 7
paramR.coef[0][0].elem[870]: -1.000282598114888e+00
paramR.coef[1][0].elem[870]: -1.898724066358395e-03
paramR.coef[2][0].elem[870]: -9.197275902131599e-04
paramR.coef[3][0].elem[870]: -1.007684650751153e+00
auxint: 28
auxint: 8
paramR.coef[0][0].elem[871]: -1.000282799026711e+00
paramR.coef[1][0].elem[871]: -1.899062161362932e-03
paramR.coef[2][0].elem[871]: -9.196005286682318e-04
paramR.coef[3][0].elem[871]: -1.007683225092558e+00
auxint: 28
auxint: 9
paramR.coef[0][0].elem[872]: -1.000282962175471e+00
paramR.coef[1][0].elem[872]: -1.899287905932172e-03
paramR.coef[2][0].elem[872]: -9.195583410495039e-04
paramR.coef[3][0].elem[872]: -1.007682140362137e+00
auxint: 28
auxint: 10
paramR.coef[0][0].elem[873]: -1.000283081372748e+00
paramR.coef[1][0].elem[873]: -1.899393465893314e-03
paramR.coef[2][0].elem[873]: -9.195992608011385e-04
paramR.coef[3][0].elem[873]: -1.007681436502933e+00
auxint: 28
auxint: 11
paramR.coef[0][0].elem[874]: -1.000283151941447e+00
paramR.coef[1][0].elem[874]: -1.899375439378302e-03
paramR.coef[2][0].elem[874]: -9.197188752518909e-04
paramR.coef[3][0].elem[874]: -1.007681139437108e+00
auxint: 28
auxint: 12
paramR.coef[0][0].elem[875]: -1.000283170912505e+00
paramR.coef[1][0].elem[875]: -1.899234891259134e-03
paramR.coef[2][0].elem[875]: -9.199107135419441e-04
paramR.coef[3][0].elem[875]: -1.007681260230858e+00
auxint: 28
auxint: 13
paramR.coef[0][0].elem[876]: -1.000283137180212e+00
paramR.coef[1][0].elem[876]: -1.898977256227143e-03
paramR.coef[2][0].elem[876]: -9.201667797073115e-04
paramR.coef[3][0].elem[876]: -1.007681794716975e+00
auxint: 28
auxint: 14
paramR.coef[0][0].elem[877]: -1.000283051603191e+00
paramR.coef[1][0].elem[877]: -1.898612122676781e-03
paramR.coef[2][0].elem[877]: -9.204779675137847e-04
paramR.coef[3][0].elem[877]: -1.007682723583925e+00
auxint: 28
auxint: 15
paramR.coef[0][0].elem[878]: -1.000282917037670e+00
paramR.coef[1][0].elem[878]: -1.898152907129415e-03
paramR.coef[2][0].elem[878]: -9.208343208442562e-04
paramR.coef[3][0].elem[878]: -1.007684012940049e+00
auxint: 28
auxint: 16
paramR.coef[0][0].elem[879]: -1.000282738291578e+00
paramR.coef[1][0].elem[879]: -1.897616426303216e-03
paramR.coef[2][0].elem[879]: -9.212251357357957e-04
paramR.coef[3][0].elem[879]: -1.007685615357007e+00
auxint: 28
auxint: 17
paramR.coef[0][0].elem[880]: -1.000282521992042e+00
paramR.coef[1][0].elem[880]: -1.897022371703181e-03
paramR.coef[2][0].elem[880]: -9.216389344399346e-04
paramR.coef[3][0].elem[880]: -1.007687471387521e+00
auxint: 28
auxint: 18
paramR.coef[0][0].elem[881]: -1.000282276364443e+00
paramR.coef[1][0].elem[881]: -1.896392690211873e-03
paramR.coef[2][0].elem[881]: -9.220633733173688e-04
paramR.coef[3][0].elem[881]: -1.007689511539843e+00
auxint: 28
auxint: 19
paramR.coef[0][0].elem[882]: -1.000282010927550e+00
paramR.coef[1][0].elem[882]: -1.895750874634292e-03
paramR.coef[2][0].elem[882]: -9.224851679869672e-04
paramR.coef[3][0].elem[882]: -1.007691658675173e+00
auxint: 28
auxint: 20
paramR.coef[0][0].elem[883]: -1.000281736115598e+00
paramR.coef[1][0].elem[883]: -1.895121171465034e-03
paramR.coef[2][0].elem[883]: -9.228901248545699e-04
paramR.coef[3][0].elem[883]: -1.007693830774082e+00
auxint: 28
auxint: 21
paramR.coef[0][0].elem[884]: -1.000281462843885e+00
paramR.coef[1][0].elem[884]: -1.894527719142979e-03
paramR.coef[2][0].elem[884]: -9.232633560623982e-04
paramR.coef[3][0].elem[884]: -1.007695943995448e+00
auxint: 28
auxint: 22
paramR.coef[0][0].elem[885]: -1.000281202039027e+00
paramR.coef[1][0].elem[885]: -1.893993637695271e-03
paramR.coef[2][0].elem[885]: -9.235897270628822e-04
paramR.coef[3][0].elem[885]: -1.007697915929017e+00
auxint: 28
auxint: 23
paramR.coef[0][0].elem[886]: -1.000280964158204e+00
paramR.coef[1][0].elem[886]: -1.893540099260322e-03
paramR.coef[2][0].elem[886]: -9.238545460692806e-04
paramR.coef[3][0].elem[886]: -1.007699668921438e+00
auxint: 28
auxint: 24
paramR.coef[0][0].elem[887]: -1.000280758723550e+00
paramR.coef[1][0].elem[887]: -1.893185418362205e-03
paramR.coef[2][0].elem[887]: -9.240444574569923e-04
paramR.coef[3][0].elem[887]: -1.007701133334427e+00
auxint: 28
auxint: 25
paramR.coef[0][0].elem[888]: -1.000280593898265e+00
paramR.coef[1][0].elem[888]: -1.892944210005851e-03
paramR.coef[2][0].elem[888]: -9.241484545525860e-04
paramR.coef[3][0].elem[888]: -1.007702250574122e+00
auxint: 28
auxint: 26
paramR.coef[0][0].elem[889]: -1.000280476129555e+00
paramR.coef[1][0].elem[889]: -1.892826670012376e-03
paramR.coef[2][0].elem[889]: -9.241588913866082e-04
paramR.coef[3][0].elem[889]: -1.007702975719090e+00
auxint: 28
auxint: 27
paramR.coef[0][0].elem[890]: -1.000280409879758e+00
paramR.coef[1][0].elem[890]: -1.892838032367070e-03
paramR.coef[2][0].elem[890]: -9.240723566681441e-04
paramR.coef[3][0].elem[890]: -1.007703279579364e+00
auxint: 28
auxint: 28
paramR.coef[0][0].elem[891]: -1.000280397460750e+00
paramR.coef[1][0].elem[891]: -1.892978251063806e-03
paramR.coef[2][0].elem[891]: -9.238902800838743e-04
paramR.coef[3][0].elem[891]: -1.007703150044835e+00
auxint: 28
auxint: 29
paramR.coef[0][0].elem[892]: -1.000280438978520e+00
paramR.coef[1][0].elem[892]: -1.893241939467819e-03
paramR.coef[2][0].elem[892]: -9.236191695819784e-04
paramR.coef[3][0].elem[892]: -1.007702592626943e+00
auxint: 28
auxint: 30
paramR.coef[0][0].elem[893]: -1.000280532385709e+00
paramR.coef[1][0].elem[893]: -1.893618580358145e-03
paramR.coef[2][0].elem[893]: -9.232704241732189e-04
paramR.coef[3][0].elem[893]: -1.007701630156963e+00
auxint: 28
auxint: 31
paramR.coef[0][0].elem[894]: -1.000280673631313e+00
paramR.coef[1][0].elem[894]: -1.894092997092377e-03
paramR.coef[2][0].elem[894]: -9.228597231539736e-04
paramR.coef[3][0].elem[894]: -1.007700301669433e+00
auxint: 28
auxint: 32
paramR.coef[0][0].elem[895]: -1.000280856890032e+00
paramR.coef[1][0].elem[895]: -1.894646054255463e-03
paramR.coef[2][0].elem[895]: -9.224060496841704e-04
paramR.coef[3][0].elem[895]: -1.007698660560077e+00
auxint: 29
auxint: 1
paramR.coef[0][0].elem[896]: -1.000280942137655e+00
paramR.coef[1][0].elem[896]: -1.894763588296856e-03
paramR.coef[2][0].elem[896]: -9.241418024135174e-04
paramR.coef[3][0].elem[896]: -1.007697609958791e+00
auxint: 29
auxint: 2
paramR.coef[0][0].elem[897]: -1.000281184615656e+00
paramR.coef[1][0].elem[897]: -1.895401940896636e-03
paramR.coef[2][0].elem[897]: -9.236657305986744e-04
paramR.coef[3][0].elem[897]: -1.007695560574421e+00
auxint: 29
auxint: 3
paramR.coef[0][0].elem[898]: -1.000281443856129e+00
paramR.coef[1][0].elem[898]: -1.896046515683477e-03
paramR.coef[2][0].elem[898]: -9.232111830601274e-04
paramR.coef[3][0].elem[898]: -1.007693420166980e+00
auxint: 29
auxint: 4
paramR.coef[0][0].elem[899]: -1.000281710155479e+00
paramR.coef[1][0].elem[899]: -1.896672204559192e-03
paramR.coef[2][0].elem[899]: -9.227973806861617e-04
paramR.coef[3][0].elem[899]: -1.007691271257978e+00
auxint: 29
auxint: 5
paramR.coef[0][0].elem[900]: -1.000281973669744e+00
paramR.coef[1][0].elem[900]: -1.897254982705677e-03
paramR.coef[2][0].elem[900]: -9.224406685154203e-04
paramR.coef[3][0].elem[900]: -1.007689195813695e+00
auxint: 29
auxint: 6
paramR.coef[0][0].elem[901]: -1.000282224731087e+00
paramR.coef[1][0].elem[901]: -1.897772821969829e-03
paramR.coef[2][0].elem[901]: -9.221538429247338e-04
paramR.coef[3][0].elem[901]: -1.007687272206910e+00
auxint: 29
auxint: 7
paramR.coef[0][0].elem[902]: -1.000282454147698e+00
paramR.coef[1][0].elem[902]: -1.898206478940799e-03
paramR.coef[2][0].elem[902]: -9.219458096680382e-04
paramR.coef[3][0].elem[902]: -1.007685572422781e+00
auxint: 29
auxint: 8
paramR.coef[0][0].elem[903]: -1.000282653486779e+00
paramR.coef[1][0].elem[903]: -1.898540136753095e-03
paramR.coef[2][0].elem[903]: -9.218215592550374e-04
paramR.coef[3][0].elem[903]: -1.007684159582727e+00
auxint: 29
auxint: 9
paramR.coef[0][0].elem[904]: -1.000282815340421e+00
paramR.coef[1][0].elem[904]: -1.898761889368059e-03
paramR.coef[2][0].elem[904]: -9.217824142978855e-04
paramR.coef[3][0].elem[904]: -1.007683085841264e+00
auxint: 29
auxint: 10
paramR.coef[0][0].elem[905]: -1.000282933572930e+00
paramR.coef[1][0].elem[905]: -1.898864066181638e-03
paramR.coef[2][0].elem[905]: -9.218264793458642e-04
paramR.coef[3][0].elem[905]: -1.007682390692698e+00
auxint: 29
auxint: 11
paramR.coef[0][0].elem[906]: -1.000283003545663e+00
paramR.coef[1][0].elem[906]: -1.898843402729800e-03
paramR.coef[2][0].elem[906]: -9.219492082403210e-04
paramR.coef[3][0].elem[906]: -1.007682099709086e+00
auxint: 29
auxint: 12
paramR.coef[0][0].elem[907]: -1.000283022312038e+00
paramR.coef[1][0].elem[907]: -1.898701068701041e-03
paramR.coef[2][0].elem[907]: -9.221439990723530e-04
paramR.coef[3][0].elem[907]: -1.007682223721012e+00
auxint: 29
auxint: 13
paramR.coef[0][0].elem[908]: -1.000282988772051e+00
paramR.coef[1][0].elem[908]: -1.898442566488949e-03
paramR.coef[2][0].elem[908]: -9.224027340649444e-04
paramR.coef[3][0].elem[908]: -1.007682758449456e+00
auxint: 29
auxint: 14
paramR.coef[0][0].elem[909]: -1.000282903773325e+00
paramR.coef[1][0].elem[909]: -1.898077512607207e-03
paramR.coef[2][0].elem[909]: -9.227162003935742e-04
paramR.coef[3][0].elem[909]: -1.007683684597516e+00
auxint: 29
auxint: 15
paramR.coef[0][0].elem[910]: -1.000282770145359e+00
paramR.coef[1][0].elem[910]: -1.897619311858507e-03
paramR.coef[2][0].elem[910]: -9.230743552110967e-04
paramR.coef[3][0].elem[910]: -1.007684968410357e+00
auxint: 29
auxint: 16
paramR.coef[0][0].elem[911]: -1.000282592655422e+00
paramR.coef[1][0].elem[911]: -1.897084731332538e-03
paramR.coef[2][0].elem[911]: -9.234664307321999e-04
paramR.coef[3][0].elem[911]: -1.007686562707903e+00
auxint: 29
auxint: 17
paramR.coef[0][0].elem[912]: -1.000282377878416e+00
paramR.coef[1][0].elem[912]: -1.896493378708256e-03
paramR.coef[2][0].elem[912]: -9.238809098224560e-04
paramR.coef[3][0].elem[912]: -1.007688408387009e+00
auxint: 29
auxint: 18
paramR.coef[0][0].elem[913]: -1.000282133978564e+00
paramR.coef[1][0].elem[913]: -1.895867087754655e-03
paramR.coef[2][0].elem[913]: -9.243054340587623e-04
paramR.coef[3][0].elem[913]: -1.007690436377668e+00
auxint: 29
auxint: 19
paramR.coef[0][0].elem[914]: -1.000281870407242e+00
paramR.coef[1][0].elem[914]: -1.895229214546435e-03
paramR.coef[2][0].elem[914]: -9.247267277876671e-04
paramR.coef[3][0].elem[914]: -1.007692570020881e+00
auxint: 29
auxint: 20
paramR.coef[0][0].elem[915]: -1.000281597527780e+00
paramR.coef[1][0].elem[915]: -1.894603851405677e-03
paramR.coef[2][0].elem[915]: -9.251306274928902e-04
paramR.coef[3][0].elem[915]: -1.007694727814872e+00
auxint: 29
auxint: 21
paramR.coef[0][0].elem[916]: -1.000281326183706e+00
paramR.coef[1][0].elem[916]: -1.894014971503391e-03
paramR.coef[2][0].elem[916]: -9.255022939152818e-04
paramR.coef[3][0].elem[916]: -1.007696826454070e+00
auxint: 29
auxint: 22
paramR.coef[0][0].elem[917]: -1.000281067231362e+00
paramR.coef[1][0].elem[917]: -1.893485524561595e-03
paramR.coef[2][0].elem[917]: -9.258266566177543e-04
paramR.coef[3][0].elem[917]: -1.007698784063396e+00
auxint: 29
auxint: 23
paramR.coef[0][0].elem[918]: -1.000280831061154e+00
paramR.coef[1][0].elem[918]: -1.893036512864419e-03
paramR.coef[2][0].elem[918]: -9.260891005458102e-04
paramR.coef[3][0].elem[918]: -1.007700523508429e+00
auxint: 29
auxint: 24
paramR.coef[0][0].elem[919]: -1.000280627133713e+00
paramR.coef[1][0].elem[919]: -1.892686086575276e-03
paramR.coef[2][0].elem[919]: -9.262763566833185e-04
paramR.coef[3][0].elem[919]: -1.007701975639314e+00
auxint: 29
auxint: 25
paramR.coef[0][0].elem[920]: -1.000280463557725e+00
paramR.coef[1][0].elem[920]: -1.892448706717609e-03
paramR.coef[2][0].elem[920]: -9.263775121782679e-04
paramR.coef[3][0].elem[920]: -1.007703082306212e+00
auxint: 29
auxint: 26
paramR.coef[0][0].elem[921]: -1.000280346734572e+00
paramR.coef[1][0].elem[921]: -1.892334430271748e-03
paramR.coef[2][0].elem[921]: -9.263850195429915e-04
paramR.coef[3][0].elem[921]: -1.007703798973558e+00
auxint: 29
auxint: 27
paramR.coef[0][0].elem[922]: -1.000280281091009e+00
paramR.coef[1][0].elem[922]: -1.892348371897289e-03
paramR.coef[2][0].elem[922]: -9.262955682684938e-04
paramR.coef[3][0].elem[922]: -1.007704096766423e+00
auxint: 29
auxint: 28
paramR.coef[0][0].elem[923]: -1.000280268914864e+00
paramR.coef[1][0].elem[923]: -1.892490389542656e-03
paramR.coef[2][0].elem[923]: -9.261106889439125e-04
paramR.coef[3][0].elem[923]: -1.007703963808111e+00
auxint: 29
auxint: 29
paramR.coef[0][0].elem[924]: -1.000280310300651e+00
paramR.coef[1][0].elem[924]: -1.892755026983334e-03
paramR.coef[2][0].elem[924]: -9.258369883891744e-04
paramR.coef[3][0].elem[924]: -1.007703405752903e+00
auxint: 29
auxint: 30
paramR.coef[0][0].elem[925]: -1.000280403202872e+00
paramR.coef[1][0].elem[925]: -1.893131726528823e-03
paramR.coef[2][0].elem[925]: -9.254859601145932e-04
paramR.coef[3][0].elem[925]: -1.007702445477232e+00
auxint: 29
auxint: 31
paramR.coef[0][0].elem[926]: -1.000280543586114e+00
paramR.coef[1][0].elem[926]: -1.893605302251406e-03
paramR.coef[2][0].elem[926]: -9.250733708153933e-04
paramR.coef[3][0].elem[926]: -1.007701121958464e+00
auxint: 29
auxint: 32
paramR.coef[0][0].elem[927]: -1.000280725654292e+00
paramR.coef[1][0].elem[927]: -1.894156641902657e-03
paramR.coef[2][0].elem[927]: -9.246182807310747e-04
paramR.coef[3][0].elem[927]: -1.007699488431482e+00
auxint: 30
auxint: 1
paramR.coef[0][0].elem[928]: -1.000280868074235e+00
paramR.coef[1][0].elem[928]: -1.894280302119143e-03
paramR.coef[2][0].elem[928]: -9.264030759633457e-04
paramR.coef[3][0].elem[928]: -1.007698357987784e+00
auxint: 30
auxint: 2
paramR.coef[0][0].elem[929]: -1.000281109093552e+00
paramR.coef[1][0].elem[929]: -1.894916052436986e-03
paramR.coef[2][0].elem[929]: -9.259261825682460e-04
paramR.coef[3][0].elem[929]: -1.007696318677372e+00
auxint: 30
auxint: 3
paramR.coef[0][0].elem[930]: -1.000281366614096e+00
paramR.coef[1][0].elem[930]: -1.895557201513502e-03
paramR.coef[2][0].elem[930]: -9.254716555162247e-04
paramR.coef[3][0].elem[930]: -1.007694190598899e+00
auxint: 30
auxint: 4
paramR.coef[0][0].elem[931]: -1.000281630998779e+00
paramR.coef[1][0].elem[931]: -1.896178769541118e-03
paramR.coef[2][0].elem[931]: -9.250587271321490e-04
paramR.coef[3][0].elem[931]: -1.007692055799368e+00
auxint: 30
auxint: 5
paramR.coef[0][0].elem[932]: -1.000281892478959e+00
paramR.coef[1][0].elem[932]: -1.896756890489856e-03
paramR.coef[2][0].elem[932]: -9.247037183152314e-04
paramR.coef[3][0].elem[932]: -1.007689995690962e+00
auxint: 30
auxint: 6
paramR.coef[0][0].elem[933]: -1.000282141467798e+00
paramR.coef[1][0].elem[933]: -1.897269719398865e-03
paramR.coef[2][0].elem[933]: -9.244193651149360e-04
paramR.coef[3][0].elem[933]: -1.007688088035678e+00
auxint: 30
auxint: 7
paramR.coef[0][0].elem[934]: -1.000282368856676e+00
paramR.coef[1][0].elem[934]: -1.897698212927607e-03
paramR.coef[2][0].elem[934]: -9.242144782000897e-04
paramR.coef[3][0].elem[934]: -1.007686404177414e+00
auxint: 30
auxint: 8
paramR.coef[0][0].elem[935]: -1.000282566294476e+00
paramR.coef[1][0].elem[935]: -1.898026762399424e-03
paramR.coef[2][0].elem[935]: -9.240939219243195e-04
paramR.coef[3][0].elem[935]: -1.007685006594482e+00
auxint: 30
auxint: 9
paramR.coef[0][0].elem[936]: -1.000282726449729e+00
paramR.coef[1][0].elem[936]: -1.898243668509275e-03
paramR.coef[2][0].elem[936]: -9.240588674418089e-04
paramR.coef[3][0].elem[936]: -1.007683946826071e+00
auxint: 30
auxint: 10
paramR.coef[0][0].elem[937]: -1.000282843254460e+00
paramR.coef[1][0].elem[937]: -1.898341456260412e-03
paramR.coef[2][0].elem[937]: -9.241072498860874e-04
paramR.coef[3][0].elem[937]: -1.007683263807356e+00
auxint: 30
auxint: 11
paramR.coef[0][0].elem[938]: -1.000282912126022e+00
paramR.coef[1][0].elem[938]: -1.898317036648731e-03
paramR.coef[2][0].elem[938]: -9.242343440973357e-04
paramR.coef[3][0].elem[938]: -1.007682982632540e+00
auxint: 30
auxint: 12
paramR.coef[0][0].elem[939]: -1.000282930159760e+00
paramR.coef[1][0].elem[939]: -1.898171726837609e-03
paramR.coef[2][0].elem[939]: -9.244333684885682e-04
paramR.coef[3][0].elem[939]: -1.007683113755996e+00
auxint: 30
auxint: 13
paramR.coef[0][0].elem[940]: -1.000282896281907e+00
paramR.coef[1][0].elem[940]: -1.897911142453851e-03
paramR.coef[2][0].elem[940]: -9.246960337572734e-04
paramR.coef[3][0].elem[940]: -1.007683652638949e+00
auxint: 30
auxint: 14
paramR.coef[0][0].elem[941]: -1.000282811349861e+00
paramR.coef[1][0].elem[941]: -1.897544974743363e-03
paramR.coef[2][0].elem[941]: -9.250129716809683e-04
paramR.coef[3][0].elem[941]: -1.007684579849508e+00
auxint: 30
auxint: 15
paramR.coef[0][0].elem[942]: -1.000282678186568e+00
paramR.coef[1][0].elem[942]: -1.897086662777815e-03
paramR.coef[2][0].elem[942]: -9.253740066340866e-04
paramR.coef[3][0].elem[942]: -1.007685861623777e+00
auxint: 30
auxint: 16
paramR.coef[0][0].elem[943]: -1.000282501537390e+00
paramR.coef[1][0].elem[943]: -1.896552967690759e-03
paramR.coef[2][0].elem[943]: -9.257682654735233e-04
paramR.coef[3][0].elem[943]: -1.007687450893250e+00
auxint: 30
auxint: 17
paramR.coef[0][0].elem[944]: -1.000282287941517e+00
paramR.coef[1][0].elem[944]: -1.895963452952892e-03
paramR.coef[2][0].elem[944]: -9.261841563049916e-04
paramR.coef[3][0].elem[944]: -1.007689288776973e+00
auxint: 30
auxint: 18
paramR.coef[0][0].elem[945]: -1.000282045515543e+00
paramR.coef[1][0].elem[945]: -1.895339873110312e-03
paramR.coef[2][0].elem[945]: -9.266092781116550e-04
paramR.coef[3][0].elem[945]: -1.007691306524788e+00
auxint: 30
auxint: 19
paramR.coef[0][0].elem[946]: -1.000281783653433e+00
paramR.coef[1][0].elem[946]: -1.894705474253552e-03
paramR.coef[2][0].elem[946]: -9.270303447283361e-04
paramR.coef[3][0].elem[946]: -1.007693427880097e+00
auxint: 30
auxint: 20
paramR.coef[0][0].elem[947]: -1.000281512653642e+00
paramR.coef[1][0].elem[947]: -1.894084213033132e-03
paramR.coef[2][0].elem[947]: -9.274332126664445e-04
paramR.coef[3][0].elem[947]: -1.007695571809332e+00
auxint: 30
auxint: 21
paramR.coef[0][0].elem[948]: -1.000281243289731e+00
paramR.coef[1][0].elem[948]: -1.893499906796137e-03
paramR.coef[2][0].elem[948]: -9.278030907385442e-04
paramR.coef[3][0].elem[948]: -1.007697655523512e+00
auxint: 30
auxint: 22
paramR.coef[0][0].elem[949]: -1.000280986345302e+00
paramR.coef[1][0].elem[949]: -1.892975334888239e-03
paramR.coef[2][0].elem[949]: -9.281249816542050e-04
paramR.coef[3][0].elem[949]: -1.007699597695466e+00
auxint: 30
auxint: 23
paramR.coef[0][0].elem[950]: -1.000280752137447e+00
paramR.coef[1][0].elem[950]: -1.892531320190700e-03
paramR.coef[2][0].elem[950]: -9.283843652939658e-04
paramR.coef[3][0].elem[950]: -1.007701321753518e+00
auxint: 30
auxint: 24
paramR.coef[0][0].elem[951]: -1.000280550055078e+00
paramR.coef[1][0].elem[951]: -1.892185830012511e-03
paramR.coef[2][0].elem[951]: -9.285680857430723e-04
paramR.coef[3][0].elem[951]: -1.007702759108855e+00
auxint: 30
auxint: 25
paramR.coef[0][0].elem[952]: -1.000280388138954e+00
paramR.coef[1][0].elem[952]: -1.891953144782431e-03
paramR.coef[2][0].elem[952]: -9.286653575899732e-04
paramR.coef[3][0].elem[952]: -1.007703852153894e+00
auxint: 30
auxint: 26
paramR.coef[0][0].elem[953]: -1.000280272728546e+00
paramR.coef[1][0].elem[953]: -1.891843148878248e-03
paramR.coef[2][0].elem[953]: -9.286687713553972e-04
paramR.coef[3][0].elem[953]: -1.007704556859125e+00
auxint: 30
auxint: 27
paramR.coef[0][0].elem[954]: -1.000280208196859e+00
paramR.coef[1][0].elem[954]: -1.891860797939703e-03
paramR.coef[2][0].elem[954]: -9.285751614705954e-04
paramR.coef[3][0].elem[954]: -1.007704844802239e+00
auxint: 30
auxint: 28
paramR.coef[0][0].elem[955]: -1.000280196788172e+00
paramR.coef[1][0].elem[955]: -1.892005809869784e-03
paramR.coef[2][0].elem[955]: -9.283862066911902e-04
paramR.coef[3][0].elem[955]: -1.007704704488990e+00
auxint: 30
auxint: 29
paramR.coef[0][0].elem[956]: -1.000280238565510e+00
paramR.coef[1][0].elem[956]: -1.892272612495759e-03
paramR.coef[2][0].elem[956]: -9.281086612386802e-04
paramR.coef[3][0].elem[956]: -1.007704141870149e+00
auxint: 30
auxint: 30
paramR.coef[0][0].elem[957]: -1.000280331465482e+00
paramR.coef[1][0].elem[957]: -1.892650560882916e-03
paramR.coef[2][0].elem[957]: -9.277541609783532e-04
paramR.coef[3][0].elem[957]: -1.007703180019001e+00
auxint: 30
auxint: 31
paramR.coef[0][0].elem[958]: -1.000280471449442e+00
paramR.coef[1][0].elem[958]: -1.893124414347733e-03
paramR.coef[2][0].elem[958]: -9.273386054092143e-04
paramR.coef[3][0].elem[958]: -1.007701857999810e+00
auxint: 30
auxint: 32
paramR.coef[0][0].elem[959]: -1.000280652733245e+00
paramR.coef[1][0].elem[959]: -1.893675041215006e-03
paramR.coef[2][0].elem[959]: -9.268811732305814e-04
paramR.coef[3][0].elem[959]: -1.007700229018020e+00
auxint: 31
auxint: 1
paramR.coef[0][0].elem[960]: -1.000280855795000e+00
paramR.coef[1][0].elem[960]: -1.893824400828376e-03
paramR.coef[2][0].elem[960]: -9.286292088724235e-04
paramR.coef[3][0].elem[960]: -1.007698985489630e+00
auxint: 31
auxint: 2
paramR.coef[0][0].elem[961]: -1.000281095665626e+00
paramR.coef[1][0].elem[961]: -1.894458328194064e-03
paramR.coef[2][0].elem[961]: -9.281509783183974e-04
paramR.coef[3][0].elem[961]: -1.007696953979006e+00
auxint: 31
auxint: 3
paramR.coef[0][0].elem[962]: -1.000281351692405e+00
paramR.coef[1][0].elem[962]: -1.895096653086526e-03
paramR.coef[2][0].elem[962]: -9.276961643006751e-04
paramR.coef[3][0].elem[962]: -1.007694836574357e+00
auxint: 31
auxint: 4
paramR.coef[0][0].elem[963]: -1.000281614296074e+00
paramR.coef[1][0].elem[963]: -1.895714501558027e-03
paramR.coef[2][0].elem[963]: -9.272840220985985e-04
paramR.coef[3][0].elem[963]: -1.007692714908595e+00
auxint: 31
auxint: 5
paramR.coef[0][0].elem[964]: -1.000281873777944e+00
paramR.coef[1][0].elem[964]: -1.896288151329328e-03
paramR.coef[2][0].elem[964]: -9.269308515467606e-04
paramR.coef[3][0].elem[964]: -1.007690669875464e+00
auxint: 31
auxint: 6
paramR.coef[0][0].elem[965]: -1.000282120630369e+00
paramR.coef[1][0].elem[965]: -1.896795933504635e-03
paramR.coef[2][0].elem[965]: -9.266493230306548e-04
paramR.coef[3][0].elem[965]: -1.007688778635925e+00
auxint: 31
auxint: 7
paramR.coef[0][0].elem[966]: -1.000282345829769e+00
paramR.coef[1][0].elem[966]: -1.897219005803703e-03
paramR.coef[2][0].elem[966]: -9.264481386535752e-04
paramR.coef[3][0].elem[966]: -1.007687111876371e+00
auxint: 31
auxint: 8
paramR.coef[0][0].elem[967]: -1.000282541112204e+00
paramR.coef[1][0].elem[967]: -1.897541976804210e-03
paramR.coef[2][0].elem[967]: -9.263320154594464e-04
paramR.coef[3][0].elem[967]: -1.007685731390430e+00
auxint: 31
auxint: 9
paramR.coef[0][0].elem[968]: -1.000282699231707e+00
paramR.coef[1][0].elem[968]: -1.897753370882047e-03
paramR.coef[2][0].elem[968]: -9.263019450325297e-04
paramR.coef[3][0].elem[968]: -1.007684688036024e+00
auxint: 31
auxint: 10
paramR.coef[0][0].elem[969]: -1.000282814200450e+00
paramR.coef[1][0].elem[969]: -1.897845933105580e-03
paramR.coef[2][0].elem[969]: -9.263556590186199e-04
paramR.coef[3][0].elem[969]: -1.007684020100307e+00
auxint: 31
auxint: 11
paramR.coef[0][0].elem[970]: -1.000282881507211e+00
paramR.coef[1][0].elem[970]: -1.897816781199671e-03
paramR.coef[2][0].elem[970]: -9.264882144950586e-04
paramR.coef[3][0].elem[970]: -1.007683752090188e+00
auxint: 31
auxint: 12
paramR.coef[0][0].elem[971]: -1.000282898307117e+00
paramR.coef[1][0].elem[971]: -1.897667416769633e-03
paramR.coef[2][0].elem[971]: -9.266926082267528e-04
paramR.coef[3][0].elem[971]: -1.007683893957610e+00
auxint: 31
auxint: 13
paramR.coef[0][0].elem[972]: -1.000282863572196e+00
paramR.coef[1][0].elem[972]: -1.897403609912759e-03
paramR.coef[2][0].elem[972]: -9.269603358151263e-04
paramR.coef[3][0].elem[972]: -1.007684440765763e+00
auxint: 31
auxint: 14
paramR.coef[0][0].elem[973]: -1.000282778190096e+00
paramR.coef[1][0].elem[973]: -1.897035170539934e-03
paramR.coef[2][0].elem[973]: -9.272818301278098e-04
paramR.coef[3][0].elem[973]: -1.007685372802570e+00
auxint: 31
auxint: 15
paramR.coef[0][0].elem[974]: -1.000282644997753e+00
paramR.coef[1][0].elem[974]: -1.896575616957756e-03
paramR.coef[2][0].elem[974]: -9.276467409707003e-04
paramR.coef[3][0].elem[974]: -1.007686656148491e+00
auxint: 31
auxint: 16
paramR.coef[0][0].elem[975]: -1.000282468738309e+00
paramR.coef[1][0].elem[975]: -1.896041748566410e-03
paramR.coef[2][0].elem[975]: -9.280440514018813e-04
paramR.coef[3][0].elem[975]: -1.007688243704526e+00
auxint: 31
auxint: 17
paramR.coef[0][0].elem[976]: -1.000282255933184e+00
paramR.coef[1][0].elem[976]: -1.895453126265911e-03
paramR.coef[2][0].elem[976]: -9.284620611971803e-04
paramR.coef[3][0].elem[976]: -1.007690076680477e+00
auxint: 31
auxint: 18
paramR.coef[0][0].elem[977]: -1.000282014666784e+00
paramR.coef[1][0].elem[977]: -1.894831462679327e-03
paramR.coef[2][0].elem[977]: -9.288882993705740e-04
paramR.coef[3][0].elem[977]: -1.007692086530847e+00
auxint: 31
auxint: 19
paramR.coef[0][0].elem[978]: -1.000281754287971e+00
paramR.coef[1][0].elem[978]: -1.894199925330532e-03
paramR.coef[2][0].elem[978]: -9.293094491291558e-04
paramR.coef[3][0].elem[978]: -1.007694197307347e+00
auxint: 31
auxint: 20
paramR.coef[0][0].elem[979]: -1.000281485038993e+00
paramR.coef[1][0].elem[979]: -1.893582359404634e-03
paramR.coef[2][0].elem[979]: -9.297113749562805e-04
paramR.coef[3][0].elem[979]: -1.007696328375823e+00
auxint: 31
auxint: 21
paramR.coef[0][0].elem[980]: -1.000281217628111e+00
paramR.coef[1][0].elem[980]: -1.893002442327030e-03
paramR.coef[2][0].elem[980]: -9.300793302648176e-04
paramR.coef[3][0].elem[980]: -1.007698397423768e+00
auxint: 31
auxint: 22
paramR.coef[0][0].elem[981]: -1.000280962766676e+00
paramR.coef[1][0].elem[981]: -1.892482789953572e-03
paramR.coef[2][0].elem[981]: -9.303983961922641e-04
paramR.coef[3][0].elem[981]: -1.007700323662493e+00
auxint: 31
auxint: 23
paramR.coef[0][0].elem[982]: -1.000280730694874e+00
paramR.coef[1][0].elem[982]: -1.892044043453307e-03
paramR.coef[2][0].elem[982]: -9.306541613170040e-04
paramR.coef[3][0].elem[982]: -1.007702031104375e+00
auxint: 31
auxint: 24
paramR.coef[0][0].elem[983]: -1.000280530722536e+00
paramR.coef[1][0].elem[983]: -1.891703976087004e-03
paramR.coef[2][0].elem[983]: -9.308336043998157e-04
paramR.coef[3][0].elem[983]: -1.007703451772066e+00
auxint: 31
auxint: 25
paramR.coef[0][0].elem[984]: -1.000280370811782e+00
paramR.coef[1][0].elem[984]: -1.891476668210277e-03
paramR.coef[2][0].elem[984]: -9.309260959557592e-04
paramR.coef[3][0].elem[984]: -1.007704528677209e+00
auxint: 31
auxint: 26
paramR.coef[0][0].elem[985]: -1.000280257226534e+00
paramR.coef[1][0].elem[985]: -1.891371804600532e-03
paramR.coef[2][0].elem[985]: -9.309243989112598e-04
paramR.coef[3][0].elem[985]: -1.007705218396756e+00
auxint: 31
auxint: 27
paramR.coef[0][0].elem[986]: -1.000280194270018e+00
paramR.coef[1][0].elem[986]: -1.891394148371957e-03
paramR.coef[2][0].elem[986]: -9.308255317869590e-04
paramR.coef[3][0].elem[986]: -1.007705493080899e+00
auxint: 31
auxint: 28
paramR.coef[0][0].elem[987]: -1.000280184125171e+00
paramR.coef[1][0].elem[987]: -1.891543238743685e-03
paramR.coef[2][0].elem[987]: -9.306313639419021e-04
paramR.coef[3][0].elem[987]: -1.007705341752070e+00
auxint: 31
auxint: 29
paramR.coef[0][0].elem[988]: -1.000280226804679e+00
paramR.coef[1][0].elem[988]: -1.891813345500525e-03
paramR.coef[2][0].elem[988]: -9.303488409553864e-04
paramR.coef[3][0].elem[988]: -1.007704770800221e+00
auxint: 31
auxint: 30
paramR.coef[0][0].elem[989]: -1.000280320208067e+00
paramR.coef[1][0].elem[989]: -1.892193692678610e-03
paramR.coef[2][0].elem[989]: -9.299897846704038e-04
paramR.coef[3][0].elem[989]: -1.007703803640653e+00
auxint: 31
auxint: 31
paramR.coef[0][0].elem[990]: -1.000280460274602e+00
paramR.coef[1][0].elem[990]: -1.892668941052802e-03
paramR.coef[2][0].elem[990]: -9.295702689868556e-04
paramR.coef[3][0].elem[990]: -1.007702479566527e+00
auxint: 31
auxint: 32
paramR.coef[0][0].elem[991]: -1.000280641214200e+00
paramR.coef[1][0].elem[991]: -1.893219897322651e-03
paramR.coef[2][0].elem[991]: -9.291096291553062e-04
paramR.coef[3][0].elem[991]: -1.007700851887436e+00
auxint: 32
auxint: 1
paramR.coef[0][0].elem[992]: -1.000280905974933e+00
paramR.coef[1][0].elem[992]: -1.893413686183683e-03
paramR.coef[2][0].elem[992]: -9.307361796405897e-04
paramR.coef[3][0].elem[992]: -1.007699466089557e+00
auxint: 32
auxint: 2
paramR.coef[0][0].elem[993]: -1.000281145055999e+00
paramR.coef[1][0].elem[993]: -1.894046652476082e-03
paramR.coef[2][0].elem[993]: -9.302561173126440e-04
paramR.coef[3][0].elem[993]: -1.007697439766759e+00
auxint: 32
auxint: 3
paramR.coef[0][0].elem[994]: -1.000281399877700e+00
paramR.coef[1][0].elem[994]: -1.894682876185334e-03
paramR.coef[2][0].elem[994]: -9.298006905590850e-04
paramR.coef[3][0].elem[994]: -1.007695330931216e+00
auxint: 32
auxint: 4
paramR.coef[0][0].elem[995]: -1.000281660907453e+00
paramR.coef[1][0].elem[995]: -1.895297562176924e-03
paramR.coef[2][0].elem[995]: -9.293891893163788e-04
paramR.coef[3][0].elem[995]: -1.007693220879774e+00
auxint: 32
auxint: 5
paramR.coef[0][0].elem[996]: -1.000281918508225e+00
paramR.coef[1][0].elem[996]: -1.895867110810464e-03
paramR.coef[2][0].elem[996]: -9.290378972118718e-04
paramR.coef[3][0].elem[996]: -1.007691190045068e+00
auxint: 32
auxint: 6
paramR.coef[0][0].elem[997]: -1.000282163246481e+00
paramR.coef[1][0].elem[997]: -1.896370014858395e-03
paramR.coef[2][0].elem[997]: -9.287594169323186e-04
paramR.coef[3][0].elem[997]: -1.007689315021560e+00
auxint: 32
auxint: 7
paramR.coef[0][0].elem[998]: -1.000282386182093e+00
paramR.coef[1][0].elem[998]: -1.896787625947400e-03
paramR.coef[2][0].elem[998]: -9.285623332553278e-04
paramR.coef[3][0].elem[998]: -1.007687665848573e+00
auxint: 32
auxint: 8
paramR.coef[0][0].elem[999]: -1.000282579140370e+00
paramR.coef[1][0].elem[999]: -1.897104770348193e-03
paramR.coef[2][0].elem[999]: -9.284512007730235e-04
paramR.coef[3][0].elem[999]: -1.007686303620668e+00
auxint: 32
auxint: 9
paramR.coef[0][0].elem[1000]: -1.000282734966626e+00
paramR.coef[1][0].elem[1000]: -1.897310204328634e-03
paramR.coef[2][0].elem[1000]: -9.284268105171192e-04
paramR.coef[3][0].elem[1000]: -1.007685278475080e+00
auxint: 32
auxint: 10
paramR.coef[0][0].elem[1001]: -1.000282847762552e+00
paramR.coef[1][0].elem[1001]: -1.897396908921244e-03
paramR.coef[2][0].elem[1001]: -9.284866645693938e-04
paramR.coef[3][0].elem[1001]: -1.007684627987114e+00
auxint: 32
auxint: 11
paramR.coef[0][0].elem[1002]: -1.000282913101029e+00
paramR.coef[1][0].elem[1002]: -1.897362231743728e-03
paramR.coef[2][0].elem[1002]: -9.286255719747318e-04
paramR.coef[3][0].elem[1002]: -1.007684375989896e+00
auxint: 32
auxint: 12
paramR.coef[0][0].elem[1003]: -1.000282928212488e+00
paramR.coef[1][0].elem[1003]: -1.897207888542852e-03
paramR.coef[2][0].elem[1003]: -9.288362743930178e-04
paramR.coef[3][0].elem[1003]: -1.007684531826470e+00
auxint: 32
auxint: 13
paramR.coef[0][0].elem[1004]: -1.000282892132574e+00
paramR.coef[1][0].elem[1004]: -1.896939839136229e-03
paramR.coef[2][0].elem[1004]: -9.291100168183365e-04
paramR.coef[3][0].elem[1004]: -1.007685090039016e+00
auxint: 32
auxint: 14
paramR.coef[0][0].elem[1005]: -1.000282805798580e+00
paramR.coef[1][0].elem[1005]: -1.896568051625852e-03
paramR.coef[2][0].elem[1005]: -9.294369969366517e-04
paramR.coef[3][0].elem[1005]: -1.007686030500207e+00
auxint: 32
auxint: 15
paramR.coef[0][0].elem[1006]: -1.000282672081534e+00
paramR.coef[1][0].elem[1006]: -1.896106165753887e-03
paramR.coef[2][0].elem[1006]: -9.298066543538248e-04
paramR.coef[3][0].elem[1006]: -1.007687318993208e+00
auxint: 32
auxint: 16
paramR.coef[0][0].elem[1007]: -1.000282495742228e+00
paramR.coef[1][0].elem[1007]: -1.895571062228663e-03
paramR.coef[2][0].elem[1007]: -9.302077947204820e-04
paramR.coef[3][0].elem[1007]: -1.007688908246622e+00
auxint: 32
auxint: 17
paramR.coef[0][0].elem[1008]: -1.000282283303034e+00
paramR.coef[1][0].elem[1008]: -1.894982341402115e-03
paramR.coef[2][0].elem[1008]: -9.306285791835361e-04
paramR.coef[3][0].elem[1008]: -1.007690739425119e+00
auxint: 32
auxint: 18
paramR.coef[0][0].elem[1009]: -1.000282042832949e+00
paramR.coef[1][0].elem[1009]: -1.894361713233633e-03
paramR.coef[2][0].elem[1009]: -9.310564409987742e-04
paramR.coef[3][0].elem[1009]: -1.007692744063732e+00
auxint: 32
auxint: 19
paramR.coef[0][0].elem[1010]: -1.000281783649901e+00
paramR.coef[1][0].elem[1010]: -1.893732301553776e-03
paramR.coef[2][0].elem[1010]: -9.314780125752042e-04
paramR.coef[3][0].elem[1010]: -1.007694846415321e+00
auxint: 32
auxint: 20
paramR.coef[0][0].elem[1011]: -1.000281515950910e+00
paramR.coef[1][0].elem[1011]: -1.893117869066345e-03
paramR.coef[2][0].elem[1011]: -9.318791527311731e-04
paramR.coef[3][0].elem[1011]: -1.007696966159657e+00
auxint: 32
auxint: 21
paramR.coef[0][0].elem[1012]: -1.000281250386281e+00
paramR.coef[1][0].elem[1012]: -1.892541975096802e-03
paramR.coef[2][0].elem[1012]: -9.322451529726703e-04
paramR.coef[3][0].elem[1012]: -1.007699021400802e+00
auxint: 32
auxint: 22
paramR.coef[0][0].elem[1013]: -1.000280997598587e+00
paramR.coef[1][0].elem[1013]: -1.892027085783614e-03
paramR.coef[2][0].elem[1013]: -9.325611737429828e-04
paramR.coef[3][0].elem[1013]: -1.007700931856718e+00
auxint: 32
auxint: 23
paramR.coef[0][0].elem[1014]: -1.000280767750698e+00
paramR.coef[1][0].elem[1014]: -1.891593665862483e-03
paramR.coef[2][0].elem[1014]: -9.328129205631945e-04
paramR.coef[3][0].elem[1014]: -1.007702622121007e+00
auxint: 32
auxint: 24
paramR.coef[0][0].elem[1015]: -1.000280570069220e+00
paramR.coef[1][0].elem[1015]: -1.891259291277051e-03
paramR.coef[2][0].elem[1015]: -9.329875222235107e-04
paramR.coef[3][0].elem[1015]: -1.007704024853483e+00
auxint: 32
auxint: 25
paramR.coef[0][0].elem[1016]: -1.000280412430024e+00
paramR.coef[1][0].elem[1016]: -1.891037830776170e-03
paramR.coef[2][0].elem[1016]: -9.330745270837130e-04
paramR.coef[3][0].elem[1016]: -1.007705083737622e+00
auxint: 32
auxint: 26
paramR.coef[0][0].elem[1017]: -1.000280301010812e+00
paramR.coef[1][0].elem[1017]: -1.890938750346225e-03
paramR.coef[2][0].elem[1017]: -9.330668980930864e-04
paramR.coef[3][0].elem[1017]: -1.007705756033645e+00
auxint: 32
auxint: 27
paramR.coef[0][0].elem[1018]: -1.000280240031763e+00
paramR.coef[1][0].elem[1018]: -1.890966594621461e-03
paramR.coef[2][0].elem[1018]: -9.329618700494328e-04
paramR.coef[3][0].elem[1018]: -1.007706014561629e+00
auxint: 32
auxint: 28
paramR.coef[0][0].elem[1019]: -1.000280231599134e+00
paramR.coef[1][0].elem[1019]: -1.891120692512878e-03
paramR.coef[2][0].elem[1019]: -9.327615383710700e-04
paramR.coef[3][0].elem[1019]: -1.007705848974494e+00
auxint: 32
auxint: 29
paramR.coef[0][0].elem[1020]: -1.000280275658388e+00
paramR.coef[1][0].elem[1020]: -1.891395119717446e-03
paramR.coef[2][0].elem[1020]: -9.324730772758725e-04
paramR.coef[3][0].elem[1020]: -1.007705266227139e+00
auxint: 32
auxint: 30
paramR.coef[0][0].elem[1021]: -1.000280370054126e+00
paramR.coef[1][0].elem[1021]: -1.891778930206497e-03
paramR.coef[2][0].elem[1021]: -9.321085321178575e-04
paramR.coef[3][0].elem[1021]: -1.007704290209668e+00
auxint: 32
auxint: 31
paramR.coef[0][0].elem[1022]: -1.000280510685366e+00
paramR.coef[1][0].elem[1022]: -1.892256645783472e-03
paramR.coef[2][0].elem[1022]: -9.316841873729081e-04
paramR.coef[3][0].elem[1022]: -1.007702960578553e+00
auxint: 32
auxint: 32
paramR.coef[0][0].elem[1023]: -1.000280691738282e+00
paramR.coef[1][0].elem[1023]: -1.892808971298635e-03
paramR.coef[2][0].elem[1023]: -9.312195681750531e-04
paramR.coef[3][0].elem[1023]: -1.007701330878237e+00
# Omega_loc: 0.000000000000000e+00 -1.494876957272594e-05 -1.000000000000000e+00 7.642904463015810e-05 1.494876957272594e-05 0.000000000000000e+00 -1.711538554062312e-06 -1.000000000000000e+00 1.000000000000000e+00 1.711538554039165e-06 0.000000000000000e+00 1.623188539957069e-04 -7.642904463015810e-05 1.000000000000000e+00 -1.623188539957069e-04 0.000000000000000e+00
# zcen: -1.000283112071479e+00 -1.895747653229895e-03 -9.254793468266133e-04 -1.007691036101767e+00
# zscale: 1.569980330296021e-05
Copy constructor of matrix
nrows = 4
ncols = 1
Copy constructor of matrix
nrows = 4
ncols = 1
# Continuation step 1 / 400
# We try to compute the torus for epsilon=0.000000000000000e+00 (limit: -9.400000000000000e-02)
# Iteration 1 : 
Copy constructor of matrix
nrows = 4
ncols = 1
Copy constructor of matrix
nrows = 4
ncols = 1
#     - Size of the grid: 32 32 
#     - Tails of the parameterization: 8.178e-12 8.280e-12 
#     - Error of invariance: 5.548e-13 (max over grid, physical), 7.419e-07 (Fourier l1, local)
#     - No correction is needed!
0.000000000000000e+00 32 32 0.000000000000000e+00 8.658928956625561e-01 5.063257941516642e-01 5.548058881856342e-13
# Omega_loc: -9.258589931296112e-17 -1.494876740571843e-05 -9.999999999999997e-01 7.642902479579858e-05 1.494876740571843e-05 0.000000000000000e+00 -1.711534470681656e-06 -1.000000000000001e+00 9.999999999999998e-01 1.711534470774242e-06 0.000000000000000e+00 1.623188613205037e-04 -7.642902479616891e-05 1.000000000000001e+00 -1.623188613204111e-04 0.000000000000000e+00
# zcen: -1.000283112071479e+00 -1.895747653229895e-03 -9.254793468266134e-04 -1.007691036101767e+00
# zscale: 1.569980330280476e-05
# Continuation step 2 / 400
# We try to compute the torus for epsilon=-1.000000000000000e-02 (limit: -9.400000000000000e-02)
# Iteration 1 : 
Copy constructor of matrix
nrows = 4
ncols = 1
Copy constructor of matrix
nrows = 4
ncols = 1
#     - Size of the grid: 32 32 
#     - Tails of the parameterization: 8.682e-12 8.930e-12 
#     - Error of invariance: 3.955e-10 (max over grid, physical), 2.272e-05 (Fourier l1, local)
Copy constructor of matrix
nrows = 2
ncols = 2
Copy constructor of matrix
nrows = 4
ncols = 4
Copy constructor of matrix
nrows = 4
ncols = 4
Copy constructor of matrix
nrows = 2
ncols = 2
Copy constructor of matrix
nrows = 4
ncols = 4
Copy constructor of matrix
nrows = 4
ncols = 4
#     - Average torsion <T>: [-1.544e-06 -1.154e-05; -1.154e-05 2.213e-06], det -1.365e-10
#     - Norm inverse twist: -1.739e+05
#     - max |Im K| after the step: 1.114e-15 (removed)
#     - Residual of the linearized equation: 2.599e-12 (physical)
#     - Lagrangian defect |L^T Omega L|: 3.586e-05
#     - Frame check |L^T Omega N + I| (should be 0): 7.931e-11
#     - Norm of the correction: 9.254e-07 (physical), 5.894e-02 (local)
# Iteration 2 : 
Copy constructor of matrix
nrows = 4
ncols = 1
Copy constructor of matrix
nrows = 4
ncols = 1
#     - Size of the grid: 32 32 
#     - Tails of the parameterization: 0.000e+00 0.000e+00 
#     - Error of invariance: 6.901e-10 (max over grid, physical), 1.221e-04 (Fourier l1, local)
Copy constructor of matrix
nrows = 2
ncols = 2
Copy constructor of matrix
nrows = 4
ncols = 4
Copy constructor of matrix
nrows = 4
ncols = 4
Copy constructor of matrix
nrows = 2
ncols = 2
Copy constructor of matrix
nrows = 4
ncols = 4
Copy constructor of matrix
nrows = 4
ncols = 4
#     - Average torsion <T>: [-1.308e-06 -1.151e-05; -1.152e-05 3.644e-06], det -1.374e-10
#     - Norm inverse twist: -1.847e+05
#     - max |Im K| after the step: 1.634e-15 (removed)
#     - Residual of the linearized equation: 9.958e-12 (physical)
#     - Lagrangian defect |L^T Omega L|: 1.942e-04
#     - Frame check |L^T Omega N + I| (should be 0): 4.430e-10
#     - Norm of the correction: 6.781e-08 (physical), 4.319e-03 (local)
# Newton stalled; best error 3.955e-10 (physical), not accepted (tol-floor 1.000e-11)
# Newton method does not converge; halving the continuation step
###########################################
# Continuation step 3 / 400
# We try to compute the torus for epsilon=-5.000e-03 (limit: -9.400e-02)
# Iteration 1 : 
Copy constructor of matrix
nrows = 4
ncols = 1
Copy constructor of matrix
nrows = 4
ncols = 1
#     - Size of the grid: 32 32 
#     - Tails of the parameterization: 8.682e-12 8.930e-12 
#     - Error of invariance: 1.978e-10 (max over grid, physical), 1.171e-05 (Fourier l1, local)
Copy constructor of matrix
nrows = 2
ncols = 2
Copy constructor of matrix
nrows = 4
ncols = 4
Copy constructor of matrix
nrows = 4
ncols = 4
Copy constructor of matrix
nrows = 2
ncols = 2
Copy constructor of matrix
nrows = 4
ncols = 4
Copy constructor of matrix
nrows = 4
ncols = 4
#     - Average torsion <T>: [-1.420e-06 -1.154e-05; -1.154e-05 2.954e-06], det -1.373e-10
#     - Norm inverse twist: -1.792e+05
#     - max |Im K| after the step: 1.436e-15 (removed)
#     - Residual of the linearized equation: 1.674e-12 (physical)
#     - Lagrangian defect |L^T Omega L|: 3.586e-05
#     - Frame check |L^T Omega N + I| (should be 0): 7.931e-11
#     - Norm of the correction: 4.736e-07 (physical), 3.016e-02 (local)
# Iteration 2 : 
Copy constructor of matrix
nrows = 4
ncols = 1
Copy constructor of matrix
nrows = 4
ncols = 1
#     - Size of the grid: 32 32 
#     - Tails of the parameterization: 0.000e+00 0.000e+00 
#     - Error of invariance: 1.809e-10 (max over grid, physical), 3.245e-05 (Fourier l1, local)
Copy constructor of matrix
nrows = 2
ncols = 2
Copy constructor of matrix
nrows = 4
ncols = 4
Copy constructor of matrix
nrows = 4
ncols = 4
Copy constructor of matrix
nrows = 2
ncols = 2
Copy constructor of matrix
nrows = 4
ncols = 4
Copy constructor of matrix
nrows = 4
ncols = 4
#     - Average torsion <T>: [-1.299e-06 -1.153e-05; -1.153e-05 3.681e-06], det -1.377e-10
#     - Norm inverse twist: -1.847e+05
#     - max |Im K| after the step: 1.420e-15 (removed)
#     - Residual of the linearized equation: 1.811e-12 (physical)
#     - Lagrangian defect |L^T Omega L|: 8.553e-05
#     - Frame check |L^T Omega N + I| (should be 0): 1.937e-10
#     - Norm of the correction: 1.711e-08 (physical), 1.090e-03 (local)
# Newton stalled; best error 1.809e-10 (physical), not accepted (tol-floor 1.000e-11)
# Newton method does not converge; halving the continuation step
###########################################
# Continuation step 4 / 400
# We try to compute the torus for epsilon=-2.500e-03 (limit: -9.400e-02)
# Iteration 1 : 
Copy constructor of matrix
nrows = 4
ncols = 1
Copy constructor of matrix
nrows = 4
ncols = 1
#     - Size of the grid: 32 32 
#     - Tails of the parameterization: 8.682e-12 8.930e-12 
#     - Error of invariance: 9.889e-11 (max over grid, physical), 6.201e-06 (Fourier l1, local)
Copy constructor of matrix
nrows = 2
ncols = 2
Copy constructor of matrix
nrows = 4
ncols = 4
Copy constructor of matrix
nrows = 4
ncols = 4
Copy constructor of matrix
nrows = 2
ncols = 2
Copy constructor of matrix
nrows = 4
ncols = 4
Copy constructor of matrix
nrows = 4
ncols = 4
#     - Average torsion <T>: [-1.358e-06 -1.154e-05; -1.154e-05 3.324e-06], det -1.376e-10
#     - Norm inverse twist: -1.820e+05
#     - max |Im K| after the step: 1.382e-15 (removed)
#     - Residual of the linearized equation: 1.400e-12 (physical)
#     - Lagrangian defect |L^T Omega L|: 3.586e-05
#     - Frame check |L^T Omega N + I| (should be 0): 7.931e-11
#     - Norm of the correction: 2.396e-07 (physical), 1.526e-02 (local)
# Iteration 2 : 
Copy constructor of matrix
nrows = 4
ncols = 1
Copy constructor of matrix
nrows = 4
ncols = 1
#     - Size of the grid: 32 32 
#     - Tails of the parameterization: 0.000e+00 0.000e+00 
#     - Error of invariance: 4.633e-11 (max over grid, physical), 8.831e-06 (Fourier l1, local)
Copy constructor of matrix
nrows = 2
ncols = 2
Copy constructor of matrix
nrows = 4
ncols = 4
Copy constructor of matrix
nrows = 4
ncols = 4
Copy constructor of matrix
nrows = 2
ncols = 2
Copy constructor of matrix
nrows = 4
ncols = 4
Copy constructor of matrix
nrows = 4
ncols = 4
#     - Average torsion <T>: [-1.297e-06 -1.153e-05; -1.153e-05 3.690e-06], det -1.378e-10
#     - Norm inverse twist: -1.847e+05
#     - max |Im K| after the step: 1.397e-15 (removed)
#     - Residual of the linearized equation: 1.282e-12 (physical)
#     - Lagrangian defect |L^T Omega L|: 5.728e-05
#     - Frame check |L^T Omega N + I| (should be 0): 1.319e-10
#     - Norm of the correction: 4.270e-09 (physical), 2.720e-04 (local)
# Iteration 3 : 
Copy constructor of matrix
nrows = 4
ncols = 1
Copy constructor of matrix
nrows = 4
ncols = 1
#     - Size of the grid: 32 32 
#     - Tails of the parameterization: 0.000e+00 0.000e+00 
#     - Error of invariance: 3.745e-13 (max over grid, physical), 7.200e-07 (Fourier l1, local)
#     - No correction is needed!
-2.500000000000000e-03 32 32 -1.847485067369016e+05 8.554084136906426e-01 5.000902857064893e-01 3.745409704528274e-13
# Omega_loc: 0.000000000000000e+00 -1.458929568941486e-05 -9.999999999999998e-01 7.458759410918788e-05 1.458929568941486e-05 0.000000000000000e+00 -1.670206426078377e-06 -1.000000000000001e+00 9.999999999999998e-01 1.670206426078377e-06 -2.371639864648116e-17 1.584176236584401e-04 -7.458759410918788e-05 1.000000000000001e+00 -1.584176236583452e-04 0.000000000000000e+00
# zcen: -1.000283111719281e+00 -1.895746901877476e-03 -9.254799111030969e-04 -1.007691038274007e+00
# zscale: 1.550990480371064e-05
# Continuation step 5 / 400
# We try to compute the torus for epsilon=-5.833333333333333e-03 (limit: -9.400000000000000e-02)
# Iteration 1 : 
Copy constructor of matrix
nrows = 4
ncols = 1
Copy constructor of matrix
nrows = 4
ncols = 1
#     - Size of the grid: 32 32 
#     - Tails of the parameterization: 3.509e-12 3.539e-12 
#     - Error of invariance: 1.304e-10 (max over grid, physical), 8.049e-06 (Fourier l1, local)
Copy constructor of matrix
nrows = 2
ncols = 2
Copy constructor of matrix
nrows = 4
ncols = 4
Copy constructor of matrix
nrows = 4
ncols = 4
Copy constructor of matrix
nrows = 2
ncols = 2
Copy constructor of matrix
nrows = 4
ncols = 4
Copy constructor of matrix
nrows = 4
ncols = 4
#     - Average torsion <T>: [-1.347e-06 -1.126e-05; -1.126e-05 3.111e-06], det -1.309e-10
#     - Norm inverse twist: -1.854e+05
#     - max |Im K| after the step: 1.889e-15 (removed)
#     - Residual of the linearized equation: 1.348e-12 (physical)
#     - Lagrangian defect |L^T Omega L|: 5.894e-05
#     - Frame check |L^T Omega N + I| (should be 0): 1.342e-10
#     - Norm of the correction: 3.218e-07 (physical), 2.075e-02 (local)
# Iteration 2 : 
Copy constructor of matrix
nrows = 4
ncols = 1
Copy constructor of matrix
nrows = 4
ncols = 1
#     - Size of the grid: 32 32 
#     - Tails of the parameterization: 0.000e+00 0.000e+00 
#     - Error of invariance: 8.343e-11 (max over grid, physical), 1.556e-05 (Fourier l1, local)
Copy constructor of matrix
nrows = 2
ncols = 2
Copy constructor of matrix
nrows = 4
ncols = 4
Copy constructor of matrix
nrows = 4
ncols = 4
Copy constructor of matrix
nrows = 2
ncols = 2
Copy constructor of matrix
nrows = 4
ncols = 4
Copy constructor of matrix
nrows = 4
ncols = 4
#     - Average torsion <T>: [-1.266e-06 -1.125e-05; -1.126e-05 3.598e-06], det -1.312e-10
#     - Norm inverse twist: -1.893e+05
#     - max |Im K| after the step: 1.852e-15 (removed)
#     - Residual of the linearized equation: 1.417e-12 (physical)
#     - Lagrangian defect |L^T Omega L|: 6.436e-05
#     - Frame check |L^T Omega N + I| (should be 0): 1.408e-10
#     - Norm of the correction: 7.880e-09 (physical), 5.081e-04 (local)
# Iteration 3 : 
Copy constructor of matrix
nrows = 4
ncols = 1
Copy constructor of matrix
nrows = 4
ncols = 1
#     - Size of the grid: 32 32 
#     - Tails of the parameterization: 0.000e+00 0.000e+00 
#     - Error of invariance: 3.034e-13 (max over grid, physical), 7.211e-07 (Fourier l1, local)
#     - No correction is needed!
-5.833333333333333e-03 32 32 -1.893014201333841e+05 8.515222562582573e-01 4.976747287354185e-01 3.034253893061066e-13
# Omega_loc: 9.808583190572571e-17 -1.411139738680982e-05 -9.999999999999998e-01 7.213117464071628e-05 1.411139738685887e-05 0.000000000000000e+00 -1.619121715067949e-06 -1.000000000000000e+00 9.999999999999998e-01 1.619121715166035e-06 -2.452145797643143e-17 1.532150417012319e-04 -7.213117464071628e-05 1.000000000000000e+00 -1.532150417014280e-04 0.000000000000000e+00
# zcen: -1.000283111249688e+00 -1.895745900079088e-03 -9.254806634592598e-04 -1.007691041170316e+00
# zscale: 1.525303184103318e-05
# Continuation step 6 / 400
# We try to compute the torus for epsilon=-1.027777777777778e-02 (limit: -9.400000000000000e-02)
# Iteration 1 : 
Copy constructor of matrix
nrows = 4
ncols = 1
Copy constructor of matrix
nrows = 4
ncols = 1
#     - Size of the grid: 32 32 
#     - Tails of the parameterization: 3.497e-12 3.449e-12 
#     - Error of invariance: 1.706e-10 (max over grid, physical), 1.048e-05 (Fourier l1, local)
Copy constructor of matrix
nrows = 2
ncols = 2
Copy constructor of matrix
nrows = 4
ncols = 4
Copy constructor of matrix
nrows = 4
ncols = 4
Copy constructor of matrix
nrows = 2
ncols = 2
Copy constructor of matrix
nrows = 4
ncols = 4
Copy constructor of matrix
nrows = 4
ncols = 4
#     - Average torsion <T>: [-1.333e-06 -1.089e-05; -1.089e-05 2.827e-06], det -1.223e-10
#     - Norm inverse twist: -1.902e+05
#     - max |Im K| after the step: 1.491e-15 (removed)
#     - Residual of the linearized equation: 1.477e-12 (physical)
#     - Lagrangian defect |L^T Omega L|: 4.443e-05
#     - Frame check |L^T Omega N + I| (should be 0): 9.494e-11
#     - Norm of the correction: 4.333e-07 (physical), 2.841e-02 (local)
# Iteration 2 : 
Copy constructor of matrix
nrows = 4
ncols = 1
Copy constructor of matrix
nrows = 4
ncols = 1
#     - Size of the grid: 32 32 
#     - Tails of the parameterization: 0.000e+00 0.000e+00 
#     - Error of invariance: 1.516e-10 (max over grid, physical), 2.810e-05 (Fourier l1, local)
Copy constructor of matrix
nrows = 2
ncols = 2
Copy constructor of matrix
nrows = 4
ncols = 4
Copy constructor of matrix
nrows = 4
ncols = 4
Copy constructor of matrix
nrows = 2
ncols = 2
Copy constructor of matrix
nrows = 4
ncols = 4
Copy constructor of matrix
nrows = 4
ncols = 4
#     - Average torsion <T>: [-1.225e-06 -1.088e-05; -1.088e-05 3.474e-06], det -1.227e-10
#     - Norm inverse twist: -1.957e+05
#     - max |Im K| after the step: 1.167e-15 (removed)
#     - Residual of the linearized equation: 1.663e-12 (physical)
#     - Lagrangian defect |L^T Omega L|: 7.824e-05
#     - Frame check |L^T Omega N + I| (should be 0): 1.670e-10
#     - Norm of the correction: 1.469e-08 (physical), 9.629e-04 (local)
# Iteration 3 : 
Copy constructor of matrix
nrows = 4
ncols = 1
Copy constructor of matrix
nrows = 4
ncols = 1
#     - Size of the grid: 32 32 
#     - Tails of the parameterization: 0.000e+00 0.000e+00 
#     - Error of invariance: 5.082e-13 (max over grid, physical), 7.268e-07 (Fourier l1, local)
#     - No correction is needed!
-1.027777777777778e-02 32 32 -1.957292149211628e+05 8.460040314483184e-01 4.942608075687758e-01 5.082204496262126e-13
# Omega_loc: 0.000000000000000e+00 -1.347192004165869e-05 -1.000000000000000e+00 6.885997149922656e-05 1.347192004176142e-05 0.000000000000000e+00 -1.545874436127267e-06 -9.999999999999996e-01 1.000000000000000e+00 1.545874436075899e-06 0.000000000000000e+00 1.462798329614016e-04 -6.885997149922656e-05 9.999999999999998e-01 -1.462798329614016e-04 0.000000000000000e+00
# zcen: -1.000283110623590e+00 -1.895744564385831e-03 -9.254816665375662e-04 -1.007691045031994e+00
# zscale: 1.490365644292055e-05
# Continuation step 7 / 400
# We try to compute the torus for epsilon=-1.620370370370370e-02 (limit: -9.400000000000000e-02)
# Iteration 1 : 
Copy constructor of matrix
nrows = 4
ncols = 1
Copy constructor of matrix
nrows = 4
ncols = 1
#     - Size of the grid: 32 32 
#     - Tails of the parameterization: 3.469e-12 3.557e-12 
#     - Error of invariance: 2.225e-10 (max over grid, physical), 1.373e-05 (Fourier l1, local)
Copy constructor of matrix
nrows = 2
ncols = 2
Copy constructor of matrix
nrows = 4
ncols = 4
Copy constructor of matrix
nrows = 4
ncols = 4
Copy constructor of matrix
nrows = 2
ncols = 2
Copy constructor of matrix
nrows = 4
ncols = 4
Copy constructor of matrix
nrows = 4
ncols = 4
#     - Average torsion <T>: [-1.314e-06 -1.039e-05; -1.039e-05 2.448e-06], det -1.113e-10
#     - Norm inverse twist: -1.970e+05
#     - max |Im K| after the step: 1.922e-15 (removed)
#     - Residual of the linearized equation: 1.572e-12 (physical)
#     - Lagrangian defect |L^T Omega L|: 4.961e-05
#     - Frame check |L^T Omega N + I| (should be 0): 1.011e-10
#     - Norm of the correction: 5.855e-07 (physical), 3.929e-02 (local)
# Iteration 2 : 
Copy constructor of matrix
nrows = 4
ncols = 1
Copy constructor of matrix
nrows = 4
ncols = 1
#     - Size of the grid: 32 32 
#     - Tails of the parameterization: 0.000e+00 0.000e+00 
#     - Error of invariance: 2.771e-10 (max over grid, physical), 5.191e-05 (Fourier l1, local)
Copy constructor of matrix
nrows = 2
ncols = 2
Copy constructor of matrix
nrows = 4
ncols = 4
Copy constructor of matrix
nrows = 4
ncols = 4
Copy constructor of matrix
nrows = 2
ncols = 2
Copy constructor of matrix
nrows = 4
ncols = 4
Copy constructor of matrix
nrows = 4
ncols = 4
#     - Average torsion <T>: [-1.171e-06 -1.039e-05; -1.039e-05 3.306e-06], det -1.117e-10
#     - Norm inverse twist: -2.050e+05
#     - max |Im K| after the step: 1.130e-15 (removed)
#     - Residual of the linearized equation: 2.663e-12 (physical)
#     - Lagrangian defect |L^T Omega L|: 9.793e-05
#     - Frame check |L^T Omega N + I| (should be 0): 1.976e-10
#     - Norm of the correction: 2.796e-08 (physical), 1.876e-03 (local)
# Newton stalled; best error 2.225e-10 (physical), not accepted (tol-floor 1.000e-11)
# Newton method does not converge; halving the continuation step
###########################################
# Continuation step 8 / 400
# We try to compute the torus for epsilon=-1.324e-02 (limit: -9.400e-02)
# Iteration 1 : 
Copy constructor of matrix
nrows = 4
ncols = 1
Copy constructor of matrix
nrows = 4
ncols = 1
#     - Size of the grid: 32 32 
#     - Tails of the parameterization: 3.469e-12 3.557e-12 
#     - Error of invariance: 1.113e-10 (max over grid, physical), 7.221e-06 (Fourier l1, local)
Copy constructor of matrix
nrows = 2
ncols = 2
Copy constructor of matrix
nrows = 4
ncols = 4
Copy constructor of matrix
nrows = 4
ncols = 4
Copy constructor of matrix
nrows = 2
ncols = 2
Copy constructor of matrix
nrows = 4
ncols = 4
Copy constructor of matrix
nrows = 4
ncols = 4
#     - Average torsion <T>: [-1.240e-06 -1.039e-05; -1.039e-05 2.887e-06], det -1.116e-10
#     - Norm inverse twist: -2.010e+05
#     - max |Im K| after the step: 1.551e-15 (removed)
#     - Residual of the linearized equation: 1.212e-12 (physical)
#     - Lagrangian defect |L^T Omega L|: 4.961e-05
#     - Frame check |L^T Omega N + I| (should be 0): 1.011e-10
#     - Norm of the correction: 2.974e-07 (physical), 1.995e-02 (local)
# Iteration 2 : 
Copy constructor of matrix
nrows = 4
ncols = 1
Copy constructor of matrix
nrows = 4
ncols = 1
#     - Size of the grid: 32 32 
#     - Tails of the parameterization: 0.000e+00 0.000e+00 
#     - Error of invariance: 7.143e-11 (max over grid, physical), 1.393e-05 (Fourier l1, local)
Copy constructor of matrix
nrows = 2
ncols = 2
Copy constructor of matrix
nrows = 4
ncols = 4
Copy constructor of matrix
nrows = 4
ncols = 4
Copy constructor of matrix
nrows = 2
ncols = 2
Copy constructor of matrix
nrows = 4
ncols = 4
Copy constructor of matrix
nrows = 4
ncols = 4
#     - Average torsion <T>: [-1.168e-06 -1.039e-05; -1.039e-05 3.320e-06], det -1.119e-10
#     - Norm inverse twist: -2.050e+05
#     - max |Im K| after the step: 1.924e-15 (removed)
#     - Residual of the linearized equation: 1.379e-12 (physical)
#     - Lagrangian defect |L^T Omega L|: 5.461e-05
#     - Frame check |L^T Omega N + I| (should be 0): 1.107e-10
#     - Norm of the correction: 7.003e-09 (physical), 4.699e-04 (local)
# Iteration 3 : 
Copy constructor of matrix
nrows = 4
ncols = 1
Copy constructor of matrix
nrows = 4
ncols = 1
#     - Size of the grid: 32 32 
#     - Tails of the parameterization: 0.000e+00 0.000e+00 
#     - Error of invariance: 4.562e-13 (max over grid, physical), 7.292e-07 (Fourier l1, local)
#     - No correction is needed!
-1.324074074074074e-02 32 32 -2.050287332245771e+05 8.520131143395455e-01 4.976409222881144e-01 4.562342480597994e-13
# Omega_loc: 0.000000000000000e+00 -1.304604259223518e-05 -9.999999999999996e-01 6.667797456405290e-05 1.304604259234127e-05 0.000000000000000e+00 -1.497849562924497e-06 -1.000000000000001e+00 9.999999999999996e-01 1.497849562924497e-06 2.652233795259137e-17 1.416550214502716e-04 -6.667797456447725e-05 1.000000000000000e+00 -1.416550214500594e-04 0.000000000000000e+00
# zcen: -1.000283110206142e+00 -1.895743673809892e-03 -9.254823353307090e-04 -1.007691047606786e+00
# zscale: 1.466608255107155e-05
# Continuation step 9 / 400
# We try to compute the torus for epsilon=-1.719135802469136e-02 (limit: -9.400000000000000e-02)
# Iteration 1 : 
Copy constructor of matrix
nrows = 4
ncols = 1
Copy constructor of matrix
nrows = 4
ncols = 1
#     - Size of the grid: 32 32 
#     - Tails of the parameterization: 3.541e-12 3.554e-12 
#     - Error of invariance: 1.459e-10 (max over grid, physical), 9.381e-06 (Fourier l1, local)
Copy constructor of matrix
nrows = 2
ncols = 2
Copy constructor of matrix
nrows = 4
ncols = 4
Copy constructor of matrix
nrows = 4
ncols = 4
Copy constructor of matrix
nrows = 2
ncols = 2
Copy constructor of matrix
nrows = 4
ncols = 4
Copy constructor of matrix
nrows = 4
ncols = 4
#     - Average torsion <T>: [-1.228e-06 -1.007e-05; -1.007e-05 2.634e-06], det -1.045e-10
#     - Norm inverse twist: -2.060e+05
#     - max |Im K| after the step: 1.420e-15 (removed)
#     - Residual of the linearized equation: 1.449e-12 (physical)
#     - Lagrangian defect |L^T Omega L|: 4.247e-05
#     - Frame check |L^T Omega N + I| (should be 0): 8.253e-11
#     - Norm of the correction: 4.002e-07 (physical), 2.729e-02 (local)
# Iteration 2 : 
Copy constructor of matrix
nrows = 4
ncols = 1
Copy constructor of matrix
nrows = 4
ncols = 1
#     - Size of the grid: 32 32 
#     - Tails of the parameterization: 0.000e+00 0.000e+00 
#     - Error of invariance: 1.292e-10 (max over grid, physical), 2.503e-05 (Fourier l1, local)
Copy constructor of matrix
nrows = 2
ncols = 2
Copy constructor of matrix
nrows = 4
ncols = 4
Copy constructor of matrix
nrows = 4
ncols = 4
Copy constructor of matrix
nrows = 2
ncols = 2
Copy constructor of matrix
nrows = 4
ncols = 4
Copy constructor of matrix
nrows = 4
ncols = 4
#     - Average torsion <T>: [-1.132e-06 -1.006e-05; -1.006e-05 3.210e-06], det -1.049e-10
#     - Norm inverse twist: -2.117e+05
#     - max |Im K| after the step: 1.237e-15 (removed)
#     - Residual of the linearized equation: 1.488e-12 (physical)
#     - Lagrangian defect |L^T Omega L|: 9.353e-05
#     - Frame check |L^T Omega N + I| (should be 0): 1.879e-10
#     - Norm of the correction: 1.311e-08 (physical), 8.937e-04 (local)
# Iteration 3 : 
Copy constructor of matrix
nrows = 4
ncols = 1
Copy constructor of matrix
nrows = 4
ncols = 1
#     - Size of the grid: 32 32 
#     - Tails of the parameterization: 0.000e+00 0.000e+00 
#     - Error of invariance: 4.545e-13 (max over grid, physical), 7.826e-07 (Fourier l1, local)
#     - No correction is needed!
-1.719135802469136e-02 32 32 -2.117228414556066e+05 8.467285268147872e-01 4.943871678843691e-01 4.545141342503539e-13
# Omega_loc: 0.000000000000000e+00 -1.247829391795644e-05 -1.000000000000000e+00 6.376900139531279e-05 1.247829391790098e-05 0.000000000000000e+00 -1.434840096564249e-06 -9.999999999999996e-01 1.000000000000000e+00 1.434840096536520e-06 0.000000000000000e+00 1.354867225090206e-04 -6.376900139531279e-05 9.999999999999998e-01 -1.354867225091315e-04 0.000000000000000e+00
# zcen: -1.000283109649511e+00 -1.895742486295784e-03 -9.254832270883923e-04 -1.007691051040097e+00
# zscale: 1.434317314125557e-05
# Continuation step 10 / 400
# We try to compute the torus for epsilon=-2.245884773662551e-02 (limit: -9.400000000000000e-02)
# Iteration 1 : 
Copy constructor of matrix
nrows = 4
ncols = 1
Copy constructor of matrix
nrows = 4
ncols = 1
#     - Size of the grid: 32 32 
#     - Tails of the parameterization: 3.663e-12 3.521e-12 
#     - Error of invariance: 1.905e-10 (max over grid, physical), 1.230e-05 (Fourier l1, local)
Copy constructor of matrix
nrows = 2
ncols = 2
Copy constructor of matrix
nrows = 4
ncols = 4
Copy constructor of matrix
nrows = 4
ncols = 4
Copy constructor of matrix
nrows = 2
ncols = 2
Copy constructor of matrix
nrows = 4
ncols = 4
Copy constructor of matrix
nrows = 4
ncols = 4
#     - Average torsion <T>: [-1.211e-06 -9.627e-06; -9.627e-06 2.298e-06], det -9.545e-11
#     - Norm inverse twist: -2.131e+05
#     - max |Im K| after the step: 1.528e-15 (removed)
#     - Residual of the linearized equation: 1.641e-12 (physical)
#     - Lagrangian defect |L^T Omega L|: 4.911e-05
#     - Frame check |L^T Omega N + I| (should be 0): 9.221e-11
#     - Norm of the correction: 5.405e-07 (physical), 3.768e-02 (local)
# Iteration 2 : 
Copy constructor of matrix
nrows = 4
ncols = 1
Copy constructor of matrix
nrows = 4
ncols = 1
#     - Size of the grid: 32 32 
#     - Tails of the parameterization: 0.000e+00 0.000e+00 
#     - Error of invariance: 2.366e-10 (max over grid, physical), 4.608e-05 (Fourier l1, local)
Copy constructor of matrix
nrows = 2
ncols = 2
Copy constructor of matrix
nrows = 4
ncols = 4
Copy constructor of matrix
nrows = 4
ncols = 4
Copy constructor of matrix
nrows = 2
ncols = 2
Copy constructor of matrix
nrows = 4
ncols = 4
Copy constructor of matrix
nrows = 4
ncols = 4
#     - Average torsion <T>: [-1.084e-06 -9.619e-06; -9.620e-06 3.061e-06], det -9.584e-11
#     - Norm inverse twist: -2.214e+05
#     - max |Im K| after the step: 1.188e-15 (removed)
#     - Residual of the linearized equation: 2.427e-12 (physical)
#     - Lagrangian defect |L^T Omega L|: 9.494e-05
#     - Frame check |L^T Omega N + I| (should be 0): 1.764e-10
#     - Norm of the correction: 2.475e-08 (physical), 1.726e-03 (local)
# Newton stalled; best error 1.905e-10 (physical), not accepted (tol-floor 1.000e-11)
# Newton method does not converge; halving the continuation step
###########################################
# Continuation step 11 / 400
# We try to compute the torus for epsilon=-1.983e-02 (limit: -9.400e-02)
# Iteration 1 : 
Copy constructor of matrix
nrows = 4
ncols = 1
Copy constructor of matrix
nrows = 4
ncols = 1
#     - Size of the grid: 32 32 
#     - Tails of the parameterization: 3.663e-12 3.521e-12 
#     - Error of invariance: 9.538e-11 (max over grid, physical), 6.532e-06 (Fourier l1, local)
Copy constructor of matrix
nrows = 2
ncols = 2
Copy constructor of matrix
nrows = 4
ncols = 4
Copy constructor of matrix
nrows = 4
ncols = 4
Copy constructor of matrix
nrows = 2
ncols = 2
Copy constructor of matrix
nrows = 4
ncols = 4
Copy constructor of matrix
nrows = 4
ncols = 4
#     - Average torsion <T>: [-1.145e-06 -9.626e-06; -9.626e-06 2.688e-06], det -9.575e-11
#     - Norm inverse twist: -2.172e+05
#     - max |Im K| after the step: 1.844e-15 (removed)
#     - Residual of the linearized equation: 1.345e-12 (physical)
#     - Lagrangian defect |L^T Omega L|: 4.911e-05
#     - Frame check |L^T Omega N + I| (should be 0): 9.221e-11
#     - Norm of the correction: 2.743e-07 (physical), 1.912e-02 (local)
# Iteration 2 : 
Copy constructor of matrix
nrows = 4
ncols = 1
Copy constructor of matrix
nrows = 4
ncols = 1
#     - Size of the grid: 32 32 
#     - Tails of the parameterization: 0.000e+00 0.000e+00 
#     - Error of invariance: 6.072e-11 (max over grid, physical), 1.245e-05 (Fourier l1, local)
Copy constructor of matrix
nrows = 2
ncols = 2
Copy constructor of matrix
nrows = 4
ncols = 4
Copy constructor of matrix
nrows = 4
ncols = 4
Copy constructor of matrix
nrows = 2
ncols = 2
Copy constructor of matrix
nrows = 4
ncols = 4
Copy constructor of matrix
nrows = 4
ncols = 4
#     - Average torsion <T>: [-1.081e-06 -9.624e-06; -9.624e-06 3.073e-06], det -9.595e-11
#     - Norm inverse twist: -2.214e+05
#     - max |Im K| after the step: 1.254e-15 (removed)
#     - Residual of the linearized equation: 1.330e-12 (physical)
#     - Lagrangian defect |L^T Omega L|: 5.876e-05
#     - Frame check |L^T Omega N + I| (should be 0): 1.097e-10
#     - Norm of the correction: 6.238e-09 (physical), 4.349e-04 (local)
# Iteration 3 : 
Copy constructor of matrix
nrows = 4
ncols = 1
Copy constructor of matrix
nrows = 4
ncols = 1
#     - Size of the grid: 32 32 
#     - Tails of the parameterization: 0.000e+00 0.000e+00 
#     - Error of invariance: 3.750e-13 (max over grid, physical), 7.745e-07 (Fourier l1, local)
#     - No correction is needed!
-1.982510288065844e-02 32 32 -2.213782129917681e+05 8.525319469897967e-01 4.976589349992706e-01 3.749984161566696e-13
# Omega_loc: 0.000000000000000e+00 -1.209982601325700e-05 -1.000000000000000e+00 6.182923508459203e-05 1.209982601319981e-05 0.000000000000000e+00 -1.392286141903483e-06 -9.999999999999997e-01 1.000000000000000e+00 1.392286141960676e-06 0.000000000000000e+00 1.313758422798642e-04 -6.182923508436325e-05 9.999999999999994e-01 -1.313758422800929e-04 -9.151007737056349e-16
# zcen: -1.000283109278465e+00 -1.895741694707462e-03 -9.254838215292198e-04 -1.007691053328713e+00
# zscale: 1.412382389492027e-05
# Continuation step 12 / 400
# We try to compute the torus for epsilon=-2.333676268861454e-02 (limit: -9.400000000000000e-02)
# Iteration 1 : 
Copy constructor of matrix
nrows = 4
ncols = 1
Copy constructor of matrix
nrows = 4
ncols = 1
#     - Size of the grid: 32 32 
#     - Tails of the parameterization: 3.575e-12 3.870e-12 
#     - Error of invariance: 1.249e-10 (max over grid, physical), 8.462e-06 (Fourier l1, local)
Copy constructor of matrix
nrows = 2
ncols = 2
Copy constructor of matrix
nrows = 4
ncols = 4
Copy constructor of matrix
nrows = 4
ncols = 4
Copy constructor of matrix
nrows = 2
ncols = 2
Copy constructor of matrix
nrows = 4
ncols = 4
Copy constructor of matrix
nrows = 4
ncols = 4
#     - Average torsion <T>: [-1.134e-06 -9.334e-06; -9.334e-06 2.464e-06], det -8.992e-11
#     - Norm inverse twist: -2.224e+05
#     - max |Im K| after the step: 1.191e-15 (removed)
#     - Residual of the linearized equation: 1.323e-12 (physical)
#     - Lagrangian defect |L^T Omega L|: 5.225e-05
#     - Frame check |L^T Omega N + I| (should be 0): 9.703e-11
#     - Norm of the correction: 3.691e-07 (physical), 2.613e-02 (local)
# Iteration 2 : 
Copy constructor of matrix
nrows = 4
ncols = 1
Copy constructor of matrix
nrows = 4
ncols = 1
#     - Size of the grid: 32 32 
#     - Tails of the parameterization: 0.000e+00 0.000e+00 
#     - Error of invariance: 1.105e-10 (max over grid, physical), 2.223e-05 (Fourier l1, local)
Copy constructor of matrix
nrows = 2
ncols = 2
Copy constructor of matrix
nrows = 4
ncols = 4
Copy constructor of matrix
nrows = 4
ncols = 4
Copy constructor of matrix
nrows = 2
ncols = 2
Copy constructor of matrix
nrows = 4
ncols = 4
Copy constructor of matrix
nrows = 4
ncols = 4
#     - Average torsion <T>: [-1.049e-06 -9.330e-06; -9.330e-06 2.976e-06], det -9.017e-11
#     - Norm inverse twist: -2.283e+05
#     - max |Im K| after the step: 1.028e-15 (removed)
#     - Residual of the linearized equation: 1.389e-12 (physical)
#     - Lagrangian defect |L^T Omega L|: 9.618e-05
#     - Frame check |L^T Omega N + I| (should be 0): 1.824e-10
#     - Norm of the correction: 1.160e-08 (physical), 8.214e-04 (local)
# Iteration 3 : 
Copy constructor of matrix
nrows = 4
ncols = 1
Copy constructor of matrix
nrows = 4
ncols = 1
#     - Size of the grid: 32 32 
#     - Tails of the parameterization: 0.000e+00 0.000e+00 
#     - Error of invariance: 4.351e-13 (max over grid, physical), 8.007e-07 (Fourier l1, local)
#     - No correction is needed!
-2.333676268861454e-02 32 32 -2.283052108917659e+05 8.474915324926698e-01 4.945667804895844e-01 4.350941452914939e-13
# Omega_loc: 0.000000000000000e+00 -1.159523510695653e-05 -1.000000000000000e+00 5.924471129725745e-05 1.159523510701621e-05 0.000000000000000e+00 -1.335352399746555e-06 -1.000000000000000e+00 1.000000000000000e+00 1.335352399806239e-06 0.000000000000000e+00 1.258938914782030e-04 -5.924471129725745e-05 1.000000000000000e+00 -1.258938914784417e-04 0.000000000000000e+00
# zcen: -1.000283108783722e+00 -1.895740639215934e-03 -9.254846141280007e-04 -1.007691056380334e+00
# zscale: 1.382593111579867e-05
# Continuation step 13 / 400
# We try to compute the torus for epsilon=-2.801897576588934e-02 (limit: -9.400000000000000e-02)
# Iteration 1 : 
Copy constructor of matrix
nrows = 4
ncols = 1
Copy constructor of matrix
nrows = 4
ncols = 1
#     - Size of the grid: 32 32 
#     - Tails of the parameterization: 3.696e-12 3.696e-12 
#     - Error of invariance: 1.629e-10 (max over grid, physical), 1.103e-05 (Fourier l1, local)
Copy constructor of matrix
nrows = 2
ncols = 2
Copy constructor of matrix
nrows = 4
ncols = 4
Copy constructor of matrix
nrows = 4
ncols = 4
Copy constructor of matrix
nrows = 2
ncols = 2
Copy constructor of matrix
nrows = 4
ncols = 4
Copy constructor of matrix
nrows = 4
ncols = 4
#     - Average torsion <T>: [-1.119e-06 -8.944e-06; -8.944e-06 2.165e-06], det -8.242e-11
#     - Norm inverse twist: -2.297e+05
#     - max |Im K| after the step: 1.186e-15 (removed)
#     - Residual of the linearized equation: 1.652e-12 (physical)
#     - Lagrangian defect |L^T Omega L|: 6.596e-05
#     - Frame check |L^T Omega N + I| (should be 0): 1.195e-10
#     - Norm of the correction: 4.983e-07 (physical), 3.604e-02 (local)
# Iteration 2 : 
Copy constructor of matrix
nrows = 4
ncols = 1
Copy constructor of matrix
nrows = 4
ncols = 1
#     - Size of the grid: 32 32 
#     - Tails of the parameterization: 0.000e+00 0.000e+00 
#     - Error of invariance: 2.015e-10 (max over grid, physical), 4.078e-05 (Fourier l1, local)
Copy constructor of matrix
nrows = 2
ncols = 2
Copy constructor of matrix
nrows = 4
ncols = 4
Copy constructor of matrix
nrows = 4
ncols = 4
Copy constructor of matrix
nrows = 2
ncols = 2
Copy constructor of matrix
nrows = 4
ncols = 4
Copy constructor of matrix
nrows = 4
ncols = 4
#     - Average torsion <T>: [-1.006e-06 -8.937e-06; -8.938e-06 2.844e-06], det -8.274e-11
#     - Norm inverse twist: -2.382e+05
#     - max |Im K| after the step: 1.302e-15 (removed)
#     - Residual of the linearized equation: 1.964e-12 (physical)
#     - Lagrangian defect |L^T Omega L|: 1.121e-04
#     - Frame check |L^T Omega N + I| (should be 0): 2.041e-10
#     - Norm of the correction: 2.190e-08 (physical), 1.584e-03 (local)
# Newton stalled; best error 1.629e-10 (physical), not accepted (tol-floor 1.000e-11)
# Newton method does not converge; halving the continuation step
###########################################
# Continuation step 14 / 400
# We try to compute the torus for epsilon=-2.568e-02 (limit: -9.400e-02)
# Iteration 1 : 
Copy constructor of matrix
nrows = 4
ncols = 1
Copy constructor of matrix
nrows = 4
ncols = 1
#     - Size of the grid: 32 32 
#     - Tails of the parameterization: 3.696e-12 3.696e-12 
#     - Error of invariance: 8.142e-11 (max over grid, physical), 5.911e-06 (Fourier l1, local)
Copy constructor of matrix
nrows = 2
ncols = 2
Copy constructor of matrix
nrows = 4
ncols = 4
Copy constructor of matrix
nrows = 4
ncols = 4
Copy constructor of matrix
nrows = 2
ncols = 2
Copy constructor of matrix
nrows = 4
ncols = 4
Copy constructor of matrix
nrows = 4
ncols = 4
#     - Average torsion <T>: [-1.061e-06 -8.944e-06; -8.944e-06 2.512e-06], det -8.266e-11
#     - Norm inverse twist: -2.340e+05
#     - max |Im K| after the step: 2.045e-15 (removed)
#     - Residual of the linearized equation: 1.398e-12 (physical)
#     - Lagrangian defect |L^T Omega L|: 6.596e-05
#     - Frame check |L^T Omega N + I| (should be 0): 1.195e-10
#     - Norm of the correction: 2.527e-07 (physical), 1.828e-02 (local)
# Iteration 2 : 
Copy constructor of matrix
nrows = 4
ncols = 1
Copy constructor of matrix
nrows = 4
ncols = 1
#     - Size of the grid: 32 32 
#     - Tails of the parameterization: 0.000e+00 0.000e+00 
#     - Error of invariance: 5.174e-11 (max over grid, physical), 1.107e-05 (Fourier l1, local)
Copy constructor of matrix
nrows = 2
ncols = 2
Copy constructor of matrix
nrows = 4
ncols = 4
Copy constructor of matrix
nrows = 4
ncols = 4
Copy constructor of matrix
nrows = 2
ncols = 2
Copy constructor of matrix
nrows = 4
ncols = 4
Copy constructor of matrix
nrows = 4
ncols = 4
#     - Average torsion <T>: [-1.004e-06 -8.942e-06; -8.942e-06 2.854e-06], det -8.283e-11
#     - Norm inverse twist: -2.383e+05
#     - max |Im K| after the step: 2.084e-15 (removed)
#     - Residual of the linearized equation: 1.179e-12 (physical)
#     - Lagrangian defect |L^T Omega L|: 8.104e-05
#     - Frame check |L^T Omega N + I| (should be 0): 1.485e-10
#     - Norm of the correction: 5.536e-09 (physical), 4.004e-04 (local)
# Iteration 3 : 
Copy constructor of matrix
nrows = 4
ncols = 1
Copy constructor of matrix
nrows = 4
ncols = 1
#     - Size of the grid: 32 32 
#     - Tails of the parameterization: 0.000e+00 0.000e+00 
#     - Error of invariance: 3.805e-13 (max over grid, physical), 8.203e-07 (Fourier l1, local)
#     - No correction is needed!
-2.567786922725194e-02 32 32 -2.382639525078870e+05 8.530718035713630e-01 4.977221424003098e-01 3.804766995798819e-13
# Omega_loc: 1.229355219151519e-16 -1.125708771156027e-05 -9.999999999999999e-01 5.752388982176700e-05 1.125708771149881e-05 0.000000000000000e+00 -1.296591997597337e-06 -1.000000000000000e+00 9.999999999999998e-01 1.296591997628071e-06 0.000000000000000e+00 1.222420815134039e-04 -5.752388982152112e-05 1.000000000000000e+00 -1.222420815131580e-04 0.000000000000000e+00
# zcen: -1.000283108453906e+00 -1.895739935564197e-03 -9.254851424959373e-04 -1.007691058414761e+00
# zscale: 1.362372042836572e-05
# Continuation step 15 / 400
# We try to compute the torus for epsilon=-2.879934461210181e-02 (limit: -9.400000000000000e-02)
# Iteration 1 : 
Copy constructor of matrix
nrows = 4
ncols = 1
Copy constructor of matrix
nrows = 4
ncols = 1
#     - Size of the grid: 32 32 
#     - Tails of the parameterization: 4.003e-12 3.953e-12 
#     - Error of invariance: 1.072e-10 (max over grid, physical), 7.647e-06 (Fourier l1, local)
Copy constructor of matrix
nrows = 2
ncols = 2
Copy constructor of matrix
nrows = 4
ncols = 4
Copy constructor of matrix
nrows = 4
ncols = 4
Copy constructor of matrix
nrows = 2
ncols = 2
Copy constructor of matrix
nrows = 4
ncols = 4
Copy constructor of matrix
nrows = 4
ncols = 4
#     - Average torsion <T>: [-1.051e-06 -8.684e-06; -8.684e-06 2.313e-06], det -7.784e-11
#     - Norm inverse twist: -2.393e+05
#     - max |Im K| after the step: 1.106e-15 (removed)
#     - Residual of the linearized equation: 1.502e-12 (physical)
#     - Lagrangian defect |L^T Omega L|: 4.415e-05
#     - Frame check |L^T Omega N + I| (should be 0): 7.313e-11
#     - Norm of the correction: 3.400e-07 (physical), 2.496e-02 (local)
# Iteration 2 : 
Copy constructor of matrix
nrows = 4
ncols = 1
Copy constructor of matrix
nrows = 4
ncols = 1
#     - Size of the grid: 32 32 
#     - Tails of the parameterization: 0.000e+00 0.000e+00 
#     - Error of invariance: 9.376e-11 (max over grid, physical), 1.966e-05 (Fourier l1, local)
Copy constructor of matrix
nrows = 2
ncols = 2
Copy constructor of matrix
nrows = 4
ncols = 4
Copy constructor of matrix
nrows = 4
ncols = 4
Copy constructor of matrix
nrows = 2
ncols = 2
Copy constructor of matrix
nrows = 4
ncols = 4
Copy constructor of matrix
nrows = 4
ncols = 4
#     - Average torsion <T>: [-9.753e-07 -8.681e-06; -8.681e-06 2.768e-06], det -7.806e-11
#     - Norm inverse twist: -2.454e+05
#     - max |Im K| after the step: 1.369e-15 (removed)
#     - Residual of the linearized equation: 1.402e-12 (physical)
#     - Lagrangian defect |L^T Omega L|: 8.315e-05
#     - Frame check |L^T Omega N + I| (should be 0): 1.472e-10
#     - Norm of the correction: 1.010e-08 (physical), 7.412e-04 (local)
# Iteration 3 : 
Copy constructor of matrix
nrows = 4
ncols = 1
Copy constructor of matrix
nrows = 4
ncols = 1
#     - Size of the grid: 32 32 
#     - Tails of the parameterization: 0.000e+00 0.000e+00 
#     - Error of invariance: 3.814e-13 (max over grid, physical), 8.369e-07 (Fourier l1, local)
#     - No correction is needed!
-2.879934461210181e-02 32 32 -2.453887298934955e+05 8.482801268415511e-01 4.947915110503006e-01 3.814028522428751e-13
# Omega_loc: -1.280388624064624e-16 -1.080930875225335e-05 -9.999999999999998e-01 5.522560839905074e-05 1.080930875225335e-05 0.000000000000000e+00 -1.246633897664637e-06 -1.000000000000000e+00 9.999999999999999e-01 1.246633897696646e-06 0.000000000000000e+00 1.173680908183282e-04 -5.522560839930682e-05 1.000000000000001e+00 -1.173680908183282e-04 0.000000000000000e+00
# zcen: -1.000283108014129e+00 -1.895738997334941e-03 -9.254858470315181e-04 -1.007691061127356e+00
# zscale: 1.334933395256457e-05
# Continuation step 16 / 400
# We try to compute the torus for epsilon=-3.296131179190163e-02 (limit: -9.400000000000000e-02)
# Iteration 1 : 
Copy constructor of matrix
nrows = 4
ncols = 1
Copy constructor of matrix
nrows = 4
ncols = 1
#     - Size of the grid: 32 32 
#     - Tails of the parameterization: 3.760e-12 3.960e-12 
#     - Error of invariance: 1.399e-10 (max over grid, physical), 9.912e-06 (Fourier l1, local)
Copy constructor of matrix
nrows = 2
ncols = 2
Copy constructor of matrix
nrows = 4
ncols = 4
Copy constructor of matrix
nrows = 4
ncols = 4
Copy constructor of matrix
nrows = 2
ncols = 2
Copy constructor of matrix
nrows = 4
ncols = 4
Copy constructor of matrix
nrows = 4
ncols = 4
#     - Average torsion <T>: [-1.038e-06 -8.337e-06; -8.337e-06 2.047e-06], det -7.164e-11
#     - Norm inverse twist: -2.469e+05
#     - max |Im K| after the step: 1.507e-15 (removed)
#     - Residual of the linearized equation: 1.464e-12 (physical)
#     - Lagrangian defect |L^T Omega L|: 6.394e-05
#     - Frame check |L^T Omega N + I| (should be 0): 1.067e-10
#     - Norm of the correction: 4.587e-07 (physical), 3.436e-02 (local)
# Iteration 2 : 
Copy constructor of matrix
nrows = 4
ncols = 1
Copy constructor of matrix
nrows = 4
ncols = 1
#     - Size of the grid: 32 32 
#     - Tails of the parameterization: 0.000e+00 0.000e+00 
#     - Error of invariance: 1.710e-10 (max over grid, physical), 3.594e-05 (Fourier l1, local)
Copy constructor of matrix
nrows = 2
ncols = 2
Copy constructor of matrix
nrows = 4
ncols = 4
Copy constructor of matrix
nrows = 4
ncols = 4
Copy constructor of matrix
nrows = 2
ncols = 2
Copy constructor of matrix
nrows = 4
ncols = 4
Copy constructor of matrix
nrows = 4
ncols = 4
#     - Average torsion <T>: [-9.376e-07 -8.332e-06; -8.332e-06 2.651e-06], det -7.191e-11
#     - Norm inverse twist: -2.556e+05
#     - max |Im K| after the step: 1.255e-15 (removed)
#     - Residual of the linearized equation: 1.897e-12 (physical)
#     - Lagrangian defect |L^T Omega L|: 8.414e-05
#     - Frame check |L^T Omega N + I| (should be 0): 1.383e-10
#     - Norm of the correction: 1.912e-08 (physical), 1.433e-03 (local)
# Newton stalled; best error 1.399e-10 (physical), not accepted (tol-floor 1.000e-11)
# Newton method does not converge; halving the continuation step
###########################################
# Continuation step 17 / 400
# We try to compute the torus for epsilon=-3.088e-02 (limit: -9.400e-02)
# Iteration 1 : 
Copy constructor of matrix
nrows = 4
ncols = 1
Copy constructor of matrix
nrows = 4
ncols = 1
#     - Size of the grid: 32 32 
#     - Tails of the parameterization: 3.760e-12 3.960e-12 
#     - Error of invariance: 6.992e-11 (max over grid, physical), 5.370e-06 (Fourier l1, local)
Copy constructor of matrix
nrows = 2
ncols = 2
Copy constructor of matrix
nrows = 4
ncols = 4
Copy constructor of matrix
nrows = 4
ncols = 4
Copy constructor of matrix
nrows = 2
ncols = 2
Copy constructor of matrix
nrows = 4
ncols = 4
Copy constructor of matrix
nrows = 4
ncols = 4
#     - Average torsion <T>: [-9.864e-07 -8.337e-06; -8.337e-06 2.355e-06], det -7.183e-11
#     - Norm inverse twist: -2.512e+05
#     - max |Im K| after the step: 1.608e-15 (removed)
#     - Residual of the linearized equation: 1.245e-12 (physical)
#     - Lagrangian defect |L^T Omega L|: 6.394e-05
#     - Frame check |L^T Omega N + I| (should be 0): 1.067e-10
#     - Norm of the correction: 2.325e-07 (physical), 1.742e-02 (local)
# Iteration 2 : 
Copy constructor of matrix
nrows = 4
ncols = 1
Copy constructor of matrix
nrows = 4
ncols = 1
#     - Size of the grid: 32 32 
#     - Tails of the parameterization: 0.000e+00 0.000e+00 
#     - Error of invariance: 4.418e-11 (max over grid, physical), 9.799e-06 (Fourier l1, local)
Copy constructor of matrix
nrows = 2
ncols = 2
Copy constructor of matrix
nrows = 4
ncols = 4
Copy constructor of matrix
nrows = 4
ncols = 4
Copy constructor of matrix
nrows = 2
ncols = 2
Copy constructor of matrix
nrows = 4
ncols = 4
Copy constructor of matrix
nrows = 4
ncols = 4
#     - Average torsion <T>: [-9.354e-07 -8.336e-06; -8.336e-06 2.660e-06], det -7.197e-11
#     - Norm inverse twist: -2.556e+05
#     - max |Im K| after the step: 1.206e-15 (removed)
#     - Residual of the linearized equation: 1.342e-12 (physical)
#     - Lagrangian defect |L^T Omega L|: 5.856e-05
#     - Frame check |L^T Omega N + I| (should be 0): 9.683e-11
#     - Norm of the correction: 4.782e-09 (physical), 3.582e-04 (local)
# Iteration 3 : 
Copy constructor of matrix
nrows = 4
ncols = 1
Copy constructor of matrix
nrows = 4
ncols = 1
#     - Size of the grid: 32 32 
#     - Tails of the parameterization: 0.000e+00 0.000e+00 
#     - Error of invariance: 4.273e-13 (max over grid, physical), 8.520e-07 (Fourier l1, local)
#     - No correction is needed!
-3.088032820200172e-02 32 32 -2.555937925292072e+05 8.536305241748048e-01 4.978209259181727e-01 4.273460330438166e-13
# Omega_loc: 0.000000000000000e+00 -1.051016744358826e-05 -1.000000000000000e+00 5.369580760523713e-05 1.051016744358826e-05 0.000000000000000e+00 -1.212783784044743e-06 -1.000000000000000e+00 1.000000000000000e+00 1.212783784044743e-06 0.000000000000000e+00 1.141195749474289e-04 -5.369580760523713e-05 1.000000000000000e+00 -1.141195749475606e-04 1.053469923042019e-15
# zcen: -1.000283107720919e+00 -1.895738371784474e-03 -9.254863167510595e-04 -1.007691062935966e+00
# zscale: 1.316321008094194e-05
# Continuation step 18 / 400
# We try to compute the torus for epsilon=-3.365497298853494e-02 (limit: -9.400000000000000e-02)
# Iteration 1 : 
Copy constructor of matrix
nrows = 4
ncols = 1
Copy constructor of matrix
nrows = 4
ncols = 1
#     - Size of the grid: 32 32 
#     - Tails of the parameterization: 3.980e-12 3.868e-12 
#     - Error of invariance: 9.191e-11 (max over grid, physical), 6.897e-06 (Fourier l1, local)
Copy constructor of matrix
nrows = 2
ncols = 2
Copy constructor of matrix
nrows = 4
ncols = 4
Copy constructor of matrix
nrows = 4
ncols = 4
Copy constructor of matrix
nrows = 2
ncols = 2
Copy constructor of matrix
nrows = 4
ncols = 4
Copy constructor of matrix
nrows = 4
ncols = 4
#     - Average torsion <T>: [-9.775e-07 -8.106e-06; -8.106e-06 2.178e-06], det -6.784e-11
#     - Norm inverse twist: -2.567e+05
#     - max |Im K| after the step: 1.686e-15 (removed)
#     - Residual of the linearized equation: 1.601e-12 (physical)
#     - Lagrangian defect |L^T Omega L|: 5.060e-05
#     - Frame check |L^T Omega N + I| (should be 0): 8.082e-11
#     - Norm of the correction: 3.126e-07 (physical), 2.375e-02 (local)
# Iteration 2 : 
Copy constructor of matrix
nrows = 4
ncols = 1
Copy constructor of matrix
nrows = 4
ncols = 1
#     - Size of the grid: 32 32 
#     - Tails of the parameterization: 0.000e+00 0.000e+00 
#     - Error of invariance: 7.933e-11 (max over grid, physical), 1.738e-05 (Fourier l1, local)
Copy constructor of matrix
nrows = 2
ncols = 2
Copy constructor of matrix
nrows = 4
ncols = 4
Copy constructor of matrix
nrows = 4
ncols = 4
Copy constructor of matrix
nrows = 2
ncols = 2
Copy constructor of matrix
nrows = 4
ncols = 4
Copy constructor of matrix
nrows = 4
ncols = 4
#     - Average torsion <T>: [-9.099e-07 -8.104e-06; -8.104e-06 2.583e-06], det -6.802e-11
#     - Norm inverse twist: -2.629e+05
#     - max |Im K| after the step: 1.508e-15 (removed)
#     - Residual of the linearized equation: 1.423e-12 (physical)
#     - Lagrangian defect |L^T Omega L|: 6.561e-05
#     - Frame check |L^T Omega N + I| (should be 0): 1.060e-10
#     - Norm of the correction: 8.933e-09 (physical), 6.786e-04 (local)
# Iteration 3 : 
Copy constructor of matrix
nrows = 4
ncols = 1
Copy constructor of matrix
nrows = 4
ncols = 1
#     - Size of the grid: 32 32 
#     - Tails of the parameterization: 0.000e+00 0.000e+00 
#     - Error of invariance: 4.132e-13 (max over grid, physical), 8.445e-07 (Fourier l1, local)
#     - No correction is needed!
-3.365497298853494e-02 32 32 -2.628694404917397e+05 8.490899768090208e-01 4.950537539486624e-01 4.132136142074318e-13
# Omega_loc: 1.368790898223215e-16 -1.011108210542341e-05 -1.000000000000000e+00 5.165278464930836e-05 1.011108210542341e-05 0.000000000000000e+00 -1.166774609642698e-06 -1.000000000000000e+00 1.000000000000000e+00 1.166774609676917e-06 0.000000000000000e+00 1.097869790005203e-04 -5.165278464903460e-05 1.000000000000000e+00 -1.097869790005203e-04 0.000000000000000e+00
# zcen: -1.000283107329988e+00 -1.895737537753706e-03 -9.254869430165391e-04 -1.007691065347328e+00
# zscale: 1.291088025873288e-05
# Continuation step 19 / 400
# We try to compute the torus for epsilon=-3.735449937057923e-02 (limit: -9.400000000000000e-02)
# Iteration 1 : 
Copy constructor of matrix
nrows = 4
ncols = 1
Copy constructor of matrix
nrows = 4
ncols = 1
#     - Size of the grid: 32 32 
#     - Tails of the parameterization: 4.173e-12 3.997e-12 
#     - Error of invariance: 1.204e-10 (max over grid, physical), 8.886e-06 (Fourier l1, local)
Copy constructor of matrix
nrows = 2
ncols = 2
Copy constructor of matrix
nrows = 4
ncols = 4
Copy constructor of matrix
nrows = 4
ncols = 4
Copy constructor of matrix
nrows = 2
ncols = 2
Copy constructor of matrix
nrows = 4
ncols = 4
Copy constructor of matrix
nrows = 4
ncols = 4
#     - Average torsion <T>: [-9.657e-07 -7.798e-06; -7.798e-06 1.943e-06], det -6.269e-11
#     - Norm inverse twist: -2.644e+05
#     - max |Im K| after the step: 1.478e-15 (removed)
#     - Residual of the linearized equation: 1.370e-12 (physical)
#     - Lagrangian defect |L^T Omega L|: 6.589e-05
#     - Frame check |L^T Omega N + I| (should be 0): 1.030e-10
#     - Norm of the correction: 4.215e-07 (physical), 3.265e-02 (local)
# Iteration 2 : 
Copy constructor of matrix
nrows = 4
ncols = 1
Copy constructor of matrix
nrows = 4
ncols = 1
#     - Size of the grid: 32 32 
#     - Tails of the parameterization: 0.000e+00 0.000e+00 
#     - Error of invariance: 1.446e-10 (max over grid, physical), 3.150e-05 (Fourier l1, local)
Copy constructor of matrix
nrows = 2
ncols = 2
Copy constructor of matrix
nrows = 4
ncols = 4
Copy constructor of matrix
nrows = 4
ncols = 4
Copy constructor of matrix
nrows = 2
ncols = 2
Copy constructor of matrix
nrows = 4
ncols = 4
Copy constructor of matrix
nrows = 4
ncols = 4
#     - Average torsion <T>: [-8.764e-07 -7.793e-06; -7.794e-06 2.480e-06], det -6.292e-11
#     - Norm inverse twist: -2.732e+05
#     - max |Im K| after the step: 1.378e-15 (removed)
#     - Residual of the linearized equation: 1.867e-12 (physical)
#     - Lagrangian defect |L^T Omega L|: 7.659e-05
#     - Frame check |L^T Omega N + I| (should be 0): 1.167e-10
#     - Norm of the correction: 1.677e-08 (physical), 1.299e-03 (local)
# Newton stalled; best error 1.204e-10 (physical), not accepted (tol-floor 1.000e-11)
# Newton method does not converge; halving the continuation step
###########################################
# Continuation step 20 / 400
# We try to compute the torus for epsilon=-3.550e-02 (limit: -9.400e-02)
# Iteration 1 : 
Copy constructor of matrix
nrows = 4
ncols = 1
Copy constructor of matrix
nrows = 4
ncols = 1
#     - Size of the grid: 32 32 
#     - Tails of the parameterization: 4.173e-12 3.997e-12 
#     - Error of invariance: 6.025e-11 (max over grid, physical), 4.857e-06 (Fourier l1, local)
Copy constructor of matrix
nrows = 2
ncols = 2
Copy constructor of matrix
nrows = 4
ncols = 4
Copy constructor of matrix
nrows = 4
ncols = 4
Copy constructor of matrix
nrows = 2
ncols = 2
Copy constructor of matrix
nrows = 4
ncols = 4
Copy constructor of matrix
nrows = 4
ncols = 4
#     - Average torsion <T>: [-9.199e-07 -7.798e-06; -7.798e-06 2.216e-06], det -6.285e-11
#     - Norm inverse twist: -2.688e+05
#     - max |Im K| after the step: 1.412e-15 (removed)
#     - Residual of the linearized equation: 1.181e-12 (physical)
#     - Lagrangian defect |L^T Omega L|: 6.589e-05
#     - Frame check |L^T Omega N + I| (should be 0): 1.030e-10
#     - Norm of the correction: 2.135e-07 (physical), 1.654e-02 (local)
# Iteration 2 : 
Copy constructor of matrix
nrows = 4
ncols = 1
Copy constructor of matrix
nrows = 4
ncols = 1
#     - Size of the grid: 32 32 
#     - Tails of the parameterization: 0.000e+00 0.000e+00 
#     - Error of invariance: 3.717e-11 (max over grid, physical), 8.724e-06 (Fourier l1, local)
Copy constructor of matrix
nrows = 2
ncols = 2
Copy constructor of matrix
nrows = 4
ncols = 4
Copy constructor of matrix
nrows = 4
ncols = 4
Copy constructor of matrix
nrows = 2
ncols = 2
Copy constructor of matrix
nrows = 4
ncols = 4
Copy constructor of matrix
nrows = 4
ncols = 4
#     - Average torsion <T>: [-8.745e-07 -7.797e-06; -7.797e-06 2.487e-06], det -6.297e-11
#     - Norm inverse twist: -2.733e+05
#     - max |Im K| after the step: 1.313e-15 (removed)
#     - Residual of the linearized equation: 1.237e-12 (physical)
#     - Lagrangian defect |L^T Omega L|: 5.464e-05
#     - Frame check |L^T Omega N + I| (should be 0): 8.357e-11
#     - Norm of the correction: 4.236e-09 (physical), 3.281e-04 (local)
# Iteration 3 : 
Copy constructor of matrix
nrows = 4
ncols = 1
Copy constructor of matrix
nrows = 4
ncols = 1
#     - Size of the grid: 32 32 
#     - Tails of the parameterization: 0.000e+00 0.000e+00 
#     - Error of invariance: 3.629e-13 (max over grid, physical), 8.773e-07 (Fourier l1, local)
#     - No correction is needed!
-3.550473617955709e-02 32 32 -2.732588603943105e+05 8.542058261998827e-01 4.979549164103593e-01 3.629114561118482e-13
# Omega_loc: 0.000000000000000e+00 -9.844823661774030e-06 -1.000000000000000e+00 5.029257521820222e-05 9.844823661844319e-06 0.000000000000000e+00 -1.136317004452650e-06 -1.000000000000000e+00 1.000000000000000e+00 1.136317004470222e-06 0.000000000000000e+00 1.068999439630111e-04 -5.029257521848338e-05 9.999999999999999e-01 -1.068999439628706e-04 0.000000000000000e+00
# zcen: -1.000283107069369e+00 -1.895736981730278e-03 -9.254873605214909e-04 -1.007691066954926e+00
# zscale: 1.273988451542141e-05
# Continuation step 21 / 400
# We try to compute the torus for epsilon=-3.797108710091995e-02 (limit: -9.400000000000000e-02)
# Iteration 1 : 
Copy constructor of matrix
nrows = 4
ncols = 1
Copy constructor of matrix
nrows = 4
ncols = 1
#     - Size of the grid: 32 32 
#     - Tails of the parameterization: 3.880e-12 4.098e-12 
#     - Error of invariance: 7.943e-11 (max over grid, physical), 6.244e-06 (Fourier l1, local)
Copy constructor of matrix
nrows = 2
ncols = 2
Copy constructor of matrix
nrows = 4
ncols = 4
Copy constructor of matrix
nrows = 4
ncols = 4
Copy constructor of matrix
nrows = 2
ncols = 2
Copy constructor of matrix
nrows = 4
ncols = 4
Copy constructor of matrix
nrows = 4
ncols = 4
#     - Average torsion <T>: [-9.120e-07 -7.593e-06; -7.593e-06 2.059e-06], det -5.953e-11
#     - Norm inverse twist: -2.744e+05
#     - max |Im K| after the step: 1.527e-15 (removed)
#     - Residual of the linearized equation: 1.492e-12 (physical)
#     - Lagrangian defect |L^T Omega L|: 5.056e-05
#     - Frame check |L^T Omega N + I| (should be 0): 7.510e-11
#     - Norm of the correction: 2.870e-07 (physical), 2.253e-02 (local)
# Iteration 2 : 
Copy constructor of matrix
nrows = 4
ncols = 1
Copy constructor of matrix
nrows = 4
ncols = 1
#     - Size of the grid: 32 32 
#     - Tails of the parameterization: 0.000e+00 0.000e+00 
#     - Error of invariance: 6.706e-11 (max over grid, physical), 1.527e-05 (Fourier l1, local)
Copy constructor of matrix
nrows = 2
ncols = 2
Copy constructor of matrix
nrows = 4
ncols = 4
Copy constructor of matrix
nrows = 4
ncols = 4
Copy constructor of matrix
nrows = 2
ncols = 2
Copy constructor of matrix
nrows = 4
ncols = 4
Copy constructor of matrix
nrows = 4
ncols = 4
#     - Average torsion <T>: [-8.519e-07 -7.591e-06; -7.591e-06 2.419e-06], det -5.968e-11
#     - Norm inverse twist: -2.806e+05
#     - max |Im K| after the step: 1.503e-15 (removed)
#     - Residual of the linearized equation: 1.295e-12 (physical)
#     - Lagrangian defect |L^T Omega L|: 7.166e-05
#     - Frame check |L^T Omega N + I| (should be 0): 1.078e-10
#     - Norm of the correction: 7.728e-09 (physical), 6.066e-04 (local)
# Iteration 3 : 
Copy constructor of matrix
nrows = 4
ncols = 1
Copy constructor of matrix
nrows = 4
ncols = 1
#     - Size of the grid: 32 32 
#     - Tails of the parameterization: 0.000e+00 0.000e+00 
#     - Error of invariance: 3.527e-13 (max over grid, physical), 8.945e-07 (Fourier l1, local)
#     - No correction is needed!
-3.797108710091995e-02 32 32 -2.806410339795650e+05 8.499207004903704e-01 4.953483782904314e-01 3.526746766237757e-13
# Omega_loc: 1.458286172121207e-16 -9.491289933774357e-06 -1.000000000000000e+00 4.847739506148789e-05 9.491289933701443e-06 0.000000000000000e+00 -1.097019651247618e-06 -1.000000000000000e+00 1.000000000000000e+00 1.097019651265846e-06 0.000000000000000e+00 1.030492664465363e-04 -4.847739506148789e-05 1.000000000000000e+00 -1.030492664465363e-04 0.000000000000000e+00
# zcen: -1.000283106721909e+00 -1.895736240443433e-03 -9.254879171503789e-04 -1.007691069098136e+00
# zscale: 1.250828052346075e-05
# Continuation step 22 / 400
# We try to compute the torus for epsilon=-4.125955499607042e-02 (limit: -9.400000000000000e-02)
# Iteration 1 : 
Copy constructor of matrix
nrows = 4
ncols = 1
Copy constructor of matrix
nrows = 4
ncols = 1
#     - Size of the grid: 32 32 
#     - Tails of the parameterization: 4.266e-12 4.331e-12 
#     - Error of invariance: 1.035e-10 (max over grid, physical), 8.049e-06 (Fourier l1, local)
Copy constructor of matrix
nrows = 2
ncols = 2
Copy constructor of matrix
nrows = 4
ncols = 4
Copy constructor of matrix
nrows = 4
ncols = 4
Copy constructor of matrix
nrows = 2
ncols = 2
Copy constructor of matrix
nrows = 4
ncols = 4
Copy constructor of matrix
nrows = 4
ncols = 4
#     - Average torsion <T>: [-9.016e-07 -7.319e-06; -7.319e-06 1.849e-06], det -5.524e-11
#     - Norm inverse twist: -2.822e+05
#     - max |Im K| after the step: 1.452e-15 (removed)
#     - Residual of the linearized equation: 1.533e-12 (physical)
#     - Lagrangian defect |L^T Omega L|: 6.651e-05
#     - Frame check |L^T Omega N + I| (should be 0): 9.563e-11
#     - Norm of the correction: 3.869e-07 (physical), 3.093e-02 (local)
# Iteration 2 : 
Copy constructor of matrix
nrows = 4
ncols = 1
Copy constructor of matrix
nrows = 4
ncols = 1
#     - Size of the grid: 32 32 
#     - Tails of the parameterization: 0.000e+00 0.000e+00 
#     - Error of invariance: 1.220e-10 (max over grid, physical), 2.754e-05 (Fourier l1, local)
Copy constructor of matrix
nrows = 2
ncols = 2
Copy constructor of matrix
nrows = 4
ncols = 4
Copy constructor of matrix
nrows = 4
ncols = 4
Copy constructor of matrix
nrows = 2
ncols = 2
Copy constructor of matrix
nrows = 4
ncols = 4
Copy constructor of matrix
nrows = 4
ncols = 4
#     - Average torsion <T>: [-8.221e-07 -7.315e-06; -7.316e-06 2.327e-06], det -5.543e-11
#     - Norm inverse twist: -2.911e+05
#     - max |Im K| after the step: 1.250e-15 (removed)
#     - Residual of the linearized equation: 1.492e-12 (physical)
#     - Lagrangian defect |L^T Omega L|: 9.377e-05
#     - Frame check |L^T Omega N + I| (should be 0): 1.396e-10
#     - Norm of the correction: 1.462e-08 (physical), 1.168e-03 (local)
# Newton stalled; best error 1.035e-10 (physical), not accepted (tol-floor 1.000e-11)
# Newton method does not converge; halving the continuation step
###########################################
# Continuation step 23 / 400
# We try to compute the torus for epsilon=-3.962e-02 (limit: -9.400e-02)
# Iteration 1 : 
Copy constructor of matrix
nrows = 4
ncols = 1
Copy constructor of matrix
nrows = 4
ncols = 1
#     - Size of the grid: 32 32 
#     - Tails of the parameterization: 4.266e-12 4.331e-12 
#     - Error of invariance: 5.175e-11 (max over grid, physical), 4.472e-06 (Fourier l1, local)
Copy constructor of matrix
nrows = 2
ncols = 2
Copy constructor of matrix
nrows = 4
ncols = 4
Copy constructor of matrix
nrows = 4
ncols = 4
Copy constructor of matrix
nrows = 2
ncols = 2
Copy constructor of matrix
nrows = 4
ncols = 4
Copy constructor of matrix
nrows = 4
ncols = 4
#     - Average torsion <T>: [-8.608e-07 -7.319e-06; -7.319e-06 2.093e-06], det -5.537e-11
#     - Norm inverse twist: -2.866e+05
#     - max |Im K| after the step: 1.562e-15 (removed)
#     - Residual of the linearized equation: 1.362e-12 (physical)
#     - Lagrangian defect |L^T Omega L|: 6.651e-05
#     - Frame check |L^T Omega N + I| (should be 0): 9.563e-11
#     - Norm of the correction: 1.958e-07 (physical), 1.566e-02 (local)
# Iteration 2 : 
Copy constructor of matrix
nrows = 4
ncols = 1
Copy constructor of matrix
nrows = 4
ncols = 1
#     - Size of the grid: 32 32 
#     - Tails of the parameterization: 0.000e+00 0.000e+00 
#     - Error of invariance: 3.131e-11 (max over grid, physical), 7.719e-06 (Fourier l1, local)
Copy constructor of matrix
nrows = 2
ncols = 2
Copy constructor of matrix
nrows = 4
ncols = 4
Copy constructor of matrix
nrows = 4
ncols = 4
Copy constructor of matrix
nrows = 2
ncols = 2
Copy constructor of matrix
nrows = 4
ncols = 4
Copy constructor of matrix
nrows = 4
ncols = 4
#     - Average torsion <T>: [-8.205e-07 -7.318e-06; -7.318e-06 2.334e-06], det -5.547e-11
#     - Norm inverse twist: -2.911e+05
#     - max |Im K| after the step: 1.305e-15 (removed)
#     - Residual of the linearized equation: 1.163e-12 (physical)
#     - Lagrangian defect |L^T Omega L|: 7.514e-05
#     - Frame check |L^T Omega N + I| (should be 0): 1.121e-10
#     - Norm of the correction: 3.664e-09 (physical), 2.929e-04 (local)
# Iteration 3 : 
Copy constructor of matrix
nrows = 4
ncols = 1
Copy constructor of matrix
nrows = 4
ncols = 1
#     - Size of the grid: 32 32 
#     - Tails of the parameterization: 0.000e+00 0.000e+00 
#     - Error of invariance: 3.337e-13 (max over grid, physical), 9.254e-07 (Fourier l1, local)
#     - No correction is needed!
-3.961532104849519e-02 32 32 -2.911426913401592e+05 8.547892149639081e-01 4.981147061660230e-01 3.337038270847091e-13
# Omega_loc: -7.477741317905629e-17 -9.254513885253572e-06 -1.000000000000000e+00 4.726737663547904e-05 9.254513885178795e-06 0.000000000000000e+00 -1.070395007425745e-06 -9.999999999999991e-01 1.000000000000000e+00 1.070395007444439e-06 0.000000000000000e+00 1.004812454838449e-04 -4.726737663547904e-05 9.999999999999991e-01 -1.004812454836954e-04 0.000000000000000e+00
# zcen: -1.000283106490206e+00 -1.895735746101855e-03 -9.254882883222924e-04 -1.007691070527420e+00
# zscale: 1.235141491719386e-05
# Continuation step 24 / 400
# We try to compute the torus for epsilon=-4.180763297859551e-02 (limit: -9.400000000000000e-02)
# Iteration 1 : 
Copy constructor of matrix
nrows = 4
ncols = 1
Copy constructor of matrix
nrows = 4
ncols = 1
#     - Size of the grid: 32 32 
#     - Tails of the parameterization: 4.318e-12 4.066e-12 
#     - Error of invariance: 6.834e-11 (max over grid, physical), 5.685e-06 (Fourier l1, local)
Copy constructor of matrix
nrows = 2
ncols = 2
Copy constructor of matrix
nrows = 4
ncols = 4
Copy constructor of matrix
nrows = 4
ncols = 4
Copy constructor of matrix
nrows = 2
ncols = 2
Copy constructor of matrix
nrows = 4
ncols = 4
Copy constructor of matrix
nrows = 4
ncols = 4
#     - Average torsion <T>: [-8.539e-07 -7.137e-06; -7.137e-06 1.953e-06], det -5.260e-11
#     - Norm inverse twist: -2.923e+05
#     - max |Im K| after the step: 1.528e-15 (removed)
#     - Residual of the linearized equation: 1.488e-12 (physical)
#     - Lagrangian defect |L^T Omega L|: 8.521e-05
#     - Frame check |L^T Omega N + I| (should be 0): 1.243e-10
#     - Norm of the correction: 2.630e-07 (physical), 2.130e-02 (local)
# Iteration 2 : 
Copy constructor of matrix
nrows = 4
ncols = 1
Copy constructor of matrix
nrows = 4
ncols = 1
#     - Size of the grid: 32 32 
#     - Tails of the parameterization: 0.000e+00 0.000e+00 
#     - Error of invariance: 5.643e-11 (max over grid, physical), 1.333e-05 (Fourier l1, local)
Copy constructor of matrix
nrows = 2
ncols = 2
Copy constructor of matrix
nrows = 4
ncols = 4
Copy constructor of matrix
nrows = 4
ncols = 4
Copy constructor of matrix
nrows = 2
ncols = 2
Copy constructor of matrix
nrows = 4
ncols = 4
Copy constructor of matrix
nrows = 4
ncols = 4
#     - Average torsion <T>: [-8.004e-07 -7.135e-06; -7.135e-06 2.273e-06], det -5.272e-11
#     - Norm inverse twist: -2.986e+05
#     - max |Im K| after the step: 1.277e-15 (removed)
#     - Residual of the linearized equation: 1.447e-12 (physical)
#     - Lagrangian defect |L^T Omega L|: 6.038e-05
#     - Frame check |L^T Omega N + I| (should be 0): 8.570e-11
#     - Norm of the correction: 6.690e-09 (physical), 5.416e-04 (local)
# Iteration 3 : 
Copy constructor of matrix
nrows = 4
ncols = 1
Copy constructor of matrix
nrows = 4
ncols = 1
#     - Size of the grid: 32 32 
#     - Tails of the parameterization: 0.000e+00 0.000e+00 
#     - Error of invariance: 3.522e-13 (max over grid, physical), 8.941e-07 (Fourier l1, local)
#     - No correction is needed!
-4.180763297859551e-02 32 32 -2.985822909869016e+05 8.507596400142770e-01 4.956680138967920e-01 3.522051697687130e-13
# Omega_loc: 7.741411539226557e-17 -8.940461379056499e-06 -1.000000000000001e+00 4.565105032796378e-05 8.940461379133912e-06 0.000000000000000e+00 -1.035445487174878e-06 -1.000000000000000e+00 1.000000000000000e+00 1.035445487097464e-06 0.000000000000000e+00 9.705759556789503e-05 -4.565105032765413e-05 1.000000000000000e+00 -9.705759556804985e-05 0.000000000000000e+00
# zcen: -1.000283106181352e+00 -1.895735087180546e-03 -9.254887831024435e-04 -1.007691072432486e+00
# zscale: 1.213917300851174e-05
# Continuation step 25 / 400
# We try to compute the torus for epsilon=-4.473071555206260e-02 (limit: -9.400000000000000e-02)
# Iteration 1 : 
Copy constructor of matrix
nrows = 4
ncols = 1
Copy constructor of matrix
nrows = 4
ncols = 1
#     - Size of the grid: 32 32 
#     - Tails of the parameterization: 4.168e-12 4.318e-12 
#     - Error of invariance: 8.934e-11 (max over grid, physical), 7.232e-06 (Fourier l1, local)
Copy constructor of matrix
nrows = 2
ncols = 2
Copy constructor of matrix
nrows = 4
ncols = 4
Copy constructor of matrix
nrows = 4
ncols = 4
Copy constructor of matrix
nrows = 2
ncols = 2
Copy constructor of matrix
nrows = 4
ncols = 4
Copy constructor of matrix
nrows = 4
ncols = 4
#     - Average torsion <T>: [-8.446e-07 -6.893e-06; -6.893e-06 1.767e-06], det -4.901e-11
#     - Norm inverse twist: -3.001e+05
#     - max |Im K| after the step: 1.476e-15 (removed)
#     - Residual of the linearized equation: 1.353e-12 (physical)
#     - Lagrangian defect |L^T Omega L|: 6.518e-05
#     - Frame check |L^T Omega N + I| (should be 0): 8.904e-11
#     - Norm of the correction: 3.545e-07 (physical), 2.920e-02 (local)
# Iteration 2 : 
Copy constructor of matrix
nrows = 4
ncols = 1
Copy constructor of matrix
nrows = 4
ncols = 1
#     - Size of the grid: 32 32 
#     - Tails of the parameterization: 0.000e+00 0.000e+00 
#     - Error of invariance: 1.025e-10 (max over grid, physical), 2.398e-05 (Fourier l1, local)
Copy constructor of matrix
nrows = 2
ncols = 2
Copy constructor of matrix
nrows = 4
ncols = 4
Copy constructor of matrix
nrows = 4
ncols = 4
Copy constructor of matrix
nrows = 2
ncols = 2
Copy constructor of matrix
nrows = 4
ncols = 4
Copy constructor of matrix
nrows = 4
ncols = 4
#     - Average torsion <T>: [-7.738e-07 -6.890e-06; -6.890e-06 2.192e-06], det -4.917e-11
#     - Norm inverse twist: -3.091e+05
#     - max |Im K| after the step: 1.395e-15 (removed)
#     - Residual of the linearized equation: 1.465e-12 (physical)
#     - Lagrangian defect |L^T Omega L|: 9.004e-05
#     - Frame check |L^T Omega N + I| (should be 0): 1.256e-10
#     - Norm of the correction: 1.260e-08 (physical), 1.038e-03 (local)
# Newton stalled; best error 8.934e-11 (physical), not accepted (tol-floor 1.000e-11)
# Newton method does not converge; halving the continuation step
###########################################
# Continuation step 26 / 400
# We try to compute the torus for epsilon=-4.327e-02 (limit: -9.400e-02)
# Iteration 1 : 
Copy constructor of matrix
nrows = 4
ncols = 1
Copy constructor of matrix
nrows = 4
ncols = 1
#     - Size of the grid: 32 32 
#     - Tails of the parameterization: 4.168e-12 4.318e-12 
#     - Error of invariance: 4.469e-11 (max over grid, physical), 4.061e-06 (Fourier l1, local)
Copy constructor of matrix
nrows = 2
ncols = 2
Copy constructor of matrix
nrows = 4
ncols = 4
Copy constructor of matrix
nrows = 4
ncols = 4
Copy constructor of matrix
nrows = 2
ncols = 2
Copy constructor of matrix
nrows = 4
ncols = 4
Copy constructor of matrix
nrows = 4
ncols = 4
#     - Average torsion <T>: [-8.084e-07 -6.893e-06; -6.893e-06 1.983e-06], det -4.912e-11
#     - Norm inverse twist: -3.046e+05
#     - max |Im K| after the step: 1.521e-15 (removed)
#     - Residual of the linearized equation: 1.216e-12 (physical)
#     - Lagrangian defect |L^T Omega L|: 6.518e-05
#     - Frame check |L^T Omega N + I| (should be 0): 8.904e-11
#     - Norm of the correction: 1.793e-07 (physical), 1.477e-02 (local)
# Iteration 2 : 
Copy constructor of matrix
nrows = 4
ncols = 1
Copy constructor of matrix
nrows = 4
ncols = 1
#     - Size of the grid: 32 32 
#     - Tails of the parameterization: 0.000e+00 0.000e+00 
#     - Error of invariance: 2.618e-11 (max over grid, physical), 6.817e-06 (Fourier l1, local)
Copy constructor of matrix
nrows = 2
ncols = 2
Copy constructor of matrix
nrows = 4
ncols = 4
Copy constructor of matrix
nrows = 4
ncols = 4
Copy constructor of matrix
nrows = 2
ncols = 2
Copy constructor of matrix
nrows = 4
ncols = 4
Copy constructor of matrix
nrows = 4
ncols = 4
#     - Average torsion <T>: [-7.725e-07 -6.892e-06; -6.892e-06 2.197e-06], det -4.920e-11
#     - Norm inverse twist: -3.091e+05
#     - max |Im K| after the step: 1.759e-15 (removed)
#     - Residual of the linearized equation: 1.327e-12 (physical)
#     - Lagrangian defect |L^T Omega L|: 7.499e-05
#     - Frame check |L^T Omega N + I| (should be 0): 1.046e-10
#     - Norm of the correction: 3.089e-09 (physical), 2.545e-04 (local)
# Iteration 3 : 
Copy constructor of matrix
nrows = 4
ncols = 1
Copy constructor of matrix
nrows = 4
ncols = 1
#     - Size of the grid: 32 32 
#     - Tails of the parameterization: 0.000e+00 0.000e+00 
#     - Error of invariance: 3.669e-13 (max over grid, physical), 9.524e-07 (Fourier l1, local)
#     - No correction is needed!
-4.326917426532905e-02 32 32 -3.091277620878236e+05 8.553841086244871e-01 4.982984958350785e-01 3.669074782572539e-13
# Omega_loc: 7.927788726878414e-17 -8.729671568505894e-06 -9.999999999999999e-01 4.457771430152105e-05 8.729671568505894e-06 0.000000000000000e+00 -1.011107116795073e-06 -9.999999999999996e-01 1.000000000000000e+00 1.011107116795073e-06 0.000000000000000e+00 9.477719493050813e-05 -4.457771430183817e-05 9.999999999999996e-01 -9.477719493034956e-05 0.000000000000000e+00
# zcen: -1.000283105975443e+00 -1.895734647869005e-03 -9.254891129522577e-04 -1.007691073702663e+00
# zscale: 1.199558162790095e-05
# Continuation step 27 / 400
# We try to compute the torus for epsilon=-4.521789598097378e-02 (limit: -9.400000000000000e-02)
# Iteration 1 : 
Copy constructor of matrix
nrows = 4
ncols = 1
Copy constructor of matrix
nrows = 4
ncols = 1
#     - Size of the grid: 32 32 
#     - Tails of the parameterization: 4.317e-12 4.359e-12 
#     - Error of invariance: 5.892e-11 (max over grid, physical), 5.184e-06 (Fourier l1, local)
Copy constructor of matrix
nrows = 2
ncols = 2
Copy constructor of matrix
nrows = 4
ncols = 4
Copy constructor of matrix
nrows = 4
ncols = 4
Copy constructor of matrix
nrows = 2
ncols = 2
Copy constructor of matrix
nrows = 4
ncols = 4
Copy constructor of matrix
nrows = 4
ncols = 4
#     - Average torsion <T>: [-8.022e-07 -6.731e-06; -6.731e-06 1.859e-06], det -4.680e-11
#     - Norm inverse twist: -3.102e+05
#     - max |Im K| after the step: 1.152e-15 (removed)
#     - Residual of the linearized equation: 1.522e-12 (physical)
#     - Lagrangian defect |L^T Omega L|: 5.319e-05
#     - Frame check |L^T Omega N + I| (should be 0): 6.903e-11
#     - Norm of the correction: 2.409e-07 (physical), 2.008e-02 (local)
# Iteration 2 : 
Copy constructor of matrix
nrows = 4
ncols = 1
Copy constructor of matrix
nrows = 4
ncols = 1
#     - Size of the grid: 32 32 
#     - Tails of the parameterization: 0.000e+00 0.000e+00 
#     - Error of invariance: 4.730e-11 (max over grid, physical), 1.170e-05 (Fourier l1, local)
Copy constructor of matrix
nrows = 2
ncols = 2
Copy constructor of matrix
nrows = 4
ncols = 4
Copy constructor of matrix
nrows = 4
ncols = 4
Copy constructor of matrix
nrows = 2
ncols = 2
Copy constructor of matrix
nrows = 4
ncols = 4
Copy constructor of matrix
nrows = 4
ncols = 4
#     - Average torsion <T>: [-7.546e-07 -6.729e-06; -6.730e-06 2.144e-06], det -4.690e-11
#     - Norm inverse twist: -3.166e+05
#     - max |Im K| after the step: 1.301e-15 (removed)
#     - Residual of the linearized equation: 1.380e-12 (physical)
#     - Lagrangian defect |L^T Omega L|: 7.218e-05
#     - Frame check |L^T Omega N + I| (should be 0): 9.656e-11
#     - Norm of the correction: 5.795e-09 (physical), 4.831e-04 (local)
# Iteration 3 : 
Copy constructor of matrix
nrows = 4
ncols = 1
Copy constructor of matrix
nrows = 4
ncols = 1
#     - Size of the grid: 32 32 
#     - Tails of the parameterization: 0.000e+00 0.000e+00 
#     - Error of invariance: 3.740e-13 (max over grid, physical), 9.149e-07 (Fourier l1, local)
#     - No correction is needed!
-4.521789598097378e-02 32 32 -3.165721200876292e+05 8.515929927367677e-01 4.960100646103934e-01 3.740202628551770e-13
# Omega_loc: -8.190828691948739e-17 -8.448916192996774e-06 -1.000000000000000e+00 4.314599497090938e-05 8.448916193078682e-06 0.000000000000000e+00 -9.792319780270575e-07 -9.999999999999990e-01 1.000000000000000e+00 9.792319780884885e-07 0.000000000000000e+00 9.173229063514774e-05 -4.314599497090938e-05 9.999999999999993e-01 -9.173229063531155e-05 0.000000000000000e+00
# zcen: -1.000283105700796e+00 -1.895734061893382e-03 -9.254895529043445e-04 -1.007691075396911e+00
# zscale: 1.180133060280858e-05
# Continuation step 28 / 400
# We try to compute the torus for epsilon=-4.781619160183342e-02 (limit: -9.400000000000000e-02)
# Iteration 1 : 
Copy constructor of matrix
nrows = 4
ncols = 1
Copy constructor of matrix
nrows = 4
ncols = 1
#     - Size of the grid: 32 32 
#     - Tails of the parameterization: 4.502e-12 4.482e-12 
#     - Error of invariance: 7.720e-11 (max over grid, physical), 6.575e-06 (Fourier l1, local)
Copy constructor of matrix
nrows = 2
ncols = 2
Copy constructor of matrix
nrows = 4
ncols = 4
Copy constructor of matrix
nrows = 4
ncols = 4
Copy constructor of matrix
nrows = 2
ncols = 2
Copy constructor of matrix
nrows = 4
ncols = 4
Copy constructor of matrix
nrows = 4
ncols = 4
#     - Average torsion <T>: [-7.940e-07 -6.515e-06; -6.515e-06 1.694e-06], det -4.378e-11
#     - Norm inverse twist: -3.181e+05
#     - max |Im K| after the step: 1.612e-15 (removed)
#     - Residual of the linearized equation: 1.549e-12 (physical)
#     - Lagrangian defect |L^T Omega L|: 6.908e-05
#     - Frame check |L^T Omega N + I| (should be 0): 8.737e-11
#     - Norm of the correction: 3.241e-07 (physical), 2.746e-02 (local)
# Iteration 2 : 
Copy constructor of matrix
nrows = 4
ncols = 1
Copy constructor of matrix
nrows = 4
ncols = 1
#     - Size of the grid: 32 32 
#     - Tails of the parameterization: 0.000e+00 0.000e+00 
#     - Error of invariance: 8.562e-11 (max over grid, physical), 2.076e-05 (Fourier l1, local)
Copy constructor of matrix
nrows = 2
ncols = 2
Copy constructor of matrix
nrows = 4
ncols = 4
Copy constructor of matrix
nrows = 4
ncols = 4
Copy constructor of matrix
nrows = 2
ncols = 2
Copy constructor of matrix
nrows = 4
ncols = 4
Copy constructor of matrix
nrows = 4
ncols = 4
#     - Average torsion <T>: [-7.309e-07 -6.512e-06; -6.512e-06 2.072e-06], det -4.392e-11
#     - Norm inverse twist: -3.271e+05
#     - max |Im K| after the step: 1.185e-15 (removed)
#     - Residual of the linearized equation: 1.361e-12 (physical)
#     - Lagrangian defect |L^T Omega L|: 7.774e-05
#     - Frame check |L^T Omega N + I| (should be 0): 1.006e-10
#     - Norm of the correction: 1.084e-08 (physical), 9.182e-04 (local)
# Newton stalled; best error 7.720e-11 (physical), not accepted (tol-floor 1.000e-11)
# Newton method does not converge; halving the continuation step
###########################################
# Continuation step 29 / 400
# We try to compute the torus for epsilon=-4.652e-02 (limit: -9.400e-02)
# Iteration 1 : 
Copy constructor of matrix
nrows = 4
ncols = 1
Copy constructor of matrix
nrows = 4
ncols = 1
#     - Size of the grid: 32 32 
#     - Tails of the parameterization: 4.502e-12 4.482e-12 
#     - Error of invariance: 3.862e-11 (max over grid, physical), 3.756e-06 (Fourier l1, local)
Copy constructor of matrix
nrows = 2
ncols = 2
Copy constructor of matrix
nrows = 4
ncols = 4
Copy constructor of matrix
nrows = 4
ncols = 4
Copy constructor of matrix
nrows = 2
ncols = 2
Copy constructor of matrix
nrows = 4
ncols = 4
Copy constructor of matrix
nrows = 4
ncols = 4
#     - Average torsion <T>: [-7.618e-07 -6.515e-06; -6.515e-06 1.886e-06], det -4.388e-11
#     - Norm inverse twist: -3.226e+05
#     - max |Im K| after the step: 1.137e-15 (removed)
#     - Residual of the linearized equation: 1.425e-12 (physical)
#     - Lagrangian defect |L^T Omega L|: 6.908e-05
#     - Frame check |L^T Omega N + I| (should be 0): 8.737e-11
#     - Norm of the correction: 1.638e-07 (physical), 1.388e-02 (local)
# Iteration 2 : 
Copy constructor of matrix
nrows = 4
ncols = 1
Copy constructor of matrix
nrows = 4
ncols = 1
#     - Size of the grid: 32 32 
#     - Tails of the parameterization: 0.000e+00 0.000e+00 
#     - Error of invariance: 2.191e-11 (max over grid, physical), 5.962e-06 (Fourier l1, local)
Copy constructor of matrix
nrows = 2
ncols = 2
Copy constructor of matrix
nrows = 4
ncols = 4
Copy constructor of matrix
nrows = 4
ncols = 4
Copy constructor of matrix
nrows = 2
ncols = 2
Copy constructor of matrix
nrows = 4
ncols = 4
Copy constructor of matrix
nrows = 4
ncols = 4
#     - Average torsion <T>: [-7.299e-07 -6.514e-06; -6.514e-06 2.076e-06], det -4.394e-11
#     - Norm inverse twist: -3.271e+05
#     - max |Im K| after the step: 2.121e-15 (removed)
#     - Residual of the linearized equation: 1.071e-12 (physical)
#     - Lagrangian defect |L^T Omega L|: 6.492e-05
#     - Frame check |L^T Omega N + I| (should be 0): 8.403e-11
#     - Norm of the correction: 2.717e-09 (physical), 2.302e-04 (local)
# Iteration 3 : 
Copy constructor of matrix
nrows = 4
ncols = 1
Copy constructor of matrix
nrows = 4
ncols = 1
#     - Size of the grid: 32 32 
#     - Tails of the parameterization: 0.000e+00 0.000e+00 
#     - Error of invariance: 3.160e-13 (max over grid, physical), 9.211e-07 (Fourier l1, local)
#     - No correction is needed!
-4.651704379140360e-02 32 32 -3.270893672484333e+05 8.559766759850206e-01 4.985034311065890e-01 3.160219143855435e-13
# Omega_loc: 0.000000000000000e+00 -8.262242057186794e-06 -1.000000000000000e+00 4.218999187395809e-05 8.262242057186794e-06 0.000000000000000e+00 -9.571536803411857e-07 -1.000000000000000e+00 1.000000000000000e+00 9.571536802993057e-07 0.000000000000000e+00 8.970459494535579e-05 -4.218999187362305e-05 1.000000000000000e+00 -8.970459494543955e-05 0.000000000000000e+00
# zcen: -1.000283105517786e+00 -1.895733671447764e-03 -9.254898460761133e-04 -1.007691076525778e+00
# zscale: 1.167010365601472e-05
# Continuation step 30 / 400
# We try to compute the torus for epsilon=-4.824924087197670e-02 (limit: -9.400000000000000e-02)
# Iteration 1 : 
Copy constructor of matrix
nrows = 4
ncols = 1
Copy constructor of matrix
nrows = 4
ncols = 1
#     - Size of the grid: 32 32 
#     - Tails of the parameterization: 4.267e-12 4.141e-12 
#     - Error of invariance: 5.118e-11 (max over grid, physical), 4.673e-06 (Fourier l1, local)
Copy constructor of matrix
nrows = 2
ncols = 2
Copy constructor of matrix
nrows = 4
ncols = 4
Copy constructor of matrix
nrows = 4
ncols = 4
Copy constructor of matrix
nrows = 2
ncols = 2
Copy constructor of matrix
nrows = 4
ncols = 4
Copy constructor of matrix
nrows = 4
ncols = 4
#     - Average torsion <T>: [-7.563e-07 -6.370e-06; -6.370e-06 1.775e-06], det -4.192e-11
#     - Norm inverse twist: -3.282e+05
#     - max |Im K| after the step: 1.494e-15 (removed)
#     - Residual of the linearized equation: 1.489e-12 (physical)
#     - Lagrangian defect |L^T Omega L|: 6.869e-05
#     - Frame check |L^T Omega N + I| (should be 0): 8.670e-11
#     - Norm of the correction: 2.200e-07 (physical), 1.885e-02 (local)
# Iteration 2 : 
Copy constructor of matrix
nrows = 4
ncols = 1
Copy constructor of matrix
nrows = 4
ncols = 1
#     - Size of the grid: 32 32 
#     - Tails of the parameterization: 0.000e+00 0.000e+00 
#     - Error of invariance: 3.954e-11 (max over grid, physical), 1.018e-05 (Fourier l1, local)
Copy constructor of matrix
nrows = 2
ncols = 2
Copy constructor of matrix
nrows = 4
ncols = 4
Copy constructor of matrix
nrows = 4
ncols = 4
Copy constructor of matrix
nrows = 2
ncols = 2
Copy constructor of matrix
nrows = 4
ncols = 4
Copy constructor of matrix
nrows = 4
ncols = 4
#     - Average torsion <T>: [-7.139e-07 -6.369e-06; -6.369e-06 2.029e-06], det -4.201e-11
#     - Norm inverse twist: -3.345e+05
#     - max |Im K| after the step: 1.734e-15 (removed)
#     - Residual of the linearized equation: 1.316e-12 (physical)
#     - Lagrangian defect |L^T Omega L|: 8.004e-05
#     - Frame check |L^T Omega N + I| (should be 0): 1.040e-10
#     - Norm of the correction: 5.013e-09 (physical), 4.296e-04 (local)
# Iteration 3 : 
Copy constructor of matrix
nrows = 4
ncols = 1
Copy constructor of matrix
nrows = 4
ncols = 1
#     - Size of the grid: 32 32 
#     - Tails of the parameterization: 0.000e+00 0.000e+00 
#     - Error of invariance: 3.723e-13 (max over grid, physical), 1.006e-06 (Fourier l1, local)
#     - No correction is needed!
-4.824924087197670e-02 32 32 -3.344851235346336e+05 8.524352055491651e-01 4.963669009236063e-01 3.722695599450796e-13
# Omega_loc: 0.000000000000000e+00 -8.013425768660662e-06 -1.000000000000000e+00 4.091664685237391e-05 8.013425768660662e-06 0.000000000000000e+00 -9.287162424462182e-07 -1.000000000000000e+00 1.000000000000000e+00 9.287162425109916e-07 0.000000000000000e+00 8.699808714199242e-05 -4.091664685202846e-05 1.000000000000000e+00 -8.699808714190606e-05 -1.381834431633174e-15
# zcen: -1.000283105273674e+00 -1.895733150627127e-03 -9.254902371203727e-04 -1.007691078031622e+00
# zscale: 1.149272671409060e-05
# Continuation step 31 / 400
# We try to compute the torus for epsilon=-5.055883697940749e-02 (limit: -9.400000000000000e-02)
# Iteration 1 : 
Copy constructor of matrix
nrows = 4
ncols = 1
Copy constructor of matrix
nrows = 4
ncols = 1
#     - Size of the grid: 32 32 
#     - Tails of the parameterization: 4.393e-12 4.490e-12 
#     - Error of invariance: 6.694e-11 (max over grid, physical), 6.008e-06 (Fourier l1, local)
Copy constructor of matrix
nrows = 2
ncols = 2
Copy constructor of matrix
nrows = 4
ncols = 4
Copy constructor of matrix
nrows = 4
ncols = 4
Copy constructor of matrix
nrows = 2
ncols = 2
Copy constructor of matrix
nrows = 4
ncols = 4
Copy constructor of matrix
nrows = 4
ncols = 4
#     - Average torsion <T>: [-7.490e-07 -6.178e-06; -6.178e-06 1.628e-06], det -3.939e-11
#     - Norm inverse twist: -3.360e+05
#     - max |Im K| after the step: 1.894e-15 (removed)
#     - Residual of the linearized equation: 1.427e-12 (physical)
#     - Lagrangian defect |L^T Omega L|: 7.443e-05
#     - Frame check |L^T Omega N + I| (should be 0): 9.245e-11
#     - Norm of the correction: 2.960e-07 (physical), 2.576e-02 (local)
# Iteration 2 : 
Copy constructor of matrix
nrows = 4
ncols = 1
Copy constructor of matrix
nrows = 4
ncols = 1
#     - Size of the grid: 32 32 
#     - Tails of the parameterization: 0.000e+00 0.000e+00 
#     - Error of invariance: 7.161e-11 (max over grid, physical), 1.794e-05 (Fourier l1, local)
Copy constructor of matrix
nrows = 2
ncols = 2
Copy constructor of matrix
nrows = 4
ncols = 4
Copy constructor of matrix
nrows = 4
ncols = 4
Copy constructor of matrix
nrows = 2
ncols = 2
Copy constructor of matrix
nrows = 4
ncols = 4
Copy constructor of matrix
nrows = 4
ncols = 4
#     - Average torsion <T>: [-6.929e-07 -6.176e-06; -6.176e-06 1.965e-06], det -3.950e-11
#     - Norm inverse twist: -3.449e+05
#     - max |Im K| after the step: 1.187e-15 (removed)
#     - Residual of the linearized equation: 1.474e-12 (physical)
#     - Lagrangian defect |L^T Omega L|: 9.655e-05
#     - Frame check |L^T Omega N + I| (should be 0): 1.220e-10
#     - Norm of the correction: 9.180e-09 (physical), 7.987e-04 (local)
# Newton stalled; best error 6.694e-11 (physical), not accepted (tol-floor 1.000e-11)
# Newton method does not converge; halving the continuation step
###########################################
# Continuation step 32 / 400
# We try to compute the torus for epsilon=-4.940e-02 (limit: -9.400e-02)
# Iteration 1 : 
Copy constructor of matrix
nrows = 4
ncols = 1
Copy constructor of matrix
nrows = 4
ncols = 1
#     - Size of the grid: 32 32 
#     - Tails of the parameterization: 4.393e-12 4.490e-12 
#     - Error of invariance: 3.353e-11 (max over grid, physical), 3.507e-06 (Fourier l1, local)
Copy constructor of matrix
nrows = 2
ncols = 2
Copy constructor of matrix
nrows = 4
ncols = 4
Copy constructor of matrix
nrows = 4
ncols = 4
Copy constructor of matrix
nrows = 2
ncols = 2
Copy constructor of matrix
nrows = 4
ncols = 4
Copy constructor of matrix
nrows = 4
ncols = 4
#     - Average torsion <T>: [-7.204e-07 -6.178e-06; -6.178e-06 1.799e-06], det -3.946e-11
#     - Norm inverse twist: -3.404e+05
#     - max |Im K| after the step: 1.487e-15 (removed)
#     - Residual of the linearized equation: 1.319e-12 (physical)
#     - Lagrangian defect |L^T Omega L|: 7.443e-05
#     - Frame check |L^T Omega N + I| (should be 0): 9.245e-11
#     - Norm of the correction: 1.496e-07 (physical), 1.301e-02 (local)
# Iteration 2 : 
Copy constructor of matrix
nrows = 4
ncols = 1
Copy constructor of matrix
nrows = 4
ncols = 1
#     - Size of the grid: 32 32 
#     - Tails of the parameterization: 0.000e+00 0.000e+00 
#     - Error of invariance: 1.846e-11 (max over grid, physical), 5.296e-06 (Fourier l1, local)
Copy constructor of matrix
nrows = 2
ncols = 2
Copy constructor of matrix
nrows = 4
ncols = 4
Copy constructor of matrix
nrows = 4
ncols = 4
Copy constructor of matrix
nrows = 2
ncols = 2
Copy constructor of matrix
nrows = 4
ncols = 4
Copy constructor of matrix
nrows = 4
ncols = 4
#     - Average torsion <T>: [-6.920e-07 -6.177e-06; -6.177e-06 1.969e-06], det -3.952e-11
#     - Norm inverse twist: -3.449e+05
#     - max |Im K| after the step: 1.307e-15 (removed)
#     - Residual of the linearized equation: 1.371e-12 (physical)
#     - Lagrangian defect |L^T Omega L|: 8.694e-05
#     - Frame check |L^T Omega N + I| (should be 0): 1.100e-10
#     - Norm of the correction: 2.351e-09 (physical), 2.046e-04 (local)
# Iteration 3 : 
Copy constructor of matrix
nrows = 4
ncols = 1
Copy constructor of matrix
nrows = 4
ncols = 1
#     - Size of the grid: 32 32 
#     - Tails of the parameterization: 0.000e+00 0.000e+00 
#     - Error of invariance: 3.719e-13 (max over grid, physical), 9.910e-07 (Fourier l1, local)
#     - No correction is needed!
-4.940403892569209e-02 32 32 -3.449024014140675e+05 8.565588207678344e-01 4.987196222468002e-01 3.719050407147087e-13
# Omega_loc: -8.819320420125786e-17 -7.846578502621474e-06 -1.000000000000000e+00 4.006841781537785e-05 7.846578502709667e-06 0.000000000000000e+00 -9.096309130528483e-07 -9.999999999999989e-01 1.000000000000000e+00 9.096309130308001e-07 0.000000000000000e+00 8.519440889097762e-05 -4.006841781537785e-05 9.999999999999989e-01 -8.519440889080123e-05 0.000000000000000e+00
# zcen: -1.000283105110919e+00 -1.895732803374957e-03 -9.254904978300371e-04 -1.007691079035652e+00
# zscale: 1.137292258220852e-05
# Continuation step 33 / 400
# We try to compute the torus for epsilon=-5.094376966397928e-02 (limit: -9.400000000000000e-02)
# Iteration 1 : 
Copy constructor of matrix
nrows = 4
ncols = 1
Copy constructor of matrix
nrows = 4
ncols = 1
#     - Size of the grid: 32 32 
#     - Tails of the parameterization: 5.070e-12 4.876e-12 
#     - Error of invariance: 4.404e-11 (max over grid, physical), 4.313e-06 (Fourier l1, local)
Copy constructor of matrix
nrows = 2
ncols = 2
Copy constructor of matrix
nrows = 4
ncols = 4
Copy constructor of matrix
nrows = 4
ncols = 4
Copy constructor of matrix
nrows = 2
ncols = 2
Copy constructor of matrix
nrows = 4
ncols = 4
Copy constructor of matrix
nrows = 4
ncols = 4
#     - Average torsion <T>: [-7.155e-07 -6.050e-06; -6.050e-06 1.701e-06], det -3.782e-11
#     - Norm inverse twist: -3.460e+05
#     - max |Im K| after the step: 1.926e-15 (removed)
#     - Residual of the linearized equation: 1.433e-12 (physical)
#     - Lagrangian defect |L^T Omega L|: 7.298e-05
#     - Frame check |L^T Omega N + I| (should be 0): 8.859e-11
#     - Norm of the correction: 2.006e-07 (physical), 1.764e-02 (local)
# Iteration 2 : 
Copy constructor of matrix
nrows = 4
ncols = 1
Copy constructor of matrix
nrows = 4
ncols = 1
#     - Size of the grid: 32 32 
#     - Tails of the parameterization: 0.000e+00 0.000e+00 
#     - Error of invariance: 3.292e-11 (max over grid, physical), 8.820e-06 (Fourier l1, local)
Copy constructor of matrix
nrows = 2
ncols = 2
Copy constructor of matrix
nrows = 4
ncols = 4
Copy constructor of matrix
nrows = 4
ncols = 4
Copy constructor of matrix
nrows = 2
ncols = 2
Copy constructor of matrix
nrows = 4
ncols = 4
Copy constructor of matrix
nrows = 4
ncols = 4
#     - Average torsion <T>: [-6.778e-07 -6.049e-06; -6.049e-06 1.927e-06], det -3.789e-11
#     - Norm inverse twist: -3.522e+05
#     - max |Im K| after the step: 1.671e-15 (removed)
#     - Residual of the linearized equation: 1.241e-12 (physical)
#     - Lagrangian defect |L^T Omega L|: 8.019e-05
#     - Frame check |L^T Omega N + I| (should be 0): 9.979e-11
#     - Norm of the correction: 4.198e-09 (physical), 3.691e-04 (local)
# Iteration 3 : 
Copy constructor of matrix
nrows = 4
ncols = 1
Copy constructor of matrix
nrows = 4
ncols = 1
#     - Size of the grid: 32 32 
#     - Tails of the parameterization: 0.000e+00 0.000e+00 
#     - Error of invariance: 3.689e-13 (max over grid, physical), 9.826e-07 (Fourier l1, local)
#     - No correction is needed!
-5.094376966397928e-02 32 32 -3.522061145898533e+05 8.532719639526704e-01 4.967358132532119e-01 3.688956058124179e-13
# Omega_loc: 0.000000000000000e+00 -7.625942071170433e-06 -9.999999999999998e-01 3.893446920600965e-05 7.625942071170433e-06 0.000000000000000e+00 -8.843334919840367e-07 -9.999999999999992e-01 9.999999999999997e-01 8.843334918932828e-07 0.000000000000000e+00 8.279033833988660e-05 -3.893446920637267e-05 9.999999999999992e-01 -8.279033833979585e-05 0.000000000000000e+00
# zcen: -1.000283104894007e+00 -1.895732340599103e-03 -9.254908453100665e-04 -1.007691080373641e+00
# zscale: 1.121127610551677e-05
# Continuation step 34 / 400
# We try to compute the torus for epsilon=-5.299674398169554e-02 (limit: -9.400000000000000e-02)
# Iteration 1 : 
Copy constructor of matrix
nrows = 4
ncols = 1
Copy constructor of matrix
nrows = 4
ncols = 1
#     - Size of the grid: 32 32 
#     - Tails of the parameterization: 4.447e-12 4.487e-12 
#     - Error of invariance: 5.805e-11 (max over grid, physical), 5.432e-06 (Fourier l1, local)
Copy constructor of matrix
nrows = 2
ncols = 2
Copy constructor of matrix
nrows = 4
ncols = 4
Copy constructor of matrix
nrows = 4
ncols = 4
Copy constructor of matrix
nrows = 2
ncols = 2
Copy constructor of matrix
nrows = 4
ncols = 4
Copy constructor of matrix
nrows = 4
ncols = 4
#     - Average torsion <T>: [-7.090e-07 -5.879e-06; -5.879e-06 1.571e-06], det -3.568e-11
#     - Norm inverse twist: -3.537e+05
#     - max |Im K| after the step: 1.307e-15 (removed)
#     - Residual of the linearized equation: 1.404e-12 (physical)
#     - Lagrangian defect |L^T Omega L|: 8.462e-05
#     - Frame check |L^T Omega N + I| (should be 0): 1.018e-10
#     - Norm of the correction: 2.700e-07 (physical), 2.408e-02 (local)
# Iteration 2 : 
Copy constructor of matrix
nrows = 4
ncols = 1
Copy constructor of matrix
nrows = 4
ncols = 1
#     - Size of the grid: 32 32 
#     - Tails of the parameterization: 0.000e+00 0.000e+00 
#     - Error of invariance: 5.945e-11 (max over grid, physical), 1.546e-05 (Fourier l1, local)
Copy constructor of matrix
nrows = 2
ncols = 2
Copy constructor of matrix
nrows = 4
ncols = 4
Copy constructor of matrix
nrows = 4
ncols = 4
Copy constructor of matrix
nrows = 2
ncols = 2
Copy constructor of matrix
nrows = 4
ncols = 4
Copy constructor of matrix
nrows = 4
ncols = 4
#     - Average torsion <T>: [-6.591e-07 -5.877e-06; -5.877e-06 1.870e-06], det -3.577e-11
#     - Norm inverse twist: -3.624e+05
#     - max |Im K| after the step: 1.175e-15 (removed)
#     - Residual of the linearized equation: 1.193e-12 (physical)
#     - Lagrangian defect |L^T Omega L|: 6.562e-05
#     - Frame check |L^T Omega N + I| (should be 0): 7.494e-11
#     - Norm of the correction: 7.829e-09 (physical), 6.983e-04 (local)
# Newton stalled; best error 5.805e-11 (physical), not accepted (tol-floor 1.000e-11)
# Newton method does not converge; halving the continuation step
###########################################
# Continuation step 35 / 400
# We try to compute the torus for epsilon=-5.197e-02 (limit: -9.400e-02)
# Iteration 1 : 
Copy constructor of matrix
nrows = 4
ncols = 1
Copy constructor of matrix
nrows = 4
ncols = 1
#     - Size of the grid: 32 32 
#     - Tails of the parameterization: 4.447e-12 4.487e-12 
#     - Error of invariance: 2.909e-11 (max over grid, physical), 3.211e-06 (Fourier l1, local)
Copy constructor of matrix
nrows = 2
ncols = 2
Copy constructor of matrix
nrows = 4
ncols = 4
Copy constructor of matrix
nrows = 4
ncols = 4
Copy constructor of matrix
nrows = 2
ncols = 2
Copy constructor of matrix
nrows = 4
ncols = 4
Copy constructor of matrix
nrows = 4
ncols = 4
#     - Average torsion <T>: [-6.836e-07 -5.879e-06; -5.879e-06 1.722e-06], det -3.574e-11
#     - Norm inverse twist: -3.581e+05
#     - max |Im K| after the step: 1.317e-15 (removed)
#     - Residual of the linearized equation: 1.301e-12 (physical)
#     - Lagrangian defect |L^T Omega L|: 8.462e-05
#     - Frame check |L^T Omega N + I| (should be 0): 1.018e-10
#     - Norm of the correction: 1.363e-07 (physical), 1.216e-02 (local)
# Iteration 2 : 
Copy constructor of matrix
nrows = 4
ncols = 1
Copy constructor of matrix
nrows = 4
ncols = 1
#     - Size of the grid: 32 32 
#     - Tails of the parameterization: 0.000e+00 0.000e+00 
#     - Error of invariance: 1.530e-11 (max over grid, physical), 4.630e-06 (Fourier l1, local)
Copy constructor of matrix
nrows = 2
ncols = 2
Copy constructor of matrix
nrows = 4
ncols = 4
Copy constructor of matrix
nrows = 4
ncols = 4
Copy constructor of matrix
nrows = 2
ncols = 2
Copy constructor of matrix
nrows = 4
ncols = 4
Copy constructor of matrix
nrows = 4
ncols = 4
#     - Average torsion <T>: [-6.583e-07 -5.878e-06; -5.878e-06 1.873e-06], det -3.579e-11
#     - Norm inverse twist: -3.624e+05
#     - max |Im K| after the step: 8.694e-16 (removed)
#     - Residual of the linearized equation: 1.099e-12 (physical)
#     - Lagrangian defect |L^T Omega L|: 5.770e-05
#     - Frame check |L^T Omega N + I| (should be 0): 6.616e-11
#     - Norm of the correction: 1.796e-09 (physical), 1.602e-04 (local)
# Iteration 3 : 
Copy constructor of matrix
nrows = 4
ncols = 1
Copy constructor of matrix
nrows = 4
ncols = 1
#     - Size of the grid: 32 32 
#     - Tails of the parameterization: 0.000e+00 0.000e+00 
#     - Error of invariance: 3.515e-13 (max over grid, physical), 9.763e-07 (Fourier l1, local)
#     - No correction is needed!
-5.197025682283741e-02 32 32 -3.624476906633088e+05 8.571485718505256e-01 4.989463181864002e-01 3.515364258424825e-13
# Omega_loc: -9.254488165120542e-17 -7.477807476306141e-06 -1.000000000000000e+00 3.817906884865678e-05 7.477807476306141e-06 0.000000000000000e+00 -8.672264108613564e-07 -1.000000000000000e+00 1.000000000000000e+00 8.672264107919478e-07 0.000000000000000e+00 8.118940708153950e-05 -3.817906884902695e-05 1.000000000000000e+00 -8.118940708144696e-05 0.000000000000000e+00
# zcen: -1.000283104749435e+00 -1.895732032150089e-03 -9.254910769011956e-04 -1.007691081265456e+00
# zscale: 1.110223001044684e-05
# Continuation step 36 / 400
# We try to compute the torus for epsilon=-5.333890636798158e-02 (limit: -9.400000000000000e-02)
# Iteration 1 : 
Copy constructor of matrix
nrows = 4
ncols = 1
Copy constructor of matrix
nrows = 4
ncols = 1
#     - Size of the grid: 32 32 
#     - Tails of the parameterization: 4.859e-12 4.826e-12 
#     - Error of invariance: 3.846e-11 (max over grid, physical), 3.935e-06 (Fourier l1, local)
Copy constructor of matrix
nrows = 2
ncols = 2
Copy constructor of matrix
nrows = 4
ncols = 4
Copy constructor of matrix
nrows = 4
ncols = 4
Copy constructor of matrix
nrows = 2
ncols = 2
Copy constructor of matrix
nrows = 4
ncols = 4
Copy constructor of matrix
nrows = 4
ncols = 4
#     - Average torsion <T>: [-6.793e-07 -5.765e-06; -5.765e-06 1.635e-06], det -3.435e-11
#     - Norm inverse twist: -3.635e+05
#     - max |Im K| after the step: 1.443e-15 (removed)
#     - Residual of the linearized equation: 1.169e-12 (physical)
#     - Lagrangian defect |L^T Omega L|: 5.699e-05
#     - Frame check |L^T Omega N + I| (should be 0): 6.319e-11
#     - Norm of the correction: 1.828e-07 (physical), 1.647e-02 (local)
# Iteration 2 : 
Copy constructor of matrix
nrows = 4
ncols = 1
Copy constructor of matrix
nrows = 4
ncols = 1
#     - Size of the grid: 32 32 
#     - Tails of the parameterization: 0.000e+00 0.000e+00 
#     - Error of invariance: 2.741e-11 (max over grid, physical), 7.672e-06 (Fourier l1, local)
Copy constructor of matrix
nrows = 2
ncols = 2
Copy constructor of matrix
nrows = 4
ncols = 4
Copy constructor of matrix
nrows = 4
ncols = 4
Copy constructor of matrix
nrows = 2
ncols = 2
Copy constructor of matrix
nrows = 4
ncols = 4
Copy constructor of matrix
nrows = 4
ncols = 4
#     - Average torsion <T>: [-6.457e-07 -5.764e-06; -5.764e-06 1.836e-06], det -3.441e-11
#     - Norm inverse twist: -3.696e+05
#     - max |Im K| after the step: 1.059e-15 (removed)
#     - Residual of the linearized equation: 1.404e-12 (physical)
#     - Lagrangian defect |L^T Omega L|: 7.578e-05
#     - Frame check |L^T Omega N + I| (should be 0): 8.815e-11
#     - Norm of the correction: 3.601e-09 (physical), 3.244e-04 (local)
# Iteration 3 : 
Copy constructor of matrix
nrows = 4
ncols = 1
Copy constructor of matrix
nrows = 4
ncols = 1
#     - Size of the grid: 32 32 
#     - Tails of the parameterization: 0.000e+00 0.000e+00 
#     - Error of invariance: 3.564e-13 (max over grid, physical), 1.058e-06 (Fourier l1, local)
#     - No correction is needed!
-5.333890636798158e-02 32 32 -3.695988575086431e+05 8.540813606228808e-01 4.971045215533987e-01 3.564209880376188e-13
# Omega_loc: 9.504803820570091e-17 -7.280841983823095e-06 -9.999999999999997e-01 3.717348919656660e-05 7.280841983823095e-06 0.000000000000000e+00 -8.445672237236066e-07 -9.999999999999984e-01 9.999999999999998e-01 8.445672236760826e-07 -2.376200955142523e-17 7.905019666306663e-05 -3.717348919656660e-05 9.999999999999984e-01 -7.905019666306663e-05 0.000000000000000e+00
# zcen: -1.000283104556525e+00 -1.895731620561477e-03 -9.254913859094403e-04 -1.007691082455499e+00
# zscale: 1.095501876610926e-05
# Continuation step 37 / 400
# We try to compute the torus for epsilon=-5.516377242817381e-02 (limit: -9.400000000000000e-02)
# Iteration 1 : 
Copy constructor of matrix
nrows = 4
ncols = 1
Copy constructor of matrix
nrows = 4
ncols = 1
#     - Size of the grid: 32 32 
#     - Tails of the parameterization: 4.817e-12 5.037e-12 
#     - Error of invariance: 5.042e-11 (max over grid, physical), 5.017e-06 (Fourier l1, local)
Copy constructor of matrix
nrows = 2
ncols = 2
Copy constructor of matrix
nrows = 4
ncols = 4
Copy constructor of matrix
nrows = 4
ncols = 4
Copy constructor of matrix
nrows = 2
ncols = 2
Copy constructor of matrix
nrows = 4
ncols = 4
Copy constructor of matrix
nrows = 4
ncols = 4
#     - Average torsion <T>: [-6.735e-07 -5.613e-06; -5.613e-06 1.519e-06], det -3.253e-11
#     - Norm inverse twist: -3.711e+05
#     - max |Im K| after the step: 1.473e-15 (removed)
#     - Residual of the linearized equation: 1.384e-12 (physical)
#     - Lagrangian defect |L^T Omega L|: 7.261e-05
#     - Frame check |L^T Omega N + I| (should be 0): 7.982e-11
#     - Norm of the correction: 2.456e-07 (physical), 2.242e-02 (local)
# Iteration 2 : 
Copy constructor of matrix
nrows = 4
ncols = 1
Copy constructor of matrix
nrows = 4
ncols = 1
#     - Size of the grid: 32 32 
#     - Tails of the parameterization: 0.000e+00 0.000e+00 
#     - Error of invariance: 4.950e-11 (max over grid, physical), 1.323e-05 (Fourier l1, local)
Copy constructor of matrix
nrows = 2
ncols = 2
Copy constructor of matrix
nrows = 4
ncols = 4
Copy constructor of matrix
nrows = 4
ncols = 4
Copy constructor of matrix
nrows = 2
ncols = 2
Copy constructor of matrix
nrows = 4
ncols = 4
Copy constructor of matrix
nrows = 4
ncols = 4
#     - Average torsion <T>: [-6.290e-07 -5.612e-06; -5.612e-06 1.786e-06], det -3.261e-11
#     - Norm inverse twist: -3.796e+05
#     - max |Im K| after the step: 1.499e-15 (removed)
#     - Residual of the linearized equation: 1.206e-12 (physical)
#     - Lagrangian defect |L^T Omega L|: 9.764e-05
#     - Frame check |L^T Omega N + I| (should be 0): 1.126e-10
#     - Norm of the correction: 6.703e-09 (physical), 6.118e-04 (local)
# Newton stalled; best error 4.950e-11 (physical), not accepted (tol-floor 1.000e-11)
# Newton method does not converge; halving the continuation step
###########################################
# Continuation step 38 / 400
# We try to compute the torus for epsilon=-5.425e-02 (limit: -9.400e-02)
# Iteration 1 : 
Copy constructor of matrix
nrows = 4
ncols = 1
Copy constructor of matrix
nrows = 4
ncols = 1
#     - Size of the grid: 32 32 
#     - Tails of the parameterization: 4.817e-12 5.037e-12 
#     - Error of invariance: 2.525e-11 (max over grid, physical), 3.043e-06 (Fourier l1, local)
Copy constructor of matrix
nrows = 2
ncols = 2
Copy constructor of matrix
nrows = 4
ncols = 4
Copy constructor of matrix
nrows = 4
ncols = 4
Copy constructor of matrix
nrows = 2
ncols = 2
Copy constructor of matrix
nrows = 4
ncols = 4
Copy constructor of matrix
nrows = 4
ncols = 4
#     - Average torsion <T>: [-6.509e-07 -5.613e-06; -5.613e-06 1.654e-06], det -3.258e-11
#     - Norm inverse twist: -3.753e+05
#     - max |Im K| after the step: 1.456e-15 (removed)
#     - Residual of the linearized equation: 1.302e-12 (physical)
#     - Lagrangian defect |L^T Omega L|: 7.261e-05
#     - Frame check |L^T Omega N + I| (should be 0): 7.982e-11
#     - Norm of the correction: 1.239e-07 (physical), 1.131e-02 (local)
# Iteration 2 : 
Copy constructor of matrix
nrows = 4
ncols = 1
Copy constructor of matrix
nrows = 4
ncols = 1
#     - Size of the grid: 32 32 
#     - Tails of the parameterization: 0.000e+00 0.000e+00 
#     - Error of invariance: 1.266e-11 (max over grid, physical), 4.120e-06 (Fourier l1, local)
Copy constructor of matrix
nrows = 2
ncols = 2
Copy constructor of matrix
nrows = 4
ncols = 4
Copy constructor of matrix
nrows = 4
ncols = 4
Copy constructor of matrix
nrows = 2
ncols = 2
Copy constructor of matrix
nrows = 4
ncols = 4
Copy constructor of matrix
nrows = 4
ncols = 4
#     - Average torsion <T>: [-6.284e-07 -5.613e-06; -5.613e-06 1.788e-06], det -3.263e-11
#     - Norm inverse twist: -3.796e+05
#     - max |Im K| after the step: 2.000e-15 (removed)
#     - Residual of the linearized equation: 1.110e-12 (physical)
#     - Lagrangian defect |L^T Omega L|: 9.069e-05
#     - Frame check |L^T Omega N + I| (should be 0): 1.049e-10
#     - Norm of the correction: 1.729e-09 (physical), 1.579e-04 (local)
# Iteration 3 : 
Copy constructor of matrix
nrows = 4
ncols = 1
Copy constructor of matrix
nrows = 4
ncols = 1
#     - Size of the grid: 32 32 
#     - Tails of the parameterization: 0.000e+00 0.000e+00 
#     - Error of invariance: 3.672e-13 (max over grid, physical), 1.009e-06 (Fourier l1, local)
#     - No correction is needed!
-5.425133939807769e-02 32 32 -3.796089033707741e+05 8.577083323047148e-01 4.991784582621795e-01 3.671722377931537e-13
# Omega_loc: 9.679348286270936e-17 -7.149001594896540e-06 -1.000000000000000e+00 3.650318154515204e-05 7.149001594896540e-06 0.000000000000000e+00 -8.299987684821525e-07 -9.999999999999998e-01 1.000000000000000e+00 8.299987684337558e-07 2.419837071567734e-17 7.762442511951504e-05 -3.650318154515204e-05 9.999999999999998e-01 -7.762442511941825e-05 0.000000000000000e+00
# zcen: -1.000283104427912e+00 -1.895731346149675e-03 -9.254915919221125e-04 -1.007691083248936e+00
# zscale: 1.085576667389674e-05
# Continuation step 39 / 400
# We try to compute the torus for epsilon=-5.546791677153918e-02 (limit: -9.400000000000000e-02)
# Iteration 1 : 
Copy constructor of matrix
nrows = 4
ncols = 1
Copy constructor of matrix
nrows = 4
ncols = 1
#     - Size of the grid: 32 32 
#     - Tails of the parameterization: 4.719e-12 4.551e-12 
#     - Error of invariance: 3.332e-11 (max over grid, physical), 3.623e-06 (Fourier l1, local)
Copy constructor of matrix
nrows = 2
ncols = 2
Copy constructor of matrix
nrows = 4
ncols = 4
Copy constructor of matrix
nrows = 4
ncols = 4
Copy constructor of matrix
nrows = 2
ncols = 2
Copy constructor of matrix
nrows = 4
ncols = 4
Copy constructor of matrix
nrows = 4
ncols = 4
#     - Average torsion <T>: [-6.470e-07 -5.512e-06; -5.512e-06 1.577e-06], det -3.140e-11
#     - Norm inverse twist: -3.807e+05
#     - max |Im K| after the step: 2.086e-15 (removed)
#     - Residual of the linearized equation: 1.132e-12 (physical)
#     - Lagrangian defect |L^T Omega L|: 5.754e-05
#     - Frame check |L^T Omega N + I| (should be 0): 6.086e-11
#     - Norm of the correction: 1.660e-07 (physical), 1.529e-02 (local)
# Iteration 2 : 
Copy constructor of matrix
nrows = 4
ncols = 1
Copy constructor of matrix
nrows = 4
ncols = 1
#     - Size of the grid: 32 32 
#     - Tails of the parameterization: 0.000e+00 0.000e+00 
#     - Error of invariance: 2.258e-11 (max over grid, physical), 6.646e-06 (Fourier l1, local)
Copy constructor of matrix
nrows = 2
ncols = 2
Copy constructor of matrix
nrows = 4
ncols = 4
Copy constructor of matrix
nrows = 4
ncols = 4
Copy constructor of matrix
nrows = 2
ncols = 2
Copy constructor of matrix
nrows = 4
ncols = 4
Copy constructor of matrix
nrows = 4
ncols = 4
#     - Average torsion <T>: [-6.172e-07 -5.511e-06; -5.511e-06 1.755e-06], det -3.146e-11
#     - Norm inverse twist: -3.866e+05
#     - max |Im K| after the step: 1.516e-15 (removed)
#     - Residual of the linearized equation: 1.130e-12 (physical)
#     - Lagrangian defect |L^T Omega L|: 9.911e-05
#     - Frame check |L^T Omega N + I| (should be 0): 1.130e-10
#     - Norm of the correction: 3.118e-09 (physical), 2.872e-04 (local)
# Iteration 3 : 
Copy constructor of matrix
nrows = 4
ncols = 1
Copy constructor of matrix
nrows = 4
ncols = 1
#     - Size of the grid: 32 32 
#     - Tails of the parameterization: 0.000e+00 0.000e+00 
#     - Error of invariance: 3.899e-13 (max over grid, physical), 1.048e-06 (Fourier l1, local)
#     - No correction is needed!
-5.546791677153918e-02 32 32 -3.865789719243098e+05 8.548855745367469e-01 4.974798124057492e-01 3.898566537045021e-13
# Omega_loc: 0.000000000000000e+00 -6.974958493037961e-06 -9.999999999999998e-01 3.560848434936166e-05 6.974958493137182e-06 0.000000000000000e+00 -8.099760245743887e-07 -9.999999999999990e-01 9.999999999999996e-01 8.099760245991941e-07 0.000000000000000e+00 7.572449067917375e-05 -3.560848434896477e-05 9.999999999999992e-01 -7.572449067917375e-05 0.000000000000000e+00
# zcen: -1.000283104256518e+00 -1.895730980481387e-03 -9.254918664813347e-04 -1.007691084306170e+00
# zscale: 1.072208056965594e-05
# Continuation step 40 / 400
# We try to compute the torus for epsilon=-5.709001993615449e-02 (limit: -9.400000000000000e-02)
# Iteration 1 : 
Copy constructor of matrix
nrows = 4
ncols = 1
Copy constructor of matrix
nrows = 4
ncols = 1
#     - Size of the grid: 32 32 
#     - Tails of the parameterization: 4.645e-12 4.730e-12 
#     - Error of invariance: 4.381e-11 (max over grid, physical), 4.546e-06 (Fourier l1, local)
Copy constructor of matrix
nrows = 2
ncols = 2
Copy constructor of matrix
nrows = 4
ncols = 4
Copy constructor of matrix
nrows = 4
ncols = 4
Copy constructor of matrix
nrows = 2
ncols = 2
Copy constructor of matrix
nrows = 4
ncols = 4
Copy constructor of matrix
nrows = 4
ncols = 4
#     - Average torsion <T>: [-6.419e-07 -5.377e-06; -5.377e-06 1.474e-06], det -2.986e-11
#     - Norm inverse twist: -3.880e+05
#     - max |Im K| after the step: 1.599e-15 (removed)
#     - Residual of the linearized equation: 1.282e-12 (physical)
#     - Lagrangian defect |L^T Omega L|: 6.020e-05
#     - Frame check |L^T Omega N + I| (should be 0): 6.261e-11
#     - Norm of the correction: 2.231e-07 (physical), 2.081e-02 (local)
# Iteration 2 : 
Copy constructor of matrix
nrows = 4
ncols = 1
Copy constructor of matrix
nrows = 4
ncols = 1
#     - Size of the grid: 32 32 
#     - Tails of the parameterization: 0.000e+00 0.000e+00 
#     - Error of invariance: 4.076e-11 (max over grid, physical), 1.133e-05 (Fourier l1, local)
Copy constructor of matrix
nrows = 2
ncols = 2
Copy constructor of matrix
nrows = 4
ncols = 4
Copy constructor of matrix
nrows = 4
ncols = 4
Copy constructor of matrix
nrows = 2
ncols = 2
Copy constructor of matrix
nrows = 4
ncols = 4
Copy constructor of matrix
nrows = 4
ncols = 4
#     - Average torsion <T>: [-6.023e-07 -5.375e-06; -5.376e-06 1.711e-06], det -2.993e-11
#     - Norm inverse twist: -3.963e+05
#     - max |Im K| after the step: 1.953e-15 (removed)
#     - Residual of the linearized equation: 9.785e-13 (physical)
#     - Lagrangian defect |L^T Omega L|: 8.197e-05
#     - Frame check |L^T Omega N + I| (should be 0): 8.961e-11
#     - Norm of the correction: 5.712e-09 (physical), 5.327e-04 (local)
# Newton stalled; best error 4.076e-11 (physical), not accepted (tol-floor 1.000e-11)
# Newton method does not converge; halving the continuation step
###########################################
# Continuation step 41 / 400
# We try to compute the torus for epsilon=-5.628e-02 (limit: -9.400e-02)
# Iteration 1 : 
Copy constructor of matrix
nrows = 4
ncols = 1
Copy constructor of matrix
nrows = 4
ncols = 1
#     - Size of the grid: 32 32 
#     - Tails of the parameterization: 4.645e-12 4.730e-12 
#     - Error of invariance: 2.193e-11 (max over grid, physical), 2.794e-06 (Fourier l1, local)
Copy constructor of matrix
nrows = 2
ncols = 2
Copy constructor of matrix
nrows = 4
ncols = 4
Copy constructor of matrix
nrows = 4
ncols = 4
Copy constructor of matrix
nrows = 2
ncols = 2
Copy constructor of matrix
nrows = 4
ncols = 4
Copy constructor of matrix
nrows = 4
ncols = 4
#     - Average torsion <T>: [-6.218e-07 -5.377e-06; -5.377e-06 1.594e-06], det -2.990e-11
#     - Norm inverse twist: -3.921e+05
#     - max |Im K| after the step: 1.175e-15 (removed)
#     - Residual of the linearized equation: 1.208e-12 (physical)
#     - Lagrangian defect |L^T Omega L|: 6.020e-05
#     - Frame check |L^T Omega N + I| (should be 0): 6.261e-11
#     - Norm of the correction: 1.124e-07 (physical), 1.049e-02 (local)
# Iteration 2 : 
Copy constructor of matrix
nrows = 4
ncols = 1
Copy constructor of matrix
nrows = 4
ncols = 1
#     - Size of the grid: 32 32 
#     - Tails of the parameterization: 0.000e+00 0.000e+00 
#     - Error of invariance: 1.034e-11 (max over grid, physical), 3.626e-06 (Fourier l1, local)
Copy constructor of matrix
nrows = 2
ncols = 2
Copy constructor of matrix
nrows = 4
ncols = 4
Copy constructor of matrix
nrows = 4
ncols = 4
Copy constructor of matrix
nrows = 2
ncols = 2
Copy constructor of matrix
nrows = 4
ncols = 4
Copy constructor of matrix
nrows = 4
ncols = 4
#     - Average torsion <T>: [-6.018e-07 -5.376e-06; -5.376e-06 1.712e-06], det -2.994e-11
#     - Norm inverse twist: -3.963e+05
#     - max |Im K| after the step: 1.568e-15 (removed)
#     - Residual of the linearized equation: 1.172e-12 (physical)
#     - Lagrangian defect |L^T Omega L|: 7.661e-05
#     - Frame check |L^T Omega N + I| (should be 0): 8.382e-11
#     - Norm of the correction: 1.453e-09 (physical), 1.355e-04 (local)
# Iteration 3 : 
Copy constructor of matrix
nrows = 4
ncols = 1
Copy constructor of matrix
nrows = 4
ncols = 1
#     - Size of the grid: 32 32 
#     - Tails of the parameterization: 0.000e+00 0.000e+00 
#     - Error of invariance: 3.237e-13 (max over grid, physical), 1.057e-06 (Fourier l1, local)
#     - No correction is needed!
-5.627896835384683e-02 32 32 -3.962858966239317e+05 8.582716628543029e-01 4.994065395050900e-01 3.237057546564339e-13
# Omega_loc: 0.000000000000000e+00 -6.859640230668035e-06 -9.999999999999998e-01 3.500945822898890e-05 6.859640230718491e-06 0.000000000000000e+00 -7.960726023418267e-07 -1.000000000000000e+00 9.999999999999998e-01 7.960726024427360e-07 0.000000000000000e+00 7.445638906781340e-05 -3.500945822898890e-05 1.000000000000000e+00 -7.445638906751068e-05 0.000000000000000e+00
# zcen: -1.000283104142237e+00 -1.895730736678725e-03 -9.254920495627725e-04 -1.007691085011025e+00
# zscale: 1.063201772021669e-05
# Continuation step 42 / 400
# We try to compute the torus for epsilon=-5.736037046359038e-02 (limit: -9.400000000000000e-02)
# Iteration 1 : 
Copy constructor of matrix
nrows = 4
ncols = 1
Copy constructor of matrix
nrows = 4
ncols = 1
#     - Size of the grid: 32 32 
#     - Tails of the parameterization: 4.798e-12 4.797e-12 
#     - Error of invariance: 2.913e-11 (max over grid, physical), 3.395e-06 (Fourier l1, local)
Copy constructor of matrix
nrows = 2
ncols = 2
Copy constructor of matrix
nrows = 4
ncols = 4
Copy constructor of matrix
nrows = 4
ncols = 4
Copy constructor of matrix
nrows = 2
ncols = 2
Copy constructor of matrix
nrows = 4
ncols = 4
Copy constructor of matrix
nrows = 4
ncols = 4
#     - Average torsion <T>: [-6.184e-07 -5.287e-06; -5.287e-06 1.525e-06], det -2.889e-11
#     - Norm inverse twist: -3.973e+05
#     - max |Im K| after the step: 2.362e-15 (removed)
#     - Residual of the linearized equation: 1.233e-12 (physical)
#     - Lagrangian defect |L^T Omega L|: 8.284e-05
#     - Frame check |L^T Omega N + I| (should be 0): 8.797e-11
#     - Norm of the correction: 1.508e-07 (physical), 1.418e-02 (local)
# Iteration 2 : 
Copy constructor of matrix
nrows = 4
ncols = 1
Copy constructor of matrix
nrows = 4
ncols = 1
#     - Size of the grid: 32 32 
#     - Tails of the parameterization: 0.000e+00 0.000e+00 
#     - Error of invariance: 1.867e-11 (max over grid, physical), 5.794e-06 (Fourier l1, local)
Copy constructor of matrix
nrows = 2
ncols = 2
Copy constructor of matrix
nrows = 4
ncols = 4
Copy constructor of matrix
nrows = 4
ncols = 4
Copy constructor of matrix
nrows = 2
ncols = 2
Copy constructor of matrix
nrows = 4
ncols = 4
Copy constructor of matrix
nrows = 4
ncols = 4
#     - Average torsion <T>: [-5.919e-07 -5.286e-06; -5.286e-06 1.683e-06], det -2.894e-11
#     - Norm inverse twist: -4.030e+05
#     - max |Im K| after the step: 1.635e-15 (removed)
#     - Residual of the linearized equation: 1.214e-12 (physical)
#     - Lagrangian defect |L^T Omega L|: 6.103e-05
#     - Frame check |L^T Omega N + I| (should be 0): 6.375e-11
#     - Norm of the correction: 2.539e-09 (physical), 2.388e-04 (local)
# Iteration 3 : 
Copy constructor of matrix
nrows = 4
ncols = 1
Copy constructor of matrix
nrows = 4
ncols = 1
#     - Size of the grid: 32 32 
#     - Tails of the parameterization: 0.000e+00 0.000e+00 
#     - Error of invariance: 3.570e-13 (max over grid, physical), 1.031e-06 (Fourier l1, local)
#     - No correction is needed!
-5.736037046359038e-02 32 32 -4.030288694329413e+05 8.556628069134743e-01 4.978444156484331e-01 3.569625234634810e-13
# Omega_loc: 1.032503281627423e-16 -6.702473207754364e-06 -1.000000000000000e+00 3.421488991803172e-05 6.702473207805990e-06 0.000000000000000e+00 -7.773038728816449e-07 -1.000000000000001e+00 1.000000000000000e+00 7.773038729332700e-07 0.000000000000000e+00 7.277043551675742e-05 -3.421488991844473e-05 1.000000000000001e+00 -7.277043551655091e-05 0.000000000000000e+00
# zcen: -1.000283103989915e+00 -1.895730411682237e-03 -9.254922935550826e-04 -1.007691085950714e+00
# zscale: 1.051075555613016e-05
# Continuation step 43 / 400
# We try to compute the torus for epsilon=-5.880223994324843e-02 (limit: -9.400000000000000e-02)
# Iteration 1 : 
Copy constructor of matrix
nrows = 4
ncols = 1
Copy constructor of matrix
nrows = 4
ncols = 1
#     - Size of the grid: 32 32 
#     - Tails of the parameterization: 5.015e-12 4.992e-12 
#     - Error of invariance: 3.824e-11 (max over grid, physical), 4.152e-06 (Fourier l1, local)
Copy constructor of matrix
nrows = 2
ncols = 2
Copy constructor of matrix
nrows = 4
ncols = 4
Copy constructor of matrix
nrows = 4
ncols = 4
Copy constructor of matrix
nrows = 2
ncols = 2
Copy constructor of matrix
nrows = 4
ncols = 4
Copy constructor of matrix
nrows = 4
ncols = 4
#     - Average torsion <T>: [-6.139e-07 -5.167e-06; -5.167e-06 1.433e-06], det -2.758e-11
#     - Norm inverse twist: -4.044e+05
#     - max |Im K| after the step: 1.556e-15 (removed)
#     - Residual of the linearized equation: 1.288e-12 (physical)
#     - Lagrangian defect |L^T Omega L|: 7.026e-05
#     - Frame check |L^T Omega N + I| (should be 0): 7.187e-11
#     - Norm of the correction: 2.026e-07 (physical), 1.927e-02 (local)
# Iteration 2 : 
Copy constructor of matrix
nrows = 4
ncols = 1
Copy constructor of matrix
nrows = 4
ncols = 1
#     - Size of the grid: 32 32 
#     - Tails of the parameterization: 0.000e+00 0.000e+00 
#     - Error of invariance: 3.338e-11 (max over grid, physical), 9.728e-06 (Fourier l1, local)
Copy constructor of matrix
nrows = 2
ncols = 2
Copy constructor of matrix
nrows = 4
ncols = 4
Copy constructor of matrix
nrows = 4
ncols = 4
Copy constructor of matrix
nrows = 2
ncols = 2
Copy constructor of matrix
nrows = 4
ncols = 4
Copy constructor of matrix
nrows = 4
ncols = 4
#     - Average torsion <T>: [-5.787e-07 -5.166e-06; -5.166e-06 1.644e-06], det -2.764e-11
#     - Norm inverse twist: -4.124e+05
#     - max |Im K| after the step: 2.004e-15 (removed)
#     - Residual of the linearized equation: 1.127e-12 (physical)
#     - Lagrangian defect |L^T Omega L|: 7.548e-05
#     - Frame check |L^T Omega N + I| (should be 0): 7.762e-11
#     - Norm of the correction: 4.738e-09 (physical), 4.507e-04 (local)
# Iteration 3 : 
Copy constructor of matrix
nrows = 4
ncols = 1
Copy constructor of matrix
nrows = 4
ncols = 1
#     - Size of the grid: 32 32 
#     - Tails of the parameterization: 0.000e+00 0.000e+00 
#     - Error of invariance: 3.980e-13 (max over grid, physical), 1.043e-06 (Fourier l1, local)
#     - No correction is needed!
-5.880223994324843e-02 32 32 -4.123796616217338e+05 8.520184449871803e-01 4.956686169342435e-01 3.979933390505681e-13
# Omega_loc: -1.065484849633181e-16 -6.494160735691902e-06 -9.999999999999998e-01 3.315809717064694e-05 6.494160735798451e-06 0.000000000000000e+00 -7.548225424739445e-07 -9.999999999999998e-01 9.999999999999998e-01 7.548225424473073e-07 -2.663712124082952e-17 7.051888806720344e-05 -3.315809717064694e-05 1.000000000000000e+00 -7.051888806720344e-05 8.523878797065446e-16
# zcen: -1.000283103786701e+00 -1.895729978092840e-03 -9.254926190572377e-04 -1.007691087204405e+00
# zscale: 1.034675598946376e-05
# Continuation step 44 / 400
# We try to compute the torus for epsilon=-6.072473258279251e-02 (limit: -9.400000000000000e-02)
# Iteration 1 : 
Copy constructor of matrix
nrows = 4
ncols = 1
Copy constructor of matrix
nrows = 4
ncols = 1
#     - Size of the grid: 32 32 
#     - Tails of the parameterization: 5.067e-12 5.216e-12 
#     - Error of invariance: 5.033e-11 (max over grid, physical), 5.212e-06 (Fourier l1, local)
Copy constructor of matrix
nrows = 2
ncols = 2
Copy constructor of matrix
nrows = 4
ncols = 4
Copy constructor of matrix
nrows = 4
ncols = 4
Copy constructor of matrix
nrows = 2
ncols = 2
Copy constructor of matrix
nrows = 4
ncols = 4
Copy constructor of matrix
nrows = 4
ncols = 4
#     - Average torsion <T>: [-6.078e-07 -5.007e-06; -5.007e-06 1.311e-06], det -2.587e-11
#     - Norm inverse twist: -4.143e+05
#     - max |Im K| after the step: 1.931e-15 (removed)
#     - Residual of the linearized equation: 1.334e-12 (physical)
#     - Lagrangian defect |L^T Omega L|: 8.732e-05
#     - Frame check |L^T Omega N + I| (should be 0): 8.812e-11
#     - Norm of the correction: 2.726e-07 (physical), 2.635e-02 (local)
# Iteration 2 : 
Copy constructor of matrix
nrows = 4
ncols = 1
Copy constructor of matrix
nrows = 4
ncols = 1
#     - Size of the grid: 32 32 
#     - Tails of the parameterization: 0.000e+00 0.000e+00 
#     - Error of invariance: 6.086e-11 (max over grid, physical), 1.706e-05 (Fourier l1, local)
Copy constructor of matrix
nrows = 2
ncols = 2
Copy constructor of matrix
nrows = 4
ncols = 4
Copy constructor of matrix
nrows = 4
ncols = 4
Copy constructor of matrix
nrows = 2
ncols = 2
Copy constructor of matrix
nrows = 4
ncols = 4
Copy constructor of matrix
nrows = 4
ncols = 4
#     - Average torsion <T>: [-5.612e-07 -5.005e-06; -5.005e-06 1.591e-06], det -2.594e-11
#     - Norm inverse twist: -4.255e+05
#     - max |Im K| after the step: 2.124e-15 (removed)
#     - Residual of the linearized equation: 1.149e-12 (physical)
#     - Lagrangian defect |L^T Omega L|: 1.107e-04
#     - Frame check |L^T Omega N + I| (should be 0): 1.174e-10
#     - Norm of the correction: 8.665e-09 (physical), 8.375e-04 (local)
# Newton stalled; best error 5.033e-11 (physical), not accepted (tol-floor 1.000e-11)
# Newton method does not converge; halving the continuation step
###########################################
# Continuation step 45 / 400
# We try to compute the torus for epsilon=-5.976e-02 (limit: -9.400e-02)
# Iteration 1 : 
Copy constructor of matrix
nrows = 4
ncols = 1
Copy constructor of matrix
nrows = 4
ncols = 1
#     - Size of the grid: 32 32 
#     - Tails of the parameterization: 5.067e-12 5.216e-12 
#     - Error of invariance: 2.530e-11 (max over grid, physical), 3.139e-06 (Fourier l1, local)
Copy constructor of matrix
nrows = 2
ncols = 2
Copy constructor of matrix
nrows = 4
ncols = 4
Copy constructor of matrix
nrows = 4
ncols = 4
Copy constructor of matrix
nrows = 2
ncols = 2
Copy constructor of matrix
nrows = 4
ncols = 4
Copy constructor of matrix
nrows = 4
ncols = 4
#     - Average torsion <T>: [-5.840e-07 -5.007e-06; -5.007e-06 1.453e-06], det -2.592e-11
#     - Norm inverse twist: -4.199e+05
#     - max |Im K| after the step: 1.799e-15 (removed)
#     - Residual of the linearized equation: 1.248e-12 (physical)
#     - Lagrangian defect |L^T Omega L|: 8.732e-05
#     - Frame check |L^T Omega N + I| (should be 0): 8.812e-11
#     - Norm of the correction: 1.377e-07 (physical), 1.331e-02 (local)
# Iteration 2 : 
Copy constructor of matrix
nrows = 4
ncols = 1
Copy constructor of matrix
nrows = 4
ncols = 1
#     - Size of the grid: 32 32 
#     - Tails of the parameterization: 0.000e+00 0.000e+00 
#     - Error of invariance: 1.563e-11 (max over grid, physical), 5.149e-06 (Fourier l1, local)
Copy constructor of matrix
nrows = 2
ncols = 2
Copy constructor of matrix
nrows = 4
ncols = 4
Copy constructor of matrix
nrows = 4
ncols = 4
Copy constructor of matrix
nrows = 2
ncols = 2
Copy constructor of matrix
nrows = 4
ncols = 4
Copy constructor of matrix
nrows = 4
ncols = 4
#     - Average torsion <T>: [-5.604e-07 -5.006e-06; -5.006e-06 1.594e-06], det -2.596e-11
#     - Norm inverse twist: -4.256e+05
#     - max |Im K| after the step: 1.376e-15 (removed)
#     - Residual of the linearized equation: 1.154e-12 (physical)
#     - Lagrangian defect |L^T Omega L|: 1.033e-04
#     - Frame check |L^T Omega N + I| (should be 0): 1.089e-10
#     - Norm of the correction: 2.150e-09 (physical), 2.078e-04 (local)
# Iteration 3 : 
Copy constructor of matrix
nrows = 4
ncols = 1
Copy constructor of matrix
nrows = 4
ncols = 1
#     - Size of the grid: 32 32 
#     - Tails of the parameterization: 0.000e+00 0.000e+00 
#     - Error of invariance: 4.329e-13 (max over grid, physical), 1.066e-06 (Fourier l1, local)
#     - No correction is needed!
-5.976348626302046e-02 32 32 -4.255704254562078e+05 8.562547590420683e-01 4.980830149359732e-01 4.329158573926968e-13
# Omega_loc: 0.000000000000000e+00 -6.357979051753387e-06 -9.999999999999996e-01 3.244708399922305e-05 6.357979051862253e-06 0.000000000000000e+00 -7.398759374675751e-07 -1.000000000000000e+00 9.999999999999996e-01 7.398759374675751e-07 0.000000000000000e+00 6.901531746715966e-05 -3.244708399922305e-05 1.000000000000000e+00 -6.901531746715966e-05 0.000000000000000e+00
# zcen: -1.000283103651245e+00 -1.895729689108421e-03 -9.254928360537195e-04 -1.007691088039905e+00
# zscale: 1.023600150503503e-05
# Continuation step 46 / 400
# We try to compute the torus for epsilon=-6.104514802271652e-02 (limit: -9.400000000000000e-02)
# Iteration 1 : 
Copy constructor of matrix
nrows = 4
ncols = 1
Copy constructor of matrix
nrows = 4
ncols = 1
#     - Size of the grid: 32 32 
#     - Tails of the parameterization: 5.324e-12 5.364e-12 
#     - Error of invariance: 3.317e-11 (max over grid, physical), 3.830e-06 (Fourier l1, local)
Copy constructor of matrix
nrows = 2
ncols = 2
Copy constructor of matrix
nrows = 4
ncols = 4
Copy constructor of matrix
nrows = 4
ncols = 4
Copy constructor of matrix
nrows = 2
ncols = 2
Copy constructor of matrix
nrows = 4
ncols = 4
Copy constructor of matrix
nrows = 4
ncols = 4
#     - Average torsion <T>: [-5.800e-07 -4.900e-06; -4.900e-06 1.371e-06], det -2.481e-11
#     - Norm inverse twist: -4.270e+05
#     - max |Im K| after the step: 1.439e-15 (removed)
#     - Residual of the linearized equation: 1.421e-12 (physical)
#     - Lagrangian defect |L^T Omega L|: 7.673e-05
#     - Frame check |L^T Omega N + I| (should be 0): 7.605e-11
#     - Norm of the correction: 1.849e-07 (physical), 1.806e-02 (local)
# Iteration 2 : 
Copy constructor of matrix
nrows = 4
ncols = 1
Copy constructor of matrix
nrows = 4
ncols = 1
#     - Size of the grid: 32 32 
#     - Tails of the parameterization: 0.000e+00 0.000e+00 
#     - Error of invariance: 2.813e-11 (max over grid, physical), 8.520e-06 (Fourier l1, local)
Copy constructor of matrix
nrows = 2
ncols = 2
Copy constructor of matrix
nrows = 4
ncols = 4
Copy constructor of matrix
nrows = 4
ncols = 4
Copy constructor of matrix
nrows = 2
ncols = 2
Copy constructor of matrix
nrows = 4
ncols = 4
Copy constructor of matrix
nrows = 4
ncols = 4
#     - Average torsion <T>: [-5.486e-07 -4.899e-06; -4.899e-06 1.559e-06], det -2.486e-11
#     - Norm inverse twist: -4.348e+05
#     - max |Im K| after the step: 1.496e-15 (removed)
#     - Residual of the linearized equation: 1.155e-12 (physical)
#     - Lagrangian defect |L^T Omega L|: 7.869e-05
#     - Frame check |L^T Omega N + I| (should be 0): 7.777e-11
#     - Norm of the correction: 4.001e-09 (physical), 3.909e-04 (local)
# Iteration 3 : 
Copy constructor of matrix
nrows = 4
ncols = 1
Copy constructor of matrix
nrows = 4
ncols = 1
#     - Size of the grid: 32 32 
#     - Tails of the parameterization: 0.000e+00 0.000e+00 
#     - Error of invariance: 3.953e-13 (max over grid, physical), 1.131e-06 (Fourier l1, local)
#     - No correction is needed!
-6.104514802271652e-02 32 32 -4.348254551266001e+05 8.528648352955002e-01 4.960550929069514e-01 3.952879708115283e-13
# Omega_loc: -1.121180514064530e-16 -6.173523176482365e-06 -9.999999999999996e-01 3.150573491232649e-05 6.173523176538425e-06 0.000000000000000e+00 -7.173758669994754e-07 -1.000000000000001e+00 9.999999999999996e-01 7.173758669994754e-07 0.000000000000000e+00 6.701324814510089e-05 -3.150573491232649e-05 1.000000000000000e+00 -6.701324814487667e-05 0.000000000000000e+00
# zcen: -1.000283103470644e+00 -1.895729303784037e-03 -9.254931253490446e-04 -1.007691089154001e+00
# zscale: 1.008642493013102e-05
# Continuation step 47 / 400
# We try to compute the torus for epsilon=-6.275403036897792e-02 (limit: -9.400000000000000e-02)
# Iteration 1 : 
Copy constructor of matrix
nrows = 4
ncols = 1
Copy constructor of matrix
nrows = 4
ncols = 1
#     - Size of the grid: 32 32 
#     - Tails of the parameterization: 5.128e-12 5.258e-12 
#     - Error of invariance: 4.360e-11 (max over grid, physical), 4.816e-06 (Fourier l1, local)
Copy constructor of matrix
nrows = 2
ncols = 2
Copy constructor of matrix
nrows = 4
ncols = 4
Copy constructor of matrix
nrows = 4
ncols = 4
Copy constructor of matrix
nrows = 2
ncols = 2
Copy constructor of matrix
nrows = 4
ncols = 4
Copy constructor of matrix
nrows = 4
ncols = 4
#     - Average torsion <T>: [-5.746e-07 -4.758e-06; -4.758e-06 1.263e-06], det -2.336e-11
#     - Norm inverse twist: -4.368e+05
#     - max |Im K| after the step: 1.521e-15 (removed)
#     - Residual of the linearized equation: 1.260e-12 (physical)
#     - Lagrangian defect |L^T Omega L|: 7.814e-05
#     - Frame check |L^T Omega N + I| (should be 0): 7.222e-11
#     - Norm of the correction: 2.489e-07 (physical), 2.467e-02 (local)
# Iteration 2 : 
Copy constructor of matrix
nrows = 4
ncols = 1
Copy constructor of matrix
nrows = 4
ncols = 1
#     - Size of the grid: 32 32 
#     - Tails of the parameterization: 0.000e+00 0.000e+00 
#     - Error of invariance: 5.085e-11 (max over grid, physical), 1.479e-05 (Fourier l1, local)
Copy constructor of matrix
nrows = 2
ncols = 2
Copy constructor of matrix
nrows = 4
ncols = 4
Copy constructor of matrix
nrows = 4
ncols = 4
Copy constructor of matrix
nrows = 2
ncols = 2
Copy constructor of matrix
nrows = 4
ncols = 4
Copy constructor of matrix
nrows = 4
ncols = 4
#     - Average torsion <T>: [-5.331e-07 -4.756e-06; -4.756e-06 1.512e-06], det -2.343e-11
#     - Norm inverse twist: -4.478e+05
#     - max |Im K| after the step: 1.452e-15 (removed)
#     - Residual of the linearized equation: 1.301e-12 (physical)
#     - Lagrangian defect |L^T Omega L|: 7.842e-05
#     - Frame check |L^T Omega N + I| (should be 0): 7.535e-11
#     - Norm of the correction: 7.384e-09 (physical), 7.321e-04 (local)
# Newton stalled; best error 4.360e-11 (physical), not accepted (tol-floor 1.000e-11)
# Newton method does not converge; halving the continuation step
###########################################
# Continuation step 48 / 400
# We try to compute the torus for epsilon=-6.190e-02 (limit: -9.400e-02)
# Iteration 1 : 
Copy constructor of matrix
nrows = 4
ncols = 1
Copy constructor of matrix
nrows = 4
ncols = 1
#     - Size of the grid: 32 32 
#     - Tails of the parameterization: 5.128e-12 5.258e-12 
#     - Error of invariance: 2.190e-11 (max over grid, physical), 2.975e-06 (Fourier l1, local)
Copy constructor of matrix
nrows = 2
ncols = 2
Copy constructor of matrix
nrows = 4
ncols = 4
Copy constructor of matrix
nrows = 4
ncols = 4
Copy constructor of matrix
nrows = 2
ncols = 2
Copy constructor of matrix
nrows = 4
ncols = 4
Copy constructor of matrix
nrows = 4
ncols = 4
#     - Average torsion <T>: [-5.534e-07 -4.758e-06; -4.758e-06 1.389e-06], det -2.341e-11
#     - Norm inverse twist: -4.423e+05
#     - max |Im K| after the step: 1.169e-15 (removed)
#     - Residual of the linearized equation: 1.160e-12 (physical)
#     - Lagrangian defect |L^T Omega L|: 7.814e-05
#     - Frame check |L^T Omega N + I| (should be 0): 7.222e-11
#     - Norm of the correction: 1.257e-07 (physical), 1.247e-02 (local)
# Iteration 2 : 
Copy constructor of matrix
nrows = 4
ncols = 1
Copy constructor of matrix
nrows = 4
ncols = 1
#     - Size of the grid: 32 32 
#     - Tails of the parameterization: 0.000e+00 0.000e+00 
#     - Error of invariance: 1.287e-11 (max over grid, physical), 4.535e-06 (Fourier l1, local)
Copy constructor of matrix
nrows = 2
ncols = 2
Copy constructor of matrix
nrows = 4
ncols = 4
Copy constructor of matrix
nrows = 4
ncols = 4
Copy constructor of matrix
nrows = 2
ncols = 2
Copy constructor of matrix
nrows = 4
ncols = 4
Copy constructor of matrix
nrows = 4
ncols = 4
#     - Average torsion <T>: [-5.324e-07 -4.757e-06; -4.757e-06 1.515e-06], det -2.344e-11
#     - Norm inverse twist: -4.478e+05
#     - max |Im K| after the step: 1.288e-15 (removed)
#     - Residual of the linearized equation: 1.235e-12 (physical)
#     - Lagrangian defect |L^T Omega L|: 7.151e-05
#     - Frame check |L^T Omega N + I| (should be 0): 6.822e-11
#     - Norm of the correction: 1.710e-09 (physical), 1.695e-04 (local)
# Iteration 3 : 
Copy constructor of matrix
nrows = 4
ncols = 1
Copy constructor of matrix
nrows = 4
ncols = 1
#     - Size of the grid: 32 32 
#     - Tails of the parameterization: 0.000e+00 0.000e+00 
#     - Error of invariance: 3.476e-13 (max over grid, physical), 1.094e-06 (Fourier l1, local)
#     - No correction is needed!
-6.189958919584722e-02 32 32 -4.478353932056013e+05 8.568429299588646e-01 4.983355887912825e-01 3.476023527105780e-13
# Omega_loc: 0.000000000000000e+00 -6.049738549425184e-06 -1.000000000000000e+00 3.087754773840465e-05 6.049738549367987e-06 0.000000000000000e+00 -7.046984113805184e-07 -1.000000000000000e+00 1.000000000000000e+00 7.046984113233206e-07 0.000000000000000e+00 6.568052463252249e-05 -3.087754773840465e-05 1.000000000000000e+00 -6.568052463275129e-05 0.000000000000000e+00
# zcen: -1.000283103350289e+00 -1.895729046986134e-03 -9.254933181246808e-04 -1.007691089896518e+00
# zscale: 9.985488471917569e-06
# Continuation step 49 / 400
# We try to compute the torus for epsilon=-6.303884409335482e-02 (limit: -9.400000000000000e-02)
# Iteration 1 : 
Copy constructor of matrix
nrows = 4
ncols = 1
Copy constructor of matrix
nrows = 4
ncols = 1
#     - Size of the grid: 32 32 
#     - Tails of the parameterization: 5.207e-12 5.142e-12 
#     - Error of invariance: 2.871e-11 (max over grid, physical), 3.546e-06 (Fourier l1, local)
Copy constructor of matrix
nrows = 2
ncols = 2
Copy constructor of matrix
nrows = 4
ncols = 4
Copy constructor of matrix
nrows = 4
ncols = 4
Copy constructor of matrix
nrows = 2
ncols = 2
Copy constructor of matrix
nrows = 4
ncols = 4
Copy constructor of matrix
nrows = 4
ncols = 4
#     - Average torsion <T>: [-5.498e-07 -4.663e-06; -4.663e-06 1.317e-06], det -2.247e-11
#     - Norm inverse twist: -4.492e+05
#     - max |Im K| after the step: 1.729e-15 (removed)
#     - Residual of the linearized equation: 1.219e-12 (physical)
#     - Lagrangian defect |L^T Omega L|: 7.139e-05
#     - Frame check |L^T Omega N + I| (should be 0): 6.507e-11
#     - Norm of the correction: 1.686e-07 (physical), 1.688e-02 (local)
# Iteration 2 : 
Copy constructor of matrix
nrows = 4
ncols = 1
Copy constructor of matrix
nrows = 4
ncols = 1
#     - Size of the grid: 32 32 
#     - Tails of the parameterization: 0.000e+00 0.000e+00 
#     - Error of invariance: 2.355e-11 (max over grid, physical), 7.380e-06 (Fourier l1, local)
Copy constructor of matrix
nrows = 2
ncols = 2
Copy constructor of matrix
nrows = 4
ncols = 4
Copy constructor of matrix
nrows = 4
ncols = 4
Copy constructor of matrix
nrows = 2
ncols = 2
Copy constructor of matrix
nrows = 4
ncols = 4
Copy constructor of matrix
nrows = 4
ncols = 4
#     - Average torsion <T>: [-5.220e-07 -4.662e-06; -4.662e-06 1.484e-06], det -2.251e-11
#     - Norm inverse twist: -4.569e+05
#     - max |Im K| after the step: 1.750e-15 (removed)
#     - Residual of the linearized equation: 1.143e-12 (physical)
#     - Lagrangian defect |L^T Omega L|: 7.801e-05
#     - Frame check |L^T Omega N + I| (should be 0): 7.411e-11
#     - Norm of the correction: 3.236e-09 (physical), 3.241e-04 (local)
# Iteration 3 : 
Copy constructor of matrix
nrows = 4
ncols = 1
Copy constructor of matrix
nrows = 4
ncols = 1
#     - Size of the grid: 32 32 
#     - Tails of the parameterization: 0.000e+00 0.000e+00 
#     - Error of invariance: 3.507e-13 (max over grid, physical), 1.127e-06 (Fourier l1, local)
#     - No correction is needed!
-6.303884409335482e-02 32 32 -4.569281490188017e+05 8.536974762435916e-01 4.964495385398500e-01 3.507373185166802e-13
# Omega_loc: 1.175799905805824e-16 -5.886268575432830e-06 -1.000000000000000e+00 3.003978400221597e-05 5.886268575432830e-06 0.000000000000000e+00 -6.842310994649143e-07 -9.999999999999998e-01 1.000000000000000e+00 6.842310994061243e-07 0.000000000000000e+00 6.390183987581539e-05 -3.003978400245113e-05 1.000000000000000e+00 -6.390183987581539e-05 0.000000000000000e+00
# zcen: -1.000283103189798e+00 -1.895728704583270e-03 -9.254935752207297e-04 -1.007691090886474e+00
# zscale: 9.849310258172828e-06
# Continuation step 50 / 400
# We try to compute the torus for epsilon=-6.455785062336496e-02 (limit: -9.400000000000000e-02)
# Iteration 1 : 
Copy constructor of matrix
nrows = 4
ncols = 1
Copy constructor of matrix
nrows = 4
ncols = 1
#     - Size of the grid: 32 32 
#     - Tails of the parameterization: 5.335e-12 5.025e-12 
#     - Error of invariance: 3.769e-11 (max over grid, physical), 4.399e-06 (Fourier l1, local)
Copy constructor of matrix
nrows = 2
ncols = 2
Copy constructor of matrix
nrows = 4
ncols = 4
Copy constructor of matrix
nrows = 4
ncols = 4
Copy constructor of matrix
nrows = 2
ncols = 2
Copy constructor of matrix
nrows = 4
ncols = 4
Copy constructor of matrix
nrows = 4
ncols = 4
#     - Average torsion <T>: [-5.451e-07 -4.537e-06; -4.537e-06 1.220e-06], det -2.125e-11
#     - Norm inverse twist: -4.588e+05
#     - max |Im K| after the step: 1.307e-15 (removed)
#     - Residual of the linearized equation: 1.497e-12 (physical)
#     - Lagrangian defect |L^T Omega L|: 8.573e-05
#     - Frame check |L^T Omega N + I| (should be 0): 7.750e-11
#     - Norm of the correction: 2.267e-07 (physical), 2.302e-02 (local)
# Iteration 2 : 
Copy constructor of matrix
nrows = 4
ncols = 1
Copy constructor of matrix
nrows = 4
ncols = 1
#     - Size of the grid: 32 32 
#     - Tails of the parameterization: 0.000e+00 0.000e+00 
#     - Error of invariance: 4.214e-11 (max over grid, physical), 1.274e-05 (Fourier l1, local)
Copy constructor of matrix
nrows = 2
ncols = 2
Copy constructor of matrix
nrows = 4
ncols = 4
Copy constructor of matrix
nrows = 4
ncols = 4
Copy constructor of matrix
nrows = 2
ncols = 2
Copy constructor of matrix
nrows = 4
ncols = 4
Copy constructor of matrix
nrows = 4
ncols = 4
#     - Average torsion <T>: [-5.081e-07 -4.535e-06; -4.536e-06 1.442e-06], det -2.130e-11
#     - Norm inverse twist: -4.696e+05
#     - max |Im K| after the step: 1.326e-15 (removed)
#     - Residual of the linearized equation: 1.112e-12 (physical)
#     - Lagrangian defect |L^T Omega L|: 7.648e-05
#     - Frame check |L^T Omega N + I| (should be 0): 6.899e-11
#     - Norm of the correction: 6.342e-09 (physical), 6.439e-04 (local)
# Newton stalled; best error 3.769e-11 (physical), not accepted (tol-floor 1.000e-11)
# Newton method does not converge; halving the continuation step
###########################################
# Continuation step 51 / 400
# We try to compute the torus for epsilon=-6.380e-02 (limit: -9.400e-02)
# Iteration 1 : 
Copy constructor of matrix
nrows = 4
ncols = 1
Copy constructor of matrix
nrows = 4
ncols = 1
#     - Size of the grid: 32 32 
#     - Tails of the parameterization: 5.335e-12 5.025e-12 
#     - Error of invariance: 1.894e-11 (max over grid, physical), 2.763e-06 (Fourier l1, local)
Copy constructor of matrix
nrows = 2
ncols = 2
Copy constructor of matrix
nrows = 4
ncols = 4
Copy constructor of matrix
nrows = 4
ncols = 4
Copy constructor of matrix
nrows = 2
ncols = 2
Copy constructor of matrix
nrows = 4
ncols = 4
Copy constructor of matrix
nrows = 4
ncols = 4
#     - Average torsion <T>: [-5.262e-07 -4.537e-06; -4.537e-06 1.332e-06], det -2.128e-11
#     - Norm inverse twist: -4.642e+05
#     - max |Im K| after the step: 1.367e-15 (removed)
#     - Residual of the linearized equation: 1.416e-12 (physical)
#     - Lagrangian defect |L^T Omega L|: 8.573e-05
#     - Frame check |L^T Omega N + I| (should be 0): 7.750e-11
#     - Norm of the correction: 1.145e-07 (physical), 1.162e-02 (local)
# Iteration 2 : 
Copy constructor of matrix
nrows = 4
ncols = 1
Copy constructor of matrix
nrows = 4
ncols = 1
#     - Size of the grid: 32 32 
#     - Tails of the parameterization: 0.000e+00 0.000e+00 
#     - Error of invariance: 1.077e-11 (max over grid, physical), 4.065e-06 (Fourier l1, local)
Copy constructor of matrix
nrows = 2
ncols = 2
Copy constructor of matrix
nrows = 4
ncols = 4
Copy constructor of matrix
nrows = 4
ncols = 4
Copy constructor of matrix
nrows = 2
ncols = 2
Copy constructor of matrix
nrows = 4
ncols = 4
Copy constructor of matrix
nrows = 4
ncols = 4
#     - Average torsion <T>: [-5.076e-07 -4.536e-06; -4.536e-06 1.444e-06], det -2.131e-11
#     - Norm inverse twist: -4.697e+05
#     - max |Im K| after the step: 1.540e-15 (removed)
#     - Residual of the linearized equation: 1.211e-12 (physical)
#     - Lagrangian defect |L^T Omega L|: 7.137e-05
#     - Frame check |L^T Omega N + I| (should be 0): 6.495e-11
#     - Norm of the correction: 1.454e-09 (physical), 1.476e-04 (local)
# Iteration 3 : 
Copy constructor of matrix
nrows = 4
ncols = 1
Copy constructor of matrix
nrows = 4
ncols = 1
#     - Size of the grid: 32 32 
#     - Tails of the parameterization: 0.000e+00 0.000e+00 
#     - Error of invariance: 4.425e-13 (max over grid, physical), 1.091e-06 (Fourier l1, local)
#     - No correction is needed!
-6.379834735835989e-02 32 32 -4.696619476740211e+05 8.574201559641388e-01 4.985803991253659e-01 4.424663626887634e-13
# Omega_loc: 0.000000000000000e+00 -5.777369134520254e-06 -1.000000000000000e+00 2.948156781074723e-05 5.777369134520254e-06 0.000000000000000e+00 -6.709988850683853e-07 -1.000000000000001e+00 1.000000000000000e+00 6.709988850683853e-07 0.000000000000000e+00 6.271433710211404e-05 -2.948156781098684e-05 1.000000000000001e+00 -6.271433710223385e-05 0.000000000000000e+00
# zcen: -1.000283103082750e+00 -1.895728476187629e-03 -9.254937466919917e-04 -1.007691091546845e+00
# zscale: 9.757413889947649e-06
# Continuation step 52 / 400
# We try to compute the torus for epsilon=-6.481101837836664e-02 (limit: -9.400000000000000e-02)
# Iteration 1 : 
Copy constructor of matrix
nrows = 4
ncols = 1
Copy constructor of matrix
nrows = 4
ncols = 1
#     - Size of the grid: 32 32 
#     - Tails of the parameterization: 5.020e-12 5.066e-12 
#     - Error of invariance: 2.495e-11 (max over grid, physical), 3.270e-06 (Fourier l1, local)
Copy constructor of matrix
nrows = 2
ncols = 2
Copy constructor of matrix
nrows = 4
ncols = 4
Copy constructor of matrix
nrows = 4
ncols = 4
Copy constructor of matrix
nrows = 2
ncols = 2
Copy constructor of matrix
nrows = 4
ncols = 4
Copy constructor of matrix
nrows = 4
ncols = 4
#     - Average torsion <T>: [-5.231e-07 -4.452e-06; -4.452e-06 1.268e-06], det -2.049e-11
#     - Norm inverse twist: -4.710e+05
#     - max |Im K| after the step: 1.367e-15 (removed)
#     - Residual of the linearized equation: 1.334e-12 (physical)
#     - Lagrangian defect |L^T Omega L|: 6.808e-05
#     - Frame check |L^T Omega N + I| (should be 0): 5.902e-11
#     - Norm of the correction: 1.534e-07 (physical), 1.572e-02 (local)
# Iteration 2 : 
Copy constructor of matrix
nrows = 4
ncols = 1
Copy constructor of matrix
nrows = 4
ncols = 1
#     - Size of the grid: 32 32 
#     - Tails of the parameterization: 0.000e+00 0.000e+00 
#     - Error of invariance: 1.925e-11 (max over grid, physical), 6.431e-06 (Fourier l1, local)
Copy constructor of matrix
nrows = 2
ncols = 2
Copy constructor of matrix
nrows = 4
ncols = 4
Copy constructor of matrix
nrows = 4
ncols = 4
Copy constructor of matrix
nrows = 2
ncols = 2
Copy constructor of matrix
nrows = 4
ncols = 4
Copy constructor of matrix
nrows = 4
ncols = 4
#     - Average torsion <T>: [-4.983e-07 -4.452e-06; -4.452e-06 1.416e-06], det -2.052e-11
#     - Norm inverse twist: -4.785e+05
#     - max |Im K| after the step: 1.131e-15 (removed)
#     - Residual of the linearized equation: 9.930e-13 (physical)
#     - Lagrangian defect |L^T Omega L|: 8.318e-05
#     - Frame check |L^T Omega N + I| (should be 0): 7.585e-11
#     - Norm of the correction: 2.900e-09 (physical), 2.972e-04 (local)
# Iteration 3 : 
Copy constructor of matrix
nrows = 4
ncols = 1
Copy constructor of matrix
nrows = 4
ncols = 1
#     - Size of the grid: 32 32 
#     - Tails of the parameterization: 0.000e+00 0.000e+00 
#     - Error of invariance: 3.938e-13 (max over grid, physical), 1.114e-06 (Fourier l1, local)
#     - No correction is needed!
-6.481101837836664e-02 32 32 -4.785454506381116e+05 8.544968995586263e-01 4.968398853344401e-01 3.938393199505388e-13
# Omega_loc: 0.000000000000000e+00 -5.631521999261835e-06 -9.999999999999999e-01 2.873645909806780e-05 5.631521999261835e-06 0.000000000000000e+00 -6.552245854328228e-07 -9.999999999999986e-01 1.000000000000000e+00 6.552245854328228e-07 0.000000000000000e+00 6.113080744439474e-05 -2.873645909831362e-05 9.999999999999990e-01 -6.113080744427184e-05 0.000000000000000e+00
# zcen: -1.000283102940000e+00 -1.895728171608355e-03 -9.254939753459059e-04 -1.007691092427508e+00
# zscale: 9.633499443093181e-06
# Continuation step 53 / 400
# We try to compute the torus for epsilon=-6.616124640504231e-02 (limit: -9.400000000000000e-02)
# Iteration 1 : 
Copy constructor of matrix
nrows = 4
ncols = 1
Copy constructor of matrix
nrows = 4
ncols = 1
#     - Size of the grid: 32 32 
#     - Tails of the parameterization: 5.450e-12 5.691e-12 
#     - Error of invariance: 3.291e-11 (max over grid, physical), 4.014e-06 (Fourier l1, local)
Copy constructor of matrix
nrows = 2
ncols = 2
Copy constructor of matrix
nrows = 4
ncols = 4
Copy constructor of matrix
nrows = 4
ncols = 4
Copy constructor of matrix
nrows = 2
ncols = 2
Copy constructor of matrix
nrows = 4
ncols = 4
Copy constructor of matrix
nrows = 4
ncols = 4
#     - Average torsion <T>: [-5.188e-07 -4.340e-06; -4.340e-06 1.182e-06], det -1.945e-11
#     - Norm inverse twist: -4.804e+05
#     - max |Im K| after the step: 1.630e-15 (removed)
#     - Residual of the linearized equation: 1.278e-12 (physical)
#     - Lagrangian defect |L^T Omega L|: 8.295e-05
#     - Frame check |L^T Omega N + I| (should be 0): 7.230e-11
#     - Norm of the correction: 2.060e-07 (physical), 2.138e-02 (local)
# Iteration 2 : 
Copy constructor of matrix
nrows = 4
ncols = 1
Copy constructor of matrix
nrows = 4
ncols = 1
#     - Size of the grid: 32 32 
#     - Tails of the parameterization: 0.000e+00 0.000e+00 
#     - Error of invariance: 3.492e-11 (max over grid, physical), 1.095e-05 (Fourier l1, local)
Copy constructor of matrix
nrows = 2
ncols = 2
Copy constructor of matrix
nrows = 4
ncols = 4
Copy constructor of matrix
nrows = 4
ncols = 4
Copy constructor of matrix
nrows = 2
ncols = 2
Copy constructor of matrix
nrows = 4
ncols = 4
Copy constructor of matrix
nrows = 4
ncols = 4
#     - Average torsion <T>: [-4.859e-07 -4.339e-06; -4.339e-06 1.379e-06], det -1.950e-11
#     - Norm inverse twist: -4.909e+05
#     - max |Im K| after the step: 1.147e-15 (removed)
#     - Residual of the linearized equation: 1.252e-12 (physical)
#     - Lagrangian defect |L^T Omega L|: 6.755e-05
#     - Frame check |L^T Omega N + I| (should be 0): 5.817e-11
#     - Norm of the correction: 5.305e-09 (physical), 5.507e-04 (local)
# Newton stalled; best error 3.291e-11 (physical), not accepted (tol-floor 1.000e-11)
# Newton method does not converge; halving the continuation step
###########################################
# Continuation step 54 / 400
# We try to compute the torus for epsilon=-6.549e-02 (limit: -9.400e-02)
# Iteration 1 : 
Copy constructor of matrix
nrows = 4
ncols = 1
Copy constructor of matrix
nrows = 4
ncols = 1
#     - Size of the grid: 32 32 
#     - Tails of the parameterization: 5.450e-12 5.691e-12 
#     - Error of invariance: 1.655e-11 (max over grid, physical), 2.562e-06 (Fourier l1, local)
Copy constructor of matrix
nrows = 2
ncols = 2
Copy constructor of matrix
nrows = 4
ncols = 4
Copy constructor of matrix
nrows = 4
ncols = 4
Copy constructor of matrix
nrows = 2
ncols = 2
Copy constructor of matrix
nrows = 4
ncols = 4
Copy constructor of matrix
nrows = 4
ncols = 4
#     - Average torsion <T>: [-5.021e-07 -4.340e-06; -4.340e-06 1.282e-06], det -1.948e-11
#     - Norm inverse twist: -4.856e+05
#     - max |Im K| after the step: 1.598e-15 (removed)
#     - Residual of the linearized equation: 1.211e-12 (physical)
#     - Lagrangian defect |L^T Omega L|: 8.295e-05
#     - Frame check |L^T Omega N + I| (should be 0): 7.230e-11
#     - Norm of the correction: 1.039e-07 (physical), 1.078e-02 (local)
# Iteration 2 : 
Copy constructor of matrix
nrows = 4
ncols = 1
Copy constructor of matrix
nrows = 4
ncols = 1
#     - Size of the grid: 32 32 
#     - Tails of the parameterization: 0.000e+00 0.000e+00 
#     - Error of invariance: 8.920e-12 (max over grid, physical), 3.680e-06 (Fourier l1, local)
Copy constructor of matrix
nrows = 2
ncols = 2
Copy constructor of matrix
nrows = 4
ncols = 4
Copy constructor of matrix
nrows = 4
ncols = 4
Copy constructor of matrix
nrows = 2
ncols = 2
Copy constructor of matrix
nrows = 4
ncols = 4
Copy constructor of matrix
nrows = 4
ncols = 4
#     - Average torsion <T>: [-4.855e-07 -4.340e-06; -4.340e-06 1.381e-06], det -1.950e-11
#     - Norm inverse twist: -4.909e+05
#     - max |Im K| after the step: 1.531e-15 (removed)
#     - Residual of the linearized equation: 1.204e-12 (physical)
#     - Lagrangian defect |L^T Omega L|: 6.326e-05
#     - Frame check |L^T Omega N + I| (should be 0): 5.420e-11
#     - Norm of the correction: 1.258e-09 (physical), 1.306e-04 (local)
# Iteration 3 : 
Copy constructor of matrix
nrows = 4
ncols = 1
Copy constructor of matrix
nrows = 4
ncols = 1
#     - Size of the grid: 32 32 
#     - Tails of the parameterization: 0.000e+00 0.000e+00 
#     - Error of invariance: 3.767e-13 (max over grid, physical), 1.193e-06 (Fourier l1, local)
#     - No correction is needed!
-6.548613239170448e-02 32 32 -4.909442781382881e+05 8.579918267207031e-01 4.988411498275397e-01 3.767330555598081e-13
# Omega_loc: 0.000000000000000e+00 -5.533415006470596e-06 -9.999999999999999e-01 2.824133140668049e-05 5.533415006408066e-06 0.000000000000000e+00 -6.443364864096646e-07 -9.999999999999999e-01 1.000000000000000e+00 6.443364864721952e-07 0.000000000000000e+00 6.008070907277048e-05 -2.824133140693061e-05 9.999999999999999e-01 -6.008070907277048e-05 0.000000000000000e+00
# zcen: -1.000283102844958e+00 -1.895727968830092e-03 -9.254941275855222e-04 -1.007691093013807e+00
# zscale: 9.550109657004831e-06
# Continuation step 55 / 400
# We try to compute the torus for epsilon=-6.638628440948825e-02 (limit: -9.400000000000000e-02)
# Iteration 1 : 
Copy constructor of matrix
nrows = 4
ncols = 1
Copy constructor of matrix
nrows = 4
ncols = 1
#     - Size of the grid: 32 32 
#     - Tails of the parameterization: 5.547e-12 5.504e-12 
#     - Error of invariance: 2.186e-11 (max over grid, physical), 3.118e-06 (Fourier l1, local)
Copy constructor of matrix
nrows = 2
ncols = 2
Copy constructor of matrix
nrows = 4
ncols = 4
Copy constructor of matrix
nrows = 4
ncols = 4
Copy constructor of matrix
nrows = 2
ncols = 2
Copy constructor of matrix
nrows = 4
ncols = 4
Copy constructor of matrix
nrows = 4
ncols = 4
#     - Average torsion <T>: [-4.993e-07 -4.265e-06; -4.265e-06 1.225e-06], det -1.880e-11
#     - Norm inverse twist: -4.923e+05
#     - max |Im K| after the step: 1.600e-15 (removed)
#     - Residual of the linearized equation: 1.421e-12 (physical)
#     - Lagrangian defect |L^T Omega L|: 9.529e-05
#     - Frame check |L^T Omega N + I| (should be 0): 8.171e-11
#     - Norm of the correction: 1.394e-07 (physical), 1.460e-02 (local)
# Iteration 2 : 
Copy constructor of matrix
nrows = 4
ncols = 1
Copy constructor of matrix
nrows = 4
ncols = 1
#     - Size of the grid: 32 32 
#     - Tails of the parameterization: 0.000e+00 0.000e+00 
#     - Error of invariance: 1.602e-11 (max over grid, physical), 5.682e-06 (Fourier l1, local)
Copy constructor of matrix
nrows = 2
ncols = 2
Copy constructor of matrix
nrows = 4
ncols = 4
Copy constructor of matrix
nrows = 4
ncols = 4
Copy constructor of matrix
nrows = 2
ncols = 2
Copy constructor of matrix
nrows = 4
ncols = 4
Copy constructor of matrix
nrows = 4
ncols = 4
#     - Average torsion <T>: [-4.772e-07 -4.265e-06; -4.265e-06 1.357e-06], det -1.883e-11
#     - Norm inverse twist: -4.996e+05
#     - max |Im K| after the step: 1.136e-15 (removed)
#     - Residual of the linearized equation: 1.065e-12 (physical)
#     - Lagrangian defect |L^T Omega L|: 8.838e-05
#     - Frame check |L^T Omega N + I| (should be 0): 7.716e-11
#     - Norm of the correction: 2.406e-09 (physical), 2.519e-04 (local)
# Iteration 3 : 
Copy constructor of matrix
nrows = 4
ncols = 1
Copy constructor of matrix
nrows = 4
ncols = 1
#     - Size of the grid: 32 32 
#     - Tails of the parameterization: 0.000e+00 0.000e+00 
#     - Error of invariance: 3.982e-13 (max over grid, physical), 1.193e-06 (Fourier l1, local)
#     - No correction is needed!
-6.638628440948825e-02 32 32 -4.995571742250190e+05 8.552813833053230e-01 4.972330617202587e-01 3.982040406674928e-13
# Omega_loc: -1.280593895471915e-16 -5.403604977303572e-06 -9.999999999999998e-01 2.757855811208263e-05 5.403604977303572e-06 0.000000000000000e+00 -6.311938354010661e-07 -1.000000000000000e+00 9.999999999999998e-01 6.311938354330810e-07 0.000000000000000e+00 5.867328696523035e-05 -2.757855811208263e-05 1.000000000000000e+00 -5.867328696510229e-05 -1.024475116377532e-15
# zcen: -1.000283102718072e+00 -1.895727698090625e-03 -9.254943308198247e-04 -1.007691093796649e+00
# zscale: 9.437622732641577e-06
# Continuation step 56 / 400
# We try to compute the torus for epsilon=-6.758648709986663e-02 (limit: -9.400000000000000e-02)
# Iteration 1 : 
Copy constructor of matrix
nrows = 4
ncols = 1
Copy constructor of matrix
nrows = 4
ncols = 1
#     - Size of the grid: 32 32 
#     - Tails of the parameterization: 5.675e-12 5.596e-12 
#     - Error of invariance: 2.859e-11 (max over grid, physical), 3.765e-06 (Fourier l1, local)
Copy constructor of matrix
nrows = 2
ncols = 2
Copy constructor of matrix
nrows = 4
ncols = 4
Copy constructor of matrix
nrows = 4
ncols = 4
Copy constructor of matrix
nrows = 2
ncols = 2
Copy constructor of matrix
nrows = 4
ncols = 4
Copy constructor of matrix
nrows = 4
ncols = 4
#     - Average torsion <T>: [-4.955e-07 -4.165e-06; -4.165e-06 1.149e-06], det -1.792e-11
#     - Norm inverse twist: -5.014e+05
#     - max |Im K| after the step: 1.754e-15 (removed)
#     - Residual of the linearized equation: 1.404e-12 (physical)
#     - Lagrangian defect |L^T Omega L|: 7.786e-05
#     - Frame check |L^T Omega N + I| (should be 0): 6.515e-11
#     - Norm of the correction: 1.871e-07 (physical), 1.983e-02 (local)
# Iteration 2 : 
Copy constructor of matrix
nrows = 4
ncols = 1
Copy constructor of matrix
nrows = 4
ncols = 1
#     - Size of the grid: 32 32 
#     - Tails of the parameterization: 0.000e+00 0.000e+00 
#     - Error of invariance: 2.877e-11 (max over grid, physical), 9.428e-06 (Fourier l1, local)
Copy constructor of matrix
nrows = 2
ncols = 2
Copy constructor of matrix
nrows = 4
ncols = 4
Copy constructor of matrix
nrows = 4
ncols = 4
Copy constructor of matrix
nrows = 2
ncols = 2
Copy constructor of matrix
nrows = 4
ncols = 4
Copy constructor of matrix
nrows = 4
ncols = 4
#     - Average torsion <T>: [-4.662e-07 -4.164e-06; -4.164e-06 1.324e-06], det -1.796e-11
#     - Norm inverse twist: -5.115e+05
#     - max |Im K| after the step: 1.350e-15 (removed)
#     - Residual of the linearized equation: 1.289e-12 (physical)
#     - Lagrangian defect |L^T Omega L|: 8.931e-05
#     - Frame check |L^T Omega N + I| (should be 0): 7.737e-11
#     - Norm of the correction: 4.369e-09 (physical), 4.629e-04 (local)
# Newton stalled; best error 2.859e-11 (physical), not accepted (tol-floor 1.000e-11)
# Newton method does not converge; halving the continuation step
###########################################
# Continuation step 57 / 400
# We try to compute the torus for epsilon=-6.699e-02 (limit: -9.400e-02)
# Iteration 1 : 
Copy constructor of matrix
nrows = 4
ncols = 1
Copy constructor of matrix
nrows = 4
ncols = 1
#     - Size of the grid: 32 32 
#     - Tails of the parameterization: 5.675e-12 5.596e-12 
#     - Error of invariance: 1.442e-11 (max over grid, physical), 2.475e-06 (Fourier l1, local)
Copy constructor of matrix
nrows = 2
ncols = 2
Copy constructor of matrix
nrows = 4
ncols = 4
Copy constructor of matrix
nrows = 4
ncols = 4
Copy constructor of matrix
nrows = 2
ncols = 2
Copy constructor of matrix
nrows = 4
ncols = 4
Copy constructor of matrix
nrows = 4
ncols = 4
#     - Average torsion <T>: [-4.806e-07 -4.165e-06; -4.165e-06 1.237e-06], det -1.794e-11
#     - Norm inverse twist: -5.064e+05
#     - max |Im K| after the step: 1.222e-15 (removed)
#     - Residual of the linearized equation: 1.344e-12 (physical)
#     - Lagrangian defect |L^T Omega L|: 7.786e-05
#     - Frame check |L^T Omega N + I| (should be 0): 6.515e-11
#     - Norm of the correction: 9.436e-08 (physical), 9.998e-03 (local)
# Iteration 2 : 
Copy constructor of matrix
nrows = 4
ncols = 1
Copy constructor of matrix
nrows = 4
ncols = 1
#     - Size of the grid: 32 32 
#     - Tails of the parameterization: 0.000e+00 0.000e+00 
#     - Error of invariance: 7.442e-12 (max over grid, physical), 3.214e-06 (Fourier l1, local)
Copy constructor of matrix
nrows = 2
ncols = 2
Copy constructor of matrix
nrows = 4
ncols = 4
Copy constructor of matrix
nrows = 4
ncols = 4
Copy constructor of matrix
nrows = 2
ncols = 2
Copy constructor of matrix
nrows = 4
ncols = 4
Copy constructor of matrix
nrows = 4
ncols = 4
#     - Average torsion <T>: [-4.659e-07 -4.165e-06; -4.165e-06 1.326e-06], det -1.796e-11
#     - Norm inverse twist: -5.115e+05
#     - max |Im K| after the step: 1.672e-15 (removed)
#     - Residual of the linearized equation: 1.140e-12 (physical)
#     - Lagrangian defect |L^T Omega L|: 8.567e-05
#     - Frame check |L^T Omega N + I| (should be 0): 7.383e-11
#     - Norm of the correction: 1.012e-09 (physical), 1.072e-04 (local)
# Iteration 3 : 
Copy constructor of matrix
nrows = 4
ncols = 1
Copy constructor of matrix
nrows = 4
ncols = 1
#     - Size of the grid: 32 32 
#     - Tails of the parameterization: 0.000e+00 0.000e+00 
#     - Error of invariance: 4.343e-13 (max over grid, physical), 1.211e-06 (Fourier l1, local)
#     - No correction is needed!
-6.698638575467744e-02 32 32 -5.115483839378766e+05 8.585301449558723e-01 4.990898460032493e-01 4.343256668261845e-13
# Omega_loc: 0.000000000000000e+00 -5.317769184806021e-06 -1.000000000000000e+00 2.713814195587027e-05 5.317769184740952e-06 0.000000000000000e+00 -6.184683097421723e-07 -1.000000000000000e+00 1.000000000000000e+00 6.184683098072416e-07 0.000000000000000e+00 5.773478811258788e-05 -2.713814195587027e-05 1.000000000000000e+00 -5.773478811258788e-05 0.000000000000000e+00
# zcen: -1.000283102633503e+00 -1.895727517665054e-03 -9.254944662923986e-04 -1.007691094318293e+00
# zscale: 9.361909418349860e-06
# Continuation step 58 / 400
# We try to compute the torus for epsilon=-6.778652088159635e-02 (limit: -9.400000000000000e-02)
# Iteration 1 : 
Copy constructor of matrix
nrows = 4
ncols = 1
Copy constructor of matrix
nrows = 4
ncols = 1
#     - Size of the grid: 32 32 
#     - Tails of the parameterization: 5.690e-12 5.711e-12 
#     - Error of invariance: 1.890e-11 (max over grid, physical), 2.942e-06 (Fourier l1, local)
Copy constructor of matrix
nrows = 2
ncols = 2
Copy constructor of matrix
nrows = 4
ncols = 4
Copy constructor of matrix
nrows = 4
ncols = 4
Copy constructor of matrix
nrows = 2
ncols = 2
Copy constructor of matrix
nrows = 4
ncols = 4
Copy constructor of matrix
nrows = 4
ncols = 4
#     - Average torsion <T>: [-4.781e-07 -4.099e-06; -4.099e-06 1.186e-06], det -1.737e-11
#     - Norm inverse twist: -5.128e+05
#     - max |Im K| after the step: 1.024e-15 (removed)
#     - Residual of the linearized equation: 1.369e-12 (physical)
#     - Lagrangian defect |L^T Omega L|: 9.810e-05
#     - Frame check |L^T Omega N + I| (should be 0): 8.113e-11
#     - Norm of the correction: 1.264e-07 (physical), 1.350e-02 (local)
# Iteration 2 : 
Copy constructor of matrix
nrows = 4
ncols = 1
Copy constructor of matrix
nrows = 4
ncols = 1
#     - Size of the grid: 32 32 
#     - Tails of the parameterization: 0.000e+00 0.000e+00 
#     - Error of invariance: 1.342e-11 (max over grid, physical), 4.960e-06 (Fourier l1, local)
Copy constructor of matrix
nrows = 2
ncols = 2
Copy constructor of matrix
nrows = 4
ncols = 4
Copy constructor of matrix
nrows = 4
ncols = 4
Copy constructor of matrix
nrows = 2
ncols = 2
Copy constructor of matrix
nrows = 4
ncols = 4
Copy constructor of matrix
nrows = 4
ncols = 4
#     - Average torsion <T>: [-4.585e-07 -4.098e-06; -4.098e-06 1.304e-06], det -1.739e-11
#     - Norm inverse twist: -5.199e+05
#     - max |Im K| after the step: 1.159e-15 (removed)
#     - Residual of the linearized equation: 1.263e-12 (physical)
#     - Lagrangian defect |L^T Omega L|: 8.808e-05
#     - Frame check |L^T Omega N + I| (should be 0): 7.336e-11
#     - Norm of the correction: 1.970e-09 (physical), 2.104e-04 (local)
# Iteration 3 : 
Copy constructor of matrix
nrows = 4
ncols = 1
Copy constructor of matrix
nrows = 4
ncols = 1
#     - Size of the grid: 32 32 
#     - Tails of the parameterization: 0.000e+00 0.000e+00 
#     - Error of invariance: 3.519e-13 (max over grid, physical), 1.216e-06 (Fourier l1, local)
#     - No correction is needed!
-6.778652088159635e-02 32 32 -5.198542199255420e+05 8.560465739771219e-01 4.976079697842218e-01 3.519036030463229e-13
# Omega_loc: 1.330190307629903e-16 -5.203681477341242e-06 -1.000000000000000e+00 2.654887543145517e-05 5.203681477274732e-06 0.000000000000000e+00 -6.057308614210196e-07 -1.000000000000000e+00 1.000000000000000e+00 6.057308613877648e-07 0.000000000000000e+00 5.648308696990325e-05 -2.654887543145517e-05 1.000000000000000e+00 -5.648308696977023e-05 0.000000000000000e+00
# zcen: -1.000283102520720e+00 -1.895727277037216e-03 -9.254946469556922e-04 -1.007691095014016e+00
# zscale: 9.259972106698478e-06
# Continuation step 59 / 400
# We try to compute the torus for epsilon=-6.885336771748825e-02 (limit: -9.400000000000000e-02)
# Iteration 1 : 
Copy constructor of matrix
nrows = 4
ncols = 1
Copy constructor of matrix
nrows = 4
ncols = 1
#     - Size of the grid: 32 32 
#     - Tails of the parameterization: 5.790e-12 5.364e-12 
#     - Error of invariance: 2.497e-11 (max over grid, physical), 3.507e-06 (Fourier l1, local)
Copy constructor of matrix
nrows = 2
ncols = 2
Copy constructor of matrix
nrows = 4
ncols = 4
Copy constructor of matrix
nrows = 4
ncols = 4
Copy constructor of matrix
nrows = 2
ncols = 2
Copy constructor of matrix
nrows = 4
ncols = 4
Copy constructor of matrix
nrows = 4
ncols = 4
#     - Average torsion <T>: [-4.748e-07 -4.010e-06; -4.010e-06 1.119e-06], det -1.661e-11
#     - Norm inverse twist: -5.216e+05
#     - max |Im K| after the step: 2.375e-15 (removed)
#     - Residual of the linearized equation: 1.113e-12 (physical)
#     - Lagrangian defect |L^T Omega L|: 6.539e-05
#     - Frame check |L^T Omega N + I| (should be 0): 5.071e-11
#     - Norm of the correction: 1.695e-07 (physical), 1.831e-02 (local)
# Iteration 2 : 
Copy constructor of matrix
nrows = 4
ncols = 1
Copy constructor of matrix
nrows = 4
ncols = 1
#     - Size of the grid: 32 32 
#     - Tails of the parameterization: 0.000e+00 0.000e+00 
#     - Error of invariance: 2.361e-11 (max over grid, physical), 8.086e-06 (Fourier l1, local)
Copy constructor of matrix
nrows = 2
ncols = 2
Copy constructor of matrix
nrows = 4
ncols = 4
Copy constructor of matrix
nrows = 4
ncols = 4
Copy constructor of matrix
nrows = 2
ncols = 2
Copy constructor of matrix
nrows = 4
ncols = 4
Copy constructor of matrix
nrows = 4
ncols = 4
#     - Average torsion <T>: [-4.487e-07 -4.009e-06; -4.009e-06 1.275e-06], det -1.664e-11
#     - Norm inverse twist: -5.314e+05
#     - max |Im K| after the step: 1.513e-15 (removed)
#     - Residual of the linearized equation: 1.288e-12 (physical)
#     - Lagrangian defect |L^T Omega L|: 1.085e-04
#     - Frame check |L^T Omega N + I| (should be 0): 9.135e-11
#     - Norm of the correction: 3.724e-09 (physical), 4.021e-04 (local)
# Newton stalled; best error 2.361e-11 (physical), not accepted (tol-floor 1.000e-11)
# Newton method does not converge; halving the continuation step
###########################################
# Continuation step 60 / 400
# We try to compute the torus for epsilon=-6.832e-02 (limit: -9.400e-02)
# Iteration 1 : 
Copy constructor of matrix
nrows = 4
ncols = 1
Copy constructor of matrix
nrows = 4
ncols = 1
#     - Size of the grid: 32 32 
#     - Tails of the parameterization: 5.790e-12 5.364e-12 
#     - Error of invariance: 1.254e-11 (max over grid, physical), 2.363e-06 (Fourier l1, local)
Copy constructor of matrix
nrows = 2
ncols = 2
Copy constructor of matrix
nrows = 4
ncols = 4
Copy constructor of matrix
nrows = 4
ncols = 4
Copy constructor of matrix
nrows = 2
ncols = 2
Copy constructor of matrix
nrows = 4
ncols = 4
Copy constructor of matrix
nrows = 4
ncols = 4
#     - Average torsion <T>: [-4.616e-07 -4.010e-06; -4.010e-06 1.197e-06], det -1.663e-11
#     - Norm inverse twist: -5.265e+05
#     - max |Im K| after the step: 1.863e-15 (removed)
#     - Residual of the linearized equation: 1.047e-12 (physical)
#     - Lagrangian defect |L^T Omega L|: 6.539e-05
#     - Frame check |L^T Omega N + I| (should be 0): 5.071e-11
#     - Norm of the correction: 8.540e-08 (physical), 9.222e-03 (local)
# Iteration 2 : 
Copy constructor of matrix
nrows = 4
ncols = 1
Copy constructor of matrix
nrows = 4
ncols = 1
#     - Size of the grid: 32 32 
#     - Tails of the parameterization: 0.000e+00 0.000e+00 
#     - Error of invariance: 6.107e-12 (max over grid, physical), 2.925e-06 (Fourier l1, local)
Copy constructor of matrix
nrows = 2
ncols = 2
Copy constructor of matrix
nrows = 4
ncols = 4
Copy constructor of matrix
nrows = 4
ncols = 4
Copy constructor of matrix
nrows = 2
ncols = 2
Copy constructor of matrix
nrows = 4
ncols = 4
Copy constructor of matrix
nrows = 4
ncols = 4
#     - Average torsion <T>: [-4.484e-07 -4.010e-06; -4.010e-06 1.276e-06], det -1.665e-11
#     - Norm inverse twist: -5.314e+05
#     - max |Im K| after the step: 1.446e-15 (removed)
#     - Residual of the linearized equation: 1.192e-12 (physical)
#     - Lagrangian defect |L^T Omega L|: 1.061e-04
#     - Frame check |L^T Omega N + I| (should be 0): 8.855e-11
#     - Norm of the correction: 1.103e-09 (physical), 1.191e-04 (local)
# Iteration 3 : 
Copy constructor of matrix
nrows = 4
ncols = 1
Copy constructor of matrix
nrows = 4
ncols = 1
#     - Size of the grid: 32 32 
#     - Tails of the parameterization: 0.000e+00 0.000e+00 
#     - Error of invariance: 3.354e-13 (max over grid, physical), 1.189e-06 (Fourier l1, local)
#     - No correction is needed!
-6.831994429954230e-02 32 32 -5.313662369799759e+05 8.590467450480435e-01 4.993378021388370e-01 3.354228762060408e-13
# Omega_loc: 0.000000000000000e+00 -5.126209502384412e-06 -1.000000000000000e+00 2.615889075071015e-05 5.126209502384412e-06 0.000000000000000e+00 -5.981129219069815e-07 -1.000000000000000e+00 9.999999999999999e-01 5.981129219069815e-07 0.000000000000000e+00 5.564872849300341e-05 -2.615889075098018e-05 9.999999999999999e-01 -5.564872849300341e-05 0.000000000000000e+00
# zcen: -1.000283102445489e+00 -1.895727116503669e-03 -9.254947674414147e-04 -1.007691095478229e+00
# zscale: 9.191330452282495e-06
# Continuation step 61 / 400
# We try to compute the torus for epsilon=-6.903117552347023e-02 (limit: -9.400000000000000e-02)
# Iteration 1 : 
Copy constructor of matrix
nrows = 4
ncols = 1
Copy constructor of matrix
nrows = 4
ncols = 1
#     - Size of the grid: 32 32 
#     - Tails of the parameterization: 5.364e-12 5.729e-12 
#     - Error of invariance: 1.657e-11 (max over grid, physical), 2.695e-06 (Fourier l1, local)
Copy constructor of matrix
nrows = 2
ncols = 2
Copy constructor of matrix
nrows = 4
ncols = 4
Copy constructor of matrix
nrows = 4
ncols = 4
Copy constructor of matrix
nrows = 2
ncols = 2
Copy constructor of matrix
nrows = 4
ncols = 4
Copy constructor of matrix
nrows = 4
ncols = 4
#     - Average torsion <T>: [-4.593e-07 -3.951e-06; -3.951e-06 1.153e-06], det -1.614e-11
#     - Norm inverse twist: -5.326e+05
#     - max |Im K| after the step: 1.501e-15 (removed)
#     - Residual of the linearized equation: 1.168e-12 (physical)
#     - Lagrangian defect |L^T Omega L|: 1.117e-04
#     - Frame check |L^T Omega N + I| (should be 0): 9.208e-11
#     - Norm of the correction: 1.143e-07 (physical), 1.244e-02 (local)
# Iteration 2 : 
Copy constructor of matrix
nrows = 4
ncols = 1
Copy constructor of matrix
nrows = 4
ncols = 1
#     - Size of the grid: 32 32 
#     - Tails of the parameterization: 0.000e+00 0.000e+00 
#     - Error of invariance: 1.076e-11 (max over grid, physical), 4.275e-06 (Fourier l1, local)
Copy constructor of matrix
nrows = 2
ncols = 2
Copy constructor of matrix
nrows = 4
ncols = 4
Copy constructor of matrix
nrows = 4
ncols = 4
Copy constructor of matrix
nrows = 2
ncols = 2
Copy constructor of matrix
nrows = 4
ncols = 4
Copy constructor of matrix
nrows = 4
ncols = 4
#     - Average torsion <T>: [-4.419e-07 -3.950e-06; -3.950e-06 1.257e-06], det -1.616e-11
#     - Norm inverse twist: -5.393e+05
#     - max |Im K| after the step: 1.628e-15 (removed)
#     - Residual of the linearized equation: 1.160e-12 (physical)
#     - Lagrangian defect |L^T Omega L|: 6.253e-05
#     - Frame check |L^T Omega N + I| (should be 0): 4.849e-11
#     - Norm of the correction: 1.550e-09 (physical), 1.687e-04 (local)
# Iteration 3 : 
Copy constructor of matrix
nrows = 4
ncols = 1
Copy constructor of matrix
nrows = 4
ncols = 1
#     - Size of the grid: 32 32 
#     - Tails of the parameterization: 0.000e+00 0.000e+00 
#     - Error of invariance: 3.448e-13 (max over grid, physical), 1.208e-06 (Fourier l1, local)
#     - No correction is needed!
-6.903117552347023e-02 32 32 -5.393342937814879e+05 8.567907120172605e-01 4.979833050508531e-01 3.447958707728462e-13
# Omega_loc: 0.000000000000000e+00 -5.024523618772272e-06 -1.000000000000000e+00 2.563413032828938e-05 5.024523618772272e-06 0.000000000000000e+00 -5.851610673437242e-07 -1.000000000000000e+00 1.000000000000000e+00 5.851610673437242e-07 0.000000000000000e+00 5.454050602091702e-05 -2.563413032801386e-05 9.999999999999998e-01 -5.454050602091702e-05 0.000000000000000e+00
# zcen: -1.000283102345384e+00 -1.895726902944739e-03 -9.254949278118441e-04 -1.007691096095639e+00
# zscale: 9.099224847417637e-06
# Continuation step 62 / 400
# We try to compute the torus for epsilon=-6.997948382204079e-02 (limit: -9.400000000000000e-02)
# Iteration 1 : 
Copy constructor of matrix
nrows = 4
ncols = 1
Copy constructor of matrix
nrows = 4
ncols = 1
#     - Size of the grid: 32 32 
#     - Tails of the parameterization: 5.650e-12 5.551e-12 
#     - Error of invariance: 2.173e-11 (max over grid, physical), 3.243e-06 (Fourier l1, local)
Copy constructor of matrix
nrows = 2
ncols = 2
Copy constructor of matrix
nrows = 4
ncols = 4
Copy constructor of matrix
nrows = 4
ncols = 4
Copy constructor of matrix
nrows = 2
ncols = 2
Copy constructor of matrix
nrows = 4
ncols = 4
Copy constructor of matrix
nrows = 4
ncols = 4
#     - Average torsion <T>: [-4.564e-07 -3.872e-06; -3.872e-06 1.092e-06], det -1.549e-11
#     - Norm inverse twist: -5.410e+05
#     - max |Im K| after the step: 1.463e-15 (removed)
#     - Residual of the linearized equation: 1.189e-12 (physical)
#     - Lagrangian defect |L^T Omega L|: 9.772e-05
#     - Frame check |L^T Omega N + I| (should be 0): 7.640e-11
#     - Norm of the correction: 1.535e-07 (physical), 1.687e-02 (local)
# Iteration 2 : 
Copy constructor of matrix
nrows = 4
ncols = 1
Copy constructor of matrix
nrows = 4
ncols = 1
#     - Size of the grid: 32 32 
#     - Tails of the parameterization: 0.000e+00 0.000e+00 
#     - Error of invariance: 1.935e-11 (max over grid, physical), 6.975e-06 (Fourier l1, local)
Copy constructor of matrix
nrows = 2
ncols = 2
Copy constructor of matrix
nrows = 4
ncols = 4
Copy constructor of matrix
nrows = 4
ncols = 4
Copy constructor of matrix
nrows = 2
ncols = 2
Copy constructor of matrix
nrows = 4
ncols = 4
Copy constructor of matrix
nrows = 4
ncols = 4
#     - Average torsion <T>: [-4.332e-07 -3.871e-06; -3.871e-06 1.231e-06], det -1.552e-11
#     - Norm inverse twist: -5.503e+05
#     - max |Im K| after the step: 1.707e-15 (removed)
#     - Residual of the linearized equation: 1.221e-12 (physical)
#     - Lagrangian defect |L^T Omega L|: 8.200e-05
#     - Frame check |L^T Omega N + I| (should be 0): 6.419e-11
#     - Norm of the correction: 3.137e-09 (physical), 3.447e-04 (local)
# Iteration 3 : 
Copy constructor of matrix
nrows = 4
ncols = 1
Copy constructor of matrix
nrows = 4
ncols = 1
#     - Size of the grid: 32 32 
#     - Tails of the parameterization: 0.000e+00 0.000e+00 
#     - Error of invariance: 4.108e-13 (max over grid, physical), 1.239e-06 (Fourier l1, local)
#     - No correction is needed!
-6.997948382204079e-02 32 32 -5.502981792204010e+05 8.536200231544355e-01 4.960992451620475e-01 4.108396069367779e-13
# Omega_loc: 0.000000000000000e+00 -4.888700465207887e-06 -1.000000000000000e+00 2.493615244294207e-05 4.888700465278691e-06 0.000000000000000e+00 -5.715101474405594e-07 -1.000000000000000e+00 9.999999999999999e-01 5.715101474405594e-07 0.000000000000000e+00 5.305874896341451e-05 -2.493615244294207e-05 1.000000000000000e+00 -5.305874896341451e-05 0.000000000000000e+00
# zcen: -1.000283102211741e+00 -1.895726617803745e-03 -9.254951418779136e-04 -1.007691096920084e+00
# zscale: 8.974762586348599e-06
# Continuation step 63 / 400
# We try to compute the torus for epsilon=-7.124389488680155e-02 (limit: -9.400000000000000e-02)
# Iteration 1 : 
Copy constructor of matrix
nrows = 4
ncols = 1
Copy constructor of matrix
nrows = 4
ncols = 1
#     - Size of the grid: 32 32 
#     - Tails of the parameterization: 5.729e-12 5.748e-12 
#     - Error of invariance: 2.868e-11 (max over grid, physical), 3.963e-06 (Fourier l1, local)
Copy constructor of matrix
nrows = 2
ncols = 2
Copy constructor of matrix
nrows = 4
ncols = 4
Copy constructor of matrix
nrows = 4
ncols = 4
Copy constructor of matrix
nrows = 2
ncols = 2
Copy constructor of matrix
nrows = 4
ncols = 4
Copy constructor of matrix
nrows = 4
ncols = 4
#     - Average torsion <T>: [-4.524e-07 -3.767e-06; -3.767e-06 1.012e-06], det -1.464e-11
#     - Norm inverse twist: -5.526e+05
#     - max |Im K| after the step: 1.727e-15 (removed)
#     - Residual of the linearized equation: 1.261e-12 (physical)
#     - Lagrangian defect |L^T Omega L|: 7.158e-05
#     - Frame check |L^T Omega N + I| (should be 0): 5.197e-11
#     - Norm of the correction: 2.065e-07 (physical), 2.301e-02 (local)
# Iteration 2 : 
Copy constructor of matrix
nrows = 4
ncols = 1
Copy constructor of matrix
nrows = 4
ncols = 1
#     - Size of the grid: 32 32 
#     - Tails of the parameterization: 0.000e+00 0.000e+00 
#     - Error of invariance: 3.533e-11 (max over grid, physical), 1.176e-05 (Fourier l1, local)
Copy constructor of matrix
nrows = 2
ncols = 2
Copy constructor of matrix
nrows = 4
ncols = 4
Copy constructor of matrix
nrows = 4
ncols = 4
Copy constructor of matrix
nrows = 2
ncols = 2
Copy constructor of matrix
nrows = 4
ncols = 4
Copy constructor of matrix
nrows = 4
ncols = 4
#     - Average torsion <T>: [-4.217e-07 -3.765e-06; -3.766e-06 1.196e-06], det -1.468e-11
#     - Norm inverse twist: -5.657e+05
#     - max |Im K| after the step: 2.259e-15 (removed)
#     - Residual of the linearized equation: 1.321e-12 (physical)
#     - Lagrangian defect |L^T Omega L|: 1.067e-04
#     - Frame check |L^T Omega N + I| (should be 0): 8.410e-11
#     - Norm of the correction: 5.661e-09 (physical), 6.308e-04 (local)
# Newton stalled; best error 2.868e-11 (physical), not accepted (tol-floor 1.000e-11)
# Newton method does not converge; halving the continuation step
###########################################
# Continuation step 64 / 400
# We try to compute the torus for epsilon=-7.061e-02 (limit: -9.400e-02)
# Iteration 1 : 
Copy constructor of matrix
nrows = 4
ncols = 1
Copy constructor of matrix
nrows = 4
ncols = 1
#     - Size of the grid: 32 32 
#     - Tails of the parameterization: 5.729e-12 5.748e-12 
#     - Error of invariance: 1.441e-11 (max over grid, physical), 2.606e-06 (Fourier l1, local)
Copy constructor of matrix
nrows = 2
ncols = 2
Copy constructor of matrix
nrows = 4
ncols = 4
Copy constructor of matrix
nrows = 4
ncols = 4
Copy constructor of matrix
nrows = 2
ncols = 2
Copy constructor of matrix
nrows = 4
ncols = 4
Copy constructor of matrix
nrows = 4
ncols = 4
#     - Average torsion <T>: [-4.367e-07 -3.766e-06; -3.766e-06 1.105e-06], det -1.467e-11
#     - Norm inverse twist: -5.591e+05
#     - max |Im K| after the step: 1.699e-15 (removed)
#     - Residual of the linearized equation: 1.178e-12 (physical)
#     - Lagrangian defect |L^T Omega L|: 7.158e-05
#     - Frame check |L^T Omega N + I| (should be 0): 5.197e-11
#     - Norm of the correction: 1.043e-07 (physical), 1.162e-02 (local)
# Iteration 2 : 
Copy constructor of matrix
nrows = 4
ncols = 1
Copy constructor of matrix
nrows = 4
ncols = 1
#     - Size of the grid: 32 32 
#     - Tails of the parameterization: 0.000e+00 0.000e+00 
#     - Error of invariance: 8.989e-12 (max over grid, physical), 3.911e-06 (Fourier l1, local)
Copy constructor of matrix
nrows = 2
ncols = 2
Copy constructor of matrix
nrows = 4
ncols = 4
Copy constructor of matrix
nrows = 4
ncols = 4
Copy constructor of matrix
nrows = 2
ncols = 2
Copy constructor of matrix
nrows = 4
ncols = 4
Copy constructor of matrix
nrows = 4
ncols = 4
#     - Average torsion <T>: [-4.212e-07 -3.766e-06; -3.766e-06 1.198e-06], det -1.469e-11
#     - Norm inverse twist: -5.657e+05
#     - max |Im K| after the step: 1.731e-15 (removed)
#     - Residual of the linearized equation: 1.055e-12 (physical)
#     - Lagrangian defect |L^T Omega L|: 1.024e-04
#     - Frame check |L^T Omega N + I| (should be 0): 8.059e-11
#     - Norm of the correction: 1.359e-09 (physical), 1.514e-04 (local)
# Iteration 3 : 
Copy constructor of matrix
nrows = 4
ncols = 1
Copy constructor of matrix
nrows = 4
ncols = 1
#     - Size of the grid: 32 32 
#     - Tails of the parameterization: 0.000e+00 0.000e+00 
#     - Error of invariance: 3.501e-13 (max over grid, physical), 1.294e-06 (Fourier l1, local)
#     - No correction is needed!
-7.061168935442116e-02 32 32 -5.656877465775437e+05 8.573552913584394e-01 4.982469976017967e-01 3.500863633282530e-13
# Omega_loc: 0.000000000000000e+00 -4.796153274418396e-06 -1.000000000000000e+00 2.447621011448936e-05 4.796153274418396e-06 0.000000000000000e+00 -5.591393129111634e-07 -1.000000000000001e+00 1.000000000000000e+00 5.591393128570536e-07 0.000000000000000e+00 5.207264512327870e-05 -2.447621011448936e-05 1.000000000000001e+00 -5.207264512342298e-05 0.000000000000000e+00
# zcen: -1.000283102122635e+00 -1.895726427674869e-03 -9.254952845981095e-04 -1.007691097469845e+00
# zscale: 8.890807002622553e-06
# Continuation step 65 / 400
# We try to compute the torus for epsilon=-7.145463006426167e-02 (limit: -9.400000000000000e-02)
# Iteration 1 : 
Copy constructor of matrix
nrows = 4
ncols = 1
Copy constructor of matrix
nrows = 4
ncols = 1
#     - Size of the grid: 32 32 
#     - Tails of the parameterization: 6.157e-12 5.948e-12 
#     - Error of invariance: 1.892e-11 (max over grid, physical), 3.093e-06 (Fourier l1, local)
Copy constructor of matrix
nrows = 2
ncols = 2
Copy constructor of matrix
nrows = 4
ncols = 4
Copy constructor of matrix
nrows = 4
ncols = 4
Copy constructor of matrix
nrows = 2
ncols = 2
Copy constructor of matrix
nrows = 4
ncols = 4
Copy constructor of matrix
nrows = 4
ncols = 4
#     - Average torsion <T>: [-4.341e-07 -3.696e-06; -3.696e-06 1.052e-06], det -1.412e-11
#     - Norm inverse twist: -5.673e+05
#     - max |Im K| after the step: 1.085e-15 (removed)
#     - Residual of the linearized equation: 1.417e-12 (physical)
#     - Lagrangian defect |L^T Omega L|: 9.838e-05
#     - Frame check |L^T Omega N + I| (should be 0): 7.364e-11
#     - Norm of the correction: 1.398e-07 (physical), 1.573e-02 (local)
# Iteration 2 : 
Copy constructor of matrix
nrows = 4
ncols = 1
Copy constructor of matrix
nrows = 4
ncols = 1
#     - Size of the grid: 32 32 
#     - Tails of the parameterization: 0.000e+00 0.000e+00 
#     - Error of invariance: 1.603e-11 (max over grid, physical), 6.097e-06 (Fourier l1, local)
Copy constructor of matrix
nrows = 2
ncols = 2
Copy constructor of matrix
nrows = 4
ncols = 4
Copy constructor of matrix
nrows = 4
ncols = 4
Copy constructor of matrix
nrows = 2
ncols = 2
Copy constructor of matrix
nrows = 4
ncols = 4
Copy constructor of matrix
nrows = 4
ncols = 4
#     - Average torsion <T>: [-4.134e-07 -3.696e-06; -3.696e-06 1.175e-06], det -1.415e-11
#     - Norm inverse twist: -5.764e+05
#     - max |Im K| after the step: 2.201e-15 (removed)
#     - Residual of the linearized equation: 9.597e-13 (physical)
#     - Lagrangian defect |L^T Omega L|: 7.306e-05
#     - Frame check |L^T Omega N + I| (should be 0): 5.383e-11
#     - Norm of the correction: 2.533e-09 (physical), 2.849e-04 (local)
# Iteration 3 : 
Copy constructor of matrix
nrows = 4
ncols = 1
Copy constructor of matrix
nrows = 4
ncols = 1
#     - Size of the grid: 32 32 
#     - Tails of the parameterization: 0.000e+00 0.000e+00 
#     - Error of invariance: 3.652e-13 (max over grid, physical), 1.261e-06 (Fourier l1, local)
#     - No correction is needed!
-7.145463006426167e-02 32 32 -5.764218225546180e+05 8.544278938161629e-01 4.965191515559912e-01 3.652122473746517e-13
# Omega_loc: 0.000000000000000e+00 -4.673468243384926e-06 -1.000000000000000e+00 2.385529187195250e-05 4.673468243458944e-06 0.000000000000000e+00 -5.452949088374346e-07 -9.999999999999992e-01 1.000000000000000e+00 5.452949088929480e-07 0.000000000000000e+00 5.075665722895845e-05 -2.385529187165643e-05 9.999999999999996e-01 -5.075665722895845e-05 0.000000000000000e+00
# zcen: -1.000283102003879e+00 -1.895726174273818e-03 -9.254954748033738e-04 -1.007691098202570e+00
# zscale: 8.777656910110615e-06
# Continuation step 66 / 400
# We try to compute the torus for epsilon=-7.257855101071568e-02 (limit: -9.400000000000000e-02)
# Iteration 1 : 
Copy constructor of matrix
nrows = 4
ncols = 1
Copy constructor of matrix
nrows = 4
ncols = 1
#     - Size of the grid: 32 32 
#     - Tails of the parameterization: 6.317e-12 6.247e-12 
#     - Error of invariance: 2.490e-11 (max over grid, physical), 3.665e-06 (Fourier l1, local)
Copy constructor of matrix
nrows = 2
ncols = 2
Copy constructor of matrix
nrows = 4
ncols = 4
Copy constructor of matrix
nrows = 4
ncols = 4
Copy constructor of matrix
nrows = 2
ncols = 2
Copy constructor of matrix
nrows = 4
ncols = 4
Copy constructor of matrix
nrows = 4
ncols = 4
#     - Average torsion <T>: [-4.306e-07 -3.603e-06; -3.603e-06 9.805e-07], det -1.340e-11
#     - Norm inverse twist: -5.787e+05
#     - max |Im K| after the step: 2.287e-15 (removed)
#     - Residual of the linearized equation: 1.338e-12 (physical)
#     - Lagrangian defect |L^T Omega L|: 9.091e-05
#     - Frame check |L^T Omega N + I| (should be 0): 6.626e-11
#     - Norm of the correction: 1.877e-07 (physical), 2.138e-02 (local)
# Iteration 2 : 
Copy constructor of matrix
nrows = 4
ncols = 1
Copy constructor of matrix
nrows = 4
ncols = 1
#     - Size of the grid: 32 32 
#     - Tails of the parameterization: 0.000e+00 0.000e+00 
#     - Error of invariance: 2.909e-11 (max over grid, physical), 1.021e-05 (Fourier l1, local)
Copy constructor of matrix
nrows = 2
ncols = 2
Copy constructor of matrix
nrows = 4
ncols = 4
Copy constructor of matrix
nrows = 4
ncols = 4
Copy constructor of matrix
nrows = 2
ncols = 2
Copy constructor of matrix
nrows = 4
ncols = 4
Copy constructor of matrix
nrows = 4
ncols = 4
#     - Average torsion <T>: [-4.032e-07 -3.602e-06; -3.602e-06 1.145e-06], det -1.344e-11
#     - Norm inverse twist: -5.914e+05
#     - max |Im K| after the step: 1.548e-15 (removed)
#     - Residual of the linearized equation: 1.162e-12 (physical)
#     - Lagrangian defect |L^T Omega L|: 8.529e-05
#     - Frame check |L^T Omega N + I| (should be 0): 6.245e-11
#     - Norm of the correction: 4.818e-09 (physical), 5.489e-04 (local)
# Newton stalled; best error 2.490e-11 (physical), not accepted (tol-floor 1.000e-11)
# Newton method does not converge; halving the continuation step
###########################################
# Continuation step 67 / 400
# We try to compute the torus for epsilon=-7.202e-02 (limit: -9.400e-02)
# Iteration 1 : 
Copy constructor of matrix
nrows = 4
ncols = 1
Copy constructor of matrix
nrows = 4
ncols = 1
#     - Size of the grid: 32 32 
#     - Tails of the parameterization: 6.317e-12 6.247e-12 
#     - Error of invariance: 1.256e-11 (max over grid, physical), 2.460e-06 (Fourier l1, local)
Copy constructor of matrix
nrows = 2
ncols = 2
Copy constructor of matrix
nrows = 4
ncols = 4
Copy constructor of matrix
nrows = 4
ncols = 4
Copy constructor of matrix
nrows = 2
ncols = 2
Copy constructor of matrix
nrows = 4
ncols = 4
Copy constructor of matrix
nrows = 4
ncols = 4
#     - Average torsion <T>: [-4.167e-07 -3.603e-06; -3.603e-06 1.063e-06], det -1.342e-11
#     - Norm inverse twist: -5.850e+05
#     - max |Im K| after the step: 1.817e-15 (removed)
#     - Residual of the linearized equation: 1.265e-12 (physical)
#     - Lagrangian defect |L^T Omega L|: 9.091e-05
#     - Frame check |L^T Omega N + I| (should be 0): 6.626e-11
#     - Norm of the correction: 9.465e-08 (physical), 1.078e-02 (local)
# Iteration 2 : 
Copy constructor of matrix
nrows = 4
ncols = 1
Copy constructor of matrix
nrows = 4
ncols = 1
#     - Size of the grid: 32 32 
#     - Tails of the parameterization: 0.000e+00 0.000e+00 
#     - Error of invariance: 7.322e-12 (max over grid, physical), 3.553e-06 (Fourier l1, local)
Copy constructor of matrix
nrows = 2
ncols = 2
Copy constructor of matrix
nrows = 4
ncols = 4
Copy constructor of matrix
nrows = 4
ncols = 4
Copy constructor of matrix
nrows = 2
ncols = 2
Copy constructor of matrix
nrows = 4
ncols = 4
Copy constructor of matrix
nrows = 4
ncols = 4
#     - Average torsion <T>: [-4.028e-07 -3.603e-06; -3.603e-06 1.146e-06], det -1.344e-11
#     - Norm inverse twist: -5.914e+05
#     - max |Im K| after the step: 1.078e-15 (removed)
#     - Residual of the linearized equation: 1.133e-12 (physical)
#     - Lagrangian defect |L^T Omega L|: 8.157e-05
#     - Frame check |L^T Omega N + I| (should be 0): 5.924e-11
#     - Norm of the correction: 1.222e-09 (physical), 1.393e-04 (local)
# Iteration 3 : 
Copy constructor of matrix
nrows = 4
ncols = 1
Copy constructor of matrix
nrows = 4
ncols = 1
#     - Size of the grid: 32 32 
#     - Tails of the parameterization: 0.000e+00 0.000e+00 
#     - Error of invariance: 3.749e-13 (max over grid, physical), 1.307e-06 (Fourier l1, local)
#     - No correction is needed!
-7.201659053748867e-02 32 32 -5.913825593415904e+05 8.579206029906877e-01 4.985138371701038e-01 3.748805432474962e-13
# Omega_loc: 7.532122867807538e-17 -4.593759805354825e-06 -9.999999999999999e-01 2.344137490593982e-05 4.593759805354825e-06 0.000000000000000e+00 -5.338790855739582e-07 -1.000000000000000e+00 1.000000000000000e+00 5.338790855739582e-07 0.000000000000000e+00 4.987616674678887e-05 -2.344137490593982e-05 1.000000000000000e+00 -4.987616674693951e-05 0.000000000000000e+00
# zcen: -1.000283101924642e+00 -1.895726005232041e-03 -9.254956017402348e-04 -1.007691098691286e+00
# zscale: 8.701368503521131e-06
# Continuation step 68 / 400
# We try to compute the torus for epsilon=-7.276587116845801e-02 (limit: -9.400000000000000e-02)
# Iteration 1 : 
Copy constructor of matrix
nrows = 4
ncols = 1
Copy constructor of matrix
nrows = 4
ncols = 1
#     - Size of the grid: 32 32 
#     - Tails of the parameterization: 6.261e-12 5.964e-12 
#     - Error of invariance: 1.651e-11 (max over grid, physical), 2.905e-06 (Fourier l1, local)
Copy constructor of matrix
nrows = 2
ncols = 2
Copy constructor of matrix
nrows = 4
ncols = 4
Copy constructor of matrix
nrows = 4
ncols = 4
Copy constructor of matrix
nrows = 2
ncols = 2
Copy constructor of matrix
nrows = 4
ncols = 4
Copy constructor of matrix
nrows = 4
ncols = 4
#     - Average torsion <T>: [-4.143e-07 -3.540e-06; -3.540e-06 1.016e-06], det -1.296e-11
#     - Norm inverse twist: -5.930e+05
#     - max |Im K| after the step: 1.487e-15 (removed)
#     - Residual of the linearized equation: 1.497e-12 (physical)
#     - Lagrangian defect |L^T Omega L|: 8.925e-05
#     - Frame check |L^T Omega N + I| (should be 0): 6.380e-11
#     - Norm of the correction: 1.270e-07 (physical), 1.460e-02 (local)
# Iteration 2 : 
Copy constructor of matrix
nrows = 4
ncols = 1
Copy constructor of matrix
nrows = 4
ncols = 1
#     - Size of the grid: 32 32 
#     - Tails of the parameterization: 0.000e+00 0.000e+00 
#     - Error of invariance: 1.332e-11 (max over grid, physical), 5.381e-06 (Fourier l1, local)
Copy constructor of matrix
nrows = 2
ncols = 2
Copy constructor of matrix
nrows = 4
ncols = 4
Copy constructor of matrix
nrows = 4
ncols = 4
Copy constructor of matrix
nrows = 2
ncols = 2
Copy constructor of matrix
nrows = 4
ncols = 4
Copy constructor of matrix
nrows = 4
ncols = 4
#     - Average torsion <T>: [-3.959e-07 -3.540e-06; -3.540e-06 1.126e-06], det -1.298e-11
#     - Norm inverse twist: -6.018e+05
#     - max |Im K| after the step: 1.958e-15 (removed)
#     - Residual of the linearized equation: 1.330e-12 (physical)
#     - Lagrangian defect |L^T Omega L|: 8.475e-05
#     - Frame check |L^T Omega N + I| (should be 0): 6.146e-11
#     - Norm of the correction: 2.021e-09 (physical), 2.323e-04 (local)
# Iteration 3 : 
Copy constructor of matrix
nrows = 4
ncols = 1
Copy constructor of matrix
nrows = 4
ncols = 1
#     - Size of the grid: 32 32 
#     - Tails of the parameterization: 0.000e+00 0.000e+00 
#     - Error of invariance: 4.584e-13 (max over grid, physical), 1.296e-06 (Fourier l1, local)
#     - No correction is needed!
-7.276587116845801e-02 32 32 -6.018035492463699e+05 8.552281028574512e-01 4.969092063556315e-01 4.583940164300409e-13
# Omega_loc: -7.713062972046386e-17 -4.487113370513215e-06 -9.999999999999999e-01 2.288874761719976e-05 4.487113370436084e-06 0.000000000000000e+00 -5.216824561375252e-07 -1.000000000000000e+00 9.999999999999999e-01 5.216824561182425e-07 0.000000000000000e+00 4.870559085413813e-05 -2.288874761658272e-05 1.000000000000000e+00 -4.870559085429239e-05 0.000000000000000e+00
# zcen: -1.000283101819094e+00 -1.895725780046049e-03 -9.254957708163208e-04 -1.007691099342346e+00
# zscale: 8.598681847742870e-06
# Continuation step 69 / 400
# We try to compute the torus for epsilon=-7.376491200975045e-02 (limit: -9.400000000000000e-02)
# Iteration 1 : 
Copy constructor of matrix
nrows = 4
ncols = 1
Copy constructor of matrix
nrows = 4
ncols = 1
#     - Size of the grid: 32 32 
#     - Tails of the parameterization: 5.836e-12 5.964e-12 
#     - Error of invariance: 2.178e-11 (max over grid, physical), 3.432e-06 (Fourier l1, local)
Copy constructor of matrix
nrows = 2
ncols = 2
Copy constructor of matrix
nrows = 4
ncols = 4
Copy constructor of matrix
nrows = 4
ncols = 4
Copy constructor of matrix
nrows = 2
ncols = 2
Copy constructor of matrix
nrows = 4
ncols = 4
Copy constructor of matrix
nrows = 4
ncols = 4
#     - Average torsion <T>: [-4.112e-07 -3.457e-06; -3.457e-06 9.524e-07], det -1.234e-11
#     - Norm inverse twist: -6.040e+05
#     - max |Im K| after the step: 2.036e-15 (removed)
#     - Residual of the linearized equation: 1.320e-12 (physical)
#     - Lagrangian defect |L^T Omega L|: 1.265e-04
#     - Frame check |L^T Omega N + I| (should be 0): 9.069e-11
#     - Norm of the correction: 1.705e-07 (physical), 1.983e-02 (local)
# Iteration 2 : 
Copy constructor of matrix
nrows = 4
ncols = 1
Copy constructor of matrix
nrows = 4
ncols = 1
#     - Size of the grid: 32 32 
#     - Tails of the parameterization: 0.000e+00 0.000e+00 
#     - Error of invariance: 2.405e-11 (max over grid, physical), 8.766e-06 (Fourier l1, local)
Copy constructor of matrix
nrows = 2
ncols = 2
Copy constructor of matrix
nrows = 4
ncols = 4
Copy constructor of matrix
nrows = 4
ncols = 4
Copy constructor of matrix
nrows = 2
ncols = 2
Copy constructor of matrix
nrows = 4
ncols = 4
Copy constructor of matrix
nrows = 4
ncols = 4
#     - Average torsion <T>: [-3.868e-07 -3.457e-06; -3.457e-06 1.098e-06], det -1.237e-11
#     - Norm inverse twist: -6.162e+05
#     - max |Im K| after the step: 1.617e-15 (removed)
#     - Residual of the linearized equation: 1.319e-12 (physical)
#     - Lagrangian defect |L^T Omega L|: 9.105e-05
#     - Frame check |L^T Omega N + I| (should be 0): 6.547e-11
#     - Norm of the correction: 4.254e-09 (physical), 4.947e-04 (local)
# Newton stalled; best error 2.178e-11 (physical), not accepted (tol-floor 1.000e-11)
# Newton method does not converge; halving the continuation step
###########################################
# Continuation step 70 / 400
# We try to compute the torus for epsilon=-7.327e-02 (limit: -9.400e-02)
# Iteration 1 : 
Copy constructor of matrix
nrows = 4
ncols = 1
Copy constructor of matrix
nrows = 4
ncols = 1
#     - Size of the grid: 32 32 
#     - Tails of the parameterization: 5.836e-12 5.964e-12 
#     - Error of invariance: 1.097e-11 (max over grid, physical), 2.362e-06 (Fourier l1, local)
Copy constructor of matrix
nrows = 2
ncols = 2
Copy constructor of matrix
nrows = 4
ncols = 4
Copy constructor of matrix
nrows = 4
ncols = 4
Copy constructor of matrix
nrows = 2
ncols = 2
Copy constructor of matrix
nrows = 4
ncols = 4
Copy constructor of matrix
nrows = 4
ncols = 4
#     - Average torsion <T>: [-3.988e-07 -3.457e-06; -3.457e-06 1.026e-06], det -1.236e-11
#     - Norm inverse twist: -6.101e+05
#     - max |Im K| after the step: 1.894e-15 (removed)
#     - Residual of the linearized equation: 1.253e-12 (physical)
#     - Lagrangian defect |L^T Omega L|: 1.265e-04
#     - Frame check |L^T Omega N + I| (should be 0): 9.069e-11
#     - Norm of the correction: 8.599e-08 (physical), 1.000e-02 (local)
# Iteration 2 : 
Copy constructor of matrix
nrows = 4
ncols = 1
Copy constructor of matrix
nrows = 4
ncols = 1
#     - Size of the grid: 32 32 
#     - Tails of the parameterization: 0.000e+00 0.000e+00 
#     - Error of invariance: 6.231e-12 (max over grid, physical), 3.172e-06 (Fourier l1, local)
Copy constructor of matrix
nrows = 2
ncols = 2
Copy constructor of matrix
nrows = 4
ncols = 4
Copy constructor of matrix
nrows = 4
ncols = 4
Copy constructor of matrix
nrows = 2
ncols = 2
Copy constructor of matrix
nrows = 4
ncols = 4
Copy constructor of matrix
nrows = 4
ncols = 4
#     - Average torsion <T>: [-3.865e-07 -3.457e-06; -3.457e-06 1.100e-06], det -1.238e-11
#     - Norm inverse twist: -6.163e+05
#     - max |Im K| after the step: 1.542e-15 (removed)
#     - Residual of the linearized equation: 1.091e-12 (physical)
#     - Lagrangian defect |L^T Omega L|: 8.828e-05
#     - Frame check |L^T Omega N + I| (should be 0): 6.326e-11
#     - Norm of the correction: 1.012e-09 (physical), 1.177e-04 (local)
# Iteration 3 : 
Copy constructor of matrix
nrows = 4
ncols = 1
Copy constructor of matrix
nrows = 4
ncols = 1
#     - Size of the grid: 32 32 
#     - Tails of the parameterization: 0.000e+00 0.000e+00 
#     - Error of invariance: 3.589e-13 (max over grid, physical), 1.286e-06 (Fourier l1, local)
#     - No correction is needed!
-7.326539158910424e-02 32 32 -6.162652358833291e+05 8.584702382596331e-01 4.987712531004532e-01 3.588581308486641e-13
# Omega_loc: 0.000000000000000e+00 -4.415511391410395e-06 -9.999999999999999e-01 2.252294533039629e-05 4.415511391488783e-06 0.000000000000000e+00 -5.137292082371605e-07 -9.999999999999999e-01 9.999999999999999e-01 5.137292082567573e-07 0.000000000000000e+00 4.792378185451866e-05 -2.252294532976919e-05 9.999999999999999e-01 -4.792378185436189e-05 0.000000000000000e+00
# zcen: -1.000283101748655e+00 -1.895725629754182e-03 -9.254958836419375e-04 -1.007691099776900e+00
# zscale: 8.529457595851033e-06
# Continuation step 71 / 400
# We try to compute the torus for epsilon=-7.393141881663254e-02 (limit: -9.400000000000000e-02)
# Iteration 1 : 
Copy constructor of matrix
nrows = 4
ncols = 1
Copy constructor of matrix
nrows = 4
ncols = 1
#     - Size of the grid: 32 32 
#     - Tails of the parameterization: 6.072e-12 6.202e-12 
#     - Error of invariance: 1.447e-11 (max over grid, physical), 2.692e-06 (Fourier l1, local)
Copy constructor of matrix
nrows = 2
ncols = 2
Copy constructor of matrix
nrows = 4
ncols = 4
Copy constructor of matrix
nrows = 4
ncols = 4
Copy constructor of matrix
nrows = 2
ncols = 2
Copy constructor of matrix
nrows = 4
ncols = 4
Copy constructor of matrix
nrows = 4
ncols = 4
#     - Average torsion <T>: [-3.967e-07 -3.402e-06; -3.402e-06 9.839e-07], det -1.196e-11
#     - Norm inverse twist: -6.178e+05
#     - max |Im K| after the step: 1.441e-15 (removed)
#     - Residual of the linearized equation: 1.181e-12 (physical)
#     - Lagrangian defect |L^T Omega L|: 9.622e-05
#     - Frame check |L^T Omega N + I| (should be 0): 6.519e-11
#     - Norm of the correction: 1.150e-07 (physical), 1.349e-02 (local)
# Iteration 2 : 
Copy constructor of matrix
nrows = 4
ncols = 1
Copy constructor of matrix
nrows = 4
ncols = 1
#     - Size of the grid: 32 32 
#     - Tails of the parameterization: 0.000e+00 0.000e+00 
#     - Error of invariance: 1.095e-11 (max over grid, physical), 4.775e-06 (Fourier l1, local)
Copy constructor of matrix
nrows = 2
ncols = 2
Copy constructor of matrix
nrows = 4
ncols = 4
Copy constructor of matrix
nrows = 4
ncols = 4
Copy constructor of matrix
nrows = 2
ncols = 2
Copy constructor of matrix
nrows = 4
ncols = 4
Copy constructor of matrix
nrows = 4
ncols = 4
#     - Average torsion <T>: [-3.804e-07 -3.402e-06; -3.402e-06 1.082e-06], det -1.198e-11
#     - Norm inverse twist: -6.263e+05
#     - max |Im K| after the step: 1.649e-15 (removed)
#     - Residual of the linearized equation: 1.201e-12 (physical)
#     - Lagrangian defect |L^T Omega L|: 5.745e-05
#     - Frame check |L^T Omega N + I| (should be 0): 3.818e-11
#     - Norm of the correction: 2.067e-09 (physical), 2.423e-04 (local)
# Iteration 3 : 
Copy constructor of matrix
nrows = 4
ncols = 1
Copy constructor of matrix
nrows = 4
ncols = 1
#     - Size of the grid: 32 32 
#     - Tails of the parameterization: 0.000e+00 0.000e+00 
#     - Error of invariance: 3.513e-13 (max over grid, physical), 1.314e-06 (Fourier l1, local)
#     - No correction is needed!
-7.393141881663254e-02 32 32 -6.262994538427719e+05 8.559768817172198e-01 4.973081792694897e-01 3.512799300142369e-13
# Omega_loc: 8.012757726929881e-17 -4.317502264044233e-06 -1.000000000000000e+00 2.203438425389721e-05 4.317502264044233e-06 0.000000000000000e+00 -5.033171962011392e-07 -1.000000000000000e+00 1.000000000000000e+00 5.033171961610754e-07 0.000000000000000e+00 4.688498736403157e-05 -2.203438425389721e-05 1.000000000000000e+00 -4.688498736403157e-05 0.000000000000000e+00
# zcen: -1.000283101654794e+00 -1.895725429464406e-03 -9.254960339604194e-04 -1.007691100356080e+00
# zscale: 8.436316204522740e-06
# Continuation step 72 / 400
# We try to compute the torus for epsilon=-7.481945512000361e-02 (limit: -9.400000000000000e-02)
# Iteration 1 : 
Copy constructor of matrix
nrows = 4
ncols = 1
Copy constructor of matrix
nrows = 4
ncols = 1
#     - Size of the grid: 32 32 
#     - Tails of the parameterization: 6.482e-12 6.437e-12 
#     - Error of invariance: 1.898e-11 (max over grid, physical), 3.226e-06 (Fourier l1, local)
Copy constructor of matrix
nrows = 2
ncols = 2
Copy constructor of matrix
nrows = 4
ncols = 4
Copy constructor of matrix
nrows = 4
ncols = 4
Copy constructor of matrix
nrows = 2
ncols = 2
Copy constructor of matrix
nrows = 4
ncols = 4
Copy constructor of matrix
nrows = 4
ncols = 4
#     - Average torsion <T>: [-3.940e-07 -3.328e-06; -3.328e-06 9.277e-07], det -1.144e-11
#     - Norm inverse twist: -6.284e+05
#     - max |Im K| after the step: 1.536e-15 (removed)
#     - Residual of the linearized equation: 1.236e-12 (physical)
#     - Lagrangian defect |L^T Omega L|: 8.131e-05
#     - Frame check |L^T Omega N + I| (should be 0): 5.455e-11
#     - Norm of the correction: 1.543e-07 (physical), 1.830e-02 (local)
# Iteration 2 : 
Copy constructor of matrix
nrows = 4
ncols = 1
Copy constructor of matrix
nrows = 4
ncols = 1
#     - Size of the grid: 32 32 
#     - Tails of the parameterization: 0.000e+00 0.000e+00 
#     - Error of invariance: 1.968e-11 (max over grid, physical), 7.558e-06 (Fourier l1, local)
Copy constructor of matrix
nrows = 2
ncols = 2
Copy constructor of matrix
nrows = 4
ncols = 4
Copy constructor of matrix
nrows = 4
ncols = 4
Copy constructor of matrix
nrows = 2
ncols = 2
Copy constructor of matrix
nrows = 4
ncols = 4
Copy constructor of matrix
nrows = 4
ncols = 4
#     - Average torsion <T>: [-3.723e-07 -3.327e-06; -3.327e-06 1.057e-06], det -1.146e-11
#     - Norm inverse twist: -6.402e+05
#     - max |Im K| after the step: 1.566e-15 (removed)
#     - Residual of the linearized equation: 1.198e-12 (physical)
#     - Lagrangian defect |L^T Omega L|: 1.169e-04
#     - Frame check |L^T Omega N + I| (should be 0): 8.291e-11
#     - Norm of the correction: 3.504e-09 (physical), 4.154e-04 (local)
# Newton stalled; best error 1.898e-11 (physical), not accepted (tol-floor 1.000e-11)
# Newton method does not converge; halving the continuation step
###########################################
# Continuation step 73 / 400
# We try to compute the torus for epsilon=-7.438e-02 (limit: -9.400e-02)
# Iteration 1 : 
Copy constructor of matrix
nrows = 4
ncols = 1
Copy constructor of matrix
nrows = 4
ncols = 1
#     - Size of the grid: 32 32 
#     - Tails of the parameterization: 6.482e-12 6.437e-12 
#     - Error of invariance: 9.555e-12 (max over grid, physical), 2.276e-06 (Fourier l1, local)
Copy constructor of matrix
nrows = 2
ncols = 2
Copy constructor of matrix
nrows = 4
ncols = 4
Copy constructor of matrix
nrows = 4
ncols = 4
Copy constructor of matrix
nrows = 2
ncols = 2
Copy constructor of matrix
nrows = 4
ncols = 4
Copy constructor of matrix
nrows = 4
ncols = 4
#     - Average torsion <T>: [-3.829e-07 -3.328e-06; -3.328e-06 9.933e-07], det -1.146e-11
#     - Norm inverse twist: -6.343e+05
#     - max |Im K| after the step: 2.136e-15 (removed)
#     - Residual of the linearized equation: 1.181e-12 (physical)
#     - Lagrangian defect |L^T Omega L|: 8.131e-05
#     - Frame check |L^T Omega N + I| (should be 0): 5.455e-11
#     - Norm of the correction: 7.766e-08 (physical), 9.205e-03 (local)
# Iteration 2 : 
Copy constructor of matrix
nrows = 4
ncols = 1
Copy constructor of matrix
nrows = 4
ncols = 1
#     - Size of the grid: 32 32 
#     - Tails of the parameterization: 0.000e+00 0.000e+00 
#     - Error of invariance: 5.186e-12 (max over grid, physical), 2.897e-06 (Fourier l1, local)
Copy constructor of matrix
nrows = 2
ncols = 2
Copy constructor of matrix
nrows = 4
ncols = 4
Copy constructor of matrix
nrows = 4
ncols = 4
Copy constructor of matrix
nrows = 2
ncols = 2
Copy constructor of matrix
nrows = 4
ncols = 4
Copy constructor of matrix
nrows = 4
ncols = 4
#     - Average torsion <T>: [-3.720e-07 -3.328e-06; -3.328e-06 1.058e-06], det -1.147e-11
#     - Norm inverse twist: -6.402e+05
#     - max |Im K| after the step: 1.371e-15 (removed)
#     - Residual of the linearized equation: 1.131e-12 (physical)
#     - Lagrangian defect |L^T Omega L|: 1.145e-04
#     - Frame check |L^T Omega N + I| (should be 0): 8.046e-11
#     - Norm of the correction: 1.028e-09 (physical), 1.219e-04 (local)
# Iteration 3 : 
Copy constructor of matrix
nrows = 4
ncols = 1
Copy constructor of matrix
nrows = 4
ncols = 1
#     - Size of the grid: 32 32 
#     - Tails of the parameterization: 0.000e+00 0.000e+00 
#     - Error of invariance: 3.506e-13 (max over grid, physical), 1.293e-06 (Fourier l1, local)
#     - No correction is needed!
-7.437543696831807e-02 32 32 -6.402146542241992e+05 8.589985307689517e-01 4.990380676749067e-01 3.506429722413414e-13
# Omega_loc: -8.133108921149651e-17 -4.255101958203134e-06 -9.999999999999997e-01 2.170710499436615e-05 4.255101958284466e-06 0.000000000000000e+00 -4.960255545302904e-07 -1.000000000000000e+00 9.999999999999997e-01 4.960255544489593e-07 0.000000000000000e+00 4.618891356075561e-05 -2.170710499436615e-05 1.000000000000000e+00 -4.618891356091828e-05 0.000000000000000e+00
# zcen: -1.000283101592208e+00 -1.895725295939894e-03 -9.254961342170793e-04 -1.007691100742124e+00
# zscale: 8.373653838969275e-06
# Continuation step 74 / 400
# We try to compute the torus for epsilon=-7.496746117056545e-02 (limit: -9.400000000000000e-02)
# Iteration 1 : 
Copy constructor of matrix
nrows = 4
ncols = 1
Copy constructor of matrix
nrows = 4
ncols = 1
#     - Size of the grid: 32 32 
#     - Tails of the parameterization: 6.484e-12 6.638e-12 
#     - Error of invariance: 1.266e-11 (max over grid, physical), 2.570e-06 (Fourier l1, local)
Copy constructor of matrix
nrows = 2
ncols = 2
Copy constructor of matrix
nrows = 4
ncols = 4
Copy constructor of matrix
nrows = 4
ncols = 4
Copy constructor of matrix
nrows = 2
ncols = 2
Copy constructor of matrix
nrows = 4
ncols = 4
Copy constructor of matrix
nrows = 4
ncols = 4
#     - Average torsion <T>: [-3.811e-07 -3.279e-06; -3.279e-06 9.556e-07], det -1.111e-11
#     - Norm inverse twist: -6.417e+05
#     - max |Im K| after the step: 1.256e-15 (removed)
#     - Residual of the linearized equation: 1.290e-12 (physical)
#     - Lagrangian defect |L^T Omega L|: 9.541e-05
#     - Frame check |L^T Omega N + I| (should be 0): 6.227e-11
#     - Norm of the correction: 1.042e-07 (physical), 1.245e-02 (local)
# Iteration 2 : 
Copy constructor of matrix
nrows = 4
ncols = 1
Copy constructor of matrix
nrows = 4
ncols = 1
#     - Size of the grid: 32 32 
#     - Tails of the parameterization: 0.000e+00 0.000e+00 
#     - Error of invariance: 9.010e-12 (max over grid, physical), 4.218e-06 (Fourier l1, local)
Copy constructor of matrix
nrows = 2
ncols = 2
Copy constructor of matrix
nrows = 4
ncols = 4
Copy constructor of matrix
nrows = 4
ncols = 4
Copy constructor of matrix
nrows = 2
ncols = 2
Copy constructor of matrix
nrows = 4
ncols = 4
Copy constructor of matrix
nrows = 4
ncols = 4
#     - Average torsion <T>: [-3.666e-07 -3.278e-06; -3.278e-06 1.043e-06], det -1.113e-11
#     - Norm inverse twist: -6.498e+05
#     - max |Im K| after the step: 1.966e-15 (removed)
#     - Residual of the linearized equation: 9.682e-13 (physical)
#     - Lagrangian defect |L^T Omega L|: 8.264e-05
#     - Frame check |L^T Omega N + I| (should be 0): 5.525e-11
#     - Norm of the correction: 1.689e-09 (physical), 2.017e-04 (local)
# Iteration 3 : 
Copy constructor of matrix
nrows = 4
ncols = 1
Copy constructor of matrix
nrows = 4
ncols = 1
#     - Size of the grid: 32 32 
#     - Tails of the parameterization: 0.000e+00 0.000e+00 
#     - Error of invariance: 3.241e-13 (max over grid, physical), 1.317e-06 (Fourier l1, local)
#     - No correction is needed!
-7.496746117056545e-02 32 32 -6.498422648180907e+05 8.567053813339600e-01 4.976886225001609e-01 3.240888598915819e-13
# Omega_loc: 0.000000000000000e+00 -4.168745624339741e-06 -1.000000000000000e+00 2.127446529920542e-05 4.168745624339741e-06 0.000000000000000e+00 -4.867596603647682e-07 -9.999999999999996e-01 1.000000000000000e+00 4.867596603025229e-07 0.000000000000000e+00 4.526512823927866e-05 -2.127446529887344e-05 9.999999999999999e-01 -4.526512823952764e-05 0.000000000000000e+00
# zcen: -1.000283101508752e+00 -1.895725117859836e-03 -9.254962678804850e-04 -1.007691101257059e+00
# zscale: 8.289337285331935e-06
# Continuation step 75 / 400
# We try to compute the torus for epsilon=-7.575682677356195e-02 (limit: -9.400000000000000e-02)
# Iteration 1 : 
Copy constructor of matrix
nrows = 4
ncols = 1
Copy constructor of matrix
nrows = 4
ncols = 1
#     - Size of the grid: 32 32 
#     - Tails of the parameterization: 6.469e-12 6.520e-12 
#     - Error of invariance: 1.658e-11 (max over grid, physical), 2.999e-06 (Fourier l1, local)
Copy constructor of matrix
nrows = 2
ncols = 2
Copy constructor of matrix
nrows = 4
ncols = 4
Copy constructor of matrix
nrows = 4
ncols = 4
Copy constructor of matrix
nrows = 2
ncols = 2
Copy constructor of matrix
nrows = 4
ncols = 4
Copy constructor of matrix
nrows = 4
ncols = 4
#     - Average torsion <T>: [-3.786e-07 -3.213e-06; -3.213e-06 9.057e-07], det -1.067e-11
#     - Norm inverse twist: -6.519e+05
#     - max |Im K| after the step: 1.699e-15 (removed)
#     - Residual of the linearized equation: 1.227e-12 (physical)
#     - Lagrangian defect |L^T Omega L|: 1.175e-04
#     - Frame check |L^T Omega N + I| (should be 0): 7.780e-11
#     - Norm of the correction: 1.398e-07 (physical), 1.687e-02 (local)
# Iteration 2 : 
Copy constructor of matrix
nrows = 4
ncols = 1
Copy constructor of matrix
nrows = 4
ncols = 1
#     - Size of the grid: 32 32 
#     - Tails of the parameterization: 0.000e+00 0.000e+00 
#     - Error of invariance: 1.632e-11 (max over grid, physical), 6.556e-06 (Fourier l1, local)
Copy constructor of matrix
nrows = 2
ncols = 2
Copy constructor of matrix
nrows = 4
ncols = 4
Copy constructor of matrix
nrows = 4
ncols = 4
Copy constructor of matrix
nrows = 2
ncols = 2
Copy constructor of matrix
nrows = 4
ncols = 4
Copy constructor of matrix
nrows = 4
ncols = 4
#     - Average torsion <T>: [-3.593e-07 -3.212e-06; -3.213e-06 1.021e-06], det -1.069e-11
#     - Norm inverse twist: -6.631e+05
#     - max |Im K| after the step: 1.860e-15 (removed)
#     - Residual of the linearized equation: 1.121e-12 (physical)
#     - Lagrangian defect |L^T Omega L|: 7.926e-05
#     - Frame check |L^T Omega N + I| (should be 0): 5.160e-11
#     - Norm of the correction: 2.690e-09 (physical), 3.246e-04 (local)
# Newton stalled; best error 1.632e-11 (physical), not accepted (tol-floor 1.000e-11)
# Newton method does not converge; halving the continuation step
###########################################
# Continuation step 76 / 400
# We try to compute the torus for epsilon=-7.536e-02 (limit: -9.400e-02)
# Iteration 1 : 
Copy constructor of matrix
nrows = 4
ncols = 1
Copy constructor of matrix
nrows = 4
ncols = 1
#     - Size of the grid: 32 32 
#     - Tails of the parameterization: 6.469e-12 6.520e-12 
#     - Error of invariance: 8.353e-12 (max over grid, physical), 2.157e-06 (Fourier l1, local)
Copy constructor of matrix
nrows = 2
ncols = 2
Copy constructor of matrix
nrows = 4
ncols = 4
Copy constructor of matrix
nrows = 4
ncols = 4
Copy constructor of matrix
nrows = 2
ncols = 2
Copy constructor of matrix
nrows = 4
ncols = 4
Copy constructor of matrix
nrows = 4
ncols = 4
#     - Average torsion <T>: [-3.688e-07 -3.213e-06; -3.213e-06 9.639e-07], det -1.068e-11
#     - Norm inverse twist: -6.575e+05
#     - max |Im K| after the step: 1.537e-15 (removed)
#     - Residual of the linearized equation: 1.169e-12 (physical)
#     - Lagrangian defect |L^T Omega L|: 1.175e-04
#     - Frame check |L^T Omega N + I| (should be 0): 7.780e-11
#     - Norm of the correction: 7.037e-08 (physical), 8.490e-03 (local)
# Iteration 2 : 
Copy constructor of matrix
nrows = 4
ncols = 1
Copy constructor of matrix
nrows = 4
ncols = 1
#     - Size of the grid: 32 32 
#     - Tails of the parameterization: 0.000e+00 0.000e+00 
#     - Error of invariance: 4.159e-12 (max over grid, physical), 2.653e-06 (Fourier l1, local)
Copy constructor of matrix
nrows = 2
ncols = 2
Copy constructor of matrix
nrows = 4
ncols = 4
Copy constructor of matrix
nrows = 4
ncols = 4
Copy constructor of matrix
nrows = 2
ncols = 2
Copy constructor of matrix
nrows = 4
ncols = 4
Copy constructor of matrix
nrows = 4
ncols = 4
#     - Average torsion <T>: [-3.591e-07 -3.213e-06; -3.213e-06 1.022e-06], det -1.069e-11
#     - Norm inverse twist: -6.631e+05
#     - max |Im K| after the step: 1.455e-15 (removed)
#     - Residual of the linearized equation: 1.396e-12 (physical)
#     - Lagrangian defect |L^T Omega L|: 7.802e-05
#     - Frame check |L^T Omega N + I| (should be 0): 5.071e-11
#     - Norm of the correction: 7.594e-10 (physical), 9.161e-05 (local)
# Iteration 3 : 
Copy constructor of matrix
nrows = 4
ncols = 1
Copy constructor of matrix
nrows = 4
ncols = 1
#     - Size of the grid: 32 32 
#     - Tails of the parameterization: 0.000e+00 0.000e+00 
#     - Error of invariance: 3.441e-13 (max over grid, physical), 1.367e-06 (Fourier l1, local)
#     - No correction is needed!
-7.536214397206370e-02 32 32 -6.631413248396445e+05 8.595022741535998e-01 4.992950960372999e-01 3.441473236194094e-13
# Omega_loc: -8.413975908636130e-17 -4.111645537677196e-06 -1.000000000000000e+00 2.098487974526954e-05 4.111645537761335e-06 0.000000000000000e+00 -4.790875072067989e-07 -1.000000000000001e+00 1.000000000000000e+00 4.790875071226592e-07 0.000000000000000e+00 4.464885711182025e-05 -2.098487974459642e-05 1.000000000000001e+00 -4.464885711165197e-05 0.000000000000000e+00
# zcen: -1.000283101453141e+00 -1.895724999207977e-03 -9.254963569572986e-04 -1.007691101600125e+00
# zscale: 8.232683633389163e-06
# Continuation step 77 / 400
# We try to compute the torus for epsilon=-7.588838770739470e-02 (limit: -9.400000000000000e-02)
# Iteration 1 : 
Copy constructor of matrix
nrows = 4
ncols = 1
Copy constructor of matrix
nrows = 4
ncols = 1
#     - Size of the grid: 32 32 
#     - Tails of the parameterization: 6.220e-12 5.967e-12 
#     - Error of invariance: 1.096e-11 (max over grid, physical), 2.479e-06 (Fourier l1, local)
Copy constructor of matrix
nrows = 2
ncols = 2
Copy constructor of matrix
nrows = 4
ncols = 4
Copy constructor of matrix
nrows = 4
ncols = 4
Copy constructor of matrix
nrows = 2
ncols = 2
Copy constructor of matrix
nrows = 4
ncols = 4
Copy constructor of matrix
nrows = 4
ncols = 4
#     - Average torsion <T>: [-3.672e-07 -3.169e-06; -3.169e-06 9.305e-07], det -1.039e-11
#     - Norm inverse twist: -6.646e+05
#     - max |Im K| after the step: 1.461e-15 (removed)
#     - Residual of the linearized equation: 1.192e-12 (physical)
#     - Lagrangian defect |L^T Omega L|: 7.647e-05
#     - Frame check |L^T Omega N + I| (should be 0): 4.838e-11
#     - Norm of the correction: 9.411e-08 (physical), 1.143e-02 (local)
# Iteration 2 : 
Copy constructor of matrix
nrows = 4
ncols = 1
Copy constructor of matrix
nrows = 4
ncols = 1
#     - Size of the grid: 32 32 
#     - Tails of the parameterization: 0.000e+00 0.000e+00 
#     - Error of invariance: 7.482e-12 (max over grid, physical), 3.719e-06 (Fourier l1, local)
Copy constructor of matrix
nrows = 2
ncols = 2
Copy constructor of matrix
nrows = 4
ncols = 4
Copy constructor of matrix
nrows = 4
ncols = 4
Copy constructor of matrix
nrows = 2
ncols = 2
Copy constructor of matrix
nrows = 4
ncols = 4
Copy constructor of matrix
nrows = 4
ncols = 4
#     - Average torsion <T>: [-3.543e-07 -3.169e-06; -3.169e-06 1.008e-06], det -1.040e-11
#     - Norm inverse twist: -6.723e+05
#     - max |Im K| after the step: 1.260e-15 (removed)
#     - Residual of the linearized equation: 1.164e-12 (physical)
#     - Lagrangian defect |L^T Omega L|: 9.467e-05
#     - Frame check |L^T Omega N + I| (should be 0): 6.103e-11
#     - Norm of the correction: 1.356e-09 (physical), 1.647e-04 (local)
# Iteration 3 : 
Copy constructor of matrix
nrows = 4
ncols = 1
Copy constructor of matrix
nrows = 4
ncols = 1
#     - Size of the grid: 32 32 
#     - Tails of the parameterization: 0.000e+00 0.000e+00 
#     - Error of invariance: 3.734e-13 (max over grid, physical), 1.379e-06 (Fourier l1, local)
#     - No correction is needed!
-7.588838770739470e-02 32 32 -6.722864446000408e+05 8.574197983395009e-01 4.980510735768083e-01 3.733951936201224e-13
# Omega_loc: 0.000000000000000e+00 -4.038105489956939e-06 -1.000000000000000e+00 2.059612166555966e-05 4.038105489871222e-06 0.000000000000000e+00 -4.725943196068268e-07 -1.000000000000001e+00 1.000000000000000e+00 4.725943196068268e-07 0.000000000000000e+00 4.382696079332641e-05 -2.059612166624540e-05 1.000000000000001e+00 -4.382696079332641e-05 0.000000000000000e+00
# zcen: -1.000283101379035e+00 -1.895724841110151e-03 -9.254964756756636e-04 -1.007691102057198e+00
# zscale: 8.156588184331504e-06
# Continuation step 78 / 400
# We try to compute the torus for epsilon=-7.659004602116937e-02 (limit: -9.400000000000000e-02)
# Iteration 1 : 
Copy constructor of matrix
nrows = 4
ncols = 1
Copy constructor of matrix
nrows = 4
ncols = 1
#     - Size of the grid: 32 32 
#     - Tails of the parameterization: 6.373e-12 6.281e-12 
#     - Error of invariance: 1.452e-11 (max over grid, physical), 2.867e-06 (Fourier l1, local)
Copy constructor of matrix
nrows = 2
ncols = 2
Copy constructor of matrix
nrows = 4
ncols = 4
Copy constructor of matrix
nrows = 4
ncols = 4
Copy constructor of matrix
nrows = 2
ncols = 2
Copy constructor of matrix
nrows = 4
ncols = 4
Copy constructor of matrix
nrows = 4
ncols = 4
#     - Average torsion <T>: [-3.650e-07 -3.111e-06; -3.111e-06 8.859e-07], det -1.000e-11
#     - Norm inverse twist: -6.742e+05
#     - max |Im K| after the step: 1.342e-15 (removed)
#     - Residual of the linearized equation: 1.285e-12 (physical)
#     - Lagrangian defect |L^T Omega L|: 8.953e-05
#     - Frame check |L^T Omega N + I| (should be 0): 5.541e-11
#     - Norm of the correction: 1.263e-07 (physical), 1.548e-02 (local)
# Iteration 2 : 
Copy constructor of matrix
nrows = 4
ncols = 1
Copy constructor of matrix
nrows = 4
ncols = 1
#     - Size of the grid: 32 32 
#     - Tails of the parameterization: 0.000e+00 0.000e+00 
#     - Error of invariance: 1.328e-11 (max over grid, physical), 5.685e-06 (Fourier l1, local)
Copy constructor of matrix
nrows = 2
ncols = 2
Copy constructor of matrix
nrows = 4
ncols = 4
Copy constructor of matrix
nrows = 4
ncols = 4
Copy constructor of matrix
nrows = 2
ncols = 2
Copy constructor of matrix
nrows = 4
ncols = 4
Copy constructor of matrix
nrows = 4
ncols = 4
#     - Average torsion <T>: [-3.478e-07 -3.110e-06; -3.110e-06 9.885e-07], det -1.002e-11
#     - Norm inverse twist: -6.849e+05
#     - max |Im K| after the step: 1.144e-15 (removed)
#     - Residual of the linearized equation: 1.182e-12 (physical)
#     - Lagrangian defect |L^T Omega L|: 9.948e-05
#     - Frame check |L^T Omega N + I| (should be 0): 6.321e-11
#     - Norm of the correction: 2.461e-09 (physical), 3.017e-04 (local)
# Newton stalled; best error 1.328e-11 (physical), not accepted (tol-floor 1.000e-11)
# Newton method does not converge; halving the continuation step
###########################################
# Continuation step 79 / 400
# We try to compute the torus for epsilon=-7.624e-02 (limit: -9.400e-02)
# Iteration 1 : 
Copy constructor of matrix
nrows = 4
ncols = 1
Copy constructor of matrix
nrows = 4
ncols = 1
#     - Size of the grid: 32 32 
#     - Tails of the parameterization: 6.373e-12 6.281e-12 
#     - Error of invariance: 7.336e-12 (max over grid, physical), 2.118e-06 (Fourier l1, local)
Copy constructor of matrix
nrows = 2
ncols = 2
Copy constructor of matrix
nrows = 4
ncols = 4
Copy constructor of matrix
nrows = 4
ncols = 4
Copy constructor of matrix
nrows = 2
ncols = 2
Copy constructor of matrix
nrows = 4
ncols = 4
Copy constructor of matrix
nrows = 4
ncols = 4
#     - Average torsion <T>: [-3.563e-07 -3.111e-06; -3.111e-06 9.377e-07], det -1.001e-11
#     - Norm inverse twist: -6.795e+05
#     - max |Im K| after the step: 1.772e-15 (removed)
#     - Residual of the linearized equation: 1.235e-12 (physical)
#     - Lagrangian defect |L^T Omega L|: 8.953e-05
#     - Frame check |L^T Omega N + I| (should be 0): 5.541e-11
#     - Norm of the correction: 6.346e-08 (physical), 7.780e-03 (local)
# Iteration 2 : 
Copy constructor of matrix
nrows = 4
ncols = 1
Copy constructor of matrix
nrows = 4
ncols = 1
#     - Size of the grid: 32 32 
#     - Tails of the parameterization: 0.000e+00 0.000e+00 
#     - Error of invariance: 3.643e-12 (max over grid, physical), 2.457e-06 (Fourier l1, local)
Copy constructor of matrix
nrows = 2
ncols = 2
Copy constructor of matrix
nrows = 4
ncols = 4
Copy constructor of matrix
nrows = 4
ncols = 4
Copy constructor of matrix
nrows = 2
ncols = 2
Copy constructor of matrix
nrows = 4
ncols = 4
Copy constructor of matrix
nrows = 4
ncols = 4
#     - Average torsion <T>: [-3.477e-07 -3.111e-06; -3.111e-06 9.891e-07], det -1.002e-11
#     - Norm inverse twist: -6.849e+05
#     - max |Im K| after the step: 1.641e-15 (removed)
#     - Residual of the linearized equation: 1.234e-12 (physical)
#     - Lagrangian defect |L^T Omega L|: 9.860e-05
#     - Frame check |L^T Omega N + I| (should be 0): 6.240e-11
#     - Norm of the correction: 5.534e-10 (physical), 6.785e-05 (local)
# Iteration 3 : 
Copy constructor of matrix
nrows = 4
ncols = 1
Copy constructor of matrix
nrows = 4
ncols = 1
#     - Size of the grid: 32 32 
#     - Tails of the parameterization: 0.000e+00 0.000e+00 
#     - Error of invariance: 3.481e-13 (max over grid, physical), 1.328e-06 (Fourier l1, local)
#     - No correction is needed!
-7.623921686428203e-02 32 32 -6.848892538345372e+05 8.600057632652485e-01 4.995256659245058e-01 3.480654790979019e-13
# Omega_loc: 0.000000000000000e+00 -3.987074541115479e-06 -9.999999999999998e-01 2.033725033164855e-05 3.987074541202278e-06 0.000000000000000e+00 -4.641350573707160e-07 -1.000000000000000e+00 9.999999999999997e-01 4.641350573490162e-07 0.000000000000000e+00 4.328220908232757e-05 -2.033725033164855e-05 1.000000000000000e+00 -4.328220908232757e-05 0.000000000000000e+00
# zcen: -1.000283101329705e+00 -1.895724735877752e-03 -9.254965547072763e-04 -1.007691102361417e+00
# zscale: 8.105543976986006e-06
# Continuation step 80 / 400
# We try to compute the torus for epsilon=-7.670698907346514e-02 (limit: -9.400000000000000e-02)
# Iteration 1 : 
Copy constructor of matrix
nrows = 4
ncols = 1
Copy constructor of matrix
nrows = 4
ncols = 1
#     - Size of the grid: 32 32 
#     - Tails of the parameterization: 6.369e-12 6.781e-12 
#     - Error of invariance: 9.669e-12 (max over grid, physical), 2.332e-06 (Fourier l1, local)
Copy constructor of matrix
nrows = 2
ncols = 2
Copy constructor of matrix
nrows = 4
ncols = 4
Copy constructor of matrix
nrows = 4
ncols = 4
Copy constructor of matrix
nrows = 2
ncols = 2
Copy constructor of matrix
nrows = 4
ncols = 4
Copy constructor of matrix
nrows = 4
ncols = 4
#     - Average torsion <T>: [-3.549e-07 -3.072e-06; -3.072e-06 9.079e-07], det -9.759e-12
#     - Norm inverse twist: -6.862e+05
#     - max |Im K| after the step: 1.547e-15 (removed)
#     - Residual of the linearized equation: 1.124e-12 (physical)
#     - Lagrangian defect |L^T Omega L|: 7.862e-05
#     - Frame check |L^T Omega N + I| (should be 0): 4.666e-11
#     - Norm of the correction: 8.532e-08 (physical), 1.053e-02 (local)
# Iteration 2 : 
Copy constructor of matrix
nrows = 4
ncols = 1
Copy constructor of matrix
nrows = 4
ncols = 1
#     - Size of the grid: 32 32 
#     - Tails of the parameterization: 0.000e+00 0.000e+00 
#     - Error of invariance: 6.124e-12 (max over grid, physical), 3.334e-06 (Fourier l1, local)
Copy constructor of matrix
nrows = 2
ncols = 2
Copy constructor of matrix
nrows = 4
ncols = 4
Copy constructor of matrix
nrows = 4
ncols = 4
Copy constructor of matrix
nrows = 2
ncols = 2
Copy constructor of matrix
nrows = 4
ncols = 4
Copy constructor of matrix
nrows = 4
ncols = 4
#     - Average torsion <T>: [-3.434e-07 -3.072e-06; -3.072e-06 9.767e-07], det -9.771e-12
#     - Norm inverse twist: -6.935e+05
#     - max |Im K| after the step: 1.934e-15 (removed)
#     - Residual of the linearized equation: 1.188e-12 (physical)
#     - Lagrangian defect |L^T Omega L|: 1.374e-04
#     - Frame check |L^T Omega N + I| (should be 0): 9.209e-11
#     - Norm of the correction: 1.242e-09 (physical), 1.533e-04 (local)
# Iteration 3 : 
Copy constructor of matrix
nrows = 4
ncols = 1
Copy constructor of matrix
nrows = 4
ncols = 1
#     - Size of the grid: 32 32 
#     - Tails of the parameterization: 0.000e+00 0.000e+00 
#     - Error of invariance: 3.581e-13 (max over grid, physical), 1.324e-06 (Fourier l1, local)
#     - No correction is needed!
-7.670698907346514e-02 32 32 -6.935489357408476e+05 8.580529622430152e-01 4.983876106166185e-01 3.581490053548085e-13
# Omega_loc: 8.829450596963576e-17 -3.918770557373018e-06 -1.000000000000000e+00 1.999503320264080e-05 3.918770557373018e-06 0.000000000000000e+00 -4.564926160533214e-07 -9.999999999999997e-01 1.000000000000000e+00 4.564926160533214e-07 0.000000000000000e+00 4.254725672809706e-05 -1.999503320299397e-05 9.999999999999997e-01 -4.254725672818535e-05 0.000000000000000e+00
# zcen: -1.000283101263626e+00 -1.895724594860500e-03 -9.254966605269111e-04 -1.007691102769225e+00
# zscale: 8.036621773458845e-06
# Continuation step 81 / 400
# We try to compute the torus for epsilon=-7.733068535237596e-02 (limit: -9.400000000000000e-02)
# Iteration 1 : 
Copy constructor of matrix
nrows = 4
ncols = 1
Copy constructor of matrix
nrows = 4
ncols = 1
#     - Size of the grid: 32 32 
#     - Tails of the parameterization: 6.691e-12 6.732e-12 
#     - Error of invariance: 1.278e-11 (max over grid, physical), 2.653e-06 (Fourier l1, local)
Copy constructor of matrix
nrows = 2
ncols = 2
Copy constructor of matrix
nrows = 4
ncols = 4
Copy constructor of matrix
nrows = 4
ncols = 4
Copy constructor of matrix
nrows = 2
ncols = 2
Copy constructor of matrix
nrows = 4
ncols = 4
Copy constructor of matrix
nrows = 4
ncols = 4
#     - Average torsion <T>: [-3.529e-07 -3.020e-06; -3.020e-06 8.685e-07], det -9.427e-12
#     - Norm inverse twist: -6.954e+05
#     - max |Im K| after the step: 1.090e-15 (removed)
#     - Residual of the linearized equation: 1.260e-12 (physical)
#     - Lagrangian defect |L^T Omega L|: 7.876e-05
#     - Frame check |L^T Omega N + I| (should be 0): 4.690e-11
#     - Norm of the correction: 1.140e-07 (physical), 1.418e-02 (local)
# Iteration 2 : 
Copy constructor of matrix
nrows = 4
ncols = 1
Copy constructor of matrix
nrows = 4
ncols = 1
#     - Size of the grid: 32 32 
#     - Tails of the parameterization: 0.000e+00 0.000e+00 
#     - Error of invariance: 1.074e-11 (max over grid, physical), 4.975e-06 (Fourier l1, local)
Copy constructor of matrix
nrows = 2
ncols = 2
Copy constructor of matrix
nrows = 4
ncols = 4
Copy constructor of matrix
nrows = 4
ncols = 4
Copy constructor of matrix
nrows = 2
ncols = 2
Copy constructor of matrix
nrows = 4
ncols = 4
Copy constructor of matrix
nrows = 4
ncols = 4
#     - Average torsion <T>: [-3.376e-07 -3.020e-06; -3.020e-06 9.598e-07], det -9.442e-12
#     - Norm inverse twist: -7.055e+05
#     - max |Im K| after the step: 1.492e-15 (removed)
#     - Residual of the linearized equation: 1.129e-12 (physical)
#     - Lagrangian defect |L^T Omega L|: 9.822e-05
#     - Frame check |L^T Omega N + I| (should be 0): 6.082e-11
#     - Norm of the correction: 1.824e-09 (physical), 2.269e-04 (local)
# Iteration 3 : 
Copy constructor of matrix
nrows = 4
ncols = 1
Copy constructor of matrix
nrows = 4
ncols = 1
#     - Size of the grid: 32 32 
#     - Tails of the parameterization: 0.000e+00 0.000e+00 
#     - Error of invariance: 3.190e-13 (max over grid, physical), 1.383e-06 (Fourier l1, local)
#     - No correction is needed!
-7.733068535237596e-02 32 32 -7.054874349092848e+05 8.554695083388268e-01 4.968409331373951e-01 3.189956865699254e-13
# Omega_loc: 9.035939450928455e-17 -3.830334024108044e-06 -1.000000000000000e+00 1.953775430991113e-05 3.830334024108044e-06 0.000000000000000e+00 -4.445127844128358e-07 -9.999999999999994e-01 1.000000000000000e+00 4.445127843676561e-07 0.000000000000000e+00 4.157770335839712e-05 -1.953775431027256e-05 9.999999999999994e-01 -4.157770335848749e-05 0.000000000000000e+00
# zcen: -1.000283101175912e+00 -1.895724407742200e-03 -9.254968010465946e-04 -1.007691103310177e+00
# zscale: 7.944250534053612e-06
# Continuation step 82 / 400
# We try to compute the torus for epsilon=-7.816228039092371e-02 (limit: -9.400000000000000e-02)
# Iteration 1 : 
Copy constructor of matrix
nrows = 4
ncols = 1
Copy constructor of matrix
nrows = 4
ncols = 1
#     - Size of the grid: 32 32 
#     - Tails of the parameterization: 6.614e-12 6.771e-12 
#     - Error of invariance: 1.683e-11 (max over grid, physical), 3.162e-06 (Fourier l1, local)
Copy constructor of matrix
nrows = 2
ncols = 2
Copy constructor of matrix
nrows = 4
ncols = 4
Copy constructor of matrix
nrows = 4
ncols = 4
Copy constructor of matrix
nrows = 2
ncols = 2
Copy constructor of matrix
nrows = 4
ncols = 4
Copy constructor of matrix
nrows = 4
ncols = 4
#     - Average torsion <T>: [-3.503e-07 -2.951e-06; -2.951e-06 8.155e-07], det -8.994e-12
#     - Norm inverse twist: -7.079e+05
#     - max |Im K| after the step: 1.696e-15 (removed)
#     - Residual of the linearized equation: 1.205e-12 (physical)
#     - Lagrangian defect |L^T Omega L|: 8.075e-05
#     - Frame check |L^T Omega N + I| (should be 0): 4.577e-11
#     - Norm of the correction: 1.535e-07 (physical), 1.932e-02 (local)
# Iteration 2 : 
Copy constructor of matrix
nrows = 4
ncols = 1
Copy constructor of matrix
nrows = 4
ncols = 1
#     - Size of the grid: 32 32 
#     - Tails of the parameterization: 0.000e+00 0.000e+00 
#     - Error of invariance: 1.947e-11 (max over grid, physical), 7.954e-06 (Fourier l1, local)
Copy constructor of matrix
nrows = 2
ncols = 2
Copy constructor of matrix
nrows = 4
ncols = 4
Copy constructor of matrix
nrows = 4
ncols = 4
Copy constructor of matrix
nrows = 2
ncols = 2
Copy constructor of matrix
nrows = 4
ncols = 4
Copy constructor of matrix
nrows = 4
ncols = 4
#     - Average torsion <T>: [-3.300e-07 -2.950e-06; -2.950e-06 9.372e-07], det -9.014e-12
#     - Norm inverse twist: -7.220e+05
#     - max |Im K| after the step: 1.536e-15 (removed)
#     - Residual of the linearized equation: 1.243e-12 (physical)
#     - Lagrangian defect |L^T Omega L|: 1.016e-04
#     - Frame check |L^T Omega N + I| (should be 0): 6.283e-11
#     - Norm of the correction: 3.711e-09 (physical), 4.671e-04 (local)
# Newton stalled; best error 1.683e-11 (physical), not accepted (tol-floor 1.000e-11)
# Newton method does not converge; halving the continuation step
###########################################
# Continuation step 83 / 400
# We try to compute the torus for epsilon=-7.775e-02 (limit: -9.400e-02)
# Iteration 1 : 
Copy constructor of matrix
nrows = 4
ncols = 1
Copy constructor of matrix
nrows = 4
ncols = 1
#     - Size of the grid: 32 32 
#     - Tails of the parameterization: 6.614e-12 6.771e-12 
#     - Error of invariance: 8.519e-12 (max over grid, physical), 2.273e-06 (Fourier l1, local)
Copy constructor of matrix
nrows = 2
ncols = 2
Copy constructor of matrix
nrows = 4
ncols = 4
Copy constructor of matrix
nrows = 4
ncols = 4
Copy constructor of matrix
nrows = 2
ncols = 2
Copy constructor of matrix
nrows = 4
ncols = 4
Copy constructor of matrix
nrows = 4
ncols = 4
#     - Average torsion <T>: [-3.400e-07 -2.951e-06; -2.951e-06 8.769e-07], det -9.006e-12
#     - Norm inverse twist: -7.149e+05
#     - max |Im K| after the step: 1.373e-15 (removed)
#     - Residual of the linearized equation: 1.144e-12 (physical)
#     - Lagrangian defect |L^T Omega L|: 8.075e-05
#     - Frame check |L^T Omega N + I| (should be 0): 4.577e-11
#     - Norm of the correction: 7.744e-08 (physical), 9.748e-03 (local)
# Iteration 2 : 
Copy constructor of matrix
nrows = 4
ncols = 1
Copy constructor of matrix
nrows = 4
ncols = 1
#     - Size of the grid: 32 32 
#     - Tails of the parameterization: 0.000e+00 0.000e+00 
#     - Error of invariance: 5.064e-12 (max over grid, physical), 3.041e-06 (Fourier l1, local)
Copy constructor of matrix
nrows = 2
ncols = 2
Copy constructor of matrix
nrows = 4
ncols = 4
Copy constructor of matrix
nrows = 4
ncols = 4
Copy constructor of matrix
nrows = 2
ncols = 2
Copy constructor of matrix
nrows = 4
ncols = 4
Copy constructor of matrix
nrows = 4
ncols = 4
#     - Average torsion <T>: [-3.298e-07 -2.951e-06; -2.951e-06 9.381e-07], det -9.016e-12
#     - Norm inverse twist: -7.220e+05
#     - max |Im K| after the step: 1.788e-15 (removed)
#     - Residual of the linearized equation: 1.035e-12 (physical)
#     - Lagrangian defect |L^T Omega L|: 1.001e-04
#     - Frame check |L^T Omega N + I| (should be 0): 6.170e-11
#     - Norm of the correction: 8.002e-10 (physical), 1.007e-04 (local)
# Iteration 3 : 
Copy constructor of matrix
nrows = 4
ncols = 1
Copy constructor of matrix
nrows = 4
ncols = 1
#     - Size of the grid: 32 32 
#     - Tails of the parameterization: 0.000e+00 0.000e+00 
#     - Error of invariance: 3.809e-13 (max over grid, physical), 1.388e-06 (Fourier l1, local)
#     - No correction is needed!
-7.774648287164984e-02 32 32 -7.220044939212406e+05 8.586178930608355e-01 4.986536589144749e-01 3.808704918284718e-13
# Omega_loc: 0.000000000000000e+00 -3.770910891986063e-06 -1.000000000000000e+00 1.922806299956691e-05 3.770910891986063e-06 0.000000000000000e+00 -4.402932327773314e-07 -1.000000000000000e+00 1.000000000000000e+00 4.402932327314340e-07 0.000000000000000e+00 4.092590277493095e-05 -1.922806299956691e-05 1.000000000000000e+00 -4.092590277502274e-05 0.000000000000000e+00
# zcen: -1.000283101117273e+00 -1.895724282621652e-03 -9.254968949686253e-04 -1.007691103671963e+00
# zscale: 7.881880484267213e-06
# Continuation step 84 / 400
# We try to compute the torus for epsilon=-7.830087956401502e-02 (limit: -9.400000000000000e-02)
# Iteration 1 : 
Copy constructor of matrix
nrows = 4
ncols = 1
Copy constructor of matrix
nrows = 4
ncols = 1
#     - Size of the grid: 32 32 
#     - Tails of the parameterization: 6.779e-12 6.734e-12 
#     - Error of invariance: 1.104e-11 (max over grid, physical), 2.583e-06 (Fourier l1, local)
Copy constructor of matrix
nrows = 2
ncols = 2
Copy constructor of matrix
nrows = 4
ncols = 4
Copy constructor of matrix
nrows = 4
ncols = 4
Copy constructor of matrix
nrows = 2
ncols = 2
Copy constructor of matrix
nrows = 4
ncols = 4
Copy constructor of matrix
nrows = 4
ncols = 4
#     - Average torsion <T>: [-3.383e-07 -2.905e-06; -2.905e-06 8.418e-07], det -8.722e-12
#     - Norm inverse twist: -7.238e+05
#     - max |Im K| after the step: 1.291e-15 (removed)
#     - Residual of the linearized equation: 1.309e-12 (physical)
#     - Lagrangian defect |L^T Omega L|: 8.895e-05
#     - Frame check |L^T Omega N + I| (should be 0): 5.217e-11
#     - Norm of the correction: 1.037e-07 (physical), 1.316e-02 (local)
# Iteration 2 : 
Copy constructor of matrix
nrows = 4
ncols = 1
Copy constructor of matrix
nrows = 4
ncols = 1
#     - Size of the grid: 32 32 
#     - Tails of the parameterization: 0.000e+00 0.000e+00 
#     - Error of invariance: 8.857e-12 (max over grid, physical), 4.344e-06 (Fourier l1, local)
Copy constructor of matrix
nrows = 2
ncols = 2
Copy constructor of matrix
nrows = 4
ncols = 4
Copy constructor of matrix
nrows = 4
ncols = 4
Copy constructor of matrix
nrows = 2
ncols = 2
Copy constructor of matrix
nrows = 4
ncols = 4
Copy constructor of matrix
nrows = 4
ncols = 4
#     - Average torsion <T>: [-3.247e-07 -2.904e-06; -2.905e-06 9.233e-07], det -8.736e-12
#     - Norm inverse twist: -7.335e+05
#     - max |Im K| after the step: 1.216e-15 (removed)
#     - Residual of the linearized equation: 1.074e-12 (physical)
#     - Lagrangian defect |L^T Omega L|: 1.351e-04
#     - Frame check |L^T Omega N + I| (should be 0): 8.413e-11
#     - Norm of the correction: 1.495e-09 (physical), 1.897e-04 (local)
# Iteration 3 : 
Copy constructor of matrix
nrows = 4
ncols = 1
Copy constructor of matrix
nrows = 4
ncols = 1
#     - Size of the grid: 32 32 
#     - Tails of the parameterization: 0.000e+00 0.000e+00 
#     - Error of invariance: 3.748e-13 (max over grid, physical), 1.427e-06 (Fourier l1, local)
#     - No correction is needed!
-7.830087956401502e-02 32 32 -7.334790004629041e+05 8.561963789701235e-01 4.972343588325802e-01 3.747858908836430e-13
# Omega_loc: -9.377956955739060e-17 -3.689409975013591e-06 -1.000000000000000e+00 1.882240581098316e-05 3.689409975013591e-06 0.000000000000000e+00 -4.317072196787094e-07 -9.999999999999997e-01 1.000000000000000e+00 4.317072196083747e-07 0.000000000000000e+00 4.006174662074409e-05 -1.882240581098316e-05 9.999999999999997e-01 -4.006174662083787e-05 0.000000000000000e+00
# zcen: -1.000283101039167e+00 -1.895724115952815e-03 -9.254970200590316e-04 -1.007691104153913e+00
# zscale: 7.798018338711669e-06
# Continuation step 85 / 400
# We try to compute the torus for epsilon=-7.904007515383525e-02 (limit: -9.400000000000000e-02)
# Iteration 1 : 
Copy constructor of matrix
nrows = 4
ncols = 1
Copy constructor of matrix
nrows = 4
ncols = 1
#     - Size of the grid: 32 32 
#     - Tails of the parameterization: 6.526e-12 6.673e-12 
#     - Error of invariance: 1.462e-11 (max over grid, physical), 2.968e-06 (Fourier l1, local)
Copy constructor of matrix
nrows = 2
ncols = 2
Copy constructor of matrix
nrows = 4
ncols = 4
Copy constructor of matrix
nrows = 4
ncols = 4
Copy constructor of matrix
nrows = 2
ncols = 2
Copy constructor of matrix
nrows = 4
ncols = 4
Copy constructor of matrix
nrows = 4
ncols = 4
#     - Average torsion <T>: [-3.360e-07 -2.843e-06; -2.843e-06 7.949e-07], det -8.351e-12
#     - Norm inverse twist: -7.359e+05
#     - max |Im K| after the step: 1.815e-15 (removed)
#     - Residual of the linearized equation: 1.259e-12 (physical)
#     - Lagrangian defect |L^T Omega L|: 5.576e-05
#     - Frame check |L^T Omega N + I| (should be 0): 2.945e-11
#     - Norm of the correction: 1.386e-07 (physical), 1.778e-02 (local)
# Iteration 2 : 
Copy constructor of matrix
nrows = 4
ncols = 1
Copy constructor of matrix
nrows = 4
ncols = 1
#     - Size of the grid: 32 32 
#     - Tails of the parameterization: 0.000e+00 0.000e+00 
#     - Error of invariance: 1.589e-11 (max over grid, physical), 6.925e-06 (Fourier l1, local)
Copy constructor of matrix
nrows = 2
ncols = 2
Copy constructor of matrix
nrows = 4
ncols = 4
Copy constructor of matrix
nrows = 4
ncols = 4
Copy constructor of matrix
nrows = 2
ncols = 2
Copy constructor of matrix
nrows = 4
ncols = 4
Copy constructor of matrix
nrows = 4
ncols = 4
#     - Average torsion <T>: [-3.179e-07 -2.843e-06; -2.843e-06 9.028e-07], det -8.369e-12
#     - Norm inverse twist: -7.493e+05
#     - max |Im K| after the step: 1.287e-15 (removed)
#     - Residual of the linearized equation: 1.101e-12 (physical)
#     - Lagrangian defect |L^T Omega L|: 9.875e-05
#     - Frame check |L^T Omega N + I| (should be 0): 5.816e-11
#     - Norm of the correction: 3.570e-09 (physical), 4.579e-04 (local)
# Newton stalled; best error 1.462e-11 (physical), not accepted (tol-floor 1.000e-11)
# Newton method does not converge; halving the continuation step
###########################################
# Continuation step 86 / 400
# We try to compute the torus for epsilon=-7.867e-02 (limit: -9.400e-02)
# Iteration 1 : 
Copy constructor of matrix
nrows = 4
ncols = 1
Copy constructor of matrix
nrows = 4
ncols = 1
#     - Size of the grid: 32 32 
#     - Tails of the parameterization: 6.526e-12 6.673e-12 
#     - Error of invariance: 7.419e-12 (max over grid, physical), 2.187e-06 (Fourier l1, local)
Copy constructor of matrix
nrows = 2
ncols = 2
Copy constructor of matrix
nrows = 4
ncols = 4
Copy constructor of matrix
nrows = 4
ncols = 4
Copy constructor of matrix
nrows = 2
ncols = 2
Copy constructor of matrix
nrows = 4
ncols = 4
Copy constructor of matrix
nrows = 4
ncols = 4
#     - Average torsion <T>: [-3.268e-07 -2.843e-06; -2.843e-06 8.495e-07], det -8.362e-12
#     - Norm inverse twist: -7.426e+05
#     - max |Im K| after the step: 1.682e-15 (removed)
#     - Residual of the linearized equation: 1.205e-12 (physical)
#     - Lagrangian defect |L^T Omega L|: 5.576e-05
#     - Frame check |L^T Omega N + I| (should be 0): 2.945e-11
#     - Norm of the correction: 6.969e-08 (physical), 8.936e-03 (local)
# Iteration 2 : 
Copy constructor of matrix
nrows = 4
ncols = 1
Copy constructor of matrix
nrows = 4
ncols = 1
#     - Size of the grid: 32 32 
#     - Tails of the parameterization: 0.000e+00 0.000e+00 
#     - Error of invariance: 4.227e-12 (max over grid, physical), 2.849e-06 (Fourier l1, local)
Copy constructor of matrix
nrows = 2
ncols = 2
Copy constructor of matrix
nrows = 4
ncols = 4
Copy constructor of matrix
nrows = 4
ncols = 4
Copy constructor of matrix
nrows = 2
ncols = 2
Copy constructor of matrix
nrows = 4
ncols = 4
Copy constructor of matrix
nrows = 4
ncols = 4
#     - Average torsion <T>: [-3.177e-07 -2.843e-06; -2.843e-06 9.036e-07], det -8.370e-12
#     - Norm inverse twist: -7.493e+05
#     - max |Im K| after the step: 1.377e-15 (removed)
#     - Residual of the linearized equation: 1.173e-12 (physical)
#     - Lagrangian defect |L^T Omega L|: 9.771e-05
#     - Frame check |L^T Omega N + I| (should be 0): 5.736e-11
#     - Norm of the correction: 1.082e-09 (physical), 1.387e-04 (local)
# Iteration 3 : 
Copy constructor of matrix
nrows = 4
ncols = 1
Copy constructor of matrix
nrows = 4
ncols = 1
#     - Size of the grid: 32 32 
#     - Tails of the parameterization: 0.000e+00 0.000e+00 
#     - Error of invariance: 3.634e-13 (max over grid, physical), 1.422e-06 (Fourier l1, local)
#     - No correction is needed!
-7.867047735892513e-02 32 32 -7.493128349605505e+05 8.591373496753182e-01 4.989210700273292e-01 3.634281925322445e-13
# Omega_loc: 0.000000000000000e+00 -3.636816152478700e-06 -9.999999999999998e-01 1.855019160641647e-05 3.636816152383547e-06 0.000000000000000e+00 -4.240750602164259e-07 -1.000000000000000e+00 1.000000000000000e+00 4.240750601926378e-07 2.378808455031602e-17 3.948181304122922e-05 -1.855019160641647e-05 1.000000000000000e+00 -3.948181304132437e-05 0.000000000000000e+00
# zcen: -1.000283100987037e+00 -1.895724004731794e-03 -9.254971035640045e-04 -1.007691104475480e+00
# zscale: 7.741554454253361e-06
# Continuation step 87 / 400
# We try to compute the torus for epsilon=-7.916327441880527e-02 (limit: -9.400000000000000e-02)
# Iteration 1 : 
Copy constructor of matrix
nrows = 4
ncols = 1
Copy constructor of matrix
nrows = 4
ncols = 1
#     - Size of the grid: 32 32 
#     - Tails of the parameterization: 6.823e-12 6.612e-12 
#     - Error of invariance: 9.773e-12 (max over grid, physical), 2.471e-06 (Fourier l1, local)
Copy constructor of matrix
nrows = 2
ncols = 2
Copy constructor of matrix
nrows = 4
ncols = 4
Copy constructor of matrix
nrows = 4
ncols = 4
Copy constructor of matrix
nrows = 2
ncols = 2
Copy constructor of matrix
nrows = 4
ncols = 4
Copy constructor of matrix
nrows = 4
ncols = 4
#     - Average torsion <T>: [-3.253e-07 -2.802e-06; -2.802e-06 8.183e-07], det -8.119e-12
#     - Norm inverse twist: -7.510e+05
#     - max |Im K| after the step: 1.953e-15 (removed)
#     - Residual of the linearized equation: 1.178e-12 (physical)
#     - Lagrangian defect |L^T Omega L|: 9.202e-05
#     - Frame check |L^T Omega N + I| (should be 0): 5.142e-11
#     - Norm of the correction: 9.368e-08 (physical), 1.210e-02 (local)
# Iteration 2 : 
Copy constructor of matrix
nrows = 4
ncols = 1
Copy constructor of matrix
nrows = 4
ncols = 1
#     - Size of the grid: 32 32 
#     - Tails of the parameterization: 0.000e+00 0.000e+00 
#     - Error of invariance: 7.310e-12 (max over grid, physical), 3.954e-06 (Fourier l1, local)
Copy constructor of matrix
nrows = 2
ncols = 2
Copy constructor of matrix
nrows = 4
ncols = 4
Copy constructor of matrix
nrows = 4
ncols = 4
Copy constructor of matrix
nrows = 2
ncols = 2
Copy constructor of matrix
nrows = 4
ncols = 4
Copy constructor of matrix
nrows = 4
ncols = 4
#     - Average torsion <T>: [-3.132e-07 -2.802e-06; -2.802e-06 8.906e-07], det -8.130e-12
#     - Norm inverse twist: -7.603e+05
#     - max |Im K| after the step: 1.346e-15 (removed)
#     - Residual of the linearized equation: 1.106e-12 (physical)
#     - Lagrangian defect |L^T Omega L|: 8.600e-05
#     - Frame check |L^T Omega N + I| (should be 0): 4.858e-11
#     - Norm of the correction: 1.498e-09 (physical), 1.935e-04 (local)
# Iteration 3 : 
Copy constructor of matrix
nrows = 4
ncols = 1
Copy constructor of matrix
nrows = 4
ncols = 1
#     - Size of the grid: 32 32 
#     - Tails of the parameterization: 0.000e+00 0.000e+00 
#     - Error of invariance: 4.406e-13 (max over grid, physical), 1.466e-06 (Fourier l1, local)
#     - No correction is needed!
-7.916327441880527e-02 32 32 -7.603055217221018e+05 8.569115431596311e-01 4.976102712959220e-01 4.405918659680530e-13
# Omega_loc: 9.704637843894326e-17 -3.566290548411887e-06 -1.000000000000000e+00 1.818770599579547e-05 3.566290548314841e-06 0.000000000000000e+00 -4.174822156939878e-07 -1.000000000000001e+00 1.000000000000000e+00 4.174822156939878e-07 2.426159460973582e-17 3.871009470533689e-05 -1.818770599579547e-05 1.000000000000001e+00 -3.871009470553098e-05 0.000000000000000e+00
# zcen: -1.000283100917540e+00 -1.895723856444950e-03 -9.254972148755244e-04 -1.007691104904250e+00
# zscale: 7.665625885766048e-06
# Continuation step 88 / 400
# We try to compute the torus for epsilon=-7.982033716531214e-02 (limit: -9.400000000000000e-02)
# Iteration 1 : 
Copy constructor of matrix
nrows = 4
ncols = 1
Copy constructor of matrix
nrows = 4
ncols = 1
#     - Size of the grid: 32 32 
#     - Tails of the parameterization: 6.587e-12 6.729e-12 
#     - Error of invariance: 1.273e-11 (max over grid, physical), 2.867e-06 (Fourier l1, local)
Copy constructor of matrix
nrows = 2
ncols = 2
Copy constructor of matrix
nrows = 4
ncols = 4
Copy constructor of matrix
nrows = 4
ncols = 4
Copy constructor of matrix
nrows = 2
ncols = 2
Copy constructor of matrix
nrows = 4
ncols = 4
Copy constructor of matrix
nrows = 4
ncols = 4
#     - Average torsion <T>: [-3.232e-07 -2.748e-06; -2.748e-06 7.767e-07], det -7.800e-12
#     - Norm inverse twist: -7.626e+05
#     - max |Im K| after the step: 1.496e-15 (removed)
#     - Residual of the linearized equation: 1.230e-12 (physical)
#     - Lagrangian defect |L^T Omega L|: 8.796e-05
#     - Frame check |L^T Omega N + I| (should be 0): 4.758e-11
#     - Norm of the correction: 1.259e-07 (physical), 1.642e-02 (local)
# Iteration 2 : 
Copy constructor of matrix
nrows = 4
ncols = 1
Copy constructor of matrix
nrows = 4
ncols = 1
#     - Size of the grid: 32 32 
#     - Tails of the parameterization: 0.000e+00 0.000e+00 
#     - Error of invariance: 1.314e-11 (max over grid, physical), 6.028e-06 (Fourier l1, local)
Copy constructor of matrix
nrows = 2
ncols = 2
Copy constructor of matrix
nrows = 4
ncols = 4
Copy constructor of matrix
nrows = 4
ncols = 4
Copy constructor of matrix
nrows = 2
ncols = 2
Copy constructor of matrix
nrows = 4
ncols = 4
Copy constructor of matrix
nrows = 4
ncols = 4
#     - Average torsion <T>: [-3.072e-07 -2.747e-06; -2.747e-06 8.730e-07], det -7.815e-12
#     - Norm inverse twist: -7.755e+05
#     - max |Im K| after the step: 1.415e-15 (removed)
#     - Residual of the linearized equation: 1.157e-12 (physical)
#     - Lagrangian defect |L^T Omega L|: 8.215e-05
#     - Frame check |L^T Omega N + I| (should be 0): 4.611e-11
#     - Norm of the correction: 2.314e-09 (physical), 3.018e-04 (local)
# Newton stalled; best error 1.273e-11 (physical), not accepted (tol-floor 1.000e-11)
# Newton method does not converge; halving the continuation step
###########################################
# Continuation step 89 / 400
# We try to compute the torus for epsilon=-7.949e-02 (limit: -9.400e-02)
# Iteration 1 : 
Copy constructor of matrix
nrows = 4
ncols = 1
Copy constructor of matrix
nrows = 4
ncols = 1
#     - Size of the grid: 32 32 
#     - Tails of the parameterization: 6.587e-12 6.729e-12 
#     - Error of invariance: 6.443e-12 (max over grid, physical), 2.168e-06 (Fourier l1, local)
Copy constructor of matrix
nrows = 2
ncols = 2
Copy constructor of matrix
nrows = 4
ncols = 4
Copy constructor of matrix
nrows = 4
ncols = 4
Copy constructor of matrix
nrows = 2
ncols = 2
Copy constructor of matrix
nrows = 4
ncols = 4
Copy constructor of matrix
nrows = 4
ncols = 4
#     - Average torsion <T>: [-3.151e-07 -2.747e-06; -2.747e-06 8.252e-07], det -7.809e-12
#     - Norm inverse twist: -7.690e+05
#     - max |Im K| after the step: 1.606e-15 (removed)
#     - Residual of the linearized equation: 1.186e-12 (physical)
#     - Lagrangian defect |L^T Omega L|: 8.796e-05
#     - Frame check |L^T Omega N + I| (should be 0): 4.758e-11
#     - Norm of the correction: 6.342e-08 (physical), 8.273e-03 (local)
# Iteration 2 : 
Copy constructor of matrix
nrows = 4
ncols = 1
Copy constructor of matrix
nrows = 4
ncols = 1
#     - Size of the grid: 32 32 
#     - Tails of the parameterization: 0.000e+00 0.000e+00 
#     - Error of invariance: 3.474e-12 (max over grid, physical), 2.601e-06 (Fourier l1, local)
Copy constructor of matrix
nrows = 2
ncols = 2
Copy constructor of matrix
nrows = 4
ncols = 4
Copy constructor of matrix
nrows = 4
ncols = 4
Copy constructor of matrix
nrows = 2
ncols = 2
Copy constructor of matrix
nrows = 4
ncols = 4
Copy constructor of matrix
nrows = 4
ncols = 4
#     - Average torsion <T>: [-3.070e-07 -2.747e-06; -2.747e-06 8.736e-07], det -7.816e-12
#     - Norm inverse twist: -7.755e+05
#     - max |Im K| after the step: 1.739e-15 (removed)
#     - Residual of the linearized equation: 1.182e-12 (physical)
#     - Lagrangian defect |L^T Omega L|: 8.061e-05
#     - Frame check |L^T Omega N + I| (should be 0): 4.498e-11
#     - Norm of the correction: 4.601e-10 (physical), 6.003e-05 (local)
# Iteration 3 : 
Copy constructor of matrix
nrows = 4
ncols = 1
Copy constructor of matrix
nrows = 4
ncols = 1
#     - Size of the grid: 32 32 
#     - Tails of the parameterization: 0.000e+00 0.000e+00 
#     - Error of invariance: 3.235e-13 (max over grid, physical), 1.477e-06 (Fourier l1, local)
#     - No correction is needed!
-7.949180579205871e-02 32 32 -7.754750476764088e+05 8.596457946058867e-01 4.991791607370210e-01 3.234614995021097e-13
# Omega_loc: 0.000000000000000e+00 -3.518401995547978e-06 -9.999999999999996e-01 1.794821846058445e-05 3.518401995498804e-06 0.000000000000000e+00 -4.101385822564176e-07 -9.999999999999994e-01 9.999999999999996e-01 4.101385822318302e-07 -2.458736557149922e-17 3.819887289831447e-05 -1.794821846097785e-05 9.999999999999994e-01 -3.819887289831447e-05 0.000000000000000e+00
# zcen: -1.000283100871277e+00 -1.895723757741869e-03 -9.254972889819330e-04 -1.007691105189624e+00
# zscale: 7.614666358470309e-06
# Continuation step 90 / 400
# We try to compute the torus for epsilon=-7.992984762306329e-02 (limit: -9.400000000000000e-02)
# Iteration 1 : 
Copy constructor of matrix
nrows = 4
ncols = 1
Copy constructor of matrix
nrows = 4
ncols = 1
#     - Size of the grid: 32 32 
#     - Tails of the parameterization: 6.456e-12 6.701e-12 
#     - Error of invariance: 8.481e-12 (max over grid, physical), 2.387e-06 (Fourier l1, local)
Copy constructor of matrix
nrows = 2
ncols = 2
Copy constructor of matrix
nrows = 4
ncols = 4
Copy constructor of matrix
nrows = 4
ncols = 4
Copy constructor of matrix
nrows = 2
ncols = 2
Copy constructor of matrix
nrows = 4
ncols = 4
Copy constructor of matrix
nrows = 4
ncols = 4
#     - Average torsion <T>: [-3.137e-07 -2.711e-06; -2.711e-06 7.973e-07], det -7.600e-12
#     - Norm inverse twist: -7.771e+05
#     - max |Im K| after the step: 1.466e-15 (removed)
#     - Residual of the linearized equation: 1.261e-12 (physical)
#     - Lagrangian defect |L^T Omega L|: 1.008e-04
#     - Frame check |L^T Omega N + I| (should be 0): 5.592e-11
#     - Norm of the correction: 8.464e-08 (physical), 1.112e-02 (local)
# Iteration 2 : 
Copy constructor of matrix
nrows = 4
ncols = 1
Copy constructor of matrix
nrows = 4
ncols = 1
#     - Size of the grid: 32 32 
#     - Tails of the parameterization: 0.000e+00 0.000e+00 
#     - Error of invariance: 6.051e-12 (max over grid, physical), 3.547e-06 (Fourier l1, local)
Copy constructor of matrix
nrows = 2
ncols = 2
Copy constructor of matrix
nrows = 4
ncols = 4
Copy constructor of matrix
nrows = 4
ncols = 4
Copy constructor of matrix
nrows = 2
ncols = 2
Copy constructor of matrix
nrows = 4
ncols = 4
Copy constructor of matrix
nrows = 4
ncols = 4
#     - Average torsion <T>: [-3.030e-07 -2.711e-06; -2.711e-06 8.616e-07], det -7.610e-12
#     - Norm inverse twist: -7.859e+05
#     - max |Im K| after the step: 1.582e-15 (removed)
#     - Residual of the linearized equation: 1.216e-12 (physical)
#     - Lagrangian defect |L^T Omega L|: 8.555e-05
#     - Frame check |L^T Omega N + I| (should be 0): 4.758e-11
#     - Norm of the correction: 1.363e-09 (physical), 1.790e-04 (local)
# Iteration 3 : 
Copy constructor of matrix
nrows = 4
ncols = 1
Copy constructor of matrix
nrows = 4
ncols = 1
#     - Size of the grid: 32 32 
#     - Tails of the parameterization: 0.000e+00 0.000e+00 
#     - Error of invariance: 3.408e-13 (max over grid, physical), 1.413e-06 (Fourier l1, local)
#     - No correction is needed!
-7.992984762306329e-02 32 32 -7.858605690214600e+05 8.575951004678084e-01 4.979823530774061e-01 3.407973773425492e-13
# Omega_loc: 1.001453086360764e-16 -3.454876209650189e-06 -9.999999999999998e-01 1.762680679264017e-05 3.454876209650189e-06 0.000000000000000e+00 -4.037065755452295e-07 -9.999999999999998e-01 9.999999999999998e-01 4.037065754450842e-07 0.000000000000000e+00 3.751383987031464e-05 -1.762680679264017e-05 9.999999999999998e-01 -3.751383987021450e-05 0.000000000000000e+00
# zcen: -1.000283100809514e+00 -1.895723625941648e-03 -9.254973878920855e-04 -1.007691105570759e+00
# zscale: 7.546073293562514e-06
# Continuation step 91 / 400
# We try to compute the torus for epsilon=-8.051390339773606e-02 (limit: -9.400000000000000e-02)
# Iteration 1 : 
Copy constructor of matrix
nrows = 4
ncols = 1
Copy constructor of matrix
nrows = 4
ncols = 1
#     - Size of the grid: 32 32 
#     - Tails of the parameterization: 7.064e-12 7.117e-12 
#     - Error of invariance: 1.136e-11 (max over grid, physical), 2.666e-06 (Fourier l1, local)
Copy constructor of matrix
nrows = 2
ncols = 2
Copy constructor of matrix
nrows = 4
ncols = 4
Copy constructor of matrix
nrows = 4
ncols = 4
Copy constructor of matrix
nrows = 2
ncols = 2
Copy constructor of matrix
nrows = 4
ncols = 4
Copy constructor of matrix
nrows = 4
ncols = 4
#     - Average torsion <T>: [-3.119e-07 -2.662e-06; -2.662e-06 7.604e-07], det -7.326e-12
#     - Norm inverse twist: -7.881e+05
#     - max |Im K| after the step: 1.416e-15 (removed)
#     - Residual of the linearized equation: 1.219e-12 (physical)
#     - Lagrangian defect |L^T Omega L|: 9.165e-05
#     - Frame check |L^T Omega N + I| (should be 0): 4.867e-11
#     - Norm of the correction: 1.136e-07 (physical), 1.505e-02 (local)
# Iteration 2 : 
Copy constructor of matrix
nrows = 4
ncols = 1
Copy constructor of matrix
nrows = 4
ncols = 1
#     - Size of the grid: 32 32 
#     - Tails of the parameterization: 0.000e+00 0.000e+00 
#     - Error of invariance: 1.094e-11 (max over grid, physical), 5.277e-06 (Fourier l1, local)
Copy constructor of matrix
nrows = 2
ncols = 2
Copy constructor of matrix
nrows = 4
ncols = 4
Copy constructor of matrix
nrows = 4
ncols = 4
Copy constructor of matrix
nrows = 2
ncols = 2
Copy constructor of matrix
nrows = 4
ncols = 4
Copy constructor of matrix
nrows = 4
ncols = 4
#     - Average torsion <T>: [-2.976e-07 -2.662e-06; -2.662e-06 8.459e-07], det -7.339e-12
#     - Norm inverse twist: -8.002e+05
#     - max |Im K| after the step: 1.904e-15 (removed)
#     - Residual of the linearized equation: 1.012e-12 (physical)
#     - Lagrangian defect |L^T Omega L|: 9.328e-05
#     - Frame check |L^T Omega N + I| (should be 0): 5.159e-11
#     - Norm of the correction: 1.909e-09 (physical), 2.530e-04 (local)
# Newton stalled; best error 1.094e-11 (physical), not accepted (tol-floor 1.000e-11)
# Newton method does not converge; halving the continuation step
###########################################
# Continuation step 92 / 400
# We try to compute the torus for epsilon=-8.022e-02 (limit: -9.400e-02)
# Iteration 1 : 
Copy constructor of matrix
nrows = 4
ncols = 1
Copy constructor of matrix
nrows = 4
ncols = 1
#     - Size of the grid: 32 32 
#     - Tails of the parameterization: 7.064e-12 7.117e-12 
#     - Error of invariance: 5.851e-12 (max over grid, physical), 2.043e-06 (Fourier l1, local)
Copy constructor of matrix
nrows = 2
ncols = 2
Copy constructor of matrix
nrows = 4
ncols = 4
Copy constructor of matrix
nrows = 4
ncols = 4
Copy constructor of matrix
nrows = 2
ncols = 2
Copy constructor of matrix
nrows = 4
ncols = 4
Copy constructor of matrix
nrows = 4
ncols = 4
#     - Average torsion <T>: [-3.047e-07 -2.662e-06; -2.662e-06 8.035e-07], det -7.333e-12
#     - Norm inverse twist: -7.941e+05
#     - max |Im K| after the step: 1.286e-15 (removed)
#     - Residual of the linearized equation: 1.171e-12 (physical)
#     - Lagrangian defect |L^T Omega L|: 9.165e-05
#     - Frame check |L^T Omega N + I| (should be 0): 4.867e-11
#     - Norm of the correction: 5.710e-08 (physical), 7.566e-03 (local)
# Iteration 2 : 
Copy constructor of matrix
nrows = 4
ncols = 1
Copy constructor of matrix
nrows = 4
ncols = 1
#     - Size of the grid: 32 32 
#     - Tails of the parameterization: 0.000e+00 0.000e+00 
#     - Error of invariance: 2.879e-12 (max over grid, physical), 2.453e-06 (Fourier l1, local)
Copy constructor of matrix
nrows = 2
ncols = 2
Copy constructor of matrix
nrows = 4
ncols = 4
Copy constructor of matrix
nrows = 4
ncols = 4
Copy constructor of matrix
nrows = 2
ncols = 2
Copy constructor of matrix
nrows = 4
ncols = 4
Copy constructor of matrix
nrows = 4
ncols = 4
#     - Average torsion <T>: [-2.975e-07 -2.662e-06; -2.662e-06 8.464e-07], det -7.340e-12
#     - Norm inverse twist: -8.002e+05
#     - max |Im K| after the step: 1.632e-15 (removed)
#     - Residual of the linearized equation: 1.334e-12 (physical)
#     - Lagrangian defect |L^T Omega L|: 9.228e-05
#     - Frame check |L^T Omega N + I| (should be 0): 5.082e-11
#     - Norm of the correction: 6.774e-10 (physical), 8.977e-05 (local)
# Iteration 3 : 
Copy constructor of matrix
nrows = 4
ncols = 1
Copy constructor of matrix
nrows = 4
ncols = 1
#     - Size of the grid: 32 32 
#     - Tails of the parameterization: 0.000e+00 0.000e+00 
#     - Error of invariance: 3.617e-13 (max over grid, physical), 1.549e-06 (Fourier l1, local)
#     - No correction is needed!
-8.022187551039968e-02 32 32 -8.002363333314781e+05 8.601001030199207e-01 4.994222587550694e-01 3.617415795941157e-13
# Omega_loc: -1.013805783514180e-16 -3.413444456502260e-06 -9.999999999999996e-01 1.741144520827877e-05 3.413444456400879e-06 0.000000000000000e+00 -3.993448001935090e-07 -1.000000000000000e+00 9.999999999999996e-01 3.993448002948896e-07 2.534514458785449e-17 3.705490890464468e-05 -1.741144520827877e-05 1.000000000000000e+00 -3.705490890474606e-05 0.000000000000000e+00
# zcen: -1.000283100768284e+00 -1.895723537973401e-03 -9.254974539343315e-04 -1.007691105825107e+00
# zscale: 7.499953569010499e-06
# Continuation step 93 / 400
# We try to compute the torus for epsilon=-8.061124602684819e-02 (limit: -9.400000000000000e-02)
# Iteration 1 : 
Copy constructor of matrix
nrows = 4
ncols = 1
Copy constructor of matrix
nrows = 4
ncols = 1
#     - Size of the grid: 32 32 
#     - Tails of the parameterization: 6.833e-12 6.800e-12 
#     - Error of invariance: 7.472e-12 (max over grid, physical), 2.366e-06 (Fourier l1, local)
Copy constructor of matrix
nrows = 2
ncols = 2
Copy constructor of matrix
nrows = 4
ncols = 4
Copy constructor of matrix
nrows = 4
ncols = 4
Copy constructor of matrix
nrows = 2
ncols = 2
Copy constructor of matrix
nrows = 4
ncols = 4
Copy constructor of matrix
nrows = 4
ncols = 4
#     - Average torsion <T>: [-3.034e-07 -2.630e-06; -2.630e-06 7.789e-07], det -7.153e-12
#     - Norm inverse twist: -8.018e+05
#     - max |Im K| after the step: 1.778e-15 (removed)
#     - Residual of the linearized equation: 1.258e-12 (physical)
#     - Lagrangian defect |L^T Omega L|: 9.465e-05
#     - Frame check |L^T Omega N + I| (should be 0): 4.946e-11
#     - Norm of the correction: 7.620e-08 (physical), 1.016e-02 (local)
# Iteration 2 : 
Copy constructor of matrix
nrows = 4
ncols = 1
Copy constructor of matrix
nrows = 4
ncols = 1
#     - Size of the grid: 32 32 
#     - Tails of the parameterization: 0.000e+00 0.000e+00 
#     - Error of invariance: 5.014e-12 (max over grid, physical), 3.149e-06 (Fourier l1, local)
Copy constructor of matrix
nrows = 2
ncols = 2
Copy constructor of matrix
nrows = 4
ncols = 4
Copy constructor of matrix
nrows = 4
ncols = 4
Copy constructor of matrix
nrows = 2
ncols = 2
Copy constructor of matrix
nrows = 4
ncols = 4
Copy constructor of matrix
nrows = 4
ncols = 4
#     - Average torsion <T>: [-2.939e-07 -2.630e-06; -2.630e-06 8.358e-07], det -7.162e-12
#     - Norm inverse twist: -8.101e+05
#     - max |Im K| after the step: 1.252e-15 (removed)
#     - Residual of the linearized equation: 1.202e-12 (physical)
#     - Lagrangian defect |L^T Omega L|: 1.042e-04
#     - Frame check |L^T Omega N + I| (should be 0): 5.760e-11
#     - Norm of the correction: 1.063e-09 (physical), 1.417e-04 (local)
# Iteration 3 : 
Copy constructor of matrix
nrows = 4
ncols = 1
Copy constructor of matrix
nrows = 4
ncols = 1
#     - Size of the grid: 32 32 
#     - Tails of the parameterization: 0.000e+00 0.000e+00 
#     - Error of invariance: 3.496e-13 (max over grid, physical), 1.493e-06 (Fourier l1, local)
#     - No correction is needed!
-8.061124602684819e-02 32 32 -8.100914962534714e+05 8.582698807528740e-01 4.983350272055546e-01 3.496296635758646e-13
# Omega_loc: 0.000000000000000e+00 -3.357282081149028e-06 -1.000000000000000e+00 1.712494083978263e-05 3.357282081149028e-06 0.000000000000000e+00 -3.920442195671310e-07 -1.000000000000000e+00 1.000000000000000e+00 3.920442196444331e-07 2.576736533125850e-17 3.644933259092212e-05 -1.712494083937035e-05 9.999999999999998e-01 -3.644933259092212e-05 0.000000000000000e+00
# zcen: -1.000283100713515e+00 -1.895723421125681e-03 -9.254975416684841e-04 -1.007691106162933e+00
# zscale: 7.438244765050615e-06
# Continuation step 94 / 400
# We try to compute the torus for epsilon=-8.113040671544620e-02 (limit: -9.400000000000000e-02)
# Iteration 1 : 
Copy constructor of matrix
nrows = 4
ncols = 1
Copy constructor of matrix
nrows = 4
ncols = 1
#     - Size of the grid: 32 32 
#     - Tails of the parameterization: 7.257e-12 6.993e-12 
#     - Error of invariance: 9.893e-12 (max over grid, physical), 2.597e-06 (Fourier l1, local)
Copy constructor of matrix
nrows = 2
ncols = 2
Copy constructor of matrix
nrows = 4
ncols = 4
Copy constructor of matrix
nrows = 4
ncols = 4
Copy constructor of matrix
nrows = 2
ncols = 2
Copy constructor of matrix
nrows = 4
ncols = 4
Copy constructor of matrix
nrows = 4
ncols = 4
#     - Average torsion <T>: [-3.018e-07 -2.587e-06; -2.587e-06 7.459e-07], det -6.917e-12
#     - Norm inverse twist: -8.122e+05
#     - max |Im K| after the step: 1.723e-15 (removed)
#     - Residual of the linearized equation: 1.281e-12 (physical)
#     - Lagrangian defect |L^T Omega L|: 1.299e-04
#     - Frame check |L^T Omega N + I| (should be 0): 6.988e-11
#     - Norm of the correction: 1.026e-07 (physical), 1.379e-02 (local)
# Iteration 2 : 
Copy constructor of matrix
nrows = 4
ncols = 1
Copy constructor of matrix
nrows = 4
ncols = 1
#     - Size of the grid: 32 32 
#     - Tails of the parameterization: 0.000e+00 0.000e+00 
#     - Error of invariance: 8.961e-12 (max over grid, physical), 4.632e-06 (Fourier l1, local)
Copy constructor of matrix
nrows = 2
ncols = 2
Copy constructor of matrix
nrows = 4
ncols = 4
Copy constructor of matrix
nrows = 4
ncols = 4
Copy constructor of matrix
nrows = 2
ncols = 2
Copy constructor of matrix
nrows = 4
ncols = 4
Copy constructor of matrix
nrows = 4
ncols = 4
#     - Average torsion <T>: [-2.891e-07 -2.587e-06; -2.587e-06 8.220e-07], det -6.928e-12
#     - Norm inverse twist: -8.236e+05
#     - max |Im K| after the step: 8.249e-16 (removed)
#     - Residual of the linearized equation: 1.146e-12 (physical)
#     - Lagrangian defect |L^T Omega L|: 7.702e-05
#     - Frame check |L^T Omega N + I| (should be 0): 4.031e-11
#     - Norm of the correction: 1.694e-09 (physical), 2.277e-04 (local)
# Newton stalled; best error 8.961e-12 (physical), accepted (tol-floor 1.000e-11)
-8.113040671544620e-02 32 32 -8.236026462054750e+05 8.558560127179845e-01 4.969129719876886e-01 8.961154529489305e-12
# Omega_loc: -1.053773858246199e-16 -3.282802476808641e-06 -1.000000000000000e+00 1.674609211314129e-05 3.282802476808641e-06 0.000000000000000e+00 -3.829840041420542e-07 -9.999999999999996e-01 1.000000000000000e+00 3.829840040630211e-07 0.000000000000000e+00 3.563747387788163e-05 -1.674609211356280e-05 9.999999999999996e-01 -3.563747387735474e-05 0.000000000000000e+00
# zcen: -1.000283100641119e+00 -1.895723266653237e-03 -9.254976576263932e-04 -1.007691106609585e+00
# zscale: 7.356328355060683e-06
# Continuation step 95 / 400
# We try to compute the torus for epsilon=-8.216872809264225e-02 (limit: -9.400000000000000e-02)
# Iteration 1 : 
Copy constructor of matrix
nrows = 4
ncols = 1
Copy constructor of matrix
nrows = 4
ncols = 1
#     - Size of the grid: 32 32 
#     - Tails of the parameterization: 6.497e-12 6.609e-12 
#     - Error of invariance: 2.554e-11 (max over grid, physical), 6.832e-06 (Fourier l1, local)
Copy constructor of matrix
nrows = 2
ncols = 2
Copy constructor of matrix
nrows = 4
ncols = 4
Copy constructor of matrix
nrows = 4
ncols = 4
Copy constructor of matrix
nrows = 2
ncols = 2
Copy constructor of matrix
nrows = 4
ncols = 4
Copy constructor of matrix
nrows = 4
ncols = 4
#     - Average torsion <T>: [-3.085e-07 -2.530e-06; -2.530e-06 6.507e-07], det -6.602e-12
#     - Norm inverse twist: -8.183e+05
#     - max |Im K| after the step: 1.939e-15 (removed)
#     - Residual of the linearized equation: 1.944e-12 (physical)
#     - Lagrangian defect |L^T Omega L|: 8.065e-05
#     - Frame check |L^T Omega N + I| (should be 0): 3.989e-11
#     - Norm of the correction: 2.065e-07 (physical), 2.808e-02 (local)
# Iteration 2 : 
Copy constructor of matrix
nrows = 4
ncols = 1
Copy constructor of matrix
nrows = 4
ncols = 1
#     - Size of the grid: 32 32 
#     - Tails of the parameterization: 0.000e+00 0.000e+00 
#     - Error of invariance: 3.525e-11 (max over grid, physical), 1.439e-05 (Fourier l1, local)
Copy constructor of matrix
nrows = 2
ncols = 2
Copy constructor of matrix
nrows = 4
ncols = 4
Copy constructor of matrix
nrows = 4
ncols = 4
Copy constructor of matrix
nrows = 2
ncols = 2
Copy constructor of matrix
nrows = 4
ncols = 4
Copy constructor of matrix
nrows = 4
ncols = 4
#     - Average torsion <T>: [-2.833e-07 -2.529e-06; -2.529e-06 8.023e-07], det -6.624e-12
#     - Norm inverse twist: -8.420e+05
#     - max |Im K| after the step: 1.705e-15 (removed)
#     - Residual of the linearized equation: 1.274e-12 (physical)
#     - Lagrangian defect |L^T Omega L|: 7.254e-05
#     - Frame check |L^T Omega N + I| (should be 0): 3.612e-11
#     - Norm of the correction: 7.100e-09 (physical), 9.652e-04 (local)
# Newton stalled; best error 2.554e-11 (physical), not accepted (tol-floor 1.000e-11)
# Newton method does not converge; halving the continuation step
###########################################
# Continuation step 96 / 400
# We try to compute the torus for epsilon=-8.165e-02 (limit: -9.400e-02)
# Iteration 1 : 
Copy constructor of matrix
nrows = 4
ncols = 1
Copy constructor of matrix
nrows = 4
ncols = 1
#     - Size of the grid: 32 32 
#     - Tails of the parameterization: 6.497e-12 6.609e-12 
#     - Error of invariance: 1.663e-11 (max over grid, physical), 5.759e-06 (Fourier l1, local)
Copy constructor of matrix
nrows = 2
ncols = 2
Copy constructor of matrix
nrows = 4
ncols = 4
Copy constructor of matrix
nrows = 4
ncols = 4
Copy constructor of matrix
nrows = 2
ncols = 2
Copy constructor of matrix
nrows = 4
ncols = 4
Copy constructor of matrix
nrows = 4
ncols = 4
#     - Average torsion <T>: [-2.957e-07 -2.530e-06; -2.530e-06 7.273e-07], det -6.616e-12
#     - Norm inverse twist: -8.301e+05
#     - max |Im K| after the step: 1.494e-15 (removed)
#     - Residual of the linearized equation: 1.547e-12 (physical)
#     - Lagrangian defect |L^T Omega L|: 8.065e-05
#     - Frame check |L^T Omega N + I| (should be 0): 3.989e-11
#     - Norm of the correction: 1.053e-07 (physical), 1.431e-02 (local)
# Iteration 2 : 
Copy constructor of matrix
nrows = 4
ncols = 1
Copy constructor of matrix
nrows = 4
ncols = 1
#     - Size of the grid: 32 32 
#     - Tails of the parameterization: 0.000e+00 0.000e+00 
#     - Error of invariance: 9.237e-12 (max over grid, physical), 4.828e-06 (Fourier l1, local)
Copy constructor of matrix
nrows = 2
ncols = 2
Copy constructor of matrix
nrows = 4
ncols = 4
Copy constructor of matrix
nrows = 4
ncols = 4
Copy constructor of matrix
nrows = 2
ncols = 2
Copy constructor of matrix
nrows = 4
ncols = 4
Copy constructor of matrix
nrows = 4
ncols = 4
#     - Average torsion <T>: [-2.828e-07 -2.530e-06; -2.530e-06 8.039e-07], det -6.628e-12
#     - Norm inverse twist: -8.421e+05
#     - max |Im K| after the step: 1.880e-15 (removed)
#     - Residual of the linearized equation: 1.241e-12 (physical)
#     - Lagrangian defect |L^T Omega L|: 6.789e-05
#     - Frame check |L^T Omega N + I| (should be 0): 3.330e-11
#     - Norm of the correction: 1.825e-09 (physical), 2.481e-04 (local)
# Iteration 3 : 
Copy constructor of matrix
nrows = 4
ncols = 1
Copy constructor of matrix
nrows = 4
ncols = 1
#     - Size of the grid: 32 32 
#     - Tails of the parameterization: 0.000e+00 0.000e+00 
#     - Error of invariance: 3.584e-13 (max over grid, physical), 1.545e-06 (Fourier l1, local)
#     - No correction is needed!
-8.164956740404422e-02 32 32 -8.420508664513667e+05 8.553186744952470e-01 4.965810914416044e-01 3.583550068772107e-13
# Omega_loc: 0.000000000000000e+00 -3.207286596685432e-06 -1.000000000000001e+00 1.636207341090969e-05 3.207286596739368e-06 0.000000000000000e+00 -3.752666259855067e-07 -9.999999999999998e-01 1.000000000000001e+00 3.752666260124745e-07 -2.696781678257897e-17 3.482766443100869e-05 -1.636207341112544e-05 1.000000000000000e+00 -3.482766443111656e-05 0.000000000000000e+00
# zcen: -1.000283100567189e+00 -1.895723108908364e-03 -9.254977760367604e-04 -1.007691107065698e+00
# zscale: 7.270784530909107e-06
# Continuation step 97 / 400
# We try to compute the torus for epsilon=-8.234178165550825e-02 (limit: -9.400000000000000e-02)
# Iteration 1 : 
Copy constructor of matrix
nrows = 4
ncols = 1
Copy constructor of matrix
nrows = 4
ncols = 1
#     - Size of the grid: 32 32 
#     - Tails of the parameterization: 7.190e-12 7.170e-12 
#     - Error of invariance: 1.273e-11 (max over grid, physical), 3.042e-06 (Fourier l1, local)
Copy constructor of matrix
nrows = 2
ncols = 2
Copy constructor of matrix
nrows = 4
ncols = 4
Copy constructor of matrix
nrows = 4
ncols = 4
Copy constructor of matrix
nrows = 2
ncols = 2
Copy constructor of matrix
nrows = 4
ncols = 4
Copy constructor of matrix
nrows = 4
ncols = 4
#     - Average torsion <T>: [-2.933e-07 -2.472e-06; -2.472e-06 6.836e-07], det -6.310e-12
#     - Norm inverse twist: -8.453e+05
#     - max |Im K| after the step: 1.558e-15 (removed)
#     - Residual of the linearized equation: 1.498e-12 (physical)
#     - Lagrangian defect |L^T Omega L|: 7.849e-05
#     - Frame check |L^T Omega N + I| (should be 0): 3.694e-11
#     - Norm of the correction: 1.392e-07 (physical), 1.915e-02 (local)
# Iteration 2 : 
Copy constructor of matrix
nrows = 4
ncols = 1
Copy constructor of matrix
nrows = 4
ncols = 1
#     - Size of the grid: 32 32 
#     - Tails of the parameterization: 0.000e+00 0.000e+00 
#     - Error of invariance: 1.609e-11 (max over grid, physical), 7.421e-06 (Fourier l1, local)
Copy constructor of matrix
nrows = 2
ncols = 2
Copy constructor of matrix
nrows = 4
ncols = 4
Copy constructor of matrix
nrows = 4
ncols = 4
Copy constructor of matrix
nrows = 2
ncols = 2
Copy constructor of matrix
nrows = 4
ncols = 4
Copy constructor of matrix
nrows = 4
ncols = 4
#     - Average torsion <T>: [-2.764e-07 -2.471e-06; -2.471e-06 7.849e-07], det -6.324e-12
#     - Norm inverse twist: -8.620e+05
#     - max |Im K| after the step: 1.609e-15 (removed)
#     - Residual of the linearized equation: 1.394e-12 (physical)
#     - Lagrangian defect |L^T Omega L|: 8.772e-05
#     - Frame check |L^T Omega N + I| (should be 0): 4.503e-11
#     - Norm of the correction: 3.285e-09 (physical), 4.518e-04 (local)
# Newton stalled; best error 1.273e-11 (physical), not accepted (tol-floor 1.000e-11)
# Newton method does not converge; halving the continuation step
###########################################
# Continuation step 98 / 400
# We try to compute the torus for epsilon=-8.200e-02 (limit: -9.400e-02)
# Iteration 1 : 
Copy constructor of matrix
nrows = 4
ncols = 1
Copy constructor of matrix
nrows = 4
ncols = 1
#     - Size of the grid: 32 32 
#     - Tails of the parameterization: 7.190e-12 7.170e-12 
#     - Error of invariance: 6.443e-12 (max over grid, physical), 2.305e-06 (Fourier l1, local)
Copy constructor of matrix
nrows = 2
ncols = 2
Copy constructor of matrix
nrows = 4
ncols = 4
Copy constructor of matrix
nrows = 4
ncols = 4
Copy constructor of matrix
nrows = 2
ncols = 2
Copy constructor of matrix
nrows = 4
ncols = 4
Copy constructor of matrix
nrows = 4
ncols = 4
#     - Average torsion <T>: [-2.847e-07 -2.472e-06; -2.472e-06 7.347e-07], det -6.318e-12
#     - Norm inverse twist: -8.536e+05
#     - max |Im K| after the step: 1.619e-15 (removed)
#     - Residual of the linearized equation: 1.431e-12 (physical)
#     - Lagrangian defect |L^T Omega L|: 7.849e-05
#     - Frame check |L^T Omega N + I| (should be 0): 3.694e-11
#     - Norm of the correction: 7.019e-08 (physical), 9.654e-03 (local)
# Iteration 2 : 
Copy constructor of matrix
nrows = 4
ncols = 1
Copy constructor of matrix
nrows = 4
ncols = 1
#     - Size of the grid: 32 32 
#     - Tails of the parameterization: 0.000e+00 0.000e+00 
#     - Error of invariance: 4.265e-12 (max over grid, physical), 3.020e-06 (Fourier l1, local)
Copy constructor of matrix
nrows = 2
ncols = 2
Copy constructor of matrix
nrows = 4
ncols = 4
Copy constructor of matrix
nrows = 4
ncols = 4
Copy constructor of matrix
nrows = 2
ncols = 2
Copy constructor of matrix
nrows = 4
ncols = 4
Copy constructor of matrix
nrows = 4
ncols = 4
#     - Average torsion <T>: [-2.761e-07 -2.472e-06; -2.472e-06 7.856e-07], det -6.326e-12
#     - Norm inverse twist: -8.620e+05
#     - max |Im K| after the step: 1.842e-15 (removed)
#     - Residual of the linearized equation: 1.203e-12 (physical)
#     - Lagrangian defect |L^T Omega L|: 8.630e-05
#     - Frame check |L^T Omega N + I| (should be 0): 4.404e-11
#     - Norm of the correction: 8.402e-10 (physical), 1.156e-04 (local)
# Iteration 3 : 
Copy constructor of matrix
nrows = 4
ncols = 1
Copy constructor of matrix
nrows = 4
ncols = 1
#     - Size of the grid: 32 32 
#     - Tails of the parameterization: 0.000e+00 0.000e+00 
#     - Error of invariance: 3.938e-13 (max over grid, physical), 1.513e-06 (Fourier l1, local)
#     - No correction is needed!
-8.199567452977624e-02 32 32 -8.619994086099876e+05 8.586252237210773e-01 4.984856662168463e-01 3.937827169362353e-13
# Omega_loc: 0.000000000000000e+00 -3.158403355089880e-06 -1.000000000000000e+00 1.610700063979691e-05 3.158403355035093e-06 0.000000000000000e+00 -3.697867740430890e-07 -9.999999999999987e-01 1.000000000000000e+00 3.697867740156953e-07 0.000000000000000e+00 3.428365046797524e-05 -1.610700064001606e-05 9.999999999999989e-01 -3.428365046797524e-05 -8.765981228382884e-16
# zcen: -1.000283100518356e+00 -1.895723004715699e-03 -9.254978542527026e-04 -1.007691107366965e+00
# zscale: 7.214038492086714e-06
# Continuation step 99 / 400
# We try to compute the torus for epsilon=-8.245715069741892e-02 (limit: -9.400000000000000e-02)
# Iteration 1 : 
Copy constructor of matrix
nrows = 4
ncols = 1
Copy constructor of matrix
nrows = 4
ncols = 1
#     - Size of the grid: 32 32 
#     - Tails of the parameterization: 6.847e-12 7.102e-12 
#     - Error of invariance: 8.540e-12 (max over grid, physical), 2.477e-06 (Fourier l1, local)
Copy constructor of matrix
nrows = 2
ncols = 2
Copy constructor of matrix
nrows = 4
ncols = 4
Copy constructor of matrix
nrows = 4
ncols = 4
Copy constructor of matrix
nrows = 2
ncols = 2
Copy constructor of matrix
nrows = 4
ncols = 4
Copy constructor of matrix
nrows = 4
ncols = 4
#     - Average torsion <T>: [-2.832e-07 -2.433e-06; -2.433e-06 7.055e-07], det -6.120e-12
#     - Norm inverse twist: -8.641e+05
#     - max |Im K| after the step: 1.157e-15 (removed)
#     - Residual of the linearized equation: 1.286e-12 (physical)
#     - Lagrangian defect |L^T Omega L|: 1.213e-04
#     - Frame check |L^T Omega N + I| (should be 0): 6.159e-11
#     - Norm of the correction: 9.397e-08 (physical), 1.303e-02 (local)
# Iteration 2 : 
Copy constructor of matrix
nrows = 4
ncols = 1
Copy constructor of matrix
nrows = 4
ncols = 1
#     - Size of the grid: 32 32 
#     - Tails of the parameterization: 0.000e+00 0.000e+00 
#     - Error of invariance: 7.289e-12 (max over grid, physical), 4.193e-06 (Fourier l1, local)
Copy constructor of matrix
nrows = 2
ncols = 2
Copy constructor of matrix
nrows = 4
ncols = 4
Copy constructor of matrix
nrows = 4
ncols = 4
Copy constructor of matrix
nrows = 2
ncols = 2
Copy constructor of matrix
nrows = 4
ncols = 4
Copy constructor of matrix
nrows = 4
ncols = 4
#     - Average torsion <T>: [-2.719e-07 -2.433e-06; -2.433e-06 7.732e-07], det -6.130e-12
#     - Norm inverse twist: -8.756e+05
#     - max |Im K| after the step: 1.686e-15 (removed)
#     - Residual of the linearized equation: 1.031e-12 (physical)
#     - Lagrangian defect |L^T Omega L|: 1.345e-04
#     - Frame check |L^T Omega N + I| (should be 0): 7.091e-11
#     - Norm of the correction: 1.366e-09 (physical), 1.893e-04 (local)
# Iteration 3 : 
Copy constructor of matrix
nrows = 4
ncols = 1
Copy constructor of matrix
nrows = 4
ncols = 1
#     - Size of the grid: 32 32 
#     - Tails of the parameterization: 0.000e+00 0.000e+00 
#     - Error of invariance: 3.760e-13 (max over grid, physical), 1.566e-06 (Fourier l1, local)
#     - No correction is needed!
-8.245715069741892e-02 32 32 -8.756093928494287e+05 8.562375771265122e-01 4.970804165643469e-01 3.759518234268372e-13
# Omega_loc: 0.000000000000000e+00 -3.090677709654348e-06 -9.999999999999997e-01 1.576876256289601e-05 3.090677709654348e-06 0.000000000000000e+00 -3.614343911364391e-07 -9.999999999999997e-01 9.999999999999997e-01 3.614343911084576e-07 0.000000000000000e+00 3.356626519160613e-05 -1.576876256311986e-05 9.999999999999997e-01 -3.356626519149421e-05 8.954073414548040e-16
# zcen: -1.000283100453404e+00 -1.895722866126643e-03 -9.254979582882211e-04 -1.007691107767687e+00
# zscale: 7.137856599634125e-06
# Continuation step 100 / 400
# We try to compute the torus for epsilon=-8.307245225427583e-02 (limit: -9.400000000000000e-02)
# Iteration 1 : 
Copy constructor of matrix
nrows = 4
ncols = 1
Copy constructor of matrix
nrows = 4
ncols = 1
#     - Size of the grid: 32 32 
#     - Tails of the parameterization: 7.244e-12 7.478e-12 
#     - Error of invariance: 1.120e-11 (max over grid, physical), 2.883e-06 (Fourier l1, local)
Copy constructor of matrix
nrows = 2
ncols = 2
Copy constructor of matrix
nrows = 4
ncols = 4
Copy constructor of matrix
nrows = 4
ncols = 4
Copy constructor of matrix
nrows = 2
ncols = 2
Copy constructor of matrix
nrows = 4
ncols = 4
Copy constructor of matrix
nrows = 4
ncols = 4
#     - Average torsion <T>: [-2.813e-07 -2.382e-06; -2.382e-06 6.664e-07], det -5.862e-12
#     - Norm inverse twist: -8.784e+05
#     - max |Im K| after the step: 1.730e-15 (removed)
#     - Residual of the linearized equation: 1.208e-12 (physical)
#     - Lagrangian defect |L^T Omega L|: 9.759e-05
#     - Frame check |L^T Omega N + I| (should be 0): 4.603e-11
#     - Norm of the correction: 1.261e-07 (physical), 1.767e-02 (local)
# Iteration 2 : 
Copy constructor of matrix
nrows = 4
ncols = 1
Copy constructor of matrix
nrows = 4
ncols = 1
#     - Size of the grid: 32 32 
#     - Tails of the parameterization: 0.000e+00 0.000e+00 
#     - Error of invariance: 1.325e-11 (max over grid, physical), 6.468e-06 (Fourier l1, local)
Copy constructor of matrix
nrows = 2
ncols = 2
Copy constructor of matrix
nrows = 4
ncols = 4
Copy constructor of matrix
nrows = 4
ncols = 4
Copy constructor of matrix
nrows = 2
ncols = 2
Copy constructor of matrix
nrows = 4
ncols = 4
Copy constructor of matrix
nrows = 4
ncols = 4
#     - Average torsion <T>: [-2.663e-07 -2.382e-06; -2.382e-06 7.565e-07], det -5.874e-12
#     - Norm inverse twist: -8.944e+05
#     - max |Im K| after the step: 1.339e-15 (removed)
#     - Residual of the linearized equation: 1.268e-12 (physical)
#     - Lagrangian defect |L^T Omega L|: 1.039e-04
#     - Frame check |L^T Omega N + I| (should be 0): 5.140e-11
#     - Norm of the correction: 2.817e-09 (physical), 3.947e-04 (local)
# Newton stalled; best error 1.120e-11 (physical), not accepted (tol-floor 1.000e-11)
# Newton method does not converge; halving the continuation step
###########################################
# Continuation step 101 / 400
# We try to compute the torus for epsilon=-8.276e-02 (limit: -9.400e-02)
# Iteration 1 : 
Copy constructor of matrix
nrows = 4
ncols = 1
Copy constructor of matrix
nrows = 4
ncols = 1
#     - Size of the grid: 32 32 
#     - Tails of the parameterization: 7.244e-12 7.478e-12 
#     - Error of invariance: 5.686e-12 (max over grid, physical), 2.229e-06 (Fourier l1, local)
Copy constructor of matrix
nrows = 2
ncols = 2
Copy constructor of matrix
nrows = 4
ncols = 4
Copy constructor of matrix
nrows = 4
ncols = 4
Copy constructor of matrix
nrows = 2
ncols = 2
Copy constructor of matrix
nrows = 4
ncols = 4
Copy constructor of matrix
nrows = 4
ncols = 4
#     - Average torsion <T>: [-2.737e-07 -2.382e-06; -2.382e-06 7.119e-07], det -5.869e-12
#     - Norm inverse twist: -8.864e+05
#     - max |Im K| after the step: 2.074e-15 (removed)
#     - Residual of the linearized equation: 1.155e-12 (physical)
#     - Lagrangian defect |L^T Omega L|: 9.759e-05
#     - Frame check |L^T Omega N + I| (should be 0): 4.603e-11
#     - Norm of the correction: 6.354e-08 (physical), 8.902e-03 (local)
# Iteration 2 : 
Copy constructor of matrix
nrows = 4
ncols = 1
Copy constructor of matrix
nrows = 4
ncols = 1
#     - Size of the grid: 32 32 
#     - Tails of the parameterization: 0.000e+00 0.000e+00 
#     - Error of invariance: 3.413e-12 (max over grid, physical), 2.832e-06 (Fourier l1, local)
Copy constructor of matrix
nrows = 2
ncols = 2
Copy constructor of matrix
nrows = 4
ncols = 4
Copy constructor of matrix
nrows = 4
ncols = 4
Copy constructor of matrix
nrows = 2
ncols = 2
Copy constructor of matrix
nrows = 4
ncols = 4
Copy constructor of matrix
nrows = 4
ncols = 4
#     - Average torsion <T>: [-2.661e-07 -2.382e-06; -2.382e-06 7.571e-07], det -5.875e-12
#     - Norm inverse twist: -8.944e+05
#     - max |Im K| after the step: 1.520e-15 (removed)
#     - Residual of the linearized equation: 1.232e-12 (physical)
#     - Lagrangian defect |L^T Omega L|: 1.023e-04
#     - Frame check |L^T Omega N + I| (should be 0): 5.007e-11
#     - Norm of the correction: 5.676e-10 (physical), 7.952e-05 (local)
# Iteration 3 : 
Copy constructor of matrix
nrows = 4
ncols = 1
Copy constructor of matrix
nrows = 4
ncols = 1
#     - Size of the grid: 32 32 
#     - Tails of the parameterization: 0.000e+00 0.000e+00 
#     - Error of invariance: 3.777e-13 (max over grid, physical), 1.517e-06 (Fourier l1, local)
#     - No correction is needed!
-8.276480147584737e-02 32 32 -8.944014958029953e+05 8.591627212237193e-01 4.987447436389645e-01 3.777441833002803e-13
# Omega_loc: 0.000000000000000e+00 -3.048980306780525e-06 -9.999999999999997e-01 1.553996911908889e-05 3.048980306780525e-06 0.000000000000000e+00 -3.568165641362460e-07 -1.000000000000001e+00 9.999999999999999e-01 3.568165641646340e-07 0.000000000000000e+00 3.308305683901060e-05 -1.553996911931600e-05 1.000000000000001e+00 -3.308305683901060e-05 0.000000000000000e+00
# zcen: -1.000283100410036e+00 -1.895722773620538e-03 -9.254980277717539e-04 -1.007691108035094e+00
# zscale: 7.086552932444464e-06
# Continuation step 102 / 400
# We try to compute the torus for epsilon=-8.317500251375198e-02 (limit: -9.400000000000000e-02)
# Iteration 1 : 
Copy constructor of matrix
nrows = 4
ncols = 1
Copy constructor of matrix
nrows = 4
ncols = 1
#     - Size of the grid: 32 32 
#     - Tails of the parameterization: 7.304e-12 7.448e-12 
#     - Error of invariance: 7.472e-12 (max over grid, physical), 2.384e-06 (Fourier l1, local)
Copy constructor of matrix
nrows = 2
ncols = 2
Copy constructor of matrix
nrows = 4
ncols = 4
Copy constructor of matrix
nrows = 4
ncols = 4
Copy constructor of matrix
nrows = 2
ncols = 2
Copy constructor of matrix
nrows = 4
ncols = 4
Copy constructor of matrix
nrows = 4
ncols = 4
#     - Average torsion <T>: [-2.724e-07 -2.348e-06; -2.348e-06 6.858e-07], det -5.700e-12
#     - Norm inverse twist: -8.964e+05
#     - max |Im K| after the step: 1.208e-15 (removed)
#     - Residual of the linearized equation: 1.292e-12 (physical)
#     - Lagrangian defect |L^T Omega L|: 1.610e-04
#     - Frame check |L^T Omega N + I| (should be 0): 8.223e-11
#     - Norm of the correction: 8.519e-08 (physical), 1.202e-02 (local)
# Iteration 2 : 
Copy constructor of matrix
nrows = 4
ncols = 1
Copy constructor of matrix
nrows = 4
ncols = 1
#     - Size of the grid: 32 32 
#     - Tails of the parameterization: 0.000e+00 0.000e+00 
#     - Error of invariance: 6.019e-12 (max over grid, physical), 3.810e-06 (Fourier l1, local)
Copy constructor of matrix
nrows = 2
ncols = 2
Copy constructor of matrix
nrows = 4
ncols = 4
Copy constructor of matrix
nrows = 4
ncols = 4
Copy constructor of matrix
nrows = 2
ncols = 2
Copy constructor of matrix
nrows = 4
ncols = 4
Copy constructor of matrix
nrows = 4
ncols = 4
#     - Average torsion <T>: [-2.624e-07 -2.348e-06; -2.348e-06 7.461e-07], det -5.708e-12
#     - Norm inverse twist: -9.074e+05
#     - max |Im K| after the step: 1.661e-15 (removed)
#     - Residual of the linearized equation: 1.095e-12 (physical)
#     - Lagrangian defect |L^T Omega L|: 9.056e-05
#     - Frame check |L^T Omega N + I| (should be 0): 4.338e-11
#     - Norm of the correction: 1.045e-09 (physical), 1.474e-04 (local)
# Iteration 3 : 
Copy constructor of matrix
nrows = 4
ncols = 1
Copy constructor of matrix
nrows = 4
ncols = 1
#     - Size of the grid: 32 32 
#     - Tails of the parameterization: 0.000e+00 0.000e+00 
#     - Error of invariance: 3.541e-13 (max over grid, physical), 1.574e-06 (Fourier l1, local)
#     - No correction is needed!
-8.317500251375198e-02 32 32 -9.073991315241534e+05 8.569616545743087e-01 4.974444547210838e-01 3.540829595362486e-13
# Omega_loc: 1.157944589468872e-16 -2.989516363203787e-06 -1.000000000000000e+00 1.524219693981816e-05 2.989516363261684e-06 0.000000000000000e+00 -3.489270181827807e-07 -9.999999999999994e-01 1.000000000000000e+00 3.489270182117293e-07 0.000000000000000e+00 3.244418978429628e-05 -1.524219693981816e-05 9.999999999999997e-01 -3.244418978418049e-05 0.000000000000000e+00
# zcen: -1.000283100352252e+00 -1.895722650333383e-03 -9.254981203310442e-04 -1.007691108391556e+00
# zscale: 7.017595975188346e-06
# Continuation step 103 / 400
# We try to compute the torus for epsilon=-8.372193723095812e-02 (limit: -9.400000000000000e-02)
# Iteration 1 : 
Copy constructor of matrix
nrows = 4
ncols = 1
Copy constructor of matrix
nrows = 4
ncols = 1
#     - Size of the grid: 32 32 
#     - Tails of the parameterization: 7.671e-12 7.614e-12 
#     - Error of invariance: 9.689e-12 (max over grid, physical), 2.756e-06 (Fourier l1, local)
Copy constructor of matrix
nrows = 2
ncols = 2
Copy constructor of matrix
nrows = 4
ncols = 4
Copy constructor of matrix
nrows = 4
ncols = 4
Copy constructor of matrix
nrows = 2
ncols = 2
Copy constructor of matrix
nrows = 4
ncols = 4
Copy constructor of matrix
nrows = 4
ncols = 4
#     - Average torsion <T>: [-2.707e-07 -2.302e-06; -2.302e-06 6.510e-07], det -5.478e-12
#     - Norm inverse twist: -9.101e+05
#     - max |Im K| after the step: 1.790e-15 (removed)
#     - Residual of the linearized equation: 1.155e-12 (physical)
#     - Lagrangian defect |L^T Omega L|: 8.852e-05
#     - Frame check |L^T Omega N + I| (should be 0): 3.979e-11
#     - Norm of the correction: 1.143e-07 (physical), 1.629e-02 (local)
# Iteration 2 : 
Copy constructor of matrix
nrows = 4
ncols = 1
Copy constructor of matrix
nrows = 4
ncols = 1
#     - Size of the grid: 32 32 
#     - Tails of the parameterization: 0.000e+00 0.000e+00 
#     - Error of invariance: 1.079e-11 (max over grid, physical), 5.710e-06 (Fourier l1, local)
Copy constructor of matrix
nrows = 2
ncols = 2
Copy constructor of matrix
nrows = 4
ncols = 4
Copy constructor of matrix
nrows = 4
ncols = 4
Copy constructor of matrix
nrows = 2
ncols = 2
Copy constructor of matrix
nrows = 4
ncols = 4
Copy constructor of matrix
nrows = 4
ncols = 4
#     - Average torsion <T>: [-2.573e-07 -2.302e-06; -2.302e-06 7.313e-07], det -5.488e-12
#     - Norm inverse twist: -9.253e+05
#     - max |Im K| after the step: 2.081e-15 (removed)
#     - Residual of the linearized equation: 1.130e-12 (physical)
#     - Lagrangian defect |L^T Omega L|: 9.907e-05
#     - Frame check |L^T Omega N + I| (should be 0): 4.705e-11
#     - Norm of the correction: 2.002e-09 (physical), 2.853e-04 (local)
# Newton stalled; best error 9.689e-12 (physical), accepted (tol-floor 1.000e-11)
-8.372193723095812e-02 32 32 -9.253079180390510e+05 8.653816592172939e-01 5.023313747008439e-01 9.689406852560343e-12
# Omega_loc: 0.000000000000000e+00 -2.989495461886407e-06 -1.000000000000001e+00 1.524221056754193e-05 2.989495461828510e-06 0.000000000000000e+00 -3.489073644968700e-07 -9.999999999999997e-01 1.000000000000001e+00 3.489073645547673e-07 0.000000000000000e+00 3.244421912353490e-05 -1.524221056707875e-05 9.999999999999999e-01 -3.244421912341911e-05 0.000000000000000e+00
# zcen: -1.000283100352252e+00 -1.895722650333383e-03 -9.254981203310442e-04 -1.007691108391556e+00
# zscale: 7.017595975268442e-06
# Continuation step 104 / 400
# We try to compute the torus for epsilon=-8.481580666537042e-02 (limit: -9.400000000000000e-02)
# Iteration 1 : 
Copy constructor of matrix
nrows = 4
ncols = 1
Copy constructor of matrix
nrows = 4
ncols = 1
#     - Size of the grid: 32 32 
#     - Tails of the parameterization: 1.105e-11 1.124e-11 
#     - Error of invariance: 2.893e-11 (max over grid, physical), 5.080e-06 (Fourier l1, local)
Copy constructor of matrix
nrows = 2
ncols = 2
Copy constructor of matrix
nrows = 4
ncols = 4
Copy constructor of matrix
nrows = 4
ncols = 4
Copy constructor of matrix
nrows = 2
ncols = 2
Copy constructor of matrix
nrows = 4
ncols = 4
Copy constructor of matrix
nrows = 4
ncols = 4
#     - Average torsion <T>: [-2.978e-07 -2.303e-06; -2.303e-06 4.895e-07], det -5.447e-12
#     - Norm inverse twist: -8.806e+05
#     - max |Im K| after the step: 1.605e-15 (removed)
#     - Residual of the linearized equation: 1.336e-12 (physical)
#     - Lagrangian defect |L^T Omega L|: 8.948e-05
#     - Frame check |L^T Omega N + I| (should be 0): 4.008e-11
#     - Norm of the correction: 3.338e-07 (physical), 4.757e-02 (local)
# Iteration 2 : 
Copy constructor of matrix
nrows = 4
ncols = 1
Copy constructor of matrix
nrows = 4
ncols = 1
#     - Size of the grid: 32 32 
#     - Tails of the parameterization: 0.000e+00 0.000e+00 
#     - Error of invariance: 9.204e-11 (max over grid, physical), 3.703e-05 (Fourier l1, local)
Copy constructor of matrix
nrows = 2
ncols = 2
Copy constructor of matrix
nrows = 4
ncols = 4
Copy constructor of matrix
nrows = 4
ncols = 4
Copy constructor of matrix
nrows = 2
ncols = 2
Copy constructor of matrix
nrows = 4
ncols = 4
Copy constructor of matrix
nrows = 4
ncols = 4
#     - Average torsion <T>: [-2.589e-07 -2.300e-06; -2.300e-06 7.258e-07], det -5.477e-12
#     - Norm inverse twist: -9.250e+05
#     - max |Im K| after the step: 1.388e-15 (removed)
#     - Residual of the linearized equation: 2.012e-12 (physical)
#     - Lagrangian defect |L^T Omega L|: 1.175e-04
#     - Frame check |L^T Omega N + I| (should be 0): 5.771e-11
#     - Norm of the correction: 2.003e-08 (physical), 2.855e-03 (local)
# Newton stalled; best error 2.893e-11 (physical), not accepted (tol-floor 1.000e-11)
# Newton method does not converge; halving the continuation step
###########################################
# Continuation step 105 / 400
# We try to compute the torus for epsilon=-8.427e-02 (limit: -9.400e-02)
# Iteration 1 : 
Copy constructor of matrix
nrows = 4
ncols = 1
Copy constructor of matrix
nrows = 4
ncols = 1
#     - Size of the grid: 32 32 
#     - Tails of the parameterization: 1.105e-11 1.124e-11 
#     - Error of invariance: 1.928e-11 (max over grid, physical), 3.915e-06 (Fourier l1, local)
Copy constructor of matrix
nrows = 2
ncols = 2
Copy constructor of matrix
nrows = 4
ncols = 4
Copy constructor of matrix
nrows = 4
ncols = 4
Copy constructor of matrix
nrows = 2
ncols = 2
Copy constructor of matrix
nrows = 4
ncols = 4
Copy constructor of matrix
nrows = 4
ncols = 4
#     - Average torsion <T>: [-2.843e-07 -2.303e-06; -2.303e-06 5.703e-07], det -5.464e-12
#     - Norm inverse twist: -8.952e+05
#     - max |Im K| after the step: 1.313e-15 (removed)
#     - Residual of the linearized equation: 1.239e-12 (physical)
#     - Lagrangian defect |L^T Omega L|: 8.948e-05
#     - Frame check |L^T Omega N + I| (should be 0): 4.008e-11
#     - Norm of the correction: 2.255e-07 (physical), 3.213e-02 (local)
# Iteration 2 : 
Copy constructor of matrix
nrows = 4
ncols = 1
Copy constructor of matrix
nrows = 4
ncols = 1
#     - Size of the grid: 32 32 
#     - Tails of the parameterization: 0.000e+00 0.000e+00 
#     - Error of invariance: 4.218e-11 (max over grid, physical), 1.771e-05 (Fourier l1, local)
Copy constructor of matrix
nrows = 2
ncols = 2
Copy constructor of matrix
nrows = 4
ncols = 4
Copy constructor of matrix
nrows = 4
ncols = 4
Copy constructor of matrix
nrows = 2
ncols = 2
Copy constructor of matrix
nrows = 4
ncols = 4
Copy constructor of matrix
nrows = 4
ncols = 4
#     - Average torsion <T>: [-2.579e-07 -2.301e-06; -2.301e-06 7.293e-07], det -5.484e-12
#     - Norm inverse twist: -9.252e+05
#     - max |Im K| after the step: 1.702e-15 (removed)
#     - Residual of the linearized equation: 1.339e-12 (physical)
#     - Lagrangian defect |L^T Omega L|: 1.081e-04
#     - Frame check |L^T Omega N + I| (should be 0): 5.238e-11
#     - Norm of the correction: 8.806e-09 (physical), 1.255e-03 (local)
# Newton stalled; best error 1.928e-11 (physical), not accepted (tol-floor 1.000e-11)
# Newton method does not converge; halving the continuation step
###########################################
# Continuation step 106 / 400
# We try to compute the torus for epsilon=-8.400e-02 (limit: -9.400e-02)
# Iteration 1 : 
Copy constructor of matrix
nrows = 4
ncols = 1
Copy constructor of matrix
nrows = 4
ncols = 1
#     - Size of the grid: 32 32 
#     - Tails of the parameterization: 1.105e-11 1.124e-11 
#     - Error of invariance: 1.448e-11 (max over grid, physical), 3.333e-06 (Fourier l1, local)
Copy constructor of matrix
nrows = 2
ncols = 2
Copy constructor of matrix
nrows = 4
ncols = 4
Copy constructor of matrix
nrows = 4
ncols = 4
Copy constructor of matrix
nrows = 2
ncols = 2
Copy constructor of matrix
nrows = 4
ncols = 4
Copy constructor of matrix
nrows = 4
ncols = 4
#     - Average torsion <T>: [-2.775e-07 -2.303e-06; -2.303e-06 6.107e-07], det -5.471e-12
#     - Norm inverse twist: -9.026e+05
#     - max |Im K| after the step: 1.322e-15 (removed)
#     - Residual of the linearized equation: 1.192e-12 (physical)
#     - Lagrangian defect |L^T Omega L|: 8.948e-05
#     - Frame check |L^T Omega N + I| (should be 0): 4.008e-11
#     - Norm of the correction: 1.702e-07 (physical), 2.426e-02 (local)
# Iteration 2 : 
Copy constructor of matrix
nrows = 4
ncols = 1
Copy constructor of matrix
nrows = 4
ncols = 1
#     - Size of the grid: 32 32 
#     - Tails of the parameterization: 0.000e+00 0.000e+00 
#     - Error of invariance: 2.400e-11 (max over grid, physical), 1.071e-05 (Fourier l1, local)
Copy constructor of matrix
nrows = 2
ncols = 2
Copy constructor of matrix
nrows = 4
ncols = 4
Copy constructor of matrix
nrows = 4
ncols = 4
Copy constructor of matrix
nrows = 2
ncols = 2
Copy constructor of matrix
nrows = 4
ncols = 4
Copy constructor of matrix
nrows = 4
ncols = 4
#     - Average torsion <T>: [-2.576e-07 -2.302e-06; -2.302e-06 7.305e-07], det -5.487e-12
#     - Norm inverse twist: -9.253e+05
#     - max |Im K| after the step: 1.498e-15 (removed)
#     - Residual of the linearized equation: 1.054e-12 (physical)
#     - Lagrangian defect |L^T Omega L|: 1.050e-04
#     - Frame check |L^T Omega N + I| (should be 0): 5.050e-11
#     - Norm of the correction: 4.873e-09 (physical), 6.944e-04 (local)
# Newton stalled; best error 1.448e-11 (physical), not accepted (tol-floor 1.000e-11)
# Newton method does not converge; halving the continuation step
###########################################
# Continuation step 107 / 400
# We try to compute the torus for epsilon=-8.386e-02 (limit: -9.400e-02)
# Iteration 1 : 
Copy constructor of matrix
nrows = 4
ncols = 1
Copy constructor of matrix
nrows = 4
ncols = 1
#     - Size of the grid: 32 32 
#     - Tails of the parameterization: 1.105e-11 1.124e-11 
#     - Error of invariance: 1.208e-11 (max over grid, physical), 3.041e-06 (Fourier l1, local)
Copy constructor of matrix
nrows = 2
ncols = 2
Copy constructor of matrix
nrows = 4
ncols = 4
Copy constructor of matrix
nrows = 4
ncols = 4
Copy constructor of matrix
nrows = 2
ncols = 2
Copy constructor of matrix
nrows = 4
ncols = 4
Copy constructor of matrix
nrows = 4
ncols = 4
#     - Average torsion <T>: [-2.741e-07 -2.302e-06; -2.302e-06 6.309e-07], det -5.474e-12
#     - Norm inverse twist: -9.064e+05
#     - max |Im K| after the step: 1.013e-15 (removed)
#     - Residual of the linearized equation: 1.169e-12 (physical)
#     - Lagrangian defect |L^T Omega L|: 8.948e-05
#     - Frame check |L^T Omega N + I| (should be 0): 4.008e-11
#     - Norm of the correction: 1.424e-07 (physical), 2.029e-02 (local)
# Iteration 2 : 
Copy constructor of matrix
nrows = 4
ncols = 1
Copy constructor of matrix
nrows = 4
ncols = 1
#     - Size of the grid: 32 32 
#     - Tails of the parameterization: 0.000e+00 0.000e+00 
#     - Error of invariance: 1.666e-11 (max over grid, physical), 7.958e-06 (Fourier l1, local)
Copy constructor of matrix
nrows = 2
ncols = 2
Copy constructor of matrix
nrows = 4
ncols = 4
Copy constructor of matrix
nrows = 4
ncols = 4
Copy constructor of matrix
nrows = 2
ncols = 2
Copy constructor of matrix
nrows = 4
ncols = 4
Copy constructor of matrix
nrows = 4
ncols = 4
#     - Average torsion <T>: [-2.575e-07 -2.302e-06; -2.302e-06 7.309e-07], det -5.487e-12
#     - Norm inverse twist: -9.253e+05
#     - max |Im K| after the step: 1.348e-15 (removed)
#     - Residual of the linearized equation: 1.257e-12 (physical)
#     - Lagrangian defect |L^T Omega L|: 1.038e-04
#     - Frame check |L^T Omega N + I| (should be 0): 4.974e-11
#     - Norm of the correction: 3.572e-09 (physical), 5.090e-04 (local)
# Newton stalled; best error 1.208e-11 (physical), not accepted (tol-floor 1.000e-11)
# Newton method does not converge; halving the continuation step
###########################################
# Continuation step 108 / 400
# We try to compute the torus for epsilon=-8.379e-02 (limit: -9.400e-02)
# Iteration 1 : 
Copy constructor of matrix
nrows = 4
ncols = 1
Copy constructor of matrix
nrows = 4
ncols = 1
#     - Size of the grid: 32 32 
#     - Tails of the parameterization: 1.105e-11 1.124e-11 
#     - Error of invariance: 1.088e-11 (max over grid, physical), 2.896e-06 (Fourier l1, local)
Copy constructor of matrix
nrows = 2
ncols = 2
Copy constructor of matrix
nrows = 4
ncols = 4
Copy constructor of matrix
nrows = 4
ncols = 4
Copy constructor of matrix
nrows = 2
ncols = 2
Copy constructor of matrix
nrows = 4
ncols = 4
Copy constructor of matrix
nrows = 4
ncols = 4
#     - Average torsion <T>: [-2.724e-07 -2.302e-06; -2.302e-06 6.409e-07], det -5.476e-12
#     - Norm inverse twist: -9.082e+05
#     - max |Im K| after the step: 1.872e-15 (removed)
#     - Residual of the linearized equation: 1.157e-12 (physical)
#     - Lagrangian defect |L^T Omega L|: 8.948e-05
#     - Frame check |L^T Omega N + I| (should be 0): 4.008e-11
#     - Norm of the correction: 1.284e-07 (physical), 1.829e-02 (local)
# Iteration 2 : 
Copy constructor of matrix
nrows = 4
ncols = 1
Copy constructor of matrix
nrows = 4
ncols = 1
#     - Size of the grid: 32 32 
#     - Tails of the parameterization: 0.000e+00 0.000e+00 
#     - Error of invariance: 1.370e-11 (max over grid, physical), 6.830e-06 (Fourier l1, local)
Copy constructor of matrix
nrows = 2
ncols = 2
Copy constructor of matrix
nrows = 4
ncols = 4
Copy constructor of matrix
nrows = 4
ncols = 4
Copy constructor of matrix
nrows = 2
ncols = 2
Copy constructor of matrix
nrows = 4
ncols = 4
Copy constructor of matrix
nrows = 4
ncols = 4
#     - Average torsion <T>: [-2.574e-07 -2.302e-06; -2.302e-06 7.311e-07], det -5.488e-12
#     - Norm inverse twist: -9.253e+05
#     - max |Im K| after the step: 1.463e-15 (removed)
#     - Residual of the linearized equation: 1.163e-12 (physical)
#     - Lagrangian defect |L^T Omega L|: 1.033e-04
#     - Frame check |L^T Omega N + I| (should be 0): 4.941e-11
#     - Norm of the correction: 2.703e-09 (physical), 3.852e-04 (local)
# Newton stalled; best error 1.088e-11 (physical), not accepted (tol-floor 1.000e-11)
# Newton method does not converge; halving the continuation step
###########################################
# Continuation step 109 / 400
# We try to compute the torus for epsilon=-8.376e-02 (limit: -9.400e-02)
# Iteration 1 : 
Copy constructor of matrix
nrows = 4
ncols = 1
Copy constructor of matrix
nrows = 4
ncols = 1
#     - Size of the grid: 32 32 
#     - Tails of the parameterization: 1.105e-11 1.124e-11 
#     - Error of invariance: 1.028e-11 (max over grid, physical), 2.823e-06 (Fourier l1, local)
Copy constructor of matrix
nrows = 2
ncols = 2
Copy constructor of matrix
nrows = 4
ncols = 4
Copy constructor of matrix
nrows = 4
ncols = 4
Copy constructor of matrix
nrows = 2
ncols = 2
Copy constructor of matrix
nrows = 4
ncols = 4
Copy constructor of matrix
nrows = 4
ncols = 4
#     - Average torsion <T>: [-2.716e-07 -2.302e-06; -2.302e-06 6.460e-07], det -5.477e-12
#     - Norm inverse twist: -9.092e+05
#     - max |Im K| after the step: 1.414e-15 (removed)
#     - Residual of the linearized equation: 1.151e-12 (physical)
#     - Lagrangian defect |L^T Omega L|: 8.948e-05
#     - Frame check |L^T Omega N + I| (should be 0): 4.008e-11
#     - Norm of the correction: 1.213e-07 (physical), 1.729e-02 (local)
# Iteration 2 : 
Copy constructor of matrix
nrows = 4
ncols = 1
Copy constructor of matrix
nrows = 4
ncols = 1
#     - Size of the grid: 32 32 
#     - Tails of the parameterization: 0.000e+00 0.000e+00 
#     - Error of invariance: 1.221e-11 (max over grid, physical), 6.237e-06 (Fourier l1, local)
Copy constructor of matrix
nrows = 2
ncols = 2
Copy constructor of matrix
nrows = 4
ncols = 4
Copy constructor of matrix
nrows = 4
ncols = 4
Copy constructor of matrix
nrows = 2
ncols = 2
Copy constructor of matrix
nrows = 4
ncols = 4
Copy constructor of matrix
nrows = 4
ncols = 4
#     - Average torsion <T>: [-2.574e-07 -2.302e-06; -2.302e-06 7.312e-07], det -5.488e-12
#     - Norm inverse twist: -9.253e+05
#     - max |Im K| after the step: 1.187e-15 (removed)
#     - Residual of the linearized equation: 1.198e-12 (physical)
#     - Lagrangian defect |L^T Omega L|: 1.031e-04
#     - Frame check |L^T Omega N + I| (should be 0): 4.925e-11
#     - Norm of the correction: 2.574e-09 (physical), 3.667e-04 (local)
# Newton stalled; best error 1.028e-11 (physical), not accepted (tol-floor 1.000e-11)
# Newton method does not converge; halving the continuation step
###########################################
# Continuation step 110 / 400
# We try to compute the torus for epsilon=-8.374e-02 (limit: -9.400e-02)
# Iteration 1 : 
Copy constructor of matrix
nrows = 4
ncols = 1
Copy constructor of matrix
nrows = 4
ncols = 1
#     - Size of the grid: 32 32 
#     - Tails of the parameterization: 1.105e-11 1.124e-11 
#     - Error of invariance: 9.982e-12 (max over grid, physical), 2.787e-06 (Fourier l1, local)
Copy constructor of matrix
nrows = 2
ncols = 2
Copy constructor of matrix
nrows = 4
ncols = 4
Copy constructor of matrix
nrows = 4
ncols = 4
Copy constructor of matrix
nrows = 2
ncols = 2
Copy constructor of matrix
nrows = 4
ncols = 4
Copy constructor of matrix
nrows = 4
ncols = 4
#     - Average torsion <T>: [-2.711e-07 -2.302e-06; -2.302e-06 6.485e-07], det -5.477e-12
#     - Norm inverse twist: -9.096e+05
#     - max |Im K| after the step: 1.888e-15 (removed)
#     - Residual of the linearized equation: 1.148e-12 (physical)
#     - Lagrangian defect |L^T Omega L|: 8.948e-05
#     - Frame check |L^T Omega N + I| (should be 0): 4.008e-11
#     - Norm of the correction: 1.178e-07 (physical), 1.679e-02 (local)
# Iteration 2 : 
Copy constructor of matrix
nrows = 4
ncols = 1
Copy constructor of matrix
nrows = 4
ncols = 1
#     - Size of the grid: 32 32 
#     - Tails of the parameterization: 0.000e+00 0.000e+00 
#     - Error of invariance: 1.153e-11 (max over grid, physical), 5.921e-06 (Fourier l1, local)
Copy constructor of matrix
nrows = 2
ncols = 2
Copy constructor of matrix
nrows = 4
ncols = 4
Copy constructor of matrix
nrows = 4
ncols = 4
Copy constructor of matrix
nrows = 2
ncols = 2
Copy constructor of matrix
nrows = 4
ncols = 4
Copy constructor of matrix
nrows = 4
ncols = 4
#     - Average torsion <T>: [-2.574e-07 -2.302e-06; -2.302e-06 7.313e-07], det -5.488e-12
#     - Norm inverse twist: -9.253e+05
#     - max |Im K| after the step: 1.362e-15 (removed)
#     - Residual of the linearized equation: 1.198e-12 (physical)
#     - Lagrangian defect |L^T Omega L|: 1.030e-04
#     - Frame check |L^T Omega N + I| (should be 0): 4.918e-11
#     - Norm of the correction: 2.227e-09 (physical), 3.174e-04 (local)
# Newton stalled; best error 9.982e-12 (physical), accepted (tol-floor 1.000e-11)
-8.373902894087082e-02 32 32 -9.253055223301840e+05 8.653816592107373e-01 5.023313746975310e-01 9.982119564805321e-12
# Omega_loc: 0.000000000000000e+00 -2.989506470876854e-06 -9.999999999999999e-01 1.524212750069166e-05 2.989506470992649e-06 0.000000000000000e+00 -3.489047120074083e-07 -9.999999999999998e-01 9.999999999999999e-01 3.489047120653056e-07 0.000000000000000e+00 3.244421448219317e-05 -1.524212750092325e-05 1.000000000000000e+00 -3.244421448230896e-05 0.000000000000000e+00
# zcen: -1.000283100352252e+00 -1.895722650333383e-03 -9.254981203310444e-04 -1.007691108391556e+00
# zscale: 7.017595975036042e-06
# Continuation step 111 / 400
# We try to compute the torus for epsilon=-8.377321236069621e-02 (limit: -9.400000000000000e-02)
# Iteration 1 : 
Copy constructor of matrix
nrows = 4
ncols = 1
Copy constructor of matrix
nrows = 4
ncols = 1
#     - Size of the grid: 32 32 
#     - Tails of the parameterization: 1.341e-11 1.300e-11 
#     - Error of invariance: 1.058e-11 (max over grid, physical), 2.865e-06 (Fourier l1, local)
Copy constructor of matrix
nrows = 2
ncols = 2
Copy constructor of matrix
nrows = 4
ncols = 4
Copy constructor of matrix
nrows = 4
ncols = 4
Copy constructor of matrix
nrows = 2
ncols = 2
Copy constructor of matrix
nrows = 4
ncols = 4
Copy constructor of matrix
nrows = 4
ncols = 4
#     - Average torsion <T>: [-2.720e-07 -2.302e-06; -2.302e-06 6.435e-07], det -5.477e-12
#     - Norm inverse twist: -9.087e+05
#     - max |Im K| after the step: 1.430e-15 (removed)
#     - Residual of the linearized equation: 1.181e-12 (physical)
#     - Lagrangian defect |L^T Omega L|: 9.018e-05
#     - Frame check |L^T Omega N + I| (should be 0): 4.031e-11
#     - Norm of the correction: 1.248e-07 (physical), 1.779e-02 (local)
# Iteration 2 : 
Copy constructor of matrix
nrows = 4
ncols = 1
Copy constructor of matrix
nrows = 4
ncols = 1
#     - Size of the grid: 32 32 
#     - Tails of the parameterization: 0.000e+00 0.000e+00 
#     - Error of invariance: 1.290e-11 (max over grid, physical), 6.534e-06 (Fourier l1, local)
Copy constructor of matrix
nrows = 2
ncols = 2
Copy constructor of matrix
nrows = 4
ncols = 4
Copy constructor of matrix
nrows = 4
ncols = 4
Copy constructor of matrix
nrows = 2
ncols = 2
Copy constructor of matrix
nrows = 4
ncols = 4
Copy constructor of matrix
nrows = 4
ncols = 4
#     - Average torsion <T>: [-2.574e-07 -2.302e-06; -2.302e-06 7.312e-07], det -5.488e-12
#     - Norm inverse twist: -9.253e+05
#     - max |Im K| after the step: 1.121e-15 (removed)
#     - Residual of the linearized equation: 1.142e-12 (physical)
#     - Lagrangian defect |L^T Omega L|: 9.782e-05
#     - Frame check |L^T Omega N + I| (should be 0): 4.642e-11
#     - Norm of the correction: 2.784e-09 (physical), 3.968e-04 (local)
# Newton stalled; best error 1.058e-11 (physical), not accepted (tol-floor 1.000e-11)
# Newton method does not converge; halving the continuation step
###########################################
# Continuation step 112 / 400
# We try to compute the torus for epsilon=-8.376e-02 (limit: -9.400e-02)
# Iteration 1 : 
Copy constructor of matrix
nrows = 4
ncols = 1
Copy constructor of matrix
nrows = 4
ncols = 1
#     - Size of the grid: 32 32 
#     - Tails of the parameterization: 1.341e-11 1.300e-11 
#     - Error of invariance: 1.028e-11 (max over grid, physical), 2.829e-06 (Fourier l1, local)
Copy constructor of matrix
nrows = 2
ncols = 2
Copy constructor of matrix
nrows = 4
ncols = 4
Copy constructor of matrix
nrows = 4
ncols = 4
Copy constructor of matrix
nrows = 2
ncols = 2
Copy constructor of matrix
nrows = 4
ncols = 4
Copy constructor of matrix
nrows = 4
ncols = 4
#     - Average torsion <T>: [-2.716e-07 -2.302e-06; -2.302e-06 6.460e-07], det -5.477e-12
#     - Norm inverse twist: -9.092e+05
#     - max |Im K| after the step: 2.489e-15 (removed)
#     - Residual of the linearized equation: 1.178e-12 (physical)
#     - Lagrangian defect |L^T Omega L|: 9.018e-05
#     - Frame check |L^T Omega N + I| (should be 0): 4.031e-11
#     - Norm of the correction: 1.213e-07 (physical), 1.729e-02 (local)
# Iteration 2 : 
Copy constructor of matrix
nrows = 4
ncols = 1
Copy constructor of matrix
nrows = 4
ncols = 1
#     - Size of the grid: 32 32 
#     - Tails of the parameterization: 0.000e+00 0.000e+00 
#     - Error of invariance: 1.206e-11 (max over grid, physical), 6.252e-06 (Fourier l1, local)
Copy constructor of matrix
nrows = 2
ncols = 2
Copy constructor of matrix
nrows = 4
ncols = 4
Copy constructor of matrix
nrows = 4
ncols = 4
Copy constructor of matrix
nrows = 2
ncols = 2
Copy constructor of matrix
nrows = 4
ncols = 4
Copy constructor of matrix
nrows = 4
ncols = 4
#     - Average torsion <T>: [-2.574e-07 -2.302e-06; -2.302e-06 7.312e-07], det -5.488e-12
#     - Norm inverse twist: -9.253e+05
#     - max |Im K| after the step: 1.399e-15 (removed)
#     - Residual of the linearized equation: 1.171e-12 (physical)
#     - Lagrangian defect |L^T Omega L|: 9.771e-05
#     - Frame check |L^T Omega N + I| (should be 0): 4.635e-11
#     - Norm of the correction: 2.631e-09 (physical), 3.749e-04 (local)
# Newton stalled; best error 1.028e-11 (physical), not accepted (tol-floor 1.000e-11)
# Newton method does not converge; halving the continuation step
###########################################
# Continuation step 113 / 400
# We try to compute the torus for epsilon=-8.375e-02 (limit: -9.400e-02)
# Iteration 1 : 
Copy constructor of matrix
nrows = 4
ncols = 1
Copy constructor of matrix
nrows = 4
ncols = 1
#     - Size of the grid: 32 32 
#     - Tails of the parameterization: 1.341e-11 1.300e-11 
#     - Error of invariance: 1.013e-11 (max over grid, physical), 2.811e-06 (Fourier l1, local)
Copy constructor of matrix
nrows = 2
ncols = 2
Copy constructor of matrix
nrows = 4
ncols = 4
Copy constructor of matrix
nrows = 4
ncols = 4
Copy constructor of matrix
nrows = 2
ncols = 2
Copy constructor of matrix
nrows = 4
ncols = 4
Copy constructor of matrix
nrows = 4
ncols = 4
#     - Average torsion <T>: [-2.713e-07 -2.302e-06; -2.302e-06 6.473e-07], det -5.477e-12
#     - Norm inverse twist: -9.094e+05
#     - max |Im K| after the step: 1.375e-15 (removed)
#     - Residual of the linearized equation: 1.176e-12 (physical)
#     - Lagrangian defect |L^T Omega L|: 9.018e-05
#     - Frame check |L^T Omega N + I| (should be 0): 4.031e-11
#     - Norm of the correction: 1.196e-07 (physical), 1.704e-02 (local)
# Iteration 2 : 
Copy constructor of matrix
nrows = 4
ncols = 1
Copy constructor of matrix
nrows = 4
ncols = 1
#     - Size of the grid: 32 32 
#     - Tails of the parameterization: 0.000e+00 0.000e+00 
#     - Error of invariance: 1.186e-11 (max over grid, physical), 6.072e-06 (Fourier l1, local)
Copy constructor of matrix
nrows = 2
ncols = 2
Copy constructor of matrix
nrows = 4
ncols = 4
Copy constructor of matrix
nrows = 4
ncols = 4
Copy constructor of matrix
nrows = 2
ncols = 2
Copy constructor of matrix
nrows = 4
ncols = 4
Copy constructor of matrix
nrows = 4
ncols = 4
#     - Average torsion <T>: [-2.574e-07 -2.302e-06; -2.302e-06 7.312e-07], det -5.488e-12
#     - Norm inverse twist: -9.253e+05
#     - max |Im K| after the step: 1.734e-15 (removed)
#     - Residual of the linearized equation: 1.278e-12 (physical)
#     - Lagrangian defect |L^T Omega L|: 9.766e-05
#     - Frame check |L^T Omega N + I| (should be 0): 4.631e-11
#     - Norm of the correction: 2.409e-09 (physical), 3.433e-04 (local)
# Newton stalled; best error 1.013e-11 (physical), not accepted (tol-floor 1.000e-11)
# Newton method does not converge; halving the continuation step
###########################################
