#toltail: 9.999999999999999e-12
#tolinva: 1.000000000000000e-12
#tolinte: 1.000000000000000e-17
#omega[0]: 3.537242599997344e-01
#omega[1]: 1.938375935852231e-01
#epsilon: 0.000000000000000e+00
#lambda[0]: -1.500017464083440e+00
#lambda[1]: 1.901109735892602e-07
lambda[0] should be H0
lambda[1] should be mu
#nn[0]: 32
#nn[1]: 32
#deps: 5.000000000000000e-03
#auxint: 1
auxint: 1
auxint: 1
paramR.coef[0][0].elem[0]: -1.000276719446435e+00
paramR.coef[1][0].elem[0]: -1.887782515714550e-03
paramR.coef[2][0].elem[0]: -9.471060390009049e-04
paramR.coef[3][0].elem[0]: -1.007717622824566e+00
auxint: 1
auxint: 2
paramR.coef[0][0].elem[1]: -1.000277384007305e+00
paramR.coef[1][0].elem[1]: -1.889625119867411e-03
paramR.coef[2][0].elem[1]: -9.455105879907776e-04
paramR.coef[3][0].elem[1]: -1.007711793496548e+00
auxint: 1
auxint: 3
paramR.coef[0][0].elem[2]: -1.000278089974916e+00
paramR.coef[1][0].elem[2]: -1.891460357818462e-03
paramR.coef[2][0].elem[2]: -9.440480235558842e-04
paramR.coef[3][0].elem[2]: -1.007705743420755e+00
auxint: 1
auxint: 4
paramR.coef[0][0].elem[3]: -1.000278813009093e+00
paramR.coef[1][0].elem[3]: -1.893214848470815e-03
paramR.coef[2][0].elem[3]: -9.427895999549330e-04
paramR.coef[3][0].elem[3]: -1.007699706327050e+00
auxint: 1
auxint: 5
paramR.coef[0][0].elem[4]: -1.000279529599182e+00
paramR.coef[1][0].elem[4]: -1.894821879288155e-03
paramR.coef[2][0].elem[4]: -9.417866806890106e-04
paramR.coef[3][0].elem[4]: -1.007693906353934e+00
auxint: 1
auxint: 6
paramR.coef[0][0].elem[5]: -1.000280217260735e+00
paramR.coef[1][0].elem[5]: -1.896223630731183e-03
paramR.coef[2][0].elem[5]: -9.410691101244237e-04
paramR.coef[3][0].elem[5]: -1.007688551089929e+00
auxint: 1
auxint: 7
paramR.coef[0][0].elem[6]: -1.000280854532495e+00
paramR.coef[1][0].elem[6]: -1.897373150562063e-03
paramR.coef[2][0].elem[6]: -9.406441582876517e-04
paramR.coef[3][0].elem[6]: -1.007683825270572e+00
auxint: 1
auxint: 8
paramR.coef[0][0].elem[7]: -1.000281421181090e+00
paramR.coef[1][0].elem[7]: -1.898235124875556e-03
paramR.coef[2][0].elem[7]: -9.405002348159182e-04
paramR.coef[3][0].elem[7]: -1.007679886393559e+00
auxint: 1
auxint: 9
paramR.coef[0][0].elem[8]: -1.000281898383106e+00
paramR.coef[1][0].elem[8]: -1.898785938552677e-03
paramR.coef[2][0].elem[8]: -9.406117000697349e-04
paramR.coef[3][0].elem[8]: -1.007676862105764e+00
auxint: 1
auxint: 10
paramR.coef[0][0].elem[9]: -1.000282268861605e+00
paramR.coef[1][0].elem[9]: -1.899013575683810e-03
paramR.coef[2][0].elem[9]: -9.409421838337813e-04
paramR.coef[3][0].elem[9]: -1.007674848463007e+00
auxint: 1
auxint: 11
paramR.coef[0][0].elem[10]: -1.000282517431038e+00
paramR.coef[1][0].elem[10]: -1.898916639946495e-03
paramR.coef[2][0].elem[10]: -9.414507582843904e-04
paramR.coef[3][0].elem[10]: -1.007673909445482e+00
auxint: 1
auxint: 12
paramR.coef[0][0].elem[11]: -1.000282631799999e+00
paramR.coef[1][0].elem[11]: -1.898502969684869e-03
paramR.coef[2][0].elem[11]: -9.420987428964108e-04
paramR.coef[3][0].elem[11]: -1.007674077139856e+00
auxint: 1
auxint: 13
paramR.coef[0][0].elem[12]: -1.000282603371528e+00
paramR.coef[1][0].elem[12]: -1.897788871309878e-03
paramR.coef[2][0].elem[12]: -9.428527639496814e-04
paramR.coef[3][0].elem[12]: -1.007675351059631e+00
auxint: 1
auxint: 14
paramR.coef[0][0].elem[13]: -1.000282428304830e+00
paramR.coef[1][0].elem[13]: -1.896798461546993e-03
paramR.coef[2][0].elem[13]: -9.436876240372364e-04
paramR.coef[3][0].elem[13]: -1.007677696863457e+00
auxint: 1
auxint: 15
paramR.coef[0][0].elem[14]: -1.000282108588781e+00
paramR.coef[1][0].elem[14]: -1.895563031161446e-03
paramR.coef[2][0].elem[14]: -9.445886931625878e-04
paramR.coef[3][0].elem[14]: -1.007681045315702e+00
auxint: 1
auxint: 16
paramR.coef[0][0].elem[15]: -1.000281652573319e+00
paramR.coef[1][0].elem[15]: -1.894121051851945e-03
paramR.coef[2][0].elem[15]: -9.455492846791578e-04
paramR.coef[3][0].elem[15]: -1.007685291626821e+00
auxint: 1
auxint: 17
paramR.coef[0][0].elem[16]: -1.000281075145386e+00
paramR.coef[1][0].elem[16]: -1.892518084694853e-03
paramR.coef[2][0].elem[16]: -9.465665536007316e-04
paramR.coef[3][0].elem[16]: -1.007690296025400e+00
auxint: 1
auxint: 18
paramR.coef[0][0].elem[17]: -1.000280397600219e+00
paramR.coef[1][0].elem[17]: -1.890806115733121e-03
paramR.coef[2][0].elem[17]: -9.476382680810209e-04
paramR.coef[3][0].elem[17]: -1.007695886285098e+00
auxint: 1
auxint: 19
paramR.coef[0][0].elem[18]: -1.000279646787875e+00
paramR.coef[1][0].elem[18]: -1.889043032535655e-03
paramR.coef[2][0].elem[18]: -9.487564123249474e-04
paramR.coef[3][0].elem[18]: -1.007701861802380e+00
auxint: 1
auxint: 20
paramR.coef[0][0].elem[19]: -1.000278853807990e+00
paramR.coef[1][0].elem[19]: -1.887291772447189e-03
paramR.coef[2][0].elem[19]: -9.499006945251775e-04
paramR.coef[3][0].elem[19]: -1.007707999290031e+00
auxint: 1
auxint: 21
paramR.coef[0][0].elem[20]: -1.000278052659096e+00
paramR.coef[1][0].elem[20]: -1.885618459511223e-03
paramR.coef[2][0].elem[20]: -9.510367900845566e-04
paramR.coef[3][0].elem[20]: -1.007714060268759e+00
auxint: 1
auxint: 22
paramR.coef[0][0].elem[21]: -1.000277278523392e+00
paramR.coef[1][0].elem[21]: -1.884090273457900e-03
paramR.coef[2][0].elem[21]: -9.521157320546231e-04
paramR.coef[3][0].elem[21]: -1.007719799787368e+00
auxint: 1
auxint: 23
paramR.coef[0][0].elem[22]: -1.000276565744046e+00
paramR.coef[1][0].elem[22]: -1.882772923856689e-03
paramR.coef[2][0].elem[22]: -9.530747860979996e-04
paramR.coef[3][0].elem[22]: -1.007724976641520e+00
auxint: 1
auxint: 24
paramR.coef[0][0].elem[23]: -1.000275945982877e+00
paramR.coef[1][0].elem[23]: -1.881726974587843e-03
paramR.coef[2][0].elem[23]: -9.538442379921382e-04
paramR.coef[3][0].elem[23]: -1.007729365442890e+00
auxint: 1
auxint: 25
paramR.coef[0][0].elem[24]: -1.000275446418443e+00
paramR.coef[1][0].elem[24]: -1.881003939276757e-03
paramR.coef[2][0].elem[24]: -9.543559756379690e-04
paramR.coef[3][0].elem[24]: -1.007732769242282e+00
auxint: 1
auxint: 26
paramR.coef[0][0].elem[25]: -1.000275087972785e+00
paramR.coef[1][0].elem[25]: -1.880642722503505e-03
paramR.coef[2][0].elem[25]: -9.545508974012037e-04
paramR.coef[3][0].elem[25]: -1.007735031773191e+00
auxint: 1
auxint: 27
paramR.coef[0][0].elem[26]: -1.000274884148367e+00
paramR.coef[1][0].elem[26]: -1.880665899407270e-03
paramR.coef[2][0].elem[26]: -9.543886406007028e-04
paramR.coef[3][0].elem[26]: -1.007736048771069e+00
auxint: 1
auxint: 28
paramR.coef[0][0].elem[27]: -1.000274840529390e+00
paramR.coef[1][0].elem[27]: -1.881076981981234e-03
paramR.coef[2][0].elem[27]: -9.538558928770901e-04
paramR.coef[3][0].elem[27]: -1.007735775780150e+00
auxint: 1
auxint: 29
paramR.coef[0][0].elem[28]: -1.000274954753710e+00
paramR.coef[1][0].elem[28]: -1.881859883724453e-03
paramR.coef[2][0].elem[28]: -9.529683163781217e-04
paramR.coef[3][0].elem[28]: -1.007734230493493e+00
auxint: 1
auxint: 30
paramR.coef[0][0].elem[29]: -1.000275217245883e+00
paramR.coef[1][0].elem[29]: -1.882979683869912e-03
paramR.coef[2][0].elem[29]: -9.517703721224812e-04
paramR.coef[3][0].elem[29]: -1.007731490606589e+00
auxint: 1
auxint: 31
paramR.coef[0][0].elem[30]: -1.000275612577944e+00
paramR.coef[1][0].elem[30]: -1.884384594864079e-03
paramR.coef[2][0].elem[30]: -9.503331886773026e-04
paramR.coef[3][0].elem[30]: -1.007727687587373e+00
auxint: 1
auxint: 32
paramR.coef[0][0].elem[31]: -1.000276120901835e+00
paramR.coef[1][0].elem[31]: -1.886009894931420e-03
paramR.coef[2][0].elem[31]: -9.487460170158034e-04
paramR.coef[3][0].elem[31]: -1.007722996263135e+00
auxint: 2
auxint: 1
paramR.coef[0][0].elem[32]: -1.000277333853908e+00
paramR.coef[1][0].elem[32]: -1.887131977390869e-03
paramR.coef[2][0].elem[32]: -9.519457235329436e-04
paramR.coef[3][0].elem[32]: -1.007717393990471e+00
auxint: 2
auxint: 2
paramR.coef[0][0].elem[33]: -1.000277997998669e+00
paramR.coef[1][0].elem[33]: -1.888982041203238e-03
paramR.coef[2][0].elem[33]: -9.503264074822656e-04
paramR.coef[3][0].elem[33]: -1.007711563489418e+00
auxint: 2
auxint: 3
paramR.coef[0][0].elem[34]: -1.000278698582652e+00
paramR.coef[1][0].elem[34]: -1.890812035413890e-03
paramR.coef[2][0].elem[34]: -9.488539243807497e-04
paramR.coef[3][0].elem[34]: -1.007705551890553e+00
auxint: 2
auxint: 4
paramR.coef[0][0].elem[35]: -1.000279411464238e+00
paramR.coef[1][0].elem[35]: -1.892548768747495e-03
paramR.coef[2][0].elem[35]: -9.476001111542701e-04
paramR.coef[3][0].elem[35]: -1.007699591130113e+00
auxint: 2
auxint: 5
paramR.coef[0][0].elem[36]: -1.000280113576983e+00
paramR.coef[1][0].elem[36]: -1.894126178482790e-03
paramR.coef[2][0].elem[36]: -9.466166331629447e-04
paramR.coef[3][0].elem[36]: -1.007693902073025e+00
auxint: 2
auxint: 6
paramR.coef[0][0].elem[37]: -1.000280783013676e+00
paramR.coef[1][0].elem[37]: -1.895487713600634e-03
paramR.coef[2][0].elem[37]: -9.459324291248854e-04
paramR.coef[3][0].elem[37]: -1.007688687525443e+00
auxint: 2
auxint: 7
paramR.coef[0][0].elem[38]: -1.000281399012158e+00
paramR.coef[1][0].elem[38]: -1.896588106280643e-03
paramR.coef[2][0].elem[38]: -9.455534251390410e-04
paramR.coef[3][0].elem[38]: -1.007684126372657e+00
auxint: 2
auxint: 8
paramR.coef[0][0].elem[39]: -1.000281942201546e+00
paramR.coef[1][0].elem[39]: -1.897394001049055e-03
paramR.coef[2][0].elem[39]: -9.454665458866955e-04
paramR.coef[3][0].elem[39]: -1.007680369523371e+00
auxint: 2
auxint: 9
paramR.coef[0][0].elem[40]: -1.000282394666975e+00
paramR.coef[1][0].elem[40]: -1.897884089603206e-03
paramR.coef[2][0].elem[40]: -9.456436526604004e-04
paramR.coef[3][0].elem[40]: -1.007677537430937e+00
auxint: 2
auxint: 10
paramR.coef[0][0].elem[41]: -1.000282740046218e+00
paramR.coef[1][0].elem[41]: -1.898048811105726e-03
paramR.coef[2][0].elem[41]: -9.460455195758329e-04
paramR.coef[3][0].elem[41]: -1.007675718755738e+00
auxint: 2
auxint: 11
paramR.coef[0][0].elem[42]: -1.000282964139101e+00
paramR.coef[1][0].elem[42]: -1.897889173986085e-03
paramR.coef[2][0].elem[42]: -9.466286935683331e-04
paramR.coef[3][0].elem[42]: -1.007674970187622e+00
auxint: 2
auxint: 12
paramR.coef[0][0].elem[43]: -1.000283055600944e+00
paramR.coef[1][0].elem[43]: -1.897415441970984e-03
paramR.coef[2][0].elem[43]: -9.473514038780256e-04
paramR.coef[3][0].elem[43]: -1.007675316747088e+00
auxint: 2
auxint: 13
paramR.coef[0][0].elem[44]: -1.000283006654605e+00
paramR.coef[1][0].elem[44]: -1.896646223175419e-03
paramR.coef[2][0].elem[44]: -9.481769348874848e-04
paramR.coef[3][0].elem[44]: -1.007676751466103e+00
auxint: 2
auxint: 14
paramR.coef[0][0].elem[45]: -1.000282814237170e+00
paramR.coef[1][0].elem[45]: -1.895607593945516e-03
paramR.coef[2][0].elem[45]: -9.490775321704704e-04
paramR.coef[3][0].elem[45]: -1.007679234359024e+00
auxint: 2
auxint: 15
paramR.coef[0][0].elem[46]: -1.000282481016438e+00
paramR.coef[1][0].elem[46]: -1.894332561277524e-03
paramR.coef[2][0].elem[46]: -9.500360874976535e-04
paramR.coef[3][0].elem[46]: -1.007682691363134e+00
auxint: 2
auxint: 16
paramR.coef[0][0].elem[47]: -1.000282015803632e+00
paramR.coef[1][0].elem[47]: -1.892861038959719e-03
paramR.coef[2][0].elem[47]: -9.510433697203435e-04
paramR.coef[3][0].elem[47]: -1.007687013885432e+00
auxint: 2
auxint: 17
paramR.coef[0][0].elem[48]: -1.000281433817390e+00
paramR.coef[1][0].elem[48]: -1.891239563511005e-03
paramR.coef[2][0].elem[48]: -9.520950105604817e-04
paramR.coef[3][0].elem[48]: -1.007692059525995e+00
auxint: 2
auxint: 18
paramR.coef[0][0].elem[49]: -1.000280756570525e+00
paramR.coef[1][0].elem[49]: -1.889520743785462e-03
paramR.coef[2][0].elem[49]: -9.531877830261360e-04
paramR.coef[3][0].elem[49]: -1.007697654449407e+00
auxint: 2
auxint: 19
paramR.coef[0][0].elem[50]: -1.000280010887151e+00
paramR.coef[1][0].elem[50]: -1.887762785973333e-03
paramR.coef[2][0].elem[50]: -9.543126343442563e-04
paramR.coef[3][0].elem[50]: -1.007703597617583e+00
auxint: 2
auxint: 20
paramR.coef[0][0].elem[51]: -1.000279227656520e+00
paramR.coef[1][0].elem[51]: -1.886028428642413e-03
paramR.coef[2][0].elem[51]: -9.554492327942645e-04
paramR.coef[3][0].elem[51]: -1.007709666717499e+00
auxint: 2
auxint: 21
paramR.coef[0][0].elem[52]: -1.000278440566841e+00
paramR.coef[1][0].elem[52]: -1.884383163613624e-03
paramR.coef[2][0].elem[52]: -9.565640527344277e-04
paramR.coef[3][0].elem[52]: -1.007715625404348e+00
auxint: 2
auxint: 22
paramR.coef[0][0].elem[53]: -1.000277684289648e+00
paramR.coef[1][0].elem[53]: -1.882893262856034e-03
paramR.coef[2][0].elem[53]: -9.576088110861455e-04
paramR.coef[3][0].elem[53]: -1.007721231985428e+00
auxint: 2
auxint: 23
paramR.coef[0][0].elem[54]: -1.000276992474565e+00
paramR.coef[1][0].elem[54]: -1.881623074958566e-03
paramR.coef[2][0].elem[54]: -9.585220631845986e-04
paramR.coef[3][0].elem[54]: -1.007726249929528e+00
auxint: 2
auxint: 24
paramR.coef[0][0].elem[55]: -1.000276396022167e+00
paramR.coef[1][0].elem[55]: -1.880631380060889e-03
paramR.coef[2][0].elem[55]: -9.592361774106295e-04
paramR.coef[3][0].elem[55]: -1.007730459685297e+00
auxint: 2
auxint: 25
paramR.coef[0][0].elem[56]: -1.000275921227342e+00
paramR.coef[1][0].elem[56]: -1.879967735914396e-03
paramR.coef[2][0].elem[56]: -9.596848972089710e-04
paramR.coef[3][0].elem[56]: -1.007733670945441e+00
auxint: 2
auxint: 26
paramR.coef[0][0].elem[57]: -1.000275588012975e+00
paramR.coef[1][0].elem[57]: -1.879668836856572e-03
paramR.coef[2][0].elem[57]: -9.598112226258558e-04
paramR.coef[3][0].elem[57]: -1.007735734953043e+00
auxint: 2
auxint: 27
paramR.coef[0][0].elem[58]: -1.000275408918361e+00
paramR.coef[1][0].elem[58]: -1.879754798530228e-03
paramR.coef[2][0].elem[58]: -9.595776114154504e-04
paramR.coef[3][0].elem[58]: -1.007736555449340e+00
auxint: 2
auxint: 28
paramR.coef[0][0].elem[59]: -1.000275388590101e+00
paramR.coef[1][0].elem[59]: -1.880226751384643e-03
paramR.coef[2][0].elem[59]: -9.589732143542939e-04
paramR.coef[3][0].elem[59]: -1.007736095798434e+00
auxint: 2
auxint: 29
paramR.coef[0][0].elem[60]: -1.000275523718320e+00
paramR.coef[1][0].elem[60]: -1.881066309708304e-03
paramR.coef[2][0].elem[60]: -9.580159495761065e-04
paramR.coef[3][0].elem[60]: -1.007734381243737e+00
auxint: 2
auxint: 30
paramR.coef[0][0].elem[61]: -1.000275803905450e+00
paramR.coef[1][0].elem[61]: -1.882236239637552e-03
paramR.coef[2][0].elem[61]: -9.567531290155875e-04
paramR.coef[3][0].elem[61]: -1.007731496579339e+00
auxint: 2
auxint: 31
paramR.coef[0][0].elem[62]: -1.000276213057594e+00
paramR.coef[1][0].elem[62]: -1.883682732964400e-03
paramR.coef[2][0].elem[62]: -9.552583714196239e-04
paramR.coef[3][0].elem[62]: -1.007727579206384e+00
auxint: 2
auxint: 32
paramR.coef[0][0].elem[63]: -1.000276730756907e+00
paramR.coef[1][0].elem[63]: -1.885339456978350e-03
paramR.coef[2][0].elem[63]: -9.536227759677647e-04
paramR.coef[3][0].elem[63]: -1.007722808512786e+00
auxint: 3
auxint: 1
paramR.coef[0][0].elem[64]: -1.000278106416250e+00
paramR.coef[1][0].elem[64]: -1.886743735402750e-03
paramR.coef[2][0].elem[64]: -9.557863857439210e-04
paramR.coef[3][0].elem[64]: -1.007716552759172e+00
auxint: 3
auxint: 2
paramR.coef[0][0].elem[65]: -1.000278774461479e+00
paramR.coef[1][0].elem[65]: -1.888610433027980e-03
paramR.coef[2][0].elem[65]: -9.541385908099356e-04
paramR.coef[3][0].elem[65]: -1.007710690743660e+00
auxint: 3
auxint: 3
paramR.coef[0][0].elem[66]: -1.000279473845165e+00
paramR.coef[1][0].elem[66]: -1.890444479468845e-03
paramR.coef[2][0].elem[66]: -9.526519447275471e-04
paramR.coef[3][0].elem[66]: -1.007704687638196e+00
auxint: 3
auxint: 4
paramR.coef[0][0].elem[67]: -1.000280180484185e+00
paramR.coef[1][0].elem[67]: -1.892172509814925e-03
paramR.coef[2][0].elem[67]: -9.513991155435785e-04
paramR.coef[3][0].elem[67]: -1.007698774718315e+00
auxint: 3
auxint: 5
paramR.coef[0][0].elem[68]: -1.000280871599162e+00
paramR.coef[1][0].elem[68]: -1.893728825471491e-03
paramR.coef[2][0].elem[68]: -9.504318873829587e-04
paramR.coef[3][0].elem[68]: -1.007693170590928e+00
auxint: 3
auxint: 6
paramR.coef[0][0].elem[69]: -1.000281525676395e+00
paramR.coef[1][0].elem[69]: -1.895057802481285e-03
paramR.coef[2][0].elem[69]: -9.497783225221252e-04
paramR.coef[3][0].elem[69]: -1.007688074396288e+00
auxint: 3
auxint: 7
paramR.coef[0][0].elem[70]: -1.000282122541654e+00
paramR.coef[1][0].elem[70]: -1.896115499712203e-03
paramR.coef[2][0].elem[70]: -9.494432417432282e-04
paramR.coef[3][0].elem[70]: -1.007683660193171e+00
auxint: 3
auxint: 8
paramR.coef[0][0].elem[71]: -1.000282643602734e+00
paramR.coef[1][0].elem[71]: -1.896870275356502e-03
paramR.coef[2][0].elem[71]: -9.494119493065138e-04
paramR.coef[3][0].elem[71]: -1.007680073062261e+00
auxint: 3
auxint: 9
paramR.coef[0][0].elem[72]: -1.000283071758376e+00
paramR.coef[1][0].elem[72]: -1.897302897480680e-03
paramR.coef[2][0].elem[72]: -9.496537856630632e-04
paramR.coef[3][0].elem[72]: -1.007677426932193e+00
auxint: 3
auxint: 10
paramR.coef[0][0].elem[73]: -1.000283391547443e+00
paramR.coef[1][0].elem[73]: -1.897406045531459e-03
paramR.coef[2][0].elem[73]: -9.501269680035544e-04
paramR.coef[3][0].elem[73]: -1.007675803505500e+00
auxint: 3
auxint: 11
paramR.coef[0][0].elem[74]: -1.000283589797125e+00
paramR.coef[1][0].elem[74]: -1.897183077247422e-03
paramR.coef[2][0].elem[74]: -9.507854703562631e-04
paramR.coef[3][0].elem[74]: -1.007675252193361e+00
auxint: 3
auxint: 12
paramR.coef[0][0].elem[75]: -1.000283656137682e+00
paramR.coef[1][0].elem[75]: -1.896646700561445e-03
paramR.coef[2][0].elem[75]: -9.515843309560719e-04
paramR.coef[3][0].elem[75]: -1.007675790747599e+00
auxint: 3
auxint: 13
paramR.coef[0][0].elem[76]: -1.000283583706056e+00
paramR.coef[1][0].elem[76]: -1.895817860575057e-03
paramR.coef[2][0].elem[76]: -9.524837654871914e-04
paramR.coef[3][0].elem[76]: -1.007677405280116e+00
auxint: 3
auxint: 14
paramR.coef[0][0].elem[77]: -1.000283370380659e+00
paramR.coef[1][0].elem[77]: -1.894724791919614e-03
paramR.coef[2][0].elem[77]: -9.534534535697223e-04
paramR.coef[3][0].elem[77]: -1.007680049271148e+00
auxint: 3
auxint: 15
paramR.coef[0][0].elem[78]: -1.000283019648515e+00
paramR.coef[1][0].elem[78]: -1.893402523722525e-03
paramR.coef[2][0].elem[78]: -9.544735500555959e-04
paramR.coef[3][0].elem[78]: -1.007683642723360e+00
auxint: 3
auxint: 16
paramR.coef[0][0].elem[79]: -1.000282540949279e+00
paramR.coef[1][0].elem[79]: -1.891892697779066e-03
paramR.coef[2][0].elem[79]: -9.555323512288769e-04
paramR.coef[3][0].elem[79]: -1.007688072072800e+00
auxint: 3
auxint: 17
paramR.coef[0][0].elem[80]: -1.000281950049770e+00
paramR.coef[1][0].elem[80]: -1.890243208557348e-03
paramR.coef[2][0].elem[80]: -9.566238350425762e-04
paramR.coef[3][0].elem[80]: -1.007693190896788e+00
auxint: 3
auxint: 18
paramR.coef[0][0].elem[81]: -1.000281268841619e+00
paramR.coef[1][0].elem[81]: -1.888507752214631e-03
paramR.coef[2][0].elem[81]: -9.577432700208332e-04
paramR.coef[3][0].elem[81]: -1.007698822323606e+00
auxint: 3
auxint: 19
paramR.coef[0][0].elem[82]: -1.000280524262227e+00
paramR.coef[1][0].elem[82]: -1.886745229174363e-03
paramR.coef[2][0].elem[82]: -9.588804201646155e-04
paramR.coef[3][0].elem[82]: -1.007704763645737e+00
auxint: 3
auxint: 20
paramR.coef[0][0].elem[83]: -1.000279747173788e+00
paramR.coef[1][0].elem[83]: -1.885018549437487e-03
paramR.coef[2][0].elem[83]: -9.600148078403206e-04
paramR.coef[3][0].elem[83]: -1.007710792296290e+00
auxint: 3
auxint: 21
paramR.coef[0][0].elem[84]: -1.000278971077314e+00
paramR.coef[1][0].elem[84]: -1.883392989330556e-03
paramR.coef[2][0].elem[84]: -9.611131554864379e-04
paramR.coef[3][0].elem[84]: -1.007716672955581e+00
auxint: 3
auxint: 22
paramR.coef[0][0].elem[85]: -1.000278230184015e+00
paramR.coef[1][0].elem[85]: -1.881934197184395e-03
paramR.coef[2][0].elem[85]: -9.621275888243886e-04
paramR.coef[3][0].elem[85]: -1.007722166485238e+00
auxint: 3
auxint: 23
paramR.coef[0][0].elem[86]: -1.000277557533121e+00
paramR.coef[1][0].elem[86]: -1.880705354359743e-03
paramR.coef[2][0].elem[86]: -9.629979780879522e-04
paramR.coef[3][0].elem[86]: -1.007727040479983e+00
auxint: 3
auxint: 24
paramR.coef[0][0].elem[87]: -1.000276983327337e+00
paramR.coef[1][0].elem[87]: -1.879763694921303e-03
paramR.coef[2][0].elem[87]: -9.636584403597012e-04
paramR.coef[3][0].elem[87]: -1.007731080706724e+00
auxint: 3
auxint: 25
paramR.coef[0][0].elem[88]: -1.000276532974096e+00
paramR.coef[1][0].elem[88]: -1.879156957505559e-03
paramR.coef[2][0].elem[88]: -9.640443894013975e-04
paramR.coef[3][0].elem[88]: -1.007734103310987e+00
auxint: 3
auxint: 26
paramR.coef[0][0].elem[89]: -1.000276225418039e+00
paramR.coef[1][0].elem[89]: -1.878919628337947e-03
paramR.coef[2][0].elem[89]: -9.641011901076542e-04
paramR.coef[3][0].elem[89]: -1.007735967079078e+00
auxint: 3
auxint: 27
paramR.coef[0][0].elem[90]: -1.000276072252234e+00
paramR.coef[1][0].elem[90]: -1.879069394224994e-03
paramR.coef[2][0].elem[90]: -9.637941275938798e-04
paramR.coef[3][0].elem[90]: -1.007736583785353e+00
auxint: 3
auxint: 28
paramR.coef[0][0].elem[91]: -1.000276077125357e+00
paramR.coef[1][0].elem[91]: -1.879604982571192e-03
paramR.coef[2][0].elem[91]: -9.631147882659558e-04
paramR.coef[3][0].elem[91]: -1.007735924881602e+00
auxint: 3
auxint: 29
paramR.coef[0][0].elem[92]: -1.000276235725434e+00
paramR.coef[1][0].elem[92]: -1.880505543414821e-03
paramR.coef[2][0].elem[92]: -9.620837791135796e-04
paramR.coef[3][0].elem[92]: -1.007734023689691e+00
auxint: 3
auxint: 30
paramR.coef[0][0].elem[93]: -1.000276536788742e+00
paramR.coef[1][0].elem[93]: -1.881731370210816e-03
paramR.coef[2][0].elem[93]: -9.607515453667129e-04
paramR.coef[3][0].elem[93]: -1.007730972632639e+00
auxint: 3
auxint: 31
paramR.coef[0][0].elem[94]: -1.000276963428964e+00
paramR.coef[1][0].elem[94]: -1.883226467389766e-03
paramR.coef[2][0].elem[94]: -9.591942618828094e-04
paramR.coef[3][0].elem[94]: -1.007726915739231e+00
auxint: 3
auxint: 32
paramR.coef[0][0].elem[95]: -1.000277494516710e+00
paramR.coef[1][0].elem[95]: -1.884922611688077e-03
paramR.coef[2][0].elem[95]: -9.575052652070717e-04
paramR.coef[3][0].elem[95]: -1.007722037891102e+00
auxint: 4
auxint: 1
paramR.coef[0][0].elem[96]: -1.000279004898489e+00
paramR.coef[1][0].elem[96]: -1.886635312581138e-03
paramR.coef[2][0].elem[96]: -9.584718687830185e-04
paramR.coef[3][0].elem[96]: -1.007715129953395e+00
auxint: 4
auxint: 2
paramR.coef[0][0].elem[97]: -1.000279681026521e+00
paramR.coef[1][0].elem[97]: -1.888527227424174e-03
paramR.coef[2][0].elem[97]: -9.567918344206402e-04
paramR.coef[3][0].elem[97]: -1.007709207221325e+00
auxint: 4
auxint: 3
paramR.coef[0][0].elem[98]: -1.000280383478327e+00
paramR.coef[1][0].elem[98]: -1.890374521171613e-03
paramR.coef[2][0].elem[98]: -9.552870377701640e-04
paramR.coef[3][0].elem[98]: -1.007703182166416e+00
auxint: 4
auxint: 4
paramR.coef[0][0].elem[99]: -1.000281088086688e+00
paramR.coef[1][0].elem[99]: -1.892103317487674e-03
paramR.coef[2][0].elem[99]: -9.540311274046733e-04
paramR.coef[3][0].elem[99]: -1.007697286519656e+00
auxint: 4
auxint: 5
paramR.coef[0][0].elem[100]: -1.000281772157464e+00
paramR.coef[1][0].elem[100]: -1.893647964909176e-03
paramR.coef[2][0].elem[100]: -9.530758553859557e-04
paramR.coef[3][0].elem[100]: -1.007691737801218e+00
auxint: 4
auxint: 6
paramR.coef[0][0].elem[101]: -1.000282414380102e+00
paramR.coef[1][0].elem[101]: -1.894953370384739e-03
paramR.coef[2][0].elem[101]: -9.524485814814762e-04
paramR.coef[3][0].elem[101]: -1.007686732764863e+00
auxint: 4
auxint: 7
paramR.coef[0][0].elem[102]: -1.000282995043963e+00
paramR.coef[1][0].elem[102]: -1.895976531920473e-03
paramR.coef[2][0].elem[102]: -9.521532186783385e-04
paramR.coef[3][0].elem[102]: -1.007682441811361e+00
auxint: 4
auxint: 8
paramR.coef[0][0].elem[103]: -1.000283496194653e+00
paramR.coef[1][0].elem[103]: -1.896687197956821e-03
paramR.coef[2][0].elem[103]: -9.521733930123209e-04
paramR.coef[3][0].elem[103]: -1.007679005239395e+00
auxint: 4
auxint: 9
paramR.coef[0][0].elem[104]: -1.000283901424657e+00
paramR.coef[1][0].elem[104]: -1.897067876462520e-03
paramR.coef[2][0].elem[104]: -9.524761528021508e-04
paramR.coef[3][0].elem[104]: -1.007676531410469e+00
auxint: 4
auxint: 10
paramR.coef[0][0].elem[105]: -1.000284196144570e+00
paramR.coef[1][0].elem[105]: -1.897113218957538e-03
paramR.coef[2][0].elem[105]: -9.530174423836617e-04
paramR.coef[3][0].elem[105]: -1.007675095707759e+00
auxint: 4
auxint: 11
paramR.coef[0][0].elem[106]: -1.000284368181799e+00
paramR.coef[1][0].elem[106]: -1.896828796476202e-03
paramR.coef[2][0].elem[106]: -9.537485870082695e-04
paramR.coef[3][0].elem[106]: -1.007674740594445e+00
auxint: 4
auxint: 12
paramR.coef[0][0].elem[107]: -1.000284408126846e+00
paramR.coef[1][0].elem[107]: -1.896229649554942e-03
paramR.coef[2][0].elem[107]: -9.546216157303020e-04
paramR.coef[3][0].elem[107]: -1.007675476704930e+00
auxint: 4
auxint: 13
paramR.coef[0][0].elem[108]: -1.000284310130975e+00
paramR.coef[1][0].elem[108]: -1.895339027454816e-03
paramR.coef[2][0].elem[108]: -9.555940934850899e-04
paramR.coef[3][0].elem[108]: -1.007677282971764e+00
auxint: 4
auxint: 14
paramR.coef[0][0].elem[109]: -1.000284073138729e+00
paramR.coef[1][0].elem[109]: -1.894187468800569e-03
paramR.coef[2][0].elem[109]: -9.566330842222356e-04
paramR.coef[3][0].elem[109]: -1.007680105669973e+00
auxint: 4
auxint: 15
paramR.coef[0][0].elem[110]: -1.000283701540638e+00
paramR.coef[1][0].elem[110]: -1.892812211174720e-03
paramR.coef[2][0].elem[110]: -9.577159317344440e-04
paramR.coef[3][0].elem[110]: -1.007683858110999e+00
auxint: 4
auxint: 16
paramR.coef[0][0].elem[111]: -1.000283205561459e+00
paramR.coef[1][0].elem[111]: -1.891256826196822e-03
paramR.coef[2][0].elem[111]: -9.588287168366861e-04
paramR.coef[3][0].elem[111]: -1.007688420803614e+00
auxint: 4
auxint: 17
paramR.coef[0][0].elem[112]: -1.000282601713518e+00
paramR.coef[1][0].elem[112]: -1.889570918444872e-03
paramR.coef[2][0].elem[112]: -9.599636532513721e-04
paramR.coef[3][0].elem[112]: -1.007693642011432e+00
auxint: 4
auxint: 18
paramR.coef[0][0].elem[113]: -1.000281912400613e+00
paramR.coef[1][0].elem[113]: -1.887809668239901e-03
paramR.coef[2][0].elem[113]: -9.611141553463018e-04
paramR.coef[3][0].elem[113]: -1.007699340560663e+00
auxint: 4
auxint: 19
paramR.coef[0][0].elem[114]: -1.000281164827052e+00
paramR.coef[1][0].elem[114]: -1.886033004078579e-03
paramR.coef[2][0].elem[114]: -9.622687800609119e-04
paramR.coef[3][0].elem[114]: -1.007705310900685e+00
auxint: 4
auxint: 20
paramR.coef[0][0].elem[115]: -1.000280390016647e+00
paramR.coef[1][0].elem[115]: -1.884304401591045e-03
paramR.coef[2][0].elem[115]: -9.634066985605208e-04
paramR.coef[3][0].elem[115]: -1.007711328927721e+00
auxint: 4
auxint: 21
paramR.coef[0][0].elem[116]: -1.000279621388433e+00
paramR.coef[1][0].elem[116]: -1.882689335177934e-03
paramR.coef[2][0].elem[116]: -9.644943701275982e-04
paramR.coef[3][0].elem[116]: -1.007717159226260e+00
auxint: 4
auxint: 22
paramR.coef[0][0].elem[117]: -1.000278892770328e+00
paramR.coef[1][0].elem[117]: -1.881253127928799e-03
paramR.coef[2][0].elem[117]: -9.654841130512553e-04
paramR.coef[3][0].elem[117]: -1.007722564395621e+00
auxint: 4
auxint: 23
paramR.coef[0][0].elem[118]: -1.000278236715284e+00
paramR.coef[1][0].elem[118]: -1.880058084710735e-03
paramR.coef[2][0].elem[118]: -9.663169094517521e-04
paramR.coef[3][0].elem[118]: -1.007727315334830e+00
auxint: 4
auxint: 24
paramR.coef[0][0].elem[119]: -1.000277682805372e+00
paramR.coef[1][0].elem[119]: -1.879160197258518e-03
paramR.coef[2][0].elem[119]: -9.669281923683816e-04
paramR.coef[3][0].elem[119]: -1.007731202401278e+00
auxint: 4
auxint: 25
paramR.coef[0][0].elem[120]: -1.000277255597244e+00
paramR.coef[1][0].elem[120]: -1.878605558130305e-03
paramR.coef[2][0].elem[120]: -9.672549313571408e-04
paramR.coef[3][0].elem[120]: -1.007734047796731e+00
auxint: 4
auxint: 26
paramR.coef[0][0].elem[121]: -1.000276973131209e+00
paramR.coef[1][0].elem[121]: -1.878426573971596e-03
paramR.coef[2][0].elem[121]: -9.672448444096678e-04
paramR.coef[3][0].elem[121]: -1.007735717516223e+00
auxint: 4
auxint: 27
paramR.coef[0][0].elem[122]: -1.000276846086664e+00
paramR.coef[1][0].elem[122]: -1.878638662162123e-03
paramR.coef[2][0].elem[122]: -9.668657473692161e-04
paramR.coef[3][0].elem[122]: -1.007736131067386e+00
auxint: 4
auxint: 28
paramR.coef[0][0].elem[123]: -1.000276877086310e+00
paramR.coef[1][0].elem[123]: -1.879238169437445e-03
paramR.coef[2][0].elem[123]: -9.661116937060503e-04
paramR.coef[3][0].elem[123]: -1.007735268044078e+00
auxint: 4
auxint: 29
paramR.coef[0][0].elem[124]: -1.000277060821561e+00
paramR.coef[1][0].elem[124]: -1.880201695725431e-03
paramR.coef[2][0].elem[124]: -9.650063162706259e-04
paramR.coef[3][0].elem[124]: -1.007733170080420e+00
auxint: 4
auxint: 30
paramR.coef[0][0].elem[125]: -1.000277385143942e+00
paramR.coef[1][0].elem[125]: -1.881487028595436e-03
paramR.coef[2][0].elem[125]: -9.636031650351456e-04
paramR.coef[3][0].elem[125]: -1.007729937438213e+00
auxint: 4
auxint: 31
paramR.coef[0][0].elem[126]: -1.000277832270496e+00
paramR.coef[1][0].elem[126]: -1.883035889616402e-03
paramR.coef[2][0].elem[126]: -9.619810068739298e-04
paramR.coef[3][0].elem[126]: -1.007725721237134e+00
auxint: 4
auxint: 32
paramR.coef[0][0].elem[127]: -1.000278380262575e+00
paramR.coef[1][0].elem[127]: -1.884777946411015e-03
paramR.coef[2][0].elem[127]: -9.602358024406584e-04
paramR.coef[3][0].elem[127]: -1.007720712559630e+00
auxint: 5
auxint: 1
paramR.coef[0][0].elem[128]: -1.000279991836799e+00
paramR.coef[1][0].elem[128]: -1.886812585141368e-03
paramR.coef[2][0].elem[128]: -9.598853922555196e-04
paramR.coef[3][0].elem[128]: -1.007713186075494e+00
auxint: 5
auxint: 2
paramR.coef[0][0].elem[129]: -1.000280679891338e+00
paramR.coef[1][0].elem[129]: -1.888737242758277e-03
paramR.coef[2][0].elem[129]: -9.581707880407283e-04
paramR.coef[3][0].elem[129]: -1.007707176071790e+00
auxint: 5
auxint: 3
paramR.coef[0][0].elem[130]: -1.000281389562082e+00
paramR.coef[1][0].elem[130]: -1.890606391574539e-03
paramR.coef[2][0].elem[130]: -9.566446501462666e-04
paramR.coef[3][0].elem[130]: -1.007701099713132e+00
auxint: 5
auxint: 4
paramR.coef[0][0].elem[131]: -1.000282096443712e+00
paramR.coef[1][0].elem[131]: -1.892345377796393e-03
paramR.coef[2][0].elem[131]: -9.553815076653406e-04
paramR.coef[3][0].elem[131]: -1.007695190199805e+00
auxint: 5
auxint: 5
paramR.coef[0][0].elem[132]: -1.000282777699239e+00
paramR.coef[1][0].elem[132]: -1.893888225582092e-03
paramR.coef[2][0].elem[132]: -9.544331472458639e-04
paramR.coef[3][0].elem[132]: -1.007689665288514e+00
auxint: 5
auxint: 6
paramR.coef[0][0].elem[133]: -1.000283412051946e+00
paramR.coef[1][0].elem[133]: -1.895179945233062e-03
paramR.coef[2][0].elem[133]: -9.538265467077913e-04
paramR.coef[3][0].elem[133]: -1.007684720695986e+00
auxint: 5
auxint: 7
paramR.coef[0][0].elem[134]: -1.000283980111036e+00
paramR.coef[1][0].elem[134]: -1.896178091106403e-03
paramR.coef[2][0].elem[134]: -9.535647738371277e-04
paramR.coef[3][0].elem[134]: -1.007680524413692e+00
auxint: 5
auxint: 8
paramR.coef[0][0].elem[135]: -1.000284464360622e+00
paramR.coef[1][0].elem[135]: -1.896853390042125e-03
paramR.coef[2][0].elem[135]: -9.536298759689675e-04
paramR.coef[3][0].elem[135]: -1.007677213288943e+00
auxint: 5
auxint: 9
paramR.coef[0][0].elem[136]: -1.000284848948643e+00
paramR.coef[1][0].elem[136]: -1.897189668257485e-03
paramR.coef[2][0].elem[136]: -9.539870240966178e-04
paramR.coef[3][0].elem[136]: -1.007674891303926e+00
auxint: 5
auxint: 10
paramR.coef[0][0].elem[137]: -1.000285120097344e+00
paramR.coef[1][0].elem[137]: -1.897183245324487e-03
paramR.coef[2][0].elem[137]: -9.545900977070133e-04
paramR.coef[3][0].elem[137]: -1.007673628349775e+00
auxint: 5
auxint: 11
paramR.coef[0][0].elem[138]: -1.000285266550378e+00
paramR.coef[1][0].elem[138]: -1.896841659972734e-03
paramR.coef[2][0].elem[138]: -9.553878800703898e-04
paramR.coef[3][0].elem[138]: -1.007673460618786e+00
auxint: 5
auxint: 12
paramR.coef[0][0].elem[139]: -1.000285279830786e+00
paramR.coef[1][0].elem[139]: -1.896182065454046e-03
paramR.coef[2][0].elem[139]: -9.563298182954881e-04
paramR.coef[3][0].elem[139]: -1.007674392053562e+00
auxint: 5
auxint: 13
paramR.coef[0][0].elem[140]: -1.000285155176468e+00
paramR.coef[1][0].elem[140]: -1.895229947734620e-03
paramR.coef[2][0].elem[140]: -9.573711162670183e-04
paramR.coef[3][0].elem[140]: -1.007676394337416e+00
auxint: 5
auxint: 14
paramR.coef[0][0].elem[141]: -1.000284892646788e+00
paramR.coef[1][0].elem[141]: -1.894018189812673e-03
paramR.coef[2][0].elem[141]: -9.584762659467419e-04
paramR.coef[3][0].elem[141]: -1.007679406242190e+00
auxint: 5
auxint: 15
paramR.coef[0][0].elem[142]: -1.000284497600192e+00
paramR.coef[1][0].elem[142]: -1.892586291274160e-03
paramR.coef[2][0].elem[142]: -9.596200931414121e-04
paramR.coef[3][0].elem[142]: -1.007683333946265e+00
auxint: 5
auxint: 16
paramR.coef[0][0].elem[143]: -1.000283981210648e+00
paramR.coef[1][0].elem[143]: -1.890979930598802e-03
paramR.coef[2][0].elem[143]: -9.607866879394873e-04
paramR.coef[3][0].elem[143]: -1.007688051172133e+00
auxint: 5
auxint: 17
paramR.coef[0][0].elem[144]: -1.000283360879440e+00
paramR.coef[1][0].elem[144]: -1.889250715418688e-03
paramR.coef[2][0].elem[144]: -9.619663718169805e-04
paramR.coef[3][0].elem[144]: -1.007693399817084e+00
auxint: 5
auxint: 18
paramR.coef[0][0].elem[145]: -1.000282659626361e+00
paramR.coef[1][0].elem[145]: -1.887455575044358e-03
paramR.coef[2][0].elem[145]: -9.631507260510515e-04
paramR.coef[3][0].elem[145]: -1.007699193432054e+00
auxint: 5
auxint: 19
paramR.coef[0][0].elem[146]: -1.000281905094224e+00
paramR.coef[1][0].elem[146]: -1.885655778733024e-03
paramR.coef[2][0].elem[146]: -9.643271121982115e-04
paramR.coef[3][0].elem[146]: -1.007705222482918e+00
auxint: 5
auxint: 20
paramR.coef[0][0].elem[147]: -1.000281128624395e+00
paramR.coef[1][0].elem[147]: -1.883915780042930e-03
paramR.coef[2][0].elem[147]: -9.654739403572575e-04
paramR.coef[3][0].elem[147]: -1.007711260089193e+00
auxint: 5
auxint: 21
paramR.coef[0][0].elem[148]: -1.000280363637688e+00
paramR.coef[1][0].elem[148]: -1.882301601140686e-03
paramR.coef[2][0].elem[148]: -9.665571106965958e-04
paramR.coef[3][0].elem[148]: -1.007717069735317e+00
auxint: 5
auxint: 22
paramR.coef[0][0].elem[149]: -1.000279643713528e+00
paramR.coef[1][0].elem[149]: -1.880878546227588e-03
paramR.coef[2][0].elem[149]: -9.675290485327391e-04
paramR.coef[3][0].elem[149]: -1.007722414783645e+00
auxint: 5
auxint: 23
paramR.coef[0][0].elem[150]: -1.000279001069565e+00
paramR.coef[1][0].elem[150]: -1.879708427097315e-03
paramR.coef[2][0].elem[150]: -9.683313888635175e-04
paramR.coef[3][0].elem[150]: -1.007727068369868e+00
auxint: 5
auxint: 24
paramR.coef[0][0].elem[151]: -1.000278464733794e+00
paramR.coef[1][0].elem[151]: -1.878846329077286e-03
paramR.coef[2][0].elem[151]: -9.689003991909434e-04
paramR.coef[3][0].elem[151]: -1.007730824617314e+00
auxint: 5
auxint: 25
paramR.coef[0][0].elem[152]: -1.000278058493307e+00
paramR.coef[1][0].elem[152]: -1.878336925458350e-03
paramR.coef[2][0].elem[152]: -9.691744941463668e-04
paramR.coef[3][0].elem[152]: -1.007733511145577e+00
auxint: 5
auxint: 26
paramR.coef[0][0].elem[153]: -1.000277799600024e+00
paramR.coef[1][0].elem[153]: -1.878210788890225e-03
paramR.coef[2][0].elem[153]: -9.691034695073423e-04
paramR.coef[3][0].elem[153]: -1.007735000479537e+00
auxint: 5
auxint: 27
paramR.coef[0][0].elem[154]: -1.000277697861702e+00
paramR.coef[1][0].elem[154]: -1.878481279836669e-03
paramR.coef[2][0].elem[154]: -9.686573031949788e-04
paramR.coef[3][0].elem[154]: -1.007735219376362e+00
auxint: 5
auxint: 28
paramR.coef[0][0].elem[155]: -1.000277754902044e+00
paramR.coef[1][0].elem[155]: -1.879142451758315e-03
paramR.coef[2][0].elem[155]: -9.678325406035910e-04
paramR.coef[3][0].elem[155]: -1.007734155344439e+00
auxint: 5
auxint: 29
paramR.coef[0][0].elem[156]: -1.000277964472763e+00
paramR.coef[1][0].elem[156]: -1.880168423981487e-03
paramR.coef[2][0].elem[156]: -9.666558256253846e-04
paramR.coef[3][0].elem[156]: -1.007731858138533e+00
auxint: 5
auxint: 30
paramR.coef[0][0].elem[157]: -1.000278313520633e+00
paramR.coef[1][0].elem[157]: -1.881514534743926e-03
paramR.coef[2][0].elem[157]: -9.651835950064590e-04
paramR.coef[3][0].elem[157]: -1.007728435844472e+00
auxint: 5
auxint: 31
paramR.coef[0][0].elem[158]: -1.000278783303211e+00
paramR.coef[1][0].elem[158]: -1.883120168103944e-03
paramR.coef[2][0].elem[158]: -9.634973024195342e-04
paramR.coef[3][0].elem[158]: -1.007724046934894e+00
auxint: 5
auxint: 32
paramR.coef[0][0].elem[159]: -1.000279351042771e+00
paramR.coef[1][0].elem[159]: -1.884912787609071e-03
paramR.coef[2][0].elem[159]: -9.616956785008433e-04
paramR.coef[3][0].elem[159]: -1.007718889032938e+00
auxint: 6
auxint: 1
paramR.coef[0][0].elem[160]: -1.000281026358030e+00
paramR.coef[1][0].elem[160]: -1.887269094620718e-03
paramR.coef[2][0].elem[160]: -9.599564330841646e-04
paramR.coef[3][0].elem[160]: -1.007710808690316e+00
auxint: 6
auxint: 2
paramR.coef[0][0].elem[161]: -1.000281729657443e+00
paramR.coef[1][0].elem[161]: -1.889232576163205e-03
paramR.coef[2][0].elem[161]: -9.582067472750226e-04
paramR.coef[3][0].elem[161]: -1.007704688812330e+00
auxint: 6
auxint: 3
paramR.coef[0][0].elem[162]: -1.000282450376287e+00
paramR.coef[1][0].elem[162]: -1.891131189654057e-03
paramR.coef[2][0].elem[162]: -9.566572192932068e-04
paramR.coef[3][0].elem[162]: -1.007698534277401e+00
auxint: 6
auxint: 4
paramR.coef[0][0].elem[163]: -1.000283163706729e+00
paramR.coef[1][0].elem[163]: -1.892889268974748e-03
paramR.coef[2][0].elem[163]: -9.553830945431529e-04
paramR.coef[3][0].elem[163]: -1.007692580734812e+00
auxint: 6
auxint: 5
paramR.coef[0][0].elem[164]: -1.000283846458136e+00
paramR.coef[1][0].elem[164]: -1.894440146626122e-03
paramR.coef[2][0].elem[164]: -9.544363793953653e-04
paramR.coef[3][0].elem[164]: -1.007687047467015e+00
auxint: 6
auxint: 6
paramR.coef[0][0].elem[165]: -1.000284477238272e+00
paramR.coef[1][0].elem[165]: -1.895728531926859e-03
paramR.coef[2][0].elem[165]: -9.538439556181558e-04
paramR.coef[3][0].elem[165]: -1.007682130452322e+00
auxint: 6
auxint: 7
paramR.coef[0][0].elem[166]: -1.000285036792707e+00
paramR.coef[1][0].elem[166]: -1.896712129714497e-03
paramR.coef[2][0].elem[166]: -9.536080999870170e-04
paramR.coef[3][0].elem[166]: -1.007677996655663e+00
auxint: 6
auxint: 8
paramR.coef[0][0].elem[167]: -1.000285507813063e+00
paramR.coef[1][0].elem[167]: -1.897362161750764e-03
paramR.coef[2][0].elem[167]: -9.537095792422853e-04
paramR.coef[3][0].elem[167]: -1.007674781012316e+00
auxint: 6
auxint: 9
paramR.coef[0][0].elem[168]: -1.000285874857757e+00
paramR.coef[1][0].elem[168]: -1.897663310470122e-03
paramR.coef[2][0].elem[168]: -9.541121528082841e-04
paramR.coef[3][0].elem[168]: -1.007672584446682e+00
auxint: 6
auxint: 10
paramR.coef[0][0].elem[169]: -1.000286124853116e+00
paramR.coef[1][0].elem[169]: -1.897613201025462e-03
paramR.coef[2][0].elem[169]: -9.547678455376782e-04
paramR.coef[3][0].elem[169]: -1.007671472421209e+00
auxint: 6
auxint: 11
paramR.coef[0][0].elem[170]: -1.000286247332812e+00
paramR.coef[1][0].elem[170]: -1.897220987394668e-03
paramR.coef[2][0].elem[170]: -9.556232385927389e-04
paramR.coef[3][0].elem[170]: -1.007671475842051e+00
auxint: 6
auxint: 12
paramR.coef[0][0].elem[171]: -1.000286234716323e+00
paramR.coef[1][0].elem[171]: -1.896505652375378e-03
paramR.coef[2][0].elem[171]: -9.566257167613479e-04
paramR.coef[3][0].elem[171]: -1.007672592579606e+00
auxint: 6
auxint: 13
paramR.coef[0][0].elem[172]: -1.000286083345601e+00
paramR.coef[1][0].elem[172]: -1.895494792557127e-03
paramR.coef[2][0].elem[172]: -9.577283354290733e-04
paramR.coef[3][0].elem[172]: -1.007674787269006e+00
auxint: 6
auxint: 14
paramR.coef[0][0].elem[173]: -1.000285794376040e+00
paramR.coef[1][0].elem[173]: -1.894223545726873e-03
paramR.coef[2][0].elem[173]: -9.588932615793534e-04
paramR.coef[3][0].elem[173]: -1.007677991285914e+00
auxint: 6
auxint: 15
paramR.coef[0][0].elem[174]: -1.000285374194596e+00
paramR.coef[1][0].elem[174]: -1.892733636305781e-03
paramR.coef[2][0].elem[174]: -9.600933102295970e-04
paramR.coef[3][0].elem[174]: -1.007682103465333e+00
auxint: 6
auxint: 16
paramR.coef[0][0].elem[175]: -1.000284835071589e+00
paramR.coef[1][0].elem[175]: -1.891072998862868e-03
paramR.coef[2][0].elem[175]: -9.613107359101375e-04
paramR.coef[3][0].elem[175]: -1.007686990028932e+00
auxint: 6
auxint: 17
paramR.coef[0][0].elem[176]: -1.000284195381724e+00
paramR.coef[1][0].elem[176]: -1.889295439836776e-03
paramR.coef[2][0].elem[176]: -9.625339323558275e-04
paramR.coef[3][0].elem[176]: -1.007692485784470e+00
auxint: 6
auxint: 18
paramR.coef[0][0].elem[177]: -1.000283478844233e+00
paramR.coef[1][0].elem[177]: -1.887459782714696e-03
paramR.coef[2][0].elem[177]: -9.637529276219238e-04
paramR.coef[3][0].elem[177]: -1.007698398336661e+00
auxint: 6
auxint: 19
paramR.coef[0][0].elem[178]: -1.000282713702267e+00
paramR.coef[1][0].elem[178]: -1.885628911061631e-03
paramR.coef[2][0].elem[178]: -9.649539269105552e-04
paramR.coef[3][0].elem[178]: -1.007704513147883e+00
auxint: 6
auxint: 20
paramR.coef[0][0].elem[179]: -1.000281931735535e+00
paramR.coef[1][0].elem[179]: -1.883868631726487e-03
paramR.coef[2][0].elem[179]: -9.661141953257054e-04
paramR.coef[3][0].elem[179]: -1.007710599446457e+00
auxint: 6
auxint: 21
paramR.coef[0][0].elem[180]: -1.000281166459913e+00
paramR.coef[1][0].elem[180]: -1.882245815792274e-03
paramR.coef[2][0].elem[180]: -9.671989200898712e-04
paramR.coef[3][0].elem[180]: -1.007716418684673e+00
auxint: 6
auxint: 22
paramR.coef[0][0].elem[181]: -1.000280451371716e+00
paramR.coef[1][0].elem[181]: -1.880826073424687e-03
paramR.coef[2][0].elem[181]: -9.681604960072473e-04
paramR.coef[3][0].elem[181]: -1.007721733924676e+00
auxint: 6
auxint: 23
paramR.coef[0][0].elem[182]: -1.000279818489922e+00
paramR.coef[1][0].elem[182]: -1.879671130246089e-03
paramR.coef[2][0].elem[182]: -9.689406987288311e-04
paramR.coef[3][0].elem[182]: -1.007726319401481e+00
auxint: 6
auxint: 24
paramR.coef[0][0].elem[183]: -1.000279296363723e+00
paramR.coef[1][0].elem[183]: -1.878835501336084e-03
paramR.coef[2][0].elem[183]: -9.694762494928409e-04
paramR.coef[3][0].elem[183]: -1.007729972097428e+00
auxint: 6
auxint: 25
paramR.coef[0][0].elem[184]: -1.000278908142771e+00
paramR.coef[1][0].elem[184]: -1.878362737954437e-03
paramR.coef[2][0].elem[184]: -9.697067767076516e-04
paramR.coef[3][0].elem[184]: -1.007732524149362e+00
auxint: 6
auxint: 26
paramR.coef[0][0].elem[185]: -1.000278670423336e+00
paramR.coef[1][0].elem[185]: -1.878281917094419e-03
paramR.coef[2][0].elem[185]: -9.695836740384463e-04
paramR.coef[3][0].elem[185]: -1.007733853666037e+00
auxint: 6
auxint: 27
paramR.coef[0][0].elem[186]: -1.000278592202285e+00
paramR.coef[1][0].elem[186]: -1.878604593936017e-03
paramR.coef[2][0].elem[186]: -9.690787486405086e-04
paramR.coef[3][0].elem[186]: -1.007733893982731e+00
auxint: 6
auxint: 28
paramR.coef[0][0].elem[187]: -1.000278674190123e+00
paramR.coef[1][0].elem[187]: -1.879322698273532e-03
paramR.coef[2][0].elem[187]: -9.681909440662692e-04
paramR.coef[3][0].elem[187]: -1.007732639991778e+00
auxint: 6
auxint: 29
paramR.coef[0][0].elem[188]: -1.000278909281763e+00
paramR.coef[1][0].elem[188]: -1.880408075587182e-03
paramR.coef[2][0].elem[188]: -9.669495605321649e-04
paramR.coef[3][0].elem[188]: -1.007730149020391e+00
auxint: 6
auxint: 30
paramR.coef[0][0].elem[189]: -1.000279283511205e+00
paramR.coef[1][0].elem[189]: -1.881813755873763e-03
paramR.coef[2][0].elem[189]: -9.654136222299527e-04
paramR.coef[3][0].elem[189]: -1.007726536701257e+00
auxint: 6
auxint: 31
paramR.coef[0][0].elem[190]: -1.000279777176692e+00
paramR.coef[1][0].elem[190]: -1.883476803000952e-03
paramR.coef[2][0].elem[190]: -9.636673233508772e-04
paramR.coef[3][0].elem[190]: -1.007721968839780e+00
auxint: 6
auxint: 32
paramR.coef[0][0].elem[191]: -1.000280366680816e+00
paramR.coef[1][0].elem[191]: -1.885322497508622e-03
paramR.coef[2][0].elem[191]: -9.618120108862162e-04
paramR.coef[3][0].elem[191]: -1.007716649632503e+00
auxint: 7
auxint: 1
paramR.coef[0][0].elem[192]: -1.000282066138322e+00
paramR.coef[1][0].elem[192]: -1.887986153793554e-03
paramR.coef[2][0].elem[192]: -9.586659742140970e-04
paramR.coef[3][0].elem[192]: -1.007708107389591e+00
auxint: 7
auxint: 2
paramR.coef[0][0].elem[193]: -1.000282787300917e+00
paramR.coef[1][0].elem[193]: -1.889992761066610e-03
paramR.coef[2][0].elem[193]: -9.568828328501877e-04
paramR.coef[3][0].elem[193]: -1.007701860140019e+00
auxint: 7
auxint: 3
paramR.coef[0][0].elem[194]: -1.000283522380420e+00
paramR.coef[1][0].elem[194]: -1.891927077878063e-03
paramR.coef[2][0].elem[194]: -9.553092699498158e-04
paramR.coef[3][0].elem[194]: -1.007695604348052e+00
auxint: 7
auxint: 4
paramR.coef[0][0].elem[195]: -1.000284246003511e+00
paramR.coef[1][0].elem[195]: -1.893712200507677e-03
paramR.coef[2][0].elem[195]: -9.540212297384338e-04
paramR.coef[3][0].elem[195]: -1.007689579034696e+00
auxint: 7
auxint: 5
paramR.coef[0][0].elem[196]: -1.000284934458941e+00
paramR.coef[1][0].elem[196]: -1.895280444336329e-03
paramR.coef[2][0].elem[196]: -9.530711864540754e-04
paramR.coef[3][0].elem[196]: -1.007684006139809e+00
auxint: 7
auxint: 6
paramR.coef[0][0].elem[197]: -1.000285566090687e+00
paramR.coef[1][0].elem[197]: -1.896575866259937e-03
paramR.coef[2][0].elem[197]: -9.524860063645842e-04
paramR.coef[3][0].elem[197]: -1.007679083131384e+00
auxint: 7
auxint: 7
paramR.coef[0][0].elem[198]: -1.000286121551822e+00
paramR.coef[1][0].elem[198]: -1.897555874434507e-03
paramR.coef[2][0].elem[198]: -9.522673378906946e-04
paramR.coef[3][0].elem[198]: -1.007674977472627e+00
auxint: 7
auxint: 8
paramR.coef[0][0].elem[199]: -1.000286583519997e+00
paramR.coef[1][0].elem[199]: -1.898191663206470e-03
paramR.coef[2][0].elem[199]: -9.523951903974295e-04
paramR.coef[3][0].elem[199]: -1.007671823788369e+00
auxint: 7
auxint: 9
paramR.coef[0][0].elem[200]: -1.000286936826173e+00
paramR.coef[1][0].elem[200]: -1.898468316601211e-03
paramR.coef[2][0].elem[200]: -9.528322911649619e-04
paramR.coef[3][0].elem[200]: -1.007669721302634e+00
auxint: 7
auxint: 10
paramR.coef[0][0].elem[201]: -1.000287168933503e+00
paramR.coef[1][0].elem[201]: -1.898384334991150e-03
paramR.coef[2][0].elem[201]: -9.535290648082711e-04
paramR.coef[3][0].elem[201]: -1.007668732370660e+00
auxint: 7
auxint: 11
paramR.coef[0][0].elem[202]: -1.000287269997270e+00
paramR.coef[1][0].elem[202]: -1.897950032729553e-03
paramR.coef[2][0].elem[202]: -9.544304659889482e-04
paramR.coef[3][0].elem[202]: -1.007668883875193e+00
auxint: 7
auxint: 12
paramR.coef[0][0].elem[203]: -1.000287233274577e+00
paramR.coef[1][0].elem[203]: -1.897185891301294e-03
paramR.coef[2][0].elem[203]: -9.554823362812435e-04
paramR.coef[3][0].elem[203]: -1.007670168426848e+00
auxint: 7
auxint: 13
paramR.coef[0][0].elem[204]: -1.000287056174782e+00
paramR.coef[1][0].elem[204]: -1.896121417486243e-03
paramR.coef[2][0].elem[204]: -9.566358367430860e-04
paramR.coef[3][0].elem[204]: -1.007672544102180e+00
auxint: 7
auxint: 14
paramR.coef[0][0].elem[205]: -1.000286740903604e+00
paramR.coef[1][0].elem[205]: -1.894793815711698e-03
paramR.coef[2][0].elem[205]: -9.578512728013638e-04
paramR.coef[3][0].elem[205]: -1.007675935259126e+00
auxint: 7
auxint: 15
paramR.coef[0][0].elem[206]: -1.000286294922798e+00
paramR.coef[1][0].elem[206]: -1.893246944641033e-03
paramR.coef[2][0].elem[206]: -9.590999348524075e-04
paramR.coef[3][0].elem[206]: -1.007680233387319e+00
auxint: 7
auxint: 16
paramR.coef[0][0].elem[207]: -1.000285731671055e+00
paramR.coef[1][0].elem[207]: -1.891531047316741e-03
paramR.coef[2][0].elem[207]: -9.603624006714582e-04
paramR.coef[3][0].elem[207]: -1.007685296877006e+00
auxint: 7
auxint: 17
paramR.coef[0][0].elem[208]: -1.000285070527750e+00
paramR.coef[1][0].elem[208]: -1.889702187341517e-03
paramR.coef[2][0].elem[208]: -9.616253856005724e-04
paramR.coef[3][0].elem[208]: -1.007690953108225e+00
auxint: 7
auxint: 18
paramR.coef[0][0].elem[209]: -1.000284336007804e+00
paramR.coef[1][0].elem[209]: -1.887821182743190e-03
paramR.coef[2][0].elem[209]: -9.628776849440903e-04
paramR.coef[3][0].elem[209]: -1.007697003199076e+00
auxint: 7
auxint: 19
paramR.coef[0][0].elem[210]: -1.000283557091074e+00
paramR.coef[1][0].elem[210]: -1.885952770704294e-03
paramR.coef[2][0].elem[210]: -9.641042903282659e-04
paramR.coef[3][0].elem[210]: -1.007703226758804e+00
auxint: 7
auxint: 20
paramR.coef[0][0].elem[211]: -1.000282766074471e+00
paramR.coef[1][0].elem[211]: -1.884164368382495e-03
paramR.coef[2][0].elem[211]: -9.652812129625427e-04
paramR.coef[3][0].elem[211]: -1.007709388302512e+00
auxint: 7
auxint: 21
paramR.coef[0][0].elem[212]: -1.000281996678582e+00
paramR.coef[1][0].elem[212]: -1.882523940832957e-03
paramR.coef[2][0].elem[212]: -9.663729380869997e-04
paramR.coef[3][0].elem[212]: -1.007715246402195e+00
auxint: 7
auxint: 22
paramR.coef[0][0].elem[213]: -1.000281282477742e+00
paramR.coef[1][0].elem[213]: -1.881097756940763e-03
paramR.coef[2][0].elem[213]: -9.673314989853065e-04
paramR.coef[3][0].elem[213]: -1.007720562728491e+00
auxint: 7
auxint: 23
paramR.coef[0][0].elem[214]: -1.000280655396473e+00
paramR.coef[1][0].elem[214]: -1.879947837232686e-03
paramR.coef[2][0].elem[214]: -9.680983650234743e-04
paramR.coef[3][0].elem[214]: -1.007725111535537e+00
auxint: 7
auxint: 24
paramR.coef[0][0].elem[215]: -1.000280143615605e+00
paramR.coef[1][0].elem[215]: -1.879128443745790e-03
paramR.coef[2][0].elem[215]: -9.686105187885444e-04
paramR.coef[3][0].elem[215]: -1.007728691673768e+00
auxint: 7
auxint: 25
paramR.coef[0][0].elem[216]: -1.000279769824869e+00
paramR.coef[1][0].elem[216]: -1.878682367757748e-03
paramR.coef[2][0].elem[216]: -9.688084137253191e-04
paramR.coef[3][0].elem[216]: -1.007731138664627e+00
auxint: 7
auxint: 26
paramR.coef[0][0].elem[217]: -1.000279550092100e+00
paramR.coef[1][0].elem[217]: -1.878637584591359e-03
paramR.coef[2][0].elem[217]: -9.686444495000221e-04
paramR.coef[3][0].elem[217]: -1.007732335086769e+00
auxint: 7
auxint: 27
paramR.coef[0][0].elem[218]: -1.000279492689217e+00
paramR.coef[1][0].elem[218]: -1.879004148612062e-03
paramR.coef[2][0].elem[218]: -9.680919655965335e-04
paramR.coef[3][0].elem[218]: -1.007732219950197e+00
auxint: 7
auxint: 28
paramR.coef[0][0].elem[219]: -1.000279597547075e+00
paramR.coef[1][0].elem[219]: -1.879772140213631e-03
paramR.coef[2][0].elem[219]: -9.671520071096893e-04
paramR.coef[3][0].elem[219]: -1.007730794670679e+00
auxint: 7
auxint: 29
paramR.coef[0][0].elem[220]: -1.000279856800023e+00
paramR.coef[1][0].elem[220]: -1.880911418496180e-03
paramR.coef[2][0].elem[220]: -9.658559961998963e-04
paramR.coef[3][0].elem[220]: -1.007728123362824e+00
auxint: 7
auxint: 30
paramR.coef[0][0].elem[221]: -1.000280255605393e+00
paramR.coef[1][0].elem[221]: -1.882372916758398e-03
paramR.coef[2][0].elem[221]: -9.642652231705989e-04
paramR.coef[3][0].elem[221]: -1.007724328653350e+00
auxint: 7
auxint: 31
paramR.coef[0][0].elem[222]: -1.000280773371003e+00
paramR.coef[1][0].elem[222]: -1.884091530999232e-03
paramR.coef[2][0].elem[222]: -9.624664177873681e-04
paramR.coef[3][0].elem[222]: -1.007719583262159e+00
auxint: 7
auxint: 32
paramR.coef[0][0].elem[223]: -1.000281385711477e+00
paramR.coef[1][0].elem[223]: -1.885990490139965e-03
paramR.coef[2][0].elem[223]: -9.605631402327486e-04
paramR.coef[3][0].elem[223]: -1.007714097719223e+00
auxint: 8
auxint: 1
paramR.coef[0][0].elem[224]: -1.000283069396314e+00
paramR.coef[1][0].elem[224]: -1.888933733964598e-03
paramR.coef[2][0].elem[224]: -9.560496578773731e-04
paramR.coef[3][0].elem[224]: -1.007705206821418e+00
auxint: 8
auxint: 2
paramR.coef[0][0].elem[225]: -1.000283810207259e+00
paramR.coef[1][0].elem[225]: -1.890985750929496e-03
paramR.coef[2][0].elem[225]: -9.542369305847552e-04
paramR.coef[3][0].elem[225]: -1.007698820692674e+00
auxint: 8
auxint: 3
paramR.coef[0][0].elem[226]: -1.000284562269228e+00
paramR.coef[1][0].elem[226]: -1.892960310456214e-03
paramR.coef[2][0].elem[226]: -9.526403613864922e-04
paramR.coef[3][0].elem[226]: -1.007692445505737e+00
auxint: 8
auxint: 4
paramR.coef[0][0].elem[227]: -1.000285299506053e+00
paramR.coef[1][0].elem[227]: -1.894779093739681e-03
paramR.coef[2][0].elem[227]: -9.513366464975543e-04
paramR.coef[3][0].elem[227]: -1.007686324397008e+00
auxint: 8
auxint: 5
paramR.coef[0][0].elem[228]: -1.000285997571445e+00
paramR.coef[1][0].elem[228]: -1.896373134370946e-03
paramR.coef[2][0].elem[228]: -9.503789623131463e-04
paramR.coef[3][0].elem[228]: -1.007680682891001e+00
auxint: 8
auxint: 6
paramR.coef[0][0].elem[229]: -1.000286634392376e+00
paramR.coef[1][0].elem[229]: -1.897685519389531e-03
paramR.coef[2][0].elem[229]: -9.497941480993901e-04
paramR.coef[3][0].elem[229]: -1.007675721130489e+00
auxint: 8
auxint: 7
paramR.coef[0][0].elem[230]: -1.000287190285859e+00
paramR.coef[1][0].elem[230]: -1.898672896297374e-03
paramR.coef[2][0].elem[230]: -9.495835213614619e-04
paramR.coef[3][0].elem[230]: -1.007671608637174e+00
auxint: 8
auxint: 8
paramR.coef[0][0].elem[231]: -1.000287647723347e+00
paramR.coef[1][0].elem[231]: -1.899305926592595e-03
paramR.coef[2][0].elem[231]: -9.497269041395999e-04
paramR.coef[3][0].elem[231]: -1.007668481252742e+00
auxint: 8
auxint: 9
paramR.coef[0][0].elem[232]: -1.000287991654620e+00
paramR.coef[1][0].elem[232]: -1.899569648764461e-03
paramR.coef[2][0].elem[232]: -9.501862743559442e-04
paramR.coef[3][0].elem[232]: -1.007666437903212e+00
auxint: 8
auxint: 10
paramR.coef[0][0].elem[233]: -1.000288209856228e+00
paramR.coef[1][0].elem[233]: -1.899462933599827e-03
paramR.coef[2][0].elem[233]: -9.509108662738391e-04
paramR.coef[3][0].elem[233]: -1.007665539395765e+00
auxint: 8
auxint: 11
paramR.coef[0][0].elem[234]: -1.000288292924366e+00
paramR.coef[1][0].elem[234]: -1.898996746719724e-03
paramR.coef[2][0].elem[234]: -9.518447345996634e-04
paramR.coef[3][0].elem[234]: -1.007665809995633e+00
auxint: 8
auxint: 12
paramR.coef[0][0].elem[235]: -1.000288234870717e+00
paramR.coef[1][0].elem[235]: -1.898192714491353e-03
paramR.coef[2][0].elem[235]: -9.529326165118109e-04
paramR.coef[3][0].elem[235]: -1.007667238010994e+00
auxint: 8
auxint: 13
paramR.coef[0][0].elem[236]: -1.000288034070646e+00
paramR.coef[1][0].elem[236]: -1.897081958041522e-03
paramR.coef[2][0].elem[236]: -9.541241433775646e-04
paramR.coef[3][0].elem[236]: -1.007669775779799e+00
auxint: 8
auxint: 14
paramR.coef[0][0].elem[237]: -1.000287693710049e+00
paramR.coef[1][0].elem[237]: -1.895703468806989e-03
paramR.coef[2][0].elem[237]: -9.553784125312408e-04
paramR.coef[3][0].elem[237]: -1.007673341277325e+00
auxint: 8
auxint: 15
paramR.coef[0][0].elem[238]: -1.000287222348262e+00
paramR.coef[1][0].elem[238]: -1.894103110747425e-03
paramR.coef[2][0].elem[238]: -9.566655930946037e-04
paramR.coef[3][0].elem[238]: -1.007677818843732e+00
auxint: 8
auxint: 16
paramR.coef[0][0].elem[239]: -1.000286634584583e+00
paramR.coef[1][0].elem[239]: -1.892333373558803e-03
paramR.coef[2][0].elem[239]: -9.579647956694525e-04
paramR.coef[3][0].elem[239]: -1.007683059134755e+00
auxint: 8
auxint: 17
paramR.coef[0][0].elem[240]: -1.000285950791702e+00
paramR.coef[1][0].elem[240]: -1.890452497568109e-03
paramR.coef[2][0].elem[240]: -9.592615597476373e-04
paramR.coef[3][0].elem[240]: -1.007688882155382e+00
auxint: 8
auxint: 18
paramR.coef[0][0].elem[241]: -1.000285196382867e+00
paramR.coef[1][0].elem[241]: -1.888523365215427e-03
paramR.coef[2][0].elem[241]: -9.605437272465491e-04
paramR.coef[3][0].elem[241]: -1.007695082118639e+00
auxint: 8
auxint: 19
paramR.coef[0][0].elem[242]: -1.000284401173037e+00
paramR.coef[1][0].elem[242]: -1.886612757626760e-03
paramR.coef[2][0].elem[242]: -9.617949514322579e-04
paramR.coef[3][0].elem[242]: -1.007701432152235e+00
auxint: 8
auxint: 20
paramR.coef[0][0].elem[243]: -1.000283598011637e+00
paramR.coef[1][0].elem[243]: -1.884789825520478e-03
paramR.coef[2][0].elem[243]: -9.629901276629937e-04
paramR.coef[3][0].elem[243]: -1.007707691596091e+00
auxint: 8
auxint: 21
paramR.coef[0][0].elem[244]: -1.000282820935092e+00
paramR.coef[1][0].elem[244]: -1.883123809162942e-03
paramR.coef[2][0].elem[244]: -9.640931639269914e-04
paramR.coef[3][0].elem[244]: -1.007713615438930e+00
auxint: 8
auxint: 22
paramR.coef[0][0].elem[245]: -1.000282103744693e+00
paramR.coef[1][0].elem[245]: -1.881681978628417e-03
paramR.coef[2][0].elem[245]: -9.650553592508403e-04
paramR.coef[3][0].elem[245]: -1.007718962906895e+00
auxint: 8
auxint: 23
paramR.coef[0][0].elem[246]: -1.000281478362090e+00
paramR.coef[1][0].elem[246]: -1.880526974378359e-03
paramR.coef[2][0].elem[246]: -9.658175892519449e-04
paramR.coef[3][0].elem[246]: -1.007723507285816e+00
auxint: 8
auxint: 24
paramR.coef[0][0].elem[247]: -1.000280972738051e+00
paramR.coef[1][0].elem[247]: -1.879713114347283e-03
paramR.coef[2][0].elem[247]: -9.663169627440361e-04
paramR.coef[3][0].elem[247]: -1.007727048246712e+00
auxint: 8
auxint: 25
paramR.coef[0][0].elem[248]: -1.000280609290161e+00
paramR.coef[1][0].elem[248]: -1.879282845840532e-03
paramR.coef[2][0].elem[248]: -9.664942312489060e-04
paramR.coef[3][0].elem[248]: -1.007729423402052e+00
auxint: 8
auxint: 26
paramR.coef[0][0].elem[249]: -1.000280403679917e+00
paramR.coef[1][0].elem[249]: -1.879263448992056e-03
paramR.coef[2][0].elem[249]: -9.663022688301778e-04
paramR.coef[3][0].elem[249]: -1.007730518588559e+00
auxint: 8
auxint: 27
paramR.coef[0][0].elem[250]: -1.000280363577753e+00
paramR.coef[1][0].elem[250]: -1.879663821063440e-03
paramR.coef[2][0].elem[250]: -9.657156704888881e-04
paramR.coef[3][0].elem[250]: -1.007730277380841e+00
auxint: 8
auxint: 28
paramR.coef[0][0].elem[251]: -1.000280488303622e+00
paramR.coef[1][0].elem[251]: -1.880472581845980e-03
paramR.coef[2][0].elem[251]: -9.647370350974752e-04
paramR.coef[3][0].elem[251]: -1.007728706525265e+00
auxint: 8
auxint: 29
paramR.coef[0][0].elem[252]: -1.000280769342740e+00
paramR.coef[1][0].elem[252]: -1.881657968247564e-03
paramR.coef[2][0].elem[252]: -9.633992832100419e-04
paramR.coef[3][0].elem[252]: -1.007725875888584e+00
auxint: 8
auxint: 30
paramR.coef[0][0].elem[253]: -1.000281191063315e+00
paramR.coef[1][0].elem[253]: -1.883169090080926e-03
paramR.coef[2][0].elem[253]: -9.617656353106888e-04
paramR.coef[3][0].elem[253]: -1.007721914281646e+00
auxint: 8
auxint: 31
paramR.coef[0][0].elem[254]: -1.000281732098445e+00
paramR.coef[1][0].elem[254]: -1.884938956982203e-03
paramR.coef[2][0].elem[254]: -9.599248483818071e-04
paramR.coef[3][0].elem[254]: -1.007717000571161e+00
auxint: 8
auxint: 32
paramR.coef[0][0].elem[255]: -1.000282367317045e+00
paramR.coef[1][0].elem[255]: -1.886888984493331e-03
paramR.coef[2][0].elem[255]: -9.579821096043201e-04
paramR.coef[3][0].elem[255]: -1.007711351097149e+00
auxint: 9
auxint: 1
paramR.coef[0][0].elem[256]: -1.000283996798988e+00
paramR.coef[1][0].elem[256]: -1.890072034369573e-03
paramR.coef[2][0].elem[256]: -9.521985177924284e-04
paramR.coef[3][0].elem[256]: -1.007702238551369e+00
auxint: 9
auxint: 2
paramR.coef[0][0].elem[257]: -1.000284758126019e+00
paramR.coef[1][0].elem[257]: -1.892169632877201e-03
paramR.coef[2][0].elem[257]: -9.503620665501092e-04
paramR.coef[3][0].elem[257]: -1.007695708528343e+00
auxint: 9
auxint: 3
paramR.coef[0][0].elem[258]: -1.000285528964351e+00
paramR.coef[1][0].elem[258]: -1.894187065603874e-03
paramR.coef[2][0].elem[258]: -9.487452645873695e-04
paramR.coef[3][0].elem[258]: -1.007689201551054e+00
auxint: 9
auxint: 4
paramR.coef[0][0].elem[259]: -1.000286282450039e+00
paramR.coef[1][0].elem[259]: -1.896044480899954e-03
paramR.coef[2][0].elem[259]: -9.474256073948533e-04
paramR.coef[3][0].elem[259]: -1.007682965407321e+00
auxint: 9
auxint: 5
paramR.coef[0][0].elem[260]: -1.000286993538203e+00
paramR.coef[1][0].elem[260]: -1.897671465630020e-03
paramR.coef[2][0].elem[260]: -9.464569511430174e-04
paramR.coef[3][0].elem[260]: -1.007677229891238e+00
auxint: 9
auxint: 6
paramR.coef[0][0].elem[261]: -1.000287639584619e+00
paramR.coef[1][0].elem[261]: -1.899009845814956e-03
paramR.coef[2][0].elem[261]: -9.458661538807272e-04
paramR.coef[3][0].elem[261]: -1.007672198920152e+00
auxint: 9
auxint: 7
paramR.coef[0][0].elem[262]: -1.000288200353102e+00
paramR.coef[1][0].elem[262]: -1.900015058258448e-03
paramR.coef[2][0].elem[262]: -9.456546656624673e-04
paramR.coef[3][0].elem[262]: -1.007668045534499e+00
auxint: 9
auxint: 8
paramR.coef[0][0].elem[263]: -1.000288657946351e+00
paramR.coef[1][0].elem[263]: -1.900656795889685e-03
paramR.coef[2][0].elem[263]: -9.458024942496377e-04
paramR.coef[3][0].elem[263]: -1.007664908170667e+00
auxint: 9
auxint: 9
paramR.coef[0][0].elem[264]: -1.000288997234146e+00
paramR.coef[1][0].elem[264]: -1.900919588989180e-03
paramR.coef[2][0].elem[264]: -9.462711517773274e-04
paramR.coef[3][0].elem[264]: -1.007662886949316e+00
auxint: 9
auxint: 10
paramR.coef[0][0].elem[265]: -1.000289206051590e+00
paramR.coef[1][0].elem[265]: -1.900802097054464e-03
paramR.coef[2][0].elem[265]: -9.470094008942769e-04
paramR.coef[3][0].elem[265]: -1.007662042853001e+00
auxint: 9
auxint: 11
paramR.coef[0][0].elem[266]: -1.000289275278654e+00
paramR.coef[1][0].elem[266]: -1.900315451733359e-03
paramR.coef[2][0].elem[266]: -9.479610530140467e-04
paramR.coef[3][0].elem[266]: -1.007662398896091e+00
auxint: 9
auxint: 12
paramR.coef[0][0].elem[267]: -1.000289199569039e+00
paramR.coef[1][0].elem[267]: -1.899482078206898e-03
paramR.coef[2][0].elem[267]: -9.490700266163857e-04
paramR.coef[3][0].elem[267]: -1.007663940122148e+00
auxint: 9
auxint: 13
paramR.coef[0][0].elem[268]: -1.000288978091513e+00
paramR.coef[1][0].elem[268]: -1.898334293822926e-03
paramR.coef[2][0].elem[268]: -9.502850288132123e-04
paramR.coef[3][0].elem[268]: -1.007666614313712e+00
auxint: 9
auxint: 14
paramR.coef[0][0].elem[269]: -1.000288614906738e+00
paramR.coef[1][0].elem[269]: -1.896912502986931e-03
paramR.coef[2][0].elem[269]: -9.515647018984904e-04
paramR.coef[3][0].elem[269]: -1.007670334003578e+00
auxint: 9
auxint: 15
paramR.coef[0][0].elem[270]: -1.000288119654247e+00
paramR.coef[1][0].elem[270]: -1.895264407527293e-03
paramR.coef[2][0].elem[270]: -9.528783898398179e-04
paramR.coef[3][0].elem[270]: -1.007674976799655e+00
auxint: 9
auxint: 16
paramR.coef[0][0].elem[271]: -1.000287508037484e+00
paramR.coef[1][0].elem[271]: -1.893444589478887e-03
paramR.coef[2][0].elem[271]: -9.542040800235047e-04
paramR.coef[3][0].elem[271]: -1.007680386022917e+00
auxint: 9
auxint: 17
paramR.coef[0][0].elem[272]: -1.000286801396195e+00
paramR.coef[1][0].elem[272]: -1.891513301425562e-03
paramR.coef[2][0].elem[272]: -9.555266868735277e-04
paramR.coef[3][0].elem[272]: -1.007686374628775e+00
auxint: 9
auxint: 18
paramR.coef[0][0].elem[273]: -1.000286026103493e+00
paramR.coef[1][0].elem[273]: -1.889535496418450e-03
paramR.coef[2][0].elem[273]: -9.568332639772782e-04
paramR.coef[3][0].elem[273]: -1.007692729798480e+00
auxint: 9
auxint: 19
paramR.coef[0][0].elem[274]: -1.000285212836531e+00
paramR.coef[1][0].elem[274]: -1.887580055015367e-03
paramR.coef[2][0].elem[274]: -9.581062179604841e-04
paramR.coef[3][0].elem[274]: -1.007699217961739e+00
auxint: 9
auxint: 20
paramR.coef[0][0].elem[275]: -1.000284395020869e+00
paramR.coef[1][0].elem[275]: -1.885717882788717e-03
paramR.coef[2][0].elem[275]: -9.593196516065087e-04
paramR.coef[3][0].elem[275]: -1.007705593078824e+00
auxint: 9
auxint: 21
paramR.coef[0][0].elem[276]: -1.000283607128804e+00
paramR.coef[1][0].elem[276]: -1.884019671805253e-03
paramR.coef[2][0].elem[276]: -9.604368471624685e-04
paramR.coef[3][0].elem[276]: -1.007711605912368e+00
auxint: 9
auxint: 22
paramR.coef[0][0].elem[277]: -1.000282883305690e+00
paramR.coef[1][0].elem[277]: -1.882553969624337e-03
paramR.coef[2][0].elem[277]: -9.614081060752952e-04
paramR.coef[3][0].elem[277]: -1.007717012366206e+00
auxint: 9
auxint: 23
paramR.coef[0][0].elem[278]: -1.000282255556669e+00
paramR.coef[1][0].elem[278]: -1.881384255517659e-03
paramR.coef[2][0].elem[278]: -9.621737523680713e-04
paramR.coef[3][0].elem[278]: -1.007721583954663e+00
auxint: 9
auxint: 24
paramR.coef[0][0].elem[279]: -1.000281751759288e+00
paramR.coef[1][0].elem[279]: -1.880565219710648e-03
paramR.coef[2][0].elem[279]: -9.626708076143887e-04
paramR.coef[3][0].elem[279]: -1.007725120078137e+00
auxint: 9
auxint: 25
paramR.coef[0][0].elem[280]: -1.000281394226375e+00
paramR.coef[1][0].elem[280]: -1.880139414601658e-03
paramR.coef[2][0].elem[280]: -9.628397150180964e-04
paramR.coef[3][0].elem[280]: -1.007727459062441e+00
auxint: 9
auxint: 26
paramR.coef[0][0].elem[281]: -1.000281198338141e+00
paramR.coef[1][0].elem[281]: -1.880133814579290e-03
paramR.coef[2][0].elem[281]: -9.626334992152945e-04
paramR.coef[3][0].elem[281]: -1.007728488731313e+00
auxint: 9
auxint: 27
paramR.coef[0][0].elem[282]: -1.000281171338665e+00
paramR.coef[1][0].elem[282]: -1.880556548014182e-03
paramR.coef[2][0].elem[282]: -9.620276603252929e-04
paramR.coef[3][0].elem[282]: -1.007728155911257e+00
auxint: 9
auxint: 28
paramR.coef[0][0].elem[283]: -1.000281312124885e+00
paramR.coef[1][0].elem[283]: -1.881395253784682e-03
paramR.coef[2][0].elem[283]: -9.610255652912034e-04
paramR.coef[3][0].elem[283]: -1.007726471234287e+00
auxint: 9
auxint: 29
paramR.coef[0][0].elem[284]: -1.000281611653383e+00
paramR.coef[1][0].elem[284]: -1.882616970559637e-03
paramR.coef[2][0].elem[284]: -9.596610327244599e-04
paramR.coef[3][0].elem[284]: -1.007723509059572e+00
auxint: 9
auxint: 30
paramR.coef[0][0].elem[285]: -1.000282053637367e+00
paramR.coef[1][0].elem[285]: -1.884169342192002e-03
paramR.coef[2][0].elem[285]: -9.579988064743999e-04
paramR.coef[3][0].elem[285]: -1.007719403274552e+00
auxint: 9
auxint: 31
paramR.coef[0][0].elem[286]: -1.000282616079238e+00
paramR.coef[1][0].elem[286]: -1.885983869858101e-03
paramR.coef[2][0].elem[286]: -9.561289458327496e-04
paramR.coef[3][0].elem[286]: -1.007714337857607e+00
auxint: 9
auxint: 32
paramR.coef[0][0].elem[287]: -1.000283273167453e+00
paramR.coef[1][0].elem[287]: -1.887980450424988e-03
paramR.coef[2][0].elem[287]: -9.541576491324838e-04
paramR.coef[3][0].elem[287]: -1.007708534245429e+00
auxint: 10
auxint: 1
paramR.coef[0][0].elem[288]: -1.000284813134203e+00
paramR.coef[1][0].elem[288]: -1.891353642348122e-03
paramR.coef[2][0].elem[288]: -9.472567978463502e-04
paramR.coef[3][0].elem[288]: -1.007699332553622e+00
auxint: 10
auxint: 2
paramR.coef[0][0].elem[289]: -1.000285594888445e+00
paramR.coef[1][0].elem[289]: -1.893494912014494e-03
paramR.coef[2][0].elem[289]: -9.454040968151147e-04
paramR.coef[3][0].elem[289]: -1.007692660210094e+00
auxint: 10
auxint: 3
paramR.coef[0][0].elem[290]: -1.000286385390447e+00
paramR.coef[1][0].elem[290]: -1.895555852562774e-03
paramR.coef[2][0].elem[290]: -9.437714147993707e-04
paramR.coef[3][0].elem[290]: -1.007686015221785e+00
auxint: 10
auxint: 4
paramR.coef[0][0].elem[291]: -1.000287156970276e+00
paramR.coef[1][0].elem[291]: -1.897455035359258e-03
paramR.coef[2][0].elem[291]: -9.424370689601131e-04
paramR.coef[3][0].elem[291]: -1.007679650308041e+00
auxint: 10
auxint: 5
paramR.coef[0][0].elem[292]: -1.000287883852994e+00
paramR.coef[1][0].elem[292]: -1.899120532151151e-03
paramR.coef[2][0].elem[292]: -9.414553037612755e-04
paramR.coef[3][0].elem[292]: -1.007673800004821e+00
auxint: 10
auxint: 6
paramR.coef[0][0].elem[293]: -1.000288542676207e+00
paramR.coef[1][0].elem[293]: -1.900492654738530e-03
paramR.coef[2][0].elem[293]: -9.408530871397444e-04
paramR.coef[3][0].elem[293]: -1.007668672974365e+00
auxint: 10
auxint: 7
paramR.coef[0][0].elem[294]: -1.000289112480972e+00
paramR.coef[1][0].elem[294]: -1.901525232246646e-03
paramR.coef[2][0].elem[294]: -9.406325437541585e-04
paramR.coef[3][0].elem[294]: -1.007664447018421e+00
auxint: 10
auxint: 8
paramR.coef[0][0].elem[295]: -1.000289574860941e+00
paramR.coef[1][0].elem[295]: -1.902186621889915e-03
paramR.coef[2][0].elem[295]: -9.407740875100099e-04
paramR.coef[3][0].elem[295]: -1.007661264386969e+00
auxint: 10
auxint: 9
paramR.coef[0][0].elem[296]: -1.000289914383855e+00
paramR.coef[1][0].elem[296]: -1.902460378360848e-03
paramR.coef[2][0].elem[296]: -9.412391217000649e-04
paramR.coef[3][0].elem[296]: -1.007659227909949e+00
auxint: 10
auxint: 10
paramR.coef[0][0].elem[297]: -1.000290118700890e+00
paramR.coef[1][0].elem[297]: -1.902344369978276e-03
paramR.coef[2][0].elem[297]: -9.419767835379223e-04
paramR.coef[3][0].elem[297]: -1.007658400422570e+00
auxint: 10
auxint: 11
paramR.coef[0][0].elem[298]: -1.000290178822006e+00
paramR.coef[1][0].elem[298]: -1.901849447629451e-03
paramR.coef[2][0].elem[298]: -9.429311365499337e-04
paramR.coef[3][0].elem[298]: -1.007658805006774e+00
auxint: 10
auxint: 12
paramR.coef[0][0].elem[299]: -1.000290089870781e+00
paramR.coef[1][0].elem[299]: -1.900998438346462e-03
paramR.coef[2][0].elem[299]: -9.440456000896124e-04
paramR.coef[3][0].elem[299]: -1.007660424687440e+00
auxint: 10
auxint: 13
paramR.coef[0][0].elem[300]: -1.000289851601945e+00
paramR.coef[1][0].elem[300]: -1.899824354563456e-03
paramR.coef[2][0].elem[300]: -9.452687752282707e-04
paramR.coef[3][0].elem[300]: -1.007663204102061e+00
auxint: 10
auxint: 14
paramR.coef[0][0].elem[301]: -1.000289468833725e+00
paramR.coef[1][0].elem[301]: -1.898368626483957e-03
paramR.coef[2][0].elem[301]: -9.465594793503831e-04
paramR.coef[3][0].elem[301]: -1.007667051399376e+00
auxint: 10
auxint: 15
paramR.coef[0][0].elem[302]: -1.000288952204428e+00
paramR.coef[1][0].elem[302]: -1.896680564405555e-03
paramR.coef[2][0].elem[302]: -9.478864525102589e-04
paramR.coef[3][0].elem[302]: -1.007671838164889e+00
auxint: 10
auxint: 16
paramR.coef[0][0].elem[303]: -1.000288318415733e+00
paramR.coef[1][0].elem[303]: -1.894816570219626e-03
paramR.coef[2][0].elem[303]: -9.492271053967136e-04
paramR.coef[3][0].elem[303]: -1.007677401135839e+00
auxint: 10
auxint: 17
paramR.coef[0][0].elem[304]: -1.000287589740121e+00
paramR.coef[1][0].elem[304]: -1.892838698972376e-03
paramR.coef[2][0].elem[304]: -9.505662132111915e-04
paramR.coef[3][0].elem[304]: -1.007683546732905e+00
auxint: 10
auxint: 18
paramR.coef[0][0].elem[305]: -1.000286793513302e+00
paramR.coef[1][0].elem[305]: -1.890813913318772e-03
paramR.coef[2][0].elem[305]: -9.518900922758007e-04
paramR.coef[3][0].elem[305]: -1.007690055293249e+00
auxint: 10
auxint: 19
paramR.coef[0][0].elem[306]: -1.000285961237428e+00
paramR.coef[1][0].elem[306]: -1.888813093945695e-03
paramR.coef[2][0].elem[306]: -9.531802569015692e-04
paramR.coef[3][0].elem[306]: -1.007696686776926e+00
auxint: 10
auxint: 20
paramR.coef[0][0].elem[307]: -1.000285126946129e+00
paramR.coef[1][0].elem[307]: -1.886908845030937e-03
paramR.coef[2][0].elem[307]: -9.544104357479069e-04
paramR.coef[3][0].elem[307]: -1.007703189755738e+00
auxint: 10
auxint: 21
paramR.coef[0][0].elem[308]: -1.000284325658900e+00
paramR.coef[1][0].elem[308]: -1.885173468646935e-03
paramR.coef[2][0].elem[308]: -9.555430892381626e-04
paramR.coef[3][0].elem[308]: -1.007709310230952e+00
auxint: 10
auxint: 22
paramR.coef[0][0].elem[309]: -1.000283591933255e+00
paramR.coef[1][0].elem[309]: -1.883676964986418e-03
paramR.coef[2][0].elem[309]: -9.565274344788228e-04
paramR.coef[3][0].elem[309]: -1.007714800183654e+00
auxint: 10
auxint: 23
paramR.coef[0][0].elem[310]: -1.000282957943906e+00
paramR.coef[1][0].elem[310]: -1.882483788892056e-03
paramR.coef[2][0].elem[310]: -9.573034820684580e-04
paramR.coef[3][0].elem[310]: -1.007719428719340e+00
auxint: 10
auxint: 24
paramR.coef[0][0].elem[311]: -1.000282451663881e+00
paramR.coef[1][0].elem[311]: -1.881649321769893e-03
paramR.coef[2][0].elem[311]: -9.578078785106537e-04
paramR.coef[3][0].elem[311]: -1.007722993858485e+00
auxint: 10
auxint: 25
paramR.coef[0][0].elem[312]: -1.000282095447938e+00
paramR.coef[1][0].elem[312]: -1.881216642133347e-03
paramR.coef[2][0].elem[312]: -9.579802704440261e-04
paramR.coef[3][0].elem[312]: -1.007725333291356e+00
auxint: 10
auxint: 26
paramR.coef[0][0].elem[313]: -1.000281904534377e+00
paramR.coef[1][0].elem[313]: -1.881212793053695e-03
paramR.coef[2][0].elem[313]: -9.577736509678309e-04
paramR.coef[3][0].elem[313]: -1.007726335509599e+00
auxint: 10
auxint: 27
paramR.coef[0][0].elem[314]: -1.000281885948524e+00
paramR.coef[1][0].elem[314]: -1.881645592225386e-03
paramR.coef[2][0].elem[314]: -9.571638806504171e-04
paramR.coef[3][0].elem[314]: -1.007725949074631e+00
auxint: 10
auxint: 28
paramR.coef[0][0].elem[315]: -1.000282038347103e+00
paramR.coef[1][0].elem[315]: -1.882502219532202e-03
paramR.coef[2][0].elem[315]: -9.561542702749131e-04
paramR.coef[3][0].elem[315]: -1.007724186917190e+00
auxint: 10
auxint: 29
paramR.coef[0][0].elem[316]: -1.000282352294106e+00
paramR.coef[1][0].elem[316]: -1.883748956345394e-03
paramR.coef[2][0].elem[316]: -9.547790747525245e-04
paramR.coef[3][0].elem[316]: -1.007721126488298e+00
auxint: 10
auxint: 30
paramR.coef[0][0].elem[317]: -1.000282811025869e+00
paramR.coef[1][0].elem[317]: -1.885332426111842e-03
paramR.coef[2][0].elem[317]: -9.531039690352395e-04
paramR.coef[3][0].elem[317]: -1.007716905379636e+00
auxint: 10
auxint: 31
paramR.coef[0][0].elem[318]: -1.000283392072384e+00
paramR.coef[1][0].elem[318]: -1.887183075040222e-03
paramR.coef[2][0].elem[318]: -9.512194464704654e-04
paramR.coef[3][0].elem[318]: -1.007711711435722e+00
auxint: 10
auxint: 32
paramR.coef[0][0].elem[319]: -1.000284069033242e+00
paramR.coef[1][0].elem[319]: -1.889219607635135e-03
paramR.coef[2][0].elem[319]: -9.492322197957164e-04
paramR.coef[3][0].elem[319]: -1.007705770310209e+00
auxint: 11
auxint: 1
paramR.coef[0][0].elem[320]: -1.000285488645037e+00
paramR.coef[1][0].elem[320]: -1.892726032117691e-03
paramR.coef[2][0].elem[320]: -9.414168150181509e-04
paramR.coef[3][0].elem[320]: -1.007696609417883e+00
auxint: 11
auxint: 2
paramR.coef[0][0].elem[321]: -1.000286289811295e+00
paramR.coef[1][0].elem[321]: -1.894907137687806e-03
paramR.coef[2][0].elem[321]: -9.395564988029767e-04
paramR.coef[3][0].elem[321]: -1.007689802557580e+00
auxint: 11
auxint: 3
paramR.coef[0][0].elem[322]: -1.000287099952771e+00
paramR.coef[1][0].elem[322]: -1.897010253059282e-03
paramR.coef[2][0].elem[322]: -9.379135840688973e-04
paramR.coef[3][0].elem[322]: -1.007683019549629e+00
auxint: 11
auxint: 4
paramR.coef[0][0].elem[323]: -1.000287890634908e+00
paramR.coef[1][0].elem[323]: -1.898952446939561e-03
paramR.coef[2][0].elem[323]: -9.365670424211671e-04
paramR.coef[3][0].elem[323]: -1.007676517985422e+00
auxint: 11
auxint: 5
paramR.coef[0][0].elem[324]: -1.000288635332039e+00
paramR.coef[1][0].elem[324]: -1.900660261494961e-03
paramR.coef[2][0].elem[324]: -9.355711996008288e-04
paramR.coef[3][0].elem[324]: -1.007670537454856e+00
auxint: 11
auxint: 6
paramR.coef[0][0].elem[325]: -1.000289309848278e+00
paramR.coef[1][0].elem[325]: -1.902072279387980e-03
paramR.coef[2][0].elem[325]: -9.349533146528592e-04
paramR.coef[3][0].elem[325]: -1.007665292172288e+00
auxint: 11
auxint: 7
paramR.coef[0][0].elem[326]: -1.000289892392858e+00
paramR.coef[1][0].elem[326]: -1.903140434157192e-03
paramR.coef[2][0].elem[326]: -9.347165741252267e-04
paramR.coef[3][0].elem[326]: -1.007660965624045e+00
auxint: 11
auxint: 8
paramR.coef[0][0].elem[327]: -1.000290363917640e+00
paramR.coef[1][0].elem[327]: -1.903831433518175e-03
paramR.coef[2][0].elem[327]: -9.348419782865677e-04
paramR.coef[3][0].elem[327]: -1.007657704946829e+00
auxint: 11
auxint: 9
paramR.coef[0][0].elem[328]: -1.000290708476788e+00
paramR.coef[1][0].elem[328]: -1.904127403384811e-03
paramR.coef[2][0].elem[328]: -9.352913049478413e-04
paramR.coef[3][0].elem[328]: -1.007655617113833e+00
auxint: 11
auxint: 10
paramR.coef[0][0].elem[329]: -1.000290913343038e+00
paramR.coef[1][0].elem[329]: -1.904024937284772e-03
paramR.coef[2][0].elem[329]: -9.360147392236837e-04
paramR.coef[3][0].elem[329]: -1.007654768235500e+00
auxint: 11
auxint: 11
paramR.coef[0][0].elem[330]: -1.000290969477087e+00
paramR.coef[1][0].elem[330]: -1.903534178528100e-03
paramR.coef[2][0].elem[330]: -9.369569938545987e-04
paramR.coef[3][0].elem[330]: -1.007655182784492e+00
auxint: 11
auxint: 12
paramR.coef[0][0].elem[331]: -1.000290872231166e+00
paramR.coef[1][0].elem[331]: -1.902677843180786e-03
paramR.coef[2][0].elem[331]: -9.380615948044976e-04
paramR.coef[3][0].elem[331]: -1.007656843328745e+00
auxint: 11
auxint: 13
paramR.coef[0][0].elem[332]: -1.000290621741352e+00
paramR.coef[1][0].elem[332]: -1.901489128216938e-03
paramR.coef[2][0].elem[332]: -9.392778457229062e-04
paramR.coef[3][0].elem[332]: -1.007659692817112e+00
auxint: 11
auxint: 14
paramR.coef[0][0].elem[333]: -1.000290223464547e+00
paramR.coef[1][0].elem[333]: -1.900010163882695e-03
paramR.coef[2][0].elem[333]: -9.405650728354935e-04
paramR.coef[3][0].elem[333]: -1.007663636016046e+00
auxint: 11
auxint: 15
paramR.coef[0][0].elem[334]: -1.000289688886156e+00
paramR.coef[1][0].elem[334]: -1.898291549943068e-03
paramR.coef[2][0].elem[334]: -9.418917094053962e-04
paramR.coef[3][0].elem[334]: -1.007668539521137e+00
auxint: 11
auxint: 16
paramR.coef[0][0].elem[335]: -1.000289035550570e+00
paramR.coef[1][0].elem[335]: -1.896391111630597e-03
paramR.coef[2][0].elem[335]: -9.432352690769136e-04
paramR.coef[3][0].elem[335]: -1.007674234622201e+00
auxint: 11
auxint: 17
paramR.coef[0][0].elem[336]: -1.000288286600481e+00
paramR.coef[1][0].elem[336]: -1.894372457022582e-03
paramR.coef[2][0].elem[336]: -9.445807535114884e-04
paramR.coef[3][0].elem[336]: -1.007680521924752e+00
auxint: 11
auxint: 18
paramR.coef[0][0].elem[337]: -1.000287470286822e+00
paramR.coef[1][0].elem[337]: -1.892304420727236e-03
paramR.coef[2][0].elem[337]: -9.459138461735702e-04
paramR.coef[3][0].elem[337]: -1.007687175378970e+00
auxint: 11
auxint: 19
paramR.coef[0][0].elem[338]: -1.000286618882577e+00
paramR.coef[1][0].elem[338]: -1.890259696759091e-03
paramR.coef[2][0].elem[338]: -9.472155934791321e-04
paramR.coef[3][0].elem[338]: -1.007693948958960e+00
auxint: 11
auxint: 20
paramR.coef[0][0].elem[339]: -1.000285767054733e+00
paramR.coef[1][0].elem[339]: -1.888312491337317e-03
paramR.coef[2][0].elem[339]: -9.484596266883716e-04
paramR.coef[3][0].elem[339]: -1.007700586017586e+00
auxint: 11
auxint: 21
paramR.coef[0][0].elem[340]: -1.000284950422411e+00
paramR.coef[1][0].elem[340]: -1.886536759822254e-03
paramR.coef[2][0].elem[340]: -9.496075528142672e-04
paramR.coef[3][0].elem[340]: -1.007706827604367e+00
auxint: 11
auxint: 22
paramR.coef[0][0].elem[341]: -1.000284203991648e+00
paramR.coef[1][0].elem[341]: -1.885004001100343e-03
paramR.coef[2][0].elem[341]: -9.506077185112849e-04
paramR.coef[3][0].elem[341]: -1.007712421481380e+00
auxint: 11
auxint: 23
paramR.coef[0][0].elem[342]: -1.000283560216175e+00
paramR.coef[1][0].elem[342]: -1.883779786129851e-03
paramR.coef[2][0].elem[342]: -9.513999116084313e-04
paramR.coef[3][0].elem[342]: -1.007717133708792e+00
auxint: 11
auxint: 24
paramR.coef[0][0].elem[343]: -1.000283047321635e+00
paramR.coef[1][0].elem[343]: -1.882920499576580e-03
paramR.coef[2][0].elem[343]: -9.519200510518720e-04
paramR.coef[3][0].elem[343]: -1.007720759853527e+00
auxint: 11
auxint: 25
paramR.coef[0][0].elem[344]: -1.000282687833443e+00
paramR.coef[1][0].elem[344]: -1.882470077808687e-03
paramR.coef[2][0].elem[344]: -9.521068079190543e-04
paramR.coef[3][0].elem[344]: -1.007723135777582e+00
auxint: 11
auxint: 26
paramR.coef[0][0].elem[345]: -1.000282497013681e+00
paramR.coef[1][0].elem[345]: -1.882456006435331e-03
paramR.coef[2][0].elem[345]: -9.519129491128669e-04
paramR.coef[3][0].elem[345]: -1.007724149276706e+00
auxint: 11
auxint: 27
paramR.coef[0][0].elem[346]: -1.000282481874516e+00
paramR.coef[1][0].elem[346]: -1.882886305702383e-03
paramR.coef[2][0].elem[346]: -9.513139768368596e-04
paramR.coef[3][0].elem[346]: -1.007723749003449e+00
auxint: 11
auxint: 28
paramR.coef[0][0].elem[347]: -1.000282640996106e+00
paramR.coef[1][0].elem[347]: -1.883748204197493e-03
paramR.coef[2][0].elem[347]: -9.503125460089617e-04
paramR.coef[3][0].elem[347]: -1.007721948563347e+00
auxint: 11
auxint: 29
paramR.coef[0][0].elem[348]: -1.000282964720633e+00
paramR.coef[1][0].elem[348]: -1.885007680202488e-03
paramR.coef[2][0].elem[348]: -9.489429838349081e-04
paramR.coef[3][0].elem[348]: -1.007718826972210e+00
auxint: 11
auxint: 30
paramR.coef[0][0].elem[349]: -1.000283436011902e+00
paramR.coef[1][0].elem[349]: -1.886610847774574e-03
paramR.coef[2][0].elem[349]: -9.472710550636112e-04
paramR.coef[3][0].elem[349]: -1.007714524000588e+00
auxint: 11
auxint: 31
paramR.coef[0][0].elem[350]: -1.000284032077907e+00
paramR.coef[1][0].elem[350]: -1.888487578513610e-03
paramR.coef[2][0].elem[350]: -9.453868189764919e-04
paramR.coef[3][0].elem[350]: -1.007709230028674e+00
auxint: 11
auxint: 32
paramR.coef[0][0].elem[351]: -1.000284726054258e+00
paramR.coef[1][0].elem[351]: -1.890555758201744e-03
paramR.coef[2][0].elem[351]: -9.433971230097818e-04
paramR.coef[3][0].elem[351]: -1.007703173825056e+00
auxint: 12
auxint: 1
paramR.coef[0][0].elem[352]: -1.000285999969876e+00
paramR.coef[1][0].elem[352]: -1.894134120806680e-03
paramR.coef[2][0].elem[352]: -9.349111671150445e-04
paramR.coef[3][0].elem[352]: -1.007694174229579e+00
auxint: 12
auxint: 2
paramR.coef[0][0].elem[353]: -1.000286818711468e+00
paramR.coef[1][0].elem[353]: -1.896349593896989e-03
paramR.coef[2][0].elem[353]: -9.330523417347303e-04
paramR.coef[3][0].elem[353]: -1.007687246122289e+00
auxint: 12
auxint: 3
paramR.coef[0][0].elem[354]: -1.000287647619758e+00
paramR.coef[1][0].elem[354]: -1.898491763236696e-03
paramR.coef[2][0].elem[354]: -9.314056599298911e-04
paramR.coef[3][0].elem[354]: -1.007680330858004e+00
auxint: 12
auxint: 4
paramR.coef[0][0].elem[355]: -1.000288457575696e+00
paramR.coef[1][0].elem[355]: -1.900476377372153e-03
paramR.coef[2][0].elem[355]: -9.300503007836245e-04
paramR.coef[3][0].elem[355]: -1.007673690581320e+00
auxint: 12
auxint: 5
paramR.coef[0][0].elem[356]: -1.000289221290332e+00
paramR.coef[1][0].elem[356]: -1.902228471993867e-03
paramR.coef[2][0].elem[356]: -9.290404396106089e-04
paramR.coef[3][0].elem[356]: -1.007667570101980e+00
auxint: 12
auxint: 6
paramR.coef[0][0].elem[357]: -1.000289913674696e+00
paramR.coef[1][0].elem[357]: -1.903684738058139e-03
paramR.coef[2][0].elem[357]: -9.284039571850485e-04
paramR.coef[3][0].elem[357]: -1.007662189741043e+00
auxint: 12
auxint: 7
paramR.coef[0][0].elem[358]: -1.000290512064009e+00
paramR.coef[1][0].elem[358]: -1.904795068022186e-03
paramR.coef[2][0].elem[358]: -9.281452001408837e-04
paramR.coef[3][0].elem[358]: -1.007657739224007e+00
auxint: 12
auxint: 8
paramR.coef[0][0].elem[359]: -1.000290996644023e+00
paramR.coef[1][0].elem[359]: -1.905524281280866e-03
paramR.coef[2][0].elem[359]: -9.282458237245970e-04
paramR.coef[3][0].elem[359]: -1.007654371468300e+00
auxint: 12
auxint: 9
paramR.coef[0][0].elem[360]: -1.000291350762256e+00
paramR.coef[1][0].elem[360]: -1.905852640453814e-03
paramR.coef[2][0].elem[360]: -9.286686403189825e-04
paramR.coef[3][0].elem[360]: -1.007652198892546e+00
auxint: 12
auxint: 10
paramR.coef[0][0].elem[361]: -1.000291561160174e+00
paramR.coef[1][0].elem[361]: -1.905775065195181e-03
paramR.coef[2][0].elem[361]: -9.293654284408574e-04
paramR.coef[3][0].elem[361]: -1.007651292065052e+00
auxint: 12
auxint: 11
paramR.coef[0][0].elem[362]: -1.000291618559133e+00
paramR.coef[1][0].elem[362]: -1.905300601273155e-03
paramR.coef[2][0].elem[362]: -9.302818474769305e-04
paramR.coef[3][0].elem[362]: -1.007651678122412e+00
auxint: 12
auxint: 12
paramR.coef[0][0].elem[363]: -1.000291518275558e+00
paramR.coef[1][0].elem[363]: -1.904451300821257e-03
paramR.coef[2][0].elem[363]: -9.313622975337208e-04
paramR.coef[3][0].elem[363]: -1.007653340832789e+00
auxint: 12
auxint: 13
paramR.coef[0][0].elem[364]: -1.000291260625976e+00
paramR.coef[1][0].elem[364]: -1.903260061275667e-03
paramR.coef[2][0].elem[364]: -9.325574554438942e-04
paramR.coef[3][0].elem[364]: -1.007656222884369e+00
auxint: 12
auxint: 14
paramR.coef[0][0].elem[365]: -1.000290851549588e+00
paramR.coef[1][0].elem[365]: -1.901769392205475e-03
paramR.coef[2][0].elem[365]: -9.338273010145116e-04
paramR.coef[3][0].elem[365]: -1.007660226760720e+00
auxint: 12
auxint: 15
paramR.coef[0][0].elem[366]: -1.000290303169058e+00
paramR.coef[1][0].elem[366]: -1.900030760366614e-03
paramR.coef[2][0].elem[366]: -9.351404476070293e-04
paramR.coef[3][0].elem[366]: -1.007665215408408e+00
auxint: 12
auxint: 16
paramR.coef[0][0].elem[367]: -1.000289633700795e+00
paramR.coef[1][0].elem[367]: -1.898102974910611e-03
paramR.coef[2][0].elem[367]: -9.364751722584632e-04
paramR.coef[3][0].elem[367]: -1.007671015960554e+00
auxint: 12
auxint: 17
paramR.coef[0][0].elem[368]: -1.000288867067425e+00
paramR.coef[1][0].elem[368]: -1.896050950062700e-03
paramR.coef[2][0].elem[368]: -9.378168252775687e-04
paramR.coef[3][0].elem[368]: -1.007677424038678e+00
auxint: 12
auxint: 18
paramR.coef[0][0].elem[369]: -1.000288032334876e+00
paramR.coef[1][0].elem[369]: -1.893945149071288e-03
paramR.coef[2][0].elem[369]: -9.391506977264220e-04
paramR.coef[3][0].elem[369]: -1.007684207988610e+00
auxint: 12
auxint: 19
paramR.coef[0][0].elem[370]: -1.000287162477792e+00
paramR.coef[1][0].elem[370]: -1.891859800479483e-03
paramR.coef[2][0].elem[370]: -9.404578884992862e-04
paramR.coef[3][0].elem[370]: -1.007691116535049e+00
auxint: 12
auxint: 20
paramR.coef[0][0].elem[371]: -1.000286292803178e+00
paramR.coef[1][0].elem[371]: -1.889870601994830e-03
paramR.coef[2][0].elem[371]: -9.417119952266958e-04
paramR.coef[3][0].elem[371]: -1.007697888111798e+00
auxint: 12
auxint: 21
paramR.coef[0][0].elem[372]: -1.000285459529894e+00
paramR.coef[1][0].elem[372]: -1.888053107645068e-03
paramR.coef[2][0].elem[372]: -9.428738612306339e-04
paramR.coef[3][0].elem[372]: -1.007704258928603e+00
auxint: 12
auxint: 22
paramR.coef[0][0].elem[373]: -1.000284698137427e+00
paramR.coef[1][0].elem[373]: -1.886480242228723e-03
paramR.coef[2][0].elem[373]: -9.438914247492154e-04
paramR.coef[3][0].elem[373]: -1.007709972506306e+00
auxint: 12
auxint: 23
paramR.coef[0][0].elem[374]: -1.000284041480270e+00
paramR.coef[1][0].elem[374]: -1.885218827567365e-03
paramR.coef[2][0].elem[374]: -9.447041877114226e-04
paramR.coef[3][0].elem[374]: -1.007714791265480e+00
auxint: 12
auxint: 24
paramR.coef[0][0].elem[375]: -1.000283518166215e+00
paramR.coef[1][0].elem[375]: -1.884326536295589e-03
paramR.coef[2][0].elem[375]: -9.452469699070524e-04
paramR.coef[3][0].elem[375]: -1.007718507346585e+00
auxint: 12
auxint: 25
paramR.coef[0][0].elem[376]: -1.000283151005436e+00
paramR.coef[1][0].elem[376]: -1.883848411269921e-03
paramR.coef[2][0].elem[376]: -9.454575379581066e-04
paramR.coef[3][0].elem[376]: -1.007720953756954e+00
auxint: 12
auxint: 26
paramR.coef[0][0].elem[377]: -1.000282955464858e+00
paramR.coef[1][0].elem[377]: -1.883812747039472e-03
paramR.coef[2][0].elem[377]: -9.452882149483853e-04
paramR.coef[3][0].elem[377]: -1.007722016234693e+00
auxint: 12
auxint: 27
paramR.coef[0][0].elem[378]: -1.000282938736849e+00
paramR.coef[1][0].elem[378]: -1.884228281335571e-03
paramR.coef[2][0].elem[378]: -9.447134221222010e-04
paramR.coef[3][0].elem[378]: -1.007721641870112e+00
auxint: 12
auxint: 28
paramR.coef[0][0].elem[379]: -1.000283099482099e+00
paramR.coef[1][0].elem[379]: -1.885082755522858e-03
paramR.coef[2][0].elem[379]: -9.437347893153819e-04
paramR.coef[3][0].elem[379]: -1.007719843361962e+00
auxint: 12
auxint: 29
paramR.coef[0][0].elem[380]: -1.000283428015887e+00
paramR.coef[1][0].elem[380]: -1.886342321094912e-03
paramR.coef[2][0].elem[380]: -9.423863054087554e-04
paramR.coef[3][0].elem[380]: -1.007716699679974e+00
auxint: 12
auxint: 30
paramR.coef[0][0].elem[381]: -1.000283907229677e+00
paramR.coef[1][0].elem[381]: -1.887953134141977e-03
paramR.coef[2][0].elem[381]: -9.407328880895473e-04
paramR.coef[3][0].elem[381]: -1.007712351154357e+00
auxint: 12
auxint: 31
paramR.coef[0][0].elem[382]: -1.000284514152620e+00
paramR.coef[1][0].elem[382]: -1.889844953333754e-03
paramR.coef[2][0].elem[382]: -9.388635192050692e-04
paramR.coef[3][0].elem[382]: -1.007706989346774e+00
auxint: 12
auxint: 32
paramR.coef[0][0].elem[383]: -1.000285221616240e+00
paramR.coef[1][0].elem[383]: -1.891935250182048e-03
paramR.coef[2][0].elem[383]: -9.368848024180547e-04
paramR.coef[3][0].elem[383]: -1.007700844906552e+00
auxint: 13
auxint: 1
paramR.coef[0][0].elem[384]: -1.000286330652735e+00
paramR.coef[1][0].elem[384]: -1.895522734531778e-03
paramR.coef[2][0].elem[384]: -9.280025415732810e-04
paramR.coef[3][0].elem[384]: -1.007692112538804e+00
auxint: 13
auxint: 2
paramR.coef[0][0].elem[385]: -1.000287164465648e+00
paramR.coef[1][0].elem[385]: -1.897765847787102e-03
paramR.coef[2][0].elem[385]: -9.261540413226559e-04
paramR.coef[3][0].elem[385]: -1.007685080883704e+00
auxint: 13
auxint: 3
paramR.coef[0][0].elem[386]: -1.000288010535152e+00
paramR.coef[1][0].elem[386]: -1.899942463619711e-03
paramR.coef[2][0].elem[386]: -9.245102197695078e-04
paramR.coef[3][0].elem[386]: -1.007678044099005e+00
auxint: 13
auxint: 4
paramR.coef[0][0].elem[387]: -1.000288839154254e+00
paramR.coef[1][0].elem[387]: -1.901967241926312e-03
paramR.coef[2][0].elem[387]: -9.231498864971773e-04
paramR.coef[3][0].elem[387]: -1.007671268452637e+00
auxint: 13
auxint: 5
paramR.coef[0][0].elem[388]: -1.000289622280766e+00
paramR.coef[1][0].elem[388]: -1.903763769199021e-03
paramR.coef[2][0].elem[388]: -9.221269112455110e-04
paramR.coef[3][0].elem[388]: -1.007665003994558e+00
auxint: 13
auxint: 6
paramR.coef[0][0].elem[389]: -1.000290333933320e+00
paramR.coef[1][0].elem[389]: -1.905266780591416e-03
paramR.coef[2][0].elem[389]: -9.214701017738992e-04
paramR.coef[3][0].elem[389]: -1.007659477370886e+00
auxint: 13
auxint: 7
paramR.coef[0][0].elem[390]: -1.000290950572776e+00
paramR.coef[1][0].elem[390]: -1.906424103840715e-03
paramR.coef[2][0].elem[390]: -9.211848302089304e-04
paramR.coef[3][0].elem[390]: -1.007654884792270e+00
auxint: 13
auxint: 8
paramR.coef[0][0].elem[391]: -1.000291451521398e+00
paramR.coef[1][0].elem[391]: -1.907198498407991e-03
paramR.coef[2][0].elem[391]: -9.212534653809990e-04
paramR.coef[3][0].elem[391]: -1.007651385641381e+00
auxint: 13
auxint: 9
paramR.coef[0][0].elem[392]: -1.000291819272549e+00
paramR.coef[1][0].elem[392]: -1.907567993192375e-03
paramR.coef[2][0].elem[392]: -9.216405875846984e-04
paramR.coef[3][0].elem[392]: -1.007649098831470e+00
auxint: 13
auxint: 10
paramR.coef[0][0].elem[393]: -1.000292039902875e+00
paramR.coef[1][0].elem[393]: -1.907525505479812e-03
paramR.coef[2][0].elem[393]: -9.223000037904588e-04
paramR.coef[3][0].elem[393]: -1.007648100388647e+00
auxint: 13
auxint: 11
paramR.coef[0][0].elem[394]: -1.000292103700866e+00
paramR.coef[1][0].elem[394]: -1.907078626541031e-03
paramR.coef[2][0].elem[394]: -9.231785675554408e-04
paramR.coef[3][0].elem[394]: -1.007648421320337e+00
auxint: 13
auxint: 12
paramR.coef[0][0].elem[395]: -1.000292005707926e+00
paramR.coef[1][0].elem[395]: -1.906248242662334e-03
paramR.coef[2][0].elem[395]: -9.242222720847860e-04
paramR.coef[3][0].elem[395]: -1.007650048103610e+00
auxint: 13
auxint: 13
paramR.coef[0][0].elem[396]: -1.000291746220847e+00
paramR.coef[1][0].elem[396]: -1.905066518651181e-03
paramR.coef[2][0].elem[396]: -9.253836456163383e-04
paramR.coef[3][0].elem[396]: -1.007652924514909e+00
auxint: 13
auxint: 14
paramR.coef[0][0].elem[397]: -1.000291331445927e+00
paramR.coef[1][0].elem[397]: -1.903575960398985e-03
paramR.coef[2][0].elem[397]: -9.266234958912311e-04
paramR.coef[3][0].elem[397]: -1.007656952087977e+00
auxint: 13
auxint: 15
paramR.coef[0][0].elem[398]: -1.000290773900073e+00
paramR.coef[1][0].elem[398]: -1.901828395331916e-03
paramR.coef[2][0].elem[398]: -9.279112681941537e-04
paramR.coef[3][0].elem[398]: -1.007661991686549e+00
auxint: 13
auxint: 16
paramR.coef[0][0].elem[399]: -1.000290092306853e+00
paramR.coef[1][0].elem[399]: -1.899883208938649e-03
paramR.coef[2][0].elem[399]: -9.292264797042089e-04
paramR.coef[3][0].elem[399]: -1.007667867542801e+00
auxint: 13
auxint: 17
paramR.coef[0][0].elem[400]: -1.000289311252031e+00
paramR.coef[1][0].elem[400]: -1.897806393823559e-03
paramR.coef[2][0].elem[400]: -9.305547271469561e-04
paramR.coef[3][0].elem[400]: -1.007674371169725e+00
auxint: 13
auxint: 18
paramR.coef[0][0].elem[401]: -1.000288460470379e+00
paramR.coef[1][0].elem[401]: -1.895669699137290e-03
paramR.coef[2][0].elem[401]: -9.318812584356834e-04
paramR.coef[3][0].elem[401]: -1.007681266390406e+00
auxint: 13
auxint: 19
paramR.coef[0][0].elem[402]: -1.000287573540159e+00
paramR.coef[1][0].elem[402]: -1.893548514891138e-03
paramR.coef[2][0].elem[402]: -9.331878214849717e-04
paramR.coef[3][0].elem[402]: -1.007688297699543e+00
auxint: 13
auxint: 20
paramR.coef[0][0].elem[403]: -1.000286686390030e+00
paramR.coef[1][0].elem[403]: -1.891519886053151e-03
paramR.coef[2][0].elem[403]: -9.344479696768367e-04
paramR.coef[3][0].elem[403]: -1.007695199058697e+00
auxint: 13
auxint: 21
paramR.coef[0][0].elem[404]: -1.000285835826881e+00
paramR.coef[1][0].elem[404]: -1.889660871437691e-03
paramR.coef[2][0].elem[404]: -9.356218642397666e-04
paramR.coef[3][0].elem[404]: -1.007701702067922e+00
auxint: 13
auxint: 22
paramR.coef[0][0].elem[405]: -1.000285057824838e+00
paramR.coef[1][0].elem[405]: -1.888045700425616e-03
paramR.coef[2][0].elem[405]: -9.366574475505931e-04
paramR.coef[3][0].elem[405]: -1.007707546140190e+00
auxint: 13
auxint: 23
paramR.coef[0][0].elem[406]: -1.000284385729442e+00
paramR.coef[1][0].elem[406]: -1.886742520549357e-03
paramR.coef[2][0].elem[406]: -9.374938538342204e-04
paramR.coef[3][0].elem[406]: -1.007712489675399e+00
auxint: 13
auxint: 24
paramR.coef[0][0].elem[407]: -1.000283848632904e+00
paramR.coef[1][0].elem[407]: -1.885810495346390e-03
paramR.coef[2][0].elem[407]: -9.380646178984166e-04
paramR.coef[3][0].elem[407]: -1.007716320613906e+00
auxint: 13
auxint: 25
paramR.coef[0][0].elem[408]: -1.000283469750679e+00
paramR.coef[1][0].elem[408]: -1.885295976000448e-03
paramR.coef[2][0].elem[408]: -9.383067504359260e-04
paramR.coef[3][0].elem[408]: -1.007718868178389e+00
auxint: 13
auxint: 26
paramR.coef[0][0].elem[409]: -1.000283264926708e+00
paramR.coef[1][0].elem[409]: -1.885228414568218e-03
paramR.coef[2][0].elem[409]: -9.381718624166261e-04
paramR.coef[3][0].elem[409]: -1.007720014760960e+00
auxint: 13
auxint: 27
paramR.coef[0][0].elem[410]: -1.000283241706351e+00
paramR.coef[1][0].elem[410]: -1.885617729079992e-03
paramR.coef[2][0].elem[410]: -9.376327486254916e-04
paramR.coef[3][0].elem[410]: -1.007719704345096e+00
auxint: 13
auxint: 28
paramR.coef[0][0].elem[411]: -1.000283398998114e+00
paramR.coef[1][0].elem[411]: -1.886452598167548e-03
paramR.coef[2][0].elem[411]: -9.366897665773687e-04
paramR.coef[3][0].elem[411]: -1.007717947200575e+00
auxint: 13
auxint: 29
paramR.coef[0][0].elem[412]: -1.000283727285154e+00
paramR.coef[1][0].elem[412]: -1.887699832026022e-03
paramR.coef[2][0].elem[412]: -9.353760329174538e-04
paramR.coef[3][0].elem[412]: -1.007714820651057e+00
auxint: 13
auxint: 30
paramR.coef[0][0].elem[413]: -1.000284209564045e+00
paramR.coef[1][0].elem[413]: -1.889306169293607e-03
paramR.coef[2][0].elem[413]: -9.337548363607676e-04
paramR.coef[3][0].elem[413]: -1.007710463962403e+00
auxint: 13
auxint: 31
paramR.coef[0][0].elem[414]: -1.000284822840782e+00
paramR.coef[1][0].elem[414]: -1.891201694987042e-03
paramR.coef[2][0].elem[414]: -9.319137415196550e-04
paramR.coef[3][0].elem[414]: -1.007705068467585e+00
auxint: 13
auxint: 32
paramR.coef[0][0].elem[415]: -1.000285539822024e+00
paramR.coef[1][0].elem[415]: -1.893303888518555e-03
paramR.coef[2][0].elem[415]: -9.299586065905943e-04
paramR.coef[3][0].elem[415]: -1.007698865433838e+00
auxint: 14
auxint: 1
paramR.coef[0][0].elem[416]: -1.000286471263155e+00
paramR.coef[1][0].elem[416]: -1.896838860754589e-03
paramR.coef[2][0].elem[416]: -9.209716839581822e-04
paramR.coef[3][0].elem[416]: -1.007690488476283e+00
auxint: 14
auxint: 2
paramR.coef[0][0].elem[417]: -1.000287317163533e+00
paramR.coef[1][0].elem[417]: -1.899102038681368e-03
paramR.coef[2][0].elem[417]: -9.191415139129845e-04
paramR.coef[3][0].elem[417]: -1.007683374173290e+00
auxint: 14
auxint: 3
paramR.coef[0][0].elem[418]: -1.000288178211725e+00
paramR.coef[1][0].elem[418]: -1.901307356797191e-03
paramR.coef[2][0].elem[418]: -9.175067200410036e-04
paramR.coef[3][0].elem[418]: -1.007676230601723e+00
auxint: 14
auxint: 4
paramR.coef[0][0].elem[419]: -1.000289024201646e+00
paramR.coef[1][0].elem[419]: -1.903368630599625e-03
paramR.coef[2][0].elem[419]: -9.161451871746345e-04
paramR.coef[3][0].elem[419]: -1.007669327681985e+00
auxint: 14
auxint: 5
paramR.coef[0][0].elem[420]: -1.000289826387151e+00
paramR.coef[1][0].elem[420]: -1.905208084214093e-03
paramR.coef[2][0].elem[420]: -9.151105076586244e-04
paramR.coef[3][0].elem[420]: -1.007662920538381e+00
auxint: 14
auxint: 6
paramR.coef[0][0].elem[421]: -1.000290557956871e+00
paramR.coef[1][0].elem[421]: -1.906758565555496e-03
paramR.coef[2][0].elem[421]: -9.144324877396677e-04
paramR.coef[3][0].elem[421]: -1.007657241999965e+00
auxint: 14
auxint: 7
paramR.coef[0][0].elem[422]: -1.000291194505835e+00
paramR.coef[1][0].elem[422]: -1.907965883196262e-03
paramR.coef[2][0].elem[422]: -9.141172973328936e-04
paramR.coef[3][0].elem[422]: -1.007652494828712e+00
auxint: 14
auxint: 8
paramR.coef[0][0].elem[423]: -1.000291714426409e+00
paramR.coef[1][0].elem[423]: -1.908790583657803e-03
paramR.coef[2][0].elem[423]: -9.141483347546815e-04
paramR.coef[3][0].elem[423]: -1.007648845382795e+00
auxint: 14
auxint: 9
paramR.coef[0][0].elem[424]: -1.000292099289112e+00
paramR.coef[1][0].elem[424]: -1.909208234117082e-03
paramR.coef[2][0].elem[424]: -9.144924949704991e-04
paramR.coef[3][0].elem[424]: -1.007646419704612e+00
auxint: 14
auxint: 10
paramR.coef[0][0].elem[425]: -1.000292334394702e+00
paramR.coef[1][0].elem[425]: -1.909209549196330e-03
paramR.coef[2][0].elem[425]: -9.151057113972721e-04
paramR.coef[3][0].elem[425]: -1.007645300012691e+00
auxint: 14
auxint: 11
paramR.coef[0][0].elem[426]: -1.000292409396606e+00
paramR.coef[1][0].elem[426]: -1.908800306778079e-03
paramR.coef[2][0].elem[426]: -9.159364132749714e-04
paramR.coef[3][0].elem[426]: -1.007645522362532e+00
auxint: 14
auxint: 12
paramR.coef[0][0].elem[427]: -1.000292318854866e+00
paramR.coef[1][0].elem[427]: -1.907999768203621e-03
paramR.coef[2][0].elem[427]: -9.169328971853406e-04
paramR.coef[3][0].elem[427]: -1.007647077297229e+00
auxint: 14
auxint: 13
paramR.coef[0][0].elem[428]: -1.000292062851746e+00
paramR.coef[1][0].elem[428]: -1.906839002346680e-03
paramR.coef[2][0].elem[428]: -9.180497659757846e-04
paramR.coef[3][0].elem[428]: -1.007649910916616e+00
auxint: 14
auxint: 14
paramR.coef[0][0].elem[429]: -1.000291647612509e+00
paramR.coef[1][0].elem[429]: -1.905360095051401e-03
paramR.coef[2][0].elem[429]: -9.192489208824439e-04
paramR.coef[3][0].elem[429]: -1.007653925236560e+00
auxint: 14
auxint: 15
paramR.coef[0][0].elem[430]: -1.000291085808830e+00
paramR.coef[1][0].elem[430]: -1.903614723555303e-03
paramR.coef[2][0].elem[430]: -9.205012957279124e-04
paramR.coef[3][0].elem[430]: -1.007658980608346e+00
auxint: 14
auxint: 16
paramR.coef[0][0].elem[431]: -1.000290396498676e+00
paramR.coef[1][0].elem[431]: -1.901662482777586e-03
paramR.coef[2][0].elem[431]: -9.217878267119414e-04
paramR.coef[3][0].elem[431]: -1.007664899608742e+00
auxint: 14
auxint: 17
paramR.coef[0][0].elem[432]: -1.000289604759949e+00
paramR.coef[1][0].elem[432]: -1.899570141703773e-03
paramR.coef[2][0].elem[432]: -9.230943353933704e-04
paramR.coef[3][0].elem[432]: -1.007671470755065e+00
auxint: 14
auxint: 18
paramR.coef[0][0].elem[433]: -1.000288740831533e+00
paramR.coef[1][0].elem[433]: -1.897410321781972e-03
paramR.coef[2][0].elem[433]: -9.244065203903177e-04
paramR.coef[3][0].elem[433]: -1.007678454596068e+00
auxint: 14
auxint: 19
paramR.coef[0][0].elem[434]: -1.000287838799825e+00
paramR.coef[1][0].elem[434]: -1.895259238606754e-03
paramR.coef[2][0].elem[434]: -9.257070708212552e-04
paramR.coef[3][0].elem[434]: -1.007685592403271e+00
auxint: 14
auxint: 20
paramR.coef[0][0].elem[435]: -1.000286935159083e+00
paramR.coef[1][0].elem[435]: -1.893195100646538e-03
paramR.coef[2][0].elem[435]: -9.269694239419130e-04
paramR.coef[3][0].elem[435]: -1.007692614280584e+00
auxint: 14
auxint: 21
paramR.coef[0][0].elem[436]: -1.000286067271008e+00
paramR.coef[1][0].elem[436]: -1.891296276798645e-03
paramR.coef[2][0].elem[436]: -9.281533534622162e-04
paramR.coef[3][0].elem[436]: -1.007699247682254e+00
auxint: 14
auxint: 22
paramR.coef[0][0].elem[437]: -1.000285271628950e+00
paramR.coef[1][0].elem[437]: -1.889638177769916e-03
paramR.coef[2][0].elem[437]: -9.292070165658957e-04
paramR.coef[3][0].elem[437]: -1.007705228110983e+00
auxint: 14
auxint: 23
paramR.coef[0][0].elem[438]: -1.000284582125334e+00
paramR.coef[1][0].elem[438]: -1.888290322800894e-03
paramR.coef[2][0].elem[438]: -9.300689888360959e-04
paramR.coef[3][0].elem[438]: -1.007710309718444e+00
auxint: 14
auxint: 24
paramR.coef[0][0].elem[439]: -1.000284028411816e+00
paramR.coef[1][0].elem[439]: -1.887313450569875e-03
paramR.coef[2][0].elem[439]: -9.306716603424453e-04
paramR.coef[3][0].elem[439]: -1.007714275735413e+00
auxint: 14
auxint: 25
paramR.coef[0][0].elem[440]: -1.000283634240670e+00
paramR.coef[1][0].elem[440]: -1.886755377353553e-03
paramR.coef[2][0].elem[440]: -9.309514310862084e-04
paramR.coef[3][0].elem[440]: -1.007716950793163e+00
auxint: 14
auxint: 26
paramR.coef[0][0].elem[441]: -1.000283415985491e+00
paramR.coef[1][0].elem[441]: -1.886647044614046e-03
paramR.coef[2][0].elem[441]: -9.308587611042621e-04
paramR.coef[3][0].elem[441]: -1.007718212772581e+00
auxint: 14
auxint: 27
paramR.coef[0][0].elem[442]: -1.000283381685437e+00
paramR.coef[1][0].elem[442]: -1.886999924770815e-03
paramR.coef[2][0].elem[442]: -9.303645395563308e-04
paramR.coef[3][0].elem[442]: -1.007718001205755e+00
auxint: 14
auxint: 28
paramR.coef[0][0].elem[443]: -1.000283530671067e+00
paramR.coef[1][0].elem[443]: -1.887804013898509e-03
paramR.coef[2][0].elem[443]: -9.294677740752281e-04
paramR.coef[3][0].elem[443]: -1.007716322484894e+00
auxint: 14
auxint: 29
paramR.coef[0][0].elem[444]: -1.000283853781827e+00
paramR.coef[1][0].elem[444]: -1.889027261044383e-03
paramR.coef[2][0].elem[444]: -9.282001065237071e-04
paramR.coef[3][0].elem[444]: -1.007713250737756e+00
auxint: 14
auxint: 30
paramR.coef[0][0].elem[445]: -1.000284334273636e+00
paramR.coef[1][0].elem[445]: -1.890617464102218e-03
paramR.coef[2][0].elem[445]: -9.266226428341617e-04
paramR.coef[3][0].elem[445]: -1.007708922670347e+00
auxint: 14
auxint: 31
paramR.coef[0][0].elem[446]: -1.000284949294158e+00
paramR.coef[1][0].elem[446]: -1.892505450430070e-03
paramR.coef[2][0].elem[446]: -9.248213388386246e-04
paramR.coef[3][0].elem[446]: -1.007703527985862e+00
auxint: 14
auxint: 32
paramR.coef[0][0].elem[447]: -1.000285671601582e+00
paramR.coef[1][0].elem[447]: -1.894609158161863e-03
paramR.coef[2][0].elem[447]: -9.229006644444902e-04
paramR.coef[3][0].elem[447]: -1.007697297274652e+00
auxint: 15
auxint: 1
paramR.coef[0][0].elem[448]: -1.000286419240094e+00
paramR.coef[1][0].elem[448]: -1.898033583680287e-03
paramR.coef[2][0].elem[448]: -9.141043936554370e-04
paramR.coef[3][0].elem[448]: -1.007689344766955e+00
auxint: 15
auxint: 2
paramR.coef[0][0].elem[449]: -1.000287273958161e+00
paramR.coef[1][0].elem[449]: -1.900308823252677e-03
paramR.coef[2][0].elem[449]: -9.122992188297168e-04
paramR.coef[3][0].elem[449]: -1.007682170676695e+00
auxint: 15
auxint: 3
paramR.coef[0][0].elem[450]: -1.000288147391281e+00
paramR.coef[1][0].elem[450]: -1.902536331142608e-03
paramR.coef[2][0].elem[450]: -9.106786154549393e-04
paramR.coef[3][0].elem[450]: -1.007674938018749e+00
auxint: 15
auxint: 4
paramR.coef[0][0].elem[451]: -1.000289008904679e+00
paramR.coef[1][0].elem[451]: -1.904629305689859e-03
paramR.coef[2][0].elem[451]: -9.093191335148116e-04
paramR.coef[3][0].elem[451]: -1.007667919905063e+00
auxint: 15
auxint: 5
paramR.coef[0][0].elem[452]: -1.000289829139782e+00
paramR.coef[1][0].elem[452]: -1.906508738916405e-03
paramR.coef[2][0].elem[452]: -9.082742618263299e-04
paramR.coef[3][0].elem[452]: -1.007661376142175e+00
auxint: 15
auxint: 6
paramR.coef[0][0].elem[453]: -1.000290580567214e+00
paramR.coef[1][0].elem[453]: -1.908105776307654e-03
paramR.coef[2][0].elem[453]: -9.075746495344523e-04
paramR.coef[3][0].elem[453]: -1.007655545290673e+00
auxint: 15
auxint: 7
paramR.coef[0][0].elem[454]: -1.000291237934813e+00
paramR.coef[1][0].elem[454]: -1.909364285552746e-03
paramR.coef[2][0].elem[454]: -9.072270947755545e-04
paramR.coef[3][0].elem[454]: -1.007650636606710e+00
auxint: 15
auxint: 8
paramR.coef[0][0].elem[455]: -1.000291778674774e+00
paramR.coef[1][0].elem[455]: -1.910242487879589e-03
paramR.coef[2][0].elem[455]: -9.072165106678584e-04
paramR.coef[3][0].elem[455]: -1.007646823725254e+00
auxint: 15
auxint: 9
paramR.coef[0][0].elem[456]: -1.000292183425495e+00
paramR.coef[1][0].elem[456]: -1.910713424444179e-03
paramR.coef[2][0].elem[456]: -9.075123170762043e-04
paramR.coef[3][0].elem[456]: -1.007644240040998e+00
auxint: 15
auxint: 10
paramR.coef[0][0].elem[457]: -1.000292436626145e+00
paramR.coef[1][0].elem[457]: -1.910765513423920e-03
paramR.coef[2][0].elem[457]: -9.080724575231759e-04
paramR.coef[3][0].elem[457]: -1.007642974448287e+00
auxint: 15
auxint: 11
paramR.coef[0][0].elem[458]: -1.000292527117652e+00
paramR.coef[1][0].elem[458]: -1.910402375590440e-03
paramR.coef[2][0].elem[458]: -9.088474977028243e-04
paramR.coef[3][0].elem[458]: -1.007643069106041e+00
auxint: 15
auxint: 12
paramR.coef[0][0].elem[459]: -1.000292448808004e+00
paramR.coef[1][0].elem[459]: -1.909641267094663e-03
paramR.coef[2][0].elem[459]: -9.097886273152214e-04
paramR.coef[3][0].elem[459]: -1.007644519762366e+00
auxint: 15
auxint: 13
paramR.coef[0][0].elem[460]: -1.000292201369421e+00
paramR.coef[1][0].elem[460]: -1.908511857124033e-03
paramR.coef[2][0].elem[460]: -9.108525567970070e-04
paramR.coef[3][0].elem[460]: -1.007647275971732e+00
auxint: 15
auxint: 14
paramR.coef[0][0].elem[461]: -1.000291790796449e+00
paramR.coef[1][0].elem[461]: -1.907055384181816e-03
paramR.coef[2][0].elem[461]: -9.120026455368867e-04
paramR.coef[3][0].elem[461]: -1.007651241664827e+00
auxint: 15
auxint: 15
paramR.coef[0][0].elem[462]: -1.000291229699898e+00
paramR.coef[1][0].elem[462]: -1.905322927603477e-03
paramR.coef[2][0].elem[462]: -9.132117900715189e-04
paramR.coef[3][0].elem[462]: -1.007656278100573e+00
auxint: 15
auxint: 16
paramR.coef[0][0].elem[463]: -1.000290537278698e+00
paramR.coef[1][0].elem[463]: -1.903373956603565e-03
paramR.coef[2][0].elem[463]: -9.144622885112174e-04
paramR.coef[3][0].elem[463]: -1.007662207445974e+00
auxint: 15
auxint: 17
paramR.coef[0][0].elem[464]: -1.000289738880559e+00
paramR.coef[1][0].elem[464]: -1.901275590038761e-03
paramR.coef[2][0].elem[464]: -9.157404485159553e-04
paramR.coef[3][0].elem[464]: -1.007668816649938e+00
auxint: 15
auxint: 18
paramR.coef[0][0].elem[465]: -1.000288865082541e+00
paramR.coef[1][0].elem[465]: -1.899100871822693e-03
paramR.coef[2][0].elem[465]: -9.170329541022824e-04
paramR.coef[3][0].elem[465]: -1.007675864322701e+00
auxint: 15
auxint: 19
paramR.coef[0][0].elem[466]: -1.000287950392620e+00
paramR.coef[1][0].elem[466]: -1.896926612589075e-03
paramR.coef[2][0].elem[466]: -9.183232649323294e-04
paramR.coef[3][0].elem[466]: -1.007683089340911e+00
auxint: 15
auxint: 20
paramR.coef[0][0].elem[467]: -1.000287031779639e+00
paramR.coef[1][0].elem[467]: -1.894831971111871e-03
paramR.coef[2][0].elem[467]: -9.195846029024750e-04
paramR.coef[3][0].elem[467]: -1.007690218678147e+00
auxint: 15
auxint: 21
paramR.coef[0][0].elem[468]: -1.000286147097669e+00
paramR.coef[1][0].elem[468]: -1.892896315324028e-03
paramR.coef[2][0].elem[468]: -9.207768779159673e-04
paramR.coef[3][0].elem[468]: -1.007696976399135e+00
auxint: 15
auxint: 22
paramR.coef[0][0].elem[469]: -1.000285333378087e+00
paramR.coef[1][0].elem[469]: -1.891196110605110e-03
paramR.coef[2][0].elem[469]: -9.218484893341352e-04
paramR.coef[3][0].elem[469]: -1.007703094371591e+00
auxint: 15
auxint: 23
paramR.coef[0][0].elem[470]: -1.000284625101034e+00
paramR.coef[1][0].elem[470]: -1.889802280184230e-03
paramR.coef[2][0].elem[470]: -9.227371869627303e-04
paramR.coef[3][0].elem[470]: -1.007708322339908e+00
auxint: 15
auxint: 24
paramR.coef[0][0].elem[471]: -1.000284052536514e+00
paramR.coef[1][0].elem[471]: -1.888777128750235e-03
paramR.coef[2][0].elem[471]: -9.233745417533658e-04
paramR.coef[3][0].elem[471]: -1.007712438540359e+00
auxint: 15
auxint: 25
paramR.coef[0][0].elem[472]: -1.000283640088639e+00
paramR.coef[1][0].elem[472]: -1.888170047867072e-03
paramR.coef[2][0].elem[472]: -9.236963970849633e-04
paramR.coef[3][0].elem[472]: -1.007715262399948e+00
auxint: 15
auxint: 26
paramR.coef[0][0].elem[473]: -1.000283404785425e+00
paramR.coef[1][0].elem[473]: -1.888013756039122e-03
paramR.coef[2][0].elem[473]: -9.236515823676894e-04
paramR.coef[3][0].elem[473]: -1.007716666297272e+00
auxint: 15
auxint: 27
paramR.coef[0][0].elem[474]: -1.000283355287326e+00
paramR.coef[1][0].elem[474]: -1.888321557065984e-03
paramR.coef[2][0].elem[474]: -9.232090718850790e-04
paramR.coef[3][0].elem[474]: -1.007716584179486e+00
auxint: 15
auxint: 28
paramR.coef[0][0].elem[475]: -1.000283491516455e+00
paramR.coef[1][0].elem[475]: -1.889085092225267e-03
paramR.coef[2][0].elem[475]: -9.223665382494518e-04
paramR.coef[3][0].elem[475]: -1.007715017253922e+00
auxint: 15
auxint: 29
paramR.coef[0][0].elem[476]: -1.000283804833090e+00
paramR.coef[1][0].elem[476]: -1.890273895215228e-03
paramR.coef[2][0].elem[476]: -9.211535895125057e-04
paramR.coef[3][0].elem[476]: -1.007712035018224e+00
auxint: 15
auxint: 30
paramR.coef[0][0].elem[477]: -1.000284278892433e+00
paramR.coef[1][0].elem[477]: -1.891837228124164e-03
paramR.coef[2][0].elem[477]: -9.196288196832578e-04
paramR.coef[3][0].elem[477]: -1.007707770271346e+00
auxint: 15
auxint: 31
paramR.coef[0][0].elem[478]: -1.000284891147861e+00
paramR.coef[1][0].elem[478]: -1.893707049718251e-03
paramR.coef[2][0].elem[478]: -9.178763733524901e-04
paramR.coef[3][0].elem[478]: -1.007702409776235e+00
auxint: 15
auxint: 32
paramR.coef[0][0].elem[479]: -1.000285614562018e+00
paramR.coef[1][0].elem[479]: -1.895802198944599e-03
paramR.coef[2][0].elem[479]: -9.159986776958377e-04
paramR.coef[3][0].elem[479]: -1.007696182203240e+00
auxint: 16
auxint: 1
paramR.coef[0][0].elem[480]: -1.000286178549172e+00
paramR.coef[1][0].elem[480]: -1.899063684967797e-03
paramR.coef[2][0].elem[480]: -9.076782928383580e-04
paramR.coef[3][0].elem[480]: -1.007688704145050e+00
auxint: 16
auxint: 2
paramR.coef[0][0].elem[481]: -1.000287038691314e+00
paramR.coef[1][0].elem[481]: -1.901342936663993e-03
paramR.coef[2][0].elem[481]: -9.059029287504804e-04
paramR.coef[3][0].elem[481]: -1.007681494057070e+00
auxint: 16
auxint: 3
paramR.coef[0][0].elem[482]: -1.000287921639994e+00
paramR.coef[1][0].elem[482]: -1.903585695356617e-03
paramR.coef[2][0].elem[482]: -9.043002029560268e-04
paramR.coef[3][0].elem[482]: -1.007674192078628e+00
auxint: 16
auxint: 4
paramR.coef[0][0].elem[483]: -1.000288796408801e+00
paramR.coef[1][0].elem[483]: -1.905704737316212e-03
paramR.coef[2][0].elem[483]: -9.029452270514159e-04
paramR.coef[3][0].elem[483]: -1.007667074022977e+00
auxint: 16
auxint: 5
paramR.coef[0][0].elem[484]: -1.000289633148579e+00
paramR.coef[1][0].elem[484]: -1.907620005902779e-03
paramR.coef[2][0].elem[484]: -9.018914948810989e-04
paramR.coef[3][0].elem[484]: -1.007660403818440e+00
auxint: 16
auxint: 6
paramR.coef[0][0].elem[485]: -1.000290403725290e+00
paramR.coef[1][0].elem[485]: -1.909261190453443e-03
paramR.coef[2][0].elem[485]: -9.011701843460670e-04
paramR.coef[3][0].elem[485]: -1.007654425169993e+00
auxint: 16
auxint: 7
paramR.coef[0][0].elem[486]: -1.000291082080876e+00
paramR.coef[1][0].elem[486]: -1.910570325313259e-03
paramR.coef[2][0].elem[486]: -9.007887080735657e-04
paramR.coef[3][0].elem[486]: -1.007649353609525e+00
auxint: 16
auxint: 8
paramR.coef[0][0].elem[487]: -1.000291644721950e+00
paramR.coef[1][0].elem[487]: -1.911503311328011e-03
paramR.coef[2][0].elem[487]: -9.007338600851515e-04
paramR.coef[3][0].elem[487]: -1.007645369995780e+00
auxint: 16
auxint: 9
paramR.coef[0][0].elem[488]: -1.000292071372223e+00
paramR.coef[1][0].elem[488]: -1.912030723828935e-03
paramR.coef[2][0].elem[488]: -9.009775198026733e-04
paramR.coef[3][0].elem[488]: -1.007642615007080e+00
auxint: 16
auxint: 10
paramR.coef[0][0].elem[489]: -1.000292345534387e+00
paramR.coef[1][0].elem[489]: -1.912138607515988e-03
paramR.coef[2][0].elem[489]: -9.014796975591106e-04
paramR.coef[3][0].elem[489]: -1.007641184581246e+00
auxint: 16
auxint: 11
paramR.coef[0][0].elem[490]: -1.000292455121496e+00
paramR.coef[1][0].elem[490]: -1.911828157444571e-03
paramR.coef[2][0].elem[490]: -9.021936777725869e-04
paramR.coef[3][0].elem[490]: -1.007641127763025e+00
auxint: 16
auxint: 12
paramR.coef[0][0].elem[491]: -1.000292393267283e+00
paramR.coef[1][0].elem[491]: -1.911114410184801e-03
paramR.coef[2][0].elem[491]: -9.030737232576027e-04
paramR.coef[3][0].elem[491]: -1.007642446263281e+00
auxint: 16
auxint: 13
paramR.coef[0][0].elem[492]: -1.000292159038515e+00
paramR.coef[1][0].elem[492]: -1.910025383919519e-03
paramR.coef[2][0].elem[492]: -9.040786319617609e-04
paramR.coef[3][0].elem[492]: -1.007645094089522e+00
auxint: 16
auxint: 14
paramR.coef[0][0].elem[493]: -1.000291757964718e+00
paramR.coef[1][0].elem[493]: -1.908601024581690e-03
paramR.coef[2][0].elem[493]: -9.051737238882117e-04
paramR.coef[3][0].elem[493]: -1.007648978515454e+00
auxint: 16
auxint: 15
paramR.coef[0][0].elem[494]: -1.000291202395307e+00
paramR.coef[1][0].elem[494]: -1.906891413518167e-03
paramR.coef[2][0].elem[494]: -9.063341232324959e-04
paramR.coef[3][0].elem[494]: -1.007653963044522e+00
auxint: 16
auxint: 16
paramR.coef[0][0].elem[495]: -1.000290511458501e+00
paramR.coef[1][0].elem[495]: -1.904955574858698e-03
paramR.coef[2][0].elem[495]: -9.075433766889613e-04
paramR.coef[3][0].elem[495]: -1.007659870660318e+00
auxint: 16
auxint: 17
paramR.coef[0][0].elem[496]: -1.000289710545907e+00
paramR.coef[1][0].elem[496]: -1.902860522098236e-03
paramR.coef[2][0].elem[496]: -9.087886487168619e-04
paramR.coef[3][0].elem[496]: -1.007666488214333e+00
auxint: 16
auxint: 18
paramR.coef[0][0].elem[497]: -1.000288830407718e+00
paramR.coef[1][0].elem[497]: -1.900679299686366e-03
paramR.coef[2][0].elem[497]: -9.100578998016979e-04
paramR.coef[3][0].elem[497]: -1.007673573706540e+00
auxint: 16
auxint: 19
paramR.coef[0][0].elem[498]: -1.000287905852690e+00
paramR.coef[1][0].elem[498]: -1.898489080989033e-03
paramR.coef[2][0].elem[498]: -9.113350707586629e-04
paramR.coef[3][0].elem[498]: -1.007680864509871e+00
auxint: 16
auxint: 20
paramR.coef[0][0].elem[499]: -1.000286974214607e+00
paramR.coef[1][0].elem[499]: -1.896369698548380e-03
paramR.coef[2][0].elem[499]: -9.125932625837153e-04
paramR.coef[3][0].elem[499]: -1.007688085323183e+00
auxint: 16
auxint: 21
paramR.coef[0][0].elem[500]: -1.000286073783611e+00
paramR.coef[1][0].elem[500]: -1.894401214298070e-03
paramR.coef[2][0].elem[500]: -9.137928762963760e-04
paramR.coef[3][0].elem[500]: -1.007694957606939e+00
auxint: 16
auxint: 22
paramR.coef[0][0].elem[501]: -1.000285242123419e+00
paramR.coef[1][0].elem[501]: -1.892661038918165e-03
paramR.coef[2][0].elem[501]: -9.148823446530365e-04
paramR.coef[3][0].elem[501]: -1.007701209910196e+00
auxint: 16
auxint: 23
paramR.coef[0][0].elem[502]: -1.000284514317368e+00
paramR.coef[1][0].elem[502]: -1.891221456753003e-03
paramR.coef[2][0].elem[502]: -9.157985043921251e-04
paramR.coef[3][0].elem[502]: -1.007706587589766e+00
auxint: 16
auxint: 24
paramR.coef[0][0].elem[503]: -1.000283921311548e+00
paramR.coef[1][0].elem[503]: -1.890146270648756e-03
paramR.coef[2][0].elem[503]: -9.164724128291248e-04
paramR.coef[3][0].elem[503]: -1.007710863791402e+00
auxint: 16
auxint: 25
paramR.coef[0][0].elem[504]: -1.000283488247980e+00
paramR.coef[1][0].elem[504]: -1.889486533021119e-03
paramR.coef[2][0].elem[504]: -9.168392164573567e-04
paramR.coef[3][0].elem[504]: -1.007713852296000e+00
auxint: 16
auxint: 26
paramR.coef[0][0].elem[505]: -1.000283232899527e+00
paramR.coef[1][0].elem[505]: -1.889276935941824e-03
paramR.coef[2][0].elem[505]: -9.168459021723281e-04
paramR.coef[3][0].elem[505]: -1.007715419205750e+00
auxint: 16
auxint: 27
paramR.coef[0][0].elem[506]: -1.000283164678117e+00
paramR.coef[1][0].elem[506]: -1.889532803049013e-03
paramR.coef[2][0].elem[506]: -9.164597302629714e-04
paramR.coef[3][0].elem[506]: -1.007715491955886e+00
auxint: 16
auxint: 28
paramR.coef[0][0].elem[507]: -1.000283284248422e+00
paramR.coef[1][0].elem[507]: -1.890247710103623e-03
paramR.coef[2][0].elem[507]: -9.156768694372965e-04
paramR.coef[3][0].elem[507]: -1.007714065467483e+00
auxint: 16
auxint: 29
paramR.coef[0][0].elem[508]: -1.000283583612136e+00
paramR.coef[1][0].elem[508]: -1.891393146349886e-03
paramR.coef[2][0].elem[508]: -9.145244582042417e-04
paramR.coef[3][0].elem[508]: -1.007711203394966e+00
auxint: 16
auxint: 30
paramR.coef[0][0].elem[509]: -1.000284046959538e+00
paramR.coef[1][0].elem[509]: -1.892920170249687e-03
paramR.coef[2][0].elem[509]: -9.130585512901325e-04
paramR.coef[3][0].elem[509]: -1.007707033407372e+00
auxint: 16
auxint: 31
paramR.coef[0][0].elem[510]: -1.000284652213270e+00
paramR.coef[1][0].elem[510]: -1.894762237080334e-03
paramR.coef[2][0].elem[510]: -9.113612656908624e-04
paramR.coef[3][0].elem[510]: -1.007701738100654e+00
auxint: 16
auxint: 32
paramR.coef[0][0].elem[511]: -1.000285372660219e+00
paramR.coef[1][0].elem[511]: -1.896839466890702e-03
paramR.coef[2][0].elem[511]: -9.095324579036925e-04
paramR.coef[3][0].elem[511]: -1.007695543146160e+00
auxint: 17
auxint: 1
paramR.coef[0][0].elem[512]: -1.000285759214940e+00
paramR.coef[1][0].elem[512]: -1.899892886414462e-03
paramR.coef[2][0].elem[512]: -9.019501134058810e-04
paramR.coef[3][0].elem[512]: -1.007688571709909e+00
auxint: 17
auxint: 2
paramR.coef[0][0].elem[513]: -1.000286621389255e+00
paramR.coef[1][0].elem[513]: -1.902168365486703e-03
paramR.coef[2][0].elem[513]: -9.002072667280763e-04
paramR.coef[3][0].elem[513]: -1.007681349508664e+00
auxint: 17
auxint: 3
paramR.coef[0][0].elem[514]: -1.000287510817437e+00
paramR.coef[1][0].elem[514]: -1.904419278113934e-03
paramR.coef[2][0].elem[514]: -8.986244311686034e-04
paramR.coef[3][0].elem[514]: -1.007673999333103e+00
auxint: 17
auxint: 4
paramR.coef[0][0].elem[515]: -1.000288396270233e+00
paramR.coef[1][0].elem[515]: -1.906558168284383e-03
paramR.coef[2][0].elem[515]: -8.972754569019915e-04
paramR.coef[3][0].elem[515]: -1.007666799073623e+00
auxint: 17
auxint: 5
paramR.coef[0][0].elem[516]: -1.000289247544720e+00
paramR.coef[1][0].elem[516]: -1.908504164626287e-03
paramR.coef[2][0].elem[516]: -8.962137889427078e-04
paramR.coef[3][0].elem[516]: -1.007660016106303e+00
auxint: 17
auxint: 6
paramR.coef[0][0].elem[517]: -1.000290035984407e+00
paramR.coef[1][0].elem[517]: -1.910185758103891e-03
paramR.coef[2][0].elem[517]: -8.954707508031173e-04
paramR.coef[3][0].elem[517]: -1.007653898705088e+00
auxint: 17
auxint: 7
paramR.coef[0][0].elem[518]: -1.000290734790791e+00
paramR.coef[1][0].elem[518]: -1.911543289757496e-03
paramR.coef[2][0].elem[518]: -8.950545153086629e-04
paramR.coef[3][0].elem[518]: -1.007648668276958e+00
auxint: 17
auxint: 8
paramR.coef[0][0].elem[519]: -1.000291319646503e+00
paramR.coef[1][0].elem[519]: -1.912530473672674e-03
paramR.coef[2][0].elem[519]: -8.949539516533220e-04
paramR.coef[3][0].elem[519]: -1.007644512468598e+00
auxint: 17
auxint: 9
paramR.coef[0][0].elem[520]: -1.000291769399485e+00
paramR.coef[1][0].elem[520]: -1.913115567344175e-03
paramR.coef[2][0].elem[520]: -8.951431785910396e-04
paramR.coef[3][0].elem[520]: -1.007641578954182e+00
auxint: 17
auxint: 10
paramR.coef[0][0].elem[521]: -1.000292066565378e+00
paramR.coef[1][0].elem[521]: -1.913282198964953e-03
paramR.coef[2][0].elem[521]: -8.955844835586649e-04
paramR.coef[3][0].elem[521]: -1.007639970917142e+00
auxint: 17
auxint: 11
paramR.coef[0][0].elem[522]: -1.000292198077229e+00
paramR.coef[1][0].elem[522]: -1.913028994210583e-03
paramR.coef[2][0].elem[522]: -8.962342966162014e-04
paramR.coef[3][0].elem[522]: -1.007639744709448e+00
auxint: 17
auxint: 12
paramR.coef[0][0].elem[523]: -1.000292156206951e+00
paramR.coef[1][0].elem[523]: -1.912368690258504e-03
paramR.coef[2][0].elem[523]: -8.970498121408612e-04
paramR.coef[3][0].elem[523]: -1.007640908453839e+00
auxint: 17
auxint: 13
paramR.coef[0][0].elem[524]: -1.000291939237572e+00
paramR.coef[1][0].elem[524]: -1.911327438031236e-03
paramR.coef[2][0].elem[524]: -8.979919568041147e-04
paramR.coef[3][0].elem[524]: -1.007643421476584e+00
auxint: 17
auxint: 14
paramR.coef[0][0].elem[525]: -1.000291552037036e+00
paramR.coef[1][0].elem[525]: -1.909943486336905e-03
paramR.coef[2][0].elem[525]: -8.990285231663921e-04
paramR.coef[3][0].elem[525]: -1.007647195671281e+00
auxint: 17
auxint: 15
paramR.coef[0][0].elem[526]: -1.000291006501422e+00
paramR.coef[1][0].elem[526]: -1.908265566033611e-03
paramR.coef[2][0].elem[526]: -9.001369502573380e-04
paramR.coef[3][0].elem[526]: -1.007652098037453e+00
auxint: 17
auxint: 16
paramR.coef[0][0].elem[527]: -1.000290321464208e+00
paramR.coef[1][0].elem[527]: -1.906351922114951e-03
paramR.coef[2][0].elem[527]: -9.013019837639826e-04
paramR.coef[3][0].elem[527]: -1.007657953632460e+00
auxint: 17
auxint: 17
paramR.coef[0][0].elem[528]: -1.000289522153990e+00
paramR.coef[1][0].elem[528]: -1.904269040583856e-03
paramR.coef[2][0].elem[528]: -9.025119492150339e-04
paramR.coef[3][0].elem[528]: -1.007664550581801e+00
auxint: 17
auxint: 18
paramR.coef[0][0].elem[529]: -1.000288639329467e+00
paramR.coef[1][0].elem[529]: -1.902089611395587e-03
paramR.coef[2][0].elem[529]: -9.037560679235806e-04
paramR.coef[3][0].elem[529]: -1.007671647496071e+00
auxint: 17
auxint: 19
paramR.coef[0][0].elem[530]: -1.000287707940147e+00
paramR.coef[1][0].elem[530]: -1.899890879155672e-03
paramR.coef[2][0].elem[530]: -9.050185976033652e-04
paramR.coef[3][0].elem[530]: -1.007678981295369e+00
auxint: 17
auxint: 20
paramR.coef[0][0].elem[531]: -1.000286765567593e+00
paramR.coef[1][0].elem[531]: -1.897753005533605e-03
paramR.coef[2][0].elem[531]: -9.062728073086371e-04
paramR.coef[3][0].elem[531]: -1.007686275403157e+00
auxint: 17
auxint: 21
paramR.coef[0][0].elem[532]: -1.000285850891676e+00
paramR.coef[1][0].elem[532]: -1.895756505196035e-03
paramR.coef[2][0].elem[532]: -9.074796018475508e-04
paramR.coef[3][0].elem[532]: -1.007693249369837e+00
auxint: 17
auxint: 22
paramR.coef[0][0].elem[533]: -1.000285001976204e+00
paramR.coef[1][0].elem[533]: -1.893979645186538e-03
paramR.coef[2][0].elem[533]: -9.085870713375705e-04
paramR.coef[3][0].elem[533]: -1.007699628742938e+00
auxint: 17
auxint: 23
paramR.coef[0][0].elem[534]: -1.000284254497393e+00
paramR.coef[1][0].elem[534]: -1.892495942374113e-03
paramR.coef[2][0].elem[534]: -9.095312689673038e-04
paramR.coef[3][0].elem[534]: -1.007705154717193e+00
auxint: 17
auxint: 24
paramR.coef[0][0].elem[535]: -1.000283640125730e+00
paramR.coef[1][0].elem[535]: -1.891370593791227e-03
paramR.coef[2][0].elem[535]: -9.102429224250505e-04
paramR.coef[3][0].elem[535]: -1.007709595426390e+00
auxint: 17
auxint: 25
paramR.coef[0][0].elem[536]: -1.000283184802630e+00
paramR.coef[1][0].elem[536]: -1.890656373187286e-03
paramR.coef[2][0].elem[536]: -9.106562078566144e-04
paramR.coef[3][0].elem[536]: -1.007712758710745e+00
auxint: 17
auxint: 26
paramR.coef[0][0].elem[537]: -1.000282907115177e+00
paramR.coef[1][0].elem[537]: -1.890390043200991e-03
paramR.coef[2][0].elem[537]: -9.107163437734262e-04
paramR.coef[3][0].elem[537]: -1.007714503846205e+00
auxint: 17
auxint: 27
paramR.coef[0][0].elem[538]: -1.000282817340171e+00
paramR.coef[1][0].elem[538]: -1.890589060426430e-03
paramR.coef[2][0].elem[538]: -9.103891256583137e-04
paramR.coef[3][0].elem[538]: -1.007714751073632e+00
auxint: 17
auxint: 28
paramR.coef[0][0].elem[539]: -1.000282916995930e+00
paramR.coef[1][0].elem[539]: -1.891249178683608e-03
paramR.coef[2][0].elem[539]: -9.096688821994263e-04
paramR.coef[3][0].elem[539]: -1.007713488168686e+00
auxint: 17
auxint: 29
paramR.coef[0][0].elem[540]: -1.000283198821101e+00
paramR.coef[1][0].elem[540]: -1.892344120159862e-03
paramR.coef[2][0].elem[540]: -9.085800701020678e-04
paramR.coef[3][0].elem[540]: -1.007710771958733e+00
auxint: 17
auxint: 30
paramR.coef[0][0].elem[541]: -1.000283647677325e+00
paramR.coef[1][0].elem[541]: -1.893826991262216e-03
paramR.coef[2][0].elem[541]: -9.071764025915876e-04
paramR.coef[3][0].elem[541]: -1.007706723935832e+00
auxint: 17
auxint: 31
paramR.coef[0][0].elem[542]: -1.000284242093883e+00
paramR.coef[1][0].elem[542]: -1.895633060310540e-03
paramR.coef[2][0].elem[542]: -9.055377480670062e-04
paramR.coef[3][0].elem[542]: -1.007701521475752e+00
auxint: 17
auxint: 32
paramR.coef[0][0].elem[543]: -1.000284955773191e+00
paramR.coef[1][0].elem[543]: -1.897684033648841e-03
paramR.coef[2][0].elem[543]: -9.037610741361181e-04
paramR.coef[3][0].elem[543]: -1.007695386337027e+00
auxint: 18
auxint: 1
paramR.coef[0][0].elem[544]: -1.000285176807652e+00
paramR.coef[1][0].elem[544]: -1.900492715613687e-03
paramR.coef[2][0].elem[544]: -8.971443600324533e-04
paramR.coef[3][0].elem[544]: -1.007688937724970e+00
auxint: 18
auxint: 2
paramR.coef[0][0].elem[545]: -1.000286037719434e+00
paramR.coef[1][0].elem[545]: -1.902757139754238e-03
paramR.coef[2][0].elem[545]: -8.954346866880357e-04
paramR.coef[3][0].elem[545]: -1.007681726707868e+00
auxint: 18
auxint: 3
paramR.coef[0][0].elem[546]: -1.000286930524367e+00
paramR.coef[1][0].elem[546]: -1.905009163519470e-03
paramR.coef[2][0].elem[546]: -8.938721943443908e-04
paramR.coef[3][0].elem[546]: -1.007674350196958e+00
auxint: 18
auxint: 4
paramR.coef[0][0].elem[547]: -1.000287823874149e+00
paramR.coef[1][0].elem[547]: -1.907161295622761e-03
paramR.coef[2][0].elem[547]: -8.925297046172823e-04
paramR.coef[3][0].elem[547]: -1.007667087458614e+00
auxint: 18
auxint: 5
paramR.coef[0][0].elem[548]: -1.000288687345714e+00
paramR.coef[1][0].elem[548]: -1.909132133418212e-03
paramR.coef[2][0].elem[548]: -8.914604339287432e-04
paramR.coef[3][0].elem[548]: -1.007660208517970e+00
auxint: 18
auxint: 6
paramR.coef[0][0].elem[549]: -1.000289491835282e+00
paramR.coef[1][0].elem[549]: -1.910849219823348e-03
paramR.coef[2][0].elem[549]: -8.906956187994639e-04
paramR.coef[3][0].elem[549]: -1.007653965601416e+00
auxint: 18
auxint: 7
paramR.coef[0][0].elem[550]: -1.000290209907879e+00
paramR.coef[1][0].elem[550]: -1.912251381067485e-03
paramR.coef[2][0].elem[550]: -8.902444232624570e-04
paramR.coef[3][0].elem[550]: -1.007648585401634e+00
auxint: 18
auxint: 8
paramR.coef[0][0].elem[551]: -1.000290816548374e+00
paramR.coef[1][0].elem[551]: -1.913290380914429e-03
paramR.coef[2][0].elem[551]: -8.900977823206530e-04
paramR.coef[3][0].elem[551]: -1.007644261655184e+00
auxint: 18
auxint: 9
paramR.coef[0][0].elem[552]: -1.000291289773843e+00
paramR.coef[1][0].elem[552]: -1.913932364630847e-03
paramR.coef[2][0].elem[552]: -8.902318007940761e-04
paramR.coef[3][0].elem[552]: -1.007641148584915e+00
auxint: 18
auxint: 10
paramR.coef[0][0].elem[553]: -1.000291611122429e+00
paramR.coef[1][0].elem[553]: -1.914158595234464e-03
paramR.coef[2][0].elem[553]: -8.906112162363356e-04
paramR.coef[3][0].elem[553]: -1.007639356513834e+00
auxint: 18
auxint: 11
paramR.coef[0][0].elem[554]: -1.000291766558322e+00
paramR.coef[1][0].elem[554]: -1.913965147826627e-03
paramR.coef[2][0].elem[554]: -8.911957303684644e-04
paramR.coef[3][0].elem[554]: -1.007638949097523e+00
auxint: 18
auxint: 12
paramR.coef[0][0].elem[555]: -1.000291747413026e+00
paramR.coef[1][0].elem[555]: -1.913362431948571e-03
paramR.coef[2][0].elem[555]: -8.919453095177096e-04
paramR.coef[3][0].elem[555]: -1.007639941175195e+00
auxint: 18
auxint: 13
paramR.coef[0][0].elem[556]: -1.000291551036417e+00
paramR.coef[1][0].elem[556]: -1.912374508351157e-03
paramR.coef[2][0].elem[556]: -8.928232315399101e-04
paramR.coef[3][0].elem[556]: -1.007642298202710e+00
auxint: 18
auxint: 14
paramR.coef[0][0].elem[557]: -1.000291181494946e+00
paramR.coef[1][0].elem[557]: -1.911037639646693e-03
paramR.coef[2][0].elem[557]: -8.938000400404903e-04
paramR.coef[3][0].elem[557]: -1.007645937665280e+00
auxint: 18
auxint: 15
paramR.coef[0][0].elem[558]: -1.000290650051850e+00
paramR.coef[1][0].elem[558]: -1.909398956643557e-03
paramR.coef[2][0].elem[558]: -8.948553428659316e-04
paramR.coef[3][0].elem[558]: -1.007650731074872e+00
auxint: 18
auxint: 16
paramR.coef[0][0].elem[559]: -1.000289975018547e+00
paramR.coef[1][0].elem[559]: -1.907515565962631e-03
paramR.coef[2][0].elem[559]: -8.959751690029407e-04
paramR.coef[3][0].elem[559]: -1.007656506853533e+00
auxint: 18
auxint: 17
paramR.coef[0][0].elem[560]: -1.000289181269591e+00
paramR.coef[1][0].elem[560]: -1.905453004270392e-03
paramR.coef[2][0].elem[560]: -8.971492809829285e-04
paramR.coef[3][0].elem[560]: -1.007663055767043e+00
auxint: 18
auxint: 18
paramR.coef[0][0].elem[561]: -1.000288299404982e+00
paramR.coef[1][0].elem[561]: -1.903283295334283e-03
paramR.coef[2][0].elem[561]: -8.983679984072030e-04
paramR.coef[3][0].elem[561]: -1.007670138175426e+00
auxint: 18
auxint: 19
paramR.coef[0][0].elem[562]: -1.000287364347063e+00
paramR.coef[1][0].elem[562]: -1.901083455090843e-03
paramR.coef[2][0].elem[562]: -8.996158100384357e-04
paramR.coef[3][0].elem[562]: -1.007677491593642e+00
auxint: 18
auxint: 20
paramR.coef[0][0].elem[563]: -1.000286413813149e+00
paramR.coef[1][0].elem[563]: -1.898933638685098e-03
paramR.coef[2][0].elem[563]: -9.008663608690364e-04
paramR.coef[3][0].elem[563]: -1.007684839157569e+00
auxint: 18
auxint: 21
paramR.coef[0][0].elem[564]: -1.000285486806374e+00
paramR.coef[1][0].elem[564]: -1.896914599843464e-03
paramR.coef[2][0].elem[564]: -9.020808657769231e-04
paramR.coef[3][0].elem[564]: -1.007691899202782e+00
auxint: 18
auxint: 22
paramR.coef[0][0].elem[565]: -1.000284621832881e+00
paramR.coef[1][0].elem[565]: -1.895105326721741e-03
paramR.coef[2][0].elem[565]: -9.032068163334580e-04
paramR.coef[3][0].elem[565]: -1.007698394713303e+00
auxint: 18
auxint: 23
paramR.coef[0][0].elem[566]: -1.000283855151768e+00
paramR.coef[1][0].elem[566]: -1.893580399570047e-03
paramR.coef[2][0].elem[566]: -9.041796620936993e-04
paramR.coef[3][0].elem[566]: -1.007704063056341e+00
auxint: 18
auxint: 24
paramR.coef[0][0].elem[567]: -1.000283219184496e+00
paramR.coef[1][0].elem[567]: -1.892406315958091e-03
paramR.coef[2][0].elem[567]: -9.049297556782477e-04
paramR.coef[3][0].elem[567]: -1.007708667504802e+00
auxint: 18
auxint: 25
paramR.coef[0][0].elem[568]: -1.000282740693786e+00
paramR.coef[1][0].elem[568]: -1.891637579207648e-03
paramR.coef[2][0].elem[568]: -9.053900621651857e-04
paramR.coef[3][0].elem[568]: -1.007712009853298e+00
auxint: 18
auxint: 26
paramR.coef[0][0].elem[569]: -1.000282439139041e+00
paramR.coef[1][0].elem[569]: -1.891313030236509e-03
paramR.coef[2][0].elem[569]: -9.055042247002215e-04
paramR.coef[3][0].elem[569]: -1.007713942255420e+00
auxint: 18
auxint: 27
paramR.coef[0][0].elem[570]: -1.000282325749225e+00
paramR.coef[1][0].elem[570]: -1.891452322668776e-03
paramR.coef[2][0].elem[570]: -9.052366732613545e-04
paramR.coef[3][0].elem[570]: -1.007714377314466e+00
auxint: 18
auxint: 28
paramR.coef[0][0].elem[571]: -1.000282402958528e+00
paramR.coef[1][0].elem[571]: -1.892053550072288e-03
paramR.coef[2][0].elem[571]: -9.045796610175044e-04
paramR.coef[3][0].elem[571]: -1.007713295069433e+00
auxint: 18
auxint: 29
paramR.coef[0][0].elem[572]: -1.000282664331222e+00
paramR.coef[1][0].elem[572]: -1.893092835600699e-03
paramR.coef[2][0].elem[572]: -9.035550830726612e-04
paramR.coef[3][0].elem[572]: -1.007710744770151e+00
auxint: 18
auxint: 30
paramR.coef[0][0].elem[573]: -1.000283095529225e+00
paramR.coef[1][0].elem[573]: -1.894525521848330e-03
paramR.coef[2][0].elem[573]: -9.022144776860848e-04
paramR.coef[3][0].elem[573]: -1.007706840902568e+00
auxint: 18
auxint: 31
paramR.coef[0][0].elem[574]: -1.000283675768645e+00
paramR.coef[1][0].elem[574]: -1.896288925077353e-03
paramR.coef[2][0].elem[574]: -9.006352103307907e-04
paramR.coef[3][0].elem[574]: -1.007701754876311e+00
auxint: 18
auxint: 32
paramR.coef[0][0].elem[575]: -1.000284379235228e+00
paramR.coef[1][0].elem[575]: -1.898306544636789e-03
paramR.coef[2][0].elem[575]: -8.989113429437379e-04
paramR.coef[3][0].elem[575]: -1.007695703826142e+00
auxint: 19
auxint: 1
paramR.coef[0][0].elem[576]: -1.000284451925833e+00
paramR.coef[1][0].elem[576]: -1.900843054294547e-03
paramR.coef[2][0].elem[576]: -8.934440181091941e-04
paramR.coef[3][0].elem[576]: -1.007689780271884e+00
auxint: 19
auxint: 2
paramR.coef[0][0].elem[577]: -1.000285308433949e+00
paramR.coef[1][0].elem[577]: -1.903089796960840e-03
paramR.coef[2][0].elem[577]: -8.917663547709255e-04
paramR.coef[3][0].elem[577]: -1.007682602698991e+00
auxint: 19
auxint: 3
paramR.coef[0][0].elem[578]: -1.000286201512919e+00
paramR.coef[1][0].elem[578]: -1.905336101867414e-03
paramR.coef[2][0].elem[578]: -8.902233355158603e-04
paramR.coef[3][0].elem[578]: -1.007675221984758e+00
auxint: 19
auxint: 4
paramR.coef[0][0].elem[579]: -1.000287099819327e+00
paramR.coef[1][0].elem[579]: -1.907494645482129e-03
paramR.coef[2][0].elem[579]: -8.888869081025135e-04
paramR.coef[3][0].elem[579]: -1.007667918057678e+00
auxint: 19
auxint: 5
paramR.coef[0][0].elem[580]: -1.000287972822886e+00
paramR.coef[1][0].elem[580]: -1.909483798512123e-03
paramR.coef[2][0].elem[580]: -8.878098394791633e-04
paramR.coef[3][0].elem[580]: -1.007660962729296e+00
auxint: 19
auxint: 6
paramR.coef[0][0].elem[581]: -1.000288791064155e+00
paramR.coef[1][0].elem[581]: -1.911230395028314e-03
paramR.coef[2][0].elem[581]: -8.870233263657215e-04
paramR.coef[3][0].elem[581]: -1.007654611451952e+00
auxint: 19
auxint: 7
paramR.coef[0][0].elem[582]: -1.000289526622278e+00
paramR.coef[1][0].elem[582]: -1.912671990992362e-03
paramR.coef[2][0].elem[582]: -8.865376897044843e-04
paramR.coef[3][0].elem[582]: -1.007649095385781e+00
auxint: 19
auxint: 8
paramR.coef[0][0].elem[583]: -1.000290153910095e+00
paramR.coef[1][0].elem[583]: -1.913758735803125e-03
paramR.coef[2][0].elem[583]: -8.863456314316129e-04
paramR.coef[3][0].elem[583]: -1.007644613460396e+00
auxint: 19
auxint: 9
paramR.coef[0][0].elem[584]: -1.000290650158437e+00
paramR.coef[1][0].elem[584]: -1.914454898839386e-03
paramR.coef[2][0].elem[584]: -8.864250814276144e-04
paramR.coef[3][0].elem[584]: -1.007641325878527e+00
auxint: 19
auxint: 10
paramR.coef[0][0].elem[585]: -1.000290995999378e+00
paramR.coef[1][0].elem[585]: -1.914739512087163e-03
paramR.coef[2][0].elem[585]: -8.867433802509711e-04
paramR.coef[3][0].elem[585]: -1.007639349707635e+00
auxint: 19
auxint: 11
paramR.coef[0][0].elem[586]: -1.000291176490655e+00
paramR.coef[1][0].elem[586]: -1.914606270044859e-03
paramR.coef[2][0].elem[586]: -8.872632962371182e-04
paramR.coef[3][0].elem[586]: -1.007638755528964e+00
auxint: 19
auxint: 12
paramR.coef[0][0].elem[587]: -1.000291181961722e+00
paramR.coef[1][0].elem[587]: -1.914063279816271e-03
paramR.coef[2][0].elem[587]: -8.879474304580734e-04
paramR.coef[3][0].elem[587]: -1.007639565034571e+00
auxint: 19
auxint: 13
paramR.coef[0][0].elem[588]: -1.000291008724153e+00
paramR.coef[1][0].elem[588]: -1.913132313516824e-03
paramR.coef[2][0].elem[588]: -8.887617440920598e-04
paramR.coef[3][0].elem[588]: -1.007641750488711e+00
auxint: 19
auxint: 14
paramR.coef[0][0].elem[589]: -1.000290659946648e+00
paramR.coef[1][0].elem[589]: -1.911847474353172e-03
paramR.coef[2][0].elem[589]: -8.896795272695930e-04
paramR.coef[3][0].elem[589]: -1.007645235661576e+00
auxint: 19
auxint: 15
paramR.coef[0][0].elem[590]: -1.000290146088100e+00
paramR.coef[1][0].elem[590]: -1.910254116115445e-03
paramR.coef[2][0].elem[590]: -8.906823034605106e-04
paramR.coef[3][0].elem[590]: -1.007649897409463e+00
auxint: 19
auxint: 16
paramR.coef[0][0].elem[591]: -1.000289484731172e+00
paramR.coef[1][0].elem[591]: -1.908407841028484e-03
paramR.coef[2][0].elem[591]: -8.917576234690623e-04
paramR.coef[3][0].elem[591]: -1.007655568764905e+00
auxint: 19
auxint: 17
paramR.coef[0][0].elem[592]: -1.000288700231474e+00
paramR.coef[1][0].elem[592]: -1.906372851709363e-03
paramR.coef[2][0].elem[592]: -8.928968614154218e-04
paramR.coef[3][0].elem[592]: -1.007662044404062e+00
auxint: 19
auxint: 18
paramR.coef[0][0].elem[593]: -1.000287822858213e+00
paramR.coef[1][0].elem[593]: -1.904220227318412e-03
paramR.coef[2][0].elem[593]: -8.940912060492041e-04
paramR.coef[3][0].elem[593]: -1.007669087501182e+00
auxint: 19
auxint: 19
paramR.coef[0][0].elem[594]: -1.000286887341822e+00
paramR.coef[1][0].elem[594]: -1.902026448246483e-03
paramR.coef[2][0].elem[594]: -8.953253929127961e-04
paramR.coef[3][0].elem[594]: -1.007676437195534e+00
auxint: 19
auxint: 20
paramR.coef[0][0].elem[595]: -1.000285931436020e+00
paramR.coef[1][0].elem[595]: -1.899871373348146e-03
paramR.coef[2][0].elem[595]: -8.965734718963032e-04
paramR.coef[3][0].elem[595]: -1.007683817229060e+00
auxint: 19
auxint: 21
paramR.coef[0][0].elem[596]: -1.000284994378291e+00
paramR.coef[1][0].elem[596]: -1.897835807686616e-03
paramR.coef[2][0].elem[596]: -8.977966541492101e-04
paramR.coef[3][0].elem[596]: -1.007690945395086e+00
auxint: 19
auxint: 22
paramR.coef[0][0].elem[597]: -1.000284115036912e+00
paramR.coef[1][0].elem[597]: -1.895999255026644e-03
paramR.coef[2][0].elem[597]: -8.989418078216974e-04
paramR.coef[3][0].elem[597]: -1.007697542716835e+00
auxint: 19
auxint: 23
paramR.coef[0][0].elem[598]: -1.000283330244003e+00
paramR.coef[1][0].elem[598]: -1.894437164822005e-03
paramR.coef[2][0].elem[598]: -8.999439114997186e-04
paramR.coef[3][0].elem[598]: -1.007703343176995e+00
auxint: 19
auxint: 24
paramR.coef[0][0].elem[599]: -1.000282673170571e+00
paramR.coef[1][0].elem[599]: -1.893217267544066e-03
paramR.coef[2][0].elem[599]: -9.007326495797695e-04
paramR.coef[3][0].elem[599]: -1.007708105370148e+00
auxint: 19
auxint: 25
paramR.coef[0][0].elem[600]: -1.000282171378963e+00
paramR.coef[1][0].elem[600]: -1.892395741478162e-03
paramR.coef[2][0].elem[600]: -9.012396567660062e-04
paramR.coef[3][0].elem[600]: -1.007711625132548e+00
auxint: 19
auxint: 26
paramR.coef[0][0].elem[601]: -1.000281845240373e+00
paramR.coef[1][0].elem[601]: -1.892013428883692e-03
paramR.coef[2][0].elem[601]: -9.014072556191247e-04
paramR.coef[3][0].elem[601]: -1.007713747478200e+00
auxint: 19
auxint: 27
paramR.coef[0][0].elem[602]: -1.000281706997121e+00
paramR.coef[1][0].elem[602]: -1.892092205367849e-03
paramR.coef[2][0].elem[602]: -9.011984324269594e-04
paramR.coef[3][0].elem[602]: -1.007714377155395e+00
auxint: 19
auxint: 28
paramR.coef[0][0].elem[603]: -1.000281760023689e+00
paramR.coef[1][0].elem[603]: -1.892632571746667e-03
paramR.coef[2][0].elem[603]: -9.006032886832598e-04
paramR.coef[3][0].elem[603]: -1.007713486148647e+00
auxint: 19
auxint: 29
paramR.coef[0][0].elem[604]: -1.000281998779831e+00
paramR.coef[1][0].elem[604]: -1.893613102415904e-03
paramR.coef[2][0].elem[604]: -8.996414999756594e-04
paramR.coef[3][0].elem[604]: -1.007711115690458e+00
auxint: 19
auxint: 30
paramR.coef[0][0].elem[605]: -1.000282409826895e+00
paramR.coef[1][0].elem[605]: -1.894991503109173e-03
paramR.coef[2][0].elem[605]: -8.983624844914936e-04
paramR.coef[3][0].elem[605]: -1.007707372691464e+00
auxint: 19
auxint: 31
paramR.coef[0][0].elem[606]: -1.000282973104974e+00
paramR.coef[1][0].elem[606]: -1.896707285441846e-03
paramR.coef[2][0].elem[606]: -8.968409464769724e-04
paramR.coef[3][0].elem[606]: -1.007702422112628e+00
auxint: 19
auxint: 32
paramR.coef[0][0].elem[607]: -1.000283663342624e+00
paramR.coef[1][0].elem[607]: -1.898685843814891e-03
paramR.coef[2][0].elem[607]: -8.951683173894235e-04
paramR.coef[3][0].elem[607]: -1.007696475966853e+00
auxint: 20
auxint: 1
paramR.coef[0][0].elem[608]: -1.000283609660292e+00
paramR.coef[1][0].elem[608]: -1.900932432933501e-03
paramR.coef[2][0].elem[608]: -8.909837335901996e-04
paramR.coef[3][0].elem[608]: -1.007691067367826e+00
auxint: 20
auxint: 2
paramR.coef[0][0].elem[609]: -1.000284458806039e+00
paramR.coef[1][0].elem[609]: -1.903155608021295e-03
paramR.coef[2][0].elem[609]: -8.893354616828993e-04
paramR.coef[3][0].elem[609]: -1.007683944174410e+00
auxint: 20
auxint: 3
paramR.coef[0][0].elem[610]: -1.000285349085261e+00
paramR.coef[1][0].elem[610]: -1.905389672044666e-03
paramR.coef[2][0].elem[610]: -8.878100383085506e-04
paramR.coef[3][0].elem[610]: -1.007676581374351e+00
auxint: 20
auxint: 4
paramR.coef[0][0].elem[611]: -1.000286249296797e+00
paramR.coef[1][0].elem[611]: -1.907547706624612e-03
paramR.coef[2][0].elem[611]: -8.864786023073399e-04
paramR.coef[3][0].elem[611]: -1.007669258722979e+00
auxint: 20
auxint: 5
paramR.coef[0][0].elem[612]: -1.000287128893335e+00
paramR.coef[1][0].elem[612]: -1.909548132245690e-03
paramR.coef[2][0].elem[612]: -8.853933420648513e-04
paramR.coef[3][0].elem[612]: -1.007662248995318e+00
auxint: 20
auxint: 6
paramR.coef[0][0].elem[613]: -1.000287958163723e+00
paramR.coef[1][0].elem[613]: -1.911317309905244e-03
paramR.coef[2][0].elem[613]: -8.845855967853136e-04
paramR.coef[3][0].elem[613]: -1.007655810070061e+00
auxint: 20
auxint: 7
paramR.coef[0][0].elem[614]: -1.000288708869673e+00
paramR.coef[1][0].elem[614]: -1.912791857513300e-03
paramR.coef[2][0].elem[614]: -8.840668032053450e-04
paramR.coef[3][0].elem[614]: -1.007650176530998e+00
auxint: 20
auxint: 8
paramR.coef[0][0].elem[615]: -1.000289354977650e+00
paramR.coef[1][0].elem[615]: -1.913920704835869e-03
paramR.coef[2][0].elem[615]: -8.838310317132690e-04
paramR.coef[3][0].elem[615]: -1.007645551447352e+00
auxint: 20
auxint: 9
paramR.coef[0][0].elem[616]: -1.000289873017153e+00
paramR.coef[1][0].elem[616]: -1.914666515753809e-03
paramR.coef[2][0].elem[616]: -8.838579932643593e-04
paramR.coef[3][0].elem[616]: -1.007642100249594e+00
auxint: 20
auxint: 10
paramR.coef[0][0].elem[617]: -1.000290242829152e+00
paramR.coef[1][0].elem[617]: -1.915006320470718e-03
paramR.coef[2][0].elem[617]: -8.841176415800207e-04
paramR.coef[3][0].elem[617]: -1.007639946085590e+00
auxint: 20
auxint: 11
paramR.coef[0][0].elem[618]: -1.000290448628775e+00
paramR.coef[1][0].elem[618]: -1.914931684241640e-03
paramR.coef[2][0].elem[618]: -8.845754297427059e-04
paramR.coef[3][0].elem[618]: -1.007639165907573e+00
auxint: 20
auxint: 12
paramR.coef[0][0].elem[619]: -1.000290479719033e+00
paramR.coef[1][0].elem[619]: -1.914448492879995e-03
paramR.coef[2][0].elem[619]: -8.851964743757934e-04
paramR.coef[3][0].elem[619]: -1.007639788202449e+00
auxint: 20
auxint: 13
paramR.coef[0][0].elem[620]: -1.000290331337355e+00
paramR.coef[1][0].elem[620]: -1.913576152666374e-03
paramR.coef[2][0].elem[620]: -8.859495732497486e-04
paramR.coef[3][0].elem[620]: -1.007641792374470e+00
auxint: 20
auxint: 14
paramR.coef[0][0].elem[621]: -1.000290005673698e+00
paramR.coef[1][0].elem[621]: -1.912346525121642e-03
paramR.coef[2][0].elem[621]: -8.868105875315499e-04
paramR.coef[3][0].elem[621]: -1.007645108952245e+00
auxint: 20
auxint: 15
paramR.coef[0][0].elem[622]: -1.000289512220911e+00
paramR.coef[1][0].elem[622]: -1.910802992287979e-03
paramR.coef[2][0].elem[622]: -8.877628944466253e-04
paramR.coef[3][0].elem[622]: -1.007649620954113e+00
auxint: 20
auxint: 16
paramR.coef[0][0].elem[623]: -1.000288867680144e+00
paramR.coef[1][0].elem[623]: -1.908999317876305e-03
paramR.coef[2][0].elem[623]: -8.887958258913433e-04
paramR.coef[3][0].elem[623]: -1.007655167133177e+00
auxint: 20
auxint: 17
paramR.coef[0][0].elem[624]: -1.000288095749439e+00
paramR.coef[1][0].elem[624]: -1.906998099867465e-03
paramR.coef[2][0].elem[624]: -8.899022770358036e-04
paramR.coef[3][0].elem[624]: -1.007661547072326e+00
auxint: 20
auxint: 18
paramR.coef[0][0].elem[625]: -1.000287226192257e+00
paramR.coef[1][0].elem[625]: -1.904869234239947e-03
paramR.coef[2][0].elem[625]: -8.910741059949114e-04
paramR.coef[3][0].elem[625]: -1.007668527686314e+00
auxint: 20
auxint: 19
paramR.coef[0][0].elem[626]: -1.000286293400515e+00
paramR.coef[1][0].elem[626]: -1.902688339851539e-03
paramR.coef[2][0].elem[626]: -8.922964453326815e-04
paramR.coef[3][0].elem[626]: -1.007675850770864e+00
auxint: 20
auxint: 20
paramR.coef[0][0].elem[627]: -1.000285335067082e+00
paramR.coef[1][0].elem[627]: -1.900534707532755e-03
paramR.coef[2][0].elem[627]: -8.935436685594243e-04
paramR.coef[3][0].elem[627]: -1.007683241564898e+00
auxint: 20
auxint: 21
paramR.coef[0][0].elem[628]: -1.000284390557269e+00
paramR.coef[1][0].elem[628]: -1.898489020609567e-03
paramR.coef[2][0].elem[628]: -8.947766692199036e-04
paramR.coef[3][0].elem[628]: -1.007690417961461e+00
auxint: 20
auxint: 22
paramR.coef[0][0].elem[629]: -1.000283499022254e+00
paramR.coef[1][0].elem[629]: -1.896631084862505e-03
paramR.coef[2][0].elem[629]: -8.959417450465458e-04
paramR.coef[3][0].elem[629]: -1.007697099623937e+00
auxint: 20
auxint: 23
paramR.coef[0][0].elem[630]: -1.000282697835158e+00
paramR.coef[1][0].elem[630]: -1.895037019973504e-03
paramR.coef[2][0].elem[630]: -8.969733995888300e-04
paramR.coef[3][0].elem[630]: -1.007703017693535e+00
auxint: 20
auxint: 24
paramR.coef[0][0].elem[631]: -1.000282020866609e+00
paramR.coef[1][0].elem[631]: -1.893775683898959e-03
paramR.coef[2][0].elem[631]: -8.978003385806808e-04
paramR.coef[3][0].elem[631]: -1.007707926447230e+00
auxint: 20
auxint: 25
paramR.coef[0][0].elem[632]: -1.000281496443799e+00
paramR.coef[1][0].elem[632]: -1.892904813539244e-03
paramR.coef[2][0].elem[632]: -8.983528903639384e-04
paramR.coef[3][0].elem[632]: -1.007711616015246e+00
auxint: 20
auxint: 26
paramR.coef[0][0].elem[633]: -1.000281145870872e+00
paramR.coef[1][0].elem[633]: -1.892467128923424e-03
paramR.coef[2][0].elem[633]: -8.985722390851676e-04
paramR.coef[3][0].elem[633]: -1.007713924466201e+00
auxint: 20
auxint: 27
paramR.coef[0][0].elem[634]: -1.000280982404436e+00
paramR.coef[1][0].elem[634]: -1.892486678826284e-03
paramR.coef[2][0].elem[634]: -8.984198110126225e-04
paramR.coef[3][0].elem[634]: -1.007714748787151e+00
auxint: 20
auxint: 28
paramR.coef[0][0].elem[635]: -1.000281010351658e+00
paramR.coef[1][0].elem[635]: -1.892966338406962e-03
paramR.coef[2][0].elem[635]: -8.978836236095878e-04
paramR.coef[3][0].elem[635]: -1.007714052885386e+00
auxint: 20
auxint: 29
paramR.coef[0][0].elem[636]: -1.000281225122460e+00
paramR.coef[1][0].elem[636]: -1.893887106354935e-03
paramR.coef[2][0].elem[636]: -8.969814149186384e-04
paramR.coef[3][0].elem[636]: -1.007711869825675e+00
auxint: 20
auxint: 30
paramR.coef[0][0].elem[637]: -1.000281614225482e+00
paramR.coef[1][0].elem[637]: -1.895209088866076e-03
paramR.coef[2][0].elem[637]: -8.957605092930380e-04
paramR.coef[3][0].elem[637]: -1.007708298712962e+00
auxint: 20
auxint: 31
paramR.coef[0][0].elem[638]: -1.000282158343218e+00
paramR.coef[1][0].elem[638]: -1.896874040607275e-03
paramR.coef[2][0].elem[638]: -8.942930940445037e-04
paramR.coef[3][0].elem[638]: -1.007703497778631e+00
auxint: 20
auxint: 32
paramR.coef[0][0].elem[639]: -1.000282832826598e+00
paramR.coef[1][0].elem[639]: -1.898809306850466e-03
paramR.coef[2][0].elem[639]: -8.926683573524226e-04
paramR.coef[3][0].elem[639]: -1.007697673483940e+00
auxint: 21
auxint: 1
paramR.coef[0][0].elem[640]: -1.000282679033069e+00
paramR.coef[1][0].elem[640]: -1.900758135062118e-03
paramR.coef[2][0].elem[640]: -8.898457223076542e-04
paramR.coef[3][0].elem[640]: -1.007692758269876e+00
auxint: 21
auxint: 2
paramR.coef[0][0].elem[641]: -1.000283518068817e+00
paramR.coef[1][0].elem[641]: -1.902952649470535e-03
paramR.coef[2][0].elem[641]: -8.882232697704934e-04
paramR.coef[3][0].elem[641]: -1.007685708773336e+00
auxint: 21
auxint: 3
paramR.coef[0][0].elem[642]: -1.000284402547452e+00
paramR.coef[1][0].elem[642]: -1.905168349402157e-03
paramR.coef[2][0].elem[642]: -8.867129755402510e-04
paramR.coef[3][0].elem[642]: -1.007678385621606e+00
auxint: 21
auxint: 4
paramR.coef[0][0].elem[643]: -1.000285301540811e+00
paramR.coef[1][0].elem[643]: -1.907318975026876e-03
paramR.coef[2][0].elem[643]: -8.853851688011500e-04
paramR.coef[3][0].elem[643]: -1.007671067499979e+00
auxint: 21
auxint: 5
paramR.coef[0][0].elem[644]: -1.000286184558043e+00
paramR.coef[1][0].elem[644]: -1.909323225909771e-03
paramR.coef[2][0].elem[644]: -8.842915069044441e-04
paramR.coef[3][0].elem[644]: -1.007664027381949e+00
auxint: 21
auxint: 6
paramR.coef[0][0].elem[645]: -1.000287021767461e+00
paramR.coef[1][0].elem[645]: -1.911107260200294e-03
paramR.coef[2][0].elem[645]: -8.834636064631633e-04
paramR.coef[3][0].elem[645]: -1.007657524635834e+00
auxint: 21
auxint: 7
paramR.coef[0][0].elem[646]: -1.000287784779591e+00
paramR.coef[1][0].elem[646]: -1.912607162134640e-03
paramR.coef[2][0].elem[646]: -8.829137758563345e-04
paramR.coef[3][0].elem[646]: -1.007651796056178e+00
auxint: 21
auxint: 8
paramR.coef[0][0].elem[647]: -1.000288447228962e+00
paramR.coef[1][0].elem[647]: -1.913771025393466e-03
paramR.coef[2][0].elem[647]: -8.826372016686627e-04
paramR.coef[3][0].elem[647]: -1.007647047767349e+00
auxint: 21
auxint: 9
paramR.coef[0][0].elem[648]: -1.000288985085568e+00
paramR.coef[1][0].elem[648]: -1.914560229893532e-03
paramR.coef[2][0].elem[648]: -8.826153446035961e-04
paramR.coef[3][0].elem[648]: -1.007643449455307e+00
auxint: 21
auxint: 10
paramR.coef[0][0].elem[649]: -1.000289377551240e+00
paramR.coef[1][0].elem[649]: -1.914950169107484e-03
paramR.coef[2][0].elem[649]: -8.828204392231310e-04
paramR.coef[3][0].elem[649]: -1.007641129361923e+00
auxint: 21
auxint: 11
paramR.coef[0][0].elem[650]: -1.000289608044562e+00
paramR.coef[1][0].elem[650]: -1.914930568881971e-03
paramR.coef[2][0].elem[650]: -8.832202166932355e-04
paramR.coef[3][0].elem[650]: -1.007640170169968e+00
auxint: 21
auxint: 12
paramR.coef[0][0].elem[651]: -1.000289664856063e+00
paramR.coef[1][0].elem[651]: -1.914505203731702e-03
paramR.coef[2][0].elem[651]: -8.837822826811826e-04
paramR.coef[3][0].elem[651]: -1.007640606959841e+00
auxint: 21
auxint: 13
paramR.coef[0][0].elem[652]: -1.000289542178808e+00
paramR.coef[1][0].elem[652]: -1.913691174721481e-03
paramR.coef[2][0].elem[652]: -8.844781443023904e-04
paramR.coef[3][0].elem[652]: -1.007642426239636e+00
auxint: 21
auxint: 14
paramR.coef[0][0].elem[653]: -1.000289241156197e+00
paramR.coef[1][0].elem[653]: -1.912518098285313e-03
paramR.coef[2][0].elem[653]: -8.852859631142089e-04
paramR.coef[3][0].elem[653]: -1.007645565560331e+00
auxint: 21
auxint: 15
paramR.coef[0][0].elem[654]: -1.000288770186944e+00
paramR.coef[1][0].elem[654]: -1.911027196739683e-03
paramR.coef[2][0].elem[654]: -8.861910842722221e-04
paramR.coef[3][0].elem[654]: -1.007649914822167e+00
auxint: 21
auxint: 16
paramR.coef[0][0].elem[655]: -1.000288144999883e+00
paramR.coef[1][0].elem[655]: -1.909270151977435e-03
paramR.coef[2][0].elem[655]: -8.871847265711821e-04
paramR.coef[3][0].elem[655]: -1.007655319345252e+00
auxint: 21
auxint: 17
paramR.coef[0][0].elem[656]: -1.000287388507391e+00
paramR.coef[1][0].elem[656]: -1.907307771001626e-03
paramR.coef[2][0].elem[656]: -8.882610747394916e-04
paramR.coef[3][0].elem[656]: -1.007661584400801e+00
auxint: 21
auxint: 18
paramR.coef[0][0].elem[657]: -1.000286529801269e+00
paramR.coef[1][0].elem[657]: -1.905208528182199e-03
paramR.coef[2][0].elem[657]: -8.894126479578272e-04
paramR.coef[3][0].elem[657]: -1.007668481496040e+00
auxint: 21
auxint: 19
paramR.coef[0][0].elem[658]: -1.000285602827266e+00
paramR.coef[1][0].elem[658]: -1.903046890591519e-03
paramR.coef[2][0].elem[658]: -8.906251100663480e-04
paramR.coef[3][0].elem[658]: -1.007675755989444e+00
auxint: 21
auxint: 20
paramR.coef[0][0].elem[659]: -1.000284645113523e+00
paramR.coef[1][0].elem[659]: -1.900901346562665e-03
paramR.coef[2][0].elem[659]: -8.918729708789034e-04
paramR.coef[3][0].elem[659]: -1.007683135449211e+00
auxint: 21
auxint: 21
paramR.coef[0][0].elem[660]: -1.000283696025725e+00
paramR.coef[1][0].elem[660]: -1.898852254071260e-03
paramR.coef[2][0].elem[660]: -8.931166762692602e-04
paramR.coef[3][0].elem[660]: -1.007690338565898e+00
auxint: 21
auxint: 22
paramR.coef[0][0].elem[661]: -1.000282794930926e+00
paramR.coef[1][0].elem[661]: -1.896979518214555e-03
paramR.coef[2][0].elem[661]: -8.943019992746144e-04
paramR.coef[3][0].elem[661]: -1.007697084213373e+00
auxint: 21
auxint: 23
paramR.coef[0][0].elem[662]: -1.000281979682892e+00
paramR.coef[1][0].elem[662]: -1.895359751721842e-03
paramR.coef[2][0].elem[662]: -8.953627854737594e-04
paramR.coef[3][0].elem[662]: -1.007703101266664e+00
auxint: 21
auxint: 24
paramR.coef[0][0].elem[663]: -1.000281284750375e+00
paramR.coef[1][0].elem[663]: -1.894062756771216e-03
paramR.coef[2][0].elem[663]: -8.962266415962842e-04
paramR.coef[3][0].elem[663]: -1.007708140281847e+00
auxint: 21
auxint: 25
paramR.coef[0][0].elem[664]: -1.000280739188142e+00
paramR.coef[1][0].elem[664]: -1.893147647931444e-03
paramR.coef[2][0].elem[664]: -8.968227295103840e-04
paramR.coef[3][0].elem[664]: -1.007711986128390e+00
auxint: 21
auxint: 26
paramR.coef[0][0].elem[665]: -1.000280365226202e+00
paramR.coef[1][0].elem[665]: -1.892658883717947e-03
paramR.coef[2][0].elem[665]: -8.970910411934284e-04
paramR.coef[3][0].elem[665]: -1.007714470306417e+00
auxint: 21
auxint: 27
paramR.coef[0][0].elem[666]: -1.000280177060059e+00
paramR.coef[1][0].elem[666]: -1.892622539157001e-03
paramR.coef[2][0].elem[666]: -8.969913816089561e-04
paramR.coef[3][0].elem[666]: -1.007715482495353e+00
auxint: 21
auxint: 28
paramR.coef[0][0].elem[667]: -1.000280179895665e+00
paramR.coef[1][0].elem[667]: -1.893043717657505e-03
paramR.coef[2][0].elem[667]: -8.965099534416928e-04
paramR.coef[3][0].elem[667]: -1.007714978821683e+00
auxint: 21
auxint: 29
paramR.coef[0][0].elem[668]: -1.000280370135872e+00
paramR.coef[1][0].elem[668]: -1.893905769948409e-03
paramR.coef[2][0].elem[668]: -8.956626935976273e-04
paramR.coef[3][0].elem[668]: -1.007712984258228e+00
auxint: 21
auxint: 30
paramR.coef[0][0].elem[669]: -1.000280736229763e+00
paramR.coef[1][0].elem[669]: -1.895171148853069e-03
paramR.coef[2][0].elem[669]: -8.944948581316065e-04
paramR.coef[3][0].elem[669]: -1.007709590206306e+00
auxint: 21
auxint: 31
paramR.coef[0][0].elem[670]: -1.000281259606027e+00
paramR.coef[1][0].elem[670]: -1.896783792148038e-03
paramR.coef[2][0].elem[670]: -8.930765149644155e-04
paramR.coef[3][0].elem[670]: -1.007704948129489e+00
auxint: 21
auxint: 32
paramR.coef[0][0].elem[671]: -1.000281916330254e+00
paramR.coef[1][0].elem[671]: -1.898673026164230e-03
paramR.coef[2][0].elem[671]: -8.914949659428398e-04
paramR.coef[3][0].elem[671]: -1.007699258572229e+00
auxint: 22
auxint: 1
paramR.coef[0][0].elem[672]: -1.000281692397761e+00
paramR.coef[1][0].elem[672]: -1.900326215146337e-03
paramR.coef[2][0].elem[672]: -8.900584201841329e-04
paramR.coef[3][0].elem[672]: -1.007694803694072e+00
auxint: 22
auxint: 2
paramR.coef[0][0].elem[673]: -1.000282518827558e+00
paramR.coef[1][0].elem[673]: -1.902487808524414e-03
paramR.coef[2][0].elem[673]: -8.884577921143129e-04
paramR.coef[3][0].elem[673]: -1.007687845264185e+00
auxint: 22
auxint: 3
paramR.coef[0][0].elem[674]: -1.000283394645817e+00
paramR.coef[1][0].elem[674]: -1.904679534422489e-03
paramR.coef[2][0].elem[674]: -8.869599723559829e-04
paramR.coef[3][0].elem[674]: -1.007680582599667e+00
auxint: 22
auxint: 4
paramR.coef[0][0].elem[675]: -1.000284289276251e+00
paramR.coef[1][0].elem[675]: -1.906815986596199e-03
paramR.coef[2][0].elem[675]: -8.856345146032465e-04
paramR.coef[3][0].elem[675]: -1.007673292595756e+00
auxint: 22
auxint: 5
paramR.coef[0][0].elem[676]: -1.000285172349116e+00
paramR.coef[1][0].elem[676]: -1.908816333069876e-03
paramR.coef[2][0].elem[676]: -8.845327584642812e-04
paramR.coef[3][0].elem[676]: -1.007666247694330e+00
auxint: 22
auxint: 6
paramR.coef[0][0].elem[677]: -1.000286014088374e+00
paramR.coef[1][0].elem[677]: -1.910606863800986e-03
paramR.coef[2][0].elem[677]: -8.836866244637636e-04
paramR.coef[3][0].elem[677]: -1.007659707580360e+00
auxint: 22
auxint: 7
paramR.coef[0][0].elem[678]: -1.000286786122944e+00
paramR.coef[1][0].elem[678]: -1.912123571030170e-03
paramR.coef[2][0].elem[678]: -8.831089505741749e-04
paramR.coef[3][0].elem[678]: -1.007653909928664e+00
auxint: 22
auxint: 8
paramR.coef[0][0].elem[679]: -1.000287461859269e+00
paramR.coef[1][0].elem[679]: -1.913314077457421e-03
paramR.coef[2][0].elem[679]: -8.827958822447255e-04
paramR.coef[3][0].elem[679]: -1.007649062848964e+00
auxint: 22
auxint: 9
paramR.coef[0][0].elem[680]: -1.000288016871075e+00
paramR.coef[1][0].elem[680]: -1.914138857215938e-03
paramR.coef[2][0].elem[680]: -8.827304832251951e-04
paramR.coef[3][0].elem[680]: -1.007645339149603e+00
auxint: 22
auxint: 10
paramR.coef[0][0].elem[681]: -1.000288429888153e+00
paramR.coef[1][0].elem[681]: -1.914572120495678e-03
paramR.coef[2][0].elem[681]: -8.828867399590532e-04
paramR.coef[3][0].elem[681]: -1.007642870951041e+00
auxint: 22
auxint: 11
paramR.coef[0][0].elem[682]: -1.000288683597808e+00
paramR.coef[1][0].elem[682]: -1.914602079401430e-03
paramR.coef[2][0].elem[682]: -8.832342917840422e-04
paramR.coef[3][0].elem[682]: -1.007641745883937e+00
auxint: 22
auxint: 12
paramR.coef[0][0].elem[683]: -1.000288765336920e+00
paramR.coef[1][0].elem[683]: -1.914230573520186e-03
paramR.coef[2][0].elem[683]: -8.837431511477499e-04
paramR.coef[3][0].elem[683]: -1.007642005208674e+00
auxint: 22
auxint: 13
paramR.coef[0][0].elem[684]: -1.000288668314816e+00
paramR.coef[1][0].elem[684]: -1.913472557473712e-03
paramR.coef[2][0].elem[684]: -8.843872205989197e-04
paramR.coef[3][0].elem[684]: -1.007643642243483e+00
auxint: 22
auxint: 14
paramR.coef[0][0].elem[685]: -1.000288392590481e+00
paramR.coef[1][0].elem[685]: -1.912355454198562e-03
paramR.coef[2][0].elem[685]: -8.851466901556097e-04
paramR.coef[3][0].elem[685]: -1.007646601639471e+00
auxint: 22
auxint: 15
paramR.coef[0][0].elem[686]: -1.000287945398639e+00
paramR.coef[1][0].elem[686]: -1.910918224546054e-03
paramR.coef[2][0].elem[686]: -8.860089229254691e-04
paramR.coef[3][0].elem[686]: -1.007650780623405e+00
auxint: 22
auxint: 16
paramR.coef[0][0].elem[687]: -1.000287341442569e+00
paramR.coef[1][0].elem[687]: -1.909210350488196e-03
paramR.coef[2][0].elem[687]: -8.869669334338063e-04
paramR.coef[3][0].elem[687]: -1.007656031584876e+00
auxint: 22
auxint: 17
paramR.coef[0][0].elem[688]: -1.000286602734026e+00
paramR.coef[1][0].elem[688]: -1.907290689550984e-03
paramR.coef[2][0].elem[688]: -8.880160652887181e-04
paramR.coef[3][0].elem[688]: -1.007662166135318e+00
auxint: 22
auxint: 18
paramR.coef[0][0].elem[689]: -1.000285757563131e+00
paramR.coef[1][0].elem[689]: -1.905226037498893e-03
paramR.coef[2][0].elem[689]: -8.891496614982971e-04
paramR.coef[3][0].elem[689]: -1.007668961217712e+00
auxint: 22
auxint: 19
paramR.coef[0][0].elem[690]: -1.000284839347854e+00
paramR.coef[1][0].elem[690]: -1.903089485989141e-03
paramR.coef[2][0].elem[690]: -8.903539172495472e-04
paramR.coef[3][0].elem[690]: -1.007676166495175e+00
auxint: 22
auxint: 20
paramR.coef[0][0].elem[691]: -1.000283885340348e+00
paramR.coef[1][0].elem[691]: -1.900958548476175e-03
paramR.coef[2][0].elem[691]: -8.916032730287288e-04
paramR.coef[3][0].elem[691]: -1.007683512511007e+00
auxint: 22
auxint: 21
paramR.coef[0][0].elem[692]: -1.000282934780093e+00
paramR.coef[1][0].elem[692]: -1.898913030764317e-03
paramR.coef[2][0].elem[692]: -8.928578052145193e-04
paramR.coef[3][0].elem[692]: -1.007690719460361e+00
auxint: 22
auxint: 22
paramR.coef[0][0].elem[693]: -1.000282027177304e+00
paramR.coef[1][0].elem[693]: -1.897032712960873e-03
paramR.coef[2][0].elem[693]: -8.940628104109340e-04
paramR.coef[3][0].elem[693]: -1.007697506101758e+00
auxint: 22
auxint: 23
paramR.coef[0][0].elem[694]: -1.000281200774474e+00
paramR.coef[1][0].elem[694]: -1.895394518674523e-03
paramR.coef[2][0].elem[694]: -8.951512583762777e-04
paramR.coef[3][0].elem[694]: -1.007703599691604e+00
auxint: 22
auxint: 24
paramR.coef[0][0].elem[695]: -1.000280490519843e+00
paramR.coef[1][0].elem[695]: -1.894068970297956e-03
paramR.coef[2][0].elem[695]: -8.960496848658581e-04
paramR.coef[3][0].elem[695]: -1.007708747764756e+00
auxint: 22
auxint: 25
paramR.coef[0][0].elem[696]: -1.000279926132905e+00
paramR.coef[1][0].elem[696]: -1.893116326309401e-03
paramR.coef[2][0].elem[696]: -8.966862228858708e-04
paramR.coef[3][0].elem[696]: -1.007712730591867e+00
auxint: 22
auxint: 26
paramR.coef[0][0].elem[697]: -1.000279530698064e+00
paramR.coef[1][0].elem[697]: -1.892582586372739e-03
paramR.coef[2][0].elem[697]: -8.969995255479433e-04
paramR.coef[3][0].elem[697]: -1.007715373775558e+00
auxint: 22
auxint: 27
paramR.coef[0][0].elem[698]: -1.000279319239623e+00
paramR.coef[1][0].elem[698]: -1.892495624041658e-03
paramR.coef[2][0].elem[698]: -8.969478120396950e-04
paramR.coef[3][0].elem[698]: -1.007716560410521e+00
auxint: 22
auxint: 28
paramR.coef[0][0].elem[699]: -1.000279297822969e+00
paramR.coef[1][0].elem[699]: -1.892862550203423e-03
paramR.coef[2][0].elem[699]: -8.965157799508586e-04
paramR.coef[3][0].elem[699]: -1.007716239391683e+00
auxint: 22
auxint: 29
paramR.coef[0][0].elem[700]: -1.000279463835029e+00
paramR.coef[1][0].elem[700]: -1.893668921227518e-03
paramR.coef[2][0].elem[700]: -8.957176466193881e-04
paramR.coef[3][0].elem[700]: -1.007714427984383e+00
auxint: 22
auxint: 30
paramR.coef[0][0].elem[701]: -1.000279806609736e+00
paramR.coef[1][0].elem[701]: -1.894879392861962e-03
paramR.coef[2][0].elem[701]: -8.945967228164832e-04
paramR.coef[3][0].elem[701]: -1.007711210270691e+00
auxint: 22
auxint: 31
paramR.coef[0][0].elem[702]: -1.000280308325937e+00
paramR.coef[1][0].elem[702]: -1.896439958040972e-03
paramR.coef[2][0].elem[702]: -8.932213900743205e-04
paramR.coef[3][0].elem[702]: -1.007706731107135e+00
auxint: 22
auxint: 32
paramR.coef[0][0].elem[703]: -1.000280945826946e+00
paramR.coef[1][0].elem[703]: -1.898281893150857e-03
paramR.coef[2][0].elem[703]: -8.916773516191648e-04
paramR.coef[3][0].elem[703]: -1.007701184987034e+00
auxint: 23
auxint: 1
paramR.coef[0][0].elem[704]: -1.000280684745062e+00
paramR.coef[1][0].elem[704]: -1.899651452951414e-03
paramR.coef[2][0].elem[704]: -8.915976859578248e-04
paramR.coef[3][0].elem[704]: -1.007697145082814e+00
auxint: 23
auxint: 2
paramR.coef[0][0].elem[705]: -1.000281496386742e+00
paramR.coef[1][0].elem[705]: -1.901776756177772e-03
paramR.coef[2][0].elem[705]: -8.900148674048060e-04
paramR.coef[3][0].elem[705]: -1.007690292739432e+00
auxint: 23
auxint: 3
paramR.coef[0][0].elem[706]: -1.000282360873670e+00
paramR.coef[1][0].elem[706]: -1.903939500215518e-03
paramR.coef[2][0].elem[706]: -8.885270053373790e-04
paramR.coef[3][0].elem[706]: -1.007683110080920e+00
auxint: 23
auxint: 4
paramR.coef[0][0].elem[707]: -1.000283248024247e+00
paramR.coef[1][0].elem[707]: -1.906055266873872e-03
paramR.coef[2][0].elem[707]: -8.872030427615900e-04
paramR.coef[3][0].elem[707]: -1.007675871624230e+00
auxint: 23
auxint: 5
paramR.coef[0][0].elem[708]: -1.000284127677405e+00
paramR.coef[1][0].elem[708]: -1.908043871129495e-03
paramR.coef[2][0].elem[708]: -8.860942932228873e-04
paramR.coef[3][0].elem[708]: -1.007668848503080e+00
auxint: 23
auxint: 6
paramR.coef[0][0].elem[709]: -1.000284970302450e+00
paramR.coef[1][0].elem[709]: -1.909832104864957e-03
paramR.coef[2][0].elem[709]: -8.852328627478119e-04
paramR.coef[3][0].elem[709]: -1.007662299439690e+00
auxint: 23
auxint: 7
paramR.coef[0][0].elem[710]: -1.000285747695259e+00
paramR.coef[1][0].elem[710]: -1.911356294937509e-03
paramR.coef[2][0].elem[710]: -8.846318037106190e-04
paramR.coef[3][0].elem[710]: -1.007656461672547e+00
auxint: 23
auxint: 8
paramR.coef[0][0].elem[711]: -1.000286433156484e+00
paramR.coef[1][0].elem[711]: -1.912563968493090e-03
paramR.coef[2][0].elem[711]: -8.842880776157868e-04
paramR.coef[3][0].elem[711]: -1.007651544152119e+00
auxint: 23
auxint: 9
paramR.coef[0][0].elem[712]: -1.000287002042179e+00
paramR.coef[1][0].elem[712]: -1.913415139938128e-03
paramR.coef[2][0].elem[712]: -8.841859980733368e-04
paramR.coef[3][0].elem[712]: -1.007647721512330e+00
auxint: 23
auxint: 10
paramR.coef[0][0].elem[713]: -1.000287432759051e+00
paramR.coef[1][0].elem[713]: -1.913883305544514e-03
paramR.coef[2][0].elem[713]: -8.843007791327745e-04
paramR.coef[3][0].elem[713]: -1.007645128477591e+00
auxint: 23
auxint: 11
paramR.coef[0][0].elem[714]: -1.000287707362993e+00
paramR.coef[1][0].elem[714]: -1.913955507995678e-03
paramR.coef[2][0].elem[714]: -8.846036840278647e-04
paramR.coef[3][0].elem[714]: -1.007643856714691e+00
auxint: 23
auxint: 12
paramR.coef[0][0].elem[715]: -1.000287812356607e+00
paramR.coef[1][0].elem[715]: -1.913631945261263e-03
paramR.coef[2][0].elem[715]: -8.850667868515814e-04
paramR.coef[3][0].elem[715]: -1.007643952934720e+00
auxint: 23
auxint: 13
paramR.coef[0][0].elem[716]: -1.000287740038653e+00
paramR.coef[1][0].elem[716]: -1.912925687918845e-03
paramR.coef[2][0].elem[716]: -8.856658908243244e-04
paramR.coef[3][0].elem[716]: -1.007645416704138e+00
auxint: 23
auxint: 14
paramR.coef[0][0].elem[717]: -1.000287489378174e+00
paramR.coef[1][0].elem[717]: -1.911862063515429e-03
paramR.coef[2][0].elem[717]: -8.863830424044605e-04
paramR.coef[3][0].elem[717]: -1.007648199649020e+00
auxint: 23
auxint: 15
paramR.coef[0][0].elem[718]: -1.000287066443476e+00
paramR.coef[1][0].elem[718]: -1.910477761904055e-03
paramR.coef[2][0].elem[718]: -8.872075608979492e-04
paramR.coef[3][0].elem[718]: -1.007652206479211e+00
auxint: 23
auxint: 16
paramR.coef[0][0].elem[719]: -1.000286484885266e+00
paramR.coef[1][0].elem[719]: -1.908820049699819e-03
paramR.coef[2][0].elem[719]: -8.881339981691857e-04
paramR.coef[3][0].elem[719]: -1.007657296880756e+00
auxint: 23
auxint: 17
paramR.coef[0][0].elem[720]: -1.000285765724070e+00
paramR.coef[1][0].elem[720]: -1.906945718950140e-03
paramR.coef[2][0].elem[720]: -8.891588343757008e-04
paramR.coef[3][0].elem[720]: -1.007663289273318e+00
auxint: 23
auxint: 18
paramR.coef[0][0].elem[721]: -1.000284936371058e+00
paramR.coef[1][0].elem[721]: -1.904919672652419e-03
paramR.coef[2][0].elem[721]: -8.902764139374235e-04
paramR.coef[3][0].elem[721]: -1.007669966720306e+00
auxint: 23
auxint: 19
paramR.coef[0][0].elem[722]: -1.000284029642555e+00
paramR.coef[1][0].elem[722]: -1.902813451771456e-03
paramR.coef[2][0].elem[722]: -8.914733876209279e-04
paramR.coef[3][0].elem[722]: -1.007677083816239e+00
auxint: 23
auxint: 20
paramR.coef[0][0].elem[723]: -1.000283082392478e+00
paramR.coef[1][0].elem[723]: -1.900703430115653e-03
paramR.coef[2][0].elem[723]: -8.927240953028714e-04
paramR.coef[3][0].elem[723]: -1.007684374650971e+00
auxint: 23
auxint: 21
paramR.coef[0][0].elem[724]: -1.000282133630578e+00
paramR.coef[1][0].elem[724]: -1.898668638223921e-03
paramR.coef[2][0].elem[724]: -8.939884387953741e-04
paramR.coef[3][0].elem[724]: -1.007691561578564e+00
auxint: 23
auxint: 22
paramR.coef[0][0].elem[725]: -1.000281222927387e+00
paramR.coef[1][0].elem[725]: -1.896788506062315e-03
paramR.coef[2][0].elem[725]: -8.952112341878012e-04
paramR.coef[3][0].elem[725]: -1.007698363973911e+00
auxint: 23
auxint: 23
paramR.coef[0][0].elem[726]: -1.000280388784006e+00
paramR.coef[1][0].elem[726]: -1.895140048718270e-03
paramR.coef[2][0].elem[726]: -8.963244965230313e-04
paramR.coef[3][0].elem[726]: -1.007704508238483e+00
auxint: 23
auxint: 24
paramR.coef[0][0].elem[727]: -1.000279666507143e+00
paramR.coef[1][0].elem[727]: -1.893794257945076e-03
paramR.coef[2][0].elem[727]: -8.972538181894759e-04
paramR.coef[3][0].elem[727]: -1.007709739660142e+00
auxint: 23
auxint: 25
paramR.coef[0][0].elem[728]: -1.000279086387199e+00
paramR.coef[1][0].elem[728]: -1.892812271475720e-03
paramR.coef[2][0].elem[728]: -8.979263260594361e-04
paramR.coef[3][0].elem[728]: -1.007713834765993e+00
auxint: 23
auxint: 26
paramR.coef[0][0].elem[729]: -1.000278672221352e+00
paramR.coef[1][0].elem[729]: -1.892241342684540e-03
paramR.coef[2][0].elem[729]: -8.982792979492915e-04
paramR.coef[3][0].elem[729]: -1.007716614256058e+00
auxint: 23
auxint: 27
paramR.coef[0][0].elem[730]: -1.000278439740987e+00
paramR.coef[1][0].elem[730]: -1.892110844303895e-03
paramR.coef[2][0].elem[730]: -8.982695699691528e-04
paramR.coef[3][0].elem[730]: -1.007717955569757e+00
auxint: 23
auxint: 28
paramR.coef[0][0].elem[731]: -1.000278395824714e+00
paramR.coef[1][0].elem[731]: -1.892429644955935e-03
paramR.coef[2][0].elem[731]: -8.978804725138683e-04
paramR.coef[3][0].elem[731]: -1.007717801113661e+00
auxint: 23
auxint: 29
paramR.coef[0][0].elem[732]: -1.000278538759634e+00
paramR.coef[1][0].elem[732]: -1.893185268386995e-03
paramR.coef[2][0].elem[732]: -8.971245490277378e-04
paramR.coef[3][0].elem[732]: -1.007716161203461e+00
auxint: 23
auxint: 30
paramR.coef[0][0].elem[733]: -1.000278858668951e+00
paramR.coef[1][0].elem[733]: -1.894344319563850e-03
paramR.coef[2][0].elem[733]: -8.960435208917063e-04
paramR.coef[3][0].elem[733]: -1.007713113280546e+00
auxint: 23
auxint: 31
paramR.coef[0][0].elem[734]: -1.000279338494262e+00
paramR.coef[1][0].elem[734]: -1.895854684209988e-03
paramR.coef[2][0].elem[734]: -8.947044710263715e-04
paramR.coef[3][0].elem[734]: -1.007708795878841e+00
auxint: 23
auxint: 32
paramR.coef[0][0].elem[735]: -1.000279955879881e+00
paramR.coef[1][0].elem[735]: -1.897649508620523e-03
paramR.coef[2][0].elem[735]: -8.931916853894821e-04
paramR.coef[3][0].elem[735]: -1.007703397521236e+00
auxint: 24
auxint: 1
paramR.coef[0][0].elem[736]: -1.000279692851500e+00
paramR.coef[1][0].elem[736]: -1.898757166413505e-03
paramR.coef[2][0].elem[736]: -8.943901592342995e-04
paramR.coef[3][0].elem[736]: -1.007699713495788e+00
auxint: 24
auxint: 2
paramR.coef[0][0].elem[737]: -1.000280487915886e+00
paramR.coef[1][0].elem[737]: -1.900843796572884e-03
paramR.coef[2][0].elem[737]: -8.928213445520198e-04
paramR.coef[3][0].elem[737]: -1.007692979403358e+00
auxint: 24
auxint: 3
paramR.coef[0][0].elem[738]: -1.000281338635835e+00
paramR.coef[1][0].elem[738]: -1.902973244760922e-03
paramR.coef[2][0].elem[738]: -8.913413237204081e-04
paramR.coef[3][0].elem[738]: -1.007685894504321e+00
auxint: 24
auxint: 4
paramR.coef[0][0].elem[739]: -1.000282215278967e+00
paramR.coef[1][0].elem[739]: -1.905062193982174e-03
paramR.coef[2][0].elem[739]: -8.900187213716095e-04
paramR.coef[3][0].elem[739]: -1.007678730319265e+00
auxint: 24
auxint: 5
paramR.coef[0][0].elem[740]: -1.000283088033637e+00
paramR.coef[1][0].elem[740]: -1.907031325782056e-03
paramR.coef[2][0].elem[740]: -8.889050141144799e-04
paramR.coef[3][0].elem[740]: -1.007671755722053e+00
auxint: 24
auxint: 6
paramR.coef[0][0].elem[741]: -1.000283927774290e+00
paramR.coef[1][0].elem[741]: -1.908808292267271e-03
paramR.coef[2][0].elem[741]: -8.880322499809305e-04
paramR.coef[3][0].elem[741]: -1.007665227266478e+00
auxint: 24
auxint: 7
paramR.coef[0][0].elem[742]: -1.000284706561452e+00
paramR.coef[1][0].elem[742]: -1.910330106894967e-03
paramR.coef[2][0].elem[742]: -8.874135491721820e-04
paramR.coef[3][0].elem[742]: -1.007659380622074e+00
auxint: 24
auxint: 8
paramR.coef[0][0].elem[743]: -1.000285397746432e+00
paramR.coef[1][0].elem[743]: -1.911544591090651e-03
paramR.coef[2][0].elem[743]: -8.870465654147196e-04
paramR.coef[3][0].elem[743]: -1.007654424321642e+00
auxint: 24
auxint: 9
paramR.coef[0][0].elem[744]: -1.000285976675888e+00
paramR.coef[1][0].elem[744]: -1.912411814019060e-03
paramR.coef[2][0].elem[744]: -8.869162928109608e-04
paramR.coef[3][0].elem[744]: -1.007650533333170e+00
auxint: 24
auxint: 10
paramR.coef[0][0].elem[745]: -1.000286421562105e+00
paramR.coef[1][0].elem[745]: -1.912905027788928e-03
paramR.coef[2][0].elem[745]: -8.869986537628956e-04
paramR.coef[3][0].elem[745]: -1.007647843701881e+00
auxint: 24
auxint: 11
paramR.coef[0][0].elem[746]: -1.000286713951827e+00
paramR.coef[1][0].elem[746]: -1.913010472709378e-03
paramR.coef[2][0].elem[746]: -8.872662664271726e-04
paramR.coef[3][0].elem[746]: -1.007646450113705e+00
auxint: 24
auxint: 12
paramR.coef[0][0].elem[747]: -1.000286839682371e+00
paramR.coef[1][0].elem[747]: -1.912727104301408e-03
paramR.coef[2][0].elem[747]: -8.876926893576080e-04
paramR.coef[3][0].elem[747]: -1.007646403701013e+00
auxint: 24
auxint: 13
paramR.coef[0][0].elem[748]: -1.000286790231400e+00
paramR.coef[1][0].elem[748]: -1.912066455445476e-03
paramR.coef[2][0].elem[748]: -8.882550454624758e-04
paramR.coef[3][0].elem[748]: -1.007647709461086e+00
auxint: 24
auxint: 14
paramR.coef[0][0].elem[749]: -1.000286563507867e+00
paramR.coef[1][0].elem[749]: -1.911051924048715e-03
paramR.coef[2][0].elem[749]: -8.889370997306568e-04
paramR.coef[3][0].elem[749]: -1.007650325619577e+00
auxint: 24
auxint: 15
paramR.coef[0][0].elem[750]: -1.000286164474345e+00
paramR.coef[1][0].elem[750]: -1.909718024739147e-03
paramR.coef[2][0].elem[750]: -8.897299017156582e-04
paramR.coef[3][0].elem[750]: -1.007654164212565e+00
auxint: 24
auxint: 16
paramR.coef[0][0].elem[751]: -1.000285605736194e+00
paramR.coef[1][0].elem[751]: -1.908109866825862e-03
paramR.coef[2][0].elem[751]: -8.906291963136308e-04
paramR.coef[3][0].elem[751]: -1.007659092230808e+00
auxint: 24
auxint: 17
paramR.coef[0][0].elem[752]: -1.000284907261831e+00
paramR.coef[1][0].elem[752]: -1.906282110709973e-03
paramR.coef[2][0].elem[752]: -8.916326459252452e-04
paramR.coef[3][0].elem[752]: -1.007664935179068e+00
auxint: 24
auxint: 18
paramR.coef[0][0].elem[753]: -1.000284095547744e+00
paramR.coef[1][0].elem[753]: -1.904297644976583e-03
paramR.coef[2][0].elem[753]: -8.927356911768188e-04
paramR.coef[3][0].elem[753]: -1.007671482644162e+00
auxint: 24
auxint: 19
paramR.coef[0][0].elem[754]: -1.000283202744813e+00
paramR.coef[1][0].elem[754]: -1.902226332512262e-03
paramR.coef[2][0].elem[754]: -8.939253727461138e-04
paramR.coef[3][0].elem[754]: -1.007678494625095e+00
auxint: 24
auxint: 20
paramR.coef[0][0].elem[755]: -1.000282265186918e+00
paramR.coef[1][0].elem[755]: -1.900143209262432e-03
paramR.coef[2][0].elem[755]: -8.951761351276626e-04
paramR.coef[3][0].elem[755]: -1.007685709372294e+00
auxint: 24
auxint: 21
paramR.coef[0][0].elem[756]: -1.000281321569032e+00
paramR.coef[1][0].elem[756]: -1.898126311912999e-03
paramR.coef[2][0].elem[756]: -8.964479238132391e-04
paramR.coef[3][0].elem[756]: -1.007692852048422e+00
auxint: 24
auxint: 22
paramR.coef[0][0].elem[757]: -1.000280411432755e+00
paramR.coef[1][0].elem[757]: -1.896254526494176e-03
paramR.coef[2][0].elem[757]: -8.976850074575472e-04
paramR.coef[3][0].elem[757]: -1.007699643319871e+00
auxint: 24
auxint: 23
paramR.coef[0][0].elem[758]: -1.000279573380257e+00
paramR.coef[1][0].elem[758]: -1.894604705190923e-03
paramR.coef[2][0].elem[758]: -8.988185873268453e-04
paramR.coef[3][0].elem[758]: -1.007705809557482e+00
auxint: 24
auxint: 24
paramR.coef[0][0].elem[759]: -1.000278842943005e+00
paramR.coef[1][0].elem[759]: -1.893248010481729e-03
paramR.coef[2][0].elem[759]: -8.997735669787176e-04
paramR.coef[3][0].elem[759]: -1.007711094724319e+00
auxint: 24
auxint: 25
paramR.coef[0][0].elem[760]: -1.000278250865984e+00
paramR.coef[1][0].elem[760]: -1.892246171963547e-03
paramR.coef[2][0].elem[760]: -9.004759900357727e-04
paramR.coef[3][0].elem[760]: -1.007715272628543e+00
auxint: 24
auxint: 26
paramR.coef[0][0].elem[761]: -1.000277821481947e+00
paramR.coef[1][0].elem[761]: -1.891647353887038e-03
paramR.coef[2][0].elem[761]: -9.008618156631870e-04
paramR.coef[3][0].elem[761]: -1.007718160259640e+00
auxint: 24
auxint: 27
paramR.coef[0][0].elem[762]: -1.000277571081451e+00
paramR.coef[1][0].elem[762]: -1.891482059499725e-03
paramR.coef[2][0].elem[762]: -9.008868307814695e-04
paramR.coef[3][0].elem[762]: -1.007719630546943e+00
auxint: 24
auxint: 28
paramR.coef[0][0].elem[763]: -1.000277507267388e+00
paramR.coef[1][0].elem[763]: -1.891760610409069e-03
paramR.coef[2][0].elem[763]: -9.005330586847383e-04
paramR.coef[3][0].elem[763]: -1.007719620417994e+00
auxint: 24
auxint: 29
paramR.coef[0][0].elem[764]: -1.000277629093834e+00
paramR.coef[1][0].elem[764]: -1.892472180257258e-03
paramR.coef[2][0].elem[764]: -8.998114550705838e-04
paramR.coef[3][0].elem[764]: -1.007718134295868e+00
auxint: 24
auxint: 30
paramR.coef[0][0].elem[765]: -1.000277927363144e+00
paramR.coef[1][0].elem[765]: -1.893584992393748e-03
paramR.coef[2][0].elem[765]: -8.987626297791218e-04
paramR.coef[3][0].elem[765]: -1.007715243884227e+00
auxint: 24
auxint: 31
paramR.coef[0][0].elem[766]: -1.000278385774443e+00
paramR.coef[1][0].elem[766]: -1.895048623165690e-03
paramR.coef[2][0].elem[766]: -8.974526721510873e-04
paramR.coef[3][0].elem[766]: -1.007711081852247e+00
auxint: 24
auxint: 32
paramR.coef[0][0].elem[767]: -1.000278982760517e+00
paramR.coef[1][0].elem[767]: -1.896797961194218e-03
paramR.coef[2][0].elem[767]: -8.959646051561295e-04
paramR.coef[3][0].elem[767]: -1.007705831011902e+00
auxint: 25
auxint: 1
paramR.coef[0][0].elem[768]: -1.000278754210776e+00
paramR.coef[1][0].elem[768]: -1.897674806288163e-03
paramR.coef[2][0].elem[768]: -8.983181988509444e-04
paramR.coef[3][0].elem[768]: -1.007702428775490e+00
auxint: 25
auxint: 2
paramR.coef[0][0].elem[769]: -1.000279531375716e+00
paramR.coef[1][0].elem[769]: -1.899721466495187e-03
paramR.coef[2][0].elem[769]: -8.967599188335750e-04
paramR.coef[3][0].elem[769]: -1.007695821734066e+00
auxint: 25
auxint: 3
paramR.coef[0][0].elem[770]: -1.000280366224762e+00
paramR.coef[1][0].elem[770]: -1.901814162793697e-03
paramR.coef[2][0].elem[770]: -8.952861549842777e-04
paramR.coef[3][0].elem[770]: -1.007688849877305e+00
auxint: 25
auxint: 4
paramR.coef[0][0].elem[771]: -1.000281229537435e+00
paramR.coef[1][0].elem[771]: -1.903870747599793e-03
paramR.coef[2][0].elem[771]: -8.939655941808821e-04
paramR.coef[3][0].elem[771]: -1.007681781186984e+00
auxint: 25
auxint: 5
paramR.coef[0][0].elem[772]: -1.000282092015581e+00
paramR.coef[1][0].elem[772]: -1.905813024907244e-03
paramR.coef[2][0].elem[772]: -8.928498644462728e-04
paramR.coef[3][0].elem[772]: -1.007674881225697e+00
auxint: 25
auxint: 6
paramR.coef[0][0].elem[773]: -1.000282925064434e+00
paramR.coef[1][0].elem[773]: -1.907569833321287e-03
paramR.coef[2][0].elem[773]: -8.919707303438392e-04
paramR.coef[3][0].elem[773]: -1.007668403253555e+00
auxint: 25
auxint: 7
paramR.coef[0][0].elem[774]: -1.000283701091419e+00
paramR.coef[1][0].elem[774]: -1.909079155022709e-03
paramR.coef[2][0].elem[774]: -8.913414140723731e-04
paramR.coef[3][0].elem[774]: -1.007662580376423e+00
auxint: 25
auxint: 8
paramR.coef[0][0].elem[775]: -1.000284393680501e+00
paramR.coef[1][0].elem[775]: -1.910289519899651e-03
paramR.coef[2][0].elem[775]: -8.909600060065968e-04
paramR.coef[3][0].elem[775]: -1.007657619366807e+00
auxint: 25
auxint: 9
paramR.coef[0][0].elem[776]: -1.000284978369316e+00
paramR.coef[1][0].elem[776]: -1.911161583281966e-03
paramR.coef[2][0].elem[776]: -8.908115257329982e-04
paramR.coef[3][0].elem[776]: -1.007653693976210e+00
auxint: 25
auxint: 10
paramR.coef[0][0].elem[777]: -1.000285433298672e+00
paramR.coef[1][0].elem[777]: -1.911668796647455e-03
paramR.coef[2][0].elem[777]: -8.908721875785936e-04
paramR.coef[3][0].elem[777]: -1.007650940311684e+00
auxint: 25
auxint: 11
paramR.coef[0][0].elem[778]: -1.000285739665069e+00
paramR.coef[1][0].elem[778]: -1.911797030542517e-03
paramR.coef[2][0].elem[778]: -8.911155252777637e-04
paramR.coef[3][0].elem[778]: -1.007649454870749e+00
auxint: 25
auxint: 12
paramR.coef[0][0].elem[779]: -1.000285882828710e+00
paramR.coef[1][0].elem[779]: -1.911544487401240e-03
paramR.coef[2][0].elem[779]: -8.915158351206423e-04
paramR.coef[3][0].elem[779]: -1.007649291913223e+00
auxint: 25
auxint: 13
paramR.coef[0][0].elem[780]: -1.000285853551541e+00
paramR.coef[1][0].elem[780]: -1.910921526465190e-03
paramR.coef[2][0].elem[780]: -8.920511027663991e-04
paramR.coef[3][0].elem[780]: -1.007650460920247e+00
auxint: 25
auxint: 14
paramR.coef[0][0].elem[781]: -1.000285648771282e+00
paramR.coef[1][0].elem[781]: -1.909949860145646e-03
paramR.coef[2][0].elem[781]: -8.927065507262075e-04
paramR.coef[3][0].elem[781]: -1.007652926094403e+00
auxint: 25
auxint: 15
paramR.coef[0][0].elem[782]: -1.000285272452207e+00
paramR.coef[1][0].elem[782]: -1.908662070463724e-03
paramR.coef[2][0].elem[782]: -8.934744317979170e-04
paramR.coef[3][0].elem[782]: -1.007656606248307e+00
auxint: 25
auxint: 16
paramR.coef[0][0].elem[783]: -1.000284736183608e+00
paramR.coef[1][0].elem[783]: -1.907101233794856e-03
paramR.coef[2][0].elem[783]: -8.943514133113852e-04
paramR.coef[3][0].elem[783]: -1.007661375432482e+00
auxint: 25
auxint: 17
paramR.coef[0][0].elem[784]: -1.000284058866622e+00
paramR.coef[1][0].elem[784]: -1.905319852716530e-03
paramR.coef[2][0].elem[784]: -8.953364698252071e-04
paramR.coef[3][0].elem[784]: -1.007667066337850e+00
auxint: 25
auxint: 18
paramR.coef[0][0].elem[785]: -1.000283266081241e+00
paramR.coef[1][0].elem[785]: -1.903378769880136e-03
paramR.coef[2][0].elem[785]: -8.964260678533822e-04
paramR.coef[3][0].elem[785]: -1.007673475242089e+00
auxint: 25
auxint: 19
paramR.coef[0][0].elem[786]: -1.000282389254143e+00
paramR.coef[1][0].elem[786]: -1.901346087993845e-03
paramR.coef[2][0].elem[786]: -8.976076308169096e-04
paramR.coef[3][0].elem[786]: -1.007680367863670e+00
auxint: 25
auxint: 20
paramR.coef[0][0].elem[787]: -1.000281464103524e+00
paramR.coef[1][0].elem[787]: -1.899295310327972e-03
paramR.coef[2][0].elem[787]: -8.988560691343413e-04
paramR.coef[3][0].elem[787]: -1.007687487162560e+00
auxint: 25
auxint: 21
paramR.coef[0][0].elem[788]: -1.000280528941542e+00
paramR.coef[1][0].elem[788]: -1.897303292779296e-03
paramR.coef[2][0].elem[788]: -9.001315201473408e-04
paramR.coef[3][0].elem[788]: -1.007694561698982e+00
auxint: 25
auxint: 22
paramR.coef[0][0].elem[789]: -1.000279623167944e+00
paramR.coef[1][0].elem[789]: -1.895448184053042e-03
paramR.coef[2][0].elem[789]: -9.013777187916014e-04
paramR.coef[3][0].elem[789]: -1.007701314111196e+00
auxint: 25
auxint: 23
paramR.coef[0][0].elem[790]: -1.000278785322277e+00
paramR.coef[1][0].elem[790]: -1.893806378989402e-03
paramR.coef[2][0].elem[790]: -9.025254227009025e-04
paramR.coef[3][0].elem[790]: -1.007707471633966e+00
auxint: 25
auxint: 24
paramR.coef[0][0].elem[791]: -1.000278051029104e+00
paramR.coef[1][0].elem[791]: -1.892448896744093e-03
paramR.coef[2][0].elem[791]: -9.034990989424097e-04
paramR.coef[3][0].elem[791]: -1.007712777909660e+00
auxint: 25
auxint: 25
paramR.coef[0][0].elem[792]: -1.000277451336806e+00
paramR.coef[1][0].elem[792]: -1.891437744674270e-03
paramR.coef[2][0].elem[792]: -9.042236611572616e-04
paramR.coef[3][0].elem[792]: -1.007717005186399e+00
auxint: 25
auxint: 26
paramR.coef[0][0].elem[793]: -1.000277010913230e+00
paramR.coef[1][0].elem[793]: -1.890821603815842e-03
paramR.coef[2][0].elem[793]: -9.046339715258359e-04
paramR.coef[3][0].elem[793]: -1.007719968087268e+00
auxint: 25
auxint: 27
paramR.coef[0][0].elem[794]: -1.000276746447675e+00
paramR.coef[1][0].elem[794]: -1.890631703652933e-03
paramR.coef[2][0].elem[794]: -9.046850679464507e-04
paramR.coef[3][0].elem[794]: -1.007721536343250e+00
auxint: 25
auxint: 28
paramR.coef[0][0].elem[795]: -1.000276666122175e+00
paramR.coef[1][0].elem[795]: -1.890879445104520e-03
paramR.coef[2][0].elem[795]: -9.043577491668403e-04
paramR.coef[3][0].elem[795]: -1.007721642694236e+00
auxint: 25
auxint: 29
paramR.coef[0][0].elem[796]: -1.000276769587180e+00
paramR.coef[1][0].elem[796]: -1.891555246598155e-03
paramR.coef[2][0].elem[796]: -9.036616885440045e-04
paramR.coef[3][0].elem[796]: -1.007720286981271e+00
auxint: 25
auxint: 30
paramR.coef[0][0].elem[797]: -1.000277048224245e+00
paramR.coef[1][0].elem[797]: -1.892628600883962e-03
paramR.coef[2][0].elem[797]: -9.026367913217962e-04
paramR.coef[3][0].elem[797]: -1.007717536170976e+00
auxint: 25
auxint: 31
paramR.coef[0][0].elem[798]: -1.000277486446669e+00
paramR.coef[1][0].elem[798]: -1.894050537939098e-03
paramR.coef[2][0].elem[798]: -9.013482886252417e-04
paramR.coef[3][0].elem[798]: -1.007713517737133e+00
auxint: 25
auxint: 32
paramR.coef[0][0].elem[799]: -1.000278063401767e+00
paramR.coef[1][0].elem[799]: -1.895757448994056e-03
paramR.coef[2][0].elem[799]: -8.998782648543355e-04
paramR.coef[3][0].elem[799]: -1.007708409381758e+00
auxint: 26
auxint: 1
paramR.coef[0][0].elem[800]: -1.000277905697590e+00
paramR.coef[1][0].elem[800]: -1.896443216064507e-03
paramR.coef[2][0].elem[800]: -9.032259706190288e-04
paramR.coef[3][0].elem[800]: -1.007705199718157e+00
auxint: 26
auxint: 2
paramR.coef[0][0].elem[801]: -1.000278664187072e+00
paramR.coef[1][0].elem[801]: -1.898449813387580e-03
paramR.coef[2][0].elem[801]: -9.016750914308022e-04
paramR.coef[3][0].elem[801]: -1.007698724616870e+00
auxint: 26
auxint: 3
paramR.coef[0][0].elem[802]: -1.000279481514044e+00
paramR.coef[1][0].elem[802]: -1.900503358917802e-03
paramR.coef[2][0].elem[802]: -9.002065101595570e-04
paramR.coef[3][0].elem[802]: -1.007691877808097e+00
auxint: 26
auxint: 4
paramR.coef[0][0].elem[803]: -1.000280329025843e+00
paramR.coef[1][0].elem[803]: -1.902522895485038e-03
paramR.coef[2][0].elem[803]: -8.988893488833256e-04
paramR.coef[3][0].elem[803]: -1.007684923328220e+00
auxint: 26
auxint: 5
paramR.coef[0][0].elem[804]: -1.000281178073149e+00
paramR.coef[1][0].elem[804]: -1.904431577069160e-03
paramR.coef[2][0].elem[804]: -8.977752744922981e-04
paramR.coef[3][0].elem[804]: -1.007678122497748e+00
auxint: 26
auxint: 6
paramR.coef[0][0].elem[805]: -1.000282000692029e+00
paramR.coef[1][0].elem[805]: -1.906159699648780e-03
paramR.coef[2][0].elem[805]: -8.968956858029898e-04
paramR.coef[3][0].elem[805]: -1.007671724261648e+00
auxint: 26
auxint: 7
paramR.coef[0][0].elem[806]: -1.000282769752612e+00
paramR.coef[1][0].elem[806]: -1.907646486612713e-03
paramR.coef[2][0].elem[806]: -8.962639411456845e-04
paramR.coef[3][0].elem[806]: -1.007665958131427e+00
auxint: 26
auxint: 8
paramR.coef[0][0].elem[807]: -1.000283459264267e+00
paramR.coef[1][0].elem[807]: -1.908841621693701e-03
paramR.coef[2][0].elem[807]: -8.958780690649056e-04
paramR.coef[3][0].elem[807]: -1.007661027718916e+00
auxint: 26
auxint: 9
paramR.coef[0][0].elem[808]: -1.000284045107016e+00
paramR.coef[1][0].elem[808]: -1.909706826219942e-03
paramR.coef[2][0].elem[808]: -8.957225592021033e-04
paramR.coef[3][0].elem[808]: -1.007657104139127e+00
auxint: 26
auxint: 10
paramR.coef[0][0].elem[809]: -1.000284505476262e+00
paramR.coef[1][0].elem[809]: -1.910216146064131e-03
paramR.coef[2][0].elem[809]: -8.957736814815228e-04
paramR.coef[3][0].elem[809]: -1.007654322359706e+00
auxint: 26
auxint: 11
paramR.coef[0][0].elem[810]: -1.000284821423123e+00
paramR.coef[1][0].elem[810]: -1.910355585267868e-03
paramR.coef[2][0].elem[810]: -8.960052286250067e-04
paramR.coef[3][0].elem[810]: -1.007652779266820e+00
auxint: 26
auxint: 12
paramR.coef[0][0].elem[811]: -1.000284978018766e+00
paramR.coef[1][0].elem[811]: -1.910123143314021e-03
paramR.coef[2][0].elem[811]: -8.963913705387630e-04
paramR.coef[3][0].elem[811]: -1.007652530766516e+00
auxint: 26
auxint: 13
paramR.coef[0][0].elem[812]: -1.000284965432986e+00
paramR.coef[1][0].elem[812]: -1.909528382857584e-03
paramR.coef[2][0].elem[812]: -8.969105821798392e-04
paramR.coef[3][0].elem[812]: -1.007653589775950e+00
auxint: 26
auxint: 14
paramR.coef[0][0].elem[813]: -1.000284779788914e+00
paramR.coef[1][0].elem[813]: -1.908591662885799e-03
paramR.coef[2][0].elem[813]: -8.975490895144901e-04
paramR.coef[3][0].elem[813]: -1.007655925586362e+00
auxint: 26
auxint: 15
paramR.coef[0][0].elem[814]: -1.000284424186644e+00
paramR.coef[1][0].elem[814]: -1.907343982497158e-03
paramR.coef[2][0].elem[814]: -8.982996778864722e-04
paramR.coef[3][0].elem[814]: -1.007659462913744e+00
auxint: 26
auxint: 16
paramR.coef[0][0].elem[815]: -1.000283909241073e+00
paramR.coef[1][0].elem[815]: -1.905826561788698e-03
paramR.coef[2][0].elem[815]: -8.991598045977773e-04
paramR.coef[3][0].elem[815]: -1.007664082392852e+00
auxint: 26
auxint: 17
paramR.coef[0][0].elem[816]: -1.000283252830599e+00
paramR.coef[1][0].elem[816]: -1.904089804008250e-03
paramR.coef[2][0].elem[816]: -9.001297951333605e-04
paramR.coef[3][0].elem[816]: -1.007669623736709e+00
auxint: 26
auxint: 18
paramR.coef[0][0].elem[817]: -1.000282479653824e+00
paramR.coef[1][0].elem[817]: -1.902192566807520e-03
paramR.coef[2][0].elem[817]: -9.012068942548111e-04
paramR.coef[3][0].elem[817]: -1.007675889838425e+00
auxint: 26
auxint: 19
paramR.coef[0][0].elem[818]: -1.000281620359847e+00
paramR.coef[1][0].elem[818]: -1.900201137716597e-03
paramR.coef[2][0].elem[818]: -9.023790214618745e-04
paramR.coef[3][0].elem[818]: -1.007682652331365e+00
auxint: 26
auxint: 20
paramR.coef[0][0].elem[819]: -1.000280709990957e+00
paramR.coef[1][0].elem[819]: -1.898187338654628e-03
paramR.coef[2][0].elem[819]: -9.036219324899327e-04
paramR.coef[3][0].elem[819]: -1.007689659277179e+00
auxint: 26
auxint: 21
paramR.coef[0][0].elem[820]: -1.000279786422563e+00
paramR.coef[1][0].elem[820]: -1.896226715058213e-03
paramR.coef[2][0].elem[820]: -9.048960250676862e-04
paramR.coef[3][0].elem[820]: -1.007696643074093e+00
auxint: 26
auxint: 22
paramR.coef[0][0].elem[821]: -1.000278888775006e+00
paramR.coef[1][0].elem[821]: -1.894396455738032e-03
paramR.coef[2][0].elem[821]: -9.061447380725360e-04
paramR.coef[3][0].elem[821]: -1.007703329061250e+00
auxint: 26
auxint: 23
paramR.coef[0][0].elem[822]: -1.000278055374874e+00
paramR.coef[1][0].elem[822]: -1.892772178944672e-03
paramR.coef[2][0].elem[822]: -9.072988611337530e-04
paramR.coef[3][0].elem[822]: -1.007709446307930e+00
auxint: 26
auxint: 24
paramR.coef[0][0].elem[823]: -1.000277321819881e+00
paramR.coef[1][0].elem[823]: -1.891424476528725e-03
paramR.coef[2][0].elem[823]: -9.082825216753697e-04
paramR.coef[3][0].elem[823]: -1.007714739132314e+00
auxint: 26
auxint: 25
paramR.coef[0][0].elem[824]: -1.000276719266027e+00
paramR.coef[1][0].elem[824]: -1.890415279880220e-03
paramR.coef[2][0].elem[824]: -9.090196547626266e-04
paramR.coef[3][0].elem[824]: -1.007718979481648e+00
auxint: 26
auxint: 26
paramR.coef[0][0].elem[825]: -1.000276272495431e+00
paramR.coef[1][0].elem[825]: -1.889793320685268e-03
paramR.coef[2][0].elem[825]: -9.094445446697373e-04
paramR.coef[3][0].elem[825]: -1.007721981118882e+00
auxint: 26
auxint: 27
paramR.coef[0][0].elem[826]: -1.000275998444594e+00
paramR.coef[1][0].elem[826]: -1.889590148026298e-03
paramR.coef[2][0].elem[826]: -9.095116665792299e-04
paramR.coef[3][0].elem[826]: -1.007723611980391e+00
auxint: 26
auxint: 28
paramR.coef[0][0].elem[827]: -1.000275905691219e+00
paramR.coef[1][0].elem[827]: -1.889817837967092e-03
paramR.coef[2][0].elem[827]: -9.092006653142788e-04
paramR.coef[3][0].elem[827]: -1.007723802074554e+00
auxint: 26
auxint: 29
paramR.coef[0][0].elem[828]: -1.000275994274433e+00
paramR.coef[1][0].elem[828]: -1.890467569227624e-03
paramR.coef[2][0].elem[828]: -9.085204506654387e-04
paramR.coef[3][0].elem[828]: -1.007722548192046e+00
auxint: 26
auxint: 30
paramR.coef[0][0].elem[829]: -1.000276256052957e+00
paramR.coef[1][0].elem[829]: -1.891509730736546e-03
paramR.coef[2][0].elem[829]: -9.075105458141501e-04
paramR.coef[3][0].elem[829]: -1.007719913697202e+00
auxint: 26
auxint: 31
paramR.coef[0][0].elem[830]: -1.000276676070115e+00
paramR.coef[1][0].elem[830]: -1.892896527771538e-03
paramR.coef[2][0].elem[830]: -9.062353781163690e-04
paramR.coef[3][0].elem[830]: -1.007716021750994e+00
auxint: 26
auxint: 32
paramR.coef[0][0].elem[831]: -1.000277234056715e+00
paramR.coef[1][0].elem[831]: -1.894565504754587e-03
paramR.coef[2][0].elem[831]: -9.047766136249361e-04
paramR.coef[3][0].elem[831]: -1.007711045875348e+00
auxint: 27
auxint: 1
paramR.coef[0][0].elem[832]: -1.000277181997605e+00
paramR.coef[1][0].elem[832]: -1.895107461278773e-03
paramR.coef[2][0].elem[832]: -9.089263113848396e-04
paramR.coef[3][0].elem[832]: -1.007707925832055e+00
auxint: 27
auxint: 2
paramR.coef[0][0].elem[833]: -1.000277921680121e+00
paramR.coef[1][0].elem[833]: -1.897075274454626e-03
paramR.coef[2][0].elem[833]: -9.073798278980248e-04
paramR.coef[3][0].elem[833]: -1.007701582976903e+00
auxint: 27
auxint: 3
paramR.coef[0][0].elem[834]: -1.000278720391769e+00
paramR.coef[1][0].elem[834]: -1.899088517796135e-03
paramR.coef[2][0].elem[834]: -9.059157417821450e-04
paramR.coef[3][0].elem[834]: -1.007694869190096e+00
auxint: 27
auxint: 4
paramR.coef[0][0].elem[835]: -1.000279550116878e+00
paramR.coef[1][0].elem[835]: -1.901067458218312e-03
paramR.coef[2][0].elem[835]: -9.046038145470120e-04
paramR.coef[3][0].elem[835]: -1.007688044142560e+00
auxint: 27
auxint: 5
paramR.coef[0][0].elem[836]: -1.000280382955939e+00
paramR.coef[1][0].elem[836]: -1.902936789690208e-03
paramR.coef[2][0].elem[836]: -9.034955812442333e-04
paramR.coef[3][0].elem[836]: -1.007681364121945e+00
auxint: 27
auxint: 6
paramR.coef[0][0].elem[837]: -1.000281191648938e+00
paramR.coef[1][0].elem[837]: -1.904628451639529e-03
paramR.coef[2][0].elem[837]: -9.026221357906092e-04
paramR.coef[3][0].elem[837]: -1.007675072947059e+00
auxint: 27
auxint: 7
paramR.coef[0][0].elem[838]: -1.000281949665291e+00
paramR.coef[1][0].elem[838]: -1.906083181023324e-03
paramR.coef[2][0].elem[838]: -9.019968943865211e-04
paramR.coef[3][0].elem[838]: -1.007669395493819e+00
auxint: 27
auxint: 8
paramR.coef[0][0].elem[839]: -1.000282631615938e+00
paramR.coef[1][0].elem[839]: -1.907252247501833e-03
paramR.coef[2][0].elem[839]: -9.016172477083268e-04
paramR.coef[3][0].elem[839]: -1.007664530853404e+00
auxint: 27
auxint: 9
paramR.coef[0][0].elem[840]: -1.000283213843245e+00
paramR.coef[1][0].elem[840]: -1.908098839410030e-03
paramR.coef[2][0].elem[840]: -9.014667837073772e-04
paramR.coef[3][0].elem[840]: -1.007660646255372e+00
auxint: 27
auxint: 10
paramR.coef[0][0].elem[841]: -1.000283674746828e+00
paramR.coef[1][0].elem[841]: -1.908597990657520e-03
paramR.coef[2][0].elem[841]: -9.015215473274720e-04
paramR.coef[3][0].elem[841]: -1.007657874295993e+00
auxint: 27
auxint: 11
paramR.coef[0][0].elem[842]: -1.000283995449882e+00
paramR.coef[1][0].elem[842]: -1.908736374685086e-03
paramR.coef[2][0].elem[842]: -9.017547939220511e-04
paramR.coef[3][0].elem[842]: -1.007656310722204e+00
auxint: 27
auxint: 12
paramR.coef[0][0].elem[843]: -1.000284160908789e+00
paramR.coef[1][0].elem[843]: -1.908512310161801e-03
paramR.coef[2][0].elem[843]: -9.021398252790498e-04
paramR.coef[3][0].elem[843]: -1.007656011620719e+00
auxint: 27
auxint: 13
paramR.coef[0][0].elem[844]: -1.000284160858331e+00
paramR.coef[1][0].elem[844]: -1.907934980075894e-03
paramR.coef[2][0].elem[844]: -9.026551765809443e-04
paramR.coef[3][0].elem[844]: -1.007656992141925e+00
auxint: 27
auxint: 14
paramR.coef[0][0].elem[845]: -1.000283990806410e+00
paramR.coef[1][0].elem[845]: -1.907023831555561e-03
paramR.coef[2][0].elem[845]: -9.032873999825306e-04
paramR.coef[3][0].elem[845]: -1.007659225456444e+00
auxint: 27
auxint: 15
paramR.coef[0][0].elem[846]: -1.000283653134305e+00
paramR.coef[1][0].elem[846]: -1.905808663959550e-03
paramR.coef[2][0].elem[846]: -9.040292535780376e-04
paramR.coef[3][0].elem[846]: -1.007662641132715e+00
auxint: 27
auxint: 16
paramR.coef[0][0].elem[847]: -1.000283157565517e+00
paramR.coef[1][0].elem[847]: -1.904329061671789e-03
paramR.coef[2][0].elem[847]: -9.048788876220578e-04
paramR.coef[3][0].elem[847]: -1.007667125728710e+00
auxint: 27
auxint: 17
paramR.coef[0][0].elem[848]: -1.000282521055633e+00
paramR.coef[1][0].elem[848]: -1.902633523064845e-03
paramR.coef[2][0].elem[848]: -9.058377055259863e-04
paramR.coef[3][0].elem[848]: -1.007672525464141e+00
auxint: 27
auxint: 18
paramR.coef[0][0].elem[849]: -1.000281767475996e+00
paramR.coef[1][0].elem[849]: -1.900779069981549e-03
paramR.coef[2][0].elem[849]: -9.069034508722621e-04
paramR.coef[3][0].elem[849]: -1.007678649488370e+00
auxint: 27
auxint: 19
paramR.coef[0][0].elem[850]: -1.000280926674625e+00
paramR.coef[1][0].elem[850]: -1.898830154584732e-03
paramR.coef[2][0].elem[850]: -9.080648100263885e-04
paramR.coef[3][0].elem[850]: -1.007685275363854e+00
auxint: 27
auxint: 20
paramR.coef[0][0].elem[851]: -1.000280032995086e+00
paramR.coef[1][0].elem[851]: -1.896856843819803e-03
paramR.coef[2][0].elem[851]: -9.092986119528386e-04
paramR.coef[3][0].elem[851]: -1.007692156464406e+00
auxint: 27
auxint: 21
paramR.coef[0][0].elem[852]: -1.000279123816928e+00
paramR.coef[1][0].elem[852]: -1.894933282012731e-03
paramR.coef[2][0].elem[852]: -9.105655444384157e-04
paramR.coef[3][0].elem[852]: -1.007699029385734e+00
auxint: 27
auxint: 22
paramR.coef[0][0].elem[853]: -1.000278237847795e+00
paramR.coef[1][0].elem[853]: -1.893135465327831e-03
paramR.coef[2][0].elem[853]: -9.118091956576042e-04
paramR.coef[3][0].elem[853]: -1.007705622870379e+00
auxint: 27
auxint: 23
paramR.coef[0][0].elem[854]: -1.000277413079957e+00
paramR.coef[1][0].elem[854]: -1.891537949474982e-03
paramR.coef[2][0].elem[854]: -9.129608133488345e-04
paramR.coef[3][0].elem[854]: -1.007711668719954e+00
auxint: 27
auxint: 24
paramR.coef[0][0].elem[855]: -1.000276684948619e+00
paramR.coef[1][0].elem[855]: -1.890210625100945e-03
paramR.coef[2][0].elem[855]: -9.139442508444685e-04
paramR.coef[3][0].elem[855]: -1.007716912955508e+00
auxint: 27
auxint: 25
paramR.coef[0][0].elem[856]: -1.000276084497953e+00
paramR.coef[1][0].elem[856]: -1.889214940465348e-03
paramR.coef[2][0].elem[856]: -9.146829008386035e-04
paramR.coef[3][0].elem[856]: -1.007721128591746e+00
auxint: 27
auxint: 26
paramR.coef[0][0].elem[857]: -1.000275636419643e+00
paramR.coef[1][0].elem[857]: -1.888599201796837e-03
paramR.coef[2][0].elem[857]: -9.151110762332873e-04
paramR.coef[3][0].elem[857]: -1.007724130055974e+00
auxint: 27
auxint: 27
paramR.coef[0][0].elem[858]: -1.000275357734022e+00
paramR.coef[1][0].elem[858]: -1.888394875641699e-03
paramR.coef[2][0].elem[858]: -9.151828041355759e-04
paramR.coef[3][0].elem[858]: -1.007725784955115e+00
auxint: 27
auxint: 28
paramR.coef[0][0].elem[859]: -1.000275257195811e+00
paramR.coef[1][0].elem[859]: -1.888614257559098e-03
paramR.coef[2][0].elem[859]: -9.148768210019195e-04
paramR.coef[3][0].elem[859]: -1.007726022179432e+00
auxint: 27
auxint: 29
paramR.coef[0][0].elem[860]: -1.000275335022359e+00
paramR.coef[1][0].elem[860]: -1.889248770645225e-03
paramR.coef[2][0].elem[860]: -9.142018602542266e-04
paramR.coef[3][0].elem[860]: -1.007724837102623e+00
auxint: 27
auxint: 30
paramR.coef[0][0].elem[861]: -1.000275583419713e+00
paramR.coef[1][0].elem[861]: -1.890269300026509e-03
paramR.coef[2][0].elem[861]: -9.131972755718816e-04
paramR.coef[3][0].elem[861]: -1.007722290798384e+00
auxint: 27
auxint: 31
paramR.coef[0][0].elem[862]: -1.000275987920332e+00
paramR.coef[1][0].elem[862]: -1.891628864707496e-03
paramR.coef[2][0].elem[862]: -9.119268755197207e-04
paramR.coef[3][0].elem[862]: -1.007718503281187e+00
auxint: 27
auxint: 32
paramR.coef[0][0].elem[863]: -1.000276528706095e+00
paramR.coef[1][0].elem[863]: -1.893265779042518e-03
paramR.coef[2][0].elem[863]: -9.104724823845556e-04
paramR.coef[3][0].elem[863]: -1.007713644920236e+00
auxint: 28
auxint: 1
paramR.coef[0][0].elem[864]: -1.000276613913970e+00
paramR.coef[1][0].elem[864]: -1.893717308035588e-03
paramR.coef[2][0].elem[864]: -9.152077791232131e-04
paramR.coef[3][0].elem[864]: -1.007710500679866e+00
auxint: 28
auxint: 2
paramR.coef[0][0].elem[865]: -1.000277335376728e+00
paramR.coef[1][0].elem[865]: -1.895649112890991e-03
paramR.coef[2][0].elem[865]: -9.136625858230288e-04
paramR.coef[3][0].elem[865]: -1.007704285258223e+00
auxint: 28
auxint: 3
paramR.coef[0][0].elem[866]: -1.000278115045316e+00
paramR.coef[1][0].elem[866]: -1.897622351235403e-03
paramR.coef[2][0].elem[866]: -9.122024750212162e-04
paramR.coef[3][0].elem[866]: -1.007697707639765e+00
auxint: 28
auxint: 4
paramR.coef[0][0].elem[867]: -1.000278925617886e+00
paramR.coef[1][0].elem[867]: -1.899558566129328e-03
paramR.coef[2][0].elem[867]: -9.108978130416602e-04
paramR.coef[3][0].elem[867]: -1.007691022716389e+00
auxint: 28
auxint: 5
paramR.coef[0][0].elem[868]: -1.000279740012518e+00
paramR.coef[1][0].elem[868]: -1.901384144915293e-03
paramR.coef[2][0].elem[868]: -9.097997804739581e-04
paramR.coef[3][0].elem[868]: -1.007684481089677e+00
auxint: 28
auxint: 6
paramR.coef[0][0].elem[869]: -1.000280531725737e+00
paramR.coef[1][0].elem[869]: -1.903032772243696e-03
paramR.coef[2][0].elem[869]: -9.089393195425452e-04
paramR.coef[3][0].elem[869]: -1.007678320869238e+00
auxint: 28
auxint: 7
paramR.coef[0][0].elem[870]: -1.000281274953940e+00
paramR.coef[1][0].elem[870]: -1.904446943838421e-03
paramR.coef[2][0].elem[870]: -9.083297200374689e-04
paramR.coef[3][0].elem[870]: -1.007672761359236e+00
auxint: 28
auxint: 8
paramR.coef[0][0].elem[871]: -1.000281945042442e+00
paramR.coef[1][0].elem[871]: -1.905579879669786e-03
paramR.coef[2][0].elem[871]: -9.079672433146253e-04
paramR.coef[3][0].elem[871]: -1.007667995954288e+00
auxint: 28
auxint: 9
paramR.coef[0][0].elem[872]: -1.000282518910449e+00
paramR.coef[1][0].elem[872]: -1.906396557035679e-03
paramR.coef[2][0].elem[872]: -9.078343672583067e-04
paramR.coef[3][0].elem[872]: -1.007664186905433e+00
auxint: 28
auxint: 10
paramR.coef[0][0].elem[873]: -1.000282975345577e+00
paramR.coef[1][0].elem[873]: -1.906873420145660e-03
paramR.coef[2][0].elem[873]: -9.079064134321010e-04
paramR.coef[3][0].elem[873]: -1.007661463120005e+00
auxint: 28
auxint: 11
paramR.coef[0][0].elem[874]: -1.000283295739805e+00
paramR.coef[1][0].elem[874]: -1.906998342396573e-03
paramR.coef[2][0].elem[874]: -9.081552389702544e-04
paramR.coef[3][0].elem[874]: -1.007659917690569e+00
auxint: 28
auxint: 12
paramR.coef[0][0].elem[875]: -1.000283465088554e+00
paramR.coef[1][0].elem[875]: -1.906770397346836e-03
paramR.coef[2][0].elem[875]: -9.085528421558000e-04
paramR.coef[3][0].elem[875]: -1.007659605566723e+00
auxint: 28
auxint: 13
paramR.coef[0][0].elem[876]: -1.000283472890065e+00
paramR.coef[1][0].elem[876]: -1.906198830069570e-03
paramR.coef[2][0].elem[876]: -9.090773641152969e-04
paramR.coef[3][0].elem[876]: -1.007660542793649e+00
auxint: 28
auxint: 14
paramR.coef[0][0].elem[877]: -1.000283314254437e+00
paramR.coef[1][0].elem[877]: -1.905302706224454e-03
paramR.coef[2][0].elem[877]: -9.097148003931769e-04
paramR.coef[3][0].elem[877]: -1.007662704950203e+00
auxint: 28
auxint: 15
paramR.coef[0][0].elem[878]: -1.000282990993646e+00
paramR.coef[1][0].elem[878]: -1.904111027020055e-03
paramR.coef[2][0].elem[878]: -9.104574152143403e-04
paramR.coef[3][0].elem[878]: -1.007666025287988e+00
auxint: 28
auxint: 16
paramR.coef[0][0].elem[879]: -1.000282512084049e+00
paramR.coef[1][0].elem[879]: -1.902662029802621e-03
paramR.coef[2][0].elem[879]: -9.113038856791840e-04
paramR.coef[3][0].elem[879]: -1.007670395385278e+00
auxint: 28
auxint: 17
paramR.coef[0][0].elem[880]: -1.000281893703853e+00
paramR.coef[1][0].elem[880]: -1.901002631731735e-03
paramR.coef[2][0].elem[880]: -9.122561647299644e-04
paramR.coef[3][0].elem[880]: -1.007675667094462e+00
auxint: 28
auxint: 18
paramR.coef[0][0].elem[881]: -1.000281158956095e+00
paramR.coef[1][0].elem[881]: -1.899188224206269e-03
paramR.coef[2][0].elem[881]: -9.133122980262240e-04
paramR.coef[3][0].elem[881]: -1.007681655244123e+00
auxint: 28
auxint: 19
paramR.coef[0][0].elem[882]: -1.000280336908906e+00
paramR.coef[1][0].elem[882]: -1.897281464646897e-03
paramR.coef[2][0].elem[882]: -9.144620626011675e-04
paramR.coef[3][0].elem[882]: -1.007688143103212e+00
auxint: 28
auxint: 20
paramR.coef[0][0].elem[883]: -1.000279461226642e+00
paramR.coef[1][0].elem[883]: -1.895350700193542e-03
paramR.coef[2][0].elem[883]: -9.156833505677045e-04
paramR.coef[3][0].elem[883]: -1.007694889299898e+00
auxint: 28
auxint: 21
paramR.coef[0][0].elem[884]: -1.000278568728866e+00
paramR.coef[1][0].elem[884]: -1.893468618211676e-03
paramR.coef[2][0].elem[884]: -9.169371547514151e-04
paramR.coef[3][0].elem[884]: -1.007701634916494e+00
auxint: 28
auxint: 22
paramR.coef[0][0].elem[885]: -1.000277697599327e+00
paramR.coef[1][0].elem[885]: -1.891709806773173e-03
paramR.coef[2][0].elem[885]: -9.181677487259322e-04
paramR.coef[3][0].elem[885]: -1.007708112729418e+00
auxint: 28
auxint: 23
paramR.coef[0][0].elem[886]: -1.000276885400414e+00
paramR.coef[1][0].elem[886]: -1.890147535656188e-03
paramR.coef[2][0].elem[886]: -9.193071802631844e-04
paramR.coef[3][0].elem[886]: -1.007714058007058e+00
auxint: 28
auxint: 24
paramR.coef[0][0].elem[887]: -1.000276167243908e+00
paramR.coef[1][0].elem[887]: -1.888850705556113e-03
paramR.coef[2][0].elem[887]: -9.202792509616491e-04
paramR.coef[3][0].elem[887]: -1.007719219535246e+00
auxint: 28
auxint: 25
paramR.coef[0][0].elem[888]: -1.000275573850838e+00
paramR.coef[1][0].elem[888]: -1.887879841601902e-03
paramR.coef[2][0].elem[888]: -9.210074591665922e-04
paramR.coef[3][0].elem[888]: -1.007723372827779e+00
auxint: 28
auxint: 26
paramR.coef[0][0].elem[889]: -1.000275129654988e+00
paramR.coef[1][0].elem[889]: -1.887282414712318e-03
paramR.coef[2][0].elem[889]: -9.214265662883599e-04
paramR.coef[3][0].elem[889]: -1.007726334373461e+00
auxint: 28
auxint: 27
paramR.coef[0][0].elem[890]: -1.000274851565324e+00
paramR.coef[1][0].elem[890]: -1.887089409789797e-03
paramR.coef[2][0].elem[890]: -9.214902751291366e-04
paramR.coef[3][0].elem[890]: -1.007727972951517e+00
auxint: 28
auxint: 28
paramR.coef[0][0].elem[891]: -1.000274748264517e+00
paramR.coef[1][0].elem[891]: -1.887312794929207e-03
paramR.coef[2][0].elem[891]: -9.211770343975861e-04
paramR.coef[3][0].elem[891]: -1.007728218144523e+00
auxint: 28
auxint: 29
paramR.coef[0][0].elem[892]: -1.000274819962121e+00
paramR.coef[1][0].elem[892]: -1.887943724052248e-03
paramR.coef[2][0].elem[892]: -9.204959858775838e-04
paramR.coef[3][0].elem[892]: -1.007727065548571e+00
auxint: 28
auxint: 30
paramR.coef[0][0].elem[893]: -1.000275059052790e+00
paramR.coef[1][0].elem[893]: -1.888953191899923e-03
paramR.coef[2][0].elem[893]: -9.194863732445847e-04
paramR.coef[3][0].elem[893]: -1.007724575326895e+00
auxint: 28
auxint: 31
paramR.coef[0][0].elem[894]: -1.000275451362247e+00
paramR.coef[1][0].elem[894]: -1.890294585376128e-03
paramR.coef[2][0].elem[894]: -9.182117563152466e-04
paramR.coef[3][0].elem[894]: -1.007720865779011e+00
auxint: 28
auxint: 32
paramR.coef[0][0].elem[895]: -1.000275977408601e+00
paramR.coef[1][0].elem[895]: -1.891906592889236e-03
paramR.coef[2][0].elem[895]: -9.167546534541832e-04
paramR.coef[3][0].elem[895]: -1.007716105200378e+00
auxint: 29
auxint: 1
paramR.coef[0][0].elem[896]: -1.000276226669585e+00
paramR.coef[1][0].elem[896]: -1.892325444267472e-03
paramR.coef[2][0].elem[896]: -9.218415950330404e-04
paramR.coef[3][0].elem[896]: -1.007712816572858e+00
auxint: 29
auxint: 2
paramR.coef[0][0].elem[897]: -1.000276931242415e+00
paramR.coef[1][0].elem[897]: -1.894225515581353e-03
paramR.coef[2][0].elem[897]: -9.202944174586412e-04
paramR.coef[3][0].elem[897]: -1.007706718478226e+00
auxint: 29
auxint: 3
paramR.coef[0][0].elem[898]: -1.000277692215197e+00
paramR.coef[1][0].elem[898]: -1.896160672998956e-03
paramR.coef[2][0].elem[898]: -9.188376286347066e-04
paramR.coef[3][0].elem[898]: -1.007700274615594e+00
auxint: 29
auxint: 4
paramR.coef[0][0].elem[899]: -1.000278483036192e+00
paramR.coef[1][0].elem[899]: -1.898053759815801e-03
paramR.coef[2][0].elem[899]: -9.175419757011259e-04
paramR.coef[3][0].elem[899]: -1.007693734871021e+00
auxint: 29
auxint: 5
paramR.coef[0][0].elem[900]: -1.000279277449678e+00
paramR.coef[1][0].elem[900]: -1.899832886456202e-03
paramR.coef[2][0].elem[900]: -9.164582501315683e-04
paramR.coef[3][0].elem[900]: -1.007687343875278e+00
auxint: 29
auxint: 6
paramR.coef[0][0].elem[901]: -1.000280049752818e+00
paramR.coef[1][0].elem[901]: -1.901433517671244e-03
paramR.coef[2][0].elem[901]: -9.156174259208025e-04
paramR.coef[3][0].elem[901]: -1.007681333641801e+00
auxint: 29
auxint: 7
paramR.coef[0][0].elem[902]: -1.000280774981257e+00
paramR.coef[1][0].elem[902]: -1.902800137952245e-03
paramR.coef[2][0].elem[902]: -9.150322960340170e-04
paramR.coef[3][0].elem[902]: -1.007675917063974e+00
auxint: 29
auxint: 8
paramR.coef[0][0].elem[903]: -1.000281429304541e+00
paramR.coef[1][0].elem[903]: -1.903888191169935e-03
paramR.coef[2][0].elem[903]: -9.146976096909255e-04
paramR.coef[3][0].elem[903]: -1.007671280914421e+00
auxint: 29
auxint: 9
paramR.coef[0][0].elem[904]: -1.000281990326599e+00
paramR.coef[1][0].elem[904]: -1.904664685966948e-03
paramR.coef[2][0].elem[904]: -9.145946330247832e-04
paramR.coef[3][0].elem[904]: -1.007667581563062e+00
auxint: 29
auxint: 10
paramR.coef[0][0].elem[905]: -1.000282437408235e+00
paramR.coef[1][0].elem[905]: -1.905107883246603e-03
paramR.coef[2][0].elem[905]: -9.146973521221969e-04
paramR.coef[3][0].elem[905]: -1.007664942956061e+00
auxint: 29
auxint: 11
paramR.coef[0][0].elem[906]: -1.000282752379781e+00
paramR.coef[1][0].elem[906]: -1.905207323892137e-03
paramR.coef[2][0].elem[906]: -9.149754887691176e-04
paramR.coef[3][0].elem[906]: -1.007663454142315e+00
auxint: 29
auxint: 12
paramR.coef[0][0].elem[907]: -1.000282920430150e+00
paramR.coef[1][0].elem[907]: -1.904963211409564e-03
paramR.coef[2][0].elem[907]: -9.153994881379503e-04
paramR.coef[3][0].elem[907]: -1.007663167706246e+00
auxint: 29
auxint: 13
paramR.coef[0][0].elem[908]: -1.000282931044044e+00
paramR.coef[1][0].elem[908]: -1.904385320919006e-03
paramR.coef[2][0].elem[908]: -9.159465309231012e-04
paramR.coef[3][0].elem[908]: -1.007664099150205e+00
auxint: 29
auxint: 14
paramR.coef[0][0].elem[909]: -1.000282779153074e+00
paramR.coef[1][0].elem[909]: -1.903492881222577e-03
paramR.coef[2][0].elem[909]: -9.166011652098426e-04
paramR.coef[3][0].elem[909]: -1.007666224900837e+00
auxint: 29
auxint: 15
paramR.coef[0][0].elem[910]: -1.000282466166418e+00
paramR.coef[1][0].elem[910]: -1.902314503839201e-03
paramR.coef[2][0].elem[910]: -9.173548059222516e-04
paramR.coef[3][0].elem[910]: -1.007669480621310e+00
auxint: 29
auxint: 16
paramR.coef[0][0].elem[911]: -1.000282000501109e+00
paramR.coef[1][0].elem[911]: -1.900887463737060e-03
paramR.coef[2][0].elem[911]: -9.182063333062614e-04
paramR.coef[3][0].elem[911]: -1.007673761710261e+00
auxint: 29
auxint: 17
paramR.coef[0][0].elem[912]: -1.000281397727415e+00
paramR.coef[1][0].elem[912]: -1.899257514259229e-03
paramR.coef[2][0].elem[912]: -9.191576207097354e-04
paramR.coef[3][0].elem[912]: -1.007678924476875e+00
auxint: 29
auxint: 18
paramR.coef[0][0].elem[913]: -1.000280680265835e+00
paramR.coef[1][0].elem[913]: -1.897478661837060e-03
paramR.coef[2][0].elem[913]: -9.202069030711649e-04
paramR.coef[3][0].elem[913]: -1.007684788670041e+00
auxint: 29
auxint: 19
paramR.coef[0][0].elem[914]: -1.000279876472807e+00
paramR.coef[1][0].elem[914]: -1.895611903366840e-03
paramR.coef[2][0].elem[914]: -9.213451860805738e-04
paramR.coef[3][0].elem[914]: -1.007691142798773e+00
auxint: 29
auxint: 20
paramR.coef[0][0].elem[915]: -1.000279019376214e+00
paramR.coef[1][0].elem[915]: -1.893724010050142e-03
paramR.coef[2][0].elem[915]: -9.225512078965180e-04
paramR.coef[3][0].elem[915]: -1.007697750414296e+00
auxint: 29
auxint: 21
paramR.coef[0][0].elem[916]: -1.000278145187267e+00
paramR.coef[1][0].elem[916]: -1.891886195973735e-03
paramR.coef[2][0].elem[916]: -9.237863991759349e-04
paramR.coef[3][0].elem[916]: -1.007704357205842e+00
auxint: 29
auxint: 22
paramR.coef[0][0].elem[917]: -1.000277291489557e+00
paramR.coef[1][0].elem[917]: -1.890171473917309e-03
paramR.coef[2][0].elem[917]: -9.249962465145986e-04
paramR.coef[3][0].elem[917]: -1.007710700472077e+00
auxint: 29
auxint: 23
paramR.coef[0][0].elem[918]: -1.000276495330273e+00
paramR.coef[1][0].elem[918]: -1.888651666264801e-03
paramR.coef[2][0].elem[918]: -9.261137982145119e-04
paramR.coef[3][0].elem[918]: -1.007716519568872e+00
auxint: 29
auxint: 24
paramR.coef[0][0].elem[919]: -1.000275791334913e+00
paramR.coef[1][0].elem[919]: -1.887394403958233e-03
paramR.coef[2][0].elem[919]: -9.270631544324352e-04
paramR.coef[3][0].elem[919]: -1.007721567061257e+00
auxint: 29
auxint: 25
paramR.coef[0][0].elem[920]: -1.000275209720368e+00
paramR.coef[1][0].elem[920]: -1.886458874526102e-03
paramR.coef[2][0].elem[920]: -9.277686338779953e-04
paramR.coef[3][0].elem[920]: -1.007725622294866e+00
auxint: 29
auxint: 26
paramR.coef[0][0].elem[921]: -1.000274774508437e+00
paramR.coef[1][0].elem[921]: -1.885891354487827e-03
paramR.coef[2][0].elem[921]: -9.281657536138414e-04
paramR.coef[3][0].elem[921]: -1.007728505122073e+00
auxint: 29
auxint: 27
paramR.coef[0][0].elem[922]: -1.000274502282845e+00
paramR.coef[1][0].elem[922]: -1.885721932538510e-03
paramR.coef[2][0].elem[922]: -9.282081739131170e-04
paramR.coef[3][0].elem[922]: -1.007730087028794e+00
auxint: 29
auxint: 28
paramR.coef[0][0].elem[923]: -1.000274401415859e+00
paramR.coef[1][0].elem[923]: -1.885961686721636e-03
paramR.coef[2][0].elem[923]: -9.278748438670735e-04
paramR.coef[3][0].elem[923]: -1.007730300104187e+00
auxint: 29
auxint: 29
paramR.coef[0][0].elem[924]: -1.000274471936057e+00
paramR.coef[1][0].elem[924]: -1.886601027167863e-03
paramR.coef[2][0].elem[924]: -9.271757683285350e-04
paramR.coef[3][0].elem[924]: -1.007729141746376e+00
auxint: 29
auxint: 30
paramR.coef[0][0].elem[925]: -1.000274706241395e+00
paramR.coef[1][0].elem[925]: -1.887610660174076e-03
paramR.coef[2][0].elem[925]: -9.261501897008809e-04
paramR.coef[3][0].elem[925]: -1.007726672650852e+00
auxint: 29
auxint: 31
paramR.coef[0][0].elem[926]: -1.000275090241941e+00
paramR.coef[1][0].elem[926]: -1.888943850951079e-03
paramR.coef[2][0].elem[926]: -9.248619613690383e-04
paramR.coef[3][0].elem[926]: -1.007723010941232e+00
auxint: 29
auxint: 32
paramR.coef[0][0].elem[927]: -1.000275604670787e+00
paramR.coef[1][0].elem[927]: -1.890539266339908e-03
paramR.coef[2][0].elem[927]: -9.233947034977686e-04
paramR.coef[3][0].elem[927]: -1.007718323992568e+00
auxint: 30
auxint: 1
paramR.coef[0][0].elem[928]: -1.000276038361744e+00
paramR.coef[1][0].elem[928]: -1.890985454234571e-03
paramR.coef[2][0].elem[928]: -9.285886469741994e-04
paramR.coef[3][0].elem[928]: -1.007714770377788e+00
auxint: 30
auxint: 2
paramR.coef[0][0].elem[929]: -1.000276728124118e+00
paramR.coef[1][0].elem[929]: -1.892859517137249e-03
paramR.coef[2][0].elem[929]: -9.270359323663663e-04
paramR.coef[3][0].elem[929]: -1.007708774216083e+00
auxint: 30
auxint: 3
paramR.coef[0][0].elem[930]: -1.000277471585578e+00
paramR.coef[1][0].elem[930]: -1.894760234848607e-03
paramR.coef[2][0].elem[930]: -9.255813505345581e-04
paramR.coef[3][0].elem[930]: -1.007702455716892e+00
auxint: 30
auxint: 4
paramR.coef[0][0].elem[931]: -1.000278242915585e+00
paramR.coef[1][0].elem[931]: -1.896611715186444e-03
paramR.coef[2][0].elem[931]: -9.242957393692645e-04
paramR.coef[3][0].elem[931]: -1.007696059808424e+00
auxint: 30
auxint: 5
paramR.coef[0][0].elem[932]: -1.000279016641112e+00
paramR.coef[1][0].elem[932]: -1.898343665530549e-03
paramR.coef[2][0].elem[932]: -9.232297726381184e-04
paramR.coef[3][0].elem[932]: -1.007689825301540e+00
auxint: 30
auxint: 6
paramR.coef[0][0].elem[933]: -1.000279767894704e+00
paramR.coef[1][0].elem[933]: -1.899893318955489e-03
paramR.coef[2][0].elem[933]: -9.224145392410678e-04
paramR.coef[3][0].elem[933]: -1.007683977917908e+00
auxint: 30
auxint: 7
paramR.coef[0][0].elem[934]: -1.000280472626543e+00
paramR.coef[1][0].elem[934]: -1.901207344144686e-03
paramR.coef[2][0].elem[934]: -9.218617959908936e-04
paramR.coef[3][0].elem[934]: -1.007678723477372e+00
auxint: 30
auxint: 8
paramR.coef[0][0].elem[935]: -1.000281107886768e+00
paramR.coef[1][0].elem[935]: -1.902243566194497e-03
paramR.coef[2][0].elem[935]: -9.215645783716378e-04
paramR.coef[3][0].elem[935]: -1.007674241504135e+00
auxint: 30
auxint: 9
paramR.coef[0][0].elem[936]: -1.000281652065543e+00
paramR.coef[1][0].elem[936]: -1.902971199760610e-03
paramR.coef[2][0].elem[936]: -9.215028478552440e-04
paramR.coef[3][0].elem[936]: -1.007670681777915e+00
auxint: 30
auxint: 10
paramR.coef[0][0].elem[937]: -1.000282085245895e+00
paramR.coef[1][0].elem[937]: -1.903370668828616e-03
paramR.coef[2][0].elem[937]: -9.216486359922546e-04
paramR.coef[3][0].elem[937]: -1.007668162201157e+00
auxint: 30
auxint: 11
paramR.coef[0][0].elem[938]: -1.000282389839555e+00
paramR.coef[1][0].elem[938]: -1.903433530706847e-03
paramR.coef[2][0].elem[938]: -9.219691086546390e-04
paramR.coef[3][0].elem[938]: -1.007666766626171e+00
auxint: 30
auxint: 12
paramR.coef[0][0].elem[939]: -1.000282551407114e+00
paramR.coef[1][0].elem[939]: -1.903161464234644e-03
paramR.coef[2][0].elem[939]: -9.224329145194409e-04
paramR.coef[3][0].elem[939]: -1.007666544072924e+00
auxint: 30
auxint: 13
paramR.coef[0][0].elem[940]: -1.000282559640024e+00
paramR.coef[1][0].elem[940]: -1.902565273555443e-03
paramR.coef[2][0].elem[940]: -9.230154766037826e-04
paramR.coef[3][0].elem[940]: -1.007667508007838e+00
auxint: 30
auxint: 14
paramR.coef[0][0].elem[941]: -1.000282409492787e+00
paramR.coef[1][0].elem[941]: -1.901664844895920e-03
paramR.coef[2][0].elem[941]: -9.236992448096098e-04
paramR.coef[3][0].elem[941]: -1.007669634188847e+00
auxint: 30
auxint: 15
paramR.coef[0][0].elem[942]: -1.000282102175660e+00
paramR.coef[1][0].elem[942]: -1.900488800908987e-03
paramR.coef[2][0].elem[942]: -9.244746249290863e-04
paramR.coef[3][0].elem[942]: -1.007672859312656e+00
auxint: 30
auxint: 16
paramR.coef[0][0].elem[943]: -1.000281645763313e+00
paramR.coef[1][0].elem[943]: -1.899073932650445e-03
paramR.coef[2][0].elem[943]: -9.253401295224435e-04
paramR.coef[3][0].elem[943]: -1.007677081142376e+00
auxint: 30
auxint: 17
paramR.coef[0][0].elem[944]: -1.000281055383546e+00
paramR.coef[1][0].elem[944]: -1.897465293007898e-03
paramR.coef[2][0].elem[944]: -9.262969091781111e-04
paramR.coef[3][0].elem[944]: -1.007682159102362e+00
auxint: 30
auxint: 18
paramR.coef[0][0].elem[945]: -1.000280352902901e+00
paramR.coef[1][0].elem[945]: -1.895715796765944e-03
paramR.coef[2][0].elem[945]: -9.273433447408480e-04
paramR.coef[3][0].elem[945]: -1.007687916885645e+00
auxint: 30
auxint: 19
paramR.coef[0][0].elem[946]: -1.000279566084866e+00
paramR.coef[1][0].elem[946]: -1.893885043516938e-03
paramR.coef[2][0].elem[946]: -9.284714763782369e-04
paramR.coef[3][0].elem[946]: -1.007694147466062e+00
auxint: 30
auxint: 20
paramR.coef[0][0].elem[947]: -1.000278727364594e+00
paramR.coef[1][0].elem[947]: -1.892038443864395e-03
paramR.coef[2][0].elem[947]: -9.296605582594793e-04
paramR.coef[3][0].elem[947]: -1.007700618812649e+00
auxint: 30
auxint: 21
paramR.coef[0][0].elem[948]: -1.000277872322798e+00
paramR.coef[1][0].elem[948]: -1.890245746177593e-03
paramR.coef[2][0].elem[948]: -9.308728018558379e-04
paramR.coef[3][0].elem[948]: -1.007707081174711e+00
auxint: 30
auxint: 22
paramR.coef[0][0].elem[949]: -1.000277037917477e+00
paramR.coef[1][0].elem[949]: -1.888578316598840e-03
paramR.coef[2][0].elem[949]: -9.320552899778173e-04
paramR.coef[3][0].elem[949]: -1.007713276597132e+00
auxint: 30
auxint: 23
paramR.coef[0][0].elem[950]: -1.000276260602071e+00
paramR.coef[1][0].elem[950]: -1.887106444554653e-03
paramR.coef[2][0].elem[950]: -9.331420722249013e-04
paramR.coef[3][0].elem[950]: -1.007718949010585e+00
auxint: 30
auxint: 24
paramR.coef[0][0].elem[951]: -1.000275574368336e+00
paramR.coef[1][0].elem[951]: -1.885896239370084e-03
paramR.coef[2][0].elem[951]: -9.340579874479251e-04
paramR.coef[3][0].elem[951]: -1.007723855669374e+00
auxint: 30
auxint: 25
paramR.coef[0][0].elem[952]: -1.000275008790274e+00
paramR.coef[1][0].elem[952]: -1.885005211818255e-03
paramR.coef[2][0].elem[952]: -9.347288287417264e-04
paramR.coef[3][0].elem[952]: -1.007727780855098e+00
auxint: 30
auxint: 26
paramR.coef[0][0].elem[953]: -1.000274587321411e+00
paramR.coef[1][0].elem[953]: -1.884478117006398e-03
paramR.coef[2][0].elem[953]: -9.350911608951363e-04
paramR.coef[3][0].elem[953]: -1.007730549012042e+00
auxint: 30
auxint: 27
paramR.coef[0][0].elem[954]: -1.000274326006638e+00
paramR.coef[1][0].elem[954]: -1.884343705968969e-03
paramR.coef[2][0].elem[954]: -9.350991435865967e-04
paramR.coef[3][0].elem[954]: -1.007732035878190e+00
auxint: 30
auxint: 28
paramR.coef[0][0].elem[955]: -1.000274232716154e+00
paramR.coef[1][0].elem[955]: -1.884611683215897e-03
paramR.coef[2][0].elem[955]: -9.347329201425040e-04
paramR.coef[3][0].elem[955]: -1.007732177635607e+00
auxint: 30
auxint: 29
paramR.coef[0][0].elem[956]: -1.000274307127606e+00
paramR.coef[1][0].elem[956]: -1.885271323461387e-03
paramR.coef[2][0].elem[956]: -9.340035642824892e-04
paramR.coef[3][0].elem[956]: -1.007730974914011e+00
auxint: 30
auxint: 30
paramR.coef[0][0].elem[957]: -1.000274541428082e+00
paramR.coef[1][0].elem[957]: -1.886292584859289e-03
paramR.coef[2][0].elem[957]: -9.329506985349640e-04
paramR.coef[3][0].elem[957]: -1.007728490517663e+00
auxint: 30
auxint: 31
paramR.coef[0][0].elem[958]: -1.000274921420761e+00
paramR.coef[1][0].elem[958]: -1.887628097907718e-03
paramR.coef[2][0].elem[958]: -9.316391913037486e-04
paramR.coef[3][0].elem[958]: -1.007724843942793e+00
auxint: 30
auxint: 32
paramR.coef[0][0].elem[959]: -1.000275427925080e+00
paramR.coef[1][0].elem[959]: -1.889216160339560e-03
paramR.coef[2][0].elem[959]: -9.301539375414104e-04
paramR.coef[3][0].elem[959]: -1.007720202760018e+00
auxint: 31
auxint: 1
paramR.coef[0][0].elem[960]: -1.000276058766653e+00
paramR.coef[1][0].elem[960]: -1.889749711742448e-03
paramR.coef[2][0].elem[960]: -9.352063924957147e-04
paramR.coef[3][0].elem[960]: -1.007716269700742e+00
auxint: 31
auxint: 2
paramR.coef[0][0].elem[961]: -1.000276736527235e+00
paramR.coef[1][0].elem[961]: -1.891604850627012e-03
paramR.coef[2][0].elem[961]: -9.336440854699112e-04
paramR.coef[3][0].elem[961]: -1.007710355005615e+00
auxint: 31
auxint: 3
paramR.coef[0][0].elem[962]: -1.000277464492948e+00
paramR.coef[1][0].elem[962]: -1.893476467348833e-03
paramR.coef[2][0].elem[962]: -9.321898388344787e-04
paramR.coef[3][0].elem[962]: -1.007704147472264e+00
auxint: 31
auxint: 4
paramR.coef[0][0].elem[963]: -1.000278217469135e+00
paramR.coef[1][0].elem[963]: -1.895289792647290e-03
paramR.coef[2][0].elem[963]: -9.309144499934241e-04
paramR.coef[3][0].elem[963]: -1.007697887468083e+00
auxint: 31
auxint: 5
paramR.coef[0][0].elem[964]: -1.000278970710798e+00
paramR.coef[1][0].elem[964]: -1.896975948586643e-03
paramR.coef[2][0].elem[964]: -9.298687430310564e-04
paramR.coef[3][0].elem[964]: -1.007691808332013e+00
auxint: 31
auxint: 6
paramR.coef[0][0].elem[965]: -1.000279700196739e+00
paramR.coef[1][0].elem[965]: -1.898473906243652e-03
paramR.coef[2][0].elem[965]: -9.290837568193539e-04
paramR.coef[3][0].elem[965]: -1.007686129460661e+00
auxint: 31
auxint: 7
paramR.coef[0][0].elem[966]: -1.000280382799797e+00
paramR.coef[1][0].elem[966]: -1.899732587776181e-03
paramR.coef[2][0].elem[966]: -9.285698015292752e-04
paramR.coef[3][0].elem[966]: -1.007681049343279e+00
auxint: 31
auxint: 8
paramR.coef[0][0].elem[967]: -1.000280996475961e+00
paramR.coef[1][0].elem[967]: -1.900712219054829e-03
paramR.coef[2][0].elem[967]: -9.283182346925908e-04
paramR.coef[3][0].elem[967]: -1.007676740000052e+00
auxint: 31
auxint: 9
paramR.coef[0][0].elem[968]: -1.000281520496160e+00
paramR.coef[1][0].elem[968]: -1.901384349596655e-03
paramR.coef[2][0].elem[968]: -9.283075105997941e-04
paramR.coef[3][0].elem[968]: -1.007673344074798e+00
auxint: 31
auxint: 10
paramR.coef[0][0].elem[969]: -1.000281935772323e+00
paramR.coef[1][0].elem[969]: -1.901731826953914e-03
paramR.coef[2][0].elem[969]: -9.285071458591444e-04
paramR.coef[3][0].elem[969]: -1.007670972591561e+00
auxint: 31
auxint: 11
paramR.coef[0][0].elem[970]: -1.000282225416145e+00
paramR.coef[1][0].elem[970]: -1.901748455904939e-03
paramR.coef[2][0].elem[970]: -9.288815873951869e-04
paramR.coef[3][0].elem[970]: -1.007669703323506e+00
auxint: 31
auxint: 12
paramR.coef[0][0].elem[971]: -1.000282375547973e+00
paramR.coef[1][0].elem[971]: -1.901437707824277e-03
paramR.coef[2][0].elem[971]: -9.293973946010894e-04
paramR.coef[3][0].elem[971]: -1.007669580590765e+00
auxint: 31
auxint: 13
paramR.coef[0][0].elem[972]: -1.000282376267592e+00
paramR.coef[1][0].elem[972]: -1.900811881042219e-03
paramR.coef[2][0].elem[972]: -9.300274655431714e-04
paramR.coef[3][0].elem[972]: -1.007670614393499e+00
auxint: 31
auxint: 14
paramR.coef[0][0].elem[973]: -1.000282222737806e+00
paramR.coef[1][0].elem[973]: -1.899891940772797e-03
paramR.coef[2][0].elem[973]: -9.307517975635763e-04
paramR.coef[3][0].elem[973]: -1.007672778398166e+00
auxint: 31
auxint: 15
paramR.coef[0][0].elem[974]: -1.000281916201322e+00
paramR.coef[1][0].elem[974]: -1.898706946624182e-03
paramR.coef[2][0].elem[974]: -9.315595829071107e-04
paramR.coef[3][0].elem[974]: -1.007676008841746e+00
auxint: 31
auxint: 16
paramR.coef[0][0].elem[975]: -1.000281464621901e+00
paramR.coef[1][0].elem[975]: -1.897293739862123e-03
paramR.coef[2][0].elem[975]: -9.324482284205360e-04
paramR.coef[3][0].elem[975]: -1.007680204238249e+00
auxint: 31
auxint: 17
paramR.coef[0][0].elem[976]: -1.000280882851605e+00
paramR.coef[1][0].elem[976]: -1.895697126625873e-03
paramR.coef[2][0].elem[976]: -9.334176847577080e-04
paramR.coef[3][0].elem[976]: -1.007685225731347e+00
auxint: 31
auxint: 18
paramR.coef[0][0].elem[977]: -1.000280192364857e+00
paramR.coef[1][0].elem[977]: -1.893969279747940e-03
paramR.coef[2][0].elem[977]: -9.344664087950448e-04
paramR.coef[3][0].elem[977]: -1.007690899779126e+00
auxint: 31
auxint: 19
paramR.coef[0][0].elem[978]: -1.000279420479572e+00
paramR.coef[1][0].elem[978]: -1.892168781206541e-03
paramR.coef[2][0].elem[978]: -9.355870197121074e-04
paramR.coef[3][0].elem[978]: -1.007697022745456e+00
auxint: 31
auxint: 20
paramR.coef[0][0].elem[979]: -1.000278599095732e+00
paramR.coef[1][0].elem[979]: -1.890359935062156e-03
paramR.coef[2][0].elem[979]: -9.367590178236163e-04
paramR.coef[3][0].elem[979]: -1.007703366358574e+00
auxint: 31
auxint: 21
paramR.coef[0][0].elem[980]: -1.000277763182059e+00
paramR.coef[1][0].elem[980]: -1.888611083995814e-03
paramR.coef[2][0].elem[980]: -9.379457315009034e-04
paramR.coef[3][0].elem[980]: -1.007709685206520e+00
auxint: 31
auxint: 22
paramR.coef[0][0].elem[981]: -1.000276949080029e+00
paramR.coef[1][0].elem[981]: -1.886992003685476e-03
paramR.coef[2][0].elem[981]: -9.390958817963888e-04
paramR.coef[3][0].elem[981]: -1.007715726026220e+00
auxint: 31
auxint: 23
paramR.coef[0][0].elem[982]: -1.000276192580200e+00
paramR.coef[1][0].elem[982]: -1.885571429500952e-03
paramR.coef[2][0].elem[982]: -9.401444844150961e-04
paramR.coef[3][0].elem[982]: -1.007721237626049e+00
auxint: 31
auxint: 24
paramR.coef[0][0].elem[983]: -1.000275526930358e+00
paramR.coef[1][0].elem[983]: -1.884413728452654e-03
paramR.coef[2][0].elem[983]: -9.410177047079959e-04
paramR.coef[3][0].elem[983]: -1.007725982688200e+00
auxint: 31
auxint: 25
paramR.coef[0][0].elem[984]: -1.000274980965191e+00
paramR.coef[1][0].elem[984]: -1.883574495145125e-03
paramR.coef[2][0].elem[984]: -9.416432714322139e-04
paramR.coef[3][0].elem[984]: -1.007729751279699e+00
auxint: 31
auxint: 26
paramR.coef[0][0].elem[985]: -1.000274577419387e+00
paramR.coef[1][0].elem[985]: -1.883096706471247e-03
paramR.coef[2][0].elem[985]: -9.419589891008147e-04
paramR.coef[3][0].elem[985]: -1.007732373498302e+00
auxint: 31
auxint: 27
paramR.coef[0][0].elem[986]: -1.000274331607925e+00
paramR.coef[1][0].elem[986]: -1.883007358049680e-03
paramR.coef[2][0].elem[986]: -9.419202032688811e-04
paramR.coef[3][0].elem[986]: -1.007733730741914e+00
auxint: 31
auxint: 28
paramR.coef[0][0].elem[987]: -1.000274250749472e+00
paramR.coef[1][0].elem[987]: -1.883314373556025e-03
paramR.coef[2][0].elem[987]: -9.415088557332991e-04
paramR.coef[3][0].elem[987]: -1.007733764638278e+00
auxint: 31
auxint: 29
paramR.coef[0][0].elem[988]: -1.000274334004029e+00
paramR.coef[1][0].elem[988]: -1.884005555839201e-03
paramR.coef[2][0].elem[988]: -9.407372281121018e-04
paramR.coef[3][0].elem[988]: -1.007732480344478e+00
auxint: 31
auxint: 30
paramR.coef[0][0].elem[989]: -1.000274573132466e+00
paramR.coef[1][0].elem[989]: -1.885049642683400e-03
paramR.coef[2][0].elem[989]: -9.396459031112850e-04
paramR.coef[3][0].elem[989]: -1.007729944334636e+00
auxint: 31
auxint: 31
paramR.coef[0][0].elem[990]: -1.000274953662476e+00
paramR.coef[1][0].elem[990]: -1.886398142319812e-03
paramR.coef[2][0].elem[990]: -9.383014756418974e-04
paramR.coef[3][0].elem[990]: -1.007726278943242e+00
auxint: 31
auxint: 32
paramR.coef[0][0].elem[991]: -1.000275456363100e+00
paramR.coef[1][0].elem[991]: -1.887988667660306e-03
paramR.coef[2][0].elem[991]: -9.367901666886267e-04
paramR.coef[3][0].elem[991]: -1.007721653024063e+00
auxint: 32
auxint: 1
paramR.coef[0][0].elem[992]: -1.000276288624529e+00
paramR.coef[1][0].elem[992]: -1.888667391174741e-03
paramR.coef[2][0].elem[992]: -9.414554020058718e-04
paramR.coef[3][0].elem[992]: -1.007717238620861e+00
auxint: 32
auxint: 2
paramR.coef[0][0].elem[993]: -1.000276957824926e+00
paramR.coef[1][0].elem[993]: -1.890511800313483e-03
paramR.coef[2][0].elem[993]: -9.398789378980829e-04
paramR.coef[3][0].elem[993]: -1.007711380594086e+00
auxint: 32
auxint: 3
paramR.coef[0][0].elem[994]: -1.000277673077656e+00
paramR.coef[1][0].elem[994]: -1.892361186303618e-03
paramR.coef[2][0].elem[994]: -9.384222790563604e-04
paramR.coef[3][0].elem[994]: -1.007705264073922e+00
auxint: 32
auxint: 4
paramR.coef[0][0].elem[995]: -1.000278409693035e+00
paramR.coef[1][0].elem[995]: -1.894141636770549e-03
paramR.coef[2][0].elem[995]: -9.371563259568174e-04
paramR.coef[3][0].elem[995]: -1.007699125628910e+00
auxint: 32
auxint: 5
paramR.coef[0][0].elem[996]: -1.000279143590699e+00
paramR.coef[1][0].elem[996]: -1.895785489054688e-03
paramR.coef[2][0].elem[996]: -9.361321406441796e-04
paramR.coef[3][0].elem[996]: -1.007693193617056e+00
auxint: 32
auxint: 6
paramR.coef[0][0].elem[997]: -1.000279851562965e+00
paramR.coef[1][0].elem[997]: -1.897233393128457e-03
paramR.coef[2][0].elem[997]: -9.353803354647716e-04
paramR.coef[3][0].elem[997]: -1.007687681277637e+00
auxint: 32
auxint: 7
paramR.coef[0][0].elem[998]: -1.000280511354817e+00
paramR.coef[1][0].elem[998]: -1.898436433127664e-03
paramR.coef[2][0].elem[998]: -9.349096692776019e-04
paramR.coef[3][0].elem[998]: -1.007682779967617e+00
auxint: 32
auxint: 8
paramR.coef[0][0].elem[999]: -1.000281101832457e+00
paramR.coef[1][0].elem[999]: -1.899357142802514e-03
paramR.coef[2][0].elem[999]: -9.347099787418390e-04
paramR.coef[3][0].elem[999]: -1.007678654288261e+00
auxint: 32
auxint: 9
paramR.coef[0][0].elem[1000]: -1.000281603213843e+00
paramR.coef[1][0].elem[1000]: -1.899969488476546e-03
paramR.coef[2][0].elem[1000]: -9.347578643117443e-04
paramR.coef[3][0].elem[1000]: -1.007675439404676e+00
auxint: 32
auxint: 10
paramR.coef[0][0].elem[1001]: -1.000281997304791e+00
paramR.coef[1][0].elem[1001]: -1.900258882380957e-03
paramR.coef[2][0].elem[1001]: -9.350199536868061e-04
paramR.coef[3][0].elem[1001]: -1.007673238938725e+00
auxint: 32
auxint: 11
paramR.coef[0][0].elem[1002]: -1.000282268019851e+00
paramR.coef[1][0].elem[1002]: -1.900221508194608e-03
paramR.coef[2][0].elem[1002]: -9.354579523497278e-04
paramR.coef[3][0].elem[1002]: -1.007672123960839e+00
auxint: 32
auxint: 12
paramR.coef[0][0].elem[1003]: -1.000282402207042e+00
paramR.coef[1][0].elem[1003]: -1.899862910516495e-03
paramR.coef[2][0].elem[1003]: -9.360359819599075e-04
paramR.coef[3][0].elem[1003]: -1.007672133081807e+00
auxint: 32
auxint: 13
paramR.coef[0][0].elem[1004]: -1.000282390549591e+00
paramR.coef[1][0].elem[1004]: -1.899197253858051e-03
paramR.coef[2][0].elem[1004]: -9.367239416940503e-04
paramR.coef[3][0].elem[1004]: -1.007673271573325e+00
auxint: 32
auxint: 14
paramR.coef[0][0].elem[1005]: -1.000282228610512e+00
paramR.coef[1][0].elem[1005]: -1.898246934004550e-03
paramR.coef[2][0].elem[1005]: -9.374992341395440e-04
paramR.coef[3][0].elem[1005]: -1.007675509694076e+00
auxint: 32
auxint: 15
paramR.coef[0][0].elem[1006]: -1.000281917895602e+00
paramR.coef[1][0].elem[1006]: -1.897041906890345e-03
paramR.coef[2][0].elem[1006]: -9.383493801986493e-04
paramR.coef[3][0].elem[1006]: -1.007678781684227e+00
auxint: 32
auxint: 16
paramR.coef[0][0].elem[1007]: -1.000281466469712e+00
paramR.coef[1][0].elem[1007]: -1.895619592345277e-03
paramR.coef[2][0].elem[1007]: -9.392699928346529e-04
paramR.coef[3][0].elem[1007]: -1.007682985174639e+00
auxint: 32
auxint: 17
paramR.coef[0][0].elem[1008]: -1.000280889099191e+00
paramR.coef[1][0].elem[1008]: -1.894024971889787e-03
paramR.coef[2][0].elem[1008]: -9.402596458846310e-04
paramR.coef[3][0].elem[1008]: -1.007687981585336e+00
auxint: 32
auxint: 18
paramR.coef[0][0].elem[1009]: -1.000280207060574e+00
paramR.coef[1][0].elem[1009]: -1.892309891192947e-03
paramR.coef[2][0].elem[1009]: -9.413166407114367e-04
paramR.coef[3][0].elem[1009]: -1.007693598781974e+00
auxint: 32
auxint: 19
paramR.coef[0][0].elem[1010]: -1.000279447369119e+00
paramR.coef[1][0].elem[1010]: -1.890532355233609e-03
paramR.coef[2][0].elem[1010]: -9.424335821755618e-04
paramR.coef[3][0].elem[1010]: -1.007699635290414e+00
auxint: 32
auxint: 20
paramR.coef[0][0].elem[1011]: -1.000278641473059e+00
paramR.coef[1][0].elem[1011]: -1.888755836051167e-03
paramR.coef[2][0].elem[1011]: -9.435901080078355e-04
paramR.coef[3][0].elem[1011]: -1.007705865788949e+00
auxint: 32
auxint: 21
paramR.coef[0][0].elem[1012]: -1.000277823801823e+00
paramR.coef[1][0].elem[1012]: -1.887047435430734e-03
paramR.coef[2][0].elem[1012]: -9.447507700052489e-04
paramR.coef[3][0].elem[1012]: -1.007712048710821e+00
auxint: 32
auxint: 22
paramR.coef[0][0].elem[1013]: -1.000277030099253e+00
paramR.coef[1][0].elem[1013]: -1.885475510149261e-03
paramR.coef[2][0].elem[1013]: -9.458656293830129e-04
paramR.coef[3][0].elem[1013]: -1.007717935200610e+00
auxint: 32
auxint: 23
paramR.coef[0][0].elem[1014]: -1.000276295439774e+00
paramR.coef[1][0].elem[1014]: -1.884107253922319e-03
paramR.coef[2][0].elem[1014]: -9.468707593568355e-04
paramR.coef[3][0].elem[1014]: -1.007723279084627e+00
auxint: 32
auxint: 24
paramR.coef[0][0].elem[1015]: -1.000275652277917e+00
paramR.coef[1][0].elem[1015]: -1.883005141645040e-03
paramR.coef[2][0].elem[1015]: -9.476942455736467e-04
paramR.coef[3][0].elem[1015]: -1.007727848939139e+00
auxint: 32
auxint: 25
paramR.coef[0][0].elem[1016]: -1.000275128643949e+00
paramR.coef[1][0].elem[1016]: -1.882222729221911e-03
paramR.coef[2][0].elem[1016]: -9.482659302775270e-04
paramR.coef[3][0].elem[1016]: -1.007731441187681e+00
auxint: 32
auxint: 26
paramR.coef[0][0].elem[1017]: -1.000274746417263e+00
paramR.coef[1][0].elem[1017]: -1.881801031616548e-03
paramR.coef[2][0].elem[1017]: -9.485250126910427e-04
paramR.coef[3][0].elem[1017]: -1.007733892427636e+00
auxint: 32
auxint: 27
paramR.coef[0][0].elem[1018]: -1.000274520043901e+00
paramR.coef[1][0].elem[1018]: -1.881764955187432e-03
paramR.coef[2][0].elem[1018]: -9.484286906901360e-04
paramR.coef[3][0].elem[1018]: -1.007735090829618e+00
auxint: 32
auxint: 28
paramR.coef[0][0].elem[1019]: -1.000274455971463e+00
paramR.coef[1][0].elem[1019]: -1.882120315681625e-03
paramR.coef[2][0].elem[1019]: -9.479611781467258e-04
paramR.coef[3][0].elem[1019]: -1.007734984587547e+00
auxint: 32
auxint: 29
paramR.coef[0][0].elem[1020]: -1.000274552675210e+00
paramR.coef[1][0].elem[1020]: -1.882853114497204e-03
paramR.coef[2][0].elem[1020]: -9.471362592633193e-04
paramR.coef[3][0].elem[1020]: -1.007733584606400e+00
auxint: 32
auxint: 30
paramR.coef[0][0].elem[1021]: -1.000274801313101e+00
paramR.coef[1][0].elem[1021]: -1.883930447264380e-03
paramR.coef[2][0].elem[1021]: -9.459961190516441e-04
paramR.coef[3][0].elem[1021]: -1.007730962390560e+00
auxint: 32
auxint: 31
paramR.coef[0][0].elem[1022]: -1.000275186996449e+00
paramR.coef[1][0].elem[1022]: -1.885302316066909e-03
paramR.coef[2][0].elem[1022]: -9.446095195717387e-04
paramR.coef[3][0].elem[1022]: -1.007727244342668e+00
auxint: 32
auxint: 32
paramR.coef[0][0].elem[1023]: -1.000275690277934e+00
paramR.coef[1][0].elem[1023]: -1.886905322666914e-03
paramR.coef[2][0].elem[1023]: -9.430641125154175e-04
paramR.coef[3][0].elem[1023]: -1.007722601745529e+00
# Omega_loc: 0.000000000000000e+00 -1.425532635134562e-04 -9.999999999999997e-01 7.450757616317730e-04 1.425532635134562e-04 0.000000000000000e+00 -1.254971453639373e-05 -9.999999999999991e-01 9.999999999999997e-01 1.254971453635490e-05 0.000000000000000e+00 1.551309249618053e-03 -7.450757616320836e-04 9.999999999999991e-01 -1.551309249618053e-03 0.000000000000000e+00
# zcen: -1.000283238082396e+00 -1.896016248010949e-03 -9.252771620154792e-04 -1.007690259999283e+00
# zscale: 4.861261721512532e-05
Copy constructor of matrix
nrows = 4
ncols = 1
Copy constructor of matrix
nrows = 4
ncols = 1
# Continuation step 1 / 1000
# We try to compute the torus for epsilon=0.000000000000000e+00 (limit: 3.000000000000000e+00)
# Iteration 1 : 
Copy constructor of matrix
nrows = 4
ncols = 1
Copy constructor of matrix
nrows = 4
ncols = 1
#     - Size of the grid: 32 32 
#     - Tails of the parameterization: 3.750e-09 1.578e-08 
#     - Error of invariance: 1.119e-10 (max over grid, physical), 5.303e-06 (Fourier l1, local)
Copy constructor of matrix
nrows = 2
ncols = 2
Copy constructor of matrix
nrows = 4
ncols = 4
Copy constructor of matrix
nrows = 4
ncols = 4
Copy constructor of matrix
nrows = 2
ncols = 2
Copy constructor of matrix
nrows = 4
ncols = 4
Copy constructor of matrix
nrows = 4
ncols = 4
#     - Average torsion <T>: [-1.337e-05 -1.118e-04; -1.118e-04 3.862e-05], det -1.301e-08
#     - Norm inverse twist: -1.912e+04
#     - max |Im K| after the step: 2.329e-15 (removed)
#     - Residual of the linearized equation: 1.548e-12 (physical)
#     - Lagrangian defect |L^T Omega L|: 6.958e-04
#     - Frame check |L^T Omega N + I| (should be 0): 1.648e-08
#     - Norm of the correction: 7.604e-10 (physical), 1.564e-05 (local)
# Iteration 2 : 
Copy constructor of matrix
nrows = 4
ncols = 1
Copy constructor of matrix
nrows = 4
ncols = 1
#     - Size of the grid: 32 32 
#     - Tails of the parameterization: 0.000e+00 0.000e+00 
#     - Error of invariance: 5.370e-13 (max over grid, physical), 2.422e-07 (Fourier l1, local)
#     - No correction is needed!
0.000000000000000e+00 32 32 -1.912432665933350e+04 8.717262713981575e-01 5.485416320212706e-01 5.369588757506136e-13
# Omega_loc: 0.000000000000000e+00 -1.425749069121611e-04 -1.000000000000000e+00 7.450372067000807e-04 1.425749069122387e-04 0.000000000000000e+00 -1.256407079537211e-05 -1.000000000000000e+00 1.000000000000000e+00 1.256407079539152e-05 0.000000000000000e+00 1.551316692264258e-03 -7.450372066997701e-04 1.000000000000000e+00 -1.551316692264413e-03 0.000000000000000e+00
# zcen: -1.000283238082051e+00 -1.896016247450664e-03 -9.252771625944077e-04 -1.007690260000583e+00
# zscale: 4.861258349693741e-05
# Continuation step 2 / 1000
# We try to compute the torus for epsilon=1.000000000000000e-02 (limit: 3.000000000000000e+00)
# Iteration 1 : 
Copy constructor of matrix
nrows = 4
ncols = 1
Copy constructor of matrix
nrows = 4
ncols = 1
#     - Size of the grid: 32 32 
#     - Tails of the parameterization: 7.501e-09 3.156e-08 
#     - Error of invariance: 1.237e-09 (max over grid, physical), 3.167e-05 (Fourier l1, local)
Copy constructor of matrix
nrows = 2
ncols = 2
Copy constructor of matrix
nrows = 4
ncols = 4
Copy constructor of matrix
nrows = 4
ncols = 4
Copy constructor of matrix
nrows = 2
ncols = 2
Copy constructor of matrix
nrows = 4
ncols = 4
Copy constructor of matrix
nrows = 4
ncols = 4
#     - Average torsion <T>: [-1.313e-05 -1.118e-04; -1.118e-04 4.015e-05], det -1.302e-08
#     - Norm inverse twist: -1.925e+04
#     - max |Im K| after the step: 2.181e-15 (removed)
#     - Residual of the linearized equation: 2.522e-11 (physical)
#     - Lagrangian defect |L^T Omega L|: 1.424e-03
#     - Frame check |L^T Omega N + I| (should be 0): 3.390e-08
#     - Norm of the correction: 3.483e-07 (physical), 7.164e-03 (local)
# Iteration 2 : 
Copy constructor of matrix
nrows = 4
ncols = 1
Copy constructor of matrix
nrows = 4
ncols = 1
#     - Size of the grid: 32 32 
#     - Tails of the parameterization: 0.000e+00 0.000e+00 
#     - Error of invariance: 8.678e-11 (max over grid, physical), 5.647e-06 (Fourier l1, local)
Copy constructor of matrix
nrows = 2
ncols = 2
Copy constructor of matrix
nrows = 4
ncols = 4
Copy constructor of matrix
nrows = 4
ncols = 4
Copy constructor of matrix
nrows = 2
ncols = 2
Copy constructor of matrix
nrows = 4
ncols = 4
Copy constructor of matrix
nrows = 4
ncols = 4
#     - Average torsion <T>: [-1.339e-05 -1.118e-04; -1.118e-04 3.866e-05], det -1.301e-08
#     - Norm inverse twist: -1.912e+04
#     - max |Im K| after the step: 1.113e-15 (removed)
#     - Residual of the linearized equation: 1.362e-12 (physical)
#     - Lagrangian defect |L^T Omega L|: 5.531e-05
#     - Frame check |L^T Omega N + I| (should be 0): 1.182e-09
#     - Norm of the correction: 2.516e-09 (physical), 5.176e-05 (local)
# Iteration 3 : 
Copy constructor of matrix
nrows = 4
ncols = 1
Copy constructor of matrix
nrows = 4
ncols = 1
#     - Size of the grid: 32 32 
#     - Tails of the parameterization: 0.000e+00 0.000e+00 
#     - Error of invariance: 4.987e-13 (max over grid, physical), 2.418e-07 (Fourier l1, local)
#     - No correction is needed!
1.000000000000000e-02 32 32 -1.912154193763716e+04 8.761064005936015e-01 5.517060761450350e-01 4.986532278589510e-13
# Omega_loc: 0.000000000000000e+00 -1.439867142931167e-04 -1.000000000000000e+00 7.525963458654605e-04 1.439867142931936e-04 0.000000000000000e+00 -1.264617445491779e-05 -1.000000000000001e+00 1.000000000000000e+00 1.264617445493701e-05 0.000000000000000e+00 1.566713159703439e-03 -7.525963458654605e-04 1.000000000000001e+00 -1.566713159703286e-03 0.000000000000000e+00
# zcen: -1.000283239485824e+00 -1.896019237060863e-03 -9.252749069109862e-04 -1.007690251367016e+00
# zscale: 4.885407029764993e-05
# Continuation step 3 / 1000
# We try to compute the torus for epsilon=2.333333333333333e-02 (limit: 3.000000000000000e+00)
# Iteration 1 : 
Copy constructor of matrix
nrows = 4
ncols = 1
Copy constructor of matrix
nrows = 4
ncols = 1
#     - Size of the grid: 32 32 
#     - Tails of the parameterization: 3.240e-12 3.263e-12 
#     - Error of invariance: 2.788e-10 (max over grid, physical), 1.630e-05 (Fourier l1, local)
Copy constructor of matrix
nrows = 2
ncols = 2
Copy constructor of matrix
nrows = 4
ncols = 4
Copy constructor of matrix
nrows = 4
ncols = 4
Copy constructor of matrix
nrows = 2
ncols = 2
Copy constructor of matrix
nrows = 4
ncols = 4
Copy constructor of matrix
nrows = 4
ncols = 4
#     - Average torsion <T>: [-1.353e-05 -1.129e-04; -1.129e-04 3.911e-05], det -1.328e-08
#     - Norm inverse twist: -1.893e+04
#     - max |Im K| after the step: 2.336e-15 (removed)
#     - Residual of the linearized equation: 1.593e-12 (physical)
#     - Lagrangian defect |L^T Omega L|: 1.094e-04
#     - Frame check |L^T Omega N + I| (should be 0): 2.256e-09
#     - Norm of the correction: 2.422e-09 (physical), 4.958e-05 (local)
# Iteration 2 : 
Copy constructor of matrix
nrows = 4
ncols = 1
Copy constructor of matrix
nrows = 4
ncols = 1
#     - Size of the grid: 32 32 
#     - Tails of the parameterization: 0.000e+00 0.000e+00 
#     - Error of invariance: 5.587e-13 (max over grid, physical), 2.444e-07 (Fourier l1, local)
#     - No correction is needed!
2.333333333333333e-02 32 32 -1.893229263394238e+04 8.775715821239239e-01 5.531922249396503e-01 5.587075351631778e-13
# Omega_loc: 7.590112965695514e-17 -1.458688163769506e-04 -1.000000000000000e+00 7.626783832310626e-04 1.458688163769506e-04 0.000000000000000e+00 -1.275396223939403e-05 -9.999999999999994e-01 1.000000000000000e+00 1.275396223939403e-05 0.000000000000000e+00 1.587238293480465e-03 -7.626783832307590e-04 9.999999999999997e-01 -1.587238293480465e-03 0.000000000000000e+00
# zcen: -1.000283241357437e+00 -1.896023222942966e-03 -9.252718993553323e-04 -1.007690239856521e+00
# zscale: 4.917417899992477e-05
# Continuation step 4 / 1000
# We try to compute the torus for epsilon=5.000000000000000e-02 (limit: 3.000000000000000e+00)
# Iteration 1 : 
Copy constructor of matrix
nrows = 4
ncols = 1
Copy constructor of matrix
nrows = 4
ncols = 1
#     - Size of the grid: 32 32 
#     - Tails of the parameterization: 4.416e-12 4.364e-12 
#     - Error of invariance: 9.459e-10 (max over grid, physical), 5.429e-05 (Fourier l1, local)
Copy constructor of matrix
nrows = 2
ncols = 2
Copy constructor of matrix
nrows = 4
ncols = 4
Copy constructor of matrix
nrows = 4
ncols = 4
Copy constructor of matrix
nrows = 2
ncols = 2
Copy constructor of matrix
nrows = 4
ncols = 4
Copy constructor of matrix
nrows = 4
ncols = 4
#     - Average torsion <T>: [-1.374e-05 -1.144e-04; -1.144e-04 3.974e-05], det -1.364e-08
#     - Norm inverse twist: -1.868e+04
#     - max |Im K| after the step: 1.790e-15 (removed)
#     - Residual of the linearized equation: 1.917e-12 (physical)
#     - Lagrangian defect |L^T Omega L|: 2.632e-04
#     - Frame check |L^T Omega N + I| (should be 0): 5.312e-09
#     - Norm of the correction: 8.069e-09 (physical), 1.641e-04 (local)
# Iteration 2 : 
Copy constructor of matrix
nrows = 4
ncols = 1
Copy constructor of matrix
nrows = 4
ncols = 1
#     - Size of the grid: 32 32 
#     - Tails of the parameterization: 0.000e+00 0.000e+00 
#     - Error of invariance: 6.209e-13 (max over grid, physical), 2.509e-07 (Fourier l1, local)
#     - No correction is needed!
5.000000000000000e-02 32 32 -1.868493102995298e+04 8.832551925062014e-01 5.578957341792861e-01 6.209009995653223e-13
# Omega_loc: 0.000000000000000e+00 -1.496317699812815e-04 -9.999999999999997e-01 7.828545611560637e-04 1.496317699812815e-04 0.000000000000000e+00 -1.296491292695232e-05 -1.000000000000000e+00 9.999999999999997e-01 1.296491292689683e-05 0.000000000000000e+00 1.628275888924876e-03 -7.828545611563597e-04 1.000000000000000e+00 -1.628275888925024e-03 0.000000000000000e+00
# zcen: -1.000283245100362e+00 -1.896031193765771e-03 -9.252658843363936e-04 -1.007690216838828e+00
# zscale: 4.980812394950490e-05
# Continuation step 5 / 1000
# We try to compute the torus for epsilon=1.033333333333333e-01 (limit: 3.000000000000000e+00)
# Iteration 1 : 
Copy constructor of matrix
nrows = 4
ncols = 1
Copy constructor of matrix
nrows = 4
ncols = 1
#     - Size of the grid: 32 32 
#     - Tails of the parameterization: 4.600e-12 4.395e-12 
#     - Error of invariance: 3.716e-09 (max over grid, physical), 2.098e-04 (Fourier l1, local)
Copy constructor of matrix
nrows = 2
ncols = 2
Copy constructor of matrix
nrows = 4
ncols = 4
Copy constructor of matrix
nrows = 4
ncols = 4
Copy constructor of matrix
nrows = 2
ncols = 2
Copy constructor of matrix
nrows = 4
ncols = 4
Copy constructor of matrix
nrows = 4
ncols = 4
#     - Average torsion <T>: [-1.416e-05 -1.174e-04; -1.174e-04 4.108e-05], det -1.437e-08
#     - Norm inverse twist: -1.822e+04
#     - max |Im K| after the step: 1.033e-15 (removed)
#     - Residual of the linearized equation: 8.480e-12 (physical)
#     - Lagrangian defect |L^T Omega L|: 8.802e-04
#     - Frame check |L^T Omega N + I| (should be 0): 1.784e-08
#     - Norm of the correction: 3.088e-08 (physical), 6.200e-04 (local)
# Iteration 2 : 
Copy constructor of matrix
nrows = 4
ncols = 1
Copy constructor of matrix
nrows = 4
ncols = 1
#     - Size of the grid: 32 32 
#     - Tails of the parameterization: 0.000e+00 0.000e+00 
#     - Error of invariance: 3.685e-12 (max over grid, physical), 3.476e-07 (Fourier l1, local)
Copy constructor of matrix
nrows = 2
ncols = 2
Copy constructor of matrix
nrows = 4
ncols = 4
Copy constructor of matrix
nrows = 4
ncols = 4
Copy constructor of matrix
nrows = 2
ncols = 2
Copy constructor of matrix
nrows = 4
ncols = 4
Copy constructor of matrix
nrows = 4
ncols = 4
#     - Average torsion <T>: [-1.416e-05 -1.175e-04; -1.175e-04 4.096e-05], det -1.439e-08
#     - Norm inverse twist: -1.820e+04
#     - max |Im K| after the step: 9.667e-16 (removed)
#     - Residual of the linearized equation: 1.686e-12 (physical)
#     - Lagrangian defect |L^T Omega L|: 1.979e-05
#     - Frame check |L^T Omega N + I| (should be 0): 4.506e-10
#     - Norm of the correction: 4.456e-11 (physical), 8.946e-07 (local)
# Iteration 3 : 
Copy constructor of matrix
nrows = 4
ncols = 1
Copy constructor of matrix
nrows = 4
ncols = 1
#     - Size of the grid: 32 32 
#     - Tails of the parameterization: 0.000e+00 0.000e+00 
#     - Error of invariance: 7.705e-13 (max over grid, physical), 2.437e-07 (Fourier l1, local)
#     - No correction is needed!
1.033333333333333e-01 32 32 -1.819589832039036e+04 8.941082742032417e-01 5.670157143464271e-01 7.704834308429895e-13
# Omega_loc: 1.409050861092695e-16 -1.571522491344614e-04 -1.000000000000000e+00 8.232524240500056e-04 1.571522491344614e-04 0.000000000000000e+00 -1.336754713651016e-05 -1.000000000000000e+00 1.000000000000000e+00 1.336754713645732e-05 0.000000000000000e+00 1.710302674324284e-03 -8.232524240497238e-04 1.000000000000000e+00 -1.710302674324284e-03 0.000000000000000e+00
# zcen: -1.000283252585041e+00 -1.896047131719132e-03 -9.252538546223477e-04 -1.007690170816391e+00
# zscale: 5.105201443998039e-05
# Continuation step 6 / 1000
# We try to compute the torus for epsilon=1.744444444444444e-01 (limit: 3.000000000000000e+00)
# Iteration 1 : 
Copy constructor of matrix
nrows = 4
ncols = 1
Copy constructor of matrix
nrows = 4
ncols = 1
#     - Size of the grid: 32 32 
#     - Tails of the parameterization: 3.133e-12 3.016e-12 
#     - Error of invariance: 7.442e-09 (max over grid, physical), 4.102e-04 (Fourier l1, local)
Copy constructor of matrix
nrows = 2
ncols = 2
Copy constructor of matrix
nrows = 4
ncols = 4
Copy constructor of matrix
nrows = 4
ncols = 4
Copy constructor of matrix
nrows = 2
ncols = 2
Copy constructor of matrix
nrows = 4
ncols = 4
Copy constructor of matrix
nrows = 4
ncols = 4
#     - Average torsion <T>: [-1.497e-05 -1.234e-04; -1.234e-04 4.356e-05], det -1.588e-08
#     - Norm inverse twist: -1.734e+04
#     - max |Im K| after the step: 1.254e-15 (removed)
#     - Residual of the linearized equation: 2.838e-11 (physical)
#     - Lagrangian defect |L^T Omega L|: 1.683e-03
#     - Frame check |L^T Omega N + I| (should be 0): 3.539e-08
#     - Norm of the correction: 5.997e-08 (physical), 1.175e-03 (local)
# Iteration 2 : 
Copy constructor of matrix
nrows = 4
ncols = 1
Copy constructor of matrix
nrows = 4
ncols = 1
#     - Size of the grid: 32 32 
#     - Tails of the parameterization: 0.000e+00 0.000e+00 
#     - Error of invariance: 1.354e-11 (max over grid, physical), 6.752e-07 (Fourier l1, local)
Copy constructor of matrix
nrows = 2
ncols = 2
Copy constructor of matrix
nrows = 4
ncols = 4
Copy constructor of matrix
nrows = 4
ncols = 4
Copy constructor of matrix
nrows = 2
ncols = 2
Copy constructor of matrix
nrows = 4
ncols = 4
Copy constructor of matrix
nrows = 4
ncols = 4
#     - Average torsion <T>: [-1.497e-05 -1.236e-04; -1.236e-04 4.332e-05], det -1.592e-08
#     - Norm inverse twist: -1.731e+04
#     - max |Im K| after the step: 7.788e-16 (removed)
#     - Residual of the linearized equation: 1.318e-12 (physical)
#     - Lagrangian defect |L^T Omega L|: 3.195e-05
#     - Frame check |L^T Omega N + I| (should be 0): 7.634e-10
#     - Norm of the correction: 8.329e-11 (physical), 1.632e-06 (local)
# Iteration 3 : 
Copy constructor of matrix
nrows = 4
ncols = 1
Copy constructor of matrix
nrows = 4
ncols = 1
#     - Size of the grid: 32 32 
#     - Tails of the parameterization: 0.000e+00 0.000e+00 
#     - Error of invariance: 9.621e-13 (max over grid, physical), 2.663e-07 (Fourier l1, local)
#     - No correction is needed!
1.744444444444444e-01 32 32 -1.730797138889657e+04 9.003289008902160e-01 5.740271614464290e-01 9.620502501732286e-13
# Omega_loc: -1.324651495647654e-16 -1.671686781170406e-04 -9.999999999999999e-01 8.772111669628933e-04 1.671686781169744e-04 0.000000000000000e+00 -1.386436317629582e-05 -1.000000000000000e+00 1.000000000000000e+00 1.386436317632894e-05 0.000000000000000e+00 1.819568490013699e-03 -8.772111669628933e-04 1.000000000000000e+00 -1.819568490013567e-03 0.000000000000000e+00
# zcen: -1.000283262562178e+00 -1.896068374649738e-03 -9.252378156812764e-04 -1.007690109480060e+00
# zscale: 5.266406871271809e-05
# Continuation step 7 / 1000
# We try to compute the torus for epsilon=2.692592592592592e-01 (limit: 3.000000000000000e+00)
# Iteration 1 : 
Copy constructor of matrix
nrows = 4
ncols = 1
Copy constructor of matrix
nrows = 4
ncols = 1
#     - Size of the grid: 32 32 
#     - Tails of the parameterization: 2.931e-12 2.865e-12 
#     - Error of invariance: 1.256e-08 (max over grid, physical), 6.724e-04 (Fourier l1, local)
Copy constructor of matrix
nrows = 2
ncols = 2
Copy constructor of matrix
nrows = 4
ncols = 4
Copy constructor of matrix
nrows = 4
ncols = 4
Copy constructor of matrix
nrows = 2
ncols = 2
Copy constructor of matrix
nrows = 4
ncols = 4
Copy constructor of matrix
nrows = 4
ncols = 4
#     - Average torsion <T>: [-1.605e-05 -1.313e-04; -1.314e-04 4.691e-05], det -1.800e-08
#     - Norm inverse twist: -1.630e+04
#     - max |Im K| after the step: 1.259e-15 (removed)
#     - Residual of the linearized equation: 7.260e-11 (physical)
#     - Lagrangian defect |L^T Omega L|: 2.827e-03
#     - Frame check |L^T Omega N + I| (should be 0): 6.208e-08
#     - Norm of the correction: 9.739e-08 (physical), 1.849e-03 (local)
# Iteration 2 : 
Copy constructor of matrix
nrows = 4
ncols = 1
Copy constructor of matrix
nrows = 4
ncols = 1
#     - Size of the grid: 32 32 
#     - Tails of the parameterization: 0.000e+00 0.000e+00 
#     - Error of invariance: 3.548e-11 (max over grid, physical), 1.385e-06 (Fourier l1, local)
Copy constructor of matrix
nrows = 2
ncols = 2
Copy constructor of matrix
nrows = 4
ncols = 4
Copy constructor of matrix
nrows = 4
ncols = 4
Copy constructor of matrix
nrows = 2
ncols = 2
Copy constructor of matrix
nrows = 4
ncols = 4
Copy constructor of matrix
nrows = 4
ncols = 4
#     - Average torsion <T>: [-1.605e-05 -1.317e-04; -1.317e-04 4.652e-05], det -1.808e-08
#     - Norm inverse twist: -1.625e+04
#     - max |Im K| after the step: 1.065e-15 (removed)
#     - Residual of the linearized equation: 1.343e-12 (physical)
#     - Lagrangian defect |L^T Omega L|: 4.731e-05
#     - Frame check |L^T Omega N + I| (should be 0): 1.191e-09
#     - Norm of the correction: 1.831e-10 (physical), 3.477e-06 (local)
# Iteration 3 : 
Copy constructor of matrix
nrows = 4
ncols = 1
Copy constructor of matrix
nrows = 4
ncols = 1
#     - Size of the grid: 32 32 
#     - Tails of the parameterization: 0.000e+00 0.000e+00 
#     - Error of invariance: 1.538e-12 (max over grid, physical), 2.915e-07 (Fourier l1, local)
Copy constructor of matrix
nrows = 2
ncols = 2
Copy constructor of matrix
nrows = 4
ncols = 4
Copy constructor of matrix
nrows = 4
ncols = 4
Copy constructor of matrix
nrows = 2
ncols = 2
Copy constructor of matrix
nrows = 4
ncols = 4
Copy constructor of matrix
nrows = 4
ncols = 4
#     - Average torsion <T>: [-1.605e-05 -1.317e-04; -1.317e-04 4.652e-05], det -1.808e-08
#     - Norm inverse twist: -1.625e+04
#     - max |Im K| after the step: 1.040e-15 (removed)
#     - Residual of the linearized equation: 1.498e-12 (physical)
#     - Lagrangian defect |L^T Omega L|: 4.035e-05
#     - Frame check |L^T Omega N + I| (should be 0): 1.076e-09
#     - Norm of the correction: 3.573e-11 (physical), 6.785e-07 (local)
# Iteration 4 : 
Copy constructor of matrix
nrows = 4
ncols = 1
Copy constructor of matrix
nrows = 4
ncols = 1
#     - Size of the grid: 32 32 
#     - Tails of the parameterization: 0.000e+00 0.000e+00 
#     - Error of invariance: 1.652e-12 (max over grid, physical), 2.885e-07 (Fourier l1, local)
Copy constructor of matrix
nrows = 2
ncols = 2
Copy constructor of matrix
nrows = 4
ncols = 4
Copy constructor of matrix
nrows = 4
ncols = 4
Copy constructor of matrix
nrows = 2
ncols = 2
Copy constructor of matrix
nrows = 4
ncols = 4
Copy constructor of matrix
nrows = 4
ncols = 4
#     - Average torsion <T>: [-1.605e-05 -1.317e-04; -1.317e-04 4.652e-05], det -1.808e-08
#     - Norm inverse twist: -1.625e+04
#     - max |Im K| after the step: 8.752e-16 (removed)
#     - Residual of the linearized equation: 1.422e-12 (physical)
#     - Lagrangian defect |L^T Omega L|: 3.787e-05
#     - Frame check |L^T Omega N + I| (should be 0): 1.021e-09
#     - Norm of the correction: 3.694e-11 (physical), 7.015e-07 (local)
# Newton stalled; best error 1.538e-12 (physical), accepted (tol-floor 1.000e-11)
2.692592592592592e-01 32 32 -1.624939753661390e+04 9.077673825779661e-01 5.828775398684776e-01 1.538114968000304e-12
# Omega_loc: 1.226831865033342e-16 -1.805043223930918e-04 -1.000000000000000e+00 9.493270247499747e-04 1.805043223930305e-04 0.000000000000000e+00 -1.445630121579907e-05 -9.999999999999997e-01 1.000000000000000e+00 1.445630121573773e-05 0.000000000000000e+00 1.965074807350054e-03 -9.493270247499747e-04 9.999999999999993e-01 -1.965074807350299e-03 0.000000000000000e+00
# zcen: -1.000283275860690e+00 -1.896096684899443e-03 -9.252164316473363e-04 -1.007690027746191e+00
# zscale: 5.473832975924753e-05
# Continuation step 8 / 1000
# We try to compute the torus for epsilon=3.956790123456789e-01 (limit: 3.000000000000000e+00)
# Iteration 1 : 
Copy constructor of matrix
nrows = 4
ncols = 1
Copy constructor of matrix
nrows = 4
ncols = 1
#     - Size of the grid: 32 32 
#     - Tails of the parameterization: 2.756e-12 2.727e-12 
#     - Error of invariance: 2.092e-08 (max over grid, physical), 1.080e-03 (Fourier l1, local)
Copy constructor of matrix
nrows = 2
ncols = 2
Copy constructor of matrix
nrows = 4
ncols = 4
Copy constructor of matrix
nrows = 4
ncols = 4
Copy constructor of matrix
nrows = 2
ncols = 2
Copy constructor of matrix
nrows = 4
ncols = 4
Copy constructor of matrix
nrows = 4
ncols = 4
#     - Average torsion <T>: [-1.752e-05 -1.419e-04; -1.420e-04 5.150e-05], det -2.105e-08
#     - Norm inverse twist: -1.510e+04
#     - max |Im K| after the step: 1.384e-15 (removed)
#     - Residual of the linearized equation: 1.827e-10 (physical)
#     - Lagrangian defect |L^T Omega L|: 4.675e-03
#     - Frame check |L^T Omega N + I| (should be 0): 1.094e-07
#     - Norm of the correction: 1.549e-07 (physical), 2.829e-03 (local)
# Iteration 2 : 
Copy constructor of matrix
nrows = 4
ncols = 1
Copy constructor of matrix
nrows = 4
ncols = 1
#     - Size of the grid: 32 32 
#     - Tails of the parameterization: 0.000e+00 0.000e+00 
#     - Error of invariance: 8.925e-11 (max over grid, physical), 3.094e-06 (Fourier l1, local)
Copy constructor of matrix
nrows = 2
ncols = 2
Copy constructor of matrix
nrows = 4
ncols = 4
Copy constructor of matrix
nrows = 4
ncols = 4
Copy constructor of matrix
nrows = 2
ncols = 2
Copy constructor of matrix
nrows = 4
ncols = 4
Copy constructor of matrix
nrows = 4
ncols = 4
#     - Average torsion <T>: [-1.752e-05 -1.425e-04; -1.425e-04 5.087e-05], det -2.118e-08
#     - Norm inverse twist: -1.502e+04
#     - max |Im K| after the step: 1.078e-15 (removed)
#     - Residual of the linearized equation: 1.357e-12 (physical)
#     - Lagrangian defect |L^T Omega L|: 8.789e-05
#     - Frame check |L^T Omega N + I| (should be 0): 2.378e-09
#     - Norm of the correction: 4.306e-10 (physical), 7.867e-06 (local)
# Iteration 3 : 
Copy constructor of matrix
nrows = 4
ncols = 1
Copy constructor of matrix
nrows = 4
ncols = 1
#     - Size of the grid: 32 32 
#     - Tails of the parameterization: 0.000e+00 0.000e+00 
#     - Error of invariance: 3.183e-12 (max over grid, physical), 3.670e-07 (Fourier l1, local)
Copy constructor of matrix
nrows = 2
ncols = 2
Copy constructor of matrix
nrows = 4
ncols = 4
Copy constructor of matrix
nrows = 4
ncols = 4
Copy constructor of matrix
nrows = 2
ncols = 2
Copy constructor of matrix
nrows = 4
ncols = 4
Copy constructor of matrix
nrows = 4
ncols = 4
#     - Average torsion <T>: [-1.752e-05 -1.425e-04; -1.425e-04 5.086e-05], det -2.118e-08
#     - Norm inverse twist: -1.502e+04
#     - max |Im K| after the step: 9.410e-16 (removed)
#     - Residual of the linearized equation: 1.259e-12 (physical)
#     - Lagrangian defect |L^T Omega L|: 6.909e-05
#     - Frame check |L^T Omega N + I| (should be 0): 2.026e-09
#     - Norm of the correction: 5.070e-11 (physical), 9.262e-07 (local)
# Iteration 4 : 
Copy constructor of matrix
nrows = 4
ncols = 1
Copy constructor of matrix
nrows = 4
ncols = 1
#     - Size of the grid: 32 32 
#     - Tails of the parameterization: 0.000e+00 0.000e+00 
#     - Error of invariance: 3.257e-12 (max over grid, physical), 3.734e-07 (Fourier l1, local)
Copy constructor of matrix
nrows = 2
ncols = 2
Copy constructor of matrix
nrows = 4
ncols = 4
Copy constructor of matrix
nrows = 4
ncols = 4
Copy constructor of matrix
nrows = 2
ncols = 2
Copy constructor of matrix
nrows = 4
ncols = 4
Copy constructor of matrix
nrows = 4
ncols = 4
#     - Average torsion <T>: [-1.752e-05 -1.425e-04; -1.425e-04 5.086e-05], det -2.118e-08
#     - Norm inverse twist: -1.502e+04
#     - max |Im K| after the step: 1.076e-15 (removed)
#     - Residual of the linearized equation: 1.420e-12 (physical)
#     - Lagrangian defect |L^T Omega L|: 7.117e-05
#     - Frame check |L^T Omega N + I| (should be 0): 2.063e-09
#     - Norm of the correction: 4.916e-11 (physical), 8.981e-07 (local)
# Newton stalled; best error 3.183e-12 (physical), accepted (tol-floor 1.000e-11)
3.956790123456789e-01 32 32 -1.502261110054603e+04 9.164435157135290e-01 5.939517671922319e-01 3.182743659210082e-12
# Omega_loc: 0.000000000000000e+00 -1.982509256566693e-04 -9.999999999999998e-01 1.045783008100038e-03 1.982509256567252e-04 0.000000000000000e+00 -1.511999875214420e-05 -9.999999999999998e-01 9.999999999999998e-01 1.511999875214420e-05 0.000000000000000e+00 2.158761321449751e-03 -1.045783008100261e-03 1.000000000000000e+00 -2.158761321449639e-03 8.936662162637740e-16
# zcen: -1.000283293584383e+00 -1.896134407752003e-03 -9.251879217057753e-04 -1.007689918852434e+00
# zscale: 5.738522305186566e-05
# Continuation step 9 / 1000
# We try to compute the torus for epsilon=5.642386831275719e-01 (limit: 3.000000000000000e+00)
# Iteration 1 : 
Copy constructor of matrix
nrows = 4
ncols = 1
Copy constructor of matrix
nrows = 4
ncols = 1
#     - Size of the grid: 32 32 
#     - Tails of the parameterization: 2.651e-12 2.727e-12 
#     - Error of invariance: 3.434e-08 (max over grid, physical), 1.697e-03 (Fourier l1, local)
Copy constructor of matrix
nrows = 2
ncols = 2
Copy constructor of matrix
nrows = 4
ncols = 4
Copy constructor of matrix
nrows = 4
ncols = 4
Copy constructor of matrix
nrows = 2
ncols = 2
Copy constructor of matrix
nrows = 4
ncols = 4
Copy constructor of matrix
nrows = 4
ncols = 4
#     - Average torsion <T>: [-1.953e-05 -1.560e-04; -1.561e-04 5.781e-05], det -2.549e-08
#     - Norm inverse twist: -1.375e+04
#     - max |Im K| after the step: 1.232e-15 (removed)
#     - Residual of the linearized equation: 4.413e-10 (physical)
#     - Lagrangian defect |L^T Omega L|: 7.668e-03
#     - Frame check |L^T Omega N + I| (should be 0): 1.937e-07
#     - Norm of the correction: 2.406e-07 (physical), 4.193e-03 (local)
# Iteration 2 : 
Copy constructor of matrix
nrows = 4
ncols = 1
Copy constructor of matrix
nrows = 4
ncols = 1
#     - Size of the grid: 32 32 
#     - Tails of the parameterization: 0.000e+00 0.000e+00 
#     - Error of invariance: 2.133e-10 (max over grid, physical), 7.037e-06 (Fourier l1, local)
Copy constructor of matrix
nrows = 2
ncols = 2
Copy constructor of matrix
nrows = 4
ncols = 4
Copy constructor of matrix
nrows = 4
ncols = 4
Copy constructor of matrix
nrows = 2
ncols = 2
Copy constructor of matrix
nrows = 4
ncols = 4
Copy constructor of matrix
nrows = 4
ncols = 4
#     - Average torsion <T>: [-1.953e-05 -1.569e-04; -1.569e-04 5.681e-05], det -2.573e-08
#     - Norm inverse twist: -1.365e+04
#     - max |Im K| after the step: 1.174e-15 (removed)
#     - Residual of the linearized equation: 1.832e-12 (physical)
#     - Lagrangian defect |L^T Omega L|: 2.410e-04
#     - Frame check |L^T Omega N + I| (should be 0): 7.247e-09
#     - Norm of the correction: 1.005e-09 (physical), 1.752e-05 (local)
# Iteration 3 : 
Copy constructor of matrix
nrows = 4
ncols = 1
Copy constructor of matrix
nrows = 4
ncols = 1
#     - Size of the grid: 32 32 
#     - Tails of the parameterization: 0.000e+00 0.000e+00 
#     - Error of invariance: 1.002e-11 (max over grid, physical), 6.894e-07 (Fourier l1, local)
Copy constructor of matrix
nrows = 2
ncols = 2
Copy constructor of matrix
nrows = 4
ncols = 4
Copy constructor of matrix
nrows = 4
ncols = 4
Copy constructor of matrix
nrows = 2
ncols = 2
Copy constructor of matrix
nrows = 4
ncols = 4
Copy constructor of matrix
nrows = 4
ncols = 4
#     - Average torsion <T>: [-1.953e-05 -1.569e-04; -1.569e-04 5.679e-05], det -2.573e-08
#     - Norm inverse twist: -1.365e+04
#     - max |Im K| after the step: 1.317e-15 (removed)
#     - Residual of the linearized equation: 1.723e-12 (physical)
#     - Lagrangian defect |L^T Omega L|: 1.810e-04
#     - Frame check |L^T Omega N + I| (should be 0): 5.929e-09
#     - Norm of the correction: 1.088e-10 (physical), 1.895e-06 (local)
# Iteration 4 : 
Copy constructor of matrix
nrows = 4
ncols = 1
Copy constructor of matrix
nrows = 4
ncols = 1
#     - Size of the grid: 32 32 
#     - Tails of the parameterization: 0.000e+00 0.000e+00 
#     - Error of invariance: 9.912e-12 (max over grid, physical), 6.865e-07 (Fourier l1, local)
Copy constructor of matrix
nrows = 2
ncols = 2
Copy constructor of matrix
nrows = 4
ncols = 4
Copy constructor of matrix
nrows = 4
ncols = 4
Copy constructor of matrix
nrows = 2
ncols = 2
Copy constructor of matrix
nrows = 4
ncols = 4
Copy constructor of matrix
nrows = 4
ncols = 4
#     - Average torsion <T>: [-1.953e-05 -1.569e-04; -1.569e-04 5.679e-05], det -2.573e-08
#     - Norm inverse twist: -1.365e+04
#     - max |Im K| after the step: 1.189e-15 (removed)
#     - Residual of the linearized equation: 1.528e-12 (physical)
#     - Lagrangian defect |L^T Omega L|: 1.895e-04
#     - Frame check |L^T Omega N + I| (should be 0): 6.194e-09
#     - Norm of the correction: 1.055e-10 (physical), 1.839e-06 (local)
# Newton stalled; best error 9.912e-12 (physical), accepted (tol-floor 1.000e-11)
5.642386831275719e-01 32 32 -1.364624768397746e+04 9.262929170801480e-01 6.077056135714166e-01 9.912386895211412e-12
# Omega_loc: -9.983500259812394e-17 -2.218531431697863e-04 -1.000000000000000e+00 1.174928319064826e-03 2.218531431698362e-04 0.000000000000000e+00 -1.578155037977326e-05 -1.000000000000000e+00 1.000000000000000e+00 1.578155037974831e-05 2.495875064953099e-17 2.416437141980760e-03 -1.174928319065225e-03 1.000000000000000e+00 -2.416437141980859e-03 0.000000000000000e+00
# zcen: -1.000283317202341e+00 -1.896184661949142e-03 -9.251499122595967e-04 -1.007689773811383e+00
# zscale: 6.073139041819230e-05
# Continuation step 10 / 1000
# We try to compute the torus for epsilon=7.889849108367625e-01 (limit: 3.000000000000000e+00)
# Iteration 1 : 
Copy constructor of matrix
nrows = 4
ncols = 1
Copy constructor of matrix
nrows = 4
ncols = 1
#     - Size of the grid: 32 32 
#     - Tails of the parameterization: 2.513e-12 2.598e-12 
#     - Error of invariance: 5.541e-08 (max over grid, physical), 2.600e-03 (Fourier l1, local)
Copy constructor of matrix
nrows = 2
ncols = 2
Copy constructor of matrix
nrows = 4
ncols = 4
Copy constructor of matrix
nrows = 4
ncols = 4
Copy constructor of matrix
nrows = 2
ncols = 2
Copy constructor of matrix
nrows = 4
ncols = 4
Copy constructor of matrix
nrows = 4
ncols = 4
#     - Average torsion <T>: [-2.227e-05 -1.748e-04; -1.750e-04 6.654e-05], det -3.207e-08
#     - Norm inverse twist: -1.229e+04
#     - max |Im K| after the step: 2.254e-15 (removed)
#     - Residual of the linearized equation: 1.020e-09 (physical)
#     - Lagrangian defect |L^T Omega L|: 1.253e-02
#     - Frame check |L^T Omega N + I| (should be 0): 3.496e-07
#     - Norm of the correction: 3.661e-07 (physical), 6.028e-03 (local)
# Iteration 2 : 
Copy constructor of matrix
nrows = 4
ncols = 1
Copy constructor of matrix
nrows = 4
ncols = 1
#     - Size of the grid: 32 32 
#     - Tails of the parameterization: 0.000e+00 0.000e+00 
#     - Error of invariance: 4.884e-10 (max over grid, physical), 1.718e-05 (Fourier l1, local)
Copy constructor of matrix
nrows = 2
ncols = 2
Copy constructor of matrix
nrows = 4
ncols = 4
Copy constructor of matrix
nrows = 4
ncols = 4
Copy constructor of matrix
nrows = 2
ncols = 2
Copy constructor of matrix
nrows = 4
ncols = 4
Copy constructor of matrix
nrows = 4
ncols = 4
#     - Average torsion <T>: [-2.227e-05 -1.762e-04; -1.762e-04 6.500e-05], det -3.250e-08
#     - Norm inverse twist: -1.216e+04
#     - max |Im K| after the step: 2.309e-15 (removed)
#     - Residual of the linearized equation: 2.944e-12 (physical)
#     - Lagrangian defect |L^T Omega L|: 1.258e-03
#     - Frame check |L^T Omega N + I| (should be 0): 4.426e-08
#     - Norm of the correction: 2.501e-09 (physical), 4.118e-05 (local)
# Iteration 3 : 
Copy constructor of matrix
nrows = 4
ncols = 1
Copy constructor of matrix
nrows = 4
ncols = 1
#     - Size of the grid: 32 32 
#     - Tails of the parameterization: 0.000e+00 0.000e+00 
#     - Error of invariance: 6.479e-11 (max over grid, physical), 3.322e-06 (Fourier l1, local)
Copy constructor of matrix
nrows = 2
ncols = 2
Copy constructor of matrix
nrows = 4
ncols = 4
Copy constructor of matrix
nrows = 4
ncols = 4
Copy constructor of matrix
nrows = 2
ncols = 2
Copy constructor of matrix
nrows = 4
ncols = 4
Copy constructor of matrix
nrows = 4
ncols = 4
#     - Average torsion <T>: [-2.227e-05 -1.762e-04; -1.762e-04 6.495e-05], det -3.250e-08
#     - Norm inverse twist: -1.216e+04
#     - max |Im K| after the step: 1.591e-15 (removed)
#     - Residual of the linearized equation: 3.114e-12 (physical)
#     - Lagrangian defect |L^T Omega L|: 1.083e-03
#     - Frame check |L^T Omega N + I| (should be 0): 3.982e-08
#     - Norm of the correction: 5.874e-10 (physical), 9.672e-06 (local)
# Iteration 4 : 
Copy constructor of matrix
nrows = 4
ncols = 1
Copy constructor of matrix
nrows = 4
ncols = 1
#     - Size of the grid: 32 32 
#     - Tails of the parameterization: 0.000e+00 0.000e+00 
#     - Error of invariance: 6.453e-11 (max over grid, physical), 3.310e-06 (Fourier l1, local)
Copy constructor of matrix
nrows = 2
ncols = 2
Copy constructor of matrix
nrows = 4
ncols = 4
Copy constructor of matrix
nrows = 4
ncols = 4
Copy constructor of matrix
nrows = 2
ncols = 2
Copy constructor of matrix
nrows = 4
ncols = 4
Copy constructor of matrix
nrows = 4
ncols = 4
#     - Average torsion <T>: [-2.227e-05 -1.762e-04; -1.762e-04 6.495e-05], det -3.250e-08
#     - Norm inverse twist: -1.216e+04
#     - max |Im K| after the step: 1.575e-15 (removed)
#     - Residual of the linearized equation: 3.354e-12 (physical)
#     - Lagrangian defect |L^T Omega L|: 1.089e-03
#     - Frame check |L^T Omega N + I| (should be 0): 4.012e-08
#     - Norm of the correction: 5.981e-10 (physical), 9.848e-06 (local)
# Newton stalled; best error 6.453e-11 (physical), not accepted (tol-floor 1.000e-11)
# Newton method does not converge; halving the continuation step
###########################################
# Continuation step 11 / 1000
# We try to compute the torus for epsilon=6.766e-01 (limit: 3.000e+00)
# Iteration 1 : 
Copy constructor of matrix
nrows = 4
ncols = 1
Copy constructor of matrix
nrows = 4
ncols = 1
#     - Size of the grid: 32 32 
#     - Tails of the parameterization: 1.604e-12 1.682e-12 
#     - Error of invariance: 1.979e-08 (max over grid, physical), 9.287e-04 (Fourier l1, local)
Copy constructor of matrix
nrows = 2
ncols = 2
Copy constructor of matrix
nrows = 4
ncols = 4
Copy constructor of matrix
nrows = 4
ncols = 4
Copy constructor of matrix
nrows = 2
ncols = 2
Copy constructor of matrix
nrows = 4
ncols = 4
Copy constructor of matrix
nrows = 4
ncols = 4
#     - Average torsion <T>: [-2.206e-05 -1.754e-04; -1.754e-04 6.485e-05], det -3.219e-08
#     - Norm inverse twist: -1.223e+04
#     - max |Im K| after the step: 1.150e-15 (removed)
#     - Residual of the linearized equation: 1.403e-10 (physical)
#     - Lagrangian defect |L^T Omega L|: 4.604e-03
#     - Frame check |L^T Omega N + I| (should be 0): 1.380e-07
#     - Norm of the correction: 1.342e-07 (physical), 2.210e-03 (local)
# Iteration 2 : 
Copy constructor of matrix
nrows = 4
ncols = 1
Copy constructor of matrix
nrows = 4
ncols = 1
#     - Size of the grid: 32 32 
#     - Tails of the parameterization: 0.000e+00 0.000e+00 
#     - Error of invariance: 6.751e-11 (max over grid, physical), 3.126e-06 (Fourier l1, local)
Copy constructor of matrix
nrows = 2
ncols = 2
Copy constructor of matrix
nrows = 4
ncols = 4
Copy constructor of matrix
nrows = 4
ncols = 4
Copy constructor of matrix
nrows = 2
ncols = 2
Copy constructor of matrix
nrows = 4
ncols = 4
Copy constructor of matrix
nrows = 4
ncols = 4
#     - Average torsion <T>: [-2.206e-05 -1.759e-04; -1.759e-04 6.425e-05], det -3.235e-08
#     - Norm inverse twist: -1.218e+04
#     - max |Im K| after the step: 1.342e-15 (removed)
#     - Residual of the linearized equation: 1.967e-12 (physical)
#     - Lagrangian defect |L^T Omega L|: 3.911e-04
#     - Frame check |L^T Omega N + I| (should be 0): 1.482e-08
#     - Norm of the correction: 4.797e-10 (physical), 7.899e-06 (local)
# Iteration 3 : 
Copy constructor of matrix
nrows = 4
ncols = 1
Copy constructor of matrix
nrows = 4
ncols = 1
#     - Size of the grid: 32 32 
#     - Tails of the parameterization: 0.000e+00 0.000e+00 
#     - Error of invariance: 2.308e-11 (max over grid, physical), 1.285e-06 (Fourier l1, local)
Copy constructor of matrix
nrows = 2
ncols = 2
Copy constructor of matrix
nrows = 4
ncols = 4
Copy constructor of matrix
nrows = 4
ncols = 4
Copy constructor of matrix
nrows = 2
ncols = 2
Copy constructor of matrix
nrows = 4
ncols = 4
Copy constructor of matrix
nrows = 4
ncols = 4
#     - Average torsion <T>: [-2.206e-05 -1.759e-04; -1.759e-04 6.424e-05], det -3.235e-08
#     - Norm inverse twist: -1.218e+04
#     - max |Im K| after the step: 1.174e-15 (removed)
#     - Residual of the linearized equation: 1.737e-12 (physical)
#     - Lagrangian defect |L^T Omega L|: 3.834e-04
#     - Frame check |L^T Omega N + I| (should be 0): 1.490e-08
#     - Norm of the correction: 2.216e-10 (physical), 3.649e-06 (local)
# Iteration 4 : 
Copy constructor of matrix
nrows = 4
ncols = 1
Copy constructor of matrix
nrows = 4
ncols = 1
#     - Size of the grid: 32 32 
#     - Tails of the parameterization: 0.000e+00 0.000e+00 
#     - Error of invariance: 2.297e-11 (max over grid, physical), 1.286e-06 (Fourier l1, local)
Copy constructor of matrix
nrows = 2
ncols = 2
Copy constructor of matrix
nrows = 4
ncols = 4
Copy constructor of matrix
nrows = 4
ncols = 4
Copy constructor of matrix
nrows = 2
ncols = 2
Copy constructor of matrix
nrows = 4
ncols = 4
Copy constructor of matrix
nrows = 4
ncols = 4
#     - Average torsion <T>: [-2.206e-05 -1.759e-04; -1.759e-04 6.424e-05], det -3.235e-08
#     - Norm inverse twist: -1.218e+04
#     - max |Im K| after the step: 1.515e-15 (removed)
#     - Residual of the linearized equation: 2.041e-12 (physical)
#     - Lagrangian defect |L^T Omega L|: 3.827e-04
#     - Frame check |L^T Omega N + I| (should be 0): 1.490e-08
#     - Norm of the correction: 2.195e-10 (physical), 3.615e-06 (local)
# Newton stalled; best error 2.297e-11 (physical), not accepted (tol-floor 1.000e-11)
# Newton method does not converge; halving the continuation step
###########################################
# Continuation step 12 / 1000
# We try to compute the torus for epsilon=6.204e-01 (limit: 3.000e+00)
# Iteration 1 : 
Copy constructor of matrix
nrows = 4
ncols = 1
Copy constructor of matrix
nrows = 4
ncols = 1
#     - Size of the grid: 32 32 
#     - Tails of the parameterization: 1.186e-12 1.263e-12 
#     - Error of invariance: 7.914e-09 (max over grid, physical), 3.718e-04 (Fourier l1, local)
Copy constructor of matrix
nrows = 2
ncols = 2
Copy constructor of matrix
nrows = 4
ncols = 4
Copy constructor of matrix
nrows = 4
ncols = 4
Copy constructor of matrix
nrows = 2
ncols = 2
Copy constructor of matrix
nrows = 4
ncols = 4
Copy constructor of matrix
nrows = 4
ncols = 4
#     - Average torsion <T>: [-2.195e-05 -1.755e-04; -1.755e-04 6.414e-05], det -3.221e-08
#     - Norm inverse twist: -1.221e+04
#     - max |Im K| after the step: 1.323e-15 (removed)
#     - Residual of the linearized equation: 2.475e-11 (physical)
#     - Lagrangian defect |L^T Omega L|: 1.949e-03
#     - Frame check |L^T Omega N + I| (should be 0): 6.118e-08
#     - Norm of the correction: 5.449e-08 (physical), 8.973e-04 (local)
# Iteration 2 : 
Copy constructor of matrix
nrows = 4
ncols = 1
Copy constructor of matrix
nrows = 4
ncols = 1
#     - Size of the grid: 32 32 
#     - Tails of the parameterization: 0.000e+00 0.000e+00 
#     - Error of invariance: 1.559e-11 (max over grid, physical), 1.168e-06 (Fourier l1, local)
Copy constructor of matrix
nrows = 2
ncols = 2
Copy constructor of matrix
nrows = 4
ncols = 4
Copy constructor of matrix
nrows = 4
ncols = 4
Copy constructor of matrix
nrows = 2
ncols = 2
Copy constructor of matrix
nrows = 4
ncols = 4
Copy constructor of matrix
nrows = 4
ncols = 4
#     - Average torsion <T>: [-2.195e-05 -1.757e-04; -1.757e-04 6.389e-05], det -3.228e-08
#     - Norm inverse twist: -1.219e+04
#     - max |Im K| after the step: 1.236e-15 (removed)
#     - Residual of the linearized equation: 1.686e-12 (physical)
#     - Lagrangian defect |L^T Omega L|: 2.393e-04
#     - Frame check |L^T Omega N + I| (should be 0): 9.453e-09
#     - Norm of the correction: 1.896e-10 (physical), 3.122e-06 (local)
# Iteration 3 : 
Copy constructor of matrix
nrows = 4
ncols = 1
Copy constructor of matrix
nrows = 4
ncols = 1
#     - Size of the grid: 32 32 
#     - Tails of the parameterization: 0.000e+00 0.000e+00 
#     - Error of invariance: 1.482e-11 (max over grid, physical), 8.979e-07 (Fourier l1, local)
Copy constructor of matrix
nrows = 2
ncols = 2
Copy constructor of matrix
nrows = 4
ncols = 4
Copy constructor of matrix
nrows = 4
ncols = 4
Copy constructor of matrix
nrows = 2
ncols = 2
Copy constructor of matrix
nrows = 4
ncols = 4
Copy constructor of matrix
nrows = 4
ncols = 4
#     - Average torsion <T>: [-2.195e-05 -1.757e-04; -1.757e-04 6.389e-05], det -3.228e-08
#     - Norm inverse twist: -1.219e+04
#     - max |Im K| after the step: 1.554e-15 (removed)
#     - Residual of the linearized equation: 1.843e-12 (physical)
#     - Lagrangian defect |L^T Omega L|: 2.450e-04
#     - Frame check |L^T Omega N + I| (should be 0): 9.774e-09
#     - Norm of the correction: 1.530e-10 (physical), 2.520e-06 (local)
# Newton stalled; best error 1.482e-11 (physical), not accepted (tol-floor 1.000e-11)
# Newton method does not converge; halving the continuation step
###########################################
# Continuation step 13 / 1000
# We try to compute the torus for epsilon=5.923e-01 (limit: 3.000e+00)
# Iteration 1 : 
Copy constructor of matrix
nrows = 4
ncols = 1
Copy constructor of matrix
nrows = 4
ncols = 1
#     - Size of the grid: 32 32 
#     - Tails of the parameterization: 9.999e-13 1.074e-12 
#     - Error of invariance: 3.461e-09 (max over grid, physical), 1.630e-04 (Fourier l1, local)
Copy constructor of matrix
nrows = 2
ncols = 2
Copy constructor of matrix
nrows = 4
ncols = 4
Copy constructor of matrix
nrows = 4
ncols = 4
Copy constructor of matrix
nrows = 2
ncols = 2
Copy constructor of matrix
nrows = 4
ncols = 4
Copy constructor of matrix
nrows = 4
ncols = 4
#     - Average torsion <T>: [-2.190e-05 -1.755e-04; -1.756e-04 6.383e-05], det -3.221e-08
#     - Norm inverse twist: -1.220e+04
#     - max |Im K| after the step: 1.097e-15 (removed)
#     - Residual of the linearized equation: 6.218e-12 (physical)
#     - Lagrangian defect |L^T Omega L|: 9.489e-04
#     - Frame check |L^T Omega N + I| (should be 0): 3.099e-08
#     - Norm of the correction: 2.404e-08 (physical), 3.958e-04 (local)
# Iteration 2 : 
Copy constructor of matrix
nrows = 4
ncols = 1
Copy constructor of matrix
nrows = 4
ncols = 1
#     - Size of the grid: 32 32 
#     - Tails of the parameterization: 0.000e+00 0.000e+00 
#     - Error of invariance: 1.211e-11 (max over grid, physical), 8.014e-07 (Fourier l1, local)
Copy constructor of matrix
nrows = 2
ncols = 2
Copy constructor of matrix
nrows = 4
ncols = 4
Copy constructor of matrix
nrows = 4
ncols = 4
Copy constructor of matrix
nrows = 2
ncols = 2
Copy constructor of matrix
nrows = 4
ncols = 4
Copy constructor of matrix
nrows = 4
ncols = 4
#     - Average torsion <T>: [-2.190e-05 -1.756e-04; -1.756e-04 6.372e-05], det -3.224e-08
#     - Norm inverse twist: -1.219e+04
#     - max |Im K| after the step: 9.053e-16 (removed)
#     - Residual of the linearized equation: 1.991e-12 (physical)
#     - Lagrangian defect |L^T Omega L|: 1.957e-04
#     - Frame check |L^T Omega N + I| (should be 0): 7.898e-09
#     - Norm of the correction: 1.335e-10 (physical), 2.198e-06 (local)
# Iteration 3 : 
Copy constructor of matrix
nrows = 4
ncols = 1
Copy constructor of matrix
nrows = 4
ncols = 1
#     - Size of the grid: 32 32 
#     - Tails of the parameterization: 0.000e+00 0.000e+00 
#     - Error of invariance: 1.195e-11 (max over grid, physical), 7.587e-07 (Fourier l1, local)
Copy constructor of matrix
nrows = 2
ncols = 2
Copy constructor of matrix
nrows = 4
ncols = 4
Copy constructor of matrix
nrows = 4
ncols = 4
Copy constructor of matrix
nrows = 2
ncols = 2
Copy constructor of matrix
nrows = 4
ncols = 4
Copy constructor of matrix
nrows = 4
ncols = 4
#     - Average torsion <T>: [-2.190e-05 -1.756e-04; -1.756e-04 6.372e-05], det -3.224e-08
#     - Norm inverse twist: -1.219e+04
#     - max |Im K| after the step: 1.031e-15 (removed)
#     - Residual of the linearized equation: 1.728e-12 (physical)
#     - Lagrangian defect |L^T Omega L|: 1.952e-04
#     - Frame check |L^T Omega N + I| (should be 0): 7.889e-09
#     - Norm of the correction: 1.302e-10 (physical), 2.144e-06 (local)
# Newton stalled; best error 1.195e-11 (physical), not accepted (tol-floor 1.000e-11)
# Newton method does not converge; halving the continuation step
###########################################
# Continuation step 14 / 1000
# We try to compute the torus for epsilon=5.783e-01 (limit: 3.000e+00)
# Iteration 1 : 
Copy constructor of matrix
nrows = 4
ncols = 1
Copy constructor of matrix
nrows = 4
ncols = 1
#     - Size of the grid: 32 32 
#     - Tails of the parameterization: 9.166e-13 9.877e-13 
#     - Error of invariance: 1.605e-09 (max over grid, physical), 7.602e-05 (Fourier l1, local)
Copy constructor of matrix
nrows = 2
ncols = 2
Copy constructor of matrix
nrows = 4
ncols = 4
Copy constructor of matrix
nrows = 4
ncols = 4
Copy constructor of matrix
nrows = 2
ncols = 2
Copy constructor of matrix
nrows = 4
ncols = 4
Copy constructor of matrix
nrows = 4
ncols = 4
#     - Average torsion <T>: [-2.187e-05 -1.756e-04; -1.756e-04 6.368e-05], det -3.221e-08
#     - Norm inverse twist: -1.220e+04
#     - max |Im K| after the step: 9.231e-16 (removed)
#     - Residual of the linearized equation: 2.701e-12 (physical)
#     - Lagrangian defect |L^T Omega L|: 5.311e-04
#     - Frame check |L^T Omega N + I| (should be 0): 1.809e-08
#     - Norm of the correction: 1.122e-08 (physical), 1.847e-04 (local)
# Iteration 2 : 
Copy constructor of matrix
nrows = 4
ncols = 1
Copy constructor of matrix
nrows = 4
ncols = 1
#     - Size of the grid: 32 32 
#     - Tails of the parameterization: 0.000e+00 0.000e+00 
#     - Error of invariance: 1.102e-11 (max over grid, physical), 7.098e-07 (Fourier l1, local)
Copy constructor of matrix
nrows = 2
ncols = 2
Copy constructor of matrix
nrows = 4
ncols = 4
Copy constructor of matrix
nrows = 4
ncols = 4
Copy constructor of matrix
nrows = 2
ncols = 2
Copy constructor of matrix
nrows = 4
ncols = 4
Copy constructor of matrix
nrows = 4
ncols = 4
#     - Average torsion <T>: [-2.187e-05 -1.756e-04; -1.756e-04 6.363e-05], det -3.223e-08
#     - Norm inverse twist: -1.219e+04
#     - max |Im K| after the step: 1.151e-15 (removed)
#     - Residual of the linearized equation: 1.628e-12 (physical)
#     - Lagrangian defect |L^T Omega L|: 1.790e-04
#     - Frame check |L^T Omega N + I| (should be 0): 7.271e-09
#     - Norm of the correction: 1.170e-10 (physical), 1.926e-06 (local)
# Iteration 3 : 
Copy constructor of matrix
nrows = 4
ncols = 1
Copy constructor of matrix
nrows = 4
ncols = 1
#     - Size of the grid: 32 32 
#     - Tails of the parameterization: 0.000e+00 0.000e+00 
#     - Error of invariance: 1.060e-11 (max over grid, physical), 7.021e-07 (Fourier l1, local)
Copy constructor of matrix
nrows = 2
ncols = 2
Copy constructor of matrix
nrows = 4
ncols = 4
Copy constructor of matrix
nrows = 4
ncols = 4
Copy constructor of matrix
nrows = 2
ncols = 2
Copy constructor of matrix
nrows = 4
ncols = 4
Copy constructor of matrix
nrows = 4
ncols = 4
#     - Average torsion <T>: [-2.187e-05 -1.756e-04; -1.756e-04 6.363e-05], det -3.223e-08
#     - Norm inverse twist: -1.219e+04
#     - max |Im K| after the step: 1.083e-15 (removed)
#     - Residual of the linearized equation: 1.601e-12 (physical)
#     - Lagrangian defect |L^T Omega L|: 1.781e-04
#     - Frame check |L^T Omega N + I| (should be 0): 7.241e-09
#     - Norm of the correction: 1.204e-10 (physical), 1.982e-06 (local)
# Newton stalled; best error 1.060e-11 (physical), not accepted (tol-floor 1.000e-11)
# Newton method does not converge; halving the continuation step
###########################################
# Continuation step 15 / 1000
# We try to compute the torus for epsilon=5.713e-01 (limit: 3.000e+00)
# Iteration 1 : 
Copy constructor of matrix
nrows = 4
ncols = 1
Copy constructor of matrix
nrows = 4
ncols = 1
#     - Size of the grid: 32 32 
#     - Tails of the parameterization: 8.780e-13 9.482e-13 
#     - Error of invariance: 7.703e-10 (max over grid, physical), 3.688e-05 (Fourier l1, local)
Copy constructor of matrix
nrows = 2
ncols = 2
Copy constructor of matrix
nrows = 4
ncols = 4
Copy constructor of matrix
nrows = 4
ncols = 4
Copy constructor of matrix
nrows = 2
ncols = 2
Copy constructor of matrix
nrows = 4
ncols = 4
Copy constructor of matrix
nrows = 4
ncols = 4
#     - Average torsion <T>: [-2.186e-05 -1.756e-04; -1.756e-04 6.361e-05], det -3.221e-08
#     - Norm inverse twist: -1.220e+04
#     - max |Im K| after the step: 9.630e-16 (removed)
#     - Residual of the linearized equation: 2.185e-12 (physical)
#     - Lagrangian defect |L^T Omega L|: 3.428e-04
#     - Frame check |L^T Omega N + I| (should be 0): 1.223e-08
#     - Norm of the correction: 5.415e-09 (physical), 8.916e-05 (local)
# Iteration 2 : 
Copy constructor of matrix
nrows = 4
ncols = 1
Copy constructor of matrix
nrows = 4
ncols = 1
#     - Size of the grid: 32 32 
#     - Tails of the parameterization: 0.000e+00 0.000e+00 
#     - Error of invariance: 1.019e-11 (max over grid, physical), 6.824e-07 (Fourier l1, local)
Copy constructor of matrix
nrows = 2
ncols = 2
Copy constructor of matrix
nrows = 4
ncols = 4
Copy constructor of matrix
nrows = 4
ncols = 4
Copy constructor of matrix
nrows = 2
ncols = 2
Copy constructor of matrix
nrows = 4
ncols = 4
Copy constructor of matrix
nrows = 4
ncols = 4
#     - Average torsion <T>: [-2.186e-05 -1.756e-04; -1.756e-04 6.358e-05], det -3.222e-08
#     - Norm inverse twist: -1.219e+04
#     - max |Im K| after the step: 9.474e-16 (removed)
#     - Residual of the linearized equation: 1.867e-12 (physical)
#     - Lagrangian defect |L^T Omega L|: 1.662e-04
#     - Frame check |L^T Omega N + I| (should be 0): 6.737e-09
#     - Norm of the correction: 1.129e-10 (physical), 1.859e-06 (local)
# Iteration 3 : 
Copy constructor of matrix
nrows = 4
ncols = 1
Copy constructor of matrix
nrows = 4
ncols = 1
#     - Size of the grid: 32 32 
#     - Tails of the parameterization: 0.000e+00 0.000e+00 
#     - Error of invariance: 1.033e-11 (max over grid, physical), 6.810e-07 (Fourier l1, local)
Copy constructor of matrix
nrows = 2
ncols = 2
Copy constructor of matrix
nrows = 4
ncols = 4
Copy constructor of matrix
nrows = 4
ncols = 4
Copy constructor of matrix
nrows = 2
ncols = 2
Copy constructor of matrix
nrows = 4
ncols = 4
Copy constructor of matrix
nrows = 4
ncols = 4
#     - Average torsion <T>: [-2.186e-05 -1.756e-04; -1.756e-04 6.358e-05], det -3.222e-08
#     - Norm inverse twist: -1.219e+04
#     - max |Im K| after the step: 1.154e-15 (removed)
#     - Residual of the linearized equation: 1.726e-12 (physical)
#     - Lagrangian defect |L^T Omega L|: 1.715e-04
#     - Frame check |L^T Omega N + I| (should be 0): 6.998e-09
#     - Norm of the correction: 1.186e-10 (physical), 1.953e-06 (local)
# Newton stalled; best error 1.019e-11 (physical), not accepted (tol-floor 1.000e-11)
# Newton method does not converge; halving the continuation step
###########################################
# Continuation step 16 / 1000
# We try to compute the torus for epsilon=5.678e-01 (limit: 3.000e+00)
# Iteration 1 : 
Copy constructor of matrix
nrows = 4
ncols = 1
Copy constructor of matrix
nrows = 4
ncols = 1
#     - Size of the grid: 32 32 
#     - Tails of the parameterization: 8.595e-13 9.295e-13 
#     - Error of invariance: 3.760e-10 (max over grid, physical), 1.839e-05 (Fourier l1, local)
Copy constructor of matrix
nrows = 2
ncols = 2
Copy constructor of matrix
nrows = 4
ncols = 4
Copy constructor of matrix
nrows = 4
ncols = 4
Copy constructor of matrix
nrows = 2
ncols = 2
Copy constructor of matrix
nrows = 4
ncols = 4
Copy constructor of matrix
nrows = 4
ncols = 4
#     - Average torsion <T>: [-2.185e-05 -1.756e-04; -1.756e-04 6.357e-05], det -3.221e-08
#     - Norm inverse twist: -1.220e+04
#     - max |Im K| after the step: 8.375e-16 (removed)
#     - Residual of the linearized equation: 1.897e-12 (physical)
#     - Lagrangian defect |L^T Omega L|: 2.539e-04
#     - Frame check |L^T Omega N + I| (should be 0): 9.454e-09
#     - Norm of the correction: 2.668e-09 (physical), 4.393e-05 (local)
# Iteration 2 : 
Copy constructor of matrix
nrows = 4
ncols = 1
Copy constructor of matrix
nrows = 4
ncols = 1
#     - Size of the grid: 32 32 
#     - Tails of the parameterization: 0.000e+00 0.000e+00 
#     - Error of invariance: 9.972e-12 (max over grid, physical), 6.586e-07 (Fourier l1, local)
Copy constructor of matrix
nrows = 2
ncols = 2
Copy constructor of matrix
nrows = 4
ncols = 4
Copy constructor of matrix
nrows = 4
ncols = 4
Copy constructor of matrix
nrows = 2
ncols = 2
Copy constructor of matrix
nrows = 4
ncols = 4
Copy constructor of matrix
nrows = 4
ncols = 4
#     - Average torsion <T>: [-2.185e-05 -1.756e-04; -1.756e-04 6.356e-05], det -3.221e-08
#     - Norm inverse twist: -1.220e+04
#     - max |Im K| after the step: 8.951e-16 (removed)
#     - Residual of the linearized equation: 1.723e-12 (physical)
#     - Lagrangian defect |L^T Omega L|: 1.686e-04
#     - Frame check |L^T Omega N + I| (should be 0): 6.901e-09
#     - Norm of the correction: 1.139e-10 (physical), 1.875e-06 (local)
# Iteration 3 : 
Copy constructor of matrix
nrows = 4
ncols = 1
Copy constructor of matrix
nrows = 4
ncols = 1
#     - Size of the grid: 32 32 
#     - Tails of the parameterization: 0.000e+00 0.000e+00 
#     - Error of invariance: 1.018e-11 (max over grid, physical), 6.615e-07 (Fourier l1, local)
Copy constructor of matrix
nrows = 2
ncols = 2
Copy constructor of matrix
nrows = 4
ncols = 4
Copy constructor of matrix
nrows = 4
ncols = 4
Copy constructor of matrix
nrows = 2
ncols = 2
Copy constructor of matrix
nrows = 4
ncols = 4
Copy constructor of matrix
nrows = 4
ncols = 4
#     - Average torsion <T>: [-2.185e-05 -1.756e-04; -1.756e-04 6.356e-05], det -3.221e-08
#     - Norm inverse twist: -1.220e+04
#     - max |Im K| after the step: 1.056e-15 (removed)
#     - Residual of the linearized equation: 1.948e-12 (physical)
#     - Lagrangian defect |L^T Omega L|: 1.621e-04
#     - Frame check |L^T Omega N + I| (should be 0): 6.637e-09
#     - Norm of the correction: 1.133e-10 (physical), 1.865e-06 (local)
# Newton stalled; best error 9.972e-12 (physical), accepted (tol-floor 1.000e-11)
5.677503429355280e-01 32 32 -1.219520785944524e+04 8.765498128698032e-01 5.755420974044192e-01 9.972365713736153e-12
# Omega_loc: 0.000000000000000e+00 -2.223442661062008e-04 -1.000000000000000e+00 1.177625260057275e-03 2.223442661061509e-04 0.000000000000000e+00 -1.579283554838674e-05 -1.000000000000001e+00 1.000000000000000e+00 1.579283554833693e-05 -2.490369922501249e-17 2.421798533477103e-03 -1.177625260057275e-03 1.000000000000000e+00 -2.421798533477202e-03 0.000000000000000e+00
# zcen: -1.000283317694219e+00 -1.896185708396730e-03 -9.251491204378480e-04 -1.007689770791503e+00
# zscale: 6.079909731874756e-05
# Continuation step 17 / 1000
# We try to compute the torus for epsilon=5.747736625514401e-01 (limit: 3.000000000000000e+00)
# Iteration 1 : 
Copy constructor of matrix
nrows = 4
ncols = 1
Copy constructor of matrix
nrows = 4
ncols = 1
#     - Size of the grid: 32 32 
#     - Tails of the parameterization: 3.798e-12 3.807e-12 
#     - Error of invariance: 4.592e-11 (max over grid, physical), 2.799e-06 (Fourier l1, local)
Copy constructor of matrix
nrows = 2
ncols = 2
Copy constructor of matrix
nrows = 4
ncols = 4
Copy constructor of matrix
nrows = 4
ncols = 4
Copy constructor of matrix
nrows = 2
ncols = 2
Copy constructor of matrix
nrows = 4
ncols = 4
Copy constructor of matrix
nrows = 4
ncols = 4
#     - Average torsion <T>: [-2.192e-05 -1.760e-04; -1.760e-04 6.375e-05], det -3.236e-08
#     - Norm inverse twist: -1.217e+04
#     - max |Im K| after the step: 1.361e-15 (removed)
#     - Residual of the linearized equation: 1.652e-12 (physical)
#     - Lagrangian defect |L^T Omega L|: 2.037e-04
#     - Frame check |L^T Omega N + I| (should be 0): 7.911e-09
#     - Norm of the correction: 3.381e-10 (physical), 5.560e-06 (local)
# Iteration 2 : 
Copy constructor of matrix
nrows = 4
ncols = 1
Copy constructor of matrix
nrows = 4
ncols = 1
#     - Size of the grid: 32 32 
#     - Tails of the parameterization: 0.000e+00 0.000e+00 
#     - Error of invariance: 1.047e-11 (max over grid, physical), 6.944e-07 (Fourier l1, local)
Copy constructor of matrix
nrows = 2
ncols = 2
Copy constructor of matrix
nrows = 4
ncols = 4
Copy constructor of matrix
nrows = 4
ncols = 4
Copy constructor of matrix
nrows = 2
ncols = 2
Copy constructor of matrix
nrows = 4
ncols = 4
Copy constructor of matrix
nrows = 4
ncols = 4
#     - Average torsion <T>: [-2.192e-05 -1.760e-04; -1.760e-04 6.375e-05], det -3.236e-08
#     - Norm inverse twist: -1.217e+04
#     - max |Im K| after the step: 1.249e-15 (removed)
#     - Residual of the linearized equation: 1.642e-12 (physical)
#     - Lagrangian defect |L^T Omega L|: 1.718e-04
#     - Frame check |L^T Omega N + I| (should be 0): 7.024e-09
#     - Norm of the correction: 1.113e-10 (physical), 1.831e-06 (local)
# Iteration 3 : 
Copy constructor of matrix
nrows = 4
ncols = 1
Copy constructor of matrix
nrows = 4
ncols = 1
#     - Size of the grid: 32 32 
#     - Tails of the parameterization: 0.000e+00 0.000e+00 
#     - Error of invariance: 1.055e-11 (max over grid, physical), 6.924e-07 (Fourier l1, local)
Copy constructor of matrix
nrows = 2
ncols = 2
Copy constructor of matrix
nrows = 4
ncols = 4
Copy constructor of matrix
nrows = 4
ncols = 4
Copy constructor of matrix
nrows = 2
ncols = 2
Copy constructor of matrix
nrows = 4
ncols = 4
Copy constructor of matrix
nrows = 4
ncols = 4
#     - Average torsion <T>: [-2.192e-05 -1.760e-04; -1.760e-04 6.375e-05], det -3.236e-08
#     - Norm inverse twist: -1.217e+04
#     - max |Im K| after the step: 8.085e-16 (removed)
#     - Residual of the linearized equation: 1.682e-12 (physical)
#     - Lagrangian defect |L^T Omega L|: 1.693e-04
#     - Frame check |L^T Omega N + I| (should be 0): 6.912e-09
#     - Norm of the correction: 1.192e-10 (physical), 1.961e-06 (local)
# Newton stalled; best error 1.047e-11 (physical), not accepted (tol-floor 1.000e-11)
# Newton method does not converge; halving the continuation step
###########################################
# Continuation step 18 / 1000
# We try to compute the torus for epsilon=5.713e-01 (limit: 3.000e+00)
# Iteration 1 : 
Copy constructor of matrix
nrows = 4
ncols = 1
Copy constructor of matrix
nrows = 4
ncols = 1
#     - Size of the grid: 32 32 
#     - Tails of the parameterization: 2.268e-12 2.266e-12 
#     - Error of invariance: 1.760e-11 (max over grid, physical), 1.381e-06 (Fourier l1, local)
Copy constructor of matrix
nrows = 2
ncols = 2
Copy constructor of matrix
nrows = 4
ncols = 4
Copy constructor of matrix
nrows = 4
ncols = 4
Copy constructor of matrix
nrows = 2
ncols = 2
Copy constructor of matrix
nrows = 4
ncols = 4
Copy constructor of matrix
nrows = 4
ncols = 4
#     - Average torsion <T>: [-2.191e-05 -1.760e-04; -1.760e-04 6.372e-05], det -3.236e-08
#     - Norm inverse twist: -1.217e+04
#     - max |Im K| after the step: 1.297e-15 (removed)
#     - Residual of the linearized equation: 1.740e-12 (physical)
#     - Lagrangian defect |L^T Omega L|: 1.833e-04
#     - Frame check |L^T Omega N + I| (should be 0): 7.324e-09
#     - Norm of the correction: 1.862e-10 (physical), 3.062e-06 (local)
# Iteration 2 : 
Copy constructor of matrix
nrows = 4
ncols = 1
Copy constructor of matrix
nrows = 4
ncols = 1
#     - Size of the grid: 32 32 
#     - Tails of the parameterization: 0.000e+00 0.000e+00 
#     - Error of invariance: 1.034e-11 (max over grid, physical), 6.724e-07 (Fourier l1, local)
Copy constructor of matrix
nrows = 2
ncols = 2
Copy constructor of matrix
nrows = 4
ncols = 4
Copy constructor of matrix
nrows = 4
ncols = 4
Copy constructor of matrix
nrows = 2
ncols = 2
Copy constructor of matrix
nrows = 4
ncols = 4
Copy constructor of matrix
nrows = 4
ncols = 4
#     - Average torsion <T>: [-2.191e-05 -1.760e-04; -1.760e-04 6.372e-05], det -3.236e-08
#     - Norm inverse twist: -1.217e+04
#     - max |Im K| after the step: 1.100e-15 (removed)
#     - Residual of the linearized equation: 1.581e-12 (physical)
#     - Lagrangian defect |L^T Omega L|: 1.733e-04
#     - Frame check |L^T Omega N + I| (should be 0): 7.103e-09
#     - Norm of the correction: 1.075e-10 (physical), 1.768e-06 (local)
# Iteration 3 : 
Copy constructor of matrix
nrows = 4
ncols = 1
Copy constructor of matrix
nrows = 4
ncols = 1
#     - Size of the grid: 32 32 
#     - Tails of the parameterization: 0.000e+00 0.000e+00 
#     - Error of invariance: 1.008e-11 (max over grid, physical), 6.746e-07 (Fourier l1, local)
Copy constructor of matrix
nrows = 2
ncols = 2
Copy constructor of matrix
nrows = 4
ncols = 4
Copy constructor of matrix
nrows = 4
ncols = 4
Copy constructor of matrix
nrows = 2
ncols = 2
Copy constructor of matrix
nrows = 4
ncols = 4
Copy constructor of matrix
nrows = 4
ncols = 4
#     - Average torsion <T>: [-2.191e-05 -1.760e-04; -1.760e-04 6.372e-05], det -3.236e-08
#     - Norm inverse twist: -1.217e+04
#     - max |Im K| after the step: 1.097e-15 (removed)
#     - Residual of the linearized equation: 1.890e-12 (physical)
#     - Lagrangian defect |L^T Omega L|: 1.621e-04
#     - Frame check |L^T Omega N + I| (should be 0): 6.641e-09
#     - Norm of the correction: 1.106e-10 (physical), 1.819e-06 (local)
# Newton stalled; best error 1.008e-11 (physical), not accepted (tol-floor 1.000e-11)
# Newton method does not converge; halving the continuation step
###########################################
# Continuation step 19 / 1000
# We try to compute the torus for epsilon=5.695e-01 (limit: 3.000e+00)
# Iteration 1 : 
Copy constructor of matrix
nrows = 4
ncols = 1
Copy constructor of matrix
nrows = 4
ncols = 1
#     - Size of the grid: 32 32 
#     - Tails of the parameterization: 1.546e-12 1.540e-12 
#     - Error of invariance: 1.082e-11 (max over grid, physical), 9.302e-07 (Fourier l1, local)
Copy constructor of matrix
nrows = 2
ncols = 2
Copy constructor of matrix
nrows = 4
ncols = 4
Copy constructor of matrix
nrows = 4
ncols = 4
Copy constructor of matrix
nrows = 2
ncols = 2
Copy constructor of matrix
nrows = 4
ncols = 4
Copy constructor of matrix
nrows = 4
ncols = 4
#     - Average torsion <T>: [-2.191e-05 -1.760e-04; -1.760e-04 6.371e-05], det -3.236e-08
#     - Norm inverse twist: -1.217e+04
#     - max |Im K| after the step: 1.099e-15 (removed)
#     - Residual of the linearized equation: 2.088e-12 (physical)
#     - Lagrangian defect |L^T Omega L|: 1.748e-04
#     - Frame check |L^T Omega N + I| (should be 0): 7.087e-09
#     - Norm of the correction: 1.367e-10 (physical), 2.249e-06 (local)
# Iteration 2 : 
Copy constructor of matrix
nrows = 4
ncols = 1
Copy constructor of matrix
nrows = 4
ncols = 1
#     - Size of the grid: 32 32 
#     - Tails of the parameterization: 0.000e+00 0.000e+00 
#     - Error of invariance: 1.014e-11 (max over grid, physical), 6.715e-07 (Fourier l1, local)
Copy constructor of matrix
nrows = 2
ncols = 2
Copy constructor of matrix
nrows = 4
ncols = 4
Copy constructor of matrix
nrows = 4
ncols = 4
Copy constructor of matrix
nrows = 2
ncols = 2
Copy constructor of matrix
nrows = 4
ncols = 4
Copy constructor of matrix
nrows = 4
ncols = 4
#     - Average torsion <T>: [-2.191e-05 -1.760e-04; -1.760e-04 6.371e-05], det -3.236e-08
#     - Norm inverse twist: -1.217e+04
#     - max |Im K| after the step: 7.600e-16 (removed)
#     - Residual of the linearized equation: 1.722e-12 (physical)
#     - Lagrangian defect |L^T Omega L|: 1.611e-04
#     - Frame check |L^T Omega N + I| (should be 0): 6.619e-09
#     - Norm of the correction: 1.066e-10 (physical), 1.753e-06 (local)
# Newton stalled; best error 1.014e-11 (physical), not accepted (tol-floor 1.000e-11)
# Newton method does not converge; halving the continuation step
###########################################
# Continuation step 20 / 1000
# We try to compute the torus for epsilon=5.686e-01 (limit: 3.000e+00)
# Iteration 1 : 
Copy constructor of matrix
nrows = 4
ncols = 1
Copy constructor of matrix
nrows = 4
ncols = 1
#     - Size of the grid: 32 32 
#     - Tails of the parameterization: 1.214e-12 1.202e-12 
#     - Error of invariance: 1.006e-11 (max over grid, physical), 7.728e-07 (Fourier l1, local)
Copy constructor of matrix
nrows = 2
ncols = 2
Copy constructor of matrix
nrows = 4
ncols = 4
Copy constructor of matrix
nrows = 4
ncols = 4
Copy constructor of matrix
nrows = 2
ncols = 2
Copy constructor of matrix
nrows = 4
ncols = 4
Copy constructor of matrix
nrows = 4
ncols = 4
#     - Average torsion <T>: [-2.190e-05 -1.760e-04; -1.760e-04 6.371e-05], det -3.236e-08
#     - Norm inverse twist: -1.217e+04
#     - max |Im K| after the step: 1.008e-15 (removed)
#     - Residual of the linearized equation: 1.629e-12 (physical)
#     - Lagrangian defect |L^T Omega L|: 1.712e-04
#     - Frame check |L^T Omega N + I| (should be 0): 6.990e-09
#     - Norm of the correction: 1.231e-10 (physical), 2.025e-06 (local)
# Iteration 2 : 
Copy constructor of matrix
nrows = 4
ncols = 1
Copy constructor of matrix
nrows = 4
ncols = 1
#     - Size of the grid: 32 32 
#     - Tails of the parameterization: 0.000e+00 0.000e+00 
#     - Error of invariance: 1.014e-11 (max over grid, physical), 6.692e-07 (Fourier l1, local)
Copy constructor of matrix
nrows = 2
ncols = 2
Copy constructor of matrix
nrows = 4
ncols = 4
Copy constructor of matrix
nrows = 4
ncols = 4
Copy constructor of matrix
nrows = 2
ncols = 2
Copy constructor of matrix
nrows = 4
ncols = 4
Copy constructor of matrix
nrows = 4
ncols = 4
#     - Average torsion <T>: [-2.190e-05 -1.760e-04; -1.760e-04 6.371e-05], det -3.236e-08
#     - Norm inverse twist: -1.217e+04
#     - max |Im K| after the step: 1.024e-15 (removed)
#     - Residual of the linearized equation: 1.720e-12 (physical)
#     - Lagrangian defect |L^T Omega L|: 1.583e-04
#     - Frame check |L^T Omega N + I| (should be 0): 6.475e-09
#     - Norm of the correction: 1.083e-10 (physical), 1.781e-06 (local)
# Newton stalled; best error 1.006e-11 (physical), not accepted (tol-floor 1.000e-11)
# Newton method does not converge; halving the continuation step
###########################################
# Continuation step 21 / 1000
# We try to compute the torus for epsilon=5.682e-01 (limit: 3.000e+00)
# Iteration 1 : 
Copy constructor of matrix
nrows = 4
ncols = 1
Copy constructor of matrix
nrows = 4
ncols = 1
#     - Size of the grid: 32 32 
#     - Tails of the parameterization: 1.062e-12 1.049e-12 
#     - Error of invariance: 9.973e-12 (max over grid, physical), 7.102e-07 (Fourier l1, local)
Copy constructor of matrix
nrows = 2
ncols = 2
Copy constructor of matrix
nrows = 4
ncols = 4
Copy constructor of matrix
nrows = 4
ncols = 4
Copy constructor of matrix
nrows = 2
ncols = 2
Copy constructor of matrix
nrows = 4
ncols = 4
Copy constructor of matrix
nrows = 4
ncols = 4
#     - Average torsion <T>: [-2.190e-05 -1.760e-04; -1.760e-04 6.371e-05], det -3.236e-08
#     - Norm inverse twist: -1.217e+04
#     - max |Im K| after the step: 1.044e-15 (removed)
#     - Residual of the linearized equation: 1.805e-12 (physical)
#     - Lagrangian defect |L^T Omega L|: 1.697e-04
#     - Frame check |L^T Omega N + I| (should be 0): 6.950e-09
#     - Norm of the correction: 1.146e-10 (physical), 1.885e-06 (local)
# Iteration 2 : 
Copy constructor of matrix
nrows = 4
ncols = 1
Copy constructor of matrix
nrows = 4
ncols = 1
#     - Size of the grid: 32 32 
#     - Tails of the parameterization: 0.000e+00 0.000e+00 
#     - Error of invariance: 9.845e-12 (max over grid, physical), 6.674e-07 (Fourier l1, local)
Copy constructor of matrix
nrows = 2
ncols = 2
Copy constructor of matrix
nrows = 4
ncols = 4
Copy constructor of matrix
nrows = 4
ncols = 4
Copy constructor of matrix
nrows = 2
ncols = 2
Copy constructor of matrix
nrows = 4
ncols = 4
Copy constructor of matrix
nrows = 4
ncols = 4
#     - Average torsion <T>: [-2.190e-05 -1.760e-04; -1.760e-04 6.371e-05], det -3.236e-08
#     - Norm inverse twist: -1.217e+04
#     - max |Im K| after the step: 9.234e-16 (removed)
#     - Residual of the linearized equation: 1.572e-12 (physical)
#     - Lagrangian defect |L^T Omega L|: 1.637e-04
#     - Frame check |L^T Omega N + I| (should be 0): 6.676e-09
#     - Norm of the correction: 1.136e-10 (physical), 1.868e-06 (local)
# Newton stalled; best error 9.845e-12 (physical), accepted (tol-floor 1.000e-11)
5.681893004115225e-01 32 32 -1.216823355243277e+04 8.757039751783239e-01 5.750110723858129e-01 9.844875442885407e-12
# Omega_loc: 0.000000000000000e+00 -2.224055856548589e-04 -1.000000000000000e+00 1.177962588222249e-03 2.224055856548091e-04 0.000000000000000e+00 -1.579404616174947e-05 -1.000000000000001e+00 1.000000000000000e+00 1.579404616179926e-05 0.000000000000000e+00 2.422468650296413e-03 -1.177962588222647e-03 1.000000000000001e+00 -2.422468650296313e-03 0.000000000000000e+00
# zcen: -1.000283317755703e+00 -1.896185839199448e-03 -9.251490214612656e-04 -1.007689770414029e+00
# zscale: 6.080755513488236e-05
# Continuation step 22 / 1000
# We try to compute the torus for epsilon=5.690672153635116e-01 (limit: 3.000000000000000e+00)
# Iteration 1 : 
Copy constructor of matrix
nrows = 4
ncols = 1
Copy constructor of matrix
nrows = 4
ncols = 1
#     - Size of the grid: 32 32 
#     - Tails of the parameterization: 3.728e-12 3.727e-12 
#     - Error of invariance: 9.857e-12 (max over grid, physical), 7.638e-07 (Fourier l1, local)
Copy constructor of matrix
nrows = 2
ncols = 2
Copy constructor of matrix
nrows = 4
ncols = 4
Copy constructor of matrix
nrows = 4
ncols = 4
Copy constructor of matrix
nrows = 2
ncols = 2
Copy constructor of matrix
nrows = 4
ncols = 4
Copy constructor of matrix
nrows = 4
ncols = 4
#     - Average torsion <T>: [-2.191e-05 -1.760e-04; -1.760e-04 6.373e-05], det -3.237e-08
#     - Norm inverse twist: -1.216e+04
#     - max |Im K| after the step: 1.201e-15 (removed)
#     - Residual of the linearized equation: 1.640e-12 (physical)
#     - Lagrangian defect |L^T Omega L|: 1.760e-04
#     - Frame check |L^T Omega N + I| (should be 0): 6.868e-09
#     - Norm of the correction: 1.332e-10 (physical), 2.190e-06 (local)
# Iteration 2 : 
Copy constructor of matrix
nrows = 4
ncols = 1
Copy constructor of matrix
nrows = 4
ncols = 1
#     - Size of the grid: 32 32 
#     - Tails of the parameterization: 0.000e+00 0.000e+00 
#     - Error of invariance: 1.009e-11 (max over grid, physical), 6.691e-07 (Fourier l1, local)
Copy constructor of matrix
nrows = 2
ncols = 2
Copy constructor of matrix
nrows = 4
ncols = 4
Copy constructor of matrix
nrows = 4
ncols = 4
Copy constructor of matrix
nrows = 2
ncols = 2
Copy constructor of matrix
nrows = 4
ncols = 4
Copy constructor of matrix
nrows = 4
ncols = 4
#     - Average torsion <T>: [-2.191e-05 -1.760e-04; -1.760e-04 6.373e-05], det -3.237e-08
#     - Norm inverse twist: -1.216e+04
#     - max |Im K| after the step: 9.037e-16 (removed)
#     - Residual of the linearized equation: 1.783e-12 (physical)
#     - Lagrangian defect |L^T Omega L|: 1.636e-04
#     - Frame check |L^T Omega N + I| (should be 0): 6.707e-09
#     - Norm of the correction: 1.116e-10 (physical), 1.835e-06 (local)
# Newton stalled; best error 9.857e-12 (physical), accepted (tol-floor 1.000e-11)
5.690672153635116e-01 32 32 -1.216472960285757e+04 8.758310310926966e-01 5.751302527585763e-01 9.856780605687649e-12
# Omega_loc: -9.953246298754303e-17 -2.225281768424993e-04 -1.000000000000000e+00 1.178636944096456e-03 2.225281768425491e-04 0.000000000000000e+00 -1.579647210841954e-05 -1.000000000000001e+00 1.000000000000000e+00 1.579647210836978e-05 2.488311574688576e-17 2.423808340307825e-03 -1.178636944096854e-03 1.000000000000001e+00 -2.423808340307626e-03 0.000000000000000e+00
# zcen: -1.000283317878670e+00 -1.896186100804883e-03 -9.251488235081006e-04 -1.007689769659080e+00
# zscale: 6.082447076675967e-05
# Continuation step 23 / 1000
# We try to compute the torus for epsilon=5.708230452674896e-01 (limit: 3.000000000000000e+00)
# Iteration 1 : 
Copy constructor of matrix
nrows = 4
ncols = 1
Copy constructor of matrix
nrows = 4
ncols = 1
#     - Size of the grid: 32 32 
#     - Tails of the parameterization: 1.041e-11 1.036e-11 
#     - Error of invariance: 1.061e-11 (max over grid, physical), 1.127e-06 (Fourier l1, local)
Copy constructor of matrix
nrows = 2
ncols = 2
Copy constructor of matrix
nrows = 4
ncols = 4
Copy constructor of matrix
nrows = 4
ncols = 4
Copy constructor of matrix
nrows = 2
ncols = 2
Copy constructor of matrix
nrows = 4
ncols = 4
Copy constructor of matrix
nrows = 4
ncols = 4
#     - Average torsion <T>: [-2.193e-05 -1.761e-04; -1.761e-04 6.377e-05], det -3.241e-08
#     - Norm inverse twist: -1.216e+04
#     - max |Im K| after the step: 1.275e-15 (removed)
#     - Residual of the linearized equation: 1.536e-12 (physical)
#     - Lagrangian defect |L^T Omega L|: 2.239e-04
#     - Frame check |L^T Omega N + I| (should be 0): 8.258e-09
#     - Norm of the correction: 1.903e-10 (physical), 3.129e-06 (local)
# Iteration 2 : 
Copy constructor of matrix
nrows = 4
ncols = 1
Copy constructor of matrix
nrows = 4
ncols = 1
#     - Size of the grid: 32 32 
#     - Tails of the parameterization: 0.000e+00 0.000e+00 
#     - Error of invariance: 1.032e-11 (max over grid, physical), 6.690e-07 (Fourier l1, local)
Copy constructor of matrix
nrows = 2
ncols = 2
Copy constructor of matrix
nrows = 4
ncols = 4
Copy constructor of matrix
nrows = 4
ncols = 4
Copy constructor of matrix
nrows = 2
ncols = 2
Copy constructor of matrix
nrows = 4
ncols = 4
Copy constructor of matrix
nrows = 4
ncols = 4
#     - Average torsion <T>: [-2.193e-05 -1.761e-04; -1.761e-04 6.377e-05], det -3.241e-08
#     - Norm inverse twist: -1.216e+04
#     - max |Im K| after the step: 9.091e-16 (removed)
#     - Residual of the linearized equation: 1.668e-12 (physical)
#     - Lagrangian defect |L^T Omega L|: 1.596e-04
#     - Frame check |L^T Omega N + I| (should be 0): 6.514e-09
#     - Norm of the correction: 1.116e-10 (physical), 1.835e-06 (local)
# Newton stalled; best error 1.032e-11 (physical), not accepted (tol-floor 1.000e-11)
# Newton method does not converge; halving the continuation step
###########################################
# Continuation step 24 / 1000
# We try to compute the torus for epsilon=5.699e-01 (limit: 3.000e+00)
# Iteration 1 : 
Copy constructor of matrix
nrows = 4
ncols = 1
Copy constructor of matrix
nrows = 4
ncols = 1
#     - Size of the grid: 32 32 
#     - Tails of the parameterization: 7.085e-12 7.046e-12 
#     - Error of invariance: 9.767e-12 (max over grid, physical), 9.228e-07 (Fourier l1, local)
Copy constructor of matrix
nrows = 2
ncols = 2
Copy constructor of matrix
nrows = 4
ncols = 4
Copy constructor of matrix
nrows = 4
ncols = 4
Copy constructor of matrix
nrows = 2
ncols = 2
Copy constructor of matrix
nrows = 4
ncols = 4
Copy constructor of matrix
nrows = 4
ncols = 4
#     - Average torsion <T>: [-2.192e-05 -1.761e-04; -1.761e-04 6.377e-05], det -3.241e-08
#     - Norm inverse twist: -1.216e+04
#     - max |Im K| after the step: 1.403e-15 (removed)
#     - Residual of the linearized equation: 1.849e-12 (physical)
#     - Lagrangian defect |L^T Omega L|: 1.967e-04
#     - Frame check |L^T Omega N + I| (should be 0): 7.429e-09
#     - Norm of the correction: 1.603e-10 (physical), 2.636e-06 (local)
# Iteration 2 : 
Copy constructor of matrix
nrows = 4
ncols = 1
Copy constructor of matrix
nrows = 4
ncols = 1
#     - Size of the grid: 32 32 
#     - Tails of the parameterization: 0.000e+00 0.000e+00 
#     - Error of invariance: 1.019e-11 (max over grid, physical), 6.670e-07 (Fourier l1, local)
Copy constructor of matrix
nrows = 2
ncols = 2
Copy constructor of matrix
nrows = 4
ncols = 4
Copy constructor of matrix
nrows = 4
ncols = 4
Copy constructor of matrix
nrows = 2
ncols = 2
Copy constructor of matrix
nrows = 4
ncols = 4
Copy constructor of matrix
nrows = 4
ncols = 4
#     - Average torsion <T>: [-2.192e-05 -1.761e-04; -1.761e-04 6.377e-05], det -3.241e-08
#     - Norm inverse twist: -1.216e+04
#     - max |Im K| after the step: 1.004e-15 (removed)
#     - Residual of the linearized equation: 1.471e-12 (physical)
#     - Lagrangian defect |L^T Omega L|: 1.702e-04
#     - Frame check |L^T Omega N + I| (should be 0): 6.983e-09
#     - Norm of the correction: 1.081e-10 (physical), 1.777e-06 (local)
# Newton stalled; best error 9.767e-12 (physical), accepted (tol-floor 1.000e-11)
5.699451303155006e-01 32 32 -1.215787542908179e+04 8.758370299747869e-01 5.751707958856740e-01 9.767288298237675e-12
# Omega_loc: -9.947763040921716e-17 -2.226507045027196e-04 -1.000000000000000e+00 1.179310947250140e-03 2.226507045028191e-04 0.000000000000000e+00 -1.579890151342264e-05 -9.999999999999996e-01 1.000000000000000e+00 1.579890151339777e-05 2.486940760230429e-17 2.425147265000465e-03 -1.179310947250140e-03 9.999999999999994e-01 -2.425147265000266e-03 0.000000000000000e+00
# zcen: -1.000283318001636e+00 -1.896186362410319e-03 -9.251486255549357e-04 -1.007689768904131e+00
# zscale: 6.084138639933146e-05
# Continuation step 25 / 1000
# We try to compute the torus for epsilon=5.717009602194787e-01 (limit: 3.000000000000000e+00)
# Iteration 1 : 
Copy constructor of matrix
nrows = 4
ncols = 1
Copy constructor of matrix
nrows = 4
ncols = 1
#     - Size of the grid: 32 32 
#     - Tails of the parameterization: 1.409e-11 1.405e-11 
#     - Error of invariance: 1.285e-11 (max over grid, physical), 1.377e-06 (Fourier l1, local)
Copy constructor of matrix
nrows = 2
ncols = 2
Copy constructor of matrix
nrows = 4
ncols = 4
Copy constructor of matrix
nrows = 4
ncols = 4
Copy constructor of matrix
nrows = 2
ncols = 2
Copy constructor of matrix
nrows = 4
ncols = 4
Copy constructor of matrix
nrows = 4
ncols = 4
#     - Average torsion <T>: [-2.194e-05 -1.762e-04; -1.762e-04 6.382e-05], det -3.245e-08
#     - Norm inverse twist: -1.215e+04
#     - max |Im K| after the step: 1.153e-15 (removed)
#     - Residual of the linearized equation: 1.712e-12 (physical)
#     - Lagrangian defect |L^T Omega L|: 2.551e-04
#     - Frame check |L^T Omega N + I| (should be 0): 9.274e-09
#     - Norm of the correction: 2.184e-10 (physical), 3.590e-06 (local)
# Iteration 2 : 
Copy constructor of matrix
nrows = 4
ncols = 1
Copy constructor of matrix
nrows = 4
ncols = 1
#     - Size of the grid: 32 32 
#     - Tails of the parameterization: 0.000e+00 0.000e+00 
#     - Error of invariance: 1.032e-11 (max over grid, physical), 6.755e-07 (Fourier l1, local)
Copy constructor of matrix
nrows = 2
ncols = 2
Copy constructor of matrix
nrows = 4
ncols = 4
Copy constructor of matrix
nrows = 4
ncols = 4
Copy constructor of matrix
nrows = 2
ncols = 2
Copy constructor of matrix
nrows = 4
ncols = 4
Copy constructor of matrix
nrows = 4
ncols = 4
#     - Average torsion <T>: [-2.194e-05 -1.762e-04; -1.762e-04 6.381e-05], det -3.245e-08
#     - Norm inverse twist: -1.215e+04
#     - max |Im K| after the step: 1.151e-15 (removed)
#     - Residual of the linearized equation: 1.939e-12 (physical)
#     - Lagrangian defect |L^T Omega L|: 1.694e-04
#     - Frame check |L^T Omega N + I| (should be 0): 6.935e-09
#     - Norm of the correction: 1.111e-10 (physical), 1.827e-06 (local)
# Iteration 3 : 
Copy constructor of matrix
nrows = 4
ncols = 1
Copy constructor of matrix
nrows = 4
ncols = 1
#     - Size of the grid: 32 32 
#     - Tails of the parameterization: 0.000e+00 0.000e+00 
#     - Error of invariance: 1.028e-11 (max over grid, physical), 6.705e-07 (Fourier l1, local)
Copy constructor of matrix
nrows = 2
ncols = 2
Copy constructor of matrix
nrows = 4
ncols = 4
Copy constructor of matrix
nrows = 4
ncols = 4
Copy constructor of matrix
nrows = 2
ncols = 2
Copy constructor of matrix
nrows = 4
ncols = 4
Copy constructor of matrix
nrows = 4
ncols = 4
#     - Average torsion <T>: [-2.194e-05 -1.762e-04; -1.762e-04 6.381e-05], det -3.245e-08
#     - Norm inverse twist: -1.215e+04
#     - max |Im K| after the step: 1.174e-15 (removed)
#     - Residual of the linearized equation: 1.635e-12 (physical)
#     - Lagrangian defect |L^T Omega L|: 1.612e-04
#     - Frame check |L^T Omega N + I| (should be 0): 6.617e-09
#     - Norm of the correction: 1.097e-10 (physical), 1.803e-06 (local)
# Newton stalled; best error 1.028e-11 (physical), not accepted (tol-floor 1.000e-11)
# Newton method does not converge; halving the continuation step
###########################################
# Continuation step 26 / 1000
# We try to compute the torus for epsilon=5.708e-01 (limit: 3.000e+00)
# Iteration 1 : 
Copy constructor of matrix
nrows = 4
ncols = 1
Copy constructor of matrix
nrows = 4
ncols = 1
#     - Size of the grid: 32 32 
#     - Tails of the parameterization: 1.057e-11 1.053e-11 
#     - Error of invariance: 1.062e-11 (max over grid, physical), 1.128e-06 (Fourier l1, local)
Copy constructor of matrix
nrows = 2
ncols = 2
Copy constructor of matrix
nrows = 4
ncols = 4
Copy constructor of matrix
nrows = 4
ncols = 4
Copy constructor of matrix
nrows = 2
ncols = 2
Copy constructor of matrix
nrows = 4
ncols = 4
Copy constructor of matrix
nrows = 4
ncols = 4
#     - Average torsion <T>: [-2.194e-05 -1.762e-04; -1.762e-04 6.381e-05], det -3.245e-08
#     - Norm inverse twist: -1.215e+04
#     - max |Im K| after the step: 1.235e-15 (removed)
#     - Residual of the linearized equation: 1.457e-12 (physical)
#     - Lagrangian defect |L^T Omega L|: 2.238e-04
#     - Frame check |L^T Omega N + I| (should be 0): 8.264e-09
#     - Norm of the correction: 1.910e-10 (physical), 3.139e-06 (local)
# Iteration 2 : 
Copy constructor of matrix
nrows = 4
ncols = 1
Copy constructor of matrix
nrows = 4
ncols = 1
#     - Size of the grid: 32 32 
#     - Tails of the parameterization: 0.000e+00 0.000e+00 
#     - Error of invariance: 1.041e-11 (max over grid, physical), 6.697e-07 (Fourier l1, local)
Copy constructor of matrix
nrows = 2
ncols = 2
Copy constructor of matrix
nrows = 4
ncols = 4
Copy constructor of matrix
nrows = 4
ncols = 4
Copy constructor of matrix
nrows = 2
ncols = 2
Copy constructor of matrix
nrows = 4
ncols = 4
Copy constructor of matrix
nrows = 4
ncols = 4
#     - Average torsion <T>: [-2.194e-05 -1.762e-04; -1.762e-04 6.381e-05], det -3.245e-08
#     - Norm inverse twist: -1.215e+04
#     - max |Im K| after the step: 1.085e-15 (removed)
#     - Residual of the linearized equation: 1.663e-12 (physical)
#     - Lagrangian defect |L^T Omega L|: 1.591e-04
#     - Frame check |L^T Omega N + I| (should be 0): 6.516e-09
#     - Norm of the correction: 1.123e-10 (physical), 1.846e-06 (local)
# Newton stalled; best error 1.041e-11 (physical), not accepted (tol-floor 1.000e-11)
# Newton method does not converge; halving the continuation step
###########################################
# Continuation step 27 / 1000
# We try to compute the torus for epsilon=5.704e-01 (limit: 3.000e+00)
# Iteration 1 : 
Copy constructor of matrix
nrows = 4
ncols = 1
Copy constructor of matrix
nrows = 4
ncols = 1
#     - Size of the grid: 32 32 
#     - Tails of the parameterization: 8.830e-12 8.786e-12 
#     - Error of invariance: 1.006e-11 (max over grid, physical), 1.022e-06 (Fourier l1, local)
Copy constructor of matrix
nrows = 2
ncols = 2
Copy constructor of matrix
nrows = 4
ncols = 4
Copy constructor of matrix
nrows = 4
ncols = 4
Copy constructor of matrix
nrows = 2
ncols = 2
Copy constructor of matrix
nrows = 4
ncols = 4
Copy constructor of matrix
nrows = 4
ncols = 4
#     - Average torsion <T>: [-2.194e-05 -1.762e-04; -1.762e-04 6.381e-05], det -3.245e-08
#     - Norm inverse twist: -1.215e+04
#     - max |Im K| after the step: 1.087e-15 (removed)
#     - Residual of the linearized equation: 1.717e-12 (physical)
#     - Lagrangian defect |L^T Omega L|: 2.095e-04
#     - Frame check |L^T Omega N + I| (should be 0): 7.819e-09
#     - Norm of the correction: 1.770e-10 (physical), 2.908e-06 (local)
# Iteration 2 : 
Copy constructor of matrix
nrows = 4
ncols = 1
Copy constructor of matrix
nrows = 4
ncols = 1
#     - Size of the grid: 32 32 
#     - Tails of the parameterization: 0.000e+00 0.000e+00 
#     - Error of invariance: 1.012e-11 (max over grid, physical), 6.708e-07 (Fourier l1, local)
Copy constructor of matrix
nrows = 2
ncols = 2
Copy constructor of matrix
nrows = 4
ncols = 4
Copy constructor of matrix
nrows = 4
ncols = 4
Copy constructor of matrix
nrows = 2
ncols = 2
Copy constructor of matrix
nrows = 4
ncols = 4
Copy constructor of matrix
nrows = 4
ncols = 4
#     - Average torsion <T>: [-2.194e-05 -1.762e-04; -1.762e-04 6.381e-05], det -3.245e-08
#     - Norm inverse twist: -1.215e+04
#     - max |Im K| after the step: 9.710e-16 (removed)
#     - Residual of the linearized equation: 2.236e-12 (physical)
#     - Lagrangian defect |L^T Omega L|: 1.642e-04
#     - Frame check |L^T Omega N + I| (should be 0): 6.750e-09
#     - Norm of the correction: 1.141e-10 (physical), 1.875e-06 (local)
# Newton stalled; best error 1.006e-11 (physical), not accepted (tol-floor 1.000e-11)
# Newton method does not converge; halving the continuation step
###########################################
# Continuation step 28 / 1000
# We try to compute the torus for epsilon=5.702e-01 (limit: 3.000e+00)
# Iteration 1 : 
Copy constructor of matrix
nrows = 4
ncols = 1
Copy constructor of matrix
nrows = 4
ncols = 1
#     - Size of the grid: 32 32 
#     - Tails of the parameterization: 7.967e-12 7.921e-12 
#     - Error of invariance: 9.784e-12 (max over grid, physical), 9.742e-07 (Fourier l1, local)
Copy constructor of matrix
nrows = 2
ncols = 2
Copy constructor of matrix
nrows = 4
ncols = 4
Copy constructor of matrix
nrows = 4
ncols = 4
Copy constructor of matrix
nrows = 2
ncols = 2
Copy constructor of matrix
nrows = 4
ncols = 4
Copy constructor of matrix
nrows = 4
ncols = 4
#     - Average torsion <T>: [-2.194e-05 -1.762e-04; -1.762e-04 6.381e-05], det -3.245e-08
#     - Norm inverse twist: -1.215e+04
#     - max |Im K| after the step: 1.282e-15 (removed)
#     - Residual of the linearized equation: 1.420e-12 (physical)
#     - Lagrangian defect |L^T Omega L|: 2.029e-04
#     - Frame check |L^T Omega N + I| (should be 0): 7.618e-09
#     - Norm of the correction: 1.653e-10 (physical), 2.717e-06 (local)
# Iteration 2 : 
Copy constructor of matrix
nrows = 4
ncols = 1
Copy constructor of matrix
nrows = 4
ncols = 1
#     - Size of the grid: 32 32 
#     - Tails of the parameterization: 0.000e+00 0.000e+00 
#     - Error of invariance: 1.018e-11 (max over grid, physical), 6.737e-07 (Fourier l1, local)
Copy constructor of matrix
nrows = 2
ncols = 2
Copy constructor of matrix
nrows = 4
ncols = 4
Copy constructor of matrix
nrows = 4
ncols = 4
Copy constructor of matrix
nrows = 2
ncols = 2
Copy constructor of matrix
nrows = 4
ncols = 4
Copy constructor of matrix
nrows = 4
ncols = 4
#     - Average torsion <T>: [-2.194e-05 -1.762e-04; -1.762e-04 6.381e-05], det -3.245e-08
#     - Norm inverse twist: -1.215e+04
#     - max |Im K| after the step: 1.152e-15 (removed)
#     - Residual of the linearized equation: 1.931e-12 (physical)
#     - Lagrangian defect |L^T Omega L|: 1.679e-04
#     - Frame check |L^T Omega N + I| (should be 0): 6.924e-09
#     - Norm of the correction: 1.115e-10 (physical), 1.832e-06 (local)
# Newton stalled; best error 9.784e-12 (physical), accepted (tol-floor 1.000e-11)
5.701646090534979e-01 32 32 -1.215114080162298e+04 8.756570687580362e-01 5.750630544481092e-01 9.784169458082400e-12
# Omega_loc: 0.000000000000000e+00 -2.226813238655279e-04 -9.999999999999998e-01 1.179479398696012e-03 2.226813238655777e-04 0.000000000000000e+00 -1.579950899213679e-05 -1.000000000000001e+00 9.999999999999996e-01 1.579950899221138e-05 2.486598233622654e-17 2.425481876268346e-03 -1.179479398696012e-03 1.000000000000001e+00 -2.425481876268346e-03 0.000000000000000e+00
# zcen: -1.000283318032378e+00 -1.896186427811677e-03 -9.251485760666445e-04 -1.007689768715394e+00
# zscale: 6.084561530740802e-05
# Continuation step 29 / 1000
# We try to compute the torus for epsilon=5.706035665294924e-01 (limit: 3.000000000000000e+00)
# Iteration 1 : 
Copy constructor of matrix
nrows = 4
ncols = 1
Copy constructor of matrix
nrows = 4
ncols = 1
#     - Size of the grid: 32 32 
#     - Tails of the parameterization: 1.021e-11 1.006e-11 
#     - Error of invariance: 1.011e-11 (max over grid, physical), 1.083e-06 (Fourier l1, local)
Copy constructor of matrix
nrows = 2
ncols = 2
Copy constructor of matrix
nrows = 4
ncols = 4
Copy constructor of matrix
nrows = 4
ncols = 4
Copy constructor of matrix
nrows = 2
ncols = 2
Copy constructor of matrix
nrows = 4
ncols = 4
Copy constructor of matrix
nrows = 4
ncols = 4
#     - Average torsion <T>: [-2.194e-05 -1.762e-04; -1.762e-04 6.382e-05], det -3.246e-08
#     - Norm inverse twist: -1.215e+04
#     - max |Im K| after the step: 1.214e-15 (removed)
#     - Residual of the linearized equation: 1.871e-12 (physical)
#     - Lagrangian defect |L^T Omega L|: 2.167e-04
#     - Frame check |L^T Omega N + I| (should be 0): 8.041e-09
#     - Norm of the correction: 1.840e-10 (physical), 3.023e-06 (local)
# Iteration 2 : 
Copy constructor of matrix
nrows = 4
ncols = 1
Copy constructor of matrix
nrows = 4
ncols = 1
#     - Size of the grid: 32 32 
#     - Tails of the parameterization: 0.000e+00 0.000e+00 
#     - Error of invariance: 1.025e-11 (max over grid, physical), 6.772e-07 (Fourier l1, local)
Copy constructor of matrix
nrows = 2
ncols = 2
Copy constructor of matrix
nrows = 4
ncols = 4
Copy constructor of matrix
nrows = 4
ncols = 4
Copy constructor of matrix
nrows = 2
ncols = 2
Copy constructor of matrix
nrows = 4
ncols = 4
Copy constructor of matrix
nrows = 4
ncols = 4
#     - Average torsion <T>: [-2.194e-05 -1.762e-04; -1.762e-04 6.382e-05], det -3.246e-08
#     - Norm inverse twist: -1.215e+04
#     - max |Im K| after the step: 9.474e-16 (removed)
#     - Residual of the linearized equation: 1.526e-12 (physical)
#     - Lagrangian defect |L^T Omega L|: 1.677e-04
#     - Frame check |L^T Omega N + I| (should be 0): 6.869e-09
#     - Norm of the correction: 1.102e-10 (physical), 1.810e-06 (local)
# Newton stalled; best error 1.011e-11 (physical), not accepted (tol-floor 1.000e-11)
# Newton method does not converge; halving the continuation step
###########################################
# Continuation step 30 / 1000
# We try to compute the torus for epsilon=5.704e-01 (limit: 3.000e+00)
# Iteration 1 : 
Copy constructor of matrix
nrows = 4
ncols = 1
Copy constructor of matrix
nrows = 4
ncols = 1
#     - Size of the grid: 32 32 
#     - Tails of the parameterization: 9.058e-12 8.919e-12 
#     - Error of invariance: 1.010e-11 (max over grid, physical), 1.023e-06 (Fourier l1, local)
Copy constructor of matrix
nrows = 2
ncols = 2
Copy constructor of matrix
nrows = 4
ncols = 4
Copy constructor of matrix
nrows = 4
ncols = 4
Copy constructor of matrix
nrows = 2
ncols = 2
Copy constructor of matrix
nrows = 4
ncols = 4
Copy constructor of matrix
nrows = 4
ncols = 4
#     - Average torsion <T>: [-2.194e-05 -1.762e-04; -1.762e-04 6.382e-05], det -3.246e-08
#     - Norm inverse twist: -1.215e+04
#     - max |Im K| after the step: 1.187e-15 (removed)
#     - Residual of the linearized equation: 1.760e-12 (physical)
#     - Lagrangian defect |L^T Omega L|: 2.096e-04
#     - Frame check |L^T Omega N + I| (should be 0): 7.823e-09
#     - Norm of the correction: 1.761e-10 (physical), 2.895e-06 (local)
# Iteration 2 : 
Copy constructor of matrix
nrows = 4
ncols = 1
Copy constructor of matrix
nrows = 4
ncols = 1
#     - Size of the grid: 32 32 
#     - Tails of the parameterization: 0.000e+00 0.000e+00 
#     - Error of invariance: 1.027e-11 (max over grid, physical), 6.753e-07 (Fourier l1, local)
Copy constructor of matrix
nrows = 2
ncols = 2
Copy constructor of matrix
nrows = 4
ncols = 4
Copy constructor of matrix
nrows = 4
ncols = 4
Copy constructor of matrix
nrows = 2
ncols = 2
Copy constructor of matrix
nrows = 4
ncols = 4
Copy constructor of matrix
nrows = 4
ncols = 4
#     - Average torsion <T>: [-2.194e-05 -1.762e-04; -1.762e-04 6.382e-05], det -3.246e-08
#     - Norm inverse twist: -1.215e+04
#     - max |Im K| after the step: 8.067e-16 (removed)
#     - Residual of the linearized equation: 1.645e-12 (physical)
#     - Lagrangian defect |L^T Omega L|: 1.628e-04
#     - Frame check |L^T Omega N + I| (should be 0): 6.687e-09
#     - Norm of the correction: 1.108e-10 (physical), 1.820e-06 (local)
# Newton stalled; best error 1.010e-11 (physical), not accepted (tol-floor 1.000e-11)
# Newton method does not converge; halving the continuation step
###########################################
# Continuation step 31 / 1000
# We try to compute the torus for epsilon=5.703e-01 (limit: 3.000e+00)
# Iteration 1 : 
Copy constructor of matrix
nrows = 4
ncols = 1
Copy constructor of matrix
nrows = 4
ncols = 1
#     - Size of the grid: 32 32 
#     - Tails of the parameterization: 8.522e-12 8.399e-12 
#     - Error of invariance: 9.733e-12 (max over grid, physical), 9.872e-07 (Fourier l1, local)
Copy constructor of matrix
nrows = 2
ncols = 2
Copy constructor of matrix
nrows = 4
ncols = 4
Copy constructor of matrix
nrows = 4
ncols = 4
Copy constructor of matrix
nrows = 2
ncols = 2
Copy constructor of matrix
nrows = 4
ncols = 4
Copy constructor of matrix
nrows = 4
ncols = 4
#     - Average torsion <T>: [-2.194e-05 -1.762e-04; -1.762e-04 6.381e-05], det -3.246e-08
#     - Norm inverse twist: -1.215e+04
#     - max |Im K| after the step: 9.882e-16 (removed)
#     - Residual of the linearized equation: 1.992e-12 (physical)
#     - Lagrangian defect |L^T Omega L|: 2.062e-04
#     - Frame check |L^T Omega N + I| (should be 0): 7.720e-09
#     - Norm of the correction: 1.662e-10 (physical), 2.732e-06 (local)
# Iteration 2 : 
Copy constructor of matrix
nrows = 4
ncols = 1
Copy constructor of matrix
nrows = 4
ncols = 1
#     - Size of the grid: 32 32 
#     - Tails of the parameterization: 0.000e+00 0.000e+00 
#     - Error of invariance: 1.002e-11 (max over grid, physical), 6.665e-07 (Fourier l1, local)
Copy constructor of matrix
nrows = 2
ncols = 2
Copy constructor of matrix
nrows = 4
ncols = 4
Copy constructor of matrix
nrows = 4
ncols = 4
Copy constructor of matrix
nrows = 2
ncols = 2
Copy constructor of matrix
nrows = 4
ncols = 4
Copy constructor of matrix
nrows = 4
ncols = 4
#     - Average torsion <T>: [-2.194e-05 -1.762e-04; -1.762e-04 6.381e-05], det -3.246e-08
#     - Norm inverse twist: -1.215e+04
#     - max |Im K| after the step: 9.739e-16 (removed)
#     - Residual of the linearized equation: 1.589e-12 (physical)
#     - Lagrangian defect |L^T Omega L|: 1.628e-04
#     - Frame check |L^T Omega N + I| (should be 0): 6.699e-09
#     - Norm of the correction: 1.113e-10 (physical), 1.829e-06 (local)
# Newton stalled; best error 9.733e-12 (physical), accepted (tol-floor 1.000e-11)
5.702743484224965e-01 32 32 -1.214944765070976e+04 8.756275894466320e-01 5.750484833802928e-01 9.732882703819078e-12
# Omega_loc: -9.945707987368332e-17 -2.226966336620218e-04 -9.999999999999998e-01 1.179563613045597e-03 2.226966336620218e-04 0.000000000000000e+00 -1.579981357262833e-05 -1.000000000000000e+00 9.999999999999998e-01 1.579981357252887e-05 0.000000000000000e+00 2.425649168160683e-03 -1.179563613045995e-03 1.000000000000000e+00 -2.425649168160882e-03 0.000000000000000e+00
# zcen: -1.000283318047749e+00 -1.896186460512357e-03 -9.251485513224987e-04 -1.007689768621025e+00
# zscale: 6.084772976166795e-05
# Continuation step 32 / 1000
# We try to compute the torus for epsilon=5.704938271604937e-01 (limit: 3.000000000000000e+00)
# Iteration 1 : 
Copy constructor of matrix
nrows = 4
ncols = 1
Copy constructor of matrix
nrows = 4
ncols = 1
#     - Size of the grid: 32 32 
#     - Tails of the parameterization: 1.037e-11 1.017e-11 
#     - Error of invariance: 1.002e-11 (max over grid, physical), 1.057e-06 (Fourier l1, local)
Copy constructor of matrix
nrows = 2
ncols = 2
Copy constructor of matrix
nrows = 4
ncols = 4
Copy constructor of matrix
nrows = 4
ncols = 4
Copy constructor of matrix
nrows = 2
ncols = 2
Copy constructor of matrix
nrows = 4
ncols = 4
Copy constructor of matrix
nrows = 4
ncols = 4
#     - Average torsion <T>: [-2.194e-05 -1.762e-04; -1.762e-04 6.382e-05], det -3.246e-08
#     - Norm inverse twist: -1.215e+04
#     - max |Im K| after the step: 1.075e-15 (removed)
#     - Residual of the linearized equation: 1.830e-12 (physical)
#     - Lagrangian defect |L^T Omega L|: 2.133e-04
#     - Frame check |L^T Omega N + I| (should be 0): 7.934e-09
#     - Norm of the correction: 1.795e-10 (physical), 2.950e-06 (local)
# Iteration 2 : 
Copy constructor of matrix
nrows = 4
ncols = 1
Copy constructor of matrix
nrows = 4
ncols = 1
#     - Size of the grid: 32 32 
#     - Tails of the parameterization: 0.000e+00 0.000e+00 
#     - Error of invariance: 1.023e-11 (max over grid, physical), 6.730e-07 (Fourier l1, local)
Copy constructor of matrix
nrows = 2
ncols = 2
Copy constructor of matrix
nrows = 4
ncols = 4
Copy constructor of matrix
nrows = 4
ncols = 4
Copy constructor of matrix
nrows = 2
ncols = 2
Copy constructor of matrix
nrows = 4
ncols = 4
Copy constructor of matrix
nrows = 4
ncols = 4
#     - Average torsion <T>: [-2.194e-05 -1.762e-04; -1.762e-04 6.382e-05], det -3.246e-08
#     - Norm inverse twist: -1.215e+04
#     - max |Im K| after the step: 1.349e-15 (removed)
#     - Residual of the linearized equation: 1.613e-12 (physical)
#     - Lagrangian defect |L^T Omega L|: 1.657e-04
#     - Frame check |L^T Omega N + I| (should be 0): 6.777e-09
#     - Norm of the correction: 1.120e-10 (physical), 1.840e-06 (local)
# Newton stalled; best error 1.002e-11 (physical), not accepted (tol-floor 1.000e-11)
# Newton method does not converge; halving the continuation step
###########################################
# Continuation step 33 / 1000
# We try to compute the torus for epsilon=5.704e-01 (limit: 3.000e+00)
# Iteration 1 : 
Copy constructor of matrix
nrows = 4
ncols = 1
Copy constructor of matrix
nrows = 4
ncols = 1
#     - Size of the grid: 32 32 
#     - Tails of the parameterization: 9.398e-12 9.228e-12 
#     - Error of invariance: 1.010e-11 (max over grid, physical), 1.023e-06 (Fourier l1, local)
Copy constructor of matrix
nrows = 2
ncols = 2
Copy constructor of matrix
nrows = 4
ncols = 4
Copy constructor of matrix
nrows = 4
ncols = 4
Copy constructor of matrix
nrows = 2
ncols = 2
Copy constructor of matrix
nrows = 4
ncols = 4
Copy constructor of matrix
nrows = 4
ncols = 4
#     - Average torsion <T>: [-2.194e-05 -1.762e-04; -1.762e-04 6.382e-05], det -3.246e-08
#     - Norm inverse twist: -1.215e+04
#     - max |Im K| after the step: 1.335e-15 (removed)
#     - Residual of the linearized equation: 1.779e-12 (physical)
#     - Lagrangian defect |L^T Omega L|: 2.097e-04
#     - Frame check |L^T Omega N + I| (should be 0): 7.825e-09
#     - Norm of the correction: 1.765e-10 (physical), 2.900e-06 (local)
# Iteration 2 : 
Copy constructor of matrix
nrows = 4
ncols = 1
Copy constructor of matrix
nrows = 4
ncols = 1
#     - Size of the grid: 32 32 
#     - Tails of the parameterization: 0.000e+00 0.000e+00 
#     - Error of invariance: 1.023e-11 (max over grid, physical), 6.744e-07 (Fourier l1, local)
Copy constructor of matrix
nrows = 2
ncols = 2
Copy constructor of matrix
nrows = 4
ncols = 4
Copy constructor of matrix
nrows = 4
ncols = 4
Copy constructor of matrix
nrows = 2
ncols = 2
Copy constructor of matrix
nrows = 4
ncols = 4
Copy constructor of matrix
nrows = 4
ncols = 4
#     - Average torsion <T>: [-2.194e-05 -1.762e-04; -1.762e-04 6.382e-05], det -3.246e-08
#     - Norm inverse twist: -1.215e+04
#     - max |Im K| after the step: 1.088e-15 (removed)
#     - Residual of the linearized equation: 1.599e-12 (physical)
#     - Lagrangian defect |L^T Omega L|: 1.646e-04
#     - Frame check |L^T Omega N + I| (should be 0): 6.772e-09
#     - Norm of the correction: 1.154e-10 (physical), 1.897e-06 (local)
# Newton stalled; best error 1.010e-11 (physical), not accepted (tol-floor 1.000e-11)
# Newton method does not converge; halving the continuation step
###########################################
# Continuation step 34 / 1000
# We try to compute the torus for epsilon=5.703e-01 (limit: 3.000e+00)
# Iteration 1 : 
Copy constructor of matrix
nrows = 4
ncols = 1
Copy constructor of matrix
nrows = 4
ncols = 1
#     - Size of the grid: 32 32 
#     - Tails of the parameterization: 8.974e-12 8.818e-12 
#     - Error of invariance: 1.006e-11 (max over grid, physical), 1.016e-06 (Fourier l1, local)
Copy constructor of matrix
nrows = 2
ncols = 2
Copy constructor of matrix
nrows = 4
ncols = 4
Copy constructor of matrix
nrows = 4
ncols = 4
Copy constructor of matrix
nrows = 2
ncols = 2
Copy constructor of matrix
nrows = 4
ncols = 4
Copy constructor of matrix
nrows = 4
ncols = 4
#     - Average torsion <T>: [-2.194e-05 -1.762e-04; -1.762e-04 6.382e-05], det -3.246e-08
#     - Norm inverse twist: -1.215e+04
#     - max |Im K| after the step: 1.339e-15 (removed)
#     - Residual of the linearized equation: 1.589e-12 (physical)
#     - Lagrangian defect |L^T Omega L|: 2.079e-04
#     - Frame check |L^T Omega N + I| (should be 0): 7.772e-09
#     - Norm of the correction: 1.694e-10 (physical), 2.785e-06 (local)
# Iteration 2 : 
Copy constructor of matrix
nrows = 4
ncols = 1
Copy constructor of matrix
nrows = 4
ncols = 1
#     - Size of the grid: 32 32 
#     - Tails of the parameterization: 0.000e+00 0.000e+00 
#     - Error of invariance: 9.931e-12 (max over grid, physical), 6.643e-07 (Fourier l1, local)
Copy constructor of matrix
nrows = 2
ncols = 2
Copy constructor of matrix
nrows = 4
ncols = 4
Copy constructor of matrix
nrows = 4
ncols = 4
Copy constructor of matrix
nrows = 2
ncols = 2
Copy constructor of matrix
nrows = 4
ncols = 4
Copy constructor of matrix
nrows = 4
ncols = 4
#     - Average torsion <T>: [-2.194e-05 -1.762e-04; -1.762e-04 6.382e-05], det -3.246e-08
#     - Norm inverse twist: -1.215e+04
#     - max |Im K| after the step: 1.124e-15 (removed)
#     - Residual of the linearized equation: 1.855e-12 (physical)
#     - Lagrangian defect |L^T Omega L|: 1.635e-04
#     - Frame check |L^T Omega N + I| (should be 0): 6.709e-09
#     - Norm of the correction: 1.116e-10 (physical), 1.834e-06 (local)
# Newton stalled; best error 9.931e-12 (physical), accepted (tol-floor 1.000e-11)
5.703292181069958e-01 32 32 -1.214860224247653e+04 8.756126276272121e-01 5.750410683860607e-01 9.931460532413468e-12
# Omega_loc: 0.000000000000000e+00 -2.227049190686452e-04 -1.000000000000000e+00 1.179605709514531e-03 2.227049190686950e-04 0.000000000000000e+00 -1.580096696141598e-05 -9.999999999999990e-01 1.000000000000000e+00 1.580096696136626e-05 0.000000000000000e+00 2.425735470507654e-03 -1.179605709514133e-03 9.999999999999990e-01 -2.425735470507753e-03 0.000000000000000e+00
# zcen: -1.000283318055436e+00 -1.896186476865027e-03 -9.251485389495020e-04 -1.007689768573834e+00
# zscale: 6.084877063503309e-05
# Continuation step 35 / 1000
# We try to compute the torus for epsilon=5.704389574759944e-01 (limit: 3.000000000000000e+00)
# Iteration 1 : 
Copy constructor of matrix
nrows = 4
ncols = 1
Copy constructor of matrix
nrows = 4
ncols = 1
#     - Size of the grid: 32 32 
#     - Tails of the parameterization: 1.739e-11 1.723e-11 
#     - Error of invariance: 1.192e-11 (max over grid, physical), 1.447e-06 (Fourier l1, local)
Copy constructor of matrix
nrows = 2
ncols = 2
Copy constructor of matrix
nrows = 4
ncols = 4
Copy constructor of matrix
nrows = 4
ncols = 4
Copy constructor of matrix
nrows = 2
ncols = 2
Copy constructor of matrix
nrows = 4
ncols = 4
Copy constructor of matrix
nrows = 4
ncols = 4
#     - Average torsion <T>: [-2.194e-05 -1.762e-04; -1.762e-04 6.382e-05], det -3.246e-08
#     - Norm inverse twist: -1.215e+04
#     - max |Im K| after the step: 1.325e-15 (removed)
#     - Residual of the linearized equation: 1.560e-12 (physical)
#     - Lagrangian defect |L^T Omega L|: 3.244e-04
#     - Frame check |L^T Omega N + I| (should be 0): 1.217e-08
#     - Norm of the correction: 2.304e-10 (physical), 3.786e-06 (local)
# Iteration 2 : 
Copy constructor of matrix
nrows = 4
ncols = 1
Copy constructor of matrix
nrows = 4
ncols = 1
#     - Size of the grid: 32 32 
#     - Tails of the parameterization: 0.000e+00 0.000e+00 
#     - Error of invariance: 1.032e-11 (max over grid, physical), 6.759e-07 (Fourier l1, local)
Copy constructor of matrix
nrows = 2
ncols = 2
Copy constructor of matrix
nrows = 4
ncols = 4
Copy constructor of matrix
nrows = 4
ncols = 4
Copy constructor of matrix
nrows = 2
ncols = 2
Copy constructor of matrix
nrows = 4
ncols = 4
Copy constructor of matrix
nrows = 4
ncols = 4
#     - Average torsion <T>: [-2.194e-05 -1.762e-04; -1.762e-04 6.382e-05], det -3.246e-08
#     - Norm inverse twist: -1.215e+04
#     - max |Im K| after the step: 1.156e-15 (removed)
#     - Residual of the linearized equation: 1.742e-12 (physical)
#     - Lagrangian defect |L^T Omega L|: 1.683e-04
#     - Frame check |L^T Omega N + I| (should be 0): 6.900e-09
#     - Norm of the correction: 1.093e-10 (physical), 1.796e-06 (local)
# Iteration 3 : 
Copy constructor of matrix
nrows = 4
ncols = 1
Copy constructor of matrix
nrows = 4
ncols = 1
#     - Size of the grid: 32 32 
#     - Tails of the parameterization: 0.000e+00 0.000e+00 
#     - Error of invariance: 1.027e-11 (max over grid, physical), 6.707e-07 (Fourier l1, local)
Copy constructor of matrix
nrows = 2
ncols = 2
Copy constructor of matrix
nrows = 4
ncols = 4
Copy constructor of matrix
nrows = 4
ncols = 4
Copy constructor of matrix
nrows = 2
ncols = 2
Copy constructor of matrix
nrows = 4
ncols = 4
Copy constructor of matrix
nrows = 4
ncols = 4
#     - Average torsion <T>: [-2.194e-05 -1.762e-04; -1.762e-04 6.382e-05], det -3.246e-08
#     - Norm inverse twist: -1.215e+04
#     - max |Im K| after the step: 1.138e-15 (removed)
#     - Residual of the linearized equation: 1.820e-12 (physical)
#     - Lagrangian defect |L^T Omega L|: 1.680e-04
#     - Frame check |L^T Omega N + I| (should be 0): 6.915e-09
#     - Norm of the correction: 1.124e-10 (physical), 1.847e-06 (local)
# Newton stalled; best error 1.027e-11 (physical), not accepted (tol-floor 1.000e-11)
# Newton method does not converge; halving the continuation step
###########################################
# Continuation step 36 / 1000
# We try to compute the torus for epsilon=5.704e-01 (limit: 3.000e+00)
# Iteration 1 : 
Copy constructor of matrix
nrows = 4
ncols = 1
Copy constructor of matrix
nrows = 4
ncols = 1
#     - Size of the grid: 32 32 
#     - Tails of the parameterization: 8.758e-12 8.688e-12 
#     - Error of invariance: 1.063e-11 (max over grid, physical), 1.039e-06 (Fourier l1, local)
Copy constructor of matrix
nrows = 2
ncols = 2
Copy constructor of matrix
nrows = 4
ncols = 4
Copy constructor of matrix
nrows = 4
ncols = 4
Copy constructor of matrix
nrows = 2
ncols = 2
Copy constructor of matrix
nrows = 4
ncols = 4
Copy constructor of matrix
nrows = 4
ncols = 4
#     - Average torsion <T>: [-2.194e-05 -1.762e-04; -1.762e-04 6.382e-05], det -3.246e-08
#     - Norm inverse twist: -1.215e+04
#     - max |Im K| after the step: 1.213e-15 (removed)
#     - Residual of the linearized equation: 1.569e-12 (physical)
#     - Lagrangian defect |L^T Omega L|: 2.370e-04
#     - Frame check |L^T Omega N + I| (should be 0): 9.195e-09
#     - Norm of the correction: 1.620e-10 (physical), 2.663e-06 (local)
# Iteration 2 : 
Copy constructor of matrix
nrows = 4
ncols = 1
Copy constructor of matrix
nrows = 4
ncols = 1
#     - Size of the grid: 32 32 
#     - Tails of the parameterization: 0.000e+00 0.000e+00 
#     - Error of invariance: 1.004e-11 (max over grid, physical), 6.690e-07 (Fourier l1, local)
Copy constructor of matrix
nrows = 2
ncols = 2
Copy constructor of matrix
nrows = 4
ncols = 4
Copy constructor of matrix
nrows = 4
ncols = 4
Copy constructor of matrix
nrows = 2
ncols = 2
Copy constructor of matrix
nrows = 4
ncols = 4
Copy constructor of matrix
nrows = 4
ncols = 4
#     - Average torsion <T>: [-2.194e-05 -1.762e-04; -1.762e-04 6.382e-05], det -3.246e-08
#     - Norm inverse twist: -1.215e+04
#     - max |Im K| after the step: 1.001e-15 (removed)
#     - Residual of the linearized equation: 1.840e-12 (physical)
#     - Lagrangian defect |L^T Omega L|: 1.592e-04
#     - Frame check |L^T Omega N + I| (should be 0): 6.532e-09
#     - Norm of the correction: 1.126e-10 (physical), 1.851e-06 (local)
# Newton stalled; best error 1.004e-11 (physical), not accepted (tol-floor 1.000e-11)
# Newton method does not converge; halving the continuation step
###########################################
# Continuation step 37 / 1000
# We try to compute the torus for epsilon=5.704e-01 (limit: 3.000e+00)
# Iteration 1 : 
Copy constructor of matrix
nrows = 4
ncols = 1
Copy constructor of matrix
nrows = 4
ncols = 1
#     - Size of the grid: 32 32 
#     - Tails of the parameterization: 4.473e-12 4.449e-12 
#     - Error of invariance: 1.034e-11 (max over grid, physical), 8.344e-07 (Fourier l1, local)
Copy constructor of matrix
nrows = 2
ncols = 2
Copy constructor of matrix
nrows = 4
ncols = 4
Copy constructor of matrix
nrows = 4
ncols = 4
Copy constructor of matrix
nrows = 2
ncols = 2
Copy constructor of matrix
nrows = 4
ncols = 4
Copy constructor of matrix
nrows = 4
ncols = 4
#     - Average torsion <T>: [-2.194e-05 -1.762e-04; -1.762e-04 6.382e-05], det -3.246e-08
#     - Norm inverse twist: -1.215e+04
#     - max |Im K| after the step: 1.351e-15 (removed)
#     - Residual of the linearized equation: 1.661e-12 (physical)
#     - Lagrangian defect |L^T Omega L|: 1.961e-04
#     - Frame check |L^T Omega N + I| (should be 0): 7.809e-09
#     - Norm of the correction: 1.354e-10 (physical), 2.224e-06 (local)
# Iteration 2 : 
Copy constructor of matrix
nrows = 4
ncols = 1
Copy constructor of matrix
nrows = 4
ncols = 1
#     - Size of the grid: 32 32 
#     - Tails of the parameterization: 0.000e+00 0.000e+00 
#     - Error of invariance: 1.017e-11 (max over grid, physical), 6.745e-07 (Fourier l1, local)
Copy constructor of matrix
nrows = 2
ncols = 2
Copy constructor of matrix
nrows = 4
ncols = 4
Copy constructor of matrix
nrows = 4
ncols = 4
Copy constructor of matrix
nrows = 2
ncols = 2
Copy constructor of matrix
nrows = 4
ncols = 4
Copy constructor of matrix
nrows = 4
ncols = 4
#     - Average torsion <T>: [-2.194e-05 -1.762e-04; -1.762e-04 6.382e-05], det -3.246e-08
#     - Norm inverse twist: -1.215e+04
#     - max |Im K| after the step: 1.276e-15 (removed)
#     - Residual of the linearized equation: 1.463e-12 (physical)
#     - Lagrangian defect |L^T Omega L|: 1.667e-04
#     - Frame check |L^T Omega N + I| (should be 0): 6.854e-09
#     - Norm of the correction: 1.110e-10 (physical), 1.824e-06 (local)
# Newton stalled; best error 1.017e-11 (physical), not accepted (tol-floor 1.000e-11)
# Newton method does not converge; halving the continuation step
###########################################
# Continuation step 38 / 1000
# We try to compute the torus for epsilon=5.703e-01 (limit: 3.000e+00)
# Iteration 1 : 
Copy constructor of matrix
nrows = 4
ncols = 1
Copy constructor of matrix
nrows = 4
ncols = 1
#     - Size of the grid: 32 32 
#     - Tails of the parameterization: 2.390e-12 2.395e-12 
#     - Error of invariance: 1.007e-11 (max over grid, physical), 7.348e-07 (Fourier l1, local)
Copy constructor of matrix
nrows = 2
ncols = 2
Copy constructor of matrix
nrows = 4
ncols = 4
Copy constructor of matrix
nrows = 4
ncols = 4
Copy constructor of matrix
nrows = 2
ncols = 2
Copy constructor of matrix
nrows = 4
ncols = 4
Copy constructor of matrix
nrows = 4
ncols = 4
#     - Average torsion <T>: [-2.194e-05 -1.762e-04; -1.762e-04 6.382e-05], det -3.246e-08
#     - Norm inverse twist: -1.215e+04
#     - max |Im K| after the step: 8.762e-16 (removed)
#     - Residual of the linearized equation: 1.745e-12 (physical)
#     - Lagrangian defect |L^T Omega L|: 1.774e-04
#     - Frame check |L^T Omega N + I| (should be 0): 7.185e-09
#     - Norm of the correction: 1.158e-10 (physical), 1.904e-06 (local)
# Iteration 2 : 
Copy constructor of matrix
nrows = 4
ncols = 1
Copy constructor of matrix
nrows = 4
ncols = 1
#     - Size of the grid: 32 32 
#     - Tails of the parameterization: 0.000e+00 0.000e+00 
#     - Error of invariance: 1.033e-11 (max over grid, physical), 6.791e-07 (Fourier l1, local)
Copy constructor of matrix
nrows = 2
ncols = 2
Copy constructor of matrix
nrows = 4
ncols = 4
Copy constructor of matrix
nrows = 4
ncols = 4
Copy constructor of matrix
nrows = 2
ncols = 2
Copy constructor of matrix
nrows = 4
ncols = 4
Copy constructor of matrix
nrows = 4
ncols = 4
#     - Average torsion <T>: [-2.194e-05 -1.762e-04; -1.762e-04 6.382e-05], det -3.246e-08
#     - Norm inverse twist: -1.215e+04
#     - max |Im K| after the step: 1.113e-15 (removed)
#     - Residual of the linearized equation: 1.804e-12 (physical)
#     - Lagrangian defect |L^T Omega L|: 1.677e-04
#     - Frame check |L^T Omega N + I| (should be 0): 6.885e-09
#     - Norm of the correction: 1.213e-10 (physical), 1.993e-06 (local)
# Newton stalled; best error 1.007e-11 (physical), not accepted (tol-floor 1.000e-11)
# Newton method does not converge; halving the continuation step
###########################################
# Continuation step 39 / 1000
# We try to compute the torus for epsilon=5.703e-01 (limit: 3.000e+00)
# Iteration 1 : 
Copy constructor of matrix
nrows = 4
ncols = 1
Copy constructor of matrix
nrows = 4
ncols = 1
#     - Size of the grid: 32 32 
#     - Tails of the parameterization: 1.433e-12 1.455e-12 
#     - Error of invariance: 1.010e-11 (max over grid, physical), 6.997e-07 (Fourier l1, local)
Copy constructor of matrix
nrows = 2
ncols = 2
Copy constructor of matrix
nrows = 4
ncols = 4
Copy constructor of matrix
nrows = 4
ncols = 4
Copy constructor of matrix
nrows = 2
ncols = 2
Copy constructor of matrix
nrows = 4
ncols = 4
Copy constructor of matrix
nrows = 4
ncols = 4
#     - Average torsion <T>: [-2.194e-05 -1.762e-04; -1.762e-04 6.382e-05], det -3.246e-08
#     - Norm inverse twist: -1.215e+04
#     - max |Im K| after the step: 1.198e-15 (removed)
#     - Residual of the linearized equation: 1.804e-12 (physical)
#     - Lagrangian defect |L^T Omega L|: 1.693e-04
#     - Frame check |L^T Omega N + I| (should be 0): 6.915e-09
#     - Norm of the correction: 1.127e-10 (physical), 1.852e-06 (local)
# Iteration 2 : 
Copy constructor of matrix
nrows = 4
ncols = 1
Copy constructor of matrix
nrows = 4
ncols = 1
#     - Size of the grid: 32 32 
#     - Tails of the parameterization: 0.000e+00 0.000e+00 
#     - Error of invariance: 1.028e-11 (max over grid, physical), 6.678e-07 (Fourier l1, local)
Copy constructor of matrix
nrows = 2
ncols = 2
Copy constructor of matrix
nrows = 4
ncols = 4
Copy constructor of matrix
nrows = 4
ncols = 4
Copy constructor of matrix
nrows = 2
ncols = 2
Copy constructor of matrix
nrows = 4
ncols = 4
Copy constructor of matrix
nrows = 4
ncols = 4
#     - Average torsion <T>: [-2.194e-05 -1.762e-04; -1.762e-04 6.382e-05], det -3.246e-08
#     - Norm inverse twist: -1.215e+04
#     - max |Im K| after the step: 8.732e-16 (removed)
#     - Residual of the linearized equation: 1.527e-12 (physical)
#     - Lagrangian defect |L^T Omega L|: 1.641e-04
#     - Frame check |L^T Omega N + I| (should be 0): 6.744e-09
#     - Norm of the correction: 1.075e-10 (physical), 1.766e-06 (local)
# Newton stalled; best error 1.010e-11 (physical), not accepted (tol-floor 1.000e-11)
# Newton method does not converge; halving the continuation step
###########################################
